"series","country-year"
"id","poor-people"
"type","simple"
"parent",
"name","People living on less than $1.25 a day"
"columns","id, year, value, original-value"
"description","Number of poor people living on under $1.25 per day"
"default-scale","log"
"themes","poorest20pct"
"map-theme","poorest20pct"
"theme-order","2"
"global-picture-color-ramp","darkred"
"uom","unit"
"uom_display",
"source","Development Initiatives calculations based on World Bank data bank and World Development Indicators"
"calculation","Total population * Percentage of population living in under $1.25 per day"
"format",
"highorlow","lowisbetter"
"range","1000000, 5000000, 10000000, 50000000, 100000000"
"interpolated","1"
"missing-donor","NR"
"missing-recipient","NA"
"laymans-decription","$1.25-a-day extreme poverty line is based on the national poverty lines of the world's 15 poorest countries at 2005 PPP$"
"laymans-heading",
"source-link",
