"id-to","entity-to-name","year","value"
"AF","Afghanistan",1973,0
"AF","Afghanistan",1975,0
"AF","Afghanistan",1976,0
"AF","Afghanistan",1977,0
"AF","Afghanistan",1978,0
"AF","Afghanistan",1979,0
"AF","Afghanistan",2001,0
"AF","Afghanistan",2002,27353959.82
"AF","Afghanistan",2003,116213229.43
"AF","Afghanistan",2004,252200970.84
"AF","Afghanistan",2005,302451496.2
"AF","Afghanistan",2006,148843236.3
"AF","Afghanistan",2007,321092714.72
"AF","Afghanistan",2008,155599877.66
"AF","Afghanistan",2009,286153739.64
"AF","Afghanistan",2010,201451502.05
"AF","Afghanistan",2011,135979767.99
"AF","Afghanistan",2012,155640611.82
"AF","Afghanistan",2013,166861950.83
"AF","Afghanistan",2014,156333785.66
"AF","Afghanistan",2015,137255367.28
"africa","Africa, regional",2001,557514.25
"africa","Africa, regional",2002,2645232.19
"africa","Africa, regional",2003,2417019.69
"africa","Africa, regional",2004,907148.89
"africa","Africa, regional",2005,763127.18
"africa","Africa, regional",2006,6678509.75
"africa","Africa, regional",2007,4477079.39
"africa","Africa, regional",2008,4699489.48
"africa","Africa, regional",2009,9287138.32
"africa","Africa, regional",2010,3256585.02
"africa","Africa, regional",2011,29035784.32
"africa","Africa, regional",2012,10377668.46
"africa","Africa, regional",2013,9198446.37
"africa","Africa, regional",2014,48054561.48
"africa","Africa, regional",2015,36292291.3
"AL","Albania",1992,0
"AL","Albania",1993,0
"AL","Albania",1994,0
"AL","Albania",1995,0
"AL","Albania",1996,0
"AL","Albania",1997,0
"AL","Albania",1998,0
"AL","Albania",1999,0
"AL","Albania",2000,85872133.01
"AL","Albania",2001,48154906.6
"AL","Albania",2002,107520250.39
"AL","Albania",2003,72673567.14
"AL","Albania",2004,73209279.49
"AL","Albania",2005,35859947.6
"AL","Albania",2006,47546346.16
"AL","Albania",2007,46725989.43
"AL","Albania",2008,24840955.28
"AL","Albania",2009,32656486.42
"AL","Albania",2010,24467759.77
"AL","Albania",2011,21379830.47
"AL","Albania",2012,25085950.64
"AL","Albania",2013,13619286.06
"AL","Albania",2014,17210435.93
"AL","Albania",2015,5713956.8
"AO","Angola",1991,0
"AO","Angola",1992,0
"AO","Angola",1996,0
"AO","Angola",1998,0
"AO","Angola",2000,31636268.08
"AO","Angola",2001,16096744.23
"AO","Angola",2002,27971544.73
"AO","Angola",2003,6007442.8
"AO","Angola",2004,24274034.34
"AO","Angola",2005,38191473.3
"AO","Angola",2006,35051172.06
"AO","Angola",2007,31302252.46
"AO","Angola",2008,26070013.01
"AO","Angola",2009,24734032.78
"AO","Angola",2010,10269912.01
"AO","Angola",2011,13040935.83
"AO","Angola",2012,41997408.68
"AO","Angola",2013,53153282.95
"AO","Angola",2014,56345324.38
"AO","Angola",2015,53400005.12
"AM","Armenia",1994,0
"AM","Armenia",1995,0
"AM","Armenia",1996,0
"AM","Armenia",1997,0
"AM","Armenia",1998,0
"AM","Armenia",1999,0
"AM","Armenia",2000,72523574.25
"AM","Armenia",2001,77343951.92
"AM","Armenia",2002,90145645.13
"AM","Armenia",2003,92382326.44
"AM","Armenia",2004,85962596.86
"AM","Armenia",2005,36489871.87
"AM","Armenia",2006,66476771.78
"AM","Armenia",2007,89703954.05
"AM","Armenia",2008,73481778.48
"AM","Armenia",2009,135039989.09
"AM","Armenia",2010,33430679.43
"AM","Armenia",2011,43575931.65
"AM","Armenia",2012,58796164.57
"AM","Armenia",2013,50554681.88
"AM","Armenia",2014,15339643.81
"AM","Armenia",2015,15280894.36
"AZ","Azerbaijan",1995,0
"AZ","Azerbaijan",1996,0
"AZ","Azerbaijan",1997,0
"AZ","Azerbaijan",1998,0
"AZ","Azerbaijan",1999,0
"AZ","Azerbaijan",2000,36287283.32
"AZ","Azerbaijan",2001,38732173.62
"AZ","Azerbaijan",2002,77197307.69
"AZ","Azerbaijan",2003,89225346.62
"AZ","Azerbaijan",2004,53841481.92
"AZ","Azerbaijan",2005,50523684.89
"AZ","Azerbaijan",2006,62257372.33
"AZ","Azerbaijan",2007,55710807.86
"AZ","Azerbaijan",2008,45783649.6
"AZ","Azerbaijan",2009,42583918.65
"AZ","Azerbaijan",2010,43087567.47
"AZ","Azerbaijan",2011,51642019.96
"AZ","Azerbaijan",2012,35815251.97
"AZ","Azerbaijan",2013,85543928.8
"AZ","Azerbaijan",2014,48846356.88
"AZ","Azerbaijan",2015,16880070.32
"BD","Bangladesh",1973,0
"BD","Bangladesh",1974,0
"BD","Bangladesh",1975,0
"BD","Bangladesh",1976,0
"BD","Bangladesh",1977,0
"BD","Bangladesh",1978,0
"BD","Bangladesh",1979,0
"BD","Bangladesh",1980,0
"BD","Bangladesh",1981,0
"BD","Bangladesh",1982,0
"BD","Bangladesh",1983,0
"BD","Bangladesh",1984,0
"BD","Bangladesh",1985,0
"BD","Bangladesh",1986,0
"BD","Bangladesh",1987,0
"BD","Bangladesh",1988,0
"BD","Bangladesh",1989,0
"BD","Bangladesh",1990,0
"BD","Bangladesh",1991,0
"BD","Bangladesh",1992,0
"BD","Bangladesh",1993,0
"BD","Bangladesh",1994,0
"BD","Bangladesh",1995,0
"BD","Bangladesh",1996,0
"BD","Bangladesh",1997,0
"BD","Bangladesh",1998,0
"BD","Bangladesh",1999,0
"BD","Bangladesh",2000,476330956.14
"BD","Bangladesh",2001,438664258.79
"BD","Bangladesh",2002,408426460.19
"BD","Bangladesh",2003,619239756.92
"BD","Bangladesh",2004,673935920.7
"BD","Bangladesh",2005,585314147.17
"BD","Bangladesh",2006,419270644.6
"BD","Bangladesh",2007,592392645.24
"BD","Bangladesh",2008,768819905.11
"BD","Bangladesh",2009,311883385.15
"BD","Bangladesh",2010,331243464.93
"BD","Bangladesh",2011,322826486.54
"BD","Bangladesh",2012,637517027.04
"BD","Bangladesh",2013,608265194.41
"BD","Bangladesh",2014,727020032.22
"BD","Bangladesh",2015,890143632.61
"BJ","Benin",1973,0
"BJ","Benin",1974,0
"BJ","Benin",1975,0
"BJ","Benin",1976,0
"BJ","Benin",1977,0
"BJ","Benin",1978,0
"BJ","Benin",1980,0
"BJ","Benin",1981,0
"BJ","Benin",1982,0
"BJ","Benin",1983,0
"BJ","Benin",1984,0
"BJ","Benin",1985,0
"BJ","Benin",1986,0
"BJ","Benin",1987,0
"BJ","Benin",1988,0
"BJ","Benin",1989,0
"BJ","Benin",1990,0
"BJ","Benin",1991,0
"BJ","Benin",1992,0
"BJ","Benin",1993,0
"BJ","Benin",1994,0
"BJ","Benin",1995,0
"BJ","Benin",1996,0
"BJ","Benin",1998,0
"BJ","Benin",1999,0
"BJ","Benin",2000,52200996.25
"BJ","Benin",2001,76019171.01
"BJ","Benin",2002,40509928.28
"BJ","Benin",2003,41863452.26
"BJ","Benin",2004,54370500.02
"BJ","Benin",2005,61274369.14
"BJ","Benin",2006,753991858.63
"BJ","Benin",2007,59521006.94
"BJ","Benin",2008,85806912.15
"BJ","Benin",2009,85806317.93
"BJ","Benin",2010,80506170.76
"BJ","Benin",2011,57454377.25
"BJ","Benin",2012,67633465.57
"BJ","Benin",2013,127633108.65
"BJ","Benin",2014,115568528.17
"BJ","Benin",2015,110437040.5
"BT","Bhutan",1984,0
"BT","Bhutan",1985,0
"BT","Bhutan",1988,0
"BT","Bhutan",1993,0
"BT","Bhutan",1998,0
"BT","Bhutan",1999,0
"BT","Bhutan",2000,4766884.05
"BT","Bhutan",2001,8366478.2
"BT","Bhutan",2002,7419935.28
"BT","Bhutan",2003,8201079.53
"BT","Bhutan",2004,10368712.44
"BT","Bhutan",2005,10070103.09
"BT","Bhutan",2006,27564100.05
"BT","Bhutan",2007,23811892.22
"BT","Bhutan",2008,10532837.83
"BT","Bhutan",2009,30688688.5
"BT","Bhutan",2010,8339391.06
"BT","Bhutan",2011,31808759.66
"BT","Bhutan",2012,35022726.13
"BT","Bhutan",2013,3457239.69
"BT","Bhutan",2014,6292538.73
"BT","Bhutan",2015,23071060
"BO","Bolivia",1973,0
"BO","Bolivia",1974,0
"BO","Bolivia",1975,0
"BO","Bolivia",1978,0
"BO","Bolivia",1979,0
"BO","Bolivia",1980,0
"BO","Bolivia",1986,0
"BO","Bolivia",1987,0
"BO","Bolivia",1988,0
"BO","Bolivia",1989,0
"BO","Bolivia",1990,0
"BO","Bolivia",1991,0
"BO","Bolivia",1992,0
"BO","Bolivia",1993,0
"BO","Bolivia",1994,0
"BO","Bolivia",1995,0
"BO","Bolivia",1996,0
"BO","Bolivia",1997,0
"BO","Bolivia",1998,0
"BO","Bolivia",1999,0
"BO","Bolivia",2000,80935325.26
"BO","Bolivia",2001,143493176.36
"BO","Bolivia",2002,152583196.82
"BO","Bolivia",2003,185377383.17
"BO","Bolivia",2004,150640709.64
"BO","Bolivia",2005,89862612.26
"BO","Bolivia",2006,1608755502.2
"BO","Bolivia",2007,13460233.6
"BO","Bolivia",2008,22921150.99
"BO","Bolivia",2009,32182166.07
"BO","Bolivia",2010,43387643.08
"BO","Bolivia",2011,39893708.11
"BO","Bolivia",2012,45951707.19
"BO","Bolivia",2013,53869984.11
"BO","Bolivia",2014,35776623.15
"BO","Bolivia",2015,169818162.65
"BA","Bosnia & Herzegovina",1996,0
"BA","Bosnia & Herzegovina",1997,0
"BA","Bosnia & Herzegovina",1998,0
"BA","Bosnia & Herzegovina",1999,0
"BA","Bosnia & Herzegovina",2000,58852973.93
"BA","Bosnia & Herzegovina",2001,86775905.33
"BA","Bosnia & Herzegovina",2002,131349567.57
"BA","Bosnia & Herzegovina",2003,57533857.63
"BA","Bosnia & Herzegovina",2004,228379360.87
"BA","Bosnia & Herzegovina",2005,59078657.33
"BA","Bosnia & Herzegovina",2006,27699542.23
"BA","Bosnia & Herzegovina",2007,54637057.66
"BA","Bosnia & Herzegovina",2008,26314499.48
"BA","Bosnia & Herzegovina",2009,31734440.19
"BA","Bosnia & Herzegovina",2010,108277572.17
"BA","Bosnia & Herzegovina",2011,33115993.15
"BA","Bosnia & Herzegovina",2012,20350932.23
"BA","Bosnia & Herzegovina",2013,21111527.21
"BA","Bosnia & Herzegovina",2014,18809489.23
"BA","Bosnia & Herzegovina",2015,29360464.5
"BW","Botswana",1974,0
"BW","Botswana",2000,0
"BW","Botswana",2001,0
"BW","Botswana",2002,0
"BW","Botswana",2003,0
"BW","Botswana",2004,0
"BW","Botswana",2005,0
"BW","Botswana",2006,0
"BW","Botswana",2007,0
"BW","Botswana",2008,0
"BW","Botswana",2009,0
"BW","Botswana",2010,0
"BW","Botswana",2011,0
"BW","Botswana",2012,0
"BW","Botswana",2013,0
"BF","Burkina Faso",1973,0
"BF","Burkina Faso",1974,0
"BF","Burkina Faso",1975,0
"BF","Burkina Faso",1976,0
"BF","Burkina Faso",1977,0
"BF","Burkina Faso",1978,0
"BF","Burkina Faso",1980,0
"BF","Burkina Faso",1981,0
"BF","Burkina Faso",1982,0
"BF","Burkina Faso",1983,0
"BF","Burkina Faso",1984,0
"BF","Burkina Faso",1985,0
"BF","Burkina Faso",1988,0
"BF","Burkina Faso",1989,0
"BF","Burkina Faso",1991,0
"BF","Burkina Faso",1992,0
"BF","Burkina Faso",1993,0
"BF","Burkina Faso",1994,0
"BF","Burkina Faso",1995,0
"BF","Burkina Faso",1997,0
"BF","Burkina Faso",1998,0
"BF","Burkina Faso",1999,0
"BF","Burkina Faso",2000,53804041.77
"BF","Burkina Faso",2001,109827505.48
"BF","Burkina Faso",2002,101552499.33
"BF","Burkina Faso",2003,139552547.5
"BF","Burkina Faso",2004,155289851.2
"BF","Burkina Faso",2005,147075819.23
"BF","Burkina Faso",2006,1026466807.85
"BF","Burkina Faso",2007,164725792.32
"BF","Burkina Faso",2008,164728745.72
"BF","Burkina Faso",2009,213052623.33
"BF","Burkina Faso",2010,180163690.92
"BF","Burkina Faso",2011,197033486.81
"BF","Burkina Faso",2012,199117071.39
"BF","Burkina Faso",2013,164068155.75
"BF","Burkina Faso",2014,219681497.88
"BF","Burkina Faso",2015,269088622.31
"BI","Burundi",1974,0
"BI","Burundi",1975,0
"BI","Burundi",1976,0
"BI","Burundi",1977,0
"BI","Burundi",1978,0
"BI","Burundi",1979,0
"BI","Burundi",1980,0
"BI","Burundi",1981,0
"BI","Burundi",1982,0
"BI","Burundi",1983,0
"BI","Burundi",1984,0
"BI","Burundi",1985,0
"BI","Burundi",1986,0
"BI","Burundi",1987,0
"BI","Burundi",1988,0
"BI","Burundi",1989,0
"BI","Burundi",1990,0
"BI","Burundi",1991,0
"BI","Burundi",1992,0
"BI","Burundi",1993,0
"BI","Burundi",1995,0
"BI","Burundi",1999,0
"BI","Burundi",2000,48555091.73
"BI","Burundi",2001,16500403.6
"BI","Burundi",2002,49319896.55
"BI","Burundi",2003,49284994.66
"BI","Burundi",2004,62698390.11
"BI","Burundi",2005,62243633.2
"BI","Burundi",2006,122177789.43
"BI","Burundi",2007,97628848.94
"BI","Burundi",2008,81232082.34
"BI","Burundi",2009,665625378.47
"BI","Burundi",2010,101233459.52
"BI","Burundi",2011,84715961.29
"BI","Burundi",2012,94778102.56
"BI","Burundi",2013,94148891.45
"BI","Burundi",2014,56828452.21
"BI","Burundi",2015,49142337.23
"CI","Côte d'Ivoire",1973,0
"CI","Côte d'Ivoire",1991,0
"CI","Côte d'Ivoire",1992,0
"CI","Côte d'Ivoire",1993,0
"CI","Côte d'Ivoire",1994,0
"CI","Côte d'Ivoire",1995,0
"CI","Côte d'Ivoire",1996,0
"CI","Côte d'Ivoire",1997,0
"CI","Côte d'Ivoire",1998,0
"CI","Côte d'Ivoire",1999,0
"CI","Côte d'Ivoire",2000,100893965.74
"CI","Côte d'Ivoire",2001,7371116.81
"CI","Côte d'Ivoire",2002,235682581.24
"CI","Côte d'Ivoire",2003,62262406.72
"CI","Côte d'Ivoire",2004,41299818.14
"CI","Côte d'Ivoire",2005,-1245682.23
"CI","Côte d'Ivoire",2006,0
"CI","Côte d'Ivoire",2007,92216.51
"CI","Côte d'Ivoire",2008,323413805.36
"CI","Côte d'Ivoire",2009,213513539.96
"CI","Côte d'Ivoire",2010,211797150.29
"CI","Côte d'Ivoire",2011,188224332.45
"CI","Côte d'Ivoire",2012,1514361584.5
"CI","Côte d'Ivoire",2013,116253775.28
"CI","Côte d'Ivoire",2014,174654322.93
"CI","Côte d'Ivoire",2015,248314441.18
"KH","Cambodia",1993,0
"KH","Cambodia",1994,0
"KH","Cambodia",1995,0
"KH","Cambodia",1997,0
"KH","Cambodia",1998,0
"KH","Cambodia",1999,0
"KH","Cambodia",2000,48794307.92
"KH","Cambodia",2001,55591571.71
"KH","Cambodia",2002,64077912.61
"KH","Cambodia",2003,76139630.26
"KH","Cambodia",2004,53351309.1
"KH","Cambodia",2005,36623555.54
"KH","Cambodia",2006,25178181.81
"KH","Cambodia",2007,40458450.71
"KH","Cambodia",2008,35783954.15
"KH","Cambodia",2009,43725550.88
"KH","Cambodia",2010,38315184.57
"KH","Cambodia",2011,38735324.28
"KH","Cambodia",2012,41630859.3
"KH","Cambodia",2013,30047883.5
"KH","Cambodia",2014,37257661.14
"KH","Cambodia",2015,3888845.31
"CM","Cameroon",1973,0
"CM","Cameroon",1975,0
"CM","Cameroon",1976,0
"CM","Cameroon",1977,0
"CM","Cameroon",1978,0
"CM","Cameroon",1979,0
"CM","Cameroon",1980,0
"CM","Cameroon",1981,0
"CM","Cameroon",1994,0
"CM","Cameroon",1995,0
"CM","Cameroon",1996,0
"CM","Cameroon",1997,0
"CM","Cameroon",1998,0
"CM","Cameroon",1999,0
"CM","Cameroon",2000,158965411.57
"CM","Cameroon",2001,27434979.01
"CM","Cameroon",2002,132445981.22
"CM","Cameroon",2003,62603632.38
"CM","Cameroon",2004,117151715.93
"CM","Cameroon",2005,33152687.65
"CM","Cameroon",2006,1007205648.24
"CM","Cameroon",2007,30554211.91
"CM","Cameroon",2008,27628987.29
"CM","Cameroon",2009,46618894.06
"CM","Cameroon",2010,79398476.14
"CM","Cameroon",2011,67045605.8
"CM","Cameroon",2012,82615302.27
"CM","Cameroon",2013,145915302.3
"CM","Cameroon",2014,116599239.49
"CM","Cameroon",2015,95038162
"CV","Cape Verde",1983,0
"CV","Cape Verde",1985,0
"CV","Cape Verde",1987,0
"CV","Cape Verde",1988,0
"CV","Cape Verde",1992,0
"CV","Cape Verde",1993,0
"CV","Cape Verde",1994,0
"CV","Cape Verde",1995,0
"CV","Cape Verde",1996,0
"CV","Cape Verde",1997,0
"CV","Cape Verde",1998,0
"CV","Cape Verde",1999,0
"CV","Cape Verde",2000,13941820.88
"CV","Cape Verde",2001,22498456.84
"CV","Cape Verde",2002,29808091.08
"CV","Cape Verde",2003,22660699.1
"CV","Cape Verde",2004,15090391.81
"CV","Cape Verde",2005,28948163.49
"CV","Cape Verde",2006,22951928.2
"CV","Cape Verde",2007,21921966.66
"CV","Cape Verde",2008,19102886.07
"CV","Cape Verde",2009,3565698.04
"CV","Cape Verde",2010,23919156.62
"CV","Cape Verde",2011,1659343.74
"CV","Cape Verde",2012,14512516.7
"CV","Cape Verde",2013,8149978.44
"CV","Cape Verde",2014,23914063.44
"CV","Cape Verde",2015,17186951.8
"CF","CAR",1978,0
"CF","CAR",1979,0
"CF","CAR",1981,0
"CF","CAR",1982,0
"CF","CAR",1983,0
"CF","CAR",1985,0
"CF","CAR",1986,0
"CF","CAR",1987,0
"CF","CAR",1988,0
"CF","CAR",1989,0
"CF","CAR",1990,0
"CF","CAR",1991,0
"CF","CAR",1992,0
"CF","CAR",1995,0
"CF","CAR",1999,0
"CF","CAR",2000,17241465.06
"CF","CAR",2001,559474.19
"CF","CAR",2002,1072752.08
"CF","CAR",2003,0
"CF","CAR",2004,0.03
"CF","CAR",2006,83419280.71
"CF","CAR",2007,8499837.05
"CF","CAR",2008,22178530.36
"CF","CAR",2009,388572023.71
"CF","CAR",2010,16698164.71
"CF","CAR",2011,47174539.72
"CF","CAR",2012,38816107.44
"CF","CAR",2013,9503888.07
"CF","CAR",2014,64072725.61
"CF","CAR",2015,26954830.86
"central-asia","Central Asia, regional",2005,0
"central-asia","Central Asia, regional",2006,1893874.52
"central-asia","Central Asia, regional",2007,2974595.23
"central-asia","Central Asia, regional",2008,4717194.55
"central-asia","Central Asia, regional",2009,6354999.39
"central-asia","Central Asia, regional",2010,6234932.89
"central-asia","Central Asia, regional",2011,1343444.03
"central-asia","Central Asia, regional",2012,247853.23
"central-asia","Central Asia, regional",2013,360168.7
"central-asia","Central Asia, regional",2014,1133092.51
"central-asia","Central Asia, regional",2015,1395770
"TD","Chad",1973,0
"TD","Chad",1974,0
"TD","Chad",1975,0
"TD","Chad",1976,0
"TD","Chad",1977,0
"TD","Chad",1978,0
"TD","Chad",1986,0
"TD","Chad",1987,0
"TD","Chad",1988,0
"TD","Chad",1989,0
"TD","Chad",1990,0
"TD","Chad",1993,0
"TD","Chad",1994,0
"TD","Chad",1995,0
"TD","Chad",1996,0
"TD","Chad",1997,0
"TD","Chad",1998,0
"TD","Chad",1999,0
"TD","Chad",2000,23690541.56
"TD","Chad",2001,40917165.15
"TD","Chad",2002,104928059.02
"TD","Chad",2003,118874525.26
"TD","Chad",2004,88843051.27
"TD","Chad",2005,81319871.32
"TD","Chad",2006,44934717.22
"TD","Chad",2007,27966344.81
"TD","Chad",2008,12443545.03
"TD","Chad",2009,20100509.95
"TD","Chad",2010,13862557.76
"TD","Chad",2011,23544323.14
"TD","Chad",2012,17280547.07
"TD","Chad",2013,19015040.93
"TD","Chad",2014,23709734.07
"TD","Chad",2015,604155447.59
"CL","Chile",2000,0
"CL","Chile",2001,0
"CL","Chile",2002,0
"CL","Chile",2003,0
"CL","Chile",2004,0
"CL","Chile",2005,0
"CL","Chile",2006,0
"CL","Chile",2007,0
"CL","Chile",2008,0
"CL","Chile",2009,0
"CL","Chile",2010,0
"CL","Chile",2011,0
"CN","China",1981,0
"CN","China",1982,0
"CN","China",1983,0
"CN","China",1984,0
"CN","China",1985,0
"CN","China",1986,0
"CN","China",1987,0
"CN","China",1988,0
"CN","China",1989,0
"CN","China",1990,0
"CN","China",1991,0
"CN","China",1992,0
"CN","China",1993,0
"CN","China",1994,0
"CN","China",1995,0
"CN","China",1996,0
"CN","China",1997,0
"CN","China",1998,0
"CN","China",1999,0
"CN","China",2000,505956589.7
"CN","China",2001,436849379.13
"CN","China",2002,281773966.93
"CN","China",2003,168408769.56
"CN","China",2004,76037275.84
"CN","China",2005,74303330.45
"CN","China",2006,35643048.12
"CN","China",2007,13798587.48
"CN","China",2008,8660661.64
"CN","China",2009,762548.54
"CN","China",2010,-1015215.91
"CN","China",2011,0
"CN","China",2012,0
"CN","China",2013,0
"CN","China",2014,0
"CN","China",2015,0
"CO","Colombia",2000,0
"CO","Colombia",2001,0
"CO","Colombia",2002,0
"CO","Colombia",2003,0
"CO","Colombia",2004,0
"CO","Colombia",2005,0
"CO","Colombia",2006,0
"CO","Colombia",2007,0
"CO","Colombia",2008,0
"CO","Colombia",2009,0
"CO","Colombia",2010,0
"CO","Colombia",2011,0
"KM","Comoros",1978,0
"KM","Comoros",1980,0
"KM","Comoros",1982,0
"KM","Comoros",1983,0
"KM","Comoros",1984,0
"KM","Comoros",1987,0
"KM","Comoros",1991,0
"KM","Comoros",1994,0
"KM","Comoros",1997,0
"KM","Comoros",1998,0
"KM","Comoros",2000,2865399.29
"KM","Comoros",2001,16271344.4
"KM","Comoros",2002,16541367.38
"KM","Comoros",2003,10303413.19
"KM","Comoros",2004,3554499.32
"KM","Comoros",2005,2823609.8
"KM","Comoros",2006,3112775.01
"KM","Comoros",2007,4640177.82
"KM","Comoros",2008,2416679.35
"KM","Comoros",2009,2231436.05
"KM","Comoros",2010,5774594.21
"KM","Comoros",2011,4668536.99
"KM","Comoros",2012,5198642.7
"KM","Comoros",2013,90664999.36
"KM","Comoros",2014,8766873.37
"KM","Comoros",2015,8310768.19
"CG","Congo",1973,0
"CG","Congo",1977,0
"CG","Congo",1980,0
"CG","Congo",1982,0
"CG","Congo",1994,0
"CG","Congo",1995,0
"CG","Congo",2000,0
"CG","Congo",2001,53196093.04
"CG","Congo",2002,2832294.25
"CG","Congo",2003,28417515.2
"CG","Congo",2004,36642063.52
"CG","Congo",2005,48525553.35
"CG","Congo",2006,21776001.16
"CG","Congo",2007,18180120.6
"CG","Congo",2008,20677637.5
"CG","Congo",2009,13635648.77
"CG","Congo",2010,218184747.12
"CG","Congo",2011,22508216.43
"CG","Congo",2012,27195390.54
"CG","Congo",2013,19911567.47
"CG","Congo",2014,12091329.96
"CG","Congo",2015,12101564.36
"CR","Costa Rica",2000,0
"CR","Costa Rica",2001,0
"CR","Costa Rica",2002,0
"CR","Costa Rica",2003,0
"CR","Costa Rica",2004,0
"CR","Costa Rica",2005,0
"CR","Costa Rica",2006,0
"CR","Costa Rica",2007,0
"CR","Costa Rica",2008,0
"CR","Costa Rica",2009,0
"CR","Costa Rica",2010,0
"CR","Costa Rica",2011,0
"DJ","Djibouti",1982,0
"DJ","Djibouti",1983,0
"DJ","Djibouti",1984,0
"DJ","Djibouti",1985,0
"DJ","Djibouti",1989,0
"DJ","Djibouti",1990,0
"DJ","Djibouti",1991,0
"DJ","Djibouti",1997,0
"DJ","Djibouti",1998,0
"DJ","Djibouti",1999,0
"DJ","Djibouti",2000,5163079.22
"DJ","Djibouti",2001,12446234.79
"DJ","Djibouti",2002,24031501.75
"DJ","Djibouti",2003,32154909.89
"DJ","Djibouti",2004,13629057.25
"DJ","Djibouti",2005,9967313.61
"DJ","Djibouti",2006,13431446.91
"DJ","Djibouti",2007,12035371.57
"DJ","Djibouti",2008,8890424.2
"DJ","Djibouti",2009,8163976.85
"DJ","Djibouti",2010,1960761.56
"DJ","Djibouti",2011,3361806.98
"DJ","Djibouti",2012,7773810.11
"DJ","Djibouti",2013,6540402.79
"DJ","Djibouti",2014,11726923.03
"DJ","Djibouti",2015,8840308.63
"DM","Dominica",1982,0
"DM","Dominica",1987,0
"DM","Dominica",1995,0
"DM","Dominica",1996,0
"DM","Dominica",1998,0
"DM","Dominica",2000,-74298.44
"DM","Dominica",2001,1259163.22
"DM","Dominica",2002,2465535.81
"DM","Dominica",2003,318558.89
"DM","Dominica",2004,4698892
"DM","Dominica",2005,508938.35
"DM","Dominica",2006,72338.08
"DM","Dominica",2007,2259590.49
"DM","Dominica",2008,1612984.49
"DM","Dominica",2009,1336450
"DM","Dominica",2010,449578.68
"DM","Dominica",2011,724159
"DM","Dominica",2012,421646.42
"DM","Dominica",2013,1248490.59
"DM","Dominica",2014,639384.84
"DM","Dominica",2015,1e+06
"DO","Dominican Republic",1973,0
"DO","Dominican Republic",2000,0
"DO","Dominican Republic",2001,0
"DO","Dominican Republic",2002,0
"DO","Dominican Republic",2003,0
"DO","Dominican Republic",2004,0
"DO","Dominican Republic",2005,0
"DO","Dominican Republic",2006,0
"DO","Dominican Republic",2007,0
"DO","Dominican Republic",2008,0
"DO","Dominican Republic",2009,0
"DO","Dominican Republic",2010,0
"DO","Dominican Republic",2011,0
"DO","Dominican Republic",2012,0
"DO","Dominican Republic",2013,0
"CD","DRC",1973,0
"CD","DRC",1974,0
"CD","DRC",1975,0
"CD","DRC",1976,0
"CD","DRC",1977,0
"CD","DRC",1978,0
"CD","DRC",1979,0
"CD","DRC",1980,0
"CD","DRC",1981,0
"CD","DRC",1982,0
"CD","DRC",1983,0
"CD","DRC",1984,0
"CD","DRC",1985,0
"CD","DRC",1986,0
"CD","DRC",1987,0
"CD","DRC",1988,0
"CD","DRC",1989,0
"CD","DRC",1990,0
"CD","DRC",1991,0
"CD","DRC",2001,0
"CD","DRC",2002,581348224.34
"CD","DRC",2003,256769363.78
"CD","DRC",2004,279271324.67
"CD","DRC",2005,482241421.3
"CD","DRC",2006,318272632.88
"CD","DRC",2007,251531640.44
"CD","DRC",2008,306184885.91
"CD","DRC",2009,416560604.84
"CD","DRC",2010,1821714058.26
"CD","DRC",2011,348884163.06
"CD","DRC",2012,351654723.17
"CD","DRC",2013,481630260.97
"CD","DRC",2014,445595851.88
"CD","DRC",2015,364642459.93
"EC","Ecuador",1973,0
"EC","Ecuador",2000,0
"EC","Ecuador",2001,0
"EC","Ecuador",2002,0
"EC","Ecuador",2003,0
"EC","Ecuador",2004,0
"EC","Ecuador",2005,0
"EC","Ecuador",2006,0
"EC","Ecuador",2007,0
"EC","Ecuador",2008,0
"EC","Ecuador",2009,0
"EC","Ecuador",2010,0
"EC","Ecuador",2011,0
"EC","Ecuador",2012,0
"EC","Ecuador",2013,0
"EG","Egypt",1973,0
"EG","Egypt",1974,0
"EG","Egypt",1975,0
"EG","Egypt",1976,0
"EG","Egypt",1977,0
"EG","Egypt",1978,0
"EG","Egypt",1979,0
"EG","Egypt",1980,0
"EG","Egypt",1981,0
"EG","Egypt",1991,0
"EG","Egypt",1992,0
"EG","Egypt",1993,0
"EG","Egypt",1994,0
"EG","Egypt",1995,0
"EG","Egypt",1997,0
"EG","Egypt",1998,0
"EG","Egypt",1999,0
"EG","Egypt",2000,65400451.79
"EG","Egypt",2001,44688998.49
"EG","Egypt",2002,73622061.39
"EG","Egypt",2003,39044114.37
"EG","Egypt",2004,81708687.06
"EG","Egypt",2005,72869765.99
"EG","Egypt",2006,58956843.74
"EG","Egypt",2007,13004334.81
"EG","Egypt",2008,10016348.72
"EG","Egypt",2009,1849724.04
"EG","Egypt",2010,9012569.84
"EG","Egypt",2011,2498322.96
"EG","Egypt",2012,6018195.79
"EG","Egypt",2013,1199436.15
"EG","Egypt",2014,0
"EG","Egypt",2015,0
"SV","El Salvador",1974,0
"SV","El Salvador",1977,0
"SV","El Salvador",2000,0
"SV","El Salvador",2001,0
"SV","El Salvador",2002,0
"SV","El Salvador",2003,0
"SV","El Salvador",2004,0
"SV","El Salvador",2005,0
"SV","El Salvador",2006,0
"SV","El Salvador",2007,0
"SV","El Salvador",2008,0
"SV","El Salvador",2009,0
"SV","El Salvador",2010,0
"SV","El Salvador",2011,0
"SV","El Salvador",2012,0
"SV","El Salvador",2013,0
"GQ","Equatorial Guinea",1973,0
"GQ","Equatorial Guinea",1983,0
"GQ","Equatorial Guinea",1984,0
"GQ","Equatorial Guinea",1985,0
"GQ","Equatorial Guinea",1986,0
"GQ","Equatorial Guinea",1987,0
"GQ","Equatorial Guinea",1990,0
"GQ","Equatorial Guinea",2000,0
"GQ","Equatorial Guinea",2001,0
"GQ","Equatorial Guinea",2002,0
"GQ","Equatorial Guinea",2003,0
"GQ","Equatorial Guinea",2004,0
"GQ","Equatorial Guinea",2005,0
"GQ","Equatorial Guinea",2006,0
"GQ","Equatorial Guinea",2007,0
"GQ","Equatorial Guinea",2008,0
"GQ","Equatorial Guinea",2009,0
"GQ","Equatorial Guinea",2010,0
"GQ","Equatorial Guinea",2011,0
"GQ","Equatorial Guinea",2012,0
"GQ","Equatorial Guinea",2013,0
"GQ","Equatorial Guinea",2014,0
"GQ","Equatorial Guinea",2015,0
"ER","Eritrea",1993,0
"ER","Eritrea",1996,0
"ER","Eritrea",1997,0
"ER","Eritrea",1998,0
"ER","Eritrea",2000,42189267.45
"ER","Eritrea",2001,109844149.52
"ER","Eritrea",2002,62681021.9
"ER","Eritrea",2003,80465699.51
"ER","Eritrea",2004,46592892.81
"ER","Eritrea",2005,69596391.25
"ER","Eritrea",2006,25541881.55
"ER","Eritrea",2007,31677629.72
"ER","Eritrea",2008,30000148.2
"ER","Eritrea",2009,7684769.09
"ER","Eritrea",2010,5162996.19
"ER","Eritrea",2011,14847365.52
"ER","Eritrea",2012,1033138.12
"ET","Ethiopia",1973,0
"ET","Ethiopia",1974,0
"ET","Ethiopia",1975,0
"ET","Ethiopia",1976,0
"ET","Ethiopia",1977,0
"ET","Ethiopia",1978,0
"ET","Ethiopia",1981,0
"ET","Ethiopia",1982,0
"ET","Ethiopia",1983,0
"ET","Ethiopia",1984,0
"ET","Ethiopia",1985,0
"ET","Ethiopia",1986,0
"ET","Ethiopia",1987,0
"ET","Ethiopia",1988,0
"ET","Ethiopia",1989,0
"ET","Ethiopia",1990,0
"ET","Ethiopia",1992,0
"ET","Ethiopia",1993,0
"ET","Ethiopia",1994,0
"ET","Ethiopia",1995,0
"ET","Ethiopia",1996,0
"ET","Ethiopia",1997,0
"ET","Ethiopia",1998,0
"ET","Ethiopia",2000,182271323.52
"ET","Ethiopia",2001,641817886.24
"ET","Ethiopia",2002,664142291.21
"ET","Ethiopia",2003,334208788.13
"ET","Ethiopia",2004,564695705.23
"ET","Ethiopia",2005,309305315.71
"ET","Ethiopia",2006,3563238184.49
"ET","Ethiopia",2007,312667049.25
"ET","Ethiopia",2008,504654790.57
"ET","Ethiopia",2009,988825209.19
"ET","Ethiopia",2010,628549734.7
"ET","Ethiopia",2011,634116560.72
"ET","Ethiopia",2012,679903533.5
"ET","Ethiopia",2013,871257808.76
"ET","Ethiopia",2014,801387129.22
"ET","Ethiopia",2015,710070134.43
"east-asia","Far East Asia, regional",2012,452825.64
"east-asia","Far East Asia, regional",2013,137711.37
"east-asia","Far East Asia, regional",2014,394186.81
"east-asia","Far East Asia, regional",2015,784537.2
"GM","Gambia",1974,0
"GM","Gambia",1976,0
"GM","Gambia",1978,0
"GM","Gambia",1979,0
"GM","Gambia",1981,0
"GM","Gambia",1982,0
"GM","Gambia",1984,0
"GM","Gambia",1986,0
"GM","Gambia",1987,0
"GM","Gambia",1989,0
"GM","Gambia",1990,0
"GM","Gambia",1993,0
"GM","Gambia",1994,0
"GM","Gambia",1998,0
"GM","Gambia",1999,0
"GM","Gambia",2000,10305676.29
"GM","Gambia",2001,13244524.35
"GM","Gambia",2002,23007906.67
"GM","Gambia",2003,16120418.04
"GM","Gambia",2004,25350507.58
"GM","Gambia",2005,20796339.75
"GM","Gambia",2006,12180919.32
"GM","Gambia",2007,8051757.16
"GM","Gambia",2008,204455756.89
"GM","Gambia",2009,15810389.38
"GM","Gambia",2010,11071341.5
"GM","Gambia",2011,10479985.58
"GM","Gambia",2012,27452839.18
"GM","Gambia",2013,7333018.67
"GM","Gambia",2014,13029593.16
"GM","Gambia",2015,10555030
"GE","Georgia",1994,0
"GE","Georgia",1995,0
"GE","Georgia",1996,0
"GE","Georgia",1997,0
"GE","Georgia",1998,0
"GE","Georgia",1999,0
"GE","Georgia",2000,24198872.9
"GE","Georgia",2001,88704402.56
"GE","Georgia",2002,83182633.42
"GE","Georgia",2003,51886669.43
"GE","Georgia",2004,70911634.54
"GE","Georgia",2005,64685818.48
"GE","Georgia",2006,82839844.04
"GE","Georgia",2007,73535066.84
"GE","Georgia",2008,113409223.41
"GE","Georgia",2009,159841838.44
"GE","Georgia",2010,63775803.16
"GE","Georgia",2011,48358115.34
"GE","Georgia",2012,83647896.78
"GE","Georgia",2013,63081206.91
"GE","Georgia",2014,46810653.7
"GE","Georgia",2015,26968521.23
"GH","Ghana",1973,0
"GH","Ghana",1974,0
"GH","Ghana",1975,0
"GH","Ghana",1977,0
"GH","Ghana",1979,0
"GH","Ghana",1980,0
"GH","Ghana",1981,0
"GH","Ghana",1983,0
"GH","Ghana",1984,0
"GH","Ghana",1985,0
"GH","Ghana",1986,0
"GH","Ghana",1987,0
"GH","Ghana",1988,0
"GH","Ghana",1989,0
"GH","Ghana",1990,0
"GH","Ghana",1991,0
"GH","Ghana",1992,0
"GH","Ghana",1993,0
"GH","Ghana",1994,0
"GH","Ghana",1995,0
"GH","Ghana",1996,0
"GH","Ghana",1997,0
"GH","Ghana",1998,0
"GH","Ghana",1999,0
"GH","Ghana",2000,272112536.44
"GH","Ghana",2001,271145895.89
"GH","Ghana",2002,178980485.12
"GH","Ghana",2003,346289913.23
"GH","Ghana",2004,376905685.66
"GH","Ghana",2005,406537116.35
"GH","Ghana",2006,4227839078.94
"GH","Ghana",2007,231962116.82
"GH","Ghana",2008,251552331.06
"GH","Ghana",2009,236116380.17
"GH","Ghana",2010,302086997.64
"GH","Ghana",2011,379275548.2
"GH","Ghana",2012,338196904.22
"GH","Ghana",2013,293710609.68
"GH","Ghana",2014,291811617.58
"GH","Ghana",2015,535591658.7
"GD","Grenada",1985,0
"GD","Grenada",1996,0
"GD","Grenada",1998,0
"GD","Grenada",2000,1042082.15
"GD","Grenada",2001,145642
"GD","Grenada",2002,8236004.79
"GD","Grenada",2003,1879186.61
"GD","Grenada",2004,1247124.53
"GD","Grenada",2005,3772157.66
"GD","Grenada",2006,4110133.68
"GD","Grenada",2007,5771813.4
"GD","Grenada",2008,2281661.09
"GD","Grenada",2009,2764634.05
"GD","Grenada",2010,5263159.86
"GD","Grenada",2011,1616578.92
"GD","Grenada",2012,3389327.18
"GD","Grenada",2013,5644528.79
"GD","Grenada",2014,15217924.07
"GD","Grenada",2015,15301158
"GN","Guinea",1975,0
"GN","Guinea",1978,0
"GN","Guinea",1979,0
"GN","Guinea",1981,0
"GN","Guinea",1982,0
"GN","Guinea",1983,0
"GN","Guinea",1984,0
"GN","Guinea",1985,0
"GN","Guinea",1986,0
"GN","Guinea",1987,0
"GN","Guinea",1988,0
"GN","Guinea",1989,0
"GN","Guinea",1990,0
"GN","Guinea",1992,0
"GN","Guinea",1993,0
"GN","Guinea",1994,0
"GN","Guinea",1995,0
"GN","Guinea",1996,0
"GN","Guinea",1997,0
"GN","Guinea",1998,0
"GN","Guinea",1999,0
"GN","Guinea",2000,38641936.74
"GN","Guinea",2001,114237283.75
"GN","Guinea",2002,59136381.07
"GN","Guinea",2003,55838843.27
"GN","Guinea",2004,59529047.7
"GN","Guinea",2005,53266375.81
"GN","Guinea",2006,46985451.96
"GN","Guinea",2007,46297405.28
"GN","Guinea",2008,41468447.39
"GN","Guinea",2009,1710123.94
"GN","Guinea",2010,56837.19
"GN","Guinea",2011,98256305.67
"GN","Guinea",2012,952963877.4
"GN","Guinea",2013,33630759.37
"GN","Guinea",2014,91957943.84
"GN","Guinea",2015,75987578.1
"GW","Guinea-Bissau",1979,0
"GW","Guinea-Bissau",1981,0
"GW","Guinea-Bissau",1983,0
"GW","Guinea-Bissau",1984,0
"GW","Guinea-Bissau",1986,0
"GW","Guinea-Bissau",1987,0
"GW","Guinea-Bissau",1988,0
"GW","Guinea-Bissau",1989,0
"GW","Guinea-Bissau",1990,0
"GW","Guinea-Bissau",1991,0
"GW","Guinea-Bissau",1992,0
"GW","Guinea-Bissau",1993,0
"GW","Guinea-Bissau",1995,0
"GW","Guinea-Bissau",1997,0
"GW","Guinea-Bissau",2000,19241509.23
"GW","Guinea-Bissau",2001,11639337.88
"GW","Guinea-Bissau",2002,11158257.41
"GW","Guinea-Bissau",2003,19907085.26
"GW","Guinea-Bissau",2004,33319444.2
"GW","Guinea-Bissau",2005,19407616.83
"GW","Guinea-Bissau",2006,14160660.04
"GW","Guinea-Bissau",2007,19441916.53
"GW","Guinea-Bissau",2008,22441105.61
"GW","Guinea-Bissau",2009,20900545.65
"GW","Guinea-Bissau",2010,15234573.2
"GW","Guinea-Bissau",2011,215561804.23
"GW","Guinea-Bissau",2012,10440662.52
"GW","Guinea-Bissau",2013,7590504.72
"GW","Guinea-Bissau",2014,17218206.92
"GW","Guinea-Bissau",2015,9302977.1
"GY","Guyana",1975,0
"GY","Guyana",1978,0
"GY","Guyana",1981,0
"GY","Guyana",1985,0
"GY","Guyana",1990,0
"GY","Guyana",1991,0
"GY","Guyana",1992,0
"GY","Guyana",1994,0
"GY","Guyana",1995,0
"GY","Guyana",1996,0
"GY","Guyana",1997,0
"GY","Guyana",1998,0
"GY","Guyana",1999,0
"GY","Guyana",2000,8529919.62
"GY","Guyana",2001,12919919
"GY","Guyana",2002,10800874.91
"GY","Guyana",2003,26854158.02
"GY","Guyana",2004,10244633.37
"GY","Guyana",2005,5306093.81
"GY","Guyana",2006,244672869.83
"GY","Guyana",2007,2511502.85
"GY","Guyana",2008,5215132.32
"GY","Guyana",2009,7920201.48
"GY","Guyana",2010,2821004.82
"GY","Guyana",2011,803960.89
"GY","Guyana",2012,997920.83
"GY","Guyana",2013,1810912.93
"GY","Guyana",2014,2197534.17
"GY","Guyana",2015,7188042.7
"HT","Haiti",1974,0
"HT","Haiti",1975,0
"HT","Haiti",1976,0
"HT","Haiti",1977,0
"HT","Haiti",1978,0
"HT","Haiti",1979,0
"HT","Haiti",1981,0
"HT","Haiti",1982,0
"HT","Haiti",1983,0
"HT","Haiti",1984,0
"HT","Haiti",1985,0
"HT","Haiti",1987,0
"HT","Haiti",1989,0
"HT","Haiti",1990,0
"HT","Haiti",1991,0
"HT","Haiti",1994,0
"HT","Haiti",1995,0
"HT","Haiti",2000,9831120.76
"HT","Haiti",2001,4129474.73
"HT","Haiti",2002,19176.22
"HT","Haiti",2003,0
"HT","Haiti",2004,0
"HT","Haiti",2005,52077595.95
"HT","Haiti",2006,20350676.16
"HT","Haiti",2007,36417683.76
"HT","Haiti",2008,22758381.52
"HT","Haiti",2009,473434283.36
"HT","Haiti",2010,98993286.21
"HT","Haiti",2011,56526400.56
"HT","Haiti",2012,76663146.02
"HT","Haiti",2013,83478613.48
"HT","Haiti",2014,54565957.33
"HT","Haiti",2015,44700180.8
"HN","Honduras",1973,0
"HN","Honduras",1974,0
"HN","Honduras",1976,0
"HN","Honduras",1977,0
"HN","Honduras",1978,0
"HN","Honduras",1980,0
"HN","Honduras",1991,0
"HN","Honduras",1992,0
"HN","Honduras",1993,0
"HN","Honduras",1994,0
"HN","Honduras",1995,0
"HN","Honduras",1996,0
"HN","Honduras",1997,0
"HN","Honduras",1998,0
"HN","Honduras",1999,0
"HN","Honduras",2000,100380444.99
"HN","Honduras",2001,137673269.02
"HN","Honduras",2002,119668119.23
"HN","Honduras",2003,53148033.26
"HN","Honduras",2004,136879796.89
"HN","Honduras",2005,165895765.65
"HN","Honduras",2006,1201627159.8
"HN","Honduras",2007,52383679.95
"HN","Honduras",2008,46980636.82
"HN","Honduras",2009,46872474.14
"HN","Honduras",2010,102335037.55
"HN","Honduras",2011,119382486.22
"HN","Honduras",2012,72022531.01
"HN","Honduras",2013,81241451.49
"HN","Honduras",2014,87337163.54
"HN","Honduras",2015,84521311.9
"IN","India",1973,0
"IN","India",1974,0
"IN","India",1975,0
"IN","India",1976,0
"IN","India",1977,0
"IN","India",1978,0
"IN","India",1979,0
"IN","India",1980,0
"IN","India",1981,0
"IN","India",1982,0
"IN","India",1983,0
"IN","India",1984,0
"IN","India",1985,0
"IN","India",1986,0
"IN","India",1987,0
"IN","India",1988,0
"IN","India",1989,0
"IN","India",1990,0
"IN","India",1991,0
"IN","India",1992,0
"IN","India",1993,0
"IN","India",1994,0
"IN","India",1995,0
"IN","India",1996,0
"IN","India",1997,0
"IN","India",1998,0
"IN","India",1999,0
"IN","India",2000,1238712898.05
"IN","India",2001,1434080380.77
"IN","India",2002,1629638559.29
"IN","India",2003,867665056.33
"IN","India",2004,1191879008.54
"IN","India",2005,1396702212.62
"IN","India",2006,1042592426.05
"IN","India",2007,773807831.82
"IN","India",2008,883116943.56
"IN","India",2009,1199333860.93
"IN","India",2010,1002587904.35
"IN","India",2011,1504364557.43
"IN","India",2012,613236237.83
"IN","India",2013,842386412.54
"IN","India",2014,1416758141.07
"IN","India",2015,1186246620.8
"ID","Indonesia",1973,0
"ID","Indonesia",1974,0
"ID","Indonesia",1978,0
"ID","Indonesia",1979,0
"ID","Indonesia",1980,0
"ID","Indonesia",1999,0
"ID","Indonesia",2000,79096513.4
"ID","Indonesia",2001,55295544.38
"ID","Indonesia",2002,117764241.75
"ID","Indonesia",2003,108424622.33
"ID","Indonesia",2004,133386830.9
"ID","Indonesia",2005,71378891.76
"ID","Indonesia",2006,327722319.68
"ID","Indonesia",2007,211429143.71
"ID","Indonesia",2008,453525182.12
"ID","Indonesia",2009,231421144.59
"ID","Indonesia",2010,133788386.54
"ID","Indonesia",2011,29234041.96
"ID","Indonesia",2012,22984132.29
"ID","Indonesia",2013,3599408.93
"ID","Indonesia",2014,-2927906.76
"ID","Indonesia",2015,-451876.65
"IQ","Iraq",2005,0
"IQ","Iraq",2006,0
"IQ","Iraq",2007,0
"IQ","Iraq",2008,11282178.7
"IQ","Iraq",2009,30318764.19
"IQ","Iraq",2010,56174255.14
"IQ","Iraq",2011,37269690.7
"IQ","Iraq",2012,53523374.3
"IQ","Iraq",2013,56543343.85
"IQ","Iraq",2014,65622019.51
"IQ","Iraq",2015,27988984
"JO","Jordan",1973,0
"JO","Jordan",1974,0
"JO","Jordan",1975,0
"JO","Jordan",1976,0
"JO","Jordan",1978,0
"JO","Jordan",2000,0
"JO","Jordan",2001,0
"JO","Jordan",2002,0
"JO","Jordan",2003,0
"JO","Jordan",2004,0
"JO","Jordan",2005,0
"JO","Jordan",2006,0
"JO","Jordan",2007,0
"JO","Jordan",2008,0
"JO","Jordan",2009,0
"JO","Jordan",2010,0
"JO","Jordan",2011,0
"JO","Jordan",2012,0
"JO","Jordan",2013,0
"KE","Kenya",1974,0
"KE","Kenya",1975,0
"KE","Kenya",1976,0
"KE","Kenya",1977,0
"KE","Kenya",1978,0
"KE","Kenya",1979,0
"KE","Kenya",1980,0
"KE","Kenya",1981,0
"KE","Kenya",1982,0
"KE","Kenya",1983,0
"KE","Kenya",1984,0
"KE","Kenya",1985,0
"KE","Kenya",1986,0
"KE","Kenya",1987,0
"KE","Kenya",1988,0
"KE","Kenya",1989,0
"KE","Kenya",1990,0
"KE","Kenya",1991,0
"KE","Kenya",1992,0
"KE","Kenya",1993,0
"KE","Kenya",1994,0
"KE","Kenya",1995,0
"KE","Kenya",1996,0
"KE","Kenya",1997,0
"KE","Kenya",1998,0
"KE","Kenya",2000,227394123.87
"KE","Kenya",2001,163102984.37
"KE","Kenya",2002,89147055.56
"KE","Kenya",2003,180554019.28
"KE","Kenya",2004,106905833.42
"KE","Kenya",2005,38210092.4
"KE","Kenya",2006,57204617.09
"KE","Kenya",2007,161947978.43
"KE","Kenya",2008,173483770.31
"KE","Kenya",2009,156298529.85
"KE","Kenya",2010,207548716.63
"KE","Kenya",2011,237163057.29
"KE","Kenya",2012,271600279.42
"KE","Kenya",2013,441470904.51
"KE","Kenya",2014,521051074.45
"KE","Kenya",2015,472325495.54
"KI","Kiribati",2011,181436.34
"KI","Kiribati",2012,799569.62
"KI","Kiribati",2013,7430165.98
"KI","Kiribati",2014,11970994.42
"KI","Kiribati",2015,13856459.54
"KR","Korea",1973,0
"XK","Kosovo",2011,10548777.89
"XK","Kosovo",2012,12660255.4
"XK","Kosovo",2013,9280483.78
"XK","Kosovo",2014,11799688.33
"XK","Kosovo",2015,8080498.49
"KG","Kyrgyzstan",1993,0
"KG","Kyrgyzstan",1994,0
"KG","Kyrgyzstan",1995,0
"KG","Kyrgyzstan",1996,0
"KG","Kyrgyzstan",1997,0
"KG","Kyrgyzstan",1998,0
"KG","Kyrgyzstan",1999,0
"KG","Kyrgyzstan",2000,69041037.32
"KG","Kyrgyzstan",2001,37470540.14
"KG","Kyrgyzstan",2002,45298459.48
"KG","Kyrgyzstan",2003,38768965.22
"KG","Kyrgyzstan",2004,29080142.68
"KG","Kyrgyzstan",2005,42338017.6
"KG","Kyrgyzstan",2006,37238392.49
"KG","Kyrgyzstan",2007,47367747.01
"KG","Kyrgyzstan",2008,35397213.87
"KG","Kyrgyzstan",2009,36708259.16
"KG","Kyrgyzstan",2010,54699333.32
"KG","Kyrgyzstan",2011,76010638.63
"KG","Kyrgyzstan",2012,62145724.66
"KG","Kyrgyzstan",2013,69057854.28
"KG","Kyrgyzstan",2014,52251319.51
"KG","Kyrgyzstan",2015,42235030.54
"LA","Lao",1978,0
"LA","Lao",1979,0
"LA","Lao",1980,0
"LA","Lao",1982,0
"LA","Lao",1984,0
"LA","Lao",1986,0
"LA","Lao",1987,0
"LA","Lao",1988,0
"LA","Lao",1989,0
"LA","Lao",1990,0
"LA","Lao",1991,0
"LA","Lao",1992,0
"LA","Lao",1993,0
"LA","Lao",1994,0
"LA","Lao",1995,0
"LA","Lao",1996,0
"LA","Lao",1997,0
"LA","Lao",1998,0
"LA","Lao",1999,0
"LA","Lao",2000,27003609.01
"LA","Lao",2001,43325250.27
"LA","Lao",2002,44363333.14
"LA","Lao",2003,57835608.21
"LA","Lao",2004,40580611.06
"LA","Lao",2005,48872153.09
"LA","Lao",2006,46115949.84
"LA","Lao",2007,40922484.69
"LA","Lao",2008,48449630.05
"LA","Lao",2009,42296310.81
"LA","Lao",2010,48895500.63
"LA","Lao",2011,39734098.53
"LA","Lao",2012,60145349.96
"LA","Lao",2013,57639557.73
"LA","Lao",2014,32143961.36
"LA","Lao",2015,28813534.2
"LS","Lesotho",1973,0
"LS","Lesotho",1974,0
"LS","Lesotho",1976,0
"LS","Lesotho",1977,0
"LS","Lesotho",1978,0
"LS","Lesotho",1979,0
"LS","Lesotho",1980,0
"LS","Lesotho",1981,0
"LS","Lesotho",1984,0
"LS","Lesotho",1985,0
"LS","Lesotho",1986,0
"LS","Lesotho",1988,0
"LS","Lesotho",1989,0
"LS","Lesotho",1991,0
"LS","Lesotho",1992,0
"LS","Lesotho",1995,0
"LS","Lesotho",1996,0
"LS","Lesotho",1998,0
"LS","Lesotho",1999,0
"LS","Lesotho",2000,10410819.63
"LS","Lesotho",2001,17893826.88
"LS","Lesotho",2002,30072345.21
"LS","Lesotho",2003,18618435.7
"LS","Lesotho",2004,16059161.99
"LS","Lesotho",2005,14187240.06
"LS","Lesotho",2006,12238404.96
"LS","Lesotho",2007,17345540.97
"LS","Lesotho",2008,24238544.37
"LS","Lesotho",2009,17193362.41
"LS","Lesotho",2010,38807260.84
"LS","Lesotho",2011,22452196.24
"LS","Lesotho",2012,4849414.19
"LS","Lesotho",2013,38966713.98
"LS","Lesotho",2014,11672795
"LS","Lesotho",2015,13223995.8
"LR","Liberia",1973,0
"LR","Liberia",1975,0
"LR","Liberia",1977,0
"LR","Liberia",1978,0
"LR","Liberia",1979,0
"LR","Liberia",1981,0
"LR","Liberia",1982,0
"LR","Liberia",1983,0
"LR","Liberia",1984,0
"LR","Liberia",1985,0
"LR","Liberia",2000,0
"LR","Liberia",2006,1178363.42
"LR","Liberia",2007,426785538.76
"LR","Liberia",2008,8162784.45
"LR","Liberia",2009,43470168.07
"LR","Liberia",2010,100149683.01
"LR","Liberia",2011,55561768.4
"LR","Liberia",2012,37592754.34
"LR","Liberia",2013,39381799.59
"LR","Liberia",2014,90091082.26
"LR","Liberia",2015,184544525.9
"MK","Macedonia",1994,0
"MK","Macedonia",1995,0
"MK","Macedonia",1996,0
"MK","Macedonia",1997,0
"MK","Macedonia",1998,0
"MK","Macedonia",1999,0
"MK","Macedonia",2000,51263557.02
"MK","Macedonia",2001,20902087.17
"MK","Macedonia",2002,24686165.61
"MK","Macedonia",2003,39270330.77
"MK","Macedonia",2004,15451159.05
"MK","Macedonia",2005,8368324.86
"MK","Macedonia",2006,5655810.2
"MK","Macedonia",2007,-10989.98
"MK","Macedonia",2008,0
"MK","Macedonia",2009,0
"MK","Macedonia",2010,0
"MK","Macedonia",2011,0
"MK","Macedonia",2012,0
"MK","Macedonia",2013,0
"MK","Macedonia",2014,0
"MK","Macedonia",2015,0
"MG","Madagascar",1973,0
"MG","Madagascar",1974,0
"MG","Madagascar",1975,0
"MG","Madagascar",1976,0
"MG","Madagascar",1978,0
"MG","Madagascar",1979,0
"MG","Madagascar",1980,0
"MG","Madagascar",1981,0
"MG","Madagascar",1982,0
"MG","Madagascar",1983,0
"MG","Madagascar",1984,0
"MG","Madagascar",1985,0
"MG","Madagascar",1986,0
"MG","Madagascar",1987,0
"MG","Madagascar",1988,0
"MG","Madagascar",1989,0
"MG","Madagascar",1990,0
"MG","Madagascar",1991,0
"MG","Madagascar",1992,0
"MG","Madagascar",1993,0
"MG","Madagascar",1994,0
"MG","Madagascar",1995,0
"MG","Madagascar",1996,0
"MG","Madagascar",1997,0
"MG","Madagascar",1998,0
"MG","Madagascar",1999,0
"MG","Madagascar",2000,125282303.71
"MG","Madagascar",2001,157129481.87
"MG","Madagascar",2002,242817388.95
"MG","Madagascar",2003,251997333.75
"MG","Madagascar",2004,367034250.97
"MG","Madagascar",2005,258969870.82
"MG","Madagascar",2006,2165959269.84
"MG","Madagascar",2007,201630866.97
"MG","Madagascar",2008,198807485.4
"MG","Madagascar",2009,34487639.15
"MG","Madagascar",2010,75672691.59
"MG","Madagascar",2011,42523557.13
"MG","Madagascar",2012,48079266.29
"MG","Madagascar",2013,78843759.97
"MG","Madagascar",2014,116597883.74
"MG","Madagascar",2015,121038517.46
"MW","Malawi",1973,0
"MW","Malawi",1974,0
"MW","Malawi",1975,0
"MW","Malawi",1977,0
"MW","Malawi",1978,0
"MW","Malawi",1979,0
"MW","Malawi",1980,0
"MW","Malawi",1981,0
"MW","Malawi",1982,0
"MW","Malawi",1983,0
"MW","Malawi",1984,0
"MW","Malawi",1985,0
"MW","Malawi",1987,0
"MW","Malawi",1988,0
"MW","Malawi",1989,0
"MW","Malawi",1990,0
"MW","Malawi",1991,0
"MW","Malawi",1992,0
"MW","Malawi",1993,0
"MW","Malawi",1994,0
"MW","Malawi",1995,0
"MW","Malawi",1996,0
"MW","Malawi",1997,0
"MW","Malawi",1998,0
"MW","Malawi",1999,0
"MW","Malawi",2000,129380672.52
"MW","Malawi",2001,174919044.23
"MW","Malawi",2002,94961234.58
"MW","Malawi",2003,114886969.84
"MW","Malawi",2004,106738627.74
"MW","Malawi",2005,147942530.14
"MW","Malawi",2006,2034655079.48
"MW","Malawi",2007,874810218.22
"MW","Malawi",2008,48957677.74
"MW","Malawi",2009,78603973.93
"MW","Malawi",2010,124819339.54
"MW","Malawi",2011,64061833.28
"MW","Malawi",2012,144697913.84
"MW","Malawi",2013,179002085.65
"MW","Malawi",2014,156157163.62
"MW","Malawi",2015,160045569.51
"MV","Maldives",1979,0
"MV","Maldives",1983,0
"MV","Maldives",1989,0
"MV","Maldives",1990,0
"MV","Maldives",1992,0
"MV","Maldives",1995,0
"MV","Maldives",2000,4435470.22
"MV","Maldives",2001,156873.15
"MV","Maldives",2002,4355676.24
"MV","Maldives",2003,3811426.3
"MV","Maldives",2004,6630076.06
"MV","Maldives",2005,10752580.38
"MV","Maldives",2006,3545979.71
"MV","Maldives",2007,4999280.85
"MV","Maldives",2008,3862669.34
"MV","Maldives",2009,5460397.46
"MV","Maldives",2010,16205954.88
"MV","Maldives",2011,5723191.53
"MV","Maldives",2012,6923235.12
"MV","Maldives",2013,5849896.99
"MV","Maldives",2014,3383405.76
"MV","Maldives",2015,6267406.61
"ML","Mali",1973,0
"ML","Mali",1974,0
"ML","Mali",1975,0
"ML","Mali",1976,0
"ML","Mali",1977,0
"ML","Mali",1978,0
"ML","Mali",1979,0
"ML","Mali",1980,0
"ML","Mali",1981,0
"ML","Mali",1982,0
"ML","Mali",1983,0
"ML","Mali",1984,0
"ML","Mali",1985,0
"ML","Mali",1986,0
"ML","Mali",1988,0
"ML","Mali",1989,0
"ML","Mali",1990,0
"ML","Mali",1991,0
"ML","Mali",1992,0
"ML","Mali",1993,0
"ML","Mali",1994,0
"ML","Mali",1995,0
"ML","Mali",1996,0
"ML","Mali",1997,0
"ML","Mali",1998,0
"ML","Mali",2000,68568210.36
"ML","Mali",2001,112797689
"ML","Mali",2002,137778998.09
"ML","Mali",2003,145861923.72
"ML","Mali",2004,97430334.34
"ML","Mali",2005,140550482.52
"ML","Mali",2006,1431353786.44
"ML","Mali",2007,145653768.8
"ML","Mali",2008,104019714.02
"ML","Mali",2009,159105161.29
"ML","Mali",2010,145905566.92
"ML","Mali",2011,136816256.89
"ML","Mali",2012,66638083.6
"ML","Mali",2013,139450305.87
"ML","Mali",2014,112772200.76
"ML","Mali",2015,239445333.4
"MH","Marshall Islands",2013,2727611.61
"MH","Marshall Islands",2014,0
"MH","Marshall Islands",2015,1200000
"MR","Mauritania",1973,0
"MR","Mauritania",1974,0
"MR","Mauritania",1975,0
"MR","Mauritania",1976,0
"MR","Mauritania",1977,0
"MR","Mauritania",1979,0
"MR","Mauritania",1981,0
"MR","Mauritania",1982,0
"MR","Mauritania",1983,0
"MR","Mauritania",1985,0
"MR","Mauritania",1986,0
"MR","Mauritania",1987,0
"MR","Mauritania",1988,0
"MR","Mauritania",1990,0
"MR","Mauritania",1992,0
"MR","Mauritania",1993,0
"MR","Mauritania",1994,0
"MR","Mauritania",1995,0
"MR","Mauritania",1996,0
"MR","Mauritania",1997,0
"MR","Mauritania",1998,0
"MR","Mauritania",1999,0
"MR","Mauritania",2000,82590953.11
"MR","Mauritania",2001,74767345.59
"MR","Mauritania",2002,64022819.82
"MR","Mauritania",2003,57686398.45
"MR","Mauritania",2004,53948415.06
"MR","Mauritania",2005,55990811.91
"MR","Mauritania",2006,688344819.6
"MR","Mauritania",2007,69001266.69
"MR","Mauritania",2008,41031154.14
"MR","Mauritania",2009,36425462.26
"MR","Mauritania",2010,36526458.49
"MR","Mauritania",2011,30769559
"MR","Mauritania",2012,36902369.68
"MR","Mauritania",2013,11932315.58
"MR","Mauritania",2014,11201740.84
"MR","Mauritania",2015,17896332
"MU","Mauritius",1973,0
"MU","Mauritius",1974,0
"MU","Mauritius",2000,0
"MU","Mauritius",2001,0
"MU","Mauritius",2002,0
"MU","Mauritius",2003,0
"MU","Mauritius",2004,0
"MU","Mauritius",2005,0
"MU","Mauritius",2006,0
"MU","Mauritius",2007,0
"MU","Mauritius",2008,0
"MU","Mauritius",2009,0
"MU","Mauritius",2010,0
"MU","Mauritius",2011,0
"MU","Mauritius",2012,0
"MU","Mauritius",2013,0
"FM","Micronesia",2014,0
"FM","Micronesia",2015,2617145.8
"MD","Moldova",1997,0
"MD","Moldova",1998,0
"MD","Moldova",1999,0
"MD","Moldova",2000,40139881.55
"MD","Moldova",2001,19899363.54
"MD","Moldova",2002,29662266.27
"MD","Moldova",2003,18987506.9
"MD","Moldova",2004,19361467.45
"MD","Moldova",2005,26332611.65
"MD","Moldova",2006,27526878.55
"MD","Moldova",2007,43453913.67
"MD","Moldova",2008,27455559.88
"MD","Moldova",2009,24147811.46
"MD","Moldova",2010,62664910.89
"MD","Moldova",2011,50454059.93
"MD","Moldova",2012,70207583.09
"MD","Moldova",2013,29499374.46
"MD","Moldova",2014,36542796.34
"MD","Moldova",2015,36361296.03
"MN","Mongolia",1991,0
"MN","Mongolia",1993,0
"MN","Mongolia",1994,0
"MN","Mongolia",1995,0
"MN","Mongolia",1996,0
"MN","Mongolia",1997,0
"MN","Mongolia",1998,0
"MN","Mongolia",1999,0
"MN","Mongolia",2000,18774100.94
"MN","Mongolia",2001,32994475.38
"MN","Mongolia",2002,18878878.66
"MN","Mongolia",2003,34147660.34
"MN","Mongolia",2004,53301542.31
"MN","Mongolia",2005,14670246.14
"MN","Mongolia",2006,14344385.92
"MN","Mongolia",2007,23413836.46
"MN","Mongolia",2008,19038212.98
"MN","Mongolia",2009,61472448.83
"MN","Mongolia",2010,30739357.88
"MN","Mongolia",2011,53803646.43
"MN","Mongolia",2012,27029018.82
"MN","Mongolia",2013,11786097.61
"MN","Mongolia",2014,14901984.27
"MN","Mongolia",2015,12762793.41
"ME","Montenegro",2002,0
"ME","Montenegro",2003,9713322.43
"ME","Montenegro",2004,22039841.3
"ME","Montenegro",2005,4044844.07
"ME","Montenegro",2006,14554845.25
"ME","Montenegro",2007,7469237.54
"ME","Montenegro",2008,14165770.8
"ME","Montenegro",2009,4801877.99
"ME","Montenegro",2010,2928659.2
"ME","Montenegro",2011,3753682.67
"ME","Montenegro",2012,3468950.48
"ME","Montenegro",2013,997300.83
"ME","Montenegro",2014,0
"ME","Montenegro",2015,0
"MA","Morocco",1975,0
"MA","Morocco",2000,0
"MA","Morocco",2001,0
"MA","Morocco",2002,0
"MA","Morocco",2003,0
"MA","Morocco",2004,0
"MA","Morocco",2005,0
"MA","Morocco",2006,0
"MA","Morocco",2007,0
"MA","Morocco",2008,0
"MA","Morocco",2009,0
"MA","Morocco",2010,0
"MA","Morocco",2011,0
"MA","Morocco",2012,0
"MA","Morocco",2013,0
"MZ","Mozambique",1985,0
"MZ","Mozambique",1987,0
"MZ","Mozambique",1988,0
"MZ","Mozambique",1989,0
"MZ","Mozambique",1990,0
"MZ","Mozambique",1991,0
"MZ","Mozambique",1992,0
"MZ","Mozambique",1993,0
"MZ","Mozambique",1994,0
"MZ","Mozambique",1995,0
"MZ","Mozambique",1997,0
"MZ","Mozambique",1998,0
"MZ","Mozambique",1999,0
"MZ","Mozambique",2000,134533453.03
"MZ","Mozambique",2001,79474701.55
"MZ","Mozambique",2002,410713925.19
"MZ","Mozambique",2003,200226158.34
"MZ","Mozambique",2004,225557191.62
"MZ","Mozambique",2005,272882685.23
"MZ","Mozambique",2006,1502863537.42
"MZ","Mozambique",2007,242900811.79
"MZ","Mozambique",2008,257227326.3
"MZ","Mozambique",2009,203979600.89
"MZ","Mozambique",2010,158889438.07
"MZ","Mozambique",2011,91522567.88
"MZ","Mozambique",2012,211399603.87
"MZ","Mozambique",2013,341909769.87
"MZ","Mozambique",2014,297135474.75
"MZ","Mozambique",2015,361648943.6
"MM","Myanmar",1973,0
"MM","Myanmar",1974,0
"MM","Myanmar",1975,0
"MM","Myanmar",1976,0
"MM","Myanmar",1977,0
"MM","Myanmar",1978,0
"MM","Myanmar",1979,0
"MM","Myanmar",1980,0
"MM","Myanmar",1981,0
"MM","Myanmar",1982,0
"MM","Myanmar",1983,0
"MM","Myanmar",1984,0
"MM","Myanmar",1985,0
"MM","Myanmar",1986,0
"MM","Myanmar",1987,0
"MM","Myanmar",2012,0
"MM","Myanmar",2013,379101608.05
"MM","Myanmar",2014,28465648.79
"MM","Myanmar",2015,69967847.3
"NP","Nepal",1973,0
"NP","Nepal",1974,0
"NP","Nepal",1976,0
"NP","Nepal",1977,0
"NP","Nepal",1978,0
"NP","Nepal",1979,0
"NP","Nepal",1980,0
"NP","Nepal",1981,0
"NP","Nepal",1982,0
"NP","Nepal",1983,0
"NP","Nepal",1984,0
"NP","Nepal",1985,0
"NP","Nepal",1986,0
"NP","Nepal",1987,0
"NP","Nepal",1988,0
"NP","Nepal",1989,0
"NP","Nepal",1990,0
"NP","Nepal",1991,0
"NP","Nepal",1992,0
"NP","Nepal",1994,0
"NP","Nepal",1997,0
"NP","Nepal",1999,0
"NP","Nepal",2000,65026352.81
"NP","Nepal",2001,60726208.91
"NP","Nepal",2002,46101778.46
"NP","Nepal",2003,121323983.87
"NP","Nepal",2004,79402336.09
"NP","Nepal",2005,49071462.77
"NP","Nepal",2006,67493694.64
"NP","Nepal",2007,75223686.73
"NP","Nepal",2008,93618565.04
"NP","Nepal",2009,148851148.14
"NP","Nepal",2010,163508497.58
"NP","Nepal",2011,174001434.23
"NP","Nepal",2012,173455550.58
"NP","Nepal",2013,214995423.2
"NP","Nepal",2014,194834350.58
"NP","Nepal",2015,297954025.74
"NI","Nicaragua",1980,0
"NI","Nicaragua",1991,0
"NI","Nicaragua",1992,0
"NI","Nicaragua",1993,0
"NI","Nicaragua",1994,0
"NI","Nicaragua",1995,0
"NI","Nicaragua",1996,0
"NI","Nicaragua",1998,0
"NI","Nicaragua",1999,0
"NI","Nicaragua",2000,116425908.62
"NI","Nicaragua",2001,95964178.76
"NI","Nicaragua",2002,108148929.38
"NI","Nicaragua",2003,144134692.21
"NI","Nicaragua",2004,149072279.28
"NI","Nicaragua",2005,79364439.87
"NI","Nicaragua",2006,1077460558.89
"NI","Nicaragua",2007,51292842.66
"NI","Nicaragua",2008,26036697.47
"NI","Nicaragua",2009,66278807.66
"NI","Nicaragua",2010,42276753.73
"NI","Nicaragua",2011,46032310.34
"NI","Nicaragua",2012,52408484.35
"NI","Nicaragua",2013,57979314.68
"NI","Nicaragua",2014,47750421.65
"NI","Nicaragua",2015,67085648.8
"NE","Niger",1973,0
"NE","Niger",1974,0
"NE","Niger",1976,0
"NE","Niger",1978,0
"NE","Niger",1979,0
"NE","Niger",1980,0
"NE","Niger",1981,0
"NE","Niger",1982,0
"NE","Niger",1983,0
"NE","Niger",1984,0
"NE","Niger",1985,0
"NE","Niger",1986,0
"NE","Niger",1987,0
"NE","Niger",1988,0
"NE","Niger",1990,0
"NE","Niger",1991,0
"NE","Niger",1992,0
"NE","Niger",1994,0
"NE","Niger",1995,0
"NE","Niger",1996,0
"NE","Niger",1997,0
"NE","Niger",1998,0
"NE","Niger",2000,90764963.85
"NE","Niger",2001,102430374.1
"NE","Niger",2002,107118520.08
"NE","Niger",2003,104865055.78
"NE","Niger",2004,92764222.44
"NE","Niger",2005,117889417.35
"NE","Niger",2006,1099584459.24
"NE","Niger",2007,77587216.61
"NE","Niger",2008,57046530.26
"NE","Niger",2009,36932900.06
"NE","Niger",2010,67635243.11
"NE","Niger",2011,92015271.48
"NE","Niger",2012,104077118.27
"NE","Niger",2013,105039395.52
"NE","Niger",2014,130619624.49
"NE","Niger",2015,96757247.9
"NG","Nigeria",1989,0
"NG","Nigeria",1990,0
"NG","Nigeria",1991,0
"NG","Nigeria",1992,0
"NG","Nigeria",1993,0
"NG","Nigeria",2000,73593668.88
"NG","Nigeria",2001,12748357.86
"NG","Nigeria",2002,25537565.56
"NG","Nigeria",2003,75426313.92
"NG","Nigeria",2004,171047532.73
"NG","Nigeria",2005,281619537.03
"NG","Nigeria",2006,375742378.17
"NG","Nigeria",2007,323273427.05
"NG","Nigeria",2008,324556050.28
"NG","Nigeria",2009,471726773.89
"NG","Nigeria",2010,939700619.18
"NG","Nigeria",2011,603260844.91
"NG","Nigeria",2012,476834431.41
"NG","Nigeria",2013,666037845.93
"NG","Nigeria",2014,830856660.88
"NG","Nigeria",2015,774590772.15
"north-central-america","North & Central America, regional",1994,0
"north-central-america","North & Central America, regional",2005,850188.15
"north-central-america","North & Central America, regional",2007,1111771.37
"north-central-america","North & Central America, regional",2008,1646715.36
"north-central-america","North & Central America, regional",2009,1479448.08
"north-central-america","North & Central America, regional",2010,2594386.33
"north-central-america","North & Central America, regional",2011,-12539.02
"oceania","Oceania, regional",2013,0
"oceania","Oceania, regional",2014,616013.19
"oceania","Oceania, regional",2015,1005079.4
"PK","Pakistan",1973,0
"PK","Pakistan",1974,0
"PK","Pakistan",1975,0
"PK","Pakistan",1976,0
"PK","Pakistan",1977,0
"PK","Pakistan",1978,0
"PK","Pakistan",1979,0
"PK","Pakistan",1980,0
"PK","Pakistan",1981,0
"PK","Pakistan",1982,0
"PK","Pakistan",1983,0
"PK","Pakistan",1984,0
"PK","Pakistan",1985,0
"PK","Pakistan",1986,0
"PK","Pakistan",1987,0
"PK","Pakistan",1988,0
"PK","Pakistan",1989,0
"PK","Pakistan",1990,0
"PK","Pakistan",1991,0
"PK","Pakistan",1992,0
"PK","Pakistan",1993,0
"PK","Pakistan",1994,0
"PK","Pakistan",1995,0
"PK","Pakistan",1996,0
"PK","Pakistan",1997,0
"PK","Pakistan",1998,0
"PK","Pakistan",1999,0
"PK","Pakistan",2000,188542411.04
"PK","Pakistan",2001,841906182.29
"PK","Pakistan",2002,1258327333.73
"PK","Pakistan",2003,140559236.68
"PK","Pakistan",2004,856203451.72
"PK","Pakistan",2005,670481982.32
"PK","Pakistan",2006,889997316.36
"PK","Pakistan",2007,968554079.39
"PK","Pakistan",2008,171706153.41
"PK","Pakistan",2009,1117184413.06
"PK","Pakistan",2010,348305588.02
"PK","Pakistan",2011,778706206.12
"PK","Pakistan",2012,502489855.03
"PK","Pakistan",2013,400065060.99
"PK","Pakistan",2014,1307582420.2
"PK","Pakistan",2015,1618142563.16
"PG","Papua New Guinea",1973,0
"PG","Papua New Guinea",1976,0
"PG","Papua New Guinea",1977,0
"PG","Papua New Guinea",1978,0
"PG","Papua New Guinea",1980,0
"PG","Papua New Guinea",1981,0
"PG","Papua New Guinea",1982,0
"PG","Papua New Guinea",2000,0
"PG","Papua New Guinea",2001,0
"PG","Papua New Guinea",2002,0
"PG","Papua New Guinea",2003,0
"PG","Papua New Guinea",2004,0
"PG","Papua New Guinea",2005,0
"PG","Papua New Guinea",2006,0
"PG","Papua New Guinea",2007,0
"PG","Papua New Guinea",2008,1835896.78
"PG","Papua New Guinea",2009,13478061.9
"PG","Papua New Guinea",2010,7766048.15
"PG","Papua New Guinea",2011,15591172.72
"PG","Papua New Guinea",2012,24408514.25
"PG","Papua New Guinea",2013,24007080.9
"PG","Papua New Guinea",2014,28933856.52
"PG","Papua New Guinea",2015,23873938.3
"PY","Paraguay",1974,0
"PY","Paraguay",1975,0
"PY","Paraguay",1976,0
"PY","Paraguay",2000,0
"PY","Paraguay",2001,0
"PY","Paraguay",2002,0
"PY","Paraguay",2003,0
"PY","Paraguay",2004,0
"PY","Paraguay",2005,0
"PY","Paraguay",2006,0
"PY","Paraguay",2007,0
"PY","Paraguay",2008,0
"PY","Paraguay",2009,0
"PY","Paraguay",2010,0
"PY","Paraguay",2011,0
"PY","Paraguay",2012,0
"PY","Paraguay",2013,0
"PH","Philippines",1973,0
"PH","Philippines",1974,0
"PH","Philippines",1978,0
"PH","Philippines",1979,0
"PH","Philippines",1991,0
"PH","Philippines",1992,0
"PH","Philippines",1993,0
"PH","Philippines",2000,13876369.45
"PH","Philippines",2001,7933683.13
"PH","Philippines",2002,0
"PH","Philippines",2003,0
"PH","Philippines",2004,0
"PH","Philippines",2005,0
"PH","Philippines",2006,0
"PH","Philippines",2007,0
"PH","Philippines",2008,0
"PH","Philippines",2009,0
"PH","Philippines",2010,0
"PH","Philippines",2011,0
"PH","Philippines",2012,0
"PH","Philippines",2013,0
"PH","Philippines",2014,0
"PH","Philippines",2015,0
"RW","Rwanda",1973,0
"RW","Rwanda",1974,0
"RW","Rwanda",1975,0
"RW","Rwanda",1976,0
"RW","Rwanda",1977,0
"RW","Rwanda",1978,0
"RW","Rwanda",1979,0
"RW","Rwanda",1980,0
"RW","Rwanda",1981,0
"RW","Rwanda",1982,0
"RW","Rwanda",1983,0
"RW","Rwanda",1984,0
"RW","Rwanda",1985,0
"RW","Rwanda",1986,0
"RW","Rwanda",1987,0
"RW","Rwanda",1988,0
"RW","Rwanda",1989,0
"RW","Rwanda",1990,0
"RW","Rwanda",1991,0
"RW","Rwanda",1992,0
"RW","Rwanda",1993,0
"RW","Rwanda",1995,0
"RW","Rwanda",1997,0
"RW","Rwanda",1998,0
"RW","Rwanda",1999,0
"RW","Rwanda",2000,49627139.94
"RW","Rwanda",2001,91972266.34
"RW","Rwanda",2002,118026869.54
"RW","Rwanda",2003,48379496.22
"RW","Rwanda",2004,172454601.78
"RW","Rwanda",2005,138218638.2
"RW","Rwanda",2006,970127711.55
"RW","Rwanda",2007,97421684.62
"RW","Rwanda",2008,128791388.24
"RW","Rwanda",2009,108073368.59
"RW","Rwanda",2010,137231304.25
"RW","Rwanda",2011,257855148.2
"RW","Rwanda",2012,88820224.75
"RW","Rwanda",2013,141351708.93
"RW","Rwanda",2014,183573344.59
"RW","Rwanda",2015,297063525.7
"KN","Saint Kitts and Nevis",1991,0
"KN","Saint Kitts and Nevis",2000,0
"KN","Saint Kitts and Nevis",2001,0
"KN","Saint Kitts and Nevis",2002,0
"KN","Saint Kitts and Nevis",2003,0
"KN","Saint Kitts and Nevis",2004,0
"KN","Saint Kitts and Nevis",2005,0
"KN","Saint Kitts and Nevis",2006,0
"KN","Saint Kitts and Nevis",2007,0
"KN","Saint Kitts and Nevis",2008,0
"KN","Saint Kitts and Nevis",2009,0
"KN","Saint Kitts and Nevis",2010,0
"KN","Saint Kitts and Nevis",2011,0
"KN","Saint Kitts and Nevis",2012,0
"KN","Saint Kitts and Nevis",2013,0
"LC","Saint Lucia",1990,0
"LC","Saint Lucia",1995,0
"LC","Saint Lucia",1998,0
"LC","Saint Lucia",1999,0
"LC","Saint Lucia",2000,885932.14
"LC","Saint Lucia",2001,1086319.96
"LC","Saint Lucia",2002,9865898.35
"LC","Saint Lucia",2003,1560005.01
"LC","Saint Lucia",2004,2068381.22
"LC","Saint Lucia",2005,3989346.76
"LC","Saint Lucia",2006,14130335.09
"LC","Saint Lucia",2007,3986245.77
"LC","Saint Lucia",2008,3579599.06
"LC","Saint Lucia",2009,861758.82
"LC","Saint Lucia",2010,10170192.98
"LC","Saint Lucia",2011,4825719.22
"LC","Saint Lucia",2012,789550.39
"LC","Saint Lucia",2013,8836026.62
"LC","Saint Lucia",2014,5011514.02
"LC","Saint Lucia",2015,3327163.39
"VC","Saint Vincent & the Grenadines",1984,0
"VC","Saint Vincent & the Grenadines",1989,0
"VC","Saint Vincent & the Grenadines",1995,0
"VC","Saint Vincent & the Grenadines",1998,0
"VC","Saint Vincent & the Grenadines",2000,28342.87
"VC","Saint Vincent & the Grenadines",2001,1536554.51
"VC","Saint Vincent & the Grenadines",2002,2485361.89
"VC","Saint Vincent & the Grenadines",2003,561222.81
"VC","Saint Vincent & the Grenadines",2004,1524481.42
"VC","Saint Vincent & the Grenadines",2005,3809911.79
"VC","Saint Vincent & the Grenadines",2006,1685092.75
"VC","Saint Vincent & the Grenadines",2007,1892489.29
"VC","Saint Vincent & the Grenadines",2008,1510269.3
"VC","Saint Vincent & the Grenadines",2009,1191734.23
"VC","Saint Vincent & the Grenadines",2010,1503155.07
"VC","Saint Vincent & the Grenadines",2011,730655.23
"VC","Saint Vincent & the Grenadines",2012,1416913.15
"VC","Saint Vincent & the Grenadines",2013,4478087.33
"VC","Saint Vincent & the Grenadines",2014,3092011.05
"VC","Saint Vincent & the Grenadines",2015,1616380.1
"WS","Samoa",1975,0
"WS","Samoa",1979,0
"WS","Samoa",1981,0
"WS","Samoa",1985,0
"WS","Samoa",1986,0
"WS","Samoa",1987,0
"WS","Samoa",1989,0
"WS","Samoa",1990,0
"WS","Samoa",1999,0
"WS","Samoa",2000,7608304.88
"WS","Samoa",2001,4203092.98
"WS","Samoa",2002,1735932.41
"WS","Samoa",2003,3545944.85
"WS","Samoa",2004,2949348.54
"WS","Samoa",2005,9554809.29
"WS","Samoa",2006,4397223.07
"WS","Samoa",2007,6928343.01
"WS","Samoa",2008,2873392.94
"WS","Samoa",2009,3164460.52
"WS","Samoa",2010,22985312.75
"WS","Samoa",2011,2850984.82
"WS","Samoa",2012,4568057.92
"WS","Samoa",2013,16552964.77
"WS","Samoa",2014,4296612.35
"WS","Samoa",2015,18969018.9
"ST","Sao Tome & Principe",1985,0
"ST","Sao Tome & Principe",1987,0
"ST","Sao Tome & Principe",1989,0
"ST","Sao Tome & Principe",1990,0
"ST","Sao Tome & Principe",1992,0
"ST","Sao Tome & Principe",2000,2295505.72
"ST","Sao Tome & Principe",2001,8341560.8
"ST","Sao Tome & Principe",2002,3043061.84
"ST","Sao Tome & Principe",2003,2381348.81
"ST","Sao Tome & Principe",2004,4855140.83
"ST","Sao Tome & Principe",2005,4478681.8
"ST","Sao Tome & Principe",2006,3820281.78
"ST","Sao Tome & Principe",2007,69735218.19
"ST","Sao Tome & Principe",2008,8138427.91
"ST","Sao Tome & Principe",2009,1077803.2
"ST","Sao Tome & Principe",2010,2039082.69
"ST","Sao Tome & Principe",2011,16786198.83
"ST","Sao Tome & Principe",2012,5459343.44
"ST","Sao Tome & Principe",2013,5777569.47
"ST","Sao Tome & Principe",2014,676878.56
"ST","Sao Tome & Principe",2015,904431.14
"SN","Senegal",1973,0
"SN","Senegal",1975,0
"SN","Senegal",1976,0
"SN","Senegal",1978,0
"SN","Senegal",1979,0
"SN","Senegal",1980,0
"SN","Senegal",1981,0
"SN","Senegal",1982,0
"SN","Senegal",1983,0
"SN","Senegal",1984,0
"SN","Senegal",1985,0
"SN","Senegal",1986,0
"SN","Senegal",1987,0
"SN","Senegal",1988,0
"SN","Senegal",1989,0
"SN","Senegal",1990,0
"SN","Senegal",1991,0
"SN","Senegal",1992,0
"SN","Senegal",1993,0
"SN","Senegal",1994,0
"SN","Senegal",1995,0
"SN","Senegal",1996,0
"SN","Senegal",1997,0
"SN","Senegal",1998,0
"SN","Senegal",1999,0
"SN","Senegal",2000,130454145.2
"SN","Senegal",2001,189551302.65
"SN","Senegal",2002,176861333.84
"SN","Senegal",2003,144884024.53
"SN","Senegal",2004,209396838.56
"SN","Senegal",2005,212715227.37
"SN","Senegal",2006,1947062224.05
"SN","Senegal",2007,128251831.82
"SN","Senegal",2008,123477540.93
"SN","Senegal",2009,129861081.18
"SN","Senegal",2010,107940514.24
"SN","Senegal",2011,158828188.11
"SN","Senegal",2012,132616215.15
"SN","Senegal",2013,126271092.1
"SN","Senegal",2014,132480877.62
"SN","Senegal",2015,172838043.1
"RS","Serbia",2002,216180041.46
"RS","Serbia",2003,103929894.68
"RS","Serbia",2004,164104647.33
"RS","Serbia",2005,94705191.9
"RS","Serbia",2006,47964097.14
"RS","Serbia",2007,51437835.51
"RS","Serbia",2008,38931360.78
"RS","Serbia",2009,21939122.77
"RS","Serbia",2010,23190393.29
"RS","Serbia",2011,21310925.61
"RS","Serbia",2012,18477951.27
"RS","Serbia",2013,7725715.38
"RS","Serbia",2014,643314.2
"RS","Serbia",2015,0
"SL","Sierra Leone",1975,0
"SL","Sierra Leone",1977,0
"SL","Sierra Leone",1980,0
"SL","Sierra Leone",1981,0
"SL","Sierra Leone",1982,0
"SL","Sierra Leone",1983,0
"SL","Sierra Leone",1984,0
"SL","Sierra Leone",1986,0
"SL","Sierra Leone",1992,0
"SL","Sierra Leone",1993,0
"SL","Sierra Leone",1994,0
"SL","Sierra Leone",1995,0
"SL","Sierra Leone",1996,0
"SL","Sierra Leone",1999,0
"SL","Sierra Leone",2000,93547280.42
"SL","Sierra Leone",2001,97630647.15
"SL","Sierra Leone",2002,64685920.71
"SL","Sierra Leone",2003,40788859.64
"SL","Sierra Leone",2004,50842246.45
"SL","Sierra Leone",2005,63610763.02
"SL","Sierra Leone",2006,57382015.25
"SL","Sierra Leone",2007,539519702.18
"SL","Sierra Leone",2008,46683692.37
"SL","Sierra Leone",2009,34242822.04
"SL","Sierra Leone",2010,53872890.82
"SL","Sierra Leone",2011,53625018.71
"SL","Sierra Leone",2012,59020624.18
"SL","Sierra Leone",2013,39930659.14
"SL","Sierra Leone",2014,108253394.82
"SL","Sierra Leone",2015,79936068.46
"SB","Solomon Islands",1981,0
"SB","Solomon Islands",1982,0
"SB","Solomon Islands",1984,0
"SB","Solomon Islands",1985,0
"SB","Solomon Islands",1986,0
"SB","Solomon Islands",1993,0
"SB","Solomon Islands",1999,0
"SB","Solomon Islands",2000,776870.88
"SB","Solomon Islands",2001,1588722.84
"SB","Solomon Islands",2002,346416.11
"SB","Solomon Islands",2003,214578.8
"SB","Solomon Islands",2004,1398260.52
"SB","Solomon Islands",2005,934160.17
"SB","Solomon Islands",2006,362446.74
"SB","Solomon Islands",2007,-36451.85
"SB","Solomon Islands",2008,343906.98
"SB","Solomon Islands",2009,798021.54
"SB","Solomon Islands",2010,1154822.31
"SB","Solomon Islands",2011,4937379.58
"SB","Solomon Islands",2012,6950575.37
"SB","Solomon Islands",2013,5106932.16
"SB","Solomon Islands",2014,3343767.98
"SB","Solomon Islands",2015,8870462.54
"SO","Somalia",1973,0
"SO","Somalia",1974,0
"SO","Somalia",1975,0
"SO","Somalia",1976,0
"SO","Somalia",1977,0
"SO","Somalia",1978,0
"SO","Somalia",1979,0
"SO","Somalia",1980,0
"SO","Somalia",1981,0
"SO","Somalia",1982,0
"SO","Somalia",1983,0
"SO","Somalia",1984,0
"SO","Somalia",1985,0
"SO","Somalia",1986,0
"SO","Somalia",1987,0
"SO","Somalia",1988,0
"SO","Somalia",1989,0
"SO","Somalia",1990,0
"SO","Somalia",2007,0
"south-america","South America, regional",1993,0
"south-of-sahara","South of Sahara, regional",1983,0
"south-of-sahara","South of Sahara, regional",1990,0
"south-of-sahara","South of Sahara, regional",2000,0
"south-of-sahara","South of Sahara, regional",2001,2703025.93
"south-of-sahara","South of Sahara, regional",2002,2878961.09
"south-of-sahara","South of Sahara, regional",2003,6508592.25
"south-of-sahara","South of Sahara, regional",2004,6606530.38
"south-of-sahara","South of Sahara, regional",2005,12074071.28
"south-of-sahara","South of Sahara, regional",2006,8663751.77
"south-of-sahara","South of Sahara, regional",2007,5022431.58
"south-of-sahara","South of Sahara, regional",2008,2652514.75
"south-of-sahara","South of Sahara, regional",2009,20499328.02
"south-of-sahara","South of Sahara, regional",2010,31752184.93
"south-of-sahara","South of Sahara, regional",2011,37461824.19
"south-of-sahara","South of Sahara, regional",2012,20099781.61
"south-of-sahara","South of Sahara, regional",2013,5930729.65
"south-of-sahara","South of Sahara, regional",2014,4809119.34
"south-of-sahara","South of Sahara, regional",2015,10253419
"SS","South Sudan",2013,0
"SS","South Sudan",2014,27201743.41
"SS","South Sudan",2015,27786289
"LK","Sri Lanka",1973,0
"LK","Sri Lanka",1974,0
"LK","Sri Lanka",1975,0
"LK","Sri Lanka",1977,0
"LK","Sri Lanka",1978,0
"LK","Sri Lanka",1979,0
"LK","Sri Lanka",1980,0
"LK","Sri Lanka",1981,0
"LK","Sri Lanka",1982,0
"LK","Sri Lanka",1983,0
"LK","Sri Lanka",1984,0
"LK","Sri Lanka",1985,0
"LK","Sri Lanka",1986,0
"LK","Sri Lanka",1987,0
"LK","Sri Lanka",1988,0
"LK","Sri Lanka",1989,0
"LK","Sri Lanka",1990,0
"LK","Sri Lanka",1991,0
"LK","Sri Lanka",1992,0
"LK","Sri Lanka",1993,0
"LK","Sri Lanka",1995,0
"LK","Sri Lanka",1996,0
"LK","Sri Lanka",1997,0
"LK","Sri Lanka",1998,0
"LK","Sri Lanka",1999,0
"LK","Sri Lanka",2000,62247036.94
"LK","Sri Lanka",2001,54885498.84
"LK","Sri Lanka",2002,123417076.72
"LK","Sri Lanka",2003,243675140.13
"LK","Sri Lanka",2004,76657990.51
"LK","Sri Lanka",2005,163592716.47
"LK","Sri Lanka",2006,162571969.94
"LK","Sri Lanka",2007,116176195.74
"LK","Sri Lanka",2008,130135432.06
"LK","Sri Lanka",2009,185703381.53
"LK","Sri Lanka",2010,143822498.01
"LK","Sri Lanka",2011,181077982.22
"LK","Sri Lanka",2012,149956264.04
"LK","Sri Lanka",2013,150400256.16
"LK","Sri Lanka",2014,162369604.17
"LK","Sri Lanka",2015,110250628.37
"SD","Sudan",1973,0
"SD","Sudan",1974,0
"SD","Sudan",1975,0
"SD","Sudan",1976,0
"SD","Sudan",1977,0
"SD","Sudan",1978,0
"SD","Sudan",1979,0
"SD","Sudan",1980,0
"SD","Sudan",1981,0
"SD","Sudan",1982,0
"SD","Sudan",1983,0
"SD","Sudan",1984,0
"SD","Sudan",1985,0
"SD","Sudan",1986,0
"SD","Sudan",1987,0
"SD","Sudan",1988,0
"SD","Sudan",1989,0
"SD","Sudan",1991,0
"SD","Sudan",2000,0
"SD","Sudan",2001,0
"SD","Sudan",2002,0
"SD","Sudan",2003,0
"SD","Sudan",2004,0
"SD","Sudan",2005,0
"SD","Sudan",2006,0
"SD","Sudan",2007,0
"SD","Sudan",2008,0
"SD","Sudan",2009,0
"SD","Sudan",2011,-91135.96
"SZ","Swaziland",1974,0
"SZ","Swaziland",2000,0
"SZ","Swaziland",2001,0
"SZ","Swaziland",2002,0
"SZ","Swaziland",2003,0
"SZ","Swaziland",2004,0
"SZ","Swaziland",2005,0
"SZ","Swaziland",2006,0
"SZ","Swaziland",2007,0
"SZ","Swaziland",2008,0
"SZ","Swaziland",2009,0
"SZ","Swaziland",2010,0
"SZ","Swaziland",2011,0
"SZ","Swaziland",2012,0
"SZ","Swaziland",2013,0
"SY","Syria",1973,0
"SY","Syria",1974,0
"SY","Syria",2000,0
"SY","Syria",2001,0
"SY","Syria",2002,0
"SY","Syria",2003,0
"SY","Syria",2004,0
"SY","Syria",2005,0
"SY","Syria",2006,0
"SY","Syria",2007,0
"SY","Syria",2008,0
"SY","Syria",2009,0
"SY","Syria",2010,0
"SY","Syria",2011,0
"TJ","Tajikistan",1996,0
"TJ","Tajikistan",1997,0
"TJ","Tajikistan",1998,0
"TJ","Tajikistan",1999,0
"TJ","Tajikistan",2000,30385077.17
"TJ","Tajikistan",2001,48860558.69
"TJ","Tajikistan",2002,13026213.54
"TJ","Tajikistan",2003,16036270.53
"TJ","Tajikistan",2004,60201778.28
"TJ","Tajikistan",2005,38989319.61
"TJ","Tajikistan",2006,36018449.01
"TJ","Tajikistan",2007,27845498.99
"TJ","Tajikistan",2008,28499759.31
"TJ","Tajikistan",2009,47584604.35
"TJ","Tajikistan",2010,61771964.76
"TJ","Tajikistan",2011,28577378.43
"TJ","Tajikistan",2012,13519985.03
"TJ","Tajikistan",2013,44489569.14
"TJ","Tajikistan",2014,22476557.57
"TJ","Tajikistan",2015,27709110.7
"TZ","Tanzania",1973,0
"TZ","Tanzania",1974,0
"TZ","Tanzania",1975,0
"TZ","Tanzania",1976,0
"TZ","Tanzania",1977,0
"TZ","Tanzania",1978,0
"TZ","Tanzania",1979,0
"TZ","Tanzania",1980,0
"TZ","Tanzania",1981,0
"TZ","Tanzania",1982,0
"TZ","Tanzania",1983,0
"TZ","Tanzania",1985,0
"TZ","Tanzania",1986,0
"TZ","Tanzania",1987,0
"TZ","Tanzania",1988,0
"TZ","Tanzania",1989,0
"TZ","Tanzania",1990,0
"TZ","Tanzania",1991,0
"TZ","Tanzania",1992,0
"TZ","Tanzania",1993,0
"TZ","Tanzania",1994,0
"TZ","Tanzania",1995,0
"TZ","Tanzania",1996,0
"TZ","Tanzania",1997,0
"TZ","Tanzania",1998,0
"TZ","Tanzania",1999,0
"TZ","Tanzania",2000,226844914.12
"TZ","Tanzania",2001,221203506.81
"TZ","Tanzania",2002,259444962.22
"TZ","Tanzania",2003,569811771.5
"TZ","Tanzania",2004,584853878.35
"TZ","Tanzania",2005,358531788.66
"TZ","Tanzania",2006,3901691909.31
"TZ","Tanzania",2007,488722754.36
"TZ","Tanzania",2008,387605714.93
"TZ","Tanzania",2009,596106640.76
"TZ","Tanzania",2010,654479487.33
"TZ","Tanzania",2011,233484140.25
"TZ","Tanzania",2012,492312353.71
"TZ","Tanzania",2013,636441830.98
"TZ","Tanzania",2014,557745712.98
"TZ","Tanzania",2015,602314951.9
"TH","Thailand",1973,0
"TH","Thailand",1974,0
"TH","Thailand",1978,0
"TH","Thailand",1979,0
"TH","Thailand",2000,0
"TH","Thailand",2001,0
"TH","Thailand",2002,0
"TH","Thailand",2003,0
"TH","Thailand",2004,0
"TH","Thailand",2005,0
"TH","Thailand",2006,0
"TH","Thailand",2007,0
"TH","Thailand",2008,0
"TH","Thailand",2009,0
"TH","Thailand",2010,0
"TH","Thailand",2011,0
"TL","Timor-Leste",2003,4974420.27
"TL","Timor-Leste",2004,0
"TL","Timor-Leste",2005,5551512.85
"TL","Timor-Leste",2006,1256785.85
"TL","Timor-Leste",2007,1570282.94
"TL","Timor-Leste",2008,4395724.22
"TL","Timor-Leste",2009,3614115.24
"TL","Timor-Leste",2010,4135173.48
"TL","Timor-Leste",2011,1476786.19
"TL","Timor-Leste",2012,8312558.74
"TL","Timor-Leste",2013,3779705.59
"TL","Timor-Leste",2014,4451185.94
"TL","Timor-Leste",2015,11172097
"TG","Togo",1973,0
"TG","Togo",1974,0
"TG","Togo",1976,0
"TG","Togo",1977,0
"TG","Togo",1978,0
"TG","Togo",1979,0
"TG","Togo",1980,0
"TG","Togo",1981,0
"TG","Togo",1982,0
"TG","Togo",1983,0
"TG","Togo",1984,0
"TG","Togo",1985,0
"TG","Togo",1986,0
"TG","Togo",1987,0
"TG","Togo",1988,0
"TG","Togo",1989,0
"TG","Togo",1990,0
"TG","Togo",1991,0
"TG","Togo",1992,0
"TG","Togo",1995,0
"TG","Togo",1996,0
"TG","Togo",1997,0
"TG","Togo",1998,0
"TG","Togo",1999,0
"TG","Togo",2000,20266022.87
"TG","Togo",2001,16175397.02
"TG","Togo",2002,9340163.99
"TG","Togo",2003,-72077.4
"TG","Togo",2004,-545.45
"TG","Togo",2008,151226762.51
"TG","Togo",2009,26612715.46
"TG","Togo",2010,28131930.82
"TG","Togo",2011,540099986.65
"TG","Togo",2012,33457940.43
"TG","Togo",2013,27698282.99
"TG","Togo",2014,36218493.07
"TG","Togo",2015,26012373.5
"TO","Tonga",1987,0
"TO","Tonga",1990,0
"TO","Tonga",2000,0
"TO","Tonga",2001,0
"TO","Tonga",2002,271255.79
"TO","Tonga",2003,3141201.59
"TO","Tonga",2004,1337514.8
"TO","Tonga",2005,4814022.46
"TO","Tonga",2006,2920352.77
"TO","Tonga",2007,4294397.22
"TO","Tonga",2008,647579.64
"TO","Tonga",2009,1704978.72
"TO","Tonga",2010,6983233.8
"TO","Tonga",2011,11006649.81
"TO","Tonga",2012,6036082.4
"TO","Tonga",2013,13914670.14
"TO","Tonga",2014,14880542.72
"TO","Tonga",2015,15171692
"TN","Tunisia",1973,0
"TN","Tunisia",1976,0
"TN","Tunisia",2000,0
"TN","Tunisia",2001,0
"TN","Tunisia",2002,0
"TN","Tunisia",2003,0
"TN","Tunisia",2004,0
"TN","Tunisia",2005,0
"TN","Tunisia",2006,0
"TN","Tunisia",2007,0
"TN","Tunisia",2008,0
"TN","Tunisia",2009,0
"TN","Tunisia",2010,0
"TN","Tunisia",2011,0
"TN","Tunisia",2012,0
"TN","Tunisia",2013,0
"TR","Turkey",1973,0
"TR","Turkey",2000,0
"TR","Turkey",2001,0
"TR","Turkey",2002,0
"TR","Turkey",2003,0
"TR","Turkey",2004,0
"TR","Turkey",2005,0
"TR","Turkey",2006,0
"TR","Turkey",2007,0
"TR","Turkey",2008,0
"TR","Turkey",2009,0
"TR","Turkey",2010,0
"TR","Turkey",2011,0
"TR","Turkey",2012,0
"TR","Turkey",2013,0
"TV","Tuvalu",2011,0
"TV","Tuvalu",2012,249285.04
"TV","Tuvalu",2013,758396.43
"TV","Tuvalu",2014,4548466.08
"TV","Tuvalu",2015,7757554
"UG","Uganda",1980,0
"UG","Uganda",1981,0
"UG","Uganda",1982,0
"UG","Uganda",1983,0
"UG","Uganda",1984,0
"UG","Uganda",1985,0
"UG","Uganda",1987,0
"UG","Uganda",1988,0
"UG","Uganda",1989,0
"UG","Uganda",1990,0
"UG","Uganda",1991,0
"UG","Uganda",1992,0
"UG","Uganda",1993,0
"UG","Uganda",1994,0
"UG","Uganda",1995,0
"UG","Uganda",1996,0
"UG","Uganda",1997,0
"UG","Uganda",1998,0
"UG","Uganda",1999,0
"UG","Uganda",2000,265061247.33
"UG","Uganda",2001,433935786.15
"UG","Uganda",2002,266801794.27
"UG","Uganda",2003,354576299.66
"UG","Uganda",2004,374969471.56
"UG","Uganda",2005,367948664.2
"UG","Uganda",2006,3342984310.2
"UG","Uganda",2007,360930367.62
"UG","Uganda",2008,166025342.42
"UG","Uganda",2009,376314167.8
"UG","Uganda",2010,308888925.29
"UG","Uganda",2011,157547812.42
"UG","Uganda",2012,179228792.6
"UG","Uganda",2013,328263794.95
"UG","Uganda",2014,158919382.52
"UG","Uganda",2015,224419898
"UZ","Uzbekistan",2002,0
"UZ","Uzbekistan",2003,250697.22
"UZ","Uzbekistan",2004,4932799.27
"UZ","Uzbekistan",2005,7545617.78
"UZ","Uzbekistan",2006,13913252.44
"UZ","Uzbekistan",2007,15314037.69
"UZ","Uzbekistan",2008,11866730.67
"UZ","Uzbekistan",2009,26314621.16
"UZ","Uzbekistan",2010,30169045.58
"UZ","Uzbekistan",2011,32234078.9
"UZ","Uzbekistan",2012,43974165.89
"UZ","Uzbekistan",2013,66578660.93
"UZ","Uzbekistan",2014,68817709.91
"UZ","Uzbekistan",2015,110085838.4
"VU","Vanuatu",1983,0
"VU","Vanuatu",1986,0
"VU","Vanuatu",1989,0
"VU","Vanuatu",1991,0
"VU","Vanuatu",2000,0
"VU","Vanuatu",2001,0
"VU","Vanuatu",2002,0
"VU","Vanuatu",2003,0
"VU","Vanuatu",2004,0
"VU","Vanuatu",2005,0
"VU","Vanuatu",2006,0
"VU","Vanuatu",2007,0
"VU","Vanuatu",2008,0
"VU","Vanuatu",2009,0
"VU","Vanuatu",2010,0
"VU","Vanuatu",2011,0
"VU","Vanuatu",2012,0
"VU","Vanuatu",2013,0
"VU","Vanuatu",2014,0
"VU","Vanuatu",2015,1270266
"VN","Viet Nam",1978,0
"VN","Viet Nam",1993,0
"VN","Viet Nam",1994,0
"VN","Viet Nam",1995,0
"VN","Viet Nam",1996,0
"VN","Viet Nam",1997,0
"VN","Viet Nam",1998,0
"VN","Viet Nam",1999,0
"VN","Viet Nam",2000,232570572.79
"VN","Viet Nam",2001,391404468.48
"VN","Viet Nam",2002,353569339.72
"VN","Viet Nam",2003,676848241.86
"VN","Viet Nam",2004,486102549.63
"VN","Viet Nam",2005,417397996.02
"VN","Viet Nam",2006,358624747.1
"VN","Viet Nam",2007,728866958.17
"VN","Viet Nam",2008,549188567.42
"VN","Viet Nam",2009,1154388279.85
"VN","Viet Nam",2010,847412992.31
"VN","Viet Nam",2011,929491756.9
"VN","Viet Nam",2012,1062289483.89
"VN","Viet Nam",2013,1145577852.04
"VN","Viet Nam",2014,1220349528.77
"VN","Viet Nam",2015,908545554.92
"west-indies","West Indies, regional",1983,0
"west-indies","West Indies, regional",2000,0
"west-indies","West Indies, regional",2001,0
"west-indies","West Indies, regional",2002,0
"west-indies","West Indies, regional",2003,0
"west-indies","West Indies, regional",2004,0
"west-indies","West Indies, regional",2005,973511.76
"west-indies","West Indies, regional",2006,1435420.57
"west-indies","West Indies, regional",2007,1236946.63
"west-indies","West Indies, regional",2008,1115934.58
"west-indies","West Indies, regional",2009,2107375.84
"west-indies","West Indies, regional",2010,1645305.88
"west-indies","West Indies, regional",2011,0
"west-indies","West Indies, regional",2012,0
"west-indies","West Indies, regional",2013,432202.44
"west-indies","West Indies, regional",2014,336418.24
"west-indies","West Indies, regional",2015,693083.7
"YE","Yemen",1973,0
"YE","Yemen",1974,0
"YE","Yemen",1975,0
"YE","Yemen",1976,0
"YE","Yemen",1977,0
"YE","Yemen",1978,0
"YE","Yemen",1979,0
"YE","Yemen",1980,0
"YE","Yemen",1981,0
"YE","Yemen",1982,0
"YE","Yemen",1983,0
"YE","Yemen",1984,0
"YE","Yemen",1985,0
"YE","Yemen",1986,0
"YE","Yemen",1987,0
"YE","Yemen",1988,0
"YE","Yemen",1989,0
"YE","Yemen",1990,0
"YE","Yemen",1991,0
"YE","Yemen",1992,0
"YE","Yemen",1993,0
"YE","Yemen",1994,0
"YE","Yemen",1996,0
"YE","Yemen",1997,0
"YE","Yemen",1998,0
"YE","Yemen",1999,0
"YE","Yemen",2000,87046967.08
"YE","Yemen",2001,108131754.91
"YE","Yemen",2002,112902785.6
"YE","Yemen",2003,106286467.1
"YE","Yemen",2004,101053510.03
"YE","Yemen",2005,137046527.6
"YE","Yemen",2006,166041912.65
"YE","Yemen",2007,117626078.89
"YE","Yemen",2008,126340563.38
"YE","Yemen",2009,111731211.2
"YE","Yemen",2010,163118449.4
"YE","Yemen",2011,25806601.77
"YE","Yemen",2012,67502114.63
"YE","Yemen",2013,188137950.18
"YE","Yemen",2014,150498837.99
"YE","Yemen",2015,36606141.28
"ZM","Zambia",1978,0
"ZM","Zambia",1979,0
"ZM","Zambia",1980,0
"ZM","Zambia",1982,0
"ZM","Zambia",1983,0
"ZM","Zambia",1984,0
"ZM","Zambia",1985,0
"ZM","Zambia",1986,0
"ZM","Zambia",1987,0
"ZM","Zambia",1991,0
"ZM","Zambia",1992,0
"ZM","Zambia",1993,0
"ZM","Zambia",1994,0
"ZM","Zambia",1995,0
"ZM","Zambia",1996,0
"ZM","Zambia",1997,0
"ZM","Zambia",1998,0
"ZM","Zambia",1999,0
"ZM","Zambia",2000,280158929.71
"ZM","Zambia",2001,204031780.45
"ZM","Zambia",2002,220247956.98
"ZM","Zambia",2003,138509711.15
"ZM","Zambia",2004,196314335.2
"ZM","Zambia",2005,139951877.78
"ZM","Zambia",2006,2489070834.15
"ZM","Zambia",2007,68392515.85
"ZM","Zambia",2008,54318154.97
"ZM","Zambia",2009,41354088.65
"ZM","Zambia",2010,33317139.9
"ZM","Zambia",2011,66672255.39
"ZM","Zambia",2012,74680019.5
"ZM","Zambia",2013,67635204.88
"ZM","Zambia",2014,75676629.4
"ZM","Zambia",2015,66910379
"ZW","Zimbabwe",1981,0
"ZW","Zimbabwe",1982,0
"ZW","Zimbabwe",1983,0
"ZW","Zimbabwe",1992,0
"ZW","Zimbabwe",1993,0
"ZW","Zimbabwe",1996,0
"ZW","Zimbabwe",1997,0
"ZW","Zimbabwe",1998,0
"ZW","Zimbabwe",1999,0
"ZW","Zimbabwe",2000,10118334.85
"ZW","Zimbabwe",2001,-3136130.81
"ZW","Zimbabwe",2002,0
"ZW","Zimbabwe",2003,-1701.78
"ZW","Zimbabwe",2004,0
"ZW","Zimbabwe",2005,0
"ZW","Zimbabwe",2009,0
"ZW","Zimbabwe",2013,0
"ZW","Zimbabwe",2014,0
"ZW","Zimbabwe",2015,0
