"di_id","entity_name","year","value"
"AF","Afghanistan",2012,10
"AF","Afghanistan",2013,10
"AF","Afghanistan",2014,10
"AF","Afghanistan",2015,10
"AF","Afghanistan",2016,10
"AF","Afghanistan",2017,10
"AF","Afghanistan",2018,10
"AL","Albania",2012,0.1
"AL","Albania",2013,0.1
"AL","Albania",2014,0.1
"AL","Albania",2015,0.1
"AL","Albania",2016,0.1
"AL","Albania",2017,0.1
"AL","Albania",2018,0.1
"DZ","Algeria",2012,8
"DZ","Algeria",2013,8
"DZ","Algeria",2014,8
"DZ","Algeria",2015,8
"DZ","Algeria",2016,8
"DZ","Algeria",2017,6.2
"DZ","Algeria",2018,6
"AO","Angola",2012,6.4
"AO","Angola",2013,6.3
"AO","Angola",2014,6.3
"AO","Angola",2015,6.6
"AO","Angola",2016,5.4
"AO","Angola",2017,4.9
"AO","Angola",2018,6
"AG","Antigua & Barbuda",2012,0.7
"AG","Antigua & Barbuda",2013,0.8
"AG","Antigua & Barbuda",2014,0.8
"AG","Antigua & Barbuda",2015,0.8
"AG","Antigua & Barbuda",2016,1.5
"AG","Antigua & Barbuda",2017,1.3
"AG","Antigua & Barbuda",2018,1.3
"AR","Argentina",2012,1.6
"AR","Argentina",2013,1.8
"AR","Argentina",2014,1.7
"AR","Argentina",2015,3
"AR","Argentina",2016,2.2
"AR","Argentina",2017,1.9
"AR","Argentina",2018,1.5
"AM","Armenia",2012,1.8
"AM","Armenia",2013,1.5
"AM","Armenia",2014,1.5
"AM","Armenia",2015,1.5
"AM","Armenia",2016,1.8
"AM","Armenia",2017,2.2
"AM","Armenia",2018,2.2
"AU","Australia",2012,0.1
"AU","Australia",2013,0.1
"AU","Australia",2014,0.1
"AU","Australia",2015,0.1
"AU","Australia",2016,0.1
"AU","Australia",2017,0.1
"AU","Australia",2018,0.1
"AT","Austria",2012,0.1
"AT","Austria",2013,0
"AT","Austria",2014,0
"AT","Austria",2015,0
"AT","Austria",2016,0
"AT","Austria",2017,0
"AT","Austria",2018,0
"AZ","Azerbaijan",2012,5.3
"AZ","Azerbaijan",2013,5.3
"AZ","Azerbaijan",2014,5.2
"AZ","Azerbaijan",2015,5
"AZ","Azerbaijan",2016,5
"AZ","Azerbaijan",2017,5.4
"AZ","Azerbaijan",2018,5.4
"BS","Bahamas",2012,0.1
"BS","Bahamas",2013,0.4
"BS","Bahamas",2014,0.3
"BS","Bahamas",2015,0.4
"BS","Bahamas",2016,0.5
"BS","Bahamas",2017,0.8
"BS","Bahamas",2018,0.8
"BH","Bahrain",2012,0.3
"BH","Bahrain",2013,0.3
"BH","Bahrain",2014,0.1
"BH","Bahrain",2015,0.1
"BH","Bahrain",2016,0.1
"BH","Bahrain",2017,0.2
"BH","Bahrain",2018,0.2
"BD","Bangladesh",2012,6.5
"BD","Bangladesh",2013,6.4
"BD","Bangladesh",2014,6.4
"BD","Bangladesh",2015,6.4
"BD","Bangladesh",2016,6.4
"BD","Bangladesh",2017,6.5
"BD","Bangladesh",2018,6.5
"BB","Barbados",2012,0
"BB","Barbados",2013,0
"BB","Barbados",2014,0
"BB","Barbados",2015,0
"BB","Barbados",2016,0
"BB","Barbados",2017,0
"BB","Barbados",2018,0
"BY","Belarus",2012,2.5
"BY","Belarus",2013,2.3
"BY","Belarus",2014,2.1
"BY","Belarus",2015,2.2
"BY","Belarus",2016,1.5
"BY","Belarus",2017,1.5
"BY","Belarus",2018,1.6
"BE","Belgium",2012,6
"BE","Belgium",2013,5.5
"BE","Belgium",2014,5.5
"BE","Belgium",2015,5.3
"BE","Belgium",2016,5.4
"BE","Belgium",2017,5.1
"BE","Belgium",2018,5
"BZ","Belize",2012,0.1
"BZ","Belize",2013,0.1
"BZ","Belize",2014,0.3
"BZ","Belize",2015,0.1
"BZ","Belize",2016,0.4
"BZ","Belize",2017,0.1
"BZ","Belize",2018,0.6
"BJ","Benin",2012,3.4
"BJ","Benin",2013,3.5
"BJ","Benin",2014,3
"BJ","Benin",2015,3
"BJ","Benin",2016,3.5
"BJ","Benin",2017,3.3
"BJ","Benin",2018,3.3
"BT","Bhutan",2012,0.3
"BT","Bhutan",2013,0.2
"BT","Bhutan",2014,0.6
"BT","Bhutan",2015,0.2
"BT","Bhutan",2016,0.2
"BT","Bhutan",2017,0.2
"BT","Bhutan",2018,0.2
"BO","Bolivia",2012,4.3
"BO","Bolivia",2013,2.6
"BO","Bolivia",2014,4.6
"BO","Bolivia",2015,4.5
"BO","Bolivia",2016,5
"BO","Bolivia",2017,4.4
"BO","Bolivia",2018,4.5
"BA","Bosnia & Herzegovina",2012,3.4
"BA","Bosnia & Herzegovina",2013,3.4
"BA","Bosnia & Herzegovina",2014,2
"BA","Bosnia & Herzegovina",2015,1.8
"BA","Bosnia & Herzegovina",2016,2.2
"BA","Bosnia & Herzegovina",2017,3.3
"BA","Bosnia & Herzegovina",2018,2.2
"BW","Botswana",2012,0.3
"BW","Botswana",2013,0.4
"BW","Botswana",2014,0.8
"BW","Botswana",2015,0.6
"BW","Botswana",2016,0.6
"BW","Botswana",2017,0.3
"BW","Botswana",2018,0.3
"BR","Brazil",2012,6.2
"BR","Brazil",2013,5.8
"BR","Brazil",2014,7
"BR","Brazil",2015,7
"BR","Brazil",2016,6
"BR","Brazil",2017,5.3
"BR","Brazil",2018,7
"BN","Brunei",2012,2.7
"BN","Brunei",2013,2.7
"BN","Brunei",2014,2.6
"BN","Brunei",2015,2.4
"BN","Brunei",2016,2.2
"BN","Brunei",2017,2.4
"BN","Brunei",2018,2.2
"BG","Bulgaria",2012,1.3
"BG","Bulgaria",2013,1.3
"BG","Bulgaria",2014,0.8
"BG","Bulgaria",2015,3
"BG","Bulgaria",2016,1.5
"BG","Bulgaria",2017,1.4
"BG","Bulgaria",2018,1.4
"BF","Burkina Faso",2012,3.2
"BF","Burkina Faso",2013,2.9
"BF","Burkina Faso",2014,2.9
"BF","Burkina Faso",2015,3.4
"BF","Burkina Faso",2016,4.9
"BF","Burkina Faso",2017,5.1
"BF","Burkina Faso",2018,5.5
"BI","Burundi",2012,6.5
"BI","Burundi",2013,6.4
"BI","Burundi",2014,6.5
"BI","Burundi",2015,6.2
"BI","Burundi",2016,6
"BI","Burundi",2017,8
"BI","Burundi",2018,6.2
"KH","Cambodia",2012,4.1
"KH","Cambodia",2013,5.3
"KH","Cambodia",2014,3.9
"KH","Cambodia",2015,4.4
"KH","Cambodia",2016,3.9
"KH","Cambodia",2017,4.1
"KH","Cambodia",2018,4
"CM","Cameroon",2012,3.6
"CM","Cameroon",2013,5
"CM","Cameroon",2014,4
"CM","Cameroon",2015,5
"CM","Cameroon",2016,3.9
"CM","Cameroon",2017,9
"CM","Cameroon",2018,9
"CA","Canada",2012,0.8
"CA","Canada",2013,0.8
"CA","Canada",2014,0.8
"CA","Canada",2015,0.8
"CA","Canada",2016,0.7
"CA","Canada",2017,0.6
"CA","Canada",2018,0.6
"CV","Cape Verde",2012,0.6
"CV","Cape Verde",2013,0.6
"CV","Cape Verde",2014,0.3
"CV","Cape Verde",2015,0.7
"CV","Cape Verde",2016,0.1
"CV","Cape Verde",2017,0.5
"CV","Cape Verde",2018,0.5
"CF","CAR",2012,6.6
"CF","CAR",2013,6.2
"CF","CAR",2014,8
"CF","CAR",2015,10
"CF","CAR",2016,10
"CF","CAR",2017,10
"CF","CAR",2018,8
"TD","Chad",2012,6.9
"TD","Chad",2013,6.7
"TD","Chad",2014,8
"TD","Chad",2015,6.9
"TD","Chad",2016,6.9
"TD","Chad",2017,9
"TD","Chad",2018,9
"CL","Chile",2012,0.6
"CL","Chile",2013,1.9
"CL","Chile",2014,1.4
"CL","Chile",2015,1.5
"CL","Chile",2016,2
"CL","Chile",2017,1.7
"CL","Chile",2018,1.7
"CN","China",2012,6.1
"CN","China",2013,6
"CN","China",2014,6
"CN","China",2015,6
"CN","China",2016,6.1
"CN","China",2017,5.6
"CN","China",2018,5.7
"CO","Colombia",2012,7
"CO","Colombia",2013,7
"CO","Colombia",2014,7
"CO","Colombia",2015,7
"CO","Colombia",2016,7
"CO","Colombia",2017,7
"CO","Colombia",2018,7
"KM","Comoros",2012,0.4
"KM","Comoros",2013,0.8
"KM","Comoros",2014,0.7
"KM","Comoros",2015,0.4
"KM","Comoros",2016,0.4
"KM","Comoros",2017,0.4
"KM","Comoros",2018,0.4
"CG","Congo",2012,5
"CG","Congo",2013,4.6
"CG","Congo",2014,3.3
"CG","Congo",2015,3.2
"CG","Congo",2016,3.5
"CG","Congo",2017,4.5
"CG","Congo",2018,4.6
"CR","Costa Rica",2012,0.1
"CR","Costa Rica",2013,0.2
"CR","Costa Rica",2014,0.1
"CR","Costa Rica",2015,0.1
"CR","Costa Rica",2016,0.1
"CR","Costa Rica",2017,0.1
"CR","Costa Rica",2018,0.1
"CI","Côte d'Ivoire",2012,6.2
"CI","Côte d'Ivoire",2013,10
"CI","Côte d'Ivoire",2014,6
"CI","Côte d'Ivoire",2015,5.7
"CI","Côte d'Ivoire",2016,5.5
"CI","Côte d'Ivoire",2017,5.9
"CI","Côte d'Ivoire",2018,5.4
"HR","Croatia",2012,0.6
"HR","Croatia",2013,0.6
"HR","Croatia",2014,0.6
"HR","Croatia",2015,0.6
"HR","Croatia",2016,0.6
"HR","Croatia",2017,0.6
"HR","Croatia",2018,0.6
"CU","Cuba",2012,0.6
"CU","Cuba",2013,0.9
"CU","Cuba",2014,0.7
"CU","Cuba",2015,0.7
"CU","Cuba",2016,0.6
"CU","Cuba",2017,0.6
"CU","Cuba",2018,0.6
"CY","Cyprus",2012,0.2
"CY","Cyprus",2013,0.1
"CY","Cyprus",2014,0.8
"CY","Cyprus",2015,0.2
"CY","Cyprus",2016,0.6
"CY","Cyprus",2017,0.6
"CY","Cyprus",2018,0.6
"CZ","Czech Republic",2012,0.1
"CZ","Czech Republic",2013,0.1
"CZ","Czech Republic",2014,0.1
"CZ","Czech Republic",2015,0.1
"CZ","Czech Republic",2016,0.1
"CZ","Czech Republic",2017,0.1
"CZ","Czech Republic",2018,0.1
"DK","Denmark",2012,0
"DK","Denmark",2013,0
"DK","Denmark",2014,0
"DK","Denmark",2015,0
"DK","Denmark",2016,0
"DK","Denmark",2017,0
"DK","Denmark",2018,0
"DJ","Djibouti",2012,2
"DJ","Djibouti",2013,2.5
"DJ","Djibouti",2014,2.1
"DJ","Djibouti",2015,2
"DJ","Djibouti",2016,3.4
"DJ","Djibouti",2017,3.2
"DJ","Djibouti",2018,2.3
"DM","Dominica",2012,0
"DM","Dominica",2013,0
"DM","Dominica",2014,0
"DM","Dominica",2015,0
"DM","Dominica",2016,0.1
"DM","Dominica",2017,0.1
"DM","Dominica",2018,0.1
"DO","Dominican Republic",2012,2.5
"DO","Dominican Republic",2013,1.9
"DO","Dominican Republic",2014,1.2
"DO","Dominican Republic",2015,1.4
"DO","Dominican Republic",2016,1.1
"DO","Dominican Republic",2017,1.5
"DO","Dominican Republic",2018,2.9
"CD","DRC",2012,7
"CD","DRC",2013,7
"CD","DRC",2014,9
"CD","DRC",2015,9
"CD","DRC",2016,7
"CD","DRC",2017,8
"CD","DRC",2018,8
"EC","Ecuador",2012,2.9
"EC","Ecuador",2013,1.8
"EC","Ecuador",2014,3
"EC","Ecuador",2015,2.1
"EC","Ecuador",2016,2
"EC","Ecuador",2017,2.3
"EC","Ecuador",2018,2.2
"EG","Egypt",2012,3.3
"EG","Egypt",2013,10
"EG","Egypt",2014,4.2
"EG","Egypt",2015,10
"EG","Egypt",2016,7
"EG","Egypt",2017,7
"EG","Egypt",2018,7
"SV","El Salvador",2012,0.6
"SV","El Salvador",2013,0.6
"SV","El Salvador",2014,2.2
"SV","El Salvador",2015,2.1
"SV","El Salvador",2016,2.4
"SV","El Salvador",2017,7
"SV","El Salvador",2018,7
"GQ","Equatorial Guinea",2012,4.6
"GQ","Equatorial Guinea",2013,4.1
"GQ","Equatorial Guinea",2014,4.1
"GQ","Equatorial Guinea",2015,3.9
"GQ","Equatorial Guinea",2016,4.1
"GQ","Equatorial Guinea",2017,4.2
"GQ","Equatorial Guinea",2018,4.1
"ER","Eritrea",2012,3.3
"ER","Eritrea",2013,3.6
"ER","Eritrea",2014,4.3
"ER","Eritrea",2015,3.8
"ER","Eritrea",2016,5.1
"ER","Eritrea",2017,3.6
"ER","Eritrea",2018,4.8
"EE","Estonia",2012,0.1
"EE","Estonia",2013,0.1
"EE","Estonia",2014,0.1
"EE","Estonia",2015,0.1
"EE","Estonia",2016,0.1
"EE","Estonia",2017,0.1
"EE","Estonia",2018,0.1
"ET","Ethiopia",2012,7
"ET","Ethiopia",2013,6.5
"ET","Ethiopia",2014,6.5
"ET","Ethiopia",2015,6.2
"ET","Ethiopia",2016,6.3
"ET","Ethiopia",2017,6.7
"ET","Ethiopia",2018,6.7
"FJ","Fiji",2012,1
"FJ","Fiji",2013,0.8
"FJ","Fiji",2014,1.1
"FJ","Fiji",2015,0.7
"FJ","Fiji",2016,0.6
"FJ","Fiji",2017,0.7
"FJ","Fiji",2018,0.8
"FI","Finland",2012,0
"FI","Finland",2013,0
"FI","Finland",2014,0
"FI","Finland",2015,0
"FI","Finland",2016,0
"FI","Finland",2017,0
"FI","Finland",2018,0
"FR","France",2012,3.2
"FR","France",2013,3.2
"FR","France",2014,3.2
"FR","France",2015,1.7
"FR","France",2016,2
"FR","France",2017,1.9
"FR","France",2018,3.2
"GA","Gabon",2012,4.4
"GA","Gabon",2013,4.6
"GA","Gabon",2014,5.6
"GA","Gabon",2015,4.6
"GA","Gabon",2016,5.2
"GA","Gabon",2017,6
"GA","Gabon",2018,5.9
"GM","Gambia",2012,0.9
"GM","Gambia",2013,0.8
"GM","Gambia",2014,0.8
"GM","Gambia",2015,0.9
"GM","Gambia",2016,0.9
"GM","Gambia",2017,1.5
"GM","Gambia",2018,2.9
"GE","Georgia",2012,2.9
"GE","Georgia",2013,2.8
"GE","Georgia",2014,2.9
"GE","Georgia",2015,2.5
"GE","Georgia",2016,2
"GE","Georgia",2017,2.6
"GE","Georgia",2018,3.1
"DE","Germany",2012,0.6
"DE","Germany",2013,0.3
"DE","Germany",2014,0.3
"DE","Germany",2015,0.3
"DE","Germany",2016,0.1
"DE","Germany",2017,0.1
"DE","Germany",2018,1.4
"GH","Ghana",2012,2.5
"GH","Ghana",2013,2.3
"GH","Ghana",2014,2.5
"GH","Ghana",2015,2.2
"GH","Ghana",2016,2.8
"GH","Ghana",2017,2.8
"GH","Ghana",2018,2.8
"GR","Greece",2012,1.9
"GR","Greece",2013,2.7
"GR","Greece",2014,2.5
"GR","Greece",2015,2.2
"GR","Greece",2016,3.5
"GR","Greece",2017,2.9
"GR","Greece",2018,3.6
"GD","Grenada",2012,0.1
"GD","Grenada",2013,0.1
"GD","Grenada",2014,0.1
"GD","Grenada",2015,0.1
"GD","Grenada",2016,0.1
"GD","Grenada",2017,0.1
"GD","Grenada",2018,0.1
"GT","Guatemala",2012,4
"GT","Guatemala",2013,3.8
"GT","Guatemala",2014,4.6
"GT","Guatemala",2015,4
"GT","Guatemala",2016,4.5
"GT","Guatemala",2017,4.1
"GT","Guatemala",2018,4.1
"GN","Guinea",2012,4.6
"GN","Guinea",2013,4.2
"GN","Guinea",2014,4.4
"GN","Guinea",2015,4.4
"GN","Guinea",2016,3.2
"GN","Guinea",2017,4.3
"GN","Guinea",2018,4.6
"GW","Guinea-Bissau",2012,4.3
"GW","Guinea-Bissau",2013,4.1
"GW","Guinea-Bissau",2014,4.9
"GW","Guinea-Bissau",2015,3.1
"GW","Guinea-Bissau",2016,3.2
"GW","Guinea-Bissau",2017,2.5
"GW","Guinea-Bissau",2018,3.9
"GY","Guyana",2012,0.2
"GY","Guyana",2013,0.2
"GY","Guyana",2014,0.3
"GY","Guyana",2015,0.3
"GY","Guyana",2016,0.3
"GY","Guyana",2017,0.3
"GY","Guyana",2018,0.3
"HT","Haiti",2012,6.4
"HT","Haiti",2013,6
"HT","Haiti",2014,5.7
"HT","Haiti",2015,6.2
"HT","Haiti",2016,6.2
"HT","Haiti",2017,5
"HT","Haiti",2018,5.7
"HN","Honduras",2012,2.2
"HN","Honduras",2013,2
"HN","Honduras",2014,2.8
"HN","Honduras",2015,2.8
"HN","Honduras",2016,2.5
"HN","Honduras",2017,2.8
"HN","Honduras",2018,2.7
"HU","Hungary",2012,0.4
"HU","Hungary",2013,0.6
"HU","Hungary",2014,0.5
"HU","Hungary",2015,0.4
"HU","Hungary",2016,0.7
"HU","Hungary",2017,1.4
"HU","Hungary",2018,0.6
"IS","Iceland",2012,0
"IS","Iceland",2013,0
"IS","Iceland",2014,0
"IS","Iceland",2015,0
"IS","Iceland",2016,0
"IS","Iceland",2017,0
"IS","Iceland",2018,0
"IN","India",2012,7
"IN","India",2013,7
"IN","India",2014,9
"IN","India",2015,7
"IN","India",2016,6.5
"IN","India",2017,6.4
"IN","India",2018,7
"ID","Indonesia",2012,6.4
"ID","Indonesia",2013,6.4
"ID","Indonesia",2014,6.3
"ID","Indonesia",2015,6.3
"ID","Indonesia",2016,6.2
"ID","Indonesia",2017,6.7
"ID","Indonesia",2018,6.7
"IR","Iran",2012,6.2
"IR","Iran",2013,7
"IR","Iran",2014,5.3
"IR","Iran",2015,5.5
"IR","Iran",2016,5.1
"IR","Iran",2017,5.3
"IR","Iran",2018,5.5
"IQ","Iraq",2012,10
"IQ","Iraq",2013,10
"IQ","Iraq",2014,10
"IQ","Iraq",2015,10
"IQ","Iraq",2016,10
"IQ","Iraq",2017,9
"IQ","Iraq",2018,9
"IE","Ireland",2012,0
"IE","Ireland",2013,0
"IE","Ireland",2014,0
"IE","Ireland",2015,0
"IE","Ireland",2016,0
"IE","Ireland",2017,0
"IE","Ireland",2018,0
"IL","Israel",2012,7
"IL","Israel",2013,7
"IL","Israel",2014,7
"IL","Israel",2015,4.1
"IL","Israel",2016,5.4
"IL","Israel",2017,4.1
"IL","Israel",2018,4.2
"IT","Italy",2012,2.3
"IT","Italy",2013,2.3
"IT","Italy",2014,2.3
"IT","Italy",2015,2.5
"IT","Italy",2016,1.9
"IT","Italy",2017,1.9
"IT","Italy",2018,1.9
"JM","Jamaica",2012,7
"JM","Jamaica",2013,1
"JM","Jamaica",2014,0.5
"JM","Jamaica",2015,0.6
"JM","Jamaica",2016,0.4
"JM","Jamaica",2017,0.4
"JM","Jamaica",2018,0.5
"JP","Japan",2012,1.7
"JP","Japan",2013,1.1
"JP","Japan",2014,1.7
"JP","Japan",2015,1
"JP","Japan",2016,1.3
"JP","Japan",2017,0.4
"JP","Japan",2018,0.7
"JO","Jordan",2012,2.9
"JO","Jordan",2013,2.6
"JO","Jordan",2014,2.7
"JO","Jordan",2015,2.8
"JO","Jordan",2016,2.6
"JO","Jordan",2017,1.2
"JO","Jordan",2018,1.5
"KZ","Kazakhstan",2012,2.5
"KZ","Kazakhstan",2013,4.1
"KZ","Kazakhstan",2014,3.4
"KZ","Kazakhstan",2015,3.2
"KZ","Kazakhstan",2016,2.9
"KZ","Kazakhstan",2017,1.4
"KZ","Kazakhstan",2018,2.5
"KE","Kenya",2012,6
"KE","Kenya",2013,5.5
"KE","Kenya",2014,7
"KE","Kenya",2015,7
"KE","Kenya",2016,7
"KE","Kenya",2017,7
"KE","Kenya",2018,6.6
"KI","Kiribati",2012,0.2
"KI","Kiribati",2013,0.6
"KI","Kiribati",2014,0.4
"KI","Kiribati",2015,0.1
"KI","Kiribati",2016,0.1
"KI","Kiribati",2017,0.1
"KI","Kiribati",2018,0.1
"KW","Kuwait",2012,0.1
"KW","Kuwait",2013,0.6
"KW","Kuwait",2014,0.4
"KW","Kuwait",2015,0.4
"KW","Kuwait",2016,0.4
"KW","Kuwait",2017,0.2
"KW","Kuwait",2018,0.2
"KG","Kyrgyzstan",2012,7
"KG","Kyrgyzstan",2013,1.1
"KG","Kyrgyzstan",2014,0.8
"KG","Kyrgyzstan",2015,2
"KG","Kyrgyzstan",2016,1.5
"KG","Kyrgyzstan",2017,1.8
"KG","Kyrgyzstan",2018,1.7
"LA","Lao",2012,5
"LA","Lao",2013,4.8
"LA","Lao",2014,4.7
"LA","Lao",2015,3.5
"LA","Lao",2016,2.8
"LA","Lao",2017,3.5
"LA","Lao",2018,1.9
"LV","Latvia",2012,0.2
"LV","Latvia",2013,0.1
"LV","Latvia",2014,0.1
"LV","Latvia",2015,0.1
"LV","Latvia",2016,0.1
"LV","Latvia",2017,0.1
"LV","Latvia",2018,0.1
"LB","Lebanon",2012,2.9
"LB","Lebanon",2013,3.7
"LB","Lebanon",2014,4.1
"LB","Lebanon",2015,4.6
"LB","Lebanon",2016,4.6
"LB","Lebanon",2017,7
"LB","Lebanon",2018,4.8
"LS","Lesotho",2012,4.5
"LS","Lesotho",2013,2.4
"LS","Lesotho",2014,2.5
"LS","Lesotho",2015,2.5
"LS","Lesotho",2016,4.3
"LS","Lesotho",2017,2.9
"LS","Lesotho",2018,3
"LR","Liberia",2012,4.8
"LR","Liberia",2013,3.3
"LR","Liberia",2014,3.2
"LR","Liberia",2015,3.4
"LR","Liberia",2016,3.4
"LR","Liberia",2017,2.5
"LR","Liberia",2018,2.7
"LY","Libya",2012,0.8
"LY","Libya",2013,10
"LY","Libya",2014,8
"LY","Libya",2015,8
"LY","Libya",2016,8
"LY","Libya",2017,10
"LY","Libya",2018,10
"LI","Liechtenstein",2012,0.1
"LI","Liechtenstein",2013,0
"LI","Liechtenstein",2014,0
"LI","Liechtenstein",2015,0
"LI","Liechtenstein",2016,0.4
"LI","Liechtenstein",2017,0.4
"LI","Liechtenstein",2018,0.4
"LT","Lithuania",2012,0.1
"LT","Lithuania",2013,0.1
"LT","Lithuania",2014,0.1
"LT","Lithuania",2015,0
"LT","Lithuania",2016,0
"LT","Lithuania",2017,0
"LT","Lithuania",2018,0
"LU","Luxembourg",2012,0
"LU","Luxembourg",2013,0
"LU","Luxembourg",2014,0
"LU","Luxembourg",2015,0
"LU","Luxembourg",2016,0
"LU","Luxembourg",2017,0
"LU","Luxembourg",2018,0
"MK","Macedonia",2012,1.6
"MK","Macedonia",2013,0.2
"MK","Macedonia",2014,1.4
"MK","Macedonia",2015,1.5
"MK","Macedonia",2016,1.6
"MK","Macedonia",2017,2.6
"MK","Macedonia",2018,2.2
"MG","Madagascar",2012,2.3
"MG","Madagascar",2013,1.8
"MG","Madagascar",2014,2.2
"MG","Madagascar",2015,1.5
"MG","Madagascar",2016,1.7
"MG","Madagascar",2017,1.5
"MG","Madagascar",2018,1.2
"MW","Malawi",2012,1.5
"MW","Malawi",2013,1.5
"MW","Malawi",2014,1.5
"MW","Malawi",2015,0.9
"MW","Malawi",2016,1.5
"MW","Malawi",2017,1
"MW","Malawi",2018,1
"MY","Malaysia",2012,1.5
"MY","Malaysia",2013,3.6
"MY","Malaysia",2014,3.7
"MY","Malaysia",2015,3.6
"MY","Malaysia",2016,3.5
"MY","Malaysia",2017,3.8
"MY","Malaysia",2018,2.2
"MV","Maldives",2012,0
"MV","Maldives",2013,0.1
"MV","Maldives",2014,0.8
"MV","Maldives",2015,0.1
"MV","Maldives",2016,0
"MV","Maldives",2017,0.8
"MV","Maldives",2018,0.9
"ML","Mali",2012,5.8
"ML","Mali",2013,6.2
"ML","Mali",2014,9
"ML","Mali",2015,10
"ML","Mali",2016,8
"ML","Mali",2017,7
"ML","Mali",2018,6.9
"MT","Malta",2012,0
"MT","Malta",2013,0
"MT","Malta",2014,0
"MT","Malta",2015,0
"MT","Malta",2016,0
"MT","Malta",2017,0
"MT","Malta",2018,0
"MH","Marshall Islands",2012,0.7
"MH","Marshall Islands",2013,1.3
"MH","Marshall Islands",2014,1.4
"MH","Marshall Islands",2015,1.5
"MH","Marshall Islands",2016,1.9
"MH","Marshall Islands",2017,1.8
"MH","Marshall Islands",2018,1.8
"MR","Mauritania",2012,4.3
"MR","Mauritania",2013,8
"MR","Mauritania",2014,5.4
"MR","Mauritania",2015,3.9
"MR","Mauritania",2016,4.3
"MR","Mauritania",2017,4.4
"MR","Mauritania",2018,4
"MU","Mauritius",2012,0.1
"MU","Mauritius",2013,0.1
"MU","Mauritius",2014,0.1
"MU","Mauritius",2015,0.1
"MU","Mauritius",2016,0.1
"MU","Mauritius",2017,0.1
"MU","Mauritius",2018,0.1
"MX","Mexico",2012,9
"MX","Mexico",2013,9
"MX","Mexico",2014,9
"MX","Mexico",2015,9
"MX","Mexico",2016,9
"MX","Mexico",2017,9
"MX","Mexico",2018,9
"FM","Micronesia",2012,0.6
"FM","Micronesia",2013,0.6
"FM","Micronesia",2014,0.5
"FM","Micronesia",2015,0.3
"FM","Micronesia",2016,0.2
"FM","Micronesia",2017,0.4
"FM","Micronesia",2018,0.3
"MD","Moldova",2012,1.8
"MD","Moldova",2013,0.6
"MD","Moldova",2014,0.5
"MD","Moldova",2015,0.8
"MD","Moldova",2016,0.4
"MD","Moldova",2017,0.4
"MD","Moldova",2018,0.8
"MN","Mongolia",2012,3
"MN","Mongolia",2013,3.6
"MN","Mongolia",2014,2.9
"MN","Mongolia",2015,3
"MN","Mongolia",2016,3.2
"MN","Mongolia",2017,2.6
"MN","Mongolia",2018,2.1
"ME","Montenegro",2012,0.2
"ME","Montenegro",2013,0.4
"ME","Montenegro",2014,0.1
"ME","Montenegro",2015,0.1
"ME","Montenegro",2016,0.1
"ME","Montenegro",2017,0.5
"ME","Montenegro",2018,0.6
"MA","Morocco",2012,3.7
"MA","Morocco",2013,3.7
"MA","Morocco",2014,3.5
"MA","Morocco",2015,3.5
"MA","Morocco",2016,3.5
"MA","Morocco",2017,4.1
"MA","Morocco",2018,4.2
"MZ","Mozambique",2012,2.9
"MZ","Mozambique",2013,2.4
"MZ","Mozambique",2014,4.4
"MZ","Mozambique",2015,4.4
"MZ","Mozambique",2016,4.3
"MZ","Mozambique",2017,4.3
"MZ","Mozambique",2018,4.3
"MM","Myanmar",2012,7
"MM","Myanmar",2013,9
"MM","Myanmar",2014,9
"MM","Myanmar",2015,7
"MM","Myanmar",2016,7
"MM","Myanmar",2017,7
"MM","Myanmar",2018,7
"NA","Namibia",2012,0.4
"NA","Namibia",2013,0.4
"NA","Namibia",2014,0.4
"NA","Namibia",2015,0.4
"NA","Namibia",2016,0.3
"NA","Namibia",2017,0.4
"NA","Namibia",2018,0.3
"NR","Nauru",2012,0
"NR","Nauru",2013,0
"NR","Nauru",2014,0
"NR","Nauru",2015,0
"NR","Nauru",2016,0.1
"NR","Nauru",2017,0.1
"NR","Nauru",2018,0.1
"NP","Nepal",2012,5.4
"NP","Nepal",2013,6
"NP","Nepal",2014,5.8
"NP","Nepal",2015,5.2
"NP","Nepal",2016,4.6
"NP","Nepal",2017,5
"NP","Nepal",2018,5.3
"NL","Netherlands",2012,0
"NL","Netherlands",2013,0.1
"NL","Netherlands",2014,0.1
"NL","Netherlands",2015,0
"NL","Netherlands",2016,0
"NL","Netherlands",2017,0
"NL","Netherlands",2018,0
"NZ","New Zealand",2012,0.1
"NZ","New Zealand",2013,0.1
"NZ","New Zealand",2014,0.1
"NZ","New Zealand",2015,0.1
"NZ","New Zealand",2016,0.1
"NZ","New Zealand",2017,0.1
"NZ","New Zealand",2018,0.1
"NI","Nicaragua",2012,2.8
"NI","Nicaragua",2013,2.1
"NI","Nicaragua",2014,2
"NI","Nicaragua",2015,1.9
"NI","Nicaragua",2016,1.9
"NI","Nicaragua",2017,2.9
"NI","Nicaragua",2018,2.9
"NE","Niger",2012,4.8
"NE","Niger",2013,3.9
"NE","Niger",2014,4.8
"NE","Niger",2015,5.4
"NE","Niger",2016,5.5
"NE","Niger",2017,9
"NE","Niger",2018,9
"NG","Nigeria",2012,7
"NG","Nigeria",2013,10
"NG","Nigeria",2014,9
"NG","Nigeria",2015,9
"NG","Nigeria",2016,9
"NG","Nigeria",2017,9
"NG","Nigeria",2018,9
"KP","North Korea",2012,3.3
"KP","North Korea",2013,2.6
"KP","North Korea",2014,2.7
"KP","North Korea",2015,2.6
"KP","North Korea",2016,2.3
"KP","North Korea",2017,2.9
"KP","North Korea",2018,2.6
"NO","Norway",2012,0.1
"NO","Norway",2013,0
"NO","Norway",2014,0
"NO","Norway",2015,0
"NO","Norway",2016,0
"NO","Norway",2017,0
"NO","Norway",2018,0
"OM","Oman",2012,0.1
"OM","Oman",2013,1.1
"OM","Oman",2014,0.3
"OM","Oman",2015,0.4
"OM","Oman",2016,0.1
"OM","Oman",2017,0.1
"OM","Oman",2018,0.1
"PK","Pakistan",2012,10
"PK","Pakistan",2013,10
"PK","Pakistan",2014,10
"PK","Pakistan",2015,10
"PK","Pakistan",2016,10
"PK","Pakistan",2017,10
"PK","Pakistan",2018,10
"PW","Palau",2012,0.1
"PW","Palau",2013,0
"PW","Palau",2014,0
"PW","Palau",2015,0
"PW","Palau",2016,0
"PW","Palau",2017,0
"PW","Palau",2018,0
"PS","Palestine",2012,7
"PS","Palestine",2013,7
"PS","Palestine",2014,7
"PS","Palestine",2015,5.5
"PS","Palestine",2016,9
"PS","Palestine",2017,2.5
"PS","Palestine",2018,4.1
"PA","Panama",2012,0.8
"PA","Panama",2013,1.2
"PA","Panama",2014,0.9
"PA","Panama",2015,1
"PA","Panama",2016,0.2
"PA","Panama",2017,0.1
"PA","Panama",2018,0.1
"PG","Papua New Guinea",2012,2.9
"PG","Papua New Guinea",2013,4.3
"PG","Papua New Guinea",2014,3.4
"PG","Papua New Guinea",2015,4.3
"PG","Papua New Guinea",2016,3.9
"PG","Papua New Guinea",2017,3.2
"PG","Papua New Guinea",2018,3.2
"PY","Paraguay",2012,2.5
"PY","Paraguay",2013,2.7
"PY","Paraguay",2014,2.7
"PY","Paraguay",2015,2.8
"PY","Paraguay",2016,2.3
"PY","Paraguay",2017,2.2
"PY","Paraguay",2018,2.4
"PE","Peru",2012,2.6
"PE","Peru",2013,3.4
"PE","Peru",2014,3.3
"PE","Peru",2015,3.2
"PE","Peru",2016,3.3
"PE","Peru",2017,2
"PE","Peru",2018,2.2
"PH","Philippines",2012,6.1
"PH","Philippines",2013,6.1
"PH","Philippines",2014,7
"PH","Philippines",2015,9
"PH","Philippines",2016,7
"PH","Philippines",2017,9
"PH","Philippines",2018,7
"PL","Poland",2012,0.8
"PL","Poland",2013,0.8
"PL","Poland",2014,0.8
"PL","Poland",2015,0.4
"PL","Poland",2016,0.4
"PL","Poland",2017,0.5
"PL","Poland",2018,0.3
"PT","Portugal",2012,0
"PT","Portugal",2013,0.1
"PT","Portugal",2014,0.1
"PT","Portugal",2015,0.1
"PT","Portugal",2016,0.1
"PT","Portugal",2017,0
"PT","Portugal",2018,0
"QA","Qatar",2012,0.1
"QA","Qatar",2013,0
"QA","Qatar",2014,0.1
"QA","Qatar",2015,0.1
"QA","Qatar",2016,0.1
"QA","Qatar",2017,0.1
"QA","Qatar",2018,0.1
"RO","Romania",2012,2.7
"RO","Romania",2013,2.6
"RO","Romania",2014,4.2
"RO","Romania",2015,2.7
"RO","Romania",2016,1.5
"RO","Romania",2017,1.3
"RO","Romania",2018,1.2
"RU","Russian Federation",2012,7
"RU","Russian Federation",2013,7
"RU","Russian Federation",2014,7
"RU","Russian Federation",2015,7
"RU","Russian Federation",2016,7
"RU","Russian Federation",2017,6
"RU","Russian Federation",2018,6.1
"RW","Rwanda",2012,4.8
"RW","Rwanda",2013,3.2
"RW","Rwanda",2014,3.2
"RW","Rwanda",2015,2.9
"RW","Rwanda",2016,3.4
"RW","Rwanda",2017,5.2
"RW","Rwanda",2018,5.3
"KN","Saint Kitts and Nevis",2012,0
"KN","Saint Kitts and Nevis",2013,0
"KN","Saint Kitts and Nevis",2014,0
"KN","Saint Kitts and Nevis",2015,0
"KN","Saint Kitts and Nevis",2016,0
"KN","Saint Kitts and Nevis",2017,0
"KN","Saint Kitts and Nevis",2018,0
"LC","Saint Lucia",2012,2.7
"LC","Saint Lucia",2013,0.4
"LC","Saint Lucia",2014,0.4
"LC","Saint Lucia",2015,0.4
"LC","Saint Lucia",2016,0.7
"LC","Saint Lucia",2017,0.7
"LC","Saint Lucia",2018,0.6
"VC","Saint Vincent & the Grenadines",2012,1.4
"VC","Saint Vincent & the Grenadines",2013,0.6
"VC","Saint Vincent & the Grenadines",2014,0.3
"VC","Saint Vincent & the Grenadines",2015,0.5
"VC","Saint Vincent & the Grenadines",2016,0.9
"VC","Saint Vincent & the Grenadines",2017,0.6
"VC","Saint Vincent & the Grenadines",2018,0.6
"WS","Samoa",2012,0.5
"WS","Samoa",2013,1.1
"WS","Samoa",2014,1.1
"WS","Samoa",2015,0.3
"WS","Samoa",2016,0
"WS","Samoa",2017,0.5
"WS","Samoa",2018,0.3
"ST","Sao Tome & Principe",2012,0.1
"ST","Sao Tome & Principe",2013,0.1
"ST","Sao Tome & Principe",2014,0.1
"ST","Sao Tome & Principe",2015,0.1
"ST","Sao Tome & Principe",2016,0.1
"ST","Sao Tome & Principe",2017,0.1
"ST","Sao Tome & Principe",2018,0.1
"SA","Saudi Arabia",2012,7
"SA","Saudi Arabia",2013,3.6
"SA","Saudi Arabia",2014,3.2
"SA","Saudi Arabia",2015,2.7
"SA","Saudi Arabia",2016,2.7
"SA","Saudi Arabia",2017,10
"SA","Saudi Arabia",2018,9
"SN","Senegal",2012,5.4
"SN","Senegal",2013,4.9
"SN","Senegal",2014,4.8
"SN","Senegal",2015,4.1
"SN","Senegal",2016,3.2
"SN","Senegal",2017,3.6
"SN","Senegal",2018,3.4
"RS","Serbia",2012,3.1
"RS","Serbia",2013,3.2
"RS","Serbia",2014,4.5
"RS","Serbia",2015,4.6
"RS","Serbia",2016,4.4
"RS","Serbia",2017,4.4
"RS","Serbia",2018,4.3
"SC","Seychelles",2012,0
"SC","Seychelles",2013,0
"SC","Seychelles",2014,0
"SC","Seychelles",2015,0
"SC","Seychelles",2016,0
"SC","Seychelles",2017,0
"SC","Seychelles",2018,0
"SL","Sierra Leone",2012,3.6
"SL","Sierra Leone",2013,4.8
"SL","Sierra Leone",2014,5.3
"SL","Sierra Leone",2015,4.1
"SL","Sierra Leone",2016,3.4
"SL","Sierra Leone",2017,4.6
"SL","Sierra Leone",2018,4.6
"SG","Singapore",2012,0.1
"SG","Singapore",2013,0.1
"SG","Singapore",2014,0.1
"SG","Singapore",2015,0.1
"SG","Singapore",2016,0.1
"SG","Singapore",2017,0.1
"SG","Singapore",2018,0.1
"SK","Slovakia",2012,0.1
"SK","Slovakia",2013,0.7
"SK","Slovakia",2014,0.2
"SK","Slovakia",2015,0.1
"SK","Slovakia",2016,0.1
"SK","Slovakia",2017,0.1
"SK","Slovakia",2018,0.1
"SI","Slovenia",2012,0.1
"SI","Slovenia",2013,0.1
"SI","Slovenia",2014,0
"SI","Slovenia",2015,0
"SI","Slovenia",2016,0
"SI","Slovenia",2017,0
"SI","Slovenia",2018,0
"SB","Solomon Islands",2012,0.3
"SB","Solomon Islands",2013,0.2
"SB","Solomon Islands",2014,0.2
"SB","Solomon Islands",2015,0.2
"SB","Solomon Islands",2016,0.3
"SB","Solomon Islands",2017,0.3
"SB","Solomon Islands",2018,0.8
"SO","Somalia",2012,10
"SO","Somalia",2013,10
"SO","Somalia",2014,10
"SO","Somalia",2015,10
"SO","Somalia",2016,10
"SO","Somalia",2017,10
"SO","Somalia",2018,10
"ZA","South Africa",2012,4.1
"ZA","South Africa",2013,5.1
"ZA","South Africa",2014,5.7
"ZA","South Africa",2015,5.6
"ZA","South Africa",2016,5
"ZA","South Africa",2017,5.1
"ZA","South Africa",2018,5.6
"KR","South Korea",2012,1.1
"KR","South Korea",2013,0.6
"KR","South Korea",2014,1
"KR","South Korea",2015,0.6
"KR","South Korea",2016,1.1
"KR","South Korea",2017,1.6
"KR","South Korea",2018,1
"SS","South Sudan",2013,9
"SS","South Sudan",2014,9
"SS","South Sudan",2015,9
"SS","South Sudan",2016,9
"SS","South Sudan",2017,10
"SS","South Sudan",2018,10
"ES","Spain",2012,4.3
"ES","Spain",2013,3.2
"ES","Spain",2014,3.2
"ES","Spain",2015,2.7
"ES","Spain",2016,3
"ES","Spain",2017,3.1
"ES","Spain",2018,4.1
"LK","Sri Lanka",2012,3.7
"LK","Sri Lanka",2013,4.4
"LK","Sri Lanka",2014,2.9
"LK","Sri Lanka",2015,4.2
"LK","Sri Lanka",2016,3.9
"LK","Sri Lanka",2017,2
"LK","Sri Lanka",2018,4
"SD","Sudan",2012,9
"SD","Sudan",2013,9
"SD","Sudan",2014,9
"SD","Sudan",2015,9
"SD","Sudan",2016,9
"SD","Sudan",2017,9
"SD","Sudan",2018,9
"SR","Suriname",2012,0.1
"SR","Suriname",2013,0.1
"SR","Suriname",2014,0.1
"SR","Suriname",2015,0.1
"SR","Suriname",2016,0.1
"SR","Suriname",2017,0.1
"SR","Suriname",2018,0.1
"SZ","Swaziland",2012,1.5
"SZ","Swaziland",2013,3
"SZ","Swaziland",2014,2.7
"SZ","Swaziland",2015,2.5
"SZ","Swaziland",2016,1.6
"SZ","Swaziland",2017,2.1
"SZ","Swaziland",2018,2.1
"SE","Sweden",2012,0
"SE","Sweden",2013,0
"SE","Sweden",2014,0
"SE","Sweden",2015,0
"SE","Sweden",2016,0
"SE","Sweden",2017,0
"SE","Sweden",2018,0.3
"CH","Switzerland",2012,0.1
"CH","Switzerland",2013,0.1
"CH","Switzerland",2014,0.1
"CH","Switzerland",2015,0.1
"CH","Switzerland",2016,0.1
"CH","Switzerland",2017,0.1
"CH","Switzerland",2018,0.1
"SY","Syria",2012,2.6
"SY","Syria",2013,10
"SY","Syria",2014,10
"SY","Syria",2015,10
"SY","Syria",2016,10
"SY","Syria",2017,10
"SY","Syria",2018,10
"TJ","Tajikistan",2012,5.8
"TJ","Tajikistan",2013,4.6
"TJ","Tajikistan",2014,7
"TJ","Tajikistan",2015,4.5
"TJ","Tajikistan",2016,3.9
"TJ","Tajikistan",2017,5.4
"TJ","Tajikistan",2018,5.4
"TZ","Tanzania",2012,5.2
"TZ","Tanzania",2013,5.3
"TZ","Tanzania",2014,5.9
"TZ","Tanzania",2015,5.9
"TZ","Tanzania",2016,5.5
"TZ","Tanzania",2017,5.4
"TZ","Tanzania",2018,5
"TH","Thailand",2012,7
"TH","Thailand",2013,7
"TH","Thailand",2014,7
"TH","Thailand",2015,5.3
"TH","Thailand",2016,3.7
"TH","Thailand",2017,4.6
"TH","Thailand",2018,4.6
"TL","Timor-Leste",2012,0.7
"TL","Timor-Leste",2013,1.4
"TL","Timor-Leste",2014,2
"TL","Timor-Leste",2015,0.8
"TL","Timor-Leste",2016,0.8
"TL","Timor-Leste",2017,1.1
"TL","Timor-Leste",2018,1.3
"TG","Togo",2012,3.7
"TG","Togo",2013,3
"TG","Togo",2014,4.1
"TG","Togo",2015,2.9
"TG","Togo",2016,1.3
"TG","Togo",2017,2.6
"TG","Togo",2018,4.1
"TO","Tonga",2012,0
"TO","Tonga",2013,0.1
"TO","Tonga",2014,0
"TO","Tonga",2015,0
"TO","Tonga",2016,0.1
"TO","Tonga",2017,0.1
"TO","Tonga",2018,0.1
"TT","Trinidad & Tobago",2012,0.4
"TT","Trinidad & Tobago",2013,0.4
"TT","Trinidad & Tobago",2014,0.3
"TT","Trinidad & Tobago",2015,0.3
"TT","Trinidad & Tobago",2016,0.3
"TT","Trinidad & Tobago",2017,0.3
"TT","Trinidad & Tobago",2018,0.3
"TN","Tunisia",2012,0.8
"TN","Tunisia",2013,8
"TN","Tunisia",2014,3.8
"TN","Tunisia",2015,8
"TN","Tunisia",2016,4.3
"TN","Tunisia",2017,3.5
"TN","Tunisia",2018,2.9
"TR","Turkey",2012,7
"TR","Turkey",2013,9
"TR","Turkey",2014,9
"TR","Turkey",2015,7
"TR","Turkey",2016,6.5
"TR","Turkey",2017,9
"TR","Turkey",2018,9
"TM","Turkmenistan",2012,2.5
"TM","Turkmenistan",2013,2.1
"TM","Turkmenistan",2014,1.6
"TM","Turkmenistan",2015,1.7
"TM","Turkmenistan",2016,1.1
"TM","Turkmenistan",2017,1.3
"TM","Turkmenistan",2018,0.7
"TV","Tuvalu",2012,0.1
"TV","Tuvalu",2013,0.4
"TV","Tuvalu",2014,0.6
"TV","Tuvalu",2015,0.5
"TV","Tuvalu",2016,1.2
"TV","Tuvalu",2017,1.2
"TV","Tuvalu",2018,1.2
"AE","UAE",2012,0
"AE","UAE",2013,0
"AE","UAE",2014,0
"AE","UAE",2015,0.1
"AE","UAE",2016,0.1
"AE","UAE",2017,0
"AE","UAE",2018,0.1
"UG","Uganda",2012,5.4
"UG","Uganda",2013,7
"UG","Uganda",2014,6.1
"UG","Uganda",2015,8
"UG","Uganda",2016,8
"UG","Uganda",2017,6.4
"UG","Uganda",2018,6.1
"UA","Ukraine",2012,5.8
"UA","Ukraine",2013,6
"UA","Ukraine",2014,6
"UA","Ukraine",2015,6.8
"UA","Ukraine",2016,9
"UA","Ukraine",2017,9
"UA","Ukraine",2018,9
"GB","United Kingdom",2012,2.7
"GB","United Kingdom",2013,2.6
"GB","United Kingdom",2014,2.7
"GB","United Kingdom",2015,2.6
"GB","United Kingdom",2016,2.5
"GB","United Kingdom",2017,2.5
"GB","United Kingdom",2018,2.5
"UY","Uruguay",2012,0.1
"UY","Uruguay",2013,0.1
"UY","Uruguay",2014,0.1
"UY","Uruguay",2015,0.2
"UY","Uruguay",2016,0.1
"UY","Uruguay",2017,0.1
"UY","Uruguay",2018,0.1
"US","USA",2012,5.3
"US","USA",2013,5.2
"US","USA",2014,4.8
"US","USA",2015,3.8
"US","USA",2016,4.1
"US","USA",2017,4.7
"US","USA",2018,5.1
"UZ","Uzbekistan",2012,3.1
"UZ","Uzbekistan",2013,2.9
"UZ","Uzbekistan",2014,3.1
"UZ","Uzbekistan",2015,2.9
"UZ","Uzbekistan",2016,2.9
"UZ","Uzbekistan",2017,4.1
"UZ","Uzbekistan",2018,3.6
"VU","Vanuatu",2012,0.1
"VU","Vanuatu",2013,0.1
"VU","Vanuatu",2014,0.1
"VU","Vanuatu",2015,0.1
"VU","Vanuatu",2016,0
"VU","Vanuatu",2017,0.1
"VU","Vanuatu",2018,0.1
"VE","Venezuela",2012,3.7
"VE","Venezuela",2013,2.5
"VE","Venezuela",2014,4.3
"VE","Venezuela",2015,5.1
"VE","Venezuela",2016,5.6
"VE","Venezuela",2017,5.6
"VE","Venezuela",2018,5.6
"VN","Viet Nam",2012,2.5
"VN","Viet Nam",2013,1.2
"VN","Viet Nam",2014,2.5
"VN","Viet Nam",2015,2.6
"VN","Viet Nam",2016,2.6
"VN","Viet Nam",2017,2.6
"VN","Viet Nam",2018,3
"YE","Yemen",2012,8
"YE","Yemen",2013,10
"YE","Yemen",2014,10
"YE","Yemen",2015,10
"YE","Yemen",2016,10
"YE","Yemen",2017,10
"YE","Yemen",2018,10
"ZM","Zambia",2012,3.2
"ZM","Zambia",2013,2.4
"ZM","Zambia",2014,2.2
"ZM","Zambia",2015,2.2
"ZM","Zambia",2016,2.2
"ZM","Zambia",2017,2.2
"ZM","Zambia",2018,2.2
"ZW","Zimbabwe",2012,4.7
"ZW","Zimbabwe",2013,4.8
"ZW","Zimbabwe",2014,4.8
"ZW","Zimbabwe",2015,4.3
"ZW","Zimbabwe",2016,4.3
"ZW","Zimbabwe",2017,4.8
"ZW","Zimbabwe",2018,4.8
