"id","entity-name","year","value"
"AF","Afghanistan",2015,10
"AL","Albania",2015,0.1
"DZ","Algeria",2015,8
"AO","Angola",2015,4.9
"AG","Antigua and Barbuda",2015,0
"AR","Argentina",2015,2.1
"AM","Armenia",2015,0.1
"AU","Australia",2015,0.1
"AT","Austria",2015,0
"AZ","Azerbaijan",2015,3.7
"BS","Bahamas",2015,0
"BH","Bahrain",2015,0.6
"BD","Bangladesh",2015,6.1
"BB","Barbados",2015,0
"BY","Belarus",2015,1.2
"BE","Belgium",2015,0.1
"BZ","Belize",2015,0
"BJ","Benin",2015,1.1
"BT","Bhutan",2015,0.1
"BO","Bolivia ",2015,2.2
"BA","Bosnia and Herzegovina",2015,0.1
"BW","Botswana",2015,0.2
"BR","Brazil",2015,6
"BN","Brunei",2015,0
"BG","Bulgaria",2015,1.3
"BF","Burkina Faso",2015,1.9
"BI","Burundi",2015,4.6
"CI","Côte d'Ivoire",2015,3.9
"KH","Cambodia",2015,3.7
"CM","Cameroon",2015,1.7
"CA","Canada",2015,0.7
"CV","Cape Verde",2015,0
"CF","CAR",2015,10
"TD","Chad",2015,5.9
"CL","Chile",2015,0.9
"CN","China",2015,6.3
"CO","Colombia",2015,7
"KM","Comoros",2015,0.1
"CG","Congo",2015,3.3
"CR","Costa Rica",2015,0.1
"HR","Croatia",2015,0
"CU","Cuba",2015,0.1
"CY","Cyprus",2015,0.1
"CZ","Czech Republic",2015,0.1
"DK","Denmark",2015,0
"DJ","Djibouti",2015,0.4
"DM","Dominica",2015,0
"DO","Dominican Republic",2015,1.7
"CD","DRC",2015,7
"EC","Ecuador",2015,0.7
"EG","Egypt",2015,7
"SV","El Salvador",2015,1
"GQ","Equatorial Guinea",2015,0.1
"ER","Eritrea",2015,1.6
"EE","Estonia",2015,0.1
"ET","Ethiopia",2015,6.3
"FJ","Fiji",2015,0
"FI","Finland",2015,0
"FR","France",2015,2.3
"GA","Gabon",2015,1.7
"GM","Gambia",2015,0.2
"GE","Georgia",2015,3.9
"DE","Germany",2015,0.2
"GH","Ghana",2015,1.2
"GR","Greece",2015,2.8
"GD","Grenada",2015,0
"GT","Guatemala",2015,3.7
"GN","Guinea",2015,4
"GW","Guinea-Bissau",2015,2.1
"GY","Guyana",2015,0
"HT","Haiti",2015,3.6
"HN","Honduras",2015,2.2
"HU","Hungary",2015,0.7
"IS","Iceland",2015,0
"IN","India",2015,7
"ID","Indonesia",2015,6.4
"IR","Iran",2015,5.2
"IQ","Iraq",2015,10
"IE","Ireland",2015,0
"IL","Israel",2015,3.2
"IT","Italy",2015,2.8
"JM","Jamaica",2015,1.3
"JP","Japan",2015,0.9
"JO","Jordan",2015,1.6
"KZ","Kazakhstan",2015,2.2
"KE","Kenya",2015,7
"KI","Kiribati",2015,0
"KW","Kuwait",2015,2.4
"KG","Kyrgyzstan",2015,2.5
"LA","Lao",2015,1.6
"LV","Latvia",2015,0
"LB","Lebanon",2015,3.1
"LS","Lesotho",2015,1.1
"LR","Liberia",2015,0.9
"LY","Libya",2015,8
"LI","Liechtenstein",2015,0
"LT","Lithuania",2015,0.1
"LU","Luxembourg",2015,0
"MK","Macedonia",2015,1
"MG","Madagascar",2015,0.9
"MW","Malawi",2015,0.4
"MY","Malaysia",2015,2.3
"MV","Maldives",2015,0
"ML","Mali",2015,8
"MT","Malta",2015,0
"MH","Marshall Islands",2015,0
"MR","Mauritania",2015,2.3
"MU","Mauritius",2015,0
"MX","Mexico",2015,9
"FM","Micronesia",2015,0
"MD","Moldova",2015,4.2
"MN","Mongolia",2015,0.9
"ME","Montenegro",2015,0
"MA","Morocco",2015,2.2
"MZ","Mozambique",2015,2.9
"MM","Myanmar",2015,7
"NA","Namibia",2015,1
"NR","Nauru",2015,0
"NP","Nepal",2015,3.8
"NL","Netherlands",2015,0.1
"NZ","New Zealand",2015,0
"NI","Nicaragua",2015,2
"NE","Niger",2015,4.5
"NG","Nigeria",2015,9
"KP","North Korea",2015,1.2
"NO","Norway",2015,0
"OM","Oman",2015,1.2
"PK","Pakistan",2015,8
"PW","Palau",2015,0
"PS","Palestine",2015,9
"PA","Panama",2015,2.2
"PG","Papua New Guinea",2015,1.7
"PY","Paraguay",2015,1.7
"PE","Peru",2015,3.9
"PH","Philippines",2015,7
"PL","Poland",2015,1.2
"PT","Portugal",2015,0.1
"QA","Qatar",2015,0
"RO","Romania",2015,2.4
"RU","Russian Federation",2015,7
"RW","Rwanda",2015,1.6
"KN","Saint Kitts and Nevis",2015,0
"LC","Saint Lucia",2015,0
"VC","Saint Vincent and the Grenadines",2015,0
"WS","Samoa",2015,0
"ST","Sao Tome and Principe",2015,0
"SA","Saudi Arabia",2015,3.4
"SN","Senegal",2015,4
"RS","Serbia",2015,1.9
"SC","Seychelles",2015,0
"SL","Sierra Leone",2015,2.6
"SG","Singapore",2015,0
"SK","Slovakia",2015,2.2
"SI","Slovenia",2015,0
"SB","Solomon Islands",2015,0
"SO","Somalia",2015,10
"ZA","South Africa",2015,5
"KR","South Korea",2015,0.2
"SS","South Sudan",2015,9
"ES","Spain",2015,2
"LK","Sri Lanka",2015,5.2
"SD","Sudan",2015,9
"SR","Suriname",2015,0
"SZ","Swaziland",2015,2.5
"SE","Sweden",2015,0
"CH","Switzerland",2015,0.1
"SY","Syria",2015,10
"TJ","Tajikistan",2015,5
"TZ","Tanzania",2015,3.9
"TH","Thailand",2015,5.2
"TL","Timor-Leste",2015,0.5
"TG","Togo",2015,2.9
"TO","Tonga",2015,0
"TT","Trinidad and Tobago",2015,0.1
"TN","Tunisia",2015,2.2
"TR","Turkey",2015,5.5
"TM","Turkmenistan",2015,0.9
"TV","Tuvalu",2015,0
"AE","UAE",2015,0
"UG","Uganda",2015,8
"UA","Ukraine",2015,9
"GB","United Kingdom",2015,3.5
"UY","Uruguay",2015,0
"US","USA",2015,2.8
"UZ","Uzbekistan",2015,2.8
"VU","Vanuatu",2015,0
"VE","Venezuela",2015,4.2
"VN","Viet Nam",2015,1.2
"YE","Yemen",2015,10
"ZM","Zambia",2015,2
"ZW","Zimbabwe",2015,4.5
