"id-to","entity-to-name","year","value"
"AF","Afghanistan",2007,52816888.12
"AF","Afghanistan",2008,32809958.2
"AF","Afghanistan",2009,16549400.94
"AF","Afghanistan",2010,8102560.8
"AF","Afghanistan",2011,16769362.83
"AF","Afghanistan",2012,16646142.07
"AF","Afghanistan",2013,0
"AF","Afghanistan",2014,0
"AF","Afghanistan",2015,0
"AL","Albania",2000,25124669.15
"AL","Albania",2001,16838787.19
"AL","Albania",2002,7025524.89
"AL","Albania",2003,13370518.6
"AL","Albania",2004,12976900.87
"AL","Albania",2005,12561529.84
"AL","Albania",2006,3720194.88
"AL","Albania",2007,3589309.9
"AL","Albania",2008,3537337.97
"AL","Albania",2009,1785018.57
"AL","Albania",2010,0
"AL","Albania",2011,0
"AL","Albania",2012,0
"AL","Albania",2013,0
"AL","Albania",2014,0
"AL","Albania",2015,0
"AO","Angola",2010,0
"AG","Antigua & Barbuda",2010,0
"AM","Armenia",2000,0
"AM","Armenia",2001,17892968.35
"AM","Armenia",2002,35114061.65
"AM","Armenia",2003,33426296.51
"AM","Armenia",2004,30805081.98
"AM","Armenia",2005,10297903.91
"AM","Armenia",2006,10027899.61
"AM","Armenia",2007,9677628.57
"AM","Armenia",2008,6725536.1
"AM","Armenia",2009,0
"AM","Armenia",2010,53634641.9
"AM","Armenia",2011,52264428.59
"AM","Armenia",2012,44389591.42
"AM","Armenia",2013,36405852.47
"AM","Armenia",2014,0
"AM","Armenia",2015,0
"AZ","Azerbaijan",2000,0
"AZ","Azerbaijan",2001,14407142.63
"AZ","Azerbaijan",2002,14132426.51
"AZ","Azerbaijan",2003,43024418.8
"AZ","Azerbaijan",2004,0
"AZ","Azerbaijan",2005,20202595.8
"AZ","Azerbaijan",2006,0
"AZ","Azerbaijan",2007,0
"AZ","Azerbaijan",2008,0
"AZ","Azerbaijan",2009,0
"AZ","Azerbaijan",2010,0
"AZ","Azerbaijan",2011,0
"AZ","Azerbaijan",2012,0
"AZ","Azerbaijan",2013,0
"AZ","Azerbaijan",2014,0
"AZ","Azerbaijan",2015,0
"BD","Bangladesh",2000,0
"BD","Bangladesh",2001,0
"BD","Bangladesh",2002,0
"BD","Bangladesh",2003,82742021.83
"BD","Bangladesh",2004,160541237.77
"BD","Bangladesh",2005,105603994.97
"BD","Bangladesh",2006,154315346.29
"BD","Bangladesh",2007,0
"BD","Bangladesh",2008,0
"BD","Bangladesh",2009,0
"BD","Bangladesh",2010,0
"BD","Bangladesh",2011,0
"BD","Bangladesh",2012,126819253.2
"BD","Bangladesh",2013,375375925.75
"BD","Bangladesh",2014,124645199.78
"BD","Bangladesh",2015,255821000
"BY","Belarus",2010,0
"BZ","Belize",2010,0
"BJ","Benin",2000,15170870.33
"BJ","Benin",2001,21083623.35
"BJ","Benin",2002,13617040.52
"BJ","Benin",2003,18456090.86
"BJ","Benin",2004,7742336.64
"BJ","Benin",2005,3793964.6
"BJ","Benin",2006,56467985.98
"BJ","Benin",2007,1302572.14
"BJ","Benin",2008,17319174.24
"BJ","Benin",2009,14935288.4
"BJ","Benin",2010,15229934.32
"BJ","Benin",2011,29653750.39
"BJ","Benin",2012,29435839.89
"BJ","Benin",2013,14521281.76
"BJ","Benin",2014,14465535.65
"BJ","Benin",2015,0
"BO","Bolivia",2000,32623375.51
"BO","Bolivia",2001,46032577.66
"BO","Bolivia",2002,14037486.99
"BO","Bolivia",2003,11555948.22
"BO","Bolivia",2004,20533071
"BO","Bolivia",2005,15303386.61
"BO","Bolivia",2006,246010875.96
"BA","Bosnia & Herzegovina",2010,0
"BF","Burkina Faso",2000,13743180.68
"BF","Burkina Faso",2001,38470584.75
"BF","Burkina Faso",2002,27681653.08
"BF","Burkina Faso",2003,22777633.48
"BF","Burkina Faso",2004,24300205.09
"BF","Burkina Faso",2005,31669508.41
"BF","Burkina Faso",2006,114681761.73
"BF","Burkina Faso",2007,733299.87
"BF","Burkina Faso",2008,16749525.01
"BF","Burkina Faso",2009,51414231.82
"BF","Burkina Faso",2010,19939407.38
"BF","Burkina Faso",2011,18027060.62
"BF","Burkina Faso",2012,67999286.12
"BF","Burkina Faso",2013,8827734.9
"BF","Burkina Faso",2014,6953271.56
"BF","Burkina Faso",2015,32221600
"BI","Burundi",2000,0
"BI","Burundi",2001,0
"BI","Burundi",2002,0
"BI","Burundi",2004,42807346.41
"BI","Burundi",2005,22508731.14
"BI","Burundi",2006,21999029.5
"BI","Burundi",2007,10681091.55
"BI","Burundi",2008,20029602.04
"BI","Burundi",2009,64877829.37
"BI","Burundi",2010,18929912.32
"BI","Burundi",2011,18446263.71
"BI","Burundi",2012,13871769.96
"BI","Burundi",2013,13686410.7
"BI","Burundi",2014,13633909.77
"BI","Burundi",2015,6995570
"CI","Côte d'Ivoire",2000,0
"CI","Côte d'Ivoire",2001,0
"CI","Côte d'Ivoire",2002,102765254.98
"CI","Côte d'Ivoire",2003,0
"CI","Côte d'Ivoire",2004,0
"CI","Côte d'Ivoire",2005,0
"CI","Côte d'Ivoire",2006,0
"CI","Côte d'Ivoire",2007,0
"CI","Côte d'Ivoire",2008,0
"CI","Côte d'Ivoire",2009,293065868.79
"CI","Côte d'Ivoire",2010,58534020.34
"CI","Côte d'Ivoire",2011,227224715.86
"CI","Côte d'Ivoire",2012,203105972.98
"CI","Côte d'Ivoire",2013,133524442.73
"CI","Côte d'Ivoire",2014,155180313.25
"CI","Côte d'Ivoire",2015,136498000
"KH","Cambodia",2000,14703869.04
"KH","Cambodia",2001,29910633.67
"KH","Cambodia",2002,29336313.39
"KH","Cambodia",2003,13967416.76
"KH","Cambodia",2004,0
"KH","Cambodia",2005,0
"KH","Cambodia",2006,86873824.58
"CM","Cameroon",2000,92986627.36
"CM","Cameroon",2001,30135525.65
"CM","Cameroon",2002,56448329.32
"CM","Cameroon",2003,26609719.62
"CM","Cameroon",2004,5563093.37
"CM","Cameroon",2005,5536850.29
"CM","Cameroon",2006,273922729.17
"CM","Cameroon",2007,7815432.84
"CM","Cameroon",2008,7690264.64
"CM","Cameroon",2009,139858104.3
"CM","Cameroon",2010,0
"CM","Cameroon",2011,0
"CM","Cameroon",2012,0
"CM","Cameroon",2013,0
"CM","Cameroon",2014,0
"CM","Cameroon",2015,0
"CV","Cape Verde",2002,4312967.02
"CV","Cape Verde",2003,4106659.29
"CV","Cape Verde",2004,1993076.76
"CV","Cape Verde",2005,3910865.47
"CV","Cape Verde",2006,0
"CV","Cape Verde",2007,0
"CV","Cape Verde",2008,0
"CV","Cape Verde",2009,0
"CV","Cape Verde",2010,0
"CV","Cape Verde",2011,0
"CV","Cape Verde",2012,0
"CV","Cape Verde",2013,0
"CV","Cape Verde",2014,0
"CV","Cape Verde",2015,0
"CF","CAR",2000,0
"CF","CAR",2001,14308752.38
"CF","CAR",2002,0
"CF","CAR",2003,0
"CF","CAR",2004,0
"CF","CAR",2005,0
"CF","CAR",2006,0
"CF","CAR",2007,30538080.18
"CF","CAR",2008,26167113.12
"CF","CAR",2009,61858489.44
"CF","CAR",2010,12433520.2
"CF","CAR",2012,9658861.38
"CF","CAR",2013,0
"CF","CAR",2014,11391121.52
"CF","CAR",2015,19482700
"TD","Chad",2000,18293107.49
"TD","Chad",2001,26509142.43
"TD","Chad",2002,27329020.56
"TD","Chad",2003,13489898.23
"TD","Chad",2004,1303165.57
"TD","Chad",2005,8756937.89
"TD","Chad",2006,20783.21
"TD","Chad",2007,0
"TD","Chad",2008,0
"TD","Chad",2009,0
"TD","Chad",2010,37.6
"TD","Chad",2011,0
"TD","Chad",2012,0
"TD","Chad",2013,0
"TD","Chad",2014,18146668.87
"TD","Chad",2015,68696700
"KM","Comoros",2000,0
"KM","Comoros",2001,0
"KM","Comoros",2002,0
"KM","Comoros",2003,0
"KM","Comoros",2004,0
"KM","Comoros",2008,3234137.58
"KM","Comoros",2009,6190596.33
"KM","Comoros",2010,2233578.32
"KM","Comoros",2011,2176519.09
"KM","Comoros",2012,8437934.78
"KM","Comoros",2013,4263316.93
"KM","Comoros",2015,0
"CG","Congo",2000,0
"CG","Congo",2001,0
"CG","Congo",2002,0
"CG","Congo",2003,0
"CG","Congo",2004,12746930.47
"CG","Congo",2005,12338355.46
"CG","Congo",2006,12012696.32
"CG","Congo",2007,0
"CG","Congo",2008,1810014.5
"CG","Congo",2009,3655490.17
"CG","Congo",2010,17407708.43
"CG","Congo",2011,5066745.6
"CG","Congo",2012,0
"CG","Congo",2013,0
"CG","Congo",2014,0
"CG","Congo",2015,0
"DJ","Djibouti",2000,4790098.9
"DJ","Djibouti",2001,6507811.74
"DJ","Djibouti",2002,7974920.14
"DJ","Djibouti",2003,0
"DJ","Djibouti",2004,0
"DJ","Djibouti",2005,0
"DJ","Djibouti",2006,0
"DJ","Djibouti",2007,0
"DJ","Djibouti",2008,5613801.31
"DJ","Djibouti",2009,2164809.76
"DJ","Djibouti",2010,0
"DJ","Djibouti",2011,6187883.73
"DJ","Djibouti",2012,17328550.3
"DJ","Djibouti",2014,0
"DJ","Djibouti",2015,0
"DM","Dominica",2003,3939527.8
"DM","Dominica",2004,996538.38
"DM","Dominica",2005,3751455.19
"DM","Dominica",2006,3553929.19
"DM","Dominica",2007,0
"DM","Dominica",2008,0
"DM","Dominica",2009,4804358.5
"DM","Dominica",2010,0
"DM","Dominica",2011,0
"DM","Dominica",2012,2843708.77
"DM","Dominica",2013,0
"DM","Dominica",2014,0
"DM","Dominica",2015,8604550
"DO","Dominican Republic",2010,0
"DO","Dominican Republic",2011,0
"CD","DRC",2002,737327480.76
"CD","DRC",2003,90155496.88
"CD","DRC",2004,88429092.43
"CD","DRC",2005,43699670.66
"CD","DRC",2006,893678.1
"CD","DRC",2007,19297.37
"CD","DRC",2008,0
"CD","DRC",2009,288964123.98
"CD","DRC",2010,519473846.35
"CD","DRC",2011,138327283.39
"CD","DRC",2015,0
"GQ","Equatorial Guinea",2000,0
"GQ","Equatorial Guinea",2001,0
"GQ","Equatorial Guinea",2002,0
"GQ","Equatorial Guinea",2003,0
"GQ","Equatorial Guinea",2004,0
"ET","Ethiopia",2000,0
"ET","Ethiopia",2001,63180591.32
"ET","Ethiopia",2002,67244309.65
"ET","Ethiopia",2003,24102747.38
"ET","Ethiopia",2004,38109379.77
"ET","Ethiopia",2005,6397665.79
"ET","Ethiopia",2006,171316013.4
"ET","Ethiopia",2009,156606895.61
"ET","Ethiopia",2010,115042019.81
"ET","Ethiopia",2014,0
"ET","Ethiopia",2015,0
"GM","Gambia",2000,12088661.84
"GM","Gambia",2001,12326891.79
"GM","Gambia",2002,5113171.59
"GM","Gambia",2003,59689.82
"GM","Gambia",2004,0
"GM","Gambia",2005,0
"GM","Gambia",2006,0
"GM","Gambia",2007,20146449.11
"GM","Gambia",2008,5806747.01
"GM","Gambia",2009,14963772.73
"GM","Gambia",2010,2860987.96
"GM","Gambia",2011,3259543.02
"GM","Gambia",2012,12942300.06
"GM","Gambia",2013,2128236.86
"GM","Gambia",2014,0
"GM","Gambia",2015,10878100
"GE","Georgia",2000,0
"GE","Georgia",2001,48309608.98
"GE","Georgia",2002,39494842.62
"GE","Georgia",2003,0
"GE","Georgia",2004,22701363.29
"GE","Georgia",2005,43944099.75
"GE","Georgia",2006,42803024.33
"GE","Georgia",2007,41306009.88
"GE","Georgia",2008,0
"GE","Georgia",2009,0
"GE","Georgia",2010,0
"GE","Georgia",2011,0
"GE","Georgia",2012,0
"GE","Georgia",2013,0
"GE","Georgia",2014,0
"GE","Georgia",2015,0
"GH","Ghana",2000,47060386.67
"GH","Ghana",2001,94075127.41
"GH","Ghana",2002,105192994.28
"GH","Ghana",2003,110688793.3
"GH","Ghana",2004,64939259.21
"GH","Ghana",2005,67303019.04
"GH","Ghana",2006,526594624.46
"GH","Ghana",2007,0
"GH","Ghana",2008,0
"GH","Ghana",2009,99049541.35
"GH","Ghana",2010,116877721.73
"GH","Ghana",2011,166519930.45
"GH","Ghana",2012,165267772.29
"GH","Ghana",2013,0
"GH","Ghana",2014,0
"GH","Ghana",2015,232323000
"GD","Grenada",2006,2379677.73
"GD","Grenada",2007,0
"GD","Grenada",2008,7828083
"GD","Grenada",2009,11346261.69
"GD","Grenada",2010,6030313.69
"GD","Grenada",2011,0
"GD","Grenada",2012,0
"GD","Grenada",2013,0
"GD","Grenada",2014,5508081.61
"GD","Grenada",2015,5596460
"GN","Guinea",2000,0
"GN","Guinea",2001,41422292.02
"GN","Guinea",2002,24263830.16
"GN","Guinea",2003,2602475.94
"GN","Guinea",2004,492793.7
"GN","Guinea",2005,0
"GN","Guinea",2006,0
"GN","Guinea",2007,11260012.5
"GN","Guinea",2008,31505277.7
"GN","Guinea",2009,94947.8
"GN","Guinea",2010,0
"GN","Guinea",2011,0
"GN","Guinea",2012,85978094.03
"GN","Guinea",2013,25128250.05
"GN","Guinea",2014,86568217.41
"GN","Guinea",2015,93118000
"GW","Guinea-Bissau",2000,8939738.89
"GW","Guinea-Bissau",2001,941735.18
"GW","Guinea-Bissau",2002,40688.37
"GW","Guinea-Bissau",2003,0
"GW","Guinea-Bissau",2004,0
"GW","Guinea-Bissau",2005,0
"GW","Guinea-Bissau",2006,0
"GW","Guinea-Bissau",2007,0
"GW","Guinea-Bissau",2008,0
"GW","Guinea-Bissau",2009,0
"GW","Guinea-Bissau",2010,27522933.56
"GW","Guinea-Bissau",2011,6746868.39
"GW","Guinea-Bissau",2014,4840017.78
"GW","Guinea-Bissau",2015,3973480
"GY","Guyana",2000,23590236.36
"GY","Guyana",2001,14575811.61
"GY","Guyana",2002,19449039.94
"GY","Guyana",2003,21130194.58
"GY","Guyana",2004,24760145.88
"GY","Guyana",2005,41138478.87
"GY","Guyana",2006,97182297.54
"GY","Guyana",2007,0
"GY","Guyana",2008,0
"GY","Guyana",2009,0
"GY","Guyana",2010,0
"GY","Guyana",2011,0
"GY","Guyana",2012,0
"GY","Guyana",2013,0
"GY","Guyana",2014,0
"GY","Guyana",2015,0
"HT","Haiti",2000,0
"HT","Haiti",2001,0
"HT","Haiti",2002,0
"HT","Haiti",2003,0
"HT","Haiti",2004,0
"HT","Haiti",2005,0
"HT","Haiti",2006,42969290.03
"HT","Haiti",2007,11317904.6
"HT","Haiti",2008,46049708.9
"HT","Haiti",2009,61336276.56
"HT","Haiti",2010,372075065.92
"HT","Haiti",2011,11445058.71
"HT","Haiti",2012,20449696.28
"HT","Haiti",2013,8967336.29
"HT","Haiti",2014,4466450
"HT","Haiti",2015,9821780
"HN","Honduras",2000,28407021.04
"HN","Honduras",2001,30683699.86
"HN","Honduras",2002,1532595.2
"HN","Honduras",2003,23875.93
"HN","Honduras",2004,39259231.75
"HN","Honduras",2005,30213561.21
"HN","Honduras",2006,179805955.34
"HN","Honduras",2007,0
"HN","Honduras",2008,0
"HN","Honduras",2009,0
"HN","Honduras",2010,0
"HN","Honduras",2011,0
"HN","Honduras",2012,0
"HN","Honduras",2013,0
"HN","Honduras",2014,0
"HN","Honduras",2015,0
"IQ","Iraq",2010,0
"JM","Jamaica",2010,0
"JO","Jordan",2010,0
"KE","Kenya",2000,59109019.83
"KE","Kenya",2001,0
"KE","Kenya",2002,0
"KE","Kenya",2003,41794808.6
"KE","Kenya",2004,0
"KE","Kenya",2005,78482993.15
"KE","Kenya",2006,0
"KE","Kenya",2007,110641442.48
"KE","Kenya",2008,0
"KE","Kenya",2009,198687759.03
"KE","Kenya",2010,0
"KE","Kenya",2011,280657177.38
"KE","Kenya",2012,199533993.8
"KE","Kenya",2013,196868212.89
"KE","Kenya",2014,0
"KE","Kenya",2015,0
"XK","Kosovo",2010,0
"XK","Kosovo",2011,0
"XK","Kosovo",2012,0
"XK","Kosovo",2013,0
"KG","Kyrgyzstan",2000,25178040.73
"KG","Kyrgyzstan",2001,20971177.36
"KG","Kyrgyzstan",2002,20574751.46
"KG","Kyrgyzstan",2003,35575129.86
"KG","Kyrgyzstan",2004,31002199.46
"KG","Kyrgyzstan",2005,18980450.34
"KG","Kyrgyzstan",2006,3886460.57
"KG","Kyrgyzstan",2007,3743688.82
"KG","Kyrgyzstan",2008,38910717.72
"KG","Kyrgyzstan",2009,24382594.15
"KG","Kyrgyzstan",2010,31836598.08
"KG","Kyrgyzstan",2011,26590540.65
"KG","Kyrgyzstan",2012,26395206.31
"KG","Kyrgyzstan",2013,26042448.26
"KG","Kyrgyzstan",2014,12973991.76
"KG","Kyrgyzstan",2015,26622300
"LA","Lao",2000,0
"LA","Lao",2001,8110167.12
"LA","Lao",2002,15909151.92
"LA","Lao",2003,7568668.57
"LA","Lao",2004,0
"LA","Lao",2005,0
"LA","Lao",2006,0
"LA","Lao",2007,0
"LA","Lao",2008,0
"LA","Lao",2009,0
"LA","Lao",2010,0
"LA","Lao",2011,0
"LA","Lao",2012,0
"LA","Lao",2013,0
"LB","Lebanon",2010,0
"LS","Lesotho",2000,0
"LS","Lesotho",2001,12523672.27
"LS","Lesotho",2002,12287887.16
"LS","Lesotho",2003,5849601.89
"LS","Lesotho",2004,11356157.13
"LS","Lesotho",2005,0
"LS","Lesotho",2006,0
"LS","Lesotho",2007,0
"LS","Lesotho",2008,0
"LS","Lesotho",2009,0
"LS","Lesotho",2010,11185844.46
"LS","Lesotho",2011,7937490.14
"LS","Lesotho",2012,35740531.21
"LS","Lesotho",2013,15547762.56
"LS","Lesotho",2014,0
"LS","Lesotho",2015,0
"LR","Liberia",2000,0
"LR","Liberia",2001,0
"LR","Liberia",2008,327235920.26
"LR","Liberia",2009,26414477
"LR","Liberia",2010,802330039.35
"LR","Liberia",2011,12409332.03
"LR","Liberia",2012,16399170.96
"LR","Liberia",2013,20206634.77
"LR","Liberia",2014,54101883.84
"LR","Liberia",2015,91672800
"MK","Macedonia",2000,3028836.91
"MK","Macedonia",2001,0
"MK","Macedonia",2002,0
"MK","Macedonia",2003,0
"MK","Macedonia",2004,0
"MK","Macedonia",2005,0
"MK","Macedonia",2006,0
"MK","Macedonia",2007,0
"MG","Madagascar",2000,66847898.27
"MG","Madagascar",2001,41815852.99
"MG","Madagascar",2002,22459979.18
"MG","Madagascar",2003,23816236.26
"MG","Madagascar",2004,58532941.05
"MG","Madagascar",2005,20563925.76
"MG","Madagascar",2006,221871175.66
"MG","Madagascar",2007,11588067.71
"MG","Madagascar",2008,54180992.3
"MG","Madagascar",2009,0
"MG","Madagascar",2010,0
"MG","Madagascar",2011,0
"MG","Madagascar",2012,0
"MG","Madagascar",2013,0
"MG","Madagascar",2014,41651448.57
"MG","Madagascar",2015,42742900
"MW","Malawi",2000,11328116.89
"MW","Malawi",2001,4146445.93
"MW","Malawi",2002,54251.16
"MW","Malawi",2003,13764471.38
"MW","Malawi",2004,4610358.87
"MW","Malawi",2005,12529647.79
"MW","Malawi",2006,79776357.81
"MW","Malawi",2007,9851304.85
"MW","Malawi",2008,89039850.16
"MW","Malawi",2009,0
"MW","Malawi",2010,19905005.59
"MW","Malawi",2011,0
"MW","Malawi",2012,36122082.1
"MW","Malawi",2013,17806020.32
"MW","Malawi",2014,17737674
"MW","Malawi",2015,18216500
"MV","Maldives",2009,1500175.19
"MV","Maldives",2010,1469933.85
"MV","Maldives",2015,0
"ML","Mali",2000,12795835.22
"ML","Mali",2001,41956410.48
"ML","Mali",2002,23884072.06
"ML","Mali",2003,34990169.67
"ML","Mali",2004,17499651.97
"ML","Mali",2005,15250249.85
"ML","Mali",2006,120854375.58
"ML","Mali",2007,3946311.15
"ML","Mali",2008,26121173.67
"ML","Mali",2009,2924392.13
"ML","Mali",2010,5736319.41
"ML","Mali",2011,40525945.42
"ML","Mali",2012,8323052.92
"ML","Mali",2013,38321949.97
"ML","Mali",2014,10907127.82
"ML","Mali",2015,11192900
"MR","Mauritania",2000,17292390.45
"MR","Mauritania",2001,43629044.59
"MR","Mauritania",2002,35439568.6
"MR","Mauritania",2003,14683694.54
"MR","Mauritania",2004,9242619.69
"MR","Mauritania",2005,5164892.98
"MR","Mauritania",2006,53381679.05
"MR","Mauritania",2007,12359962.31
"MR","Mauritania",2008,2802306.71
"MR","Mauritania",2009,0
"MR","Mauritania",2010,31664495.15
"MR","Mauritania",2011,30855595.74
"MR","Mauritania",2012,30628854.31
"MR","Mauritania",2013,15109797.42
"MR","Mauritania",2014,0
"MR","Mauritania",2015,0
"MD","Moldova",2000,16251644.73
"MD","Moldova",2001,16529560.71
"MD","Moldova",2002,16221096.07
"MD","Moldova",2003,0
"MD","Moldova",2004,0
"MD","Moldova",2005,0
"MD","Moldova",2006,66360794.71
"MD","Moldova",2007,32023977.29
"MD","Moldova",2008,33214225.4
"MD","Moldova",2009,0
"MD","Moldova",2010,114726200.13
"MD","Moldova",2011,83846725.63
"MD","Moldova",2012,42835946.67
"MD","Moldova",2013,0
"MD","Moldova",2014,0
"MD","Moldova",2015,0
"MN","Mongolia",2000,10447485.9
"MN","Mongolia",2001,7280877.93
"MN","Mongolia",2002,0
"MN","Mongolia",2003,13609277.87
"MN","Mongolia",2004,0
"MN","Mongolia",2005,0
"MN","Mongolia",2006,0
"MN","Mongolia",2007,0
"MN","Mongolia",2008,0
"MN","Mongolia",2009,0
"MN","Mongolia",2010,0
"MN","Mongolia",2011,0
"MN","Mongolia",2012,0
"MN","Mongolia",2013,0
"MZ","Mozambique",2000,119205413.81
"MZ","Mozambique",2001,52259274.42
"MZ","Mozambique",2002,38097875.31
"MZ","Mozambique",2003,28495917.78
"MZ","Mozambique",2004,17499651.97
"MZ","Mozambique",2005,21722307.11
"MZ","Mozambique",2006,167845217.05
"MZ","Mozambique",2007,4805043.9
"MZ","Mozambique",2008,0
"MZ","Mozambique",2009,145535982.53
"MZ","Mozambique",2010,20363978.07
"MZ","Mozambique",2011,0
"MZ","Mozambique",2012,0
"MZ","Mozambique",2013,0
"MZ","Mozambique",2014,0
"MZ","Mozambique",2015,119205000
"NP","Nepal",2000,0
"NP","Nepal",2001,0
"NP","Nepal",2002,0
"NP","Nepal",2003,11914087.11
"NP","Nepal",2004,11564225.59
"NP","Nepal",2005,0
"NP","Nepal",2006,21801588.99
"NP","Nepal",2007,31541543.16
"NP","Nepal",2008,0
"NP","Nepal",2009,0
"NP","Nepal",2010,40899965.07
"NP","Nepal",2011,0
"NP","Nepal",2012,0
"NP","Nepal",2013,0
"NP","Nepal",2014,0
"NP","Nepal",2015,49878400
"NI","Nicaragua",2000,35505440.58
"NI","Nicaragua",2001,0
"NI","Nicaragua",2002,13400035.89
"NI","Nicaragua",2003,38094040.06
"NI","Nicaragua",2004,54984826.39
"NI","Nicaragua",2005,25473762.3
"NI","Nicaragua",2006,278609343.39
"NI","Nicaragua",2007,17550953.51
"NI","Nicaragua",2008,26709198.68
"NI","Nicaragua",2009,34845841.33
"NI","Nicaragua",2010,18356267.22
"NI","Nicaragua",2011,15511665.04
"NI","Nicaragua",2012,0
"NI","Nicaragua",2013,0
"NI","Nicaragua",2014,0
"NI","Nicaragua",2015,0
"NE","Niger",2000,14877326.66
"NE","Niger",2001,15911107.76
"NE","Niger",2002,31614862
"NE","Niger",2003,33342730.77
"NE","Niger",2004,22055255.99
"NE","Niger",2005,29809721.84
"NE","Niger",2006,127525786.51
"NE","Niger",2007,11443337.47
"NE","Niger",2008,10915214.32
"NE","Niger",2009,4813853.28
"NE","Niger",2010,4718129.9
"NE","Niger",2011,0
"NE","Niger",2012,15647299.28
"NE","Niger",2013,15438271.27
"NE","Niger",2014,46137025.07
"NE","Niger",2015,54572500
"PK","Pakistan",2000,0
"PK","Pakistan",2001,154163453.97
"PK","Pakistan",2002,453661741.3
"PK","Pakistan",2003,575970902.78
"PK","Pakistan",2004,279370226.24
"PK","Pakistan",2005,0
"PK","Pakistan",2006,0
"PK","Pakistan",2007,0
"PK","Pakistan",2008,0
"PK","Pakistan",2009,0
"PK","Pakistan",2010,0
"PK","Pakistan",2011,0
"PK","Pakistan",2012,0
"PK","Pakistan",2013,0
"PK","Pakistan",2014,0
"RW","Rwanda",2000,33490663.61
"RW","Rwanda",2001,29137567.48
"RW","Rwanda",2002,6794957.47
"RW","Rwanda",2003,966975.01
"RW","Rwanda",2004,7008621.57
"RW","Rwanda",2005,10436059.48
"RW","Rwanda",2006,83247154.15
"RW","Rwanda",2007,3367390.2
"RW","Rwanda",2008,3307640.7
"RW","Rwanda",2009,3380141.56
"RW","Rwanda",2010,0
"RW","Rwanda",2011,0
"RW","Rwanda",2012,0
"RW","Rwanda",2013,0
"RW","Rwanda",2014,0
"RW","Rwanda",2015,0
"KN","Saint Kitts and Nevis",2010,0
"LC","Saint Lucia",2009,10083455.99
"LC","Saint Lucia",2010,0
"LC","Saint Lucia",2011,5352212.64
"LC","Saint Lucia",2014,2829026.19
"LC","Saint Lucia",2015,0
"VC","Saint Vincent & the Grenadines",2009,5468993.08
"VC","Saint Vincent & the Grenadines",2010,0
"VC","Saint Vincent & the Grenadines",2011,4639514.27
"VC","Saint Vincent & the Grenadines",2015,0
"WS","Samoa",2009,8488333.01
"WS","Samoa",2010,0
"WS","Samoa",2013,7938118.21
"WS","Samoa",2015,0
"ST","Sao Tome & Principe",2000,3349066.36
"ST","Sao Tome & Principe",2001,0
"ST","Sao Tome & Principe",2002,0
"ST","Sao Tome & Principe",2003,0
"ST","Sao Tome & Principe",2004,0
"ST","Sao Tome & Principe",2005,658895.81
"ST","Sao Tome & Principe",2006,1288559.12
"ST","Sao Tome & Principe",2007,4071744.02
"ST","Sao Tome & Principe",2008,1231177.37
"ST","Sao Tome & Principe",2009,541202.44
"ST","Sao Tome & Principe",2010,530605.27
"ST","Sao Tome & Principe",2012,513250.69
"ST","Sao Tome & Principe",2013,1012794.39
"ST","Sao Tome & Principe",2014,0
"ST","Sao Tome & Principe",2015,887440
"SN","Senegal",2000,27619790.3
"SN","Senegal",2001,47648988.78
"SN","Senegal",2002,21822528.08
"SN","Senegal",2003,14337493.61
"SN","Senegal",2004,21869089.48
"SN","Senegal",2005,21297213.03
"SN","Senegal",2006,174547802.8
"SN","Senegal",2007,0
"SN","Senegal",2008,35235561.38
"SN","Senegal",2009,94757900.94
"SN","Senegal",2010,46406882.83
"SN","Senegal",2011,0
"SN","Senegal",2012,0
"SN","Senegal",2013,0
"SN","Senegal",2014,0
"SN","Senegal",2015,0
"RS","Serbia",2010,0
"SC","Seychelles",2010,0
"SL","Sierra Leone",2000,0
"SL","Sierra Leone",2001,83800374.96
"SL","Sierra Leone",2002,90653684.08
"SL","Sierra Leone",2003,63139886.52
"SL","Sierra Leone",2004,69516765.17
"SL","Sierra Leone",2005,28332519.94
"SL","Sierra Leone",2006,193377392.53
"SL","Sierra Leone",2007,0
"SL","Sierra Leone",2008,16547391.41
"SL","Sierra Leone",2009,17840690.97
"SL","Sierra Leone",2010,40247459.04
"SL","Sierra Leone",2011,12409332.03
"SL","Sierra Leone",2012,6159053.55
"SL","Sierra Leone",2013,12167219.11
"SL","Sierra Leone",2014,47466280.81
"SL","Sierra Leone",2015,160639600
"SB","Solomon Islands",2010,8948666.17
"SB","Solomon Islands",2011,8720052.74
"SB","Solomon Islands",2012,206090
"SB","Solomon Islands",2013,203340.44
"SB","Solomon Islands",2014,405119.33
"SB","Solomon Islands",2015,207870
"LK","Sri Lanka",2000,0
"LK","Sri Lanka",2001,0
"LK","Sri Lanka",2002,0
"LK","Sri Lanka",2003,64178489.3
"LK","Sri Lanka",2004,0
"LK","Sri Lanka",2005,0
"LK","Sri Lanka",2006,0
"LK","Sri Lanka",2007,0
"LK","Sri Lanka",2008,0
"LK","Sri Lanka",2009,0
"LK","Sri Lanka",2010,0
"LK","Sri Lanka",2011,0
"LK","Sri Lanka",2012,0
"LK","Sri Lanka",2013,0
"SD","Sudan",2010,0
"TJ","Tajikistan",2000,33984350.68
"TJ","Tajikistan",2001,21477184.32
"TJ","Tajikistan",2002,14051049.78
"TJ","Tajikistan",2003,13370518.6
"TJ","Tajikistan",2004,31779718.42
"TJ","Tajikistan",2005,30766183.5
"TJ","Tajikistan",2006,120927116.82
"TJ","Tajikistan",2007,0
"TJ","Tajikistan",2008,0
"TJ","Tajikistan",2009,38216488.11
"TJ","Tajikistan",2010,56165805.08
"TJ","Tajikistan",2011,18229669.54
"TJ","Tajikistan",2012,36191364.42
"TJ","Tajikistan",2014,0
"TJ","Tajikistan",2015,0
"TZ","Tanzania",2000,90931821.7
"TZ","Tanzania",2001,98868137.78
"TZ","Tanzania",2002,98601478.65
"TZ","Tanzania",2003,50151382.73
"TZ","Tanzania",2004,26862732.35
"TZ","Tanzania",2005,20383260.78
"TZ","Tanzania",2006,362022763.23
"TZ","Tanzania",2007,4129636.12
"TZ","Tanzania",2008,0
"TZ","Tanzania",2009,291214386.76
"TZ","Tanzania",2010,28523875.17
"TZ","Tanzania",2011,0
"TZ","Tanzania",2012,0
"TZ","Tanzania",2013,102100623.84
"TZ","Tanzania",2014,0
"TZ","Tanzania",2015,0
"TG","Togo",2000,0
"TG","Togo",2001,0
"TG","Togo",2002,0
"TG","Togo",2003,0
"TG","Togo",2004,0
"TG","Togo",2005,0
"TG","Togo",2006,0
"TG","Togo",2007,0
"TG","Togo",2008,45342241.31
"TG","Togo",2009,39203945.19
"TG","Togo",2010,41251634.05
"TG","Togo",2011,12297538.64
"TG","Togo",2013,0
"TG","Togo",2014,0
"TG","Togo",2015,0
"TR","Turkey",2010,0
"TR","Turkey",2012,0
"UG","Uganda",2000,52477601.58
"UG","Uganda",2001,53299399.84
"UG","Uganda",2002,32604945.62
"UG","Uganda",2003,34250015.96
"UG","Uganda",2004,30607964.5
"UG","Uganda",2005,24602319.45
"UG","Uganda",2006,137158805.1
"UG","Uganda",2007,0
"UG","Uganda",2008,0
"UG","Uganda",2009,0
"UG","Uganda",2010,0
"UG","Uganda",2011,0
"UG","Uganda",2012,0
"UG","Uganda",2013,0
"UG","Uganda",2014,0
"UG","Uganda",2015,0
"UA","Ukraine",2010,0
"VU","Vanuatu",2015,11892500
"VN","Viet Nam",2000,0
"VN","Viet Nam",2001,148147593.44
"VN","Viet Nam",2002,72682988.18
"VN","Viet Nam",2003,0
"VN","Viet Nam",2004,0
"VN","Viet Nam",2005,0
"VN","Viet Nam",2006,0
"VN","Viet Nam",2007,0
"VN","Viet Nam",2008,0
"VN","Viet Nam",2009,0
"VN","Viet Nam",2010,0
"VN","Viet Nam",2011,0
"VN","Viet Nam",2012,0
"YE","Yemen",2000,0
"YE","Yemen",2001,158787795.36
"YE","Yemen",2002,0
"YE","Yemen",2003,0
"YE","Yemen",2004,0
"YE","Yemen",2005,0
"YE","Yemen",2006,0
"YE","Yemen",2007,0
"YE","Yemen",2008,0
"YE","Yemen",2009,0
"YE","Yemen",2010,49891708.67
"YE","Yemen",2011,0
"YE","Yemen",2012,84444283.03
"YE","Yemen",2014,66465119.5
"ZM","Zambia",2000,35185211.13
"ZM","Zambia",2001,373419081.11
"ZM","Zambia",2002,443272644.65
"ZM","Zambia",2003,197477784.6
"ZM","Zambia",2004,270280920.14
"ZM","Zambia",2005,260550784.42
"ZM","Zambia",2006,640642498.23
"ZM","Zambia",2007,40582358.69
"ZM","Zambia",2008,10143431.49
"ZM","Zambia",2009,231216874.13
"ZM","Zambia",2010,52759840.17
"ZM","Zambia",2011,25706018.58
"ZM","Zambia",2012,0
"ZM","Zambia",2013,0
"ZM","Zambia",2014,0
"ZM","Zambia",2015,0
"ZW","Zimbabwe",2000,0
"ZW","Zimbabwe",2001,0
"ZW","Zimbabwe",2002,0
"ZW","Zimbabwe",2003,0
"ZW","Zimbabwe",2004,0
"ZW","Zimbabwe",2006,0
"ZW","Zimbabwe",2007,0
"ZW","Zimbabwe",2008,0
"ZW","Zimbabwe",2009,0
"ZW","Zimbabwe",2010,0
"ZW","Zimbabwe",2012,0
"ZW","Zimbabwe",2013,0
"ZW","Zimbabwe",2014,0
"ZW","Zimbabwe",2015,0
