"id-to","entity-to-name","year","value"
"AF","Afghanistan",2000,12048102.74
"AF","Afghanistan",2001,12641740.56
"AF","Afghanistan",2002,12451241.46
"AF","Afghanistan",2003,17380017.2
"AF","Afghanistan",2004,12198228.78
"AF","Afghanistan",2005,18158678.67
"AF","Afghanistan",2006,19216770.57
"AF","Afghanistan",2007,25449972.89
"AF","Afghanistan",2008,32810628.92
"AF","Afghanistan",2009,37544950.83
"AF","Afghanistan",2010,36976648.04
"AF","Afghanistan",2011,34215214.66
"AF","Afghanistan",2012,30990824.77
"AF","Afghanistan",2013,30054977.85
"AF","Afghanistan",2014,42573265.04
"AF","Afghanistan",2015,35929699.16
"africa","Africa, regional",2001,1555971.4
"africa","Africa, regional",2002,2199122.21
"africa","Africa, regional",2005,20586475.94
"AL","Albania",2000,1609404.51
"AL","Albania",2001,803988.84
"AL","Albania",2002,961677.72
"AL","Albania",2003,1264883.29
"AL","Albania",2004,1198198.32
"AL","Albania",2005,1650123.79
"AL","Albania",2006,1163735.15
"AL","Albania",2007,1402609.68
"AL","Albania",2008,695642.78
"AL","Albania",2009,905745.01
"AL","Albania",2010,702313.42
"AL","Albania",2011,672559.14
"AL","Albania",2012,649172.12
"AL","Albania",2013,878412.02
"AL","Albania",2014,858038.75
"AL","Albania",2015,973534.75
"DZ","Algeria",2000,1012305.44
"DZ","Algeria",2001,1336701.72
"DZ","Algeria",2002,1271289.07
"DZ","Algeria",2003,2148458.5
"DZ","Algeria",2004,2083344.52
"DZ","Algeria",2005,1904807.22
"DZ","Algeria",2006,1342678.6
"DZ","Algeria",2007,1044527.78
"DZ","Algeria",2008,1016171.54
"DZ","Algeria",2009,932909.57
"DZ","Algeria",2010,1034488.06
"DZ","Algeria",2011,1122996.87
"DZ","Algeria",2012,653847.94
"DZ","Algeria",2013,1207067.75
"DZ","Algeria",2014,1146314.19
"DZ","Algeria",2015,1504977.54
"america","America, regional",2002,655832.75
"america","America, regional",2003,5557967
"america","America, regional",2005,921347.83
"america","America, regional",2006,560720.66
"america","America, regional",2007,899334.4
"america","America, regional",2008,471917.64
"america","America, regional",2009,1121998.11
"america","America, regional",2010,418592.67
"america","America, regional",2011,750859.34
"america","America, regional",2012,290028.05
"america","America, regional",2013,474452.93
"america","America, regional",2014,1510526.86
"america","America, regional",2015,1772103.99
"AO","Angola",2000,6068374.27
"AO","Angola",2001,10137006.11
"AO","Angola",2002,7199791.81
"AO","Angola",2003,13546795.76
"AO","Angola",2004,6989653.39
"AO","Angola",2005,8939640.14
"AO","Angola",2006,10683786.59
"AO","Angola",2007,11699674.02
"AO","Angola",2008,14962590.49
"AO","Angola",2009,8066612.88
"AO","Angola",2010,7794871.59
"AO","Angola",2011,6772390.39
"AO","Angola",2012,6508466.91
"AO","Angola",2013,6516920.44
"AO","Angola",2014,7309497.2
"AO","Angola",2015,7741660.92
"AR","Argentina",2000,1278347.57
"AR","Argentina",2001,1485692.66
"AR","Argentina",2002,817366.93
"AR","Argentina",2003,885501.99
"AR","Argentina",2004,931119.47
"AR","Argentina",2005,1085837.98
"AR","Argentina",2006,638969.45
"AR","Argentina",2007,584247.02
"AR","Argentina",2008,599179.11
"AR","Argentina",2009,734174.34
"AR","Argentina",2010,727813.98
"AR","Argentina",2011,733319.7
"AR","Argentina",2012,518238.75
"AR","Argentina",2013,698821.8
"AR","Argentina",2014,732567.31
"AR","Argentina",2015,1385071.96
"AM","Armenia",2000,984599.12
"AM","Armenia",2001,1191927.51
"AM","Armenia",2002,869254.09
"AM","Armenia",2003,1152733.29
"AM","Armenia",2004,1194829.8
"AM","Armenia",2005,1430393.73
"AM","Armenia",2006,829748.94
"AM","Armenia",2008,581722.12
"AM","Armenia",2009,737848.82
"AM","Armenia",2010,743088
"AM","Armenia",2011,644773.99
"AM","Armenia",2012,625471.67
"AM","Armenia",2013,623172.13
"AM","Armenia",2014,1041763.48
"AM","Armenia",2015,1139218.19
"asia","Asia, regional",2003,5536771.15
"asia","Asia, regional",2004,5946420.07
"asia","Asia, regional",2005,6264514.64
"asia","Asia, regional",2006,632640.96
"asia","Asia, regional",2007,556912.31
"asia","Asia, regional",2008,564118.12
"asia","Asia, regional",2009,1268303.17
"asia","Asia, regional",2010,946002.15
"asia","Asia, regional",2011,1177516.63
"asia","Asia, regional",2012,311697.41
"asia","Asia, regional",2013,511507.22
"asia","Asia, regional",2014,707859.86
"AZ","Azerbaijan",2000,1387332.63
"AZ","Azerbaijan",2001,1148354.69
"AZ","Azerbaijan",2002,1259224.97
"AZ","Azerbaijan",2003,1617469.84
"AZ","Azerbaijan",2004,2025146.68
"AZ","Azerbaijan",2005,1716399.15
"AZ","Azerbaijan",2006,1566846.32
"AZ","Azerbaijan",2007,1325014.98
"AZ","Azerbaijan",2008,912081.92
"AZ","Azerbaijan",2009,924402.25
"AZ","Azerbaijan",2010,1158202.9
"AZ","Azerbaijan",2011,756814.25
"AZ","Azerbaijan",2012,703747.04
"AZ","Azerbaijan",2013,958780.92
"AZ","Azerbaijan",2014,1062660.88
"AZ","Azerbaijan",2015,930933.56
"BD","Bangladesh",2000,16766153.39
"BD","Bangladesh",2001,18257012.25
"BD","Bangladesh",2002,15472877.67
"BD","Bangladesh",2003,14265531.57
"BD","Bangladesh",2004,13686161.33
"BD","Bangladesh",2005,12271196.97
"BD","Bangladesh",2006,12229371.69
"BD","Bangladesh",2007,15486038.96
"BD","Bangladesh",2008,19067179.66
"BD","Bangladesh",2009,21074546.46
"BD","Bangladesh",2010,22674405.85
"BD","Bangladesh",2011,19158934.96
"BD","Bangladesh",2012,13013918
"BD","Bangladesh",2013,21797984.01
"BD","Bangladesh",2014,21598264.36
"BD","Bangladesh",2015,25396138.19
"BY","Belarus",2005,1089665.95
"BY","Belarus",2006,664667.89
"BY","Belarus",2007,665855.58
"BY","Belarus",2008,519933.55
"BY","Belarus",2009,694087.38
"BY","Belarus",2010,804278.06
"BY","Belarus",2011,596596.78
"BY","Belarus",2012,824336.68
"BY","Belarus",2013,894458.24
"BY","Belarus",2014,849225.49
"BY","Belarus",2015,787602.4
"BZ","Belize",2000,728784.59
"BZ","Belize",2001,906595.8
"BZ","Belize",2002,715732.81
"BZ","Belize",2003,1026352.05
"BZ","Belize",2004,999464.48
"BZ","Belize",2005,1367389.48
"BZ","Belize",2006,705174.37
"BZ","Belize",2007,612392.23
"BZ","Belize",2008,548269.01
"BZ","Belize",2009,725961.36
"BZ","Belize",2010,1083026.53
"BZ","Belize",2011,925174.58
"BZ","Belize",2012,604832.83
"BZ","Belize",2013,630852.38
"BZ","Belize",2014,734704.24
"BZ","Belize",2015,1348444.72
"BJ","Benin",2000,2648061.94
"BJ","Benin",2001,2587663.37
"BJ","Benin",2002,2128826.27
"BJ","Benin",2003,3028066.71
"BJ","Benin",2004,3201631.41
"BJ","Benin",2005,4124576.2
"BJ","Benin",2006,4430731.32
"BJ","Benin",2007,5179229.45
"BJ","Benin",2008,5263540.53
"BJ","Benin",2009,4668421.74
"BJ","Benin",2010,6038002.4
"BJ","Benin",2011,6620871.8
"BJ","Benin",2012,4689662.44
"BJ","Benin",2013,4784067.47
"BJ","Benin",2014,5064072.33
"BJ","Benin",2015,5305177.16
"BT","Bhutan",2000,1137593.38
"BT","Bhutan",2001,1272045.28
"BT","Bhutan",2002,1147837.85
"BT","Bhutan",2003,1687058.61
"BT","Bhutan",2004,2052646.76
"BT","Bhutan",2005,2072703.44
"BT","Bhutan",2006,1040501.1
"BT","Bhutan",2007,920079.07
"BT","Bhutan",2008,731751.19
"BT","Bhutan",2009,1478536.58
"BT","Bhutan",2010,954001.03
"BT","Bhutan",2011,1254498.55
"BT","Bhutan",2012,873873.01
"BT","Bhutan",2013,1227823.36
"BT","Bhutan",2014,771707.55
"BT","Bhutan",2015,1353936.95
"bilateral-unspecified","Bilateral, unspecified",2001,17292928.43
"bilateral-unspecified","Bilateral, unspecified",2002,310395490.89
"bilateral-unspecified","Bilateral, unspecified",2003,175325040.22
"bilateral-unspecified","Bilateral, unspecified",2004,175694069.24
"bilateral-unspecified","Bilateral, unspecified",2005,182796879.68
"bilateral-unspecified","Bilateral, unspecified",2006,229948602.04
"bilateral-unspecified","Bilateral, unspecified",2007,259832478.51
"bilateral-unspecified","Bilateral, unspecified",2008,237303310.31
"bilateral-unspecified","Bilateral, unspecified",2009,328152383.79
"bilateral-unspecified","Bilateral, unspecified",2010,251105289.21
"bilateral-unspecified","Bilateral, unspecified",2011,292719054.56
"bilateral-unspecified","Bilateral, unspecified",2012,450376914.09
"bilateral-unspecified","Bilateral, unspecified",2013,440564550.28
"bilateral-unspecified","Bilateral, unspecified",2014,436844523.11
"bilateral-unspecified","Bilateral, unspecified",2015,538861473.39
"BO","Bolivia",2000,1518138.89
"BO","Bolivia",2001,1932806.03
"BO","Bolivia",2002,1643549.66
"BO","Bolivia",2003,2575565.39
"BO","Bolivia",2004,3193200.26
"BO","Bolivia",2005,2578890.58
"BO","Bolivia",2006,1598779.73
"BO","Bolivia",2007,1659399.72
"BO","Bolivia",2008,988644.62
"BO","Bolivia",2009,1421102.66
"BO","Bolivia",2010,1312822.95
"BO","Bolivia",2011,1342775.25
"BO","Bolivia",2012,1082407.45
"BO","Bolivia",2013,1375862.73
"BO","Bolivia",2014,1377743.03
"BO","Bolivia",2015,1993361.16
"BA","Bosnia & Herzegovina",2000,1260279.69
"BA","Bosnia & Herzegovina",2001,826478.04
"BA","Bosnia & Herzegovina",2002,732379.78
"BA","Bosnia & Herzegovina",2003,1382423.28
"BA","Bosnia & Herzegovina",2004,1348159.83
"BA","Bosnia & Herzegovina",2005,1445328.35
"BA","Bosnia & Herzegovina",2006,1180226.63
"BA","Bosnia & Herzegovina",2007,797724.12
"BA","Bosnia & Herzegovina",2008,689707.4
"BA","Bosnia & Herzegovina",2009,710323.46
"BA","Bosnia & Herzegovina",2010,751914.03
"BA","Bosnia & Herzegovina",2011,1168795.21
"BA","Bosnia & Herzegovina",2012,958973.74
"BA","Bosnia & Herzegovina",2013,916126.39
"BA","Bosnia & Herzegovina",2014,1071723.54
"BA","Bosnia & Herzegovina",2015,1096871.42
"BW","Botswana",2000,950535.11
"BW","Botswana",2001,974063.4
"BW","Botswana",2002,1732137.74
"BW","Botswana",2003,2589307.18
"BW","Botswana",2004,1612101.23
"BW","Botswana",2005,2075976.66
"BW","Botswana",2006,1037705.76
"BW","Botswana",2007,1176849.81
"BW","Botswana",2008,628672.24
"BW","Botswana",2009,1136297.25
"BW","Botswana",2010,742110.46
"BW","Botswana",2011,755593.18
"BW","Botswana",2012,688104.88
"BW","Botswana",2013,654553.56
"BW","Botswana",2014,767336.81
"BW","Botswana",2015,917425.43
"BR","Brazil",2000,1767374.77
"BR","Brazil",2001,2298114.95
"BR","Brazil",2002,1570432.67
"BR","Brazil",2003,1895920.44
"BR","Brazil",2004,2763041.73
"BR","Brazil",2005,3822736.03
"BR","Brazil",2006,2282194.08
"BR","Brazil",2007,1985332.21
"BR","Brazil",2008,1614183.79
"BR","Brazil",2009,1048764.88
"BR","Brazil",2010,900396.28
"BR","Brazil",2011,663375.17
"BR","Brazil",2012,749126.12
"BR","Brazil",2013,757171.1
"BR","Brazil",2014,2451259.01
"BR","Brazil",2015,2505665.91
"BF","Burkina Faso",2000,4371739.27
"BF","Burkina Faso",2001,5080028.77
"BF","Burkina Faso",2002,5363574.59
"BF","Burkina Faso",2003,7559052.54
"BF","Burkina Faso",2004,6567566.82
"BF","Burkina Faso",2005,7947747.95
"BF","Burkina Faso",2006,7535514.52
"BF","Burkina Faso",2007,10981532.23
"BF","Burkina Faso",2008,14597969.04
"BF","Burkina Faso",2009,16835269.76
"BF","Burkina Faso",2010,18023669.61
"BF","Burkina Faso",2011,14673828.37
"BF","Burkina Faso",2012,12744182.69
"BF","Burkina Faso",2013,13578995.44
"BF","Burkina Faso",2014,15313923.24
"BF","Burkina Faso",2015,15888550.02
"BI","Burundi",2000,3930822.92
"BI","Burundi",2001,3596163.36
"BI","Burundi",2002,3494987.05
"BI","Burundi",2003,5881164.67
"BI","Burundi",2004,4265401.09
"BI","Burundi",2005,5610688.07
"BI","Burundi",2006,8310634.79
"BI","Burundi",2007,9380429.85
"BI","Burundi",2008,8441209.33
"BI","Burundi",2009,9366837.5
"BI","Burundi",2010,9419378.49
"BI","Burundi",2011,8877233.84
"BI","Burundi",2012,8366701.21
"BI","Burundi",2013,7902237.79
"BI","Burundi",2014,9449365.69
"BI","Burundi",2015,11857307.7
"CI","Côte d'Ivoire",2000,3200905.27
"CI","Côte d'Ivoire",2001,3844247.32
"CI","Côte d'Ivoire",2002,4233554.17
"CI","Côte d'Ivoire",2003,7259945.68
"CI","Côte d'Ivoire",2004,4603177.23
"CI","Côte d'Ivoire",2005,5764885.63
"CI","Côte d'Ivoire",2006,6688349.25
"CI","Côte d'Ivoire",2007,9404213.85
"CI","Côte d'Ivoire",2008,7057310.84
"CI","Côte d'Ivoire",2009,8006529.91
"CI","Côte d'Ivoire",2010,9114791.08
"CI","Côte d'Ivoire",2011,12438623.4
"CI","Côte d'Ivoire",2012,6561766.14
"CI","Côte d'Ivoire",2013,7688939.73
"CI","Côte d'Ivoire",2014,7683561.99
"CI","Côte d'Ivoire",2015,10057095.48
"KH","Cambodia",2000,4820205.94
"KH","Cambodia",2001,5068559.28
"KH","Cambodia",2002,4756392.92
"KH","Cambodia",2003,5061889.72
"KH","Cambodia",2004,5442450.9
"KH","Cambodia",2005,5913016.04
"KH","Cambodia",2006,5208740.45
"KH","Cambodia",2007,6480556.91
"KH","Cambodia",2008,5847256.42
"KH","Cambodia",2009,6918646.54
"KH","Cambodia",2010,7319243.38
"KH","Cambodia",2011,5902113.63
"KH","Cambodia",2012,5722685.93
"KH","Cambodia",2013,5873382.43
"KH","Cambodia",2014,5174758.42
"KH","Cambodia",2015,6538210.62
"CM","Cameroon",2000,2819322.92
"CM","Cameroon",2001,3016363.71
"CM","Cameroon",2002,3792086.73
"CM","Cameroon",2003,4182563.24
"CM","Cameroon",2004,3926067.73
"CM","Cameroon",2005,4158849.41
"CM","Cameroon",2006,3717711.29
"CM","Cameroon",2007,5928748.76
"CM","Cameroon",2008,5674579.2
"CM","Cameroon",2009,6463381.35
"CM","Cameroon",2010,6079810.91
"CM","Cameroon",2011,6102215.99
"CM","Cameroon",2012,5421577.78
"CM","Cameroon",2013,6015652.42
"CM","Cameroon",2014,8165456.44
"CM","Cameroon",2015,10257001.41
"CV","Cape Verde",2000,852789.45
"CV","Cape Verde",2001,802583.26
"CV","Cape Verde",2002,896815.03
"CV","Cape Verde",2003,1305238.38
"CV","Cape Verde",2004,1393303.02
"CV","Cape Verde",2005,1641360.48
"CV","Cape Verde",2006,686521.44
"CV","Cape Verde",2007,504577.85
"CV","Cape Verde",2008,681263.73
"CV","Cape Verde",2009,688428.49
"CV","Cape Verde",2010,258098
"CV","Cape Verde",2011,1084785.36
"CV","Cape Verde",2012,657098.08
"CV","Cape Verde",2013,734127.3
"CV","Cape Verde",2014,1093734.27
"CV","Cape Verde",2015,1027879.22
"CF","CAR",2000,1784416.18
"CF","CAR",2001,2811149.78
"CF","CAR",2002,2672247.91
"CF","CAR",2003,3415810.56
"CF","CAR",2004,4448226.46
"CF","CAR",2005,4078323.84
"CF","CAR",2006,2804798.32
"CF","CAR",2007,5909596.12
"CF","CAR",2008,5153249.09
"CF","CAR",2009,4261712.86
"CF","CAR",2010,5334128.68
"CF","CAR",2011,3656796.63
"CF","CAR",2012,4356256.25
"CF","CAR",2013,8483079.52
"CF","CAR",2014,19756767.45
"CF","CAR",2015,11418837.26
"TD","Chad",2000,2550882.73
"TD","Chad",2001,3276535.63
"TD","Chad",2002,3215824.16
"TD","Chad",2003,4672890
"TD","Chad",2004,6113872.47
"TD","Chad",2005,9330962.61
"TD","Chad",2006,5976139.76
"TD","Chad",2007,11355476.57
"TD","Chad",2008,10194984.75
"TD","Chad",2009,12674182.58
"TD","Chad",2010,14692984.46
"TD","Chad",2011,12198229.09
"TD","Chad",2012,8546079.45
"TD","Chad",2013,13443759.71
"TD","Chad",2014,13254300.82
"TD","Chad",2015,19499398
"CL","Chile",2000,1028221.81
"CL","Chile",2001,1086509.39
"CL","Chile",2002,793878.89
"CL","Chile",2003,1549877.09
"CL","Chile",2004,1317345.99
"CL","Chile",2005,1527756.21
"CL","Chile",2006,437777.57
"CL","Chile",2007,386670.95
"CL","Chile",2008,405489.19
"CL","Chile",2009,743659.63
"CL","Chile",2010,913950.21
"CL","Chile",2011,663856.11
"CL","Chile",2012,635464.94
"CL","Chile",2013,820753.77
"CL","Chile",2014,917378.44
"CL","Chile",2015,657677.68
"CN","China",2000,24144685.63
"CN","China",2001,17674260.9
"CN","China",2002,15511471.95
"CN","China",2003,16172641.46
"CN","China",2004,14977388.15
"CN","China",2005,16753744.89
"CN","China",2006,11580270.42
"CN","China",2007,12865919.92
"CN","China",2008,11005365.91
"CN","China",2009,10004222.06
"CN","China",2010,10337614.82
"CN","China",2011,9023938.48
"CN","China",2012,9205659.18
"CN","China",2013,8043384.74
"CN","China",2014,7817000.71
"CN","China",2015,7967555.96
"CO","Colombia",2000,1587510.23
"CO","Colombia",2001,1409847.84
"CO","Colombia",2002,1086493.36
"CO","Colombia",2003,2010398.34
"CO","Colombia",2004,1822750.83
"CO","Colombia",2005,2285265.35
"CO","Colombia",2006,1093945.13
"CO","Colombia",2007,1536890.4
"CO","Colombia",2008,1822004.69
"CO","Colombia",2009,1199703.39
"CO","Colombia",2010,801956.41
"CO","Colombia",2011,909861.97
"CO","Colombia",2012,774720.54
"CO","Colombia",2013,591689.53
"CO","Colombia",2014,1046181.77
"CO","Colombia",2015,1014471.9
"KM","Comoros",2000,839593.16
"KM","Comoros",2001,1021852.95
"KM","Comoros",2002,825130.27
"KM","Comoros",2003,1460138.23
"KM","Comoros",2004,1431579.95
"KM","Comoros",2005,1424566.75
"KM","Comoros",2006,889947.51
"KM","Comoros",2007,993881.84
"KM","Comoros",2008,745386.02
"KM","Comoros",2009,796137.27
"KM","Comoros",2010,1005039.75
"KM","Comoros",2011,787185.9
"KM","Comoros",2012,937662.14
"KM","Comoros",2013,1028871.49
"KM","Comoros",2014,1176463.55
"KM","Comoros",2015,1355692.67
"CG","Congo",2000,1841478.67
"CG","Congo",2001,1366218.79
"CG","Congo",2002,2365090.06
"CG","Congo",2003,3182333.85
"CG","Congo",2004,2101189.13
"CG","Congo",2005,2275147.05
"CG","Congo",2006,1758644.19
"CG","Congo",2007,1719173.31
"CG","Congo",2008,2575411.74
"CG","Congo",2009,1209464.02
"CG","Congo",2010,5256828.05
"CG","Congo",2011,1510220.67
"CG","Congo",2012,1128221.03
"CG","Congo",2013,1553218.5
"CG","Congo",2014,2004893.91
"CG","Congo",2015,2323004.49
"CR","Costa Rica",2000,698545.73
"CR","Costa Rica",2001,1030286.39
"CR","Costa Rica",2002,773833.08
"CR","Costa Rica",2003,1001013.72
"CR","Costa Rica",2004,931926.55
"CR","Costa Rica",2005,1034851.14
"CR","Costa Rica",2006,592009.78
"CR","Costa Rica",2007,571076.57
"CR","Costa Rica",2008,534569.87
"CR","Costa Rica",2009,720416.41
"CR","Costa Rica",2010,742702.62
"CR","Costa Rica",2011,1036655.55
"CR","Costa Rica",2012,784157.44
"CR","Costa Rica",2013,712567.31
"CR","Costa Rica",2014,743450.21
"CR","Costa Rica",2015,1090073
"HR","Croatia",2000,237158.48
"HR","Croatia",2003,224347.75
"HR","Croatia",2004,241249.9
"HR","Croatia",2005,252252.95
"HR","Croatia",2006,285810.73
"HR","Croatia",2007,293966.41
"HR","Croatia",2008,345731.14
"HR","Croatia",2009,299740.7
"HR","Croatia",2010,368963.87
"CU","Cuba",2000,1125322.35
"CU","Cuba",2001,1205983.26
"CU","Cuba",2002,356629.48
"CU","Cuba",2003,1224936.48
"CU","Cuba",2004,1204998.88
"CU","Cuba",2005,1229028.79
"CU","Cuba",2006,732286.07
"CU","Cuba",2007,764204.6
"CU","Cuba",2008,592030.93
"CU","Cuba",2009,921848.16
"CU","Cuba",2010,799503.17
"CU","Cuba",2011,730346.05
"CU","Cuba",2012,492725.9
"CU","Cuba",2013,925376.18
"CU","Cuba",2014,802937.03
"CU","Cuba",2015,835311.49
"DJ","Djibouti",2000,902213.55
"DJ","Djibouti",2001,1090726.11
"DJ","Djibouti",2002,942206.98
"DJ","Djibouti",2003,1491381.07
"DJ","Djibouti",2004,1608032.95
"DJ","Djibouti",2005,1344806.35
"DJ","Djibouti",2006,881436.79
"DJ","Djibouti",2007,2729776.31
"DJ","Djibouti",2008,1042118.14
"DJ","Djibouti",2009,1944056.13
"DJ","Djibouti",2010,891062.68
"DJ","Djibouti",2011,822658.7
"DJ","Djibouti",2012,723107.91
"DJ","Djibouti",2013,840676.86
"DJ","Djibouti",2014,945895.05
"DJ","Djibouti",2015,1250690.51
"DO","Dominican Republic",2000,1204022.43
"DO","Dominican Republic",2001,1283289.87
"DO","Dominican Republic",2002,775414.51
"DO","Dominican Republic",2003,1677719.54
"DO","Dominican Republic",2004,1713356.1
"DO","Dominican Republic",2005,1940815.87
"DO","Dominican Republic",2006,1000711.64
"DO","Dominican Republic",2007,1100933.97
"DO","Dominican Republic",2008,575529.48
"DO","Dominican Republic",2009,787506.52
"DO","Dominican Republic",2010,1530071.18
"DO","Dominican Republic",2011,807589.45
"DO","Dominican Republic",2012,516319.46
"DO","Dominican Republic",2013,644835.88
"DO","Dominican Republic",2014,1000708.79
"DO","Dominican Republic",2015,942801.38
"CD","DRC",2000,22388405.27
"CD","DRC",2001,25263803.08
"CD","DRC",2002,25545016.01
"CD","DRC",2003,21631864.8
"CD","DRC",2004,20496581.27
"CD","DRC",2005,22998887.99
"CD","DRC",2006,27146906.32
"CD","DRC",2007,41807345.77
"CD","DRC",2008,53222153.2
"CD","DRC",2009,54048852.78
"CD","DRC",2010,54298041.83
"CD","DRC",2011,53007313.12
"CD","DRC",2012,47851742.82
"CD","DRC",2013,46966399.8
"CD","DRC",2014,55801572.84
"CD","DRC",2015,59737416.51
"EC","Ecuador",2000,1298157.63
"EC","Ecuador",2001,1234094.75
"EC","Ecuador",2002,1060517.9
"EC","Ecuador",2003,2055400.88
"EC","Ecuador",2004,2282631.39
"EC","Ecuador",2005,2017971.51
"EC","Ecuador",2006,993323.21
"EC","Ecuador",2007,802982.66
"EC","Ecuador",2008,1234677.96
"EC","Ecuador",2009,749062.16
"EC","Ecuador",2010,687274.39
"EC","Ecuador",2011,905984.35
"EC","Ecuador",2012,480866.66
"EC","Ecuador",2013,657061.82
"EC","Ecuador",2014,974547.12
"EC","Ecuador",2015,1118064.31
"EG","Egypt",2000,4281326.34
"EG","Egypt",2001,4707270.31
"EG","Egypt",2002,3598659.66
"EG","Egypt",2003,3695565.98
"EG","Egypt",2004,3407736.36
"EG","Egypt",2005,3468288.34
"EG","Egypt",2006,3154080.98
"EG","Egypt",2007,3093734.27
"EG","Egypt",2008,2727351.89
"EG","Egypt",2009,3276230.69
"EG","Egypt",2010,3620731.69
"EG","Egypt",2011,3357560.16
"EG","Egypt",2012,2633001.77
"EG","Egypt",2013,2815928.88
"EG","Egypt",2014,3295403.24
"EG","Egypt",2015,3925297.06
"SV","El Salvador",2000,1000228.96
"SV","El Salvador",2001,1127299.17
"SV","El Salvador",2002,912817.77
"SV","El Salvador",2003,1312309.24
"SV","El Salvador",2004,1415501.73
"SV","El Salvador",2005,1805559.44
"SV","El Salvador",2006,826298.93
"SV","El Salvador",2007,669830.84
"SV","El Salvador",2008,586885.72
"SV","El Salvador",2009,1188755.91
"SV","El Salvador",2010,726328.88
"SV","El Salvador",2011,782876.75
"SV","El Salvador",2012,610179.46
"SV","El Salvador",2013,761198.09
"SV","El Salvador",2014,1317703.59
"SV","El Salvador",2015,1082794.39
"GQ","Equatorial Guinea",2000,1043736.66
"GQ","Equatorial Guinea",2001,811016.71
"GQ","Equatorial Guinea",2002,863974.1
"GQ","Equatorial Guinea",2003,1055836.43
"GQ","Equatorial Guinea",2004,1004089.07
"GQ","Equatorial Guinea",2005,1168727.07
"GQ","Equatorial Guinea",2006,786395.16
"GQ","Equatorial Guinea",2007,838480.16
"GQ","Equatorial Guinea",2008,675052.72
"GQ","Equatorial Guinea",2009,718659.87
"GQ","Equatorial Guinea",2010,441151.22
"GQ","Equatorial Guinea",2011,394254.97
"GQ","Equatorial Guinea",2012,313029.06
"GQ","Equatorial Guinea",2013,478779.95
"GQ","Equatorial Guinea",2014,715732.94
"GQ","Equatorial Guinea",2015,1070077.54
"ER","Eritrea",2000,2046352.73
"ER","Eritrea",2001,3071181.14
"ER","Eritrea",2002,1460267.55
"ER","Eritrea",2003,2624503.87
"ER","Eritrea",2004,2010171.22
"ER","Eritrea",2005,2962865.3
"ER","Eritrea",2006,4036203.61
"ER","Eritrea",2007,2553687.86
"ER","Eritrea",2008,2417885.35
"ER","Eritrea",2009,2595179.64
"ER","Eritrea",2010,2752377.95
"ER","Eritrea",2011,1955827.15
"ER","Eritrea",2012,1549653.99
"ER","Eritrea",2013,2065391.66
"ER","Eritrea",2014,2773436.44
"ER","Eritrea",2015,2973880.5
"ET","Ethiopia",2000,18363076.13
"ET","Ethiopia",2001,27348270.64
"ET","Ethiopia",2002,19283538.65
"ET","Ethiopia",2003,17377985.36
"ET","Ethiopia",2004,20391092.75
"ET","Ethiopia",2005,25602908
"ET","Ethiopia",2006,27003096.89
"ET","Ethiopia",2007,49600374.37
"ET","Ethiopia",2008,42411570.58
"ET","Ethiopia",2009,39292113.71
"ET","Ethiopia",2010,40792191.6
"ET","Ethiopia",2011,36142767.93
"ET","Ethiopia",2012,27038407.67
"ET","Ethiopia",2013,39504632.71
"ET","Ethiopia",2014,36464509.12
"ET","Ethiopia",2015,41550973.65
"europe","Europe, regional",2005,1110724.05
"east-asia","Far East Asia, regional",2015,1696821.28
"FJ","Fiji",2012,4747271.24
"FJ","Fiji",2013,5186644.99
"FJ","Fiji",2014,4813754.73
"FJ","Fiji",2015,937.62
"GA","Gabon",2000,724292.84
"GA","Gabon",2001,1158193.71
"GA","Gabon",2002,829950.48
"GA","Gabon",2003,1744259.36
"GA","Gabon",2004,1660851.67
"GA","Gabon",2005,1493958.05
"GA","Gabon",2006,649984.55
"GA","Gabon",2007,642650.5
"GA","Gabon",2008,642398.95
"GA","Gabon",2009,688001.23
"GA","Gabon",2010,664039.09
"GA","Gabon",2011,763695.29
"GA","Gabon",2012,531854.58
"GA","Gabon",2013,785052.36
"GA","Gabon",2014,717642.9
"GA","Gabon",2015,785356.3
"GM","Gambia",2000,851744.1
"GM","Gambia",2001,1304373.5
"GM","Gambia",2002,927249.93
"GM","Gambia",2003,1537900.93
"GM","Gambia",2004,1568138.56
"GM","Gambia",2005,1730949.06
"GM","Gambia",2006,1255898.3
"GM","Gambia",2007,1428439.2
"GM","Gambia",2008,1073209.97
"GM","Gambia",2009,1324588.23
"GM","Gambia",2010,1398338.65
"GM","Gambia",2011,1168889.55
"GM","Gambia",2012,870073.43
"GM","Gambia",2013,1020505.74
"GM","Gambia",2014,1317142.89
"GM","Gambia",2015,1572433.21
"GE","Georgia",2000,1162392.48
"GE","Georgia",2001,870050.86
"GE","Georgia",2002,879789.66
"GE","Georgia",2003,1655089.94
"GE","Georgia",2004,1685386.23
"GE","Georgia",2005,1771510.47
"GE","Georgia",2006,995495.05
"GE","Georgia",2007,742080.17
"GE","Georgia",2008,1213279.36
"GE","Georgia",2009,759772.27
"GE","Georgia",2010,808564.19
"GE","Georgia",2011,708462.62
"GE","Georgia",2012,790494.18
"GE","Georgia",2013,990318.43
"GE","Georgia",2014,808835.57
"GE","Georgia",2015,1272063.23
"GH","Ghana",2000,3919876.89
"GH","Ghana",2001,4284192.27
"GH","Ghana",2002,4508527.52
"GH","Ghana",2003,4689716.56
"GH","Ghana",2004,4684886.8
"GH","Ghana",2005,5200790.05
"GH","Ghana",2006,4682748.54
"GH","Ghana",2007,7605139.81
"GH","Ghana",2008,8633934.53
"GH","Ghana",2009,7811829.96
"GH","Ghana",2010,9087128.66
"GH","Ghana",2011,9154502.16
"GH","Ghana",2012,6470775.04
"GH","Ghana",2013,9232128.44
"GH","Ghana",2014,8615723.1
"GH","Ghana",2015,8091618.63
"GT","Guatemala",2000,1165309.78
"GT","Guatemala",2001,1598194.87
"GT","Guatemala",2002,1093608.39
"GT","Guatemala",2003,2027531.7
"GT","Guatemala",2004,2422595.75
"GT","Guatemala",2005,1928728.32
"GT","Guatemala",2006,1010469.36
"GT","Guatemala",2007,1065967.15
"GT","Guatemala",2008,1462023.13
"GT","Guatemala",2009,795681.52
"GT","Guatemala",2010,833510.18
"GT","Guatemala",2011,816911.81
"GT","Guatemala",2012,834161.61
"GT","Guatemala",2013,993801.29
"GT","Guatemala",2014,1110303.09
"GT","Guatemala",2015,1307515.71
"GN","Guinea",2000,3459056.64
"GN","Guinea",2001,4803271.07
"GN","Guinea",2002,3155165.94
"GN","Guinea",2003,4698465.9
"GN","Guinea",2004,3857654.82
"GN","Guinea",2005,4519651.19
"GN","Guinea",2006,4580380.83
"GN","Guinea",2007,5570367.74
"GN","Guinea",2008,5572556.86
"GN","Guinea",2009,7250204.25
"GN","Guinea",2010,6813612.31
"GN","Guinea",2011,7961623.48
"GN","Guinea",2012,6328088.83
"GN","Guinea",2013,7222949.57
"GN","Guinea",2014,8749655.23
"GN","Guinea",2015,16411739
"GW","Guinea-Bissau",2000,1438306.13
"GW","Guinea-Bissau",2001,1363407.64
"GW","Guinea-Bissau",2002,1534601.13
"GW","Guinea-Bissau",2003,2235092.29
"GW","Guinea-Bissau",2004,2682738.26
"GW","Guinea-Bissau",2005,2880001.71
"GW","Guinea-Bissau",2006,2180429.08
"GW","Guinea-Bissau",2007,2444156.01
"GW","Guinea-Bissau",2008,1985539.96
"GW","Guinea-Bissau",2009,2577253.49
"GW","Guinea-Bissau",2010,2455291.26
"GW","Guinea-Bissau",2011,1962967.87
"GW","Guinea-Bissau",2012,1719776.63
"GW","Guinea-Bissau",2013,2441462.2
"GW","Guinea-Bissau",2014,3105857.13
"GW","Guinea-Bissau",2015,2611143.74
"GY","Guyana",2000,996632.3
"GY","Guyana",2001,888323.33
"GY","Guyana",2002,1116555.28
"GY","Guyana",2003,1316319.2
"GY","Guyana",2004,1388505.4
"GY","Guyana",2005,2036332.39
"GY","Guyana",2006,888887.57
"GY","Guyana",2007,1048290.76
"GY","Guyana",2008,944947.01
"GY","Guyana",2009,1236761.51
"GY","Guyana",2010,740550.16
"GY","Guyana",2011,803656.22
"GY","Guyana",2012,840616.17
"GY","Guyana",2013,1252176.72
"GY","Guyana",2014,2055281.28
"GY","Guyana",2015,1620442.14
"HT","Haiti",2000,3498367.21
"HT","Haiti",2001,3080036.26
"HT","Haiti",2002,3746034.28
"HT","Haiti",2003,4097617.47
"HT","Haiti",2004,5576775.51
"HT","Haiti",2005,4282056.55
"HT","Haiti",2006,2941562.25
"HT","Haiti",2007,4850286.57
"HT","Haiti",2008,4313880.13
"HT","Haiti",2009,2748188.01
"HT","Haiti",2010,2200774.43
"HT","Haiti",2011,3089023.62
"HT","Haiti",2012,2031982.49
"HT","Haiti",2013,4684733.67
"HT","Haiti",2014,5541232.71
"HT","Haiti",2015,6147889.17
"HN","Honduras",2000,884573.1
"HN","Honduras",2001,1520972.59
"HN","Honduras",2002,1548102.89
"HN","Honduras",2003,2114424.56
"HN","Honduras",2004,2163621.71
"HN","Honduras",2005,2175137.29
"HN","Honduras",2006,1065659.18
"HN","Honduras",2007,1092732.59
"HN","Honduras",2008,815452.88
"HN","Honduras",2009,734316.76
"HN","Honduras",2010,884783.89
"HN","Honduras",2011,756411.64
"HN","Honduras",2012,423101.64
"HN","Honduras",2013,829264.12
"HN","Honduras",2014,956702.6
"HN","Honduras",2015,1253428.43
"IN","India",2000,42938389.28
"IN","India",2001,43335279.44
"IN","India",2002,41227781.91
"IN","India",2003,32356276.59
"IN","India",2004,32352021.65
"IN","India",2005,36848719.62
"IN","India",2006,39567795.31
"IN","India",2007,35723697.06
"IN","India",2008,33622719.02
"IN","India",2009,40041327.79
"IN","India",2010,39662055.3
"IN","India",2011,38305835.74
"IN","India",2012,35228418.28
"IN","India",2013,36700044.22
"IN","India",2014,42202110.5
"IN","India",2015,54455541.6
"ID","Indonesia",2000,8982863.16
"ID","Indonesia",2001,7450952.49
"ID","Indonesia",2002,6898063.15
"ID","Indonesia",2003,7338933.21
"ID","Indonesia",2004,7210322.03
"ID","Indonesia",2005,6761485.74
"ID","Indonesia",2006,7966215.41
"ID","Indonesia",2007,5341018.56
"ID","Indonesia",2008,4818534.23
"ID","Indonesia",2009,6002381.32
"ID","Indonesia",2010,6505462.53
"ID","Indonesia",2011,4999786.97
"ID","Indonesia",2012,4463959.03
"ID","Indonesia",2013,5767792.08
"ID","Indonesia",2014,5529454.48
"ID","Indonesia",2015,5654394.21
"IR","Iran",2000,2606460.53
"IR","Iran",2001,2474092.92
"IR","Iran",2002,2432733.11
"IR","Iran",2003,3621225.89
"IR","Iran",2004,2274791.59
"IR","Iran",2005,2214969.67
"IR","Iran",2006,2128876.32
"IR","Iran",2007,2154502.56
"IR","Iran",2008,1321200.33
"IR","Iran",2009,1642625.36
"IR","Iran",2010,1324036.43
"IR","Iran",2011,1775621.95
"IR","Iran",2012,1216795.02
"IR","Iran",2013,1471101.49
"IR","Iran",2014,1136313.15
"IR","Iran",2015,1588854.33
"IQ","Iraq",2000,3732729.68
"IQ","Iraq",2001,3449280.78
"IQ","Iraq",2002,2410996.03
"IQ","Iraq",2003,4608700.77
"IQ","Iraq",2004,2403808.26
"IQ","Iraq",2005,1997152.53
"IQ","Iraq",2006,2330702.09
"IQ","Iraq",2007,9117754.12
"IQ","Iraq",2008,1959979.25
"IQ","Iraq",2009,1931019.8
"IQ","Iraq",2010,2776750.58
"IQ","Iraq",2011,2160794.57
"IQ","Iraq",2012,2285218.6
"IQ","Iraq",2013,5514697.02
"IQ","Iraq",2014,9905146.02
"IQ","Iraq",2015,8855562.07
"JM","Jamaica",2000,1066370.62
"JM","Jamaica",2001,1054181.17
"JM","Jamaica",2002,817837.55
"JM","Jamaica",2003,1357009.75
"JM","Jamaica",2004,1656457.04
"JM","Jamaica",2005,1801300
"JM","Jamaica",2006,792837.96
"JM","Jamaica",2007,575563.21
"JM","Jamaica",2008,518886.14
"JM","Jamaica",2009,1043295.88
"JM","Jamaica",2010,759668.53
"JM","Jamaica",2011,988275.23
"JM","Jamaica",2012,707713.02
"JM","Jamaica",2013,631742.38
"JM","Jamaica",2014,956248.65
"JM","Jamaica",2015,1172904.03
"JO","Jordan",2000,1146292.64
"JO","Jordan",2001,1339512.87
"JO","Jordan",2002,1224749.72
"JO","Jordan",2003,1241672.31
"JO","Jordan",2004,1278394.48
"JO","Jordan",2005,1627345.13
"JO","Jordan",2006,805016.92
"JO","Jordan",2007,2197960.23
"JO","Jordan",2008,552054.42
"JO","Jordan",2009,726692.46
"JO","Jordan",2010,784877.71
"JO","Jordan",2011,780659.5
"JO","Jordan",2012,2903517.8
"JO","Jordan",2013,3684608.42
"JO","Jordan",2014,2400553.15
"JO","Jordan",2015,2906555.92
"KZ","Kazakhstan",2000,1035890.4
"KZ","Kazakhstan",2001,1184899.63
"KZ","Kazakhstan",2002,1242990.31
"KZ","Kazakhstan",2003,2456812.5
"KZ","Kazakhstan",2004,2432522.81
"KZ","Kazakhstan",2005,2315769.04
"KZ","Kazakhstan",2006,1141871.21
"KZ","Kazakhstan",2007,1096399.09
"KZ","Kazakhstan",2008,968578.26
"KZ","Kazakhstan",2009,951291.47
"KZ","Kazakhstan",2010,1174116.07
"KZ","Kazakhstan",2011,981574.71
"KZ","Kazakhstan",2012,684279.97
"KZ","Kazakhstan",2013,1011171.89
"KZ","Kazakhstan",2014,1008179.07
"KZ","Kazakhstan",2015,1409085.59
"KE","Kenya",2000,6042804.63
"KE","Kenya",2001,6606201.98
"KE","Kenya",2002,6402234.7
"KE","Kenya",2003,10169069.69
"KE","Kenya",2004,7589480.79
"KE","Kenya",2005,6791974.55
"KE","Kenya",2006,7160990.66
"KE","Kenya",2007,10635183.12
"KE","Kenya",2008,14108566.85
"KE","Kenya",2009,11160429.86
"KE","Kenya",2010,12756436.43
"KE","Kenya",2011,10643000.47
"KE","Kenya",2012,9433870.1
"KE","Kenya",2013,10829794.41
"KE","Kenya",2014,12154818.73
"KE","Kenya",2015,12864694.77
"KI","Kiribati",2015,164256.48
"XK","Kosovo",2009,1375128.94
"XK","Kosovo",2010,1523143.82
"XK","Kosovo",2011,1551197.32
"XK","Kosovo",2012,1438731.77
"XK","Kosovo",2013,1793059.86
"XK","Kosovo",2014,1065840.26
"XK","Kosovo",2015,923962.75
"KG","Kyrgyzstan",2000,1148611.01
"KG","Kyrgyzstan",2001,1242528.2
"KG","Kyrgyzstan",2002,1154193.37
"KG","Kyrgyzstan",2003,1528081.95
"KG","Kyrgyzstan",2004,1792712.31
"KG","Kyrgyzstan",2005,1695466.45
"KG","Kyrgyzstan",2006,1186170.63
"KG","Kyrgyzstan",2007,1090387.96
"KG","Kyrgyzstan",2008,937495.63
"KG","Kyrgyzstan",2009,1292040.12
"KG","Kyrgyzstan",2010,2899760.47
"KG","Kyrgyzstan",2011,1033795.74
"KG","Kyrgyzstan",2012,723236.76
"KG","Kyrgyzstan",2013,949153.64
"KG","Kyrgyzstan",2014,1570420.97
"KG","Kyrgyzstan",2015,1418402.84
"LA","Lao",2000,2926827.02
"LA","Lao",2001,3222983.22
"LA","Lao",2002,2069167.63
"LA","Lao",2003,2652031.62
"LA","Lao",2004,2932283.52
"LA","Lao",2005,2325243.32
"LA","Lao",2006,2044122.39
"LA","Lao",2007,2537642.1
"LA","Lao",2008,2301557.47
"LA","Lao",2009,2540499.2
"LA","Lao",2010,1864670.85
"LA","Lao",2011,2269558.7
"LA","Lao",2012,1919752.46
"LA","Lao",2013,2104209.72
"LA","Lao",2014,2308348.54
"LA","Lao",2015,2650661.61
"LB","Lebanon",2000,2382113.89
"LB","Lebanon",2001,1901742.83
"LB","Lebanon",2002,1259607.44
"LB","Lebanon",2003,2161133.03
"LB","Lebanon",2004,2190391.36
"LB","Lebanon",2005,2323163.55
"LB","Lebanon",2006,2090666.39
"LB","Lebanon",2007,2087743.33
"LB","Lebanon",2008,564357.01
"LB","Lebanon",2009,708244.1
"LB","Lebanon",2010,704888.86
"LB","Lebanon",2011,716800.53
"LB","Lebanon",2012,2463259.05
"LB","Lebanon",2013,2271625.48
"LB","Lebanon",2014,2152322.25
"LB","Lebanon",2015,2123168.31
"LS","Lesotho",2000,991387.62
"LS","Lesotho",2001,1016230.65
"LS","Lesotho",2002,1701508.89
"LS","Lesotho",2003,2022176.33
"LS","Lesotho",2004,2228067.08
"LS","Lesotho",2005,2020447.68
"LS","Lesotho",2006,1159121.28
"LS","Lesotho",2007,1923175.4
"LS","Lesotho",2008,1045343.09
"LS","Lesotho",2009,1287871.91
"LS","Lesotho",2010,1265872.97
"LS","Lesotho",2011,1040925.15
"LS","Lesotho",2012,870113.68
"LS","Lesotho",2013,808734.47
"LS","Lesotho",2014,1323413.73
"LS","Lesotho",2015,1500273.36
"LR","Liberia",2000,1031955.42
"LR","Liberia",2001,2496301.01
"LR","Liberia",2002,2008109.31
"LR","Liberia",2003,7817139.36
"LR","Liberia",2004,4227839.26
"LR","Liberia",2005,4795933.64
"LR","Liberia",2006,4271137.04
"LR","Liberia",2007,5892585.5
"LR","Liberia",2008,5115891.12
"LR","Liberia",2009,5443964.84
"LR","Liberia",2010,5064478.82
"LR","Liberia",2011,9174911.15
"LR","Liberia",2012,6421526.06
"LR","Liberia",2013,3627703.37
"LR","Liberia",2014,6048465.29
"LR","Liberia",2015,6602114.68
"LY","Libya",2012,6673.54
"LY","Libya",2013,312107.61
"LY","Libya",2014,834185.35
"LY","Libya",2015,1191856.18
"MK","Macedonia",2000,700995.74
"MK","Macedonia",2001,1071048.07
"MK","Macedonia",2002,847237.61
"MK","Macedonia",2003,1078894.6
"MK","Macedonia",2004,1250288.81
"MK","Macedonia",2005,1629905.26
"MK","Macedonia",2006,581971.49
"MK","Macedonia",2007,784302.81
"MK","Macedonia",2008,610783.42
"MK","Macedonia",2009,818421.52
"MK","Macedonia",2010,691870.69
"MK","Macedonia",2011,1179664.44
"MK","Macedonia",2012,551369.65
"MK","Macedonia",2013,731975.55
"MK","Macedonia",2014,749699.52
"MK","Macedonia",2015,982660.51
"MG","Madagascar",2000,5657891.23
"MG","Madagascar",2001,5161271
"MG","Madagascar",2002,6861636.21
"MG","Madagascar",2003,6890306.95
"MG","Madagascar",2004,6495408.68
"MG","Madagascar",2005,7196684.3
"MG","Madagascar",2006,6663160
"MG","Madagascar",2007,12042810.12
"MG","Madagascar",2008,15661798.17
"MG","Madagascar",2009,12078878.88
"MG","Madagascar",2010,12072010.06
"MG","Madagascar",2011,10534449.97
"MG","Madagascar",2012,9237589.36
"MG","Madagascar",2013,10357427.28
"MG","Madagascar",2014,9490235.58
"MG","Madagascar",2015,12004763.56
"MW","Malawi",2000,4215097.83
"MW","Malawi",2001,6014595.51
"MW","Malawi",2002,6687880.6
"MW","Malawi",2003,6210864.95
"MW","Malawi",2004,5496564.03
"MW","Malawi",2005,6548857.94
"MW","Malawi",2006,8196534.96
"MW","Malawi",2007,11475023.74
"MW","Malawi",2008,8507233.51
"MW","Malawi",2009,8864535.17
"MW","Malawi",2010,9276385.49
"MW","Malawi",2011,12002350.01
"MW","Malawi",2012,7324860.44
"MW","Malawi",2013,7301504.69
"MW","Malawi",2014,9802630.86
"MW","Malawi",2015,22363226.61
"MY","Malaysia",2000,580695.15
"MY","Malaysia",2001,954385.35
"MY","Malaysia",2002,516650.05
"MY","Malaysia",2003,798859.84
"MY","Malaysia",2004,823513.03
"MY","Malaysia",2005,686686.34
"MY","Malaysia",2006,597215.98
"MY","Malaysia",2007,516802.73
"MY","Malaysia",2008,398460.45
"MY","Malaysia",2009,704446.19
"MY","Malaysia",2010,544958.15
"MY","Malaysia",2011,496103.84
"MY","Malaysia",2012,626027.76
"MY","Malaysia",2013,649685.72
"MY","Malaysia",2014,772540.08
"MY","Malaysia",2015,905382.58
"MV","Maldives",2000,483632.67
"MV","Maldives",2001,916434.83
"MV","Maldives",2002,882130.6
"MV","Maldives",2003,984482.03
"MV","Maldives",2004,1107788.2
"MV","Maldives",2005,572876.96
"MV","Maldives",2006,857660.79
"MV","Maldives",2007,766674.66
"MV","Maldives",2008,232655.77
"MV","Maldives",2009,931485.36
"MV","Maldives",2010,1032871.36
"MV","Maldives",2011,544803.4
"MV","Maldives",2012,461714.13
"MV","Maldives",2013,742837.25
"MV","Maldives",2014,577857.08
"MV","Maldives",2015,1222334.73
"ML","Mali",2000,6408566.31
"ML","Mali",2001,6863422.19
"ML","Mali",2002,7147758.17
"ML","Mali",2003,7265042
"ML","Mali",2004,7481767.04
"ML","Mali",2005,8210633.56
"ML","Mali",2006,9904478.51
"ML","Mali",2007,14033198.24
"ML","Mali",2008,10283225.25
"ML","Mali",2009,14012281.88
"ML","Mali",2010,12498084.65
"ML","Mali",2011,13736706.07
"ML","Mali",2012,9942093.42
"ML","Mali",2013,14538614.96
"ML","Mali",2014,15504857.19
"ML","Mali",2015,14084018.36
"MR","Mauritania",2000,661989.27
"MR","Mauritania",2001,1761185.34
"MR","Mauritania",2002,1831683.18
"MR","Mauritania",2003,2427313.79
"MR","Mauritania",2004,2366691.04
"MR","Mauritania",2005,2653327.74
"MR","Mauritania",2006,1906797.32
"MR","Mauritania",2007,2351113.77
"MR","Mauritania",2008,2417986.42
"MR","Mauritania",2009,1946429.83
"MR","Mauritania",2010,2301855.53
"MR","Mauritania",2011,2259523.67
"MR","Mauritania",2012,1616418.39
"MR","Mauritania",2013,1995828.34
"MR","Mauritania",2014,2141850.22
"MR","Mauritania",2015,3279272.89
"MU","Mauritius",2000,347452.79
"MU","Mauritius",2001,784310.79
"MU","Mauritius",2002,620846.18
"MU","Mauritius",2003,1323190.69
"MU","Mauritius",2004,12910.1
"MX","Mexico",2000,1084046.21
"MX","Mexico",2001,1956560.25
"MX","Mexico",2002,1636374.95
"MX","Mexico",2003,2367227.64
"MX","Mexico",2004,2230568.28
"MX","Mexico",2005,2502779.61
"MX","Mexico",2006,810482.9
"MX","Mexico",2007,1733443.71
"MX","Mexico",2008,728397.61
"MX","Mexico",2009,952060.55
"MX","Mexico",2010,849094.38
"MX","Mexico",2011,808374.06
"MX","Mexico",2012,770419.99
"MX","Mexico",2013,570207.63
"MX","Mexico",2014,665075.53
"MX","Mexico",2015,1357334.25
"middle-east","Middle East, regional",2003,5617833.5
"middle-east","Middle East, regional",2004,5499289.73
"middle-east","Middle East, regional",2006,675464.77
"middle-east","Middle East, regional",2007,894847.76
"middle-east","Middle East, regional",2008,646285.43
"middle-east","Middle East, regional",2009,192088.89
"middle-east","Middle East, regional",2010,619861.93
"middle-east","Middle East, regional",2011,2390252.39
"middle-east","Middle East, regional",2012,1232341.25
"middle-east","Middle East, regional",2013,443200.18
"middle-east","Middle East, regional",2014,3082807.54
"middle-east","Middle East, regional",2015,4019836.59
"MD","Moldova",2000,977426.35
"MD","Moldova",2001,1034503.12
"MD","Moldova",2002,852395.54
"MD","Moldova",2003,1074610.07
"MD","Moldova",2004,1155683.37
"MD","Moldova",2005,1611663.41
"MD","Moldova",2006,798459.82
"MD","Moldova",2007,631322.95
"MD","Moldova",2008,596533
"MD","Moldova",2009,802679.18
"MD","Moldova",2010,665749.78
"MD","Moldova",2011,968415.99
"MD","Moldova",2012,1125145.22
"MD","Moldova",2013,802134.81
"MD","Moldova",2014,909787.05
"MD","Moldova",2015,967353.98
"MN","Mongolia",2000,1610029.9
"MN","Mongolia",2001,1543321.23
"MN","Mongolia",2002,1261548.28
"MN","Mongolia",2003,1746295.98
"MN","Mongolia",2004,1598178.17
"MN","Mongolia",2005,1709811.25
"MN","Mongolia",2006,981300.12
"MN","Mongolia",2007,1129175.67
"MN","Mongolia",2008,1068707.9
"MN","Mongolia",2009,748008.24
"MN","Mongolia",2010,1326085.5
"MN","Mongolia",2011,950080.78
"MN","Mongolia",2012,743992.43
"MN","Mongolia",2013,928635.41
"MN","Mongolia",2014,1247819.2
"MN","Mongolia",2015,1361537.91
"ME","Montenegro",2007,566995.18
"ME","Montenegro",2008,580757.39
"ME","Montenegro",2009,740108.58
"ME","Montenegro",2010,693722.38
"ME","Montenegro",2011,810981.23
"ME","Montenegro",2012,532591.8
"ME","Montenegro",2013,985638.64
"ME","Montenegro",2014,903896.59
"ME","Montenegro",2015,934621.93
"MA","Morocco",2000,1676861.92
"MA","Morocco",2001,2497706.58
"MA","Morocco",2002,2061561.61
"MA","Morocco",2003,2670402.95
"MA","Morocco",2004,3031574.88
"MA","Morocco",2005,2707673.89
"MA","Morocco",2006,1679969.34
"MA","Morocco",2007,1360840.53
"MA","Morocco",2008,1160687.87
"MA","Morocco",2009,1451030.21
"MA","Morocco",2010,1137646.42
"MA","Morocco",2011,1253520.82
"MA","Morocco",2012,1146937.22
"MA","Morocco",2013,1338063.08
"MA","Morocco",2014,1674649.62
"MA","Morocco",2015,1720163.86
"MZ","Mozambique",2000,9668584.73
"MZ","Mozambique",2001,11841968.45
"MZ","Mozambique",2002,8822146.91
"MZ","Mozambique",2003,10716761.95
"MZ","Mozambique",2004,10535215.39
"MZ","Mozambique",2005,10405756.65
"MZ","Mozambique",2006,9908240.27
"MZ","Mozambique",2007,13803212.24
"MZ","Mozambique",2008,14404122.92
"MZ","Mozambique",2009,15481361.66
"MZ","Mozambique",2010,14880427.2
"MZ","Mozambique",2011,14671037.24
"MZ","Mozambique",2012,13126051.86
"MZ","Mozambique",2013,14543040.28
"MZ","Mozambique",2014,13235612.11
"MZ","Mozambique",2015,18300608.12
"MM","Myanmar",2000,8358508.06
"MM","Myanmar",2001,9266955.25
"MM","Myanmar",2002,10060953.1
"MM","Myanmar",2003,9554138.05
"MM","Myanmar",2004,8529591.01
"MM","Myanmar",2005,10594614.26
"MM","Myanmar",2006,10329079.52
"MM","Myanmar",2007,13769268.18
"MM","Myanmar",2008,12774071.65
"MM","Myanmar",2009,16198094.09
"MM","Myanmar",2010,17313498.29
"MM","Myanmar",2011,13607790.83
"MM","Myanmar",2012,14921584.15
"MM","Myanmar",2013,13274532.19
"MM","Myanmar",2014,15207247.26
"MM","Myanmar",2015,18199371.37
"NA","Namibia",2000,1052751.79
"NA","Namibia",2001,1101970.71
"NA","Namibia",2002,1611530.63
"NA","Namibia",2003,2017922.84
"NA","Namibia",2004,2391836.66
"NA","Namibia",2005,2293344.26
"NA","Namibia",2006,1593438.44
"NA","Namibia",2007,742080.17
"NA","Namibia",2008,1152584.15
"NA","Namibia",2009,1092364.9
"NA","Namibia",2010,755185.02
"NA","Namibia",2011,811599.38
"NA","Namibia",2012,721026.14
"NA","Namibia",2013,790633.13
"NA","Namibia",2014,1099910.01
"NA","Namibia",2015,1238185.65
"NP","Nepal",2000,4906237.45
"NP","Nepal",2001,8492483.49
"NP","Nepal",2002,4425658.88
"NP","Nepal",2003,6013857.52
"NP","Nepal",2004,7112017.35
"NP","Nepal",2005,5870831.83
"NP","Nepal",2006,6623277.01
"NP","Nepal",2007,7435699.29
"NP","Nepal",2008,5549320.69
"NP","Nepal",2009,7023279.02
"NP","Nepal",2010,7541257.1
"NP","Nepal",2011,7069853.72
"NP","Nepal",2012,5857624.29
"NP","Nepal",2013,6751247.01
"NP","Nepal",2014,6233036.89
"NP","Nepal",2015,5917193.52
"NI","Nicaragua",2000,1030755.3
"NI","Nicaragua",2001,1440714.26
"NI","Nicaragua",2002,921560.34
"NI","Nicaragua",2003,2092964.87
"NI","Nicaragua",2004,1322094.33
"NI","Nicaragua",2005,2000711.63
"NI","Nicaragua",2006,1377417.74
"NI","Nicaragua",2007,1596490.31
"NI","Nicaragua",2008,680050.93
"NI","Nicaragua",2009,1218806.89
"NI","Nicaragua",2010,765684.15
"NI","Nicaragua",2011,895065.75
"NI","Nicaragua",2012,875077.51
"NI","Nicaragua",2013,970343.02
"NI","Nicaragua",2014,956685.55
"NI","Nicaragua",2015,1373796.66
"NE","Niger",2000,7915691.45
"NE","Niger",2001,8284458.4
"NE","Niger",2002,8334157.75
"NE","Niger",2003,8710118.1
"NE","Niger",2004,8109177.75
"NE","Niger",2005,8668596.97
"NE","Niger",2006,12759052.62
"NE","Niger",2007,19228241.88
"NE","Niger",2008,17935167.19
"NE","Niger",2009,17240364.54
"NE","Niger",2010,21464816.46
"NE","Niger",2011,18090100.26
"NE","Niger",2012,15387998.07
"NE","Niger",2013,18742972.6
"NE","Niger",2014,17836299.27
"NE","Niger",2015,19712394.25
"NG","Nigeria",2000,25294106.69
"NG","Nigeria",2001,31982451.05
"NG","Nigeria",2002,24850167.18
"NG","Nigeria",2003,27631291.7
"NG","Nigeria",2004,28901061.81
"NG","Nigeria",2005,25138710.59
"NG","Nigeria",2006,32480127.82
"NG","Nigeria",2007,32608533.07
"NG","Nigeria",2008,39787260.88
"NG","Nigeria",2009,53330325.83
"NG","Nigeria",2010,51150287.71
"NG","Nigeria",2011,46418789.4
"NG","Nigeria",2012,48524560.95
"NG","Nigeria",2013,51231253.58
"NG","Nigeria",2014,50272752.62
"NG","Nigeria",2015,48966431.73
"north-central-america","North & Central America, regional",2003,8387.61
"north-central-america","North & Central America, regional",2004,8684260.33
"KP","North Korea",2000,2097461.19
"KP","North Korea",2001,1495672.24
"KP","North Korea",2002,2779102.34
"KP","North Korea",2003,3666186.65
"KP","North Korea",2004,1152452.83
"KP","North Korea",2005,2842916.51
"KP","North Korea",2006,1768786.4
"KP","North Korea",2007,4891023.31
"KP","North Korea",2008,2813313.8
"KP","North Korea",2009,5231661.57
"KP","North Korea",2010,2507542.5
"KP","North Korea",2011,3417738.15
"KP","North Korea",2012,1361734.62
"KP","North Korea",2013,1780855.1
"KP","North Korea",2014,2854289.85
"KP","North Korea",2015,3481431.28
"oceania","Oceania, regional",2000,1381604.86
"oceania","Oceania, regional",2001,2558146.3
"oceania","Oceania, regional",2002,2435010.31
"oceania","Oceania, regional",2003,929943.44
"oceania","Oceania, regional",2005,3877252.22
"oceania","Oceania, regional",2006,2839610.2
"oceania","Oceania, regional",2007,6456724.67
"oceania","Oceania, regional",2008,5134202.59
"oceania","Oceania, regional",2009,5423797.93
"oceania","Oceania, regional",2010,5765307.14
"oceania","Oceania, regional",2011,4989887.48
"oceania","Oceania, regional",2015,4741668.25
"OM","Oman",2000,1066976.42
"OM","Oman",2001,744954.69
"OM","Oman",2002,595828.26
"OM","Oman",2003,1317056.97
"OM","Oman",2004,728049.04
"OM","Oman",2005,575357.39
"OM","Oman",2006,145295.43
"OM","Oman",2008,137818.36
"PK","Pakistan",2000,17229351.64
"PK","Pakistan",2001,17354633.17
"PK","Pakistan",2002,14909905.28
"PK","Pakistan",2003,16426678.93
"PK","Pakistan",2004,13859919.29
"PK","Pakistan",2005,14924639.48
"PK","Pakistan",2006,15802587.7
"PK","Pakistan",2007,16396729.86
"PK","Pakistan",2008,19277747.74
"PK","Pakistan",2009,18831376.28
"PK","Pakistan",2010,22347438.48
"PK","Pakistan",2011,19849929.79
"PK","Pakistan",2012,18136770.51
"PK","Pakistan",2013,15207125.63
"PK","Pakistan",2014,16367384.21
"PK","Pakistan",2015,26957372
"PS","Palestine",2000,1082980.81
"PS","Palestine",2001,1114761.45
"PS","Palestine",2002,1178324.29
"PS","Palestine",2003,3663807.41
"PS","Palestine",2004,2045150.82
"PS","Palestine",2005,1583548.75
"PS","Palestine",2006,5241422.05
"PS","Palestine",2007,6222850.25
"PS","Palestine",2008,3377468.67
"PS","Palestine",2009,4690449.63
"PS","Palestine",2010,4066892.79
"PS","Palestine",2011,3783168.09
"PS","Palestine",2012,2038449.37
"PS","Palestine",2013,2234202.89
"PS","Palestine",2014,4284876.56
"PS","Palestine",2015,5338780.59
"PA","Panama",2000,973728.37
"PA","Panama",2001,1953749.1
"PA","Panama",2002,859522.79
"PA","Panama",2003,1051896.9
"PA","Panama",2004,982975.6
"PA","Panama",2005,5552034.66
"PA","Panama",2006,420485.94
"PA","Panama",2007,405215.72
"PA","Panama",2008,403072.77
"PA","Panama",2009,689264.03
"PA","Panama",2010,814391.81
"PA","Panama",2011,824788.45
"PA","Panama",2012,513929.97
"PA","Panama",2013,1038049.12
"PA","Panama",2014,738616.56
"PA","Panama",2015,771332.2
"PG","Papua New Guinea",2000,1924617.97
"PG","Papua New Guinea",2001,1553160.25
"PG","Papua New Guinea",2002,1461522.11
"PG","Papua New Guinea",2003,5298832.03
"PG","Papua New Guinea",2004,6074948.33
"PG","Papua New Guinea",2005,2981407.91
"PG","Papua New Guinea",2006,1930656.44
"PG","Papua New Guinea",2007,2096571.87
"PG","Papua New Guinea",2008,1234163.44
"PG","Papua New Guinea",2009,1439655.46
"PG","Papua New Guinea",2010,1470093.63
"PG","Papua New Guinea",2011,1320098.75
"PG","Papua New Guinea",2012,882398.68
"PG","Papua New Guinea",2013,1641430.72
"PG","Papua New Guinea",2014,1517456.18
"PG","Papua New Guinea",2015,2656460.99
"PY","Paraguay",2000,1035415.77
"PY","Paraguay",2001,1099159.56
"PY","Paraguay",2002,865258.49
"PY","Paraguay",2003,1452242.46
"PY","Paraguay",2004,1233782.41
"PY","Paraguay",2005,1371627.66
"PY","Paraguay",2006,1021048.01
"PY","Paraguay",2007,862823.79
"PY","Paraguay",2008,1102023.19
"PY","Paraguay",2009,780907.65
"PY","Paraguay",2010,746669.17
"PY","Paraguay",2011,808676.09
"PY","Paraguay",2012,688801.11
"PY","Paraguay",2013,778660.87
"PY","Paraguay",2014,1045453.31
"PY","Paraguay",2015,887701.04
"PE","Peru",2000,1568366.28
"PE","Peru",2001,1383085.69
"PE","Peru",2002,1318167.5
"PE","Peru",2003,2443437.21
"PE","Peru",2004,2658389.87
"PE","Peru",2005,2867881.22
"PE","Peru",2006,1536253.44
"PE","Peru",2007,1318598.6
"PE","Peru",2008,851331.59
"PE","Peru",2009,827906.81
"PE","Peru",2010,1085038
"PE","Peru",2011,805299.18
"PE","Peru",2012,907251.92
"PE","Peru",2013,1082859.67
"PE","Peru",2014,1072402.66
"PE","Peru",2015,1280607.23
"PH","Philippines",2000,4053920.34
"PH","Philippines",2001,4139418.05
"PH","Philippines",2002,3778612.1
"PH","Philippines",2003,4335720.15
"PH","Philippines",2004,4303727.3
"PH","Philippines",2005,3930652.53
"PH","Philippines",2006,3466452.65
"PH","Philippines",2007,2479113.19
"PH","Philippines",2008,2731964.21
"PH","Philippines",2009,2937827.25
"PH","Philippines",2010,3177738.19
"PH","Philippines",2011,3249990.28
"PH","Philippines",2012,4340863.38
"PH","Philippines",2013,2799882.19
"PH","Philippines",2014,3985196.98
"PH","Philippines",2015,3959427.04
"RW","Rwanda",2000,4192886.1
"RW","Rwanda",2001,4190159.31
"RW","Rwanda",2002,4132823.34
"RW","Rwanda",2003,4687389.85
"RW","Rwanda",2004,5209816.13
"RW","Rwanda",2005,5585677.66
"RW","Rwanda",2006,6368516.4
"RW","Rwanda",2007,8770121.73
"RW","Rwanda",2008,7595169.97
"RW","Rwanda",2009,9124540.22
"RW","Rwanda",2010,10949684.65
"RW","Rwanda",2011,8639437.92
"RW","Rwanda",2012,7220313.65
"RW","Rwanda",2013,9279645.68
"RW","Rwanda",2014,7026656.48
"RW","Rwanda",2015,7754222.56
"ST","Sao Tome & Principe",2000,540826.54
"ST","Sao Tome & Principe",2001,1331079.42
"ST","Sao Tome & Principe",2002,801300.45
"ST","Sao Tome & Principe",2003,1034792.19
"ST","Sao Tome & Principe",2004,981273.82
"ST","Sao Tome & Principe",2005,1060427.98
"ST","Sao Tome & Principe",2006,768615.12
"ST","Sao Tome & Principe",2007,870697.11
"ST","Sao Tome & Principe",2008,686225.19
"ST","Sao Tome & Principe",2009,659004.17
"ST","Sao Tome & Principe",2010,653981.73
"ST","Sao Tome & Principe",2011,728778.37
"ST","Sao Tome & Principe",2012,602235.35
"ST","Sao Tome & Principe",2013,653978.71
"ST","Sao Tome & Principe",2014,1150945.1
"ST","Sao Tome & Principe",2015,1360874.94
"SN","Senegal",2000,3035500.08
"SN","Senegal",2001,3571565.8
"SN","Senegal",2002,2553370.06
"SN","Senegal",2003,4113484.22
"SN","Senegal",2004,3864997.45
"SN","Senegal",2005,5179832.91
"SN","Senegal",2006,4163719.01
"SN","Senegal",2007,4617473.51
"SN","Senegal",2008,4943765.18
"SN","Senegal",2009,5989060.14
"SN","Senegal",2010,5752871.74
"SN","Senegal",2011,6396298.28
"SN","Senegal",2012,2994302.76
"SN","Senegal",2013,5412180.85
"SN","Senegal",2014,5211323.04
"SN","Senegal",2015,5538742.1
"RS","Serbia",2000,96234.55
"RS","Serbia",2001,241758.88
"RS","Serbia",2002,1078685.26
"RS","Serbia",2003,3826899.09
"RS","Serbia",2004,3046357.59
"RS","Serbia",2005,2778808.07
"RS","Serbia",2006,2180657.7
"RS","Serbia",2007,1209925.49
"RS","Serbia",2008,2079532.09
"RS","Serbia",2009,573408.73
"RS","Serbia",2010,859612.3
"RS","Serbia",2011,449576.18
"RS","Serbia",2012,439138.28
"RS","Serbia",2013,706151.45
"RS","Serbia",2014,1560459.4
"RS","Serbia",2015,910755.99
"SL","Sierra Leone",2000,2997376.49
"SL","Sierra Leone",2001,3861114.22
"SL","Sierra Leone",2002,4007756.79
"SL","Sierra Leone",2003,5555032.65
"SL","Sierra Leone",2004,3438074.93
"SL","Sierra Leone",2005,5367347.22
"SL","Sierra Leone",2006,5467345.96
"SL","Sierra Leone",2007,10280951.04
"SL","Sierra Leone",2008,7613297.67
"SL","Sierra Leone",2009,8049512.78
"SL","Sierra Leone",2010,9666075.02
"SL","Sierra Leone",2011,8273874.83
"SL","Sierra Leone",2012,8016323.03
"SL","Sierra Leone",2013,6686370.4
"SL","Sierra Leone",2014,9486090.01
"SL","Sierra Leone",2015,10287529.87
"SB","Solomon Islands",2015,510145.22
"SO","Somalia",2000,6596234.84
"SO","Somalia",2001,7831919.51
"SO","Somalia",2002,6133109.62
"SO","Somalia",2003,6830855.89
"SO","Somalia",2004,6694161.14
"SO","Somalia",2005,8348263.08
"SO","Somalia",2006,7776339.98
"SO","Somalia",2007,11576595.43
"SO","Somalia",2008,11272889.72
"SO","Somalia",2009,10307124.52
"SO","Somalia",2010,10485213.53
"SO","Somalia",2011,10253781.77
"SO","Somalia",2012,9335221.43
"SO","Somalia",2013,12115708.3
"SO","Somalia",2014,13981463.9
"SO","Somalia",2015,15974694.7
"south-central-asia","South & Central Asia, regional",2001,681703.82
"south-central-asia","South & Central Asia, regional",2002,625305.62
"south-central-asia","South & Central Asia, regional",2003,4244163.13
"south-central-asia","South & Central Asia, regional",2004,4204692.19
"south-central-asia","South & Central Asia, regional",2005,320117.09
"ZA","South Africa",2000,1440104.3
"ZA","South Africa",2001,2742276.61
"ZA","South Africa",2002,2136449.91
"ZA","South Africa",2003,2471678.84
"ZA","South Africa",2004,2487927.05
"ZA","South Africa",2005,2904176.81
"ZA","South Africa",2006,1209967.41
"ZA","South Africa",2007,1591251.07
"ZA","South Africa",2008,2607321.29
"ZA","South Africa",2009,3831779.74
"ZA","South Africa",2010,1095659.32
"ZA","South Africa",2011,1089706.72
"ZA","South Africa",2012,916321.92
"ZA","South Africa",2013,1078655.47
"ZA","South Africa",2014,1214674.38
"ZA","South Africa",2015,1812236.26
"south-asia","South Asia, regional",2005,3516696.99
"south-asia","South Asia, regional",2006,377007.46
"south-asia","South Asia, regional",2007,495971.23
"south-asia","South Asia, regional",2008,286074.17
"south-asia","South Asia, regional",2009,682057.5
"south-asia","South Asia, regional",2010,550344
"south-asia","South Asia, regional",2011,807995.79
"south-asia","South Asia, regional",2012,234677.96
"south-asia","South Asia, regional",2013,423344.89
"south-asia","South Asia, regional",2014,1435032.81
"south-asia","South Asia, regional",2015,2051050.38
"south-of-sahara","South of Sahara, regional",2001,2195507.98
"south-of-sahara","South of Sahara, regional",2002,1713031.83
"south-of-sahara","South of Sahara, regional",2003,16435127.42
"south-of-sahara","South of Sahara, regional",2004,14956156.41
"south-of-sahara","South of Sahara, regional",2005,1114101.42
"south-of-sahara","South of Sahara, regional",2006,2288086.12
"south-of-sahara","South of Sahara, regional",2007,6175243.65
"south-of-sahara","South of Sahara, regional",2008,1995444.51
"south-of-sahara","South of Sahara, regional",2009,2593404.11
"south-of-sahara","South of Sahara, regional",2010,1546538.92
"south-of-sahara","South of Sahara, regional",2011,2798305.95
"south-of-sahara","South of Sahara, regional",2012,1140005.46
"south-of-sahara","South of Sahara, regional",2013,1835537.45
"south-of-sahara","South of Sahara, regional",2014,4168068.56
"south-of-sahara","South of Sahara, regional",2015,4371023.32
"SS","South Sudan",2011,6285664.22
"SS","South Sudan",2012,7122075.91
"SS","South Sudan",2013,9356751.9
"SS","South Sudan",2014,16959221.94
"SS","South Sudan",2015,10607625.33
"LK","Sri Lanka",2000,945035.73
"LK","Sri Lanka",2001,1172249.46
"LK","Sri Lanka",2002,995169.67
"LK","Sri Lanka",2003,1894321.94
"LK","Sri Lanka",2004,1333495.38
"LK","Sri Lanka",2005,752898.99
"LK","Sri Lanka",2006,984563.08
"LK","Sri Lanka",2007,743807.29
"LK","Sri Lanka",2008,1010557.74
"LK","Sri Lanka",2009,3182716.6
"LK","Sri Lanka",2010,694728.11
"LK","Sri Lanka",2011,939604.65
"LK","Sri Lanka",2012,1011832.18
"LK","Sri Lanka",2013,1037353.19
"LK","Sri Lanka",2014,940449.56
"LK","Sri Lanka",2015,1133878.97
"ex-yugoslavia","States Ex-Yugoslavia unspecified",2005,653934.96
"ex-yugoslavia","States Ex-Yugoslavia unspecified",2007,533533.55
"SD","Sudan",2000,9325821.64
"SD","Sudan",2001,14817570.49
"SD","Sudan",2002,10885855.51
"SD","Sudan",2003,13951029.51
"SD","Sudan",2004,13945327.01
"SD","Sudan",2005,19952381.18
"SD","Sudan",2006,18060777.16
"SD","Sudan",2007,17752688.16
"SD","Sudan",2008,16362429.98
"SD","Sudan",2009,13055284.04
"SD","Sudan",2010,21843781.28
"SD","Sudan",2011,4176270.59
"SD","Sudan",2012,8177579.55
"SD","Sudan",2013,12157395.11
"SD","Sudan",2014,16439001.82
"SD","Sudan",2015,15537167.05
"SZ","Swaziland",2000,806062.5
"SZ","Swaziland",2001,899708.49
"SZ","Swaziland",2002,2060983.84
"SZ","Swaziland",2003,1409914.02
"SZ","Swaziland",2004,1742313.75
"SZ","Swaziland",2005,1422834.5
"SZ","Swaziland",2006,1029371.69
"SZ","Swaziland",2007,2264227.38
"SZ","Swaziland",2008,1242524.42
"SZ","Swaziland",2009,894313.3
"SZ","Swaziland",2010,993356.3
"SZ","Swaziland",2011,886213.56
"SZ","Swaziland",2012,696115.7
"SZ","Swaziland",2013,714339.82
"SZ","Swaziland",2014,735339.4
"SZ","Swaziland",2015,1213906.29
"SY","Syria",2000,1309513.5
"SY","Syria",2001,1580147.29
"SY","Syria",2002,1426470.44
"SY","Syria",2003,1630941.83
"SY","Syria",2004,1815461.86
"SY","Syria",2005,1886784.29
"SY","Syria",2006,1660183.73
"SY","Syria",2007,3619095.38
"SY","Syria",2008,693465.25
"SY","Syria",2009,751188.99
"SY","Syria",2010,776860.03
"SY","Syria",2011,844014.03
"SY","Syria",2012,2243264.41
"SY","Syria",2013,18908124.61
"SY","Syria",2014,4361234.53
"SY","Syria",2015,1948847.65
"TJ","Tajikistan",2000,1623802.83
"TJ","Tajikistan",2001,1612194.4
"TJ","Tajikistan",2002,1598659.54
"TJ","Tajikistan",2003,2512713.2
"TJ","Tajikistan",2004,1831325.44
"TJ","Tajikistan",2005,2456379.53
"TJ","Tajikistan",2006,2651345.48
"TJ","Tajikistan",2007,2931674.99
"TJ","Tajikistan",2008,2051233.38
"TJ","Tajikistan",2009,3258798.27
"TJ","Tajikistan",2010,2300285.83
"TJ","Tajikistan",2011,1967315.34
"TJ","Tajikistan",2012,1444789.36
"TJ","Tajikistan",2013,2381890.82
"TJ","Tajikistan",2014,1950048.76
"TJ","Tajikistan",2015,2750621.67
"TZ","Tanzania",2000,15377747.04
"TZ","Tanzania",2001,8457344.11
"TZ","Tanzania",2002,9480457.58
"TZ","Tanzania",2003,11309727.73
"TZ","Tanzania",2004,12238845.93
"TZ","Tanzania",2005,12681155.57
"TZ","Tanzania",2006,13413276.95
"TZ","Tanzania",2007,14498612.09
"TZ","Tanzania",2008,16485602.84
"TZ","Tanzania",2009,20378769
"TZ","Tanzania",2010,19871083.17
"TZ","Tanzania",2011,17866196.87
"TZ","Tanzania",2012,13186673.98
"TZ","Tanzania",2013,17167463.36
"TZ","Tanzania",2014,18286126.34
"TZ","Tanzania",2015,22031420.99
"TH","Thailand",2000,1007600.71
"TH","Thailand",2001,1626320.43
"TH","Thailand",2002,1172561.46
"TH","Thailand",2003,1797505.06
"TH","Thailand",2004,1569902.76
"TH","Thailand",2005,1341417.29
"TH","Thailand",2006,1868005.45
"TH","Thailand",2007,1094189.54
"TH","Thailand",2008,938800.31
"TH","Thailand",2009,897199.71
"TH","Thailand",2010,1050965.2
"TH","Thailand",2011,772171.41
"TH","Thailand",2012,609119.31
"TH","Thailand",2013,626499.86
"TH","Thailand",2014,828304.76
"TH","Thailand",2015,1068833.2
"TL","Timor-Leste",2000,2396722.71
"TL","Timor-Leste",2001,2263116.13
"TL","Timor-Leste",2002,1259342.97
"TL","Timor-Leste",2003,3499193.65
"TL","Timor-Leste",2004,2261160.91
"TL","Timor-Leste",2005,2557080.06
"TL","Timor-Leste",2006,1664839.17
"TL","Timor-Leste",2007,2071880.9
"TL","Timor-Leste",2008,1032636.24
"TL","Timor-Leste",2009,1059047.72
"TL","Timor-Leste",2010,1165120.85
"TL","Timor-Leste",2011,929410.42
"TL","Timor-Leste",2012,760260.95
"TL","Timor-Leste",2013,1349635.49
"TL","Timor-Leste",2014,1107014.26
"TL","Timor-Leste",2015,1445380.71
"TG","Togo",2000,1557705.2
"TG","Togo",2001,2272814.6
"TG","Togo",2002,2146247.67
"TG","Togo",2003,3050221.18
"TG","Togo",2004,2766240.51
"TG","Togo",2005,2782812.46
"TG","Togo",2006,2335087.35
"TG","Togo",2007,3889605.84
"TG","Togo",2008,3905855.09
"TG","Togo",2009,4229031.83
"TG","Togo",2010,3328795.87
"TG","Togo",2011,4092209
"TG","Togo",2012,3538019.39
"TG","Togo",2013,3399672.22
"TG","Togo",2014,3285749.38
"TG","Togo",2015,4641666.7
"TN","Tunisia",2000,973110.33
"TN","Tunisia",2001,1170843.88
"TN","Tunisia",2002,929360.3
"TN","Tunisia",2003,1499346.08
"TN","Tunisia",2004,1496130.45
"TN","Tunisia",2005,1346252.74
"TN","Tunisia",2006,1024279.8
"TN","Tunisia",2007,710480.74
"TN","Tunisia",2008,630436.32
"TN","Tunisia",2009,850874.68
"TN","Tunisia",2010,719984.29
"TN","Tunisia",2011,1200503.56
"TN","Tunisia",2012,635728.87
"TN","Tunisia",2013,931835.87
"TN","Tunisia",2014,886392.08
"TN","Tunisia",2015,1015808.99
"TR","Turkey",2000,1405424.52
"TR","Turkey",2001,1274856.43
"TR","Turkey",2002,1078517.08
"TR","Turkey",2003,1867807.73
"TR","Turkey",2004,2554952.47
"TR","Turkey",2005,3027743.16
"TR","Turkey",2006,2076086.97
"TR","Turkey",2007,1178634.81
"TR","Turkey",2008,1446642.6
"TR","Turkey",2009,1197016.37
"TR","Turkey",2010,912859.88
"TR","Turkey",2011,1042084.03
"TR","Turkey",2012,791739.8
"TR","Turkey",2013,798159.36
"TR","Turkey",2014,843200.46
"TR","Turkey",2015,1189240.13
"TM","Turkmenistan",2000,1056083.06
"TM","Turkmenistan",2001,1350898.03
"TM","Turkmenistan",2002,1225623.16
"TM","Turkmenistan",2003,1600697
"TM","Turkmenistan",2004,1887652.85
"TM","Turkmenistan",2005,1570098.77
"TM","Turkmenistan",2006,1145321.23
"TM","Turkmenistan",2007,1521153.39
"TM","Turkmenistan",2008,819752.81
"TM","Turkmenistan",2009,806515.07
"TM","Turkmenistan",2010,809128.15
"TM","Turkmenistan",2011,1068886.66
"TM","Turkmenistan",2012,819290.57
"TM","Turkmenistan",2013,717978.03
"TM","Turkmenistan",2014,817613.84
"TM","Turkmenistan",2015,1150740.1
"TV","Tuvalu",2015,0
"UG","Uganda",2000,8636311.34
"UG","Uganda",2001,7792507.19
"UG","Uganda",2002,6805387.25
"UG","Uganda",2003,7302516.46
"UG","Uganda",2004,9385687.56
"UG","Uganda",2005,10157541.03
"UG","Uganda",2006,12124769.79
"UG","Uganda",2007,17861534.95
"UG","Uganda",2008,20653478.2
"UG","Uganda",2009,21046081.11
"UG","Uganda",2010,18963853.53
"UG","Uganda",2011,20612068.56
"UG","Uganda",2012,22480848.4
"UG","Uganda",2013,18973463.57
"UG","Uganda",2014,20395797.03
"UG","Uganda",2015,20443327.53
"UA","Ukraine",2005,2017706.89
"UA","Ukraine",2006,1397920.38
"UA","Ukraine",2007,1172585.09
"UA","Ukraine",2008,1054034.84
"UA","Ukraine",2009,800818.2
"UA","Ukraine",2010,1042026.37
"UA","Ukraine",2011,949996.21
"UA","Ukraine",2012,962880.9
"UA","Ukraine",2013,727579.76
"UA","Ukraine",2014,1001552.08
"UA","Ukraine",2015,1884387
"UY","Uruguay",2000,829125.96
"UY","Uruguay",2001,1211605.56
"UY","Uruguay",2002,826817.48
"UY","Uruguay",2003,1000512.33
"UY","Uruguay",2004,882613.24
"UY","Uruguay",2005,948528.35
"UY","Uruguay",2006,523768.11
"UY","Uruguay",2007,504471.72
"UY","Uruguay",2008,489650.27
"UY","Uruguay",2009,712013.53
"UY","Uruguay",2010,751979.83
"UY","Uruguay",2011,749622.06
"UY","Uruguay",2012,809193.25
"UY","Uruguay",2013,674931.93
"UY","Uruguay",2014,889543.65
"UY","Uruguay",2015,868072.04
"UZ","Uzbekistan",2000,2023073.4
"UZ","Uzbekistan",2001,2241891.95
"UZ","Uzbekistan",2002,2503929.62
"UZ","Uzbekistan",2003,2509961.5
"UZ","Uzbekistan",2004,2705517.38
"UZ","Uzbekistan",2005,3103166.54
"UZ","Uzbekistan",2006,2631289.68
"UZ","Uzbekistan",2007,2680153.14
"UZ","Uzbekistan",2008,2733866.11
"UZ","Uzbekistan",2009,3289314.49
"UZ","Uzbekistan",2010,3536456.71
"UZ","Uzbekistan",2011,3601209.9
"UZ","Uzbekistan",2012,2898891.58
"UZ","Uzbekistan",2013,2866414.6
"UZ","Uzbekistan",2014,3480595.64
"UZ","Uzbekistan",2015,4861316.86
"VU","Vanuatu",2015,325013.92
"VE","Venezuela",2000,1247988.58
"VE","Venezuela",2001,1068236.92
"VE","Venezuela",2002,919093.27
"VE","Venezuela",2003,1199050.2
"VE","Venezuela",2004,1303195.14
"VE","Venezuela",2005,1398142.91
"VE","Venezuela",2006,880886.03
"VE","Venezuela",2007,1050124.01
"VE","Venezuela",2008,903665.82
"VE","Venezuela",2009,1332364.45
"VE","Venezuela",2010,1124139.49
"VE","Venezuela",2011,1261699.49
"VE","Venezuela",2012,1057213.42
"VE","Venezuela",2013,664451.76
"VE","Venezuela",2014,1609961.32
"VE","Venezuela",2015,1905055.34
"VN","Viet Nam",2000,7165641.17
"VN","Viet Nam",2001,6253964.92
"VN","Viet Nam",2002,5443997.86
"VN","Viet Nam",2003,5890229.17
"VN","Viet Nam",2004,5572394.03
"VN","Viet Nam",2005,6232418.97
"VN","Viet Nam",2006,4112446.82
"VN","Viet Nam",2007,4149309.78
"VN","Viet Nam",2008,3779062.19
"VN","Viet Nam",2009,3502434.32
"VN","Viet Nam",2010,3480727.7
"VN","Viet Nam",2011,3826149.47
"VN","Viet Nam",2012,2478133.58
"VN","Viet Nam",2013,3399508.56
"VN","Viet Nam",2014,4258172.13
"VN","Viet Nam",2015,4144911.43
"west-indies","West Indies, regional",2001,2483650.83
"west-indies","West Indies, regional",2002,2842912.55
"west-indies","West Indies, regional",2003,2861587.04
"west-indies","West Indies, regional",2005,3346811.33
"west-indies","West Indies, regional",2006,1911951.55
"west-indies","West Indies, regional",2007,3281208.17
"west-indies","West Indies, regional",2008,2764103.46
"west-indies","West Indies, regional",2009,3204013.39
"west-indies","West Indies, regional",2010,3838346.49
"west-indies","West Indies, regional",2011,3482768.66
"YE","Yemen",2000,4128288.97
"YE","Yemen",2001,5351023.61
"YE","Yemen",2002,4019060.01
"YE","Yemen",2003,5498464.61
"YE","Yemen",2004,5002072.92
"YE","Yemen",2005,5804464.02
"YE","Yemen",2006,5387642.34
"YE","Yemen",2007,5518525.37
"YE","Yemen",2008,9472899.22
"YE","Yemen",2009,8903758.1
"YE","Yemen",2010,6759434.19
"YE","Yemen",2011,6564110.43
"YE","Yemen",2012,5761572.94
"YE","Yemen",2013,6242963.1
"YE","Yemen",2014,7945455.96
"YE","Yemen",2015,10418630.98
"ZM","Zambia",2000,5998370.26
"ZM","Zambia",2001,4769115.6
"ZM","Zambia",2002,5071396.84
"ZM","Zambia",2003,4813971.66
"ZM","Zambia",2004,5262588.86
"ZM","Zambia",2005,5756653.69
"ZM","Zambia",2006,6013580.72
"ZM","Zambia",2007,9656536.55
"ZM","Zambia",2008,8172086.82
"ZM","Zambia",2009,8501768.12
"ZM","Zambia",2010,8499619.45
"ZM","Zambia",2011,7543928
"ZM","Zambia",2012,7450598.3
"ZM","Zambia",2013,7445472.51
"ZM","Zambia",2014,8009137.69
"ZM","Zambia",2015,8750952.75
"ZW","Zimbabwe",2000,2376398.22
"ZW","Zimbabwe",2001,4714298.18
"ZW","Zimbabwe",2002,2474000.61
"ZW","Zimbabwe",2003,2709006.74
"ZW","Zimbabwe",2004,2944031.72
"ZW","Zimbabwe",2005,2244703.94
"ZW","Zimbabwe",2006,2607274.68
"ZW","Zimbabwe",2007,4491027.52
"ZW","Zimbabwe",2008,4189751.73
"ZW","Zimbabwe",2009,6280825.23
"ZW","Zimbabwe",2010,5409540.03
"ZW","Zimbabwe",2011,5432191.84
"ZW","Zimbabwe",2012,4311572.84
"ZW","Zimbabwe",2013,4730462.3
"ZW","Zimbabwe",2014,5241036.4
"ZW","Zimbabwe",2015,8395495.93
