"district_id","district_name","year","value"
"d314","Abim",2010,
"d314","Abim",2011,
"d314","Abim",2012,36
"d314","Abim",2013,65
"d314","Abim",2014,58
"d314","Abim",2015,70
"d314","Abim",2016,62
"d301","Adjumani",2010,
"d301","Adjumani",2011,
"d301","Adjumani",2012,32
"d301","Adjumani",2013,51
"d301","Adjumani",2014,84
"d301","Adjumani",2015,141
"d301","Adjumani",2016,63
"d322","Agago",2010,
"d322","Agago",2011,
"d322","Agago",2012,70
"d322","Agago",2013,123
"d322","Agago",2014,76
"d322","Agago",2015,80
"d322","Agago",2016,61
"d323","Alebtong",2010,
"d323","Alebtong",2011,
"d323","Alebtong",2012,35
"d323","Alebtong",2013,53
"d323","Alebtong",2014,75
"d323","Alebtong",2015,75
"d323","Alebtong",2016,40
"d315","Amolatar",2010,
"d315","Amolatar",2011,
"d315","Amolatar",2012,13
"d315","Amolatar",2013,31
"d315","Amolatar",2014,28
"d315","Amolatar",2015,29
"d315","Amolatar",2016,22
"d324","Amudat",2010,
"d324","Amudat",2011,
"d324","Amudat",2012,183
"d324","Amudat",2013,183
"d324","Amudat",2014,176
"d324","Amudat",2015,55
"d324","Amudat",2016,
"d216","Amuria",2010,
"d216","Amuria",2011,
"d216","Amuria",2012,25
"d216","Amuria",2013,59
"d216","Amuria",2014,61
"d216","Amuria",2015,37
"d216","Amuria",2016,42
"d316","Amuru",2010,
"d316","Amuru",2011,
"d316","Amuru",2012,34
"d316","Amuru",2013,46
"d316","Amuru",2014,53
"d316","Amuru",2015,60
"d316","Amuru",2016,48
"d302","Apac",2010,
"d302","Apac",2011,
"d302","Apac",2012,24
"d302","Apac",2013,102
"d302","Apac",2014,63
"d302","Apac",2015,43
"d302","Apac",2016,20
"d303","Arua",2010,
"d303","Arua",2011,
"d303","Arua",2012,20
"d303","Arua",2013,43
"d303","Arua",2014,51
"d303","Arua",2015,40
"d303","Arua",2016,39
"d217","Budaka",2010,
"d217","Budaka",2011,
"d217","Budaka",2012,32
"d217","Budaka",2013,41
"d217","Budaka",2014,44
"d217","Budaka",2015,42
"d217","Budaka",2016,21
"d218","Bududa",2010,
"d218","Bududa",2011,
"d218","Bududa",2012,33
"d218","Bududa",2013,44
"d218","Bududa",2014,36
"d218","Bududa",2015,53
"d218","Bududa",2016,40
"d201","Bugiri",2010,
"d201","Bugiri",2011,
"d201","Bugiri",2012,32
"d201","Bugiri",2013,57
"d201","Bugiri",2014,52
"d201","Bugiri",2015,37
"d201","Bugiri",2016,29
"d420","Buhweju",2010,
"d420","Buhweju",2011,
"d420","Buhweju",2012,23
"d420","Buhweju",2013,32
"d420","Buhweju",2014,20
"d420","Buhweju",2015,26
"d420","Buhweju",2016,24
"d117","Buikwe",2010,
"d117","Buikwe",2011,
"d117","Buikwe",2012,24
"d117","Buikwe",2013,43
"d117","Buikwe",2014,57
"d117","Buikwe",2015,32
"d117","Buikwe",2016,30
"d219","Bukedea",2010,
"d219","Bukedea",2011,
"d219","Bukedea",2012,24
"d219","Bukedea",2013,70
"d219","Bukedea",2014,51
"d219","Bukedea",2015,32
"d219","Bukedea",2016,42
"d118","Bukomansimbi",2010,
"d118","Bukomansimbi",2011,
"d118","Bukomansimbi",2012,24
"d118","Bukomansimbi",2013,37
"d118","Bukomansimbi",2014,40
"d118","Bukomansimbi",2015,34
"d118","Bukomansimbi",2016,36
"d220","Bukwo",2010,
"d220","Bukwo",2011,
"d220","Bukwo",2012,19
"d220","Bukwo",2013,64
"d220","Bukwo",2014,57
"d220","Bukwo",2015,42
"d220","Bukwo",2016,28
"d225","Bulambuli",2010,
"d225","Bulambuli",2011,
"d225","Bulambuli",2012,26
"d225","Bulambuli",2013,45
"d225","Bulambuli",2014,34
"d225","Bulambuli",2015,31
"d225","Bulambuli",2016,37
"d416","Buliisa",2010,
"d416","Buliisa",2011,
"d416","Buliisa",2012,
"d416","Buliisa",2013,
"d416","Buliisa",2014,72
"d416","Buliisa",2015,31
"d416","Buliisa",2016,27
"d401","Bundibugyo",2010,
"d401","Bundibugyo",2011,
"d401","Bundibugyo",2012,26
"d401","Bundibugyo",2013,35
"d401","Bundibugyo",2014,38
"d401","Bundibugyo",2015,32
"d401","Bundibugyo",2016,33
"d402","Bushenyi",2010,
"d402","Bushenyi",2011,
"d402","Bushenyi",2012,20
"d402","Bushenyi",2013,35
"d402","Bushenyi",2014,25
"d402","Bushenyi",2015,21
"d402","Bushenyi",2016,20
"d202","Busia",2010,
"d202","Busia",2011,
"d202","Busia",2012,31
"d202","Busia",2013,35
"d202","Busia",2014,48
"d202","Busia",2015,40
"d202","Busia",2016,31
"d221","Butaleja",2010,
"d221","Butaleja",2011,
"d221","Butaleja",2012,24
"d221","Butaleja",2013,62
"d221","Butaleja",2014,46
"d221","Butaleja",2015,64
"d221","Butaleja",2016,42
"d119","Butambala",2010,
"d119","Butambala",2011,
"d119","Butambala",2012,27
"d119","Butambala",2013,57
"d119","Butambala",2014,56
"d119","Butambala",2015,39
"d119","Butambala",2016,41
"d120","Buvuma",2010,
"d120","Buvuma",2011,
"d120","Buvuma",2012,31
"d120","Buvuma",2013,315
"d120","Buvuma",2014,124
"d120","Buvuma",2015,72
"d120","Buvuma",2016,30
"d226","Buyende",2010,
"d226","Buyende",2011,
"d226","Buyende",2012,29
"d226","Buyende",2013,42
"d226","Buyende",2014,71
"d226","Buyende",2015,47
"d226","Buyende",2016,47
"d317","Dokolo",2010,
"d317","Dokolo",2011,
"d317","Dokolo",2012,19
"d317","Dokolo",2013,49
"d317","Dokolo",2014,42
"d317","Dokolo",2015,32
"d317","Dokolo",2016,32
"d121","Gomba",2010,
"d121","Gomba",2011,
"d121","Gomba",2012,26
"d121","Gomba",2013,44
"d121","Gomba",2014,43
"d121","Gomba",2015,45
"d121","Gomba",2016,31
"d304","Gulu",2010,
"d304","Gulu",2011,
"d304","Gulu",2012,16
"d304","Gulu",2013,33
"d304","Gulu",2014,28
"d304","Gulu",2015,26
"d304","Gulu",2016,28
"d403","Hoima",2010,
"d403","Hoima",2011,
"d403","Hoima",2012,26
"d403","Hoima",2013,56
"d403","Hoima",2014,34
"d403","Hoima",2015,31
"d403","Hoima",2016,30
"d417","Ibanda",2010,
"d417","Ibanda",2011,
"d417","Ibanda",2012,22
"d417","Ibanda",2013,32
"d417","Ibanda",2014,31
"d417","Ibanda",2015,28
"d417","Ibanda",2016,23
"d203","Iganga",2010,
"d203","Iganga",2011,
"d203","Iganga",2012,22
"d203","Iganga",2013,44
"d203","Iganga",2014,45
"d203","Iganga",2015,34
"d203","Iganga",2016,34
"d418","Isingiro",2010,
"d418","Isingiro",2011,
"d418","Isingiro",2012,28
"d418","Isingiro",2013,40
"d418","Isingiro",2014,43
"d418","Isingiro",2015,27
"d418","Isingiro",2016,28
"d204","Jinja",2010,
"d204","Jinja",2011,
"d204","Jinja",2012,20
"d204","Jinja",2013,31
"d204","Jinja",2014,37
"d204","Jinja",2015,37
"d204","Jinja",2016,27
"d318","Kaabong",2010,
"d318","Kaabong",2011,
"d318","Kaabong",2012,36
"d318","Kaabong",2013,72
"d318","Kaabong",2014,41
"d318","Kaabong",2015,68
"d318","Kaabong",2016,76
"d404","Kabale",2010,
"d404","Kabale",2011,
"d404","Kabale",2012,16
"d404","Kabale",2013,29
"d404","Kabale",2014,27
"d404","Kabale",2015,28
"d404","Kabale",2016,25
"d405","Kabarole",2010,
"d405","Kabarole",2011,
"d405","Kabarole",2012,18
"d405","Kabarole",2013,43
"d405","Kabarole",2014,39
"d405","Kabarole",2015,44
"d405","Kabarole",2016,29
"d213","Kaberamaido",2010,
"d213","Kaberamaido",2011,
"d213","Kaberamaido",2012,29
"d213","Kaberamaido",2013,56
"d213","Kaberamaido",2014,38
"d213","Kaberamaido",2015,53
"d213","Kaberamaido",2016,38
"d101","Kalangala",2010,
"d101","Kalangala",2011,
"d101","Kalangala",2012,7
"d101","Kalangala",2013,28
"d101","Kalangala",2014,23
"d101","Kalangala",2015,14
"d101","Kalangala",2016,15
"d222","Kaliro",2010,
"d222","Kaliro",2011,
"d222","Kaliro",2012,23
"d222","Kaliro",2013,59
"d222","Kaliro",2014,57
"d222","Kaliro",2015,61
"d222","Kaliro",2016,42
"d122","Kalungu",2010,
"d122","Kalungu",2011,
"d122","Kalungu",2012,24
"d122","Kalungu",2013,48
"d122","Kalungu",2014,47
"d122","Kalungu",2015,44
"d122","Kalungu",2016,35
"d102","Kampala",2010,
"d102","Kampala",2011,
"d102","Kampala",2012,23
"d102","Kampala",2013,39
"d102","Kampala",2014,36
"d102","Kampala",2015,28
"d102","Kampala",2016,27
"d205","Kamuli",2010,
"d205","Kamuli",2011,
"d205","Kamuli",2012,28
"d205","Kamuli",2013,53
"d205","Kamuli",2014,56
"d205","Kamuli",2015,36
"d205","Kamuli",2016,35
"d413","Kamwenge",2010,
"d413","Kamwenge",2011,
"d413","Kamwenge",2012,25
"d413","Kamwenge",2013,45
"d413","Kamwenge",2014,37
"d413","Kamwenge",2015,32
"d413","Kamwenge",2016,28
"d414","Kanungu",2010,
"d414","Kanungu",2011,
"d414","Kanungu",2012,17
"d414","Kanungu",2013,31
"d414","Kanungu",2014,26
"d414","Kanungu",2015,29
"d414","Kanungu",2016,22
"d206","Kapchorwa",2010,
"d206","Kapchorwa",2011,
"d206","Kapchorwa",2012,19
"d206","Kapchorwa",2013,31
"d206","Kapchorwa",2014,26
"d206","Kapchorwa",2015,33
"d206","Kapchorwa",2016,26
"d406","Kasese",2010,
"d406","Kasese",2011,
"d406","Kasese",2012,28
"d406","Kasese",2013,40
"d406","Kasese",2014,37
"d406","Kasese",2015,32
"d406","Kasese",2016,29
"d207","Katakwi",2010,
"d207","Katakwi",2011,
"d207","Katakwi",2012,23
"d207","Katakwi",2013,34
"d207","Katakwi",2014,48
"d207","Katakwi",2015,43
"d207","Katakwi",2016,37
"d112","Kayunga",2010,
"d112","Kayunga",2011,
"d112","Kayunga",2012,27
"d112","Kayunga",2013,57
"d112","Kayunga",2014,42
"d112","Kayunga",2015,47
"d112","Kayunga",2016,36
"d407","Kibaale",2010,
"d407","Kibaale",2011,
"d407","Kibaale",2012,23
"d407","Kibaale",2013,39
"d407","Kibaale",2014,37
"d407","Kibaale",2015,31
"d407","Kibaale",2016,31
"d103","Kiboga",2010,
"d103","Kiboga",2011,
"d103","Kiboga",2012,23
"d103","Kiboga",2013,61
"d103","Kiboga",2014,42
"d103","Kiboga",2015,42
"d103","Kiboga",2016,29
"d227","Kibuku",2010,
"d227","Kibuku",2011,
"d227","Kibuku",2012,24
"d227","Kibuku",2013,41
"d227","Kibuku",2014,39
"d227","Kibuku",2015,29
"d227","Kibuku",2016,30
"d419","Kiruhura",2010,
"d419","Kiruhura",2011,
"d419","Kiruhura",2012,25
"d419","Kiruhura",2013,35
"d419","Kiruhura",2014,34
"d419","Kiruhura",2015,29
"d419","Kiruhura",2016,27
"d421","Kiryandongo",2010,
"d421","Kiryandongo",2011,
"d421","Kiryandongo",2012,23
"d421","Kiryandongo",2013,49
"d421","Kiryandongo",2014,44
"d421","Kiryandongo",2015,51
"d421","Kiryandongo",2016,29
"d408","Kisoro",2010,
"d408","Kisoro",2011,
"d408","Kisoro",2012,20
"d408","Kisoro",2013,29
"d408","Kisoro",2014,34
"d408","Kisoro",2015,28
"d408","Kisoro",2016,25
"d305","Kitgum",2010,
"d305","Kitgum",2011,
"d305","Kitgum",2012,26
"d305","Kitgum",2013,58
"d305","Kitgum",2014,42
"d305","Kitgum",2015,49
"d305","Kitgum",2016,24
"d319","Koboko",2010,
"d319","Koboko",2011,
"d319","Koboko",2012,19
"d319","Koboko",2013,61
"d319","Koboko",2014,31
"d319","Koboko",2015,45
"d319","Koboko",2016,38
"d325","Kole",2010,
"d325","Kole",2011,
"d325","Kole",2012,14
"d325","Kole",2013,28
"d325","Kole",2014,48
"d325","Kole",2015,39
"d325","Kole",2016,31
"d306","Kotido",2010,
"d306","Kotido",2011,
"d306","Kotido",2012,17
"d306","Kotido",2013,51
"d306","Kotido",2014,52
"d306","Kotido",2015,172
"d306","Kotido",2016,78
"d208","Kumi",2010,
"d208","Kumi",2011,
"d208","Kumi",2012,13
"d208","Kumi",2013,21
"d208","Kumi",2014,22
"d208","Kumi",2015,24
"d208","Kumi",2016,26
"d228","Kween",2010,
"d228","Kween",2011,
"d228","Kween",2012,21
"d228","Kween",2013,32
"d228","Kween",2014,33
"d228","Kween",2015,61
"d228","Kween",2016,27
"d123","Kyankwanzi",2010,
"d123","Kyankwanzi",2011,
"d123","Kyankwanzi",2012,32
"d123","Kyankwanzi",2013,66
"d123","Kyankwanzi",2014,54
"d123","Kyankwanzi",2015,42
"d123","Kyankwanzi",2016,38
"d422","Kyegegwa",2010,
"d422","Kyegegwa",2011,
"d422","Kyegegwa",2012,27
"d422","Kyegegwa",2013,37
"d422","Kyegegwa",2014,36
"d422","Kyegegwa",2015,36
"d422","Kyegegwa",2016,29
"d415","Kyenjojo",2010,
"d415","Kyenjojo",2011,
"d415","Kyenjojo",2012,29
"d415","Kyenjojo",2013,45
"d415","Kyenjojo",2014,40
"d415","Kyenjojo",2015,37
"d415","Kyenjojo",2016,31
"d326","Lamwo",2010,
"d326","Lamwo",2011,
"d326","Lamwo",2012,55
"d326","Lamwo",2013,20
"d326","Lamwo",2014,31
"d326","Lamwo",2015,33
"d326","Lamwo",2016,26
"d307","Lira",2010,
"d307","Lira",2011,
"d307","Lira",2012,17
"d307","Lira",2013,34
"d307","Lira",2014,41
"d307","Lira",2015,29
"d307","Lira",2016,23
"d229","Luuka",2010,
"d229","Luuka",2011,
"d229","Luuka",2012,28
"d229","Luuka",2013,51
"d229","Luuka",2014,71
"d229","Luuka",2015,42
"d229","Luuka",2016,35
"d104","Luwero",2010,
"d104","Luwero",2011,
"d104","Luwero",2012,23
"d104","Luwero",2013,40
"d104","Luwero",2014,47
"d104","Luwero",2015,33
"d104","Luwero",2016,26
"d124","Lwengo",2010,
"d124","Lwengo",2011,
"d124","Lwengo",2012,22
"d124","Lwengo",2013,37
"d124","Lwengo",2014,60
"d124","Lwengo",2015,35
"d124","Lwengo",2016,37
"d114","Lyantonde",2010,
"d114","Lyantonde",2011,
"d114","Lyantonde",2012,19
"d114","Lyantonde",2013,42
"d114","Lyantonde",2014,28
"d114","Lyantonde",2015,28
"d114","Lyantonde",2016,24
"d223","Manafwa",2010,
"d223","Manafwa",2011,
"d223","Manafwa",2012,39
"d223","Manafwa",2013,64
"d223","Manafwa",2014,35
"d223","Manafwa",2015,46
"d223","Manafwa",2016,40
"d320","Maracha",2010,
"d320","Maracha",2011,
"d320","Maracha",2012,44
"d320","Maracha",2013,60
"d320","Maracha",2014,85
"d320","Maracha",2015,65
"d320","Maracha",2016,44
"d105","Masaka",2010,
"d105","Masaka",2011,
"d105","Masaka",2012,20
"d105","Masaka",2013,36
"d105","Masaka",2014,40
"d105","Masaka",2015,31
"d105","Masaka",2016,26
"d409","Masindi",2010,
"d409","Masindi",2011,
"d409","Masindi",2012,31
"d409","Masindi",2013,47
"d409","Masindi",2014,32
"d409","Masindi",2015,34
"d409","Masindi",2016,34
"d214","Mayuge",2010,
"d214","Mayuge",2011,
"d214","Mayuge",2012,27
"d214","Mayuge",2013,55
"d214","Mayuge",2014,62
"d214","Mayuge",2015,38
"d214","Mayuge",2016,33
"d209","Mbale",2010,
"d209","Mbale",2011,
"d209","Mbale",2012,23
"d209","Mbale",2013,49
"d209","Mbale",2014,41
"d209","Mbale",2015,56
"d209","Mbale",2016,32
"d410","Mbarara",2010,
"d410","Mbarara",2011,
"d410","Mbarara",2012,18
"d410","Mbarara",2013,34
"d410","Mbarara",2014,33
"d410","Mbarara",2015,24
"d410","Mbarara",2016,23
"d423","Mitooma",2010,
"d423","Mitooma",2011,
"d423","Mitooma",2012,20
"d423","Mitooma",2013,29
"d423","Mitooma",2014,25
"d423","Mitooma",2015,22
"d423","Mitooma",2016,21
"d115","Mityana",2010,
"d115","Mityana",2011,
"d115","Mityana",2012,20
"d115","Mityana",2013,38
"d115","Mityana",2014,50
"d115","Mityana",2015,27
"d115","Mityana",2016,26
"d308","Moroto",2010,
"d308","Moroto",2011,
"d308","Moroto",2012,27
"d308","Moroto",2013,28
"d308","Moroto",2014,30
"d308","Moroto",2015,22
"d308","Moroto",2016,31
"d309","Moyo",2010,
"d309","Moyo",2011,
"d309","Moyo",2012,20
"d309","Moyo",2013,34
"d309","Moyo",2014,31
"d309","Moyo",2015,20
"d309","Moyo",2016,27
"d106","Mpigi",2010,
"d106","Mpigi",2011,
"d106","Mpigi",2012,21
"d106","Mpigi",2013,34
"d106","Mpigi",2014,36
"d106","Mpigi",2015,25
"d106","Mpigi",2016,28
"d107","Mubende",2010,
"d107","Mubende",2011,
"d107","Mubende",2012,32
"d107","Mubende",2013,48
"d107","Mubende",2014,48
"d107","Mubende",2015,37
"d107","Mubende",2016,31
"d108","Mukono",2010,
"d108","Mukono",2011,
"d108","Mukono",2012,18
"d108","Mukono",2013,39
"d108","Mukono",2014,47
"d108","Mukono",2015,26
"d108","Mukono",2016,25
"d311","Nakapiripirit",2010,
"d311","Nakapiripirit",2011,
"d311","Nakapiripirit",2012,
"d311","Nakapiripirit",2013,
"d311","Nakapiripirit",2014,68
"d311","Nakapiripirit",2015,
"d311","Nakapiripirit",2016,
"d116","Nakaseke",2010,
"d116","Nakaseke",2011,
"d116","Nakaseke",2012,20
"d116","Nakaseke",2013,38
"d116","Nakaseke",2014,66
"d116","Nakaseke",2015,36
"d116","Nakaseke",2016,33
"d109","Nakasongola",2010,
"d109","Nakasongola",2011,
"d109","Nakasongola",2012,23
"d109","Nakasongola",2013,35
"d109","Nakasongola",2014,49
"d109","Nakasongola",2015,38
"d109","Nakasongola",2016,30
"d230","Namayingo",2010,
"d230","Namayingo",2011,
"d230","Namayingo",2012,26
"d230","Namayingo",2013,49
"d230","Namayingo",2014,43
"d230","Namayingo",2015,34
"d230","Namayingo",2016,37
"d224","Namutumba",2010,
"d224","Namutumba",2011,
"d224","Namutumba",2012,34
"d224","Namutumba",2013,46
"d224","Namutumba",2014,59
"d224","Namutumba",2015,45
"d224","Namutumba",2016,35
"d327","Napak",2010,
"d327","Napak",2011,
"d327","Napak",2012,66
"d327","Napak",2013,162
"d327","Napak",2014,131
"d327","Napak",2015,203
"d327","Napak",2016,110
"d310","Nebbi",2010,
"d310","Nebbi",2011,
"d310","Nebbi",2012,26
"d310","Nebbi",2013,42
"d310","Nebbi",2014,44
"d310","Nebbi",2015,32
"d310","Nebbi",2016,35
"d231","Ngora",2010,
"d231","Ngora",2011,
"d231","Ngora",2012,27
"d231","Ngora",2013,40
"d231","Ngora",2014,39
"d231","Ngora",2015,32
"d231","Ngora",2016,33
"d424","Ntoroko",2010,
"d424","Ntoroko",2011,
"d424","Ntoroko",2012,29
"d424","Ntoroko",2013,58
"d424","Ntoroko",2014,52
"d424","Ntoroko",2015,28
"d424","Ntoroko",2016,22
"d411","Ntungamo",2010,
"d411","Ntungamo",2011,
"d411","Ntungamo",2012,17
"d411","Ntungamo",2013,34
"d411","Ntungamo",2014,31
"d411","Ntungamo",2015,29
"d411","Ntungamo",2016,25
"d328","Nwoya",2010,
"d328","Nwoya",2011,
"d328","Nwoya",2012,101
"d328","Nwoya",2013,53
"d328","Nwoya",2014,44
"d328","Nwoya",2015,28
"d328","Nwoya",2016,93
"d329","Otuke",2010,
"d329","Otuke",2011,
"d329","Otuke",2012,36
"d329","Otuke",2013,66
"d329","Otuke",2014,63
"d329","Otuke",2015,32
"d329","Otuke",2016,25
"d321","Oyam",2010,
"d321","Oyam",2011,
"d321","Oyam",2012,17
"d321","Oyam",2013,30
"d321","Oyam",2014,29
"d321","Oyam",2015,24
"d321","Oyam",2016,17
"d312","Pader",2010,
"d312","Pader",2011,
"d312","Pader",2012,30
"d312","Pader",2013,66
"d312","Pader",2014,48
"d312","Pader",2015,44
"d312","Pader",2016,89
"d210","Pallisa",2010,
"d210","Pallisa",2011,
"d210","Pallisa",2012,30
"d210","Pallisa",2013,52
"d210","Pallisa",2014,43
"d210","Pallisa",2015,40
"d210","Pallisa",2016,34
"d110","Rakai",2010,
"d110","Rakai",2011,
"d110","Rakai",2012,24
"d110","Rakai",2013,39
"d110","Rakai",2014,34
"d110","Rakai",2015,30
"d110","Rakai",2016,30
"d425","Rubirizi",2010,
"d425","Rubirizi",2011,
"d425","Rubirizi",2012,27
"d425","Rubirizi",2013,51
"d425","Rubirizi",2014,37
"d425","Rubirizi",2015,28
"d425","Rubirizi",2016,28
"d412","Rukungiri",2010,
"d412","Rukungiri",2011,
"d412","Rukungiri",2012,17
"d412","Rukungiri",2013,31
"d412","Rukungiri",2014,31
"d412","Rukungiri",2015,22
"d412","Rukungiri",2016,21
"d111","Sembabule",2010,
"d111","Sembabule",2011,
"d111","Sembabule",2012,32
"d111","Sembabule",2013,58
"d111","Sembabule",2014,65
"d111","Sembabule",2015,35
"d111","Sembabule",2016,37
"d232","Serere",2010,
"d232","Serere",2011,
"d232","Serere",2012,32
"d232","Serere",2013,41
"d232","Serere",2014,43
"d232","Serere",2015,37
"d232","Serere",2016,34
"d426","Sheema",2010,
"d426","Sheema",2011,
"d426","Sheema",2012,18
"d426","Sheema",2013,34
"d426","Sheema",2014,28
"d426","Sheema",2015,25
"d426","Sheema",2016,23
"d215","Sironko",2010,
"d215","Sironko",2011,
"d215","Sironko",2012,38
"d215","Sironko",2013,44
"d215","Sironko",2014,45
"d215","Sironko",2015,47
"d215","Sironko",2016,31
"d211","Soroti",2010,
"d211","Soroti",2011,
"d211","Soroti",2012,20
"d211","Soroti",2013,44
"d211","Soroti",2014,43
"d211","Soroti",2015,37
"d211","Soroti",2016,27
"d212","Tororo",2010,
"d212","Tororo",2011,
"d212","Tororo",2012,23
"d212","Tororo",2013,43
"d212","Tororo",2014,48
"d212","Tororo",2015,36
"d212","Tororo",2016,28
"d113","Wakiso",2010,
"d113","Wakiso",2011,
"d113","Wakiso",2012,20
"d113","Wakiso",2013,35
"d113","Wakiso",2014,32
"d113","Wakiso",2015,28
"d113","Wakiso",2016,26
"d313","Yumbe",2010,
"d313","Yumbe",2011,
"d313","Yumbe",2012,37
"d313","Yumbe",2013,105
"d313","Yumbe",2014,95
"d313","Yumbe",2015,40
"d313","Yumbe",2016,27
"d330","Zombo",2010,
"d330","Zombo",2011,
"d330","Zombo",2012,36
"d330","Zombo",2013,67
"d330","Zombo",2014,59
"d330","Zombo",2015,48
"d330","Zombo",2016,37
