"id","entity-name","year","value"
"AF","Afghanistan",2005,48.65
"AF","Afghanistan",2006,48.67
"AF","Afghanistan",2007,48.68
"AF","Afghanistan",2008,48.74
"AF","Afghanistan",2009,48.91
"AF","Afghanistan",2010,49.23
"AF","Afghanistan",2011,49.71
"AF","Afghanistan",2012,50.31
"AL","Albania",2005,64.93
"AL","Albania",2006,65.36
"AL","Albania",2007,65.77
"AL","Albania",2008,66.18
"AL","Albania",2009,66.6
"AL","Albania",2010,67.07
"AL","Albania",2011,67.58
"AL","Albania",2012,68.1
"DZ","Algeria",2005,66.72
"DZ","Algeria",2006,67.29
"DZ","Algeria",2007,67.71
"DZ","Algeria",2008,67.98
"DZ","Algeria",2009,68.12
"DZ","Algeria",2010,68.15
"DZ","Algeria",2011,68.08
"DZ","Algeria",2012,67.91
"AO","Angola",2005,49.77
"AO","Angola",2006,49.73
"AO","Angola",2007,49.7
"AO","Angola",2008,49.69
"AO","Angola",2009,49.71
"AO","Angola",2010,49.77
"AO","Angola",2011,49.87
"AO","Angola",2012,50.01
"AG","Antigua & Barbuda",2005,64.41
"AG","Antigua & Barbuda",2006,64.72
"AG","Antigua & Barbuda",2007,65.12
"AG","Antigua & Barbuda",2008,65.57
"AG","Antigua & Barbuda",2009,66.05
"AG","Antigua & Barbuda",2010,66.53
"AG","Antigua & Barbuda",2011,67.02
"AG","Antigua & Barbuda",2012,67.5
"AR","Argentina",2005,63.45
"AR","Argentina",2006,63.69
"AR","Argentina",2007,63.93
"AR","Argentina",2008,64.14
"AR","Argentina",2009,64.34
"AR","Argentina",2010,64.5
"AR","Argentina",2011,64.64
"AR","Argentina",2012,64.76
"AM","Armenia",2005,66.5
"AM","Armenia",2006,67.03
"AM","Armenia",2007,67.57
"AM","Armenia",2008,68.1
"AM","Armenia",2009,68.57
"AM","Armenia",2010,68.94
"AM","Armenia",2011,69.19
"AM","Armenia",2012,69.34
"AZ","Azerbaijan",2005,67.57
"AZ","Azerbaijan",2006,68.46
"AZ","Azerbaijan",2007,69.33
"AZ","Azerbaijan",2008,70.13
"AZ","Azerbaijan",2009,70.83
"AZ","Azerbaijan",2010,71.38
"AZ","Azerbaijan",2011,71.79
"AZ","Azerbaijan",2012,72.07
"BD","Bangladesh",2005,61.4
"BD","Bangladesh",2006,61.87
"BD","Bangladesh",2007,62.32
"BD","Bangladesh",2008,62.78
"BD","Bangladesh",2009,63.25
"BD","Bangladesh",2010,63.73
"BD","Bangladesh",2011,64.22
"BD","Bangladesh",2012,64.71
"BY","Belarus",2005,69.79
"BY","Belarus",2006,70.16
"BY","Belarus",2007,70.52
"BY","Belarus",2008,70.84
"BY","Belarus",2009,71.08
"BY","Belarus",2010,71.21
"BY","Belarus",2011,71.22
"BY","Belarus",2012,71.13
"BZ","Belize",2005,57.99
"BZ","Belize",2006,58.51
"BZ","Belize",2007,59.04
"BZ","Belize",2008,59.58
"BZ","Belize",2009,60.12
"BZ","Belize",2010,60.65
"BZ","Belize",2011,61.16
"BZ","Belize",2012,61.67
"BJ","Benin",2005,52.67
"BJ","Benin",2006,52.88
"BJ","Benin",2007,53.08
"BJ","Benin",2008,53.28
"BJ","Benin",2009,53.48
"BJ","Benin",2010,53.7
"BJ","Benin",2011,53.93
"BJ","Benin",2012,54.16
"BT","Bhutan",2005,61.93
"BT","Bhutan",2006,62.91
"BT","Bhutan",2007,63.75
"BT","Bhutan",2008,64.48
"BT","Bhutan",2009,65.13
"BT","Bhutan",2010,65.73
"BT","Bhutan",2011,66.28
"BT","Bhutan",2012,66.77
"BO","Bolivia ",2005,57.26
"BO","Bolivia ",2006,57.63
"BO","Bolivia ",2007,58.04
"BO","Bolivia ",2008,58.46
"BO","Bolivia ",2009,58.88
"BO","Bolivia ",2010,59.27
"BO","Bolivia ",2011,59.62
"BO","Bolivia ",2012,59.94
"BA","Bosnia & Herzegovina",2005,67.96
"BA","Bosnia & Herzegovina",2006,67.76
"BA","Bosnia & Herzegovina",2007,67.58
"BA","Bosnia & Herzegovina",2008,67.45
"BA","Bosnia & Herzegovina",2009,67.42
"BA","Bosnia & Herzegovina",2010,67.53
"BA","Bosnia & Herzegovina",2011,67.8
"BA","Bosnia & Herzegovina",2012,68.2
"BW","Botswana",2005,61.03
"BW","Botswana",2006,61.35
"BW","Botswana",2007,61.61
"BW","Botswana",2008,61.84
"BW","Botswana",2009,62.06
"BW","Botswana",2010,62.26
"BW","Botswana",2011,62.47
"BW","Botswana",2012,62.68
"BR","Brazil",2005,66.26
"BR","Brazil",2006,66.52
"BR","Brazil",2007,66.78
"BR","Brazil",2008,67.05
"BR","Brazil",2009,67.33
"BR","Brazil",2010,67.6
"BR","Brazil",2011,67.87
"BR","Brazil",2012,68.13
"BF","Burkina Faso",2005,50.94
"BF","Burkina Faso",2006,51.03
"BF","Burkina Faso",2007,51.13
"BF","Burkina Faso",2008,51.24
"BF","Burkina Faso",2009,51.37
"BF","Burkina Faso",2010,51.52
"BF","Burkina Faso",2011,51.69
"BF","Burkina Faso",2012,51.89
"BI","Burundi",2005,51.85
"BI","Burundi",2006,52.42
"BI","Burundi",2007,52.89
"BI","Burundi",2008,53.24
"BI","Burundi",2009,53.45
"BI","Burundi",2010,53.54
"BI","Burundi",2011,53.51
"BI","Burundi",2012,53.37
"KH","Cambodia",2005,59.55
"KH","Cambodia",2006,60.39
"KH","Cambodia",2007,61.23
"KH","Cambodia",2008,62.01
"KH","Cambodia",2009,62.67
"KH","Cambodia",2010,63.13
"KH","Cambodia",2011,63.41
"KH","Cambodia",2012,63.51
"CM","Cameroon",2005,52.37
"CM","Cameroon",2006,52.57
"CM","Cameroon",2007,52.77
"CM","Cameroon",2008,52.97
"CM","Cameroon",2009,53.16
"CM","Cameroon",2010,53.34
"CM","Cameroon",2011,53.52
"CM","Cameroon",2012,53.7
"CF","CAR",2005,54.17
"CF","CAR",2006,54.37
"CF","CAR",2007,54.6
"CF","CAR",2008,54.87
"CF","CAR",2009,55.16
"CF","CAR",2010,55.46
"CF","CAR",2011,55.77
"CF","CAR",2012,56.08
"TD","Chad",2005,48.09
"TD","Chad",2006,48.15
"TD","Chad",2007,48.24
"TD","Chad",2008,48.35
"TD","Chad",2009,48.49
"TD","Chad",2010,48.66
"TD","Chad",2011,48.84
"TD","Chad",2012,49.05
"CL","Chile",2005,67.08
"CL","Chile",2006,67.47
"CL","Chile",2007,67.84
"CL","Chile",2008,68.18
"CL","Chile",2009,68.46
"CL","Chile",2010,68.68
"CL","Chile",2011,68.83
"CL","Chile",2012,68.92
"CN","China",2005,71.82
"CN","China",2006,72.43
"CN","China",2007,72.89
"CN","China",2008,73.22
"CN","China",2009,73.42
"CN","China",2010,73.51
"CN","China",2011,73.48
"CN","China",2012,73.34
"CO","Colombia",2005,64.15
"CO","Colombia",2006,64.48
"CO","Colombia",2007,64.8
"CO","Colombia",2008,65.1
"CO","Colombia",2009,65.38
"CO","Colombia",2010,65.62
"CO","Colombia",2011,65.83
"CO","Colombia",2012,66.01
"KM","Comoros",2005,55.47
"KM","Comoros",2006,55.34
"KM","Comoros",2007,55.19
"KM","Comoros",2008,55.04
"KM","Comoros",2009,54.93
"KM","Comoros",2010,54.88
"KM","Comoros",2011,54.9
"KM","Comoros",2012,54.97
"CG","Congo",2005,54.28
"CG","Congo",2006,54.28
"CG","Congo",2007,54.32
"CG","Congo",2008,54.36
"CG","Congo",2009,54.38
"CG","Congo",2010,54.37
"CG","Congo",2011,54.32
"CG","Congo",2012,54.25
"CR","Costa Rica",2005,66.21
"CR","Costa Rica",2006,66.76
"CR","Costa Rica",2007,67.28
"CR","Costa Rica",2008,67.76
"CR","Costa Rica",2009,68.19
"CR","Costa Rica",2010,68.58
"CR","Costa Rica",2011,68.93
"CR","Costa Rica",2012,69.22
"CI","Cote d'Ivoire",2005,54.73
"CI","Cote d'Ivoire",2006,54.74
"CI","Cote d'Ivoire",2007,54.78
"CI","Cote d'Ivoire",2008,54.86
"CI","Cote d'Ivoire",2009,54.96
"CI","Cote d'Ivoire",2010,55.08
"CI","Cote d'Ivoire",2011,55.22
"CI","Cote d'Ivoire",2012,55.37
"CU","Cuba",2005,69.57
"CU","Cuba",2006,69.76
"CU","Cuba",2007,69.91
"CU","Cuba",2008,70.04
"CU","Cuba",2009,70.15
"CU","Cuba",2010,70.25
"CU","Cuba",2011,70.34
"CU","Cuba",2012,70.41
"DJ","Djibouti",2005,59.39
"DJ","Djibouti",2006,60.11
"DJ","Djibouti",2007,60.78
"DJ","Djibouti",2008,61.37
"DJ","Djibouti",2009,61.83
"DJ","Djibouti",2010,62.17
"DJ","Djibouti",2011,62.35
"DJ","Djibouti",2012,62.41
"DM","Dominica",2005,
"DM","Dominica",2006,
"DM","Dominica",2007,
"DM","Dominica",2008,
"DM","Dominica",2009,
"DM","Dominica",2010,
"DM","Dominica",2011,
"DM","Dominica",2012,
"DO","Dominican Republic",2005,61.27
"DO","Dominican Republic",2006,61.58
"DO","Dominican Republic",2007,61.91
"DO","Dominican Republic",2008,62.24
"DO","Dominican Republic",2009,62.54
"DO","Dominican Republic",2010,62.82
"DO","Dominican Republic",2011,63.07
"DO","Dominican Republic",2012,63.28
"CD","DRC",2005,50.95
"CD","DRC",2006,51.07
"CD","DRC",2007,51.21
"CD","DRC",2008,51.37
"CD","DRC",2009,51.54
"CD","DRC",2010,51.7
"CD","DRC",2011,51.87
"CD","DRC",2012,52.04
"EC","Ecuador",2005,61.72
"EC","Ecuador",2006,61.97
"EC","Ecuador",2007,62.2
"EC","Ecuador",2008,62.43
"EC","Ecuador",2009,62.66
"EC","Ecuador",2010,62.88
"EC","Ecuador",2011,63.1
"EC","Ecuador",2012,63.32
"EG","Egypt",2005,62.03
"EG","Egypt",2006,62.37
"EG","Egypt",2007,62.61
"EG","Egypt",2008,62.78
"EG","Egypt",2009,62.9
"EG","Egypt",2010,62.99
"EG","Egypt",2011,63.06
"EG","Egypt",2012,63.11
"SV","El Salvador",2005,58.12
"SV","El Salvador",2006,58.65
"SV","El Salvador",2007,59.21
"SV","El Salvador",2008,59.8
"SV","El Salvador",2009,60.42
"SV","El Salvador",2010,61.04
"SV","El Salvador",2011,61.68
"SV","El Salvador",2012,62.32
"GQ","Equatorial Guinea",2005,56.15
"GQ","Equatorial Guinea",2006,56.56
"GQ","Equatorial Guinea",2007,56.92
"GQ","Equatorial Guinea",2008,57.23
"GQ","Equatorial Guinea",2009,57.51
"GQ","Equatorial Guinea",2010,57.77
"GQ","Equatorial Guinea",2011,58.02
"GQ","Equatorial Guinea",2012,58.24
"ER","Eritrea",2005,54.52
"ER","Eritrea",2006,54.79
"ER","Eritrea",2007,54.92
"ER","Eritrea",2008,54.95
"ER","Eritrea",2009,54.92
"ER","Eritrea",2010,54.86
"ER","Eritrea",2011,54.79
"ER","Eritrea",2012,54.7
"ET","Ethiopia",2005,50.68
"ET","Ethiopia",2006,50.89
"ET","Ethiopia",2007,51.14
"ET","Ethiopia",2008,51.45
"ET","Ethiopia",2009,51.83
"ET","Ethiopia",2010,52.27
"ET","Ethiopia",2011,52.77
"ET","Ethiopia",2012,53.32
"FJ","Fiji",2005,65.27
"FJ","Fiji",2006,65.72
"FJ","Fiji",2007,65.99
"FJ","Fiji",2008,66.12
"FJ","Fiji",2009,66.16
"FJ","Fiji",2010,66.13
"FJ","Fiji",2011,66.06
"FJ","Fiji",2012,65.92
"GA","Gabon",2005,54.86
"GA","Gabon",2006,55.13
"GA","Gabon",2007,55.39
"GA","Gabon",2008,55.64
"GA","Gabon",2009,55.86
"GA","Gabon",2010,56.04
"GA","Gabon",2011,56.19
"GA","Gabon",2012,56.3
"GM","Gambia",2005,51.47
"GM","Gambia",2006,51.46
"GM","Gambia",2007,51.45
"GM","Gambia",2008,51.44
"GM","Gambia",2009,51.46
"GM","Gambia",2010,51.5
"GM","Gambia",2011,51.57
"GM","Gambia",2012,51.66
"GE","Georgia",2005,67.05
"GE","Georgia",2006,67.42
"GE","Georgia",2007,67.82
"GE","Georgia",2008,68.17
"GE","Georgia",2009,68.41
"GE","Georgia",2010,68.48
"GE","Georgia",2011,68.38
"GE","Georgia",2012,68.11
"GH","Ghana",2005,56.42
"GH","Ghana",2006,56.63
"GH","Ghana",2007,56.84
"GH","Ghana",2008,57.07
"GH","Ghana",2009,57.29
"GH","Ghana",2010,57.5
"GH","Ghana",2011,57.7
"GH","Ghana",2012,57.89
"GD","Grenada",2005,62.3
"GD","Grenada",2006,63.1
"GD","Grenada",2007,63.78
"GD","Grenada",2008,64.34
"GD","Grenada",2009,64.82
"GD","Grenada",2010,65.24
"GD","Grenada",2011,65.61
"GD","Grenada",2012,65.91
"GT","Guatemala",2005,52.55
"GT","Guatemala",2006,52.8
"GT","Guatemala",2007,53.09
"GT","Guatemala",2008,53.41
"GT","Guatemala",2009,53.73
"GT","Guatemala",2010,54.06
"GT","Guatemala",2011,54.38
"GT","Guatemala",2012,54.7
"GN","Guinea",2005,53.13
"GN","Guinea",2006,53.29
"GN","Guinea",2007,53.45
"GN","Guinea",2008,53.62
"GN","Guinea",2009,53.8
"GN","Guinea",2010,53.99
"GN","Guinea",2011,54.2
"GN","Guinea",2012,54.42
"GW","Guinea-Bissau",2005,54.21
"GW","Guinea-Bissau",2006,54.39
"GW","Guinea-Bissau",2007,54.57
"GW","Guinea-Bissau",2008,54.76
"GW","Guinea-Bissau",2009,54.95
"GW","Guinea-Bissau",2010,55.14
"GW","Guinea-Bissau",2011,55.34
"GW","Guinea-Bissau",2012,55.54
"GY","Guyana",2005,59.61
"GY","Guyana",2006,59.43
"GY","Guyana",2007,59.24
"GY","Guyana",2008,59.1
"GY","Guyana",2009,59.06
"GY","Guyana",2010,59.19
"GY","Guyana",2011,59.49
"GY","Guyana",2012,59.93
"HT","Haiti",2005,57.76
"HT","Haiti",2006,58.11
"HT","Haiti",2007,58.42
"HT","Haiti",2008,58.73
"HT","Haiti",2009,59.05
"HT","Haiti",2010,59.39
"HT","Haiti",2011,59.75
"HT","Haiti",2012,60.14
"HN","Honduras",2005,56.04
"HN","Honduras",2006,56.61
"HN","Honduras",2007,57.19
"HN","Honduras",2008,57.78
"HN","Honduras",2009,58.36
"HN","Honduras",2010,58.9
"HN","Honduras",2011,59.41
"HN","Honduras",2012,59.89
"IN","India",2005,63.06
"IN","India",2006,63.41
"IN","India",2007,63.75
"IN","India",2008,64.1
"IN","India",2009,64.43
"IN","India",2010,64.76
"IN","India",2011,65.07
"IN","India",2012,65.37
"ID","Indonesia",2005,65.13
"ID","Indonesia",2006,65.1
"ID","Indonesia",2007,65.06
"ID","Indonesia",2008,65.04
"ID","Indonesia",2009,65.06
"ID","Indonesia",2010,65.16
"ID","Indonesia",2011,65.34
"ID","Indonesia",2012,65.6
"IR","Iran",2005,69.25
"IR","Iran",2006,70.14
"IR","Iran",2007,70.71
"IR","Iran",2008,71.03
"IR","Iran",2009,71.17
"IR","Iran",2010,71.22
"IR","Iran",2011,71.19
"IR","Iran",2012,71.08
"IQ","Iraq",2005,54.6
"IQ","Iraq",2006,54.72
"IQ","Iraq",2007,54.82
"IQ","Iraq",2008,54.94
"IQ","Iraq",2009,55.12
"IQ","Iraq",2010,55.4
"IQ","Iraq",2011,55.78
"IQ","Iraq",2012,56.23
"JM","Jamaica",2005,61.2
"JM","Jamaica",2006,61.52
"JM","Jamaica",2007,61.84
"JM","Jamaica",2008,62.2
"JM","Jamaica",2009,62.62
"JM","Jamaica",2010,63.12
"JM","Jamaica",2011,63.69
"JM","Jamaica",2012,64.33
"JO","Jordan",2005,58.92
"JO","Jordan",2006,59.42
"JO","Jordan",2007,59.96
"JO","Jordan",2008,60.51
"JO","Jordan",2009,61.04
"JO","Jordan",2010,61.52
"JO","Jordan",2011,61.97
"JO","Jordan",2012,62.39
"KZ","Kazakhstan",2005,67.69
"KZ","Kazakhstan",2006,67.99
"KZ","Kazakhstan",2007,68.24
"KZ","Kazakhstan",2008,68.42
"KZ","Kazakhstan",2009,68.49
"KZ","Kazakhstan",2010,68.44
"KZ","Kazakhstan",2011,68.26
"KZ","Kazakhstan",2012,67.99
"KE","Kenya",2005,54.51
"KE","Kenya",2006,54.63
"KE","Kenya",2007,54.69
"KE","Kenya",2008,54.73
"KE","Kenya",2009,54.77
"KE","Kenya",2010,54.82
"KE","Kenya",2011,54.89
"KE","Kenya",2012,54.99
"KI","Kiribati",2005,59.33
"KI","Kiribati",2006,59.97
"KI","Kiribati",2007,60.63
"KI","Kiribati",2008,61.3
"KI","Kiribati",2009,61.95
"KI","Kiribati",2010,62.55
"KI","Kiribati",2011,63.11
"KI","Kiribati",2012,63.61
"XK","Kosovo",2005,
"XK","Kosovo",2006,
"XK","Kosovo",2007,
"XK","Kosovo",2008,
"XK","Kosovo",2009,
"XK","Kosovo",2010,65.88
"XK","Kosovo",2011,
"XK","Kosovo",2012,
"KG","Kyrgyzstan",2005,63.12
"KG","Kyrgyzstan",2006,63.78
"KG","Kyrgyzstan",2007,64.38
"KG","Kyrgyzstan",2008,64.89
"KG","Kyrgyzstan",2009,65.27
"KG","Kyrgyzstan",2010,65.52
"KG","Kyrgyzstan",2011,65.63
"KG","Kyrgyzstan",2012,65.62
"LA","Lao",2005,55.88
"LA","Lao",2006,56.62
"LA","Lao",2007,57.38
"LA","Lao",2008,58.13
"LA","Lao",2009,58.84
"LA","Lao",2010,59.5
"LA","Lao",2011,60.09
"LA","Lao",2012,60.64
"LB","Lebanon",2005,64.63
"LB","Lebanon",2006,65.01
"LB","Lebanon",2007,65.53
"LB","Lebanon",2008,66.18
"LB","Lebanon",2009,66.97
"LB","Lebanon",2010,67.84
"LB","Lebanon",2011,68.81
"LB","Lebanon",2012,69.8
"LS","Lesotho",2005,55.7
"LS","Lesotho",2006,56.12
"LS","Lesotho",2007,56.59
"LS","Lesotho",2008,57.08
"LS","Lesotho",2009,57.59
"LS","Lesotho",2010,58.08
"LS","Lesotho",2011,58.57
"LS","Lesotho",2012,59.05
"LR","Liberia",2005,53.66
"LR","Liberia",2006,53.61
"LR","Liberia",2007,53.55
"LR","Liberia",2008,53.51
"LR","Liberia",2009,53.51
"LR","Liberia",2010,53.58
"LR","Liberia",2011,53.71
"LR","Liberia",2012,53.89
"LY","Libya",2005,65.11
"LY","Libya",2006,65.4
"LY","Libya",2007,65.64
"LY","Libya",2008,65.83
"LY","Libya",2009,65.94
"LY","Libya",2010,65.98
"LY","Libya",2011,65.94
"LY","Libya",2012,65.83
"MG","Madagascar",2005,52.26
"MG","Madagascar",2006,52.51
"MG","Madagascar",2007,52.79
"MG","Madagascar",2008,53.09
"MG","Madagascar",2009,53.41
"MG","Madagascar",2010,53.74
"MG","Madagascar",2011,54.1
"MG","Madagascar",2012,54.46
"MW","Malawi",2005,50.83
"MW","Malawi",2006,50.84
"MW","Malawi",2007,50.88
"MW","Malawi",2008,50.93
"MW","Malawi",2009,51.01
"MW","Malawi",2010,51.12
"MW","Malawi",2011,51.25
"MW","Malawi",2012,51.41
"MY","Malaysia",2005,65.39
"MY","Malaysia",2006,65.85
"MY","Malaysia",2007,66.29
"MY","Malaysia",2008,66.7
"MY","Malaysia",2009,67.1
"MY","Malaysia",2010,67.48
"MY","Malaysia",2011,67.84
"MY","Malaysia",2012,68.19
"MV","Maldives",2005,61.08
"MV","Maldives",2006,62.09
"MV","Maldives",2007,62.97
"MV","Maldives",2008,63.74
"MV","Maldives",2009,64.42
"MV","Maldives",2010,65.02
"MV","Maldives",2011,65.54
"MV","Maldives",2012,65.99
"ML","Mali",2005,50.64
"ML","Mali",2006,50.61
"ML","Mali",2007,50.56
"ML","Mali",2008,50.5
"ML","Mali",2009,50.41
"ML","Mali",2010,50.3
"ML","Mali",2011,50.18
"ML","Mali",2012,50.05
"MH","Marshall Islands",2005,
"MH","Marshall Islands",2006,
"MH","Marshall Islands",2007,
"MH","Marshall Islands",2008,
"MH","Marshall Islands",2009,
"MH","Marshall Islands",2010,
"MH","Marshall Islands",2011,
"MH","Marshall Islands",2012,
"MU","Mauritius",2005,69.21
"MU","Mauritius",2006,69.57
"MU","Mauritius",2007,69.99
"MU","Mauritius",2008,70.41
"MU","Mauritius",2009,70.8
"MU","Mauritius",2010,71.11
"MU","Mauritius",2011,71.32
"MU","Mauritius",2012,71.45
"MX","Mexico",2005,62.4
"MX","Mexico",2006,62.7
"MX","Mexico",2007,63
"MX","Mexico",2008,63.3
"MX","Mexico",2009,63.63
"MX","Mexico",2010,63.97
"MX","Mexico",2011,64.34
"MX","Mexico",2012,64.73
"FM","Micronesia",2005,57.2
"FM","Micronesia",2006,57.52
"FM","Micronesia",2007,57.89
"FM","Micronesia",2008,58.32
"FM","Micronesia",2009,58.78
"FM","Micronesia",2010,59.25
"FM","Micronesia",2011,59.74
"FM","Micronesia",2012,60.24
"MD","Moldova",2005,69.8
"MD","Moldova",2006,70.45
"MD","Moldova",2007,71.04
"MD","Moldova",2008,71.54
"MD","Moldova",2009,71.92
"MD","Moldova",2010,72.17
"MD","Moldova",2011,72.28
"MD","Moldova",2012,72.25
"MN","Mongolia",2005,67.34
"MN","Mongolia",2006,68.07
"MN","Mongolia",2007,68.59
"MN","Mongolia",2008,68.93
"MN","Mongolia",2009,69.14
"MN","Mongolia",2010,69.23
"MN","Mongolia",2011,69.24
"MN","Mongolia",2012,69.15
"ME","Montenegro",2005,66.96
"ME","Montenegro",2006,67.1
"ME","Montenegro",2007,67.34
"ME","Montenegro",2008,67.62
"ME","Montenegro",2009,67.88
"ME","Montenegro",2010,68.07
"ME","Montenegro",2011,68.18
"ME","Montenegro",2012,68.23
"MA","Morocco",2005,64.23
"MA","Morocco",2006,64.84
"MA","Morocco",2007,65.45
"MA","Morocco",2008,66.02
"MA","Morocco",2009,66.5
"MA","Morocco",2010,66.86
"MA","Morocco",2011,67.08
"MA","Morocco",2012,67.17
"MZ","Mozambique",2005,52.03
"MZ","Mozambique",2006,51.85
"MZ","Mozambique",2007,51.71
"MZ","Mozambique",2008,51.59
"MZ","Mozambique",2009,51.49
"MZ","Mozambique",2010,51.42
"MZ","Mozambique",2011,51.38
"MZ","Mozambique",2012,51.36
"MM","Myanmar",2005,66.99
"MM","Myanmar",2006,67.39
"MM","Myanmar",2007,67.77
"MM","Myanmar",2008,68.13
"MM","Myanmar",2009,68.48
"MM","Myanmar",2010,68.84
"MM","Myanmar",2011,69.2
"MM","Myanmar",2012,69.56
"NA","Namibia",2005,56.86
"NA","Namibia",2006,57.14
"NA","Namibia",2007,57.5
"NA","Namibia",2008,57.92
"NA","Namibia",2009,58.38
"NA","Namibia",2010,58.87
"NA","Namibia",2011,59.38
"NA","Namibia",2012,59.9
"NP","Nepal",2005,56.15
"NP","Nepal",2006,56.35
"NP","Nepal",2007,56.62
"NP","Nepal",2008,56.98
"NP","Nepal",2009,57.42
"NP","Nepal",2010,57.97
"NP","Nepal",2011,58.62
"NP","Nepal",2012,59.36
"NI","Nicaragua",2005,58.1
"NI","Nicaragua",2006,58.66
"NI","Nicaragua",2007,59.23
"NI","Nicaragua",2008,59.8
"NI","Nicaragua",2009,60.36
"NI","Nicaragua",2010,60.92
"NI","Nicaragua",2011,61.47
"NI","Nicaragua",2012,62
"NE","Niger",2005,48.47
"NE","Niger",2006,48.26
"NE","Niger",2007,48.06
"NE","Niger",2008,47.88
"NE","Niger",2009,47.72
"NE","Niger",2010,47.59
"NE","Niger",2011,47.49
"NE","Niger",2012,47.4
"NG","Nigeria",2005,53.71
"NG","Nigeria",2006,53.64
"NG","Nigeria",2007,53.55
"NG","Nigeria",2008,53.45
"NG","Nigeria",2009,53.35
"NG","Nigeria",2010,53.25
"NG","Nigeria",2011,53.15
"NG","Nigeria",2012,53.05
"KP","North Korea",2005,67.84
"KP","North Korea",2006,67.92
"KP","North Korea",2007,68.05
"KP","North Korea",2008,68.22
"KP","North Korea",2009,68.4
"KP","North Korea",2010,68.56
"KP","North Korea",2011,68.69
"KP","North Korea",2012,68.79
"PK","Pakistan",2005,57.71
"PK","Pakistan",2006,58.26
"PK","Pakistan",2007,58.77
"PK","Pakistan",2008,59.25
"PK","Pakistan",2009,59.74
"PK","Pakistan",2010,60.24
"PK","Pakistan",2011,60.77
"PK","Pakistan",2012,61.32
"PW","Palau",2005,
"PW","Palau",2006,
"PW","Palau",2007,
"PW","Palau",2008,
"PW","Palau",2009,
"PW","Palau",2010,
"PW","Palau",2011,
"PW","Palau",2012,
"PS","Palestine",2005,51.65
"PS","Palestine",2006,52.26
"PS","Palestine",2007,52.96
"PS","Palestine",2008,53.71
"PS","Palestine",2009,54.46
"PS","Palestine",2010,55.16
"PS","Palestine",2011,55.81
"PS","Palestine",2012,56.4
"PA","Panama",2005,63.19
"PA","Panama",2006,63.33
"PA","Panama",2007,63.47
"PA","Panama",2008,63.61
"PA","Panama",2009,63.75
"PA","Panama",2010,63.92
"PA","Panama",2011,64.09
"PA","Panama",2012,64.28
"PG","Papua New Guinea",2005,57.42
"PG","Papua New Guinea",2006,57.51
"PG","Papua New Guinea",2007,57.61
"PG","Papua New Guinea",2008,57.75
"PG","Papua New Guinea",2009,57.93
"PG","Papua New Guinea",2010,58.17
"PG","Papua New Guinea",2011,58.45
"PG","Papua New Guinea",2012,58.77
"PY","Paraguay",2005,59.41
"PY","Paraguay",2006,59.81
"PY","Paraguay",2007,60.21
"PY","Paraguay",2008,60.59
"PY","Paraguay",2009,60.96
"PY","Paraguay",2010,61.29
"PY","Paraguay",2011,61.59
"PY","Paraguay",2012,61.87
"PE","Peru",2005,62.59
"PE","Peru",2006,62.88
"PE","Peru",2007,63.17
"PE","Peru",2008,63.45
"PE","Peru",2009,63.73
"PE","Peru",2010,64.01
"PE","Peru",2011,64.29
"PE","Peru",2012,64.57
"PH","Philippines",2005,59.5
"PH","Philippines",2006,59.78
"PH","Philippines",2007,60.07
"PH","Philippines",2008,60.38
"PH","Philippines",2009,60.69
"PH","Philippines",2010,61
"PH","Philippines",2011,61.32
"PH","Philippines",2012,61.64
"RW","Rwanda",2005,53.25
"RW","Rwanda",2006,53.33
"RW","Rwanda",2007,53.19
"RW","Rwanda",2008,52.96
"RW","Rwanda",2009,52.86
"RW","Rwanda",2010,53.02
"RW","Rwanda",2011,53.46
"RW","Rwanda",2012,54.11
"KN","Saint Kitts and Nevis",2005,
"KN","Saint Kitts and Nevis",2006,
"KN","Saint Kitts and Nevis",2007,
"KN","Saint Kitts and Nevis",2008,
"KN","Saint Kitts and Nevis",2009,
"KN","Saint Kitts and Nevis",2010,
"KN","Saint Kitts and Nevis",2011,
"KN","Saint Kitts and Nevis",2012,
"LC","Saint Lucia",2005,64.29
"LC","Saint Lucia",2006,64.85
"LC","Saint Lucia",2007,65.29
"LC","Saint Lucia",2008,65.64
"LC","Saint Lucia",2009,65.95
"LC","Saint Lucia",2010,66.27
"LC","Saint Lucia",2011,66.61
"LC","Saint Lucia",2012,66.95
"VC","Saint Vincent & the Grenadines",2005,64.3
"VC","Saint Vincent & the Grenadines",2006,64.82
"VC","Saint Vincent & the Grenadines",2007,65.35
"VC","Saint Vincent & the Grenadines",2008,65.86
"VC","Saint Vincent & the Grenadines",2009,66.33
"VC","Saint Vincent & the Grenadines",2010,66.76
"VC","Saint Vincent & the Grenadines",2011,67.13
"VC","Saint Vincent & the Grenadines",2012,67.46
"WS","Samoa",2005,55.59
"WS","Samoa",2006,55.81
"WS","Samoa",2007,56.03
"WS","Samoa",2008,56.26
"WS","Samoa",2009,56.47
"WS","Samoa",2010,56.67
"WS","Samoa",2011,56.86
"WS","Samoa",2012,57.02
"ST","Sao Tome & Principe",2005,54
"ST","Sao Tome & Principe",2006,54.24
"ST","Sao Tome & Principe",2007,54.43
"ST","Sao Tome & Principe",2008,54.58
"ST","Sao Tome & Principe",2009,54.71
"ST","Sao Tome & Principe",2010,54.8
"ST","Sao Tome & Principe",2011,54.88
"ST","Sao Tome & Principe",2012,54.95
"SN","Senegal",2005,52.74
"SN","Senegal",2006,52.88
"SN","Senegal",2007,53
"SN","Senegal",2008,53.1
"SN","Senegal",2009,53.19
"SN","Senegal",2010,53.27
"SN","Senegal",2011,53.35
"SN","Senegal",2012,53.44
"RS","Serbia",2005,67.91
"RS","Serbia",2006,68.22
"RS","Serbia",2007,68.56
"RS","Serbia",2008,68.9
"RS","Serbia",2009,69.19
"RS","Serbia",2010,69.39
"RS","Serbia",2011,69.5
"RS","Serbia",2012,69.52
"SC","Seychelles",2005,68.14
"SC","Seychelles",2006,68.77
"SC","Seychelles",2007,69.27
"SC","Seychelles",2008,69.64
"SC","Seychelles",2009,69.91
"SC","Seychelles",2010,70.09
"SC","Seychelles",2011,70.19
"SC","Seychelles",2012,70.18
"SL","Sierra Leone",2005,54.89
"SL","Sierra Leone",2006,54.93
"SL","Sierra Leone",2007,54.98
"SL","Sierra Leone",2008,55.05
"SL","Sierra Leone",2009,55.15
"SL","Sierra Leone",2010,55.28
"SL","Sierra Leone",2011,55.44
"SL","Sierra Leone",2012,55.65
"SB","Solomon Islands",2005,55.71
"SB","Solomon Islands",2006,55.74
"SB","Solomon Islands",2007,55.76
"SB","Solomon Islands",2008,55.79
"SB","Solomon Islands",2009,55.85
"SB","Solomon Islands",2010,55.95
"SB","Solomon Islands",2011,56.1
"SB","Solomon Islands",2012,56.28
"SO","Somalia",2005,49.38
"SO","Somalia",2006,49.34
"SO","Somalia",2007,49.32
"SO","Somalia",2008,49.33
"SO","Somalia",2009,49.38
"SO","Somalia",2010,49.49
"SO","Somalia",2011,49.64
"SO","Somalia",2012,49.84
"ZA","South Africa",2005,64.81
"ZA","South Africa",2006,64.91
"ZA","South Africa",2007,64.99
"ZA","South Africa",2008,65.03
"ZA","South Africa",2009,65.06
"ZA","South Africa",2010,65.06
"ZA","South Africa",2011,65.05
"ZA","South Africa",2012,65.03
"SS","South Sudan",2005,52.75
"SS","South Sudan",2006,52.92
"SS","South Sudan",2007,53.1
"SS","South Sudan",2008,53.31
"SS","South Sudan",2009,53.52
"SS","South Sudan",2010,53.76
"SS","South Sudan",2011,54
"SS","South Sudan",2012,54.25
"LK","Sri Lanka",2005,67.53
"LK","Sri Lanka",2006,67.52
"LK","Sri Lanka",2007,67.48
"LK","Sri Lanka",2008,67.4
"LK","Sri Lanka",2009,67.28
"LK","Sri Lanka",2010,67.11
"LK","Sri Lanka",2011,66.89
"LK","Sri Lanka",2012,66.64
"SD","Sudan",2005,53.76
"SD","Sudan",2006,53.92
"SD","Sudan",2007,54.11
"SD","Sudan",2008,54.33
"SD","Sudan",2009,54.56
"SD","Sudan",2010,54.8
"SD","Sudan",2011,55.06
"SD","Sudan",2012,55.32
"SR","Suriname",2005,64.04
"SR","Suriname",2006,64.15
"SR","Suriname",2007,64.28
"SR","Suriname",2008,64.44
"SR","Suriname",2009,64.66
"SR","Suriname",2010,64.92
"SR","Suriname",2011,65.24
"SR","Suriname",2012,65.6
"SZ","Swaziland",2005,55
"SZ","Swaziland",2006,55.6
"SZ","Swaziland",2007,56.21
"SZ","Swaziland",2008,56.81
"SZ","Swaziland",2009,57.35
"SZ","Swaziland",2010,57.82
"SZ","Swaziland",2011,58.21
"SZ","Swaziland",2012,58.53
"SY","Syria",2005,57.97
"SY","Syria",2006,58.55
"SY","Syria",2007,59.17
"SY","Syria",2008,59.75
"SY","Syria",2009,60.22
"SY","Syria",2010,60.54
"SY","Syria",2011,60.68
"SY","Syria",2012,60.7
"TJ","Tajikistan",2005,57.91
"TJ","Tajikistan",2006,58.68
"TJ","Tajikistan",2007,59.38
"TJ","Tajikistan",2008,59.98
"TJ","Tajikistan",2009,60.45
"TJ","Tajikistan",2010,60.78
"TJ","Tajikistan",2011,60.98
"TJ","Tajikistan",2012,61.05
"TZ","Tanzania",2005,52.37
"TZ","Tanzania",2006,52.32
"TZ","Tanzania",2007,52.25
"TZ","Tanzania",2008,52.17
"TZ","Tanzania",2009,52.1
"TZ","Tanzania",2010,52.05
"TZ","Tanzania",2011,52
"TZ","Tanzania",2012,51.98
"TH","Thailand",2005,69.95
"TH","Thailand",2006,70.26
"TH","Thailand",2007,70.66
"TH","Thailand",2008,71.09
"TH","Thailand",2009,71.49
"TH","Thailand",2010,71.8
"TH","Thailand",2011,72
"TH","Thailand",2012,72.12
"TL","Timor-Leste",2005,49.28
"TL","Timor-Leste",2006,49.43
"TL","Timor-Leste",2007,49.43
"TL","Timor-Leste",2008,49.37
"TL","Timor-Leste",2009,49.4
"TL","Timor-Leste",2010,49.59
"TL","Timor-Leste",2011,49.96
"TL","Timor-Leste",2012,50.45
"TG","Togo",2005,54.38
"TG","Togo",2006,54.59
"TG","Togo",2007,54.78
"TG","Togo",2008,54.94
"TG","Togo",2009,55.07
"TG","Togo",2010,55.19
"TG","Togo",2011,55.28
"TG","Togo",2012,55.37
"TO","Tonga",2005,55.87
"TO","Tonga",2006,55.97
"TO","Tonga",2007,56.14
"TO","Tonga",2008,56.33
"TO","Tonga",2009,56.51
"TO","Tonga",2010,56.66
"TO","Tonga",2011,56.76
"TO","Tonga",2012,56.82
"TN","Tunisia",2005,67.51
"TN","Tunisia",2006,68.06
"TN","Tunisia",2007,68.57
"TN","Tunisia",2008,69
"TN","Tunisia",2009,69.33
"TN","Tunisia",2010,69.56
"TN","Tunisia",2011,69.68
"TN","Tunisia",2012,69.7
"TR","Turkey",2005,64.94
"TR","Turkey",2006,65.22
"TR","Turkey",2007,65.49
"TR","Turkey",2008,65.75
"TR","Turkey",2009,66
"TR","Turkey",2010,66.25
"TR","Turkey",2011,66.5
"TR","Turkey",2012,66.74
"TM","Turkmenistan",2005,62.75
"TM","Turkmenistan",2006,63.58
"TM","Turkmenistan",2007,64.46
"TM","Turkmenistan",2008,65.31
"TM","Turkmenistan",2009,66.06
"TM","Turkmenistan",2010,66.65
"TM","Turkmenistan",2011,67.05
"TM","Turkmenistan",2012,67.3
"TV","Tuvalu",2005,
"TV","Tuvalu",2006,
"TV","Tuvalu",2007,
"TV","Tuvalu",2008,
"TV","Tuvalu",2009,
"TV","Tuvalu",2010,
"TV","Tuvalu",2011,
"TV","Tuvalu",2012,
"UG","Uganda",2005,48.15
"UG","Uganda",2006,48.22
"UG","Uganda",2007,48.32
"UG","Uganda",2008,48.43
"UG","Uganda",2009,48.55
"UG","Uganda",2010,48.69
"UG","Uganda",2011,48.85
"UG","Uganda",2012,49.03
"UA","Ukraine",2005,69.52
"UA","Ukraine",2006,69.67
"UA","Ukraine",2007,69.84
"UA","Ukraine",2008,70.02
"UA","Ukraine",2009,70.19
"UA","Ukraine",2010,70.32
"UA","Ukraine",2011,70.43
"UA","Ukraine",2012,70.52
"UY","Uruguay",2005,62.69
"UY","Uruguay",2006,62.85
"UY","Uruguay",2007,63.03
"UY","Uruguay",2008,63.24
"UY","Uruguay",2009,63.44
"UY","Uruguay",2010,63.62
"UY","Uruguay",2011,63.78
"UY","Uruguay",2012,63.93
"UZ","Uzbekistan",2005,62.04
"UZ","Uzbekistan",2006,62.85
"UZ","Uzbekistan",2007,63.68
"UZ","Uzbekistan",2008,64.47
"UZ","Uzbekistan",2009,65.2
"UZ","Uzbekistan",2010,65.84
"UZ","Uzbekistan",2011,66.37
"UZ","Uzbekistan",2012,66.82
"VU","Vanuatu",2005,57.03
"VU","Vanuatu",2006,57.22
"VU","Vanuatu",2007,57.34
"VU","Vanuatu",2008,57.45
"VU","Vanuatu",2009,57.6
"VU","Vanuatu",2010,57.85
"VU","Vanuatu",2011,58.21
"VU","Vanuatu",2012,58.65
"VE","Venezuela",2005,63.7
"VE","Venezuela",2006,64.01
"VE","Venezuela",2007,64.28
"VE","Venezuela",2008,64.52
"VE","Venezuela",2009,64.72
"VE","Venezuela",2010,64.9
"VE","Venezuela",2011,65.05
"VE","Venezuela",2012,65.18
"VN","Viet Nam",2005,66.31
"VN","Viet Nam",2006,67.17
"VN","Viet Nam",2007,68.01
"VN","Viet Nam",2008,68.78
"VN","Viet Nam",2009,69.44
"VN","Viet Nam",2010,69.97
"VN","Viet Nam",2011,70.34
"VN","Viet Nam",2012,70.58
"YE","Yemen",2005,51.68
"YE","Yemen",2006,52.42
"YE","Yemen",2007,53.18
"YE","Yemen",2008,53.93
"YE","Yemen",2009,54.65
"YE","Yemen",2010,55.32
"YE","Yemen",2011,55.92
"YE","Yemen",2012,56.47
"ZM","Zambia",2005,50.56
"ZM","Zambia",2006,50.46
"ZM","Zambia",2007,50.39
"ZM","Zambia",2008,50.37
"ZM","Zambia",2009,50.38
"ZM","Zambia",2010,50.43
"ZM","Zambia",2011,50.52
"ZM","Zambia",2012,50.64
"ZW","Zimbabwe",2005,54.84
"ZW","Zimbabwe",2006,54.75
"ZW","Zimbabwe",2007,54.62
"ZW","Zimbabwe",2008,54.52
"ZW","Zimbabwe",2009,54.56
"ZW","Zimbabwe",2010,54.78
"ZW","Zimbabwe",2011,55.22
"ZW","Zimbabwe",2012,55.82
