"di_id","entity_name","year","value"
"AF","Afghanistan",2000,99.86
"AF","Afghanistan",2001,99.82
"AF","Afghanistan",2002,95.78
"AF","Afghanistan",2003,95.15
"AF","Afghanistan",2004,90.04
"AF","Afghanistan",2005,87.44
"AF","Afghanistan",2006,88.62
"AF","Afghanistan",2007,95.16
"AF","Afghanistan",2008,94.92
"AF","Afghanistan",2009,91.92
"AF","Afghanistan",2010,90.86
"AF","Afghanistan",2011,93.92
"AF","Afghanistan",2012,91.97
"AF","Afghanistan",2013,89.22
"AF","Afghanistan",2014,91.67
"AF","Afghanistan",2015,86.55
"AF","Afghanistan",2016,85.98
"AL","Albania",2000,18.32
"AL","Albania",2001,14.8
"AL","Albania",2002,16.87
"AL","Albania",2003,16.04
"AL","Albania",2004,12.15
"AL","Albania",2005,10.42
"AL","Albania",2006,11.04
"AL","Albania",2007,8.68
"AL","Albania",2008,7.33
"AL","Albania",2009,7.8
"AL","Albania",2010,7.74
"AL","Albania",2011,8.1
"AL","Albania",2012,7.81
"AL","Albania",2013,6.12
"AL","Albania",2014,7.27
"AL","Albania",2015,7.5
"AL","Albania",2016,6.29
"DZ","Algeria",2000,9.22
"DZ","Algeria",2001,6.89
"DZ","Algeria",2002,4.9
"DZ","Algeria",2003,4.39
"DZ","Algeria",2004,5.07
"DZ","Algeria",2005,6.72
"DZ","Algeria",2006,8.45
"DZ","Algeria",2007,7.16
"DZ","Algeria",2008,5.8
"DZ","Algeria",2009,4.33
"DZ","Algeria",2010,5.29
"DZ","Algeria",2011,6.92
"DZ","Algeria",2012,8.16
"DZ","Algeria",2013,9.08
"DZ","Algeria",2014,6.62
"DZ","Algeria",2015,7.81
"DZ","Algeria",2016,3.93
"AO","Angola",2000,4.46
"AO","Angola",2001,3.23
"AO","Angola",2002,2.88
"AO","Angola",2003,1.88
"AO","Angola",2004,7.37
"AO","Angola",2005,2.49
"AO","Angola",2006,2.91
"AO","Angola",2007,2.09
"AO","Angola",2008,1.91
"AO","Angola",2009,1.8
"AO","Angola",2010,1.74
"AO","Angola",2011,1.46
"AO","Angola",2012,1.69
"AO","Angola",2013,1.71
"AO","Angola",2014,1.29
"AO","Angola",2015,2.36
"AO","Angola",2016,0.95
"AG","Antigua & Barbuda",2000,2.94
"AG","Antigua & Barbuda",2001,2.25
"AG","Antigua & Barbuda",2002,3.86
"AG","Antigua & Barbuda",2003,1.11
"AG","Antigua & Barbuda",2004,0.69
"AG","Antigua & Barbuda",2005,1.34
"AG","Antigua & Barbuda",2006,0.48
"AG","Antigua & Barbuda",2007,0.66
"AG","Antigua & Barbuda",2008,1.04
"AG","Antigua & Barbuda",2009,1
"AG","Antigua & Barbuda",2010,3.7
"AG","Antigua & Barbuda",2011,2.78
"AG","Antigua & Barbuda",2012,0.51
"AG","Antigua & Barbuda",2013,0.52
"AG","Antigua & Barbuda",2014,0.31
"AG","Antigua & Barbuda",2015,0.31
"AG","Antigua & Barbuda",2016,0.84
"AR","Argentina",2000,0.46
"AR","Argentina",2001,2.7
"AR","Argentina",2002,1.13
"AR","Argentina",2003,0.81
"AR","Argentina",2004,0.47
"AR","Argentina",2005,0.18
"AR","Argentina",2006,0.39
"AR","Argentina",2007,0.36
"AR","Argentina",2008,0.45
"AR","Argentina",2009,0.59
"AR","Argentina",2010,0.44
"AR","Argentina",2011,0.3
"AR","Argentina",2012,0.64
"AR","Argentina",2013,0.22
"AR","Argentina",2014,0.24
"AR","Argentina",2015,0.28
"AR","Argentina",2016,0.11
"AM","Armenia",2000,35.57
"AM","Armenia",2001,36.29
"AM","Armenia",2002,27.96
"AM","Armenia",2003,21.9
"AM","Armenia",2004,16.59
"AM","Armenia",2005,9.05
"AM","Armenia",2006,8.98
"AM","Armenia",2007,9.7
"AM","Armenia",2008,8.76
"AM","Armenia",2009,12.98
"AM","Armenia",2010,7.51
"AM","Armenia",2011,8.45
"AM","Armenia",2012,6.68
"AM","Armenia",2013,4.9
"AM","Armenia",2014,5.47
"AM","Armenia",2015,8.29
"AM","Armenia",2016,7.71
"AZ","Azerbaijan",2000,11.37
"AZ","Azerbaijan",2001,27.06
"AZ","Azerbaijan",2002,13.06
"AZ","Azerbaijan",2003,5
"AZ","Azerbaijan",2004,3.33
"AZ","Azerbaijan",2005,6.25
"AZ","Azerbaijan",2006,11.37
"AZ","Azerbaijan",2007,10.01
"AZ","Azerbaijan",2008,11.26
"AZ","Azerbaijan",2009,9
"AZ","Azerbaijan",2010,4.84
"AZ","Azerbaijan",2011,6.65
"AZ","Azerbaijan",2012,4.97
"AZ","Azerbaijan",2013,5.8
"AZ","Azerbaijan",2014,3.91
"AZ","Azerbaijan",2015,1.62
"AZ","Azerbaijan",2016,1.47
"BD","Bangladesh",2000,31.75
"BD","Bangladesh",2001,29.85
"BD","Bangladesh",2002,22.66
"BD","Bangladesh",2003,25.54
"BD","Bangladesh",2004,24.1
"BD","Bangladesh",2005,16.67
"BD","Bangladesh",2006,14.44
"BD","Bangladesh",2007,14.44
"BD","Bangladesh",2008,15.99
"BD","Bangladesh",2009,9.65
"BD","Bangladesh",2010,10.21
"BD","Bangladesh",2011,9.93
"BD","Bangladesh",2012,11.13
"BD","Bangladesh",2013,10.95
"BD","Bangladesh",2014,11.47
"BD","Bangladesh",2015,12.66
"BD","Bangladesh",2016,14.1
"BY","Belarus",2000,0
"BY","Belarus",2001,0
"BY","Belarus",2002,0
"BY","Belarus",2003,0
"BY","Belarus",2004,0
"BY","Belarus",2005,2.75
"BY","Belarus",2006,2.76
"BY","Belarus",2007,1.04
"BY","Belarus",2008,1.69
"BY","Belarus",2009,1.54
"BY","Belarus",2010,1.66
"BY","Belarus",2011,1.02
"BY","Belarus",2012,1.64
"BY","Belarus",2013,1.19
"BY","Belarus",2014,1.6
"BY","Belarus",2015,1.62
"BY","Belarus",2016,1.81
"BZ","Belize",2000,6.41
"BZ","Belize",2001,8.89
"BZ","Belize",2002,10.19
"BZ","Belize",2003,3.71
"BZ","Belize",2004,2.24
"BZ","Belize",2005,2.53
"BZ","Belize",2006,2.32
"BZ","Belize",2007,2.22
"BZ","Belize",2008,3.63
"BZ","Belize",2009,4.93
"BZ","Belize",2010,4.78
"BZ","Belize",2011,4.97
"BZ","Belize",2012,4.64
"BZ","Belize",2013,7.14
"BZ","Belize",2014,5.31
"BZ","Belize",2015,5.24
"BZ","Belize",2016,7.22
"BJ","Benin",2000,49.68
"BJ","Benin",2001,53.78
"BJ","Benin",2002,54.58
"BJ","Benin",2003,59.94
"BJ","Benin",2004,60.95
"BJ","Benin",2005,53.98
"BJ","Benin",2006,76.33
"BJ","Benin",2007,36.21
"BJ","Benin",2008,51.59
"BJ","Benin",2009,57.42
"BJ","Benin",2010,52.84
"BJ","Benin",2011,50.78
"BJ","Benin",2012,43.75
"BJ","Benin",2013,44.95
"BJ","Benin",2014,39.81
"BJ","Benin",2015,39.23
"BJ","Benin",2016,51.22
"BT","Bhutan",2000,61.3
"BT","Bhutan",2001,44.56
"BT","Bhutan",2002,40.36
"BT","Bhutan",2003,37.49
"BT","Bhutan",2004,38.05
"BT","Bhutan",2005,44.75
"BT","Bhutan",2006,36.82
"BT","Bhutan",2007,46.58
"BT","Bhutan",2008,49.84
"BT","Bhutan",2009,35.96
"BT","Bhutan",2010,29.63
"BT","Bhutan",2011,28.29
"BT","Bhutan",2012,21.95
"BT","Bhutan",2013,23.85
"BT","Bhutan",2014,20.29
"BT","Bhutan",2015,18.67
"BT","Bhutan",2016,9.56
"BO","Bolivia",2000,20.47
"BO","Bolivia",2001,31.13
"BO","Bolivia",2002,32.64
"BO","Bolivia",2003,36.3
"BO","Bolivia",2004,40.94
"BO","Bolivia",2005,23.22
"BO","Bolivia",2006,43.09
"BO","Bolivia",2007,28.37
"BO","Bolivia",2008,11.68
"BO","Bolivia",2009,18.09
"BO","Bolivia",2010,20.23
"BO","Bolivia",2011,16.77
"BO","Bolivia",2012,13.81
"BO","Bolivia",2013,12.44
"BO","Bolivia",2014,14.63
"BO","Bolivia",2015,19.16
"BO","Bolivia",2016,17.66
"BA","Bosnia & Herzegovina",2000,21.38
"BA","Bosnia & Herzegovina",2001,20.24
"BA","Bosnia & Herzegovina",2002,15.61
"BA","Bosnia & Herzegovina",2003,13.9
"BA","Bosnia & Herzegovina",2004,13.59
"BA","Bosnia & Herzegovina",2005,8.89
"BA","Bosnia & Herzegovina",2006,8.72
"BA","Bosnia & Herzegovina",2007,6.75
"BA","Bosnia & Herzegovina",2008,6.83
"BA","Bosnia & Herzegovina",2009,9.12
"BA","Bosnia & Herzegovina",2010,14.39
"BA","Bosnia & Herzegovina",2011,14.96
"BA","Bosnia & Herzegovina",2012,12.8
"BA","Bosnia & Herzegovina",2013,12.24
"BA","Bosnia & Herzegovina",2014,16.41
"BA","Bosnia & Herzegovina",2015,12.12
"BA","Bosnia & Herzegovina",2016,14.69
"BW","Botswana",2000,10.6
"BW","Botswana",2001,12
"BW","Botswana",2002,5.56
"BW","Botswana",2003,4.39
"BW","Botswana",2004,6.16
"BW","Botswana",2005,6.2
"BW","Botswana",2006,7.04
"BW","Botswana",2007,8.85
"BW","Botswana",2008,35.39
"BW","Botswana",2009,13.46
"BW","Botswana",2010,13.17
"BW","Botswana",2011,5.21
"BW","Botswana",2012,6.42
"BW","Botswana",2013,8.47
"BW","Botswana",2014,6.31
"BW","Botswana",2015,4.21
"BW","Botswana",2016,7.87
"BR","Brazil",2000,0.31
"BR","Brazil",2001,0.4
"BR","Brazil",2002,0.44
"BR","Brazil",2003,0.46
"BR","Brazil",2004,0.38
"BR","Brazil",2005,0.48
"BR","Brazil",2006,0.33
"BR","Brazil",2007,0.26
"BR","Brazil",2008,0.45
"BR","Brazil",2009,0.4
"BR","Brazil",2010,0.28
"BR","Brazil",2011,0.51
"BR","Brazil",2012,1.08
"BR","Brazil",2013,0.74
"BR","Brazil",2014,0.52
"BR","Brazil",2015,0.63
"BR","Brazil",2016,0.46
"BF","Burkina Faso",2000,70.13
"BF","Burkina Faso",2001,77.59
"BF","Burkina Faso",2002,78.24
"BF","Burkina Faso",2003,79.43
"BF","Burkina Faso",2004,76.7
"BF","Burkina Faso",2005,82.72
"BF","Burkina Faso",2006,88.35
"BF","Burkina Faso",2007,58.13
"BF","Burkina Faso",2008,75.39
"BF","Burkina Faso",2009,77.83
"BF","Burkina Faso",2010,74.49
"BF","Burkina Faso",2011,68.17
"BF","Burkina Faso",2012,64.43
"BF","Burkina Faso",2013,52.63
"BF","Burkina Faso",2014,52.5
"BF","Burkina Faso",2015,56.16
"BF","Burkina Faso",2016,58.05
"BI","Burundi",2000,82.39
"BI","Burundi",2001,85.31
"BI","Burundi",2002,95.07
"BI","Burundi",2003,87.09
"BI","Burundi",2004,97.3
"BI","Burundi",2005,98.84
"BI","Burundi",2006,98.49
"BI","Burundi",2007,98.38
"BI","Burundi",2008,93.29
"BI","Burundi",2009,94.41
"BI","Burundi",2010,90.59
"BI","Burundi",2011,88.31
"BI","Burundi",2012,82.54
"BI","Burundi",2013,82.98
"BI","Burundi",2014,73.73
"BI","Burundi",2015,83.26
"BI","Burundi",2016,92.81
"KH","Cambodia",2000,34.12
"KH","Cambodia",2001,32.72
"KH","Cambodia",2002,33.75
"KH","Cambodia",2003,35.94
"KH","Cambodia",2004,25.55
"KH","Cambodia",2005,20.58
"KH","Cambodia",2006,19.86
"KH","Cambodia",2007,18.58
"KH","Cambodia",2008,18.47
"KH","Cambodia",2009,16.2
"KH","Cambodia",2010,14.15
"KH","Cambodia",2011,13.27
"KH","Cambodia",2012,8.84
"KH","Cambodia",2013,10.41
"KH","Cambodia",2014,10.09
"KH","Cambodia",2015,8.68
"KH","Cambodia",2016,9.8
"CM","Cameroon",2000,46.9
"CM","Cameroon",2001,61.24
"CM","Cameroon",2002,36.76
"CM","Cameroon",2003,54.06
"CM","Cameroon",2004,56.75
"CM","Cameroon",2005,44.5
"CM","Cameroon",2006,86.17
"CM","Cameroon",2007,67.03
"CM","Cameroon",2008,71.33
"CM","Cameroon",2009,34.86
"CM","Cameroon",2010,56.77
"CM","Cameroon",2011,36.97
"CM","Cameroon",2012,26.13
"CM","Cameroon",2013,25.1
"CM","Cameroon",2014,26.38
"CM","Cameroon",2015,20.73
"CM","Cameroon",2016,35.6
"CV","Cape Verde",2000,32.4
"CV","Cape Verde",2001,27.13
"CV","Cape Verde",2002,26.75
"CV","Cape Verde",2003,32.36
"CV","Cape Verde",2004,28.48
"CV","Cape Verde",2005,26.37
"CV","Cape Verde",2006,19.92
"CV","Cape Verde",2007,19.36
"CV","Cape Verde",2008,24.09
"CV","Cape Verde",2009,24.32
"CV","Cape Verde",2010,32.01
"CV","Cape Verde",2011,24.51
"CV","Cape Verde",2012,25.12
"CV","Cape Verde",2013,24.99
"CV","Cape Verde",2014,21.49
"CV","Cape Verde",2015,19
"CV","Cape Verde",2016,14.6
"CF","CAR",2000,86.02
"CF","CAR",2001,83.67
"CF","CAR",2002,82.95
"CF","CAR",2003,70.76
"CF","CAR",2004,77.32
"CF","CAR",2005,80.3
"CF","CAR",2006,58.6
"CF","CAR",2007,71.35
"CF","CAR",2008,63.06
"CF","CAR",2009,84.1
"CF","CAR",2010,70.32
"CF","CAR",2011,68.3
"CF","CAR",2012,65.89
"CF","CAR",2013,82.94
"CF","CAR",2014,90.12
"CF","CAR",2015,95.35
"CF","CAR",2016,93.45
"TD","Chad",2000,41.46
"TD","Chad",2001,23.97
"TD","Chad",2002,17.11
"TD","Chad",2003,23
"TD","Chad",2004,40.44
"TD","Chad",2005,94.79
"TD","Chad",2006,92.9
"TD","Chad",2007,91.87
"TD","Chad",2008,55.65
"TD","Chad",2009,65.2
"TD","Chad",2010,49.02
"TD","Chad",2011,55.47
"TD","Chad",2012,48.19
"TD","Chad",2013,34.3
"TD","Chad",2014,82.14
"TD","Chad",2015,64.61
"TD","Chad",2016,52.86
"CL","Chile",2000,0.96
"CL","Chile",2001,1.21
"CL","Chile",2002,1.43
"CL","Chile",2003,0.9
"CL","Chile",2004,0.8
"CL","Chile",2005,1.26
"CL","Chile",2006,1
"CL","Chile",2007,0.68
"CL","Chile",2008,0.49
"CL","Chile",2009,0.49
"CL","Chile",2010,0.89
"CL","Chile",2011,0.72
"CL","Chile",2012,0.35
"CL","Chile",2013,0.31
"CL","Chile",2014,0.82
"CL","Chile",2015,0.42
"CL","Chile",2016,1.31
"CN","China",2000,1.54
"CN","China",2001,1.04
"CN","China",2002,1.29
"CN","China",2003,0.99
"CN","China",2004,0.96
"CN","China",2005,0.82
"CN","China",2006,0.7
"CN","China",2007,0.77
"CN","China",2008,0.89
"CN","China",2009,0.72
"CN","China",2010,0.35
"CN","China",2011,0.37
"CN","China",2012,0.58
"CN","China",2013,0.26
"CN","China",2014,0.23
"CN","China",2015,0.43
"CN","China",2016,0.35
"CO","Colombia",2000,2.75
"CO","Colombia",2001,3.3
"CO","Colombia",2002,4.67
"CO","Colombia",2003,5.12
"CO","Colombia",2004,3.6
"CO","Colombia",2005,2.97
"CO","Colombia",2006,4.41
"CO","Colombia",2007,3.08
"CO","Colombia",2008,4.48
"CO","Colombia",2009,4.05
"CO","Colombia",2010,2.73
"CO","Colombia",2011,3.09
"CO","Colombia",2012,2.31
"CO","Colombia",2013,2.35
"CO","Colombia",2014,3.23
"CO","Colombia",2015,3.34
"CO","Colombia",2016,2.67
"KM","Comoros",2000,47.34
"KM","Comoros",2001,68.91
"KM","Comoros",2002,61.96
"KM","Comoros",2003,56.56
"KM","Comoros",2004,50.13
"KM","Comoros",2005,21.94
"KM","Comoros",2006,23.89
"KM","Comoros",2007,27.39
"KM","Comoros",2008,23.54
"KM","Comoros",2009,26.97
"KM","Comoros",2010,33.83
"KM","Comoros",2011,24.47
"KM","Comoros",2012,40.19
"KM","Comoros",2013,60.03
"KM","Comoros",2014,37.55
"KM","Comoros",2015,33.92
"KM","Comoros",2016,24.93
"CG","Congo",2000,21.65
"CG","Congo",2001,20.29
"CG","Congo",2002,31.11
"CG","Congo",2003,9.72
"CG","Congo",2004,47.48
"CG","Congo",2005,49.23
"CG","Congo",2006,48.32
"CG","Congo",2007,10.56
"CG","Congo",2008,27.32
"CG","Congo",2009,22.58
"CG","Congo",2010,61.19
"CG","Congo",2011,20.05
"CG","Congo",2012,10.92
"CG","Congo",2013,7.3
"CG","Congo",2014,3.31
"CG","Congo",2015,5.81
"CG","Congo",2016,4.96
"CK","Cook Islands",2000,89.22
"CK","Cook Islands",2001,100
"CK","Cook Islands",2002,100
"CK","Cook Islands",2003,100
"CK","Cook Islands",2004,59.2
"CK","Cook Islands",2005,100
"CK","Cook Islands",2006,78.91
"CK","Cook Islands",2007,34.65
"CK","Cook Islands",2008,99.14
"CK","Cook Islands",2009,51.5
"CK","Cook Islands",2010,60.64
"CK","Cook Islands",2011,83.51
"CK","Cook Islands",2012,71.04
"CK","Cook Islands",2013,72.48
"CK","Cook Islands",2014,81.93
"CK","Cook Islands",2015,35
"CK","Cook Islands",2016,52.86
"CR","Costa Rica",2000,1.66
"CR","Costa Rica",2001,1.72
"CR","Costa Rica",2002,1.43
"CR","Costa Rica",2003,1.38
"CR","Costa Rica",2004,1.18
"CR","Costa Rica",2005,0.78
"CR","Costa Rica",2006,0.76
"CR","Costa Rica",2007,1.27
"CR","Costa Rica",2008,1.06
"CR","Costa Rica",2009,1.63
"CR","Costa Rica",2010,1.59
"CR","Costa Rica",2011,0.7
"CR","Costa Rica",2012,0.56
"CR","Costa Rica",2013,0.51
"CR","Costa Rica",2014,0.65
"CR","Costa Rica",2015,1.19
"CR","Costa Rica",2016,1.12
"CI","Côte d'Ivoire",2000,42.74
"CI","Côte d'Ivoire",2001,33.97
"CI","Côte d'Ivoire",2002,59.9
"CI","Côte d'Ivoire",2003,46.4
"CI","Côte d'Ivoire",2004,34.4
"CI","Côte d'Ivoire",2005,23.4
"CI","Côte d'Ivoire",2006,16.68
"CI","Côte d'Ivoire",2007,24.99
"CI","Côte d'Ivoire",2008,38.42
"CI","Côte d'Ivoire",2009,57.81
"CI","Côte d'Ivoire",2010,39.02
"CI","Côte d'Ivoire",2011,43.61
"CI","Côte d'Ivoire",2012,45.81
"CI","Côte d'Ivoire",2013,36.04
"CI","Côte d'Ivoire",2014,33.58
"CI","Côte d'Ivoire",2015,20.66
"CI","Côte d'Ivoire",2016,31.54
"CU","Cuba",2000,2.22
"CU","Cuba",2001,2.85
"CU","Cuba",2002,3.37
"CU","Cuba",2003,3.29
"CU","Cuba",2004,3.71
"CU","Cuba",2005,2.59
"CU","Cuba",2006,2.85
"CU","Cuba",2007,3.22
"CU","Cuba",2008,3.52
"CU","Cuba",2009,3.74
"CU","Cuba",2010,4.16
"CU","Cuba",2011,2.68
"CU","Cuba",2012,2.66
"CU","Cuba",2013,3.13
"CU","Cuba",2014,7.09
"CU","Cuba",2015,15.81
"CU","Cuba",2016,41.59
"DJ","Djibouti",2000,50.36
"DJ","Djibouti",2001,68.39
"DJ","Djibouti",2002,65.97
"DJ","Djibouti",2003,55.54
"DJ","Djibouti",2004,29.44
"DJ","Djibouti",2005,33.38
"DJ","Djibouti",2006,26.81
"DJ","Djibouti",2007,22.38
"DJ","Djibouti",2008,27.3
"DJ","Djibouti",2009,37.58
"DJ","Djibouti",2010,47.35
"DJ","Djibouti",2011,43.2
"DJ","Djibouti",2012,38.66
"DJ","Djibouti",2013,25.92
"DJ","Djibouti",2014,29.11
"DJ","Djibouti",2015,24.88
"DJ","Djibouti",2016,22.34
"DM","Dominica",2000,12.1
"DM","Dominica",2001,18.93
"DM","Dominica",2002,19.74
"DM","Dominica",2003,7.39
"DM","Dominica",2004,20.75
"DM","Dominica",2005,16.54
"DM","Dominica",2006,13.59
"DM","Dominica",2007,11.84
"DM","Dominica",2008,10.66
"DM","Dominica",2009,17.3
"DM","Dominica",2010,14.07
"DM","Dominica",2011,12.11
"DM","Dominica",2012,12.49
"DM","Dominica",2013,13.17
"DM","Dominica",2014,6.29
"DM","Dominica",2015,6.6
"DM","Dominica",2016,5.42
"DO","Dominican Republic",2000,2.04
"DO","Dominican Republic",2001,2.3
"DO","Dominican Republic",2002,2.48
"DO","Dominican Republic",2003,1.27
"DO","Dominican Republic",2004,1.36
"DO","Dominican Republic",2005,1.68
"DO","Dominican Republic",2006,1.88
"DO","Dominican Republic",2007,1.87
"DO","Dominican Republic",2008,1.79
"DO","Dominican Republic",2009,1.71
"DO","Dominican Republic",2010,1.85
"DO","Dominican Republic",2011,2.15
"DO","Dominican Republic",2012,2.28
"DO","Dominican Republic",2013,1.34
"DO","Dominican Republic",2014,1.25
"DO","Dominican Republic",2015,1.71
"DO","Dominican Republic",2016,1.34
"CD","DRC",2000,71.21
"CD","DRC",2001,63.53
"CD","DRC",2002,84.46
"CD","DRC",2003,57.2
"CD","DRC",2004,69.86
"CD","DRC",2005,78.23
"CD","DRC",2006,79.69
"CD","DRC",2007,34.35
"CD","DRC",2008,43.17
"CD","DRC",2009,70.84
"CD","DRC",2010,50.28
"CD","DRC",2011,72.91
"CD","DRC",2012,40.06
"CD","DRC",2013,45.25
"CD","DRC",2014,50.72
"CD","DRC",2015,57.17
"CD","DRC",2016,63.92
"EC","Ecuador",2000,3.77
"EC","Ecuador",2001,3.39
"EC","Ecuador",2002,3.44
"EC","Ecuador",2003,3.58
"EC","Ecuador",2004,2.96
"EC","Ecuador",2005,3.44
"EC","Ecuador",2006,2.77
"EC","Ecuador",2007,2.62
"EC","Ecuador",2008,3.66
"EC","Ecuador",2009,4.45
"EC","Ecuador",2010,3.04
"EC","Ecuador",2011,2.75
"EC","Ecuador",2012,3.11
"EC","Ecuador",2013,2.27
"EC","Ecuador",2014,1.57
"EC","Ecuador",2015,3.04
"EC","Ecuador",2016,1.98
"EG","Egypt",2000,13.07
"EG","Egypt",2001,12.21
"EG","Egypt",2002,12.29
"EG","Egypt",2003,8.62
"EG","Egypt",2004,6.89
"EG","Egypt",2005,3.76
"EG","Egypt",2006,3.13
"EG","Egypt",2007,3.09
"EG","Egypt",2008,4.6
"EG","Egypt",2009,4.3
"EG","Egypt",2010,2.88
"EG","Egypt",2011,3.72
"EG","Egypt",2012,4.93
"EG","Egypt",2013,12.39
"EG","Egypt",2014,10.34
"EG","Egypt",2015,7.7
"EG","Egypt",2016,6.18
"SV","El Salvador",2000,5.29
"SV","El Salvador",2001,6.73
"SV","El Salvador",2002,5.84
"SV","El Salvador",2003,4.78
"SV","El Salvador",2004,4.76
"SV","El Salvador",2005,3.76
"SV","El Salvador",2006,3.06
"SV","El Salvador",2007,3.05
"SV","El Salvador",2008,3.57
"SV","El Salvador",2009,4.86
"SV","El Salvador",2010,6.39
"SV","El Salvador",2011,5.24
"SV","El Salvador",2012,3.79
"SV","El Salvador",2013,3.06
"SV","El Salvador",2014,1.82
"SV","El Salvador",2015,2.09
"SV","El Salvador",2016,2.66
"GQ","Equatorial Guinea",2000,9.87
"GQ","Equatorial Guinea",2001,1.24
"GQ","Equatorial Guinea",2002,4.01
"GQ","Equatorial Guinea",2003,2.6
"GQ","Equatorial Guinea",2004,10.33
"GQ","Equatorial Guinea",2005,5.06
"GQ","Equatorial Guinea",2006,5.16
"GQ","Equatorial Guinea",2007,3.06
"GQ","Equatorial Guinea",2008,100
"GQ","Equatorial Guinea",2009,2.25
"GQ","Equatorial Guinea",2010,3.99
"GQ","Equatorial Guinea",2011,2.09
"GQ","Equatorial Guinea",2012,3.04
"GQ","Equatorial Guinea",2013,2.62
"GQ","Equatorial Guinea",2014,7.55
"GQ","Equatorial Guinea",2015,4.67
"GQ","Equatorial Guinea",2016,15.58
"ER","Eritrea",2000,35.47
"ER","Eritrea",2001,47.57
"ER","Eritrea",2002,34.39
"ER","Eritrea",2003,41.76
"ER","Eritrea",2004,35.73
"ER","Eritrea",2005,61.51
"ER","Eritrea",2006,32.08
"ER","Eritrea",2007,36.63
"ER","Eritrea",2008,24.19
"ER","Eritrea",2009,28.83
"ER","Eritrea",2010,47.66
"ER","Eritrea",2011,64.85
"ER","Eritrea",2012,65.85
"ER","Eritrea",2013,45.61
"ER","Eritrea",2014,40.18
"ER","Eritrea",2015,53.78
"ER","Eritrea",2016,38.4
"ET","Ethiopia",2000,53.81
"ET","Ethiopia",2001,53.39
"ET","Ethiopia",2002,55.86
"ET","Ethiopia",2003,46.29
"ET","Ethiopia",2004,42.86
"ET","Ethiopia",2005,48.69
"ET","Ethiopia",2006,71.71
"ET","Ethiopia",2007,52.45
"ET","Ethiopia",2008,58.63
"ET","Ethiopia",2009,50.51
"ET","Ethiopia",2010,40.95
"ET","Ethiopia",2011,34.18
"ET","Ethiopia",2012,36.18
"ET","Ethiopia",2013,35.89
"ET","Ethiopia",2014,23.86
"ET","Ethiopia",2015,24.56
"ET","Ethiopia",2016,32.75
"FJ","Fiji",2000,6.13
"FJ","Fiji",2001,4.45
"FJ","Fiji",2002,4.65
"FJ","Fiji",2003,5.49
"FJ","Fiji",2004,4.96
"FJ","Fiji",2005,4.85
"FJ","Fiji",2006,3.36
"FJ","Fiji",2007,3.47
"FJ","Fiji",2008,2.85
"FJ","Fiji",2009,4.64
"FJ","Fiji",2010,3.89
"FJ","Fiji",2011,2.82
"FJ","Fiji",2012,4.8
"FJ","Fiji",2013,4.63
"FJ","Fiji",2014,4.46
"FJ","Fiji",2015,5.65
"FJ","Fiji",2016,20.29
"GA","Gabon",2000,29.61
"GA","Gabon",2001,22.98
"GA","Gabon",2002,30
"GA","Gabon",2003,25.77
"GA","Gabon",2004,17.43
"GA","Gabon",2005,13
"GA","Gabon",2006,18.64
"GA","Gabon",2007,6.82
"GA","Gabon",2008,12.43
"GA","Gabon",2009,10.96
"GA","Gabon",2010,11.86
"GA","Gabon",2011,9.14
"GA","Gabon",2012,8.61
"GA","Gabon",2013,3.93
"GA","Gabon",2014,8.57
"GA","Gabon",2015,6.48
"GA","Gabon",2016,4.91
"GM","Gambia",2000,62.78
"GM","Gambia",2001,68.8
"GM","Gambia",2002,54.41
"GM","Gambia",2003,34.59
"GM","Gambia",2004,30.31
"GM","Gambia",2005,28.5
"GM","Gambia",2006,28.86
"GM","Gambia",2007,59.81
"GM","Gambia",2008,36.76
"GM","Gambia",2009,39.3
"GM","Gambia",2010,34.13
"GM","Gambia",2011,36.02
"GM","Gambia",2012,31.51
"GM","Gambia",2013,27.01
"GM","Gambia",2014,22.88
"GM","Gambia",2015,28.57
"GM","Gambia",2016,23.85
"GE","Georgia",2000,17.65
"GE","Georgia",2001,28.23
"GE","Georgia",2002,28.72
"GE","Georgia",2003,17.94
"GE","Georgia",2004,18.28
"GE","Georgia",2005,17.45
"GE","Georgia",2006,11.35
"GE","Georgia",2007,10.32
"GE","Georgia",2008,19.49
"GE","Georgia",2009,21.23
"GE","Georgia",2010,14.45
"GE","Georgia",2011,10.82
"GE","Georgia",2012,11.91
"GE","Georgia",2013,11.97
"GE","Georgia",2014,9.41
"GE","Georgia",2015,6.63
"GE","Georgia",2016,6.07
"GH","Ghana",2000,39.7
"GH","Ghana",2001,37.04
"GH","Ghana",2002,41.71
"GH","Ghana",2003,49.77
"GH","Ghana",2004,57.64
"GH","Ghana",2005,39.58
"GH","Ghana",2006,67.85
"GH","Ghana",2007,27.19
"GH","Ghana",2008,32.23
"GH","Ghana",2009,20.63
"GH","Ghana",2010,26.15
"GH","Ghana",2011,20.14
"GH","Ghana",2012,18.62
"GH","Ghana",2013,11.93
"GH","Ghana",2014,9.69
"GH","Ghana",2015,14.01
"GH","Ghana",2016,13.58
"GD","Grenada",2000,6.83
"GD","Grenada",2001,5.73
"GD","Grenada",2002,4.4
"GD","Grenada",2003,4.34
"GD","Grenada",2004,5.24
"GD","Grenada",2005,18.46
"GD","Grenada",2006,8.82
"GD","Grenada",2007,6.93
"GD","Grenada",2008,8.5
"GD","Grenada",2009,13.7
"GD","Grenada",2010,13.01
"GD","Grenada",2011,6.79
"GD","Grenada",2012,3.8
"GD","Grenada",2013,6.05
"GD","Grenada",2014,6.93
"GD","Grenada",2015,5.47
"GD","Grenada",2016,1.83
"GT","Guatemala",2000,10.55
"GT","Guatemala",2001,7.44
"GT","Guatemala",2002,7.11
"GT","Guatemala",2003,4.6
"GT","Guatemala",2004,3.71
"GT","Guatemala",2005,3.22
"GT","Guatemala",2006,4.5
"GT","Guatemala",2007,3.79
"GT","Guatemala",2008,4.81
"GT","Guatemala",2009,4.1
"GT","Guatemala",2010,3.79
"GT","Guatemala",2011,3.7
"GT","Guatemala",2012,2.98
"GT","Guatemala",2013,3.39
"GT","Guatemala",2014,2.25
"GT","Guatemala",2015,3.54
"GT","Guatemala",2016,2.26
"GN","Guinea",2000,83.26
"GN","Guinea",2001,94.63
"GN","Guinea",2002,74.16
"GN","Guinea",2003,63.42
"GN","Guinea",2004,53.29
"GN","Guinea",2005,36.94
"GN","Guinea",2006,52.99
"GN","Guinea",2007,43.39
"GN","Guinea",2008,57.35
"GN","Guinea",2009,55.71
"GN","Guinea",2010,51.36
"GN","Guinea",2011,21.8
"GN","Guinea",2012,44.84
"GN","Guinea",2013,74.02
"GN","Guinea",2014,71.24
"GN","Guinea",2015,70.86
"GN","Guinea",2016,76.89
"GW","Guinea-Bissau",2000,85.21
"GW","Guinea-Bissau",2001,79.94
"GW","Guinea-Bissau",2002,64.25
"GW","Guinea-Bissau",2003,79.5
"GW","Guinea-Bissau",2004,59.53
"GW","Guinea-Bissau",2005,67.17
"GW","Guinea-Bissau",2006,62.7
"GW","Guinea-Bissau",2007,51.16
"GW","Guinea-Bissau",2008,56.18
"GW","Guinea-Bissau",2009,60.28
"GW","Guinea-Bissau",2010,71.4
"GW","Guinea-Bissau",2011,56.35
"GW","Guinea-Bissau",2012,54.72
"GW","Guinea-Bissau",2013,48.41
"GW","Guinea-Bissau",2014,42.33
"GW","Guinea-Bissau",2015,37.43
"GW","Guinea-Bissau",2016,63.78
"GY","Guyana",2000,37.16
"GY","Guyana",2001,40.5
"GY","Guyana",2002,29.91
"GY","Guyana",2003,34.9
"GY","Guyana",2004,35.02
"GY","Guyana",2005,28.27
"GY","Guyana",2006,40.45
"GY","Guyana",2007,41.13
"GY","Guyana",2008,15.43
"GY","Guyana",2009,15.61
"GY","Guyana",2010,15.9
"GY","Guyana",2011,9.28
"GY","Guyana",2012,10.06
"GY","Guyana",2013,8.1
"GY","Guyana",2014,12.57
"GY","Guyana",2015,8.11
"GY","Guyana",2016,15.62
"HT","Haiti",2000,20.04
"HT","Haiti",2001,14.33
"HT","Haiti",2002,12.86
"HT","Haiti",2003,12.5
"HT","Haiti",2004,16.1
"HT","Haiti",2005,24.58
"HT","Haiti",2006,23.77
"HT","Haiti",2007,29.84
"HT","Haiti",2008,29.38
"HT","Haiti",2009,40.64
"HT","Haiti",2010,61.38
"HT","Haiti",2011,39.9
"HT","Haiti",2012,32.59
"HT","Haiti",2013,28.93
"HT","Haiti",2014,26.41
"HT","Haiti",2015,26.68
"HT","Haiti",2016,26.14
"HN","Honduras",2000,23.86
"HN","Honduras",2001,31.54
"HN","Honduras",2002,18.86
"HN","Honduras",2003,14.92
"HN","Honduras",2004,16.33
"HN","Honduras",2005,22.91
"HN","Honduras",2006,27.06
"HN","Honduras",2007,21.53
"HN","Honduras",2008,8.99
"HN","Honduras",2009,8.27
"HN","Honduras",2010,10.06
"HN","Honduras",2011,9.15
"HN","Honduras",2012,8.09
"HN","Honduras",2013,7.44
"HN","Honduras",2014,8.9
"HN","Honduras",2015,7.64
"HN","Honduras",2016,6.95
"IN","India",2000,5.82
"IN","India",2001,7.17
"IN","India",2002,7.18
"IN","India",2003,3.42
"IN","India",2004,4.41
"IN","India",2005,3.92
"IN","India",2006,2.17
"IN","India",2007,1.54
"IN","India",2008,2.18
"IN","India",2009,2.54
"IN","India",2010,2.58
"IN","India",2011,2.76
"IN","India",2012,1.7
"IN","India",2013,2
"IN","India",2014,1.82
"IN","India",2015,2.61
"IN","India",2016,2.91
"ID","Indonesia",2000,8.77
"ID","Indonesia",2001,7.87
"ID","Indonesia",2002,7.47
"ID","Indonesia",2003,7.66
"ID","Indonesia",2004,4.02
"ID","Indonesia",2005,4.67
"ID","Indonesia",2006,5.42
"ID","Indonesia",2007,4.73
"ID","Indonesia",2008,5.85
"ID","Indonesia",2009,5.15
"ID","Indonesia",2010,4.41
"ID","Indonesia",2011,3.18
"ID","Indonesia",2012,2.03
"ID","Indonesia",2013,2.67
"ID","Indonesia",2014,1.72
"ID","Indonesia",2015,1.82
"ID","Indonesia",2016,1.95
"IR","Iran",2000,3.12
"IR","Iran",2001,2.59
"IR","Iran",2002,0.97
"IR","Iran",2003,0.73
"IR","Iran",2004,0.87
"IR","Iran",2005,0.75
"IR","Iran",2006,1.31
"IR","Iran",2007,1.55
"IR","Iran",2008,1.99
"IR","Iran",2009,1.3
"IR","Iran",2010,1.42
"IR","Iran",2011,2
"IR","Iran",2012,1.69
"IR","Iran",2013,1.76
"IR","Iran",2014,1.81
"IR","Iran",2015,1.38
"IR","Iran",2016,2.45
"IQ","Iraq",2000,95.5
"IQ","Iraq",2001,70.63
"IQ","Iraq",2002,43.42
"IQ","Iraq",2003,45.13
"IQ","Iraq",2004,88.57
"IQ","Iraq",2005,66.55
"IQ","Iraq",2006,87.3
"IQ","Iraq",2007,83.6
"IQ","Iraq",2008,66.98
"IQ","Iraq",2009,49.62
"IQ","Iraq",2010,42.48
"IQ","Iraq",2011,40.47
"IQ","Iraq",2012,25.15
"IQ","Iraq",2013,37.72
"IQ","Iraq",2014,37.67
"IQ","Iraq",2015,20.8
"IQ","Iraq",2016,29.88
"JM","Jamaica",2000,2.61
"JM","Jamaica",2001,3.3
"JM","Jamaica",2002,3.14
"JM","Jamaica",2003,1.6
"JM","Jamaica",2004,2.57
"JM","Jamaica",2005,2.29
"JM","Jamaica",2006,1.63
"JM","Jamaica",2007,1.22
"JM","Jamaica",2008,2.16
"JM","Jamaica",2009,2.82
"JM","Jamaica",2010,2.58
"JM","Jamaica",2011,1.93
"JM","Jamaica",2012,1.29
"JM","Jamaica",2013,2.34
"JM","Jamaica",2014,1.89
"JM","Jamaica",2015,1.13
"JM","Jamaica",2016,1.17
"JO","Jordan",2000,4.83
"JO","Jordan",2001,8.55
"JO","Jordan",2002,8.67
"JO","Jordan",2003,16.82
"JO","Jordan",2004,7.12
"JO","Jordan",2005,6.3
"JO","Jordan",2006,4.29
"JO","Jordan",2007,4.77
"JO","Jordan",2008,5.26
"JO","Jordan",2009,6.73
"JO","Jordan",2010,7.4
"JO","Jordan",2011,8.67
"JO","Jordan",2012,8.86
"JO","Jordan",2013,7.71
"JO","Jordan",2014,14.15
"JO","Jordan",2015,13.63
"JO","Jordan",2016,17.11
"KZ","Kazakhstan",2000,1.57
"KZ","Kazakhstan",2001,0.93
"KZ","Kazakhstan",2002,1.17
"KZ","Kazakhstan",2003,1.28
"KZ","Kazakhstan",2004,0.82
"KZ","Kazakhstan",2005,0.72
"KZ","Kazakhstan",2006,0.34
"KZ","Kazakhstan",2007,0.51
"KZ","Kazakhstan",2008,0.84
"KZ","Kazakhstan",2009,0.8
"KZ","Kazakhstan",2010,0.52
"KZ","Kazakhstan",2011,0.76
"KZ","Kazakhstan",2012,0.58
"KZ","Kazakhstan",2013,0.48
"KZ","Kazakhstan",2014,0.41
"KZ","Kazakhstan",2015,0.43
"KZ","Kazakhstan",2016,0.35
"KE","Kenya",2000,33.28
"KE","Kenya",2001,33.58
"KE","Kenya",2002,23.5
"KE","Kenya",2003,25.33
"KE","Kenya",2004,23.29
"KE","Kenya",2005,23.78
"KE","Kenya",2006,26.77
"KE","Kenya",2007,22
"KE","Kenya",2008,30.77
"KE","Kenya",2009,30.69
"KE","Kenya",2010,28.02
"KE","Kenya",2011,27.87
"KE","Kenya",2012,27.72
"KE","Kenya",2013,33.65
"KE","Kenya",2014,21.35
"KE","Kenya",2015,25.82
"KE","Kenya",2016,27.25
"KI","Kiribati",2000,79.56
"KI","Kiribati",2001,77.11
"KI","Kiribati",2002,98
"KI","Kiribati",2003,96.14
"KI","Kiribati",2004,87.86
"KI","Kiribati",2005,80.49
"KI","Kiribati",2006,59.22
"KI","Kiribati",2007,59.84
"KI","Kiribati",2008,61.28
"KI","Kiribati",2009,52.32
"KI","Kiribati",2010,53.83
"KI","Kiribati",2011,74.24
"KI","Kiribati",2012,74.65
"KI","Kiribati",2013,74.84
"KI","Kiribati",2014,74.28
"KI","Kiribati",2015,76.86
"KI","Kiribati",2016,71.63
"XK","Kosovo",2000,
"XK","Kosovo",2001,
"XK","Kosovo",2002,
"XK","Kosovo",2003,
"XK","Kosovo",2004,0
"XK","Kosovo",2005,0
"XK","Kosovo",2006,0
"XK","Kosovo",2007,0
"XK","Kosovo",2008,0
"XK","Kosovo",2009,30.62
"XK","Kosovo",2010,30.23
"XK","Kosovo",2011,31.37
"XK","Kosovo",2012,29.37
"XK","Kosovo",2013,30.79
"XK","Kosovo",2014,32.57
"XK","Kosovo",2015,28.11
"XK","Kosovo",2016,24.92
"KG","Kyrgyzstan",2000,49.07
"KG","Kyrgyzstan",2001,64.17
"KG","Kyrgyzstan",2002,44.07
"KG","Kyrgyzstan",2003,34.78
"KG","Kyrgyzstan",2004,18.74
"KG","Kyrgyzstan",2005,26.2
"KG","Kyrgyzstan",2006,18.93
"KG","Kyrgyzstan",2007,13.55
"KG","Kyrgyzstan",2008,11.18
"KG","Kyrgyzstan",2009,13.28
"KG","Kyrgyzstan",2010,13.11
"KG","Kyrgyzstan",2011,14.6
"KG","Kyrgyzstan",2012,13.45
"KG","Kyrgyzstan",2013,12.43
"KG","Kyrgyzstan",2014,15.41
"KG","Kyrgyzstan",2015,18.2
"KG","Kyrgyzstan",2016,14.02
"LA","Lao",2000,45.55
"LA","Lao",2001,38.03
"LA","Lao",2002,30.08
"LA","Lao",2003,44.36
"LA","Lao",2004,21.94
"LA","Lao",2005,19.08
"LA","Lao",2006,21.08
"LA","Lao",2007,13.35
"LA","Lao",2008,22.75
"LA","Lao",2009,19.98
"LA","Lao",2010,22.72
"LA","Lao",2011,15.13
"LA","Lao",2012,17.79
"LA","Lao",2013,12.52
"LA","Lao",2014,12.05
"LA","Lao",2015,11.82
"LA","Lao",2016,12.76
"LB","Lebanon",2000,4.5
"LB","Lebanon",2001,2.96
"LB","Lebanon",2002,1.47
"LB","Lebanon",2003,2.53
"LB","Lebanon",2004,1.07
"LB","Lebanon",2005,1.02
"LB","Lebanon",2006,3.25
"LB","Lebanon",2007,3.32
"LB","Lebanon",2008,3.68
"LB","Lebanon",2009,2.19
"LB","Lebanon",2010,1.91
"LB","Lebanon",2011,2.13
"LB","Lebanon",2012,3.1
"LB","Lebanon",2013,3.08
"LB","Lebanon",2014,4.1
"LB","Lebanon",2015,5.17
"LB","Lebanon",2016,5.89
"LS","Lesotho",2000,7.38
"LS","Lesotho",2001,12.98
"LS","Lesotho",2002,14.38
"LS","Lesotho",2003,12.37
"LS","Lesotho",2004,14.57
"LS","Lesotho",2005,12.93
"LS","Lesotho",2006,13.21
"LS","Lesotho",2007,19.1
"LS","Lesotho",2008,20.11
"LS","Lesotho",2009,19.39
"LS","Lesotho",2010,35.66
"LS","Lesotho",2011,32.31
"LS","Lesotho",2012,35.06
"LS","Lesotho",2013,39.86
"LS","Lesotho",2014,20.09
"LS","Lesotho",2015,15.28
"LS","Lesotho",2016,19.7
"LR","Liberia",2000,64.73
"LR","Liberia",2001,71.87
"LR","Liberia",2002,93.48
"LR","Liberia",2003,15.21
"LR","Liberia",2004,26.57
"LR","Liberia",2005,44.33
"LR","Liberia",2006,34.94
"LR","Liberia",2007,69.64
"LR","Liberia",2008,68.77
"LR","Liberia",2009,45.02
"LR","Liberia",2010,71.88
"LR","Liberia",2011,34.37
"LR","Liberia",2012,23.52
"LR","Liberia",2013,23.84
"LR","Liberia",2014,41.56
"LR","Liberia",2015,44.39
"LR","Liberia",2016,43.25
"LY","Libya",2000,0
"LY","Libya",2001,0
"LY","Libya",2002,0
"LY","Libya",2003,0
"LY","Libya",2004,0
"LY","Libya",2005,0.95
"LY","Libya",2006,1
"LY","Libya",2007,0.31
"LY","Libya",2008,1.5
"LY","Libya",2009,0.63
"LY","Libya",2010,1.25
"LY","Libya",2011,89.2
"LY","Libya",2012,8.8
"LY","Libya",2013,15.22
"LY","Libya",2014,73.66
"LY","Libya",2015,15.34
"LY","Libya",2016,26.89
"MK","Macedonia",2000,28.51
"MK","Macedonia",2001,21.64
"MK","Macedonia",2002,38.04
"MK","Macedonia",2003,30.3
"MK","Macedonia",2004,12.65
"MK","Macedonia",2005,21.19
"MK","Macedonia",2006,12.29
"MK","Macedonia",2007,6.91
"MK","Macedonia",2008,8.87
"MK","Macedonia",2009,9.06
"MK","Macedonia",2010,11.42
"MK","Macedonia",2011,7.89
"MK","Macedonia",2012,10.16
"MK","Macedonia",2013,10.47
"MK","Macedonia",2014,10.24
"MK","Macedonia",2015,12.45
"MK","Macedonia",2016,9.22
"MG","Madagascar",2000,54.61
"MG","Madagascar",2001,60.35
"MG","Madagascar",2002,66.88
"MG","Madagascar",2003,68.71
"MG","Madagascar",2004,62.34
"MG","Madagascar",2005,62.33
"MG","Madagascar",2006,72.98
"MG","Madagascar",2007,26.72
"MG","Madagascar",2008,20.58
"MG","Madagascar",2009,13.91
"MG","Madagascar",2010,18.17
"MG","Madagascar",2011,19.85
"MG","Madagascar",2012,18.02
"MG","Madagascar",2013,29.96
"MG","Madagascar",2014,31.8
"MG","Madagascar",2015,31.92
"MG","Madagascar",2016,27.77
"MW","Malawi",2000,89.52
"MW","Malawi",2001,89.74
"MW","Malawi",2002,83.89
"MW","Malawi",2003,84.09
"MW","Malawi",2004,76.89
"MW","Malawi",2005,79.44
"MW","Malawi",2006,96.12
"MW","Malawi",2007,85.38
"MW","Malawi",2008,79.34
"MW","Malawi",2009,86.36
"MW","Malawi",2010,88.68
"MW","Malawi",2011,78
"MW","Malawi",2012,85.96
"MW","Malawi",2013,64.09
"MW","Malawi",2014,60.17
"MW","Malawi",2015,76.63
"MW","Malawi",2016,75.1
"MY","Malaysia",2000,0.76
"MY","Malaysia",2001,0.65
"MY","Malaysia",2002,0.83
"MY","Malaysia",2003,0.91
"MY","Malaysia",2004,0.99
"MY","Malaysia",2005,0.68
"MY","Malaysia",2006,1.03
"MY","Malaysia",2007,0.81
"MY","Malaysia",2008,0.56
"MY","Malaysia",2009,0.69
"MY","Malaysia",2010,0.44
"MY","Malaysia",2011,0.43
"MY","Malaysia",2012,0.31
"MY","Malaysia",2013,0.43
"MY","Malaysia",2014,0.31
"MY","Malaysia",2015,0.25
"MY","Malaysia",2016,0.19
"MV","Maldives",2000,3.73
"MV","Maldives",2001,4.94
"MV","Maldives",2002,4.51
"MV","Maldives",2003,2.87
"MV","Maldives",2004,3.22
"MV","Maldives",2005,4.67
"MV","Maldives",2006,1.87
"MV","Maldives",2007,1.58
"MV","Maldives",2008,1.87
"MV","Maldives",2009,1.89
"MV","Maldives",2010,4.28
"MV","Maldives",2011,1.72
"MV","Maldives",2012,2.11
"MV","Maldives",2013,0.91
"MV","Maldives",2014,0.85
"MV","Maldives",2015,1.27
"MV","Maldives",2016,1.14
"ML","Mali",2000,55.96
"ML","Mali",2001,48.59
"ML","Mali",2002,38.15
"ML","Mali",2003,49.61
"ML","Mali",2004,53.57
"ML","Mali",2005,48.18
"ML","Mali",2006,81.36
"ML","Mali",2007,53.55
"ML","Mali",2008,48.73
"ML","Mali",2009,35.84
"ML","Mali",2010,46.04
"ML","Mali",2011,42.97
"ML","Mali",2012,41.21
"ML","Mali",2013,49.74
"ML","Mali",2014,47.73
"ML","Mali",2015,43.28
"ML","Mali",2016,51.93
"MH","Marshall Islands",2000,94.88
"MH","Marshall Islands",2001,93.27
"MH","Marshall Islands",2002,14.59
"MH","Marshall Islands",2003,92.87
"MH","Marshall Islands",2004,91.01
"MH","Marshall Islands",2005,67.11
"MH","Marshall Islands",2006,64.93
"MH","Marshall Islands",2007,60.55
"MH","Marshall Islands",2008,62.87
"MH","Marshall Islands",2009,57.5
"MH","Marshall Islands",2010,53.94
"MH","Marshall Islands",2011,40.77
"MH","Marshall Islands",2012,63.23
"MH","Marshall Islands",2013,61.73
"MH","Marshall Islands",2014,23.9
"MH","Marshall Islands",2015,49.38
"MH","Marshall Islands",2016,11.14
"MR","Mauritania",2000,73.83
"MR","Mauritania",2001,73.71
"MR","Mauritania",2002,75.82
"MR","Mauritania",2003,61.47
"MR","Mauritania",2004,33.39
"MR","Mauritania",2005,17.59
"MR","Mauritania",2006,77.44
"MR","Mauritania",2007,57.65
"MR","Mauritania",2008,49.03
"MR","Mauritania",2009,66.48
"MR","Mauritania",2010,50.66
"MR","Mauritania",2011,37.01
"MR","Mauritania",2012,21.03
"MR","Mauritania",2013,21.13
"MR","Mauritania",2014,26.74
"MR","Mauritania",2015,29.77
"MR","Mauritania",2016,42.87
"MU","Mauritius",2000,3.28
"MU","Mauritius",2001,4.03
"MU","Mauritius",2002,4.03
"MU","Mauritius",2003,2.78
"MU","Mauritius",2004,3.82
"MU","Mauritius",2005,3.6
"MU","Mauritius",2006,3.05
"MU","Mauritius",2007,3.22
"MU","Mauritius",2008,5.05
"MU","Mauritius",2009,3.78
"MU","Mauritius",2010,1.15
"MU","Mauritius",2011,1.48
"MU","Mauritius",2012,2.35
"MU","Mauritius",2013,1.73
"MU","Mauritius",2014,1.35
"MU","Mauritius",2015,2.24
"MU","Mauritius",2016,1.08
"MX","Mexico",2000,0.24
"MX","Mexico",2001,0.25
"MX","Mexico",2002,0.39
"MX","Mexico",2003,0.35
"MX","Mexico",2004,0.27
"MX","Mexico",2005,0.36
"MX","Mexico",2006,0.41
"MX","Mexico",2007,0.27
"MX","Mexico",2008,0.33
"MX","Mexico",2009,0.32
"MX","Mexico",2010,0.52
"MX","Mexico",2011,0.99
"MX","Mexico",2012,0.34
"MX","Mexico",2013,0.49
"MX","Mexico",2014,0.77
"MX","Mexico",2015,0.43
"MX","Mexico",2016,0.59
"FM","Micronesia",2000,85.52
"FM","Micronesia",2001,90.34
"FM","Micronesia",2002,86.64
"FM","Micronesia",2003,86.85
"FM","Micronesia",2004,80.68
"FM","Micronesia",2005,82.26
"FM","Micronesia",2006,81.04
"FM","Micronesia",2007,80.7
"FM","Micronesia",2008,76.24
"FM","Micronesia",2009,74.96
"FM","Micronesia",2010,58.81
"FM","Micronesia",2011,74.69
"FM","Micronesia",2012,76.78
"FM","Micronesia",2013,75.16
"FM","Micronesia",2014,63.41
"FM","Micronesia",2015,64.22
"FM","Micronesia",2016,67.11
"MD","Moldova",2000,6.76
"MD","Moldova",2001,12.96
"MD","Moldova",2002,12.19
"MD","Moldova",2003,8.73
"MD","Moldova",2004,6.19
"MD","Moldova",2005,7.07
"MD","Moldova",2006,7.45
"MD","Moldova",2007,7.21
"MD","Moldova",2008,7.97
"MD","Moldova",2009,12.01
"MD","Moldova",2010,17.17
"MD","Moldova",2011,14.06
"MD","Moldova",2012,15.21
"MD","Moldova",2013,10.25
"MD","Moldova",2014,16.58
"MD","Moldova",2015,14.23
"MD","Moldova",2016,13.97
"MN","Mongolia",2000,46.67
"MN","Mongolia",2001,44.96
"MN","Mongolia",2002,27.12
"MN","Mongolia",2003,16.05
"MN","Mongolia",2004,22.19
"MN","Mongolia",2005,20.66
"MN","Mongolia",2006,20.06
"MN","Mongolia",2007,17.58
"MN","Mongolia",2008,15.72
"MN","Mongolia",2009,18.83
"MN","Mongolia",2010,5.45
"MN","Mongolia",2011,5.06
"MN","Mongolia",2012,5
"MN","Mongolia",2013,7.34
"MN","Mongolia",2014,8.18
"MN","Mongolia",2015,6.5
"MN","Mongolia",2016,7.45
"ME","Montenegro",2000,
"ME","Montenegro",2001,
"ME","Montenegro",2002,
"ME","Montenegro",2003,100
"ME","Montenegro",2004,100
"ME","Montenegro",2005,100
"ME","Montenegro",2006,48.69
"ME","Montenegro",2007,7.22
"ME","Montenegro",2008,4.55
"ME","Montenegro",2009,2.31
"ME","Montenegro",2010,3.53
"ME","Montenegro",2011,4.6
"ME","Montenegro",2012,4.36
"ME","Montenegro",2013,6.07
"ME","Montenegro",2014,5.74
"ME","Montenegro",2015,4.34
"ME","Montenegro",2016,5.1
"MS","Montserrat",2000,93.12
"MS","Montserrat",2001,98.43
"MS","Montserrat",2002,98.61
"MS","Montserrat",2003,94.76
"MS","Montserrat",2004,95.13
"MS","Montserrat",2005,83.96
"MS","Montserrat",2006,89.39
"MS","Montserrat",2007,84.57
"MS","Montserrat",2008,73.4
"MS","Montserrat",2009,94.45
"MS","Montserrat",2010,88.9
"MS","Montserrat",2011,94.99
"MS","Montserrat",2012,93.94
"MS","Montserrat",2013,93.63
"MS","Montserrat",2014,86.74
"MS","Montserrat",2015,92.83
"MS","Montserrat",2016,90.26
"MA","Morocco",2000,9.82
"MA","Morocco",2001,6.47
"MA","Morocco",2002,6.87
"MA","Morocco",2003,6.52
"MA","Morocco",2004,8.64
"MA","Morocco",2005,7.24
"MA","Morocco",2006,6.89
"MA","Morocco",2007,7.18
"MA","Morocco",2008,8.05
"MA","Morocco",2009,6.59
"MA","Morocco",2010,6.35
"MA","Morocco",2011,7.42
"MA","Morocco",2012,7.66
"MA","Morocco",2013,8.75
"MA","Morocco",2014,8.31
"MA","Morocco",2015,7.91
"MA","Morocco",2016,10.31
"MZ","Mozambique",2000,78
"MZ","Mozambique",2001,75.96
"MZ","Mozambique",2002,79.4
"MZ","Mozambique",2003,74.22
"MZ","Mozambique",2004,61.86
"MZ","Mozambique",2005,86.17
"MZ","Mozambique",2006,92.62
"MZ","Mozambique",2007,41.4
"MZ","Mozambique",2008,75.05
"MZ","Mozambique",2009,65.53
"MZ","Mozambique",2010,62.28
"MZ","Mozambique",2011,41.26
"MZ","Mozambique",2012,34.16
"MZ","Mozambique",2013,30.01
"MZ","Mozambique",2014,33.89
"MZ","Mozambique",2015,31.62
"MZ","Mozambique",2016,31.9
"MM","Myanmar",2000,15.71
"MM","Myanmar",2001,20.2
"MM","Myanmar",2002,20.63
"MM","Myanmar",2003,3.85
"MM","Myanmar",2004,6.57
"MM","Myanmar",2005,18.22
"MM","Myanmar",2006,8.26
"MM","Myanmar",2007,39.77
"MM","Myanmar",2008,37.45
"MM","Myanmar",2009,66.72
"MM","Myanmar",2010,5.76
"MM","Myanmar",2011,22.44
"MM","Myanmar",2012,19.9
"MM","Myanmar",2013,69.86
"MM","Myanmar",2014,35.5
"MM","Myanmar",2015,16.55
"MM","Myanmar",2016,23.02
"NA","Namibia",2000,27.44
"NA","Namibia",2001,13.69
"NA","Namibia",2002,19.57
"NA","Namibia",2003,20.54
"NA","Namibia",2004,22.74
"NA","Namibia",2005,15.26
"NA","Namibia",2006,17.7
"NA","Namibia",2007,15.79
"NA","Namibia",2008,12.79
"NA","Namibia",2009,25.15
"NA","Namibia",2010,19.67
"NA","Namibia",2011,19.51
"NA","Namibia",2012,18.53
"NA","Namibia",2013,24.34
"NA","Namibia",2014,23.14
"NA","Namibia",2015,10
"NA","Namibia",2016,19.09
"NR","Nauru",2000,100
"NR","Nauru",2001,100
"NR","Nauru",2002,100
"NR","Nauru",2003,100
"NR","Nauru",2004,99.63
"NR","Nauru",2005,97.68
"NR","Nauru",2006,96.19
"NR","Nauru",2007,98.23
"NR","Nauru",2008,99.33
"NR","Nauru",2009,98.24
"NR","Nauru",2010,98.18
"NR","Nauru",2011,98.94
"NR","Nauru",2012,98.52
"NR","Nauru",2013,99.22
"NR","Nauru",2014,100
"NR","Nauru",2015,100
"NR","Nauru",2016,26.64
"NP","Nepal",2000,44.65
"NP","Nepal",2001,43.47
"NP","Nepal",2002,24.16
"NP","Nepal",2003,23.18
"NP","Nepal",2004,20.92
"NP","Nepal",2005,17.99
"NP","Nepal",2006,20.26
"NP","Nepal",2007,19.74
"NP","Nepal",2008,17.99
"NP","Nepal",2009,17.34
"NP","Nepal",2010,17.39
"NP","Nepal",2011,17.08
"NP","Nepal",2012,13.75
"NP","Nepal",2013,12.92
"NP","Nepal",2014,12.13
"NP","Nepal",2015,15.8
"NP","Nepal",2016,14.57
"NI","Nicaragua",2000,34.68
"NI","Nicaragua",2001,53.12
"NI","Nicaragua",2002,39.41
"NI","Nicaragua",2003,41.69
"NI","Nicaragua",2004,52.95
"NI","Nicaragua",2005,36.66
"NI","Nicaragua",2006,55.23
"NI","Nicaragua",2007,37.47
"NI","Nicaragua",2008,19.69
"NI","Nicaragua",2009,23.32
"NI","Nicaragua",2010,15.71
"NI","Nicaragua",2011,13.75
"NI","Nicaragua",2012,12.05
"NI","Nicaragua",2013,11.94
"NI","Nicaragua",2014,10.79
"NI","Nicaragua",2015,12.5
"NI","Nicaragua",2016,12.05
"NE","Niger",2000,76.89
"NE","Niger",2001,72.57
"NE","Niger",2002,85.05
"NE","Niger",2003,71.69
"NE","Niger",2004,66.72
"NE","Niger",2005,76.43
"NE","Niger",2006,89.91
"NE","Niger",2007,52.7
"NE","Niger",2008,52.61
"NE","Niger",2009,29.49
"NE","Niger",2010,34.62
"NE","Niger",2011,26.86
"NE","Niger",2012,47.15
"NE","Niger",2013,46.6
"NE","Niger",2014,46.4
"NE","Niger",2015,47.71
"NE","Niger",2016,58.59
"NG","Nigeria",2000,3.05
"NG","Nigeria",2001,4.03
"NG","Nigeria",2002,3.44
"NG","Nigeria",2003,4.68
"NG","Nigeria",2004,5.94
"NG","Nigeria",2005,15.91
"NG","Nigeria",2006,29.92
"NG","Nigeria",2007,6.35
"NG","Nigeria",2008,5.35
"NG","Nigeria",2009,5.37
"NG","Nigeria",2010,7.29
"NG","Nigeria",2011,5.73
"NG","Nigeria",2012,5.69
"NG","Nigeria",2013,8.4
"NG","Nigeria",2014,8.36
"NG","Nigeria",2015,8.73
"NG","Nigeria",2016,8.17
"NU","Niue",2000,34.48
"NU","Niue",2001,100
"NU","Niue",2002,100
"NU","Niue",2003,100
"NU","Niue",2004,100
"NU","Niue",2005,100
"NU","Niue",2006,100
"NU","Niue",2007,100
"NU","Niue",2008,100
"NU","Niue",2009,100
"NU","Niue",2010,100
"NU","Niue",2011,100
"NU","Niue",2012,100
"NU","Niue",2013,100
"NU","Niue",2014,100
"NU","Niue",2015,100
"NU","Niue",2016,100
"KP","North Korea",2000,87.25
"KP","North Korea",2001,77.19
"KP","North Korea",2002,81.01
"KP","North Korea",2003,96.11
"KP","North Korea",2004,69.54
"KP","North Korea",2005,92.85
"KP","North Korea",2006,35.77
"KP","North Korea",2007,73.84
"KP","North Korea",2008,58.02
"KP","North Korea",2009,74.16
"KP","North Korea",2010,80.01
"KP","North Korea",2011,41.7
"KP","North Korea",2012,16.02
"KP","North Korea",2013,36.94
"KP","North Korea",2014,58.19
"KP","North Korea",2015,61.42
"KP","North Korea",2016,56.72
"PK","Pakistan",2000,19.81
"PK","Pakistan",2001,31.47
"PK","Pakistan",2002,20.97
"PK","Pakistan",2003,26.99
"PK","Pakistan",2004,14.63
"PK","Pakistan",2005,13.05
"PK","Pakistan",2006,12.47
"PK","Pakistan",2007,9.96
"PK","Pakistan",2008,9
"PK","Pakistan",2009,14.83
"PK","Pakistan",2010,12.9
"PK","Pakistan",2011,17.07
"PK","Pakistan",2012,11.6
"PK","Pakistan",2013,11.83
"PK","Pakistan",2014,12.16
"PK","Pakistan",2015,13.78
"PK","Pakistan",2016,10.19
"PW","Palau",2000,33.92
"PW","Palau",2001,36.78
"PW","Palau",2002,34.27
"PW","Palau",2003,27.82
"PW","Palau",2004,20.52
"PW","Palau",2005,20.73
"PW","Palau",2006,23.97
"PW","Palau",2007,19.21
"PW","Palau",2008,28.91
"PW","Palau",2009,27.16
"PW","Palau",2010,21.15
"PW","Palau",2011,16.62
"PW","Palau",2012,6.35
"PW","Palau",2013,17.29
"PW","Palau",2014,10.72
"PW","Palau",2015,6.77
"PW","Palau",2016,30.55
"PS","Palestine",2000,28.44
"PS","Palestine",2001,43.42
"PS","Palestine",2002,43.32
"PS","Palestine",2003,50.34
"PS","Palestine",2004,49.13
"PS","Palestine",2005,46.71
"PS","Palestine",2006,63.96
"PS","Palestine",2007,59.95
"PS","Palestine",2008,64.71
"PS","Palestine",2009,60.84
"PS","Palestine",2010,57.25
"PS","Palestine",2011,48.7
"PS","Palestine",2012,41.91
"PS","Palestine",2013,51.4
"PS","Palestine",2014,48.2
"PS","Palestine",2015,44.1
"PS","Palestine",2016,49
"PA","Panama",2000,1.97
"PA","Panama",2001,1.62
"PA","Panama",2002,1.48
"PA","Panama",2003,1.5
"PA","Panama",2004,1.04
"PA","Panama",2005,0.72
"PA","Panama",2006,0.78
"PA","Panama",2007,0.66
"PA","Panama",2008,0.09
"PA","Panama",2009,0.69
"PA","Panama",2010,1.02
"PA","Panama",2011,0.53
"PA","Panama",2012,0.37
"PA","Panama",2013,0.27
"PA","Panama",2014,0.18
"PA","Panama",2015,0.14
"PA","Panama",2016,0.25
"PG","Papua New Guinea",2000,41.2
"PG","Papua New Guinea",2001,50.07
"PG","Papua New Guinea",2002,68.42
"PG","Papua New Guinea",2003,41.04
"PG","Papua New Guinea",2004,69.4
"PG","Papua New Guinea",2005,33.38
"PG","Papua New Guinea",2006,52.39
"PG","Papua New Guinea",2007,26.05
"PG","Papua New Guinea",2008,27.66
"PG","Papua New Guinea",2009,13.74
"PG","Papua New Guinea",2010,5.95
"PG","Papua New Guinea",2011,5.76
"PG","Papua New Guinea",2012,16.45
"PG","Papua New Guinea",2013,7.82
"PG","Papua New Guinea",2014,29.09
"PG","Papua New Guinea",2015,52.98
"PG","Papua New Guinea",2016,26.88
"PY","Paraguay",2000,12.19
"PY","Paraguay",2001,11.95
"PY","Paraguay",2002,5.39
"PY","Paraguay",2003,1.23
"PY","Paraguay",2004,5.45
"PY","Paraguay",2005,3.79
"PY","Paraguay",2006,3.67
"PY","Paraguay",2007,6.22
"PY","Paraguay",2008,6.28
"PY","Paraguay",2009,7.23
"PY","Paraguay",2010,4.86
"PY","Paraguay",2011,7.75
"PY","Paraguay",2012,4.71
"PY","Paraguay",2013,8.13
"PY","Paraguay",2014,2.95
"PY","Paraguay",2015,4.61
"PY","Paraguay",2016,5.85
"PE","Peru",2000,7.09
"PE","Peru",2001,10.18
"PE","Peru",2002,6.88
"PE","Peru",2003,8.24
"PE","Peru",2004,6.86
"PE","Peru",2005,4.95
"PE","Peru",2006,5.77
"PE","Peru",2007,3.12
"PE","Peru",2008,3.32
"PE","Peru",2009,3.3
"PE","Peru",2010,3
"PE","Peru",2011,4.27
"PE","Peru",2012,2.01
"PE","Peru",2013,2.27
"PE","Peru",2014,2.59
"PE","Peru",2015,2.16
"PE","Peru",2016,2.03
"PH","Philippines",2000,3.69
"PH","Philippines",2001,3.26
"PH","Philippines",2002,3.28
"PH","Philippines",2003,3.7
"PH","Philippines",2004,2.59
"PH","Philippines",2005,2.79
"PH","Philippines",2006,2.69
"PH","Philippines",2007,3.06
"PH","Philippines",2008,2.78
"PH","Philippines",2009,2.83
"PH","Philippines",2010,2.75
"PH","Philippines",2011,2.04
"PH","Philippines",2012,2.01
"PH","Philippines",2013,2.56
"PH","Philippines",2014,2.54
"PH","Philippines",2015,2.37
"PH","Philippines",2016,1.91
"RW","Rwanda",2000,88.12
"RW","Rwanda",2001,83.73
"RW","Rwanda",2002,85.1
"RW","Rwanda",2003,84.1
"RW","Rwanda",2004,84.33
"RW","Rwanda",2005,84.28
"RW","Rwanda",2006,87.8
"RW","Rwanda",2007,61.77
"RW","Rwanda",2008,67.37
"RW","Rwanda",2009,64.82
"RW","Rwanda",2010,61.78
"RW","Rwanda",2011,60.5
"RW","Rwanda",2012,50.19
"RW","Rwanda",2013,47.48
"RW","Rwanda",2014,46.63
"RW","Rwanda",2015,51.61
"RW","Rwanda",2016,47.19
"SH","Saint Helena, Ascension & Tristan da Cunha",2000,100
"SH","Saint Helena, Ascension & Tristan da Cunha",2001,98.51
"SH","Saint Helena, Ascension & Tristan da Cunha",2002,100
"SH","Saint Helena, Ascension & Tristan da Cunha",2003,100
"SH","Saint Helena, Ascension & Tristan da Cunha",2004,100
"SH","Saint Helena, Ascension & Tristan da Cunha",2005,99.21
"SH","Saint Helena, Ascension & Tristan da Cunha",2006,99.79
"SH","Saint Helena, Ascension & Tristan da Cunha",2007,99.13
"SH","Saint Helena, Ascension & Tristan da Cunha",2008,100
"SH","Saint Helena, Ascension & Tristan da Cunha",2009,100
"SH","Saint Helena, Ascension & Tristan da Cunha",2010,100
"SH","Saint Helena, Ascension & Tristan da Cunha",2011,100
"SH","Saint Helena, Ascension & Tristan da Cunha",2012,100
"SH","Saint Helena, Ascension & Tristan da Cunha",2013,100
"SH","Saint Helena, Ascension & Tristan da Cunha",2014,100
"SH","Saint Helena, Ascension & Tristan da Cunha",2015,100
"SH","Saint Helena, Ascension & Tristan da Cunha",2016,100
"LC","Saint Lucia",2000,3.24
"LC","Saint Lucia",2001,5.64
"LC","Saint Lucia",2002,10.03
"LC","Saint Lucia",2003,3.43
"LC","Saint Lucia",2004,1.93
"LC","Saint Lucia",2005,2.38
"LC","Saint Lucia",2006,3.67
"LC","Saint Lucia",2007,2.94
"LC","Saint Lucia",2008,2.14
"LC","Saint Lucia",2009,6.4
"LC","Saint Lucia",2010,5.86
"LC","Saint Lucia",2011,7.02
"LC","Saint Lucia",2012,5.69
"LC","Saint Lucia",2013,4.91
"LC","Saint Lucia",2014,2.34
"LC","Saint Lucia",2015,2.44
"LC","Saint Lucia",2016,3.56
"VC","Saint Vincent & the Grenadines",2000,5.64
"VC","Saint Vincent & the Grenadines",2001,9
"VC","Saint Vincent & the Grenadines",2002,7.16
"VC","Saint Vincent & the Grenadines",2003,4.28
"VC","Saint Vincent & the Grenadines",2004,4.82
"VC","Saint Vincent & the Grenadines",2005,4.58
"VC","Saint Vincent & the Grenadines",2006,2.78
"VC","Saint Vincent & the Grenadines",2007,16.45
"VC","Saint Vincent & the Grenadines",2008,7.2
"VC","Saint Vincent & the Grenadines",2009,9.99
"VC","Saint Vincent & the Grenadines",2010,5.22
"VC","Saint Vincent & the Grenadines",2011,7.72
"VC","Saint Vincent & the Grenadines",2012,4.44
"VC","Saint Vincent & the Grenadines",2013,3.47
"VC","Saint Vincent & the Grenadines",2014,3.28
"VC","Saint Vincent & the Grenadines",2015,4.68
"VC","Saint Vincent & the Grenadines",2016,5.15
"WS","Samoa",2000,36.39
"WS","Samoa",2001,44.85
"WS","Samoa",2002,36.27
"WS","Samoa",2003,29.8
"WS","Samoa",2004,25.77
"WS","Samoa",2005,18.36
"WS","Samoa",2006,17.24
"WS","Samoa",2007,13.24
"WS","Samoa",2008,11.75
"WS","Samoa",2009,20.37
"WS","Samoa",2010,30.77
"WS","Samoa",2011,21.01
"WS","Samoa",2012,22.84
"WS","Samoa",2013,26.04
"WS","Samoa",2014,22.64
"WS","Samoa",2015,27.7
"WS","Samoa",2016,63.13
"ST","Sao Tome & Principe",2000,51.44
"ST","Sao Tome & Principe",2001,70.25
"ST","Sao Tome & Principe",2002,54.25
"ST","Sao Tome & Principe",2003,55.5
"ST","Sao Tome & Principe",2004,51.11
"ST","Sao Tome & Principe",2005,49.47
"ST","Sao Tome & Principe",2006,29.53
"ST","Sao Tome & Principe",2007,66.67
"ST","Sao Tome & Principe",2008,31.93
"ST","Sao Tome & Principe",2009,32.03
"ST","Sao Tome & Principe",2010,30.63
"ST","Sao Tome & Principe",2011,37.7
"ST","Sao Tome & Principe",2012,46.73
"ST","Sao Tome & Principe",2013,38.75
"ST","Sao Tome & Principe",2014,23.75
"ST","Sao Tome & Principe",2015,26.55
"ST","Sao Tome & Principe",2016,31.19
"SN","Senegal",2000,48.44
"SN","Senegal",2001,42.87
"SN","Senegal",2002,39.44
"SN","Senegal",2003,38.53
"SN","Senegal",2004,50.01
"SN","Senegal",2005,38.34
"SN","Senegal",2006,67.68
"SN","Senegal",2007,26.97
"SN","Senegal",2008,32.48
"SN","Senegal",2009,29.69
"SN","Senegal",2010,30.51
"SN","Senegal",2011,27.96
"SN","Senegal",2012,29.54
"SN","Senegal",2013,29.31
"SN","Senegal",2014,25.04
"SN","Senegal",2015,23.84
"SN","Senegal",2016,19.75
"RS","Serbia",2000,75.47
"RS","Serbia",2001,75.93
"RS","Serbia",2002,56.55
"RS","Serbia",2003,51.41
"RS","Serbia",2004,31.72
"RS","Serbia",2005,19.95
"RS","Serbia",2006,19.26
"RS","Serbia",2007,6.94
"RS","Serbia",2008,5.99
"RS","Serbia",2009,4.89
"RS","Serbia",2010,5.45
"RS","Serbia",2011,8.41
"RS","Serbia",2012,8.74
"RS","Serbia",2013,5.79
"RS","Serbia",2014,5.67
"RS","Serbia",2015,6.48
"RS","Serbia",2016,7.99
"SC","Seychelles",2000,8.86
"SC","Seychelles",2001,4.52
"SC","Seychelles",2002,17.71
"SC","Seychelles",2003,3.03
"SC","Seychelles",2004,4.14
"SC","Seychelles",2005,5.25
"SC","Seychelles",2006,3.33
"SC","Seychelles",2007,1.61
"SC","Seychelles",2008,1.13
"SC","Seychelles",2009,3.37
"SC","Seychelles",2010,9.55
"SC","Seychelles",2011,3.09
"SC","Seychelles",2012,3.79
"SC","Seychelles",2013,4.09
"SC","Seychelles",2014,2.08
"SC","Seychelles",2015,1.61
"SC","Seychelles",2016,3.02
"SL","Sierra Leone",2000,78.43
"SL","Sierra Leone",2001,91.47
"SL","Sierra Leone",2002,78.89
"SL","Sierra Leone",2003,76.4
"SL","Sierra Leone",2004,66.73
"SL","Sierra Leone",2005,65.38
"SL","Sierra Leone",2006,87.02
"SL","Sierra Leone",2007,74.04
"SL","Sierra Leone",2008,68.54
"SL","Sierra Leone",2009,65.21
"SL","Sierra Leone",2010,55.42
"SL","Sierra Leone",2011,24.46
"SL","Sierra Leone",2012,33.06
"SL","Sierra Leone",2013,41.66
"SL","Sierra Leone",2014,63.74
"SL","Sierra Leone",2015,75.37
"SL","Sierra Leone",2016,54.37
"SB","Solomon Islands",2000,74.18
"SB","Solomon Islands",2001,69.67
"SB","Solomon Islands",2002,67.17
"SB","Solomon Islands",2003,91.06
"SB","Solomon Islands",2004,82.68
"SB","Solomon Islands",2005,78.43
"SB","Solomon Islands",2006,61.81
"SB","Solomon Islands",2007,50.97
"SB","Solomon Islands",2008,56.65
"SB","Solomon Islands",2009,56.07
"SB","Solomon Islands",2010,41.97
"SB","Solomon Islands",2011,48.68
"SB","Solomon Islands",2012,62.75
"SB","Solomon Islands",2013,56.79
"SB","Solomon Islands",2014,54.09
"SB","Solomon Islands",2015,55.87
"SB","Solomon Islands",2016,51.21
"SO","Somalia",2000,99.58
"SO","Somalia",2001,97.77
"SO","Somalia",2002,89.69
"SO","Somalia",2003,100
"SO","Somalia",2004,99.57
"SO","Somalia",2005,83.67
"SO","Somalia",2006,69.29
"SO","Somalia",2007,61.49
"SO","Somalia",2008,85.68
"SO","Somalia",2009,82.95
"SO","Somalia",2010,74.83
"SO","Somalia",2011,89.59
"SO","Somalia",2012,88.81
"SO","Somalia",2013,78.56
"SO","Somalia",2014,77.64
"SO","Somalia",2015,80.06
"SO","Somalia",2016,77.58
"ZA","South Africa",2000,3.83
"ZA","South Africa",2001,2.89
"ZA","South Africa",2002,4.24
"ZA","South Africa",2003,5.66
"ZA","South Africa",2004,3.31
"ZA","South Africa",2005,2.93
"ZA","South Africa",2006,2.54
"ZA","South Africa",2007,2.72
"ZA","South Africa",2008,4.65
"ZA","South Africa",2009,3.83
"ZA","South Africa",2010,5.29
"ZA","South Africa",2011,7.03
"ZA","South Africa",2012,4.01
"ZA","South Africa",2013,4.47
"ZA","South Africa",2014,3.91
"ZA","South Africa",2015,4.21
"ZA","South Africa",2016,4.58
"SS","South Sudan",2000,
"SS","South Sudan",2001,
"SS","South Sudan",2002,
"SS","South Sudan",2003,
"SS","South Sudan",2004,
"SS","South Sudan",2005,
"SS","South Sudan",2006,
"SS","South Sudan",2007,
"SS","South Sudan",2008,
"SS","South Sudan",2009,
"SS","South Sudan",2010,
"SS","South Sudan",2011,100
"SS","South Sudan",2012,96.34
"SS","South Sudan",2013,99.57
"SS","South Sudan",2014,99.36
"SS","South Sudan",2015,99.49
"SS","South Sudan",2016,98.55
"LK","Sri Lanka",2000,13.71
"LK","Sri Lanka",2001,18.01
"LK","Sri Lanka",2002,14.15
"LK","Sri Lanka",2003,19.43
"LK","Sri Lanka",2004,13.3
"LK","Sri Lanka",2005,20.89
"LK","Sri Lanka",2006,18.39
"LK","Sri Lanka",2007,11.79
"LK","Sri Lanka",2008,12.74
"LK","Sri Lanka",2009,12.97
"LK","Sri Lanka",2010,10.56
"LK","Sri Lanka",2011,8.17
"LK","Sri Lanka",2012,4.28
"LK","Sri Lanka",2013,5.34
"LK","Sri Lanka",2014,4.86
"LK","Sri Lanka",2015,5.08
"LK","Sri Lanka",2016,4.75
"SD","Sudan",2000,4.68
"SD","Sudan",2001,4.3
"SD","Sudan",2002,5.93
"SD","Sudan",2003,7.94
"SD","Sudan",2004,10.32
"SD","Sudan",2005,23.16
"SD","Sudan",2006,25.65
"SD","Sudan",2007,26.22
"SD","Sudan",2008,29.98
"SD","Sudan",2009,27.56
"SD","Sudan",2010,25.2
"SD","Sudan",2011,28.21
"SD","Sudan",2012,21.59
"SD","Sudan",2013,25.9
"SD","Sudan",2014,19.97
"SD","Sudan",2015,23.42
"SD","Sudan",2016,22.9
"SR","Suriname",2000,38.63
"SR","Suriname",2001,39.79
"SR","Suriname",2002,40.81
"SR","Suriname",2003,23
"SR","Suriname",2004,35.24
"SR","Suriname",2005,20.61
"SR","Suriname",2006,30.3
"SR","Suriname",2007,58.7
"SR","Suriname",2008,47.98
"SR","Suriname",2009,59.39
"SR","Suriname",2010,46.75
"SR","Suriname",2011,25.75
"SR","Suriname",2012,12.23
"SR","Suriname",2013,7.73
"SR","Suriname",2014,4.44
"SR","Suriname",2015,4.15
"SR","Suriname",2016,4.11
"SZ","Swaziland",2000,11.79
"SZ","Swaziland",2001,23.32
"SZ","Swaziland",2002,12.36
"SZ","Swaziland",2003,23.16
"SZ","Swaziland",2004,11.74
"SZ","Swaziland",2005,24.44
"SZ","Swaziland",2006,15.57
"SZ","Swaziland",2007,27.3
"SZ","Swaziland",2008,19.66
"SZ","Swaziland",2009,24.93
"SZ","Swaziland",2010,22.85
"SZ","Swaziland",2011,52.62
"SZ","Swaziland",2012,46.89
"SZ","Swaziland",2013,65.11
"SZ","Swaziland",2014,56.52
"SZ","Swaziland",2015,52.96
"SZ","Swaziland",2016,53.72
"SY","Syria",2000,10.62
"SY","Syria",2001,17.24
"SY","Syria",2002,12.63
"SY","Syria",2003,11.32
"SY","Syria",2004,7.26
"SY","Syria",2005,5.87
"SY","Syria",2006,5.39
"SY","Syria",2007,4.69
"SY","Syria",2008,6.83
"SY","Syria",2009,5.02
"SY","Syria",2010,3.7
"SY","Syria",2011,10.58
"SY","Syria",2012,48.87
"SY","Syria",2013,68.45
"SY","Syria",2014,71.02
"SY","Syria",2015,74.79
"SY","Syria",2016,84.55
"TJ","Tajikistan",2000,75.5
"TJ","Tajikistan",2001,54.58
"TJ","Tajikistan",2002,49.82
"TJ","Tajikistan",2003,32.12
"TJ","Tajikistan",2004,26.21
"TJ","Tajikistan",2005,27.55
"TJ","Tajikistan",2006,17.95
"TJ","Tajikistan",2007,8.78
"TJ","Tajikistan",2008,9.24
"TJ","Tajikistan",2009,16.8
"TJ","Tajikistan",2010,11.54
"TJ","Tajikistan",2011,9.1
"TJ","Tajikistan",2012,9.78
"TJ","Tajikistan",2013,9.71
"TJ","Tajikistan",2014,10.26
"TJ","Tajikistan",2015,13.88
"TJ","Tajikistan",2016,11.38
"TZ","Tanzania",2000,58.96
"TZ","Tanzania",2001,53.11
"TZ","Tanzania",2002,53.27
"TZ","Tanzania",2003,58.62
"TZ","Tanzania",2004,52.11
"TZ","Tanzania",2005,37.9
"TZ","Tanzania",2006,75.44
"TZ","Tanzania",2007,54.13
"TZ","Tanzania",2008,40.42
"TZ","Tanzania",2009,52.67
"TZ","Tanzania",2010,41.39
"TZ","Tanzania",2011,35.63
"TZ","Tanzania",2012,38.46
"TZ","Tanzania",2013,40.88
"TZ","Tanzania",2014,36.13
"TZ","Tanzania",2015,36.63
"TZ","Tanzania",2016,32.76
"TH","Thailand",2000,3.1
"TH","Thailand",2001,2.25
"TH","Thailand",2002,2.11
"TH","Thailand",2003,1.69
"TH","Thailand",2004,1.91
"TH","Thailand",2005,1.14
"TH","Thailand",2006,0.89
"TH","Thailand",2007,0.53
"TH","Thailand",2008,0.57
"TH","Thailand",2009,0.37
"TH","Thailand",2010,0.48
"TH","Thailand",2011,0.89
"TH","Thailand",2012,0.47
"TH","Thailand",2013,0.95
"TH","Thailand",2014,0.88
"TH","Thailand",2015,0.43
"TH","Thailand",2016,0.79
"TL","Timor-Leste",2000,31.08
"TL","Timor-Leste",2001,99.84
"TL","Timor-Leste",2002,92.78
"TL","Timor-Leste",2003,59.77
"TL","Timor-Leste",2004,98.97
"TL","Timor-Leste",2005,98.98
"TL","Timor-Leste",2006,93.05
"TL","Timor-Leste",2007,91.64
"TL","Timor-Leste",2008,89.99
"TL","Timor-Leste",2009,66.3
"TL","Timor-Leste",2010,71.98
"TL","Timor-Leste",2011,74.33
"TL","Timor-Leste",2012,78.51
"TL","Timor-Leste",2013,80.64
"TL","Timor-Leste",2014,71.76
"TL","Timor-Leste",2015,59.94
"TL","Timor-Leste",2016,57.03
"TG","Togo",2000,40.64
"TG","Togo",2001,28.05
"TG","Togo",2002,22.29
"TG","Togo",2003,19.53
"TG","Togo",2004,19.13
"TG","Togo",2005,19.08
"TG","Togo",2006,17.11
"TG","Togo",2007,20.45
"TG","Togo",2008,44.41
"TG","Togo",2009,43.58
"TG","Togo",2010,44.48
"TG","Togo",2011,35.39
"TG","Togo",2012,21.54
"TG","Togo",2013,18.66
"TG","Togo",2014,21.28
"TG","Togo",2015,18.5
"TG","Togo",2016,19.97
"TK","Tokelau",2000,100
"TK","Tokelau",2001,100
"TK","Tokelau",2002,100
"TK","Tokelau",2003,100
"TK","Tokelau",2004,100
"TK","Tokelau",2005,100
"TK","Tokelau",2006,100
"TK","Tokelau",2007,100
"TK","Tokelau",2008,100
"TK","Tokelau",2009,100
"TK","Tokelau",2010,100
"TK","Tokelau",2011,100
"TK","Tokelau",2012,100
"TK","Tokelau",2013,100
"TK","Tokelau",2014,100
"TK","Tokelau",2015,100
"TK","Tokelau",2016,100
"TO","Tonga",2000,50.33
"TO","Tonga",2001,20.78
"TO","Tonga",2002,22.04
"TO","Tonga",2003,23.1
"TO","Tonga",2004,12.98
"TO","Tonga",2005,24.19
"TO","Tonga",2006,17.53
"TO","Tonga",2007,19.43
"TO","Tonga",2008,13.3
"TO","Tonga",2009,22.83
"TO","Tonga",2010,28.34
"TO","Tonga",2011,32.82
"TO","Tonga",2012,28.26
"TO","Tonga",2013,27.65
"TO","Tonga",2014,38.4
"TO","Tonga",2015,44
"TO","Tonga",2016,48.08
"TN","Tunisia",2000,8.43
"TN","Tunisia",2001,9.39
"TN","Tunisia",2002,7.16
"TN","Tunisia",2003,8.45
"TN","Tunisia",2004,8.22
"TN","Tunisia",2005,8.72
"TN","Tunisia",2006,6.95
"TN","Tunisia",2007,6.23
"TN","Tunisia",2008,6.64
"TN","Tunisia",2009,8.01
"TN","Tunisia",2010,9.12
"TN","Tunisia",2011,14.67
"TN","Tunisia",2012,10.9
"TN","Tunisia",2013,12.19
"TN","Tunisia",2014,13.02
"TN","Tunisia",2015,10.27
"TN","Tunisia",2016,13.88
"TR","Turkey",2000,1.31
"TR","Turkey",2001,1.16
"TR","Turkey",2002,1.3
"TR","Turkey",2003,0.73
"TR","Turkey",2004,1
"TR","Turkey",2005,0.91
"TR","Turkey",2006,0.93
"TR","Turkey",2007,1.02
"TR","Turkey",2008,1.38
"TR","Turkey",2009,2.13
"TR","Turkey",2010,1.29
"TR","Turkey",2011,3.33
"TR","Turkey",2012,2.84
"TR","Turkey",2013,2.31
"TR","Turkey",2014,3.2
"TR","Turkey",2015,3.24
"TR","Turkey",2016,3.68
"TM","Turkmenistan",2000,5.48
"TM","Turkmenistan",2001,17.46
"TM","Turkmenistan",2002,9.23
"TM","Turkmenistan",2003,7.68
"TM","Turkmenistan",2004,10.25
"TM","Turkmenistan",2005,7.62
"TM","Turkmenistan",2006,8.91
"TM","Turkmenistan",2007,6.7
"TM","Turkmenistan",2008,3.29
"TM","Turkmenistan",2009,0.95
"TM","Turkmenistan",2010,1.07
"TM","Turkmenistan",2011,1.29
"TM","Turkmenistan",2012,1.49
"TM","Turkmenistan",2013,1.23
"TM","Turkmenistan",2014,0.86
"TM","Turkmenistan",2015,0.39
"TM","Turkmenistan",2016,0.62
"TV","Tuvalu",2000,100
"TV","Tuvalu",2001,100
"TV","Tuvalu",2002,100
"TV","Tuvalu",2003,100
"TV","Tuvalu",2004,100
"TV","Tuvalu",2005,57.86
"TV","Tuvalu",2006,72.21
"TV","Tuvalu",2007,60.84
"TV","Tuvalu",2008,64.64
"TV","Tuvalu",2009,70.39
"TV","Tuvalu",2010,66.18
"TV","Tuvalu",2011,84.23
"TV","Tuvalu",2012,74.99
"TV","Tuvalu",2013,81.16
"TV","Tuvalu",2014,88.57
"TV","Tuvalu",2015,92.09
"TV","Tuvalu",2016,84.73
"UG","Uganda",2000,57.56
"UG","Uganda",2001,53.51
"UG","Uganda",2002,45.42
"UG","Uganda",2003,51.07
"UG","Uganda",2004,52.81
"UG","Uganda",2005,48.66
"UG","Uganda",2006,73.19
"UG","Uganda",2007,47.24
"UG","Uganda",2008,37.88
"UG","Uganda",2009,40.53
"UG","Uganda",2010,42.49
"UG","Uganda",2011,34.18
"UG","Uganda",2012,32.98
"UG","Uganda",2013,19.76
"UG","Uganda",2014,37.95
"UG","Uganda",2015,33.16
"UG","Uganda",2016,36.28
"UA","Ukraine",2000,0
"UA","Ukraine",2001,0
"UA","Ukraine",2002,0
"UA","Ukraine",2003,0
"UA","Ukraine",2004,0
"UA","Ukraine",2005,1.66
"UA","Ukraine",2006,1.47
"UA","Ukraine",2007,0.85
"UA","Ukraine",2008,1.44
"UA","Ukraine",2009,1.89
"UA","Ukraine",2010,1.45
"UA","Ukraine",2011,1.73
"UA","Ukraine",2012,2.64
"UA","Ukraine",2013,1.87
"UA","Ukraine",2014,6.42
"UA","Ukraine",2015,4.85
"UA","Ukraine",2016,9.1
"UY","Uruguay",2000,1.75
"UY","Uruguay",2001,1.95
"UY","Uruguay",2002,1.51
"UY","Uruguay",2003,1.48
"UY","Uruguay",2004,1.44
"UY","Uruguay",2005,1.31
"UY","Uruguay",2006,0.9
"UY","Uruguay",2007,1.22
"UY","Uruguay",2008,0.9
"UY","Uruguay",2009,1.22
"UY","Uruguay",2010,1.17
"UY","Uruguay",2011,0.72
"UY","Uruguay",2012,0.5
"UY","Uruguay",2013,0.84
"UY","Uruguay",2014,2.09
"UY","Uruguay",2015,1.31
"UY","Uruguay",2016,0.67
"UZ","Uzbekistan",2000,12.02
"UZ","Uzbekistan",2001,7.9
"UZ","Uzbekistan",2002,16.46
"UZ","Uzbekistan",2003,11.78
"UZ","Uzbekistan",2004,14.94
"UZ","Uzbekistan",2005,14.37
"UZ","Uzbekistan",2006,6.29
"UZ","Uzbekistan",2007,4.07
"UZ","Uzbekistan",2008,3.24
"UZ","Uzbekistan",2009,2.98
"UZ","Uzbekistan",2010,3.86
"UZ","Uzbekistan",2011,3.16
"UZ","Uzbekistan",2012,3.39
"UZ","Uzbekistan",2013,3.17
"UZ","Uzbekistan",2014,3.76
"UZ","Uzbekistan",2015,8.44
"UZ","Uzbekistan",2016,7.79
"VU","Vanuatu",2000,20.3
"VU","Vanuatu",2001,16.56
"VU","Vanuatu",2002,17.33
"VU","Vanuatu",2003,21.98
"VU","Vanuatu",2004,21.73
"VU","Vanuatu",2005,20.14
"VU","Vanuatu",2006,17.94
"VU","Vanuatu",2007,18.5
"VU","Vanuatu",2008,24.01
"VU","Vanuatu",2009,25.66
"VU","Vanuatu",2010,22.86
"VU","Vanuatu",2011,19.22
"VU","Vanuatu",2012,13.75
"VU","Vanuatu",2013,19.32
"VU","Vanuatu",2014,22.79
"VU","Vanuatu",2015,38.58
"VU","Vanuatu",2016,71.65
"VE","Venezuela",2000,0.83
"VE","Venezuela",2001,0.53
"VE","Venezuela",2002,0.99
"VE","Venezuela",2003,0.5
"VE","Venezuela",2004,0.35
"VE","Venezuela",2005,0.32
"VE","Venezuela",2006,0.78
"VE","Venezuela",2007,0.35
"VE","Venezuela",2008,0.52
"VE","Venezuela",2009,0.57
"VE","Venezuela",2010,0.5
"VE","Venezuela",2011,0.31
"VE","Venezuela",2012,0.35
"VE","Venezuela",2013,0.35
"VE","Venezuela",2014,0.81
"VE","Venezuela",2015,0.85
"VE","Venezuela",2016,1.42
"VN","Viet Nam",2000,22.76
"VN","Viet Nam",2001,23.27
"VN","Viet Nam",2002,18.4
"VN","Viet Nam",2003,14.43
"VN","Viet Nam",2004,13.32
"VN","Viet Nam",2005,11.87
"VN","Viet Nam",2006,10.12
"VN","Viet Nam",2007,6.16
"VN","Viet Nam",2008,8.63
"VN","Viet Nam",2009,13.21
"VN","Viet Nam",2010,7.42
"VN","Viet Nam",2011,9.07
"VN","Viet Nam",2012,10.15
"VN","Viet Nam",2013,10.11
"VN","Viet Nam",2014,10
"VN","Viet Nam",2015,8.19
"VN","Viet Nam",2016,7.47
"WF","Wallis & Futuna",2000,93.45
"WF","Wallis & Futuna",2001,96.33
"WF","Wallis & Futuna",2002,95.93
"WF","Wallis & Futuna",2003,97.87
"WF","Wallis & Futuna",2004,99.6
"WF","Wallis & Futuna",2005,99.74
"WF","Wallis & Futuna",2006,100
"WF","Wallis & Futuna",2007,100
"WF","Wallis & Futuna",2008,95.89
"WF","Wallis & Futuna",2009,100
"WF","Wallis & Futuna",2010,100
"WF","Wallis & Futuna",2011,100
"WF","Wallis & Futuna",2012,100
"WF","Wallis & Futuna",2013,100
"WF","Wallis & Futuna",2014,100
"WF","Wallis & Futuna",2015,100
"WF","Wallis & Futuna",2016,92.28
"YE","Yemen",2000,8.22
"YE","Yemen",2001,11.21
"YE","Yemen",2002,7.55
"YE","Yemen",2003,7.76
"YE","Yemen",2004,8.67
"YE","Yemen",2005,12.32
"YE","Yemen",2006,7.05
"YE","Yemen",2007,6.28
"YE","Yemen",2008,7.98
"YE","Yemen",2009,13.56
"YE","Yemen",2010,14.16
"YE","Yemen",2011,16.82
"YE","Yemen",2012,10.88
"YE","Yemen",2013,18.78
"YE","Yemen",2014,19.86
"YE","Yemen",2015,36.97
"YE","Yemen",2016,37.64
"ZM","Zambia",2000,69.76
"ZM","Zambia",2001,54.8
"ZM","Zambia",2002,61.48
"ZM","Zambia",2003,51.3
"ZM","Zambia",2004,49.99
"ZM","Zambia",2005,61.44
"ZM","Zambia",2006,78.16
"ZM","Zambia",2007,31.22
"ZM","Zambia",2008,42.05
"ZM","Zambia",2009,50.36
"ZM","Zambia",2010,26.53
"ZM","Zambia",2011,35.71
"ZM","Zambia",2012,25.18
"ZM","Zambia",2013,35.66
"ZM","Zambia",2014,23.72
"ZM","Zambia",2015,17.72
"ZM","Zambia",2016,29.42
"ZW","Zimbabwe",2000,37.68
"ZW","Zimbabwe",2001,53.71
"ZW","Zimbabwe",2002,61.76
"ZW","Zimbabwe",2003,36.92
"ZW","Zimbabwe",2004,27.34
"ZW","Zimbabwe",2005,54.14
"ZW","Zimbabwe",2006,23.64
"ZW","Zimbabwe",2007,24.08
"ZW","Zimbabwe",2008,46.6
"ZW","Zimbabwe",2009,62.48
"ZW","Zimbabwe",2010,31.31
"ZW","Zimbabwe",2011,21.35
"ZW","Zimbabwe",2012,27.04
"ZW","Zimbabwe",2013,22.42
"ZW","Zimbabwe",2014,22.92
"ZW","Zimbabwe",2015,29.08
"ZW","Zimbabwe",2016,31.92
