"district_id","district_name","year","value"
"d314","Abim",2002,
"d314","Abim",2014,
"d314","Abim",2015,
"d314","Abim",2016,
"d314","Abim",2017,
"d314","Abim",2018,
"d314","Abim",2019,
"d314","Abim",2020,
"d301","Adjumani",2002,
"d301","Adjumani",2014,104.6
"d301","Adjumani",2015,
"d301","Adjumani",2016,
"d301","Adjumani",2017,
"d301","Adjumani",2018,
"d301","Adjumani",2019,
"d301","Adjumani",2020,
"d322","Agago",2002,
"d322","Agago",2014,101.5
"d322","Agago",2015,
"d322","Agago",2016,
"d322","Agago",2017,
"d322","Agago",2018,
"d322","Agago",2019,
"d322","Agago",2020,
"d323","Alebtong",2002,
"d323","Alebtong",2014,113.2
"d323","Alebtong",2015,
"d323","Alebtong",2016,
"d323","Alebtong",2017,
"d323","Alebtong",2018,
"d323","Alebtong",2019,
"d323","Alebtong",2020,
"d315","Amolatar",2002,
"d315","Amolatar",2014,113.2
"d315","Amolatar",2015,
"d315","Amolatar",2016,
"d315","Amolatar",2017,
"d315","Amolatar",2018,
"d315","Amolatar",2019,
"d315","Amolatar",2020,
"d324","Amudat",2002,
"d324","Amudat",2014,112.6
"d324","Amudat",2015,
"d324","Amudat",2016,
"d324","Amudat",2017,
"d324","Amudat",2018,
"d324","Amudat",2019,
"d324","Amudat",2020,
"d216","Amuria",2002,
"d216","Amuria",2014,119.1
"d216","Amuria",2015,
"d216","Amuria",2016,
"d216","Amuria",2017,
"d216","Amuria",2018,
"d216","Amuria",2019,
"d216","Amuria",2020,
"d316","Amuru",2002,
"d316","Amuru",2014,104.9
"d316","Amuru",2015,
"d316","Amuru",2016,
"d316","Amuru",2017,
"d316","Amuru",2018,
"d316","Amuru",2019,
"d316","Amuru",2020,
"d302","Apac",2002,
"d302","Apac",2014,119.2
"d302","Apac",2015,
"d302","Apac",2016,
"d302","Apac",2017,
"d302","Apac",2018,
"d302","Apac",2019,
"d302","Apac",2020,
"d303","Arua",2002,
"d303","Arua",2014,103.2
"d303","Arua",2015,
"d303","Arua",2016,
"d303","Arua",2017,
"d303","Arua",2018,
"d303","Arua",2019,
"d303","Arua",2020,
"d217","Budaka",2002,
"d217","Budaka",2014,115.1
"d217","Budaka",2015,
"d217","Budaka",2016,
"d217","Budaka",2017,
"d217","Budaka",2018,
"d217","Budaka",2019,
"d217","Budaka",2020,
"d218","Bududa",2002,
"d218","Bududa",2014,115.1
"d218","Bududa",2015,
"d218","Bududa",2016,
"d218","Bududa",2017,
"d218","Bududa",2018,
"d218","Bududa",2019,
"d218","Bududa",2020,
"d201","Bugiri",2002,
"d201","Bugiri",2014,123
"d201","Bugiri",2015,
"d201","Bugiri",2016,
"d201","Bugiri",2017,
"d201","Bugiri",2018,
"d201","Bugiri",2019,
"d201","Bugiri",2020,
"d420","Buhweju",2002,
"d420","Buhweju",2014,112.6
"d420","Buhweju",2015,
"d420","Buhweju",2016,
"d420","Buhweju",2017,
"d420","Buhweju",2018,
"d420","Buhweju",2019,
"d420","Buhweju",2020,
"d117","Buikwe",2002,
"d117","Buikwe",2014,120.5
"d117","Buikwe",2015,
"d117","Buikwe",2016,
"d117","Buikwe",2017,
"d117","Buikwe",2018,
"d117","Buikwe",2019,
"d117","Buikwe",2020,
"d219","Bukedea",2002,
"d219","Bukedea",2014,110.2
"d219","Bukedea",2015,
"d219","Bukedea",2016,
"d219","Bukedea",2017,
"d219","Bukedea",2018,
"d219","Bukedea",2019,
"d219","Bukedea",2020,
"d118","Bukomansimbi",2002,
"d118","Bukomansimbi",2014,132.2
"d118","Bukomansimbi",2015,
"d118","Bukomansimbi",2016,
"d118","Bukomansimbi",2017,
"d118","Bukomansimbi",2018,
"d118","Bukomansimbi",2019,
"d118","Bukomansimbi",2020,
"d220","Bukwo",2002,
"d220","Bukwo",2014,115.8
"d220","Bukwo",2015,
"d220","Bukwo",2016,
"d220","Bukwo",2017,
"d220","Bukwo",2018,
"d220","Bukwo",2019,
"d220","Bukwo",2020,
"d225","Bulambuli",2002,
"d225","Bulambuli",2014,123.6
"d225","Bulambuli",2015,
"d225","Bulambuli",2016,
"d225","Bulambuli",2017,
"d225","Bulambuli",2018,
"d225","Bulambuli",2019,
"d225","Bulambuli",2020,
"d416","Buliisa",2002,
"d416","Buliisa",2014,112.7
"d416","Buliisa",2015,
"d416","Buliisa",2016,
"d416","Buliisa",2017,
"d416","Buliisa",2018,
"d416","Buliisa",2019,
"d416","Buliisa",2020,
"d401","Bundibugyo",2002,
"d401","Bundibugyo",2014,108.3
"d401","Bundibugyo",2015,
"d401","Bundibugyo",2016,
"d401","Bundibugyo",2017,
"d401","Bundibugyo",2018,
"d401","Bundibugyo",2019,
"d401","Bundibugyo",2020,
"d402","Bushenyi",2002,
"d402","Bushenyi",2014,112.6
"d402","Bushenyi",2015,
"d402","Bushenyi",2016,
"d402","Bushenyi",2017,
"d402","Bushenyi",2018,
"d402","Bushenyi",2019,
"d402","Bushenyi",2020,
"d202","Busia",2002,
"d202","Busia",2014,115.9
"d202","Busia",2015,
"d202","Busia",2016,
"d202","Busia",2017,
"d202","Busia",2018,
"d202","Busia",2019,
"d202","Busia",2020,
"d221","Butaleja",2002,
"d221","Butaleja",2014,113.7
"d221","Butaleja",2015,
"d221","Butaleja",2016,
"d221","Butaleja",2017,
"d221","Butaleja",2018,
"d221","Butaleja",2019,
"d221","Butaleja",2020,
"d119","Butambala",2002,
"d119","Butambala",2014,120.5
"d119","Butambala",2015,
"d119","Butambala",2016,
"d119","Butambala",2017,
"d119","Butambala",2018,
"d119","Butambala",2019,
"d119","Butambala",2020,
"d120","Buvuma",2002,
"d120","Buvuma",2014,
"d120","Buvuma",2015,
"d120","Buvuma",2016,
"d120","Buvuma",2017,
"d120","Buvuma",2018,
"d120","Buvuma",2019,
"d120","Buvuma",2020,
"d226","Buyende",2002,
"d226","Buyende",2014,116.9
"d226","Buyende",2015,
"d226","Buyende",2016,
"d226","Buyende",2017,
"d226","Buyende",2018,
"d226","Buyende",2019,
"d226","Buyende",2020,
"d317","Dokolo",2002,
"d317","Dokolo",2014,113.2
"d317","Dokolo",2015,
"d317","Dokolo",2016,
"d317","Dokolo",2017,
"d317","Dokolo",2018,
"d317","Dokolo",2019,
"d317","Dokolo",2020,
"d121","Gomba",2002,
"d121","Gomba",2014,
"d121","Gomba",2015,
"d121","Gomba",2016,
"d121","Gomba",2017,
"d121","Gomba",2018,
"d121","Gomba",2019,
"d121","Gomba",2020,
"d304","Gulu",2002,
"d304","Gulu",2014,104.9
"d304","Gulu",2015,
"d304","Gulu",2016,
"d304","Gulu",2017,
"d304","Gulu",2018,
"d304","Gulu",2019,
"d304","Gulu",2020,
"d403","Hoima",2002,
"d403","Hoima",2014,108.4
"d403","Hoima",2015,
"d403","Hoima",2016,
"d403","Hoima",2017,
"d403","Hoima",2018,
"d403","Hoima",2019,
"d403","Hoima",2020,
"d417","Ibanda",2002,
"d417","Ibanda",2014,111
"d417","Ibanda",2015,
"d417","Ibanda",2016,
"d417","Ibanda",2017,
"d417","Ibanda",2018,
"d417","Ibanda",2019,
"d417","Ibanda",2020,
"d203","Iganga",2002,
"d203","Iganga",2014,132.8
"d203","Iganga",2015,
"d203","Iganga",2016,
"d203","Iganga",2017,
"d203","Iganga",2018,
"d203","Iganga",2019,
"d203","Iganga",2020,
"d418","Isingiro",2002,
"d418","Isingiro",2014,111
"d418","Isingiro",2015,
"d418","Isingiro",2016,
"d418","Isingiro",2017,
"d418","Isingiro",2018,
"d418","Isingiro",2019,
"d418","Isingiro",2020,
"d204","Jinja",2002,
"d204","Jinja",2014,105.4
"d204","Jinja",2015,
"d204","Jinja",2016,
"d204","Jinja",2017,
"d204","Jinja",2018,
"d204","Jinja",2019,
"d204","Jinja",2020,
"d318","Kaabong",2002,
"d318","Kaabong",2014,
"d318","Kaabong",2015,
"d318","Kaabong",2016,
"d318","Kaabong",2017,
"d318","Kaabong",2018,
"d318","Kaabong",2019,
"d318","Kaabong",2020,
"d404","Kabale",2002,
"d404","Kabale",2014,108.4
"d404","Kabale",2015,
"d404","Kabale",2016,
"d404","Kabale",2017,
"d404","Kabale",2018,
"d404","Kabale",2019,
"d404","Kabale",2020,
"d405","Kabarole",2002,
"d405","Kabarole",2014,109.4
"d405","Kabarole",2015,
"d405","Kabarole",2016,
"d405","Kabarole",2017,
"d405","Kabarole",2018,
"d405","Kabarole",2019,
"d405","Kabarole",2020,
"d213","Kaberamaido",2002,
"d213","Kaberamaido",2014,131
"d213","Kaberamaido",2015,
"d213","Kaberamaido",2016,
"d213","Kaberamaido",2017,
"d213","Kaberamaido",2018,
"d213","Kaberamaido",2019,
"d213","Kaberamaido",2020,
"d101","Kalangala",2002,
"d101","Kalangala",2014,44.4
"d101","Kalangala",2015,
"d101","Kalangala",2016,
"d101","Kalangala",2017,
"d101","Kalangala",2018,
"d101","Kalangala",2019,
"d101","Kalangala",2020,
"d222","Kaliro",2002,
"d222","Kaliro",2014,116.9
"d222","Kaliro",2015,
"d222","Kaliro",2016,
"d222","Kaliro",2017,
"d222","Kaliro",2018,
"d222","Kaliro",2019,
"d222","Kaliro",2020,
"d122","Kalungu",2002,
"d122","Kalungu",2014,132.2
"d122","Kalungu",2015,
"d122","Kalungu",2016,
"d122","Kalungu",2017,
"d122","Kalungu",2018,
"d122","Kalungu",2019,
"d122","Kalungu",2020,
"d102","Kampala",2002,
"d102","Kampala",2014,64.2
"d102","Kampala",2015,
"d102","Kampala",2016,
"d102","Kampala",2017,
"d102","Kampala",2018,
"d102","Kampala",2019,
"d102","Kampala",2020,
"d205","Kamuli",2002,
"d205","Kamuli",2014,116.9
"d205","Kamuli",2015,
"d205","Kamuli",2016,
"d205","Kamuli",2017,
"d205","Kamuli",2018,
"d205","Kamuli",2019,
"d205","Kamuli",2020,
"d413","Kamwenge",2002,
"d413","Kamwenge",2014,110.3
"d413","Kamwenge",2015,
"d413","Kamwenge",2016,
"d413","Kamwenge",2017,
"d413","Kamwenge",2018,
"d413","Kamwenge",2019,
"d413","Kamwenge",2020,
"d414","Kanungu",2002,
"d414","Kanungu",2014,121.7
"d414","Kanungu",2015,
"d414","Kanungu",2016,
"d414","Kanungu",2017,
"d414","Kanungu",2018,
"d414","Kanungu",2019,
"d414","Kanungu",2020,
"d206","Kapchorwa",2002,
"d206","Kapchorwa",2014,115.8
"d206","Kapchorwa",2015,
"d206","Kapchorwa",2016,
"d206","Kapchorwa",2017,
"d206","Kapchorwa",2018,
"d206","Kapchorwa",2019,
"d206","Kapchorwa",2020,
"d406","Kasese",2002,
"d406","Kasese",2014,123.1
"d406","Kasese",2015,
"d406","Kasese",2016,
"d406","Kasese",2017,
"d406","Kasese",2018,
"d406","Kasese",2019,
"d406","Kasese",2020,
"d207","Katakwi",2002,
"d207","Katakwi",2014,119.1
"d207","Katakwi",2015,
"d207","Katakwi",2016,
"d207","Katakwi",2017,
"d207","Katakwi",2018,
"d207","Katakwi",2019,
"d207","Katakwi",2020,
"d112","Kayunga",2002,
"d112","Kayunga",2014,116.9
"d112","Kayunga",2015,
"d112","Kayunga",2016,
"d112","Kayunga",2017,
"d112","Kayunga",2018,
"d112","Kayunga",2019,
"d112","Kayunga",2020,
"d407","Kibaale",2002,
"d407","Kibaale",2014,109
"d407","Kibaale",2015,
"d407","Kibaale",2016,
"d407","Kibaale",2017,
"d407","Kibaale",2018,
"d407","Kibaale",2019,
"d407","Kibaale",2020,
"d103","Kiboga",2002,
"d103","Kiboga",2014,127.5
"d103","Kiboga",2015,
"d103","Kiboga",2016,
"d103","Kiboga",2017,
"d103","Kiboga",2018,
"d103","Kiboga",2019,
"d103","Kiboga",2020,
"d227","Kibuku",2002,
"d227","Kibuku",2014,116.7
"d227","Kibuku",2015,
"d227","Kibuku",2016,
"d227","Kibuku",2017,
"d227","Kibuku",2018,
"d227","Kibuku",2019,
"d227","Kibuku",2020,
"d419","Kiruhura",2002,
"d419","Kiruhura",2014,111
"d419","Kiruhura",2015,
"d419","Kiruhura",2016,
"d419","Kiruhura",2017,
"d419","Kiruhura",2018,
"d419","Kiruhura",2019,
"d419","Kiruhura",2020,
"d421","Kiryandongo",2002,
"d421","Kiryandongo",2014,112.7
"d421","Kiryandongo",2015,
"d421","Kiryandongo",2016,
"d421","Kiryandongo",2017,
"d421","Kiryandongo",2018,
"d421","Kiryandongo",2019,
"d421","Kiryandongo",2020,
"d408","Kisoro",2002,
"d408","Kisoro",2014,102.6
"d408","Kisoro",2015,
"d408","Kisoro",2016,
"d408","Kisoro",2017,
"d408","Kisoro",2018,
"d408","Kisoro",2019,
"d408","Kisoro",2020,
"d305","Kitgum",2002,
"d305","Kitgum",2014,104.5
"d305","Kitgum",2015,
"d305","Kitgum",2016,
"d305","Kitgum",2017,
"d305","Kitgum",2018,
"d305","Kitgum",2019,
"d305","Kitgum",2020,
"d319","Koboko",2002,
"d319","Koboko",2014,103.2
"d319","Koboko",2015,
"d319","Koboko",2016,
"d319","Koboko",2017,
"d319","Koboko",2018,
"d319","Koboko",2019,
"d319","Koboko",2020,
"d325","Kole",2002,
"d325","Kole",2014,119.2
"d325","Kole",2015,
"d325","Kole",2016,
"d325","Kole",2017,
"d325","Kole",2018,
"d325","Kole",2019,
"d325","Kole",2020,
"d306","Kotido",2002,
"d306","Kotido",2014,113.2
"d306","Kotido",2015,
"d306","Kotido",2016,
"d306","Kotido",2017,
"d306","Kotido",2018,
"d306","Kotido",2019,
"d306","Kotido",2020,
"d208","Kumi",2002,
"d208","Kumi",2014,110.2
"d208","Kumi",2015,
"d208","Kumi",2016,
"d208","Kumi",2017,
"d208","Kumi",2018,
"d208","Kumi",2019,
"d208","Kumi",2020,
"d228","Kween",2002,
"d228","Kween",2014,115.8
"d228","Kween",2015,
"d228","Kween",2016,
"d228","Kween",2017,
"d228","Kween",2018,
"d228","Kween",2019,
"d228","Kween",2020,
"d123","Kyankwanzi",2002,
"d123","Kyankwanzi",2014,127.5
"d123","Kyankwanzi",2015,
"d123","Kyankwanzi",2016,
"d123","Kyankwanzi",2017,
"d123","Kyankwanzi",2018,
"d123","Kyankwanzi",2019,
"d123","Kyankwanzi",2020,
"d422","Kyegegwa",2002,
"d422","Kyegegwa",2014,108.3
"d422","Kyegegwa",2015,
"d422","Kyegegwa",2016,
"d422","Kyegegwa",2017,
"d422","Kyegegwa",2018,
"d422","Kyegegwa",2019,
"d422","Kyegegwa",2020,
"d415","Kyenjojo",2002,
"d415","Kyenjojo",2014,108.3
"d415","Kyenjojo",2015,
"d415","Kyenjojo",2016,
"d415","Kyenjojo",2017,
"d415","Kyenjojo",2018,
"d415","Kyenjojo",2019,
"d415","Kyenjojo",2020,
"d326","Lamwo",2002,
"d326","Lamwo",2014,104.5
"d326","Lamwo",2015,
"d326","Lamwo",2016,
"d326","Lamwo",2017,
"d326","Lamwo",2018,
"d326","Lamwo",2019,
"d326","Lamwo",2020,
"d307","Lira",2002,
"d307","Lira",2014,113.2
"d307","Lira",2015,
"d307","Lira",2016,
"d307","Lira",2017,
"d307","Lira",2018,
"d307","Lira",2019,
"d307","Lira",2020,
"d229","Luuka",2002,
"d229","Luuka",2014,132.8
"d229","Luuka",2015,
"d229","Luuka",2016,
"d229","Luuka",2017,
"d229","Luuka",2018,
"d229","Luuka",2019,
"d229","Luuka",2020,
"d104","Luwero",2002,
"d104","Luwero",2014,120.4
"d104","Luwero",2015,
"d104","Luwero",2016,
"d104","Luwero",2017,
"d104","Luwero",2018,
"d104","Luwero",2019,
"d104","Luwero",2020,
"d124","Lwengo",2002,
"d124","Lwengo",2014,132.2
"d124","Lwengo",2015,
"d124","Lwengo",2016,
"d124","Lwengo",2017,
"d124","Lwengo",2018,
"d124","Lwengo",2019,
"d124","Lwengo",2020,
"d114","Lyantonde",2002,
"d114","Lyantonde",2014,131.5
"d114","Lyantonde",2015,
"d114","Lyantonde",2016,
"d114","Lyantonde",2017,
"d114","Lyantonde",2018,
"d114","Lyantonde",2019,
"d114","Lyantonde",2020,
"d223","Manafwa",2002,
"d223","Manafwa",2014,115.1
"d223","Manafwa",2015,
"d223","Manafwa",2016,
"d223","Manafwa",2017,
"d223","Manafwa",2018,
"d223","Manafwa",2019,
"d223","Manafwa",2020,
"d320","Maracha",2002,
"d320","Maracha",2014,103.2
"d320","Maracha",2015,
"d320","Maracha",2016,
"d320","Maracha",2017,
"d320","Maracha",2018,
"d320","Maracha",2019,
"d320","Maracha",2020,
"d105","Masaka",2002,
"d105","Masaka",2014,132.2
"d105","Masaka",2015,
"d105","Masaka",2016,
"d105","Masaka",2017,
"d105","Masaka",2018,
"d105","Masaka",2019,
"d105","Masaka",2020,
"d409","Masindi",2002,
"d409","Masindi",2014,112.7
"d409","Masindi",2015,
"d409","Masindi",2016,
"d409","Masindi",2017,
"d409","Masindi",2018,
"d409","Masindi",2019,
"d409","Masindi",2020,
"d214","Mayuge",2002,
"d214","Mayuge",2014,129.3
"d214","Mayuge",2015,
"d214","Mayuge",2016,
"d214","Mayuge",2017,
"d214","Mayuge",2018,
"d214","Mayuge",2019,
"d214","Mayuge",2020,
"d209","Mbale",2002,
"d209","Mbale",2014,115.1
"d209","Mbale",2015,
"d209","Mbale",2016,
"d209","Mbale",2017,
"d209","Mbale",2018,
"d209","Mbale",2019,
"d209","Mbale",2020,
"d410","Mbarara",2002,
"d410","Mbarara",2014,111
"d410","Mbarara",2015,
"d410","Mbarara",2016,
"d410","Mbarara",2017,
"d410","Mbarara",2018,
"d410","Mbarara",2019,
"d410","Mbarara",2020,
"d423","Mitooma",2002,
"d423","Mitooma",2014,112.6
"d423","Mitooma",2015,
"d423","Mitooma",2016,
"d423","Mitooma",2017,
"d423","Mitooma",2018,
"d423","Mitooma",2019,
"d423","Mitooma",2020,
"d115","Mityana",2002,
"d115","Mityana",2014,110.3
"d115","Mityana",2015,
"d115","Mityana",2016,
"d115","Mityana",2017,
"d115","Mityana",2018,
"d115","Mityana",2019,
"d115","Mityana",2020,
"d308","Moroto",2002,
"d308","Moroto",2014,87
"d308","Moroto",2015,
"d308","Moroto",2016,
"d308","Moroto",2017,
"d308","Moroto",2018,
"d308","Moroto",2019,
"d308","Moroto",2020,
"d309","Moyo",2002,
"d309","Moyo",2014,100.5
"d309","Moyo",2015,
"d309","Moyo",2016,
"d309","Moyo",2017,
"d309","Moyo",2018,
"d309","Moyo",2019,
"d309","Moyo",2020,
"d106","Mpigi",2002,
"d106","Mpigi",2014,120.5
"d106","Mpigi",2015,
"d106","Mpigi",2016,
"d106","Mpigi",2017,
"d106","Mpigi",2018,
"d106","Mpigi",2019,
"d106","Mpigi",2020,
"d107","Mubende",2002,
"d107","Mubende",2014,110.3
"d107","Mubende",2015,
"d107","Mubende",2016,
"d107","Mubende",2017,
"d107","Mubende",2018,
"d107","Mubende",2019,
"d107","Mubende",2020,
"d108","Mukono",2002,
"d108","Mukono",2014,120.5
"d108","Mukono",2015,
"d108","Mukono",2016,
"d108","Mukono",2017,
"d108","Mukono",2018,
"d108","Mukono",2019,
"d108","Mukono",2020,
"d311","Nakapiripirit",2002,
"d311","Nakapiripirit",2014,112.6
"d311","Nakapiripirit",2015,
"d311","Nakapiripirit",2016,
"d311","Nakapiripirit",2017,
"d311","Nakapiripirit",2018,
"d311","Nakapiripirit",2019,
"d311","Nakapiripirit",2020,
"d116","Nakaseke",2002,
"d116","Nakaseke",2014,
"d116","Nakaseke",2015,
"d116","Nakaseke",2016,
"d116","Nakaseke",2017,
"d116","Nakaseke",2018,
"d116","Nakaseke",2019,
"d116","Nakaseke",2020,
"d109","Nakasongola",2002,
"d109","Nakasongola",2014,116
"d109","Nakasongola",2015,
"d109","Nakasongola",2016,
"d109","Nakasongola",2017,
"d109","Nakasongola",2018,
"d109","Nakasongola",2019,
"d109","Nakasongola",2020,
"d230","Namayingo",2002,
"d230","Namayingo",2014,123
"d230","Namayingo",2015,
"d230","Namayingo",2016,
"d230","Namayingo",2017,
"d230","Namayingo",2018,
"d230","Namayingo",2019,
"d230","Namayingo",2020,
"d224","Namutumba",2002,
"d224","Namutumba",2014,132.8
"d224","Namutumba",2015,
"d224","Namutumba",2016,
"d224","Namutumba",2017,
"d224","Namutumba",2018,
"d224","Namutumba",2019,
"d224","Namutumba",2020,
"d327","Napak",2002,
"d327","Napak",2014,87
"d327","Napak",2015,
"d327","Napak",2016,
"d327","Napak",2017,
"d327","Napak",2018,
"d327","Napak",2019,
"d327","Napak",2020,
"d310","Nebbi",2002,
"d310","Nebbi",2014,102.8
"d310","Nebbi",2015,
"d310","Nebbi",2016,
"d310","Nebbi",2017,
"d310","Nebbi",2018,
"d310","Nebbi",2019,
"d310","Nebbi",2020,
"d231","Ngora",2002,
"d231","Ngora",2014,110.2
"d231","Ngora",2015,
"d231","Ngora",2016,
"d231","Ngora",2017,
"d231","Ngora",2018,
"d231","Ngora",2019,
"d231","Ngora",2020,
"d424","Ntoroko",2002,
"d424","Ntoroko",2014,108.3
"d424","Ntoroko",2015,
"d424","Ntoroko",2016,
"d424","Ntoroko",2017,
"d424","Ntoroko",2018,
"d424","Ntoroko",2019,
"d424","Ntoroko",2020,
"d411","Ntungamo",2002,
"d411","Ntungamo",2014,
"d411","Ntungamo",2015,
"d411","Ntungamo",2016,
"d411","Ntungamo",2017,
"d411","Ntungamo",2018,
"d411","Ntungamo",2019,
"d411","Ntungamo",2020,
"d328","Nwoya",2002,
"d328","Nwoya",2014,104.9
"d328","Nwoya",2015,
"d328","Nwoya",2016,
"d328","Nwoya",2017,
"d328","Nwoya",2018,
"d328","Nwoya",2019,
"d328","Nwoya",2020,
"d329","Otuke",2002,
"d329","Otuke",2014,113.2
"d329","Otuke",2015,
"d329","Otuke",2016,
"d329","Otuke",2017,
"d329","Otuke",2018,
"d329","Otuke",2019,
"d329","Otuke",2020,
"d321","Oyam",2002,
"d321","Oyam",2014,119.2
"d321","Oyam",2015,
"d321","Oyam",2016,
"d321","Oyam",2017,
"d321","Oyam",2018,
"d321","Oyam",2019,
"d321","Oyam",2020,
"d312","Pader",2002,
"d312","Pader",2014,101.5
"d312","Pader",2015,
"d312","Pader",2016,
"d312","Pader",2017,
"d312","Pader",2018,
"d312","Pader",2019,
"d312","Pader",2020,
"d210","Pallisa",2002,
"d210","Pallisa",2014,116.7
"d210","Pallisa",2015,
"d210","Pallisa",2016,
"d210","Pallisa",2017,
"d210","Pallisa",2018,
"d210","Pallisa",2019,
"d210","Pallisa",2020,
"d110","Rakai",2002,
"d110","Rakai",2014,116
"d110","Rakai",2015,
"d110","Rakai",2016,
"d110","Rakai",2017,
"d110","Rakai",2018,
"d110","Rakai",2019,
"d110","Rakai",2020,
"d425","Rubirizi",2002,
"d425","Rubirizi",2014,112.6
"d425","Rubirizi",2015,
"d425","Rubirizi",2016,
"d425","Rubirizi",2017,
"d425","Rubirizi",2018,
"d425","Rubirizi",2019,
"d425","Rubirizi",2020,
"d412","Rukungiri",2002,
"d412","Rukungiri",2014,120.8
"d412","Rukungiri",2015,
"d412","Rukungiri",2016,
"d412","Rukungiri",2017,
"d412","Rukungiri",2018,
"d412","Rukungiri",2019,
"d412","Rukungiri",2020,
"d111","Sembabule",2002,
"d111","Sembabule",2014,131.5
"d111","Sembabule",2015,
"d111","Sembabule",2016,
"d111","Sembabule",2017,
"d111","Sembabule",2018,
"d111","Sembabule",2019,
"d111","Sembabule",2020,
"d232","Serere",2002,
"d232","Serere",2014,127.6
"d232","Serere",2015,
"d232","Serere",2016,
"d232","Serere",2017,
"d232","Serere",2018,
"d232","Serere",2019,
"d232","Serere",2020,
"d426","Sheema",2002,
"d426","Sheema",2014,112.6
"d426","Sheema",2015,
"d426","Sheema",2016,
"d426","Sheema",2017,
"d426","Sheema",2018,
"d426","Sheema",2019,
"d426","Sheema",2020,
"d215","Sironko",2002,
"d215","Sironko",2014,123.6
"d215","Sironko",2015,
"d215","Sironko",2016,
"d215","Sironko",2017,
"d215","Sironko",2018,
"d215","Sironko",2019,
"d215","Sironko",2020,
"d211","Soroti",2002,
"d211","Soroti",2014,127.6
"d211","Soroti",2015,
"d211","Soroti",2016,
"d211","Soroti",2017,
"d211","Soroti",2018,
"d211","Soroti",2019,
"d211","Soroti",2020,
"d212","Tororo",2002,
"d212","Tororo",2014,113.7
"d212","Tororo",2015,
"d212","Tororo",2016,
"d212","Tororo",2017,
"d212","Tororo",2018,
"d212","Tororo",2019,
"d212","Tororo",2020,
"d113","Wakiso",2002,
"d113","Wakiso",2014,91.3
"d113","Wakiso",2015,
"d113","Wakiso",2016,
"d113","Wakiso",2017,
"d113","Wakiso",2018,
"d113","Wakiso",2019,
"d113","Wakiso",2020,
"d313","Yumbe",2002,
"d313","Yumbe",2014,115.5
"d313","Yumbe",2015,
"d313","Yumbe",2016,
"d313","Yumbe",2017,
"d313","Yumbe",2018,
"d313","Yumbe",2019,
"d313","Yumbe",2020,
"d330","Zombo",2002,
"d330","Zombo",2014,102.8
"d330","Zombo",2015,
"d330","Zombo",2016,
"d330","Zombo",2017,
"d330","Zombo",2018,
"d330","Zombo",2019,
"d330","Zombo",2020,
