"di_id","entity_name","year","value"
"AF","Afghanistan",2000,
"AF","Afghanistan",2001,16.7
"AF","Afghanistan",2002,34.1
"AF","Afghanistan",2003,36.6
"AF","Afghanistan",2004,47.3
"AF","Afghanistan",2005,50.5
"AF","Afghanistan",2006,46.3
"AF","Afghanistan",2007,53.7
"AF","Afghanistan",2008,49.9
"AF","Afghanistan",2009,53.3
"AF","Afghanistan",2010,44.6
"AF","Afghanistan",2011,40.2
"AF","Afghanistan",2012,34.3
"AF","Afghanistan",2013,27.9
"AF","Afghanistan",2014,26.1
"AF","Afghanistan",2015,25.5
"AF","Afghanistan",2016,24.6
"AL","Albania",2000,30.8
"AL","Albania",2001,30.1
"AL","Albania",2002,27.4
"AL","Albania",2003,27.6
"AL","Albania",2004,26.8
"AL","Albania",2005,30.7
"AL","Albania",2006,26.3
"AL","Albania",2007,26.3
"AL","Albania",2008,34.1
"AL","Albania",2009,28.1
"AL","Albania",2010,29.2
"AL","Albania",2011,27.9
"AL","Albania",2012,27
"AL","Albania",2013,30.7
"AL","Albania",2014,24.8
"AL","Albania",2015,31.5
"AL","Albania",2016,25
"DZ","Algeria",2000,4.5
"DZ","Algeria",2001,5.7
"DZ","Algeria",2002,6.9
"DZ","Algeria",2003,6.8
"DZ","Algeria",2004,7.1
"DZ","Algeria",2005,4.7
"DZ","Algeria",2006,4
"DZ","Algeria",2007,3.8
"DZ","Algeria",2008,3.7
"DZ","Algeria",2009,4
"DZ","Algeria",2010,3.5
"DZ","Algeria",2011,2.4
"DZ","Algeria",2012,1.8
"DZ","Algeria",2013,2
"DZ","Algeria",2014,2.1
"DZ","Algeria",2015,1.4
"DZ","Algeria",2016,3.1
"AO","Angola",2000,38.3
"AO","Angola",2001,49.2
"AO","Angola",2002,65.5
"AO","Angola",2003,100.6
"AO","Angola",2004,49.3
"AO","Angola",2005,42.8
"AO","Angola",2006,26.1
"AO","Angola",2007,26.5
"AO","Angola",2008,26
"AO","Angola",2009,20.7
"AO","Angola",2010,19.9
"AO","Angola",2011,18.4
"AO","Angola",2012,17.8
"AO","Angola",2013,17.9
"AO","Angola",2014,20.8
"AO","Angola",2015,19.4
"AO","Angola",2016,29.1
"AG","Antigua & Barbuda",2000,9
"AG","Antigua & Barbuda",2001,17.1
"AG","Antigua & Barbuda",2002,12.3
"AG","Antigua & Barbuda",2003,22.8
"AG","Antigua & Barbuda",2004,11.9
"AG","Antigua & Barbuda",2005,24.3
"AG","Antigua & Barbuda",2006,33.1
"AG","Antigua & Barbuda",2007,28.6
"AG","Antigua & Barbuda",2008,14.1
"AG","Antigua & Barbuda",2009,9.7
"AG","Antigua & Barbuda",2010,12.9
"AG","Antigua & Barbuda",2011,12.1
"AG","Antigua & Barbuda",2012,13.3
"AG","Antigua & Barbuda",2013,11.3
"AG","Antigua & Barbuda",2014,14
"AG","Antigua & Barbuda",2015,15.7
"AG","Antigua & Barbuda",2016,11.6
"AR","Argentina",2000,10.4
"AR","Argentina",2001,2.5
"AR","Argentina",2002,4.3
"AR","Argentina",2003,6.8
"AR","Argentina",2004,6.1
"AR","Argentina",2005,14.1
"AR","Argentina",2006,6.8
"AR","Argentina",2007,6.5
"AR","Argentina",2008,4.9
"AR","Argentina",2009,3.8
"AR","Argentina",2010,5.1
"AR","Argentina",2011,5.9
"AR","Argentina",2012,4.3
"AR","Argentina",2013,6
"AR","Argentina",2014,4.9
"AR","Argentina",2015,9.7
"AR","Argentina",2016,11.4
"AM","Armenia",2000,22.5
"AM","Armenia",2001,18.7
"AM","Armenia",2002,31.4
"AM","Armenia",2003,27.2
"AM","Armenia",2004,28.9
"AM","Armenia",2005,31.7
"AM","Armenia",2006,31.5
"AM","Armenia",2007,38.2
"AM","Armenia",2008,33.5
"AM","Armenia",2009,43.2
"AM","Armenia",2010,48.6
"AM","Armenia",2011,45.6
"AM","Armenia",2012,40.8
"AM","Armenia",2013,53.8
"AM","Armenia",2014,41.6
"AM","Armenia",2015,37.4
"AM","Armenia",2016,40.6
"AZ","Azerbaijan",2000,13.9
"AZ","Azerbaijan",2001,11
"AZ","Azerbaijan",2002,32.8
"AZ","Azerbaijan",2003,69.4
"AZ","Azerbaijan",2004,54.5
"AZ","Azerbaijan",2005,24.1
"AZ","Azerbaijan",2006,8.4
"AZ","Azerbaijan",2007,8
"AZ","Azerbaijan",2008,5.3
"AZ","Azerbaijan",2009,6.3
"AZ","Azerbaijan",2010,10.1
"AZ","Azerbaijan",2011,8.8
"AZ","Azerbaijan",2012,11.9
"AZ","Azerbaijan",2013,8.2
"AZ","Azerbaijan",2014,13.9
"AZ","Azerbaijan",2015,17.8
"AZ","Azerbaijan",2016,24.3
"BD","Bangladesh",2000,8.2
"BD","Bangladesh",2001,7.7
"BD","Bangladesh",2002,8.8
"BD","Bangladesh",2003,9.1
"BD","Bangladesh",2004,9.8
"BD","Bangladesh",2005,10.8
"BD","Bangladesh",2006,12.6
"BD","Bangladesh",2007,12.4
"BD","Bangladesh",2008,15.9
"BD","Bangladesh",2009,14
"BD","Bangladesh",2010,13.4
"BD","Bangladesh",2011,12.7
"BD","Bangladesh",2012,14.9
"BD","Bangladesh",2013,16.5
"BD","Bangladesh",2014,13.6
"BD","Bangladesh",2015,12.5
"BD","Bangladesh",2016,9.8
"BY","Belarus",2000,4
"BY","Belarus",2001,5.6
"BY","Belarus",2002,8
"BY","Belarus",2003,5.6
"BY","Belarus",2004,7.3
"BY","Belarus",2005,6.1
"BY","Belarus",2006,6.3
"BY","Belarus",2007,19.5
"BY","Belarus",2008,10.6
"BY","Belarus",2009,12.3
"BY","Belarus",2010,15.3
"BY","Belarus",2011,19.4
"BY","Belarus",2012,9.6
"BY","Belarus",2013,14.3
"BY","Belarus",2014,11.2
"BY","Belarus",2015,11.5
"BY","Belarus",2016,10.3
"BZ","Belize",2000,35.2
"BZ","Belize",2001,32.8
"BZ","Belize",2002,32.9
"BZ","Belize",2003,35
"BZ","Belize",2004,36.4
"BZ","Belize",2005,35.8
"BZ","Belize",2006,23.9
"BZ","Belize",2007,65.8
"BZ","Belize",2008,28.3
"BZ","Belize",2009,21.9
"BZ","Belize",2010,18
"BZ","Belize",2011,16.9
"BZ","Belize",2012,21.4
"BZ","Belize",2013,23.9
"BZ","Belize",2014,21.6
"BZ","Belize",2015,16.4
"BZ","Belize",2016,14.1
"BJ","Benin",2000,17.5
"BJ","Benin",2001,17.7
"BJ","Benin",2002,12.1
"BJ","Benin",2003,11.8
"BJ","Benin",2004,14.1
"BJ","Benin",2005,13.2
"BJ","Benin",2006,36.4
"BJ","Benin",2007,18.6
"BJ","Benin",2008,14.6
"BJ","Benin",2009,15.3
"BJ","Benin",2010,17.1
"BJ","Benin",2011,15.7
"BJ","Benin",2012,12.7
"BJ","Benin",2013,15.2
"BJ","Benin",2014,15.5
"BJ","Benin",2015,12.4
"BJ","Benin",2016,12
"BT","Bhutan",2000,18
"BT","Bhutan",2001,26.6
"BT","Bhutan",2002,28.5
"BT","Bhutan",2003,27
"BT","Bhutan",2004,24.9
"BT","Bhutan",2005,20.3
"BT","Bhutan",2006,23.6
"BT","Bhutan",2007,13.8
"BT","Bhutan",2008,9.6
"BT","Bhutan",2009,18.9
"BT","Bhutan",2010,22.2
"BT","Bhutan",2011,22.5
"BT","Bhutan",2012,33.9
"BT","Bhutan",2013,25
"BT","Bhutan",2014,28
"BT","Bhutan",2015,22.8
"BT","Bhutan",2016,23.5
"BO","Bolivia",2000,24.2
"BO","Bolivia",2001,24.8
"BO","Bolivia",2002,28.6
"BO","Bolivia",2003,23.9
"BO","Bolivia",2004,23.1
"BO","Bolivia",2005,18.4
"BO","Bolivia",2006,35.5
"BO","Bolivia",2007,31.1
"BO","Bolivia",2008,21.7
"BO","Bolivia",2009,15.2
"BO","Bolivia",2010,15.2
"BO","Bolivia",2011,13.3
"BO","Bolivia",2012,14.3
"BO","Bolivia",2013,15.8
"BO","Bolivia",2014,12
"BO","Bolivia",2015,10.9
"BO","Bolivia",2016,10.2
"BA","Bosnia & Herzegovina",2000,48.3
"BA","Bosnia & Herzegovina",2001,41.5
"BA","Bosnia & Herzegovina",2002,41.7
"BA","Bosnia & Herzegovina",2003,36.8
"BA","Bosnia & Herzegovina",2004,40.9
"BA","Bosnia & Herzegovina",2005,44.5
"BA","Bosnia & Herzegovina",2006,40.2
"BA","Bosnia & Herzegovina",2007,51.9
"BA","Bosnia & Herzegovina",2008,33.2
"BA","Bosnia & Herzegovina",2009,24.5
"BA","Bosnia & Herzegovina",2010,18.7
"BA","Bosnia & Herzegovina",2011,20.2
"BA","Bosnia & Herzegovina",2012,23.8
"BA","Bosnia & Herzegovina",2013,22.7
"BA","Bosnia & Herzegovina",2014,20.9
"BA","Bosnia & Herzegovina",2015,20.9
"BA","Bosnia & Herzegovina",2016,17.6
"BW","Botswana",2000,3.1
"BW","Botswana",2001,2.1
"BW","Botswana",2002,9
"BW","Botswana",2003,7.1
"BW","Botswana",2004,6.4
"BW","Botswana",2005,7
"BW","Botswana",2006,7.2
"BW","Botswana",2007,7.3
"BW","Botswana",2008,13
"BW","Botswana",2009,15.9
"BW","Botswana",2010,4.9
"BW","Botswana",2011,13.9
"BW","Botswana",2012,5.2
"BW","Botswana",2013,4
"BW","Botswana",2014,5.1
"BW","Botswana",2015,5.6
"BW","Botswana",2016,1.4
"BR","Brazil",2000,12.9
"BR","Brazil",2001,11.8
"BR","Brazil",2002,9.1
"BR","Brazil",2003,8.5
"BR","Brazil",2004,7.8
"BR","Brazil",2005,5.9
"BR","Brazil",2006,7.6
"BR","Brazil",2007,10.4
"BR","Brazil",2008,7
"BR","Brazil",2009,7.8
"BR","Brazil",2010,10.7
"BR","Brazil",2011,8.5
"BR","Brazil",2012,6.7
"BR","Brazil",2013,7.2
"BR","Brazil",2014,9.3
"BR","Brazil",2015,9.6
"BR","Brazil",2016,10.3
"BF","Burkina Faso",2000,18.3
"BF","Burkina Faso",2001,18.5
"BF","Burkina Faso",2002,17.9
"BF","Burkina Faso",2003,16.6
"BF","Burkina Faso",2004,17.5
"BF","Burkina Faso",2005,15.7
"BF","Burkina Faso",2006,42.5
"BF","Burkina Faso",2007,22.3
"BF","Burkina Faso",2008,15.3
"BF","Burkina Faso",2009,15.8
"BF","Burkina Faso",2010,15.1
"BF","Burkina Faso",2011,13.2
"BF","Burkina Faso",2012,15.7
"BF","Burkina Faso",2013,16
"BF","Burkina Faso",2014,16.8
"BF","Burkina Faso",2015,16.9
"BF","Burkina Faso",2016,16
"BI","Burundi",2000,14.9
"BI","Burundi",2001,20.2
"BI","Burundi",2002,23.6
"BI","Burundi",2003,33.5
"BI","Burundi",2004,46.2
"BI","Burundi",2005,36.1
"BI","Burundi",2006,37.2
"BI","Burundi",2007,38.7
"BI","Burundi",2008,35.6
"BI","Burundi",2009,57
"BI","Burundi",2010,33.8
"BI","Burundi",2011,26.8
"BI","Burundi",2012,25
"BI","Burundi",2013,24.5
"BI","Burundi",2014,22
"BI","Burundi",2015,15.3
"BI","Burundi",2016,27.9
"KH","Cambodia",2000,18.4
"KH","Cambodia",2001,18
"KH","Cambodia",2002,18.4
"KH","Cambodia",2003,16.5
"KH","Cambodia",2004,15.7
"KH","Cambodia",2005,18
"KH","Cambodia",2006,18.3
"KH","Cambodia",2007,20.4
"KH","Cambodia",2008,20.1
"KH","Cambodia",2009,21.7
"KH","Cambodia",2010,24.4
"KH","Cambodia",2011,24
"KH","Cambodia",2012,37.8
"KH","Cambodia",2013,27.4
"KH","Cambodia",2014,26.2
"KH","Cambodia",2015,27.6
"KH","Cambodia",2016,23.5
"CM","Cameroon",2000,8.8
"CM","Cameroon",2001,7.1
"CM","Cameroon",2002,15.8
"CM","Cameroon",2003,11
"CM","Cameroon",2004,8.1
"CM","Cameroon",2005,6.6
"CM","Cameroon",2006,19.1
"CM","Cameroon",2007,12.8
"CM","Cameroon",2008,5.6
"CM","Cameroon",2009,7.7
"CM","Cameroon",2010,3.8
"CM","Cameroon",2011,5
"CM","Cameroon",2012,7.5
"CM","Cameroon",2013,8.1
"CM","Cameroon",2014,7.5
"CM","Cameroon",2015,9.7
"CM","Cameroon",2016,7.2
"CV","Cape Verde",2000,43.2
"CV","Cape Verde",2001,33.4
"CV","Cape Verde",2002,36.7
"CV","Cape Verde",2003,36.6
"CV","Cape Verde",2004,36.6
"CV","Cape Verde",2005,43
"CV","Cape Verde",2006,38.2
"CV","Cape Verde",2007,34.1
"CV","Cape Verde",2008,34.2
"CV","Cape Verde",2009,34.5
"CV","Cape Verde",2010,43.6
"CV","Cape Verde",2011,39.3
"CV","Cape Verde",2012,36.2
"CV","Cape Verde",2013,33.7
"CV","Cape Verde",2014,42.2
"CV","Cape Verde",2015,35.5
"CV","Cape Verde",2016,32.2
"CF","CAR",2000,10.5
"CF","CAR",2001,10.4
"CF","CAR",2002,7.4
"CF","CAR",2003,6.2
"CF","CAR",2004,10.6
"CF","CAR",2005,8.2
"CF","CAR",2006,20.5
"CF","CAR",2007,17.1
"CF","CAR",2008,20.2
"CF","CAR",2009,23.8
"CF","CAR",2010,17.6
"CF","CAR",2011,16.3
"CF","CAR",2012,14.5
"CF","CAR",2013,15.4
"CF","CAR",2014,40.3
"CF","CAR",2015,33.3
"CF","CAR",2016,31.9
"TD","Chad",2000,19.5
"TD","Chad",2001,40.1
"TD","Chad",2002,60.3
"TD","Chad",2003,39.3
"TD","Chad",2004,19.3
"TD","Chad",2005,7
"TD","Chad",2006,5
"TD","Chad",2007,5.2
"TD","Chad",2008,10.2
"TD","Chad",2009,10.7
"TD","Chad",2010,11.4
"TD","Chad",2011,8.6
"TD","Chad",2012,9.8
"TD","Chad",2013,13.1
"TD","Chad",2014,4
"TD","Chad",2015,16.2
"TD","Chad",2016,12.7
"CL","Chile",2000,6.6
"CL","Chile",2001,6.7
"CL","Chile",2002,4.1
"CL","Chile",2003,6.6
"CL","Chile",2004,7.9
"CL","Chile",2005,7.4
"CL","Chile",2006,5
"CL","Chile",2007,7.6
"CL","Chile",2008,10.1
"CL","Chile",2009,8.4
"CL","Chile",2010,9.2
"CL","Chile",2011,9.3
"CL","Chile",2012,14.7
"CL","Chile",2013,9.8
"CL","Chile",2014,10.3
"CL","Chile",2015,6.9
"CL","Chile",2016,5.4
"CN","China",2000,5.6
"CN","China",2001,8.1
"CN","China",2002,6
"CN","China",2003,7
"CN","China",2004,6.8
"CN","China",2005,8
"CN","China",2006,7.2
"CN","China",2007,5.9
"CN","China",2008,4.5
"CN","China",2009,4.8
"CN","China",2010,8.4
"CN","China",2011,7
"CN","China",2012,3.7
"CN","China",2013,6.1
"CN","China",2014,5.2
"CN","China",2015,3
"CN","China",2016,3.4
"CO","Colombia",2000,8.2
"CO","Colombia",2001,11.7
"CO","Colombia",2002,9
"CO","Colombia",2003,13.3
"CO","Colombia",2004,11.1
"CO","Colombia",2005,14.6
"CO","Colombia",2006,12.7
"CO","Colombia",2007,11.7
"CO","Colombia",2008,9.8
"CO","Colombia",2009,11.4
"CO","Colombia",2010,10.3
"CO","Colombia",2011,12.3
"CO","Colombia",2012,11.2
"CO","Colombia",2013,11.9
"CO","Colombia",2014,11.5
"CO","Colombia",2015,13.3
"CO","Colombia",2016,13.4
"KM","Comoros",2000,12.2
"KM","Comoros",2001,14.9
"KM","Comoros",2002,14.2
"KM","Comoros",2003,9.6
"KM","Comoros",2004,8.9
"KM","Comoros",2005,21.8
"KM","Comoros",2006,25
"KM","Comoros",2007,28.6
"KM","Comoros",2008,29.7
"KM","Comoros",2009,33.2
"KM","Comoros",2010,32.3
"KM","Comoros",2011,32.5
"KM","Comoros",2012,41.2
"KM","Comoros",2013,48.5
"KM","Comoros",2014,32.2
"KM","Comoros",2015,36
"KM","Comoros",2016,37.7
"CG","Congo",2000,7.1
"CG","Congo",2001,14.3
"CG","Congo",2002,8.1
"CG","Congo",2003,23.2
"CG","Congo",2004,7
"CG","Congo",2005,52.7
"CG","Congo",2006,13.1
"CG","Congo",2007,20.1
"CG","Congo",2008,21.6
"CG","Congo",2009,18
"CG","Congo",2010,23.5
"CG","Congo",2011,19.8
"CG","Congo",2012,20.7
"CG","Congo",2013,27.9
"CG","Congo",2014,45.6
"CG","Congo",2015,27.8
"CG","Congo",2016,28.8
"CK","Cook Islands",2000,
"CK","Cook Islands",2001,
"CK","Cook Islands",2002,
"CK","Cook Islands",2003,
"CK","Cook Islands",2004,
"CK","Cook Islands",2005,
"CK","Cook Islands",2006,
"CK","Cook Islands",2007,
"CK","Cook Islands",2008,
"CK","Cook Islands",2009,
"CK","Cook Islands",2010,
"CK","Cook Islands",2011,
"CK","Cook Islands",2012,
"CK","Cook Islands",2013,
"CK","Cook Islands",2014,
"CK","Cook Islands",2015,
"CK","Cook Islands",2016,
"CR","Costa Rica",2000,12
"CR","Costa Rica",2001,9.6
"CR","Costa Rica",2002,10
"CR","Costa Rica",2003,12.7
"CR","Costa Rica",2004,12.3
"CR","Costa Rica",2005,16.5
"CR","Costa Rica",2006,13.3
"CR","Costa Rica",2007,16.2
"CR","Costa Rica",2008,14.9
"CR","Costa Rica",2009,11
"CR","Costa Rica",2010,10.6
"CR","Costa Rica",2011,12.6
"CR","Costa Rica",2012,14.7
"CR","Costa Rica",2013,18.7
"CR","Costa Rica",2014,17.1
"CR","Costa Rica",2015,15.7
"CR","Costa Rica",2016,12.9
"CI","Côte d'Ivoire",2000,8.3
"CI","Côte d'Ivoire",2001,6.4
"CI","Côte d'Ivoire",2002,17.2
"CI","Côte d'Ivoire",2003,5.3
"CI","Côte d'Ivoire",2004,5
"CI","Côte d'Ivoire",2005,4.5
"CI","Côte d'Ivoire",2006,9.5
"CI","Côte d'Ivoire",2007,4.9
"CI","Côte d'Ivoire",2008,8.3
"CI","Côte d'Ivoire",2009,17.1
"CI","Côte d'Ivoire",2010,8.7
"CI","Côte d'Ivoire",2011,13
"CI","Côte d'Ivoire",2012,23
"CI","Côte d'Ivoire",2013,15.7
"CI","Côte d'Ivoire",2014,9.3
"CI","Côte d'Ivoire",2015,13.3
"CI","Côte d'Ivoire",2016,8.8
"CU","Cuba",2000,0.2
"CU","Cuba",2001,0.3
"CU","Cuba",2002,0.2
"CU","Cuba",2003,0.2
"CU","Cuba",2004,0.3
"CU","Cuba",2005,0.2
"CU","Cuba",2006,0.2
"CU","Cuba",2007,0.2
"CU","Cuba",2008,0.2
"CU","Cuba",2009,0.2
"CU","Cuba",2010,0.2
"CU","Cuba",2011,0.1
"CU","Cuba",2012,0.1
"CU","Cuba",2013,0.1
"CU","Cuba",2014,0.4
"CU","Cuba",2015,0.6
"CU","Cuba",2016,
"DJ","Djibouti",2000,24.1
"DJ","Djibouti",2001,14.6
"DJ","Djibouti",2002,17.5
"DJ","Djibouti",2003,20.1
"DJ","Djibouti",2004,28
"DJ","Djibouti",2005,26.5
"DJ","Djibouti",2006,44
"DJ","Djibouti",2007,47.9
"DJ","Djibouti",2008,43.7
"DJ","Djibouti",2009,38.7
"DJ","Djibouti",2010,23.3
"DJ","Djibouti",2011,24.1
"DJ","Djibouti",2012,25.4
"DJ","Djibouti",2013,35.6
"DJ","Djibouti",2014,34.4
"DJ","Djibouti",2015,42.5
"DJ","Djibouti",2016,
"DM","Dominica",2000,29.4
"DM","Dominica",2001,23.9
"DM","Dominica",2002,31.1
"DM","Dominica",2003,34.4
"DM","Dominica",2004,28.3
"DM","Dominica",2005,19.3
"DM","Dominica",2006,18.8
"DM","Dominica",2007,21.5
"DM","Dominica",2008,24.5
"DM","Dominica",2009,25.1
"DM","Dominica",2010,25.8
"DM","Dominica",2011,21.6
"DM","Dominica",2012,27.5
"DM","Dominica",2013,17.6
"DM","Dominica",2014,17.6
"DM","Dominica",2015,17.2
"DM","Dominica",2016,12.8
"DO","Dominican Republic",2000,14.4
"DO","Dominican Republic",2001,17
"DO","Dominican Republic",2002,19
"DO","Dominican Republic",2003,24.2
"DO","Dominican Republic",2004,20.6
"DO","Dominican Republic",2005,13.8
"DO","Dominican Republic",2006,18.1
"DO","Dominican Republic",2007,17.4
"DO","Dominican Republic",2008,16.7
"DO","Dominican Republic",2009,15
"DO","Dominican Republic",2010,15.5
"DO","Dominican Republic",2011,15.7
"DO","Dominican Republic",2012,17.3
"DO","Dominican Republic",2013,16.5
"DO","Dominican Republic",2014,18.1
"DO","Dominican Republic",2015,21
"DO","Dominican Republic",2016,16.5
"CD","DRC",2000,1.6
"CD","DRC",2001,4.8
"CD","DRC",2002,20
"CD","DRC",2003,106.8
"CD","DRC",2004,24.8
"CD","DRC",2005,19.4
"CD","DRC",2006,18.7
"CD","DRC",2007,20.2
"CD","DRC",2008,19.5
"CD","DRC",2009,
"CD","DRC",2010,35.5
"CD","DRC",2011,40.4
"CD","DRC",2012,23.3
"CD","DRC",2013,17.8
"CD","DRC",2014,13.2
"CD","DRC",2015,12.9
"CD","DRC",2016,11
"EC","Ecuador",2000,13.5
"EC","Ecuador",2001,16.7
"EC","Ecuador",2002,19.3
"EC","Ecuador",2003,14.5
"EC","Ecuador",2004,15.7
"EC","Ecuador",2005,15.6
"EC","Ecuador",2006,13.6
"EC","Ecuador",2007,13.7
"EC","Ecuador",2008,9.5
"EC","Ecuador",2009,7.2
"EC","Ecuador",2010,8.6
"EC","Ecuador",2011,8.9
"EC","Ecuador",2012,6.4
"EC","Ecuador",2013,8.3
"EC","Ecuador",2014,11.9
"EC","Ecuador",2015,11.2
"EC","Ecuador",2016,14.1
"EG","Egypt",2000,6.8
"EG","Egypt",2001,7.5
"EG","Egypt",2002,6.8
"EG","Egypt",2003,6.6
"EG","Egypt",2004,11
"EG","Egypt",2005,18.2
"EG","Egypt",2006,16.9
"EG","Egypt",2007,18.9
"EG","Egypt",2008,13.7
"EG","Egypt",2009,9.4
"EG","Egypt",2010,11.9
"EG","Egypt",2011,7.1
"EG","Egypt",2012,12.1
"EG","Egypt",2013,13.4
"EG","Egypt",2014,10.1
"EG","Egypt",2015,11.1
"EG","Egypt",2016,14.4
"SV","El Salvador",2000,23.5
"SV","El Salvador",2001,25.3
"SV","El Salvador",2002,28.3
"SV","El Salvador",2003,25.2
"SV","El Salvador",2004,25.8
"SV","El Salvador",2005,29.6
"SV","El Salvador",2006,30
"SV","El Salvador",2007,28.6
"SV","El Salvador",2008,28.9
"SV","El Salvador",2009,25.9
"SV","El Salvador",2010,23
"SV","El Salvador",2011,23.6
"SV","El Salvador",2012,27
"SV","El Salvador",2013,23.4
"SV","El Salvador",2014,26.2
"SV","El Salvador",2015,23
"SV","El Salvador",2016,23.7
"GQ","Equatorial Guinea",2000,17.4
"GQ","Equatorial Guinea",2001,65.8
"GQ","Equatorial Guinea",2002,19.2
"GQ","Equatorial Guinea",2003,28.8
"GQ","Equatorial Guinea",2004,8.9
"GQ","Equatorial Guinea",2005,10.1
"GQ","Equatorial Guinea",2006,6.9
"GQ","Equatorial Guinea",2007,10
"GQ","Equatorial Guinea",2008,0.2
"GQ","Equatorial Guinea",2009,11.1
"GQ","Equatorial Guinea",2010,17.4
"GQ","Equatorial Guinea",2011,9.6
"GQ","Equatorial Guinea",2012,4.5
"GQ","Equatorial Guinea",2013,2.7
"GQ","Equatorial Guinea",2014,0.8
"GQ","Equatorial Guinea",2015,2
"GQ","Equatorial Guinea",2016,0.7
"ER","Eritrea",2000,31.3
"ER","Eritrea",2001,40.9
"ER","Eritrea",2002,36.7
"ER","Eritrea",2003,41.5
"ER","Eritrea",2004,32.1
"ER","Eritrea",2005,32.8
"ER","Eritrea",2006,13.4
"ER","Eritrea",2007,13.8
"ER","Eritrea",2008,19.1
"ER","Eritrea",2009,15.3
"ER","Eritrea",2010,12.4
"ER","Eritrea",2011,7
"ER","Eritrea",2012,
"ER","Eritrea",2013,
"ER","Eritrea",2014,
"ER","Eritrea",2015,
"ER","Eritrea",2016,
"ET","Ethiopia",2000,11.3
"ET","Ethiopia",2001,18.6
"ET","Ethiopia",2002,22.1
"ET","Ethiopia",2003,27.9
"ET","Ethiopia",2004,27
"ET","Ethiopia",2005,21.9
"ET","Ethiopia",2006,45.7
"ET","Ethiopia",2007,16.7
"ET","Ethiopia",2008,14.4
"ET","Ethiopia",2009,18.1
"ET","Ethiopia",2010,18.2
"ET","Ethiopia",2011,18.4
"ET","Ethiopia",2012,13.5
"ET","Ethiopia",2013,15.3
"ET","Ethiopia",2014,19.7
"ET","Ethiopia",2015,16.4
"ET","Ethiopia",2016,14.5
"FJ","Fiji",2000,5.8
"FJ","Fiji",2001,9.6
"FJ","Fiji",2002,10.5
"FJ","Fiji",2003,11.1
"FJ","Fiji",2004,18.3
"FJ","Fiji",2005,17.4
"FJ","Fiji",2006,28.6
"FJ","Fiji",2007,18.7
"FJ","Fiji",2008,16.3
"FJ","Fiji",2009,16.1
"FJ","Fiji",2010,21.1
"FJ","Fiji",2011,28.7
"FJ","Fiji",2012,19.2
"FJ","Fiji",2013,15
"FJ","Fiji",2014,17.2
"FJ","Fiji",2015,16
"FJ","Fiji",2016,12.2
"GA","Gabon",2000,2.4
"GA","Gabon",2001,5.6
"GA","Gabon",2002,3.8
"GA","Gabon",2003,6.8
"GA","Gabon",2004,5.4
"GA","Gabon",2005,8.5
"GA","Gabon",2006,4.6
"GA","Gabon",2007,12.7
"GA","Gabon",2008,6.2
"GA","Gabon",2009,7.8
"GA","Gabon",2010,7.9
"GA","Gabon",2011,7.7
"GA","Gabon",2012,7.6
"GA","Gabon",2013,17.7
"GA","Gabon",2014,9.5
"GA","Gabon",2015,13.2
"GA","Gabon",2016,8.5
"GM","Gambia",2000,13.7
"GM","Gambia",2001,14.2
"GM","Gambia",2002,25.5
"GM","Gambia",2003,30.9
"GM","Gambia",2004,36.7
"GM","Gambia",2005,32.5
"GM","Gambia",2006,37
"GM","Gambia",2007,57.2
"GM","Gambia",2008,25.1
"GM","Gambia",2009,33.5
"GM","Gambia",2010,33.3
"GM","Gambia",2011,34.1
"GM","Gambia",2012,40.2
"GM","Gambia",2013,40.2
"GM","Gambia",2014,39.2
"GM","Gambia",2015,34
"GM","Gambia",2016,34.6
"GE","Georgia",2000,21.2
"GE","Georgia",2001,22.3
"GE","Georgia",2002,22.9
"GE","Georgia",2003,22.1
"GE","Georgia",2004,26.1
"GE","Georgia",2005,21.6
"GE","Georgia",2006,37.1
"GE","Georgia",2007,35.3
"GE","Georgia",2008,38.8
"GE","Georgia",2009,36.6
"GE","Georgia",2010,34.5
"GE","Georgia",2011,37.7
"GE","Georgia",2012,33.8
"GE","Georgia",2013,29.6
"GE","Georgia",2014,35.3
"GE","Georgia",2015,44.1
"GE","Georgia",2016,47.5
"GH","Ghana",2000,20.1
"GH","Ghana",2001,24.3
"GH","Ghana",2002,19.4
"GH","Ghana",2003,18.9
"GH","Ghana",2004,31.8
"GH","Ghana",2005,20.9
"GH","Ghana",2006,35.8
"GH","Ghana",2007,13.3
"GH","Ghana",2008,11
"GH","Ghana",2009,24.7
"GH","Ghana",2010,18.4
"GH","Ghana",2011,22.5
"GH","Ghana",2012,20.9
"GH","Ghana",2013,22.1
"GH","Ghana",2014,24.6
"GH","Ghana",2015,25.5
"GH","Ghana",2016,21.4
"GD","Grenada",2000,33.3
"GD","Grenada",2001,32
"GD","Grenada",2002,47
"GD","Grenada",2003,29.5
"GD","Grenada",2004,35.2
"GD","Grenada",2005,26.3
"GD","Grenada",2006,27.8
"GD","Grenada",2007,30.2
"GD","Grenada",2008,28
"GD","Grenada",2009,24.1
"GD","Grenada",2010,17.7
"GD","Grenada",2011,12.1
"GD","Grenada",2012,13.2
"GD","Grenada",2013,21.3
"GD","Grenada",2014,16.5
"GD","Grenada",2015,16.4
"GD","Grenada",2016,73.4
"GT","Guatemala",2000,6.9
"GT","Guatemala",2001,10.3
"GT","Guatemala",2002,11.6
"GT","Guatemala",2003,15.9
"GT","Guatemala",2004,16.9
"GT","Guatemala",2005,20.2
"GT","Guatemala",2006,23.7
"GT","Guatemala",2007,24.3
"GT","Guatemala",2008,17.6
"GT","Guatemala",2009,15.9
"GT","Guatemala",2010,17.7
"GT","Guatemala",2011,16
"GT","Guatemala",2012,16
"GT","Guatemala",2013,21.5
"GT","Guatemala",2014,18.6
"GT","Guatemala",2015,17.1
"GT","Guatemala",2016,17.7
"GN","Guinea",2000,8.5
"GN","Guinea",2001,13.4
"GN","Guinea",2002,15
"GN","Guinea",2003,15.1
"GN","Guinea",2004,18.4
"GN","Guinea",2005,23.8
"GN","Guinea",2006,10.9
"GN","Guinea",2007,12.1
"GN","Guinea",2008,12.5
"GN","Guinea",2009,7.6
"GN","Guinea",2010,7.6
"GN","Guinea",2011,20.7
"GN","Guinea",2012,22.3
"GN","Guinea",2013,10.8
"GN","Guinea",2014,9.3
"GN","Guinea",2015,9.4
"GN","Guinea",2016,9.4
"GW","Guinea-Bissau",2000,25.8
"GW","Guinea-Bissau",2001,20
"GW","Guinea-Bissau",2002,23.6
"GW","Guinea-Bissau",2003,39.1
"GW","Guinea-Bissau",2004,25.8
"GW","Guinea-Bissau",2005,18.9
"GW","Guinea-Bissau",2006,25.3
"GW","Guinea-Bissau",2007,29.1
"GW","Guinea-Bissau",2008,22.9
"GW","Guinea-Bissau",2009,28.3
"GW","Guinea-Bissau",2010,43.1
"GW","Guinea-Bissau",2011,18.7
"GW","Guinea-Bissau",2012,13.7
"GW","Guinea-Bissau",2013,18.9
"GW","Guinea-Bissau",2014,22.5
"GW","Guinea-Bissau",2015,23.1
"GW","Guinea-Bissau",2016,27.2
"GY","Guyana",2000,34
"GY","Guyana",2001,31.4
"GY","Guyana",2002,28.4
"GY","Guyana",2003,34.2
"GY","Guyana",2004,48.1
"GY","Guyana",2005,63.9
"GY","Guyana",2006,61.8
"GY","Guyana",2007,59.6
"GY","Guyana",2008,39.8
"GY","Guyana",2009,41.7
"GY","Guyana",2010,35.7
"GY","Guyana",2011,54.6
"GY","Guyana",2012,39.3
"GY","Guyana",2013,42.2
"GY","Guyana",2014,35.6
"GY","Guyana",2015,16.3
"GY","Guyana",2016,16
"HT","Haiti",2000,20.8
"HT","Haiti",2001,25.2
"HT","Haiti",2002,24.4
"HT","Haiti",2003,36.1
"HT","Haiti",2004,35.6
"HT","Haiti",2005,35
"HT","Haiti",2006,41.4
"HT","Haiti",2007,35.2
"HT","Haiti",2008,39.2
"HT","Haiti",2009,47.2
"HT","Haiti",2010,87.2
"HT","Haiti",2011,48.8
"HT","Haiti",2012,43.3
"HT","Haiti",2013,41.6
"HT","Haiti",2014,40.6
"HT","Haiti",2015,40.4
"HT","Haiti",2016,45.5
"HN","Honduras",2000,23
"HN","Honduras",2001,23.3
"HN","Honduras",2002,24.3
"HN","Honduras",2003,22.6
"HN","Honduras",2004,31.8
"HN","Honduras",2005,41.1
"HN","Honduras",2006,46.6
"HN","Honduras",2007,44.7
"HN","Honduras",2008,37.8
"HN","Honduras",2009,28
"HN","Honduras",2010,31.5
"HN","Honduras",2011,32
"HN","Honduras",2012,31.1
"HN","Honduras",2013,38.4
"HN","Honduras",2014,31
"HN","Honduras",2015,32.2
"HN","Honduras",2016,28.8
"IN","India",2000,6.5
"IN","India",2001,6.2
"IN","India",2002,6.7
"IN","India",2003,9.3
"IN","India",2004,7.4
"IN","India",2005,8
"IN","India",2006,11.8
"IN","India",2007,14.4
"IN","India",2008,12.2
"IN","India",2009,10.7
"IN","India",2010,10.1
"IN","India",2011,9.1
"IN","India",2012,10
"IN","India",2013,10.3
"IN","India",2014,12.3
"IN","India",2015,8.8
"IN","India",2016,6.9
"ID","Indonesia",2000,5.2
"ID","Indonesia",2001,4.2
"ID","Indonesia",2002,3.9
"ID","Indonesia",2003,5.1
"ID","Indonesia",2004,7.2
"ID","Indonesia",2005,10.9
"ID","Indonesia",2006,10.1
"ID","Indonesia",2007,10
"ID","Indonesia",2008,8
"ID","Indonesia",2009,9.3
"ID","Indonesia",2010,9.2
"ID","Indonesia",2011,8.3
"ID","Indonesia",2012,11.2
"ID","Indonesia",2013,9
"ID","Indonesia",2014,11.9
"ID","Indonesia",2015,11.5
"ID","Indonesia",2016,9.9
"IR","Iran",2000,2.1
"IR","Iran",2001,3
"IR","Iran",2002,5.5
"IR","Iran",2003,6.8
"IR","Iran",2004,6.9
"IR","Iran",2005,3.3
"IR","Iran",2006,2
"IR","Iran",2007,1.5
"IR","Iran",2008,1
"IR","Iran",2009,1.6
"IR","Iran",2010,1.7
"IR","Iran",2011,1
"IR","Iran",2012,1.1
"IR","Iran",2013,1
"IR","Iran",2014,0.8
"IR","Iran",2015,1.4
"IR","Iran",2016,1.4
"IQ","Iraq",2000,
"IQ","Iraq",2001,
"IQ","Iraq",2002,
"IQ","Iraq",2003,
"IQ","Iraq",2004,13.5
"IQ","Iraq",2005,63.1
"IQ","Iraq",2006,15
"IQ","Iraq",2007,11.8
"IQ","Iraq",2008,11.2
"IQ","Iraq",2009,4.1
"IQ","Iraq",2010,3
"IQ","Iraq",2011,2.5
"IQ","Iraq",2012,2.4
"IQ","Iraq",2013,1.2
"IQ","Iraq",2014,0.9
"IQ","Iraq",2015,2.1
"IQ","Iraq",2016,2.9
"JM","Jamaica",2000,26.3
"JM","Jamaica",2001,32.8
"JM","Jamaica",2002,25.7
"JM","Jamaica",2003,28.7
"JM","Jamaica",2004,35.8
"JM","Jamaica",2005,35.1
"JM","Jamaica",2006,39.1
"JM","Jamaica",2007,46.3
"JM","Jamaica",2008,32.6
"JM","Jamaica",2009,34.7
"JM","Jamaica",2010,39.4
"JM","Jamaica",2011,26.7
"JM","Jamaica",2012,38.6
"JM","Jamaica",2013,30
"JM","Jamaica",2014,36.6
"JM","Jamaica",2015,48.8
"JM","Jamaica",2016,33
"JO","Jordan",2000,83
"JO","Jordan",2001,42.9
"JO","Jordan",2002,41.7
"JO","Jordan",2003,46
"JO","Jordan",2004,40.3
"JO","Jordan",2005,49.3
"JO","Jordan",2006,55.1
"JO","Jordan",2007,48.5
"JO","Jordan",2008,42.6
"JO","Jordan",2009,31.9
"JO","Jordan",2010,31.9
"JO","Jordan",2011,25.7
"JO","Jordan",2012,25.7
"JO","Jordan",2013,41.3
"JO","Jordan",2014,37.9
"JO","Jordan",2015,33
"JO","Jordan",2016,32.2
"KZ","Kazakhstan",2000,28.9
"KZ","Kazakhstan",2001,38.3
"KZ","Kazakhstan",2002,35
"KZ","Kazakhstan",2003,38.7
"KZ","Kazakhstan",2004,51
"KZ","Kazakhstan",2005,42.1
"KZ","Kazakhstan",2006,64.2
"KZ","Kazakhstan",2007,55.4
"KZ","Kazakhstan",2008,42.2
"KZ","Kazakhstan",2009,38.8
"KZ","Kazakhstan",2010,40.6
"KZ","Kazakhstan",2011,24.9
"KZ","Kazakhstan",2012,22.1
"KZ","Kazakhstan",2013,24.3
"KZ","Kazakhstan",2014,22
"KZ","Kazakhstan",2015,21.4
"KZ","Kazakhstan",2016,25
"KE","Kenya",2000,7.2
"KE","Kenya",2001,5.7
"KE","Kenya",2002,8
"KE","Kenya",2003,8.3
"KE","Kenya",2004,8.1
"KE","Kenya",2005,7.7
"KE","Kenya",2006,7.2
"KE","Kenya",2007,11.6
"KE","Kenya",2008,8
"KE","Kenya",2009,11.9
"KE","Kenya",2010,10
"KE","Kenya",2011,14.3
"KE","Kenya",2012,14.6
"KE","Kenya",2013,13.9
"KE","Kenya",2014,17.3
"KE","Kenya",2015,12.7
"KE","Kenya",2016,11
"KI","Kiribati",2000,27.9
"KI","Kiribati",2001,19.8
"KI","Kiribati",2002,29.5
"KI","Kiribati",2003,21.4
"KI","Kiribati",2004,18.8
"KI","Kiribati",2005,27.9
"KI","Kiribati",2006,36
"KI","Kiribati",2007,32.3
"KI","Kiribati",2008,29.7
"KI","Kiribati",2009,33.9
"KI","Kiribati",2010,25.8
"KI","Kiribati",2011,47.1
"KI","Kiribati",2012,44.7
"KI","Kiribati",2013,45.4
"KI","Kiribati",2014,59.4
"KI","Kiribati",2015,49.2
"KI","Kiribati",2016,46.5
"XK","Kosovo",2000,0
"XK","Kosovo",2001,0
"XK","Kosovo",2002,0
"XK","Kosovo",2003,0
"XK","Kosovo",2004,17.1
"XK","Kosovo",2005,18.8
"XK","Kosovo",2006,18.9
"XK","Kosovo",2007,28.3
"XK","Kosovo",2008,22.1
"XK","Kosovo",2009,45.4
"XK","Kosovo",2010,29.3
"XK","Kosovo",2011,28
"XK","Kosovo",2012,29.8
"XK","Kosovo",2013,26.4
"XK","Kosovo",2014,25.1
"XK","Kosovo",2015,23.6
"XK","Kosovo",2016,22.7
"KG","Kyrgyzstan",2000,23.7
"KG","Kyrgyzstan",2001,15.3
"KG","Kyrgyzstan",2002,19.7
"KG","Kyrgyzstan",2003,21.8
"KG","Kyrgyzstan",2004,44.8
"KG","Kyrgyzstan",2005,30.3
"KG","Kyrgyzstan",2006,44
"KG","Kyrgyzstan",2007,41.3
"KG","Kyrgyzstan",2008,57.1
"KG","Kyrgyzstan",2009,46.9
"KG","Kyrgyzstan",2010,58.6
"KG","Kyrgyzstan",2011,60
"KG","Kyrgyzstan",2012,56.8
"KG","Kyrgyzstan",2013,61.1
"KG","Kyrgyzstan",2014,53.7
"KG","Kyrgyzstan",2015,63.2
"KG","Kyrgyzstan",2016,59.3
"LA","Lao",2000,19.5
"LA","Lao",2001,20.1
"LA","Lao",2002,27.6
"LA","Lao",2003,21.2
"LA","Lao",2004,27.2
"LA","Lao",2005,32
"LA","Lao",2006,30.8
"LA","Lao",2007,44.3
"LA","Lao",2008,25.7
"LA","Lao",2009,24.3
"LA","Lao",2010,16.7
"LA","Lao",2011,22
"LA","Lao",2012,16.9
"LA","Lao",2013,24
"LA","Lao",2014,24.9
"LA","Lao",2015,26.3
"LA","Lao",2016,19.2
"LB","Lebanon",2000,22
"LB","Lebanon",2001,33.5
"LB","Lebanon",2002,51.1
"LB","Lebanon",2003,56.5
"LB","Lebanon",2004,71.7
"LB","Lebanon",2005,61.5
"LB","Lebanon",2006,63.7
"LB","Lebanon",2007,62.6
"LB","Lebanon",2008,52.5
"LB","Lebanon",2009,47.3
"LB","Lebanon",2010,36.5
"LB","Lebanon",2011,36.6
"LB","Lebanon",2012,39.9
"LB","Lebanon",2013,31.7
"LB","Lebanon",2014,27
"LB","Lebanon",2015,30.2
"LB","Lebanon",2016,30.5
"LS","Lesotho",2000,81.9
"LS","Lesotho",2001,63.4
"LS","Lesotho",2002,68.2
"LS","Lesotho",2003,62.5
"LS","Lesotho",2004,53.4
"LS","Lesotho",2005,42.5
"LS","Lesotho",2006,40.6
"LS","Lesotho",2007,48
"LS","Lesotho",2008,43.7
"LS","Lesotho",2009,42.9
"LS","Lesotho",2010,39.9
"LS","Lesotho",2011,40.4
"LS","Lesotho",2012,38.8
"LS","Lesotho",2013,38.4
"LS","Lesotho",2014,27.9
"LS","Lesotho",2015,27.5
"LS","Lesotho",2016,28.3
"LR","Liberia",2000,17.9
"LR","Liberia",2001,10.5
"LR","Liberia",2002,12.9
"LR","Liberia",2003,116.8
"LR","Liberia",2004,75.4
"LR","Liberia",2005,61.9
"LR","Liberia",2006,74.1
"LR","Liberia",2007,184
"LR","Liberia",2008,233.2
"LR","Liberia",2009,76.7
"LR","Liberia",2010,176.3
"LR","Liberia",2011,141.3
"LR","Liberia",2012,121.4
"LR","Liberia",2013,103
"LR","Liberia",2014,81.2
"LR","Liberia",2015,120.7
"LR","Liberia",2016,89.1
"LY","Libya",2000,0.4
"LY","Libya",2001,0
"LY","Libya",2002,0.7
"LY","Libya",2003,0.6
"LY","Libya",2004,1.1
"LY","Libya",2005,2.3
"LY","Libya",2006,3.9
"LY","Libya",2007,5.7
"LY","Libya",2008,3.7
"LY","Libya",2009,5.3
"LY","Libya",2010,2.6
"LY","Libya",2011,1.8
"LY","Libya",2012,
"LY","Libya",2013,
"LY","Libya",2014,
"LY","Libya",2015,
"LY","Libya",2016,
"MK","Macedonia",2000,17.7
"MK","Macedonia",2001,25.1
"MK","Macedonia",2002,14.7
"MK","Macedonia",2003,15.1
"MK","Macedonia",2004,32.7
"MK","Macedonia",2005,15
"MK","Macedonia",2006,21.4
"MK","Macedonia",2007,32.6
"MK","Macedonia",2008,21
"MK","Macedonia",2009,20.2
"MK","Macedonia",2010,15.4
"MK","Macedonia",2011,23.5
"MK","Macedonia",2012,14.7
"MK","Macedonia",2013,18.2
"MK","Macedonia",2014,21.1
"MK","Macedonia",2015,19
"MK","Macedonia",2016,21.3
"MG","Madagascar",2000,12.7
"MG","Madagascar",2001,12
"MG","Madagascar",2002,11.9
"MG","Madagascar",2003,14.9
"MG","Madagascar",2004,36.8
"MG","Madagascar",2005,27.9
"MG","Madagascar",2006,69.3
"MG","Madagascar",2007,35.3
"MG","Madagascar",2008,37
"MG","Madagascar",2009,30.9
"MG","Madagascar",2010,23.8
"MG","Madagascar",2011,19.4
"MG","Madagascar",2012,17
"MG","Madagascar",2013,16.2
"MG","Madagascar",2014,12.1
"MG","Madagascar",2015,16.3
"MG","Madagascar",2016,15
"MW","Malawi",2000,31
"MW","Malawi",2001,29.6
"MW","Malawi",2002,15.1
"MW","Malawi",2003,20.5
"MW","Malawi",2004,21.2
"MW","Malawi",2005,22.4
"MW","Malawi",2006,81.1
"MW","Malawi",2007,25.7
"MW","Malawi",2008,22.6
"MW","Malawi",2009,14.6
"MW","Malawi",2010,16.9
"MW","Malawi",2011,14.1
"MW","Malawi",2012,22.9
"MW","Malawi",2013,31.9
"MW","Malawi",2014,28.2
"MW","Malawi",2015,22.9
"MW","Malawi",2016,30.8
"MY","Malaysia",2000,10.8
"MY","Malaysia",2001,11.1
"MY","Malaysia",2002,13
"MY","Malaysia",2003,12
"MY","Malaysia",2004,21.3
"MY","Malaysia",2005,12.2
"MY","Malaysia",2006,12.1
"MY","Malaysia",2007,15.5
"MY","Malaysia",2008,14.6
"MY","Malaysia",2009,10.3
"MY","Malaysia",2010,11.1
"MY","Malaysia",2011,13.5
"MY","Malaysia",2012,20
"MY","Malaysia",2013,10
"MY","Malaysia",2014,10.4
"MY","Malaysia",2015,12.5
"MY","Malaysia",2016,9.9
"MV","Maldives",2000,8.8
"MV","Maldives",2001,11.5
"MV","Maldives",2002,9.6
"MV","Maldives",2003,9.6
"MV","Maldives",2004,10
"MV","Maldives",2005,21.8
"MV","Maldives",2006,16.1
"MV","Maldives",2007,16.4
"MV","Maldives",2008,31.6
"MV","Maldives",2009,23.8
"MV","Maldives",2010,17.2
"MV","Maldives",2011,22.1
"MV","Maldives",2012,13.3
"MV","Maldives",2013,14.1
"MV","Maldives",2014,17.1
"MV","Maldives",2015,9.5
"MV","Maldives",2016,19.5
"ML","Mali",2000,20.4
"ML","Mali",2001,19.3
"ML","Mali",2002,25.9
"ML","Mali",2003,20.4
"ML","Mali",2004,19.8
"ML","Mali",2005,21
"ML","Mali",2006,46.7
"ML","Mali",2007,18.9
"ML","Mali",2008,16.8
"ML","Mali",2009,24.4
"ML","Mali",2010,19.9
"ML","Mali",2011,22
"ML","Mali",2012,19.4
"ML","Mali",2013,20.8
"ML","Mali",2014,17.2
"ML","Mali",2015,20.7
"ML","Mali",2016,17.3
"MH","Marshall Islands",2000,51.6
"MH","Marshall Islands",2001,66
"MH","Marshall Islands",2002,51.4
"MH","Marshall Islands",2003,45.1
"MH","Marshall Islands",2004,39.3
"MH","Marshall Islands",2005,58.6
"MH","Marshall Islands",2006,56.6
"MH","Marshall Islands",2007,56.7
"MH","Marshall Islands",2008,53.9
"MH","Marshall Islands",2009,65.7
"MH","Marshall Islands",2010,34.6
"MH","Marshall Islands",2011,61.6
"MH","Marshall Islands",2012,70.6
"MH","Marshall Islands",2013,80.9
"MH","Marshall Islands",2014,71.4
"MH","Marshall Islands",2015,59.4
"MH","Marshall Islands",2016,69.4
"MR","Mauritania",2000,25.8
"MR","Mauritania",2001,32.2
"MR","Mauritania",2002,39.9
"MR","Mauritania",2003,28.8
"MR","Mauritania",2004,43.3
"MR","Mauritania",2005,51.5
"MR","Mauritania",2006,49.3
"MR","Mauritania",2007,18
"MR","Mauritania",2008,25.4
"MR","Mauritania",2009,15.7
"MR","Mauritania",2010,18.9
"MR","Mauritania",2011,22.1
"MR","Mauritania",2012,45.5
"MR","Mauritania",2013,31
"MR","Mauritania",2014,19.9
"MR","Mauritania",2015,27.1
"MR","Mauritania",2016,17.3
"MU","Mauritius",2000,13.3
"MU","Mauritius",2001,7
"MU","Mauritius",2002,9.7
"MU","Mauritius",2003,7.7
"MU","Mauritius",2004,5.9
"MU","Mauritius",2005,7.5
"MU","Mauritius",2006,6.6
"MU","Mauritius",2007,9.8
"MU","Mauritius",2008,9
"MU","Mauritius",2009,26.4
"MU","Mauritius",2010,93.8
"MU","Mauritius",2011,100.4
"MU","Mauritius",2012,54.8
"MU","Mauritius",2013,66
"MU","Mauritius",2014,52.1
"MU","Mauritius",2015,31.1
"MU","Mauritius",2016,47.7
"MX","Mexico",2000,8.7
"MX","Mexico",2001,11.8
"MX","Mexico",2002,9.3
"MX","Mexico",2003,8.6
"MX","Mexico",2004,10.3
"MX","Mexico",2005,9.7
"MX","Mexico",2006,9.1
"MX","Mexico",2007,9.6
"MX","Mexico",2008,8.1
"MX","Mexico",2009,9.3
"MX","Mexico",2010,11.7
"MX","Mexico",2011,9.9
"MX","Mexico",2012,14.2
"MX","Mexico",2013,14.1
"MX","Mexico",2014,9.7
"MX","Mexico",2015,9.9
"MX","Mexico",2016,12.1
"FM","Micronesia",2000,43.7
"FM","Micronesia",2001,57.6
"FM","Micronesia",2002,46.5
"FM","Micronesia",2003,46.9
"FM","Micronesia",2004,36.2
"FM","Micronesia",2005,42.8
"FM","Micronesia",2006,43.1
"FM","Micronesia",2007,45.1
"FM","Micronesia",2008,36.4
"FM","Micronesia",2009,49.9
"FM","Micronesia",2010,28.2
"FM","Micronesia",2011,50.5
"FM","Micronesia",2012,51.2
"FM","Micronesia",2013,53.1
"FM","Micronesia",2014,51.8
"FM","Micronesia",2015,34.4
"FM","Micronesia",2016,23.8
"MD","Moldova",2000,80.1
"MD","Moldova",2001,37.8
"MD","Moldova",2002,43.5
"MD","Moldova",2003,41
"MD","Moldova",2004,49
"MD","Moldova",2005,53.7
"MD","Moldova",2006,64.6
"MD","Moldova",2007,70.7
"MD","Moldova",2008,61.3
"MD","Moldova",2009,35.9
"MD","Moldova",2010,45.7
"MD","Moldova",2011,47.5
"MD","Moldova",2012,47.1
"MD","Moldova",2013,49.2
"MD","Moldova",2014,40.3
"MD","Moldova",2015,35.8
"MD","Moldova",2016,37.6
"MN","Mongolia",2000,25.7
"MN","Mongolia",2001,24.5
"MN","Mongolia",2002,27.8
"MN","Mongolia",2003,48.4
"MN","Mongolia",2004,29.1
"MN","Mongolia",2005,24.3
"MN","Mongolia",2006,20.2
"MN","Mongolia",2007,22
"MN","Mongolia",2008,32.9
"MN","Mongolia",2009,39.9
"MN","Mongolia",2010,85.6
"MN","Mongolia",2011,86.6
"MN","Mongolia",2012,98.5
"MN","Mongolia",2013,59.1
"MN","Mongolia",2014,31.8
"MN","Mongolia",2015,24
"MN","Mongolia",2016,40.2
"ME","Montenegro",2000,0
"ME","Montenegro",2001,0
"ME","Montenegro",2002,0
"ME","Montenegro",2003,0.5
"ME","Montenegro",2004,1
"ME","Montenegro",2005,0.2
"ME","Montenegro",2006,6.6
"ME","Montenegro",2007,20.8
"ME","Montenegro",2008,36.5
"ME","Montenegro",2009,68.6
"ME","Montenegro",2010,39.6
"ME","Montenegro",2011,42.8
"ME","Montenegro",2012,41.6
"ME","Montenegro",2013,32.5
"ME","Montenegro",2014,35.5
"ME","Montenegro",2015,51
"ME","Montenegro",2016,32.4
"MS","Montserrat",2000,
"MS","Montserrat",2001,
"MS","Montserrat",2002,
"MS","Montserrat",2003,
"MS","Montserrat",2004,
"MS","Montserrat",2005,
"MS","Montserrat",2006,
"MS","Montserrat",2007,
"MS","Montserrat",2008,
"MS","Montserrat",2009,
"MS","Montserrat",2010,
"MS","Montserrat",2011,
"MS","Montserrat",2012,
"MS","Montserrat",2013,
"MS","Montserrat",2014,
"MS","Montserrat",2015,
"MS","Montserrat",2016,
"MA","Morocco",2000,12.2
"MA","Morocco",2001,19.9
"MA","Morocco",2002,13
"MA","Morocco",2003,16.8
"MA","Morocco",2004,13.1
"MA","Morocco",2005,16.2
"MA","Morocco",2006,17.9
"MA","Morocco",2007,18.7
"MA","Morocco",2008,16.5
"MA","Morocco",2009,15.2
"MA","Morocco",2010,15.5
"MA","Morocco",2011,16.2
"MA","Morocco",2012,17.1
"MA","Morocco",2013,19.5
"MA","Morocco",2014,21.5
"MA","Morocco",2015,17.2
"MA","Morocco",2016,17.3
"MZ","Mozambique",2000,29.6
"MZ","Mozambique",2001,30.5
"MZ","Mozambique",2002,60.2
"MZ","Mozambique",2003,27
"MZ","Mozambique",2004,34.4
"MZ","Mozambique",2005,20
"MZ","Mozambique",2006,45.7
"MZ","Mozambique",2007,48.1
"MZ","Mozambique",2008,24.5
"MZ","Mozambique",2009,30
"MZ","Mozambique",2010,33.3
"MZ","Mozambique",2011,46.9
"MZ","Mozambique",2012,57.2
"MZ","Mozambique",2013,65.9
"MZ","Mozambique",2014,49.3
"MZ","Mozambique",2015,48.2
"MZ","Mozambique",2016,49.1
"MM","Myanmar",2000,3.8
"MM","Myanmar",2001,4.1
"MM","Myanmar",2002,3.9
"MM","Myanmar",2003,19.8
"MM","Myanmar",2004,9.3
"MM","Myanmar",2005,3.6
"MM","Myanmar",2006,6.9
"MM","Myanmar",2007,1.4
"MM","Myanmar",2008,3.8
"MM","Myanmar",2009,1.2
"MM","Myanmar",2010,14.5
"MM","Myanmar",2011,2.8
"MM","Myanmar",2012,3.7
"MM","Myanmar",2013,16.7
"MM","Myanmar",2014,6.5
"MM","Myanmar",2015,8.3
"MM","Myanmar",2016,7.4
"NA","Namibia",2000,10
"NA","Namibia",2001,14.7
"NA","Namibia",2002,10.2
"NA","Namibia",2003,7.1
"NA","Namibia",2004,6.8
"NA","Namibia",2005,7.7
"NA","Namibia",2006,7.5
"NA","Namibia",2007,11.7
"NA","Namibia",2008,11.5
"NA","Namibia",2009,10.4
"NA","Namibia",2010,11.2
"NA","Namibia",2011,11.8
"NA","Namibia",2012,11.2
"NA","Namibia",2013,8.9
"NA","Namibia",2014,6.2
"NA","Namibia",2015,11.9
"NA","Namibia",2016,6.3
"NR","Nauru",2000,
"NR","Nauru",2001,
"NR","Nauru",2002,
"NR","Nauru",2003,
"NR","Nauru",2004,
"NR","Nauru",2005,
"NR","Nauru",2006,
"NR","Nauru",2007,127.6
"NR","Nauru",2008,80
"NR","Nauru",2009,54
"NR","Nauru",2010,57.5
"NR","Nauru",2011,52.1
"NR","Nauru",2012,34.8
"NR","Nauru",2013,26.7
"NR","Nauru",2014,19.2
"NR","Nauru",2015,31.1
"NR","Nauru",2016,84.1
"NP","Nepal",2000,10.6
"NP","Nepal",2001,10.7
"NP","Nepal",2002,18
"NP","Nepal",2003,20.7
"NP","Nepal",2004,18.3
"NP","Nepal",2005,22.9
"NP","Nepal",2006,23.5
"NP","Nepal",2007,23.9
"NP","Nepal",2008,29.2
"NP","Nepal",2009,31.2
"NP","Nepal",2010,28.4
"NP","Nepal",2011,28.5
"NP","Nepal",2012,31.2
"NP","Nepal",2013,35.8
"NP","Nepal",2014,35.5
"NP","Nepal",2015,38.2
"NP","Nepal",2016,37.7
"NI","Nicaragua",2000,29.7
"NI","Nicaragua",2001,32.8
"NI","Nicaragua",2002,23
"NI","Nicaragua",2003,33.5
"NI","Nicaragua",2004,42.8
"NI","Nicaragua",2005,28.9
"NI","Nicaragua",2006,43.8
"NI","Nicaragua",2007,59
"NI","Nicaragua",2008,36.6
"NI","Nicaragua",2009,31.4
"NI","Nicaragua",2010,38.4
"NI","Nicaragua",2011,39.9
"NI","Nicaragua",2012,35.2
"NI","Nicaragua",2013,32.1
"NI","Nicaragua",2014,29.9
"NI","Nicaragua",2015,28.3
"NI","Nicaragua",2016,26.5
"NE","Niger",2000,
"NE","Niger",2001,
"NE","Niger",2002,
"NE","Niger",2003,
"NE","Niger",2004,
"NE","Niger",2005,
"NE","Niger",2006,
"NE","Niger",2007,
"NE","Niger",2008,
"NE","Niger",2009,
"NE","Niger",2010,
"NE","Niger",2011,
"NE","Niger",2012,
"NE","Niger",2013,
"NE","Niger",2014,
"NE","Niger",2015,
"NE","Niger",2016,
"NG","Nigeria",2000,8.7
"NG","Nigeria",2001,7.6
"NG","Nigeria",2002,12.5
"NG","Nigeria",2003,7.6
"NG","Nigeria",2004,9
"NG","Nigeria",2005,29.3
"NG","Nigeria",2006,26
"NG","Nigeria",2007,18.5
"NG","Nigeria",2008,14.4
"NG","Nigeria",2009,17.7
"NG","Nigeria",2010,8.2
"NG","Nigeria",2011,8.8
"NG","Nigeria",2012,8.8
"NG","Nigeria",2013,7.3
"NG","Nigeria",2014,6.5
"NG","Nigeria",2015,6.5
"NG","Nigeria",2016,7.8
"NU","Niue",2000,
"NU","Niue",2001,
"NU","Niue",2002,
"NU","Niue",2003,
"NU","Niue",2004,
"NU","Niue",2005,
"NU","Niue",2006,
"NU","Niue",2007,
"NU","Niue",2008,
"NU","Niue",2009,
"NU","Niue",2010,
"NU","Niue",2011,
"NU","Niue",2012,
"NU","Niue",2013,
"NU","Niue",2014,
"NU","Niue",2015,
"NU","Niue",2016,
"KP","North Korea",2000,
"KP","North Korea",2001,
"KP","North Korea",2002,
"KP","North Korea",2003,
"KP","North Korea",2004,
"KP","North Korea",2005,
"KP","North Korea",2006,
"KP","North Korea",2007,
"KP","North Korea",2008,
"KP","North Korea",2009,
"KP","North Korea",2010,
"KP","North Korea",2011,
"KP","North Korea",2012,
"KP","North Korea",2013,
"KP","North Korea",2014,
"KP","North Korea",2015,
"KP","North Korea",2016,
"PK","Pakistan",2000,4.6
"PK","Pakistan",2001,7.4
"PK","Pakistan",2002,11.2
"PK","Pakistan",2003,9.4
"PK","Pakistan",2004,8.6
"PK","Pakistan",2005,9.9
"PK","Pakistan",2006,11.4
"PK","Pakistan",2007,12.4
"PK","Pakistan",2008,10.2
"PK","Pakistan",2009,10.4
"PK","Pakistan",2010,12.7
"PK","Pakistan",2011,9.8
"PK","Pakistan",2012,8.9
"PK","Pakistan",2013,9.4
"PK","Pakistan",2014,12.4
"PK","Pakistan",2015,11.2
"PK","Pakistan",2016,12
"PW","Palau",2000,28.6
"PW","Palau",2001,21.7
"PW","Palau",2002,20.7
"PW","Palau",2003,20.7
"PW","Palau",2004,15.6
"PW","Palau",2005,15.2
"PW","Palau",2006,37.4
"PW","Palau",2007,14.5
"PW","Palau",2008,25.1
"PW","Palau",2009,21.4
"PW","Palau",2010,18.1
"PW","Palau",2011,22.3
"PW","Palau",2012,18.4
"PW","Palau",2013,27.3
"PW","Palau",2014,26.8
"PW","Palau",2015,17.4
"PW","Palau",2016,18.7
"PS","Palestine",2000,42.1
"PS","Palestine",2001,52.4
"PS","Palestine",2002,57
"PS","Palestine",2003,41.5
"PS","Palestine",2004,42.9
"PS","Palestine",2005,35.6
"PS","Palestine",2006,37.6
"PS","Palestine",2007,42.6
"PS","Palestine",2008,48.9
"PS","Palestine",2009,54.7
"PS","Palestine",2010,41.2
"PS","Palestine",2011,37.6
"PS","Palestine",2012,34.3
"PS","Palestine",2013,35
"PS","Palestine",2014,35.3
"PS","Palestine",2015,30.6
"PS","Palestine",2016,34.9
"PA","Panama",2000,12.3
"PA","Panama",2001,17.7
"PA","Panama",2002,12
"PA","Panama",2003,12.6
"PA","Panama",2004,12
"PA","Panama",2005,16.6
"PA","Panama",2006,33
"PA","Panama",2007,14.4
"PA","Panama",2008,158
"PA","Panama",2009,23.8
"PA","Panama",2010,25.6
"PA","Panama",2011,37.1
"PA","Panama",2012,23.3
"PA","Panama",2013,27.4
"PA","Panama",2014,31
"PA","Panama",2015,32
"PA","Panama",2016,21.6
"PG","Papua New Guinea",2000,19.6
"PG","Papua New Guinea",2001,15.8
"PG","Papua New Guinea",2002,11.6
"PG","Papua New Guinea",2003,16.4
"PG","Papua New Guinea",2004,10.6
"PG","Papua New Guinea",2005,16.5
"PG","Papua New Guinea",2006,7
"PG","Papua New Guinea",2007,12.3
"PG","Papua New Guinea",2008,12.2
"PG","Papua New Guinea",2009,16.2
"PG","Papua New Guinea",2010,32.1
"PG","Papua New Guinea",2011,54.4
"PG","Papua New Guinea",2012,19.2
"PG","Papua New Guinea",2013,41.7
"PG","Papua New Guinea",2014,9.3
"PG","Papua New Guinea",2015,5.6
"PG","Papua New Guinea",2016,10.4
"PY","Paraguay",2000,8.3
"PY","Paraguay",2001,7.1
"PY","Paraguay",2002,15.4
"PY","Paraguay",2003,59.1
"PY","Paraguay",2004,12.1
"PY","Paraguay",2005,18.9
"PY","Paraguay",2006,19.2
"PY","Paraguay",2007,14.6
"PY","Paraguay",2008,15.2
"PY","Paraguay",2009,13.8
"PY","Paraguay",2010,16.7
"PY","Paraguay",2011,7.5
"PY","Paraguay",2012,14.2
"PY","Paraguay",2013,7.5
"PY","Paraguay",2014,15.3
"PY","Paraguay",2015,9.2
"PY","Paraguay",2016,8.5
"PE","Peru",2000,8.7
"PE","Peru",2001,7.9
"PE","Peru",2002,11.6
"PE","Peru",2003,8.5
"PE","Peru",2004,9.2
"PE","Peru",2005,12.8
"PE","Peru",2006,9.1
"PE","Peru",2007,17.6
"PE","Peru",2008,12.6
"PE","Peru",2009,12.1
"PE","Peru",2010,12.6
"PE","Peru",2011,8.4
"PE","Peru",2012,12.8
"PE","Peru",2013,9.8
"PE","Peru",2014,8.3
"PE","Peru",2015,10.9
"PE","Peru",2016,9.8
"PH","Philippines",2000,20.1
"PH","Philippines",2001,23.3
"PH","Philippines",2002,23.5
"PH","Philippines",2003,23.7
"PH","Philippines",2004,23.2
"PH","Philippines",2005,22.9
"PH","Philippines",2006,23.1
"PH","Philippines",2007,19
"PH","Philippines",2008,14.4
"PH","Philippines",2009,18.3
"PH","Philippines",2010,20.5
"PH","Philippines",2011,15.9
"PH","Philippines",2012,15.6
"PH","Philippines",2013,12.6
"PH","Philippines",2014,18.9
"PH","Philippines",2015,16.5
"PH","Philippines",2016,14.4
"RW","Rwanda",2000,20.7
"RW","Rwanda",2001,21.6
"RW","Rwanda",2002,24
"RW","Rwanda",2003,20.8
"RW","Rwanda",2004,26.4
"RW","Rwanda",2005,25
"RW","Rwanda",2006,63.8
"RW","Rwanda",2007,26.6
"RW","Rwanda",2008,23.3
"RW","Rwanda",2009,22
"RW","Rwanda",2010,25
"RW","Rwanda",2011,27.9
"RW","Rwanda",2012,19.3
"RW","Rwanda",2013,26.1
"RW","Rwanda",2014,23.5
"RW","Rwanda",2015,20.6
"RW","Rwanda",2016,24.2
"SH","Saint Helena, Ascension & Tristan da Cunha",2000,
"SH","Saint Helena, Ascension & Tristan da Cunha",2001,
"SH","Saint Helena, Ascension & Tristan da Cunha",2002,
"SH","Saint Helena, Ascension & Tristan da Cunha",2003,
"SH","Saint Helena, Ascension & Tristan da Cunha",2004,
"SH","Saint Helena, Ascension & Tristan da Cunha",2005,
"SH","Saint Helena, Ascension & Tristan da Cunha",2006,
"SH","Saint Helena, Ascension & Tristan da Cunha",2007,
"SH","Saint Helena, Ascension & Tristan da Cunha",2008,
"SH","Saint Helena, Ascension & Tristan da Cunha",2009,
"SH","Saint Helena, Ascension & Tristan da Cunha",2010,
"SH","Saint Helena, Ascension & Tristan da Cunha",2011,
"SH","Saint Helena, Ascension & Tristan da Cunha",2012,
"SH","Saint Helena, Ascension & Tristan da Cunha",2013,
"SH","Saint Helena, Ascension & Tristan da Cunha",2014,
"SH","Saint Helena, Ascension & Tristan da Cunha",2015,
"SH","Saint Helena, Ascension & Tristan da Cunha",2016,
"LC","Saint Lucia",2000,20
"LC","Saint Lucia",2001,21.4
"LC","Saint Lucia",2002,23.3
"LC","Saint Lucia",2003,25.9
"LC","Saint Lucia",2004,16.4
"LC","Saint Lucia",2005,20.5
"LC","Saint Lucia",2006,27.3
"LC","Saint Lucia",2007,31.6
"LC","Saint Lucia",2008,45.9
"LC","Saint Lucia",2009,19
"LC","Saint Lucia",2010,26.5
"LC","Saint Lucia",2011,12.4
"LC","Saint Lucia",2012,10
"LC","Saint Lucia",2013,12.7
"LC","Saint Lucia",2014,13.9
"LC","Saint Lucia",2015,9.8
"LC","Saint Lucia",2016,9.9
"VC","Saint Vincent & the Grenadines",2000,18.8
"VC","Saint Vincent & the Grenadines",2001,13.6
"VC","Saint Vincent & the Grenadines",2002,18.6
"VC","Saint Vincent & the Grenadines",2003,23.6
"VC","Saint Vincent & the Grenadines",2004,27.4
"VC","Saint Vincent & the Grenadines",2005,20.4
"VC","Saint Vincent & the Grenadines",2006,26.1
"VC","Saint Vincent & the Grenadines",2007,36.7
"VC","Saint Vincent & the Grenadines",2008,38
"VC","Saint Vincent & the Grenadines",2009,28.5
"VC","Saint Vincent & the Grenadines",2010,38.9
"VC","Saint Vincent & the Grenadines",2011,23.9
"VC","Saint Vincent & the Grenadines",2012,24.7
"VC","Saint Vincent & the Grenadines",2013,34.9
"VC","Saint Vincent & the Grenadines",2014,28.1
"VC","Saint Vincent & the Grenadines",2015,26.8
"VC","Saint Vincent & the Grenadines",2016,26.7
"WS","Samoa",2000,11.5
"WS","Samoa",2001,17.5
"WS","Samoa",2002,15.1
"WS","Samoa",2003,12.4
"WS","Samoa",2004,9.4
"WS","Samoa",2005,28.9
"WS","Samoa",2006,31.8
"WS","Samoa",2007,29.7
"WS","Samoa",2008,36.5
"WS","Samoa",2009,40.1
"WS","Samoa",2010,49.8
"WS","Samoa",2011,41.1
"WS","Samoa",2012,45.3
"WS","Samoa",2013,39.3
"WS","Samoa",2014,37
"WS","Samoa",2015,33.8
"WS","Samoa",2016,18.9
"ST","Sao Tome & Principe",2000,
"ST","Sao Tome & Principe",2001,63.6
"ST","Sao Tome & Principe",2002,49.6
"ST","Sao Tome & Principe",2003,64.4
"ST","Sao Tome & Principe",2004,51.4
"ST","Sao Tome & Principe",2005,44.6
"ST","Sao Tome & Principe",2006,56.1
"ST","Sao Tome & Principe",2007,153.4
"ST","Sao Tome & Principe",2008,78.4
"ST","Sao Tome & Principe",2009,34.4
"ST","Sao Tome & Principe",2010,58.8
"ST","Sao Tome & Principe",2011,62.7
"ST","Sao Tome & Principe",2012,32.9
"ST","Sao Tome & Principe",2013,34
"ST","Sao Tome & Principe",2014,35.5
"ST","Sao Tome & Principe",2015,41
"ST","Sao Tome & Principe",2016,26.2
"SN","Senegal",2000,18.7
"SN","Senegal",2001,20.6
"SN","Senegal",2002,21.5
"SN","Senegal",2003,17.5
"SN","Senegal",2004,27.8
"SN","Senegal",2005,20.9
"SN","Senegal",2006,49.6
"SN","Senegal",2007,25.2
"SN","Senegal",2008,24.5
"SN","Senegal",2009,25.9
"SN","Senegal",2010,22.4
"SN","Senegal",2011,26.1
"SN","Senegal",2012,24.5
"SN","Senegal",2013,21.9
"SN","Senegal",2014,28.3
"SN","Senegal",2015,27.9
"SN","Senegal",2016,28.5
"RS","Serbia",2000,20.7
"RS","Serbia",2001,13.2
"RS","Serbia",2002,21.5
"RS","Serbia",2003,10.8
"RS","Serbia",2004,12.9
"RS","Serbia",2005,17.5
"RS","Serbia",2006,23.5
"RS","Serbia",2007,30.4
"RS","Serbia",2008,35
"RS","Serbia",2009,30.2
"RS","Serbia",2010,29
"RS","Serbia",2011,36.1
"RS","Serbia",2012,30.6
"RS","Serbia",2013,35.8
"RS","Serbia",2014,25.8
"RS","Serbia",2015,26.1
"RS","Serbia",2016,27
"SC","Seychelles",2000,9
"SC","Seychelles",2001,13
"SC","Seychelles",2002,15.6
"SC","Seychelles",2003,10.4
"SC","Seychelles",2004,6.7
"SC","Seychelles",2005,12.7
"SC","Seychelles",2006,17.1
"SC","Seychelles",2007,19
"SC","Seychelles",2008,20
"SC","Seychelles",2009,26.5
"SC","Seychelles",2010,36.3
"SC","Seychelles",2011,24.6
"SC","Seychelles",2012,32.2
"SC","Seychelles",2013,17.4
"SC","Seychelles",2014,19.7
"SC","Seychelles",2015,16.1
"SC","Seychelles",2016,17.2
"SL","Sierra Leone",2000,41.1
"SL","Sierra Leone",2001,36.4
"SL","Sierra Leone",2002,39.7
"SL","Sierra Leone",2003,31.9
"SL","Sierra Leone",2004,36.5
"SL","Sierra Leone",2005,27.8
"SL","Sierra Leone",2006,45.7
"SL","Sierra Leone",2007,34.4
"SL","Sierra Leone",2008,19.5
"SL","Sierra Leone",2009,25.3
"SL","Sierra Leone",2010,28.9
"SL","Sierra Leone",2011,51.7
"SL","Sierra Leone",2012,34.6
"SL","Sierra Leone",2013,25.7
"SL","Sierra Leone",2014,28.5
"SL","Sierra Leone",2015,32.1
"SL","Sierra Leone",2016,35.7
"SB","Solomon Islands",2000,21.1
"SB","Solomon Islands",2001,21.1
"SB","Solomon Islands",2002,12.8
"SB","Solomon Islands",2003,26.6
"SB","Solomon Islands",2004,37
"SB","Solomon Islands",2005,56.1
"SB","Solomon Islands",2006,57.8
"SB","Solomon Islands",2007,72.7
"SB","Solomon Islands",2008,52.1
"SB","Solomon Islands",2009,49.2
"SB","Solomon Islands",2010,92.2
"SB","Solomon Islands",2011,59.8
"SB","Solomon Islands",2012,38.2
"SB","Solomon Islands",2013,39.1
"SB","Solomon Islands",2014,25.7
"SB","Solomon Islands",2015,25.5
"SB","Solomon Islands",2016,24.4
"SO","Somalia",2000,
"SO","Somalia",2001,
"SO","Somalia",2002,
"SO","Somalia",2003,
"SO","Somalia",2004,
"SO","Somalia",2005,
"SO","Somalia",2006,
"SO","Somalia",2007,
"SO","Somalia",2008,
"SO","Somalia",2009,
"SO","Somalia",2010,
"SO","Somalia",2011,
"SO","Somalia",2012,
"SO","Somalia",2013,24.6
"SO","Somalia",2014,24.7
"SO","Somalia",2015,26.4
"SO","Somalia",2016,24.3
"ZA","South Africa",2000,7.1
"ZA","South Africa",2001,9.3
"ZA","South Africa",2002,5.5
"ZA","South Africa",2003,2.6
"ZA","South Africa",2004,6.3
"ZA","South Africa",2005,8.2
"ZA","South Africa",2006,10.3
"ZA","South Africa",2007,9.9
"ZA","South Africa",2008,5.1
"ZA","South Africa",2009,8.3
"ZA","South Africa",2010,5.2
"ZA","South Africa",2011,4.3
"ZA","South Africa",2012,7.5
"ZA","South Africa",2013,7.5
"ZA","South Africa",2014,7.6
"ZA","South Africa",2015,9.1
"ZA","South Africa",2016,6.6
"SS","South Sudan",2000,
"SS","South Sudan",2001,
"SS","South Sudan",2002,
"SS","South Sudan",2003,
"SS","South Sudan",2004,
"SS","South Sudan",2005,
"SS","South Sudan",2006,
"SS","South Sudan",2007,
"SS","South Sudan",2008,0
"SS","South Sudan",2009,0
"SS","South Sudan",2010,0
"SS","South Sudan",2011,2.5
"SS","South Sudan",2012,13
"SS","South Sudan",2013,10.6
"SS","South Sudan",2014,15.2
"SS","South Sudan",2015,18.8
"SS","South Sudan",2016,
"LK","Sri Lanka",2000,14.2
"LK","Sri Lanka",2001,13.4
"LK","Sri Lanka",2002,15.7
"LK","Sri Lanka",2003,15.2
"LK","Sri Lanka",2004,15.3
"LK","Sri Lanka",2005,16.1
"LK","Sri Lanka",2006,14.9
"LK","Sri Lanka",2007,18.7
"LK","Sri Lanka",2008,17.3
"LK","Sri Lanka",2009,17.6
"LK","Sri Lanka",2010,14.3
"LK","Sri Lanka",2011,16.7
"LK","Sri Lanka",2012,26.9
"LK","Sri Lanka",2013,18.1
"LK","Sri Lanka",2014,20.5
"LK","Sri Lanka",2015,16.1
"LK","Sri Lanka",2016,16.2
"SD","Sudan",2000,17.2
"SD","Sudan",2001,15
"SD","Sudan",2002,14.1
"SD","Sudan",2003,19.2
"SD","Sudan",2004,20.9
"SD","Sudan",2005,17.4
"SD","Sudan",2006,14.4
"SD","Sudan",2007,11.8
"SD","Sudan",2008,11.8
"SD","Sudan",2009,12
"SD","Sudan",2010,10.3
"SD","Sudan",2011,7.7
"SD","Sudan",2012,6.7
"SD","Sudan",2013,5.8
"SD","Sudan",2014,3.5
"SD","Sudan",2015,3.3
"SD","Sudan",2016,2.8
"SR","Suriname",2000,4.4
"SR","Suriname",2001,3.4
"SR","Suriname",2002,4.2
"SR","Suriname",2003,5.9
"SR","Suriname",2004,4.2
"SR","Suriname",2005,4.5
"SR","Suriname",2006,3.1
"SR","Suriname",2007,6.2
"SR","Suriname",2008,3.3
"SR","Suriname",2009,4.9
"SR","Suriname",2010,3.6
"SR","Suriname",2011,6.3
"SR","Suriname",2012,5.9
"SR","Suriname",2013,6.6
"SR","Suriname",2014,4.6
"SR","Suriname",2015,7.9
"SR","Suriname",2016,11.5
"SZ","Swaziland",2000,12.4
"SZ","Swaziland",2001,10.8
"SZ","Swaziland",2002,13.3
"SZ","Swaziland",2003,5.4
"SZ","Swaziland",2004,8.7
"SZ","Swaziland",2005,7.9
"SZ","Swaziland",2006,8.9
"SZ","Swaziland",2007,6.7
"SZ","Swaziland",2008,11.5
"SZ","Swaziland",2009,7.2
"SZ","Swaziland",2010,10.9
"SZ","Swaziland",2011,6.1
"SZ","Swaziland",2012,4.6
"SZ","Swaziland",2013,4.5
"SZ","Swaziland",2014,3.8
"SZ","Swaziland",2015,4.7
"SZ","Swaziland",2016,7.6
"SY","Syria",2000,5.6
"SY","Syria",2001,2.7
"SY","Syria",2002,2.1
"SY","Syria",2003,6
"SY","Syria",2004,6
"SY","Syria",2005,5.8
"SY","Syria",2006,5.3
"SY","Syria",2007,6.7
"SY","Syria",2008,
"SY","Syria",2009,
"SY","Syria",2010,
"SY","Syria",2011,
"SY","Syria",2012,
"SY","Syria",2013,
"SY","Syria",2014,
"SY","Syria",2015,
"SY","Syria",2016,
"TJ","Tajikistan",2000,17.7
"TJ","Tajikistan",2001,23.7
"TJ","Tajikistan",2002,25.5
"TJ","Tajikistan",2003,24.8
"TJ","Tajikistan",2004,39
"TJ","Tajikistan",2005,34
"TJ","Tajikistan",2006,58.6
"TJ","Tajikistan",2007,69.7
"TJ","Tajikistan",2008,78.2
"TJ","Tajikistan",2009,55.2
"TJ","Tajikistan",2010,75.6
"TJ","Tajikistan",2011,68.7
"TJ","Tajikistan",2012,66.5
"TJ","Tajikistan",2013,63
"TJ","Tajikistan",2014,52.5
"TJ","Tajikistan",2015,48
"TJ","Tajikistan",2016,46.8
"TZ","Tanzania",2000,15.4
"TZ","Tanzania",2001,18.3
"TZ","Tanzania",2002,17.3
"TZ","Tanzania",2003,19.4
"TZ","Tanzania",2004,20
"TZ","Tanzania",2005,16
"TZ","Tanzania",2006,36.7
"TZ","Tanzania",2007,16.2
"TZ","Tanzania",2008,14.7
"TZ","Tanzania",2009,15.3
"TZ","Tanzania",2010,17.7
"TZ","Tanzania",2011,14.8
"TZ","Tanzania",2012,14.4
"TZ","Tanzania",2013,16.3
"TZ","Tanzania",2014,11.5
"TZ","Tanzania",2015,12
"TZ","Tanzania",2016,10.4
"TH","Thailand",2000,8.1
"TH","Thailand",2001,13.1
"TH","Thailand",2002,11.5
"TH","Thailand",2003,11.5
"TH","Thailand",2004,11.5
"TH","Thailand",2005,21.6
"TH","Thailand",2006,14.7
"TH","Thailand",2007,14.4
"TH","Thailand",2008,9
"TH","Thailand",2009,15.7
"TH","Thailand",2010,16.3
"TH","Thailand",2011,6.5
"TH","Thailand",2012,14
"TH","Thailand",2013,11
"TH","Thailand",2014,7.8
"TH","Thailand",2015,8.1
"TH","Thailand",2016,4.9
"TL","Timor-Leste",2000,185.2
"TL","Timor-Leste",2001,45.3
"TL","Timor-Leste",2002,54.9
"TL","Timor-Leste",2003,73.8
"TL","Timor-Leste",2004,36.7
"TL","Timor-Leste",2005,40
"TL","Timor-Leste",2006,50.5
"TL","Timor-Leste",2007,56.5
"TL","Timor-Leste",2008,50.9
"TL","Timor-Leste",2009,48.6
"TL","Timor-Leste",2010,51.8
"TL","Timor-Leste",2011,44.1
"TL","Timor-Leste",2012,37.8
"TL","Timor-Leste",2013,24.8
"TL","Timor-Leste",2014,24.4
"TL","Timor-Leste",2015,20.7
"TL","Timor-Leste",2016,18.9
"TG","Togo",2000,14.3
"TG","Togo",2001,17.8
"TG","Togo",2002,17.2
"TG","Togo",2003,16
"TG","Togo",2004,18.2
"TG","Togo",2005,19.4
"TG","Togo",2006,20.8
"TG","Togo",2007,21
"TG","Togo",2008,31
"TG","Togo",2009,34.4
"TG","Togo",2010,33.4
"TG","Togo",2011,44.9
"TG","Togo",2012,24.3
"TG","Togo",2013,25.2
"TG","Togo",2014,20.4
"TG","Togo",2015,24.3
"TG","Togo",2016,22.4
"TK","Tokelau",2000,
"TK","Tokelau",2001,
"TK","Tokelau",2002,
"TK","Tokelau",2003,
"TK","Tokelau",2004,
"TK","Tokelau",2005,
"TK","Tokelau",2006,
"TK","Tokelau",2007,
"TK","Tokelau",2008,
"TK","Tokelau",2009,
"TK","Tokelau",2010,
"TK","Tokelau",2011,
"TK","Tokelau",2012,
"TK","Tokelau",2013,
"TK","Tokelau",2014,
"TK","Tokelau",2015,
"TK","Tokelau",2016,
"TO","Tonga",2000,16.2
"TO","Tonga",2001,47.2
"TO","Tonga",2002,53
"TO","Tonga",2003,49
"TO","Tonga",2004,56.3
"TO","Tonga",2005,44.6
"TO","Tonga",2006,40.8
"TO","Tonga",2007,53.1
"TO","Tonga",2008,52
"TO","Tonga",2009,46.3
"TO","Tonga",2010,58.1
"TO","Tonga",2011,60.6
"TO","Tonga",2012,50.9
"TO","Tonga",2013,57.2
"TO","Tonga",2014,49.7
"TO","Tonga",2015,38.1
"TO","Tonga",2016,43.4
"TN","Tunisia",2000,15.9
"TN","Tunisia",2001,20.9
"TN","Tunisia",2002,19.8
"TN","Tunisia",2003,15.8
"TN","Tunisia",2004,14.2
"TN","Tunisia",2005,11.7
"TN","Tunisia",2006,20
"TN","Tunisia",2007,16
"TN","Tunisia",2008,15
"TN","Tunisia",2009,14.9
"TN","Tunisia",2010,13.7
"TN","Tunisia",2011,13.3
"TN","Tunisia",2012,21.1
"TN","Tunisia",2013,12.8
"TN","Tunisia",2014,14.1
"TN","Tunisia",2015,15.9
"TN","Tunisia",2016,13.7
"TR","Turkey",2000,12.7
"TR","Turkey",2001,9.7
"TR","Turkey",2002,11.6
"TR","Turkey",2003,15.4
"TR","Turkey",2004,11.8
"TR","Turkey",2005,13.3
"TR","Turkey",2006,15.8
"TR","Turkey",2007,15.6
"TR","Turkey",2008,13.2
"TR","Turkey",2009,8.8
"TR","Turkey",2010,12.4
"TR","Turkey",2011,9.7
"TR","Turkey",2012,12.5
"TR","Turkey",2013,13.4
"TR","Turkey",2014,10.3
"TR","Turkey",2015,7
"TR","Turkey",2016,11.7
"TM","Turkmenistan",2000,20.2
"TM","Turkmenistan",2001,11.7
"TM","Turkmenistan",2002,13.5
"TM","Turkmenistan",2003,8.1
"TM","Turkmenistan",2004,10.5
"TM","Turkmenistan",2005,7.4
"TM","Turkmenistan",2006,7.9
"TM","Turkmenistan",2007,7.6
"TM","Turkmenistan",2008,7.2
"TM","Turkmenistan",2009,23.3
"TM","Turkmenistan",2010,16.6
"TM","Turkmenistan",2011,12.4
"TM","Turkmenistan",2012,9.6
"TM","Turkmenistan",2013,9.5
"TM","Turkmenistan",2014,9.1
"TM","Turkmenistan",2015,12.7
"TM","Turkmenistan",2016,13.3
"TV","Tuvalu",2000,29.4
"TV","Tuvalu",2001,72.1
"TV","Tuvalu",2002,75.9
"TV","Tuvalu",2003,34.6
"TV","Tuvalu",2004,37.5
"TV","Tuvalu",2005,64.3
"TV","Tuvalu",2006,83.3
"TV","Tuvalu",2007,64.4
"TV","Tuvalu",2008,77.1
"TV","Tuvalu",2009,84.1
"TV","Tuvalu",2010,58.8
"TV","Tuvalu",2011,111.8
"TV","Tuvalu",2012,79.4
"TV","Tuvalu",2013,84.3
"TV","Tuvalu",2014,105.5
"TV","Tuvalu",2015,167.1
"TV","Tuvalu",2016,112.7
"UG","Uganda",2000,22.5
"UG","Uganda",2001,24.6
"UG","Uganda",2002,24.1
"UG","Uganda",2003,26.3
"UG","Uganda",2004,26.2
"UG","Uganda",2005,22.6
"UG","Uganda",2006,64.5
"UG","Uganda",2007,24.8
"UG","Uganda",2008,26.4
"UG","Uganda",2009,20.5
"UG","Uganda",2010,15.8
"UG","Uganda",2011,17.4
"UG","Uganda",2012,18
"UG","Uganda",2013,34.4
"UG","Uganda",2014,14.6
"UG","Uganda",2015,14.6
"UG","Uganda",2016,16.6
"UA","Ukraine",2000,7.1
"UA","Ukraine",2001,28.9
"UA","Ukraine",2002,10.1
"UA","Ukraine",2003,12.6
"UA","Ukraine",2004,17.9
"UA","Ukraine",2005,24.3
"UA","Ukraine",2006,29.3
"UA","Ukraine",2007,37
"UA","Ukraine",2008,28.4
"UA","Ukraine",2009,28.8
"UA","Ukraine",2010,38.6
"UA","Ukraine",2011,32.3
"UA","Ukraine",2012,20.4
"UA","Ukraine",2013,30.2
"UA","Ukraine",2014,16.3
"UA","Ukraine",2015,30.7
"UA","Ukraine",2016,16.7
"UY","Uruguay",2000,2.7
"UY","Uruguay",2001,3.1
"UY","Uruguay",2002,7.7
"UY","Uruguay",2003,8.5
"UY","Uruguay",2004,5
"UY","Uruguay",2005,7.8
"UY","Uruguay",2006,9.1
"UY","Uruguay",2007,7.6
"UY","Uruguay",2008,9.1
"UY","Uruguay",2009,8.4
"UY","Uruguay",2010,6.5
"UY","Uruguay",2011,6.3
"UY","Uruguay",2012,5.9
"UY","Uruguay",2013,6.3
"UY","Uruguay",2014,4.8
"UY","Uruguay",2015,3.3
"UY","Uruguay",2016,2.5
"UZ","Uzbekistan",2000,6.8
"UZ","Uzbekistan",2001,11.5
"UZ","Uzbekistan",2002,7
"UZ","Uzbekistan",2003,8.8
"UZ","Uzbekistan",2004,7.8
"UZ","Uzbekistan",2005,5.1
"UZ","Uzbekistan",2006,9.6
"UZ","Uzbekistan",2007,14.4
"UZ","Uzbekistan",2008,16.5
"UZ","Uzbekistan",2009,17.2
"UZ","Uzbekistan",2010,14.8
"UZ","Uzbekistan",2011,15.2
"UZ","Uzbekistan",2012,15.4
"UZ","Uzbekistan",2013,17.8
"UZ","Uzbekistan",2014,16.1
"UZ","Uzbekistan",2015,9.5
"UZ","Uzbekistan",2016,8.4
"VU","Vanuatu",2000,45.5
"VU","Vanuatu",2001,45.4
"VU","Vanuatu",2002,29.9
"VU","Vanuatu",2003,18.4
"VU","Vanuatu",2004,19.5
"VU","Vanuatu",2005,19
"VU","Vanuatu",2006,31.3
"VU","Vanuatu",2007,26
"VU","Vanuatu",2008,29.3
"VU","Vanuatu",2009,27.1
"VU","Vanuatu",2010,29.8
"VU","Vanuatu",2011,24.3
"VU","Vanuatu",2012,50.8
"VU","Vanuatu",2013,17.2
"VU","Vanuatu",2014,17.8
"VU","Vanuatu",2015,32.9
"VU","Vanuatu",2016,23.7
"VE","Venezuela",2000,6.7
"VE","Venezuela",2001,5.6
"VE","Venezuela",2002,3.4
"VE","Venezuela",2003,11
"VE","Venezuela",2004,6.9
"VE","Venezuela",2005,8.5
"VE","Venezuela",2006,2.6
"VE","Venezuela",2007,6.2
"VE","Venezuela",2008,2.8
"VE","Venezuela",2009,2.1
"VE","Venezuela",2010,2.5
"VE","Venezuela",2011,5.1
"VE","Venezuela",2012,3.3
"VE","Venezuela",2013,1.7
"VE","Venezuela",2014,0.5
"VE","Venezuela",2015,
"VE","Venezuela",2016,
"VN","Viet Nam",2000,14.9
"VN","Viet Nam",2001,13
"VN","Viet Nam",2002,13.3
"VN","Viet Nam",2003,15.6
"VN","Viet Nam",2004,15.9
"VN","Viet Nam",2005,14.9
"VN","Viet Nam",2006,15.6
"VN","Viet Nam",2007,32.2
"VN","Viet Nam",2008,20.9
"VN","Viet Nam",2009,19.3
"VN","Viet Nam",2010,25.2
"VN","Viet Nam",2011,22.1
"VN","Viet Nam",2012,20.3
"VN","Viet Nam",2013,19.2
"VN","Viet Nam",2014,21.2
"VN","Viet Nam",2015,20.9
"VN","Viet Nam",2016,20.2
"WF","Wallis & Futuna",2000,
"WF","Wallis & Futuna",2001,
"WF","Wallis & Futuna",2002,
"WF","Wallis & Futuna",2003,
"WF","Wallis & Futuna",2004,
"WF","Wallis & Futuna",2005,
"WF","Wallis & Futuna",2006,
"WF","Wallis & Futuna",2007,
"WF","Wallis & Futuna",2008,
"WF","Wallis & Futuna",2009,
"WF","Wallis & Futuna",2010,
"WF","Wallis & Futuna",2011,
"WF","Wallis & Futuna",2012,
"WF","Wallis & Futuna",2013,
"WF","Wallis & Futuna",2014,
"WF","Wallis & Futuna",2015,
"WF","Wallis & Futuna",2016,
"YE","Yemen",2000,20.4
"YE","Yemen",2001,19.5
"YE","Yemen",2002,16.1
"YE","Yemen",2003,13.8
"YE","Yemen",2004,13.5
"YE","Yemen",2005,11.1
"YE","Yemen",2006,15.5
"YE","Yemen",2007,13.7
"YE","Yemen",2008,14.2
"YE","Yemen",2009,9.2
"YE","Yemen",2010,8.8
"YE","Yemen",2011,6.3
"YE","Yemen",2012,15.5
"YE","Yemen",2013,11.4
"YE","Yemen",2014,11.5
"YE","Yemen",2015,13.3
"YE","Yemen",2016,19.7
"ZM","Zambia",2000,28.1
"ZM","Zambia",2001,30.5
"ZM","Zambia",2002,35.3
"ZM","Zambia",2003,33.9
"ZM","Zambia",2004,37.3
"ZM","Zambia",2005,32.8
"ZM","Zambia",2006,47
"ZM","Zambia",2007,20.8
"ZM","Zambia",2008,13.9
"ZM","Zambia",2009,13.5
"ZM","Zambia",2010,17.8
"ZM","Zambia",2011,12.6
"ZM","Zambia",2012,17.1
"ZM","Zambia",2013,12.5
"ZM","Zambia",2014,16.5
"ZM","Zambia",2015,20.3
"ZM","Zambia",2016,12.4
"ZW","Zimbabwe",2000,6
"ZW","Zimbabwe",2001,3.5
"ZW","Zimbabwe",2002,4
"ZW","Zimbabwe",2003,7
"ZW","Zimbabwe",2004,7.4
"ZW","Zimbabwe",2005,9
"ZW","Zimbabwe",2006,10.4
"ZW","Zimbabwe",2007,20.1
"ZW","Zimbabwe",2008,17.5
"ZW","Zimbabwe",2009,11.5
"ZW","Zimbabwe",2010,19.3
"ZW","Zimbabwe",2011,23.4
"ZW","Zimbabwe",2012,22.7
"ZW","Zimbabwe",2013,21.3
"ZW","Zimbabwe",2014,18.1
"ZW","Zimbabwe",2015,15.4
"ZW","Zimbabwe",2016,13
