"series","country-year"
"id","gdp-current-ncu-fy"
"type","composite"
"parent",
"name","Gross domestic product in current National Currency Units as corresponding to Fiscal Year"
"columns","id, year, estimate, value"
"description","GDP in current National Currency Units as corresponding to Fiscal Year"
"default-scale","log"
"theme",
"theme-order",
"global-picture-color-ramp",
"uom","NCU"
"uom_display","NCU"
"source","International Monetary Fund World Economic Outlook"
"calculation",
"format",
"highorlow","highisbetter"
"range",
"interpolated",
"missing-donor","NA"
"missing-recipient","NA"
"laymans-decription",
"laymans-heading",
