"id","entity-name","year","value"
"AF","Afghanistan",2000,
"AF","Afghanistan",2001,2461666315
"AF","Afghanistan",2002,4128818042
"AF","Afghanistan",2003,4583648922
"AF","Afghanistan",2004,5285461999
"AF","Afghanistan",2005,6275076016
"AF","Afghanistan",2006,7057597614
"AF","Afghanistan",2007,9843851009
"AF","Afghanistan",2008,10190534637
"AF","Afghanistan",2009,12486950468
"AF","Afghanistan",2010,15936784437
"AF","Afghanistan",2011,17870159082
"AF","Afghanistan",2012,20506795254
"AF","Afghanistan",2013,20309671015
"AL","Albania",2000,3686649387
"AL","Albania",2001,4091020249
"AL","Albania",2002,4449373455
"AL","Albania",2003,5652325082
"AL","Albania",2004,7464446950
"AL","Albania",2005,8376483394
"AL","Albania",2006,9132558097
"AL","Albania",2007,10701011524
"AL","Albania",2008,12881353508
"AL","Albania",2009,12044208086
"AL","Albania",2010,11926957255
"AL","Albania",2011,12890866743
"AL","Albania",2012,12344529628
"AL","Albania",2013,12923240278
"DZ","Algeria",2000,54790058957
"DZ","Algeria",2001,54744716706
"DZ","Algeria",2002,56760288962
"DZ","Algeria",2003,67863832648
"DZ","Algeria",2004,85324997370
"DZ","Algeria",2005,1.03e+11
"DZ","Algeria",2006,1.17e+11
"DZ","Algeria",2007,1.35e+11
"DZ","Algeria",2008,1.71e+11
"DZ","Algeria",2009,1.37e+11
"DZ","Algeria",2010,1.61e+11
"DZ","Algeria",2011,1.99e+11
"DZ","Algeria",2012,2.04e+11
"DZ","Algeria",2013,2.1e+11
"AS","American Samoa",2000,
"AS","American Samoa",2001,
"AS","American Samoa",2002,
"AS","American Samoa",2003,
"AS","American Samoa",2004,
"AS","American Samoa",2005,
"AS","American Samoa",2006,
"AS","American Samoa",2007,
"AS","American Samoa",2008,
"AS","American Samoa",2009,
"AS","American Samoa",2010,
"AS","American Samoa",2011,
"AS","American Samoa",2012,
"AS","American Samoa",2013,
"AD","Andorra",2000,1133644295
"AD","Andorra",2001,1264760246
"AD","Andorra",2002,1456198796
"AD","Andorra",2003,1917948475
"AD","Andorra",2004,2322163502
"AD","Andorra",2005,2539759286
"AD","Andorra",2006,2823503853
"AD","Andorra",2007,3245411584
"AD","Andorra",2008,3712034267
"AD","Andorra",2009,
"AD","Andorra",2010,
"AD","Andorra",2011,
"AD","Andorra",2012,
"AD","Andorra",2013,
"AO","Angola",2000,9129594819
"AO","Angola",2001,8936079253
"AO","Angola",2002,12497346042
"AO","Angola",2003,14188949240
"AO","Angola",2004,19640862550
"AO","Angola",2005,28233699334
"AO","Angola",2006,41789493192
"AO","Angola",2007,60448887583
"AO","Angola",2008,84178084135
"AO","Angola",2009,75492416523
"AO","Angola",2010,82470894868
"AO","Angola",2011,1.04e+11
"AO","Angola",2012,1.15e+11
"AO","Angola",2013,1.24e+11
"AG","Antigua and Barbuda",2000,783837838
"AG","Antigua and Barbuda",2001,773765171.5
"AG","Antigua and Barbuda",2002,802529319.2
"AG","Antigua and Barbuda",2003,839996355.5
"AG","Antigua and Barbuda",2004,898356132.3
"AG","Antigua and Barbuda",2005,997374093.5
"AG","Antigua and Barbuda",2006,1135143573
"AG","Antigua and Barbuda",2007,1289254311
"AG","Antigua and Barbuda",2008,1347349852
"AG","Antigua and Barbuda",2009,1206410370
"AG","Antigua and Barbuda",2010,1135539037
"AG","Antigua and Barbuda",2011,1129918370
"AG","Antigua and Barbuda",2012,1204713111
"AG","Antigua and Barbuda",2013,1200587519
"AR","Argentina",2000,3.44e+11
"AR","Argentina",2001,3.25e+11
"AR","Argentina",2002,1.24e+11
"AR","Argentina",2003,1.57e+11
"AR","Argentina",2004,1.83e+11
"AR","Argentina",2005,2.23e+11
"AR","Argentina",2006,2.64e+11
"AR","Argentina",2007,3.3e+11
"AR","Argentina",2008,4.06e+11
"AR","Argentina",2009,3.78e+11
"AR","Argentina",2010,4.63e+11
"AR","Argentina",2011,5.58e+11
"AR","Argentina",2012,6.03e+11
"AR","Argentina",2013,6.1e+11
"AM","Armenia",2000,1911563665
"AM","Armenia",2001,2118467913
"AM","Armenia",2002,2376335048
"AM","Armenia",2003,2807061009
"AM","Armenia",2004,3576615240
"AM","Armenia",2005,4900436759
"AM","Armenia",2006,6384457744
"AM","Armenia",2007,9206301700
"AM","Armenia",2008,11662040714
"AM","Armenia",2009,8647936748
"AM","Armenia",2010,9260287416
"AM","Armenia",2011,10142342770
"AM","Armenia",2012,9958217880
"AM","Armenia",2013,10432169571
"AW","Aruba",2000,1873452514
"AW","Aruba",2001,1920262570
"AW","Aruba",2002,1941094972
"AW","Aruba",2003,2021301676
"AW","Aruba",2004,2228279330
"AW","Aruba",2005,2331005587
"AW","Aruba",2006,2421474860
"AW","Aruba",2007,2623726257
"AW","Aruba",2008,2791960894
"AW","Aruba",2009,2498932961
"AW","Aruba",2010,2467703911
"AW","Aruba",2011,2584463687
"AW","Aruba",2012,
"AW","Aruba",2013,
"AU","Australia",2000,4.15e+11
"AU","Australia",2001,3.78e+11
"AU","Australia",2002,3.94e+11
"AU","Australia",2003,4.66e+11
"AU","Australia",2004,6.13e+11
"AU","Australia",2005,6.93e+11
"AU","Australia",2006,7.47e+11
"AU","Australia",2007,8.53e+11
"AU","Australia",2008,1.06e+12
"AU","Australia",2009,9.26e+11
"AU","Australia",2010,1.14e+12
"AU","Australia",2011,1.39e+12
"AU","Australia",2012,1.53e+12
"AU","Australia",2013,1.56e+12
"AT","Austria",2000,1.96e+11
"AT","Austria",2001,1.97e+11
"AT","Austria",2002,2.13e+11
"AT","Austria",2003,2.61e+11
"AT","Austria",2004,3e+11
"AT","Austria",2005,3.15e+11
"AT","Austria",2006,3.34e+11
"AT","Austria",2007,3.86e+11
"AT","Austria",2008,4.28e+11
"AT","Austria",2009,3.98e+11
"AT","Austria",2010,3.9e+11
"AT","Austria",2011,4.29e+11
"AT","Austria",2012,4.08e+11
"AT","Austria",2013,4.28e+11
"AZ","Azerbaijan",2000,5272617196
"AZ","Azerbaijan",2001,5707618247
"AZ","Azerbaijan",2002,6236024951
"AZ","Azerbaijan",2003,7275766111
"AZ","Azerbaijan",2004,8680511918
"AZ","Azerbaijan",2005,13245421881
"AZ","Azerbaijan",2006,20982270733
"AZ","Azerbaijan",2007,33050343783
"AZ","Azerbaijan",2008,48852482960
"AZ","Azerbaijan",2009,44291490421
"AZ","Azerbaijan",2010,52902703376
"AZ","Azerbaijan",2011,65951627200
"AZ","Azerbaijan",2012,68730906314
"AZ","Azerbaijan",2013,73560484385
"BS","Bahamas",2000,6327552000
"BS","Bahamas",2001,6516651000
"BS","Bahamas",2002,6957996000
"BS","Bahamas",2003,6949317000
"BS","Bahamas",2004,7094413000
"BS","Bahamas",2005,7706222000
"BS","Bahamas",2006,7965588000
"BS","Bahamas",2007,8318996000
"BS","Bahamas",2008,8246650000
"BS","Bahamas",2009,7820420000
"BS","Bahamas",2010,7.91e+09
"BS","Bahamas",2011,7.931e+09
"BS","Bahamas",2012,8.219e+09
"BS","Bahamas",2013,8.42e+09
"BH","Bahrain",2000,9063147901
"BH","Bahrain",2001,8976446420
"BH","Bahrain",2002,9632411109
"BH","Bahrain",2003,11075116594
"BH","Bahrain",2004,13150516509
"BH","Bahrain",2005,15969151306
"BH","Bahrain",2006,18505545360
"BH","Bahrain",2007,21730577941
"BH","Bahrain",2008,25711151182
"BH","Bahrain",2009,22938462111
"BH","Bahrain",2010,25713544825
"BH","Bahrain",2011,29044378132
"BH","Bahrain",2012,30756789966
"BH","Bahrain",2013,32890110533
"BD","Bangladesh",2000,47124925462
"BD","Bangladesh",2001,46987842847
"BD","Bangladesh",2002,47571130071
"BD","Bangladesh",2003,51913661485
"BD","Bangladesh",2004,56560744012
"BD","Bangladesh",2005,60277560976
"BD","Bangladesh",2006,71819088743
"BD","Bangladesh",2007,79611888213
"BD","Bangladesh",2008,91631278239
"BD","Bangladesh",2009,1.02e+11
"BD","Bangladesh",2010,1.15e+11
"BD","Bangladesh",2011,1.29e+11
"BD","Bangladesh",2012,1.33e+11
"BD","Bangladesh",2013,1.5e+11
"BB","Barbados",2000,3119500000
"BB","Barbados",2001,3112350000
"BB","Barbados",2002,3168600000
"BB","Barbados",2003,3271200000
"BB","Barbados",2004,3509700000
"BB","Barbados",2005,3891500000
"BB","Barbados",2006,4314050000
"BB","Barbados",2007,4513250000
"BB","Barbados",2008,4541550000
"BB","Barbados",2009,4592650000
"BB","Barbados",2010,4433700000
"BB","Barbados",2011,4368900000
"BB","Barbados",2012,4224850000
"BB","Barbados",2013,
"BY","Belarus",2000,12736856485
"BY","Belarus",2001,12354820144
"BY","Belarus",2002,14594925393
"BY","Belarus",2003,17825436035
"BY","Belarus",2004,23141587718
"BY","Belarus",2005,30210091837
"BY","Belarus",2006,36961918859
"BY","Belarus",2007,45275711996
"BY","Belarus",2008,60763483146
"BY","Belarus",2009,49208656976
"BY","Belarus",2010,55220932614
"BY","Belarus",2011,59734593905
"BY","Belarus",2012,63615445567
"BY","Belarus",2013,71709513654
"BE","Belgium",2000,2.37e+11
"BE","Belgium",2001,2.37e+11
"BE","Belgium",2002,2.58e+11
"BE","Belgium",2003,3.19e+11
"BE","Belgium",2004,3.7e+11
"BE","Belgium",2005,3.87e+11
"BE","Belgium",2006,4.11e+11
"BE","Belgium",2007,4.72e+11
"BE","Belgium",2008,5.2e+11
"BE","Belgium",2009,4.86e+11
"BE","Belgium",2010,4.84e+11
"BE","Belgium",2011,5.28e+11
"BE","Belgium",2012,4.99e+11
"BE","Belgium",2013,5.25e+11
"BZ","Belize",2000,831750000
"BZ","Belize",2001,871840755.4
"BZ","Belize",2002,932676403.2
"BZ","Belize",2003,990350000
"BZ","Belize",2004,1057850000
"BZ","Belize",2005,1114202700
"BZ","Belize",2006,1217442150
"BZ","Belize",2007,1290542550
"BZ","Belize",2008,1368625150
"BZ","Belize",2009,1336957250
"BZ","Belize",2010,1397113450
"BZ","Belize",2011,1487005600
"BZ","Belize",2012,1573867300
"BZ","Belize",2013,1624294250
"BJ","Benin",2000,2359122303
"BJ","Benin",2001,2499269391
"BJ","Benin",2002,2807657386
"BJ","Benin",2003,3557229702
"BJ","Benin",2004,4050869968
"BJ","Benin",2005,4358015993
"BJ","Benin",2006,4705087452
"BJ","Benin",2007,5511880906
"BJ","Benin",2008,6633463907
"BJ","Benin",2009,6584477485
"BJ","Benin",2010,6561782313
"BJ","Benin",2011,7289779658
"BJ","Benin",2012,7543183759
"BJ","Benin",2013,8307222087
"BM","Bermuda",2000,3480219000
"BM","Bermuda",2001,3680483000
"BM","Bermuda",2002,3937228000
"BM","Bermuda",2003,4186525000
"BM","Bermuda",2004,4484703000
"BM","Bermuda",2005,4868136000
"BM","Bermuda",2006,5414299000
"BM","Bermuda",2007,5895048000
"BM","Bermuda",2008,6109928000
"BM","Bermuda",2009,5806378000
"BM","Bermuda",2010,5744414000
"BM","Bermuda",2011,5550771000
"BM","Bermuda",2012,5473536000
"BM","Bermuda",2013,
"BT","Bhutan",2000,439158233.2
"BT","Bhutan",2001,476360697.2
"BT","Bhutan",2002,537050133.7
"BT","Bhutan",2003,622026107.8
"BT","Bhutan",2004,702682019
"BT","Bhutan",2005,818869145.1
"BT","Bhutan",2006,897672085.6
"BT","Bhutan",2007,1196091805
"BT","Bhutan",2008,1258193519
"BT","Bhutan",2009,1264758198
"BT","Bhutan",2010,1585396256
"BT","Bhutan",2011,1820207626
"BT","Bhutan",2012,1823692110
"BT","Bhutan",2013,1781261413
"BO","Bolivia ",2000,8397858185
"BO","Bolivia ",2001,8141513292
"BO","Bolivia ",2002,7905485216
"BO","Bolivia ",2003,8082396526
"BO","Bolivia ",2004,8773451739
"BO","Bolivia ",2005,9549196256
"BO","Bolivia ",2006,11451845341
"BO","Bolivia ",2007,13120183157
"BO","Bolivia ",2008,16674324634
"BO","Bolivia ",2009,17339992165
"BO","Bolivia ",2010,19649631308
"BO","Bolivia ",2011,23948541156
"BO","Bolivia ",2012,27035110130
"BO","Bolivia ",2013,30601157742
"BA","Bosnia and Herzegovina",2000,5505984456
"BA","Bosnia and Herzegovina",2001,5748990555
"BA","Bosnia and Herzegovina",2002,6651226179
"BA","Bosnia and Herzegovina",2003,8370020196
"BA","Bosnia and Herzegovina",2004,10022840635
"BA","Bosnia and Herzegovina",2005,10903779488
"BA","Bosnia and Herzegovina",2006,12550175101
"BA","Bosnia and Herzegovina",2007,15441062281
"BA","Bosnia and Herzegovina",2008,18711890354
"BA","Bosnia and Herzegovina",2009,17264893103
"BA","Bosnia and Herzegovina",2010,16847493059
"BA","Bosnia and Herzegovina",2011,18318439121
"BA","Bosnia and Herzegovina",2012,16906005781
"BA","Bosnia and Herzegovina",2013,17851326454
"BW","Botswana",2000,5788311645
"BW","Botswana",2001,5489646903
"BW","Botswana",2002,5438856515
"BW","Botswana",2003,7511538765
"BW","Botswana",2004,8957491785
"BW","Botswana",2005,9931223489
"BW","Botswana",2006,10126990496
"BW","Botswana",2007,10939028151
"BW","Botswana",2008,11113042240
"BW","Botswana",2009,10106837293
"BW","Botswana",2010,13746712711
"BW","Botswana",2011,15365212953
"BW","Botswana",2012,14537486274
"BW","Botswana",2013,14784707345
"BR","Brazil",2000,6.45e+11
"BR","Brazil",2001,5.54e+11
"BR","Brazil",2002,5.04e+11
"BR","Brazil",2003,5.52e+11
"BR","Brazil",2004,6.64e+11
"BR","Brazil",2005,8.82e+11
"BR","Brazil",2006,1.09e+12
"BR","Brazil",2007,1.37e+12
"BR","Brazil",2008,1.65e+12
"BR","Brazil",2009,1.62e+12
"BR","Brazil",2010,2.14e+12
"BR","Brazil",2011,2.48e+12
"BR","Brazil",2012,2.25e+12
"BR","Brazil",2013,2.25e+12
"BN","Brunei",2000,6001153318
"BN","Brunei",2001,5601090584
"BN","Brunei",2002,5843329102
"BN","Brunei",2003,6557333067
"BN","Brunei",2004,7872333197
"BN","Brunei",2005,9531402830
"BN","Brunei",2006,11470703002
"BN","Brunei",2007,12247694247
"BN","Brunei",2008,14393099069
"BN","Brunei",2009,10732366286
"BN","Brunei",2010,12369708859
"BN","Brunei",2011,16691360399
"BN","Brunei",2012,16953952625
"BN","Brunei",2013,16111135789
"BG","Bulgaria",2000,13353530517
"BG","Bulgaria",2001,14303810795
"BG","Bulgaria",2002,16343311507
"BG","Bulgaria",2003,21101364345
"BG","Bulgaria",2004,25919754936
"BG","Bulgaria",2005,29300588273
"BG","Bulgaria",2006,33649638299
"BG","Bulgaria",2007,43634648380
"BG","Bulgaria",2008,53316401915
"BG","Bulgaria",2009,50161405417
"BG","Bulgaria",2010,48669060512
"BG","Bulgaria",2011,55765057234
"BG","Bulgaria",2012,52588115104
"BG","Bulgaria",2013,54479873100
"BF","Burkina Faso",2000,2610959139
"BF","Burkina Faso",2001,2812845486
"BF","Burkina Faso",2002,3205592273
"BF","Burkina Faso",2003,4205691122
"BF","Burkina Faso",2004,4838551014
"BF","Burkina Faso",2005,5462709055
"BF","Burkina Faso",2006,5844669738
"BF","Burkina Faso",2007,6755823933
"BF","Burkina Faso",2008,8350710389
"BF","Burkina Faso",2009,8348156389
"BF","Burkina Faso",2010,9209288383
"BF","Burkina Faso",2011,10395757480
"BF","Burkina Faso",2012,10726305450
"BF","Burkina Faso",2013,11582556068
"BI","Burundi",2000,870486065.9
"BI","Burundi",2001,876794723
"BI","Burundi",2002,825394484.4
"BI","Burundi",2003,784654423.6
"BI","Burundi",2004,915257323.4
"BI","Burundi",2005,1117254387
"BI","Burundi",2006,1273180655
"BI","Burundi",2007,1356078300
"BI","Burundi",2008,1611634286
"BI","Burundi",2009,1739781536
"BI","Burundi",2010,2026864414
"BI","Burundi",2011,2355652064
"BI","Burundi",2012,2472384864
"BI","Burundi",2013,2714507031
"CI","Côte d'Ivoire",2000,10417060605
"CI","Côte d'Ivoire",2001,10545285037
"CI","Côte d'Ivoire",2002,11486664265
"CI","Côte d'Ivoire",2003,13737482343
"CI","Côte d'Ivoire",2004,15481092597
"CI","Côte d'Ivoire",2005,17084927540
"CI","Côte d'Ivoire",2006,17800887469
"CI","Côte d'Ivoire",2007,20343636059
"CI","Côte d'Ivoire",2008,24224905504
"CI","Côte d'Ivoire",2009,24277494337
"CI","Côte d'Ivoire",2010,24884503951
"CI","Côte d'Ivoire",2011,25381617036
"CI","Côte d'Ivoire",2012,27098590232
"CI","Côte d'Ivoire",2013,31062026533
"KH","Cambodia",2000,3654031716
"KH","Cambodia",2001,3979813388
"KH","Cambodia",2002,4284028138
"KH","Cambodia",2003,4658246907
"KH","Cambodia",2004,5337833256
"KH","Cambodia",2005,6293046162
"KH","Cambodia",2006,7274424519
"KH","Cambodia",2007,8639164917
"KH","Cambodia",2008,10351829066
"KH","Cambodia",2009,10401935532
"KH","Cambodia",2010,11242266334
"KH","Cambodia",2011,12829541141
"KH","Cambodia",2012,14054443213
"KH","Cambodia",2013,15238689686
"CM","Cameroon",2000,9287367569
"CM","Cameroon",2001,9633109257
"CM","Cameroon",2002,10879778328
"CM","Cameroon",2003,13621738512
"CM","Cameroon",2004,15775356737
"CM","Cameroon",2005,16587857509
"CM","Cameroon",2006,17953066391
"CM","Cameroon",2007,20431781120
"CM","Cameroon",2008,23322256428
"CM","Cameroon",2009,23381142604
"CM","Cameroon",2010,23622482955
"CM","Cameroon",2011,26587310734
"CM","Cameroon",2012,26472054176
"CM","Cameroon",2013,29567504655
"CA","Canada",2000,7.39e+11
"CA","Canada",2001,7.33e+11
"CA","Canada",2002,7.53e+11
"CA","Canada",2003,8.88e+11
"CA","Canada",2004,1.02e+12
"CA","Canada",2005,1.16e+12
"CA","Canada",2006,1.31e+12
"CA","Canada",2007,1.46e+12
"CA","Canada",2008,1.54e+12
"CA","Canada",2009,1.37e+12
"CA","Canada",2010,1.61e+12
"CA","Canada",2011,1.78e+12
"CA","Canada",2012,1.82e+12
"CA","Canada",2013,1.83e+12
"CV","Cape Verde",2000,539227052.8
"CV","Cape Verde",2001,563024256.7
"CV","Cape Verde",2002,620974807.1
"CV","Cape Verde",2003,813963933.8
"CV","Cape Verde",2004,924318505.9
"CV","Cape Verde",2005,971976952.2
"CV","Cape Verde",2006,1107890815
"CV","Cape Verde",2007,1513934037
"CV","Cape Verde",2008,1789332788
"CV","Cape Verde",2009,1711816593
"CV","Cape Verde",2010,1664310633
"CV","Cape Verde",2011,1864823991
"CV","Cape Verde",2012,1757304419
"CV","Cape Verde",2013,1879402554
"CF","CAR",2000,914500332
"CF","CAR",2001,931833293.8
"CF","CAR",2002,991387865
"CF","CAR",2003,1139754772
"CF","CAR",2004,1270080228
"CF","CAR",2005,1350300947
"CF","CAR",2006,1473721521
"CF","CAR",2007,1698125680
"CF","CAR",2008,1985370255
"CF","CAR",2009,1981728179
"CF","CAR",2010,1986014759
"CF","CAR",2011,2195599491
"CF","CAR",2012,2169706411
"CF","CAR",2013,1538175744
"KY","Cayman Islands",2000,
"KY","Cayman Islands",2001,
"KY","Cayman Islands",2002,
"KY","Cayman Islands",2003,
"KY","Cayman Islands",2004,
"KY","Cayman Islands",2005,
"KY","Cayman Islands",2006,
"KY","Cayman Islands",2007,
"KY","Cayman Islands",2008,
"KY","Cayman Islands",2009,
"KY","Cayman Islands",2010,
"KY","Cayman Islands",2011,
"KY","Cayman Islands",2012,
"KY","Cayman Islands",2013,
"TD","Chad",2000,1385058212
"TD","Chad",2001,1709347777
"TD","Chad",2002,1987622269
"TD","Chad",2003,2736666451
"TD","Chad",2004,4414929142
"TD","Chad",2005,6646663021
"TD","Chad",2006,7422102520
"TD","Chad",2007,8638711757
"TD","Chad",2008,10351933632
"TD","Chad",2009,9253484290
"TD","Chad",2010,10657705072
"TD","Chad",2011,12156380062
"TD","Chad",2012,12887072082
"TD","Chad",2013,13513552425
"CL","Chile",2000,79328640264
"CL","Chile",2001,72336972322
"CL","Chile",2002,70984568429
"CL","Chile",2003,77840186385
"CL","Chile",2004,1.01e+11
"CL","Chile",2005,1.24e+11
"CL","Chile",2006,1.55e+11
"CL","Chile",2007,1.73e+11
"CL","Chile",2008,1.8e+11
"CL","Chile",2009,1.72e+11
"CL","Chile",2010,2.18e+11
"CL","Chile",2011,2.51e+11
"CL","Chile",2012,2.66e+11
"CL","Chile",2013,2.77e+11
"CN","China",2000,1.2e+12
"CN","China",2001,1.32e+12
"CN","China",2002,1.45e+12
"CN","China",2003,1.64e+12
"CN","China",2004,1.93e+12
"CN","China",2005,2.26e+12
"CN","China",2006,2.71e+12
"CN","China",2007,3.49e+12
"CN","China",2008,4.52e+12
"CN","China",2009,4.99e+12
"CN","China",2010,5.93e+12
"CN","China",2011,7.32e+12
"CN","China",2012,8.23e+12
"CN","China",2013,9.24e+12
"CO","Colombia",2000,99886577576
"CO","Colombia",2001,98203544965
"CO","Colombia",2002,97933392356
"CO","Colombia",2003,94684582573
"CO","Colombia",2004,1.17e+11
"CO","Colombia",2005,1.47e+11
"CO","Colombia",2006,1.63e+11
"CO","Colombia",2007,2.08e+11
"CO","Colombia",2008,2.44e+11
"CO","Colombia",2009,2.34e+11
"CO","Colombia",2010,2.87e+11
"CO","Colombia",2011,3.35e+11
"CO","Colombia",2012,3.7e+11
"CO","Colombia",2013,3.78e+11
"KM","Comoros",2000,201899883.6
"KM","Comoros",2001,220093828.3
"KM","Comoros",2002,246737670.8
"KM","Comoros",2003,317562300.8
"KM","Comoros",2004,368143111
"KM","Comoros",2005,380372884.8
"KM","Comoros",2006,406111892.7
"KM","Comoros",2007,462453622
"KM","Comoros",2008,517477659.5
"KM","Comoros",2009,514788085.2
"KM","Comoros",2010,516962949.5
"KM","Comoros",2011,566024675.9
"KM","Comoros",2012,550476499.2
"KM","Comoros",2013,598925863
"CG","Congo",2000,3219910666
"CG","Congo",2001,2794259756
"CG","Congo",2002,3019993723
"CG","Congo",2003,3495868725
"CG","Congo",2004,4648628839
"CG","Congo",2005,6087002682
"CG","Congo",2006,7731261169
"CG","Congo",2007,8394688589
"CG","Congo",2008,11859015181
"CG","Congo",2009,9593536719
"CG","Congo",2010,12007880067
"CG","Congo",2011,14425606793
"CG","Congo",2012,13677929162
"CG","Congo",2013,14085852120
"CR","Costa Rica",2000,15946443103
"CR","Costa Rica",2001,16403602943
"CR","Costa Rica",2002,16844378578
"CR","Costa Rica",2003,17517536016
"CR","Costa Rica",2004,18596365927
"CR","Costa Rica",2005,19964893807
"CR","Costa Rica",2006,22526464409
"CR","Costa Rica",2007,26321999607
"CR","Costa Rica",2008,29831167681
"CR","Costa Rica",2009,29382692643
"CR","Costa Rica",2010,36298327670
"CR","Costa Rica",2011,41237296807
"CR","Costa Rica",2012,45374788701
"CR","Costa Rica",2013,49621089476
"HR","Croatia",2000,21774273832
"HR","Croatia",2001,23289671102
"HR","Croatia",2002,26878499206
"HR","Croatia",2003,34658113497
"HR","Croatia",2004,41574530816
"HR","Croatia",2005,45416358502
"HR","Croatia",2006,50436294495
"HR","Croatia",2007,60065225494
"HR","Croatia",2008,70461454280
"HR","Croatia",2009,62636688809
"HR","Croatia",2010,59643818182
"HR","Croatia",2011,62241414803
"HR","Croatia",2012,56479515972
"HR","Croatia",2013,57868674298
"CU","Cuba",2000,30565200000
"CU","Cuba",2001,31683300000
"CU","Cuba",2002,33590400000
"CU","Cuba",2003,35901500000
"CU","Cuba",2004,38202800000
"CU","Cuba",2005,42644200000
"CU","Cuba",2006,52742100000
"CU","Cuba",2007,58603500000
"CU","Cuba",2008,60806200000
"CU","Cuba",2009,62078610000
"CU","Cuba",2010,64328220000
"CU","Cuba",2011,68233900000
"CU","Cuba",2012,
"CU","Cuba",2013,
"CW","Curaçao",2000,
"CW","Curaçao",2001,
"CW","Curaçao",2002,
"CW","Curaçao",2003,
"CW","Curaçao",2004,
"CW","Curaçao",2005,
"CW","Curaçao",2006,
"CW","Curaçao",2007,
"CW","Curaçao",2008,
"CW","Curaçao",2009,
"CW","Curaçao",2010,
"CW","Curaçao",2011,
"CW","Curaçao",2012,
"CW","Curaçao",2013,
"CY","Cyprus",2000,9314937556
"CY","Cyprus",2001,9679304971
"CY","Cyprus",2002,10557366162
"CY","Cyprus",2003,13319544758
"CY","Cyprus",2004,15816972051
"CY","Cyprus",2005,16997801392
"CY","Cyprus",2006,18435765910
"CY","Cyprus",2007,21841815681
"CY","Cyprus",2008,25321517504
"CY","Cyprus",2009,23542650736
"CY","Cyprus",2010,23132450331
"CY","Cyprus",2011,24851264943
"CY","Cyprus",2012,22766912960
"CY","Cyprus",2013,21911444503
"CZ","Czech Republic",2000,61474265135
"CZ","Czech Republic",2001,67375682473
"CZ","Czech Republic",2002,81696693249
"CZ","Czech Republic",2003,99300329682
"CZ","Czech Republic",2004,1.19e+11
"CZ","Czech Republic",2005,1.36e+11
"CZ","Czech Republic",2006,1.55e+11
"CZ","Czech Republic",2007,1.89e+11
"CZ","Czech Republic",2008,2.35e+11
"CZ","Czech Republic",2009,2.06e+11
"CZ","Czech Republic",2010,2.07e+11
"CZ","Czech Republic",2011,2.27e+11
"CZ","Czech Republic",2012,2.07e+11
"CZ","Czech Republic",2013,2.09e+11
"DK","Denmark",2000,1.64e+11
"DK","Denmark",2001,1.65e+11
"DK","Denmark",2002,1.79e+11
"DK","Denmark",2003,2.18e+11
"DK","Denmark",2004,2.51e+11
"DK","Denmark",2005,2.65e+11
"DK","Denmark",2006,2.83e+11
"DK","Denmark",2007,3.2e+11
"DK","Denmark",2008,3.53e+11
"DK","Denmark",2009,3.2e+11
"DK","Denmark",2010,3.2e+11
"DK","Denmark",2011,3.41e+11
"DK","Denmark",2012,3.22e+11
"DK","Denmark",2013,3.36e+11
"DJ","Djibouti",2000,551230861.9
"DJ","Djibouti",2001,572417440.8
"DJ","Djibouti",2002,591122039.6
"DJ","Djibouti",2003,622044665.5
"DJ","Djibouti",2004,666072101.8
"DJ","Djibouti",2005,708633194.7
"DJ","Djibouti",2006,768873684
"DJ","Djibouti",2007,847918929.1
"DJ","Djibouti",2008,999105339.3
"DJ","Djibouti",2009,1198997305
"DJ","Djibouti",2010,1128611700
"DJ","Djibouti",2011,1239144502
"DJ","Djibouti",2012,1353632942
"DJ","Djibouti",2013,1456344495
"DM","Dominica",2000,335845808.9
"DM","Dominica",2001,343119364.3
"DM","Dominica",2002,337695734.8
"DM","Dominica",2003,350091216
"DM","Dominica",2004,374771474.9
"DM","Dominica",2005,370370370.4
"DM","Dominica",2006,397777777.8
"DM","Dominica",2007,428888888.9
"DM","Dominica",2008,468888888.9
"DM","Dominica",2009,498888888.9
"DM","Dominica",2010,492962963
"DM","Dominica",2011,508518518.5
"DM","Dominica",2012,514814814.8
"DM","Dominica",2013,516666666.7
"DO","Dominican Republic",2000,23996656676
"DO","Dominican Republic",2001,24894907435
"DO","Dominican Republic",2002,26570402719
"DO","Dominican Republic",2003,21268012747
"DO","Dominican Republic",2004,22163928097
"DO","Dominican Republic",2005,33969724872
"DO","Dominican Republic",2006,35965041793
"DO","Dominican Republic",2007,44078280922
"DO","Dominican Republic",2008,48143840500
"DO","Dominican Republic",2009,47889008135
"DO","Dominican Republic",2010,53042943731
"DO","Dominican Republic",2011,58145330250
"DO","Dominican Republic",2012,60331668443
"DO","Dominican Republic",2013,61163676805
"CD","DRC",2000,19088046306
"CD","DRC",2001,7438044091
"CD","DRC",2002,8728038480
"CD","DRC",2003,8937556125
"CD","DRC",2004,10297481446
"CD","DRC",2005,11964484458
"CD","DRC",2006,14296505933
"CD","DRC",2007,16364027647
"CD","DRC",2008,19206015305
"CD","DRC",2009,18262675199
"CD","DRC",2010,21561941369
"CD","DRC",2011,25835398967
"CD","DRC",2012,29306222816
"CD","DRC",2013,32690896873
"EC","Ecuador",2000,18327386416
"EC","Ecuador",2001,24468324000
"EC","Ecuador",2002,28548945000
"EC","Ecuador",2003,32432859000
"EC","Ecuador",2004,36591661000
"EC","Ecuador",2005,41507085000
"EC","Ecuador",2006,46802044000
"EC","Ecuador",2007,51007777000
"EC","Ecuador",2008,61762635000
"EC","Ecuador",2009,62519686000
"EC","Ecuador",2010,69555367000
"EC","Ecuador",2011,79276664000
"EC","Ecuador",2012,87623411000
"EC","Ecuador",2013,94472679000
"EG","Egypt",2000,99838540997
"EG","Egypt",2001,97632008051
"EG","Egypt",2002,87850680579
"EG","Egypt",2003,82923680613
"EG","Egypt",2004,78845185716
"EG","Egypt",2005,89685724897
"EG","Egypt",2006,1.07e+11
"EG","Egypt",2007,1.3e+11
"EG","Egypt",2008,1.63e+11
"EG","Egypt",2009,1.89e+11
"EG","Egypt",2010,2.19e+11
"EG","Egypt",2011,2.36e+11
"EG","Egypt",2012,2.63e+11
"EG","Egypt",2013,2.72e+11
"SV","El Salvador",2000,13134100000
"SV","El Salvador",2001,13812700000
"SV","El Salvador",2002,14306700000
"SV","El Salvador",2003,15046700000
"SV","El Salvador",2004,15798300000
"SV","El Salvador",2005,17093800000
"SV","El Salvador",2006,18550700000
"SV","El Salvador",2007,20104900000
"SV","El Salvador",2008,2.1431e+10
"SV","El Salvador",2009,2.0661e+10
"SV","El Salvador",2010,21418300000
"SV","El Salvador",2011,2.3139e+10
"SV","El Salvador",2012,23813600000
"SV","El Salvador",2013,24259100000
"GQ","Equatorial Guinea",2000,1045998534
"GQ","Equatorial Guinea",2001,1461139008
"GQ","Equatorial Guinea",2002,1806742733
"GQ","Equatorial Guinea",2003,2484745876
"GQ","Equatorial Guinea",2004,4410764261
"GQ","Equatorial Guinea",2005,8217368425
"GQ","Equatorial Guinea",2006,8081982438
"GQ","Equatorial Guinea",2007,10201201022
"GQ","Equatorial Guinea",2008,15439740345
"GQ","Equatorial Guinea",2009,9364826470
"GQ","Equatorial Guinea",2010,11582917790
"GQ","Equatorial Guinea",2011,15725711943
"GQ","Equatorial Guinea",2012,16496531233
"GQ","Equatorial Guinea",2013,15580563836
"ER","Eritrea",2000,706370812.3
"ER","Eritrea",2001,752368494.5
"ER","Eritrea",2002,729321364.1
"ER","Eritrea",2003,870247701.7
"ER","Eritrea",2004,1109054002
"ER","Eritrea",2005,1098425900
"ER","Eritrea",2006,1211161880
"ER","Eritrea",2007,1317974493
"ER","Eritrea",2008,1380188800
"ER","Eritrea",2009,1856695550
"ER","Eritrea",2010,2117039511
"ER","Eritrea",2011,2607739837
"ER","Eritrea",2012,3091967480
"ER","Eritrea",2013,3444097561
"EE","Estonia",2000,5685561596
"EE","Estonia",2001,6233506401
"EE","Estonia",2002,7308608835
"EE","Estonia",2003,9822143180
"EE","Estonia",2004,12057639752
"EE","Estonia",2005,14003096553
"EE","Estonia",2006,16958044846
"EE","Estonia",2007,22228670168
"EE","Estonia",2008,24185794095
"EE","Estonia",2009,19640620154
"EE","Estonia",2010,19479012423
"EE","Estonia",2011,22803433933
"EE","Estonia",2012,22660754204
"EE","Estonia",2013,24880264958
"ET","Ethiopia",2000,8242349955
"ET","Ethiopia",2001,8231251886
"ET","Ethiopia",2002,7850789593
"ET","Ethiopia",2003,8623669993
"ET","Ethiopia",2004,10131098642
"ET","Ethiopia",2005,12401031522
"ET","Ethiopia",2006,15280701944
"ET","Ethiopia",2007,19707616773
"ET","Ethiopia",2008,27066912635
"ET","Ethiopia",2009,32437389116
"ET","Ethiopia",2010,29933790334
"ET","Ethiopia",2011,31952763089
"ET","Ethiopia",2012,43310721414
"ET","Ethiopia",2013,47525186490
"FO","Faroe Islands",2000,1062339944
"FO","Faroe Islands",2001,1154899793
"FO","Faroe Islands",2002,1268445919
"FO","Faroe Islands",2003,1486861879
"FO","Faroe Islands",2004,1683997930
"FO","Faroe Islands",2005,1730894295
"FO","Faroe Islands",2006,1970135199
"FO","Faroe Islands",2007,2278229880
"FO","Faroe Islands",2008,2412859693
"FO","Faroe Islands",2009,2198138372
"FO","Faroe Islands",2010,
"FO","Faroe Islands",2011,
"FO","Faroe Islands",2012,
"FO","Faroe Islands",2013,
"FJ","Fiji",2000,1684109743
"FJ","Fiji",2001,1660102346
"FJ","Fiji",2002,1842691481
"FJ","Fiji",2003,2315935753
"FJ","Fiji",2004,2727507213
"FJ","Fiji",2005,3006725015
"FJ","Fiji",2006,3103099942
"FJ","Fiji",2007,3405050612
"FJ","Fiji",2008,3523185920
"FJ","Fiji",2009,2870624636
"FJ","Fiji",2010,3140508836
"FJ","Fiji",2011,3646423266
"FJ","Fiji",2012,3849824013
"FJ","Fiji",2013,3855017107
"FI","Finland",2000,1.26e+11
"FI","Finland",2001,1.29e+11
"FI","Finland",2002,1.4e+11
"FI","Finland",2003,1.71e+11
"FI","Finland",2004,1.97e+11
"FI","Finland",2005,2.04e+11
"FI","Finland",2006,2.17e+11
"FI","Finland",2007,2.55e+11
"FI","Finland",2008,2.84e+11
"FI","Finland",2009,2.51e+11
"FI","Finland",2010,2.48e+11
"FI","Finland",2011,2.74e+11
"FI","Finland",2012,2.56e+11
"FI","Finland",2013,2.67e+11
"FR","France",2000,1.37e+12
"FR","France",2001,1.38e+12
"FR","France",2002,1.5e+12
"FR","France",2003,1.85e+12
"FR","France",2004,2.12e+12
"FR","France",2005,2.2e+12
"FR","France",2006,2.32e+12
"FR","France",2007,2.66e+12
"FR","France",2008,2.92e+12
"FR","France",2009,2.69e+12
"FR","France",2010,2.65e+12
"FR","France",2011,2.86e+12
"FR","France",2012,2.69e+12
"FR","France",2013,2.81e+12
"PF","French Polynesia",2000,3447543138
"PF","French Polynesia",2001,
"PF","French Polynesia",2002,
"PF","French Polynesia",2003,
"PF","French Polynesia",2004,
"PF","French Polynesia",2005,
"PF","French Polynesia",2006,
"PF","French Polynesia",2007,
"PF","French Polynesia",2008,
"PF","French Polynesia",2009,
"PF","French Polynesia",2010,
"PF","French Polynesia",2011,
"PF","French Polynesia",2012,
"PF","French Polynesia",2013,
"GA","Gabon",2000,5067865503
"GA","Gabon",2001,4712849280
"GA","Gabon",2002,4931503836
"GA","Gabon",2003,6054883172
"GA","Gabon",2004,7178135606
"GA","Gabon",2005,8665736618
"GA","Gabon",2006,9545982814
"GA","Gabon",2007,11570860872
"GA","Gabon",2008,15685389827
"GA","Gabon",2009,12031268402
"GA","Gabon",2010,14569527125
"GA","Gabon",2011,18796191833
"GA","Gabon",2012,17843815459
"GA","Gabon",2013,19343506599
"GM","Gambia",2000,782913866
"GM","Gambia",2001,687410630.5
"GM","Gambia",2002,578235309.3
"GM","Gambia",2003,487038679.4
"GM","Gambia",2004,578785600
"GM","Gambia",2005,624173995.6
"GM","Gambia",2006,655068112.4
"GM","Gambia",2007,798869803.5
"GM","Gambia",2008,965771304.1
"GM","Gambia",2009,900641059.3
"GM","Gambia",2010,951827284.9
"GM","Gambia",2011,904256027.7
"GM","Gambia",2012,912427787.4
"GM","Gambia",2013,903497025.7
"GE","Georgia",2000,3057453476
"GE","Georgia",2001,3219487818
"GE","Georgia",2002,3395778680
"GE","Georgia",2003,3991374549
"GE","Georgia",2004,5125273872
"GE","Georgia",2005,6411147328
"GE","Georgia",2006,7761900166
"GE","Georgia",2007,10172260745
"GE","Georgia",2008,12799337248
"GE","Georgia",2009,10766836277
"GE","Georgia",2010,11638536834
"GE","Georgia",2011,14434619982
"GE","Georgia",2012,15846474596
"GE","Georgia",2013,16140047012
"DE","Germany",2000,1.95e+12
"DE","Germany",2001,1.95e+12
"DE","Germany",2002,2.08e+12
"DE","Germany",2003,2.5e+12
"DE","Germany",2004,2.82e+12
"DE","Germany",2005,2.86e+12
"DE","Germany",2006,3e+12
"DE","Germany",2007,3.44e+12
"DE","Germany",2008,3.75e+12
"DE","Germany",2009,3.41e+12
"DE","Germany",2010,3.41e+12
"DE","Germany",2011,3.75e+12
"DE","Germany",2012,3.53e+12
"DE","Germany",2013,3.73e+12
"GH","Ghana",2000,4982849054
"GH","Ghana",2001,5314871684
"GH","Ghana",2002,6166197192
"GH","Ghana",2003,7632720680
"GH","Ghana",2004,8881419348
"GH","Ghana",2005,10731883141
"GH","Ghana",2006,20410331626
"GH","Ghana",2007,24757553102
"GH","Ghana",2008,28528014621
"GH","Ghana",2009,25978508376
"GH","Ghana",2010,32174839713
"GH","Ghana",2011,39564771637
"GH","Ghana",2012,41740926505
"GH","Ghana",2013,48137027487
"GR","Greece",2000,1.31e+11
"GR","Greece",2001,1.36e+11
"GR","Greece",2002,1.53e+11
"GR","Greece",2003,2.02e+11
"GR","Greece",2004,2.4e+11
"GR","Greece",2005,2.48e+11
"GR","Greece",2006,2.73e+11
"GR","Greece",2007,3.19e+11
"GR","Greece",2008,3.55e+11
"GR","Greece",2009,3.3e+11
"GR","Greece",2010,3e+11
"GR","Greece",2011,2.89e+11
"GR","Greece",2012,2.5e+11
"GR","Greece",2013,2.42e+11
"GL","Greenland",2000,1068024994
"GL","Greenland",2001,1086170639
"GL","Greenland",2002,1169136691
"GL","Greenland",2003,1426452030
"GL","Greenland",2004,1644951892
"GL","Greenland",2005,1702543477
"GL","Greenland",2006,1738432116
"GL","Greenland",2007,2121759848
"GL","Greenland",2008,1739579594
"GL","Greenland",2009,1267711816
"GL","Greenland",2010,
"GL","Greenland",2011,
"GL","Greenland",2012,
"GL","Greenland",2013,
"GD","Grenada",2000,520044361.2
"GD","Grenada",2001,520444176
"GD","Grenada",2002,540336916.4
"GD","Grenada",2003,591018397
"GD","Grenada",2004,599118582
"GD","Grenada",2005,695370284
"GD","Grenada",2006,698700654.3
"GD","Grenada",2007,758683579.2
"GD","Grenada",2008,825977874.3
"GD","Grenada",2009,771278097.5
"GD","Grenada",2010,771015875.3
"GD","Grenada",2011,778648652.9
"GD","Grenada",2012,799882134
"GD","Grenada",2013,835581688.9
"GU","Guam",2000,
"GU","Guam",2001,
"GU","Guam",2002,
"GU","Guam",2003,
"GU","Guam",2004,
"GU","Guam",2005,
"GU","Guam",2006,
"GU","Guam",2007,
"GU","Guam",2008,
"GU","Guam",2009,
"GU","Guam",2010,
"GU","Guam",2011,
"GU","Guam",2012,
"GU","Guam",2013,
"GT","Guatemala",2000,19290566570
"GT","Guatemala",2001,18702820735
"GT","Guatemala",2002,20776536920
"GT","Guatemala",2003,21917565500
"GT","Guatemala",2004,23965280312
"GT","Guatemala",2005,27211243473
"GT","Guatemala",2006,30231117390
"GT","Guatemala",2007,34113093454
"GT","Guatemala",2008,39136507937
"GT","Guatemala",2009,37733655166
"GT","Guatemala",2010,41337958252
"GT","Guatemala",2011,47654841113
"GT","Guatemala",2012,50388454861
"GT","Guatemala",2013,53796709475
"GN","Guinea",2000,2995360969
"GN","Guinea",2001,2833442750
"GN","Guinea",2002,2949637039
"GN","Guinea",2003,3446442219
"GN","Guinea",2004,3666349049
"GN","Guinea",2005,2937072009
"GN","Guinea",2006,2821346684
"GN","Guinea",2007,4134173271
"GN","Guinea",2008,4515824643
"GN","Guinea",2009,4609923720
"GN","Guinea",2010,4735956476
"GN","Guinea",2011,5067360041
"GN","Guinea",2012,5651088170
"GN","Guinea",2013,6144131903
"GW","Guinea-Bissau",2000,370173851.9
"GW","Guinea-Bissau",2001,392278164.4
"GW","Guinea-Bissau",2002,415843479.8
"GW","Guinea-Bissau",2003,476388249.3
"GW","Guinea-Bissau",2004,531109346.8
"GW","Guinea-Bissau",2005,586791836.1
"GW","Guinea-Bissau",2006,591829897.5
"GW","Guinea-Bissau",2007,695606313.9
"GW","Guinea-Bissau",2008,864107768.3
"GW","Guinea-Bissau",2009,825796952.7
"GW","Guinea-Bissau",2010,847491366.9
"GW","Guinea-Bissau",2011,1103652041
"GW","Guinea-Bissau",2012,958857944.2
"GW","Guinea-Bissau",2013,960778479.5
"GY","Guyana",2000,712667925.3
"GY","Guyana",2001,696281468.8
"GY","Guyana",2002,722460911.8
"GY","Guyana",2003,741929342.8
"GY","Guyana",2004,785918769.6
"GY","Guyana",2005,824880550.3
"GY","Guyana",2006,1458449058
"GY","Guyana",2007,1740334782
"GY","Guyana",2008,1922598121
"GY","Guyana",2009,2025565089
"GY","Guyana",2010,2259288396
"GY","Guyana",2011,2576602497
"GY","Guyana",2012,2851154076
"GY","Guyana",2013,2990128821
"HT","Haiti",2000,3664503846
"HT","Haiti",2001,3507981946
"HT","Haiti",2002,3214632479
"HT","Haiti",2003,2826481072
"HT","Haiti",2004,3660483886
"HT","Haiti",2005,4154289832
"HT","Haiti",2006,4879738636
"HT","Haiti",2007,5885325590
"HT","Haiti",2008,6548530572
"HT","Haiti",2009,6584649419
"HT","Haiti",2010,6622541529
"HT","Haiti",2011,7516834160
"HT","Haiti",2012,7890216508
"HT","Haiti",2013,8459326660
"HN","Honduras",2000,7105529647
"HN","Honduras",2001,7566517572
"HN","Honduras",2002,7776459964
"HN","Honduras",2003,8140294080
"HN","Honduras",2004,8772197585
"HN","Honduras",2005,9672006169
"HN","Honduras",2006,10841723354
"HN","Honduras",2007,12275491273
"HN","Honduras",2008,13789720387
"HN","Honduras",2009,14587485644
"HN","Honduras",2010,15839344592
"HN","Honduras",2011,17710325578
"HN","Honduras",2012,18564264545
"HN","Honduras",2013,18550026035
"HK","Hong Kong",2000,1.72e+11
"HK","Hong Kong",2001,1.69e+11
"HK","Hong Kong",2002,1.66e+11
"HK","Hong Kong",2003,1.61e+11
"HK","Hong Kong",2004,1.69e+11
"HK","Hong Kong",2005,1.82e+11
"HK","Hong Kong",2006,1.94e+11
"HK","Hong Kong",2007,2.12e+11
"HK","Hong Kong",2008,2.19e+11
"HK","Hong Kong",2009,2.14e+11
"HK","Hong Kong",2010,2.29e+11
"HK","Hong Kong",2011,2.49e+11
"HK","Hong Kong",2012,2.63e+11
"HK","Hong Kong",2013,2.74e+11
"HU","Hungary",2000,47110416254
"HU","Hungary",2001,53533393255
"HU","Hungary",2002,67366285759
"HU","Hungary",2003,84738408726
"HU","Hungary",2004,1.03e+11
"HU","Hungary",2005,1.12e+11
"HU","Hungary",2006,1.14e+11
"HU","Hungary",2007,1.39e+11
"HU","Hungary",2008,1.57e+11
"HU","Hungary",2009,1.29e+11
"HU","Hungary",2010,1.3e+11
"HU","Hungary",2011,1.39e+11
"HU","Hungary",2012,1.27e+11
"HU","Hungary",2013,1.33e+11
"IS","Iceland",2000,8947860486
"IS","Iceland",2001,8147162010
"IS","Iceland",2002,9184959476
"IS","Iceland",2003,11324394791
"IS","Iceland",2004,13736980298
"IS","Iceland",2005,16798507502
"IS","Iceland",2006,17101040182
"IS","Iceland",2007,21446741082
"IS","Iceland",2008,17599245766
"IS","Iceland",2009,12823849535
"IS","Iceland",2010,13261035517
"IS","Iceland",2011,14665793477
"IS","Iceland",2012,14182614909
"IS","Iceland",2013,15330057867
"IN","India",2000,4.77e+11
"IN","India",2001,4.94e+11
"IN","India",2002,5.24e+11
"IN","India",2003,6.18e+11
"IN","India",2004,7.22e+11
"IN","India",2005,8.34e+11
"IN","India",2006,9.49e+11
"IN","India",2007,1.24e+12
"IN","India",2008,1.22e+12
"IN","India",2009,1.37e+12
"IN","India",2010,1.71e+12
"IN","India",2011,1.88e+12
"IN","India",2012,1.86e+12
"IN","India",2013,1.88e+12
"ID","Indonesia",2000,1.65e+11
"ID","Indonesia",2001,1.6e+11
"ID","Indonesia",2002,1.96e+11
"ID","Indonesia",2003,2.35e+11
"ID","Indonesia",2004,2.57e+11
"ID","Indonesia",2005,2.86e+11
"ID","Indonesia",2006,3.65e+11
"ID","Indonesia",2007,4.32e+11
"ID","Indonesia",2008,5.1e+11
"ID","Indonesia",2009,5.4e+11
"ID","Indonesia",2010,7.09e+11
"ID","Indonesia",2011,8.46e+11
"ID","Indonesia",2012,8.77e+11
"ID","Indonesia",2013,8.68e+11
"IR","Iran",2000,1.01e+11
"IR","Iran",2001,1.15e+11
"IR","Iran",2002,1.16e+11
"IR","Iran",2003,1.35e+11
"IR","Iran",2004,1.63e+11
"IR","Iran",2005,1.92e+11
"IR","Iran",2006,2.23e+11
"IR","Iran",2007,2.86e+11
"IR","Iran",2008,3.56e+11
"IR","Iran",2009,3.63e+11
"IR","Iran",2010,4.23e+11
"IR","Iran",2011,5.28e+11
"IR","Iran",2012,5.03e+11
"IR","Iran",2013,3.69e+11
"IQ","Iraq",2000,
"IQ","Iraq",2001,
"IQ","Iraq",2002,
"IQ","Iraq",2003,
"IQ","Iraq",2004,36627901762
"IQ","Iraq",2005,49954890353
"IQ","Iraq",2006,65141035028
"IQ","Iraq",2007,88837727881
"IQ","Iraq",2008,1.32e+11
"IQ","Iraq",2009,1.12e+11
"IQ","Iraq",2010,1.39e+11
"IQ","Iraq",2011,1.86e+11
"IQ","Iraq",2012,2.16e+11
"IQ","Iraq",2013,2.29e+11
"IE","Ireland",2000,99317573706
"IE","Ireland",2001,1.08e+11
"IE","Ireland",2002,1.27e+11
"IE","Ireland",2003,1.63e+11
"IE","Ireland",2004,1.93e+11
"IE","Ireland",2005,2.1e+11
"IE","Ireland",2006,2.31e+11
"IE","Ireland",2007,2.69e+11
"IE","Ireland",2008,2.74e+11
"IE","Ireland",2009,2.34e+11
"IE","Ireland",2010,2.18e+11
"IE","Ireland",2011,2.38e+11
"IE","Ireland",2012,2.22e+11
"IE","Ireland",2013,2.32e+11
"IL","Israel",2000,1.31e+11
"IL","Israel",2001,1.3e+11
"IL","Israel",2002,1.2e+11
"IL","Israel",2003,1.25e+11
"IL","Israel",2004,1.34e+11
"IL","Israel",2005,1.41e+11
"IL","Israel",2006,1.52e+11
"IL","Israel",2007,1.77e+11
"IL","Israel",2008,2.14e+11
"IL","Israel",2009,2.06e+11
"IL","Israel",2010,2.33e+11
"IL","Israel",2011,2.58e+11
"IL","Israel",2012,2.57e+11
"IL","Israel",2013,2.91e+11
"IT","Italy",2000,1.14e+12
"IT","Italy",2001,1.16e+12
"IT","Italy",2002,1.27e+12
"IT","Italy",2003,1.57e+12
"IT","Italy",2004,1.8e+12
"IT","Italy",2005,1.85e+12
"IT","Italy",2006,1.94e+12
"IT","Italy",2007,2.2e+12
"IT","Italy",2008,2.39e+12
"IT","Italy",2009,2.19e+12
"IT","Italy",2010,2.13e+12
"IT","Italy",2011,2.28e+12
"IT","Italy",2012,2.09e+12
"IT","Italy",2013,2.15e+12
"JM","Jamaica",2000,9008629729
"JM","Jamaica",2001,9104515930
"JM","Jamaica",2002,9718989517
"JM","Jamaica",2003,9430236065
"JM","Jamaica",2004,10173234921
"JM","Jamaica",2005,11075778481
"JM","Jamaica",2006,11903020644
"JM","Jamaica",2007,12820055025
"JM","Jamaica",2008,13676837630
"JM","Jamaica",2009,12125023181
"JM","Jamaica",2010,13230844040
"JM","Jamaica",2011,14433926129
"JM","Jamaica",2012,14794802081
"JM","Jamaica",2013,14362262585
"JP","Japan",2000,4.73e+12
"JP","Japan",2001,4.16e+12
"JP","Japan",2002,3.98e+12
"JP","Japan",2003,4.3e+12
"JP","Japan",2004,4.66e+12
"JP","Japan",2005,4.57e+12
"JP","Japan",2006,4.36e+12
"JP","Japan",2007,4.36e+12
"JP","Japan",2008,4.85e+12
"JP","Japan",2009,5.04e+12
"JP","Japan",2010,5.5e+12
"JP","Japan",2011,5.91e+12
"JP","Japan",2012,5.95e+12
"JP","Japan",2013,4.92e+12
"JO","Jordan",2000,8457923945
"JO","Jordan",2001,8972965061
"JO","Jordan",2002,9580161951
"JO","Jordan",2003,10193023726
"JO","Jordan",2004,11407566660
"JO","Jordan",2005,12588665456
"JO","Jordan",2006,15056937136
"JO","Jordan",2007,17110609939
"JO","Jordan",2008,21971835283
"JO","Jordan",2009,23818322958
"JO","Jordan",2010,26425379437
"JO","Jordan",2011,28840263380
"JO","Jordan",2012,31015239545
"JO","Jordan",2013,33678500148
"KZ","Kazakhstan",2000,18291990619
"KZ","Kazakhstan",2001,22152689130
"KZ","Kazakhstan",2002,24636598581
"KZ","Kazakhstan",2003,30833692831
"KZ","Kazakhstan",2004,43151647003
"KZ","Kazakhstan",2005,57123671734
"KZ","Kazakhstan",2006,81003864916
"KZ","Kazakhstan",2007,1.05e+11
"KZ","Kazakhstan",2008,1.33e+11
"KZ","Kazakhstan",2009,1.15e+11
"KZ","Kazakhstan",2010,1.48e+11
"KZ","Kazakhstan",2011,1.88e+11
"KZ","Kazakhstan",2012,2.04e+11
"KZ","Kazakhstan",2013,2.32e+11
"KE","Kenya",2000,12705350153
"KE","Kenya",2001,12985991723
"KE","Kenya",2002,13147736954
"KE","Kenya",2003,14904504019
"KE","Kenya",2004,16095321631
"KE","Kenya",2005,18737895401
"KE","Kenya",2006,25825512278
"KE","Kenya",2007,31958177083
"KE","Kenya",2008,35895143045
"KE","Kenya",2009,37021506163
"KE","Kenya",2010,40000112728
"KE","Kenya",2011,41954956603
"KE","Kenya",2012,50334698278
"KE","Kenya",2013,55243056201
"KI","Kiribati",2000,67512714.52
"KI","Kiribati",2001,63101272.37
"KI","Kiribati",2002,72259045.96
"KI","Kiribati",2003,90148518.06
"KI","Kiribati",2004,102220914.8
"KI","Kiribati",2005,106147384.5
"KI","Kiribati",2006,104668674.7
"KI","Kiribati",2007,123005089.6
"KI","Kiribati",2008,135044455.6
"KI","Kiribati",2009,127125253.5
"KI","Kiribati",2010,150431113.6
"KI","Kiribati",2011,172253739
"KI","Kiribati",2012,174984468.8
"KI","Kiribati",2013,168951535
"XK","Kosovo",2000,1849196082
"XK","Kosovo",2001,2535333632
"XK","Kosovo",2002,2702427047
"XK","Kosovo",2003,3355083117
"XK","Kosovo",2004,3639935348
"XK","Kosovo",2005,3743116980
"XK","Kosovo",2006,3918184455
"XK","Kosovo",2007,4694507127
"XK","Kosovo",2008,5687488209
"XK","Kosovo",2009,5653860934
"XK","Kosovo",2010,5830320265
"XK","Kosovo",2011,6692502502
"XK","Kosovo",2012,6499938584
"XK","Kosovo",2013,7071959241
"KW","Kuwait",2000,37718011469
"KW","Kuwait",2001,34890773740
"KW","Kuwait",2002,38138801497
"KW","Kuwait",2003,47875837662
"KW","Kuwait",2004,59440511982
"KW","Kuwait",2005,80797945205
"KW","Kuwait",2006,1.02e+11
"KW","Kuwait",2007,1.15e+11
"KW","Kuwait",2008,1.47e+11
"KW","Kuwait",2009,1.06e+11
"KW","Kuwait",2010,1.15e+11
"KW","Kuwait",2011,1.54e+11
"KW","Kuwait",2012,1.74e+11
"KW","Kuwait",2013,1.76e+11
"KG","Kyrgyzstan",2000,1369691955
"KG","Kyrgyzstan",2001,1525113501
"KG","Kyrgyzstan",2002,1605640633
"KG","Kyrgyzstan",2003,1919012781
"KG","Kyrgyzstan",2004,2211535312
"KG","Kyrgyzstan",2005,2459876152
"KG","Kyrgyzstan",2006,2834168889
"KG","Kyrgyzstan",2007,3802566171
"KG","Kyrgyzstan",2008,5139957785
"KG","Kyrgyzstan",2009,4690062255
"KG","Kyrgyzstan",2010,4794357795
"KG","Kyrgyzstan",2011,6197766119
"KG","Kyrgyzstan",2012,6605139933
"KG","Kyrgyzstan",2013,7226303261
"LA","Lao",2000,1731198022
"LA","Lao",2001,1768619058
"LA","Lao",2002,1758176653
"LA","Lao",2003,2023324407
"LA","Lao",2004,2366398120
"LA","Lao",2005,2735550177
"LA","Lao",2006,3452895836
"LA","Lao",2007,4222945530
"LA","Lao",2008,5443930125
"LA","Lao",2009,5832882922
"LA","Lao",2010,7181441152
"LA","Lao",2011,8254088067
"LA","Lao",2012,9359185244
"LA","Lao",2013,11242526454
"LV","Latvia",2000,7833068425
"LV","Latvia",2001,8313047744
"LV","Latvia",2002,9314784080
"LV","Latvia",2003,11186452601
"LV","Latvia",2004,13761569545
"LV","Latvia",2005,16041840426
"LV","Latvia",2006,19935046397
"LV","Latvia",2007,28765687042
"LV","Latvia",2008,33669367720
"LV","Latvia",2009,25875781250
"LV","Latvia",2010,24009680460
"LV","Latvia",2011,28480338368
"LV","Latvia",2012,28372577697
"LV","Latvia",2013,30956691628
"LB","Lebanon",2000,17260364842
"LB","Lebanon",2001,17649751244
"LB","Lebanon",2002,19152238806
"LB","Lebanon",2003,20082918740
"LB","Lebanon",2004,20955223881
"LB","Lebanon",2005,21287562189
"LB","Lebanon",2006,21796351575
"LB","Lebanon",2007,24577114428
"LB","Lebanon",2008,28829850746
"LB","Lebanon",2009,35139635158
"LB","Lebanon",2010,38009950249
"LB","Lebanon",2011,40078938640
"LB","Lebanon",2012,43205095854
"LB","Lebanon",2013,44352418120
"LS","Lesotho",2000,771258553.7
"LS","Lesotho",2001,706393604.9
"LS","Lesotho",2002,656750018.2
"LS","Lesotho",2003,969160943.4
"LS","Lesotho",2004,1234197711
"LS","Lesotho",2005,1368346468
"LS","Lesotho",2006,1428842600
"LS","Lesotho",2007,1597484736
"LS","Lesotho",2008,1630667593
"LS","Lesotho",2009,1708772782
"LS","Lesotho",2010,2175685681
"LS","Lesotho",2011,2487352968
"LS","Lesotho",2012,2328196275
"LS","Lesotho",2013,2334989648
"LR","Liberia",2000,529064646.7
"LR","Liberia",2001,5.15e+08
"LR","Liberia",2002,5.36e+08
"LR","Liberia",2003,4.09e+08
"LR","Liberia",2004,4.67e+08
"LR","Liberia",2005,5.42e+08
"LR","Liberia",2006,604028581.8
"LR","Liberia",2007,739026892.2
"LR","Liberia",2008,850040458.8
"LR","Liberia",2009,1155146230
"LR","Liberia",2010,1292696476
"LR","Liberia",2011,1537753885
"LR","Liberia",2012,1733828405
"LR","Liberia",2013,1950960138
"LY","Libya",2000,33896600871
"LY","Libya",2001,28420321952
"LY","Libya",2002,19842519685
"LY","Libya",2003,24062500000
"LY","Libya",2004,33384615385
"LY","Libya",2005,4.4e+10
"LY","Libya",2006,56484375000
"LY","Libya",2007,71803278689
"LY","Libya",2008,93167701863
"LY","Libya",2009,62360446571
"LY","Libya",2010,74755288917
"LY","Libya",2011,34699395524
"LY","Libya",2012,81873662519
"LY","Libya",2013,74199528672
"LI","Liechtenstein",2000,2483890594
"LI","Liechtenstein",2001,2491800559
"LI","Liechtenstein",2002,2688617885
"LI","Liechtenstein",2003,3070803431
"LI","Liechtenstein",2004,3454374261
"LI","Liechtenstein",2005,3658356378
"LI","Liechtenstein",2006,3988775844
"LI","Liechtenstein",2007,4602346923
"LI","Liechtenstein",2008,4929414915
"LI","Liechtenstein",2009,4826167676
"LI","Liechtenstein",2010,
"LI","Liechtenstein",2011,
"LI","Liechtenstein",2012,
"LI","Liechtenstein",2013,
"LT","Lithuania",2000,11434200000
"LT","Lithuania",2001,12159225000
"LT","Lithuania",2002,14163949142
"LT","Lithuania",2003,18608709857
"LT","Lithuania",2004,22659294573
"LT","Lithuania",2005,26085307222
"LT","Lithuania",2006,30246361657
"LT","Lithuania",2007,39325985931
"LT","Lithuania",2008,47438363056
"LT","Lithuania",2009,37050081723
"LT","Lithuania",2010,36709511568
"LT","Lithuania",2011,43083067994
"LT","Lithuania",2012,42343559196
"LT","Lithuania",2013,45931968474
"LU","Luxembourg",2000,21303021927
"LU","Luxembourg",2001,20998210291
"LU","Luxembourg",2002,23285902503
"LU","Luxembourg",2003,29095033860
"LU","Luxembourg",2004,34209333656
"LU","Luxembourg",2005,37023578570
"LU","Luxembourg",2006,41779066643
"LU","Luxembourg",2007,49207986176
"LU","Luxembourg",2008,54963951912
"LU","Luxembourg",2009,50141325205
"LU","Luxembourg",2010,52143650383
"LU","Luxembourg",2011,58956127431
"LU","Luxembourg",2012,56292381076
"LU","Luxembourg",2013,60130847624
"MO","Macao",2000,6101794939
"MO","Macao",2001,6514271488
"MO","Macao",2002,7008026415
"MO","Macao",2003,7926373572
"MO","Macao",2004,10258324479
"MO","Macao",2005,11792570016
"MO","Macao",2006,14568709574
"MO","Macao",2007,18054684854
"MO","Macao",2008,20731022857
"MO","Macao",2009,21313263933
"MO","Macao",2010,28359706123
"MO","Macao",2011,36634742799
"MO","Macao",2012,42981497744
"MO","Macao",2013,51753094764
"MK","Macedonia",2000,3586883989
"MK","Macedonia",2001,3436961385
"MK","Macedonia",2002,3791306758
"MK","Macedonia",2003,4756221629
"MK","Macedonia",2004,5514253043
"MK","Macedonia",2005,5985809060
"MK","Macedonia",2006,6560546900
"MK","Macedonia",2007,8159825620
"MK","Macedonia",2008,9834034351
"MK","Macedonia",2009,9313573965
"MK","Macedonia",2010,9338674078
"MK","Macedonia",2011,10395222334
"MK","Macedonia",2012,9576482628
"MK","Macedonia",2013,10195404131
"MG","Madagascar",2000,3877673635
"MG","Madagascar",2001,4529575233
"MG","Madagascar",2002,4397254715
"MG","Madagascar",2003,5474030228
"MG","Madagascar",2004,4363934417
"MG","Madagascar",2005,5039292947
"MG","Madagascar",2006,5515884434
"MG","Madagascar",2007,7342923620
"MG","Madagascar",2008,9413002737
"MG","Madagascar",2009,8550363829
"MG","Madagascar",2010,8729936136
"MG","Madagascar",2011,9892702358
"MG","Madagascar",2012,9919780222
"MG","Madagascar",2013,10613494031
"MW","Malawi",2000,1743506287
"MW","Malawi",2001,1716502069
"MW","Malawi",2002,2665158943
"MW","Malawi",2003,2424656666
"MW","Malawi",2004,2625127098
"MW","Malawi",2005,2754995877
"MW","Malawi",2006,3116789658
"MW","Malawi",2007,3647817219
"MW","Malawi",2008,4276769712
"MW","Malawi",2009,5030639934
"MW","Malawi",2010,5398616985
"MW","Malawi",2011,5627898037
"MW","Malawi",2012,4240492849
"MW","Malawi",2013,3705386790
"MY","Malaysia",2000,93789473684
"MY","Malaysia",2001,92783947368
"MY","Malaysia",2002,1.01e+11
"MY","Malaysia",2003,1.1e+11
"MY","Malaysia",2004,1.25e+11
"MY","Malaysia",2005,1.44e+11
"MY","Malaysia",2006,1.63e+11
"MY","Malaysia",2007,1.94e+11
"MY","Malaysia",2008,2.31e+11
"MY","Malaysia",2009,2.02e+11
"MY","Malaysia",2010,2.48e+11
"MY","Malaysia",2011,2.9e+11
"MY","Malaysia",2012,3.05e+11
"MY","Malaysia",2013,3.13e+11
"MV","Maldives",2000,624337143.6
"MV","Maldives",2001,802442810.5
"MV","Maldives",2002,828240882.5
"MV","Maldives",2003,949867661.8
"MV","Maldives",2004,1075605492
"MV","Maldives",2005,992473987.3
"MV","Maldives",2006,1303375806
"MV","Maldives",2007,1541978559
"MV","Maldives",2008,1891633531
"MV","Maldives",2009,1984639641
"MV","Maldives",2010,2134104884
"MV","Maldives",2011,2162990126
"MV","Maldives",2012,2113179304
"MV","Maldives",2013,2299843167
"ML","Mali",2000,2422482318
"ML","Mali",2001,2629739067
"ML","Mali",2002,3342824260
"ML","Mali",2003,4362439887
"ML","Mali",2004,4874178417
"ML","Mali",2005,5305317555
"ML","Mali",2006,6122644015
"ML","Mali",2007,7145394015
"ML","Mali",2008,8737687353
"ML","Mali",2009,8964480570
"ML","Mali",2010,9422267260
"ML","Mali",2011,10647545670
"ML","Mali",2012,10340794110
"ML","Mali",2013,10942727310
"MT","Malta",2000,3957418083
"MT","Malta",2001,3917620728
"MT","Malta",2002,4296164768
"MT","Malta",2003,5119621569
"MT","Malta",2004,5643525282
"MT","Malta",2005,5980795756
"MT","Malta",2006,6390123590
"MT","Malta",2007,7513834700
"MT","Malta",2008,8554293727
"MT","Malta",2009,8099400961
"MT","Malta",2010,8163841060
"MT","Malta",2011,9302057270
"MT","Malta",2012,8863076923
"MT","Malta",2013,9642326075
"MH","Marshall Islands",2000,110937729.4
"MH","Marshall Islands",2001,115152142.7
"MH","Marshall Islands",2002,124735071.9
"MH","Marshall Islands",2003,126887585.5
"MH","Marshall Islands",2004,131106365.5
"MH","Marshall Islands",2005,137744500
"MH","Marshall Islands",2006,143615000
"MH","Marshall Islands",2007,150041700
"MH","Marshall Islands",2008,152785100
"MH","Marshall Islands",2009,152116100
"MH","Marshall Islands",2010,163917000
"MH","Marshall Islands",2011,172956700
"MH","Marshall Islands",2012,184358700
"MH","Marshall Islands",2013,190914600
"MR","Mauritania",2000,1081207527
"MR","Mauritania",2001,1121563745
"MR","Mauritania",2002,1149655599
"MR","Mauritania",2003,1285178266
"MR","Mauritania",2004,1496460379
"MR","Mauritania",2005,1857835410
"MR","Mauritania",2006,2699181755
"MR","Mauritania",2007,2837532539
"MR","Mauritania",2008,3585284290
"MR","Mauritania",2009,3027020112
"MR","Mauritania",2010,3526946757
"MR","Mauritania",2011,4136083148
"MR","Mauritania",2012,3958702640
"MR","Mauritania",2013,4158182904
"MU","Mauritius",2000,4582562398
"MU","Mauritius",2001,4536544699
"MU","Mauritius",2002,4767303153
"MU","Mauritius",2003,5609836354
"MU","Mauritius",2004,6385691315
"MU","Mauritius",2005,6283796155
"MU","Mauritius",2006,6731536244
"MU","Mauritius",2007,7792063567
"MU","Mauritius",2008,9641077098
"MU","Mauritius",2009,8834661043
"MU","Mauritius",2010,9718233911
"MU","Mauritius",2011,11252405860
"MU","Mauritius",2012,11442096506
"MU","Mauritius",2013,11929250814
"MX","Mexico",2000,6.84e+11
"MX","Mexico",2001,7.25e+11
"MX","Mexico",2002,7.42e+11
"MX","Mexico",2003,7.13e+11
"MX","Mexico",2004,7.7e+11
"MX","Mexico",2005,8.66e+11
"MX","Mexico",2006,9.67e+11
"MX","Mexico",2007,1.04e+12
"MX","Mexico",2008,1.1e+12
"MX","Mexico",2009,8.95e+11
"MX","Mexico",2010,1.05e+12
"MX","Mexico",2011,1.17e+12
"MX","Mexico",2012,1.19e+12
"MX","Mexico",2013,1.26e+12
"FM","Micronesia",2000,233226300
"FM","Micronesia",2001,240051900
"FM","Micronesia",2002,241543400
"FM","Micronesia",2003,244991000
"FM","Micronesia",2004,239563300
"FM","Micronesia",2005,249845600
"FM","Micronesia",2006,252991200
"FM","Micronesia",2007,255890800
"FM","Micronesia",2008,261339600
"FM","Micronesia",2009,277510900
"FM","Micronesia",2010,294117200
"FM","Micronesia",2011,310287500
"FM","Micronesia",2012,326161000
"FM","Micronesia",2013,316245700
"MD","Moldova",2000,1288420223
"MD","Moldova",2001,1480656884
"MD","Moldova",2002,1661818168
"MD","Moldova",2003,1980901554
"MD","Moldova",2004,2598231467
"MD","Moldova",2005,2988172424
"MD","Moldova",2006,3408454198
"MD","Moldova",2007,4402495921
"MD","Moldova",2008,6054806101
"MD","Moldova",2009,5439422031
"MD","Moldova",2010,5811604052
"MD","Moldova",2011,7016162818
"MD","Moldova",2012,7284686576
"MD","Moldova",2013,7969618966
"MC","Monaco",2000,2647883820
"MC","Monaco",2001,2671401083
"MC","Monaco",2002,2905973022
"MC","Monaco",2003,3588988601
"MC","Monaco",2004,4110348444
"MC","Monaco",2005,4280072626
"MC","Monaco",2006,4663488363
"MC","Monaco",2007,5974371696
"MC","Monaco",2008,6919241412
"MC","Monaco",2009,5557579883
"MC","Monaco",2010,5350993377
"MC","Monaco",2011,6074506533
"MC","Monaco",2012,
"MC","Monaco",2013,
"MN","Mongolia",2000,1136896162
"MN","Mongolia",2001,1267997923
"MN","Mongolia",2002,1396555772
"MN","Mongolia",2003,1595297301
"MN","Mongolia",2004,1992066759
"MN","Mongolia",2005,2523359941
"MN","Mongolia",2006,3414053251
"MN","Mongolia",2007,4234894168
"MN","Mongolia",2008,5623236708
"MN","Mongolia",2009,4583834427
"MN","Mongolia",2010,6200357070
"MN","Mongolia",2011,8761426371
"MN","Mongolia",2012,10321968595
"MN","Mongolia",2013,11516409581
"ME","Montenegro",2000,984279596.4
"ME","Montenegro",2001,1159891560
"ME","Montenegro",2002,1284504509
"ME","Montenegro",2003,1707662608
"ME","Montenegro",2004,2073255525
"ME","Montenegro",2005,2257174481
"ME","Montenegro",2006,2696020575
"ME","Montenegro",2007,3673382212
"ME","Montenegro",2008,4538345345
"ME","Montenegro",2009,4158135026
"ME","Montenegro",2010,4114881347
"ME","Montenegro",2011,4501753898
"ME","Montenegro",2012,4045813953
"ME","Montenegro",2013,4416083090
"MA","Morocco",2000,37020609825
"MA","Morocco",2001,37724674865
"MA","Morocco",2002,40416114690
"MA","Morocco",2003,49822651702
"MA","Morocco",2004,56948015336
"MA","Morocco",2005,59523857868
"MA","Morocco",2006,65637107776
"MA","Morocco",2007,75226318359
"MA","Morocco",2008,88882967742
"MA","Morocco",2009,90908402631
"MA","Morocco",2010,90770671432
"MA","Morocco",2011,99211339029
"MA","Morocco",2012,95903690326
"MA","Morocco",2013,1.04e+11
"MZ","Mozambique",2000,4310090791
"MZ","Mozambique",2001,4075049537
"MZ","Mozambique",2002,4201332885
"MZ","Mozambique",2003,4666197195
"MZ","Mozambique",2004,5697991242
"MZ","Mozambique",2005,6578515331
"MZ","Mozambique",2006,7095910827
"MZ","Mozambique",2007,9192939074
"MZ","Mozambique",2008,11026247458
"MZ","Mozambique",2009,10726631100
"MZ","Mozambique",2010,10165353591
"MZ","Mozambique",2011,13244880035
"MZ","Mozambique",2012,14952946846
"MZ","Mozambique",2013,15630302814
"MM","Myanmar",2000,
"MM","Myanmar",2001,
"MM","Myanmar",2002,
"MM","Myanmar",2003,
"MM","Myanmar",2004,
"MM","Myanmar",2005,
"MM","Myanmar",2006,
"MM","Myanmar",2007,
"MM","Myanmar",2008,
"MM","Myanmar",2009,
"MM","Myanmar",2010,
"MM","Myanmar",2011,
"MM","Myanmar",2012,
"MM","Myanmar",2013,
"NA","Namibia",2000,3908645560
"NA","Namibia",2001,3546791604
"NA","Namibia",2002,3361236317
"NA","Namibia",2003,4931280096
"NA","Namibia",2004,6606866457
"NA","Namibia",2005,7261301442
"NA","Namibia",2006,7978676470
"NA","Namibia",2007,8740923998
"NA","Namibia",2008,8486515516
"NA","Namibia",2009,8875960840
"NA","Namibia",2010,11281996426
"NA","Namibia",2011,12412389467
"NA","Namibia",2012,13037393423
"NA","Namibia",2013,13113069777
"NP","Nepal",2000,5494252208
"NP","Nepal",2001,6007061224
"NP","Nepal",2002,6050875807
"NP","Nepal",2003,6330476435
"NP","Nepal",2004,7273933993
"NP","Nepal",2005,8130258976
"NP","Nepal",2006,9043715356
"NP","Nepal",2007,10325618017
"NP","Nepal",2008,12545438605
"NP","Nepal",2009,12899651884
"NP","Nepal",2010,15994094607
"NP","Nepal",2011,18850351853
"NP","Nepal",2012,19206800719
"NP","Nepal",2013,19294348174
"NL","Netherlands",2000,4.13e+11
"NL","Netherlands",2001,4.26e+11
"NL","Netherlands",2002,4.64e+11
"NL","Netherlands",2003,5.71e+11
"NL","Netherlands",2004,6.46e+11
"NL","Netherlands",2005,6.72e+11
"NL","Netherlands",2006,7.19e+11
"NL","Netherlands",2007,8.33e+11
"NL","Netherlands",2008,9.31e+11
"NL","Netherlands",2009,8.58e+11
"NL","Netherlands",2010,8.36e+11
"NL","Netherlands",2011,8.94e+11
"NL","Netherlands",2012,8.23e+11
"NL","Netherlands",2013,8.54e+11
"NC","New Caledonia",2000,2682347064
"NC","New Caledonia",2001,
"NC","New Caledonia",2002,
"NC","New Caledonia",2003,
"NC","New Caledonia",2004,
"NC","New Caledonia",2005,
"NC","New Caledonia",2006,
"NC","New Caledonia",2007,
"NC","New Caledonia",2008,
"NC","New Caledonia",2009,
"NC","New Caledonia",2010,
"NC","New Caledonia",2011,
"NC","New Caledonia",2012,
"NC","New Caledonia",2013,
"NZ","New Zealand",2000,52011592676
"NZ","New Zealand",2001,53305709024
"NZ","New Zealand",2002,66020996599
"NZ","New Zealand",2003,87440454379
"NZ","New Zealand",2004,1.03e+11
"NZ","New Zealand",2005,1.14e+11
"NZ","New Zealand",2006,1.1e+11
"NZ","New Zealand",2007,1.35e+11
"NZ","New Zealand",2008,1.3e+11
"NZ","New Zealand",2009,1.19e+11
"NZ","New Zealand",2010,1.43e+11
"NZ","New Zealand",2011,1.64e+11
"NZ","New Zealand",2012,1.71e+11
"NZ","New Zealand",2013,1.86e+11
"NI","Nicaragua",2000,5107329007
"NI","Nicaragua",2001,5323146566
"NI","Nicaragua",2002,5224213018
"NI","Nicaragua",2003,5322437645
"NI","Nicaragua",2004,5795568205
"NI","Nicaragua",2005,6322582499
"NI","Nicaragua",2006,6786294616
"NI","Nicaragua",2007,7458103363
"NI","Nicaragua",2008,8491388728
"NI","Nicaragua",2009,8380731881
"NI","Nicaragua",2010,8938209651
"NI","Nicaragua",2011,9898576241
"NI","Nicaragua",2012,10644947615
"NI","Nicaragua",2013,11255608410
"NE","Niger",2000,1798374533
"NE","Niger",2001,1945327546
"NE","Niger",2002,2170481498
"NE","Niger",2003,2731416281
"NE","Niger",2004,3052898686
"NE","Niger",2005,3405134555
"NE","Niger",2006,3646727993
"NE","Niger",2007,4291363547
"NE","Niger",2008,5403364454
"NE","Niger",2009,5397121962
"NE","Niger",2010,5718589550
"NE","Niger",2011,6409169698
"NE","Niger",2012,6611341029
"NE","Niger",2013,7407418428
"NG","Nigeria",2000,46385996027
"NG","Nigeria",2001,44138014092
"NG","Nigeria",2002,59116868250
"NG","Nigeria",2003,67655840108
"NG","Nigeria",2004,87845403978
"NG","Nigeria",2005,1.12e+11
"NG","Nigeria",2006,1.45e+11
"NG","Nigeria",2007,1.66e+11
"NG","Nigeria",2008,2.08e+11
"NG","Nigeria",2009,1.69e+11
"NG","Nigeria",2010,3.69e+11
"NG","Nigeria",2011,4.12e+11
"NG","Nigeria",2012,4.63e+11
"NG","Nigeria",2013,5.22e+11
"KP","North Korea",2000,
"KP","North Korea",2001,
"KP","North Korea",2002,
"KP","North Korea",2003,
"KP","North Korea",2004,
"KP","North Korea",2005,
"KP","North Korea",2006,
"KP","North Korea",2007,
"KP","North Korea",2008,
"KP","North Korea",2009,
"KP","North Korea",2010,
"KP","North Korea",2011,
"KP","North Korea",2012,
"KP","North Korea",2013,
"MP","Northern Mariana Islands",2000,
"MP","Northern Mariana Islands",2001,
"MP","Northern Mariana Islands",2002,
"MP","Northern Mariana Islands",2003,
"MP","Northern Mariana Islands",2004,
"MP","Northern Mariana Islands",2005,
"MP","Northern Mariana Islands",2006,
"MP","Northern Mariana Islands",2007,
"MP","Northern Mariana Islands",2008,
"MP","Northern Mariana Islands",2009,
"MP","Northern Mariana Islands",2010,
"MP","Northern Mariana Islands",2011,
"MP","Northern Mariana Islands",2012,
"MP","Northern Mariana Islands",2013,
"NO","Norway",2000,1.68e+11
"NO","Norway",2001,1.71e+11
"NO","Norway",2002,1.92e+11
"NO","Norway",2003,2.25e+11
"NO","Norway",2004,2.6e+11
"NO","Norway",2005,3.04e+11
"NO","Norway",2006,3.4e+11
"NO","Norway",2007,3.93e+11
"NO","Norway",2008,4.54e+11
"NO","Norway",2009,3.79e+11
"NO","Norway",2010,4.21e+11
"NO","Norway",2011,4.91e+11
"NO","Norway",2012,5e+11
"NO","Norway",2013,5.13e+11
"OM","Oman",2000,19507412381
"OM","Oman",2001,19452015761
"OM","Oman",2002,20142782997
"OM","Oman",2003,21633810317
"OM","Oman",2004,24763589276
"OM","Oman",2005,31081924828
"OM","Oman",2006,37215865059
"OM","Oman",2007,42085305931
"OM","Oman",2008,60905332090
"OM","Oman",2009,48388296879
"OM","Oman",2010,58641352878
"OM","Oman",2011,69521977153
"OM","Oman",2012,77497269805
"OM","Oman",2013,79655917417
"PK","Pakistan",2000,73952374970
"PK","Pakistan",2001,72309738921
"PK","Pakistan",2002,72306820396
"PK","Pakistan",2003,83244801093
"PK","Pakistan",2004,97977766198
"PK","Pakistan",2005,1.1e+11
"PK","Pakistan",2006,1.37e+11
"PK","Pakistan",2007,1.52e+11
"PK","Pakistan",2008,1.7e+11
"PK","Pakistan",2009,1.68e+11
"PK","Pakistan",2010,1.77e+11
"PK","Pakistan",2011,2.14e+11
"PK","Pakistan",2012,2.24e+11
"PK","Pakistan",2013,2.32e+11
"PW","Palau",2000,159855700
"PW","Palau",2001,167035100
"PW","Palau",2002,168681200
"PW","Palau",2003,173898900
"PW","Palau",2004,191243000
"PW","Palau",2005,206232600
"PW","Palau",2006,208666100
"PW","Palau",2007,211558600
"PW","Palau",2008,213354500
"PW","Palau",2009,198202400
"PW","Palau",2010,197558700
"PW","Palau",2011,217377500
"PW","Palau",2012,232478600
"PW","Palau",2013,247043400
"PS","Palestine",2000,4316456403
"PS","Palestine",2001,4007793546
"PS","Palestine",2002,3557451047
"PS","Palestine",2003,3959278955
"PS","Palestine",2004,4327268305
"PS","Palestine",2005,4834276371
"PS","Palestine",2006,4914728157
"PS","Palestine",2007,5508346521
"PS","Palestine",2008,6673500000
"PS","Palestine",2009,7268200000
"PS","Palestine",2010,8913100000
"PS","Palestine",2011,10465400000
"PS","Palestine",2012,11262141134
"PS","Palestine",2013,
"PA","Panama",2000,11620500000
"PA","Panama",2001,11807500000
"PA","Panama",2002,12272400000
"PA","Panama",2003,12933200000
"PA","Panama",2004,14179300000
"PA","Panama",2005,15464700000
"PA","Panama",2006,1.7137e+10
"PA","Panama",2007,21121900000
"PA","Panama",2008,2.4884e+10
"PA","Panama",2009,25925100000
"PA","Panama",2010,28814100000
"PA","Panama",2011,33270500000
"PA","Panama",2012,37956200000
"PA","Panama",2013,42648100000
"PG","Papua New Guinea",2000,3521348155
"PG","Papua New Guinea",2001,3081029666
"PG","Papua New Guinea",2002,2999542369
"PG","Papua New Guinea",2003,3536459120
"PG","Papua New Guinea",2004,3927114457
"PG","Papua New Guinea",2005,4901584516
"PG","Papua New Guinea",2006,5598700444
"PG","Papua New Guinea",2007,6329292929
"PG","Papua New Guinea",2008,8010370370
"PG","Papua New Guinea",2009,7914594203
"PG","Papua New Guinea",2010,9480047959
"PG","Papua New Guinea",2011,12393604089
"PG","Papua New Guinea",2012,15653921367
"PG","Papua New Guinea",2013,15289374025
"PY","Paraguay",2000,8195993231
"PY","Paraguay",2001,7662595076
"PY","Paraguay",2002,6325151760
"PY","Paraguay",2003,6588103836
"PY","Paraguay",2004,8033877360
"PY","Paraguay",2005,8734651406
"PY","Paraguay",2006,10662013273
"PY","Paraguay",2007,13794909537
"PY","Paraguay",2008,18504128632
"PY","Paraguay",2009,15929903100
"PY","Paraguay",2010,20030529733
"PY","Paraguay",2011,25071193102
"PY","Paraguay",2012,24611040343
"PY","Paraguay",2013,29009411738
"PE","Peru",2000,50936239281
"PE","Peru",2001,51592179796
"PE","Peru",2002,54452491887
"PE","Peru",2003,59034091562
"PE","Peru",2004,66730306800
"PE","Peru",2005,74963815413
"PE","Peru",2006,87985689388
"PE","Peru",2007,1.02e+11
"PE","Peru",2008,1.22e+11
"PE","Peru",2009,1.21e+11
"PE","Peru",2010,1.49e+11
"PE","Peru",2011,1.71e+11
"PE","Peru",2012,1.93e+11
"PE","Peru",2013,2.02e+11
"PH","Philippines",2000,81026294682
"PH","Philippines",2001,76261998623
"PH","Philippines",2002,81357657790
"PH","Philippines",2003,83908205719
"PH","Philippines",2004,91371236939
"PH","Philippines",2005,1.03e+11
"PH","Philippines",2006,1.22e+11
"PH","Philippines",2007,1.49e+11
"PH","Philippines",2008,1.74e+11
"PH","Philippines",2009,1.68e+11
"PH","Philippines",2010,2e+11
"PH","Philippines",2011,2.24e+11
"PH","Philippines",2012,2.5e+11
"PH","Philippines",2013,2.72e+11
"PL","Poland",2000,1.72e+11
"PL","Poland",2001,1.91e+11
"PL","Poland",2002,1.99e+11
"PL","Poland",2003,2.18e+11
"PL","Poland",2004,2.54e+11
"PL","Poland",2005,3.04e+11
"PL","Poland",2006,3.43e+11
"PL","Poland",2007,4.29e+11
"PL","Poland",2008,5.3e+11
"PL","Poland",2009,4.36e+11
"PL","Poland",2010,4.77e+11
"PL","Poland",2011,5.24e+11
"PL","Poland",2012,4.96e+11
"PL","Poland",2013,5.26e+11
"PT","Portugal",2000,1.18e+11
"PT","Portugal",2001,1.22e+11
"PT","Portugal",2002,1.34e+11
"PT","Portugal",2003,1.65e+11
"PT","Portugal",2004,1.89e+11
"PT","Portugal",2005,1.97e+11
"PT","Portugal",2006,2.09e+11
"PT","Portugal",2007,2.4e+11
"PT","Portugal",2008,2.62e+11
"PT","Portugal",2009,2.44e+11
"PT","Portugal",2010,2.38e+11
"PT","Portugal",2011,2.45e+11
"PT","Portugal",2012,2.18e+11
"PT","Portugal",2013,2.27e+11
"PR","Puerto Rico",2000,61701810000
"PR","Puerto Rico",2001,69668635000
"PR","Puerto Rico",2002,72546194000
"PR","Puerto Rico",2003,75833996000
"PR","Puerto Rico",2004,80322313000
"PR","Puerto Rico",2005,83914521341
"PR","Puerto Rico",2006,87276164365
"PR","Puerto Rico",2007,89524131617
"PR","Puerto Rico",2008,93639316000
"PR","Puerto Rico",2009,96385638000
"PR","Puerto Rico",2010,98381268000
"PR","Puerto Rico",2011,1e+11
"PR","Puerto Rico",2012,1.01e+11
"PR","Puerto Rico",2013,1.03e+11
"QA","Qatar",2000,17759889598
"QA","Qatar",2001,17538461033
"QA","Qatar",2002,19363735706
"QA","Qatar",2003,23533790531
"QA","Qatar",2004,31734065019
"QA","Qatar",2005,44530493222
"QA","Qatar",2006,60882141103
"QA","Qatar",2007,79711810890
"QA","Qatar",2008,1.15e+11
"QA","Qatar",2009,97798348830
"QA","Qatar",2010,1.25e+11
"QA","Qatar",2011,1.7e+11
"QA","Qatar",2012,1.9e+11
"QA","Qatar",2013,2.03e+11
"RO","Romania",2000,37305099928
"RO","Romania",2001,40585886769
"RO","Romania",2002,45988510814
"RO","Romania",2003,59466017706
"RO","Romania",2004,75794733525
"RO","Romania",2005,99172613716
"RO","Romania",2006,1.23e+11
"RO","Romania",2007,1.71e+11
"RO","Romania",2008,2.04e+11
"RO","Romania",2009,1.64e+11
"RO","Romania",2010,1.65e+11
"RO","Romania",2011,1.83e+11
"RO","Romania",2012,1.69e+11
"RO","Romania",2013,1.9e+11
"RU","Russian Federation",2000,2.6e+11
"RU","Russian Federation",2001,3.07e+11
"RU","Russian Federation",2002,3.45e+11
"RU","Russian Federation",2003,4.3e+11
"RU","Russian Federation",2004,5.91e+11
"RU","Russian Federation",2005,7.64e+11
"RU","Russian Federation",2006,9.9e+11
"RU","Russian Federation",2007,1.3e+12
"RU","Russian Federation",2008,1.66e+12
"RU","Russian Federation",2009,1.22e+12
"RU","Russian Federation",2010,1.52e+12
"RU","Russian Federation",2011,1.9e+12
"RU","Russian Federation",2012,2.02e+12
"RU","Russian Federation",2013,2.1e+12
"RW","Rwanda",2000,1734938190
"RW","Rwanda",2001,1674685126
"RW","Rwanda",2002,1677447003
"RW","Rwanda",2003,1845979351
"RW","Rwanda",2004,2089188921
"RW","Rwanda",2005,2581465675
"RW","Rwanda",2006,3110327823
"RW","Rwanda",2007,3775447706
"RW","Rwanda",2008,4796573943
"RW","Rwanda",2009,5308990209
"RW","Rwanda",2010,5698548923
"RW","Rwanda",2011,6406727020
"RW","Rwanda",2012,7219656634
"RW","Rwanda",2013,7521261791
"KN","Saint Kitts and Nevis",2000,420086426.4
"KN","Saint Kitts and Nevis",2001,460467993.8
"KN","Saint Kitts and Nevis",2002,480825573.9
"KN","Saint Kitts and Nevis",2003,463418870.6
"KN","Saint Kitts and Nevis",2004,501150880
"KN","Saint Kitts and Nevis",2005,543169953.4
"KN","Saint Kitts and Nevis",2006,636070988.8
"KN","Saint Kitts and Nevis",2007,684148691.6
"KN","Saint Kitts and Nevis",2008,734660333.3
"KN","Saint Kitts and Nevis",2009,708891296.3
"KN","Saint Kitts and Nevis",2010,692457407.4
"KN","Saint Kitts and Nevis",2011,728050629.6
"KN","Saint Kitts and Nevis",2012,731919888.9
"KN","Saint Kitts and Nevis",2013,765870666.7
"LC","Saint Lucia",2000,780895356.6
"LC","Saint Lucia",2001,738755098.1
"LC","Saint Lucia",2002,741966023.9
"LC","Saint Lucia",2003,805836689.5
"LC","Saint Lucia",2004,885242280.7
"LC","Saint Lucia",2005,935463205.7
"LC","Saint Lucia",2006,1066944389
"LC","Saint Lucia",2007,1143476980
"LC","Saint Lucia",2008,1171371519
"LC","Saint Lucia",2009,1176607815
"LC","Saint Lucia",2010,1244297407
"LC","Saint Lucia",2011,1289531852
"LC","Saint Lucia",2012,1302666704
"LC","Saint Lucia",2013,1335764111
"MF","Saint Martin ",2000,
"MF","Saint Martin ",2001,
"MF","Saint Martin ",2002,
"MF","Saint Martin ",2003,
"MF","Saint Martin ",2004,
"MF","Saint Martin ",2005,
"MF","Saint Martin ",2006,
"MF","Saint Martin ",2007,
"MF","Saint Martin ",2008,
"MF","Saint Martin ",2009,
"MF","Saint Martin ",2010,
"MF","Saint Martin ",2011,
"MF","Saint Martin ",2012,
"MF","Saint Martin ",2013,
"VC","Saint Vincent and the Grenadines",2000,396261363.4
"VC","Saint Vincent and the Grenadines",2001,430039288.7
"VC","Saint Vincent and the Grenadines",2002,461883436.3
"VC","Saint Vincent and the Grenadines",2003,481806287.8
"VC","Saint Vincent and the Grenadines",2004,521975101.9
"VC","Saint Vincent and the Grenadines",2005,550728656.9
"VC","Saint Vincent and the Grenadines",2006,610778285.5
"VC","Saint Vincent and the Grenadines",2007,684049037
"VC","Saint Vincent and the Grenadines",2008,695428851.9
"VC","Saint Vincent and the Grenadines",2009,674922481.5
"VC","Saint Vincent and the Grenadines",2010,681225963
"VC","Saint Vincent and the Grenadines",2011,676406963
"VC","Saint Vincent and the Grenadines",2012,693304481.5
"VC","Saint Vincent and the Grenadines",2013,709358185.2
"WS","Samoa",2000,269019710.3
"WS","Samoa",2001,273088357.2
"WS","Samoa",2002,288075318.9
"WS","Samoa",2003,338836026.4
"WS","Samoa",2004,420318071.9
"WS","Samoa",2005,462644663.1
"WS","Samoa",2006,508505414.4
"WS","Samoa",2007,550967295.3
"WS","Samoa",2008,644145158.4
"WS","Samoa",2009,562357861.8
"WS","Samoa",2010,643059403
"WS","Samoa",2011,737053938.9
"WS","Samoa",2012,801803524.5
"WS","Samoa",2013,801916057.6
"SM","San Marino",2000,773907642.4
"SM","San Marino",2001,815205233.1
"SM","San Marino",2002,879957209.9
"SM","San Marino",2003,1122981525
"SM","San Marino",2004,1317357835
"SM","San Marino",2005,1375416604
"SM","San Marino",2006,1469075398
"SM","San Marino",2007,1687653983
"SM","San Marino",2008,1899809580
"SM","San Marino",2009,
"SM","San Marino",2010,
"SM","San Marino",2011,
"SM","San Marino",2012,
"SM","San Marino",2013,
"ST","Sao Tome and Principe",2000,76709304.53
"ST","Sao Tome and Principe",2001,76553443.39
"ST","Sao Tome and Principe",2002,84617970.67
"ST","Sao Tome and Principe",2003,101315399.6
"ST","Sao Tome and Principe",2004,110723361.8
"ST","Sao Tome and Principe",2005,123258507.1
"ST","Sao Tome and Principe",2006,135181861.9
"ST","Sao Tome and Principe",2007,144259256.6
"ST","Sao Tome and Principe",2008,183464986.4
"ST","Sao Tome and Principe",2009,196473838.9
"ST","Sao Tome and Principe",2010,201037916.6
"ST","Sao Tome and Principe",2011,248286778.2
"ST","Sao Tome and Principe",2012,263328450.3
"ST","Sao Tome and Principe",2013,310684635.7
"SA","Saudi Arabia",2000,1.88e+11
"SA","Saudi Arabia",2001,1.83e+11
"SA","Saudi Arabia",2002,1.89e+11
"SA","Saudi Arabia",2003,2.15e+11
"SA","Saudi Arabia",2004,2.59e+11
"SA","Saudi Arabia",2005,3.28e+11
"SA","Saudi Arabia",2006,3.77e+11
"SA","Saudi Arabia",2007,4.16e+11
"SA","Saudi Arabia",2008,5.2e+11
"SA","Saudi Arabia",2009,4.29e+11
"SA","Saudi Arabia",2010,5.27e+11
"SA","Saudi Arabia",2011,6.7e+11
"SA","Saudi Arabia",2012,7.34e+11
"SA","Saudi Arabia",2013,7.48e+11
"SN","Senegal",2000,4679604922
"SN","Senegal",2001,4877602012
"SN","Senegal",2002,5333862344
"SN","Senegal",2003,6858952716
"SN","Senegal",2004,8031344240
"SN","Senegal",2005,8707015064
"SN","Senegal",2006,9358710763
"SN","Senegal",2007,11284603481
"SN","Senegal",2008,13386346543
"SN","Senegal",2009,12812994670
"SN","Senegal",2010,12932427724
"SN","Senegal",2011,14440676498
"SN","Senegal",2012,14045680427
"SN","Senegal",2013,14791699009
"RS","Serbia",2000,6540247190
"RS","Serbia",2001,12267175481
"RS","Serbia",2002,16116843146
"RS","Serbia",2003,21188704081
"RS","Serbia",2004,24861483281
"RS","Serbia",2005,26252007830
"RS","Serbia",2006,30607991862
"RS","Serbia",2007,40289556656
"RS","Serbia",2008,49259526053
"RS","Serbia",2009,42616653300
"RS","Serbia",2010,39368633038
"RS","Serbia",2011,46462547041
"RS","Serbia",2012,40791444603
"RS","Serbia",2013,45519650911
"SC","Seychelles",2000,614877971.2
"SC","Seychelles",2001,622257630.8
"SC","Seychelles",2002,697514005.4
"SC","Seychelles",2003,705702638.2
"SC","Seychelles",2004,916940120.7
"SC","Seychelles",2005,916940120.7
"SC","Seychelles",2006,1019679310
"SC","Seychelles",2007,1018943342
"SC","Seychelles",2008,962313214.1
"SC","Seychelles",2009,847424851.5
"SC","Seychelles",2010,973355738
"SC","Seychelles",2011,1059593023
"SC","Seychelles",2012,1032199341
"SC","Seychelles",2013,1443345214
"SL","Sierra Leone",2000,635874002.2
"SL","Sierra Leone",2001,1079478388
"SL","Sierra Leone",2002,1239004288
"SL","Sierra Leone",2003,1371442566
"SL","Sierra Leone",2004,1431208677
"SL","Sierra Leone",2005,1627853086
"SL","Sierra Leone",2006,1887429110
"SL","Sierra Leone",2007,2158653216
"SL","Sierra Leone",2008,2505620416
"SL","Sierra Leone",2009,2453972925
"SL","Sierra Leone",2010,2578159496
"SL","Sierra Leone",2011,2925391430
"SL","Sierra Leone",2012,3529350504
"SL","Sierra Leone",2013,4136280752
"SG","Singapore",2000,95835970989
"SG","Singapore",2001,89285087395
"SG","Singapore",2002,91941791944
"SG","Singapore",2003,97002305536
"SG","Singapore",2004,1.14e+11
"SG","Singapore",2005,1.27e+11
"SG","Singapore",2006,1.48e+11
"SG","Singapore",2007,1.8e+11
"SG","Singapore",2008,1.92e+11
"SG","Singapore",2009,1.92e+11
"SG","Singapore",2010,2.36e+11
"SG","Singapore",2011,2.74e+11
"SG","Singapore",2012,2.87e+11
"SG","Singapore",2013,2.98e+11
"SX","Sint Maarten (Dutch part)",2000,
"SX","Sint Maarten (Dutch part)",2001,
"SX","Sint Maarten (Dutch part)",2002,
"SX","Sint Maarten (Dutch part)",2003,
"SX","Sint Maarten (Dutch part)",2004,
"SX","Sint Maarten (Dutch part)",2005,
"SX","Sint Maarten (Dutch part)",2006,
"SX","Sint Maarten (Dutch part)",2007,
"SX","Sint Maarten (Dutch part)",2008,
"SX","Sint Maarten (Dutch part)",2009,
"SX","Sint Maarten (Dutch part)",2010,
"SX","Sint Maarten (Dutch part)",2011,
"SX","Sint Maarten (Dutch part)",2012,
"SX","Sint Maarten (Dutch part)",2013,
"SK","Slovakia",2000,29110067256
"SK","Slovakia",2001,30699979418
"SK","Slovakia",2002,35144769433
"SK","Slovakia",2003,46810992099
"SK","Slovakia",2004,57329422647
"SK","Slovakia",2005,62676556398
"SK","Slovakia",2006,70450243382
"SK","Slovakia",2007,86030964960
"SK","Slovakia",2008,99832535521
"SK","Slovakia",2009,88634272020
"SK","Slovakia",2010,89011919205
"SK","Slovakia",2011,97525386433
"SK","Slovakia",2012,92746685083
"SK","Slovakia",2013,97707323420
"SI","Slovenia",2000,20341391806
"SI","Slovenia",2001,20875944894
"SI","Slovenia",2002,23563028319
"SI","Slovenia",2003,29698471223
"SI","Slovenia",2004,34470563470
"SI","Slovenia",2005,36344911638
"SI","Slovenia",2006,39585411480
"SI","Slovenia",2007,48114688201
"SI","Slovenia",2008,55589849128
"SI","Slovenia",2009,50244793832
"SI","Slovenia",2010,47972988742
"SI","Slovenia",2011,51248860578
"SI","Slovenia",2012,46262305281
"SI","Slovenia",2013,47987303638
"SB","Solomon Islands",2000,435101217.2
"SB","Solomon Islands",2001,400464593
"SB","Solomon Islands",2002,341663053.7
"SB","Solomon Islands",2003,332736306.5
"SB","Solomon Islands",2004,375109694.5
"SB","Solomon Islands",2005,413909879.3
"SB","Solomon Islands",2006,456735444.9
"SB","Solomon Islands",2007,516209150.3
"SB","Solomon Islands",2008,608292551.8
"SB","Solomon Islands",2009,597765363.1
"SB","Solomon Islands",2010,681587104.8
"SB","Solomon Islands",2011,868574141.2
"SB","Solomon Islands",2012,989911515.9
"SB","Solomon Islands",2013,1096396927
"SO","Somalia",2000,
"SO","Somalia",2001,
"SO","Somalia",2002,
"SO","Somalia",2003,
"SO","Somalia",2004,
"SO","Somalia",2005,
"SO","Somalia",2006,
"SO","Somalia",2007,
"SO","Somalia",2008,
"SO","Somalia",2009,
"SO","Somalia",2010,
"SO","Somalia",2011,
"SO","Somalia",2012,
"SO","Somalia",2013,
"ZA","South Africa",2000,1.33e+11
"ZA","South Africa",2001,1.18e+11
"ZA","South Africa",2002,1.11e+11
"ZA","South Africa",2003,1.68e+11
"ZA","South Africa",2004,2.19e+11
"ZA","South Africa",2005,2.47e+11
"ZA","South Africa",2006,2.61e+11
"ZA","South Africa",2007,2.86e+11
"ZA","South Africa",2008,2.73e+11
"ZA","South Africa",2009,2.84e+11
"ZA","South Africa",2010,3.65e+11
"ZA","South Africa",2011,4.04e+11
"ZA","South Africa",2012,3.82e+11
"ZA","South Africa",2013,3.51e+11
"KR","South Korea",2000,5.62e+11
"KR","South Korea",2001,5.33e+11
"KR","South Korea",2002,6.09e+11
"KR","South Korea",2003,6.81e+11
"KR","South Korea",2004,7.65e+11
"KR","South Korea",2005,8.98e+11
"KR","South Korea",2006,1.01e+12
"KR","South Korea",2007,1.12e+12
"KR","South Korea",2008,1e+12
"KR","South Korea",2009,9.02e+11
"KR","South Korea",2010,1.09e+12
"KR","South Korea",2011,1.2e+12
"KR","South Korea",2012,1.22e+12
"KR","South Korea",2013,1.3e+12
"SS","South Sudan",2000,
"SS","South Sudan",2001,
"SS","South Sudan",2002,
"SS","South Sudan",2003,
"SS","South Sudan",2004,
"SS","South Sudan",2005,
"SS","South Sudan",2006,
"SS","South Sudan",2007,
"SS","South Sudan",2008,15550136279
"SS","South Sudan",2009,12231362023
"SS","South Sudan",2010,15728045817
"SS","South Sudan",2011,18831595688
"SS","South Sudan",2012,10368813559
"SS","South Sudan",2013,11804406780
"ES","Spain",2000,5.95e+11
"ES","Spain",2001,6.26e+11
"ES","Spain",2002,7.05e+11
"ES","Spain",2003,9.07e+11
"ES","Spain",2004,1.07e+12
"ES","Spain",2005,1.16e+12
"ES","Spain",2006,1.26e+12
"ES","Spain",2007,1.48e+12
"ES","Spain",2008,1.64e+12
"ES","Spain",2009,1.5e+12
"ES","Spain",2010,1.43e+12
"ES","Spain",2011,1.49e+12
"ES","Spain",2012,1.36e+12
"ES","Spain",2013,1.39e+12
"LK","Sri Lanka",2000,16330810304
"LK","Sri Lanka",2001,15746224410
"LK","Sri Lanka",2002,17102623876
"LK","Sri Lanka",2003,18881765437
"LK","Sri Lanka",2004,20662525941
"LK","Sri Lanka",2005,24405791045
"LK","Sri Lanka",2006,28267410543
"LK","Sri Lanka",2007,32351184234
"LK","Sri Lanka",2008,40715240469
"LK","Sri Lanka",2009,42067974595
"LK","Sri Lanka",2010,49567521670
"LK","Sri Lanka",2011,59178013928
"LK","Sri Lanka",2012,59393056426
"LK","Sri Lanka",2013,67182015336
"SD","Sudan",2000,12257299147
"SD","Sudan",2001,13182872559
"SD","Sudan",2002,14803423345
"SD","Sudan",2003,17646271379
"SD","Sudan",2004,21457886198
"SD","Sudan",2005,26524992245
"SD","Sudan",2006,35821858724
"SD","Sudan",2007,45898948554
"SD","Sudan",2008,54527549913
"SD","Sudan",2009,53149439401
"SD","Sudan",2010,65632081240
"SD","Sudan",2011,67320779804
"SD","Sudan",2012,63152209705
"SD","Sudan",2013,66565889417
"SR","Suriname",2000,892164393.9
"SR","Suriname",2001,763465550.5
"SR","Suriname",2002,1078402128
"SR","Suriname",2003,1271196078
"SR","Suriname",2004,1484092538
"SR","Suriname",2005,1793557833
"SR","Suriname",2006,2626093294
"SR","Suriname",2007,2936612022
"SR","Suriname",2008,3532969035
"SR","Suriname",2009,3875409836
"SR","Suriname",2010,4368398048
"SR","Suriname",2011,4423194614
"SR","Suriname",2012,5013030303
"SR","Suriname",2013,5298787879
"SZ","Swaziland",2000,1524490159
"SZ","Swaziland",2001,1349326983
"SZ","Swaziland",2002,1224220675
"SZ","Swaziland",2003,1854020496
"SZ","Swaziland",2004,2420610579
"SZ","Swaziland",2005,2584077931
"SZ","Swaziland",2006,2947922183
"SZ","Swaziland",2007,3053823329
"SZ","Swaziland",2008,3019770680
"SZ","Swaziland",2009,3144680749
"SZ","Swaziland",2010,3891563478
"SZ","Swaziland",2011,4145772237
"SZ","Swaziland",2012,4049589166
"SZ","Swaziland",2013,3791304348
"SE","Sweden",2000,2.6e+11
"SE","Sweden",2001,2.4e+11
"SE","Sweden",2002,2.64e+11
"SE","Sweden",2003,3.31e+11
"SE","Sweden",2004,3.82e+11
"SE","Sweden",2005,3.89e+11
"SE","Sweden",2006,4.2e+11
"SE","Sweden",2007,4.88e+11
"SE","Sweden",2008,5.14e+11
"SE","Sweden",2009,4.3e+11
"SE","Sweden",2010,4.88e+11
"SE","Sweden",2011,5.63e+11
"SE","Sweden",2012,5.44e+11
"SE","Sweden",2013,5.8e+11
"CH","Switzerland",2000,2.72e+11
"CH","Switzerland",2001,2.79e+11
"CH","Switzerland",2002,3.01e+11
"CH","Switzerland",2003,3.52e+11
"CH","Switzerland",2004,3.94e+11
"CH","Switzerland",2005,4.08e+11
"CH","Switzerland",2006,4.29e+11
"CH","Switzerland",2007,4.77e+11
"CH","Switzerland",2008,5.52e+11
"CH","Switzerland",2009,5.4e+11
"CH","Switzerland",2010,5.81e+11
"CH","Switzerland",2011,6.96e+11
"CH","Switzerland",2012,6.66e+11
"CH","Switzerland",2013,6.85e+11
"SY","Syria",2000,19325894913
"SY","Syria",2001,21099833784
"SY","Syria",2002,21582248882
"SY","Syria",2003,21828144686
"SY","Syria",2004,25086930693
"SY","Syria",2005,28858965517
"SY","Syria",2006,33332844575
"SY","Syria",2007,40405006007
"SY","Syria",2008,
"SY","Syria",2009,
"SY","Syria",2010,
"SY","Syria",2011,
"SY","Syria",2012,
"SY","Syria",2013,
"TJ","Tajikistan",2000,860550294.3
"TJ","Tajikistan",2001,1080774006
"TJ","Tajikistan",2002,1221113795
"TJ","Tajikistan",2003,1554125543
"TJ","Tajikistan",2004,2076148710
"TJ","Tajikistan",2005,2312319579
"TJ","Tajikistan",2006,2830236054
"TJ","Tajikistan",2007,3719497371
"TJ","Tajikistan",2008,5161336170
"TJ","Tajikistan",2009,4979481980
"TJ","Tajikistan",2010,5642178580
"TJ","Tajikistan",2011,6522732203
"TJ","Tajikistan",2012,7633049792
"TJ","Tajikistan",2013,8508103456
"TZ","Tanzania",2000,10185786171
"TZ","Tanzania",2001,10383560998
"TZ","Tanzania",2002,10805600069
"TZ","Tanzania",2003,11659129815
"TZ","Tanzania",2004,12825801917
"TZ","Tanzania",2005,14141916592
"TZ","Tanzania",2006,14331231239
"TZ","Tanzania",2007,16825547176
"TZ","Tanzania",2008,20715086119
"TZ","Tanzania",2009,21368165683
"TZ","Tanzania",2010,22915004589
"TZ","Tanzania",2011,23874165024
"TZ","Tanzania",2012,28248632096
"TZ","Tanzania",2013,33225037490
"TH","Thailand",2000,1.23e+11
"TH","Thailand",2001,1.16e+11
"TH","Thailand",2002,1.27e+11
"TH","Thailand",2003,1.43e+11
"TH","Thailand",2004,1.61e+11
"TH","Thailand",2005,1.76e+11
"TH","Thailand",2006,2.07e+11
"TH","Thailand",2007,2.47e+11
"TH","Thailand",2008,2.73e+11
"TH","Thailand",2009,2.64e+11
"TH","Thailand",2010,3.19e+11
"TH","Thailand",2011,3.46e+11
"TH","Thailand",2012,3.66e+11
"TH","Thailand",2013,3.87e+11
"TL","Timor-Leste",2000,3.68e+08
"TL","Timor-Leste",2001,4.52e+08
"TL","Timor-Leste",2002,4.44e+08
"TL","Timor-Leste",2003,4.53e+08
"TL","Timor-Leste",2004,4.66e+08
"TL","Timor-Leste",2005,4.91e+08
"TL","Timor-Leste",2006,4.63e+08
"TL","Timor-Leste",2007,5.59e+08
"TL","Timor-Leste",2008,6.94e+08
"TL","Timor-Leste",2009,8.18e+08
"TL","Timor-Leste",2010,9.34e+08
"TL","Timor-Leste",2011,1.123e+09
"TL","Timor-Leste",2012,1.27e+09
"TL","Timor-Leste",2013,
"TG","Togo",2000,1294250280
"TG","Togo",2001,1332328986
"TG","Togo",2002,1474630199
"TG","Togo",2003,1673690390
"TG","Togo",2004,1937074538
"TG","Togo",2005,2115154090
"TG","Togo",2006,2202809211
"TG","Togo",2007,2523462649
"TG","Togo",2008,3163416556
"TG","Togo",2009,3163000591
"TG","Togo",2010,3172945506
"TG","Togo",2011,3756023048
"TG","Togo",2012,3915754216
"TG","Togo",2013,4338575824
"TO","Tonga",2000,188623258.5
"TO","Tonga",2001,167042880.1
"TO","Tonga",2002,181801947
"TO","Tonga",2003,208098551.9
"TO","Tonga",2004,240794581.2
"TO","Tonga",2005,264812953.8
"TO","Tonga",2006,295998379.1
"TO","Tonga",2007,301064027.1
"TO","Tonga",2008,346850175.9
"TO","Tonga",2009,318522296.1
"TO","Tonga",2010,369212477.5
"TO","Tonga",2011,423038016.9
"TO","Tonga",2012,471575497.3
"TO","Tonga",2013,466259084.1
"TT","Trinidad and Tobago",2000,8154315702
"TT","Trinidad and Tobago",2001,8824873156
"TT","Trinidad and Tobago",2002,9008273516
"TT","Trinidad and Tobago",2003,11235960528
"TT","Trinidad and Tobago",2004,12884712296
"TT","Trinidad and Tobago",2005,16088526686
"TT","Trinidad and Tobago",2006,18460889363
"TT","Trinidad and Tobago",2007,21830397705
"TT","Trinidad and Tobago",2008,28165793618
"TT","Trinidad and Tobago",2009,19332270662
"TT","Trinidad and Tobago",2010,20758191858
"TT","Trinidad and Tobago",2011,23676348287
"TT","Trinidad and Tobago",2012,23436342520
"TT","Trinidad and Tobago",2013,24640839008
"TN","Tunisia",2000,21473188882
"TN","Tunisia",2001,22066101341
"TN","Tunisia",2002,23141757278
"TN","Tunisia",2003,27453084983
"TN","Tunisia",2004,31183139301
"TN","Tunisia",2005,32282960678
"TN","Tunisia",2006,34378437265
"TN","Tunisia",2007,38920218579
"TN","Tunisia",2008,44856586316
"TN","Tunisia",2009,43454935940
"TN","Tunisia",2010,44426016487
"TN","Tunisia",2011,45950845291
"TN","Tunisia",2012,45238619630
"TN","Tunisia",2013,46993598818
"TR","Turkey",2000,2.67e+11
"TR","Turkey",2001,1.96e+11
"TR","Turkey",2002,2.33e+11
"TR","Turkey",2003,3.03e+11
"TR","Turkey",2004,3.92e+11
"TR","Turkey",2005,4.83e+11
"TR","Turkey",2006,5.31e+11
"TR","Turkey",2007,6.47e+11
"TR","Turkey",2008,7.3e+11
"TR","Turkey",2009,6.15e+11
"TR","Turkey",2010,7.31e+11
"TR","Turkey",2011,7.75e+11
"TR","Turkey",2012,7.89e+11
"TR","Turkey",2013,8.22e+11
"TM","Turkmenistan",2000,2904662605
"TM","Turkmenistan",2001,3534771969
"TM","Turkmenistan",2002,4462028989
"TM","Turkmenistan",2003,5977440583
"TM","Turkmenistan",2004,6838351088
"TM","Turkmenistan",2005,8104355717
"TM","Turkmenistan",2006,10277598152
"TM","Turkmenistan",2007,12664165103
"TM","Turkmenistan",2008,19271523179
"TM","Turkmenistan",2009,20214385965
"TM","Turkmenistan",2010,22148070175
"TM","Turkmenistan",2011,29233333333
"TM","Turkmenistan",2012,35164210526
"TM","Turkmenistan",2013,41850877193
"TC","Turks and Caicos Islands",2000,
"TC","Turks and Caicos Islands",2001,
"TC","Turks and Caicos Islands",2002,
"TC","Turks and Caicos Islands",2003,
"TC","Turks and Caicos Islands",2004,
"TC","Turks and Caicos Islands",2005,
"TC","Turks and Caicos Islands",2006,
"TC","Turks and Caicos Islands",2007,
"TC","Turks and Caicos Islands",2008,
"TC","Turks and Caicos Islands",2009,
"TC","Turks and Caicos Islands",2010,
"TC","Turks and Caicos Islands",2011,
"TC","Turks and Caicos Islands",2012,
"TC","Turks and Caicos Islands",2013,
"TV","Tuvalu",2000,13741844.59
"TV","Tuvalu",2001,13196254.87
"TV","Tuvalu",2002,15451309.04
"TV","Tuvalu",2003,18230911.04
"TV","Tuvalu",2004,21535683.88
"TV","Tuvalu",2005,21839543.63
"TV","Tuvalu",2006,22903319.5
"TV","Tuvalu",2007,27030996.03
"TV","Tuvalu",2008,30290770.26
"TV","Tuvalu",2009,27101312.79
"TV","Tuvalu",2010,31824701.28
"TV","Tuvalu",2011,39313508.69
"TV","Tuvalu",2012,39875708.12
"TV","Tuvalu",2013,38322359.53
"AE","UAE",2000,1.04e+11
"AE","UAE",2001,1.03e+11
"AE","UAE",2002,1.1e+11
"AE","UAE",2003,1.24e+11
"AE","UAE",2004,1.48e+11
"AE","UAE",2005,1.81e+11
"AE","UAE",2006,2.22e+11
"AE","UAE",2007,2.58e+11
"AE","UAE",2008,3.15e+11
"AE","UAE",2009,2.54e+11
"AE","UAE",2010,2.86e+11
"AE","UAE",2011,3.47e+11
"AE","UAE",2012,3.72e+11
"AE","UAE",2013,4.02e+11
"UG","Uganda",2000,6193246632
"UG","Uganda",2001,5840503703
"UG","Uganda",2002,6178563467
"UG","Uganda",2003,6336696289
"UG","Uganda",2004,7940362663
"UG","Uganda",2005,9013834490
"UG","Uganda",2006,9942597753
"UG","Uganda",2007,12292813800
"UG","Uganda",2008,14239026768
"UG","Uganda",2009,14824492062
"UG","Uganda",2010,16030996179
"UG","Uganda",2011,15493320082
"UG","Uganda",2012,20040545045
"UG","Uganda",2013,21493615478
"UA","Ukraine",2000,31261527363
"UA","Ukraine",2001,38009344577
"UA","Ukraine",2002,42392896031
"UA","Ukraine",2003,50132953288
"UA","Ukraine",2004,64883060726
"UA","Ukraine",2005,86142018069
"UA","Ukraine",2006,1.08e+11
"UA","Ukraine",2007,1.43e+11
"UA","Ukraine",2008,1.8e+11
"UA","Ukraine",2009,1.17e+11
"UA","Ukraine",2010,1.36e+11
"UA","Ukraine",2011,1.63e+11
"UA","Ukraine",2012,1.77e+11
"UA","Ukraine",2013,1.77e+11
"GB","United Kingdom",2000,1.55e+12
"GB","United Kingdom",2001,1.53e+12
"GB","United Kingdom",2002,1.67e+12
"GB","United Kingdom",2003,1.94e+12
"GB","United Kingdom",2004,2.3e+12
"GB","United Kingdom",2005,2.41e+12
"GB","United Kingdom",2006,2.58e+12
"GB","United Kingdom",2007,2.96e+12
"GB","United Kingdom",2008,2.79e+12
"GB","United Kingdom",2009,2.31e+12
"GB","United Kingdom",2010,2.41e+12
"GB","United Kingdom",2011,2.59e+12
"GB","United Kingdom",2012,2.61e+12
"GB","United Kingdom",2013,2.68e+12
"UY","Uruguay",2000,22823255806
"UY","Uruguay",2001,20898788420
"UY","Uruguay",2002,13606494599
"UY","Uruguay",2003,12045627411
"UY","Uruguay",2004,13686333822
"UY","Uruguay",2005,17362872704
"UY","Uruguay",2006,19579479148
"UY","Uruguay",2007,23410536927
"UY","Uruguay",2008,30366148181
"UY","Uruguay",2009,30461322498
"UY","Uruguay",2010,38881102100
"UY","Uruguay",2011,47236710628
"UY","Uruguay",2012,50004354647
"UY","Uruguay",2013,55707944622
"US","USA",2000,1.03e+13
"US","USA",2001,1.06e+13
"US","USA",2002,1.1e+13
"US","USA",2003,1.15e+13
"US","USA",2004,1.23e+13
"US","USA",2005,1.31e+13
"US","USA",2006,1.39e+13
"US","USA",2007,1.45e+13
"US","USA",2008,1.47e+13
"US","USA",2009,1.44e+13
"US","USA",2010,1.5e+13
"US","USA",2011,1.55e+13
"US","USA",2012,1.62e+13
"US","USA",2013,1.68e+13
"UZ","Uzbekistan",2000,13760374488
"UZ","Uzbekistan",2001,11401351420
"UZ","Uzbekistan",2002,9687951055
"UZ","Uzbekistan",2003,10128112401
"UZ","Uzbekistan",2004,12030023548
"UZ","Uzbekistan",2005,14307509839
"UZ","Uzbekistan",2006,17030896203
"UZ","Uzbekistan",2007,22311393928
"UZ","Uzbekistan",2008,27934030937
"UZ","Uzbekistan",2009,32816828373
"UZ","Uzbekistan",2010,39332770929
"UZ","Uzbekistan",2011,45324319955
"UZ","Uzbekistan",2012,51183443225
"UZ","Uzbekistan",2013,56795656325
"VU","Vanuatu",2000,272014693.1
"VU","Vanuatu",2001,257926881.7
"VU","Vanuatu",2002,262603781.8
"VU","Vanuatu",2003,314463144
"VU","Vanuatu",2004,364996869.1
"VU","Vanuatu",2005,394962552.3
"VU","Vanuatu",2006,437072933.9
"VU","Vanuatu",2007,526425740.4
"VU","Vanuatu",2008,607983815.3
"VU","Vanuatu",2009,610075806.7
"VU","Vanuatu",2010,700804286.2
"VU","Vanuatu",2011,792149700.7
"VU","Vanuatu",2012,781702874.1
"VU","Vanuatu",2013,828237181.1
"VE","Venezuela",2000,1.17e+11
"VE","Venezuela",2001,1.23e+11
"VE","Venezuela",2002,92889586976
"VE","Venezuela",2003,83622191419
"VE","Venezuela",2004,1.12e+11
"VE","Venezuela",2005,1.46e+11
"VE","Venezuela",2006,1.83e+11
"VE","Venezuela",2007,2.3e+11
"VE","Venezuela",2008,3.16e+11
"VE","Venezuela",2009,3.29e+11
"VE","Venezuela",2010,3.94e+11
"VE","Venezuela",2011,3.16e+11
"VE","Venezuela",2012,3.81e+11
"VE","Venezuela",2013,4.38e+11
"VN","Viet Nam",2000,33640085728
"VN","Viet Nam",2001,35291349277
"VN","Viet Nam",2002,37947904054
"VN","Viet Nam",2003,42717072778
"VN","Viet Nam",2004,49424107710
"VN","Viet Nam",2005,57633255739
"VN","Viet Nam",2006,66371664817
"VN","Viet Nam",2007,77414425532
"VN","Viet Nam",2008,99130304099
"VN","Viet Nam",2009,1.06e+11
"VN","Viet Nam",2010,1.16e+11
"VN","Viet Nam",2011,1.36e+11
"VN","Viet Nam",2012,1.56e+11
"VN","Viet Nam",2013,1.71e+11
"VI","Virgin Islands (US)",2000,
"VI","Virgin Islands (US)",2001,
"VI","Virgin Islands (US)",2002,
"VI","Virgin Islands (US)",2003,
"VI","Virgin Islands (US)",2004,
"VI","Virgin Islands (US)",2005,
"VI","Virgin Islands (US)",2006,
"VI","Virgin Islands (US)",2007,
"VI","Virgin Islands (US)",2008,
"VI","Virgin Islands (US)",2009,
"VI","Virgin Islands (US)",2010,
"VI","Virgin Islands (US)",2011,
"VI","Virgin Islands (US)",2012,
"VI","Virgin Islands (US)",2013,
"YE","Yemen",2000,9636342275
"YE","Yemen",2001,9854042165
"YE","Yemen",2002,10693278292
"YE","Yemen",2003,11777768087
"YE","Yemen",2004,13873500888
"YE","Yemen",2005,16753787028
"YE","Yemen",2006,19081726103
"YE","Yemen",2007,25633674564
"YE","Yemen",2008,30397203369
"YE","Yemen",2009,27838718233
"YE","Yemen",2010,31743751169
"YE","Yemen",2011,29207296703
"YE","Yemen",2012,31992801303
"YE","Yemen",2013,35954502304
"ZM","Zambia",2000,3600631919
"ZM","Zambia",2001,4094441301
"ZM","Zambia",2002,4193850445
"ZM","Zambia",2003,4901869716
"ZM","Zambia",2004,6221109716
"ZM","Zambia",2005,8331863990
"ZM","Zambia",2006,12756957884
"ZM","Zambia",2007,14056878376
"ZM","Zambia",2008,17911046609
"ZM","Zambia",2009,15328314220
"ZM","Zambia",2010,20265396326
"ZM","Zambia",2011,23731894786
"ZM","Zambia",2012,24939543374
"ZM","Zambia",2013,26820870559
"ZW","Zimbabwe",2000,6689957600
"ZW","Zimbabwe",2001,6777384700
"ZW","Zimbabwe",2002,6342116400
"ZW","Zimbabwe",2003,5727591800
"ZW","Zimbabwe",2004,5805598400
"ZW","Zimbabwe",2005,5755215200
"ZW","Zimbabwe",2006,5443896500
"ZW","Zimbabwe",2007,5291950100
"ZW","Zimbabwe",2008,4415702800
"ZW","Zimbabwe",2009,8157077400
"ZW","Zimbabwe",2010,9456808200
"ZW","Zimbabwe",2011,10956226600
"ZW","Zimbabwe",2012,12472416700
"ZW","Zimbabwe",2013,1.349e+10
