"id","entity-name","year","value"
"AF","Afghanistan",2000,181520000
"AF","Afghanistan",2001,586850000
"AF","Afghanistan",2002,1114860000
"AF","Afghanistan",2003,529980000
"AF","Afghanistan",2004,462590000
"AF","Afghanistan",2005,340470000
"AF","Afghanistan",2006,380570000
"AF","Afghanistan",2007,351100000
"AF","Afghanistan",2008,930030000
"AF","Afghanistan",2009,692670000
"AF","Afghanistan",2010,642440000
"AF","Afghanistan",2011,767980000
"AF","Afghanistan",2012,492140000
"AL","Albania",2000,46430000
"AL","Albania",2001,29030000
"AL","Albania",2002,29650000
"AL","Albania",2003,12130000
"AL","Albania",2004,6350000
"AL","Albania",2005,4820000
"AL","Albania",2006,3260000
"AL","Albania",2007,1860000
"AL","Albania",2008,6060000
"AL","Albania",2009,1350000
"AL","Albania",2010,2520000
"AL","Albania",2011,1740000
"AL","Albania",2012,1350000
"DZ","Algeria",2000,41930000
"DZ","Algeria",2001,50890000
"DZ","Algeria",2002,50420000
"DZ","Algeria",2003,47580000
"DZ","Algeria",2004,29260000
"DZ","Algeria",2005,25590000
"DZ","Algeria",2006,20250000
"DZ","Algeria",2007,23340000
"DZ","Algeria",2008,38910000
"DZ","Algeria",2009,33190000
"DZ","Algeria",2010,26570000
"DZ","Algeria",2011,30420000
"DZ","Algeria",2012,31340000
"AO","Angola",2000,168730000
"AO","Angola",2001,159750000
"AO","Angola",2002,290450000
"AO","Angola",2003,340020000
"AO","Angola",2004,234120000
"AO","Angola",2005,126860000
"AO","Angola",2006,62060000
"AO","Angola",2007,31580000
"AO","Angola",2008,15110000
"AO","Angola",2009,9240000
"AO","Angola",2010,3600000
"AO","Angola",2011,10670000
"AO","Angola",2012,14350000
"AI","Anguilla",2000,170000
"AI","Anguilla",2001,10000
"AI","Anguilla",2002,0
"AI","Anguilla",2003,0
"AI","Anguilla",2004,0
"AI","Anguilla",2005,80000
"AI","Anguilla",2006,10000
"AI","Anguilla",2007,0
"AI","Anguilla",2008,0
"AI","Anguilla",2009,140000
"AI","Anguilla",2010,0
"AI","Anguilla",2011,0
"AI","Anguilla",2012,0
"AG","Antigua and Barbuda",2000,0
"AG","Antigua and Barbuda",2001,0
"AG","Antigua and Barbuda",2002,20000
"AG","Antigua and Barbuda",2003,0
"AG","Antigua and Barbuda",2004,0
"AG","Antigua and Barbuda",2005,80000
"AG","Antigua and Barbuda",2006,10000
"AG","Antigua and Barbuda",2007,10000
"AG","Antigua and Barbuda",2008,0
"AG","Antigua and Barbuda",2009,120000
"AG","Antigua and Barbuda",2010,0
"AG","Antigua and Barbuda",2011,0
"AG","Antigua and Barbuda",2012,0
"AR","Argentina",2000,1910000
"AR","Argentina",2001,1910000
"AR","Argentina",2002,13870000
"AR","Argentina",2003,46120000
"AR","Argentina",2004,1180000
"AR","Argentina",2005,1800000
"AR","Argentina",2006,710000
"AR","Argentina",2007,1260000
"AR","Argentina",2008,980000
"AR","Argentina",2009,3670000
"AR","Argentina",2010,1820000
"AR","Argentina",2011,4220000
"AR","Argentina",2012,470000
"AM","Armenia",2000,13630000
"AM","Armenia",2001,27760000
"AM","Armenia",2002,33040000
"AM","Armenia",2003,20210000
"AM","Armenia",2004,14600000
"AM","Armenia",2005,13990000
"AM","Armenia",2006,14390000
"AM","Armenia",2007,9520000
"AM","Armenia",2008,3160000
"AM","Armenia",2009,2690000
"AM","Armenia",2010,5620000
"AM","Armenia",2011,5750000
"AM","Armenia",2012,7460000
"AW","Aruba",2000,0
"AW","Aruba",2001,0
"AW","Aruba",2002,0
"AW","Aruba",2003,0
"AW","Aruba",2004,0
"AW","Aruba",2005,0
"AW","Aruba",2006,0
"AW","Aruba",2007,0
"AW","Aruba",2008,0
"AW","Aruba",2009,0
"AW","Aruba",2010,0
"AW","Aruba",2011,0
"AW","Aruba",2012,0
"AZ","Azerbaijan",2000,19970000
"AZ","Azerbaijan",2001,29270000
"AZ","Azerbaijan",2002,26290000
"AZ","Azerbaijan",2003,21180000
"AZ","Azerbaijan",2004,27020000
"AZ","Azerbaijan",2005,16600000
"AZ","Azerbaijan",2006,7680000
"AZ","Azerbaijan",2007,9710000
"AZ","Azerbaijan",2008,5970000
"AZ","Azerbaijan",2009,4230000
"AZ","Azerbaijan",2010,3700000
"AZ","Azerbaijan",2011,1760000
"AZ","Azerbaijan",2012,1870000
"BS","Bahamas",2000,0
"BS","Bahamas",2001,0
"BS","Bahamas",2002,0
"BS","Bahamas",2003,0
"BS","Bahamas",2004,0
"BS","Bahamas",2005,0
"BS","Bahamas",2006,0
"BS","Bahamas",2007,0
"BS","Bahamas",2008,0
"BS","Bahamas",2009,0
"BS","Bahamas",2010,0
"BS","Bahamas",2011,0
"BS","Bahamas",2012,0
"BH","Bahrain",2000,0
"BH","Bahrain",2001,0
"BH","Bahrain",2002,0
"BH","Bahrain",2003,0
"BH","Bahrain",2004,0
"BH","Bahrain",2005,0
"BH","Bahrain",2006,0
"BH","Bahrain",2007,0
"BH","Bahrain",2008,0
"BH","Bahrain",2009,0
"BH","Bahrain",2010,0
"BH","Bahrain",2011,0
"BH","Bahrain",2012,0
"BD","Bangladesh",2000,39880000
"BD","Bangladesh",2001,64260000
"BD","Bangladesh",2002,70430000
"BD","Bangladesh",2003,32890000
"BD","Bangladesh",2004,108540000
"BD","Bangladesh",2005,39760000
"BD","Bangladesh",2006,16960000
"BD","Bangladesh",2007,339750000
"BD","Bangladesh",2008,146200000
"BD","Bangladesh",2009,124460000
"BD","Bangladesh",2010,104730000
"BD","Bangladesh",2011,82590000
"BD","Bangladesh",2012,87170000
"BB","Barbados",2000,0
"BB","Barbados",2001,190000
"BB","Barbados",2002,220000
"BB","Barbados",2003,4e+05
"BB","Barbados",2004,460000
"BB","Barbados",2005,540000
"BB","Barbados",2006,620000
"BB","Barbados",2007,2e+05
"BB","Barbados",2008,70000
"BB","Barbados",2009,160000
"BB","Barbados",2010,2830000
"BB","Barbados",2011,0
"BB","Barbados",2012,0
"BY","Belarus",2000,0
"BY","Belarus",2001,0
"BY","Belarus",2002,0
"BY","Belarus",2003,0
"BY","Belarus",2004,0
"BY","Belarus",2005,7210000
"BY","Belarus",2006,4770000
"BY","Belarus",2007,4510000
"BY","Belarus",2008,2920000
"BY","Belarus",2009,2280000
"BY","Belarus",2010,1110000
"BY","Belarus",2011,240000
"BY","Belarus",2012,340000
"BZ","Belize",2000,1480000
"BZ","Belize",2001,2610000
"BZ","Belize",2002,1320000
"BZ","Belize",2003,230000
"BZ","Belize",2004,2e+05
"BZ","Belize",2005,340000
"BZ","Belize",2006,880000
"BZ","Belize",2007,750000
"BZ","Belize",2008,560000
"BZ","Belize",2009,730000
"BZ","Belize",2010,360000
"BZ","Belize",2011,510000
"BZ","Belize",2012,210000
"BJ","Benin",2000,5180000
"BJ","Benin",2001,4740000
"BJ","Benin",2002,7040000
"BJ","Benin",2003,5170000
"BJ","Benin",2004,4810000
"BJ","Benin",2005,8220000
"BJ","Benin",2006,5910000
"BJ","Benin",2007,4400000
"BJ","Benin",2008,4280000
"BJ","Benin",2009,4260000
"BJ","Benin",2010,15090000
"BJ","Benin",2011,9620000
"BJ","Benin",2012,2850000
"BM","Bermuda",2000,0
"BM","Bermuda",2001,0
"BM","Bermuda",2002,0
"BM","Bermuda",2003,0
"BM","Bermuda",2004,0
"BM","Bermuda",2005,0
"BM","Bermuda",2006,0
"BM","Bermuda",2007,0
"BM","Bermuda",2008,0
"BM","Bermuda",2009,0
"BM","Bermuda",2010,0
"BM","Bermuda",2011,0
"BM","Bermuda",2012,0
"BT","Bhutan",2000,2580000
"BT","Bhutan",2001,2340000
"BT","Bhutan",2002,4550000
"BT","Bhutan",2003,6400000
"BT","Bhutan",2004,3660000
"BT","Bhutan",2005,1990000
"BT","Bhutan",2006,1930000
"BT","Bhutan",2007,2520000
"BT","Bhutan",2008,2290000
"BT","Bhutan",2009,2700000
"BT","Bhutan",2010,3010000
"BT","Bhutan",2011,6490000
"BT","Bhutan",2012,1360000
"BO","Bolivia ",2000,8430000
"BO","Bolivia ",2001,1.3e+07
"BO","Bolivia ",2002,17860000
"BO","Bolivia ",2003,7340000
"BO","Bolivia ",2004,6560000
"BO","Bolivia ",2005,9710000
"BO","Bolivia ",2006,8720000
"BO","Bolivia ",2007,20380000
"BO","Bolivia ",2008,29450000
"BO","Bolivia ",2009,10860000
"BO","Bolivia ",2010,13230000
"BO","Bolivia ",2011,13830000
"BO","Bolivia ",2012,4560000
"BA","Bosnia and Herzegovina",2000,123620000
"BA","Bosnia and Herzegovina",2001,162880000
"BA","Bosnia and Herzegovina",2002,81290000
"BA","Bosnia and Herzegovina",2003,46370000
"BA","Bosnia and Herzegovina",2004,47050000
"BA","Bosnia and Herzegovina",2005,31840000
"BA","Bosnia and Herzegovina",2006,23350000
"BA","Bosnia and Herzegovina",2007,9990000
"BA","Bosnia and Herzegovina",2008,7580000
"BA","Bosnia and Herzegovina",2009,7310000
"BA","Bosnia and Herzegovina",2010,4340000
"BA","Bosnia and Herzegovina",2011,5140000
"BA","Bosnia and Herzegovina",2012,2020000
"BW","Botswana",2000,1850000
"BW","Botswana",2001,2830000
"BW","Botswana",2002,2840000
"BW","Botswana",2003,2400000
"BW","Botswana",2004,2830000
"BW","Botswana",2005,1080000
"BW","Botswana",2006,630000
"BW","Botswana",2007,1250000
"BW","Botswana",2008,1260000
"BW","Botswana",2009,1630000
"BW","Botswana",2010,3450000
"BW","Botswana",2011,3090000
"BW","Botswana",2012,3e+05
"BR","Brazil",2000,3200000
"BR","Brazil",2001,7410000
"BR","Brazil",2002,4210000
"BR","Brazil",2003,7170000
"BR","Brazil",2004,3820000
"BR","Brazil",2005,4670000
"BR","Brazil",2006,5200000
"BR","Brazil",2007,3880000
"BR","Brazil",2008,7230000
"BR","Brazil",2009,4080000
"BR","Brazil",2010,2710000
"BR","Brazil",2011,6980000
"BR","Brazil",2012,2410000
"BN","Brunei",2000,0
"BN","Brunei",2001,0
"BN","Brunei",2002,0
"BN","Brunei",2003,0
"BN","Brunei",2004,0
"BN","Brunei",2005,0
"BN","Brunei",2006,0
"BN","Brunei",2007,0
"BN","Brunei",2008,0
"BN","Brunei",2009,0
"BN","Brunei",2010,0
"BN","Brunei",2011,0
"BN","Brunei",2012,0
"BF","Burkina Faso",2000,4280000
"BF","Burkina Faso",2001,6540000
"BF","Burkina Faso",2002,7360000
"BF","Burkina Faso",2003,10050000
"BF","Burkina Faso",2004,8150000
"BF","Burkina Faso",2005,7060000
"BF","Burkina Faso",2006,9880000
"BF","Burkina Faso",2007,20140000
"BF","Burkina Faso",2008,34270000
"BF","Burkina Faso",2009,46030000
"BF","Burkina Faso",2010,52050000
"BF","Burkina Faso",2011,33550000
"BF","Burkina Faso",2012,97800000
"BI","Burundi",2000,60860000
"BI","Burundi",2001,84370000
"BI","Burundi",2002,109450000
"BI","Burundi",2003,157020000
"BI","Burundi",2004,171600000
"BI","Burundi",2005,176660000
"BI","Burundi",2006,160660000
"BI","Burundi",2007,113930000
"BI","Burundi",2008,88130000
"BI","Burundi",2009,92340000
"BI","Burundi",2010,65840000
"BI","Burundi",2011,47380000
"BI","Burundi",2012,39950000
"CI","Côte d'Ivoire",2000,14720000
"CI","Côte d'Ivoire",2001,16300000
"CI","Côte d'Ivoire",2002,19180000
"CI","Côte d'Ivoire",2003,49750000
"CI","Côte d'Ivoire",2004,63750000
"CI","Côte d'Ivoire",2005,56340000
"CI","Côte d'Ivoire",2006,75700000
"CI","Côte d'Ivoire",2007,65370000
"CI","Côte d'Ivoire",2008,108620000
"CI","Côte d'Ivoire",2009,32870000
"CI","Côte d'Ivoire",2010,22220000
"CI","Côte d'Ivoire",2011,137260000
"CI","Côte d'Ivoire",2012,103070000
"KH","Cambodia",2000,75030000
"KH","Cambodia",2001,39530000
"KH","Cambodia",2002,28720000
"KH","Cambodia",2003,14440000
"KH","Cambodia",2004,18860000
"KH","Cambodia",2005,12760000
"KH","Cambodia",2006,17280000
"KH","Cambodia",2007,22860000
"KH","Cambodia",2008,17750000
"KH","Cambodia",2009,15220000
"KH","Cambodia",2010,12800000
"KH","Cambodia",2011,27810000
"KH","Cambodia",2012,21930000
"CM","Cameroon",2000,3250000
"CM","Cameroon",2001,36700000
"CM","Cameroon",2002,7460000
"CM","Cameroon",2003,9810000
"CM","Cameroon",2004,7810000
"CM","Cameroon",2005,6360000
"CM","Cameroon",2006,5640000
"CM","Cameroon",2007,5610000
"CM","Cameroon",2008,28410000
"CM","Cameroon",2009,28820000
"CM","Cameroon",2010,18040000
"CM","Cameroon",2011,20310000
"CM","Cameroon",2012,48030000
"CV","Cape Verde",2000,4540000
"CV","Cape Verde",2001,1320000
"CV","Cape Verde",2002,4040000
"CV","Cape Verde",2003,1240000
"CV","Cape Verde",2004,5890000
"CV","Cape Verde",2005,1030000
"CV","Cape Verde",2006,1700000
"CV","Cape Verde",2007,1360000
"CV","Cape Verde",2008,1940000
"CV","Cape Verde",2009,2530000
"CV","Cape Verde",2010,4690000
"CV","Cape Verde",2011,1370000
"CV","Cape Verde",2012,2180000
"CF","CAR",2000,6040000
"CF","CAR",2001,7710000
"CF","CAR",2002,8800000
"CF","CAR",2003,8490000
"CF","CAR",2004,12150000
"CF","CAR",2005,10440000
"CF","CAR",2006,19850000
"CF","CAR",2007,64560000
"CF","CAR",2008,71350000
"CF","CAR",2009,52330000
"CF","CAR",2010,58820000
"CF","CAR",2011,69510000
"CF","CAR",2012,68870000
"KY","Cayman Islands",2000,0
"KY","Cayman Islands",2001,0
"KY","Cayman Islands",2002,0
"KY","Cayman Islands",2003,0
"KY","Cayman Islands",2004,0
"KY","Cayman Islands",2005,0
"KY","Cayman Islands",2006,0
"KY","Cayman Islands",2007,0
"KY","Cayman Islands",2008,0
"KY","Cayman Islands",2009,0
"KY","Cayman Islands",2010,0
"KY","Cayman Islands",2011,0
"KY","Cayman Islands",2012,0
"TD","Chad",2000,9270000
"TD","Chad",2001,11530000
"TD","Chad",2002,5110000
"TD","Chad",2003,12350000
"TD","Chad",2004,113120000
"TD","Chad",2005,135740000
"TD","Chad",2006,116200000
"TD","Chad",2007,197440000
"TD","Chad",2008,259240000
"TD","Chad",2009,335670000
"TD","Chad",2010,291530000
"TD","Chad",2011,259230000
"TD","Chad",2012,298150000
"CL","Chile",2000,840000
"CL","Chile",2001,1420000
"CL","Chile",2002,1610000
"CL","Chile",2003,1940000
"CL","Chile",2004,2660000
"CL","Chile",2005,2440000
"CL","Chile",2006,2040000
"CL","Chile",2007,950000
"CL","Chile",2008,860000
"CL","Chile",2009,1290000
"CL","Chile",2010,75520000
"CL","Chile",2011,6310000
"CL","Chile",2012,4110000
"CN","China",2000,22960000
"CN","China",2001,31590000
"CN","China",2002,41390000
"CN","China",2003,62360000
"CN","China",2004,25110000
"CN","China",2005,24570000
"CN","China",2006,5480000
"CN","China",2007,8940000
"CN","China",2008,335900000
"CN","China",2009,20320000
"CN","China",2010,30220000
"CN","China",2011,19950000
"CN","China",2012,12680000
"CO","Colombia",2000,35730000
"CO","Colombia",2001,49160000
"CO","Colombia",2002,58740000
"CO","Colombia",2003,60380000
"CO","Colombia",2004,48420000
"CO","Colombia",2005,98400000
"CO","Colombia",2006,106440000
"CO","Colombia",2007,114040000
"CO","Colombia",2008,84180000
"CO","Colombia",2009,99740000
"CO","Colombia",2010,92520000
"CO","Colombia",2011,88040000
"CO","Colombia",2012,74510000
"KM","Comoros",2000,2270000
"KM","Comoros",2001,2940000
"KM","Comoros",2002,730000
"KM","Comoros",2003,240000
"KM","Comoros",2004,230000
"KM","Comoros",2005,1120000
"KM","Comoros",2006,1390000
"KM","Comoros",2007,420000
"KM","Comoros",2008,1150000
"KM","Comoros",2009,810000
"KM","Comoros",2010,1160000
"KM","Comoros",2011,230000
"KM","Comoros",2012,6560000
"CG","Congo",2000,17130000
"CG","Congo",2001,29380000
"CG","Congo",2002,29190000
"CG","Congo",2003,22050000
"CG","Congo",2004,19860000
"CG","Congo",2005,16220000
"CG","Congo",2006,9070000
"CG","Congo",2007,10050000
"CG","Congo",2008,6630000
"CG","Congo",2009,12040000
"CG","Congo",2010,25640000
"CG","Congo",2011,8850000
"CG","Congo",2012,19690000
"CK","Cook Islands",2000,0
"CK","Cook Islands",2001,0
"CK","Cook Islands",2002,0
"CK","Cook Islands",2003,1e+05
"CK","Cook Islands",2004,0
"CK","Cook Islands",2005,1810000
"CK","Cook Islands",2006,140000
"CK","Cook Islands",2007,130000
"CK","Cook Islands",2008,410000
"CK","Cook Islands",2009,1e+05
"CK","Cook Islands",2010,3730000
"CK","Cook Islands",2011,4860000
"CK","Cook Islands",2012,980000
"CR","Costa Rica",2000,960000
"CR","Costa Rica",2001,2460000
"CR","Costa Rica",2002,3100000
"CR","Costa Rica",2003,2650000
"CR","Costa Rica",2004,2520000
"CR","Costa Rica",2005,2330000
"CR","Costa Rica",2006,1430000
"CR","Costa Rica",2007,2570000
"CR","Costa Rica",2008,4940000
"CR","Costa Rica",2009,2510000
"CR","Costa Rica",2010,1790000
"CR","Costa Rica",2011,1360000
"CR","Costa Rica",2012,710000
"HR","Croatia",2000,36750000
"HR","Croatia",2001,56720000
"HR","Croatia",2002,31010000
"HR","Croatia",2003,14880000
"HR","Croatia",2004,8900000
"HR","Croatia",2005,11450000
"HR","Croatia",2006,6050000
"HR","Croatia",2007,3080000
"HR","Croatia",2008,2270000
"HR","Croatia",2009,1350000
"HR","Croatia",2010,860000
"HR","Croatia",2011,0
"HR","Croatia",2012,0
"CU","Cuba",2000,15780000
"CU","Cuba",2001,19200000
"CU","Cuba",2002,13070000
"CU","Cuba",2003,9020000
"CU","Cuba",2004,12170000
"CU","Cuba",2005,14890000
"CU","Cuba",2006,10920000
"CU","Cuba",2007,4410000
"CU","Cuba",2008,29080000
"CU","Cuba",2009,14120000
"CU","Cuba",2010,7690000
"CU","Cuba",2011,1430000
"CU","Cuba",2012,13960000
"CY","Cyprus",2000,0
"CY","Cyprus",2001,0
"CY","Cyprus",2002,0
"CY","Cyprus",2003,0
"CY","Cyprus",2004,0
"CY","Cyprus",2005,0
"CY","Cyprus",2006,0
"CY","Cyprus",2007,0
"CY","Cyprus",2008,0
"CY","Cyprus",2009,0
"CY","Cyprus",2010,0
"CY","Cyprus",2011,0
"CY","Cyprus",2012,0
"DJ","Djibouti",2000,7640000
"DJ","Djibouti",2001,6430000
"DJ","Djibouti",2002,10210000
"DJ","Djibouti",2003,12680000
"DJ","Djibouti",2004,7650000
"DJ","Djibouti",2005,8030000
"DJ","Djibouti",2006,19510000
"DJ","Djibouti",2007,13990000
"DJ","Djibouti",2008,23610000
"DJ","Djibouti",2009,16940000
"DJ","Djibouti",2010,20400000
"DJ","Djibouti",2011,48500000
"DJ","Djibouti",2012,23160000
"DM","Dominica",2000,80000
"DM","Dominica",2001,140000
"DM","Dominica",2002,40000
"DM","Dominica",2003,0
"DM","Dominica",2004,190000
"DM","Dominica",2005,80000
"DM","Dominica",2006,40000
"DM","Dominica",2007,170000
"DM","Dominica",2008,1e+05
"DM","Dominica",2009,120000
"DM","Dominica",2010,20000
"DM","Dominica",2011,530000
"DM","Dominica",2012,80000
"DO","Dominican Republic",2000,2010000
"DO","Dominican Republic",2001,22530000
"DO","Dominican Republic",2002,1280000
"DO","Dominican Republic",2003,1740000
"DO","Dominican Republic",2004,6370000
"DO","Dominican Republic",2005,990000
"DO","Dominican Republic",2006,6460000
"DO","Dominican Republic",2007,13340000
"DO","Dominican Republic",2008,22840000
"DO","Dominican Republic",2009,5780000
"DO","Dominican Republic",2010,6760000
"DO","Dominican Republic",2011,10840000
"DO","Dominican Republic",2012,3780000
"CD","DRC",2000,106980000
"CD","DRC",2001,199300000
"CD","DRC",2002,275690000
"CD","DRC",2003,273140000
"CD","DRC",2004,301050000
"CD","DRC",2005,322770000
"CD","DRC",2006,463670000
"CD","DRC",2007,442720000
"CD","DRC",2008,562310000
"CD","DRC",2009,613880000
"CD","DRC",2010,490540000
"CD","DRC",2011,444260000
"CD","DRC",2012,464300000
"EC","Ecuador",2000,6230000
"EC","Ecuador",2001,8340000
"EC","Ecuador",2002,11310000
"EC","Ecuador",2003,9630000
"EC","Ecuador",2004,3960000
"EC","Ecuador",2005,2570000
"EC","Ecuador",2006,5120000
"EC","Ecuador",2007,3540000
"EC","Ecuador",2008,15290000
"EC","Ecuador",2009,13320000
"EC","Ecuador",2010,8830000
"EC","Ecuador",2011,11230000
"EC","Ecuador",2012,9830000
"EG","Egypt",2000,18290000
"EG","Egypt",2001,11290000
"EG","Egypt",2002,10120000
"EG","Egypt",2003,11970000
"EG","Egypt",2004,8670000
"EG","Egypt",2005,7640000
"EG","Egypt",2006,8380000
"EG","Egypt",2007,3590000
"EG","Egypt",2008,2930000
"EG","Egypt",2009,10470000
"EG","Egypt",2010,8760000
"EG","Egypt",2011,27530000
"EG","Egypt",2012,15090000
"SV","El Salvador",2000,9610000
"SV","El Salvador",2001,87010000
"SV","El Salvador",2002,12550000
"SV","El Salvador",2003,7370000
"SV","El Salvador",2004,28410000
"SV","El Salvador",2005,55150000
"SV","El Salvador",2006,15330000
"SV","El Salvador",2007,11840000
"SV","El Salvador",2008,6110000
"SV","El Salvador",2009,22380000
"SV","El Salvador",2010,28110000
"SV","El Salvador",2011,13260000
"SV","El Salvador",2012,11090000
"GQ","Equatorial Guinea",2000,310000
"GQ","Equatorial Guinea",2001,230000
"GQ","Equatorial Guinea",2002,240000
"GQ","Equatorial Guinea",2003,1670000
"GQ","Equatorial Guinea",2004,2e+05
"GQ","Equatorial Guinea",2005,270000
"GQ","Equatorial Guinea",2006,210000
"GQ","Equatorial Guinea",2007,240000
"GQ","Equatorial Guinea",2008,1930000
"GQ","Equatorial Guinea",2009,1130000
"GQ","Equatorial Guinea",2010,120000
"GQ","Equatorial Guinea",2011,130000
"GQ","Equatorial Guinea",2012,150000
"ER","Eritrea",2000,76080000
"ER","Eritrea",2001,66120000
"ER","Eritrea",2002,91690000
"ER","Eritrea",2003,188840000
"ER","Eritrea",2004,130730000
"ER","Eritrea",2005,199220000
"ER","Eritrea",2006,49260000
"ER","Eritrea",2007,32470000
"ER","Eritrea",2008,26720000
"ER","Eritrea",2009,33990000
"ER","Eritrea",2010,23070000
"ER","Eritrea",2011,12540000
"ER","Eritrea",2012,15610000
"ET","Ethiopia",2000,247160000
"ET","Ethiopia",2001,231760000
"ET","Ethiopia",2002,251750000
"ET","Ethiopia",2003,840230000
"ET","Ethiopia",2004,474300000
"ET","Ethiopia",2005,697880000
"ET","Ethiopia",2006,377610000
"ET","Ethiopia",2007,328470000
"ET","Ethiopia",2008,936580000
"ET","Ethiopia",2009,737770000
"ET","Ethiopia",2010,674360000
"ET","Ethiopia",2011,685240000
"ET","Ethiopia",2012,484420000
"FK","Falkland Islands ",2000,0
"FK","Falkland Islands ",2001,0
"FK","Falkland Islands ",2002,0
"FK","Falkland Islands ",2003,0
"FK","Falkland Islands ",2004,0
"FK","Falkland Islands ",2005,0
"FK","Falkland Islands ",2006,0
"FK","Falkland Islands ",2007,0
"FK","Falkland Islands ",2008,0
"FK","Falkland Islands ",2009,0
"FK","Falkland Islands ",2010,0
"FK","Falkland Islands ",2011,0
"FK","Falkland Islands ",2012,0
"FJ","Fiji",2000,5e+05
"FJ","Fiji",2001,710000
"FJ","Fiji",2002,1700000
"FJ","Fiji",2003,2570000
"FJ","Fiji",2004,1540000
"FJ","Fiji",2005,1210000
"FJ","Fiji",2006,1560000
"FJ","Fiji",2007,1280000
"FJ","Fiji",2008,1e+05
"FJ","Fiji",2009,3350000
"FJ","Fiji",2010,16350000
"FJ","Fiji",2011,1830000
"FJ","Fiji",2012,14760000
"PF","French Polynesia",2000,0
"PF","French Polynesia",2001,0
"PF","French Polynesia",2002,0
"PF","French Polynesia",2003,0
"PF","French Polynesia",2004,0
"PF","French Polynesia",2005,0
"PF","French Polynesia",2006,0
"PF","French Polynesia",2007,0
"PF","French Polynesia",2008,0
"PF","French Polynesia",2009,0
"PF","French Polynesia",2010,1e+05
"PF","French Polynesia",2011,0
"PF","French Polynesia",2012,0
"GA","Gabon",2000,2890000
"GA","Gabon",2001,4420000
"GA","Gabon",2002,3600000
"GA","Gabon",2003,4200000
"GA","Gabon",2004,4350000
"GA","Gabon",2005,1190000
"GA","Gabon",2006,310000
"GA","Gabon",2007,730000
"GA","Gabon",2008,790000
"GA","Gabon",2009,1020000
"GA","Gabon",2010,850000
"GA","Gabon",2011,490000
"GA","Gabon",2012,2e+05
"GM","Gambia",2000,3870000
"GM","Gambia",2001,2120000
"GM","Gambia",2002,3130000
"GM","Gambia",2003,5150000
"GM","Gambia",2004,3200000
"GM","Gambia",2005,4040000
"GM","Gambia",2006,2810000
"GM","Gambia",2007,2390000
"GM","Gambia",2008,2440000
"GM","Gambia",2009,1670000
"GM","Gambia",2010,2300000
"GM","Gambia",2011,640000
"GM","Gambia",2012,9290000
"GE","Georgia",2000,28160000
"GE","Georgia",2001,46310000
"GE","Georgia",2002,37150000
"GE","Georgia",2003,35880000
"GE","Georgia",2004,60400000
"GE","Georgia",2005,23400000
"GE","Georgia",2006,14400000
"GE","Georgia",2007,21380000
"GE","Georgia",2008,109650000
"GE","Georgia",2009,144500000
"GE","Georgia",2010,52910000
"GE","Georgia",2011,58270000
"GE","Georgia",2012,33010000
"GH","Ghana",2000,4960000
"GH","Ghana",2001,4970000
"GH","Ghana",2002,5940000
"GH","Ghana",2003,8060000
"GH","Ghana",2004,10450000
"GH","Ghana",2005,9060000
"GH","Ghana",2006,7e+06
"GH","Ghana",2007,21070000
"GH","Ghana",2008,19930000
"GH","Ghana",2009,1.1e+07
"GH","Ghana",2010,4910000
"GH","Ghana",2011,6180000
"GH","Ghana",2012,9160000
"GI","Gibraltar",2000,0
"GI","Gibraltar",2001,0
"GI","Gibraltar",2002,0
"GI","Gibraltar",2003,0
"GI","Gibraltar",2004,0
"GI","Gibraltar",2005,0
"GI","Gibraltar",2006,0
"GI","Gibraltar",2007,0
"GI","Gibraltar",2008,0
"GI","Gibraltar",2009,0
"GI","Gibraltar",2010,0
"GI","Gibraltar",2011,0
"GI","Gibraltar",2012,0
"GD","Grenada",2000,0
"GD","Grenada",2001,0
"GD","Grenada",2002,20000
"GD","Grenada",2003,0
"GD","Grenada",2004,6520000
"GD","Grenada",2005,12170000
"GD","Grenada",2006,2290000
"GD","Grenada",2007,760000
"GD","Grenada",2008,190000
"GD","Grenada",2009,190000
"GD","Grenada",2010,40000
"GD","Grenada",2011,0
"GD","Grenada",2012,0
"GT","Guatemala",2000,12100000
"GT","Guatemala",2001,17950000
"GT","Guatemala",2002,45370000
"GT","Guatemala",2003,15980000
"GT","Guatemala",2004,11990000
"GT","Guatemala",2005,45980000
"GT","Guatemala",2006,45420000
"GT","Guatemala",2007,18250000
"GT","Guatemala",2008,12580000
"GT","Guatemala",2009,1.2e+07
"GT","Guatemala",2010,49940000
"GT","Guatemala",2011,35340000
"GT","Guatemala",2012,10800000
"GN","Guinea",2000,40560000
"GN","Guinea",2001,89060000
"GN","Guinea",2002,71450000
"GN","Guinea",2003,69840000
"GN","Guinea",2004,45340000
"GN","Guinea",2005,34540000
"GN","Guinea",2006,26160000
"GN","Guinea",2007,34200000
"GN","Guinea",2008,32050000
"GN","Guinea",2009,19440000
"GN","Guinea",2010,14780000
"GN","Guinea",2011,9650000
"GN","Guinea",2012,12570000
"GW","Guinea-Bissau",2000,6440000
"GW","Guinea-Bissau",2001,4980000
"GW","Guinea-Bissau",2002,6540000
"GW","Guinea-Bissau",2003,6410000
"GW","Guinea-Bissau",2004,4110000
"GW","Guinea-Bissau",2005,6340000
"GW","Guinea-Bissau",2006,6840000
"GW","Guinea-Bissau",2007,4140000
"GW","Guinea-Bissau",2008,5880000
"GW","Guinea-Bissau",2009,2370000
"GW","Guinea-Bissau",2010,2100000
"GW","Guinea-Bissau",2011,1840000
"GW","Guinea-Bissau",2012,4710000
"GY","Guyana",2000,740000
"GY","Guyana",2001,310000
"GY","Guyana",2002,310000
"GY","Guyana",2003,230000
"GY","Guyana",2004,290000
"GY","Guyana",2005,4950000
"GY","Guyana",2006,650000
"GY","Guyana",2007,8e+05
"GY","Guyana",2008,260000
"GY","Guyana",2009,360000
"GY","Guyana",2010,650000
"GY","Guyana",2011,240000
"GY","Guyana",2012,230000
"HT","Haiti",2000,11540000
"HT","Haiti",2001,9370000
"HT","Haiti",2002,7340000
"HT","Haiti",2003,14930000
"HT","Haiti",2004,71810000
"HT","Haiti",2005,76420000
"HT","Haiti",2006,80040000
"HT","Haiti",2007,48350000
"HT","Haiti",2008,219150000
"HT","Haiti",2009,147770000
"HT","Haiti",2010,3200540000
"HT","Haiti",2011,527450000
"HT","Haiti",2012,236830000
"HN","Honduras",2000,47680000
"HN","Honduras",2001,37520000
"HN","Honduras",2002,13410000
"HN","Honduras",2003,9200000
"HN","Honduras",2004,28230000
"HN","Honduras",2005,20470000
"HN","Honduras",2006,11660000
"HN","Honduras",2007,13810000
"HN","Honduras",2008,17830000
"HN","Honduras",2009,11260000
"HN","Honduras",2010,5350000
"HN","Honduras",2011,6400000
"HN","Honduras",2012,14880000
"HK","Hong Kong",2000,0
"HK","Hong Kong",2001,0
"HK","Hong Kong",2002,0
"HK","Hong Kong",2003,0
"HK","Hong Kong",2004,0
"HK","Hong Kong",2005,0
"HK","Hong Kong",2006,0
"HK","Hong Kong",2007,0
"HK","Hong Kong",2008,0
"HK","Hong Kong",2009,0
"HK","Hong Kong",2010,0
"HK","Hong Kong",2011,0
"HK","Hong Kong",2012,0
"IN","India",2000,94690000
"IN","India",2001,180170000
"IN","India",2002,64800000
"IN","India",2003,42520000
"IN","India",2004,42700000
"IN","India",2005,156100000
"IN","India",2006,86530000
"IN","India",2007,46900000
"IN","India",2008,56310000
"IN","India",2009,37860000
"IN","India",2010,34230000
"IN","India",2011,32370000
"IN","India",2012,32760000
"ID","Indonesia",2000,82330000
"ID","Indonesia",2001,85190000
"ID","Indonesia",2002,85560000
"ID","Indonesia",2003,74670000
"ID","Indonesia",2004,40210000
"ID","Indonesia",2005,1002270000
"ID","Indonesia",2006,586310000
"ID","Indonesia",2007,246140000
"ID","Indonesia",2008,146960000
"ID","Indonesia",2009,281290000
"ID","Indonesia",2010,143100000
"ID","Indonesia",2011,168550000
"ID","Indonesia",2012,51100000
"IR","Iran",2000,57510000
"IR","Iran",2001,54940000
"IR","Iran",2002,70620000
"IR","Iran",2003,77180000
"IR","Iran",2004,167130000
"IR","Iran",2005,33630000
"IR","Iran",2006,49240000
"IR","Iran",2007,20270000
"IR","Iran",2008,6770000
"IR","Iran",2009,11680000
"IR","Iran",2010,24390000
"IR","Iran",2011,14880000
"IR","Iran",2012,46310000
"IQ","Iraq",2000,149190000
"IQ","Iraq",2001,179410000
"IQ","Iraq",2002,156830000
"IQ","Iraq",2003,1424130000
"IQ","Iraq",2004,1165790000
"IQ","Iraq",2005,757440000
"IQ","Iraq",2006,435440000
"IQ","Iraq",2007,411870000
"IQ","Iraq",2008,409800000
"IQ","Iraq",2009,525030000
"IQ","Iraq",2010,209390000
"IQ","Iraq",2011,302110000
"IQ","Iraq",2012,97660000
"IL","Israel",2000,0
"IL","Israel",2001,30000
"IL","Israel",2002,0
"IL","Israel",2003,0
"IL","Israel",2004,0
"IL","Israel",2005,0
"IL","Israel",2006,0
"IL","Israel",2007,0
"IL","Israel",2008,0
"IL","Israel",2009,0
"IL","Israel",2010,0
"IL","Israel",2011,0
"IL","Israel",2012,0
"JM","Jamaica",2000,3e+05
"JM","Jamaica",2001,880000
"JM","Jamaica",2002,820000
"JM","Jamaica",2003,650000
"JM","Jamaica",2004,2750000
"JM","Jamaica",2005,3850000
"JM","Jamaica",2006,10320000
"JM","Jamaica",2007,2450000
"JM","Jamaica",2008,1130000
"JM","Jamaica",2009,740000
"JM","Jamaica",2010,1900000
"JM","Jamaica",2011,1730000
"JM","Jamaica",2012,850000
"JO","Jordan",2000,126460000
"JO","Jordan",2001,131330000
"JO","Jordan",2002,129320000
"JO","Jordan",2003,140590000
"JO","Jordan",2004,114920000
"JO","Jordan",2005,113650000
"JO","Jordan",2006,111440000
"JO","Jordan",2007,113590000
"JO","Jordan",2008,146580000
"JO","Jordan",2009,140780000
"JO","Jordan",2010,177190000
"JO","Jordan",2011,151320000
"JO","Jordan",2012,303260000
"KZ","Kazakhstan",2000,3750000
"KZ","Kazakhstan",2001,6960000
"KZ","Kazakhstan",2002,5770000
"KZ","Kazakhstan",2003,3590000
"KZ","Kazakhstan",2004,3210000
"KZ","Kazakhstan",2005,2590000
"KZ","Kazakhstan",2006,1460000
"KZ","Kazakhstan",2007,1190000
"KZ","Kazakhstan",2008,1710000
"KZ","Kazakhstan",2009,1020000
"KZ","Kazakhstan",2010,3410000
"KZ","Kazakhstan",2011,1470000
"KZ","Kazakhstan",2012,1210000
"KE","Kenya",2000,80020000
"KE","Kenya",2001,96200000
"KE","Kenya",2002,99690000
"KE","Kenya",2003,82080000
"KE","Kenya",2004,98590000
"KE","Kenya",2005,90810000
"KE","Kenya",2006,268880000
"KE","Kenya",2007,205070000
"KE","Kenya",2008,323070000
"KE","Kenya",2009,421640000
"KE","Kenya",2010,303600000
"KE","Kenya",2011,533260000
"KE","Kenya",2012,403510000
"KI","Kiribati",2000,0
"KI","Kiribati",2001,50000
"KI","Kiribati",2002,40000
"KI","Kiribati",2003,0
"KI","Kiribati",2004,0
"KI","Kiribati",2005,90000
"KI","Kiribati",2006,0
"KI","Kiribati",2007,0
"KI","Kiribati",2008,0
"KI","Kiribati",2009,0
"KI","Kiribati",2010,7390000
"KI","Kiribati",2011,1320000
"KI","Kiribati",2012,870000
"XK","Kosovo",2000,0
"XK","Kosovo",2001,0
"XK","Kosovo",2002,0
"XK","Kosovo",2003,0
"XK","Kosovo",2004,0
"XK","Kosovo",2005,0
"XK","Kosovo",2006,0
"XK","Kosovo",2007,0
"XK","Kosovo",2008,0
"XK","Kosovo",2009,14020000
"XK","Kosovo",2010,11050000
"XK","Kosovo",2011,12430000
"XK","Kosovo",2012,10170000
"KW","Kuwait",2000,0
"KW","Kuwait",2001,0
"KW","Kuwait",2002,0
"KW","Kuwait",2003,0
"KW","Kuwait",2004,0
"KW","Kuwait",2005,0
"KW","Kuwait",2006,0
"KW","Kuwait",2007,0
"KW","Kuwait",2008,0
"KW","Kuwait",2009,0
"KW","Kuwait",2010,0
"KW","Kuwait",2011,0
"KW","Kuwait",2012,0
"KG","Kyrgyzstan",2000,3820000
"KG","Kyrgyzstan",2001,7260000
"KG","Kyrgyzstan",2002,9140000
"KG","Kyrgyzstan",2003,7770000
"KG","Kyrgyzstan",2004,7300000
"KG","Kyrgyzstan",2005,4390000
"KG","Kyrgyzstan",2006,11420000
"KG","Kyrgyzstan",2007,3060000
"KG","Kyrgyzstan",2008,9680000
"KG","Kyrgyzstan",2009,10860000
"KG","Kyrgyzstan",2010,87550000
"KG","Kyrgyzstan",2011,27750000
"KG","Kyrgyzstan",2012,13090000
"LA","Lao",2000,11120000
"LA","Lao",2001,9150000
"LA","Lao",2002,7860000
"LA","Lao",2003,5700000
"LA","Lao",2004,5390000
"LA","Lao",2005,8710000
"LA","Lao",2006,8300000
"LA","Lao",2007,7280000
"LA","Lao",2008,12550000
"LA","Lao",2009,17390000
"LA","Lao",2010,12760000
"LA","Lao",2011,13540000
"LA","Lao",2012,6560000
"LB","Lebanon",2000,83550000
"LB","Lebanon",2001,91390000
"LB","Lebanon",2002,95480000
"LB","Lebanon",2003,85850000
"LB","Lebanon",2004,94850000
"LB","Lebanon",2005,99800000
"LB","Lebanon",2006,581180000
"LB","Lebanon",2007,338960000
"LB","Lebanon",2008,193830000
"LB","Lebanon",2009,140630000
"LB","Lebanon",2010,126970000
"LB","Lebanon",2011,135570000
"LB","Lebanon",2012,404360000
"LS","Lesotho",2000,1990000
"LS","Lesotho",2001,1720000
"LS","Lesotho",2002,7900000
"LS","Lesotho",2003,8490000
"LS","Lesotho",2004,9050000
"LS","Lesotho",2005,14950000
"LS","Lesotho",2006,5250000
"LS","Lesotho",2007,27760000
"LS","Lesotho",2008,7690000
"LS","Lesotho",2009,3460000
"LS","Lesotho",2010,10310000
"LS","Lesotho",2011,8530000
"LS","Lesotho",2012,16270000
"LR","Liberia",2000,42470000
"LR","Liberia",2001,25690000
"LR","Liberia",2002,51160000
"LR","Liberia",2003,113590000
"LR","Liberia",2004,185740000
"LR","Liberia",2005,151530000
"LR","Liberia",2006,156660000
"LR","Liberia",2007,112790000
"LR","Liberia",2008,111810000
"LR","Liberia",2009,46360000
"LR","Liberia",2010,32010000
"LR","Liberia",2011,99030000
"LR","Liberia",2012,73250000
"LY","Libya",2000,0
"LY","Libya",2001,0
"LY","Libya",2002,0
"LY","Libya",2003,0
"LY","Libya",2004,0
"LY","Libya",2005,2270000
"LY","Libya",2006,870000
"LY","Libya",2007,850000
"LY","Libya",2008,1170000
"LY","Libya",2009,2010000
"LY","Libya",2010,760000
"LY","Libya",2011,518380000
"LY","Libya",2012,34470000
"MO","Macao",2000,0
"MO","Macao",2001,0
"MO","Macao",2002,0
"MO","Macao",2003,0
"MO","Macao",2004,0
"MO","Macao",2005,0
"MO","Macao",2006,0
"MO","Macao",2007,0
"MO","Macao",2008,0
"MO","Macao",2009,0
"MO","Macao",2010,0
"MO","Macao",2011,0
"MO","Macao",2012,0
"MK","Macedonia",2000,41060000
"MK","Macedonia",2001,70880000
"MK","Macedonia",2002,38530000
"MK","Macedonia",2003,15820000
"MK","Macedonia",2004,5370000
"MK","Macedonia",2005,4890000
"MK","Macedonia",2006,1290000
"MK","Macedonia",2007,3280000
"MK","Macedonia",2008,2150000
"MK","Macedonia",2009,1950000
"MK","Macedonia",2010,820000
"MK","Macedonia",2011,9e+05
"MK","Macedonia",2012,2200000
"MG","Madagascar",2000,13080000
"MG","Madagascar",2001,20950000
"MG","Madagascar",2002,12110000
"MG","Madagascar",2003,13740000
"MG","Madagascar",2004,14400000
"MG","Madagascar",2005,9530000
"MG","Madagascar",2006,8170000
"MG","Madagascar",2007,31090000
"MG","Madagascar",2008,33570000
"MG","Madagascar",2009,27470000
"MG","Madagascar",2010,2.9e+07
"MG","Madagascar",2011,25390000
"MG","Madagascar",2012,25310000
"MW","Malawi",2000,6340000
"MW","Malawi",2001,13150000
"MW","Malawi",2002,39180000
"MW","Malawi",2003,42800000
"MW","Malawi",2004,1.5e+07
"MW","Malawi",2005,59140000
"MW","Malawi",2006,67220000
"MW","Malawi",2007,20620000
"MW","Malawi",2008,27180000
"MW","Malawi",2009,16820000
"MW","Malawi",2010,20580000
"MW","Malawi",2011,18490000
"MW","Malawi",2012,58540000
"MY","Malaysia",2000,850000
"MY","Malaysia",2001,1890000
"MY","Malaysia",2002,430000
"MY","Malaysia",2003,3960000
"MY","Malaysia",2004,2290000
"MY","Malaysia",2005,4170000
"MY","Malaysia",2006,1040000
"MY","Malaysia",2007,2540000
"MY","Malaysia",2008,3400000
"MY","Malaysia",2009,3070000
"MY","Malaysia",2010,4790000
"MY","Malaysia",2011,16630000
"MY","Malaysia",2012,2700000
"MV","Maldives",2000,220000
"MV","Maldives",2001,270000
"MV","Maldives",2002,3520000
"MV","Maldives",2003,170000
"MV","Maldives",2004,1130000
"MV","Maldives",2005,64970000
"MV","Maldives",2006,21620000
"MV","Maldives",2007,11900000
"MV","Maldives",2008,1810000
"MV","Maldives",2009,9470000
"MV","Maldives",2010,21390000
"MV","Maldives",2011,2710000
"MV","Maldives",2012,640000
"ML","Mali",2000,8150000
"ML","Mali",2001,8430000
"ML","Mali",2002,10980000
"ML","Mali",2003,1.2e+07
"ML","Mali",2004,11270000
"ML","Mali",2005,29010000
"ML","Mali",2006,23400000
"ML","Mali",2007,15990000
"ML","Mali",2008,15100000
"ML","Mali",2009,12140000
"ML","Mali",2010,25690000
"ML","Mali",2011,21810000
"ML","Mali",2012,258410000
"MT","Malta",2000,230000
"MT","Malta",2001,220000
"MT","Malta",2002,180000
"MT","Malta",2003,0
"MT","Malta",2004,0
"MT","Malta",2005,0
"MT","Malta",2006,0
"MT","Malta",2007,0
"MT","Malta",2008,0
"MT","Malta",2009,0
"MT","Malta",2010,0
"MT","Malta",2011,0
"MT","Malta",2012,0
"MH","Marshall Islands",2000,0
"MH","Marshall Islands",2001,0
"MH","Marshall Islands",2002,0
"MH","Marshall Islands",2003,0
"MH","Marshall Islands",2004,0
"MH","Marshall Islands",2005,1e+05
"MH","Marshall Islands",2006,2520000
"MH","Marshall Islands",2007,1e+05
"MH","Marshall Islands",2008,110000
"MH","Marshall Islands",2009,890000
"MH","Marshall Islands",2010,40000
"MH","Marshall Islands",2011,330000
"MH","Marshall Islands",2012,860000
"MR","Mauritania",2000,5750000
"MR","Mauritania",2001,6460000
"MR","Mauritania",2002,9950000
"MR","Mauritania",2003,29330000
"MR","Mauritania",2004,13010000
"MR","Mauritania",2005,24970000
"MR","Mauritania",2006,16780000
"MR","Mauritania",2007,50690000
"MR","Mauritania",2008,40890000
"MR","Mauritania",2009,17350000
"MR","Mauritania",2010,11770000
"MR","Mauritania",2011,14240000
"MR","Mauritania",2012,69570000
"MU","Mauritius",2000,230000
"MU","Mauritius",2001,220000
"MU","Mauritius",2002,1520000
"MU","Mauritius",2003,280000
"MU","Mauritius",2004,0
"MU","Mauritius",2005,0
"MU","Mauritius",2006,0
"MU","Mauritius",2007,10000
"MU","Mauritius",2008,1e+05
"MU","Mauritius",2009,0
"MU","Mauritius",2010,130000
"MU","Mauritius",2011,110000
"MU","Mauritius",2012,3940000
"YT","Mayotte",2000,0
"YT","Mayotte",2001,0
"YT","Mayotte",2002,0
"YT","Mayotte",2003,0
"YT","Mayotte",2004,0
"YT","Mayotte",2005,0
"YT","Mayotte",2006,0
"YT","Mayotte",2007,0
"YT","Mayotte",2008,0
"YT","Mayotte",2009,0
"YT","Mayotte",2010,0
"YT","Mayotte",2011,0
"YT","Mayotte",2012,0
"MX","Mexico",2000,9650000
"MX","Mexico",2001,9990000
"MX","Mexico",2002,8400000
"MX","Mexico",2003,6740000
"MX","Mexico",2004,4340000
"MX","Mexico",2005,3110000
"MX","Mexico",2006,1810000
"MX","Mexico",2007,6420000
"MX","Mexico",2008,4100000
"MX","Mexico",2009,6530000
"MX","Mexico",2010,1370000
"MX","Mexico",2011,760000
"MX","Mexico",2012,1910000
"FM","Micronesia",2000,0
"FM","Micronesia",2001,0
"FM","Micronesia",2002,40000
"FM","Micronesia",2003,160000
"FM","Micronesia",2004,0
"FM","Micronesia",2005,1e+05
"FM","Micronesia",2006,650000
"FM","Micronesia",2007,0
"FM","Micronesia",2008,140000
"FM","Micronesia",2009,820000
"FM","Micronesia",2010,0
"FM","Micronesia",2011,480000
"FM","Micronesia",2012,1260000
"MD","Moldova",2000,13470000
"MD","Moldova",2001,25670000
"MD","Moldova",2002,11050000
"MD","Moldova",2003,17570000
"MD","Moldova",2004,8390000
"MD","Moldova",2005,11080000
"MD","Moldova",2006,5890000
"MD","Moldova",2007,9810000
"MD","Moldova",2008,8410000
"MD","Moldova",2009,1520000
"MD","Moldova",2010,3050000
"MD","Moldova",2011,1540000
"MD","Moldova",2012,1270000
"MN","Mongolia",2000,15650000
"MN","Mongolia",2001,27500000
"MN","Mongolia",2002,5890000
"MN","Mongolia",2003,8510000
"MN","Mongolia",2004,5190000
"MN","Mongolia",2005,6660000
"MN","Mongolia",2006,1880000
"MN","Mongolia",2007,1490000
"MN","Mongolia",2008,840000
"MN","Mongolia",2009,1040000
"MN","Mongolia",2010,13480000
"MN","Mongolia",2011,1590000
"MN","Mongolia",2012,2240000
"ME","Montenegro",2000,0
"ME","Montenegro",2001,0
"ME","Montenegro",2002,0
"ME","Montenegro",2003,0
"ME","Montenegro",2004,0
"ME","Montenegro",2005,0
"ME","Montenegro",2006,950000
"ME","Montenegro",2007,3620000
"ME","Montenegro",2008,1770000
"ME","Montenegro",2009,2730000
"ME","Montenegro",2010,4590000
"ME","Montenegro",2011,4290000
"ME","Montenegro",2012,3660000
"MS","Montserrat",2000,8730000
"MS","Montserrat",2001,2700000
"MS","Montserrat",2002,2120000
"MS","Montserrat",2003,1750000
"MS","Montserrat",2004,4e+05
"MS","Montserrat",2005,130000
"MS","Montserrat",2006,10000
"MS","Montserrat",2007,0
"MS","Montserrat",2008,220000
"MS","Montserrat",2009,90000
"MS","Montserrat",2010,150000
"MS","Montserrat",2011,0
"MS","Montserrat",2012,0
"MA","Morocco",2000,4500000
"MA","Morocco",2001,4480000
"MA","Morocco",2002,4920000
"MA","Morocco",2003,2640000
"MA","Morocco",2004,22720000
"MA","Morocco",2005,7080000
"MA","Morocco",2006,6340000
"MA","Morocco",2007,12460000
"MA","Morocco",2008,3010000
"MA","Morocco",2009,3160000
"MA","Morocco",2010,5290000
"MA","Morocco",2011,4930000
"MA","Morocco",2012,11410000
"MZ","Mozambique",2000,184580000
"MZ","Mozambique",2001,130080000
"MZ","Mozambique",2002,34720000
"MZ","Mozambique",2003,26470000
"MZ","Mozambique",2004,28600000
"MZ","Mozambique",2005,21950000
"MZ","Mozambique",2006,22170000
"MZ","Mozambique",2007,57160000
"MZ","Mozambique",2008,66280000
"MZ","Mozambique",2009,48550000
"MZ","Mozambique",2010,27970000
"MZ","Mozambique",2011,30760000
"MZ","Mozambique",2012,32220000
"MM","Myanmar",2000,27040000
"MM","Myanmar",2001,30340000
"MM","Myanmar",2002,44910000
"MM","Myanmar",2003,34600000
"MM","Myanmar",2004,37230000
"MM","Myanmar",2005,38580000
"MM","Myanmar",2006,44970000
"MM","Myanmar",2007,56640000
"MM","Myanmar",2008,521810000
"MM","Myanmar",2009,167290000
"MM","Myanmar",2010,112290000
"MM","Myanmar",2011,92500000
"MM","Myanmar",2012,130370000
"NA","Namibia",2000,5930000
"NA","Namibia",2001,6470000
"NA","Namibia",2002,9400000
"NA","Namibia",2003,7760000
"NA","Namibia",2004,9790000
"NA","Namibia",2005,2600000
"NA","Namibia",2006,4070000
"NA","Namibia",2007,3840000
"NA","Namibia",2008,5330000
"NA","Namibia",2009,6270000
"NA","Namibia",2010,2330000
"NA","Namibia",2011,7170000
"NA","Namibia",2012,5350000
"NR","Nauru",2000,0
"NR","Nauru",2001,0
"NR","Nauru",2002,0
"NR","Nauru",2003,40000
"NR","Nauru",2004,0
"NR","Nauru",2005,70000
"NR","Nauru",2006,0
"NR","Nauru",2007,430000
"NR","Nauru",2008,50000
"NR","Nauru",2009,270000
"NR","Nauru",2010,890000
"NR","Nauru",2011,60000
"NR","Nauru",2012,1360000
"NP","Nepal",2000,21190000
"NP","Nepal",2001,31230000
"NP","Nepal",2002,41260000
"NP","Nepal",2003,28820000
"NP","Nepal",2004,39300000
"NP","Nepal",2005,38730000
"NP","Nepal",2006,51120000
"NP","Nepal",2007,71270000
"NP","Nepal",2008,99610000
"NP","Nepal",2009,85850000
"NP","Nepal",2010,35520000
"NP","Nepal",2011,52470000
"NP","Nepal",2012,45380000
"NC","New Caledonia",2000,0
"NC","New Caledonia",2001,0
"NC","New Caledonia",2002,0
"NC","New Caledonia",2003,0
"NC","New Caledonia",2004,0
"NC","New Caledonia",2005,0
"NC","New Caledonia",2006,0
"NC","New Caledonia",2007,0
"NC","New Caledonia",2008,0
"NC","New Caledonia",2009,0
"NC","New Caledonia",2010,0
"NC","New Caledonia",2011,0
"NC","New Caledonia",2012,0
"NI","Nicaragua",2000,45360000
"NI","Nicaragua",2001,30740000
"NI","Nicaragua",2002,41360000
"NI","Nicaragua",2003,16840000
"NI","Nicaragua",2004,33510000
"NI","Nicaragua",2005,27630000
"NI","Nicaragua",2006,29650000
"NI","Nicaragua",2007,42800000
"NI","Nicaragua",2008,25800000
"NI","Nicaragua",2009,17240000
"NI","Nicaragua",2010,12530000
"NI","Nicaragua",2011,14640000
"NI","Nicaragua",2012,12240000
"NE","Niger",2000,8090000
"NE","Niger",2001,17990000
"NE","Niger",2002,12430000
"NE","Niger",2003,6790000
"NE","Niger",2004,9650000
"NE","Niger",2005,126780000
"NE","Niger",2006,83270000
"NE","Niger",2007,37230000
"NE","Niger",2008,60810000
"NE","Niger",2009,55730000
"NE","Niger",2010,246040000
"NE","Niger",2011,181890000
"NE","Niger",2012,290970000
"NG","Nigeria",2000,10670000
"NG","Nigeria",2001,16370000
"NG","Nigeria",2002,17250000
"NG","Nigeria",2003,26830000
"NG","Nigeria",2004,27600000
"NG","Nigeria",2005,19050000
"NG","Nigeria",2006,11760000
"NG","Nigeria",2007,11510000
"NG","Nigeria",2008,15320000
"NG","Nigeria",2009,19500000
"NG","Nigeria",2010,25080000
"NG","Nigeria",2011,31150000
"NG","Nigeria",2012,33650000
"NU","Niue",2000,20000
"NU","Niue",2001,50000
"NU","Niue",2002,0
"NU","Niue",2003,0
"NU","Niue",2004,7650000
"NU","Niue",2005,310000
"NU","Niue",2006,0
"NU","Niue",2007,0
"NU","Niue",2008,0
"NU","Niue",2009,0
"NU","Niue",2010,1070000
"NU","Niue",2011,60000
"NU","Niue",2012,20000
"KP","North Korea",2000,53310000
"KP","North Korea",2001,118270000
"KP","North Korea",2002,152020000
"KP","North Korea",2003,152820000
"KP","North Korea",2004,145300000
"KP","North Korea",2005,72270000
"KP","North Korea",2006,36110000
"KP","North Korea",2007,85180000
"KP","North Korea",2008,121820000
"KP","North Korea",2009,62900000
"KP","North Korea",2010,42180000
"KP","North Korea",2011,68230000
"KP","North Korea",2012,63020000
"MP","Northern Mariana Islands",2000,0
"MP","Northern Mariana Islands",2001,0
"MP","Northern Mariana Islands",2002,0
"MP","Northern Mariana Islands",2003,0
"MP","Northern Mariana Islands",2004,0
"MP","Northern Mariana Islands",2005,0
"MP","Northern Mariana Islands",2006,0
"MP","Northern Mariana Islands",2007,0
"MP","Northern Mariana Islands",2008,0
"MP","Northern Mariana Islands",2009,0
"MP","Northern Mariana Islands",2010,0
"MP","Northern Mariana Islands",2011,0
"MP","Northern Mariana Islands",2012,0
"OM","Oman",2000,3e+05
"OM","Oman",2001,240000
"OM","Oman",2002,190000
"OM","Oman",2003,160000
"OM","Oman",2004,0
"OM","Oman",2005,0
"OM","Oman",2006,40000
"OM","Oman",2007,50000
"OM","Oman",2008,40000
"OM","Oman",2009,0
"OM","Oman",2010,0
"OM","Oman",2011,60000
"OM","Oman",2012,30000
"PK","Pakistan",2000,52710000
"PK","Pakistan",2001,88310000
"PK","Pakistan",2002,7.4e+07
"PK","Pakistan",2003,72520000
"PK","Pakistan",2004,64490000
"PK","Pakistan",2005,951480000
"PK","Pakistan",2006,552880000
"PK","Pakistan",2007,264810000
"PK","Pakistan",2008,221520000
"PK","Pakistan",2009,610510000
"PK","Pakistan",2010,2242430000
"PK","Pakistan",2011,1419560000
"PK","Pakistan",2012,528810000
"PW","Palau",2000,0
"PW","Palau",2001,0
"PW","Palau",2002,0
"PW","Palau",2003,0
"PW","Palau",2004,0
"PW","Palau",2005,70000
"PW","Palau",2006,340000
"PW","Palau",2007,80000
"PW","Palau",2008,60000
"PW","Palau",2009,310000
"PW","Palau",2010,0
"PW","Palau",2011,60000
"PW","Palau",2012,3810000
"PS","Palestine",2000,287240000
"PS","Palestine",2001,1689120000
"PS","Palestine",2002,497600000
"PS","Palestine",2003,488280000
"PS","Palestine",2004,701890000
"PS","Palestine",2005,382620000
"PS","Palestine",2006,615260000
"PS","Palestine",2007,622860000
"PS","Palestine",2008,660640000
"PS","Palestine",2009,1177800000
"PS","Palestine",2010,6.44e+08
"PS","Palestine",2011,838040000
"PS","Palestine",2012,654120000
"PA","Panama",2000,470000
"PA","Panama",2001,630000
"PA","Panama",2002,1010000
"PA","Panama",2003,750000
"PA","Panama",2004,990000
"PA","Panama",2005,750000
"PA","Panama",2006,630000
"PA","Panama",2007,520000
"PA","Panama",2008,1800000
"PA","Panama",2009,2150000
"PA","Panama",2010,3400000
"PA","Panama",2011,3580000
"PA","Panama",2012,3910000
"PG","Papua New Guinea",2000,850000
"PG","Papua New Guinea",2001,1270000
"PG","Papua New Guinea",2002,1670000
"PG","Papua New Guinea",2003,370000
"PG","Papua New Guinea",2004,2190000
"PG","Papua New Guinea",2005,6490000
"PG","Papua New Guinea",2006,2130000
"PG","Papua New Guinea",2007,3840000
"PG","Papua New Guinea",2008,5650000
"PG","Papua New Guinea",2009,7400000
"PG","Papua New Guinea",2010,33930000
"PG","Papua New Guinea",2011,7380000
"PG","Papua New Guinea",2012,3800000
"PY","Paraguay",2000,810000
"PY","Paraguay",2001,1290000
"PY","Paraguay",2002,1820000
"PY","Paraguay",2003,640000
"PY","Paraguay",2004,650000
"PY","Paraguay",2005,350000
"PY","Paraguay",2006,610000
"PY","Paraguay",2007,2800000
"PY","Paraguay",2008,3540000
"PY","Paraguay",2009,1990000
"PY","Paraguay",2010,9e+05
"PY","Paraguay",2011,1600000
"PY","Paraguay",2012,4910000
"PE","Peru",2000,8970000
"PE","Peru",2001,35440000
"PE","Peru",2002,22070000
"PE","Peru",2003,11060000
"PE","Peru",2004,10660000
"PE","Peru",2005,8660000
"PE","Peru",2006,5100000
"PE","Peru",2007,67970000
"PE","Peru",2008,31780000
"PE","Peru",2009,15260000
"PE","Peru",2010,13410000
"PE","Peru",2011,26410000
"PE","Peru",2012,9120000
"PH","Philippines",2000,5560000
"PH","Philippines",2001,11540000
"PH","Philippines",2002,8110000
"PH","Philippines",2003,3460000
"PH","Philippines",2004,11510000
"PH","Philippines",2005,10080000
"PH","Philippines",2006,32460000
"PH","Philippines",2007,25460000
"PH","Philippines",2008,39190000
"PH","Philippines",2009,104770000
"PH","Philippines",2010,111680000
"PH","Philippines",2011,122940000
"PH","Philippines",2012,139270000
"QA","Qatar",2000,0
"QA","Qatar",2001,0
"QA","Qatar",2002,0
"QA","Qatar",2003,0
"QA","Qatar",2004,0
"QA","Qatar",2005,0
"QA","Qatar",2006,0
"QA","Qatar",2007,0
"QA","Qatar",2008,0
"QA","Qatar",2009,0
"QA","Qatar",2010,0
"QA","Qatar",2011,0
"QA","Qatar",2012,0
"RW","Rwanda",2000,66640000
"RW","Rwanda",2001,34420000
"RW","Rwanda",2002,39290000
"RW","Rwanda",2003,33940000
"RW","Rwanda",2004,55870000
"RW","Rwanda",2005,43920000
"RW","Rwanda",2006,28400000
"RW","Rwanda",2007,23950000
"RW","Rwanda",2008,22250000
"RW","Rwanda",2009,22480000
"RW","Rwanda",2010,15480000
"RW","Rwanda",2011,26300000
"RW","Rwanda",2012,33030000
"SH","Saint Helena, Ascension and Tristan da Cunha",2000,0
"SH","Saint Helena, Ascension and Tristan da Cunha",2001,0
"SH","Saint Helena, Ascension and Tristan da Cunha",2002,0
"SH","Saint Helena, Ascension and Tristan da Cunha",2003,130000
"SH","Saint Helena, Ascension and Tristan da Cunha",2004,40000
"SH","Saint Helena, Ascension and Tristan da Cunha",2005,40000
"SH","Saint Helena, Ascension and Tristan da Cunha",2006,90000
"SH","Saint Helena, Ascension and Tristan da Cunha",2007,0
"SH","Saint Helena, Ascension and Tristan da Cunha",2008,0
"SH","Saint Helena, Ascension and Tristan da Cunha",2009,4200000
"SH","Saint Helena, Ascension and Tristan da Cunha",2010,780000
"SH","Saint Helena, Ascension and Tristan da Cunha",2011,0
"SH","Saint Helena, Ascension and Tristan da Cunha",2012,0
"KN","Saint Kitts and Nevis",2000,0
"KN","Saint Kitts and Nevis",2001,0
"KN","Saint Kitts and Nevis",2002,0
"KN","Saint Kitts and Nevis",2003,20000
"KN","Saint Kitts and Nevis",2004,0
"KN","Saint Kitts and Nevis",2005,1e+05
"KN","Saint Kitts and Nevis",2006,10000
"KN","Saint Kitts and Nevis",2007,0
"KN","Saint Kitts and Nevis",2008,0
"KN","Saint Kitts and Nevis",2009,120000
"KN","Saint Kitts and Nevis",2010,0
"KN","Saint Kitts and Nevis",2011,210000
"KN","Saint Kitts and Nevis",2012,0
"LC","Saint Lucia",2000,0
"LC","Saint Lucia",2001,0
"LC","Saint Lucia",2002,0
"LC","Saint Lucia",2003,0
"LC","Saint Lucia",2004,0
"LC","Saint Lucia",2005,80000
"LC","Saint Lucia",2006,10000
"LC","Saint Lucia",2007,70000
"LC","Saint Lucia",2008,20000
"LC","Saint Lucia",2009,120000
"LC","Saint Lucia",2010,330000
"LC","Saint Lucia",2011,2400000
"LC","Saint Lucia",2012,230000
"VC","Saint Vincent and the Grenadines",2000,0
"VC","Saint Vincent and the Grenadines",2001,0
"VC","Saint Vincent and the Grenadines",2002,0
"VC","Saint Vincent and the Grenadines",2003,0
"VC","Saint Vincent and the Grenadines",2004,340000
"VC","Saint Vincent and the Grenadines",2005,150000
"VC","Saint Vincent and the Grenadines",2006,10000
"VC","Saint Vincent and the Grenadines",2007,0
"VC","Saint Vincent and the Grenadines",2008,0
"VC","Saint Vincent and the Grenadines",2009,260000
"VC","Saint Vincent and the Grenadines",2010,180000
"VC","Saint Vincent and the Grenadines",2011,260000
"VC","Saint Vincent and the Grenadines",2012,240000
"WS","Samoa",2000,0
"WS","Samoa",2001,0
"WS","Samoa",2002,0
"WS","Samoa",2003,0
"WS","Samoa",2004,320000
"WS","Samoa",2005,70000
"WS","Samoa",2006,170000
"WS","Samoa",2007,20000
"WS","Samoa",2008,0
"WS","Samoa",2009,4450000
"WS","Samoa",2010,18160000
"WS","Samoa",2011,710000
"WS","Samoa",2012,1050000
"ST","Sao Tome and Principe",2000,1770000
"ST","Sao Tome and Principe",2001,890000
"ST","Sao Tome and Principe",2002,8e+05
"ST","Sao Tome and Principe",2003,960000
"ST","Sao Tome and Principe",2004,430000
"ST","Sao Tome and Principe",2005,930000
"ST","Sao Tome and Principe",2006,890000
"ST","Sao Tome and Principe",2007,380000
"ST","Sao Tome and Principe",2008,690000
"ST","Sao Tome and Principe",2009,640000
"ST","Sao Tome and Principe",2010,270000
"ST","Sao Tome and Principe",2011,670000
"ST","Sao Tome and Principe",2012,330000
"SA","Saudi Arabia",2000,1510000
"SA","Saudi Arabia",2001,2260000
"SA","Saudi Arabia",2002,3130000
"SA","Saudi Arabia",2003,1760000
"SA","Saudi Arabia",2004,2210000
"SA","Saudi Arabia",2005,1220000
"SA","Saudi Arabia",2006,1040000
"SA","Saudi Arabia",2007,810000
"SA","Saudi Arabia",2008,0
"SA","Saudi Arabia",2009,0
"SA","Saudi Arabia",2010,0
"SA","Saudi Arabia",2011,0
"SA","Saudi Arabia",2012,0
"SN","Senegal",2000,6790000
"SN","Senegal",2001,6850000
"SN","Senegal",2002,12620000
"SN","Senegal",2003,12480000
"SN","Senegal",2004,12370000
"SN","Senegal",2005,9770000
"SN","Senegal",2006,9920000
"SN","Senegal",2007,10240000
"SN","Senegal",2008,26780000
"SN","Senegal",2009,13860000
"SN","Senegal",2010,12530000
"SN","Senegal",2011,12010000
"SN","Senegal",2012,55560000
"RS","Serbia",2000,739960000
"RS","Serbia",2001,317320000
"RS","Serbia",2002,121640000
"RS","Serbia",2003,136920000
"RS","Serbia",2004,137410000
"RS","Serbia",2005,44420000
"RS","Serbia",2006,32380000
"RS","Serbia",2007,29790000
"RS","Serbia",2008,24220000
"RS","Serbia",2009,17270000
"RS","Serbia",2010,16300000
"RS","Serbia",2011,24930000
"RS","Serbia",2012,13870000
"SC","Seychelles",2000,0
"SC","Seychelles",2001,0
"SC","Seychelles",2002,0
"SC","Seychelles",2003,0
"SC","Seychelles",2004,1820000
"SC","Seychelles",2005,2640000
"SC","Seychelles",2006,610000
"SC","Seychelles",2007,340000
"SC","Seychelles",2008,0
"SC","Seychelles",2009,1e+05
"SC","Seychelles",2010,120000
"SC","Seychelles",2011,670000
"SC","Seychelles",2012,1570000
"SL","Sierra Leone",2000,54520000
"SL","Sierra Leone",2001,147990000
"SL","Sierra Leone",2002,186500000
"SL","Sierra Leone",2003,135550000
"SL","Sierra Leone",2004,89750000
"SL","Sierra Leone",2005,48370000
"SL","Sierra Leone",2006,44130000
"SL","Sierra Leone",2007,35680000
"SL","Sierra Leone",2008,26910000
"SL","Sierra Leone",2009,13360000
"SL","Sierra Leone",2010,1.2e+07
"SL","Sierra Leone",2011,17470000
"SL","Sierra Leone",2012,23430000
"SG","Singapore",2000,0
"SG","Singapore",2001,0
"SG","Singapore",2002,0
"SG","Singapore",2003,0
"SG","Singapore",2004,0
"SG","Singapore",2005,0
"SG","Singapore",2006,10000
"SG","Singapore",2007,0
"SG","Singapore",2008,0
"SG","Singapore",2009,0
"SG","Singapore",2010,0
"SG","Singapore",2011,0
"SG","Singapore",2012,0
"SI","Slovenia",2000,1800000
"SI","Slovenia",2001,2140000
"SI","Slovenia",2002,1050000
"SI","Slovenia",2003,0
"SI","Slovenia",2004,0
"SI","Slovenia",2005,0
"SI","Slovenia",2006,0
"SI","Slovenia",2007,0
"SI","Slovenia",2008,0
"SI","Slovenia",2009,0
"SI","Slovenia",2010,0
"SI","Slovenia",2011,0
"SI","Slovenia",2012,0
"SB","Solomon Islands",2000,2480000
"SB","Solomon Islands",2001,640000
"SB","Solomon Islands",2002,0
"SB","Solomon Islands",2003,940000
"SB","Solomon Islands",2004,9010000
"SB","Solomon Islands",2005,2350000
"SB","Solomon Islands",2006,110000
"SB","Solomon Islands",2007,5670000
"SB","Solomon Islands",2008,3160000
"SB","Solomon Islands",2009,1190000
"SB","Solomon Islands",2010,16470000
"SB","Solomon Islands",2011,1970000
"SB","Solomon Islands",2012,1060000
"SO","Somalia",2000,91850000
"SO","Somalia",2001,109410000
"SO","Somalia",2002,145160000
"SO","Somalia",2003,153660000
"SO","Somalia",2004,170530000
"SO","Somalia",2005,206830000
"SO","Somalia",2006,340860000
"SO","Somalia",2007,290730000
"SO","Somalia",2008,633780000
"SO","Somalia",2009,600350000
"SO","Somalia",2010,251570000
"SO","Somalia",2011,1088230000
"SO","Somalia",2012,626860000
"ZA","South Africa",2000,8240000
"ZA","South Africa",2001,8530000
"ZA","South Africa",2002,7810000
"ZA","South Africa",2003,6480000
"ZA","South Africa",2004,4590000
"ZA","South Africa",2005,3250000
"ZA","South Africa",2006,2490000
"ZA","South Africa",2007,3300000
"ZA","South Africa",2008,8280000
"ZA","South Africa",2009,8360000
"ZA","South Africa",2010,7050000
"ZA","South Africa",2011,19390000
"ZA","South Africa",2012,16640000
"KR","South Korea",2000,0
"KR","South Korea",2001,0
"KR","South Korea",2002,0
"KR","South Korea",2003,0
"KR","South Korea",2004,0
"KR","South Korea",2005,0
"KR","South Korea",2006,0
"KR","South Korea",2007,0
"KR","South Korea",2008,3470000
"KR","South Korea",2009,0
"KR","South Korea",2010,0
"KR","South Korea",2011,0
"KR","South Korea",2012,0
"SS","South Sudan",2000,0
"SS","South Sudan",2001,0
"SS","South Sudan",2002,0
"SS","South Sudan",2003,0
"SS","South Sudan",2004,0
"SS","South Sudan",2005,0
"SS","South Sudan",2006,0
"SS","South Sudan",2007,0
"SS","South Sudan",2008,0
"SS","South Sudan",2009,0
"SS","South Sudan",2010,0
"SS","South Sudan",2011,487830000
"SS","South Sudan",2012,864800000
"LK","Sri Lanka",2000,50080000
"LK","Sri Lanka",2001,43520000
"LK","Sri Lanka",2002,52230000
"LK","Sri Lanka",2003,44040000
"LK","Sri Lanka",2004,59270000
"LK","Sri Lanka",2005,626460000
"LK","Sri Lanka",2006,185090000
"LK","Sri Lanka",2007,221440000
"LK","Sri Lanka",2008,255770000
"LK","Sri Lanka",2009,266170000
"LK","Sri Lanka",2010,213230000
"LK","Sri Lanka",2011,132240000
"LK","Sri Lanka",2012,82520000
"SD","Sudan",2000,143940000
"SD","Sudan",2001,188010000
"SD","Sudan",2002,277550000
"SD","Sudan",2003,384120000
"SD","Sudan",2004,1038680000
"SD","Sudan",2005,1464190000
"SD","Sudan",2006,1473630000
"SD","Sudan",2007,1427690000
"SD","Sudan",2008,1530130000
"SD","Sudan",2009,1500640000
"SD","Sudan",2010,957730000
"SD","Sudan",2011,546730000
"SD","Sudan",2012,440780000
"SR","Suriname",2000,0
"SR","Suriname",2001,140000
"SR","Suriname",2002,0
"SR","Suriname",2003,60000
"SR","Suriname",2004,50000
"SR","Suriname",2005,60000
"SR","Suriname",2006,5700000
"SR","Suriname",2007,540000
"SR","Suriname",2008,470000
"SR","Suriname",2009,20000
"SR","Suriname",2010,10000
"SR","Suriname",2011,120000
"SR","Suriname",2012,70000
"SZ","Swaziland",2000,7e+05
"SZ","Swaziland",2001,640000
"SZ","Swaziland",2002,3670000
"SZ","Swaziland",2003,5360000
"SZ","Swaziland",2004,2290000
"SZ","Swaziland",2005,5830000
"SZ","Swaziland",2006,880000
"SZ","Swaziland",2007,9580000
"SZ","Swaziland",2008,2730000
"SZ","Swaziland",2009,4120000
"SZ","Swaziland",2010,2960000
"SZ","Swaziland",2011,4070000
"SZ","Swaziland",2012,3810000
"SY","Syria",2000,51100000
"SY","Syria",2001,50850000
"SY","Syria",2002,52590000
"SY","Syria",2003,53270000
"SY","Syria",2004,47520000
"SY","Syria",2005,44030000
"SY","Syria",2006,38400000
"SY","Syria",2007,44550000
"SY","Syria",2008,97980000
"SY","Syria",2009,184650000
"SY","Syria",2010,125040000
"SY","Syria",2011,127200000
"SY","Syria",2012,1535830000
"TW","Taiwan",2000,0
"TW","Taiwan",2001,0
"TW","Taiwan",2002,0
"TW","Taiwan",2003,0
"TW","Taiwan",2004,0
"TW","Taiwan",2005,0
"TW","Taiwan",2006,0
"TW","Taiwan",2007,0
"TW","Taiwan",2008,0
"TW","Taiwan",2009,0
"TW","Taiwan",2010,0
"TW","Taiwan",2011,0
"TW","Taiwan",2012,0
"TJ","Tajikistan",2000,42050000
"TJ","Tajikistan",2001,49860000
"TJ","Tajikistan",2002,77350000
"TJ","Tajikistan",2003,43220000
"TJ","Tajikistan",2004,32390000
"TJ","Tajikistan",2005,21070000
"TJ","Tajikistan",2006,26600000
"TJ","Tajikistan",2007,13160000
"TJ","Tajikistan",2008,71310000
"TJ","Tajikistan",2009,39850000
"TJ","Tajikistan",2010,30460000
"TJ","Tajikistan",2011,10250000
"TJ","Tajikistan",2012,27620000
"TZ","Tanzania",2000,95610000
"TZ","Tanzania",2001,121060000
"TZ","Tanzania",2002,114120000
"TZ","Tanzania",2003,129570000
"TZ","Tanzania",2004,82170000
"TZ","Tanzania",2005,61470000
"TZ","Tanzania",2006,75490000
"TZ","Tanzania",2007,64460000
"TZ","Tanzania",2008,63480000
"TZ","Tanzania",2009,59390000
"TZ","Tanzania",2010,40870000
"TZ","Tanzania",2011,50770000
"TZ","Tanzania",2012,44890000
"TH","Thailand",2000,23080000
"TH","Thailand",2001,29360000
"TH","Thailand",2002,31650000
"TH","Thailand",2003,27110000
"TH","Thailand",2004,22500000
"TH","Thailand",2005,67160000
"TH","Thailand",2006,38880000
"TH","Thailand",2007,54120000
"TH","Thailand",2008,46390000
"TH","Thailand",2009,35640000
"TH","Thailand",2010,52870000
"TH","Thailand",2011,72940000
"TH","Thailand",2012,85040000
"TL","Timor-Leste",2000,184400000
"TL","Timor-Leste",2001,31960000
"TL","Timor-Leste",2002,34110000
"TL","Timor-Leste",2003,10040000
"TL","Timor-Leste",2004,3920000
"TL","Timor-Leste",2005,5410000
"TL","Timor-Leste",2006,33960000
"TL","Timor-Leste",2007,20550000
"TL","Timor-Leste",2008,14230000
"TL","Timor-Leste",2009,5690000
"TL","Timor-Leste",2010,27680000
"TL","Timor-Leste",2011,7700000
"TL","Timor-Leste",2012,1620000
"TG","Togo",2000,1540000
"TG","Togo",2001,2730000
"TG","Togo",2002,3180000
"TG","Togo",2003,3350000
"TG","Togo",2004,2150000
"TG","Togo",2005,5200000
"TG","Togo",2006,1880000
"TG","Togo",2007,8840000
"TG","Togo",2008,10200000
"TG","Togo",2009,2630000
"TG","Togo",2010,5870000
"TG","Togo",2011,3890000
"TG","Togo",2012,9550000
"TK","Tokelau",2000,0
"TK","Tokelau",2001,0
"TK","Tokelau",2002,0
"TK","Tokelau",2003,0
"TK","Tokelau",2004,150000
"TK","Tokelau",2005,1010000
"TK","Tokelau",2006,0
"TK","Tokelau",2007,0
"TK","Tokelau",2008,0
"TK","Tokelau",2009,0
"TK","Tokelau",2010,0
"TK","Tokelau",2011,130000
"TK","Tokelau",2012,10000
"TO","Tonga",2000,0
"TO","Tonga",2001,0
"TO","Tonga",2002,760000
"TO","Tonga",2003,0
"TO","Tonga",2004,10000
"TO","Tonga",2005,90000
"TO","Tonga",2006,530000
"TO","Tonga",2007,10000
"TO","Tonga",2008,110000
"TO","Tonga",2009,2240000
"TO","Tonga",2010,1040000
"TO","Tonga",2011,220000
"TO","Tonga",2012,4e+05
"TT","Trinidad and Tobago",2000,0
"TT","Trinidad and Tobago",2001,0
"TT","Trinidad and Tobago",2002,0
"TT","Trinidad and Tobago",2003,0
"TT","Trinidad and Tobago",2004,0
"TT","Trinidad and Tobago",2005,80000
"TT","Trinidad and Tobago",2006,10000
"TT","Trinidad and Tobago",2007,0
"TT","Trinidad and Tobago",2008,20000
"TT","Trinidad and Tobago",2009,260000
"TT","Trinidad and Tobago",2010,90000
"TT","Trinidad and Tobago",2011,0
"TT","Trinidad and Tobago",2012,0
"TN","Tunisia",2000,890000
"TN","Tunisia",2001,1030000
"TN","Tunisia",2002,970000
"TN","Tunisia",2003,1190000
"TN","Tunisia",2004,1150000
"TN","Tunisia",2005,1820000
"TN","Tunisia",2006,8e+05
"TN","Tunisia",2007,710000
"TN","Tunisia",2008,570000
"TN","Tunisia",2009,1210000
"TN","Tunisia",2010,1330000
"TN","Tunisia",2011,48360000
"TN","Tunisia",2012,11330000
"TR","Turkey",2000,67060000
"TR","Turkey",2001,40810000
"TR","Turkey",2002,39140000
"TR","Turkey",2003,37140000
"TR","Turkey",2004,31370000
"TR","Turkey",2005,24890000
"TR","Turkey",2006,10010000
"TR","Turkey",2007,12280000
"TR","Turkey",2008,12740000
"TR","Turkey",2009,26050000
"TR","Turkey",2010,34210000
"TR","Turkey",2011,56240000
"TR","Turkey",2012,64020000
"TM","Turkmenistan",2000,1640000
"TM","Turkmenistan",2001,3940000
"TM","Turkmenistan",2002,2070000
"TM","Turkmenistan",2003,1650000
"TM","Turkmenistan",2004,1770000
"TM","Turkmenistan",2005,1070000
"TM","Turkmenistan",2006,840000
"TM","Turkmenistan",2007,1070000
"TM","Turkmenistan",2008,1010000
"TM","Turkmenistan",2009,470000
"TM","Turkmenistan",2010,750000
"TM","Turkmenistan",2011,790000
"TM","Turkmenistan",2012,1440000
"TC","Turks and Caicos Islands",2000,0
"TC","Turks and Caicos Islands",2001,0
"TC","Turks and Caicos Islands",2002,0
"TC","Turks and Caicos Islands",2003,0
"TC","Turks and Caicos Islands",2004,0
"TC","Turks and Caicos Islands",2005,80000
"TC","Turks and Caicos Islands",2006,10000
"TC","Turks and Caicos Islands",2007,550000
"TC","Turks and Caicos Islands",2008,0
"TC","Turks and Caicos Islands",2009,0
"TC","Turks and Caicos Islands",2010,0
"TC","Turks and Caicos Islands",2011,0
"TC","Turks and Caicos Islands",2012,0
"TV","Tuvalu",2000,0
"TV","Tuvalu",2001,0
"TV","Tuvalu",2002,0
"TV","Tuvalu",2003,0
"TV","Tuvalu",2004,0
"TV","Tuvalu",2005,70000
"TV","Tuvalu",2006,0
"TV","Tuvalu",2007,0
"TV","Tuvalu",2008,70000
"TV","Tuvalu",2009,620000
"TV","Tuvalu",2010,2090000
"TV","Tuvalu",2011,10930000
"TV","Tuvalu",2012,1730000
"AE","UAE",2000,0
"AE","UAE",2001,0
"AE","UAE",2002,0
"AE","UAE",2003,0
"AE","UAE",2004,0
"AE","UAE",2005,0
"AE","UAE",2006,0
"AE","UAE",2007,0
"AE","UAE",2008,0
"AE","UAE",2009,0
"AE","UAE",2010,0
"AE","UAE",2011,0
"AE","UAE",2012,0
"UG","Uganda",2000,40320000
"UG","Uganda",2001,63420000
"UG","Uganda",2002,86340000
"UG","Uganda",2003,153990000
"UG","Uganda",2004,179540000
"UG","Uganda",2005,191960000
"UG","Uganda",2006,243450000
"UG","Uganda",2007,241740000
"UG","Uganda",2008,251890000
"UG","Uganda",2009,163820000
"UG","Uganda",2010,89080000
"UG","Uganda",2011,60620000
"UG","Uganda",2012,79960000
"UA","Ukraine",2000,1980000
"UA","Ukraine",2001,2060000
"UA","Ukraine",2002,0
"UA","Ukraine",2003,0
"UA","Ukraine",2004,10000
"UA","Ukraine",2005,9860000
"UA","Ukraine",2006,2530000
"UA","Ukraine",2007,2400000
"UA","Ukraine",2008,6290000
"UA","Ukraine",2009,2800000
"UA","Ukraine",2010,2300000
"UA","Ukraine",2011,8460000
"UA","Ukraine",2012,5380000
"UY","Uruguay",2000,390000
"UY","Uruguay",2001,390000
"UY","Uruguay",2002,230000
"UY","Uruguay",2003,230000
"UY","Uruguay",2004,230000
"UY","Uruguay",2005,3e+05
"UY","Uruguay",2006,240000
"UY","Uruguay",2007,470000
"UY","Uruguay",2008,130000
"UY","Uruguay",2009,590000
"UY","Uruguay",2010,730000
"UY","Uruguay",2011,310000
"UY","Uruguay",2012,240000
"UZ","Uzbekistan",2000,2300000
"UZ","Uzbekistan",2001,6130000
"UZ","Uzbekistan",2002,8630000
"UZ","Uzbekistan",2003,5370000
"UZ","Uzbekistan",2004,4200000
"UZ","Uzbekistan",2005,3440000
"UZ","Uzbekistan",2006,1670000
"UZ","Uzbekistan",2007,1620000
"UZ","Uzbekistan",2008,1650000
"UZ","Uzbekistan",2009,1790000
"UZ","Uzbekistan",2010,9060000
"UZ","Uzbekistan",2011,2400000
"UZ","Uzbekistan",2012,1760000
"VU","Vanuatu",2000,360000
"VU","Vanuatu",2001,320000
"VU","Vanuatu",2002,440000
"VU","Vanuatu",2003,90000
"VU","Vanuatu",2004,340000
"VU","Vanuatu",2005,220000
"VU","Vanuatu",2006,60000
"VU","Vanuatu",2007,30000
"VU","Vanuatu",2008,110000
"VU","Vanuatu",2009,270000
"VU","Vanuatu",2010,3920000
"VU","Vanuatu",2011,1920000
"VU","Vanuatu",2012,4660000
"VE","Venezuela",2000,32800000
"VE","Venezuela",2001,5610000
"VE","Venezuela",2002,3930000
"VE","Venezuela",2003,2670000
"VE","Venezuela",2004,5760000
"VE","Venezuela",2005,16290000
"VE","Venezuela",2006,10640000
"VE","Venezuela",2007,13660000
"VE","Venezuela",2008,2570000
"VE","Venezuela",2009,2940000
"VE","Venezuela",2010,2740000
"VE","Venezuela",2011,4780000
"VE","Venezuela",2012,4310000
"VN","Viet Nam",2000,29730000
"VN","Viet Nam",2001,14500000
"VN","Viet Nam",2002,12340000
"VN","Viet Nam",2003,5510000
"VN","Viet Nam",2004,6540000
"VN","Viet Nam",2005,13940000
"VN","Viet Nam",2006,9020000
"VN","Viet Nam",2007,9450000
"VN","Viet Nam",2008,11940000
"VN","Viet Nam",2009,15800000
"VN","Viet Nam",2010,18380000
"VN","Viet Nam",2011,11750000
"VN","Viet Nam",2012,17030000
"VG","Virgin Islands (GB)",2000,0
"VG","Virgin Islands (GB)",2001,0
"VG","Virgin Islands (GB)",2002,0
"VG","Virgin Islands (GB)",2003,0
"VG","Virgin Islands (GB)",2004,0
"VG","Virgin Islands (GB)",2005,0
"VG","Virgin Islands (GB)",2006,0
"VG","Virgin Islands (GB)",2007,0
"VG","Virgin Islands (GB)",2008,0
"VG","Virgin Islands (GB)",2009,0
"VG","Virgin Islands (GB)",2010,0
"VG","Virgin Islands (GB)",2011,0
"VG","Virgin Islands (GB)",2012,0
"WF","Wallis and Futuna",2000,0
"WF","Wallis and Futuna",2001,0
"WF","Wallis and Futuna",2002,0
"WF","Wallis and Futuna",2003,0
"WF","Wallis and Futuna",2004,0
"WF","Wallis and Futuna",2005,0
"WF","Wallis and Futuna",2006,0
"WF","Wallis and Futuna",2007,0
"WF","Wallis and Futuna",2008,0
"WF","Wallis and Futuna",2009,0
"WF","Wallis and Futuna",2010,0
"WF","Wallis and Futuna",2011,430000
"WF","Wallis and Futuna",2012,1060000
"YE","Yemen",2000,19320000
"YE","Yemen",2001,15960000
"YE","Yemen",2002,13600000
"YE","Yemen",2003,19600000
"YE","Yemen",2004,15580000
"YE","Yemen",2005,17740000
"YE","Yemen",2006,14810000
"YE","Yemen",2007,17810000
"YE","Yemen",2008,152260000
"YE","Yemen",2009,91610000
"YE","Yemen",2010,117650000
"YE","Yemen",2011,220750000
"YE","Yemen",2012,305030000
"ZM","Zambia",2000,25750000
"ZM","Zambia",2001,42330000
"ZM","Zambia",2002,73730000
"ZM","Zambia",2003,47980000
"ZM","Zambia",2004,32650000
"ZM","Zambia",2005,54180000
"ZM","Zambia",2006,43650000
"ZM","Zambia",2007,20170000
"ZM","Zambia",2008,30280000
"ZM","Zambia",2009,28730000
"ZM","Zambia",2010,16820000
"ZM","Zambia",2011,17310000
"ZM","Zambia",2012,13910000
"ZW","Zimbabwe",2000,5420000
"ZW","Zimbabwe",2001,9200000
"ZW","Zimbabwe",2002,91300000
"ZW","Zimbabwe",2003,97600000
"ZW","Zimbabwe",2004,73930000
"ZW","Zimbabwe",2005,230030000
"ZW","Zimbabwe",2006,124490000
"ZW","Zimbabwe",2007,170150000
"ZW","Zimbabwe",2008,354070000
"ZW","Zimbabwe",2009,420390000
"ZW","Zimbabwe",2010,209290000
"ZW","Zimbabwe",2011,161860000
"ZW","Zimbabwe",2012,151760000
