"id","entity-name","year","value"
"AD","Andorra",2000,0
"AD","Andorra",2001,0
"AD","Andorra",2002,0
"AD","Andorra",2003,0
"AD","Andorra",2004,0
"AD","Andorra",2005,0
"AD","Andorra",2006,0
"AD","Andorra",2007,0
"AD","Andorra",2008,0
"AD","Andorra",2009,0
"AD","Andorra",2010,0
"AD","Andorra",2011,0
"AD","Andorra",2012,0
"AD","Andorra",2013,0
"AD","Andorra",2014,0
"AE","UAE",2000,0
"AE","UAE",2001,0
"AE","UAE",2002,0
"AE","UAE",2003,0
"AE","UAE",2004,0
"AE","UAE",2005,0
"AE","UAE",2006,0
"AE","UAE",2007,0
"AE","UAE",2008,0
"AE","UAE",2009,0
"AE","UAE",2010,0
"AE","UAE",2011,0
"AE","UAE",2012,0
"AE","UAE",2013,0
"AE","UAE",2014,0
"AF","Afghanistan",2000,173.2
"AF","Afghanistan",2001,592
"AF","Afghanistan",2002,1135.4
"AF","Afghanistan",2003,535.1
"AF","Afghanistan",2004,473.1
"AF","Afghanistan",2005,344.7
"AF","Afghanistan",2006,347.3
"AF","Afghanistan",2007,346.2
"AF","Afghanistan",2008,906.2
"AF","Afghanistan",2009,686.5
"AF","Afghanistan",2010,610.2
"AF","Afghanistan",2011,767.6
"AF","Afghanistan",2012,507.9
"AF","Afghanistan",2013,533.8
"AF","Afghanistan",2014,532.4
"AG","Antigua & Barbuda",2000,0
"AG","Antigua & Barbuda",2001,0
"AG","Antigua & Barbuda",2002,0
"AG","Antigua & Barbuda",2003,0
"AG","Antigua & Barbuda",2004,0
"AG","Antigua & Barbuda",2005,0.1
"AG","Antigua & Barbuda",2006,0
"AG","Antigua & Barbuda",2007,0
"AG","Antigua & Barbuda",2008,0
"AG","Antigua & Barbuda",2009,0.1
"AG","Antigua & Barbuda",2010,0
"AG","Antigua & Barbuda",2011,0
"AG","Antigua & Barbuda",2012,0
"AG","Antigua & Barbuda",2013,0.2
"AG","Antigua & Barbuda",2014,0.1
"AI","Anguilla",2000,0.2
"AI","Anguilla",2001,0
"AI","Anguilla",2002,0
"AI","Anguilla",2003,0
"AI","Anguilla",2004,0
"AI","Anguilla",2005,0.1
"AI","Anguilla",2006,0
"AI","Anguilla",2007,0
"AI","Anguilla",2008,0
"AI","Anguilla",2009,0.1
"AI","Anguilla",2010,0
"AI","Anguilla",2011,0
"AI","Anguilla",2012,0
"AI","Anguilla",2013,0
"AI","Anguilla",2014,0
"AL","Albania",2000,47
"AL","Albania",2001,29.6
"AL","Albania",2002,29
"AL","Albania",2003,9.3
"AL","Albania",2004,5.3
"AL","Albania",2005,3.2
"AL","Albania",2006,3.4
"AL","Albania",2007,2
"AL","Albania",2008,6.4
"AL","Albania",2009,1.3
"AL","Albania",2010,1.6
"AL","Albania",2011,2.2
"AL","Albania",2012,5.5
"AL","Albania",2013,5.1
"AL","Albania",2014,4.9
"AM","Armenia",2000,9.7
"AM","Armenia",2001,25.8
"AM","Armenia",2002,31.6
"AM","Armenia",2003,19.3
"AM","Armenia",2004,14.7
"AM","Armenia",2005,13
"AM","Armenia",2006,16
"AM","Armenia",2007,10.7
"AM","Armenia",2008,4.7
"AM","Armenia",2009,3.3
"AM","Armenia",2010,8.2
"AM","Armenia",2011,5.4
"AM","Armenia",2012,7.3
"AM","Armenia",2013,4
"AM","Armenia",2014,10
"ANHH","Netherlands Antilles",2000,0
"ANHH","Netherlands Antilles",2001,0
"ANHH","Netherlands Antilles",2002,0
"ANHH","Netherlands Antilles",2003,0
"ANHH","Netherlands Antilles",2004,0
"ANHH","Netherlands Antilles",2005,0
"ANHH","Netherlands Antilles",2006,0
"ANHH","Netherlands Antilles",2007,0
"ANHH","Netherlands Antilles",2008,0
"ANHH","Netherlands Antilles",2009,0
"ANHH","Netherlands Antilles",2010,0
"ANHH","Netherlands Antilles",2011,0
"ANHH","Netherlands Antilles",2012,0
"ANHH","Netherlands Antilles",2013,0
"ANHH","Netherlands Antilles",2014,0
"AO","Angola",2000,116.7
"AO","Angola",2001,131.5
"AO","Angola",2002,255.1
"AO","Angola",2003,311.2
"AO","Angola",2004,223.5
"AO","Angola",2005,119
"AO","Angola",2006,63.1
"AO","Angola",2007,23.6
"AO","Angola",2008,13.9
"AO","Angola",2009,6.8
"AO","Angola",2010,3.8
"AO","Angola",2011,11.3
"AO","Angola",2012,15.1
"AO","Angola",2013,13.7
"AO","Angola",2014,16
"AR","Argentina",2000,1.5
"AR","Argentina",2001,1.5
"AR","Argentina",2002,14.2
"AR","Argentina",2003,47.8
"AR","Argentina",2004,1.1
"AR","Argentina",2005,1.7
"AR","Argentina",2006,0.8
"AR","Argentina",2007,1.3
"AR","Argentina",2008,1
"AR","Argentina",2009,3.8
"AR","Argentina",2010,1.9
"AR","Argentina",2011,4.6
"AR","Argentina",2012,0.8
"AR","Argentina",2013,2.1
"AR","Argentina",2014,0.7
"AU","Australia",2000,0
"AU","Australia",2001,0
"AU","Australia",2002,0
"AU","Australia",2003,0
"AU","Australia",2004,0
"AU","Australia",2005,0
"AU","Australia",2006,0
"AU","Australia",2007,0
"AU","Australia",2008,0
"AU","Australia",2009,0
"AU","Australia",2010,0.9
"AU","Australia",2011,0
"AU","Australia",2012,0
"AU","Australia",2013,0
"AU","Australia",2014,0
"AW","Aruba",2000,0
"AW","Aruba",2001,0
"AW","Aruba",2002,0
"AW","Aruba",2003,0
"AW","Aruba",2004,0
"AW","Aruba",2005,0
"AW","Aruba",2006,0
"AW","Aruba",2007,0
"AW","Aruba",2008,0
"AW","Aruba",2009,0
"AW","Aruba",2010,0
"AW","Aruba",2011,0
"AW","Aruba",2012,0
"AW","Aruba",2013,0
"AW","Aruba",2014,0
"AZ","Azerbaijan",2000,15.4
"AZ","Azerbaijan",2001,24
"AZ","Azerbaijan",2002,21.2
"AZ","Azerbaijan",2003,18.9
"AZ","Azerbaijan",2004,25.9
"AZ","Azerbaijan",2005,14.7
"AZ","Azerbaijan",2006,6.1
"AZ","Azerbaijan",2007,9.8
"AZ","Azerbaijan",2008,5.7
"AZ","Azerbaijan",2009,3.7
"AZ","Azerbaijan",2010,3.4
"AZ","Azerbaijan",2011,1.6
"AZ","Azerbaijan",2012,2
"AZ","Azerbaijan",2013,2.7
"AZ","Azerbaijan",2014,2.2
"BA","Bosnia & Herzegovina",2000,125.9
"BA","Bosnia & Herzegovina",2001,165.5
"BA","Bosnia & Herzegovina",2002,81.8
"BA","Bosnia & Herzegovina",2003,46.2
"BA","Bosnia & Herzegovina",2004,47.8
"BA","Bosnia & Herzegovina",2005,32.4
"BA","Bosnia & Herzegovina",2006,24.2
"BA","Bosnia & Herzegovina",2007,10.3
"BA","Bosnia & Herzegovina",2008,7.8
"BA","Bosnia & Herzegovina",2009,7.1
"BA","Bosnia & Herzegovina",2010,4.6
"BA","Bosnia & Herzegovina",2011,5.5
"BA","Bosnia & Herzegovina",2012,2.1
"BA","Bosnia & Herzegovina",2013,3
"BA","Bosnia & Herzegovina",2014,85.3
"BB","Barbados",2000,0
"BB","Barbados",2001,0.2
"BB","Barbados",2002,0.2
"BB","Barbados",2003,0.4
"BB","Barbados",2004,0.5
"BB","Barbados",2005,0.6
"BB","Barbados",2006,0.5
"BB","Barbados",2007,0.2
"BB","Barbados",2008,0.1
"BB","Barbados",2009,0.2
"BB","Barbados",2010,2.4
"BB","Barbados",2011,0
"BB","Barbados",2012,0
"BB","Barbados",2013,0
"BB","Barbados",2014,0
"BD","Bangladesh",2000,23.3
"BD","Bangladesh",2001,26.6
"BD","Bangladesh",2002,31.8
"BD","Bangladesh",2003,9.9
"BD","Bangladesh",2004,98.7
"BD","Bangladesh",2005,17.4
"BD","Bangladesh",2006,12.6
"BD","Bangladesh",2007,303.7
"BD","Bangladesh",2008,142.6
"BD","Bangladesh",2009,103.3
"BD","Bangladesh",2010,110.6
"BD","Bangladesh",2011,107.4
"BD","Bangladesh",2012,119.2
"BD","Bangladesh",2013,118.1
"BD","Bangladesh",2014,146.4
"BF","Burkina Faso",2000,1.6
"BF","Burkina Faso",2001,3.4
"BF","Burkina Faso",2002,3
"BF","Burkina Faso",2003,3.3
"BF","Burkina Faso",2004,1.6
"BF","Burkina Faso",2005,2.8
"BF","Burkina Faso",2006,5.8
"BF","Burkina Faso",2007,14.9
"BF","Burkina Faso",2008,26.9
"BF","Burkina Faso",2009,29
"BF","Burkina Faso",2010,53.7
"BF","Burkina Faso",2011,35.5
"BF","Burkina Faso",2012,102.2
"BF","Burkina Faso",2013,72.4
"BF","Burkina Faso",2014,56.5
"BG","Bulgaria",2000,0
"BG","Bulgaria",2001,0
"BG","Bulgaria",2002,0
"BG","Bulgaria",2003,0
"BG","Bulgaria",2004,0
"BG","Bulgaria",2005,0
"BG","Bulgaria",2006,0.2
"BG","Bulgaria",2007,0.1
"BG","Bulgaria",2008,0
"BG","Bulgaria",2009,0
"BG","Bulgaria",2010,0
"BG","Bulgaria",2011,0
"BG","Bulgaria",2012,0
"BG","Bulgaria",2013,0
"BG","Bulgaria",2014,0
"BH","Bahrain",2000,0
"BH","Bahrain",2001,0
"BH","Bahrain",2002,0
"BH","Bahrain",2003,0
"BH","Bahrain",2004,0
"BH","Bahrain",2005,0
"BH","Bahrain",2006,0
"BH","Bahrain",2007,0
"BH","Bahrain",2008,0
"BH","Bahrain",2009,0
"BH","Bahrain",2010,0
"BH","Bahrain",2011,0
"BH","Bahrain",2012,0
"BH","Bahrain",2013,0
"BH","Bahrain",2014,0
"BI","Burundi",2000,58.2
"BI","Burundi",2001,73.2
"BI","Burundi",2002,103.8
"BI","Burundi",2003,152
"BI","Burundi",2004,172
"BI","Burundi",2005,180
"BI","Burundi",2006,157.6
"BI","Burundi",2007,106.3
"BI","Burundi",2008,86.4
"BI","Burundi",2009,90
"BI","Burundi",2010,70.8
"BI","Burundi",2011,52.5
"BI","Burundi",2012,42.8
"BI","Burundi",2013,50.1
"BI","Burundi",2014,40.2
"BJ","Benin",2000,1.8
"BJ","Benin",2001,1.5
"BJ","Benin",2002,4.6
"BJ","Benin",2003,1.6
"BJ","Benin",2004,1.6
"BJ","Benin",2005,4.6
"BJ","Benin",2006,3.7
"BJ","Benin",2007,3.4
"BJ","Benin",2008,2.6
"BJ","Benin",2009,2.3
"BJ","Benin",2010,16.4
"BJ","Benin",2011,10.6
"BJ","Benin",2012,7.2
"BJ","Benin",2013,12.7
"BJ","Benin",2014,10.8
"BM","Bermuda",2000,0
"BM","Bermuda",2001,0
"BM","Bermuda",2002,0
"BM","Bermuda",2003,0
"BM","Bermuda",2004,0
"BM","Bermuda",2005,0
"BM","Bermuda",2006,0
"BM","Bermuda",2007,0
"BM","Bermuda",2008,0
"BM","Bermuda",2009,0
"BM","Bermuda",2010,0
"BM","Bermuda",2011,0
"BM","Bermuda",2012,0
"BM","Bermuda",2013,0
"BM","Bermuda",2014,0
"BN","Brunei",2000,0
"BN","Brunei",2001,0
"BN","Brunei",2002,0
"BN","Brunei",2003,0
"BN","Brunei",2004,0
"BN","Brunei",2005,0
"BN","Brunei",2006,0
"BN","Brunei",2007,0
"BN","Brunei",2008,0
"BN","Brunei",2009,0
"BN","Brunei",2010,0
"BN","Brunei",2011,0
"BN","Brunei",2012,0
"BN","Brunei",2013,0
"BN","Brunei",2014,0
"BO","Bolivia",2000,0.2
"BO","Bolivia",2001,8.8
"BO","Bolivia",2002,14
"BO","Bolivia",2003,4
"BO","Bolivia",2004,3.7
"BO","Bolivia",2005,6.1
"BO","Bolivia",2006,6
"BO","Bolivia",2007,14.3
"BO","Bolivia",2008,24.1
"BO","Bolivia",2009,10.1
"BO","Bolivia",2010,13.6
"BO","Bolivia",2011,17
"BO","Bolivia",2012,5.8
"BO","Bolivia",2013,12.2
"BO","Bolivia",2014,10.1
"BR","Brazil",2000,2.8
"BR","Brazil",2001,7.1
"BR","Brazil",2002,3.9
"BR","Brazil",2003,7
"BR","Brazil",2004,3.3
"BR","Brazil",2005,3.9
"BR","Brazil",2006,5.5
"BR","Brazil",2007,4
"BR","Brazil",2008,7.5
"BR","Brazil",2009,4.2
"BR","Brazil",2010,2.9
"BR","Brazil",2011,6.8
"BR","Brazil",2012,2.2
"BR","Brazil",2013,2.4
"BR","Brazil",2014,3.2
"BS","Bahamas",2000,0
"BS","Bahamas",2001,0
"BS","Bahamas",2002,0
"BS","Bahamas",2003,0
"BS","Bahamas",2004,0
"BS","Bahamas",2005,0
"BS","Bahamas",2006,0
"BS","Bahamas",2007,0
"BS","Bahamas",2008,0
"BS","Bahamas",2009,0
"BS","Bahamas",2010,0
"BS","Bahamas",2011,0
"BS","Bahamas",2012,0
"BS","Bahamas",2013,0
"BS","Bahamas",2014,0
"BT","Bhutan",2000,0.2
"BT","Bhutan",2001,0
"BT","Bhutan",2002,1
"BT","Bhutan",2003,1.6
"BT","Bhutan",2004,0.5
"BT","Bhutan",2005,0.1
"BT","Bhutan",2006,0.6
"BT","Bhutan",2007,0.3
"BT","Bhutan",2008,0.8
"BT","Bhutan",2009,1.6
"BT","Bhutan",2010,2.3
"BT","Bhutan",2011,7.6
"BT","Bhutan",2012,6.2
"BT","Bhutan",2013,2.3
"BT","Bhutan",2014,0.9
"BW","Botswana",2000,1.6
"BW","Botswana",2001,2.6
"BW","Botswana",2002,2.4
"BW","Botswana",2003,2
"BW","Botswana",2004,2.7
"BW","Botswana",2005,0.8
"BW","Botswana",2006,0.7
"BW","Botswana",2007,1.3
"BW","Botswana",2008,1.3
"BW","Botswana",2009,1.6
"BW","Botswana",2010,1.1
"BW","Botswana",2011,3.2
"BW","Botswana",2012,0.3
"BW","Botswana",2013,0.6
"BW","Botswana",2014,0.3
"BY","Belarus",2000,0
"BY","Belarus",2001,0
"BY","Belarus",2002,0
"BY","Belarus",2003,0
"BY","Belarus",2004,0
"BY","Belarus",2005,7.2
"BY","Belarus",2006,4.9
"BY","Belarus",2007,4.6
"BY","Belarus",2008,3
"BY","Belarus",2009,2.3
"BY","Belarus",2010,1.5
"BY","Belarus",2011,0.3
"BY","Belarus",2012,0.4
"BY","Belarus",2013,0.3
"BY","Belarus",2014,0.4
"BZ","Belize",2000,1.2
"BZ","Belize",2001,2.1
"BZ","Belize",2002,1.2
"BZ","Belize",2003,0
"BZ","Belize",2004,0
"BZ","Belize",2005,0.1
"BZ","Belize",2006,1
"BZ","Belize",2007,0.8
"BZ","Belize",2008,0.6
"BZ","Belize",2009,1.1
"BZ","Belize",2010,0.9
"BZ","Belize",2011,0.9
"BZ","Belize",2012,0.5
"BZ","Belize",2013,3.6
"BZ","Belize",2014,1.1
"CD","DRC",2000,99.7
"CD","DRC",2001,181.3
"CD","DRC",2002,263.1
"CD","DRC",2003,262
"CD","DRC",2004,303.5
"CD","DRC",2005,330.3
"CD","DRC",2006,434.6
"CD","DRC",2007,398.7
"CD","DRC",2008,535.5
"CD","DRC",2009,591.3
"CD","DRC",2010,502.7
"CD","DRC",2011,458.9
"CD","DRC",2012,479.8
"CD","DRC",2013,507.1
"CD","DRC",2014,529.2
"CF","CAR",2000,3.3
"CF","CAR",2001,5.9
"CF","CAR",2002,4.3
"CF","CAR",2003,5.5
"CF","CAR",2004,7.2
"CF","CAR",2005,6.5
"CF","CAR",2006,10.2
"CF","CAR",2007,55.7
"CF","CAR",2008,63.6
"CF","CAR",2009,46.8
"CF","CAR",2010,59.4
"CF","CAR",2011,69.5
"CF","CAR",2012,69.3
"CF","CAR",2013,129.5
"CF","CAR",2014,367.2
"CG","Congo",2000,16.5
"CG","Congo",2001,28.8
"CG","Congo",2002,28.8
"CG","Congo",2003,21.7
"CG","Congo",2004,17.9
"CG","Congo",2005,14.1
"CG","Congo",2006,6.4
"CG","Congo",2007,7.6
"CG","Congo",2008,4.5
"CG","Congo",2009,3.9
"CG","Congo",2010,29.8
"CG","Congo",2011,9.5
"CG","Congo",2012,19.3
"CG","Congo",2013,8.8
"CG","Congo",2014,12.9
"CI","Côte d'Ivoire",2000,12.7
"CI","Côte d'Ivoire",2001,14.1
"CI","Côte d'Ivoire",2002,16
"CI","Côte d'Ivoire",2003,47.1
"CI","Côte d'Ivoire",2004,65.1
"CI","Côte d'Ivoire",2005,53.6
"CI","Côte d'Ivoire",2006,68.7
"CI","Côte d'Ivoire",2007,56.5
"CI","Côte d'Ivoire",2008,94.9
"CI","Côte d'Ivoire",2009,32.5
"CI","Côte d'Ivoire",2010,21.3
"CI","Côte d'Ivoire",2011,235.2
"CI","Côte d'Ivoire",2012,111.7
"CI","Côte d'Ivoire",2013,54.2
"CI","Côte d'Ivoire",2014,68.6
"CK","Cook Islands",2000,0
"CK","Cook Islands",2001,0
"CK","Cook Islands",2002,0
"CK","Cook Islands",2003,0.1
"CK","Cook Islands",2004,0
"CK","Cook Islands",2005,1.9
"CK","Cook Islands",2006,0.2
"CK","Cook Islands",2007,0.1
"CK","Cook Islands",2008,0.4
"CK","Cook Islands",2009,0.1
"CK","Cook Islands",2010,4
"CK","Cook Islands",2011,7.1
"CK","Cook Islands",2012,1
"CK","Cook Islands",2013,0.4
"CK","Cook Islands",2014,1.1
"CL","Chile",2000,0.5
"CL","Chile",2001,1.1
"CL","Chile",2002,1.4
"CL","Chile",2003,1.8
"CL","Chile",2004,2.6
"CL","Chile",2005,2.4
"CL","Chile",2006,2.1
"CL","Chile",2007,0.9
"CL","Chile",2008,0.9
"CL","Chile",2009,1.6
"CL","Chile",2010,73.2
"CL","Chile",2011,6.7
"CL","Chile",2012,3.8
"CL","Chile",2013,3
"CL","Chile",2014,2.1
"CM","Cameroon",2000,1.9
"CM","Cameroon",2001,35.9
"CM","Cameroon",2002,4.2
"CM","Cameroon",2003,6.7
"CM","Cameroon",2004,5.5
"CM","Cameroon",2005,4.1
"CM","Cameroon",2006,3.6
"CM","Cameroon",2007,3.5
"CM","Cameroon",2008,19.4
"CM","Cameroon",2009,28.3
"CM","Cameroon",2010,18.2
"CM","Cameroon",2011,20
"CM","Cameroon",2012,47.4
"CM","Cameroon",2013,31.5
"CM","Cameroon",2014,70.1
"CN","China",2000,5.7
"CN","China",2001,11.2
"CN","China",2002,20.8
"CN","China",2003,40.4
"CN","China",2004,14.8
"CN","China",2005,12.1
"CN","China",2006,6.5
"CN","China",2007,9.5
"CN","China",2008,325.3
"CN","China",2009,22.5
"CN","China",2010,31
"CN","China",2011,21.4
"CN","China",2012,13.7
"CN","China",2013,10.3
"CN","China",2014,5.4
"CO","Colombia",2000,31.6
"CO","Colombia",2001,48.6
"CO","Colombia",2002,58.6
"CO","Colombia",2003,60.3
"CO","Colombia",2004,49.3
"CO","Colombia",2005,97.9
"CO","Colombia",2006,105.4
"CO","Colombia",2007,114.1
"CO","Colombia",2008,84.4
"CO","Colombia",2009,92.8
"CO","Colombia",2010,80.7
"CO","Colombia",2011,93.2
"CO","Colombia",2012,81.8
"CO","Colombia",2013,76.7
"CO","Colombia",2014,73.2
"CR","Costa Rica",2000,0.8
"CR","Costa Rica",2001,2.2
"CR","Costa Rica",2002,2.9
"CR","Costa Rica",2003,2.5
"CR","Costa Rica",2004,2.4
"CR","Costa Rica",2005,2.2
"CR","Costa Rica",2006,1.5
"CR","Costa Rica",2007,2.7
"CR","Costa Rica",2008,5.1
"CR","Costa Rica",2009,2.7
"CR","Costa Rica",2010,2
"CR","Costa Rica",2011,1.4
"CR","Costa Rica",2012,1
"CR","Costa Rica",2013,0.5
"CR","Costa Rica",2014,2.8
"CU","Cuba",2000,13.3
"CU","Cuba",2001,15.3
"CU","Cuba",2002,11.8
"CU","Cuba",2003,6.1
"CU","Cuba",2004,8.9
"CU","Cuba",2005,10.8
"CU","Cuba",2006,7.4
"CU","Cuba",2007,2.7
"CU","Cuba",2008,22.2
"CU","Cuba",2009,15.3
"CU","Cuba",2010,8.2
"CU","Cuba",2011,1.8
"CU","Cuba",2012,14.3
"CU","Cuba",2013,7.7
"CU","Cuba",2014,6.4
"CV","Cape Verde",2000,3.3
"CV","Cape Verde",2001,0
"CV","Cape Verde",2002,0.6
"CV","Cape Verde",2003,0.3
"CV","Cape Verde",2004,5.5
"CV","Cape Verde",2005,0.4
"CV","Cape Verde",2006,0.9
"CV","Cape Verde",2007,1.1
"CV","Cape Verde",2008,1.9
"CV","Cape Verde",2009,2
"CV","Cape Verde",2010,3.9
"CV","Cape Verde",2011,1.5
"CV","Cape Verde",2012,2.3
"CV","Cape Verde",2013,0.2
"CV","Cape Verde",2014,3.1
"CY","Cyprus",2000,0
"CY","Cyprus",2001,0
"CY","Cyprus",2002,0
"CY","Cyprus",2003,0
"CY","Cyprus",2004,0
"CY","Cyprus",2005,0
"CY","Cyprus",2006,0
"CY","Cyprus",2007,0
"CY","Cyprus",2008,0
"CY","Cyprus",2009,0
"CY","Cyprus",2010,0
"CY","Cyprus",2011,0
"CY","Cyprus",2012,0
"CY","Cyprus",2013,0
"CY","Cyprus",2014,0
"CZ","Czech Republic",2000,0
"CZ","Czech Republic",2001,0
"CZ","Czech Republic",2002,1.4
"CZ","Czech Republic",2003,0
"CZ","Czech Republic",2004,0
"CZ","Czech Republic",2005,0
"CZ","Czech Republic",2006,0
"CZ","Czech Republic",2007,0
"CZ","Czech Republic",2008,0
"CZ","Czech Republic",2009,0
"CZ","Czech Republic",2010,0
"CZ","Czech Republic",2011,0
"CZ","Czech Republic",2012,0
"CZ","Czech Republic",2013,0
"CZ","Czech Republic",2014,0
"DE","Germany",2000,0
"DE","Germany",2001,0
"DE","Germany",2002,3.3
"DE","Germany",2003,0
"DE","Germany",2004,0
"DE","Germany",2005,0
"DE","Germany",2006,0
"DE","Germany",2007,0
"DE","Germany",2008,0
"DE","Germany",2009,0
"DE","Germany",2010,0
"DE","Germany",2011,0
"DE","Germany",2012,0
"DE","Germany",2013,0
"DE","Germany",2014,0
"DJ","Djibouti",2000,6.1
"DJ","Djibouti",2001,4.3
"DJ","Djibouti",2002,6.4
"DJ","Djibouti",2003,11.7
"DJ","Djibouti",2004,5.8
"DJ","Djibouti",2005,6.1
"DJ","Djibouti",2006,16.8
"DJ","Djibouti",2007,10.7
"DJ","Djibouti",2008,16.5
"DJ","Djibouti",2009,10.4
"DJ","Djibouti",2010,18.7
"DJ","Djibouti",2011,48
"DJ","Djibouti",2012,22.9
"DJ","Djibouti",2013,28.4
"DJ","Djibouti",2014,35.6
"DM","Dominica",2000,0.1
"DM","Dominica",2001,0.2
"DM","Dominica",2002,0
"DM","Dominica",2003,0
"DM","Dominica",2004,0.2
"DM","Dominica",2005,0.1
"DM","Dominica",2006,0
"DM","Dominica",2007,0.1
"DM","Dominica",2008,0.1
"DM","Dominica",2009,0.1
"DM","Dominica",2010,0
"DM","Dominica",2011,0.9
"DM","Dominica",2012,0.1
"DM","Dominica",2013,0.5
"DM","Dominica",2014,0.1
"DO","Dominican Republic",2000,0.4
"DO","Dominican Republic",2001,19.5
"DO","Dominican Republic",2002,0.6
"DO","Dominican Republic",2003,1
"DO","Dominican Republic",2004,6.2
"DO","Dominican Republic",2005,0.7
"DO","Dominican Republic",2006,6.9
"DO","Dominican Republic",2007,9.5
"DO","Dominican Republic",2008,23.5
"DO","Dominican Republic",2009,6.8
"DO","Dominican Republic",2010,7.7
"DO","Dominican Republic",2011,11.5
"DO","Dominican Republic",2012,3.8
"DO","Dominican Republic",2013,8.4
"DO","Dominican Republic",2014,3.4
"DZ","Algeria",2000,39.8
"DZ","Algeria",2001,47.3
"DZ","Algeria",2002,44.8
"DZ","Algeria",2003,43.8
"DZ","Algeria",2004,26.6
"DZ","Algeria",2005,21.8
"DZ","Algeria",2006,18.4
"DZ","Algeria",2007,23.4
"DZ","Algeria",2008,36.4
"DZ","Algeria",2009,32.3
"DZ","Algeria",2010,27.4
"DZ","Algeria",2011,31.8
"DZ","Algeria",2012,32.6
"DZ","Algeria",2013,37.6
"DZ","Algeria",2014,21.1
"eac","East African Community",2000,0
"eac","East African Community",2001,0
"eac","East African Community",2002,0
"eac","East African Community",2003,0
"eac","East African Community",2004,0
"eac","East African Community",2005,0
"eac","East African Community",2006,0
"eac","East African Community",2007,0
"eac","East African Community",2008,0
"eac","East African Community",2009,0
"eac","East African Community",2010,0
"eac","East African Community",2011,0
"eac","East African Community",2012,0
"eac","East African Community",2013,0
"eac","East African Community",2014,0
"EC","Ecuador",2000,2.8
"EC","Ecuador",2001,4.8
"EC","Ecuador",2002,9.3
"EC","Ecuador",2003,6.9
"EC","Ecuador",2004,3.6
"EC","Ecuador",2005,2.1
"EC","Ecuador",2006,4.4
"EC","Ecuador",2007,3.4
"EC","Ecuador",2008,15.9
"EC","Ecuador",2009,13.3
"EC","Ecuador",2010,9.5
"EC","Ecuador",2011,11.9
"EC","Ecuador",2012,10.2
"EC","Ecuador",2013,14
"EC","Ecuador",2014,18.6
"EE","Estonia",2000,0
"EE","Estonia",2001,0
"EE","Estonia",2002,0
"EE","Estonia",2003,0
"EE","Estonia",2004,0
"EE","Estonia",2005,0
"EE","Estonia",2006,0
"EE","Estonia",2007,0
"EE","Estonia",2008,0
"EE","Estonia",2009,0
"EE","Estonia",2010,0
"EE","Estonia",2011,0
"EE","Estonia",2012,0
"EE","Estonia",2013,0
"EE","Estonia",2014,0
"EG","Egypt",2000,4.4
"EG","Egypt",2001,7.8
"EG","Egypt",2002,4.6
"EG","Egypt",2003,6.4
"EG","Egypt",2004,3.6
"EG","Egypt",2005,2.5
"EG","Egypt",2006,7
"EG","Egypt",2007,3.4
"EG","Egypt",2008,2.5
"EG","Egypt",2009,9.1
"EG","Egypt",2010,8.8
"EG","Egypt",2011,27.2
"EG","Egypt",2012,16.3
"EG","Egypt",2013,21.4
"EG","Egypt",2014,39
"EH","Western Sahara",2000,0
"EH","Western Sahara",2001,0
"EH","Western Sahara",2002,0
"EH","Western Sahara",2003,0
"EH","Western Sahara",2004,0
"EH","Western Sahara",2005,0
"EH","Western Sahara",2006,0
"EH","Western Sahara",2007,0
"EH","Western Sahara",2008,0
"EH","Western Sahara",2009,0
"EH","Western Sahara",2010,0
"EH","Western Sahara",2011,0
"EH","Western Sahara",2012,0
"EH","Western Sahara",2013,0
"EH","Western Sahara",2014,0
"ER","Eritrea",2000,75.1
"ER","Eritrea",2001,66.4
"ER","Eritrea",2002,90
"ER","Eritrea",2003,188.5
"ER","Eritrea",2004,130.5
"ER","Eritrea",2005,198.7
"ER","Eritrea",2006,43.3
"ER","Eritrea",2007,30.2
"ER","Eritrea",2008,27.2
"ER","Eritrea",2009,35.1
"ER","Eritrea",2010,26.1
"ER","Eritrea",2011,13.7
"ER","Eritrea",2012,18.4
"ER","Eritrea",2013,13.8
"ER","Eritrea",2014,15.6
"ET","Ethiopia",2000,196
"ET","Ethiopia",2001,191.8
"ET","Ethiopia",2002,221.1
"ET","Ethiopia",2003,845.1
"ET","Ethiopia",2004,469.1
"ET","Ethiopia",2005,695.8
"ET","Ethiopia",2006,362.4
"ET","Ethiopia",2007,314
"ET","Ethiopia",2008,918.5
"ET","Ethiopia",2009,725
"ET","Ethiopia",2010,639.3
"ET","Ethiopia",2011,721.2
"ET","Ethiopia",2012,522.2
"ET","Ethiopia",2013,549.6
"ET","Ethiopia",2014,538.9
"ex-yugoslavia","States Ex-Yugoslavia unspecified",2000,318
"ex-yugoslavia","States Ex-Yugoslavia unspecified",2001,145.5
"ex-yugoslavia","States Ex-Yugoslavia unspecified",2002,160.1
"ex-yugoslavia","States Ex-Yugoslavia unspecified",2003,42.3
"ex-yugoslavia","States Ex-Yugoslavia unspecified",2004,7.6
"ex-yugoslavia","States Ex-Yugoslavia unspecified",2005,14.2
"ex-yugoslavia","States Ex-Yugoslavia unspecified",2006,0.9
"ex-yugoslavia","States Ex-Yugoslavia unspecified",2007,3.7
"ex-yugoslavia","States Ex-Yugoslavia unspecified",2008,0
"ex-yugoslavia","States Ex-Yugoslavia unspecified",2009,0
"ex-yugoslavia","States Ex-Yugoslavia unspecified",2010,0
"ex-yugoslavia","States Ex-Yugoslavia unspecified",2011,0
"ex-yugoslavia","States Ex-Yugoslavia unspecified",2012,0.8
"ex-yugoslavia","States Ex-Yugoslavia unspecified",2013,0.1
"ex-yugoslavia","States Ex-Yugoslavia unspecified",2014,0.4
"FJ","Fiji",2000,0.1
"FJ","Fiji",2001,0
"FJ","Fiji",2002,0.9
"FJ","Fiji",2003,1.9
"FJ","Fiji",2004,0.8
"FJ","Fiji",2005,0.3
"FJ","Fiji",2006,1.4
"FJ","Fiji",2007,1.2
"FJ","Fiji",2008,0.1
"FJ","Fiji",2009,3
"FJ","Fiji",2010,14.6
"FJ","Fiji",2011,1.5
"FJ","Fiji",2012,15.6
"FJ","Fiji",2013,6
"FJ","Fiji",2014,3.7
"FM","Micronesia",2000,0
"FM","Micronesia",2001,0
"FM","Micronesia",2002,0
"FM","Micronesia",2003,0.2
"FM","Micronesia",2004,0
"FM","Micronesia",2005,0.1
"FM","Micronesia",2006,0.7
"FM","Micronesia",2007,0
"FM","Micronesia",2008,0.1
"FM","Micronesia",2009,0.9
"FM","Micronesia",2010,0
"FM","Micronesia",2011,0.5
"FM","Micronesia",2012,1.1
"FM","Micronesia",2013,0.9
"FM","Micronesia",2014,0.9
"GA","Gabon",2000,2.6
"GA","Gabon",2001,3.8
"GA","Gabon",2002,3.4
"GA","Gabon",2003,4
"GA","Gabon",2004,4.2
"GA","Gabon",2005,1
"GA","Gabon",2006,0.4
"GA","Gabon",2007,0.8
"GA","Gabon",2008,0.8
"GA","Gabon",2009,1
"GA","Gabon",2010,0.9
"GA","Gabon",2011,0.5
"GA","Gabon",2012,0.2
"GA","Gabon",2013,0.3
"GA","Gabon",2014,0.2
"GD","Grenada",2000,0
"GD","Grenada",2001,0
"GD","Grenada",2002,0
"GD","Grenada",2003,0
"GD","Grenada",2004,7
"GD","Grenada",2005,12.3
"GD","Grenada",2006,2.3
"GD","Grenada",2007,0.6
"GD","Grenada",2008,0.2
"GD","Grenada",2009,0.2
"GD","Grenada",2010,0
"GD","Grenada",2011,0
"GD","Grenada",2012,0.3
"GD","Grenada",2013,2.6
"GD","Grenada",2014,6.9
"GE","Georgia",2000,24
"GE","Georgia",2001,39.2
"GE","Georgia",2002,36.1
"GE","Georgia",2003,35.6
"GE","Georgia",2004,58.2
"GE","Georgia",2005,22.9
"GE","Georgia",2006,13.5
"GE","Georgia",2007,18.4
"GE","Georgia",2008,106
"GE","Georgia",2009,148.9
"GE","Georgia",2010,54.6
"GE","Georgia",2011,62.4
"GE","Georgia",2012,35.1
"GE","Georgia",2013,63.8
"GE","Georgia",2014,44.9
"GH","Ghana",2000,1.7
"GH","Ghana",2001,2.9
"GH","Ghana",2002,3.3
"GH","Ghana",2003,5.7
"GH","Ghana",2004,8.4
"GH","Ghana",2005,4.1
"GH","Ghana",2006,4.9
"GH","Ghana",2007,16.5
"GH","Ghana",2008,16.5
"GH","Ghana",2009,6.6
"GH","Ghana",2010,5.2
"GH","Ghana",2011,6.8
"GH","Ghana",2012,9.7
"GH","Ghana",2013,6.4
"GH","Ghana",2014,4.4
"GI","Gibraltar",2000,0
"GI","Gibraltar",2001,0
"GI","Gibraltar",2002,0
"GI","Gibraltar",2003,0
"GI","Gibraltar",2004,0
"GI","Gibraltar",2005,0
"GI","Gibraltar",2006,0
"GI","Gibraltar",2007,0
"GI","Gibraltar",2008,0
"GI","Gibraltar",2009,0
"GI","Gibraltar",2010,0
"GI","Gibraltar",2011,0
"GI","Gibraltar",2012,0
"GI","Gibraltar",2013,0
"GI","Gibraltar",2014,0
"GM","Gambia",2000,1.5
"GM","Gambia",2001,1
"GM","Gambia",2002,1.6
"GM","Gambia",2003,3.6
"GM","Gambia",2004,2
"GM","Gambia",2005,2
"GM","Gambia",2006,1.5
"GM","Gambia",2007,0.7
"GM","Gambia",2008,1.2
"GM","Gambia",2009,0.9
"GM","Gambia",2010,2.3
"GM","Gambia",2011,0.7
"GM","Gambia",2012,8.9
"GM","Gambia",2013,4.1
"GM","Gambia",2014,5.2
"GN","Guinea",2000,38.2
"GN","Guinea",2001,83.5
"GN","Guinea",2002,67.7
"GN","Guinea",2003,66.1
"GN","Guinea",2004,42.7
"GN","Guinea",2005,30.9
"GN","Guinea",2006,20.2
"GN","Guinea",2007,20.8
"GN","Guinea",2008,23.7
"GN","Guinea",2009,12.9
"GN","Guinea",2010,14.6
"GN","Guinea",2011,10.6
"GN","Guinea",2012,12.5
"GN","Guinea",2013,18.2
"GN","Guinea",2014,70.4
"GQ","Equatorial Guinea",2000,0
"GQ","Equatorial Guinea",2001,0
"GQ","Equatorial Guinea",2002,0
"GQ","Equatorial Guinea",2003,1.4
"GQ","Equatorial Guinea",2004,0
"GQ","Equatorial Guinea",2005,0
"GQ","Equatorial Guinea",2006,0.3
"GQ","Equatorial Guinea",2007,0.3
"GQ","Equatorial Guinea",2008,2
"GQ","Equatorial Guinea",2009,1.2
"GQ","Equatorial Guinea",2010,0.1
"GQ","Equatorial Guinea",2011,0.1
"GQ","Equatorial Guinea",2012,0.2
"GQ","Equatorial Guinea",2013,0.1
"GQ","Equatorial Guinea",2014,0.4
"GT","Guatemala",2000,8.3
"GT","Guatemala",2001,16
"GT","Guatemala",2002,42.2
"GT","Guatemala",2003,13.2
"GT","Guatemala",2004,11.8
"GT","Guatemala",2005,42.5
"GT","Guatemala",2006,41.5
"GT","Guatemala",2007,16.6
"GT","Guatemala",2008,9.5
"GT","Guatemala",2009,5.6
"GT","Guatemala",2010,49.7
"GT","Guatemala",2011,30.2
"GT","Guatemala",2012,16.6
"GT","Guatemala",2013,10.7
"GT","Guatemala",2014,17.5
"GW","Guinea-Bissau",2000,6
"GW","Guinea-Bissau",2001,3.3
"GW","Guinea-Bissau",2002,3.9
"GW","Guinea-Bissau",2003,4.8
"GW","Guinea-Bissau",2004,1.4
"GW","Guinea-Bissau",2005,3.8
"GW","Guinea-Bissau",2006,4
"GW","Guinea-Bissau",2007,1.8
"GW","Guinea-Bissau",2008,3
"GW","Guinea-Bissau",2009,2.1
"GW","Guinea-Bissau",2010,2.2
"GW","Guinea-Bissau",2011,1.9
"GW","Guinea-Bissau",2012,4.3
"GW","Guinea-Bissau",2013,6.1
"GW","Guinea-Bissau",2014,6.7
"GY","Guyana",2000,0.4
"GY","Guyana",2001,0.1
"GY","Guyana",2002,0
"GY","Guyana",2003,0
"GY","Guyana",2004,0
"GY","Guyana",2005,3.5
"GY","Guyana",2006,0.7
"GY","Guyana",2007,0.9
"GY","Guyana",2008,0.3
"GY","Guyana",2009,0.4
"GY","Guyana",2010,1.1
"GY","Guyana",2011,0.5
"GY","Guyana",2012,0.7
"GY","Guyana",2013,0.9
"GY","Guyana",2014,0.7
"HK","Hong Kong",2000,0
"HK","Hong Kong",2001,0
"HK","Hong Kong",2002,0
"HK","Hong Kong",2003,0
"HK","Hong Kong",2004,0
"HK","Hong Kong",2005,0
"HK","Hong Kong",2006,0
"HK","Hong Kong",2007,0
"HK","Hong Kong",2008,0
"HK","Hong Kong",2009,0
"HK","Hong Kong",2010,0
"HK","Hong Kong",2011,0
"HK","Hong Kong",2012,0
"HK","Hong Kong",2013,0
"HK","Hong Kong",2014,0
"HN","Honduras",2000,47.1
"HN","Honduras",2001,33.3
"HN","Honduras",2002,10.4
"HN","Honduras",2003,6.7
"HN","Honduras",2004,26.7
"HN","Honduras",2005,20
"HN","Honduras",2006,11.7
"HN","Honduras",2007,11.9
"HN","Honduras",2008,16.4
"HN","Honduras",2009,10
"HN","Honduras",2010,6
"HN","Honduras",2011,9.8
"HN","Honduras",2012,18.4
"HN","Honduras",2013,16.1
"HN","Honduras",2014,22.1
"HR","Croatia",2000,37.6
"HR","Croatia",2001,56.5
"HR","Croatia",2002,31.7
"HR","Croatia",2003,15
"HR","Croatia",2004,9.1
"HR","Croatia",2005,11.6
"HR","Croatia",2006,6.1
"HR","Croatia",2007,3.1
"HR","Croatia",2008,2.4
"HR","Croatia",2009,1.6
"HR","Croatia",2010,1
"HR","Croatia",2011,0
"HR","Croatia",2012,0
"HR","Croatia",2013,0
"HR","Croatia",2014,0.4
"HT","Haiti",2000,2.1
"HT","Haiti",2001,1.3
"HT","Haiti",2002,1.4
"HT","Haiti",2003,6.9
"HT","Haiti",2004,64.7
"HT","Haiti",2005,74.6
"HT","Haiti",2006,77.7
"HT","Haiti",2007,44
"HT","Haiti",2008,205.2
"HT","Haiti",2009,150.6
"HT","Haiti",2010,3202.5
"HT","Haiti",2011,552.3
"HT","Haiti",2012,285.1
"HT","Haiti",2013,245.4
"HT","Haiti",2014,226.4
"HU","Hungary",2000,0
"HU","Hungary",2001,0
"HU","Hungary",2002,0
"HU","Hungary",2003,0
"HU","Hungary",2004,0
"HU","Hungary",2005,0
"HU","Hungary",2006,0
"HU","Hungary",2007,0
"HU","Hungary",2008,0
"HU","Hungary",2009,0
"HU","Hungary",2010,0
"HU","Hungary",2011,0
"HU","Hungary",2012,0
"HU","Hungary",2013,0
"HU","Hungary",2014,0
"ID","Indonesia",2000,79.8
"ID","Indonesia",2001,84.2
"ID","Indonesia",2002,79.8
"ID","Indonesia",2003,72.6
"ID","Indonesia",2004,32.7
"ID","Indonesia",2005,937.1
"ID","Indonesia",2006,503.9
"ID","Indonesia",2007,254.9
"ID","Indonesia",2008,151.4
"ID","Indonesia",2009,277.7
"ID","Indonesia",2010,136.6
"ID","Indonesia",2011,175
"ID","Indonesia",2012,46.6
"ID","Indonesia",2013,61.4
"ID","Indonesia",2014,41.9
"IL","Israel",2000,0
"IL","Israel",2001,0
"IL","Israel",2002,0
"IL","Israel",2003,0
"IL","Israel",2004,0
"IL","Israel",2005,0
"IL","Israel",2006,0
"IL","Israel",2007,0
"IL","Israel",2008,0
"IL","Israel",2009,0
"IL","Israel",2010,0
"IL","Israel",2011,0
"IL","Israel",2012,0
"IL","Israel",2013,0
"IL","Israel",2014,0
"IN","India",2000,46.6
"IN","India",2001,145.8
"IN","India",2002,42.2
"IN","India",2003,32.5
"IN","India",2004,25.7
"IN","India",2005,137.8
"IN","India",2006,82.9
"IN","India",2007,42.2
"IN","India",2008,54.4
"IN","India",2009,41.1
"IN","India",2010,40
"IN","India",2011,40.3
"IN","India",2012,62.7
"IN","India",2013,66.4
"IN","India",2014,135.6
"IQ","Iraq",2000,153.6
"IQ","Iraq",2001,187.1
"IQ","Iraq",2002,159.3
"IQ","Iraq",2003,1499.1
"IQ","Iraq",2004,979.8
"IQ","Iraq",2005,705.6
"IQ","Iraq",2006,435.8
"IQ","Iraq",2007,392.2
"IQ","Iraq",2008,398.8
"IQ","Iraq",2009,510.8
"IQ","Iraq",2010,196.2
"IQ","Iraq",2011,308
"IQ","Iraq",2012,98.9
"IQ","Iraq",2013,176.8
"IQ","Iraq",2014,1167.7
"IR","Iran",2000,57.8
"IR","Iran",2001,52.3
"IR","Iran",2002,69.9
"IR","Iran",2003,75.5
"IR","Iran",2004,156.1
"IR","Iran",2005,33.6
"IR","Iran",2006,51.3
"IR","Iran",2007,20.4
"IR","Iran",2008,5.7
"IR","Iran",2009,10
"IR","Iran",2010,21.3
"IR","Iran",2011,13.7
"IR","Iran",2012,44.9
"IR","Iran",2013,13.2
"IR","Iran",2014,16.5
"IT","Italy",2000,0
"IT","Italy",2001,0
"IT","Italy",2002,0
"IT","Italy",2003,0
"IT","Italy",2004,0
"IT","Italy",2005,0
"IT","Italy",2006,0
"IT","Italy",2007,0
"IT","Italy",2008,0
"IT","Italy",2009,0
"IT","Italy",2010,0
"IT","Italy",2011,0
"IT","Italy",2012,0
"IT","Italy",2013,0
"IT","Italy",2014,1.2
"JM","Jamaica",2000,0
"JM","Jamaica",2001,0.6
"JM","Jamaica",2002,0.6
"JM","Jamaica",2003,0.5
"JM","Jamaica",2004,2.6
"JM","Jamaica",2005,3.5
"JM","Jamaica",2006,10.7
"JM","Jamaica",2007,2.5
"JM","Jamaica",2008,1.3
"JM","Jamaica",2009,1
"JM","Jamaica",2010,2.3
"JM","Jamaica",2011,2.2
"JM","Jamaica",2012,0.9
"JM","Jamaica",2013,1.9
"JM","Jamaica",2014,1
"JO","Jordan",2000,123.4
"JO","Jordan",2001,129.5
"JO","Jordan",2002,127
"JO","Jordan",2003,140.2
"JO","Jordan",2004,113.9
"JO","Jordan",2005,113.5
"JO","Jordan",2006,111
"JO","Jordan",2007,114.8
"JO","Jordan",2008,145.2
"JO","Jordan",2009,143.1
"JO","Jordan",2010,179.5
"JO","Jordan",2011,154.2
"JO","Jordan",2012,323
"JO","Jordan",2013,647.6
"JO","Jordan",2014,895.2
"JP","Japan",2000,0
"JP","Japan",2001,0
"JP","Japan",2002,0
"JP","Japan",2003,0
"JP","Japan",2004,0
"JP","Japan",2005,0
"JP","Japan",2006,0
"JP","Japan",2007,0
"JP","Japan",2008,0
"JP","Japan",2009,0
"JP","Japan",2010,0
"JP","Japan",2011,606.7
"JP","Japan",2012,0
"JP","Japan",2013,2.9
"JP","Japan",2014,0
"KE","Kenya",2000,52.3
"KE","Kenya",2001,70.9
"KE","Kenya",2002,85.4
"KE","Kenya",2003,67
"KE","Kenya",2004,91.6
"KE","Kenya",2005,78.9
"KE","Kenya",2006,230.3
"KE","Kenya",2007,195.2
"KE","Kenya",2008,286.7
"KE","Kenya",2009,392.6
"KE","Kenya",2010,305.7
"KE","Kenya",2011,543
"KE","Kenya",2012,409.5
"KE","Kenya",2013,398.9
"KE","Kenya",2014,391.2
"KG","Kyrgyzstan",2000,3.4
"KG","Kyrgyzstan",2001,7
"KG","Kyrgyzstan",2002,8.5
"KG","Kyrgyzstan",2003,7.1
"KG","Kyrgyzstan",2004,5.5
"KG","Kyrgyzstan",2005,3.5
"KG","Kyrgyzstan",2006,10.7
"KG","Kyrgyzstan",2007,3.1
"KG","Kyrgyzstan",2008,7.7
"KG","Kyrgyzstan",2009,10.2
"KG","Kyrgyzstan",2010,85.6
"KG","Kyrgyzstan",2011,37.9
"KG","Kyrgyzstan",2012,24.2
"KG","Kyrgyzstan",2013,16.2
"KG","Kyrgyzstan",2014,7.8
"KH","Cambodia",2000,60
"KH","Cambodia",2001,26.2
"KH","Cambodia",2002,23.4
"KH","Cambodia",2003,10
"KH","Cambodia",2004,14.3
"KH","Cambodia",2005,10.1
"KH","Cambodia",2006,14.6
"KH","Cambodia",2007,19.5
"KH","Cambodia",2008,12.7
"KH","Cambodia",2009,12.4
"KH","Cambodia",2010,15.7
"KH","Cambodia",2011,35.4
"KH","Cambodia",2012,23.9
"KH","Cambodia",2013,11.5
"KH","Cambodia",2014,29.3
"KI","Kiribati",2000,0
"KI","Kiribati",2001,0
"KI","Kiribati",2002,0
"KI","Kiribati",2003,0
"KI","Kiribati",2004,0
"KI","Kiribati",2005,0.1
"KI","Kiribati",2006,0
"KI","Kiribati",2007,0
"KI","Kiribati",2008,0
"KI","Kiribati",2009,0
"KI","Kiribati",2010,6.6
"KI","Kiribati",2011,1.4
"KI","Kiribati",2012,0.9
"KI","Kiribati",2013,0.1
"KI","Kiribati",2014,0
"KM","Comoros",2000,2.1
"KM","Comoros",2001,2.8
"KM","Comoros",2002,0.5
"KM","Comoros",2003,0
"KM","Comoros",2004,0
"KM","Comoros",2005,0.9
"KM","Comoros",2006,1.2
"KM","Comoros",2007,0.5
"KM","Comoros",2008,0.9
"KM","Comoros",2009,0.8
"KM","Comoros",2010,1.2
"KM","Comoros",2011,0.3
"KM","Comoros",2012,8.5
"KM","Comoros",2013,0.4
"KM","Comoros",2014,1.1
"KN","Saint Kitts and Nevis",2000,0
"KN","Saint Kitts and Nevis",2001,0
"KN","Saint Kitts and Nevis",2002,0
"KN","Saint Kitts and Nevis",2003,0
"KN","Saint Kitts and Nevis",2004,0
"KN","Saint Kitts and Nevis",2005,0.1
"KN","Saint Kitts and Nevis",2006,0
"KN","Saint Kitts and Nevis",2007,0
"KN","Saint Kitts and Nevis",2008,0
"KN","Saint Kitts and Nevis",2009,0.1
"KN","Saint Kitts and Nevis",2010,0
"KN","Saint Kitts and Nevis",2011,0.2
"KN","Saint Kitts and Nevis",2012,0
"KN","Saint Kitts and Nevis",2013,0.1
"KN","Saint Kitts and Nevis",2014,0
"KP","North Korea",2000,51.6
"KP","North Korea",2001,119.3
"KP","North Korea",2002,158.4
"KP","North Korea",2003,147.9
"KP","North Korea",2004,140.1
"KP","North Korea",2005,63.6
"KP","North Korea",2006,34.6
"KP","North Korea",2007,73.7
"KP","North Korea",2008,121.1
"KP","North Korea",2009,36.5
"KP","North Korea",2010,40.8
"KP","North Korea",2011,68
"KP","North Korea",2012,62.2
"KP","North Korea",2013,52.3
"KP","North Korea",2014,29.1
"KR","Korea",2000,0
"KR","Korea",2001,0
"KR","Korea",2002,0
"KR","Korea",2003,0
"KR","Korea",2004,0
"KR","Korea",2005,0
"KR","Korea",2006,0
"KR","Korea",2007,0
"KR","Korea",2008,0
"KR","Korea",2009,0
"KR","Korea",2010,0
"KR","Korea",2011,0
"KR","Korea",2012,0
"KR","Korea",2013,0
"KR","Korea",2014,0
"KW","Kuwait",2000,0
"KW","Kuwait",2001,0
"KW","Kuwait",2002,0
"KW","Kuwait",2003,0
"KW","Kuwait",2004,0
"KW","Kuwait",2005,0
"KW","Kuwait",2006,0
"KW","Kuwait",2007,0
"KW","Kuwait",2008,0
"KW","Kuwait",2009,0
"KW","Kuwait",2010,0
"KW","Kuwait",2011,0
"KW","Kuwait",2012,0
"KW","Kuwait",2013,0
"KW","Kuwait",2014,0
"KY","Cayman Islands",2000,0
"KY","Cayman Islands",2001,0
"KY","Cayman Islands",2002,0
"KY","Cayman Islands",2003,0
"KY","Cayman Islands",2004,0
"KY","Cayman Islands",2005,0
"KY","Cayman Islands",2006,0
"KY","Cayman Islands",2007,0
"KY","Cayman Islands",2008,0
"KY","Cayman Islands",2009,0
"KY","Cayman Islands",2010,0
"KY","Cayman Islands",2011,0
"KY","Cayman Islands",2012,0
"KY","Cayman Islands",2013,0
"KY","Cayman Islands",2014,0
"KZ","Kazakhstan",2000,3.4
"KZ","Kazakhstan",2001,6.7
"KZ","Kazakhstan",2002,5.3
"KZ","Kazakhstan",2003,3.2
"KZ","Kazakhstan",2004,2.9
"KZ","Kazakhstan",2005,2.2
"KZ","Kazakhstan",2006,1.6
"KZ","Kazakhstan",2007,1.2
"KZ","Kazakhstan",2008,1.8
"KZ","Kazakhstan",2009,0.9
"KZ","Kazakhstan",2010,3.2
"KZ","Kazakhstan",2011,1.3
"KZ","Kazakhstan",2012,1.3
"KZ","Kazakhstan",2013,2.6
"KZ","Kazakhstan",2014,1.5
"LA","Lao",2000,9.2
"LA","Lao",2001,5.6
"LA","Lao",2002,3.7
"LA","Lao",2003,2.6
"LA","Lao",2004,2.6
"LA","Lao",2005,5.2
"LA","Lao",2006,5.5
"LA","Lao",2007,2.9
"LA","Lao",2008,6
"LA","Lao",2009,12.1
"LA","Lao",2010,12.4
"LA","Lao",2011,15.8
"LA","Lao",2012,12.5
"LA","Lao",2013,12.5
"LA","Lao",2014,12.2
"LB","Lebanon",2000,82.4
"LB","Lebanon",2001,91.3
"LB","Lebanon",2002,95.5
"LB","Lebanon",2003,86.1
"LB","Lebanon",2004,96
"LB","Lebanon",2005,101.2
"LB","Lebanon",2006,585.5
"LB","Lebanon",2007,346.5
"LB","Lebanon",2008,196.3
"LB","Lebanon",2009,177.8
"LB","Lebanon",2010,130.7
"LB","Lebanon",2011,138.8
"LB","Lebanon",2012,418.9
"LB","Lebanon",2013,480.1
"LB","Lebanon",2014,554.3
"LC","Saint Lucia",2000,0
"LC","Saint Lucia",2001,0
"LC","Saint Lucia",2002,0
"LC","Saint Lucia",2003,0
"LC","Saint Lucia",2004,0
"LC","Saint Lucia",2005,0.1
"LC","Saint Lucia",2006,0
"LC","Saint Lucia",2007,0.1
"LC","Saint Lucia",2008,0
"LC","Saint Lucia",2009,0.1
"LC","Saint Lucia",2010,0.3
"LC","Saint Lucia",2011,4
"LC","Saint Lucia",2012,0.3
"LC","Saint Lucia",2013,0.8
"LC","Saint Lucia",2014,1.6
"LI","Liechtenstein",2000,0
"LI","Liechtenstein",2001,0
"LI","Liechtenstein",2002,0
"LI","Liechtenstein",2003,0
"LI","Liechtenstein",2004,0
"LI","Liechtenstein",2005,0
"LI","Liechtenstein",2006,0
"LI","Liechtenstein",2007,0
"LI","Liechtenstein",2008,0
"LI","Liechtenstein",2009,0
"LI","Liechtenstein",2010,0
"LI","Liechtenstein",2011,0
"LI","Liechtenstein",2012,0
"LI","Liechtenstein",2013,0
"LI","Liechtenstein",2014,0
"LK","Sri Lanka",2000,46.1
"LK","Sri Lanka",2001,41
"LK","Sri Lanka",2002,46.6
"LK","Sri Lanka",2003,42.1
"LK","Sri Lanka",2004,48.8
"LK","Sri Lanka",2005,600.7
"LK","Sri Lanka",2006,163.8
"LK","Sri Lanka",2007,213.4
"LK","Sri Lanka",2008,243
"LK","Sri Lanka",2009,239.1
"LK","Sri Lanka",2010,217
"LK","Sri Lanka",2011,157.9
"LK","Sri Lanka",2012,101
"LK","Sri Lanka",2013,78.8
"LK","Sri Lanka",2014,40.9
"LR","Liberia",2000,24.3
"LR","Liberia",2001,22
"LR","Liberia",2002,44.9
"LR","Liberia",2003,106.6
"LR","Liberia",2004,187.2
"LR","Liberia",2005,155.8
"LR","Liberia",2006,150.6
"LR","Liberia",2007,110.1
"LR","Liberia",2008,100.2
"LR","Liberia",2009,42.6
"LR","Liberia",2010,34.5
"LR","Liberia",2011,105.4
"LR","Liberia",2012,73.7
"LR","Liberia",2013,43.7
"LR","Liberia",2014,166.7
"LS","Lesotho",2000,0
"LS","Lesotho",2001,0
"LS","Lesotho",2002,2.7
"LS","Lesotho",2003,4.8
"LS","Lesotho",2004,1.7
"LS","Lesotho",2005,9.4
"LS","Lesotho",2006,2.7
"LS","Lesotho",2007,22.4
"LS","Lesotho",2008,4
"LS","Lesotho",2009,1.4
"LS","Lesotho",2010,8.8
"LS","Lesotho",2011,8.6
"LS","Lesotho",2012,16.9
"LS","Lesotho",2013,11.3
"LS","Lesotho",2014,5.2
"LT","Lithuania",2000,0
"LT","Lithuania",2001,0
"LT","Lithuania",2002,0
"LT","Lithuania",2003,0
"LT","Lithuania",2004,0
"LT","Lithuania",2005,0
"LT","Lithuania",2006,0
"LT","Lithuania",2007,0
"LT","Lithuania",2008,0
"LT","Lithuania",2009,0
"LT","Lithuania",2010,0
"LT","Lithuania",2011,0
"LT","Lithuania",2012,0
"LT","Lithuania",2013,0
"LT","Lithuania",2014,0
"LV","Latvia",2000,0
"LV","Latvia",2001,0
"LV","Latvia",2002,0
"LV","Latvia",2003,0
"LV","Latvia",2004,0
"LV","Latvia",2005,0
"LV","Latvia",2006,0
"LV","Latvia",2007,0
"LV","Latvia",2008,0
"LV","Latvia",2009,0
"LV","Latvia",2010,0
"LV","Latvia",2011,0
"LV","Latvia",2012,0
"LV","Latvia",2013,0
"LV","Latvia",2014,0
"LY","Libya",2000,0
"LY","Libya",2001,0
"LY","Libya",2002,0
"LY","Libya",2003,0
"LY","Libya",2004,0
"LY","Libya",2005,1.1
"LY","Libya",2006,0.5
"LY","Libya",2007,0.9
"LY","Libya",2008,1.2
"LY","Libya",2009,2
"LY","Libya",2010,0.8
"LY","Libya",2011,477.5
"LY","Libya",2012,34.4
"LY","Libya",2013,8.4
"LY","Libya",2014,18.7
"MA","Morocco",2000,1
"MA","Morocco",2001,0.8
"MA","Morocco",2002,2.5
"MA","Morocco",2003,1.7
"MA","Morocco",2004,22.8
"MA","Morocco",2005,7
"MA","Morocco",2006,6.7
"MA","Morocco",2007,13.1
"MA","Morocco",2008,3.1
"MA","Morocco",2009,3.4
"MA","Morocco",2010,5.4
"MA","Morocco",2011,5
"MA","Morocco",2012,11.8
"MA","Morocco",2013,5.2
"MA","Morocco",2014,9.8
"MC","Monaco",2000,0
"MC","Monaco",2001,0
"MC","Monaco",2002,0
"MC","Monaco",2003,0
"MC","Monaco",2004,0
"MC","Monaco",2005,0
"MC","Monaco",2006,0
"MC","Monaco",2007,0
"MC","Monaco",2008,0
"MC","Monaco",2009,0
"MC","Monaco",2010,0
"MC","Monaco",2011,0
"MC","Monaco",2012,0
"MC","Monaco",2013,0
"MC","Monaco",2014,0
"MD","Moldova",2000,12.9
"MD","Moldova",2001,25.7
"MD","Moldova",2002,10.8
"MD","Moldova",2003,16.9
"MD","Moldova",2004,8.4
"MD","Moldova",2005,11.2
"MD","Moldova",2006,5.9
"MD","Moldova",2007,9.9
"MD","Moldova",2008,8.2
"MD","Moldova",2009,1.6
"MD","Moldova",2010,3
"MD","Moldova",2011,2.3
"MD","Moldova",2012,3.7
"MD","Moldova",2013,5.7
"MD","Moldova",2014,4.1
"ME","Montenegro",2000,0
"ME","Montenegro",2001,0
"ME","Montenegro",2002,0
"ME","Montenegro",2003,0
"ME","Montenegro",2004,0
"ME","Montenegro",2005,0
"ME","Montenegro",2006,1
"ME","Montenegro",2007,3.8
"ME","Montenegro",2008,1.8
"ME","Montenegro",2009,2.8
"ME","Montenegro",2010,4.1
"ME","Montenegro",2011,4.5
"ME","Montenegro",2012,4.4
"ME","Montenegro",2013,2.7
"ME","Montenegro",2014,0.5
"MG","Madagascar",2000,7.5
"MG","Madagascar",2001,13.5
"MG","Madagascar",2002,4.5
"MG","Madagascar",2003,6.6
"MG","Madagascar",2004,10.5
"MG","Madagascar",2005,3.9
"MG","Madagascar",2006,5.9
"MG","Madagascar",2007,23.9
"MG","Madagascar",2008,25.7
"MG","Madagascar",2009,16.9
"MG","Madagascar",2010,29.9
"MG","Madagascar",2011,29.9
"MG","Madagascar",2012,31.9
"MG","Madagascar",2013,27.9
"MG","Madagascar",2014,23.2
"MH","Marshall Islands",2000,0
"MH","Marshall Islands",2001,0
"MH","Marshall Islands",2002,0
"MH","Marshall Islands",2003,0
"MH","Marshall Islands",2004,0
"MH","Marshall Islands",2005,0.1
"MH","Marshall Islands",2006,2.6
"MH","Marshall Islands",2007,0
"MH","Marshall Islands",2008,0.1
"MH","Marshall Islands",2009,0.9
"MH","Marshall Islands",2010,0
"MH","Marshall Islands",2011,0.3
"MH","Marshall Islands",2012,0.8
"MH","Marshall Islands",2013,4.3
"MH","Marshall Islands",2014,1.6
"MK","Macedonia",2000,42
"MK","Macedonia",2001,70.9
"MK","Macedonia",2002,39.1
"MK","Macedonia",2003,15.6
"MK","Macedonia",2004,5.1
"MK","Macedonia",2005,4.7
"MK","Macedonia",2006,1.3
"MK","Macedonia",2007,3.2
"MK","Macedonia",2008,2.2
"MK","Macedonia",2009,1.9
"MK","Macedonia",2010,1.1
"MK","Macedonia",2011,1.1
"MK","Macedonia",2012,2.3
"MK","Macedonia",2013,1.8
"MK","Macedonia",2014,0.4
"ML","Mali",2000,3.7
"ML","Mali",2001,2
"ML","Mali",2002,2.7
"ML","Mali",2003,6
"ML","Mali",2004,5.6
"ML","Mali",2005,21.9
"ML","Mali",2006,19.4
"ML","Mali",2007,13.3
"ML","Mali",2008,11
"ML","Mali",2009,11.2
"ML","Mali",2010,26.4
"ML","Mali",2011,23.5
"ML","Mali",2012,264.5
"ML","Mali",2013,249
"ML","Mali",2014,233.3
"MM","Myanmar",2000,24.6
"MM","Myanmar",2001,27.5
"MM","Myanmar",2002,42
"MM","Myanmar",2003,31.3
"MM","Myanmar",2004,34.5
"MM","Myanmar",2005,36
"MM","Myanmar",2006,41.2
"MM","Myanmar",2007,53.7
"MM","Myanmar",2008,491.9
"MM","Myanmar",2009,164.6
"MM","Myanmar",2010,113.7
"MM","Myanmar",2011,98.8
"MM","Myanmar",2012,130.1
"MM","Myanmar",2013,221.3
"MM","Myanmar",2014,207.1
"MN","Mongolia",2000,12.5
"MN","Mongolia",2001,26.2
"MN","Mongolia",2002,5.5
"MN","Mongolia",2003,8.4
"MN","Mongolia",2004,5.1
"MN","Mongolia",2005,6.5
"MN","Mongolia",2006,2
"MN","Mongolia",2007,1.5
"MN","Mongolia",2008,1.1
"MN","Mongolia",2009,1.1
"MN","Mongolia",2010,14
"MN","Mongolia",2011,2.1
"MN","Mongolia",2012,2.2
"MN","Mongolia",2013,12.8
"MN","Mongolia",2014,3
"MO","Macao",2000,0
"MO","Macao",2001,0
"MO","Macao",2002,0
"MO","Macao",2003,0
"MO","Macao",2004,0
"MO","Macao",2005,0
"MO","Macao",2006,0
"MO","Macao",2007,0
"MO","Macao",2008,0
"MO","Macao",2009,0
"MO","Macao",2010,0
"MO","Macao",2011,0
"MO","Macao",2012,0
"MO","Macao",2013,0
"MO","Macao",2014,0
"MP","Northern Mariana Islands",2000,0
"MP","Northern Mariana Islands",2001,0
"MP","Northern Mariana Islands",2002,0
"MP","Northern Mariana Islands",2003,0
"MP","Northern Mariana Islands",2004,0
"MP","Northern Mariana Islands",2005,0
"MP","Northern Mariana Islands",2006,0
"MP","Northern Mariana Islands",2007,0
"MP","Northern Mariana Islands",2008,0
"MP","Northern Mariana Islands",2009,0
"MP","Northern Mariana Islands",2010,0
"MP","Northern Mariana Islands",2011,0
"MP","Northern Mariana Islands",2012,0
"MP","Northern Mariana Islands",2013,0
"MP","Northern Mariana Islands",2014,0
"MR","Mauritania",2000,2.3
"MR","Mauritania",2001,1.7
"MR","Mauritania",2002,2.6
"MR","Mauritania",2003,19.1
"MR","Mauritania",2004,11.1
"MR","Mauritania",2005,18
"MR","Mauritania",2006,10
"MR","Mauritania",2007,41.6
"MR","Mauritania",2008,34.2
"MR","Mauritania",2009,10.6
"MR","Mauritania",2010,11.4
"MR","Mauritania",2011,14.8
"MR","Mauritania",2012,71
"MR","Mauritania",2013,70.7
"MR","Mauritania",2014,52.7
"MS","Montserrat",2000,9.4
"MS","Montserrat",2001,2.9
"MS","Montserrat",2002,2.3
"MS","Montserrat",2003,1.9
"MS","Montserrat",2004,0.4
"MS","Montserrat",2005,0.1
"MS","Montserrat",2006,0
"MS","Montserrat",2007,0
"MS","Montserrat",2008,0.2
"MS","Montserrat",2009,0.1
"MS","Montserrat",2010,0.2
"MS","Montserrat",2011,0
"MS","Montserrat",2012,0
"MS","Montserrat",2013,0
"MS","Montserrat",2014,0
"MT","Malta",2000,0.2
"MT","Malta",2001,0.2
"MT","Malta",2002,0.2
"MT","Malta",2003,0
"MT","Malta",2004,0
"MT","Malta",2005,0
"MT","Malta",2006,0
"MT","Malta",2007,0
"MT","Malta",2008,0
"MT","Malta",2009,0
"MT","Malta",2010,0
"MT","Malta",2011,0
"MT","Malta",2012,0
"MT","Malta",2013,0
"MT","Malta",2014,0
"MU","Mauritius",2000,0
"MU","Mauritius",2001,0
"MU","Mauritius",2002,1.3
"MU","Mauritius",2003,0.1
"MU","Mauritius",2004,0
"MU","Mauritius",2005,0
"MU","Mauritius",2006,0
"MU","Mauritius",2007,0
"MU","Mauritius",2008,0.1
"MU","Mauritius",2009,0.1
"MU","Mauritius",2010,0.1
"MU","Mauritius",2011,0.1
"MU","Mauritius",2012,3
"MU","Mauritius",2013,0.9
"MU","Mauritius",2014,0.8
"MV","Maldives",2000,0
"MV","Maldives",2001,0
"MV","Maldives",2002,3.1
"MV","Maldives",2003,0
"MV","Maldives",2004,0
"MV","Maldives",2005,55.9
"MV","Maldives",2006,21.3
"MV","Maldives",2007,12.3
"MV","Maldives",2008,1.9
"MV","Maldives",2009,8.6
"MV","Maldives",2010,16.6
"MV","Maldives",2011,2.2
"MV","Maldives",2012,0.6
"MV","Maldives",2013,0.4
"MV","Maldives",2014,1.2
"MW","Malawi",2000,2.5
"MW","Malawi",2001,5.1
"MW","Malawi",2002,28.4
"MW","Malawi",2003,37.6
"MW","Malawi",2004,8.4
"MW","Malawi",2005,52.2
"MW","Malawi",2006,66.7
"MW","Malawi",2007,15.8
"MW","Malawi",2008,22.3
"MW","Malawi",2009,9.6
"MW","Malawi",2010,20.6
"MW","Malawi",2011,22.2
"MW","Malawi",2012,65.2
"MW","Malawi",2013,99.3
"MW","Malawi",2014,53.9
"MX","Mexico",2000,9.2
"MX","Mexico",2001,9.6
"MX","Mexico",2002,8.2
"MX","Mexico",2003,6.7
"MX","Mexico",2004,4.2
"MX","Mexico",2005,2.8
"MX","Mexico",2006,1.9
"MX","Mexico",2007,4.7
"MX","Mexico",2008,4.3
"MX","Mexico",2009,6.6
"MX","Mexico",2010,1.5
"MX","Mexico",2011,1.2
"MX","Mexico",2012,2
"MX","Mexico",2013,1.6
"MX","Mexico",2014,5.2
"MY","Malaysia",2000,0.7
"MY","Malaysia",2001,1.6
"MY","Malaysia",2002,0.3
"MY","Malaysia",2003,3.7
"MY","Malaysia",2004,1.2
"MY","Malaysia",2005,2.3
"MY","Malaysia",2006,1.1
"MY","Malaysia",2007,2.6
"MY","Malaysia",2008,3.5
"MY","Malaysia",2009,3.1
"MY","Malaysia",2010,4.6
"MY","Malaysia",2011,16.6
"MY","Malaysia",2012,2.5
"MY","Malaysia",2013,5.8
"MY","Malaysia",2014,16.6
"MZ","Mozambique",2000,183.8
"MZ","Mozambique",2001,128.2
"MZ","Mozambique",2002,24.6
"MZ","Mozambique",2003,13.3
"MZ","Mozambique",2004,21.1
"MZ","Mozambique",2005,12.9
"MZ","Mozambique",2006,14.5
"MZ","Mozambique",2007,37.8
"MZ","Mozambique",2008,52.4
"MZ","Mozambique",2009,36.1
"MZ","Mozambique",2010,28.9
"MZ","Mozambique",2011,32.7
"MZ","Mozambique",2012,34.6
"MZ","Mozambique",2013,51.3
"MZ","Mozambique",2014,27.2
"NA","Namibia",2000,5.3
"NA","Namibia",2001,4.8
"NA","Namibia",2002,7.7
"NA","Namibia",2003,6.1
"NA","Namibia",2004,6.8
"NA","Namibia",2005,1.6
"NA","Namibia",2006,3.3
"NA","Namibia",2007,1.5
"NA","Namibia",2008,4.4
"NA","Namibia",2009,5
"NA","Namibia",2010,2.2
"NA","Namibia",2011,7.4
"NA","Namibia",2012,5.4
"NA","Namibia",2013,6
"NA","Namibia",2014,2.7
"NC","New Caledonia",2000,0
"NC","New Caledonia",2001,0
"NC","New Caledonia",2002,0
"NC","New Caledonia",2003,0
"NC","New Caledonia",2004,0
"NC","New Caledonia",2005,0
"NC","New Caledonia",2006,0
"NC","New Caledonia",2007,0
"NC","New Caledonia",2008,0
"NC","New Caledonia",2009,0
"NC","New Caledonia",2010,0
"NC","New Caledonia",2011,0
"NC","New Caledonia",2012,0
"NC","New Caledonia",2013,0
"NC","New Caledonia",2014,0
"NE","Niger",2000,1.8
"NE","Niger",2001,7.5
"NE","Niger",2002,4.6
"NE","Niger",2003,2.4
"NE","Niger",2004,1.4
"NE","Niger",2005,108
"NE","Niger",2006,73
"NE","Niger",2007,35.4
"NE","Niger",2008,46.8
"NE","Niger",2009,43.2
"NE","Niger",2010,242.9
"NE","Niger",2011,187.3
"NE","Niger",2012,296.4
"NE","Niger",2013,214.2
"NE","Niger",2014,219.3
"NG","Nigeria",2000,3.7
"NG","Nigeria",2001,7.8
"NG","Nigeria",2002,10.6
"NG","Nigeria",2003,20.3
"NG","Nigeria",2004,20.9
"NG","Nigeria",2005,12.7
"NG","Nigeria",2006,14.5
"NG","Nigeria",2007,12.7
"NG","Nigeria",2008,16.4
"NG","Nigeria",2009,20
"NG","Nigeria",2010,27.3
"NG","Nigeria",2011,31.9
"NG","Nigeria",2012,36.6
"NG","Nigeria",2013,43.6
"NG","Nigeria",2014,62.9
"NI","Nicaragua",2000,34.3
"NI","Nicaragua",2001,25.7
"NI","Nicaragua",2002,39
"NI","Nicaragua",2003,14.9
"NI","Nicaragua",2004,29.7
"NI","Nicaragua",2005,26.7
"NI","Nicaragua",2006,30.6
"NI","Nicaragua",2007,37.8
"NI","Nicaragua",2008,26.8
"NI","Nicaragua",2009,15.6
"NI","Nicaragua",2010,13.6
"NI","Nicaragua",2011,17
"NI","Nicaragua",2012,16.4
"NI","Nicaragua",2013,15.5
"NI","Nicaragua",2014,14.5
"NP","Nepal",2000,10.1
"NP","Nepal",2001,19
"NP","Nepal",2002,30.5
"NP","Nepal",2003,20.2
"NP","Nepal",2004,28.2
"NP","Nepal",2005,32.7
"NP","Nepal",2006,44.7
"NP","Nepal",2007,59.5
"NP","Nepal",2008,79
"NP","Nepal",2009,73.3
"NP","Nepal",2010,35.6
"NP","Nepal",2011,61.2
"NP","Nepal",2012,48.7
"NP","Nepal",2013,31.6
"NP","Nepal",2014,24.4
"NR","Nauru",2000,0
"NR","Nauru",2001,0
"NR","Nauru",2002,0
"NR","Nauru",2003,0
"NR","Nauru",2004,0
"NR","Nauru",2005,0.1
"NR","Nauru",2006,0
"NR","Nauru",2007,0.4
"NR","Nauru",2008,0
"NR","Nauru",2009,0.3
"NR","Nauru",2010,0.9
"NR","Nauru",2011,0.1
"NR","Nauru",2012,1.4
"NR","Nauru",2013,0.3
"NR","Nauru",2014,0
"NU","Niue",2000,0
"NU","Niue",2001,0.1
"NU","Niue",2002,0
"NU","Niue",2003,0
"NU","Niue",2004,8
"NU","Niue",2005,0.3
"NU","Niue",2006,0
"NU","Niue",2007,0
"NU","Niue",2008,0
"NU","Niue",2009,0
"NU","Niue",2010,1
"NU","Niue",2011,0.1
"NU","Niue",2012,0
"NU","Niue",2013,0
"NU","Niue",2014,0
"NZ","New Zealand",2000,0
"NZ","New Zealand",2001,0
"NZ","New Zealand",2002,0
"NZ","New Zealand",2003,0
"NZ","New Zealand",2004,0
"NZ","New Zealand",2005,0
"NZ","New Zealand",2006,0
"NZ","New Zealand",2007,0
"NZ","New Zealand",2008,0
"NZ","New Zealand",2009,0
"NZ","New Zealand",2010,0
"NZ","New Zealand",2011,0.6
"NZ","New Zealand",2012,0
"NZ","New Zealand",2013,0
"NZ","New Zealand",2014,0
"OM","Oman",2000,0
"OM","Oman",2001,0
"OM","Oman",2002,0
"OM","Oman",2003,0
"OM","Oman",2004,0
"OM","Oman",2005,0
"OM","Oman",2006,0.1
"OM","Oman",2007,0.9
"OM","Oman",2008,0
"OM","Oman",2009,0
"OM","Oman",2010,0
"OM","Oman",2011,0
"OM","Oman",2012,0
"OM","Oman",2013,0
"OM","Oman",2014,0
"PA","Panama",2000,0.2
"PA","Panama",2001,0.4
"PA","Panama",2002,0.8
"PA","Panama",2003,0.6
"PA","Panama",2004,0.8
"PA","Panama",2005,0.6
"PA","Panama",2006,0.3
"PA","Panama",2007,0.5
"PA","Panama",2008,1.9
"PA","Panama",2009,2.2
"PA","Panama",2010,3.5
"PA","Panama",2011,3.7
"PA","Panama",2012,4.4
"PA","Panama",2013,4.7
"PA","Panama",2014,2
"PE","Peru",2000,3.2
"PE","Peru",2001,34
"PE","Peru",2002,19.6
"PE","Peru",2003,8.7
"PE","Peru",2004,9.3
"PE","Peru",2005,4.5
"PE","Peru",2006,4.6
"PE","Peru",2007,58.6
"PE","Peru",2008,30.4
"PE","Peru",2009,15.2
"PE","Peru",2010,13.1
"PE","Peru",2011,23.6
"PE","Peru",2012,9.3
"PE","Peru",2013,18.1
"PE","Peru",2014,12.6
"PF","French Polynesia",2000,0
"PF","French Polynesia",2001,0
"PF","French Polynesia",2002,0
"PF","French Polynesia",2003,0
"PF","French Polynesia",2004,0
"PF","French Polynesia",2005,0
"PF","French Polynesia",2006,0
"PF","French Polynesia",2007,0
"PF","French Polynesia",2008,0
"PF","French Polynesia",2009,0
"PF","French Polynesia",2010,0.1
"PF","French Polynesia",2011,0
"PF","French Polynesia",2012,0
"PF","French Polynesia",2013,0
"PF","French Polynesia",2014,0
"PG","Papua New Guinea",2000,0.3
"PG","Papua New Guinea",2001,0.8
"PG","Papua New Guinea",2002,1.2
"PG","Papua New Guinea",2003,0
"PG","Papua New Guinea",2004,1.6
"PG","Papua New Guinea",2005,5.9
"PG","Papua New Guinea",2006,2.1
"PG","Papua New Guinea",2007,3.6
"PG","Papua New Guinea",2008,5.7
"PG","Papua New Guinea",2009,8.1
"PG","Papua New Guinea",2010,31
"PG","Papua New Guinea",2011,7.7
"PG","Papua New Guinea",2012,4.5
"PG","Papua New Guinea",2013,5.2
"PG","Papua New Guinea",2014,9.7
"PH","Philippines",2000,4.5
"PH","Philippines",2001,10.7
"PH","Philippines",2002,7.2
"PH","Philippines",2003,2.7
"PH","Philippines",2004,11.1
"PH","Philippines",2005,9.4
"PH","Philippines",2006,27.5
"PH","Philippines",2007,19.4
"PH","Philippines",2008,33
"PH","Philippines",2009,89.6
"PH","Philippines",2010,102.5
"PH","Philippines",2011,111
"PH","Philippines",2012,127
"PH","Philippines",2013,387.5
"PH","Philippines",2014,847.3
"PK","Pakistan",2000,50.7
"PK","Pakistan",2001,79.5
"PK","Pakistan",2002,65.3
"PK","Pakistan",2003,55.9
"PK","Pakistan",2004,52
"PK","Pakistan",2005,864.2
"PK","Pakistan",2006,497.4
"PK","Pakistan",2007,259.7
"PK","Pakistan",2008,189.8
"PK","Pakistan",2009,603
"PK","Pakistan",2010,2218.4
"PK","Pakistan",2011,1752.4
"PK","Pakistan",2012,551.7
"PK","Pakistan",2013,421
"PK","Pakistan",2014,384
"PS","Palestine",2000,281.5
"PS","Palestine",2001,1676.5
"PS","Palestine",2002,503.1
"PS","Palestine",2003,507.1
"PS","Palestine",2004,768.7
"PS","Palestine",2005,382.4
"PS","Palestine",2006,593.3
"PS","Palestine",2007,628
"PS","Palestine",2008,663.6
"PS","Palestine",2009,1206.1
"PS","Palestine",2010,662.8
"PS","Palestine",2011,938
"PS","Palestine",2012,686.1
"PS","Palestine",2013,803.7
"PS","Palestine",2014,1155.1
"PT","Portugal",2000,0
"PT","Portugal",2001,0
"PT","Portugal",2002,0
"PT","Portugal",2003,0
"PT","Portugal",2004,0
"PT","Portugal",2005,0
"PT","Portugal",2006,0
"PT","Portugal",2007,0
"PT","Portugal",2008,0
"PT","Portugal",2009,0
"PT","Portugal",2010,0
"PT","Portugal",2011,0
"PT","Portugal",2012,0
"PT","Portugal",2013,0
"PT","Portugal",2014,0
"PW","Palau",2000,0
"PW","Palau",2001,0
"PW","Palau",2002,0
"PW","Palau",2003,0
"PW","Palau",2004,0
"PW","Palau",2005,0.1
"PW","Palau",2006,0.4
"PW","Palau",2007,0
"PW","Palau",2008,0.1
"PW","Palau",2009,0.3
"PW","Palau",2010,0
"PW","Palau",2011,0.1
"PW","Palau",2012,2.9
"PW","Palau",2013,0.2
"PW","Palau",2014,0.2
"PY","Paraguay",2000,0.5
"PY","Paraguay",2001,1
"PY","Paraguay",2002,1.7
"PY","Paraguay",2003,0.4
"PY","Paraguay",2004,0.4
"PY","Paraguay",2005,0.1
"PY","Paraguay",2006,0.7
"PY","Paraguay",2007,3
"PY","Paraguay",2008,3.8
"PY","Paraguay",2009,2.2
"PY","Paraguay",2010,1
"PY","Paraguay",2011,1.7
"PY","Paraguay",2012,5.3
"PY","Paraguay",2013,4.7
"PY","Paraguay",2014,4.9
"QA","Qatar",2000,0
"QA","Qatar",2001,0
"QA","Qatar",2002,0
"QA","Qatar",2003,0
"QA","Qatar",2004,0
"QA","Qatar",2005,0
"QA","Qatar",2006,0
"QA","Qatar",2007,0
"QA","Qatar",2008,0
"QA","Qatar",2009,0
"QA","Qatar",2010,0
"QA","Qatar",2011,0
"QA","Qatar",2012,0
"QA","Qatar",2013,0
"QA","Qatar",2014,0
"RO","Romania",2000,0
"RO","Romania",2001,0
"RO","Romania",2002,0
"RO","Romania",2003,0
"RO","Romania",2004,0
"RO","Romania",2005,0.1
"RO","Romania",2006,0
"RO","Romania",2007,0
"RO","Romania",2008,0
"RO","Romania",2009,0
"RO","Romania",2010,0
"RO","Romania",2011,0
"RO","Romania",2012,0
"RO","Romania",2013,0
"RO","Romania",2014,0
"RS","Serbia",2000,758.9
"RS","Serbia",2001,324
"RS","Serbia",2002,123.1
"RS","Serbia",2003,139.7
"RS","Serbia",2004,141.1
"RS","Serbia",2005,45.4
"RS","Serbia",2006,33.7
"RS","Serbia",2007,30.4
"RS","Serbia",2008,25
"RS","Serbia",2009,17.9
"RS","Serbia",2010,17.2
"RS","Serbia",2011,25.4
"RS","Serbia",2012,15.2
"RS","Serbia",2013,11.3
"RS","Serbia",2014,51.4
"RU","Russian Federation",2000,0
"RU","Russian Federation",2001,1.1
"RU","Russian Federation",2002,0.9
"RU","Russian Federation",2003,0.7
"RU","Russian Federation",2004,3.9
"RU","Russian Federation",2005,3.7
"RU","Russian Federation",2006,1
"RU","Russian Federation",2007,0.6
"RU","Russian Federation",2008,1.4
"RU","Russian Federation",2009,0
"RU","Russian Federation",2010,0.4
"RU","Russian Federation",2011,0
"RU","Russian Federation",2012,0.3
"RU","Russian Federation",2013,0
"RU","Russian Federation",2014,8.6
"RW","Rwanda",2000,38
"RW","Rwanda",2001,27.5
"RW","Rwanda",2002,32
"RW","Rwanda",2003,24.8
"RW","Rwanda",2004,48.7
"RW","Rwanda",2005,39.6
"RW","Rwanda",2006,23.7
"RW","Rwanda",2007,16.7
"RW","Rwanda",2008,16.1
"RW","Rwanda",2009,19
"RW","Rwanda",2010,15.2
"RW","Rwanda",2011,26.6
"RW","Rwanda",2012,33.5
"RW","Rwanda",2013,43.4
"RW","Rwanda",2014,22.7
"SA","Saudi Arabia",2000,1.5
"SA","Saudi Arabia",2001,2.1
"SA","Saudi Arabia",2002,2.9
"SA","Saudi Arabia",2003,1.8
"SA","Saudi Arabia",2004,2.2
"SA","Saudi Arabia",2005,1.2
"SA","Saudi Arabia",2006,1
"SA","Saudi Arabia",2007,0.8
"SA","Saudi Arabia",2008,0
"SA","Saudi Arabia",2009,0
"SA","Saudi Arabia",2010,0
"SA","Saudi Arabia",2011,0
"SA","Saudi Arabia",2012,0
"SA","Saudi Arabia",2013,0
"SA","Saudi Arabia",2014,0
"SB","Solomon Islands",2000,2.3
"SB","Solomon Islands",2001,0.7
"SB","Solomon Islands",2002,0
"SB","Solomon Islands",2003,0.9
"SB","Solomon Islands",2004,8
"SB","Solomon Islands",2005,2.1
"SB","Solomon Islands",2006,0.1
"SB","Solomon Islands",2007,5.5
"SB","Solomon Islands",2008,3.2
"SB","Solomon Islands",2009,1.1
"SB","Solomon Islands",2010,18.6
"SB","Solomon Islands",2011,2.3
"SB","Solomon Islands",2012,1
"SB","Solomon Islands",2013,7.3
"SB","Solomon Islands",2014,11.8
"SC","Seychelles",2000,0
"SC","Seychelles",2001,0
"SC","Seychelles",2002,0
"SC","Seychelles",2003,0
"SC","Seychelles",2004,0
"SC","Seychelles",2005,2.8
"SC","Seychelles",2006,0.6
"SC","Seychelles",2007,0.4
"SC","Seychelles",2008,0
"SC","Seychelles",2009,0.1
"SC","Seychelles",2010,0.1
"SC","Seychelles",2011,0.5
"SC","Seychelles",2012,1.2
"SC","Seychelles",2013,0.1
"SC","Seychelles",2014,0
"SD","Sudan",2000,136.6
"SD","Sudan",2001,171.3
"SD","Sudan",2002,268.2
"SD","Sudan",2003,386.8
"SD","Sudan",2004,1064.1
"SD","Sudan",2005,1463.5
"SD","Sudan",2006,1415.8
"SD","Sudan",2007,1430.7
"SD","Sudan",2008,1539.3
"SD","Sudan",2009,1389.9
"SD","Sudan",2010,985
"SD","Sudan",2011,919.4
"SD","Sudan",2012,706.3
"SD","Sudan",2013,1050.3
"SD","Sudan",2014,527.2
"SG","Singapore",2000,0
"SG","Singapore",2001,0
"SG","Singapore",2002,0
"SG","Singapore",2003,0
"SG","Singapore",2004,0
"SG","Singapore",2005,0
"SG","Singapore",2006,0
"SG","Singapore",2007,0
"SG","Singapore",2008,0
"SG","Singapore",2009,0
"SG","Singapore",2010,0
"SG","Singapore",2011,0
"SG","Singapore",2012,0
"SG","Singapore",2013,0
"SG","Singapore",2014,0
"SH","Saint Helena, Ascension & Tristan da Cunha",2000,0
"SH","Saint Helena, Ascension & Tristan da Cunha",2001,0
"SH","Saint Helena, Ascension & Tristan da Cunha",2002,0
"SH","Saint Helena, Ascension & Tristan da Cunha",2003,0.1
"SH","Saint Helena, Ascension & Tristan da Cunha",2004,0
"SH","Saint Helena, Ascension & Tristan da Cunha",2005,0
"SH","Saint Helena, Ascension & Tristan da Cunha",2006,0.1
"SH","Saint Helena, Ascension & Tristan da Cunha",2007,0
"SH","Saint Helena, Ascension & Tristan da Cunha",2008,0
"SH","Saint Helena, Ascension & Tristan da Cunha",2009,4.5
"SH","Saint Helena, Ascension & Tristan da Cunha",2010,0.8
"SH","Saint Helena, Ascension & Tristan da Cunha",2011,0
"SH","Saint Helena, Ascension & Tristan da Cunha",2012,0
"SH","Saint Helena, Ascension & Tristan da Cunha",2013,0
"SH","Saint Helena, Ascension & Tristan da Cunha",2014,0
"SI","Slovenia",2000,1.8
"SI","Slovenia",2001,2.2
"SI","Slovenia",2002,1.1
"SI","Slovenia",2003,0
"SI","Slovenia",2004,0
"SI","Slovenia",2005,0
"SI","Slovenia",2006,0
"SI","Slovenia",2007,0
"SI","Slovenia",2008,0
"SI","Slovenia",2009,0
"SI","Slovenia",2010,0
"SI","Slovenia",2011,0
"SI","Slovenia",2012,0
"SI","Slovenia",2013,0
"SI","Slovenia",2014,0
"SL","Sierra Leone",2000,53.7
"SL","Sierra Leone",2001,147.8
"SL","Sierra Leone",2002,181.5
"SL","Sierra Leone",2003,131.7
"SL","Sierra Leone",2004,86.7
"SL","Sierra Leone",2005,42.6
"SL","Sierra Leone",2006,39.4
"SL","Sierra Leone",2007,31.9
"SL","Sierra Leone",2008,21.8
"SL","Sierra Leone",2009,8.9
"SL","Sierra Leone",2010,11.6
"SL","Sierra Leone",2011,18.6
"SL","Sierra Leone",2012,24.9
"SL","Sierra Leone",2013,17.3
"SL","Sierra Leone",2014,405.3
"SM","San Marino",2000,0
"SM","San Marino",2001,0
"SM","San Marino",2002,0
"SM","San Marino",2003,0
"SM","San Marino",2004,0
"SM","San Marino",2005,0
"SM","San Marino",2006,0
"SM","San Marino",2007,0
"SM","San Marino",2008,0
"SM","San Marino",2009,0
"SM","San Marino",2010,0
"SM","San Marino",2011,0
"SM","San Marino",2012,0
"SM","San Marino",2013,0
"SM","San Marino",2014,0
"SN","Senegal",2000,1.8
"SN","Senegal",2001,2.8
"SN","Senegal",2002,7
"SN","Senegal",2003,7.7
"SN","Senegal",2004,9.1
"SN","Senegal",2005,5.5
"SN","Senegal",2006,6.3
"SN","Senegal",2007,5.7
"SN","Senegal",2008,22.5
"SN","Senegal",2009,13.3
"SN","Senegal",2010,12.5
"SN","Senegal",2011,12.8
"SN","Senegal",2012,58
"SN","Senegal",2013,51.1
"SN","Senegal",2014,31.8
"SO","Somalia",2000,88.9
"SO","Somalia",2001,107.9
"SO","Somalia",2002,143.2
"SO","Somalia",2003,149.8
"SO","Somalia",2004,169.7
"SO","Somalia",2005,204.7
"SO","Somalia",2006,329.4
"SO","Somalia",2007,278.6
"SO","Somalia",2008,632.1
"SO","Somalia",2009,539.1
"SO","Somalia",2010,267.7
"SO","Somalia",2011,1088.6
"SO","Somalia",2012,607.6
"SO","Somalia",2013,549.5
"SO","Somalia",2014,504.3
"SR","Suriname",2000,0
"SR","Suriname",2001,0.1
"SR","Suriname",2002,0
"SR","Suriname",2003,0.1
"SR","Suriname",2004,0
"SR","Suriname",2005,0.1
"SR","Suriname",2006,5.9
"SR","Suriname",2007,0.6
"SR","Suriname",2008,0.5
"SR","Suriname",2009,0
"SR","Suriname",2010,0
"SR","Suriname",2011,0.1
"SR","Suriname",2012,0.1
"SR","Suriname",2013,0.2
"SR","Suriname",2014,0
"SS","South Sudan",2000,0
"SS","South Sudan",2001,0
"SS","South Sudan",2002,0
"SS","South Sudan",2003,0
"SS","South Sudan",2004,0
"SS","South Sudan",2005,0
"SS","South Sudan",2006,0
"SS","South Sudan",2007,0
"SS","South Sudan",2008,0
"SS","South Sudan",2009,0
"SS","South Sudan",2010,0
"SS","South Sudan",2011,161.6
"SS","South Sudan",2012,652.1
"SS","South Sudan",2013,727.8
"SS","South Sudan",2014,1500.7
"ST","Sao Tome & Principe",2000,0
"ST","Sao Tome & Principe",2001,0
"ST","Sao Tome & Principe",2002,0
"ST","Sao Tome & Principe",2003,0
"ST","Sao Tome & Principe",2004,0
"ST","Sao Tome & Principe",2005,0.1
"ST","Sao Tome & Principe",2006,0.3
"ST","Sao Tome & Principe",2007,0.3
"ST","Sao Tome & Principe",2008,0.6
"ST","Sao Tome & Principe",2009,0.2
"ST","Sao Tome & Principe",2010,0.3
"ST","Sao Tome & Principe",2011,0.7
"ST","Sao Tome & Principe",2012,0.3
"ST","Sao Tome & Principe",2013,0.5
"ST","Sao Tome & Principe",2014,1.7
"SV","El Salvador",2000,8.5
"SV","El Salvador",2001,84.5
"SV","El Salvador",2002,12.5
"SV","El Salvador",2003,7.1
"SV","El Salvador",2004,28
"SV","El Salvador",2005,56.3
"SV","El Salvador",2006,14.9
"SV","El Salvador",2007,11.1
"SV","El Salvador",2008,6.3
"SV","El Salvador",2009,20.5
"SV","El Salvador",2010,24.1
"SV","El Salvador",2011,13.7
"SV","El Salvador",2012,11.2
"SV","El Salvador",2013,17.2
"SV","El Salvador",2014,14.6
"SY","Syria",2000,44.1
"SY","Syria",2001,47.4
"SY","Syria",2002,51.4
"SY","Syria",2003,52.2
"SY","Syria",2004,45.9
"SY","Syria",2005,42.2
"SY","Syria",2006,36
"SY","Syria",2007,41.4
"SY","Syria",2008,91.7
"SY","Syria",2009,196.4
"SY","Syria",2010,126.7
"SY","Syria",2011,109.5
"SY","Syria",2012,797
"SY","Syria",2013,1974.8
"SY","Syria",2014,2008
"SZ","Swaziland",2000,0.5
"SZ","Swaziland",2001,0.4
"SZ","Swaziland",2002,3.1
"SZ","Swaziland",2003,3.8
"SZ","Swaziland",2004,1.3
"SZ","Swaziland",2005,4.8
"SZ","Swaziland",2006,0.9
"SZ","Swaziland",2007,6.3
"SZ","Swaziland",2008,2.4
"SZ","Swaziland",2009,1.8
"SZ","Swaziland",2010,3.2
"SZ","Swaziland",2011,4.1
"SZ","Swaziland",2012,3.6
"SZ","Swaziland",2013,3.2
"SZ","Swaziland",2014,13.7
"TC","Turks & Caicos Islands",2000,0
"TC","Turks & Caicos Islands",2001,0
"TC","Turks & Caicos Islands",2002,0
"TC","Turks & Caicos Islands",2003,0
"TC","Turks & Caicos Islands",2004,0
"TC","Turks & Caicos Islands",2005,0.1
"TC","Turks & Caicos Islands",2006,0
"TC","Turks & Caicos Islands",2007,0.6
"TC","Turks & Caicos Islands",2008,0
"TC","Turks & Caicos Islands",2009,0
"TC","Turks & Caicos Islands",2010,0
"TC","Turks & Caicos Islands",2011,0
"TC","Turks & Caicos Islands",2012,0
"TC","Turks & Caicos Islands",2013,0
"TC","Turks & Caicos Islands",2014,0
"TD","Chad",2000,3.8
"TD","Chad",2001,4.8
"TD","Chad",2002,1.9
"TD","Chad",2003,6.5
"TD","Chad",2004,110.6
"TD","Chad",2005,123.4
"TD","Chad",2006,104.9
"TD","Chad",2007,188.2
"TD","Chad",2008,251.1
"TD","Chad",2009,334.5
"TD","Chad",2010,301
"TD","Chad",2011,269.5
"TD","Chad",2012,305.6
"TD","Chad",2013,225.9
"TD","Chad",2014,207.6
"TG","Togo",2000,1.1
"TG","Togo",2001,2.2
"TG","Togo",2002,2.7
"TG","Togo",2003,2.9
"TG","Togo",2004,1.7
"TG","Togo",2005,4.5
"TG","Togo",2006,1.7
"TG","Togo",2007,4.5
"TG","Togo",2008,6.9
"TG","Togo",2009,2.5
"TG","Togo",2010,5.8
"TG","Togo",2011,4.1
"TG","Togo",2012,10.1
"TG","Togo",2013,2.2
"TG","Togo",2014,2.3
"TH","Thailand",2000,23.1
"TH","Thailand",2001,29.5
"TH","Thailand",2002,32.1
"TH","Thailand",2003,27.6
"TH","Thailand",2004,21.9
"TH","Thailand",2005,65.1
"TH","Thailand",2006,40.4
"TH","Thailand",2007,55.8
"TH","Thailand",2008,47.5
"TH","Thailand",2009,36.3
"TH","Thailand",2010,54
"TH","Thailand",2011,73.7
"TH","Thailand",2012,80.4
"TH","Thailand",2013,62.9
"TH","Thailand",2014,52.8
"TJ","Tajikistan",2000,36
"TJ","Tajikistan",2001,41.1
"TJ","Tajikistan",2002,71.5
"TJ","Tajikistan",2003,43.1
"TJ","Tajikistan",2004,31.3
"TJ","Tajikistan",2005,19.6
"TJ","Tajikistan",2006,28.9
"TJ","Tajikistan",2007,15.7
"TJ","Tajikistan",2008,57.3
"TJ","Tajikistan",2009,38.3
"TJ","Tajikistan",2010,27.9
"TJ","Tajikistan",2011,12
"TJ","Tajikistan",2012,26.6
"TJ","Tajikistan",2013,7.2
"TJ","Tajikistan",2014,9.2
"TK","Tokelau",2000,0
"TK","Tokelau",2001,0
"TK","Tokelau",2002,0
"TK","Tokelau",2003,0
"TK","Tokelau",2004,0.2
"TK","Tokelau",2005,1
"TK","Tokelau",2006,0
"TK","Tokelau",2007,0
"TK","Tokelau",2008,0
"TK","Tokelau",2009,0
"TK","Tokelau",2010,0
"TK","Tokelau",2011,0.1
"TK","Tokelau",2012,0
"TK","Tokelau",2013,0
"TK","Tokelau",2014,0
"TL","Timor-Leste",2000,164.2
"TL","Timor-Leste",2001,30.7
"TL","Timor-Leste",2002,32.7
"TL","Timor-Leste",2003,9.4
"TL","Timor-Leste",2004,3.6
"TL","Timor-Leste",2005,5
"TL","Timor-Leste",2006,26.3
"TL","Timor-Leste",2007,19.1
"TL","Timor-Leste",2008,12.9
"TL","Timor-Leste",2009,5.3
"TL","Timor-Leste",2010,25.4
"TL","Timor-Leste",2011,7.5
"TL","Timor-Leste",2012,1.7
"TL","Timor-Leste",2013,4.7
"TL","Timor-Leste",2014,3.7
"TM","Turkmenistan",2000,1.3
"TM","Turkmenistan",2001,3.6
"TM","Turkmenistan",2002,1.7
"TM","Turkmenistan",2003,1.2
"TM","Turkmenistan",2004,1.5
"TM","Turkmenistan",2005,0.8
"TM","Turkmenistan",2006,0.9
"TM","Turkmenistan",2007,1.1
"TM","Turkmenistan",2008,1.1
"TM","Turkmenistan",2009,0.4
"TM","Turkmenistan",2010,0.7
"TM","Turkmenistan",2011,0.7
"TM","Turkmenistan",2012,1.5
"TM","Turkmenistan",2013,0.3
"TM","Turkmenistan",2014,0.7
"TN","Tunisia",2000,0.6
"TN","Tunisia",2001,0.7
"TN","Tunisia",2002,0.7
"TN","Tunisia",2003,1
"TN","Tunisia",2004,0.9
"TN","Tunisia",2005,1.7
"TN","Tunisia",2006,0.9
"TN","Tunisia",2007,0.7
"TN","Tunisia",2008,0.6
"TN","Tunisia",2009,1.2
"TN","Tunisia",2010,1.1
"TN","Tunisia",2011,49.3
"TN","Tunisia",2012,11.2
"TN","Tunisia",2013,9.2
"TN","Tunisia",2014,6.3
"TO","Tonga",2000,0
"TO","Tonga",2001,0
"TO","Tonga",2002,0.7
"TO","Tonga",2003,0
"TO","Tonga",2004,0
"TO","Tonga",2005,0.1
"TO","Tonga",2006,0.5
"TO","Tonga",2007,0
"TO","Tonga",2008,0.1
"TO","Tonga",2009,2.1
"TO","Tonga",2010,1
"TO","Tonga",2011,1.2
"TO","Tonga",2012,3.7
"TO","Tonga",2013,1.2
"TO","Tonga",2014,6.2
"TR","Turkey",2000,69.5
"TR","Turkey",2001,41.9
"TR","Turkey",2002,39.9
"TR","Turkey",2003,38
"TR","Turkey",2004,32.1
"TR","Turkey",2005,25.4
"TR","Turkey",2006,10.4
"TR","Turkey",2007,12.6
"TR","Turkey",2008,13.1
"TR","Turkey",2009,21.5
"TR","Turkey",2010,29.5
"TR","Turkey",2011,148.7
"TR","Turkey",2012,142.9
"TR","Turkey",2013,216.5
"TR","Turkey",2014,280
"TT","Trinidad & Tobago",2000,0
"TT","Trinidad & Tobago",2001,0
"TT","Trinidad & Tobago",2002,0
"TT","Trinidad & Tobago",2003,0
"TT","Trinidad & Tobago",2004,0
"TT","Trinidad & Tobago",2005,0.1
"TT","Trinidad & Tobago",2006,0
"TT","Trinidad & Tobago",2007,0
"TT","Trinidad & Tobago",2008,0
"TT","Trinidad & Tobago",2009,0.3
"TT","Trinidad & Tobago",2010,0.1
"TT","Trinidad & Tobago",2011,0
"TT","Trinidad & Tobago",2012,0
"TT","Trinidad & Tobago",2013,0
"TT","Trinidad & Tobago",2014,0
"TV","Tuvalu",2000,0
"TV","Tuvalu",2001,0
"TV","Tuvalu",2002,0
"TV","Tuvalu",2003,0
"TV","Tuvalu",2004,0
"TV","Tuvalu",2005,0.1
"TV","Tuvalu",2006,0
"TV","Tuvalu",2007,0
"TV","Tuvalu",2008,0.1
"TV","Tuvalu",2009,0.6
"TV","Tuvalu",2010,1.6
"TV","Tuvalu",2011,8.4
"TV","Tuvalu",2012,1.4
"TV","Tuvalu",2013,0.6
"TV","Tuvalu",2014,0.2
"TW","Taiwan",2000,0
"TW","Taiwan",2001,0
"TW","Taiwan",2002,0
"TW","Taiwan",2003,0
"TW","Taiwan",2004,0
"TW","Taiwan",2005,0
"TW","Taiwan",2006,0
"TW","Taiwan",2007,0
"TW","Taiwan",2008,0
"TW","Taiwan",2009,0
"TW","Taiwan",2010,0
"TW","Taiwan",2011,0
"TW","Taiwan",2012,0
"TW","Taiwan",2013,0
"TW","Taiwan",2014,0
"TZ","Tanzania",2000,89.2
"TZ","Tanzania",2001,97.2
"TZ","Tanzania",2002,103.5
"TZ","Tanzania",2003,121.6
"TZ","Tanzania",2004,79.3
"TZ","Tanzania",2005,54
"TZ","Tanzania",2006,72.3
"TZ","Tanzania",2007,58.1
"TZ","Tanzania",2008,60.7
"TZ","Tanzania",2009,56.2
"TZ","Tanzania",2010,41.9
"TZ","Tanzania",2011,52.5
"TZ","Tanzania",2012,48.6
"TZ","Tanzania",2013,45.6
"TZ","Tanzania",2014,42
"UA","Ukraine",2000,1.8
"UA","Ukraine",2001,2
"UA","Ukraine",2002,0
"UA","Ukraine",2003,0
"UA","Ukraine",2004,0
"UA","Ukraine",2005,9.6
"UA","Ukraine",2006,2.7
"UA","Ukraine",2007,2.5
"UA","Ukraine",2008,6.2
"UA","Ukraine",2009,2.7
"UA","Ukraine",2010,2.3
"UA","Ukraine",2011,7.8
"UA","Ukraine",2012,5.2
"UA","Ukraine",2013,0.9
"UA","Ukraine",2014,69.7
"UG","Uganda",2000,25.9
"UG","Uganda",2001,34.7
"UG","Uganda",2002,64.9
"UG","Uganda",2003,132.4
"UG","Uganda",2004,169.5
"UG","Uganda",2005,195.3
"UG","Uganda",2006,243
"UG","Uganda",2007,232.4
"UG","Uganda",2008,251.8
"UG","Uganda",2009,157.7
"UG","Uganda",2010,95.9
"UG","Uganda",2011,63.7
"UG","Uganda",2012,79.3
"UG","Uganda",2013,87.4
"UG","Uganda",2014,105.6
"US","United States",2000,0
"US","United States",2001,0
"US","United States",2002,0
"US","United States",2003,0
"US","United States",2004,0
"US","United States",2005,0
"US","United States",2006,0
"US","United States",2007,0
"US","United States",2008,0
"US","United States",2009,0
"US","United States",2010,0
"US","United States",2011,0
"US","United States",2012,0.2
"US","United States",2013,0
"US","United States",2014,0
"UY","Uruguay",2000,0.2
"UY","Uruguay",2001,0.1
"UY","Uruguay",2002,0
"UY","Uruguay",2003,0
"UY","Uruguay",2004,0.1
"UY","Uruguay",2005,0.1
"UY","Uruguay",2006,0.3
"UY","Uruguay",2007,0.5
"UY","Uruguay",2008,0.1
"UY","Uruguay",2009,0.6
"UY","Uruguay",2010,1
"UY","Uruguay",2011,0.4
"UY","Uruguay",2012,0.3
"UY","Uruguay",2013,0.5
"UY","Uruguay",2014,0.3
"UZ","Uzbekistan",2000,1.7
"UZ","Uzbekistan",2001,5.5
"UZ","Uzbekistan",2002,7.7
"UZ","Uzbekistan",2003,4.8
"UZ","Uzbekistan",2004,3.6
"UZ","Uzbekistan",2005,2.8
"UZ","Uzbekistan",2006,1.9
"UZ","Uzbekistan",2007,1.8
"UZ","Uzbekistan",2008,1.8
"UZ","Uzbekistan",2009,1.8
"UZ","Uzbekistan",2010,8.9
"UZ","Uzbekistan",2011,2.6
"UZ","Uzbekistan",2012,1.8
"UZ","Uzbekistan",2013,1.3
"UZ","Uzbekistan",2014,9.7
"VC","Saint Vincent & the Grenadines",2000,0
"VC","Saint Vincent & the Grenadines",2001,0
"VC","Saint Vincent & the Grenadines",2002,0
"VC","Saint Vincent & the Grenadines",2003,0
"VC","Saint Vincent & the Grenadines",2004,0.4
"VC","Saint Vincent & the Grenadines",2005,0.2
"VC","Saint Vincent & the Grenadines",2006,0
"VC","Saint Vincent & the Grenadines",2007,0
"VC","Saint Vincent & the Grenadines",2008,0
"VC","Saint Vincent & the Grenadines",2009,0.3
"VC","Saint Vincent & the Grenadines",2010,0.3
"VC","Saint Vincent & the Grenadines",2011,0.8
"VC","Saint Vincent & the Grenadines",2012,1.4
"VC","Saint Vincent & the Grenadines",2013,4
"VC","Saint Vincent & the Grenadines",2014,3.8
"VE","Venezuela",2000,33.3
"VE","Venezuela",2001,5.4
"VE","Venezuela",2002,3.7
"VE","Venezuela",2003,2.5
"VE","Venezuela",2004,5.8
"VE","Venezuela",2005,16.9
"VE","Venezuela",2006,11.3
"VE","Venezuela",2007,14.4
"VE","Venezuela",2008,2.7
"VE","Venezuela",2009,3
"VE","Venezuela",2010,2.8
"VE","Venezuela",2011,5
"VE","Venezuela",2012,4.4
"VE","Venezuela",2013,2.1
"VE","Venezuela",2014,2.8
"VG","Virgin Islands (GB)",2000,0
"VG","Virgin Islands (GB)",2001,0
"VG","Virgin Islands (GB)",2002,0
"VG","Virgin Islands (GB)",2003,0
"VG","Virgin Islands (GB)",2004,0
"VG","Virgin Islands (GB)",2005,0
"VG","Virgin Islands (GB)",2006,0
"VG","Virgin Islands (GB)",2007,0
"VG","Virgin Islands (GB)",2008,0
"VG","Virgin Islands (GB)",2009,0
"VG","Virgin Islands (GB)",2010,0
"VG","Virgin Islands (GB)",2011,0
"VG","Virgin Islands (GB)",2012,0
"VG","Virgin Islands (GB)",2013,0
"VG","Virgin Islands (GB)",2014,0
"VN","Viet Nam",2000,13.7
"VN","Viet Nam",2001,12.7
"VN","Viet Nam",2002,10.9
"VN","Viet Nam",2003,4.3
"VN","Viet Nam",2004,5.3
"VN","Viet Nam",2005,13
"VN","Viet Nam",2006,9.8
"VN","Viet Nam",2007,9.6
"VN","Viet Nam",2008,12.5
"VN","Viet Nam",2009,16.1
"VN","Viet Nam",2010,18.1
"VN","Viet Nam",2011,50.5
"VN","Viet Nam",2012,50.6
"VN","Viet Nam",2013,69
"VN","Viet Nam",2014,20.2
"VU","Vanuatu",2000,0.3
"VU","Vanuatu",2001,0.3
"VU","Vanuatu",2002,0.4
"VU","Vanuatu",2003,0.1
"VU","Vanuatu",2004,0.3
"VU","Vanuatu",2005,0.2
"VU","Vanuatu",2006,0.1
"VU","Vanuatu",2007,0
"VU","Vanuatu",2008,0.1
"VU","Vanuatu",2009,0.3
"VU","Vanuatu",2010,3.6
"VU","Vanuatu",2011,1.9
"VU","Vanuatu",2012,3.8
"VU","Vanuatu",2013,1.7
"VU","Vanuatu",2014,2
"WF","Wallis & Futuna",2000,0
"WF","Wallis & Futuna",2001,0
"WF","Wallis & Futuna",2002,0
"WF","Wallis & Futuna",2003,0
"WF","Wallis & Futuna",2004,0
"WF","Wallis & Futuna",2005,0
"WF","Wallis & Futuna",2006,0
"WF","Wallis & Futuna",2007,0
"WF","Wallis & Futuna",2008,0
"WF","Wallis & Futuna",2009,0
"WF","Wallis & Futuna",2010,0
"WF","Wallis & Futuna",2011,0.5
"WF","Wallis & Futuna",2012,1.1
"WF","Wallis & Futuna",2013,1
"WF","Wallis & Futuna",2014,0.2
"WS","Samoa",2000,0
"WS","Samoa",2001,0
"WS","Samoa",2002,0
"WS","Samoa",2003,0
"WS","Samoa",2004,0.3
"WS","Samoa",2005,0.1
"WS","Samoa",2006,0.2
"WS","Samoa",2007,0
"WS","Samoa",2008,0
"WS","Samoa",2009,4.3
"WS","Samoa",2010,15.7
"WS","Samoa",2011,0.8
"WS","Samoa",2012,1.1
"WS","Samoa",2013,15.4
"WS","Samoa",2014,10.7
"XK","Kosovo",2000,0
"XK","Kosovo",2001,0
"XK","Kosovo",2002,0
"XK","Kosovo",2003,0
"XK","Kosovo",2004,0
"XK","Kosovo",2005,0
"XK","Kosovo",2006,0
"XK","Kosovo",2007,0
"XK","Kosovo",2008,0
"XK","Kosovo",2009,14.6
"XK","Kosovo",2010,8.6
"XK","Kosovo",2011,12.2
"XK","Kosovo",2012,11.4
"XK","Kosovo",2013,20.8
"XK","Kosovo",2014,14.5
"YE","Yemen",2000,8.6
"YE","Yemen",2001,8.5
"YE","Yemen",2002,7.8
"YE","Yemen",2003,7.4
"YE","Yemen",2004,6.4
"YE","Yemen",2005,8.9
"YE","Yemen",2006,8.4
"YE","Yemen",2007,9.7
"YE","Yemen",2008,137.8
"YE","Yemen",2009,211.7
"YE","Yemen",2010,124.7
"YE","Yemen",2011,231.3
"YE","Yemen",2012,321.6
"YE","Yemen",2013,404.1
"YE","Yemen",2014,353.3
"YT","Mayotte",2000,0
"YT","Mayotte",2001,0
"YT","Mayotte",2002,0
"YT","Mayotte",2003,0
"YT","Mayotte",2004,0
"YT","Mayotte",2005,0
"YT","Mayotte",2006,0
"YT","Mayotte",2007,0
"YT","Mayotte",2008,0
"YT","Mayotte",2009,0
"YT","Mayotte",2010,0
"YT","Mayotte",2011,0
"YT","Mayotte",2012,0
"YT","Mayotte",2013,0
"YT","Mayotte",2014,0
"ZA","South Africa",2000,7.8
"ZA","South Africa",2001,7.8
"ZA","South Africa",2002,7.4
"ZA","South Africa",2003,6.2
"ZA","South Africa",2004,4.3
"ZA","South Africa",2005,2.9
"ZA","South Africa",2006,2.6
"ZA","South Africa",2007,3.4
"ZA","South Africa",2008,8.6
"ZA","South Africa",2009,8.5
"ZA","South Africa",2010,6.8
"ZA","South Africa",2011,17.9
"ZA","South Africa",2012,16.9
"ZA","South Africa",2013,12.6
"ZA","South Africa",2014,12.8
"ZM","Zambia",2000,18.3
"ZM","Zambia",2001,30.4
"ZM","Zambia",2002,58.5
"ZM","Zambia",2003,45
"ZM","Zambia",2004,23.5
"ZM","Zambia",2005,46.1
"ZM","Zambia",2006,27
"ZM","Zambia",2007,14.8
"ZM","Zambia",2008,22.9
"ZM","Zambia",2009,24.6
"ZM","Zambia",2010,19.8
"ZM","Zambia",2011,17.4
"ZM","Zambia",2012,14.2
"ZM","Zambia",2013,12.1
"ZM","Zambia",2014,11.1
"ZW","Zimbabwe",2000,4.9
"ZW","Zimbabwe",2001,6.2
"ZW","Zimbabwe",2002,88.6
"ZW","Zimbabwe",2003,97.7
"ZW","Zimbabwe",2004,79.9
"ZW","Zimbabwe",2005,98.7
"ZW","Zimbabwe",2006,119.2
"ZW","Zimbabwe",2007,162.2
"ZW","Zimbabwe",2008,349.2
"ZW","Zimbabwe",2009,398.1
"ZW","Zimbabwe",2010,191.2
"ZW","Zimbabwe",2011,174.7
"ZW","Zimbabwe",2012,160.8
"ZW","Zimbabwe",2013,117.1
"ZW","Zimbabwe",2014,84.4
