"id","entity-name","colour","detail","source-title","source-link"
"DZ","Algeria","Orange","52","World Bank Statistical Capacity Indicators","http://databank.worldbank.org/data/reports.aspx?source=Statistical-capacity-indicators#"
"AO","Angola","Red","49","World Bank Statistical Capacity Indicators","http://databank.worldbank.org/data/reports.aspx?source=Statistical-capacity-indicators#"
"BJ","Benin","Orange","66","World Bank Statistical Capacity Indicators","http://databank.worldbank.org/data/reports.aspx?source=Statistical-capacity-indicators#"
"BW","Botswana","Orange","51","World Bank Statistical Capacity Indicators","http://databank.worldbank.org/data/reports.aspx?source=Statistical-capacity-indicators#"
"BF","Burkina Faso","Green","71","World Bank Statistical Capacity Indicators","http://databank.worldbank.org/data/reports.aspx?source=Statistical-capacity-indicators#"
"BI","Burundi","Orange","54","World Bank Statistical Capacity Indicators","http://databank.worldbank.org/data/reports.aspx?source=Statistical-capacity-indicators#"
"CI","Côte d'Ivoire","Red","47","World Bank Statistical Capacity Indicators","http://databank.worldbank.org/data/reports.aspx?source=Statistical-capacity-indicators#"
"CM","Cameroon","Orange","69","World Bank Statistical Capacity Indicators","http://databank.worldbank.org/data/reports.aspx?source=Statistical-capacity-indicators#"
"CV","Cape Verde","Orange","57","World Bank Statistical Capacity Indicators","http://databank.worldbank.org/data/reports.aspx?source=Statistical-capacity-indicators#"
"CF","CAR","Orange","59","World Bank Statistical Capacity Indicators","http://databank.worldbank.org/data/reports.aspx?source=Statistical-capacity-indicators#"
"TD","Chad","Orange","63","World Bank Statistical Capacity Indicators","http://databank.worldbank.org/data/reports.aspx?source=Statistical-capacity-indicators#"
"KM","Comoros","Red","40","World Bank Statistical Capacity Indicators","http://databank.worldbank.org/data/reports.aspx?source=Statistical-capacity-indicators#"
"CG","Congo","Red","48","World Bank Statistical Capacity Indicators","http://databank.worldbank.org/data/reports.aspx?source=Statistical-capacity-indicators#"
"DJ","Djibouti","Red","46","World Bank Statistical Capacity Indicators","http://databank.worldbank.org/data/reports.aspx?source=Statistical-capacity-indicators#"
"CD","DRC","Orange","57","World Bank Statistical Capacity Indicators","http://databank.worldbank.org/data/reports.aspx?source=Statistical-capacity-indicators#"
"EG","Egypt","Green","90","World Bank Statistical Capacity Indicators","http://databank.worldbank.org/data/reports.aspx?source=Statistical-capacity-indicators#"
"GQ","Equatorial Guinea","Red","34","World Bank Statistical Capacity Indicators","http://databank.worldbank.org/data/reports.aspx?source=Statistical-capacity-indicators#"
"ER","Eritrea","Red","31","World Bank Statistical Capacity Indicators","http://databank.worldbank.org/data/reports.aspx?source=Statistical-capacity-indicators#"
"ET","Ethiopia","Orange","61","World Bank Statistical Capacity Indicators","http://databank.worldbank.org/data/reports.aspx?source=Statistical-capacity-indicators#"
"GA","Gabon","Red","42","World Bank Statistical Capacity Indicators","http://databank.worldbank.org/data/reports.aspx?source=Statistical-capacity-indicators#"
"GM","Gambia","Orange","67","World Bank Statistical Capacity Indicators","http://databank.worldbank.org/data/reports.aspx?source=Statistical-capacity-indicators#"
"GH","Ghana","Orange","62","World Bank Statistical Capacity Indicators","http://databank.worldbank.org/data/reports.aspx?source=Statistical-capacity-indicators#"
"GN","Guinea","Orange","52","World Bank Statistical Capacity Indicators","http://databank.worldbank.org/data/reports.aspx?source=Statistical-capacity-indicators#"
"GW","Guinea-Bissau","Red","43","World Bank Statistical Capacity Indicators","http://databank.worldbank.org/data/reports.aspx?source=Statistical-capacity-indicators#"
"KE","Kenya","Orange","54","World Bank Statistical Capacity Indicators","http://databank.worldbank.org/data/reports.aspx?source=Statistical-capacity-indicators#"
"LS","Lesotho","Green","72","World Bank Statistical Capacity Indicators","http://databank.worldbank.org/data/reports.aspx?source=Statistical-capacity-indicators#"
"LR","Liberia","Red","47","World Bank Statistical Capacity Indicators","http://databank.worldbank.org/data/reports.aspx?source=Statistical-capacity-indicators#"
"LY","Libya","Red","29","World Bank Statistical Capacity Indicators","http://databank.worldbank.org/data/reports.aspx?source=Statistical-capacity-indicators#"
"MG","Madagascar","Orange","62","World Bank Statistical Capacity Indicators","http://databank.worldbank.org/data/reports.aspx?source=Statistical-capacity-indicators#"
"MW","Malawi","Green","76","World Bank Statistical Capacity Indicators","http://databank.worldbank.org/data/reports.aspx?source=Statistical-capacity-indicators#"
"ML","Mali","Orange","67","World Bank Statistical Capacity Indicators","http://databank.worldbank.org/data/reports.aspx?source=Statistical-capacity-indicators#"
"MR","Mauritania","Orange","59","World Bank Statistical Capacity Indicators","http://databank.worldbank.org/data/reports.aspx?source=Statistical-capacity-indicators#"
"MU","Mauritius","Green","86","World Bank Statistical Capacity Indicators","http://databank.worldbank.org/data/reports.aspx?source=Statistical-capacity-indicators#"
"MA","Morocco","Green","79","World Bank Statistical Capacity Indicators","http://databank.worldbank.org/data/reports.aspx?source=Statistical-capacity-indicators#"
"MZ","Mozambique","Green","74","World Bank Statistical Capacity Indicators","http://databank.worldbank.org/data/reports.aspx?source=Statistical-capacity-indicators#"
"NA","Namibia","Red","49","World Bank Statistical Capacity Indicators","http://databank.worldbank.org/data/reports.aspx?source=Statistical-capacity-indicators#"
"NE","Niger","Orange","68","World Bank Statistical Capacity Indicators","http://databank.worldbank.org/data/reports.aspx?source=Statistical-capacity-indicators#"
"NG","Nigeria","Green","72","World Bank Statistical Capacity Indicators","http://databank.worldbank.org/data/reports.aspx?source=Statistical-capacity-indicators#"
"RW","Rwanda","Green","79","World Bank Statistical Capacity Indicators","http://databank.worldbank.org/data/reports.aspx?source=Statistical-capacity-indicators#"
"ST","Sao Tome & Principe","Orange","69","World Bank Statistical Capacity Indicators","http://databank.worldbank.org/data/reports.aspx?source=Statistical-capacity-indicators#"
"SN","Senegal","Green","73","World Bank Statistical Capacity Indicators","http://databank.worldbank.org/data/reports.aspx?source=Statistical-capacity-indicators#"
"SC","Seychelles","Orange","62","World Bank Statistical Capacity Indicators","http://databank.worldbank.org/data/reports.aspx?source=Statistical-capacity-indicators#"
"SL","Sierra Leone","Orange","59","World Bank Statistical Capacity Indicators","http://databank.worldbank.org/data/reports.aspx?source=Statistical-capacity-indicators#"
"SO","Somalia","Red","20","World Bank Statistical Capacity Indicators","http://databank.worldbank.org/data/reports.aspx?source=Statistical-capacity-indicators#"
"ZA","South Africa","Green","74","World Bank Statistical Capacity Indicators","http://databank.worldbank.org/data/reports.aspx?source=Statistical-capacity-indicators#"
"SS","South Sudan","Red","29","World Bank Statistical Capacity Indicators","http://databank.worldbank.org/data/reports.aspx?source=Statistical-capacity-indicators#"
"SD","Sudan","Red","43","World Bank Statistical Capacity Indicators","http://databank.worldbank.org/data/reports.aspx?source=Statistical-capacity-indicators#"
"SZ","Swaziland","Orange","60","World Bank Statistical Capacity Indicators","http://databank.worldbank.org/data/reports.aspx?source=Statistical-capacity-indicators#"
"TZ","Tanzania","Green","72","World Bank Statistical Capacity Indicators","http://databank.worldbank.org/data/reports.aspx?source=Statistical-capacity-indicators#"
"TG","Togo","Orange","64","World Bank Statistical Capacity Indicators","http://databank.worldbank.org/data/reports.aspx?source=Statistical-capacity-indicators#"
"TN","Tunisia","Green","72","World Bank Statistical Capacity Indicators","http://databank.worldbank.org/data/reports.aspx?source=Statistical-capacity-indicators#"
"UG","Uganda","Orange","64","World Bank Statistical Capacity Indicators","http://databank.worldbank.org/data/reports.aspx?source=Statistical-capacity-indicators#"
"EH","Western Sahara","Grey","No information",,"http://databank.worldbank.org/data/reports.aspx?source=Statistical-capacity-indicators#"
"ZM","Zambia","Orange","60","World Bank Statistical Capacity Indicators","http://databank.worldbank.org/data/reports.aspx?source=Statistical-capacity-indicators#"
"ZW","Zimbabwe","Orange","58","World Bank Statistical Capacity Indicators","http://databank.worldbank.org/data/reports.aspx?source=Statistical-capacity-indicators#"
