"series","country-year"
"id","long-term-debt"
"type","multi"
"parent",
"name","Long term debt flows"
"columns","id, year, destination-institution-type, creditor-type, creditor-institution, financing-type, value"
"description","Long term debt flows: gross disbursements, debt servicing and interest payments"
"default-scale","lin"
"themes",
"map-theme",
"theme-order",
"global-picture-color-ramp",
"uom","unit"
"uom_display",
"source","World Bank International Debt Statistics"
"calculation",
"format",
"highorlow","highisbetter"
"range",
"interpolated",
"missing-donor","NR"
"missing-recipient","NA"
"laymans-decription",
"laymans-heading",
