"id","entity-name","year","value"
"AF","Afghanistan",2000,0
"AF","Afghanistan",2001,0
"AF","Afghanistan",2002,0
"AF","Afghanistan",2003,0
"AF","Afghanistan",2004,0
"AF","Afghanistan",2005,0
"AF","Afghanistan",2006,0
"AF","Afghanistan",2007,0
"AF","Afghanistan",2008,4.53
"AF","Afghanistan",2009,6.54
"AF","Afghanistan",2010,12.21
"AF","Afghanistan",2011,5.86
"AF","Afghanistan",2012,7.74
"AF","Afghanistan",2013,9.78
"AF","Afghanistan",2014,8.14
"AF","Afghanistan",2015,9.26
"AL","Albania",2000,335.1
"AL","Albania",2001,379.89
"AL","Albania",2002,377.21
"AL","Albania",2003,375.44
"AL","Albania",2004,406.06
"AL","Albania",2005,426.56
"AL","Albania",2006,433.28
"AL","Albania",2007,416.79
"AL","Albania",2008,380.47
"AL","Albania",2009,372.47
"AL","Albania",2010,344.79
"AL","Albania",2011,319.61
"AL","Albania",2012,309.97
"AL","Albania",2013,321.84
"AL","Albania",2014,330.63
"AL","Albania",2015,362.38
"DZ","Algeria",2000,44.93
"DZ","Algeria",2001,38.74
"DZ","Algeria",2002,62.23
"DZ","Algeria",2003,90.11
"DZ","Algeria",2004,103.73
"DZ","Algeria",2005,75.03
"DZ","Algeria",2006,51.83
"DZ","Algeria",2007,60.25
"DZ","Algeria",2008,49.77
"DZ","Algeria",2009,58.02
"DZ","Algeria",2010,49.85
"DZ","Algeria",2011,38.64
"DZ","Algeria",2012,37.35
"DZ","Algeria",2013,38.64
"DZ","Algeria",2014,38.63
"DZ","Algeria",2015,50.42
"AO","Angola",2000,0
"AO","Angola",2001,0
"AO","Angola",2002,0
"AO","Angola",2003,0
"AO","Angola",2004,0
"AO","Angola",2005,0
"AO","Angola",2006,0
"AO","Angola",2007,0
"AO","Angola",2008,3.79
"AO","Angola",2009,0.57
"AO","Angola",2010,1.35
"AO","Angola",2011,0.42
"AO","Angola",2012,0.38
"AO","Angola",2013,0.36
"AO","Angola",2014,0.36
"AO","Angola",2015,0.44
"AG","Antigua & Barbuda",2000,338.84
"AG","Antigua & Barbuda",2001,421.42
"AG","Antigua & Barbuda",2002,267.43
"AG","Antigua & Barbuda",2003,299.72
"AG","Antigua & Barbuda",2004,304.43
"AG","Antigua & Barbuda",2005,254.42
"AG","Antigua & Barbuda",2006,263.07
"AG","Antigua & Barbuda",2007,263.78
"AG","Antigua & Barbuda",2008,266.2
"AG","Antigua & Barbuda",2009,248.61
"AG","Antigua & Barbuda",2010,233.51
"AG","Antigua & Barbuda",2011,229.03
"AG","Antigua & Barbuda",2012,226.36
"AG","Antigua & Barbuda",2013,231.22
"AG","Antigua & Barbuda",2014,234.61
"AG","Antigua & Barbuda",2015,230.1
"AR","Argentina",2000,3.18
"AR","Argentina",2001,6.99
"AR","Argentina",2002,17.96
"AR","Argentina",2003,20.15
"AR","Argentina",2004,20.74
"AR","Argentina",2005,25.63
"AR","Argentina",2006,29.37
"AR","Argentina",2007,28.71
"AR","Argentina",2008,26.94
"AR","Argentina",2009,24.25
"AR","Argentina",2010,21.62
"AR","Argentina",2011,19.76
"AR","Argentina",2012,14.56
"AR","Argentina",2013,12.95
"AR","Argentina",2014,12.81
"AR","Argentina",2015,11.13
"AM","Armenia",2000,58
"AM","Armenia",2001,62.17
"AM","Armenia",2002,88.79
"AM","Armenia",2003,110.07
"AM","Armenia",2004,248.02
"AM","Armenia",2005,436.55
"AM","Armenia",2006,486.59
"AM","Armenia",2007,542.37
"AM","Armenia",2008,532.54
"AM","Armenia",2009,467.6
"AM","Armenia",2010,517.91
"AM","Armenia",2011,532.63
"AM","Armenia",2012,578.24
"AM","Armenia",2013,649.89
"AM","Armenia",2014,608.71
"AM","Armenia",2015,494.24
"AZ","Azerbaijan",2000,17.09
"AZ","Azerbaijan",2001,30.35
"AZ","Azerbaijan",2002,52.06
"AZ","Azerbaijan",2003,46.05
"AZ","Azerbaijan",2004,56.07
"AZ","Azerbaijan",2005,126.11
"AZ","Azerbaijan",2006,133.99
"AZ","Azerbaijan",2007,168.82
"AZ","Azerbaijan",2008,156.52
"AZ","Azerbaijan",2009,144.99
"AZ","Azerbaijan",2010,141.49
"AZ","Azerbaijan",2011,153.18
"AZ","Azerbaijan",2012,153.17
"AZ","Azerbaijan",2013,130.16
"AZ","Azerbaijan",2014,137.56
"AZ","Azerbaijan",2015,131.58
"BD","Bangladesh",2000,23.69
"BD","Bangladesh",2001,25.91
"BD","Bangladesh",2002,34.59
"BD","Bangladesh",2003,36.51
"BD","Bangladesh",2004,39.42
"BD","Bangladesh",2005,51.76
"BD","Bangladesh",2006,59.73
"BD","Bangladesh",2007,67.27
"BD","Bangladesh",2008,84.34
"BD","Bangladesh",2009,92.13
"BD","Bangladesh",2010,88.88
"BD","Bangladesh",2011,96.9
"BD","Bangladesh",2012,110.08
"BD","Bangladesh",2013,99.49
"BD","Bangladesh",2014,99.03
"BD","Bangladesh",2015,95.58
"BY","Belarus",2000,27.45
"BY","Belarus",2001,31.91
"BY","Belarus",2002,26.98
"BY","Belarus",2003,37.79
"BY","Belarus",2004,37.62
"BY","Belarus",2005,24.63
"BY","Belarus",2006,30.09
"BY","Belarus",2007,28.82
"BY","Belarus",2008,48.09
"BY","Belarus",2009,51.47
"BY","Belarus",2010,56.53
"BY","Belarus",2011,85.54
"BY","Belarus",2012,96.72
"BY","Belarus",2013,97.96
"BY","Belarus",2014,96.94
"BY","Belarus",2015,73.13
"BZ","Belize",2000,135.44
"BZ","Belize",2001,152.14
"BZ","Belize",2002,135.31
"BZ","Belize",2003,161.69
"BZ","Belize",2004,159.44
"BZ","Belize",2005,193.51
"BZ","Belize",2006,257.7
"BZ","Belize",2007,274.22
"BZ","Belize",2008,271.97
"BZ","Belize",2009,281.03
"BZ","Belize",2010,269.93
"BZ","Belize",2011,243.7
"BZ","Belize",2012,235.76
"BZ","Belize",2013,221.59
"BZ","Belize",2014,230.66
"BZ","Belize",2015,235.87
"BJ","Benin",2000,21.88
"BJ","Benin",2001,20.6
"BJ","Benin",2002,16.64
"BJ","Benin",2003,9.47
"BJ","Benin",2004,9.41
"BJ","Benin",2005,20.33
"BJ","Benin",2006,25.49
"BJ","Benin",2007,27.74
"BJ","Benin",2008,20.28
"BJ","Benin",2009,12.34
"BJ","Benin",2010,13.82
"BJ","Benin",2011,15.23
"BJ","Benin",2012,18.05
"BJ","Benin",2013,20.04
"BJ","Benin",2014,24.17
"BJ","Benin",2015,27.96
"BT","Bhutan",2000,0
"BT","Bhutan",2001,0
"BT","Bhutan",2002,0
"BT","Bhutan",2003,0
"BT","Bhutan",2004,0
"BT","Bhutan",2005,0
"BT","Bhutan",2006,4.15
"BT","Bhutan",2007,5.03
"BT","Bhutan",2008,5.22
"BT","Bhutan",2009,7.91
"BT","Bhutan",2010,12.24
"BT","Bhutan",2011,13.78
"BT","Bhutan",2012,23.98
"BT","Bhutan",2013,15.62
"BT","Bhutan",2014,19.57
"BT","Bhutan",2015,25.37
"BO","Bolivia",2000,31.66
"BO","Bolivia",2001,34.62
"BO","Bolivia",2002,29.99
"BO","Bolivia",2003,41.55
"BO","Bolivia",2004,51.96
"BO","Bolivia",2005,78.44
"BO","Bolivia",2006,120.13
"BO","Bolivia",2007,188.43
"BO","Bolivia",2008,166.46
"BO","Bolivia",2009,151.72
"BO","Bolivia",2010,124.53
"BO","Bolivia",2011,114.81
"BO","Bolivia",2012,111.9
"BO","Bolivia",2013,112.43
"BO","Bolivia",2014,106.89
"BO","Bolivia",2015,111.78
"BA","Bosnia & Herzegovina",2000,781.97
"BA","Bosnia & Herzegovina",2001,727.88
"BA","Bosnia & Herzegovina",2002,658.04
"BA","Bosnia & Herzegovina",2003,617.55
"BA","Bosnia & Herzegovina",2004,647.18
"BA","Bosnia & Herzegovina",2005,616.27
"BA","Bosnia & Herzegovina",2006,602.01
"BA","Bosnia & Herzegovina",2007,648.23
"BA","Bosnia & Herzegovina",2008,567.14
"BA","Bosnia & Herzegovina",2009,468.3
"BA","Bosnia & Herzegovina",2010,414.85
"BA","Bosnia & Herzegovina",2011,414.78
"BA","Bosnia & Herzegovina",2012,419.73
"BA","Bosnia & Herzegovina",2013,430.16
"BA","Bosnia & Herzegovina",2014,457.43
"BA","Bosnia & Herzegovina",2015,464.98
"BW","Botswana",2000,20.07
"BW","Botswana",2001,20.6
"BW","Botswana",2002,22.82
"BW","Botswana",2003,24.42
"BW","Botswana",2004,48.94
"BW","Botswana",2005,58.07
"BW","Botswana",2006,53.71
"BW","Botswana",2007,47.15
"BW","Botswana",2008,24.76
"BW","Botswana",2009,7.78
"BW","Botswana",2010,9.12
"BW","Botswana",2011,7.77
"BW","Botswana",2012,7.38
"BW","Botswana",2013,15.64
"BW","Botswana",2014,18.91
"BW","Botswana",2015,13.48
"BR","Brazil",2000,16.81
"BR","Brazil",2001,21.19
"BR","Brazil",2002,32.59
"BR","Brazil",2003,34.24
"BR","Brazil",2004,37.74
"BR","Brazil",2005,22.64
"BR","Brazil",2006,21.94
"BR","Brazil",2007,18.36
"BR","Brazil",2008,17.33
"BR","Brazil",2009,13.81
"BR","Brazil",2010,11.86
"BR","Brazil",2011,10.76
"BR","Brazil",2012,10
"BR","Brazil",2013,9.94
"BR","Brazil",2014,9.8
"BR","Brazil",2015,13.94
"BF","Burkina Faso",2000,10.42
"BF","Burkina Faso",2001,7.43
"BF","Burkina Faso",2002,7.81
"BF","Burkina Faso",2003,5.72
"BF","Burkina Faso",2004,4.17
"BF","Burkina Faso",2005,4.96
"BF","Burkina Faso",2006,5.77
"BF","Burkina Faso",2007,6.21
"BF","Burkina Faso",2008,6.05
"BF","Burkina Faso",2009,5.85
"BF","Burkina Faso",2010,7.1
"BF","Burkina Faso",2011,11.46
"BF","Burkina Faso",2012,10.82
"BF","Burkina Faso",2013,15.06
"BF","Burkina Faso",2014,19.08
"BF","Burkina Faso",2015,21.86
"BI","Burundi",2000,0
"BI","Burundi",2001,0
"BI","Burundi",2002,0
"BI","Burundi",2003,0
"BI","Burundi",2004,0.01
"BI","Burundi",2005,0.02
"BI","Burundi",2006,0
"BI","Burundi",2007,0.04
"BI","Burundi",2008,0.58
"BI","Burundi",2009,4.11
"BI","Burundi",2010,4.45
"BI","Burundi",2011,5.36
"BI","Burundi",2012,5.3
"BI","Burundi",2013,5.16
"BI","Burundi",2014,4.57
"BI","Burundi",2015,4.35
"KH","Cambodia",2000,15.69
"KH","Cambodia",2001,16.8
"KH","Cambodia",2002,17.24
"KH","Cambodia",2003,16.74
"KH","Cambodia",2004,20.39
"KH","Cambodia",2005,17.79
"KH","Cambodia",2006,18.84
"KH","Cambodia",2007,17.43
"KH","Cambodia",2008,15.46
"KH","Cambodia",2009,11.48
"KH","Cambodia",2010,11.89
"KH","Cambodia",2011,11.55
"KH","Cambodia",2012,11.93
"KH","Cambodia",2013,11.88
"KH","Cambodia",2014,24.35
"KH","Cambodia",2015,34.82
"CM","Cameroon",2000,3.35
"CM","Cameroon",2001,2.15
"CM","Cameroon",2002,3.37
"CM","Cameroon",2003,5.82
"CM","Cameroon",2004,6.95
"CM","Cameroon",2005,4.9
"CM","Cameroon",2006,7.7
"CM","Cameroon",2007,8.77
"CM","Cameroon",2008,7.43
"CM","Cameroon",2009,8.4
"CM","Cameroon",2010,5.22
"CM","Cameroon",2011,9
"CM","Cameroon",2012,8.85
"CM","Cameroon",2013,9.46
"CM","Cameroon",2014,9.01
"CM","Cameroon",2015,10.45
"CV","Cape Verde",2000,290.18
"CV","Cape Verde",2001,269.01
"CV","Cape Verde",2002,265.3
"CV","Cape Verde",2003,271.97
"CV","Cape Verde",2004,257.04
"CV","Cape Verde",2005,304.22
"CV","Cape Verde",2006,289.96
"CV","Cape Verde",2007,261.39
"CV","Cape Verde",2008,262.12
"CV","Cape Verde",2009,237.02
"CV","Cape Verde",2010,235.16
"CV","Cape Verde",2011,291.62
"CV","Cape Verde",2012,312.28
"CV","Cape Verde",2013,290.87
"CV","Cape Verde",2014,321.17
"CV","Cape Verde",2015,385.79
"CF","CAR",2000,0
"CF","CAR",2001,0
"CF","CAR",2002,0
"CF","CAR",2003,0
"CF","CAR",2004,0
"CF","CAR",2005,0
"CF","CAR",2006,0
"CF","CAR",2007,0
"CF","CAR",2008,0
"CF","CAR",2009,0
"CF","CAR",2010,0
"CF","CAR",2011,0
"CF","CAR",2012,0
"CF","CAR",2013,0
"CF","CAR",2014,0
"CF","CAR",2015,
"TD","Chad",2000,0
"TD","Chad",2001,0
"TD","Chad",2002,0
"TD","Chad",2003,0
"TD","Chad",2004,0
"TD","Chad",2005,0
"TD","Chad",2006,0
"TD","Chad",2007,0
"TD","Chad",2008,0
"TD","Chad",2009,0
"TD","Chad",2010,0
"TD","Chad",2011,0
"TD","Chad",2012,0
"TD","Chad",2013,0
"TD","Chad",2014,0
"TD","Chad",2015,
"CL","Chile",2000,1.5
"CL","Chile",2001,1.5
"CL","Chile",2002,1.6
"CL","Chile",2003,1.43
"CL","Chile",2004,1.14
"CL","Chile",2005,1.08
"CL","Chile",2006,0.17
"CL","Chile",2007,0.16
"CL","Chile",2008,0.16
"CL","Chile",2009,0.29
"CL","Chile",2010,0
"CL","Chile",2011,0
"CL","Chile",2012,8.19
"CL","Chile",2013,6.47
"CL","Chile",2014,6.46
"CL","Chile",2015,7.08
"CN","China",2000,1.39
"CN","China",2001,2.16
"CN","China",2002,4.15
"CN","China",2003,7.87
"CN","China",2004,10.52
"CN","China",2005,35.26
"CN","China",2006,38.37
"CN","China",2007,47.16
"CN","China",2008,49.6
"CN","China",2009,42.22
"CN","China",2010,49.48
"CN","China",2011,51.04
"CN","China",2012,45.3
"CN","China",2013,44.34
"CN","China",2014,45.27
"CN","China",2015,46.63
"CO","Colombia",2000,62.53
"CO","Colombia",2001,81.25
"CO","Colombia",2002,99.21
"CO","Colombia",2003,130.71
"CO","Colombia",2004,113.86
"CO","Colombia",2005,98.61
"CO","Colombia",2006,109.02
"CO","Colombia",2007,103.32
"CO","Colombia",2008,97.17
"CO","Colombia",2009,87.17
"CO","Colombia",2010,71.4
"CO","Colombia",2011,65.54
"CO","Colombia",2012,60.06
"CO","Colombia",2013,67.11
"CO","Colombia",2014,65.25
"CO","Colombia",2015,96.93
"KM","Comoros",2000,0
"KM","Comoros",2001,0
"KM","Comoros",2002,0
"KM","Comoros",2003,0
"KM","Comoros",2004,0
"KM","Comoros",2005,110.69
"KM","Comoros",2006,122.75
"KM","Comoros",2007,122.24
"KM","Comoros",2008,143.73
"KM","Comoros",2009,140.46
"KM","Comoros",2010,120.36
"KM","Comoros",2011,132.49
"KM","Comoros",2012,139.23
"KM","Comoros",2013,134.03
"KM","Comoros",2014,139.42
"KM","Comoros",2015,163.34
"CG","Congo",2000,4.79
"CG","Congo",2001,6.55
"CG","Congo",2002,0.6
"CG","Congo",2003,5.38
"CG","Congo",2004,4.94
"CG","Congo",2005,3.01
"CG","Congo",2006,0
"CG","Congo",2007,0
"CG","Congo",2008,0
"CG","Congo",2009,0
"CG","Congo",2010,0
"CG","Congo",2011,0
"CG","Congo",2012,0
"CG","Congo",2013,0
"CG","Congo",2014,0
"CG","Congo",2015,
"CK","Cook Islands",2000,0
"CK","Cook Islands",2001,0
"CK","Cook Islands",2002,0
"CK","Cook Islands",2003,0
"CK","Cook Islands",2004,0
"CK","Cook Islands",2005,0
"CK","Cook Islands",2006,0
"CK","Cook Islands",2007,0
"CK","Cook Islands",2008,0
"CK","Cook Islands",2009,0
"CK","Cook Islands",2010,0
"CK","Cook Islands",2011,0
"CK","Cook Islands",2012,0
"CK","Cook Islands",2013,0
"CK","Cook Islands",2014,0
"CK","Cook Islands",2015,
"CR","Costa Rica",2000,61.1
"CR","Costa Rica",2001,86.31
"CR","Costa Rica",2002,107.34
"CR","Costa Rica",2003,138.61
"CR","Costa Rica",2004,133.49
"CR","Costa Rica",2005,170.82
"CR","Costa Rica",2006,198.21
"CR","Costa Rica",2007,217.4
"CR","Costa Rica",2008,190.22
"CR","Costa Rica",2009,160.09
"CR","Costa Rica",2010,138.91
"CR","Costa Rica",2011,123.77
"CR","Costa Rica",2012,126.61
"CR","Costa Rica",2013,126.64
"CR","Costa Rica",2014,128.41
"CR","Costa Rica",2015,114.81
"CI","Côte d'Ivoire",2000,13.98
"CI","Côte d'Ivoire",2001,12.82
"CI","Côte d'Ivoire",2002,11.57
"CI","Côte d'Ivoire",2003,10.72
"CI","Côte d'Ivoire",2004,11.05
"CI","Côte d'Ivoire",2005,10.97
"CI","Côte d'Ivoire",2006,10.72
"CI","Côte d'Ivoire",2007,10.36
"CI","Côte d'Ivoire",2008,9.37
"CI","Côte d'Ivoire",2009,15
"CI","Côte d'Ivoire",2010,17.32
"CI","Côte d'Ivoire",2011,16.7
"CI","Côte d'Ivoire",2012,15.93
"CI","Côte d'Ivoire",2013,15.26
"CI","Côte d'Ivoire",2014,14.76
"CI","Côte d'Ivoire",2015,16.94
"CU","Cuba",2000,0
"CU","Cuba",2001,0
"CU","Cuba",2002,0
"CU","Cuba",2003,0
"CU","Cuba",2004,0
"CU","Cuba",2005,0
"CU","Cuba",2006,0
"CU","Cuba",2007,0
"CU","Cuba",2008,0
"CU","Cuba",2009,0
"CU","Cuba",2010,0
"CU","Cuba",2011,0
"CU","Cuba",2012,0
"CU","Cuba",2013,0
"CU","Cuba",2014,0
"CU","Cuba",2015,
"DJ","Djibouti",2000,27.97
"DJ","Djibouti",2001,26.25
"DJ","Djibouti",2002,32.35
"DJ","Djibouti",2003,51.47
"DJ","Djibouti",2004,49.31
"DJ","Djibouti",2005,49.21
"DJ","Djibouti",2006,51.69
"DJ","Djibouti",2007,48.87
"DJ","Djibouti",2008,46.59
"DJ","Djibouti",2009,48.51
"DJ","Djibouti",2010,46.3
"DJ","Djibouti",2011,43.12
"DJ","Djibouti",2012,41.96
"DJ","Djibouti",2013,43.35
"DJ","Djibouti",2014,41.54
"DJ","Djibouti",2015,40.15
"DM","Dominica",2000,280.84
"DM","Dominica",2001,289.06
"DM","Dominica",2002,290.59
"DM","Dominica",2003,305.99
"DM","Dominica",2004,381.48
"DM","Dominica",2005,362.98
"DM","Dominica",2006,358.75
"DM","Dominica",2007,359.44
"DM","Dominica",2008,356.7
"DM","Dominica",2009,321.69
"DM","Dominica",2010,330.65
"DM","Dominica",2011,323.93
"DM","Dominica",2012,334.5
"DM","Dominica",2013,325.22
"DM","Dominica",2014,324.49
"DM","Dominica",2015,324.04
"DO","Dominican Republic",2000,276.14
"DO","Dominican Republic",2001,287.45
"DO","Dominican Republic",2002,311.83
"DO","Dominican Republic",2003,407.01
"DO","Dominican Republic",2004,421.06
"DO","Dominican Republic",2005,318.91
"DO","Dominican Republic",2006,368.68
"DO","Dominican Republic",2007,381.62
"DO","Dominican Republic",2008,376.92
"DO","Dominican Republic",2009,354.99
"DO","Dominican Republic",2010,386.39
"DO","Dominican Republic",2011,394.83
"DO","Dominican Republic",2012,387.34
"DO","Dominican Republic",2013,416.62
"DO","Dominican Republic",2014,453.4
"DO","Dominican Republic",2015,493.54
"CD","DRC",2000,0.02
"CD","DRC",2001,0.19
"CD","DRC",2002,0.1
"CD","DRC",2003,0.21
"CD","DRC",2004,0.67
"CD","DRC",2005,0.27
"CD","DRC",2006,0.33
"CD","DRC",2007,0.2
"CD","DRC",2008,0.3
"CD","DRC",2009,0.41
"CD","DRC",2010,0.3
"CD","DRC",2011,1.93
"CD","DRC",2012,0.19
"CD","DRC",2013,0.46
"CD","DRC",2014,0.3
"CD","DRC",2015,0.06
"EC","Ecuador",2000,311.65
"EC","Ecuador",2001,256.54
"EC","Ecuador",2002,226.61
"EC","Ecuador",2003,229.62
"EC","Ecuador",2004,243.13
"EC","Ecuador",2005,297.41
"EC","Ecuador",2006,322.96
"EC","Ecuador",2007,339.1
"EC","Ecuador",2008,270.72
"EC","Ecuador",2009,234.84
"EC","Ecuador",2010,203.73
"EC","Ecuador",2011,195.68
"EC","Ecuador",2012,169.48
"EC","Ecuador",2013,160.71
"EC","Ecuador",2014,154.95
"EC","Ecuador",2015,147.89
"EG","Egypt",2000,71.82
"EG","Egypt",2001,76.34
"EG","Egypt",2002,87
"EG","Egypt",2003,95.65
"EG","Egypt",2004,113.37
"EG","Egypt",2005,153.79
"EG","Egypt",2006,142.98
"EG","Egypt",2007,178.07
"EG","Egypt",2008,170.87
"EG","Egypt",2009,124.36
"EG","Egypt",2010,192.54
"EG","Egypt",2011,204.91
"EG","Egypt",2012,247.19
"EG","Egypt",2013,221
"EG","Egypt",2014,229.56
"EG","Egypt",2015,200.26
"SV","El Salvador",2000,449.92
"SV","El Salvador",2001,472.09
"SV","El Salvador",2002,472.06
"SV","El Salvador",2003,496.45
"SV","El Salvador",2004,578.72
"SV","El Salvador",2005,651.19
"SV","El Salvador",2006,714.57
"SV","El Salvador",2007,726.86
"SV","El Salvador",2008,697.01
"SV","El Salvador",2009,632.79
"SV","El Salvador",2010,629.63
"SV","El Salvador",2011,623.5
"SV","El Salvador",2012,658.09
"SV","El Salvador",2013,663.46
"SV","El Salvador",2014,684.42
"SV","El Salvador",2015,699.45
"GQ","Equatorial Guinea",2000,0
"GQ","Equatorial Guinea",2001,0
"GQ","Equatorial Guinea",2002,0
"GQ","Equatorial Guinea",2003,0
"GQ","Equatorial Guinea",2004,0
"GQ","Equatorial Guinea",2005,0
"GQ","Equatorial Guinea",2006,0
"GQ","Equatorial Guinea",2007,0
"GQ","Equatorial Guinea",2008,0
"GQ","Equatorial Guinea",2009,0
"GQ","Equatorial Guinea",2010,0
"GQ","Equatorial Guinea",2011,0
"GQ","Equatorial Guinea",2012,0
"GQ","Equatorial Guinea",2013,0
"GQ","Equatorial Guinea",2014,0
"GQ","Equatorial Guinea",2015,
"ER","Eritrea",2000,4.99
"ER","Eritrea",2001,0
"ER","Eritrea",2002,0
"ER","Eritrea",2003,0
"ER","Eritrea",2004,0
"ER","Eritrea",2005,0
"ER","Eritrea",2006,0
"ER","Eritrea",2007,0
"ER","Eritrea",2008,0
"ER","Eritrea",2009,0
"ER","Eritrea",2010,0
"ER","Eritrea",2011,0
"ER","Eritrea",2012,0
"ER","Eritrea",2013,0
"ER","Eritrea",2014,0
"ER","Eritrea",2015,
"ET","Ethiopia",2000,1.63
"ET","Ethiopia",2001,0.59
"ET","Ethiopia",2002,1.09
"ET","Ethiopia",2003,1.33
"ET","Ethiopia",2004,3.55
"ET","Ethiopia",2005,4.12
"ET","Ethiopia",2006,3.6
"ET","Ethiopia",2007,6.32
"ET","Ethiopia",2008,5.43
"ET","Ethiopia",2009,3.25
"ET","Ethiopia",2010,5.02
"ET","Ethiopia",2011,7.58
"ET","Ethiopia",2012,7.24
"ET","Ethiopia",2013,7.02
"ET","Ethiopia",2014,6.49
"ET","Ethiopia",2015,6.28
"FJ","Fiji",2000,99.2
"FJ","Fiji",2001,193.4
"FJ","Fiji",2002,214.28
"FJ","Fiji",2003,214.88
"FJ","Fiji",2004,267.21
"FJ","Fiji",2005,291.47
"FJ","Fiji",2006,287.02
"FJ","Fiji",2007,230.2
"FJ","Fiji",2008,178.16
"FJ","Fiji",2009,249.07
"FJ","Fiji",2010,235.78
"FJ","Fiji",2011,184.31
"FJ","Fiji",2012,209.16
"FJ","Fiji",2013,220.23
"FJ","Fiji",2014,215.52
"FJ","Fiji",2015,263.15
"GA","Gabon",2000,8.74
"GA","Gabon",2001,8.31
"GA","Gabon",2002,4.08
"GA","Gabon",2003,6.99
"GA","Gabon",2004,6.62
"GA","Gabon",2005,8.48
"GA","Gabon",2006,0
"GA","Gabon",2007,0
"GA","Gabon",2008,0
"GA","Gabon",2009,0
"GA","Gabon",2010,0
"GA","Gabon",2011,0
"GA","Gabon",2012,0
"GA","Gabon",2013,0
"GA","Gabon",2014,0
"GA","Gabon",2015,
"GM","Gambia",2000,0
"GM","Gambia",2001,0
"GM","Gambia",2002,0
"GM","Gambia",2003,47.99
"GM","Gambia",2004,48.93
"GM","Gambia",2005,42.51
"GM","Gambia",2006,42.64
"GM","Gambia",2007,30.62
"GM","Gambia",2008,30.19
"GM","Gambia",2009,41.07
"GM","Gambia",2010,58.12
"GM","Gambia",2011,53.24
"GM","Gambia",2012,70.15
"GM","Gambia",2013,92.31
"GM","Gambia",2014,97.3
"GM","Gambia",2015,90.76
"GE","Georgia",2000,92.88
"GE","Georgia",2001,98.41
"GE","Georgia",2002,103.26
"GE","Georgia",2003,101.15
"GE","Georgia",2004,108.38
"GE","Georgia",2005,141.65
"GE","Georgia",2006,182.82
"GE","Georgia",2007,223.49
"GE","Georgia",2008,222.31
"GE","Georgia",2009,269.16
"GE","Georgia",2010,285.52
"GE","Georgia",2011,326.81
"GE","Georgia",2012,366.92
"GE","Georgia",2013,414.61
"GE","Georgia",2014,438.62
"GE","Georgia",2015,396.5
"GH","Ghana",2000,3.16
"GH","Ghana",2001,4.26
"GH","Ghana",2002,3.55
"GH","Ghana",2003,4.4
"GH","Ghana",2004,4.92
"GH","Ghana",2005,5.06
"GH","Ghana",2006,4.76
"GH","Ghana",2007,4.44
"GH","Ghana",2008,4.41
"GH","Ghana",2009,4.56
"GH","Ghana",2010,4.53
"GH","Ghana",2011,64.38
"GH","Ghana",2012,65.41
"GH","Ghana",2013,51.99
"GH","Ghana",2014,70.42
"GH","Ghana",2015,76.61
"GD","Grenada",2000,622.67
"GD","Grenada",2001,613.17
"GD","Grenada",2002,620.32
"GD","Grenada",2003,631.85
"GD","Grenada",2004,918.11
"GD","Grenada",2005,332.24
"GD","Grenada",2006,335.13
"GD","Grenada",2007,328.59
"GD","Grenada",2008,306.17
"GD","Grenada",2009,292.58
"GD","Grenada",2010,298.65
"GD","Grenada",2011,301.67
"GD","Grenada",2012,292.69
"GD","Grenada",2013,286.55
"GD","Grenada",2014,283.12
"GD","Grenada",2015,277.52
"GT","Guatemala",2000,112.82
"GT","Guatemala",2001,110.15
"GT","Guatemala",2002,254.01
"GT","Guatemala",2003,323.71
"GT","Guatemala",2004,364.87
"GT","Guatemala",2005,377.72
"GT","Guatemala",2006,422.46
"GT","Guatemala",2007,445.5
"GT","Guatemala",2008,412.97
"GT","Guatemala",2009,379.67
"GT","Guatemala",2010,367.35
"GT","Guatemala",2011,347.34
"GT","Guatemala",2012,368.34
"GT","Guatemala",2013,374.31
"GT","Guatemala",2014,380.23
"GT","Guatemala",2015,403.08
"GN","Guinea",2000,0.21
"GN","Guinea",2001,1.71
"GN","Guinea",2002,2.92
"GN","Guinea",2003,18.18
"GN","Guinea",2004,6.43
"GN","Guinea",2005,8.08
"GN","Guinea",2006,5.81
"GN","Guinea",2007,2.06
"GN","Guinea",2008,7.89
"GN","Guinea",2009,6.31
"GN","Guinea",2010,5.45
"GN","Guinea",2011,8.09
"GN","Guinea",2012,6.73
"GN","Guinea",2013,8.47
"GN","Guinea",2014,7.63
"GN","Guinea",2015,7.38
"GW","Guinea-Bissau",2000,0
"GW","Guinea-Bissau",2001,13.74
"GW","Guinea-Bissau",2002,22.08
"GW","Guinea-Bissau",2003,24.93
"GW","Guinea-Bissau",2004,26.93
"GW","Guinea-Bissau",2005,17.86
"GW","Guinea-Bissau",2006,22.78
"GW","Guinea-Bissau",2007,32.95
"GW","Guinea-Bissau",2008,30.71
"GW","Guinea-Bissau",2009,32.12
"GW","Guinea-Bissau",2010,30.06
"GW","Guinea-Bissau",2011,27.92
"GW","Guinea-Bissau",2012,26.05
"GW","Guinea-Bissau",2013,34.74
"GW","Guinea-Bissau",2014,32.13
"GW","Guinea-Bissau",2015,34.59
"GY","Guyana",2000,65.67
"GY","Guyana",2001,54.59
"GY","Guyana",2002,122.71
"GY","Guyana",2003,230.2
"GY","Guyana",2004,342.4
"GY","Guyana",2005,424.35
"GY","Guyana",2006,434.77
"GY","Guyana",2007,495.3
"GY","Guyana",2008,449.9
"GY","Guyana",2009,419.74
"GY","Guyana",2010,547.98
"GY","Guyana",2011,565.37
"GY","Guyana",2012,608.3
"GY","Guyana",2013,425.76
"GY","Guyana",2014,429.83
"GY","Guyana",2015,382.62
"HT","Haiti",2000,125.31
"HT","Haiti",2001,144.77
"HT","Haiti",2002,159.42
"HT","Haiti",2003,221.6
"HT","Haiti",2004,202.34
"HT","Haiti",2005,176.14
"HT","Haiti",2006,173.17
"HT","Haiti",2007,163.73
"HT","Haiti",2008,163.73
"HT","Haiti",2009,166.09
"HT","Haiti",2010,164.8
"HT","Haiti",2011,158.93
"HT","Haiti",2012,159.62
"HT","Haiti",2013,169.25
"HT","Haiti",2014,183.22
"HT","Haiti",2015,204.98
"HN","Honduras",2000,125.38
"HN","Honduras",2001,152.58
"HN","Honduras",2002,198.24
"HN","Honduras",2003,209.66
"HN","Honduras",2004,270.31
"HN","Honduras",2005,391.36
"HN","Honduras",2006,472.97
"HN","Honduras",2007,487.27
"HN","Honduras",2008,479.57
"HN","Honduras",2009,384.56
"HN","Honduras",2010,381.96
"HN","Honduras",2011,373.65
"HN","Honduras",2012,380.7
"HN","Honduras",2013,409.82
"HN","Honduras",2014,429.34
"HN","Honduras",2015,454.02
"IN","India",2000,18.51
"IN","India",2001,20.4
"IN","India",2002,21.7
"IN","India",2003,26.11
"IN","India",2004,21.19
"IN","India",2005,23.26
"IN","India",2006,28.17
"IN","India",2007,30.67
"IN","India",2008,42.66
"IN","India",2009,40.28
"IN","India",2010,38.05
"IN","India",2011,43.85
"IN","India",2012,50.18
"IN","India",2013,52.74
"IN","India",2014,51.27
"IN","India",2015,52.56
"ID","Indonesia",2000,12.17
"ID","Indonesia",2001,11.29
"ID","Indonesia",2002,11.46
"ID","Indonesia",2003,11.67
"ID","Indonesia",2004,13.84
"ID","Indonesia",2005,37.7
"ID","Indonesia",2006,32.51
"ID","Indonesia",2007,31.03
"ID","Indonesia",2008,30.47
"ID","Indonesia",2009,30.45
"ID","Indonesia",2010,24.89
"ID","Indonesia",2011,22.1
"ID","Indonesia",2012,23.39
"ID","Indonesia",2013,25.86
"ID","Indonesia",2014,30.93
"ID","Indonesia",2015,37.39
"IR","Iran",2000,5.37
"IR","Iran",2001,7.59
"IR","Iran",2002,25.56
"IR","Iran",2003,32.16
"IR","Iran",2004,24.33
"IR","Iran",2005,20.82
"IR","Iran",2006,18.41
"IR","Iran",2007,16.39
"IR","Iran",2008,14.14
"IR","Iran",2009,13.54
"IR","Iran",2010,13.44
"IR","Iran",2011,12.62
"IR","Iran",2012,17.36
"IR","Iran",2013,16.92
"IR","Iran",2014,15.94
"IR","Iran",2015,16.81
"IQ","Iraq",2000,0
"IQ","Iraq",2001,0
"IQ","Iraq",2002,0
"IQ","Iraq",2003,0
"IQ","Iraq",2004,0
"IQ","Iraq",2005,52.85
"IQ","Iraq",2006,22.88
"IQ","Iraq",2007,0.13
"IQ","Iraq",2008,2.16
"IQ","Iraq",2009,5.5
"IQ","Iraq",2010,5.32
"IQ","Iraq",2011,5.22
"IQ","Iraq",2012,5.95
"IQ","Iraq",2013,5.75
"IQ","Iraq",2014,5.84
"IQ","Iraq",2015,7.44
"JM","Jamaica",2000,494.55
"JM","Jamaica",2001,582.32
"JM","Jamaica",2002,657.5
"JM","Jamaica",2003,777.26
"JM","Jamaica",2004,846.08
"JM","Jamaica",2005,834.44
"JM","Jamaica",2006,878.15
"JM","Jamaica",2007,908.12
"JM","Jamaica",2008,854.88
"JM","Jamaica",2009,818.44
"JM","Jamaica",2010,791.11
"JM","Jamaica",2011,760.78
"JM","Jamaica",2012,758.09
"JM","Jamaica",2013,789.32
"JM","Jamaica",2014,847.37
"JM","Jamaica",2015,866.1
"JO","Jordan",2000,815.84
"JO","Jordan",2001,867.43
"JO","Jordan",2002,899.04
"JO","Jordan",2003,885.47
"JO","Jordan",2004,887.72
"JO","Jordan",2005,875.95
"JO","Jordan",2006,881.05
"JO","Jordan",2007,958.77
"JO","Jordan",2008,809.99
"JO","Jordan",2009,745.79
"JO","Jordan",2010,691.42
"JO","Jordan",2011,637.15
"JO","Jordan",2012,614.72
"JO","Jordan",2013,783.51
"JO","Jordan",2014,878.48
"JO","Jordan",2015,704.23
"KZ","Kazakhstan",2000,29.5
"KZ","Kazakhstan",2001,38.95
"KZ","Kazakhstan",2002,45.92
"KZ","Kazakhstan",2003,28.76
"KZ","Kazakhstan",2004,25.28
"KZ","Kazakhstan",2005,7.74
"KZ","Kazakhstan",2006,8.06
"KZ","Kazakhstan",2007,11.47
"KZ","Kazakhstan",2008,8.07
"KZ","Kazakhstan",2009,14.54
"KZ","Kazakhstan",2010,13.63
"KZ","Kazakhstan",2011,8.5
"KZ","Kazakhstan",2012,8.1
"KZ","Kazakhstan",2013,8.71
"KZ","Kazakhstan",2014,10.59
"KZ","Kazakhstan",2015,10.48
"KE","Kenya",2000,0
"KE","Kenya",2001,3.68
"KE","Kenya",2002,3.98
"KE","Kenya",2003,4.04
"KE","Kenya",2004,21.89
"KE","Kenya",2005,21.91
"KE","Kenya",2006,24.66
"KE","Kenya",2007,23.46
"KE","Kenya",2008,21.09
"KE","Kenya",2009,19.47
"KE","Kenya",2010,20.65
"KE","Kenya",2011,27.71
"KE","Kenya",2012,30.44
"KE","Kenya",2013,30.86
"KE","Kenya",2014,31.39
"KE","Kenya",2015,33.91
"KI","Kiribati",2000,0
"KI","Kiribati",2001,0
"KI","Kiribati",2002,0
"KI","Kiribati",2003,0
"KI","Kiribati",2004,0
"KI","Kiribati",2005,0
"KI","Kiribati",2006,160.56
"KI","Kiribati",2007,142.88
"KI","Kiribati",2008,130.26
"KI","Kiribati",2009,136.29
"KI","Kiribati",2010,127.48
"KI","Kiribati",2011,119.06
"KI","Kiribati",2012,120.35
"KI","Kiribati",2013,127.25
"KI","Kiribati",2014,120.29
"KI","Kiribati",2015,142.21
"XK","Kosovo",2000,0
"XK","Kosovo",2001,0
"XK","Kosovo",2002,0
"XK","Kosovo",2003,0
"XK","Kosovo",2004,426.63
"XK","Kosovo",2005,481.38
"XK","Kosovo",2006,518.2
"XK","Kosovo",2007,548.12
"XK","Kosovo",2008,535.07
"XK","Kosovo",2009,561.21
"XK","Kosovo",2010,527.25
"XK","Kosovo",2011,535.29
"XK","Kosovo",2012,531.04
"XK","Kosovo",2013,530.76
"XK","Kosovo",2014,547.65
"XK","Kosovo",2015,594.07
"KG","Kyrgyzstan",2000,4.72
"KG","Kyrgyzstan",2001,5.54
"KG","Kyrgyzstan",2002,16.9
"KG","Kyrgyzstan",2003,32.52
"KG","Kyrgyzstan",2004,71.9
"KG","Kyrgyzstan",2005,106.14
"KG","Kyrgyzstan",2006,141.77
"KG","Kyrgyzstan",2007,169.03
"KG","Kyrgyzstan",2008,232.1
"KG","Kyrgyzstan",2009,207.62
"KG","Kyrgyzstan",2010,256.55
"KG","Kyrgyzstan",2011,281
"KG","Kyrgyzstan",2012,305.53
"KG","Kyrgyzstan",2013,335.57
"KG","Kyrgyzstan",2014,330.9
"KG","Kyrgyzstan",2015,283.31
"LA","Lao",2000,0.34
"LA","Lao",2001,0.37
"LA","Lao",2002,0.39
"LA","Lao",2003,0.35
"LA","Lao",2004,0.33
"LA","Lao",2005,0.31
"LA","Lao",2006,1.31
"LA","Lao",2007,1.71
"LA","Lao",2008,4.13
"LA","Lao",2009,8.73
"LA","Lao",2010,8.42
"LA","Lao",2011,20.04
"LA","Lao",2012,9.68
"LA","Lao",2013,9.13
"LA","Lao",2014,5.91
"LA","Lao",2015,13.67
"LB","Lebanon",2000,0
"LB","Lebanon",2001,0
"LB","Lebanon",2002,1105.25
"LB","Lebanon",2003,1929.46
"LB","Lebanon",2004,2158.43
"LB","Lebanon",2005,1863.28
"LB","Lebanon",2006,1919.27
"LB","Lebanon",2007,2050.79
"LB","Lebanon",2008,2359.87
"LB","Lebanon",2009,2209.15
"LB","Lebanon",2010,1945.47
"LB","Lebanon",2011,1758.42
"LB","Lebanon",2012,1478.11
"LB","Lebanon",2013,1482.88
"LB","Lebanon",2014,1291.31
"LB","Lebanon",2015,1278.61
"LS","Lesotho",2000,366.26
"LS","Lesotho",2001,344.61
"LS","Lesotho",2002,369.86
"LS","Lesotho",2003,367.05
"LS","Lesotho",2004,329.99
"LS","Lesotho",2005,289.55
"LS","Lesotho",2006,290.81
"LS","Lesotho",2007,279.41
"LS","Lesotho",2008,265.18
"LS","Lesotho",2009,250.16
"LS","Lesotho",2010,227.27
"LS","Lesotho",2011,221.66
"LS","Lesotho",2012,207.41
"LS","Lesotho",2013,187.45
"LS","Lesotho",2014,161.33
"LS","Lesotho",2015,171.23
"LR","Liberia",2000,0
"LR","Liberia",2001,0
"LR","Liberia",2002,0
"LR","Liberia",2003,0
"LR","Liberia",2004,32.92
"LR","Liberia",2005,16.01
"LR","Liberia",2006,36.92
"LR","Liberia",2007,25.27
"LR","Liberia",2008,20.93
"LR","Liberia",2009,8.67
"LR","Liberia",2010,9.83
"LR","Liberia",2011,98.39
"LR","Liberia",2012,131.04
"LR","Liberia",2013,91.92
"LR","Liberia",2014,116.25
"LR","Liberia",2015,142.29
"LY","Libya",2000,2.36
"LY","Libya",2001,2.84
"LY","Libya",2002,3.22
"LY","Libya",2003,3.2
"LY","Libya",2004,3.26
"LY","Libya",2005,3.75
"LY","Libya",2006,3.6
"LY","Libya",2007,0
"LY","Libya",2008,0
"LY","Libya",2009,0
"LY","Libya",2010,0
"LY","Libya",2011,0
"LY","Libya",2012,0
"LY","Libya",2013,0
"LY","Libya",2014,0
"LY","Libya",2015,
"MK","Macedonia",2000,71.27
"MK","Macedonia",2001,63.49
"MK","Macedonia",2002,86.06
"MK","Macedonia",2003,116.27
"MK","Macedonia",2004,129.39
"MK","Macedonia",2005,130.67
"MK","Macedonia",2006,147.11
"MK","Macedonia",2007,166.48
"MK","Macedonia",2008,173.74
"MK","Macedonia",2009,170.81
"MK","Macedonia",2010,179.09
"MK","Macedonia",2011,180.87
"MK","Macedonia",2012,178.39
"MK","Macedonia",2013,157.57
"MK","Macedonia",2014,151.63
"MK","Macedonia",2015,147.69
"MG","Madagascar",2000,1.22
"MG","Madagascar",2001,1.04
"MG","Madagascar",2002,2.45
"MG","Madagascar",2003,1.16
"MG","Madagascar",2004,1.06
"MG","Madagascar",2005,9.31
"MG","Madagascar",2006,13.23
"MG","Madagascar",2007,17.69
"MG","Madagascar",2008,17.9
"MG","Madagascar",2009,16.44
"MG","Madagascar",2010,25.44
"MG","Madagascar",2011,16.13
"MG","Madagascar",2012,16.05
"MG","Madagascar",2013,16.09
"MG","Madagascar",2014,16.05
"MG","Madagascar",2015,17.64
"MW","Malawi",2000,0.07
"MW","Malawi",2001,0.07
"MW","Malawi",2002,0.07
"MW","Malawi",2003,1.21
"MW","Malawi",2004,1.51
"MW","Malawi",2005,1.77
"MW","Malawi",2006,1.08
"MW","Malawi",2007,1.48
"MW","Malawi",2008,1.02
"MW","Malawi",2009,0.92
"MW","Malawi",2010,1.11
"MW","Malawi",2011,1.14
"MW","Malawi",2012,1.69
"MW","Malawi",2013,2.29
"MW","Malawi",2014,2.37
"MW","Malawi",2015,2.24
"MY","Malaysia",2000,21.21
"MY","Malaysia",2001,22.64
"MY","Malaysia",2002,25.51
"MY","Malaysia",2003,31.81
"MY","Malaysia",2004,41.37
"MY","Malaysia",2005,53.68
"MY","Malaysia",2006,60.02
"MY","Malaysia",2007,60.06
"MY","Malaysia",2008,44.28
"MY","Malaysia",2009,41.68
"MY","Malaysia",2010,35.22
"MY","Malaysia",2011,34.31
"MY","Malaysia",2012,36.06
"MY","Malaysia",2013,39.79
"MY","Malaysia",2014,44.1
"MY","Malaysia",2015,54.15
"MV","Maldives",2000,10.98
"MV","Maldives",2001,9.64
"MV","Maldives",2002,10.28
"MV","Maldives",2003,10
"MV","Maldives",2004,13.79
"MV","Maldives",2005,10.29
"MV","Maldives",2006,11.2
"MV","Maldives",2007,28.18
"MV","Maldives",2008,20
"MV","Maldives",2009,13.46
"MV","Maldives",2010,9.17
"MV","Maldives",2011,9.21
"MV","Maldives",2012,8.95
"MV","Maldives",2013,8.7
"MV","Maldives",2014,8.69
"MV","Maldives",2015,8.9
"ML","Mali",2000,14.02
"ML","Mali",2001,16.17
"ML","Mali",2002,22.53
"ML","Mali",2003,22
"ML","Mali",2004,18.89
"ML","Mali",2005,19.37
"ML","Mali",2006,21.25
"ML","Mali",2007,29.24
"ML","Mali",2008,30.93
"ML","Mali",2009,31.66
"ML","Mali",2010,32.14
"ML","Mali",2011,43.96
"ML","Mali",2012,46.59
"ML","Mali",2013,47.02
"ML","Mali",2014,44.94
"ML","Mali",2015,50.83
"MH","Marshall Islands",2000,0
"MH","Marshall Islands",2001,0
"MH","Marshall Islands",2002,0
"MH","Marshall Islands",2003,0
"MH","Marshall Islands",2004,0
"MH","Marshall Islands",2005,532.77
"MH","Marshall Islands",2006,579.6
"MH","Marshall Islands",2007,527.45
"MH","Marshall Islands",2008,465.48
"MH","Marshall Islands",2009,507.79
"MH","Marshall Islands",2010,447.94
"MH","Marshall Islands",2011,439.32
"MH","Marshall Islands",2012,440.6
"MH","Marshall Islands",2013,445.01
"MH","Marshall Islands",2014,481.15
"MH","Marshall Islands",2015,492.17
"MR","Mauritania",2000,0
"MR","Mauritania",2001,0
"MR","Mauritania",2002,0
"MR","Mauritania",2003,0
"MR","Mauritania",2004,0
"MR","Mauritania",2005,0
"MR","Mauritania",2006,0
"MR","Mauritania",2007,0
"MR","Mauritania",2008,0
"MR","Mauritania",2009,0
"MR","Mauritania",2010,0
"MR","Mauritania",2011,0
"MR","Mauritania",2012,0
"MR","Mauritania",2013,0
"MR","Mauritania",2014,0
"MR","Mauritania",2015,
"MU","Mauritius",2000,210.53
"MU","Mauritius",2001,264.65
"MU","Mauritius",2002,249.37
"MU","Mauritius",2003,212.85
"MU","Mauritius",2004,210.36
"MU","Mauritius",2005,216.84
"MU","Mauritius",2006,225.32
"MU","Mauritius",2007,176.92
"MU","Mauritius",2008,182.82
"MU","Mauritius",2009,163.51
"MU","Mauritius",2010,178.99
"MU","Mauritius",2011,181.55
"MU","Mauritius",2012,183.78
"MU","Mauritius",2013,177.96
"MU","Mauritius",2014,174.13
"MU","Mauritius",2015,197.21
"MX","Mexico",2000,89.26
"MX","Mexico",2001,111.39
"MX","Mexico",2002,116.94
"MX","Mexico",2003,183.53
"MX","Mexico",2004,208.81
"MX","Mexico",2005,216.39
"MX","Mexico",2006,234.13
"MX","Mexico",2007,223.1
"MX","Mexico",2008,204.35
"MX","Mexico",2009,199.94
"MX","Mexico",2010,176.25
"MX","Mexico",2011,173.27
"MX","Mexico",2012,173.75
"MX","Mexico",2013,163.83
"MX","Mexico",2014,167.76
"MX","Mexico",2015,206.05
"FM","Micronesia",2000,0
"FM","Micronesia",2001,0
"FM","Micronesia",2002,0
"FM","Micronesia",2003,0
"FM","Micronesia",2004,0
"FM","Micronesia",2005,0
"FM","Micronesia",2006,0
"FM","Micronesia",2007,0
"FM","Micronesia",2008,0
"FM","Micronesia",2009,195.23
"FM","Micronesia",2010,198.97
"FM","Micronesia",2011,208.21
"FM","Micronesia",2012,210.78
"FM","Micronesia",2013,221.81
"FM","Micronesia",2014,224.69
"FM","Micronesia",2015,223.42
"MD","Moldova",2000,121.05
"MD","Moldova",2001,155.78
"MD","Moldova",2002,199.83
"MD","Moldova",2003,269.1
"MD","Moldova",2004,319.9
"MD","Moldova",2005,389.13
"MD","Moldova",2006,460.64
"MD","Moldova",2007,467.04
"MD","Moldova",2008,464.35
"MD","Moldova",2009,308.97
"MD","Moldova",2010,349.36
"MD","Moldova",2011,414.93
"MD","Moldova",2012,434.9
"MD","Moldova",2013,478.92
"MD","Moldova",2014,477.53
"MD","Moldova",2015,431.43
"MN","Mongolia",2000,14.79
"MN","Mongolia",2001,28.59
"MN","Mongolia",2002,61.01
"MN","Mongolia",2003,130.17
"MN","Mongolia",2004,177.54
"MN","Mongolia",2005,131.87
"MN","Mongolia",2006,101.63
"MN","Mongolia",2007,81.41
"MN","Mongolia",2008,72.53
"MN","Mongolia",2009,84.12
"MN","Mongolia",2010,98.55
"MN","Mongolia",2011,82.32
"MN","Mongolia",2012,88.2
"MN","Mongolia",2013,75.43
"MN","Mongolia",2014,82.3
"MN","Mongolia",2015,89.66
"ME","Montenegro",2000,0
"ME","Montenegro",2001,0
"ME","Montenegro",2002,0
"ME","Montenegro",2003,0
"ME","Montenegro",2004,0
"ME","Montenegro",2005,0
"ME","Montenegro",2006,0
"ME","Montenegro",2007,307.07
"ME","Montenegro",2008,402.26
"ME","Montenegro",2009,420.68
"ME","Montenegro",2010,428.12
"ME","Montenegro",2011,459.68
"ME","Montenegro",2012,480.69
"ME","Montenegro",2013,579.7
"ME","Montenegro",2014,583.57
"ME","Montenegro",2015,612.47
"MS","Montserrat",2000,0
"MS","Montserrat",2001,0
"MS","Montserrat",2002,0
"MS","Montserrat",2003,0
"MS","Montserrat",2004,0
"MS","Montserrat",2005,0
"MS","Montserrat",2006,0
"MS","Montserrat",2007,0
"MS","Montserrat",2008,0
"MS","Montserrat",2009,0
"MS","Montserrat",2010,0
"MS","Montserrat",2011,0
"MS","Montserrat",2012,0
"MS","Montserrat",2013,0
"MS","Montserrat",2014,0
"MS","Montserrat",2015,
"MA","Morocco",2000,98.12
"MA","Morocco",2001,154.9
"MA","Morocco",2002,130.56
"MA","Morocco",2003,139.38
"MA","Morocco",2004,147.7
"MA","Morocco",2005,157.15
"MA","Morocco",2006,180.57
"MA","Morocco",2007,198.38
"MA","Morocco",2008,181.92
"MA","Morocco",2009,169.75
"MA","Morocco",2010,177.72
"MA","Morocco",2011,191.79
"MA","Morocco",2012,180.28
"MA","Morocco",2013,180.74
"MA","Morocco",2014,207.64
"MA","Morocco",2015,205.56
"MZ","Mozambique",2000,2.07
"MZ","Mozambique",2001,2.63
"MZ","Mozambique",2002,3.21
"MZ","Mozambique",2003,3.94
"MZ","Mozambique",2004,2.8
"MZ","Mozambique",2005,2.69
"MZ","Mozambique",2006,3.58
"MZ","Mozambique",2007,4.07
"MZ","Mozambique",2008,4.03
"MZ","Mozambique",2009,4.12
"MZ","Mozambique",2010,4.78
"MZ","Mozambique",2011,4.44
"MZ","Mozambique",2012,5.38
"MZ","Mozambique",2013,4.65
"MZ","Mozambique",2014,4.7
"MZ","Mozambique",2015,6.99
"MM","Myanmar",2000,3.45
"MM","Myanmar",2001,5.94
"MM","Myanmar",2002,5.71
"MM","Myanmar",2003,3.34
"MM","Myanmar",2004,5.15
"MM","Myanmar",2005,5.68
"MM","Myanmar",2006,4.68
"MM","Myanmar",2007,2.63
"MM","Myanmar",2008,1.24
"MM","Myanmar",2009,1.17
"MM","Myanmar",2010,1.97
"MM","Myanmar",2011,1.89
"MM","Myanmar",2012,4.36
"MM","Myanmar",2013,27.88
"MM","Myanmar",2014,51.88
"MM","Myanmar",2015,60.05
"NA","Namibia",2000,7.54
"NA","Namibia",2001,7.8
"NA","Namibia",2002,7.81
"NA","Namibia",2003,8.38
"NA","Namibia",2004,8.21
"NA","Namibia",2005,8.92
"NA","Namibia",2006,7.79
"NA","Namibia",2007,6.95
"NA","Namibia",2008,6.23
"NA","Namibia",2009,5.71
"NA","Namibia",2010,5.37
"NA","Namibia",2011,5.08
"NA","Namibia",2012,4.39
"NA","Namibia",2013,3.94
"NA","Namibia",2014,3.6
"NA","Namibia",2015,3.54
"NR","Nauru",2000,0
"NR","Nauru",2001,0
"NR","Nauru",2002,0
"NR","Nauru",2003,0
"NR","Nauru",2004,0
"NR","Nauru",2005,0
"NR","Nauru",2006,0
"NR","Nauru",2007,0
"NR","Nauru",2008,0
"NR","Nauru",2009,0
"NR","Nauru",2010,0
"NR","Nauru",2011,0
"NR","Nauru",2012,0
"NR","Nauru",2013,0
"NR","Nauru",2014,0
"NR","Nauru",2015,
"NP","Nepal",2000,9.65
"NP","Nepal",2001,12.8
"NP","Nepal",2002,57.41
"NP","Nepal",2003,63.11
"NP","Nepal",2004,60.58
"NP","Nepal",2005,81.08
"NP","Nepal",2006,89.89
"NP","Nepal",2007,96.15
"NP","Nepal",2008,130.75
"NP","Nepal",2009,144.44
"NP","Nepal",2010,139.74
"NP","Nepal",2011,146.43
"NP","Nepal",2012,173.82
"NP","Nepal",2013,203.98
"NP","Nepal",2014,216.88
"NP","Nepal",2015,236.02
"NI","Nicaragua",2000,93
"NI","Nicaragua",2001,94.89
"NI","Nicaragua",2002,108.04
"NI","Nicaragua",2003,124.94
"NI","Nicaragua",2004,141.05
"NI","Nicaragua",2005,157.85
"NI","Nicaragua",2006,171.23
"NI","Nicaragua",2007,171.68
"NI","Nicaragua",2008,169.7
"NI","Nicaragua",2009,155.11
"NI","Nicaragua",2010,162.25
"NI","Nicaragua",2011,169
"NI","Nicaragua",2012,183.33
"NI","Nicaragua",2013,193.46
"NI","Nicaragua",2014,194.53
"NI","Nicaragua",2015,196.89
"NE","Niger",2000,2.45
"NE","Niger",2001,3.58
"NE","Niger",2002,2.75
"NE","Niger",2003,2.99
"NE","Niger",2004,6.1
"NE","Niger",2005,6.09
"NE","Niger",2006,6.76
"NE","Niger",2007,5.81
"NE","Niger",2008,5.72
"NE","Niger",2009,5.95
"NE","Niger",2010,7.74
"NE","Niger",2011,8.39
"NE","Niger",2012,7.62
"NE","Niger",2013,6.71
"NE","Niger",2014,6.4
"NE","Niger",2015,7.33
"NG","Nigeria",2000,27.96
"NG","Nigeria",2001,22.7
"NG","Nigeria",2002,20.41
"NG","Nigeria",2003,17.43
"NG","Nigeria",2004,31.73
"NG","Nigeria",2005,163.93
"NG","Nigeria",2006,150.1
"NG","Nigeria",2007,141.79
"NG","Nigeria",2008,125.31
"NG","Nigeria",2009,140.38
"NG","Nigeria",2010,131.73
"NG","Nigeria",2011,125.17
"NG","Nigeria",2012,113.73
"NG","Nigeria",2013,105.75
"NG","Nigeria",2014,99.31
"NG","Nigeria",2015,112.29
"NU","Niue",2000,0
"NU","Niue",2001,0
"NU","Niue",2002,0
"NU","Niue",2003,0
"NU","Niue",2004,0
"NU","Niue",2005,0
"NU","Niue",2006,0
"NU","Niue",2007,0
"NU","Niue",2008,0
"NU","Niue",2009,0
"NU","Niue",2010,0
"NU","Niue",2011,0
"NU","Niue",2012,0
"NU","Niue",2013,0
"NU","Niue",2014,0
"NU","Niue",2015,
"KP","North Korea",2000,0
"KP","North Korea",2001,0
"KP","North Korea",2002,0
"KP","North Korea",2003,0
"KP","North Korea",2004,0
"KP","North Korea",2005,0
"KP","North Korea",2006,0
"KP","North Korea",2007,0
"KP","North Korea",2008,0
"KP","North Korea",2009,0
"KP","North Korea",2010,0
"KP","North Korea",2011,0
"KP","North Korea",2012,0
"KP","North Korea",2013,0
"KP","North Korea",2014,0
"KP","North Korea",2015,
"PK","Pakistan",2000,14.13
"PK","Pakistan",2001,19.5
"PK","Pakistan",2002,47.86
"PK","Pakistan",2003,47.62
"PK","Pakistan",2004,42.39
"PK","Pakistan",2005,43.8
"PK","Pakistan",2006,46.9
"PK","Pakistan",2007,51.16
"PK","Pakistan",2008,55.07
"PK","Pakistan",2009,68.22
"PK","Pakistan",2010,72.19
"PK","Pakistan",2011,76.88
"PK","Pakistan",2012,84.98
"PK","Pakistan",2013,87.43
"PK","Pakistan",2014,99.35
"PK","Pakistan",2015,102.19
"PW","Palau",2000,0
"PW","Palau",2001,0
"PW","Palau",2002,0
"PW","Palau",2003,0
"PW","Palau",2004,0
"PW","Palau",2005,105.99
"PW","Palau",2006,106.09
"PW","Palau",2007,104.1
"PW","Palau",2008,101.54
"PW","Palau",2009,96.82
"PW","Palau",2010,106.47
"PW","Palau",2011,119.28
"PW","Palau",2012,137.06
"PW","Palau",2013,124.01
"PW","Palau",2014,109.91
"PW","Palau",2015,104.19
"PS","Palestine",2000,598.3
"PS","Palestine",2001,620.55
"PS","Palestine",2002,652.08
"PS","Palestine",2003,344.79
"PS","Palestine",2004,372.86
"PS","Palestine",2005,364.42
"PS","Palestine",2006,240.72
"PS","Palestine",2007,265.24
"PS","Palestine",2008,240.51
"PS","Palestine",2009,264.55
"PS","Palestine",2010,263.28
"PS","Palestine",2011,289.12
"PS","Palestine",2012,453.37
"PS","Palestine",2013,328.6
"PS","Palestine",2014,450.79
"PS","Palestine",2015,459.98
"PA","Panama",2000,8.96
"PA","Panama",2001,38.76
"PA","Panama",2002,43.32
"PA","Panama",2003,53.11
"PA","Panama",2004,52.16
"PA","Panama",2005,59.92
"PA","Panama",2006,133.69
"PA","Panama",2007,150.76
"PA","Panama",2008,146.32
"PA","Panama",2009,120.13
"PA","Panama",2010,139.76
"PA","Panama",2011,116.08
"PA","Panama",2012,119.73
"PA","Panama",2013,123.02
"PA","Panama",2014,197.06
"PA","Panama",2015,141.86
"PG","Papua New Guinea",2000,2.79
"PG","Papua New Guinea",2001,2.54
"PG","Papua New Guinea",2002,2.41
"PG","Papua New Guinea",2003,2.49
"PG","Papua New Guinea",2004,2.98
"PG","Papua New Guinea",2005,1.87
"PG","Papua New Guinea",2006,1.06
"PG","Papua New Guinea",2007,1.7
"PG","Papua New Guinea",2008,1.36
"PG","Papua New Guinea",2009,0.88
"PG","Papua New Guinea",2010,0.58
"PG","Papua New Guinea",2011,2.25
"PG","Papua New Guinea",2012,1.66
"PG","Papua New Guinea",2013,1.66
"PG","Papua New Guinea",2014,1.27
"PG","Papua New Guinea",2015,0.67
"PY","Paraguay",2000,99.61
"PY","Paraguay",2001,98.4
"PY","Paraguay",2002,89.38
"PY","Paraguay",2003,97.22
"PY","Paraguay",2004,87.05
"PY","Paraguay",2005,54.54
"PY","Paraguay",2006,96.25
"PY","Paraguay",2007,78.31
"PY","Paraguay",2008,65.19
"PY","Paraguay",2009,74.65
"PY","Paraguay",2010,71.93
"PY","Paraguay",2011,78.02
"PY","Paraguay",2012,90.99
"PY","Paraguay",2013,85.44
"PY","Paraguay",2014,67.32
"PY","Paraguay",2015,83.39
"PE","Peru",2000,48.05
"PE","Peru",2001,49.44
"PE","Peru",2002,45.68
"PE","Peru",2003,53.42
"PE","Peru",2004,63.73
"PE","Peru",2005,75.88
"PE","Peru",2006,87.73
"PE","Peru",2007,93.79
"PE","Peru",2008,97.44
"PE","Peru",2009,96.16
"PE","Peru",2010,88.39
"PE","Peru",2011,86.07
"PE","Peru",2012,82.45
"PE","Peru",2013,79.67
"PE","Peru",2014,78.13
"PE","Peru",2015,86.85
"PH","Philippines",2000,151.93
"PH","Philippines",2001,204.95
"PH","Philippines",2002,216.57
"PH","Philippines",2003,227.14
"PH","Philippines",2004,244.48
"PH","Philippines",2005,266.92
"PH","Philippines",2006,254.31
"PH","Philippines",2007,231.02
"PH","Philippines",2008,232.41
"PH","Philippines",2009,252.06
"PH","Philippines",2010,243.14
"PH","Philippines",2011,235.57
"PH","Philippines",2012,236.14
"PH","Philippines",2013,248.66
"PH","Philippines",2014,266.7
"PH","Philippines",2015,282.85
"RW","Rwanda",2000,1.26
"RW","Rwanda",2001,1.6
"RW","Rwanda",2002,1.63
"RW","Rwanda",2003,1.99
"RW","Rwanda",2004,1.88
"RW","Rwanda",2005,1.48
"RW","Rwanda",2006,4.27
"RW","Rwanda",2007,15.46
"RW","Rwanda",2008,7.34
"RW","Rwanda",2009,9.36
"RW","Rwanda",2010,10.48
"RW","Rwanda",2011,16.04
"RW","Rwanda",2012,15.81
"RW","Rwanda",2013,10.48
"RW","Rwanda",2014,10.85
"RW","Rwanda",2015,13.9
"SH","Saint Helena, Ascension & Tristan da Cunha",2000,0
"SH","Saint Helena, Ascension & Tristan da Cunha",2001,0
"SH","Saint Helena, Ascension & Tristan da Cunha",2002,0
"SH","Saint Helena, Ascension & Tristan da Cunha",2003,0
"SH","Saint Helena, Ascension & Tristan da Cunha",2004,0
"SH","Saint Helena, Ascension & Tristan da Cunha",2005,0
"SH","Saint Helena, Ascension & Tristan da Cunha",2006,0
"SH","Saint Helena, Ascension & Tristan da Cunha",2007,0
"SH","Saint Helena, Ascension & Tristan da Cunha",2008,0
"SH","Saint Helena, Ascension & Tristan da Cunha",2009,0
"SH","Saint Helena, Ascension & Tristan da Cunha",2010,0
"SH","Saint Helena, Ascension & Tristan da Cunha",2011,0
"SH","Saint Helena, Ascension & Tristan da Cunha",2012,0
"SH","Saint Helena, Ascension & Tristan da Cunha",2013,0
"SH","Saint Helena, Ascension & Tristan da Cunha",2014,0
"SH","Saint Helena, Ascension & Tristan da Cunha",2015,
"LC","Saint Lucia",2000,253.94
"LC","Saint Lucia",2001,258.82
"LC","Saint Lucia",2002,254.86
"LC","Saint Lucia",2003,245.23
"LC","Saint Lucia",2004,252.33
"LC","Saint Lucia",2005,220.1
"LC","Saint Lucia",2006,213.43
"LC","Saint Lucia",2007,201.55
"LC","Saint Lucia",2008,202.65
"LC","Saint Lucia",2009,193.76
"LC","Saint Lucia",2010,185.29
"LC","Saint Lucia",2011,180.95
"LC","Saint Lucia",2012,176.34
"LC","Saint Lucia",2013,174.62
"LC","Saint Lucia",2014,165.56
"LC","Saint Lucia",2015,162.96
"VC","Saint Vincent & the Grenadines",2000,284.96
"VC","Saint Vincent & the Grenadines",2001,269.18
"VC","Saint Vincent & the Grenadines",2002,270.69
"VC","Saint Vincent & the Grenadines",2003,282.49
"VC","Saint Vincent & the Grenadines",2004,295.45
"VC","Saint Vincent & the Grenadines",2005,252.9
"VC","Saint Vincent & the Grenadines",2006,275.3
"VC","Saint Vincent & the Grenadines",2007,288.42
"VC","Saint Vincent & the Grenadines",2008,259.31
"VC","Saint Vincent & the Grenadines",2009,283.7
"VC","Saint Vincent & the Grenadines",2010,274.48
"VC","Saint Vincent & the Grenadines",2011,278.85
"VC","Saint Vincent & the Grenadines",2012,293.21
"VC","Saint Vincent & the Grenadines",2013,293.31
"VC","Saint Vincent & the Grenadines",2014,290.95
"VC","Saint Vincent & the Grenadines",2015,288.57
"WS","Samoa",2000,0
"WS","Samoa",2001,0
"WS","Samoa",2002,0
"WS","Samoa",2003,0
"WS","Samoa",2004,9.96
"WS","Samoa",2005,783.65
"WS","Samoa",2006,754.53
"WS","Samoa",2007,794.22
"WS","Samoa",2008,808.74
"WS","Samoa",2009,789.72
"WS","Samoa",2010,1026.12
"WS","Samoa",2011,1013.1
"WS","Samoa",2012,1013.56
"WS","Samoa",2013,882.57
"WS","Samoa",2014,739.99
"WS","Samoa",2015,798.25
"ST","Sao Tome & Principe",2000,9.3
"ST","Sao Tome & Principe",2001,9.03
"ST","Sao Tome & Principe",2002,11.58
"ST","Sao Tome & Principe",2003,22.78
"ST","Sao Tome & Principe",2004,12.67
"ST","Sao Tome & Principe",2005,15.03
"ST","Sao Tome & Principe",2006,15.88
"ST","Sao Tome & Principe",2007,18.48
"ST","Sao Tome & Principe",2008,22.36
"ST","Sao Tome & Principe",2009,14.71
"ST","Sao Tome & Principe",2010,45.79
"ST","Sao Tome & Principe",2011,41.77
"ST","Sao Tome & Principe",2012,38.55
"ST","Sao Tome & Principe",2013,140.66
"ST","Sao Tome & Principe",2014,130.63
"ST","Sao Tome & Principe",2015,104.97
"SN","Senegal",2000,37.61
"SN","Senegal",2001,48.19
"SN","Senegal",2002,48.7
"SN","Senegal",2003,58.34
"SN","Senegal",2004,63.64
"SN","Senegal",2005,75.19
"SN","Senegal",2006,81.9
"SN","Senegal",2007,89.3
"SN","Senegal",2008,93.81
"SN","Senegal",2009,89.68
"SN","Senegal",2010,98.25
"SN","Senegal",2011,95.41
"SN","Senegal",2012,97.68
"SN","Senegal",2013,93.95
"SN","Senegal",2014,91.89
"SN","Senegal",2015,106.67
"RS","Serbia",2000,0
"RS","Serbia",2001,0
"RS","Serbia",2002,0
"RS","Serbia",2003,0
"RS","Serbia",2004,0
"RS","Serbia",2005,0
"RS","Serbia",2006,0
"RS","Serbia",2007,439.83
"RS","Serbia",2008,360.95
"RS","Serbia",2009,531.25
"RS","Serbia",2010,518.81
"RS","Serbia",2011,428.21
"RS","Serbia",2012,435.58
"RS","Serbia",2013,455.71
"RS","Serbia",2014,424.92
"RS","Serbia",2015,474.86
"SC","Seychelles",2000,54.67
"SC","Seychelles",2001,29.92
"SC","Seychelles",2002,28.95
"SC","Seychelles",2003,66.77
"SC","Seychelles",2004,76.82
"SC","Seychelles",2005,135.22
"SC","Seychelles",2006,143.79
"SC","Seychelles",2007,55.77
"SC","Seychelles",2008,36.67
"SC","Seychelles",2009,217.02
"SC","Seychelles",2010,210.42
"SC","Seychelles",2011,315.34
"SC","Seychelles",2012,217.46
"SC","Seychelles",2013,131.78
"SC","Seychelles",2014,157.09
"SC","Seychelles",2015,176.91
"SL","Sierra Leone",2000,2.48
"SL","Sierra Leone",2001,2.61
"SL","Sierra Leone",2002,9.06
"SL","Sierra Leone",2003,10.13
"SL","Sierra Leone",2004,9.43
"SL","Sierra Leone",2005,0.81
"SL","Sierra Leone",2006,4.61
"SL","Sierra Leone",2007,11.35
"SL","Sierra Leone",2008,5.4
"SL","Sierra Leone",2009,8.87
"SL","Sierra Leone",2010,10.71
"SL","Sierra Leone",2011,12.97
"SL","Sierra Leone",2012,12.4
"SL","Sierra Leone",2013,12.23
"SL","Sierra Leone",2014,11
"SL","Sierra Leone",2015,9.67
"SB","Solomon Islands",2000,17.54
"SB","Solomon Islands",2001,16.5
"SB","Solomon Islands",2002,15.15
"SB","Solomon Islands",2003,16.82
"SB","Solomon Islands",2004,34.35
"SB","Solomon Islands",2005,26.35
"SB","Solomon Islands",2006,36.55
"SB","Solomon Islands",2007,40.78
"SB","Solomon Islands",2008,26.22
"SB","Solomon Islands",2009,34
"SB","Solomon Islands",2010,36.09
"SB","Solomon Islands",2011,35.84
"SB","Solomon Islands",2012,38.89
"SB","Solomon Islands",2013,36.06
"SB","Solomon Islands",2014,27.46
"SB","Solomon Islands",2015,31.78
"SO","Somalia",2000,0
"SO","Somalia",2001,0
"SO","Somalia",2002,0
"SO","Somalia",2003,0
"SO","Somalia",2004,0
"SO","Somalia",2005,0
"SO","Somalia",2006,0
"SO","Somalia",2007,0
"SO","Somalia",2008,0
"SO","Somalia",2009,0
"SO","Somalia",2010,0
"SO","Somalia",2011,0
"SO","Somalia",2012,0
"SO","Somalia",2013,0
"SO","Somalia",2014,0
"SO","Somalia",2015,
"ZA","South Africa",2000,11.54
"ZA","South Africa",2001,11.28
"ZA","South Africa",2002,11.75
"ZA","South Africa",2003,11.89
"ZA","South Africa",2004,11.3
"ZA","South Africa",2005,12.24
"ZA","South Africa",2006,13.63
"ZA","South Africa",2007,14.74
"ZA","South Africa",2008,15.45
"ZA","South Africa",2009,15.93
"ZA","South Africa",2010,15.89
"ZA","South Africa",2011,15.76
"ZA","South Africa",2012,15.62
"ZA","South Africa",2013,15.17
"ZA","South Africa",2014,14.94
"ZA","South Africa",2015,15.02
"SS","South Sudan",2000,0
"SS","South Sudan",2001,0
"SS","South Sudan",2002,0
"SS","South Sudan",2003,0
"SS","South Sudan",2004,0
"SS","South Sudan",2005,0
"SS","South Sudan",2006,0
"SS","South Sudan",2007,0
"SS","South Sudan",2008,0
"SS","South Sudan",2009,0
"SS","South Sudan",2010,0
"SS","South Sudan",2011,0
"SS","South Sudan",2012,0
"SS","South Sudan",2013,0
"SS","South Sudan",2014,0
"SS","South Sudan",2015,
"LK","Sri Lanka",2000,135.4
"LK","Sri Lanka",2001,140.22
"LK","Sri Lanka",2002,151.28
"LK","Sri Lanka",2003,157.46
"LK","Sri Lanka",2004,166.57
"LK","Sri Lanka",2005,185.22
"LK","Sri Lanka",2006,187.48
"LK","Sri Lanka",2007,200.87
"LK","Sri Lanka",2008,195.83
"LK","Sri Lanka",2009,222.39
"LK","Sri Lanka",2010,249.94
"LK","Sri Lanka",2011,281.52
"LK","Sri Lanka",2012,353.72
"LK","Sri Lanka",2013,342.62
"LK","Sri Lanka",2014,350.57
"LK","Sri Lanka",2015,333.86
"SD","Sudan",2000,81.62
"SD","Sudan",2001,92.17
"SD","Sudan",2002,111.79
"SD","Sudan",2003,123.9
"SD","Sudan",2004,121.04
"SD","Sudan",2005,48.12
"SD","Sudan",2006,43.05
"SD","Sudan",2007,44.39
"SD","Sudan",2008,59.78
"SD","Sudan",2009,54.96
"SD","Sudan",2010,46.78
"SD","Sudan",2011,24.98
"SD","Sudan",2012,18.32
"SD","Sudan",2013,18.77
"SD","Sudan",2014,14.06
"SD","Sudan",2015,3.76
"SR","Suriname",2000,0
"SR","Suriname",2001,1.11
"SR","Suriname",2002,68.42
"SR","Suriname",2003,96.07
"SR","Suriname",2004,34.39
"SR","Suriname",2005,12.86
"SR","Suriname",2006,6.18
"SR","Suriname",2007,7.67
"SR","Suriname",2008,5.16
"SR","Suriname",2009,10.01
"SR","Suriname",2010,8.63
"SR","Suriname",2011,15.49
"SR","Suriname",2012,15.1
"SR","Suriname",2013,14.3
"SR","Suriname",2014,17.6
"SR","Suriname",2015,12.35
"SZ","Swaziland",2000,78.98
"SZ","Swaziland",2001,82.91
"SZ","Swaziland",2002,77.94
"SZ","Swaziland",2003,76.8
"SZ","Swaziland",2004,78.21
"SZ","Swaziland",2005,83.63
"SZ","Swaziland",2006,85
"SZ","Swaziland",2007,82.55
"SZ","Swaziland",2008,82.89
"SZ","Swaziland",2009,78.65
"SZ","Swaziland",2010,36.34
"SZ","Swaziland",2011,23.06
"SZ","Swaziland",2012,19.42
"SZ","Swaziland",2013,20.31
"SZ","Swaziland",2014,17.3
"SZ","Swaziland",2015,19.03
"SY","Syria",2000,
"SY","Syria",2001,
"SY","Syria",2002,
"SY","Syria",2003,
"SY","Syria",2004,
"SY","Syria",2005,
"SY","Syria",2006,
"SY","Syria",2007,
"SY","Syria",2008,
"SY","Syria",2009,
"SY","Syria",2010,
"SY","Syria",2011,
"SY","Syria",2012,
"SY","Syria",2013,
"SY","Syria",2014,
"SY","Syria",2015,87.69
"TJ","Tajikistan",2000,0
"TJ","Tajikistan",2001,0
"TJ","Tajikistan",2002,31.48
"TJ","Tajikistan",2003,49.3
"TJ","Tajikistan",2004,69.16
"TJ","Tajikistan",2005,120.07
"TJ","Tajikistan",2006,225.83
"TJ","Tajikistan",2007,299.49
"TJ","Tajikistan",2008,343.98
"TJ","Tajikistan",2009,247.89
"TJ","Tajikistan",2010,300.42
"TJ","Tajikistan",2011,362.11
"TJ","Tajikistan",2012,387.44
"TJ","Tajikistan",2013,422.52
"TJ","Tajikistan",2014,325.45
"TJ","Tajikistan",2015,266.29
"TZ","Tanzania",2000,0.34
"TZ","Tanzania",2001,0.64
"TZ","Tanzania",2002,0.51
"TZ","Tanzania",2003,0.36
"TZ","Tanzania",2004,0.54
"TZ","Tanzania",2005,0.71
"TZ","Tanzania",2006,0.52
"TZ","Tanzania",2007,0.79
"TZ","Tanzania",2008,0.92
"TZ","Tanzania",2009,0.97
"TZ","Tanzania",2010,7.95
"TZ","Tanzania",2011,9.15
"TZ","Tanzania",2012,7.63
"TZ","Tanzania",2013,6.83
"TZ","Tanzania",2014,6.64
"TZ","Tanzania",2015,7.28
"TH","Thailand",2000,47.05
"TH","Thailand",2001,37.17
"TH","Thailand",2002,38.58
"TH","Thailand",2003,42.1
"TH","Thailand",2004,39.3
"TH","Thailand",2005,27.21
"TH","Thailand",2006,27.26
"TH","Thailand",2007,29.65
"TH","Thailand",2008,31.54
"TH","Thailand",2009,47.32
"TH","Thailand",2010,54.07
"TH","Thailand",2011,63.6
"TH","Thailand",2012,65.59
"TH","Thailand",2013,76.61
"TH","Thailand",2014,79.4
"TH","Thailand",2015,76.78
"TL","Timor-Leste",2000,0
"TL","Timor-Leste",2001,0
"TL","Timor-Leste",2002,0
"TL","Timor-Leste",2003,0
"TL","Timor-Leste",2004,0
"TL","Timor-Leste",2005,0
"TL","Timor-Leste",2006,1.81
"TL","Timor-Leste",2007,5.52
"TL","Timor-Leste",2008,6.78
"TL","Timor-Leste",2009,63.94
"TL","Timor-Leste",2010,66.59
"TL","Timor-Leste",2011,48.95
"TL","Timor-Leste",2012,38.78
"TL","Timor-Leste",2013,13.16
"TL","Timor-Leste",2014,23.8
"TL","Timor-Leste",2015,49.47
"TG","Togo",2000,13.99
"TG","Togo",2001,26.2
"TG","Togo",2002,34.16
"TG","Togo",2003,44.29
"TG","Togo",2004,45.95
"TG","Togo",2005,44.7
"TG","Togo",2006,51.96
"TG","Togo",2007,55.57
"TG","Togo",2008,52.25
"TG","Togo",2009,52.28
"TG","Togo",2010,53.15
"TG","Togo",2011,33.25
"TG","Togo",2012,46.45
"TG","Togo",2013,49.45
"TG","Togo",2014,51.5
"TG","Togo",2015,58.5
"TK","Tokelau",2000,0
"TK","Tokelau",2001,0
"TK","Tokelau",2002,0
"TK","Tokelau",2003,0
"TK","Tokelau",2004,0
"TK","Tokelau",2005,0
"TK","Tokelau",2006,0
"TK","Tokelau",2007,0
"TK","Tokelau",2008,0
"TK","Tokelau",2009,0
"TK","Tokelau",2010,0
"TK","Tokelau",2011,0
"TK","Tokelau",2012,0
"TK","Tokelau",2013,0
"TK","Tokelau",2014,0
"TK","Tokelau",2015,
"TO","Tonga",2000,0
"TO","Tonga",2001,1064.99
"TO","Tonga",2002,1296.55
"TO","Tonga",2003,1057.88
"TO","Tonga",2004,1071.08
"TO","Tonga",2005,932.84
"TO","Tonga",2006,970.59
"TO","Tonga",2007,1126.56
"TO","Tonga",2008,1039.35
"TO","Tonga",2009,793.76
"TO","Tonga",2010,757.59
"TO","Tonga",2011,691.68
"TO","Tonga",2012,987.42
"TO","Tonga",2013,1040.27
"TO","Tonga",2014,1052.6
"TO","Tonga",2015,1107.76
"TN","Tunisia",2000,102.23
"TN","Tunisia",2001,120.24
"TN","Tunisia",2002,133.23
"TN","Tunisia",2003,137.42
"TN","Tunisia",2004,145.24
"TN","Tunisia",2005,140.48
"TN","Tunisia",2006,149.61
"TN","Tunisia",2007,158.06
"TN","Tunisia",2008,163.42
"TN","Tunisia",2009,170.29
"TN","Tunisia",2010,179.84
"TN","Tunisia",2011,162.84
"TN","Tunisia",2012,192.62
"TN","Tunisia",2013,192.33
"TN","Tunisia",2014,193.81
"TN","Tunisia",2015,211.26
"TR","Turkey",2000,107.1
"TR","Turkey",2001,82.82
"TR","Turkey",2002,50.82
"TR","Turkey",2003,15.2
"TR","Turkey",2004,13.97
"TR","Turkey",2005,13.4
"TR","Turkey",2006,26.67
"TR","Turkey",2007,25.83
"TR","Turkey",2008,26.45
"TR","Turkey",2009,22.22
"TR","Turkey",2010,19.91
"TR","Turkey",2011,20.82
"TR","Turkey",2012,20.5
"TR","Turkey",2013,20.31
"TR","Turkey",2014,19.39
"TR","Turkey",2015,17.73
"TM","Turkmenistan",2000,0
"TM","Turkmenistan",2001,0
"TM","Turkmenistan",2002,0
"TM","Turkmenistan",2003,0
"TM","Turkmenistan",2004,0
"TM","Turkmenistan",2005,0
"TM","Turkmenistan",2006,2.06
"TM","Turkmenistan",2007,3.93
"TM","Turkmenistan",2008,8.83
"TM","Turkmenistan",2009,6.67
"TM","Turkmenistan",2010,6.87
"TM","Turkmenistan",2011,5.82
"TM","Turkmenistan",2012,5.65
"TM","Turkmenistan",2013,5.61
"TM","Turkmenistan",2014,4.12
"TM","Turkmenistan",2015,2.98
"TV","Tuvalu",2000,0
"TV","Tuvalu",2001,0
"TV","Tuvalu",2002,0
"TV","Tuvalu",2003,0
"TV","Tuvalu",2004,0
"TV","Tuvalu",2005,601.78
"TV","Tuvalu",2006,438.12
"TV","Tuvalu",2007,605.25
"TV","Tuvalu",2008,604.18
"TV","Tuvalu",2009,516.38
"TV","Tuvalu",2010,356.19
"TV","Tuvalu",2011,369.92
"TV","Tuvalu",2012,301.95
"TV","Tuvalu",2013,339.95
"TV","Tuvalu",2014,356.33
"TV","Tuvalu",2015,409.13
"UG","Uganda",2000,15.19
"UG","Uganda",2001,23.22
"UG","Uganda",2002,28.33
"UG","Uganda",2003,19
"UG","Uganda",2004,16.41
"UG","Uganda",2005,15.58
"UG","Uganda",2006,18.23
"UG","Uganda",2007,16.83
"UG","Uganda",2008,22.49
"UG","Uganda",2009,23.6
"UG","Uganda",2010,22.3
"UG","Uganda",2011,23.37
"UG","Uganda",2012,22.26
"UG","Uganda",2013,22.21
"UG","Uganda",2014,19.8
"UG","Uganda",2015,26.88
"UA","Ukraine",2000,1.44
"UA","Ukraine",2001,5.57
"UA","Ukraine",2002,7.85
"UA","Ukraine",2003,11.56
"UA","Ukraine",2004,12.55
"UA","Ukraine",2005,57.5
"UA","Ukraine",2006,64.01
"UA","Ukraine",2007,89.39
"UA","Ukraine",2008,93.09
"UA","Ukraine",2009,107.65
"UA","Ukraine",2010,106.52
"UA","Ukraine",2011,112.5
"UA","Ukraine",2012,113.39
"UA","Ukraine",2013,127.19
"UA","Ukraine",2014,123.03
"UA","Ukraine",2015,129.32
"UY","Uruguay",2000,0
"UY","Uruguay",2001,0
"UY","Uruguay",2002,23.26
"UY","Uruguay",2003,46.09
"UY","Uruguay",2004,48.07
"UY","Uruguay",2005,44.39
"UY","Uruguay",2006,47.41
"UY","Uruguay",2007,45.71
"UY","Uruguay",2008,42.2
"UY","Uruguay",2009,39.37
"UY","Uruguay",2010,41.08
"UY","Uruguay",2011,37.31
"UY","Uruguay",2012,34.04
"UY","Uruguay",2013,32.33
"UY","Uruguay",2014,33.26
"UY","Uruguay",2015,34.05
"UZ","Uzbekistan",2000,0
"UZ","Uzbekistan",2001,0
"UZ","Uzbekistan",2002,0
"UZ","Uzbekistan",2003,0
"UZ","Uzbekistan",2004,0
"UZ","Uzbekistan",2005,0
"UZ","Uzbekistan",2006,63.03
"UZ","Uzbekistan",2007,97.95
"UZ","Uzbekistan",2008,145.52
"UZ","Uzbekistan",2009,91.06
"UZ","Uzbekistan",2010,113.85
"UZ","Uzbekistan",2011,154.06
"UZ","Uzbekistan",2012,194.07
"UZ","Uzbekistan",2013,217.06
"UZ","Uzbekistan",2014,181.9
"UZ","Uzbekistan",2015,99.17
"VU","Vanuatu",2000,357.49
"VU","Vanuatu",2001,541.18
"VU","Vanuatu",2002,38.18
"VU","Vanuatu",2003,31.71
"VU","Vanuatu",2004,34.11
"VU","Vanuatu",2005,33.46
"VU","Vanuatu",2006,31.18
"VU","Vanuatu",2007,29.67
"VU","Vanuatu",2008,42.86
"VU","Vanuatu",2009,55.6
"VU","Vanuatu",2010,49.18
"VU","Vanuatu",2011,79.61
"VU","Vanuatu",2012,81.18
"VU","Vanuatu",2013,84.9
"VU","Vanuatu",2014,99.17
"VU","Vanuatu",2015,99.82
"VE","Venezuela",2000,1.12
"VE","Venezuela",2001,1.22
"VE","Venezuela",2002,1.4
"VE","Venezuela",2003,15.89
"VE","Venezuela",2004,9.47
"VE","Venezuela",2005,8.32
"VE","Venezuela",2006,8.09
"VE","Venezuela",2007,6.34
"VE","Venezuela",2008,4.56
"VE","Venezuela",2009,5.12
"VE","Venezuela",2010,4.34
"VE","Venezuela",2011,3.78
"VE","Venezuela",2012,3.4
"VE","Venezuela",2013,5.02
"VE","Venezuela",2014,4.91
"VE","Venezuela",2015,3.34
"VN","Viet Nam",2000,41.11
"VN","Viet Nam",2001,34.15
"VN","Viet Nam",2002,53.89
"VN","Viet Nam",2003,60.18
"VN","Viet Nam",2004,56.33
"VN","Viet Nam",2005,70.14
"VN","Viet Nam",2006,77.73
"VN","Viet Nam",2007,114.74
"VN","Viet Nam",2008,104.19
"VN","Viet Nam",2009,92.94
"VN","Viet Nam",2010,121.04
"VN","Viet Nam",2011,110.99
"VN","Viet Nam",2012,116.26
"VN","Viet Nam",2013,121.67
"VN","Viet Nam",2014,127.69
"VN","Viet Nam",2015,141.76
"WF","Wallis & Futuna",2000,0
"WF","Wallis & Futuna",2001,0
"WF","Wallis & Futuna",2002,0
"WF","Wallis & Futuna",2003,0
"WF","Wallis & Futuna",2004,0
"WF","Wallis & Futuna",2005,0
"WF","Wallis & Futuna",2006,0
"WF","Wallis & Futuna",2007,0
"WF","Wallis & Futuna",2008,0
"WF","Wallis & Futuna",2009,0
"WF","Wallis & Futuna",2010,0
"WF","Wallis & Futuna",2011,0
"WF","Wallis & Futuna",2012,0
"WF","Wallis & Futuna",2013,0
"WF","Wallis & Futuna",2014,0
"WF","Wallis & Futuna",2015,
"YE","Yemen",2000,276.71
"YE","Yemen",2001,276.41
"YE","Yemen",2002,255.35
"YE","Yemen",2003,230.16
"YE","Yemen",2004,199.11
"YE","Yemen",2005,169.73
"YE","Yemen",2006,149.4
"YE","Yemen",2007,136.14
"YE","Yemen",2008,117.8
"YE","Yemen",2009,104.79
"YE","Yemen",2010,117.45
"YE","Yemen",2011,86.71
"YE","Yemen",2012,190.81
"YE","Yemen",2013,170.31
"YE","Yemen",2014,155.34
"YE","Yemen",2015,124.87
"ZM","Zambia",2000,0
"ZM","Zambia",2001,0
"ZM","Zambia",2002,0
"ZM","Zambia",2003,6.31
"ZM","Zambia",2004,6.91
"ZM","Zambia",2005,5.89
"ZM","Zambia",2006,4.4
"ZM","Zambia",2007,4.33
"ZM","Zambia",2008,4.09
"ZM","Zambia",2009,3.06
"ZM","Zambia",2010,2.63
"ZM","Zambia",2011,2.46
"ZM","Zambia",2012,3.72
"ZM","Zambia",2013,2.56
"ZM","Zambia",2014,2.91
"ZM","Zambia",2015,3.6
"ZW","Zimbabwe",2000,0
"ZW","Zimbabwe",2001,0
"ZW","Zimbabwe",2002,0
"ZW","Zimbabwe",2003,0
"ZW","Zimbabwe",2004,0
"ZW","Zimbabwe",2005,0
"ZW","Zimbabwe",2006,0
"ZW","Zimbabwe",2007,0
"ZW","Zimbabwe",2008,0
"ZW","Zimbabwe",2009,0
"ZW","Zimbabwe",2010,0
"ZW","Zimbabwe",2011,0
"ZW","Zimbabwe",2012,0
"ZW","Zimbabwe",2013,0
"ZW","Zimbabwe",2014,0
"ZW","Zimbabwe",2015,
