"id","entity-name","year","value"
"AF","Afghanistan",2000,2.1
"AF","Afghanistan",2001,
"AF","Afghanistan",2002,
"AF","Afghanistan",2003,
"AF","Afghanistan",2004,
"AF","Afghanistan",2005,2.5
"AF","Afghanistan",2006,2.6
"AF","Afghanistan",2007,2.8
"AF","Afghanistan",2008,2.9
"AF","Afghanistan",2009,3.1
"AF","Afghanistan",2010,3.2
"AF","Afghanistan",2011,3.2
"AF","Afghanistan",2012,3.2
"AF","Afghanistan",2013,3.2
"AL","Albania",2000,8.5
"AL","Albania",2001,8.60585
"AL","Albania",2002,
"AL","Albania",2003,
"AL","Albania",2004,
"AL","Albania",2005,8.8
"AL","Albania",2006,8.9
"AL","Albania",2007,8.9
"AL","Albania",2008,9
"AL","Albania",2009,9
"AL","Albania",2010,9.1
"AL","Albania",2011,9.3
"AL","Albania",2012,9.3
"AL","Albania",2013,9.3
"DZ","Algeria",2000,5.9
"DZ","Algeria",2001,
"DZ","Algeria",2002,
"DZ","Algeria",2003,
"DZ","Algeria",2004,
"DZ","Algeria",2005,6.9
"DZ","Algeria",2006,7
"DZ","Algeria",2007,7.2
"DZ","Algeria",2008,7.3
"DZ","Algeria",2009,7.5
"DZ","Algeria",2010,7.6
"DZ","Algeria",2011,7.6
"DZ","Algeria",2012,7.6
"DZ","Algeria",2013,7.6
"AD","Andorra",2000,
"AD","Andorra",2001,
"AD","Andorra",2002,
"AD","Andorra",2003,
"AD","Andorra",2004,
"AD","Andorra",2005,
"AD","Andorra",2006,
"AD","Andorra",2007,
"AD","Andorra",2008,
"AD","Andorra",2009,
"AD","Andorra",2010,10.4
"AD","Andorra",2011,10.4
"AD","Andorra",2012,10.4
"AD","Andorra",2013,10.4
"AO","Angola",2000,4.4
"AO","Angola",2001,
"AO","Angola",2002,
"AO","Angola",2003,
"AO","Angola",2004,
"AO","Angola",2005,4.4
"AO","Angola",2006,4.5
"AO","Angola",2007,4.5
"AO","Angola",2008,4.6
"AO","Angola",2009,4.7
"AO","Angola",2010,4.7
"AO","Angola",2011,4.7
"AO","Angola",2012,4.7
"AO","Angola",2013,4.7
"AG","Antigua and Barbuda",2000,
"AG","Antigua and Barbuda",2001,
"AG","Antigua and Barbuda",2002,
"AG","Antigua and Barbuda",2003,
"AG","Antigua and Barbuda",2004,
"AG","Antigua and Barbuda",2005,
"AG","Antigua and Barbuda",2006,
"AG","Antigua and Barbuda",2007,
"AG","Antigua and Barbuda",2008,
"AG","Antigua and Barbuda",2009,
"AG","Antigua and Barbuda",2010,8.9
"AG","Antigua and Barbuda",2011,8.9
"AG","Antigua and Barbuda",2012,8.9
"AG","Antigua and Barbuda",2013,8.9
"AR","Argentina",2000,9.1
"AR","Argentina",2001,
"AR","Argentina",2002,
"AR","Argentina",2003,9.7898
"AR","Argentina",2004,
"AR","Argentina",2005,9.1
"AR","Argentina",2006,9
"AR","Argentina",2007,8.9
"AR","Argentina",2008,8.9
"AR","Argentina",2009,9.3
"AR","Argentina",2010,9.8
"AR","Argentina",2011,9.8
"AR","Argentina",2012,9.8
"AR","Argentina",2013,9.8
"AM","Armenia",2000,10.8
"AM","Armenia",2001,10.27363
"AM","Armenia",2002,
"AM","Armenia",2003,
"AM","Armenia",2004,
"AM","Armenia",2005,10.8
"AM","Armenia",2006,10.8
"AM","Armenia",2007,10.8
"AM","Armenia",2008,10.8
"AM","Armenia",2009,10.8
"AM","Armenia",2010,10.8
"AM","Armenia",2011,10.8
"AM","Armenia",2012,10.8
"AM","Armenia",2013,10.8
"AU","Australia",2000,11.9
"AU","Australia",2001,
"AU","Australia",2002,
"AU","Australia",2003,
"AU","Australia",2004,11.92607
"AU","Australia",2005,12.1
"AU","Australia",2006,12.2
"AU","Australia",2007,12.2
"AU","Australia",2008,12.4
"AU","Australia",2009,12.5
"AU","Australia",2010,12.6
"AU","Australia",2011,12.7
"AU","Australia",2012,12.8
"AU","Australia",2013,12.8
"AT","Austria",2000,9.1
"AT","Austria",2001,
"AT","Austria",2002,
"AT","Austria",2003,
"AT","Austria",2004,
"AT","Austria",2005,9.9
"AT","Austria",2006,10.1
"AT","Austria",2007,10.3
"AT","Austria",2008,10.5
"AT","Austria",2009,10.6
"AT","Austria",2010,10.8
"AT","Austria",2011,10.8
"AT","Austria",2012,10.8
"AT","Austria",2013,10.8
"AZ","Azerbaijan",2000,10.6
"AZ","Azerbaijan",2001,
"AZ","Azerbaijan",2002,
"AZ","Azerbaijan",2003,
"AZ","Azerbaijan",2004,
"AZ","Azerbaijan",2005,10.7
"AZ","Azerbaijan",2006,10.7
"AZ","Azerbaijan",2007,10.7
"AZ","Azerbaijan",2008,10.7
"AZ","Azerbaijan",2009,10.8
"AZ","Azerbaijan",2010,11.2
"AZ","Azerbaijan",2011,11.2
"AZ","Azerbaijan",2012,11.2
"AZ","Azerbaijan",2013,11.2
"BS","Bahamas",2000,10.9
"BS","Bahamas",2001,
"BS","Bahamas",2002,
"BS","Bahamas",2003,
"BS","Bahamas",2004,
"BS","Bahamas",2005,10.9
"BS","Bahamas",2006,10.9
"BS","Bahamas",2007,10.9
"BS","Bahamas",2008,10.9
"BS","Bahamas",2009,10.9
"BS","Bahamas",2010,10.9
"BS","Bahamas",2011,10.9
"BS","Bahamas",2012,10.9
"BS","Bahamas",2013,10.9
"BH","Bahrain",2000,8.3
"BH","Bahrain",2001,
"BH","Bahrain",2002,
"BH","Bahrain",2003,
"BH","Bahrain",2004,
"BH","Bahrain",2005,9
"BH","Bahrain",2006,9.1
"BH","Bahrain",2007,9.2
"BH","Bahrain",2008,9.3
"BH","Bahrain",2009,9.3
"BH","Bahrain",2010,9.4
"BH","Bahrain",2011,9.4
"BH","Bahrain",2012,9.4
"BH","Bahrain",2013,9.4
"BD","Bangladesh",2000,3.7
"BD","Bangladesh",2001,4.25319
"BD","Bangladesh",2002,
"BD","Bangladesh",2003,
"BD","Bangladesh",2004,
"BD","Bangladesh",2005,4.4
"BD","Bangladesh",2006,4.6
"BD","Bangladesh",2007,4.7
"BD","Bangladesh",2008,4.8
"BD","Bangladesh",2009,4.9
"BD","Bangladesh",2010,5.1
"BD","Bangladesh",2011,5.1
"BD","Bangladesh",2012,5.1
"BD","Bangladesh",2013,5.1
"BB","Barbados",2000,8.7
"BB","Barbados",2001,
"BB","Barbados",2002,
"BB","Barbados",2003,
"BB","Barbados",2004,
"BB","Barbados",2005,9.2
"BB","Barbados",2006,9.2
"BB","Barbados",2007,9.3
"BB","Barbados",2008,9.3
"BB","Barbados",2009,9.3
"BB","Barbados",2010,9.4
"BB","Barbados",2011,9.4
"BB","Barbados",2012,9.4
"BB","Barbados",2013,9.4
"BY","Belarus",2000,
"BY","Belarus",2001,
"BY","Belarus",2002,
"BY","Belarus",2003,
"BY","Belarus",2004,
"BY","Belarus",2005,9.3
"BY","Belarus",2006,9.7
"BY","Belarus",2007,10.2
"BY","Belarus",2008,10.6
"BY","Belarus",2009,11.5
"BY","Belarus",2010,11.5
"BY","Belarus",2011,11.5
"BY","Belarus",2012,11.5
"BY","Belarus",2013,11.5
"BE","Belgium",2000,10
"BE","Belgium",2001,
"BE","Belgium",2002,
"BE","Belgium",2003,
"BE","Belgium",2004,
"BE","Belgium",2005,10.6
"BE","Belgium",2006,10.6
"BE","Belgium",2007,10.7
"BE","Belgium",2008,10.8
"BE","Belgium",2009,10.8
"BE","Belgium",2010,10.9
"BE","Belgium",2011,10.9
"BE","Belgium",2012,10.9
"BE","Belgium",2013,10.9
"BZ","Belize",2000,8.8
"BZ","Belize",2001,
"BZ","Belize",2002,
"BZ","Belize",2003,
"BZ","Belize",2004,
"BZ","Belize",2005,9
"BZ","Belize",2006,9
"BZ","Belize",2007,9.1
"BZ","Belize",2008,9.1
"BZ","Belize",2009,9.2
"BZ","Belize",2010,9.3
"BZ","Belize",2011,9.3
"BZ","Belize",2012,9.3
"BZ","Belize",2013,9.3
"BJ","Benin",2000,2.6
"BJ","Benin",2001,
"BJ","Benin",2002,
"BJ","Benin",2003,
"BJ","Benin",2004,
"BJ","Benin",2005,2.9
"BJ","Benin",2006,3
"BJ","Benin",2007,3
"BJ","Benin",2008,3.1
"BJ","Benin",2009,3.2
"BJ","Benin",2010,3.2
"BJ","Benin",2011,3.2
"BJ","Benin",2012,3.2
"BJ","Benin",2013,3.2
"BT","Bhutan",2000,
"BT","Bhutan",2001,
"BT","Bhutan",2002,
"BT","Bhutan",2003,
"BT","Bhutan",2004,
"BT","Bhutan",2005,
"BT","Bhutan",2006,
"BT","Bhutan",2007,
"BT","Bhutan",2008,
"BT","Bhutan",2009,
"BT","Bhutan",2010,2.3
"BT","Bhutan",2011,2.3
"BT","Bhutan",2012,2.3
"BT","Bhutan",2013,2.3
"BO","Bolivia ",2000,7.4
"BO","Bolivia ",2001,7.26961
"BO","Bolivia ",2002,
"BO","Bolivia ",2003,
"BO","Bolivia ",2004,
"BO","Bolivia ",2005,8.3
"BO","Bolivia ",2006,8.5
"BO","Bolivia ",2007,8.7
"BO","Bolivia ",2008,8.8
"BO","Bolivia ",2009,9
"BO","Bolivia ",2010,9.2
"BO","Bolivia ",2011,9.2
"BO","Bolivia ",2012,9.2
"BO","Bolivia ",2013,9.2
"BA","Bosnia and Herzegovina",2000,
"BA","Bosnia and Herzegovina",2001,
"BA","Bosnia and Herzegovina",2002,
"BA","Bosnia and Herzegovina",2003,
"BA","Bosnia and Herzegovina",2004,
"BA","Bosnia and Herzegovina",2005,8.7
"BA","Bosnia and Herzegovina",2006,8.6
"BA","Bosnia and Herzegovina",2007,8.5
"BA","Bosnia and Herzegovina",2008,8.5
"BA","Bosnia and Herzegovina",2009,8.4
"BA","Bosnia and Herzegovina",2010,8.3
"BA","Bosnia and Herzegovina",2011,8.3
"BA","Bosnia and Herzegovina",2012,8.3
"BA","Bosnia and Herzegovina",2013,8.3
"BW","Botswana",2000,7.5
"BW","Botswana",2001,
"BW","Botswana",2002,
"BW","Botswana",2003,
"BW","Botswana",2004,
"BW","Botswana",2005,8.2
"BW","Botswana",2006,8.3
"BW","Botswana",2007,8.5
"BW","Botswana",2008,8.6
"BW","Botswana",2009,8.7
"BW","Botswana",2010,8.8
"BW","Botswana",2011,8.8
"BW","Botswana",2012,8.8
"BW","Botswana",2013,8.8
"BR","Brazil",2000,5.6
"BR","Brazil",2001,
"BR","Brazil",2002,
"BR","Brazil",2003,
"BR","Brazil",2004,
"BR","Brazil",2005,6.6
"BR","Brazil",2006,6.7
"BR","Brazil",2007,6.8
"BR","Brazil",2008,6.9
"BR","Brazil",2009,7.1
"BR","Brazil",2010,7.2
"BR","Brazil",2011,7.2
"BR","Brazil",2012,7.2
"BR","Brazil",2013,7.2
"BN","Brunei",2000,8.2
"BN","Brunei",2001,
"BN","Brunei",2002,
"BN","Brunei",2003,
"BN","Brunei",2004,
"BN","Brunei",2005,8.4
"BN","Brunei",2006,8.5
"BN","Brunei",2007,8.5
"BN","Brunei",2008,8.6
"BN","Brunei",2009,8.6
"BN","Brunei",2010,8.7
"BN","Brunei",2011,8.7
"BN","Brunei",2012,8.7
"BN","Brunei",2013,8.7
"BG","Bulgaria",2000,9.5
"BG","Bulgaria",2001,9.92206
"BG","Bulgaria",2002,
"BG","Bulgaria",2003,
"BG","Bulgaria",2004,
"BG","Bulgaria",2005,10
"BG","Bulgaria",2006,10.1
"BG","Bulgaria",2007,10.2
"BG","Bulgaria",2008,10.4
"BG","Bulgaria",2009,10.5
"BG","Bulgaria",2010,10.6
"BG","Bulgaria",2011,10.6
"BG","Bulgaria",2012,10.6
"BG","Bulgaria",2013,10.6
"BF","Burkina Faso",2000,
"BF","Burkina Faso",2001,
"BF","Burkina Faso",2002,
"BF","Burkina Faso",2003,
"BF","Burkina Faso",2004,
"BF","Burkina Faso",2005,1.3
"BF","Burkina Faso",2006,1.3
"BF","Burkina Faso",2007,1.3
"BF","Burkina Faso",2008,1.3
"BF","Burkina Faso",2009,1.3
"BF","Burkina Faso",2010,1.3
"BF","Burkina Faso",2011,1.3
"BF","Burkina Faso",2012,1.3
"BF","Burkina Faso",2013,1.3
"BI","Burundi",2000,1.8
"BI","Burundi",2001,
"BI","Burundi",2002,
"BI","Burundi",2003,
"BI","Burundi",2004,
"BI","Burundi",2005,2.3
"BI","Burundi",2006,2.4
"BI","Burundi",2007,2.4
"BI","Burundi",2008,2.5
"BI","Burundi",2009,2.6
"BI","Burundi",2010,2.7
"BI","Burundi",2011,2.7
"BI","Burundi",2012,2.7
"BI","Burundi",2013,2.7
"CI","Côte d'Ivoire",2000,3.2
"CI","Côte d'Ivoire",2001,
"CI","Côte d'Ivoire",2002,
"CI","Côte d'Ivoire",2003,
"CI","Côte d'Ivoire",2004,
"CI","Côte d'Ivoire",2005,3.7
"CI","Côte d'Ivoire",2006,3.8
"CI","Côte d'Ivoire",2007,3.9
"CI","Côte d'Ivoire",2008,4.1
"CI","Côte d'Ivoire",2009,4.2
"CI","Côte d'Ivoire",2010,4.3
"CI","Côte d'Ivoire",2011,4.3
"CI","Côte d'Ivoire",2012,4.3
"CI","Côte d'Ivoire",2013,4.3
"KH","Cambodia",2000,5.7
"KH","Cambodia",2001,
"KH","Cambodia",2002,
"KH","Cambodia",2003,
"KH","Cambodia",2004,
"KH","Cambodia",2005,5.7
"KH","Cambodia",2006,5.7
"KH","Cambodia",2007,5.7
"KH","Cambodia",2008,5.7
"KH","Cambodia",2009,5.8
"KH","Cambodia",2010,5.8
"KH","Cambodia",2011,5.8
"KH","Cambodia",2012,5.8
"KH","Cambodia",2013,5.8
"CM","Cameroon",2000,4.8
"CM","Cameroon",2001,
"CM","Cameroon",2002,
"CM","Cameroon",2003,
"CM","Cameroon",2004,
"CM","Cameroon",2005,5.4
"CM","Cameroon",2006,5.5
"CM","Cameroon",2007,5.6
"CM","Cameroon",2008,5.7
"CM","Cameroon",2009,5.8
"CM","Cameroon",2010,5.9
"CM","Cameroon",2011,5.9
"CM","Cameroon",2012,5.9
"CM","Cameroon",2013,5.9
"CA","Canada",2000,11.1
"CA","Canada",2001,
"CA","Canada",2002,
"CA","Canada",2003,
"CA","Canada",2004,
"CA","Canada",2005,12.3
"CA","Canada",2006,12.3
"CA","Canada",2007,12.3
"CA","Canada",2008,12.3
"CA","Canada",2009,12.3
"CA","Canada",2010,12.3
"CA","Canada",2011,12.3
"CA","Canada",2012,12.3
"CA","Canada",2013,12.3
"CV","Cape Verde",2000,3.5
"CV","Cape Verde",2001,
"CV","Cape Verde",2002,
"CV","Cape Verde",2003,
"CV","Cape Verde",2004,
"CV","Cape Verde",2005,3.5
"CV","Cape Verde",2006,3.5
"CV","Cape Verde",2007,3.5
"CV","Cape Verde",2008,3.5
"CV","Cape Verde",2009,3.5
"CV","Cape Verde",2010,3.5
"CV","Cape Verde",2011,3.5
"CV","Cape Verde",2012,3.5
"CV","Cape Verde",2013,3.5
"CF","CAR",2000,2.8
"CF","CAR",2001,
"CF","CAR",2002,
"CF","CAR",2003,
"CF","CAR",2004,
"CF","CAR",2005,3.2
"CF","CAR",2006,3.3
"CF","CAR",2007,3.4
"CF","CAR",2008,3.4
"CF","CAR",2009,3.5
"CF","CAR",2010,3.5
"CF","CAR",2011,3.5
"CF","CAR",2012,3.5
"CF","CAR",2013,3.5
"TD","Chad",2000,1.5
"TD","Chad",2001,
"TD","Chad",2002,
"TD","Chad",2003,
"TD","Chad",2004,
"TD","Chad",2005,1.5
"TD","Chad",2006,1.5
"TD","Chad",2007,1.5
"TD","Chad",2008,1.5
"TD","Chad",2009,1.5
"TD","Chad",2010,1.5
"TD","Chad",2011,1.5
"TD","Chad",2012,1.5
"TD","Chad",2013,1.5
"CL","Chile",2000,8.8
"CL","Chile",2001,
"CL","Chile",2002,
"CL","Chile",2003,
"CL","Chile",2004,9.59755
"CL","Chile",2005,9.5
"CL","Chile",2006,9.5
"CL","Chile",2007,9.4
"CL","Chile",2008,9.9
"CL","Chile",2009,9.9
"CL","Chile",2010,9.8
"CL","Chile",2011,9.8
"CL","Chile",2012,9.8
"CL","Chile",2013,9.8
"CN","China",2000,6.6
"CN","China",2001,
"CN","China",2002,
"CN","China",2003,
"CN","China",2004,
"CN","China",2005,7.1
"CN","China",2006,7.2
"CN","China",2007,7.2
"CN","China",2008,7.3
"CN","China",2009,7.4
"CN","China",2010,7.5
"CN","China",2011,7.5
"CN","China",2012,7.5
"CN","China",2013,7.5
"CO","Colombia",2000,6.5
"CO","Colombia",2001,
"CO","Colombia",2002,
"CO","Colombia",2003,
"CO","Colombia",2004,6.55907
"CO","Colombia",2005,6.8
"CO","Colombia",2006,6.7
"CO","Colombia",2007,6.8
"CO","Colombia",2008,7
"CO","Colombia",2009,6.9
"CO","Colombia",2010,7.1
"CO","Colombia",2011,7.1
"CO","Colombia",2012,7.1
"CO","Colombia",2013,7.1
"KM","Comoros",2000,
"KM","Comoros",2001,
"KM","Comoros",2002,
"KM","Comoros",2003,
"KM","Comoros",2004,
"KM","Comoros",2005,2.8
"KM","Comoros",2006,2.8
"KM","Comoros",2007,2.8
"KM","Comoros",2008,2.8
"KM","Comoros",2009,2.8
"KM","Comoros",2010,2.8
"KM","Comoros",2011,2.8
"KM","Comoros",2012,2.8
"KM","Comoros",2013,2.8
"CG","Congo",2000,5.5
"CG","Congo",2001,
"CG","Congo",2002,
"CG","Congo",2003,
"CG","Congo",2004,
"CG","Congo",2005,5.8
"CG","Congo",2006,5.9
"CG","Congo",2007,5.9
"CG","Congo",2008,6
"CG","Congo",2009,6
"CG","Congo",2010,6.1
"CG","Congo",2011,6.1
"CG","Congo",2012,6.1
"CG","Congo",2013,6.1
"CR","Costa Rica",2000,8
"CR","Costa Rica",2001,
"CR","Costa Rica",2002,
"CR","Costa Rica",2003,
"CR","Costa Rica",2004,
"CR","Costa Rica",2005,7.9
"CR","Costa Rica",2006,7.9
"CR","Costa Rica",2007,8
"CR","Costa Rica",2008,8.2
"CR","Costa Rica",2009,8.3
"CR","Costa Rica",2010,8.2
"CR","Costa Rica",2011,8.3
"CR","Costa Rica",2012,8.4
"CR","Costa Rica",2013,8.4
"HR","Croatia",2000,9.4
"HR","Croatia",2001,9.84091
"HR","Croatia",2002,
"HR","Croatia",2003,
"HR","Croatia",2004,
"HR","Croatia",2005,9.7
"HR","Croatia",2006,9.9
"HR","Croatia",2007,10.1
"HR","Croatia",2008,10.3
"HR","Croatia",2009,10.6
"HR","Croatia",2010,10.8
"HR","Croatia",2011,11
"HR","Croatia",2012,11
"HR","Croatia",2013,11
"CU","Cuba",2000,9.6
"CU","Cuba",2001,
"CU","Cuba",2002,9.45187
"CU","Cuba",2003,
"CU","Cuba",2004,
"CU","Cuba",2005,9.9
"CU","Cuba",2006,10
"CU","Cuba",2007,10
"CU","Cuba",2008,10.1
"CU","Cuba",2009,10.1
"CU","Cuba",2010,10.2
"CU","Cuba",2011,10.2
"CU","Cuba",2012,10.2
"CU","Cuba",2013,10.2
"CY","Cyprus",2000,10
"CY","Cyprus",2001,
"CY","Cyprus",2002,
"CY","Cyprus",2003,
"CY","Cyprus",2004,
"CY","Cyprus",2005,10.7
"CY","Cyprus",2006,10.9
"CY","Cyprus",2007,11
"CY","Cyprus",2008,11.1
"CY","Cyprus",2009,11.1
"CY","Cyprus",2010,11.3
"CY","Cyprus",2011,11.5
"CY","Cyprus",2012,11.6
"CY","Cyprus",2013,11.6
"CZ","Czech Republic",2000,11.9
"CZ","Czech Republic",2001,
"CZ","Czech Republic",2002,
"CZ","Czech Republic",2003,
"CZ","Czech Republic",2004,
"CZ","Czech Republic",2005,13.1
"CZ","Czech Republic",2006,12.9
"CZ","Czech Republic",2007,12.8
"CZ","Czech Republic",2008,12.6
"CZ","Czech Republic",2009,12.5
"CZ","Czech Republic",2010,12.3
"CZ","Czech Republic",2011,12.3
"CZ","Czech Republic",2012,12.3
"CZ","Czech Republic",2013,12.3
"DK","Denmark",2000,10.5
"DK","Denmark",2001,
"DK","Denmark",2002,
"DK","Denmark",2003,12.81881
"DK","Denmark",2004,
"DK","Denmark",2005,11.8
"DK","Denmark",2006,11.9
"DK","Denmark",2007,11.9
"DK","Denmark",2008,12
"DK","Denmark",2009,12.1
"DK","Denmark",2010,12.1
"DK","Denmark",2011,12.1
"DK","Denmark",2012,12.1
"DK","Denmark",2013,12.1
"DJ","Djibouti",2000,
"DJ","Djibouti",2001,
"DJ","Djibouti",2002,
"DJ","Djibouti",2003,
"DJ","Djibouti",2004,
"DJ","Djibouti",2005,3.8
"DJ","Djibouti",2006,3.8
"DJ","Djibouti",2007,3.8
"DJ","Djibouti",2008,3.8
"DJ","Djibouti",2009,3.8
"DJ","Djibouti",2010,3.8
"DJ","Djibouti",2011,3.8
"DJ","Djibouti",2012,3.8
"DJ","Djibouti",2013,3.8
"DM","Dominica",2000,7.7
"DM","Dominica",2001,
"DM","Dominica",2002,
"DM","Dominica",2003,
"DM","Dominica",2004,
"DM","Dominica",2005,7.7
"DM","Dominica",2006,7.7
"DM","Dominica",2007,7.7
"DM","Dominica",2008,7.7
"DM","Dominica",2009,7.7
"DM","Dominica",2010,7.7
"DM","Dominica",2011,7.7
"DM","Dominica",2012,7.7
"DM","Dominica",2013,7.7
"DO","Dominican Republic",2000,6.4
"DO","Dominican Republic",2001,
"DO","Dominican Republic",2002,
"DO","Dominican Republic",2003,
"DO","Dominican Republic",2004,
"DO","Dominican Republic",2005,7
"DO","Dominican Republic",2006,7.1
"DO","Dominican Republic",2007,7.2
"DO","Dominican Republic",2008,7.2
"DO","Dominican Republic",2009,7.2
"DO","Dominican Republic",2010,7.3
"DO","Dominican Republic",2011,7.4
"DO","Dominican Republic",2012,7.5
"DO","Dominican Republic",2013,7.5
"CD","DRC",2000,2.9
"CD","DRC",2001,
"CD","DRC",2002,
"CD","DRC",2003,
"CD","DRC",2004,
"CD","DRC",2005,3
"CD","DRC",2006,3
"CD","DRC",2007,3
"CD","DRC",2008,3
"CD","DRC",2009,3.1
"CD","DRC",2010,3.1
"CD","DRC",2011,3.1
"CD","DRC",2012,3.1
"CD","DRC",2013,3.1
"EC","Ecuador",2000,7
"EC","Ecuador",2001,
"EC","Ecuador",2002,
"EC","Ecuador",2003,
"EC","Ecuador",2004,
"EC","Ecuador",2005,7.3
"EC","Ecuador",2006,7.3
"EC","Ecuador",2007,7.4
"EC","Ecuador",2008,7.5
"EC","Ecuador",2009,7.5
"EC","Ecuador",2010,7.6
"EC","Ecuador",2011,7.6
"EC","Ecuador",2012,7.6
"EC","Ecuador",2013,7.6
"EG","Egypt",2000,4.7
"EG","Egypt",2001,
"EG","Egypt",2002,
"EG","Egypt",2003,
"EG","Egypt",2004,
"EG","Egypt",2005,5.5
"EG","Egypt",2006,5.7
"EG","Egypt",2007,5.8
"EG","Egypt",2008,6
"EG","Egypt",2009,6.2
"EG","Egypt",2010,6.4
"EG","Egypt",2011,6.4
"EG","Egypt",2012,6.4
"EG","Egypt",2013,6.4
"SV","El Salvador",2000,5.2
"SV","El Salvador",2001,
"SV","El Salvador",2002,
"SV","El Salvador",2003,
"SV","El Salvador",2004,
"SV","El Salvador",2005,6
"SV","El Salvador",2006,6.2
"SV","El Salvador",2007,5.6
"SV","El Salvador",2008,6.2
"SV","El Salvador",2009,6.3
"SV","El Salvador",2010,6.3
"SV","El Salvador",2011,6.3
"SV","El Salvador",2012,6.5
"SV","El Salvador",2013,6.5
"GQ","Equatorial Guinea",2000,5.4
"GQ","Equatorial Guinea",2001,
"GQ","Equatorial Guinea",2002,
"GQ","Equatorial Guinea",2003,
"GQ","Equatorial Guinea",2004,
"GQ","Equatorial Guinea",2005,5.4
"GQ","Equatorial Guinea",2006,5.4
"GQ","Equatorial Guinea",2007,5.4
"GQ","Equatorial Guinea",2008,5.4
"GQ","Equatorial Guinea",2009,5.4
"GQ","Equatorial Guinea",2010,5.4
"GQ","Equatorial Guinea",2011,5.4
"GQ","Equatorial Guinea",2012,5.4
"GQ","Equatorial Guinea",2013,5.4
"ER","Eritrea",2000,
"ER","Eritrea",2001,
"ER","Eritrea",2002,
"ER","Eritrea",2003,
"ER","Eritrea",2004,
"ER","Eritrea",2005,
"ER","Eritrea",2006,
"ER","Eritrea",2007,
"ER","Eritrea",2008,
"ER","Eritrea",2009,
"ER","Eritrea",2010,3.4
"ER","Eritrea",2011,3.4
"ER","Eritrea",2012,3.4
"ER","Eritrea",2013,3.4
"EE","Estonia",2000,11.7
"EE","Estonia",2001,
"EE","Estonia",2002,
"EE","Estonia",2003,
"EE","Estonia",2004,
"EE","Estonia",2005,11.9
"EE","Estonia",2006,11.9
"EE","Estonia",2007,11.9
"EE","Estonia",2008,12
"EE","Estonia",2009,12
"EE","Estonia",2010,12
"EE","Estonia",2011,12
"EE","Estonia",2012,12
"EE","Estonia",2013,12
"ET","Ethiopia",2000,1.5
"ET","Ethiopia",2001,
"ET","Ethiopia",2002,
"ET","Ethiopia",2003,
"ET","Ethiopia",2004,
"ET","Ethiopia",2005,1.5
"ET","Ethiopia",2006,1.6
"ET","Ethiopia",2007,2
"ET","Ethiopia",2008,2.2
"ET","Ethiopia",2009,2.3
"ET","Ethiopia",2010,2.2
"ET","Ethiopia",2011,2.4
"ET","Ethiopia",2012,2.4
"ET","Ethiopia",2013,2.4
"FJ","Fiji",2000,9.1
"FJ","Fiji",2001,
"FJ","Fiji",2002,
"FJ","Fiji",2003,
"FJ","Fiji",2004,
"FJ","Fiji",2005,9
"FJ","Fiji",2006,9.3
"FJ","Fiji",2007,9.5
"FJ","Fiji",2008,9.6
"FJ","Fiji",2009,9.8
"FJ","Fiji",2010,9.9
"FJ","Fiji",2011,9.9
"FJ","Fiji",2012,9.9
"FJ","Fiji",2013,9.9
"FI","Finland",2000,8.2
"FI","Finland",2001,
"FI","Finland",2002,
"FI","Finland",2003,
"FI","Finland",2004,
"FI","Finland",2005,10.1
"FI","Finland",2006,10.1
"FI","Finland",2007,10.2
"FI","Finland",2008,10.2
"FI","Finland",2009,10.2
"FI","Finland",2010,10.3
"FI","Finland",2011,10.3
"FI","Finland",2012,10.3
"FI","Finland",2013,10.3
"FR","France",2000,9.8
"FR","France",2001,
"FR","France",2002,
"FR","France",2003,
"FR","France",2004,10.34798
"FR","France",2005,10.4
"FR","France",2006,10.6
"FR","France",2007,10.7
"FR","France",2008,10.8
"FR","France",2009,10.9
"FR","France",2010,11
"FR","France",2011,11
"FR","France",2012,11.1
"FR","France",2013,11.1
"GA","Gabon",2000,6.1
"GA","Gabon",2001,
"GA","Gabon",2002,
"GA","Gabon",2003,
"GA","Gabon",2004,
"GA","Gabon",2005,6.9
"GA","Gabon",2006,7
"GA","Gabon",2007,7.1
"GA","Gabon",2008,7.2
"GA","Gabon",2009,7.3
"GA","Gabon",2010,7.4
"GA","Gabon",2011,7.4
"GA","Gabon",2012,7.4
"GA","Gabon",2013,7.4
"GM","Gambia",2000,2
"GM","Gambia",2001,
"GM","Gambia",2002,
"GM","Gambia",2003,
"GM","Gambia",2004,
"GM","Gambia",2005,2.3
"GM","Gambia",2006,2.4
"GM","Gambia",2007,2.5
"GM","Gambia",2008,2.6
"GM","Gambia",2009,2.7
"GM","Gambia",2010,2.8
"GM","Gambia",2011,2.8
"GM","Gambia",2012,2.8
"GM","Gambia",2013,2.8
"GE","Georgia",2000,
"GE","Georgia",2001,
"GE","Georgia",2002,11.89378
"GE","Georgia",2003,
"GE","Georgia",2004,
"GE","Georgia",2005,12.1
"GE","Georgia",2006,12.1
"GE","Georgia",2007,12.1
"GE","Georgia",2008,12.1
"GE","Georgia",2009,12.1
"GE","Georgia",2010,12.1
"GE","Georgia",2011,12.1
"GE","Georgia",2012,12.1
"GE","Georgia",2013,12.1
"DE","Germany",2000,10.5
"DE","Germany",2001,
"DE","Germany",2002,
"DE","Germany",2003,
"DE","Germany",2004,
"DE","Germany",2005,12.4
"DE","Germany",2006,12.8
"DE","Germany",2007,12.8
"DE","Germany",2008,12.9
"DE","Germany",2009,12.9
"DE","Germany",2010,12.9
"DE","Germany",2011,12.9
"DE","Germany",2012,12.9
"DE","Germany",2013,12.9
"GH","Ghana",2000,6.3
"GH","Ghana",2001,
"GH","Ghana",2002,
"GH","Ghana",2003,
"GH","Ghana",2004,
"GH","Ghana",2005,6.5
"GH","Ghana",2006,6.6
"GH","Ghana",2007,6.7
"GH","Ghana",2008,6.8
"GH","Ghana",2009,6.9
"GH","Ghana",2010,7
"GH","Ghana",2011,7
"GH","Ghana",2012,7
"GH","Ghana",2013,7
"GR","Greece",2000,8.6
"GR","Greece",2001,
"GR","Greece",2002,
"GR","Greece",2003,
"GR","Greece",2004,
"GR","Greece",2005,9.8
"GR","Greece",2006,9.9
"GR","Greece",2007,10
"GR","Greece",2008,10.1
"GR","Greece",2009,10.1
"GR","Greece",2010,10.2
"GR","Greece",2011,10.2
"GR","Greece",2012,10.2
"GR","Greece",2013,10.2
"GD","Grenada",2000,
"GD","Grenada",2001,
"GD","Grenada",2002,
"GD","Grenada",2003,
"GD","Grenada",2004,
"GD","Grenada",2005,
"GD","Grenada",2006,
"GD","Grenada",2007,
"GD","Grenada",2008,
"GD","Grenada",2009,
"GD","Grenada",2010,8.6
"GD","Grenada",2011,8.6
"GD","Grenada",2012,8.6
"GD","Grenada",2013,8.6
"GT","Guatemala",2000,3.7
"GT","Guatemala",2001,
"GT","Guatemala",2002,3.82177
"GT","Guatemala",2003,
"GT","Guatemala",2004,
"GT","Guatemala",2005,3.5
"GT","Guatemala",2006,3.6
"GT","Guatemala",2007,3.9
"GT","Guatemala",2008,4.3
"GT","Guatemala",2009,4.6
"GT","Guatemala",2010,4.9
"GT","Guatemala",2011,5.3
"GT","Guatemala",2012,5.6
"GT","Guatemala",2013,5.6
"GN","Guinea",2000,
"GN","Guinea",2001,
"GN","Guinea",2002,
"GN","Guinea",2003,
"GN","Guinea",2004,
"GN","Guinea",2005,1.6
"GN","Guinea",2006,1.6
"GN","Guinea",2007,1.6
"GN","Guinea",2008,1.6
"GN","Guinea",2009,1.6
"GN","Guinea",2010,1.6
"GN","Guinea",2011,1.6
"GN","Guinea",2012,1.6
"GN","Guinea",2013,1.6
"GW","Guinea-Bissau",2000,
"GW","Guinea-Bissau",2001,
"GW","Guinea-Bissau",2002,
"GW","Guinea-Bissau",2003,
"GW","Guinea-Bissau",2004,
"GW","Guinea-Bissau",2005,2.3
"GW","Guinea-Bissau",2006,2.3
"GW","Guinea-Bissau",2007,2.3
"GW","Guinea-Bissau",2008,2.3
"GW","Guinea-Bissau",2009,2.3
"GW","Guinea-Bissau",2010,2.3
"GW","Guinea-Bissau",2011,2.3
"GW","Guinea-Bissau",2012,2.3
"GW","Guinea-Bissau",2013,2.3
"GY","Guyana",2000,7.7
"GY","Guyana",2001,
"GY","Guyana",2002,6.41024
"GY","Guyana",2003,
"GY","Guyana",2004,
"GY","Guyana",2005,8
"GY","Guyana",2006,8.1
"GY","Guyana",2007,8.2
"GY","Guyana",2008,8.3
"GY","Guyana",2009,8.4
"GY","Guyana",2010,8.5
"GY","Guyana",2011,8.5
"GY","Guyana",2012,8.5
"GY","Guyana",2013,8.5
"HT","Haiti",2000,3.9
"HT","Haiti",2001,
"HT","Haiti",2002,
"HT","Haiti",2003,
"HT","Haiti",2004,
"HT","Haiti",2005,4.5
"HT","Haiti",2006,4.5
"HT","Haiti",2007,4.6
"HT","Haiti",2008,4.7
"HT","Haiti",2009,4.8
"HT","Haiti",2010,4.9
"HT","Haiti",2011,4.9
"HT","Haiti",2012,4.9
"HT","Haiti",2013,4.9
"HN","Honduras",2000,4.3
"HN","Honduras",2001,
"HN","Honduras",2002,
"HN","Honduras",2003,
"HN","Honduras",2004,
"HN","Honduras",2005,4.7
"HN","Honduras",2006,4.8
"HN","Honduras",2007,4.9
"HN","Honduras",2008,5.1
"HN","Honduras",2009,5.2
"HN","Honduras",2010,5.4
"HN","Honduras",2011,5.5
"HN","Honduras",2012,5.5
"HN","Honduras",2013,5.5
"HK","Hong Kong",2000,8.7
"HK","Hong Kong",2001,
"HK","Hong Kong",2002,
"HK","Hong Kong",2003,
"HK","Hong Kong",2004,
"HK","Hong Kong",2005,9.4
"HK","Hong Kong",2006,9.5
"HK","Hong Kong",2007,9.7
"HK","Hong Kong",2008,9.8
"HK","Hong Kong",2009,9.9
"HK","Hong Kong",2010,10
"HK","Hong Kong",2011,10
"HK","Hong Kong",2012,10
"HK","Hong Kong",2013,10
"HU","Hungary",2000,10.7
"HU","Hungary",2001,10.17593
"HU","Hungary",2002,
"HU","Hungary",2003,
"HU","Hungary",2004,
"HU","Hungary",2005,11.1
"HU","Hungary",2006,11.2
"HU","Hungary",2007,11.2
"HU","Hungary",2008,11.2
"HU","Hungary",2009,11.3
"HU","Hungary",2010,11.3
"HU","Hungary",2011,11.3
"HU","Hungary",2012,11.3
"HU","Hungary",2013,11.3
"IS","Iceland",2000,9.3
"IS","Iceland",2001,
"IS","Iceland",2002,
"IS","Iceland",2003,
"IS","Iceland",2004,
"IS","Iceland",2005,9.9
"IS","Iceland",2006,10
"IS","Iceland",2007,10.1
"IS","Iceland",2008,10.2
"IS","Iceland",2009,10.3
"IS","Iceland",2010,10.4
"IS","Iceland",2011,10.4
"IS","Iceland",2012,10.4
"IS","Iceland",2013,10.4
"IN","India",2000,3.6
"IN","India",2001,
"IN","India",2002,
"IN","India",2003,
"IN","India",2004,
"IN","India",2005,4
"IN","India",2006,4.1
"IN","India",2007,4.2
"IN","India",2008,4.2
"IN","India",2009,4.3
"IN","India",2010,4.4
"IN","India",2011,4.4
"IN","India",2012,4.4
"IN","India",2013,4.4
"ID","Indonesia",2000,6.7
"ID","Indonesia",2001,
"ID","Indonesia",2002,
"ID","Indonesia",2003,
"ID","Indonesia",2004,
"ID","Indonesia",2005,7.4
"ID","Indonesia",2006,7.6
"ID","Indonesia",2007,7
"ID","Indonesia",2008,7.1
"ID","Indonesia",2009,7.3
"ID","Indonesia",2010,7.4
"ID","Indonesia",2011,7.5
"ID","Indonesia",2012,7.5
"ID","Indonesia",2013,7.5
"IR","Iran",2000,6
"IR","Iran",2001,
"IR","Iran",2002,
"IR","Iran",2003,
"IR","Iran",2004,
"IR","Iran",2005,7
"IR","Iran",2006,7.2
"IR","Iran",2007,7.4
"IR","Iran",2008,7.5
"IR","Iran",2009,7.7
"IR","Iran",2010,7.8
"IR","Iran",2011,7.8
"IR","Iran",2012,7.8
"IR","Iran",2013,7.8
"IQ","Iraq",2000,4.8
"IQ","Iraq",2001,
"IQ","Iraq",2002,
"IQ","Iraq",2003,
"IQ","Iraq",2004,
"IQ","Iraq",2005,5.3
"IQ","Iraq",2006,5.3
"IQ","Iraq",2007,5.4
"IQ","Iraq",2008,5.5
"IQ","Iraq",2009,5.5
"IQ","Iraq",2010,5.6
"IQ","Iraq",2011,5.6
"IQ","Iraq",2012,5.6
"IQ","Iraq",2013,5.6
"IE","Ireland",2000,11.2
"IE","Ireland",2001,
"IE","Ireland",2002,
"IE","Ireland",2003,
"IE","Ireland",2004,
"IE","Ireland",2005,11.4
"IE","Ireland",2006,11.4
"IE","Ireland",2007,11.5
"IE","Ireland",2008,11.5
"IE","Ireland",2009,11.6
"IE","Ireland",2010,11.6
"IE","Ireland",2011,11.6
"IE","Ireland",2012,11.6
"IE","Ireland",2013,11.6
"IL","Israel",2000,12
"IL","Israel",2001,
"IL","Israel",2002,
"IL","Israel",2003,
"IL","Israel",2004,
"IL","Israel",2005,12.3
"IL","Israel",2006,12.3
"IL","Israel",2007,12.3
"IL","Israel",2008,12.3
"IL","Israel",2009,12.3
"IL","Israel",2010,12.4
"IL","Israel",2011,12.5
"IL","Israel",2012,12.5
"IL","Israel",2013,12.5
"IT","Italy",2000,8.4
"IT","Italy",2001,8.68205
"IT","Italy",2002,
"IT","Italy",2003,
"IT","Italy",2004,
"IT","Italy",2005,9.5
"IT","Italy",2006,9.6
"IT","Italy",2007,9.8
"IT","Italy",2008,9.9
"IT","Italy",2009,10
"IT","Italy",2010,10.1
"IT","Italy",2011,10.1
"IT","Italy",2012,10.1
"IT","Italy",2013,10.1
"JM","Jamaica",2000,8.6
"JM","Jamaica",2001,
"JM","Jamaica",2002,
"JM","Jamaica",2003,
"JM","Jamaica",2004,
"JM","Jamaica",2005,9
"JM","Jamaica",2006,9.2
"JM","Jamaica",2007,9.3
"JM","Jamaica",2008,9.4
"JM","Jamaica",2009,9.5
"JM","Jamaica",2010,9.6
"JM","Jamaica",2011,9.6
"JM","Jamaica",2012,9.6
"JM","Jamaica",2013,9.6
"JP","Japan",2000,10.8
"JP","Japan",2001,
"JP","Japan",2002,
"JP","Japan",2003,
"JP","Japan",2004,
"JP","Japan",2005,11.1
"JP","Japan",2006,11.2
"JP","Japan",2007,11.3
"JP","Japan",2008,11.3
"JP","Japan",2009,11.4
"JP","Japan",2010,11.5
"JP","Japan",2011,11.5
"JP","Japan",2012,11.5
"JP","Japan",2013,11.5
"JO","Jordan",2000,9.5
"JO","Jordan",2001,
"JO","Jordan",2002,
"JO","Jordan",2003,
"JO","Jordan",2004,
"JO","Jordan",2005,9.7
"JO","Jordan",2006,9.8
"JO","Jordan",2007,9.8
"JO","Jordan",2008,9.8
"JO","Jordan",2009,9.9
"JO","Jordan",2010,9.9
"JO","Jordan",2011,9.9
"JO","Jordan",2012,9.9
"JO","Jordan",2013,9.9
"KZ","Kazakhstan",2000,9.9
"KZ","Kazakhstan",2001,
"KZ","Kazakhstan",2002,
"KZ","Kazakhstan",2003,
"KZ","Kazakhstan",2004,
"KZ","Kazakhstan",2005,10.2
"KZ","Kazakhstan",2006,10.2
"KZ","Kazakhstan",2007,10.2
"KZ","Kazakhstan",2008,10.3
"KZ","Kazakhstan",2009,10.3
"KZ","Kazakhstan",2010,10.4
"KZ","Kazakhstan",2011,10.4
"KZ","Kazakhstan",2012,10.4
"KZ","Kazakhstan",2013,10.4
"KE","Kenya",2000,5.9
"KE","Kenya",2001,
"KE","Kenya",2002,
"KE","Kenya",2003,
"KE","Kenya",2004,
"KE","Kenya",2005,5.9
"KE","Kenya",2006,6
"KE","Kenya",2007,6.1
"KE","Kenya",2008,6.1
"KE","Kenya",2009,6.2
"KE","Kenya",2010,6.3
"KE","Kenya",2011,6.3
"KE","Kenya",2012,6.3
"KE","Kenya",2013,6.3
"KI","Kiribati",2000,
"KI","Kiribati",2001,
"KI","Kiribati",2002,
"KI","Kiribati",2003,
"KI","Kiribati",2004,
"KI","Kiribati",2005,
"KI","Kiribati",2006,
"KI","Kiribati",2007,
"KI","Kiribati",2008,
"KI","Kiribati",2009,
"KI","Kiribati",2010,7.8
"KI","Kiribati",2011,7.8
"KI","Kiribati",2012,7.8
"KI","Kiribati",2013,7.8
"KW","Kuwait",2000,6.2
"KW","Kuwait",2001,
"KW","Kuwait",2002,
"KW","Kuwait",2003,
"KW","Kuwait",2004,
"KW","Kuwait",2005,6.1
"KW","Kuwait",2006,6.1
"KW","Kuwait",2007,6.2
"KW","Kuwait",2008,6.4
"KW","Kuwait",2009,6.6
"KW","Kuwait",2010,6.8
"KW","Kuwait",2011,7
"KW","Kuwait",2012,7.2
"KW","Kuwait",2013,7.2
"KG","Kyrgyzstan",2000,9.2
"KG","Kyrgyzstan",2001,
"KG","Kyrgyzstan",2002,
"KG","Kyrgyzstan",2003,
"KG","Kyrgyzstan",2004,
"KG","Kyrgyzstan",2005,9.2
"KG","Kyrgyzstan",2006,9.2
"KG","Kyrgyzstan",2007,9.2
"KG","Kyrgyzstan",2008,9.2
"KG","Kyrgyzstan",2009,9.3
"KG","Kyrgyzstan",2010,9.3
"KG","Kyrgyzstan",2011,9.3
"KG","Kyrgyzstan",2012,9.3
"KG","Kyrgyzstan",2013,9.3
"LA","Lao",2000,3.9
"LA","Lao",2001,
"LA","Lao",2002,
"LA","Lao",2003,
"LA","Lao",2004,
"LA","Lao",2005,4.2
"LA","Lao",2006,4.3
"LA","Lao",2007,4.4
"LA","Lao",2008,4.4
"LA","Lao",2009,4.5
"LA","Lao",2010,4.6
"LA","Lao",2011,4.6
"LA","Lao",2012,4.6
"LA","Lao",2013,4.6
"LV","Latvia",2000,9.4
"LV","Latvia",2001,
"LV","Latvia",2002,
"LV","Latvia",2003,
"LV","Latvia",2004,
"LV","Latvia",2005,10.4
"LV","Latvia",2006,10.6
"LV","Latvia",2007,10.8
"LV","Latvia",2008,11
"LV","Latvia",2009,11.3
"LV","Latvia",2010,11.5
"LV","Latvia",2011,11.5
"LV","Latvia",2012,11.5
"LV","Latvia",2013,11.5
"LB","Lebanon",2000,
"LB","Lebanon",2001,
"LB","Lebanon",2002,
"LB","Lebanon",2003,
"LB","Lebanon",2004,
"LB","Lebanon",2005,7.9
"LB","Lebanon",2006,7.9
"LB","Lebanon",2007,7.9
"LB","Lebanon",2008,7.9
"LB","Lebanon",2009,7.9
"LB","Lebanon",2010,7.9
"LB","Lebanon",2011,7.9
"LB","Lebanon",2012,7.9
"LB","Lebanon",2013,7.9
"LS","Lesotho",2000,4.9
"LS","Lesotho",2001,
"LS","Lesotho",2002,
"LS","Lesotho",2003,
"LS","Lesotho",2004,
"LS","Lesotho",2005,5.3
"LS","Lesotho",2006,5.4
"LS","Lesotho",2007,5.5
"LS","Lesotho",2008,5.6
"LS","Lesotho",2009,5.8
"LS","Lesotho",2010,5.9
"LS","Lesotho",2011,5.9
"LS","Lesotho",2012,5.9
"LS","Lesotho",2013,5.9
"LR","Liberia",2000,3.2
"LR","Liberia",2001,
"LR","Liberia",2002,
"LR","Liberia",2003,
"LR","Liberia",2004,
"LR","Liberia",2005,3.4
"LR","Liberia",2006,3.5
"LR","Liberia",2007,3.6
"LR","Liberia",2008,3.7
"LR","Liberia",2009,3.8
"LR","Liberia",2010,3.9
"LR","Liberia",2011,3.9
"LR","Liberia",2012,3.9
"LR","Liberia",2013,3.9
"LY","Libya",2000,5.6
"LY","Libya",2001,
"LY","Libya",2002,
"LY","Libya",2003,
"LY","Libya",2004,
"LY","Libya",2005,6.4
"LY","Libya",2006,6.6
"LY","Libya",2007,6.8
"LY","Libya",2008,7.1
"LY","Libya",2009,7.3
"LY","Libya",2010,7.5
"LY","Libya",2011,7.5
"LY","Libya",2012,7.5
"LY","Libya",2013,7.5
"LI","Liechtenstein",2000,
"LI","Liechtenstein",2001,
"LI","Liechtenstein",2002,
"LI","Liechtenstein",2003,
"LI","Liechtenstein",2004,
"LI","Liechtenstein",2005,
"LI","Liechtenstein",2006,
"LI","Liechtenstein",2007,
"LI","Liechtenstein",2008,
"LI","Liechtenstein",2009,
"LI","Liechtenstein",2010,10.3
"LI","Liechtenstein",2011,10.3
"LI","Liechtenstein",2012,10.3
"LI","Liechtenstein",2013,10.3
"LT","Lithuania",2000,10.9
"LT","Lithuania",2001,
"LT","Lithuania",2002,
"LT","Lithuania",2003,
"LT","Lithuania",2004,
"LT","Lithuania",2005,11.8
"LT","Lithuania",2006,11.9
"LT","Lithuania",2007,12.1
"LT","Lithuania",2008,12.2
"LT","Lithuania",2009,12.3
"LT","Lithuania",2010,12.4
"LT","Lithuania",2011,12.4
"LT","Lithuania",2012,12.4
"LT","Lithuania",2013,12.4
"LU","Luxembourg",2000,10.8
"LU","Luxembourg",2001,
"LU","Luxembourg",2002,
"LU","Luxembourg",2003,
"LU","Luxembourg",2004,
"LU","Luxembourg",2005,11
"LU","Luxembourg",2006,11.1
"LU","Luxembourg",2007,11.1
"LU","Luxembourg",2008,11.2
"LU","Luxembourg",2009,11.2
"LU","Luxembourg",2010,11.3
"LU","Luxembourg",2011,11.3
"LU","Luxembourg",2012,11.3
"LU","Luxembourg",2013,11.3
"MK","Macedonia",2000,
"MK","Macedonia",2001,
"MK","Macedonia",2002,
"MK","Macedonia",2003,
"MK","Macedonia",2004,
"MK","Macedonia",2005,8.2
"MK","Macedonia",2006,8.2
"MK","Macedonia",2007,8.2
"MK","Macedonia",2008,8.2
"MK","Macedonia",2009,8.2
"MK","Macedonia",2010,8.2
"MK","Macedonia",2011,8.2
"MK","Macedonia",2012,8.2
"MK","Macedonia",2013,8.2
"MG","Madagascar",2000,5.2
"MG","Madagascar",2001,
"MG","Madagascar",2002,
"MG","Madagascar",2003,
"MG","Madagascar",2004,
"MG","Madagascar",2005,5.2
"MG","Madagascar",2006,5.2
"MG","Madagascar",2007,5.2
"MG","Madagascar",2008,5.2
"MG","Madagascar",2009,5.2
"MG","Madagascar",2010,5.2
"MG","Madagascar",2011,5.2
"MG","Madagascar",2012,5.2
"MG","Madagascar",2013,5.2
"MW","Malawi",2000,3
"MW","Malawi",2001,
"MW","Malawi",2002,
"MW","Malawi",2003,
"MW","Malawi",2004,
"MW","Malawi",2005,3.4
"MW","Malawi",2006,3.5
"MW","Malawi",2007,3.7
"MW","Malawi",2008,3.9
"MW","Malawi",2009,4
"MW","Malawi",2010,4.2
"MW","Malawi",2011,4.2
"MW","Malawi",2012,4.2
"MW","Malawi",2013,4.2
"MY","Malaysia",2000,8.2
"MY","Malaysia",2001,
"MY","Malaysia",2002,
"MY","Malaysia",2003,
"MY","Malaysia",2004,
"MY","Malaysia",2005,8.9
"MY","Malaysia",2006,9.1
"MY","Malaysia",2007,9.2
"MY","Malaysia",2008,9.3
"MY","Malaysia",2009,9.4
"MY","Malaysia",2010,9.5
"MY","Malaysia",2011,9.5
"MY","Malaysia",2012,9.5
"MY","Malaysia",2013,9.5
"MV","Maldives",2000,4.2
"MV","Maldives",2001,
"MV","Maldives",2002,
"MV","Maldives",2003,
"MV","Maldives",2004,
"MV","Maldives",2005,5
"MV","Maldives",2006,5.2
"MV","Maldives",2007,5.3
"MV","Maldives",2008,5.5
"MV","Maldives",2009,5.7
"MV","Maldives",2010,5.8
"MV","Maldives",2011,5.8
"MV","Maldives",2012,5.8
"MV","Maldives",2013,5.8
"ML","Mali",2000,1.2
"ML","Mali",2001,
"ML","Mali",2002,
"ML","Mali",2003,
"ML","Mali",2004,
"ML","Mali",2005,1.7
"ML","Mali",2006,1.7
"ML","Mali",2007,1.8
"ML","Mali",2008,1.9
"ML","Mali",2009,1.9
"ML","Mali",2010,2
"ML","Mali",2011,2
"ML","Mali",2012,2
"ML","Mali",2013,2
"MT","Malta",2000,8.1
"MT","Malta",2001,
"MT","Malta",2002,
"MT","Malta",2003,
"MT","Malta",2004,
"MT","Malta",2005,8.8
"MT","Malta",2006,8.8
"MT","Malta",2007,8.9
"MT","Malta",2008,9.1
"MT","Malta",2009,9.2
"MT","Malta",2010,9.4
"MT","Malta",2011,9.6
"MT","Malta",2012,9.9
"MT","Malta",2013,9.9
"MR","Mauritania",2000,2.9
"MR","Mauritania",2001,
"MR","Mauritania",2002,
"MR","Mauritania",2003,
"MR","Mauritania",2004,
"MR","Mauritania",2005,3.3
"MR","Mauritania",2006,3.4
"MR","Mauritania",2007,3.5
"MR","Mauritania",2008,3.6
"MR","Mauritania",2009,3.7
"MR","Mauritania",2010,3.7
"MR","Mauritania",2011,3.7
"MR","Mauritania",2012,3.7
"MR","Mauritania",2013,3.7
"MU","Mauritius",2000,7.1
"MU","Mauritius",2001,
"MU","Mauritius",2002,
"MU","Mauritius",2003,
"MU","Mauritius",2004,
"MU","Mauritius",2005,7.7
"MU","Mauritius",2006,7.9
"MU","Mauritius",2007,8
"MU","Mauritius",2008,8.1
"MU","Mauritius",2009,8.3
"MU","Mauritius",2010,8.4
"MU","Mauritius",2011,8.5
"MU","Mauritius",2012,8.5
"MU","Mauritius",2013,8.5
"MX","Mexico",2000,6.7
"MX","Mexico",2001,
"MX","Mexico",2002,
"MX","Mexico",2003,
"MX","Mexico",2004,7.29023
"MX","Mexico",2005,7.5
"MX","Mexico",2006,7.9
"MX","Mexico",2007,7.9
"MX","Mexico",2008,8
"MX","Mexico",2009,8.1
"MX","Mexico",2010,8.3
"MX","Mexico",2011,8.4
"MX","Mexico",2012,8.5
"MX","Mexico",2013,8.5
"FM","Micronesia",2000,8.8
"FM","Micronesia",2001,
"FM","Micronesia",2002,
"FM","Micronesia",2003,
"FM","Micronesia",2004,
"FM","Micronesia",2005,8.8
"FM","Micronesia",2006,8.8
"FM","Micronesia",2007,8.8
"FM","Micronesia",2008,8.8
"FM","Micronesia",2009,8.8
"FM","Micronesia",2010,8.8
"FM","Micronesia",2011,8.8
"FM","Micronesia",2012,8.8
"FM","Micronesia",2013,8.8
"MD","Moldova",2000,9
"MD","Moldova",2001,
"MD","Moldova",2002,
"MD","Moldova",2003,
"MD","Moldova",2004,
"MD","Moldova",2005,9.4
"MD","Moldova",2006,9.5
"MD","Moldova",2007,9.5
"MD","Moldova",2008,9.6
"MD","Moldova",2009,9.7
"MD","Moldova",2010,9.8
"MD","Moldova",2011,9.8
"MD","Moldova",2012,9.8
"MD","Moldova",2013,9.8
"MN","Mongolia",2000,8.1
"MN","Mongolia",2001,
"MN","Mongolia",2002,
"MN","Mongolia",2003,
"MN","Mongolia",2004,
"MN","Mongolia",2005,8.2
"MN","Mongolia",2006,8.2
"MN","Mongolia",2007,8.3
"MN","Mongolia",2008,8.3
"MN","Mongolia",2009,8.3
"MN","Mongolia",2010,8.3
"MN","Mongolia",2011,8.3
"MN","Mongolia",2012,8.3
"MN","Mongolia",2013,8.3
"ME","Montenegro",2000,
"ME","Montenegro",2001,
"ME","Montenegro",2002,
"ME","Montenegro",2003,10.34473
"ME","Montenegro",2004,
"ME","Montenegro",2005,10.6
"ME","Montenegro",2006,10.6
"ME","Montenegro",2007,10.6
"ME","Montenegro",2008,10.5
"ME","Montenegro",2009,10.5
"ME","Montenegro",2010,10.5
"ME","Montenegro",2011,10.5
"ME","Montenegro",2012,10.5
"ME","Montenegro",2013,10.5
"MA","Morocco",2000,3.4
"MA","Morocco",2001,
"MA","Morocco",2002,
"MA","Morocco",2003,
"MA","Morocco",2004,
"MA","Morocco",2005,3.9
"MA","Morocco",2006,4
"MA","Morocco",2007,4.1
"MA","Morocco",2008,4.2
"MA","Morocco",2009,4.3
"MA","Morocco",2010,4.4
"MA","Morocco",2011,4.4
"MA","Morocco",2012,4.4
"MA","Morocco",2013,4.4
"MZ","Mozambique",2000,1.8
"MZ","Mozambique",2001,
"MZ","Mozambique",2002,
"MZ","Mozambique",2003,
"MZ","Mozambique",2004,
"MZ","Mozambique",2005,2.9
"MZ","Mozambique",2006,2.9
"MZ","Mozambique",2007,3
"MZ","Mozambique",2008,3.1
"MZ","Mozambique",2009,3.1
"MZ","Mozambique",2010,3.2
"MZ","Mozambique",2011,3.2
"MZ","Mozambique",2012,3.2
"MZ","Mozambique",2013,3.2
"MM","Myanmar",2000,3
"MM","Myanmar",2001,
"MM","Myanmar",2002,
"MM","Myanmar",2003,
"MM","Myanmar",2004,
"MM","Myanmar",2005,3.4
"MM","Myanmar",2006,3.5
"MM","Myanmar",2007,3.6
"MM","Myanmar",2008,3.7
"MM","Myanmar",2009,3.8
"MM","Myanmar",2010,4
"MM","Myanmar",2011,4
"MM","Myanmar",2012,4
"MM","Myanmar",2013,4
"NA","Namibia",2000,5.6
"NA","Namibia",2001,5.77449
"NA","Namibia",2002,
"NA","Namibia",2003,
"NA","Namibia",2004,
"NA","Namibia",2005,6
"NA","Namibia",2006,6
"NA","Namibia",2007,6
"NA","Namibia",2008,6.1
"NA","Namibia",2009,6.1
"NA","Namibia",2010,6.2
"NA","Namibia",2011,6.2
"NA","Namibia",2012,6.2
"NA","Namibia",2013,6.2
"NP","Nepal",2000,2.4
"NP","Nepal",2001,
"NP","Nepal",2002,
"NP","Nepal",2003,
"NP","Nepal",2004,
"NP","Nepal",2005,2.7
"NP","Nepal",2006,2.8
"NP","Nepal",2007,2.9
"NP","Nepal",2008,3
"NP","Nepal",2009,3.1
"NP","Nepal",2010,3.2
"NP","Nepal",2011,3.2
"NP","Nepal",2012,3.2
"NP","Nepal",2013,3.2
"NL","Netherlands",2000,10.8
"NL","Netherlands",2001,
"NL","Netherlands",2002,
"NL","Netherlands",2003,
"NL","Netherlands",2004,
"NL","Netherlands",2005,11.6
"NL","Netherlands",2006,11.8
"NL","Netherlands",2007,11.9
"NL","Netherlands",2008,11.8
"NL","Netherlands",2009,11.8
"NL","Netherlands",2010,11.8
"NL","Netherlands",2011,11.8
"NL","Netherlands",2012,11.9
"NL","Netherlands",2013,11.9
"NZ","New Zealand",2000,12
"NZ","New Zealand",2001,
"NZ","New Zealand",2002,
"NZ","New Zealand",2003,
"NZ","New Zealand",2004,
"NZ","New Zealand",2005,12.2
"NZ","New Zealand",2006,12.3
"NZ","New Zealand",2007,12.3
"NZ","New Zealand",2008,12.4
"NZ","New Zealand",2009,12.4
"NZ","New Zealand",2010,12.5
"NZ","New Zealand",2011,12.5
"NZ","New Zealand",2012,12.5
"NZ","New Zealand",2013,12.5
"NI","Nicaragua",2000,4.7
"NI","Nicaragua",2001,
"NI","Nicaragua",2002,
"NI","Nicaragua",2003,
"NI","Nicaragua",2004,
"NI","Nicaragua",2005,5.1
"NI","Nicaragua",2006,5.3
"NI","Nicaragua",2007,5.4
"NI","Nicaragua",2008,5.5
"NI","Nicaragua",2009,5.6
"NI","Nicaragua",2010,5.8
"NI","Nicaragua",2011,5.8
"NI","Nicaragua",2012,5.8
"NI","Nicaragua",2013,5.8
"NE","Niger",2000,1.1
"NE","Niger",2001,
"NE","Niger",2002,
"NE","Niger",2003,
"NE","Niger",2004,
"NE","Niger",2005,1.3
"NE","Niger",2006,1.3
"NE","Niger",2007,1.3
"NE","Niger",2008,1.4
"NE","Niger",2009,1.4
"NE","Niger",2010,1.4
"NE","Niger",2011,1.4
"NE","Niger",2012,1.4
"NE","Niger",2013,1.4
"NG","Nigeria",2000,
"NG","Nigeria",2001,
"NG","Nigeria",2002,
"NG","Nigeria",2003,
"NG","Nigeria",2004,
"NG","Nigeria",2005,5
"NG","Nigeria",2006,5
"NG","Nigeria",2007,5.1
"NG","Nigeria",2008,5.1
"NG","Nigeria",2009,5.2
"NG","Nigeria",2010,5.2
"NG","Nigeria",2011,5.2
"NG","Nigeria",2012,5.2
"NG","Nigeria",2013,5.2
"NO","Norway",2000,11.5
"NO","Norway",2001,
"NO","Norway",2002,
"NO","Norway",2003,
"NO","Norway",2004,
"NO","Norway",2005,12.7
"NO","Norway",2006,12.7
"NO","Norway",2007,12.7
"NO","Norway",2008,12.7
"NO","Norway",2009,12.6
"NO","Norway",2010,12.6
"NO","Norway",2011,12.6
"NO","Norway",2012,12.6
"NO","Norway",2013,12.6
"OM","Oman",2000,
"OM","Oman",2001,
"OM","Oman",2002,
"OM","Oman",2003,6.27125
"OM","Oman",2004,
"OM","Oman",2005,6.5
"OM","Oman",2006,6.6
"OM","Oman",2007,6.7
"OM","Oman",2008,6.8
"OM","Oman",2009,6.8
"OM","Oman",2010,6.8
"OM","Oman",2011,6.8
"OM","Oman",2012,6.8
"OM","Oman",2013,6.8
"PK","Pakistan",2000,3.3
"PK","Pakistan",2001,
"PK","Pakistan",2002,
"PK","Pakistan",2003,
"PK","Pakistan",2004,
"PK","Pakistan",2005,4.5
"PK","Pakistan",2006,4.4
"PK","Pakistan",2007,4.4
"PK","Pakistan",2008,4.3
"PK","Pakistan",2009,4.5
"PK","Pakistan",2010,4.6
"PK","Pakistan",2011,4.7
"PK","Pakistan",2012,4.7
"PK","Pakistan",2013,4.7
"PW","Palau",2000,11.4
"PW","Palau",2001,
"PW","Palau",2002,
"PW","Palau",2003,
"PW","Palau",2004,
"PW","Palau",2005,12.2
"PW","Palau",2006,12.2
"PW","Palau",2007,12.2
"PW","Palau",2008,12.2
"PW","Palau",2009,12.2
"PW","Palau",2010,12.2
"PW","Palau",2011,12.2
"PW","Palau",2012,12.2
"PW","Palau",2013,12.2
"PS","Palestine",2000,
"PS","Palestine",2001,
"PS","Palestine",2002,
"PS","Palestine",2003,
"PS","Palestine",2004,7.54359
"PS","Palestine",2005,7.6
"PS","Palestine",2006,7.8
"PS","Palestine",2007,7.9
"PS","Palestine",2008,8
"PS","Palestine",2009,8.3
"PS","Palestine",2010,8.4
"PS","Palestine",2011,8.6
"PS","Palestine",2012,8.9
"PS","Palestine",2013,8.9
"PA","Panama",2000,8.5
"PA","Panama",2001,
"PA","Panama",2002,
"PA","Panama",2003,
"PA","Panama",2004,
"PA","Panama",2005,9
"PA","Panama",2006,9.1
"PA","Panama",2007,9.2
"PA","Panama",2008,9.2
"PA","Panama",2009,9.3
"PA","Panama",2010,9.4
"PA","Panama",2011,9.4
"PA","Panama",2012,9.4
"PA","Panama",2013,9.4
"PG","Papua New Guinea",2000,3.2
"PG","Papua New Guinea",2001,
"PG","Papua New Guinea",2002,
"PG","Papua New Guinea",2003,
"PG","Papua New Guinea",2004,
"PG","Papua New Guinea",2005,3.5
"PG","Papua New Guinea",2006,3.6
"PG","Papua New Guinea",2007,3.7
"PG","Papua New Guinea",2008,3.8
"PG","Papua New Guinea",2009,3.8
"PG","Papua New Guinea",2010,3.9
"PG","Papua New Guinea",2011,3.9
"PG","Papua New Guinea",2012,3.9
"PG","Papua New Guinea",2013,3.9
"PY","Paraguay",2000,5.9
"PY","Paraguay",2001,
"PY","Paraguay",2002,
"PY","Paraguay",2003,6.9361
"PY","Paraguay",2004,
"PY","Paraguay",2005,7.3
"PY","Paraguay",2006,7
"PY","Paraguay",2007,7.1
"PY","Paraguay",2008,7.3
"PY","Paraguay",2009,7.4
"PY","Paraguay",2010,7.7
"PY","Paraguay",2011,7.7
"PY","Paraguay",2012,7.7
"PY","Paraguay",2013,7.7
"PE","Peru",2000,8
"PE","Peru",2001,
"PE","Peru",2002,
"PE","Peru",2003,
"PE","Peru",2004,8.55079
"PE","Peru",2005,8.4
"PE","Peru",2006,8.2
"PE","Peru",2007,8.1
"PE","Peru",2008,8.1
"PE","Peru",2009,8.1
"PE","Peru",2010,8.8
"PE","Peru",2011,8.9
"PE","Peru",2012,9
"PE","Peru",2013,9
"PH","Philippines",2000,8
"PH","Philippines",2001,
"PH","Philippines",2002,
"PH","Philippines",2003,
"PH","Philippines",2004,
"PH","Philippines",2005,8.6
"PH","Philippines",2006,8.6
"PH","Philippines",2007,8.7
"PH","Philippines",2008,8.8
"PH","Philippines",2009,8.9
"PH","Philippines",2010,8.9
"PH","Philippines",2011,8.9
"PH","Philippines",2012,8.9
"PH","Philippines",2013,8.9
"PL","Poland",2000,11.1
"PL","Poland",2001,
"PL","Poland",2002,
"PL","Poland",2003,
"PL","Poland",2004,
"PL","Poland",2005,11.3
"PL","Poland",2006,11.3
"PL","Poland",2007,11.4
"PL","Poland",2008,11.4
"PL","Poland",2009,11.6
"PL","Poland",2010,11.7
"PL","Poland",2011,11.8
"PL","Poland",2012,11.8
"PL","Poland",2013,11.8
"PT","Portugal",2000,6.6
"PT","Portugal",2001,
"PT","Portugal",2002,
"PT","Portugal",2003,
"PT","Portugal",2004,6.95862
"PT","Portugal",2005,7.1
"PT","Portugal",2006,7.3
"PT","Portugal",2007,7.3
"PT","Portugal",2008,7.4
"PT","Portugal",2009,7.6
"PT","Portugal",2010,7.8
"PT","Portugal",2011,8
"PT","Portugal",2012,8.2
"PT","Portugal",2013,8.2
"QA","Qatar",2000,7.9
"QA","Qatar",2001,
"QA","Qatar",2002,
"QA","Qatar",2003,
"QA","Qatar",2004,8.30385
"QA","Qatar",2005,8.7
"QA","Qatar",2006,9.1
"QA","Qatar",2007,9.5
"QA","Qatar",2008,9.6
"QA","Qatar",2009,9.2
"QA","Qatar",2010,8.9
"QA","Qatar",2011,8.6
"QA","Qatar",2012,9.1
"QA","Qatar",2013,9.1
"RO","Romania",2000,9.9
"RO","Romania",2001,
"RO","Romania",2002,9.55589
"RO","Romania",2003,
"RO","Romania",2004,
"RO","Romania",2005,10.1
"RO","Romania",2006,10.3
"RO","Romania",2007,10.4
"RO","Romania",2008,10.5
"RO","Romania",2009,10.5
"RO","Romania",2010,10.6
"RO","Romania",2011,10.7
"RO","Romania",2012,10.7
"RO","Romania",2013,10.7
"RU","Russian Federation",2000,11.3
"RU","Russian Federation",2001,
"RU","Russian Federation",2002,
"RU","Russian Federation",2003,
"RU","Russian Federation",2004,
"RU","Russian Federation",2005,11.6
"RU","Russian Federation",2006,11.6
"RU","Russian Federation",2007,11.6
"RU","Russian Federation",2008,11.7
"RU","Russian Federation",2009,11.7
"RU","Russian Federation",2010,11.7
"RU","Russian Federation",2011,11.7
"RU","Russian Federation",2012,11.7
"RU","Russian Federation",2013,11.7
"RW","Rwanda",2000,2.3
"RW","Rwanda",2001,
"RW","Rwanda",2002,
"RW","Rwanda",2003,
"RW","Rwanda",2004,
"RW","Rwanda",2005,2.8
"RW","Rwanda",2006,2.9
"RW","Rwanda",2007,3
"RW","Rwanda",2008,3.1
"RW","Rwanda",2009,3.2
"RW","Rwanda",2010,3.3
"RW","Rwanda",2011,3.3
"RW","Rwanda",2012,3.3
"RW","Rwanda",2013,3.3
"KN","Saint Kitts and Nevis",2000,
"KN","Saint Kitts and Nevis",2001,
"KN","Saint Kitts and Nevis",2002,
"KN","Saint Kitts and Nevis",2003,
"KN","Saint Kitts and Nevis",2004,
"KN","Saint Kitts and Nevis",2005,
"KN","Saint Kitts and Nevis",2006,
"KN","Saint Kitts and Nevis",2007,
"KN","Saint Kitts and Nevis",2008,
"KN","Saint Kitts and Nevis",2009,8.4
"KN","Saint Kitts and Nevis",2010,8.4
"KN","Saint Kitts and Nevis",2011,8.4
"KN","Saint Kitts and Nevis",2012,8.4
"KN","Saint Kitts and Nevis",2013,8.4
"LC","Saint Lucia",2000,
"LC","Saint Lucia",2001,
"LC","Saint Lucia",2002,
"LC","Saint Lucia",2003,
"LC","Saint Lucia",2004,
"LC","Saint Lucia",2005,
"LC","Saint Lucia",2006,
"LC","Saint Lucia",2007,
"LC","Saint Lucia",2008,
"LC","Saint Lucia",2009,8.3
"LC","Saint Lucia",2010,8.3
"LC","Saint Lucia",2011,8.3
"LC","Saint Lucia",2012,8.3
"LC","Saint Lucia",2013,8.3
"VC","Saint Vincent and the Grenadines",2000,
"VC","Saint Vincent and the Grenadines",2001,
"VC","Saint Vincent and the Grenadines",2002,
"VC","Saint Vincent and the Grenadines",2003,
"VC","Saint Vincent and the Grenadines",2004,
"VC","Saint Vincent and the Grenadines",2005,
"VC","Saint Vincent and the Grenadines",2006,
"VC","Saint Vincent and the Grenadines",2007,
"VC","Saint Vincent and the Grenadines",2008,
"VC","Saint Vincent and the Grenadines",2009,8.6
"VC","Saint Vincent and the Grenadines",2010,8.6
"VC","Saint Vincent and the Grenadines",2011,8.6
"VC","Saint Vincent and the Grenadines",2012,8.6
"VC","Saint Vincent and the Grenadines",2013,8.6
"WS","Samoa",2000,10.3
"WS","Samoa",2001,
"WS","Samoa",2002,
"WS","Samoa",2003,
"WS","Samoa",2004,
"WS","Samoa",2005,10.3
"WS","Samoa",2006,10.3
"WS","Samoa",2007,10.3
"WS","Samoa",2008,10.3
"WS","Samoa",2009,10.3
"WS","Samoa",2010,10.3
"WS","Samoa",2011,10.3
"WS","Samoa",2012,10.3
"WS","Samoa",2013,10.3
"ST","Sao Tome and Principe",2000,4.2
"ST","Sao Tome and Principe",2001,
"ST","Sao Tome and Principe",2002,
"ST","Sao Tome and Principe",2003,
"ST","Sao Tome and Principe",2004,
"ST","Sao Tome and Principe",2005,4.2
"ST","Sao Tome and Principe",2006,4.3
"ST","Sao Tome and Principe",2007,4.4
"ST","Sao Tome and Principe",2008,4.7
"ST","Sao Tome and Principe",2009,4.7
"ST","Sao Tome and Principe",2010,4.7
"ST","Sao Tome and Principe",2011,4.7
"ST","Sao Tome and Principe",2012,4.7
"ST","Sao Tome and Principe",2013,4.7
"SA","Saudi Arabia",2000,7.4
"SA","Saudi Arabia",2001,
"SA","Saudi Arabia",2002,
"SA","Saudi Arabia",2003,
"SA","Saudi Arabia",2004,7.29703
"SA","Saudi Arabia",2005,8.1
"SA","Saudi Arabia",2006,8.2
"SA","Saudi Arabia",2007,8.2
"SA","Saudi Arabia",2008,8.3
"SA","Saudi Arabia",2009,8.4
"SA","Saudi Arabia",2010,8.5
"SA","Saudi Arabia",2011,8.5
"SA","Saudi Arabia",2012,8.6
"SA","Saudi Arabia",2013,8.7
"SN","Senegal",2000,3.7
"SN","Senegal",2001,
"SN","Senegal",2002,
"SN","Senegal",2003,
"SN","Senegal",2004,
"SN","Senegal",2005,4
"SN","Senegal",2006,4.1
"SN","Senegal",2007,4.2
"SN","Senegal",2008,4.3
"SN","Senegal",2009,4.4
"SN","Senegal",2010,4.5
"SN","Senegal",2011,4.5
"SN","Senegal",2012,4.5
"SN","Senegal",2013,4.5
"RS","Serbia",2000,9.2
"RS","Serbia",2001,
"RS","Serbia",2002,
"RS","Serbia",2003,
"RS","Serbia",2004,
"RS","Serbia",2005,9.4
"RS","Serbia",2006,9.4
"RS","Serbia",2007,9.5
"RS","Serbia",2008,9.5
"RS","Serbia",2009,9.5
"RS","Serbia",2010,9.5
"RS","Serbia",2011,9.5
"RS","Serbia",2012,9.5
"RS","Serbia",2013,9.5
"SC","Seychelles",2000,9.4
"SC","Seychelles",2001,
"SC","Seychelles",2002,
"SC","Seychelles",2003,
"SC","Seychelles",2004,
"SC","Seychelles",2005,9.4
"SC","Seychelles",2006,9.4
"SC","Seychelles",2007,9.4
"SC","Seychelles",2008,9.4
"SC","Seychelles",2009,9.4
"SC","Seychelles",2010,9.4
"SC","Seychelles",2011,9.4
"SC","Seychelles",2012,9.4
"SC","Seychelles",2013,9.4
"SL","Sierra Leone",2000,2.4
"SL","Sierra Leone",2001,
"SL","Sierra Leone",2002,
"SL","Sierra Leone",2003,
"SL","Sierra Leone",2004,
"SL","Sierra Leone",2005,2.6
"SL","Sierra Leone",2006,2.6
"SL","Sierra Leone",2007,2.7
"SL","Sierra Leone",2008,2.8
"SL","Sierra Leone",2009,2.8
"SL","Sierra Leone",2010,2.9
"SL","Sierra Leone",2011,2.9
"SL","Sierra Leone",2012,2.9
"SL","Sierra Leone",2013,2.9
"SG","Singapore",2000,7.6
"SG","Singapore",2001,
"SG","Singapore",2002,
"SG","Singapore",2003,
"SG","Singapore",2004,
"SG","Singapore",2005,8.4
"SG","Singapore",2006,8.8
"SG","Singapore",2007,9.1
"SG","Singapore",2008,9.4
"SG","Singapore",2009,9.4
"SG","Singapore",2010,10.1
"SG","Singapore",2011,10.1
"SG","Singapore",2012,10.2
"SG","Singapore",2013,10.2
"SK","Slovakia",2000,11.2
"SK","Slovakia",2001,10.12062
"SK","Slovakia",2002,
"SK","Slovakia",2003,
"SK","Slovakia",2004,
"SK","Slovakia",2005,11.6
"SK","Slovakia",2006,11.6
"SK","Slovakia",2007,11.6
"SK","Slovakia",2008,11.6
"SK","Slovakia",2009,11.6
"SK","Slovakia",2010,11.6
"SK","Slovakia",2011,11.6
"SK","Slovakia",2012,11.6
"SK","Slovakia",2013,11.6
"SI","Slovenia",2000,11.6
"SI","Slovenia",2001,
"SI","Slovenia",2002,
"SI","Slovenia",2003,
"SI","Slovenia",2004,11.67903
"SI","Slovenia",2005,11.4
"SI","Slovenia",2006,11.5
"SI","Slovenia",2007,11.5
"SI","Slovenia",2008,11.6
"SI","Slovenia",2009,11.7
"SI","Slovenia",2010,11.8
"SI","Slovenia",2011,11.9
"SI","Slovenia",2012,11.9
"SI","Slovenia",2013,11.9
"SB","Solomon Islands",2000,4.5
"SB","Solomon Islands",2001,
"SB","Solomon Islands",2002,
"SB","Solomon Islands",2003,
"SB","Solomon Islands",2004,
"SB","Solomon Islands",2005,4.5
"SB","Solomon Islands",2006,4.5
"SB","Solomon Islands",2007,4.5
"SB","Solomon Islands",2008,4.5
"SB","Solomon Islands",2009,4.5
"SB","Solomon Islands",2010,4.5
"SB","Solomon Islands",2011,4.5
"SB","Solomon Islands",2012,4.5
"SB","Solomon Islands",2013,4.5
"ZA","South Africa",2000,8.8
"ZA","South Africa",2001,7.53414
"ZA","South Africa",2002,8.54677
"ZA","South Africa",2003,8.75915
"ZA","South Africa",2004,8.82416
"ZA","South Africa",2005,8.9
"ZA","South Africa",2006,8.9
"ZA","South Africa",2007,9.1
"ZA","South Africa",2008,9.2
"ZA","South Africa",2009,9.5
"ZA","South Africa",2010,9.6
"ZA","South Africa",2011,9.7
"ZA","South Africa",2012,9.9
"ZA","South Africa",2013,9.9
"KR","South Korea",2000,10.6
"KR","South Korea",2001,
"KR","South Korea",2002,
"KR","South Korea",2003,
"KR","South Korea",2004,
"KR","South Korea",2005,11.4
"KR","South Korea",2006,11.4
"KR","South Korea",2007,11.5
"KR","South Korea",2008,11.6
"KR","South Korea",2009,11.7
"KR","South Korea",2010,11.8
"KR","South Korea",2011,11.8
"KR","South Korea",2012,11.8
"KR","South Korea",2013,11.8
"ES","Spain",2000,8.4
"ES","Spain",2001,
"ES","Spain",2002,
"ES","Spain",2003,
"ES","Spain",2004,8.67439
"ES","Spain",2005,8.9
"ES","Spain",2006,9.1
"ES","Spain",2007,9.2
"ES","Spain",2008,9.3
"ES","Spain",2009,9.4
"ES","Spain",2010,9.5
"ES","Spain",2011,9.5
"ES","Spain",2012,9.6
"ES","Spain",2013,9.6
"LK","Sri Lanka",2000,10
"LK","Sri Lanka",2001,10.90722
"LK","Sri Lanka",2002,
"LK","Sri Lanka",2003,
"LK","Sri Lanka",2004,
"LK","Sri Lanka",2005,10.4
"LK","Sri Lanka",2006,10.5
"LK","Sri Lanka",2007,10.6
"LK","Sri Lanka",2008,10.6
"LK","Sri Lanka",2009,10.7
"LK","Sri Lanka",2010,10.8
"LK","Sri Lanka",2011,10.8
"LK","Sri Lanka",2012,10.8
"LK","Sri Lanka",2013,10.8
"SD","Sudan",2000,2.4
"SD","Sudan",2001,
"SD","Sudan",2002,
"SD","Sudan",2003,
"SD","Sudan",2004,
"SD","Sudan",2005,2.8
"SD","Sudan",2006,2.9
"SD","Sudan",2007,2.9
"SD","Sudan",2008,3
"SD","Sudan",2009,3.1
"SD","Sudan",2010,3.1
"SD","Sudan",2011,3.1
"SD","Sudan",2012,3.1
"SD","Sudan",2013,3.1
"SR","Suriname",2000,
"SR","Suriname",2001,
"SR","Suriname",2002,
"SR","Suriname",2003,
"SR","Suriname",2004,7.65141
"SR","Suriname",2005,7.7
"SR","Suriname",2006,7.7
"SR","Suriname",2007,7.7
"SR","Suriname",2008,7.7
"SR","Suriname",2009,7.7
"SR","Suriname",2010,7.7
"SR","Suriname",2011,7.7
"SR","Suriname",2012,7.7
"SR","Suriname",2013,7.7
"SZ","Swaziland",2000,6
"SZ","Swaziland",2001,
"SZ","Swaziland",2002,
"SZ","Swaziland",2003,
"SZ","Swaziland",2004,
"SZ","Swaziland",2005,6.6
"SZ","Swaziland",2006,6.7
"SZ","Swaziland",2007,6.8
"SZ","Swaziland",2008,6.9
"SZ","Swaziland",2009,7
"SZ","Swaziland",2010,7.1
"SZ","Swaziland",2011,7.1
"SZ","Swaziland",2012,7.1
"SZ","Swaziland",2013,7.1
"SE","Sweden",2000,11
"SE","Sweden",2001,
"SE","Sweden",2002,
"SE","Sweden",2003,
"SE","Sweden",2004,
"SE","Sweden",2005,11.6
"SE","Sweden",2006,11.6
"SE","Sweden",2007,11.6
"SE","Sweden",2008,11.6
"SE","Sweden",2009,11.6
"SE","Sweden",2010,11.7
"SE","Sweden",2011,11.7
"SE","Sweden",2012,11.7
"SE","Sweden",2013,11.7
"CH","Switzerland",2000,11.4
"CH","Switzerland",2001,
"CH","Switzerland",2002,
"CH","Switzerland",2003,
"CH","Switzerland",2004,
"CH","Switzerland",2005,12
"CH","Switzerland",2006,12
"CH","Switzerland",2007,12.1
"CH","Switzerland",2008,12.1
"CH","Switzerland",2009,12.2
"CH","Switzerland",2010,12.2
"CH","Switzerland",2011,12.2
"CH","Switzerland",2012,12.2
"CH","Switzerland",2013,12.2
"SY","Syria",2000,5.1
"SY","Syria",2001,
"SY","Syria",2002,
"SY","Syria",2003,
"SY","Syria",2004,
"SY","Syria",2005,6.5
"SY","Syria",2006,
"SY","Syria",2007,6.5
"SY","Syria",2008,6.3
"SY","Syria",2009,6.6
"SY","Syria",2010,6.6
"SY","Syria",2011,6.6
"SY","Syria",2012,6.6
"SY","Syria",2013,6.6
"TJ","Tajikistan",2000,9.9
"TJ","Tajikistan",2001,
"TJ","Tajikistan",2002,
"TJ","Tajikistan",2003,
"TJ","Tajikistan",2004,
"TJ","Tajikistan",2005,10
"TJ","Tajikistan",2006,10
"TJ","Tajikistan",2007,9.9
"TJ","Tajikistan",2008,9.9
"TJ","Tajikistan",2009,9.9
"TJ","Tajikistan",2010,9.9
"TJ","Tajikistan",2011,9.9
"TJ","Tajikistan",2012,9.9
"TJ","Tajikistan",2013,9.9
"TZ","Tanzania",2000,4.6
"TZ","Tanzania",2001,
"TZ","Tanzania",2002,
"TZ","Tanzania",2003,
"TZ","Tanzania",2004,
"TZ","Tanzania",2005,4.8
"TZ","Tanzania",2006,4.8
"TZ","Tanzania",2007,4.9
"TZ","Tanzania",2008,5
"TZ","Tanzania",2009,5
"TZ","Tanzania",2010,5.1
"TZ","Tanzania",2011,5.1
"TZ","Tanzania",2012,5.1
"TZ","Tanzania",2013,5.1
"TH","Thailand",2000,6.1
"TH","Thailand",2001,
"TH","Thailand",2002,
"TH","Thailand",2003,
"TH","Thailand",2004,6.92574
"TH","Thailand",2005,6.7
"TH","Thailand",2006,6.5
"TH","Thailand",2007,6.7
"TH","Thailand",2008,6.9
"TH","Thailand",2009,7.1
"TH","Thailand",2010,7.3
"TH","Thailand",2011,7.3
"TH","Thailand",2012,7.3
"TH","Thailand",2013,7.3
"TL","Timor-Leste",2000,2.8
"TL","Timor-Leste",2001,
"TL","Timor-Leste",2002,
"TL","Timor-Leste",2003,
"TL","Timor-Leste",2004,
"TL","Timor-Leste",2005,2.8
"TL","Timor-Leste",2006,3.1
"TL","Timor-Leste",2007,3.4
"TL","Timor-Leste",2008,3.8
"TL","Timor-Leste",2009,4.1
"TL","Timor-Leste",2010,4.4
"TL","Timor-Leste",2011,4.4
"TL","Timor-Leste",2012,4.4
"TL","Timor-Leste",2013,4.4
"TG","Togo",2000,4.4
"TG","Togo",2001,
"TG","Togo",2002,
"TG","Togo",2003,
"TG","Togo",2004,
"TG","Togo",2005,4.8
"TG","Togo",2006,4.9
"TG","Togo",2007,5
"TG","Togo",2008,5.1
"TG","Togo",2009,5.2
"TG","Togo",2010,5.3
"TG","Togo",2011,5.3
"TG","Togo",2012,5.3
"TG","Togo",2013,5.3
"TO","Tonga",2000,8.9
"TO","Tonga",2001,
"TO","Tonga",2002,
"TO","Tonga",2003,
"TO","Tonga",2004,
"TO","Tonga",2005,9
"TO","Tonga",2006,9.1
"TO","Tonga",2007,9.2
"TO","Tonga",2008,9.2
"TO","Tonga",2009,9.3
"TO","Tonga",2010,9.4
"TO","Tonga",2011,9.4
"TO","Tonga",2012,9.4
"TO","Tonga",2013,9.4
"TT","Trinidad and Tobago",2000,8.3
"TT","Trinidad and Tobago",2001,
"TT","Trinidad and Tobago",2002,
"TT","Trinidad and Tobago",2003,
"TT","Trinidad and Tobago",2004,
"TT","Trinidad and Tobago",2005,10.3
"TT","Trinidad and Tobago",2006,10.4
"TT","Trinidad and Tobago",2007,10.6
"TT","Trinidad and Tobago",2008,10.8
"TT","Trinidad and Tobago",2009,10.8
"TT","Trinidad and Tobago",2010,10.8
"TT","Trinidad and Tobago",2011,10.8
"TT","Trinidad and Tobago",2012,10.8
"TT","Trinidad and Tobago",2013,10.8
"TN","Tunisia",2000,4.8
"TN","Tunisia",2001,
"TN","Tunisia",2002,
"TN","Tunisia",2003,
"TN","Tunisia",2004,
"TN","Tunisia",2005,5.7
"TN","Tunisia",2006,5.8
"TN","Tunisia",2007,6
"TN","Tunisia",2008,6.1
"TN","Tunisia",2009,6.3
"TN","Tunisia",2010,6.5
"TN","Tunisia",2011,6.5
"TN","Tunisia",2012,6.5
"TN","Tunisia",2013,6.5
"TR","Turkey",2000,5.5
"TR","Turkey",2001,
"TR","Turkey",2002,
"TR","Turkey",2003,
"TR","Turkey",2004,5.90298
"TR","Turkey",2005,6
"TR","Turkey",2006,6.1
"TR","Turkey",2007,6.2
"TR","Turkey",2008,6.5
"TR","Turkey",2009,6.6
"TR","Turkey",2010,7.2
"TR","Turkey",2011,7.4
"TR","Turkey",2012,7.6
"TR","Turkey",2013,7.6
"TM","Turkmenistan",2000,9.9
"TM","Turkmenistan",2001,
"TM","Turkmenistan",2002,
"TM","Turkmenistan",2003,
"TM","Turkmenistan",2004,
"TM","Turkmenistan",2005,9.9
"TM","Turkmenistan",2006,9.9
"TM","Turkmenistan",2007,9.9
"TM","Turkmenistan",2008,9.9
"TM","Turkmenistan",2009,9.9
"TM","Turkmenistan",2010,9.9
"TM","Turkmenistan",2011,9.9
"TM","Turkmenistan",2012,9.9
"TM","Turkmenistan",2013,9.9
"AE","UAE",2000,8.3
"AE","UAE",2001,
"AE","UAE",2002,
"AE","UAE",2003,
"AE","UAE",2004,
"AE","UAE",2005,9
"AE","UAE",2006,9
"AE","UAE",2007,9
"AE","UAE",2008,9.1
"AE","UAE",2009,9.1
"AE","UAE",2010,9.1
"AE","UAE",2011,9.1
"AE","UAE",2012,9.1
"AE","UAE",2013,9.1
"UG","Uganda",2000,3.9
"UG","Uganda",2001,
"UG","Uganda",2002,
"UG","Uganda",2003,
"UG","Uganda",2004,
"UG","Uganda",2005,4.9
"UG","Uganda",2006,5
"UG","Uganda",2007,5.1
"UG","Uganda",2008,5.2
"UG","Uganda",2009,5.3
"UG","Uganda",2010,5.4
"UG","Uganda",2011,5.4
"UG","Uganda",2012,5.4
"UG","Uganda",2013,5.4
"UA","Ukraine",2000,10.7
"UA","Ukraine",2001,
"UA","Ukraine",2002,
"UA","Ukraine",2003,
"UA","Ukraine",2004,
"UA","Ukraine",2005,11.1
"UA","Ukraine",2006,11.2
"UA","Ukraine",2007,11.2
"UA","Ukraine",2008,11.2
"UA","Ukraine",2009,11.2
"UA","Ukraine",2010,11.3
"UA","Ukraine",2011,11.3
"UA","Ukraine",2012,11.3
"UA","Ukraine",2013,11.3
"GB","United Kingdom",2000,11.6
"GB","United Kingdom",2001,
"GB","United Kingdom",2002,
"GB","United Kingdom",2003,
"GB","United Kingdom",2004,
"GB","United Kingdom",2005,12.2
"GB","United Kingdom",2006,12.2
"GB","United Kingdom",2007,12.2
"GB","United Kingdom",2008,12.3
"GB","United Kingdom",2009,12.3
"GB","United Kingdom",2010,12.3
"GB","United Kingdom",2011,12.3
"GB","United Kingdom",2012,12.3
"GB","United Kingdom",2013,12.3
"UY","Uruguay",2000,8
"UY","Uruguay",2001,
"UY","Uruguay",2002,
"UY","Uruguay",2003,
"UY","Uruguay",2004,
"UY","Uruguay",2005,8
"UY","Uruguay",2006,8
"UY","Uruguay",2007,8.2
"UY","Uruguay",2008,8.3
"UY","Uruguay",2009,8.3
"UY","Uruguay",2010,8.3
"UY","Uruguay",2011,8.4
"UY","Uruguay",2012,8.5
"UY","Uruguay",2013,8.5
"US","USA",2000,12.7
"US","USA",2001,
"US","USA",2002,
"US","USA",2003,
"US","USA",2004,
"US","USA",2005,12.8
"US","USA",2006,12.8
"US","USA",2007,12.9
"US","USA",2008,12.9
"US","USA",2009,12.9
"US","USA",2010,12.9
"US","USA",2011,12.9
"US","USA",2012,12.9
"US","USA",2013,12.9
"UZ","Uzbekistan",2000,
"UZ","Uzbekistan",2001,
"UZ","Uzbekistan",2002,
"UZ","Uzbekistan",2003,
"UZ","Uzbekistan",2004,
"UZ","Uzbekistan",2005,10
"UZ","Uzbekistan",2006,10
"UZ","Uzbekistan",2007,10
"UZ","Uzbekistan",2008,10
"UZ","Uzbekistan",2009,10
"UZ","Uzbekistan",2010,10
"UZ","Uzbekistan",2011,10
"UZ","Uzbekistan",2012,10
"UZ","Uzbekistan",2013,10
"VU","Vanuatu",2000,
"VU","Vanuatu",2001,
"VU","Vanuatu",2002,
"VU","Vanuatu",2003,
"VU","Vanuatu",2004,
"VU","Vanuatu",2005,
"VU","Vanuatu",2006,
"VU","Vanuatu",2007,
"VU","Vanuatu",2008,9
"VU","Vanuatu",2009,9
"VU","Vanuatu",2010,9
"VU","Vanuatu",2011,9
"VU","Vanuatu",2012,9
"VU","Vanuatu",2013,9
"VE","Venezuela",2000,6.6
"VE","Venezuela",2001,
"VE","Venezuela",2002,
"VE","Venezuela",2003,
"VE","Venezuela",2004,
"VE","Venezuela",2005,7.4
"VE","Venezuela",2006,7.6
"VE","Venezuela",2007,8.1
"VE","Venezuela",2008,8.3
"VE","Venezuela",2009,8.4
"VE","Venezuela",2010,8.6
"VE","Venezuela",2011,8.6
"VE","Venezuela",2012,8.6
"VE","Venezuela",2013,8.6
"VN","Viet Nam",2000,4.5
"VN","Viet Nam",2001,
"VN","Viet Nam",2002,
"VN","Viet Nam",2003,
"VN","Viet Nam",2004,
"VN","Viet Nam",2005,4.9
"VN","Viet Nam",2006,5.1
"VN","Viet Nam",2007,5.2
"VN","Viet Nam",2008,5.3
"VN","Viet Nam",2009,5.4
"VN","Viet Nam",2010,5.5
"VN","Viet Nam",2011,5.5
"VN","Viet Nam",2012,5.5
"VN","Viet Nam",2013,5.5
"YE","Yemen",2000,1.1
"YE","Yemen",2001,
"YE","Yemen",2002,
"YE","Yemen",2003,
"YE","Yemen",2004,
"YE","Yemen",2005,1.8
"YE","Yemen",2006,1.9
"YE","Yemen",2007,2.1
"YE","Yemen",2008,2.2
"YE","Yemen",2009,2.4
"YE","Yemen",2010,2.5
"YE","Yemen",2011,2.5
"YE","Yemen",2012,2.5
"YE","Yemen",2013,2.5
"ZM","Zambia",2000,5.9
"ZM","Zambia",2001,
"ZM","Zambia",2002,
"ZM","Zambia",2003,
"ZM","Zambia",2004,
"ZM","Zambia",2005,6.4
"ZM","Zambia",2006,6.4
"ZM","Zambia",2007,6.4
"ZM","Zambia",2008,6.4
"ZM","Zambia",2009,6.5
"ZM","Zambia",2010,6.5
"ZM","Zambia",2011,6.5
"ZM","Zambia",2012,6.5
"ZM","Zambia",2013,6.5
"ZW","Zimbabwe",2000,5.9
"ZW","Zimbabwe",2001,
"ZW","Zimbabwe",2002,
"ZW","Zimbabwe",2003,
"ZW","Zimbabwe",2004,
"ZW","Zimbabwe",2005,6.7
"ZW","Zimbabwe",2006,6.8
"ZW","Zimbabwe",2007,6.9
"ZW","Zimbabwe",2008,7
"ZW","Zimbabwe",2009,7.1
"ZW","Zimbabwe",2010,7.2
"ZW","Zimbabwe",2011,7.2
"ZW","Zimbabwe",2012,7.2
"ZW","Zimbabwe",2013,7.2
