"id","entity-name","year","value"
"AF","Afghanistan",2000,
"AF","Afghanistan",2001,
"AF","Afghanistan",2002,0
"AF","Afghanistan",2003,0
"AF","Afghanistan",2004,0
"AF","Afghanistan",2005,0
"AF","Afghanistan",2006,0
"AF","Afghanistan",2007,0
"AF","Afghanistan",2008,4.795479419
"AF","Afghanistan",2009,10.50807151
"AF","Afghanistan",2010,17.69717634
"AF","Afghanistan",2011,15.74955178
"AF","Afghanistan",2012,15.44017016
"AF","Afghanistan",2013,26.25947847
"AL","Albania",2000,362.2034021
"AL","Albania",2001,412.8579013
"AL","Albania",2002,415.4741174
"AL","Albania",2003,413.2803957
"AL","Albania",2004,448.8149293
"AL","Albania",2005,475.5858507
"AL","Albania",2006,486.2790759
"AL","Albania",2007,472.1974289
"AL","Albania",2008,429.5951928
"AL","Albania",2009,423.4565895
"AL","Albania",2010,401.52297
"AL","Albania",2011,376.5940808
"AL","Albania",2012,366.5852942
"AL","Albania",2013,280.3210188
"DZ","Algeria",2000,60.98616986
"DZ","Algeria",2001,52.56419392
"DZ","Algeria",2002,84.38854972
"DZ","Algeria",2003,122.1353498
"DZ","Algeria",2004,140.4725826
"DZ","Algeria",2005,101.4843327
"DZ","Algeria",2006,69.99464562
"DZ","Algeria",2007,81.2171217
"DZ","Algeria",2008,66.9598009
"DZ","Algeria",2009,77.94712544
"DZ","Algeria",2010,66.93917174
"DZ","Algeria",2011,51.91132296
"DZ","Algeria",2012,50.47104852
"DZ","Algeria",2013,51.54051363
"AO","Angola",2000,0
"AO","Angola",2001,0
"AO","Angola",2002,0
"AO","Angola",2003,0
"AO","Angola",2004,0
"AO","Angola",2005,0
"AO","Angola",2006,0
"AO","Angola",2007,0
"AO","Angola",2008,5.306639721
"AO","Angola",2009,0.011598686
"AO","Angola",2010,1.176606702
"AO","Angola",2011,0.010688939
"AO","Angola",2012,0.002161329
"AO","Angola",2013,0.002047012
"AI","Anguilla",2000,
"AI","Anguilla",2001,
"AI","Anguilla",2002,
"AI","Anguilla",2003,
"AI","Anguilla",2004,
"AI","Anguilla",2005,
"AI","Anguilla",2006,
"AI","Anguilla",2007,
"AI","Anguilla",2008,
"AI","Anguilla",2009,
"AI","Anguilla",2010,
"AI","Anguilla",2011,
"AI","Anguilla",2012,
"AI","Anguilla",2013,
"AG","Antigua & Barbuda",2000,351.5214333
"AG","Antigua & Barbuda",2001,437.1954235
"AG","Antigua & Barbuda",2002,277.4420901
"AG","Antigua & Barbuda",2003,310.9369895
"AG","Antigua & Barbuda",2004,315.8216391
"AG","Antigua & Barbuda",2005,263.9401805
"AG","Antigua & Barbuda",2006,272.9116385
"AG","Antigua & Barbuda",2007,273.6523331
"AG","Antigua & Barbuda",2008,276.1636163
"AG","Antigua & Barbuda",2009,257.9126273
"AG","Antigua & Barbuda",2010,242.1326523
"AG","Antigua & Barbuda",2011,237.5589468
"AG","Antigua & Barbuda",2012,230.7920113
"AG","Antigua & Barbuda",2013,244.0711474
"AR","Argentina",2000,2.953311366
"AR","Argentina",2001,6.490060442
"AR","Argentina",2002,17.23952224
"AR","Argentina",2003,18.809566
"AR","Argentina",2004,19.45097393
"AR","Argentina",2005,24.42194227
"AR","Argentina",2006,28.07237276
"AR","Argentina",2007,27.6788627
"AR","Argentina",2008,27.01285545
"AR","Argentina",2009,25.49048574
"AR","Argentina",2010,23.62797523
"AR","Argentina",2011,22.74265397
"AR","Argentina",2012,13.87893818
"AR","Argentina",2013,12.67014829
"AM","Armenia",2000,60.47407847
"AM","Armenia",2001,64.82778547
"AM","Armenia",2002,92.45675823
"AM","Armenia",2003,114.6968431
"AM","Armenia",2004,258.53374
"AM","Armenia",2005,242.0897591
"AM","Armenia",2006,282.156052
"AM","Armenia",2007,287.7034592
"AM","Armenia",2008,306.768263
"AM","Armenia",2009,258.1231032
"AM","Armenia",2010,320.5203569
"AM","Armenia",2011,616.4027255
"AM","Armenia",2012,715.0030112
"AM","Armenia",2013,753.402392
"AZ","Azerbaijan",2000,23.8821356
"AZ","Azerbaijan",2001,42.47155458
"AZ","Azerbaijan",2002,72.8881943
"AZ","Azerbaijan",2003,64.40098988
"AZ","Azerbaijan",2004,78.48533244
"AZ","Azerbaijan",2005,176.2727987
"AZ","Azerbaijan",2006,187.2854422
"AZ","Azerbaijan",2007,235.9685215
"AZ","Azerbaijan",2008,218.7740867
"AZ","Azerbaijan",2009,202.6614428
"AZ","Azerbaijan",2010,197.7636799
"AZ","Azerbaijan",2011,214.0989229
"AZ","Azerbaijan",2012,214.0948985
"AZ","Azerbaijan",2013,175.6673692
"BD","Bangladesh",2000,22.31793782
"BD","Bangladesh",2001,24.51429561
"BD","Bangladesh",2002,32.68558945
"BD","Bangladesh",2003,34.57488708
"BD","Bangladesh",2004,37.40772885
"BD","Bangladesh",2005,45.68620037
"BD","Bangladesh",2006,56.70712234
"BD","Bangladesh",2007,63.55300826
"BD","Bangladesh",2008,79.52600288
"BD","Bangladesh",2009,87.32912432
"BD","Bangladesh",2010,84.67552713
"BD","Bangladesh",2011,92.31779589
"BD","Bangladesh",2012,91.04949135
"BD","Bangladesh",2013,82.37622299
"BY","Belarus",2000,38.77188965
"BY","Belarus",2001,36.97876313
"BY","Belarus",2002,31.1182961
"BY","Belarus",2003,43.5060544
"BY","Belarus",2004,43.39932856
"BY","Belarus",2005,28.33534887
"BY","Belarus",2006,34.26087364
"BY","Belarus",2007,32.77099408
"BY","Belarus",2008,54.81334035
"BY","Belarus",2009,58.64312856
"BY","Belarus",2010,59.52515906
"BY","Belarus",2011,98.41753685
"BY","Belarus",2012,111.2743
"BY","Belarus",2013,109.6102463
"BZ","Belize",2000,133.2667532
"BZ","Belize",2001,150.1833997
"BZ","Belize",2002,133.7596242
"BZ","Belize",2003,159.8932531
"BZ","Belize",2004,157.6553515
"BZ","Belize",2005,192.0920331
"BZ","Belize",2006,256.1874531
"BZ","Belize",2007,273.018888
"BZ","Belize",2008,272.4947942
"BZ","Belize",2009,280.1392593
"BZ","Belize",2010,268.2744855
"BZ","Belize",2011,241.887726
"BZ","Belize",2012,234.3567493
"BZ","Belize",2013,227.0968628
"BJ","Benin",2000,25.01175781
"BJ","Benin",2001,23.36074492
"BJ","Benin",2002,19.12022963
"BJ","Benin",2003,11.03171385
"BJ","Benin",2004,11.00811835
"BJ","Benin",2005,23.74255395
"BJ","Benin",2006,29.45830075
"BJ","Benin",2007,31.395832
"BJ","Benin",2008,22.78744905
"BJ","Benin",2009,13.95185726
"BJ","Benin",2010,15.46644257
"BJ","Benin",2011,13.97790206
"BJ","Benin",2012,13.87296877
"BJ","Benin",2013,15.94350053
"BT","Bhutan",2000,0
"BT","Bhutan",2001,0
"BT","Bhutan",2002,0
"BT","Bhutan",2003,0
"BT","Bhutan",2004,0
"BT","Bhutan",2005,0
"BT","Bhutan",2006,4.540417479
"BT","Bhutan",2007,5.758563398
"BT","Bhutan",2008,5.973888675
"BT","Bhutan",2009,8.024212002
"BT","Bhutan",2010,14.14708126
"BT","Bhutan",2011,15.41314999
"BT","Bhutan",2012,14.07736973
"BT","Bhutan",2013,16.6838281
"BO","Bolivia ",2000,30.11867405
"BO","Bolivia ",2001,32.90388319
"BO","Bolivia ",2002,28.41782669
"BO","Bolivia ",2003,39.23719178
"BO","Bolivia ",2004,49.18982924
"BO","Bolivia ",2005,74.10330013
"BO","Bolivia ",2006,113.4778924
"BO","Bolivia ",2007,178.054262
"BO","Bolivia ",2008,157.3723354
"BO","Bolivia ",2009,143.4883874
"BO","Bolivia ",2010,117.7718544
"BO","Bolivia ",2011,108.5699816
"BO","Bolivia ",2012,105.8023962
"BO","Bolivia ",2013,104.733509
"BA","Bosnia & Herzegovina",2000,894.5043217
"BA","Bosnia & Herzegovina",2001,824.4957725
"BA","Bosnia & Herzegovina",2002,743.4386545
"BA","Bosnia & Herzegovina",2003,701.0330421
"BA","Bosnia & Herzegovina",2004,738.2171073
"BA","Bosnia & Herzegovina",2005,701.6685206
"BA","Bosnia & Herzegovina",2006,687.1813108
"BA","Bosnia & Herzegovina",2007,741.5531587
"BA","Bosnia & Herzegovina",2008,649.9297554
"BA","Bosnia & Herzegovina",2009,537.4025259
"BA","Bosnia & Herzegovina",2010,476.7382048
"BA","Bosnia & Herzegovina",2011,476.4909026
"BA","Bosnia & Herzegovina",2012,479.5355515
"BA","Bosnia & Herzegovina",2013,460.9473029
"BW","Botswana",2000,23.24911954
"BW","Botswana",2001,23.83942254
"BW","Botswana",2002,26.39992623
"BW","Botswana",2003,28.25402621
"BW","Botswana",2004,56.73463152
"BW","Botswana",2005,67.58252568
"BW","Botswana",2006,62.66319615
"BW","Botswana",2007,55.66094122
"BW","Botswana",2008,28.42572974
"BW","Botswana",2009,9.29502611
"BW","Botswana",2010,10.90126583
"BW","Botswana",2011,9.363885346
"BW","Botswana",2012,8.164304212
"BW","Botswana",2013,18.14536686
"BR","Brazil",2000,22.25925643
"BR","Brazil",2001,27.8389575
"BR","Brazil",2002,42.60204235
"BR","Brazil",2003,44.88713708
"BR","Brazil",2004,49.42840249
"BR","Brazil",2005,29.76320917
"BR","Brazil",2006,29.04664216
"BR","Brazil",2007,24.45487976
"BR","Brazil",2008,23.21046246
"BR","Brazil",2009,18.53570541
"BR","Brazil",2010,14.25785812
"BR","Brazil",2011,12.77533224
"BR","Brazil",2012,13.00056446
"BR","Brazil",2013,12.80366553
"BF","Burkina Faso",2000,11.93374373
"BF","Burkina Faso",2001,8.508228572
"BF","Burkina Faso",2002,8.944719189
"BF","Burkina Faso",2003,6.548861807
"BF","Burkina Faso",2004,4.776124756
"BF","Burkina Faso",2005,5.686364872
"BF","Burkina Faso",2006,6.618324855
"BF","Burkina Faso",2007,7.146955823
"BF","Burkina Faso",2008,6.969731623
"BF","Burkina Faso",2009,6.753336996
"BF","Burkina Faso",2010,8.17009325
"BF","Burkina Faso",2011,7.269309351
"BF","Burkina Faso",2012,7.31128395
"BF","Burkina Faso",2013,7.098518406
"BI","Burundi",2000,0
"BI","Burundi",2001,0
"BI","Burundi",2002,0
"BI","Burundi",2003,0
"BI","Burundi",2004,0.010815685
"BI","Burundi",2005,0.015307946
"BI","Burundi",2006,0.002192827
"BI","Burundi",2007,0.034051522
"BI","Burundi",2008,0.55687316
"BI","Burundi",2009,3.928131071
"BI","Burundi",2010,4.258825685
"BI","Burundi",2011,4.849853199
"BI","Burundi",2012,4.714282133
"BI","Burundi",2013,4.380921468
"KH","Cambodia",2000,15.35915077
"KH","Cambodia",2001,16.40869808
"KH","Cambodia",2002,16.82553975
"KH","Cambodia",2003,16.33473106
"KH","Cambodia",2004,19.86756125
"KH","Cambodia",2005,17.31910771
"KH","Cambodia",2006,18.34956388
"KH","Cambodia",2007,16.98434813
"KH","Cambodia",2008,15.08275695
"KH","Cambodia",2009,11.19276274
"KH","Cambodia",2010,11.60477597
"KH","Cambodia",2011,11.22391245
"KH","Cambodia",2012,17.1959726
"KH","Cambodia",2013,11.36820149
"CM","Cameroon",2000,3.575577116
"CM","Cameroon",2001,2.358519793
"CM","Cameroon",2002,3.6871011
"CM","Cameroon",2003,6.36916483
"CM","Cameroon",2004,7.609592885
"CM","Cameroon",2005,5.37331515
"CM","Cameroon",2006,8.429942293
"CM","Cameroon",2007,9.561871752
"CM","Cameroon",2008,8.050178135
"CM","Cameroon",2009,9.736278759
"CM","Cameroon",2010,6.011425853
"CM","Cameroon",2011,5.389204361
"CM","Cameroon",2012,5.293129426
"CM","Cameroon",2013,8.95070394
"CV","Cape Verde",2000,
"CV","Cape Verde",2001,
"CV","Cape Verde",2002,
"CV","Cape Verde",2003,
"CV","Cape Verde",2004,
"CV","Cape Verde",2005,
"CV","Cape Verde",2006,
"CV","Cape Verde",2007,
"CV","Cape Verde",2008,
"CV","Cape Verde",2009,
"CV","Cape Verde",2010,
"CV","Cape Verde",2011,
"CV","Cape Verde",2012,
"CV","Cape Verde",2013,
"CF","CAR",2000,0
"CF","CAR",2001,0
"CF","CAR",2002,0
"CF","CAR",2003,0
"CF","CAR",2004,0
"CF","CAR",2005,0
"CF","CAR",2006,0
"CF","CAR",2007,0
"CF","CAR",2008,0
"CF","CAR",2009,0
"CF","CAR",2010,0
"CF","CAR",2011,0
"CF","CAR",2012,0
"CF","CAR",2013,0
"TD","Chad",2000,0
"TD","Chad",2001,0
"TD","Chad",2002,0
"TD","Chad",2003,0
"TD","Chad",2004,0
"TD","Chad",2005,0
"TD","Chad",2006,0
"TD","Chad",2007,0
"TD","Chad",2008,0
"TD","Chad",2009,0
"TD","Chad",2010,0
"TD","Chad",2011,0
"TD","Chad",2012,0
"TD","Chad",2013,0
"CL","Chile",2000,1.768146551
"CL","Chile",2001,1.767347119
"CL","Chile",2002,1.891494888
"CL","Chile",2003,1.695431814
"CL","Chile",2004,1.349943609
"CL","Chile",2005,1.283896092
"CL","Chile",2006,0.205713301
"CL","Chile",2007,0.191554058
"CL","Chile",2008,0.188639246
"CL","Chile",2009,0.33999372
"CL","Chile",2010,0.281980997
"CL","Chile",2011,0
"CL","Chile",2012,0
"CL","Chile",2013,0.017262592
"CN","China",2000,8.382546607
"CN","China",2001,11.05579242
"CN","China",2002,17.18382287
"CN","China",2003,23.51993902
"CN","China",2004,29.4372263
"CN","China",2005,33.43253943
"CN","China",2006,36.37189001
"CN","China",2007,44.69337929
"CN","China",2008,46.87078637
"CN","China",2009,40.22771792
"CN","China",2010,46.96255722
"CN","China",2011,48.5758556
"CN","China",2012,42.79200217
"CN","China",2013,41.78824535
"CO","Colombia",2000,90.30584948
"CO","Colombia",2001,117.3131799
"CO","Colombia",2002,143.0695604
"CO","Colombia",2003,187.8940053
"CO","Colombia",2004,163.3359962
"CO","Colombia",2005,141.1193868
"CO","Colombia",2006,156.9623024
"CO","Colombia",2007,149.2275638
"CO","Colombia",2008,139.792419
"CO","Colombia",2009,125.0893399
"CO","Colombia",2010,101.4470808
"CO","Colombia",2011,94.37590293
"CO","Colombia",2012,86.4218244
"CO","Colombia",2013,86.68177134
"KM","Comoros",2000,0
"KM","Comoros",2001,0
"KM","Comoros",2002,0
"KM","Comoros",2003,0
"KM","Comoros",2004,0
"KM","Comoros",2005,0
"KM","Comoros",2006,0
"KM","Comoros",2007,0
"KM","Comoros",2008,0
"KM","Comoros",2009,0
"KM","Comoros",2010,0
"KM","Comoros",2011,0
"KM","Comoros",2012,0
"KM","Comoros",2013,75.23434179
"CG","Congo",2000,8.324302101
"CG","Congo",2001,11.36870997
"CG","Congo",2002,1.042419372
"CG","Congo",2003,9.31384897
"CG","Congo",2004,8.537880186
"CG","Congo",2005,5.200457894
"CG","Congo",2006,4.90699959
"CG","Congo",2007,4.841267691
"CG","Congo",2008,0
"CG","Congo",2009,0
"CG","Congo",2010,0
"CG","Congo",2011,0
"CG","Congo",2012,0
"CG","Congo",2013,0
"CK","Cook Islands",2000,
"CK","Cook Islands",2001,
"CK","Cook Islands",2002,
"CK","Cook Islands",2003,
"CK","Cook Islands",2004,
"CK","Cook Islands",2005,
"CK","Cook Islands",2006,
"CK","Cook Islands",2007,
"CK","Cook Islands",2008,
"CK","Cook Islands",2009,
"CK","Cook Islands",2010,
"CK","Cook Islands",2011,
"CK","Cook Islands",2012,
"CK","Cook Islands",2013,
"CR","Costa Rica",2000,58.53051998
"CR","Costa Rica",2001,82.17912692
"CR","Costa Rica",2002,101.9778621
"CR","Costa Rica",2003,131.0945468
"CR","Costa Rica",2004,125.9561267
"CR","Costa Rica",2005,160.6111608
"CR","Costa Rica",2006,185.9251261
"CR","Costa Rica",2007,203.5215417
"CR","Costa Rica",2008,177.7515058
"CR","Costa Rica",2009,149.321843
"CR","Costa Rica",2010,129.2960411
"CR","Costa Rica",2011,114.9231256
"CR","Costa Rica",2012,117.0256378
"CR","Costa Rica",2013,117.6817986
"CI","Cote d'Ivoire",2000,16.65959786
"CI","Cote d'Ivoire",2001,15.75537185
"CI","Cote d'Ivoire",2002,14.47408359
"CI","Cote d'Ivoire",2003,13.85808539
"CI","Cote d'Ivoire",2004,13.86049374
"CI","Cote d'Ivoire",2005,13.49317251
"CI","Cote d'Ivoire",2006,12.89943041
"CI","Cote d'Ivoire",2007,12.52262153
"CI","Cote d'Ivoire",2008,11.44060311
"CI","Cote d'Ivoire",2009,19.28565927
"CI","Cote d'Ivoire",2010,22.48911238
"CI","Cote d'Ivoire",2011,19.98354921
"CI","Cote d'Ivoire",2012,18.82471148
"CI","Cote d'Ivoire",2013,17.55846243
"CU","Cuba",2000,
"CU","Cuba",2001,
"CU","Cuba",2002,
"CU","Cuba",2003,
"CU","Cuba",2004,
"CU","Cuba",2005,
"CU","Cuba",2006,
"CU","Cuba",2007,
"CU","Cuba",2008,
"CU","Cuba",2009,
"CU","Cuba",2010,
"CU","Cuba",2011,
"CU","Cuba",2012,
"CU","Cuba",2013,
"DJ","Djibouti",2000,25.98152413
"DJ","Djibouti",2001,24.40685557
"DJ","Djibouti",2002,30.10096247
"DJ","Djibouti",2003,47.93289962
"DJ","Djibouti",2004,45.94132495
"DJ","Djibouti",2005,45.84413673
"DJ","Djibouti",2006,48.09338187
"DJ","Djibouti",2007,45.4564573
"DJ","Djibouti",2008,43.27302089
"DJ","Djibouti",2009,44.98622535
"DJ","Djibouti",2010,42.85382487
"DJ","Djibouti",2011,39.83996724
"DJ","Djibouti",2012,37.64280278
"DJ","Djibouti",2013,37.17937533
"DM","Dominica",2000,281.3308116
"DM","Dominica",2001,291.3262395
"DM","Dominica",2002,292.7454877
"DM","Dominica",2003,309.0314718
"DM","Dominica",2004,383.2813207
"DM","Dominica",2005,363.2278453
"DM","Dominica",2006,358.1620735
"DM","Dominica",2007,356.9458671
"DM","Dominica",2008,354.2998876
"DM","Dominica",2009,320.1126818
"DM","Dominica",2010,339.1030125
"DM","Dominica",2011,327.3051921
"DM","Dominica",2012,323.5076569
"DM","Dominica",2013,322.699536
"DO","Dominican Republic",2000,297.3238014
"DO","Dominican Republic",2001,309.6188491
"DO","Dominican Republic",2002,336.0056951
"DO","Dominican Republic",2003,437.6216004
"DO","Dominican Republic",2004,454.7014812
"DO","Dominican Republic",2005,343.769306
"DO","Dominican Republic",2006,397.6650733
"DO","Dominican Republic",2007,411.3282459
"DO","Dominican Republic",2008,408.5049507
"DO","Dominican Republic",2009,386.3798617
"DO","Dominican Republic",2010,373.5794728
"DO","Dominican Republic",2011,380.7689207
"DO","Dominican Republic",2012,350.553321
"DO","Dominican Republic",2013,436.3952615
"CD","DRC",2000,0
"CD","DRC",2001,0
"CD","DRC",2002,0
"CD","DRC",2003,0
"CD","DRC",2004,0
"CD","DRC",2005,0
"CD","DRC",2006,0
"CD","DRC",2007,0
"CD","DRC",2008,0
"CD","DRC",2009,0
"CD","DRC",2010,0
"CD","DRC",2011,0
"CD","DRC",2012,0
"CD","DRC",2013,0.178002248
"EC","Ecuador",2000,293.4246569
"EC","Ecuador",2001,242.3146895
"EC","Ecuador",2002,215.8598167
"EC","Ecuador",2003,217.5360701
"EC","Ecuador",2004,230.4530236
"EC","Ecuador",2005,281.1434847
"EC","Ecuador",2006,305.0008683
"EC","Ecuador",2007,320.1146147
"EC","Ecuador",2008,255.5425932
"EC","Ecuador",2009,221.6931395
"EC","Ecuador",2010,192.3185595
"EC","Ecuador",2011,183.4084696
"EC","Ecuador",2012,158.3962016
"EC","Ecuador",2013,152.0468655
"EG","Egypt",2000,67.45850319
"EG","Egypt",2001,71.85855413
"EG","Egypt",2002,82.14366978
"EG","Egypt",2003,90.45097373
"EG","Egypt",2004,107.3959814
"EG","Egypt",2005,145.8772948
"EG","Egypt",2006,135.7337518
"EG","Egypt",2007,169.1332896
"EG","Egypt",2008,162.3937294
"EG","Egypt",2009,118.3777802
"EG","Egypt",2010,183.803213
"EG","Egypt",2011,196.5009478
"EG","Egypt",2012,238.3046563
"EG","Egypt",2013,214.6354826
"SV","El Salvador",2000,428.0129829
"SV","El Salvador",2001,449.5841675
"SV","El Salvador",2002,448.8852723
"SV","El Salvador",2003,472.6716413
"SV","El Salvador",2004,552.0460809
"SV","El Salvador",2005,621.8015348
"SV","El Salvador",2006,681.9365706
"SV","El Salvador",2007,692.8702958
"SV","El Salvador",2008,663.269797
"SV","El Salvador",2009,600.7878458
"SV","El Salvador",2010,591.9221854
"SV","El Salvador",2011,591.8411211
"SV","El Salvador",2012,623.6357499
"SV","El Salvador",2013,626.3842548
"GQ","Equatorial Guinea",2000,0
"GQ","Equatorial Guinea",2001,0
"GQ","Equatorial Guinea",2002,0
"GQ","Equatorial Guinea",2003,0
"GQ","Equatorial Guinea",2004,0
"GQ","Equatorial Guinea",2005,0
"GQ","Equatorial Guinea",2006,0
"GQ","Equatorial Guinea",2007,0
"GQ","Equatorial Guinea",2008,0
"GQ","Equatorial Guinea",2009,0
"GQ","Equatorial Guinea",2010,0
"GQ","Equatorial Guinea",2011,0
"GQ","Equatorial Guinea",2012,0
"GQ","Equatorial Guinea",2013,0
"ER","Eritrea",2000,2.876297026
"ER","Eritrea",2001,0
"ER","Eritrea",2002,0
"ER","Eritrea",2003,0
"ER","Eritrea",2004,0
"ER","Eritrea",2005,0
"ER","Eritrea",2006,0
"ER","Eritrea",2007,0
"ER","Eritrea",2008,0
"ER","Eritrea",2009,0
"ER","Eritrea",2010,0
"ER","Eritrea",2011,0
"ER","Eritrea",2012,0
"ER","Eritrea",2013,0
"ET","Ethiopia",2000,1.542304693
"ET","Ethiopia",2001,0.555275663
"ET","Ethiopia",2002,1.034433897
"ET","Ethiopia",2003,1.26187494
"ET","Ethiopia",2004,3.352751315
"ET","Ethiopia",2005,3.89486539
"ET","Ethiopia",2006,3.404874771
"ET","Ethiopia",2007,5.973723403
"ET","Ethiopia",2008,5.130121589
"ET","Ethiopia",2009,3.075513216
"ET","Ethiopia",2010,4.740589866
"ET","Ethiopia",2011,7.161804459
"ET","Ethiopia",2012,5.714647198
"ET","Ethiopia",2013,6.692803713
"FJ","Fiji",2000,100.3630537
"FJ","Fiji",2001,195.6851698
"FJ","Fiji",2002,216.9973486
"FJ","Fiji",2003,217.6958321
"FJ","Fiji",2004,271.2424858
"FJ","Fiji",2005,301.6488103
"FJ","Fiji",2006,296.9592363
"FJ","Fiji",2007,238.1812283
"FJ","Fiji",2008,178.9344233
"FJ","Fiji",2009,250.1889611
"FJ","Fiji",2010,236.7402359
"FJ","Fiji",2011,207.6136758
"FJ","Fiji",2012,198.6496726
"FJ","Fiji",2013,283.3054255
"GA","Gabon",2000,12.25325632
"GA","Gabon",2001,11.64915037
"GA","Gabon",2002,5.675026864
"GA","Gabon",2003,9.704882693
"GA","Gabon",2004,9.210704666
"GA","Gabon",2005,11.84889926
"GA","Gabon",2006,0
"GA","Gabon",2007,0
"GA","Gabon",2008,0
"GA","Gabon",2009,0
"GA","Gabon",2010,0
"GA","Gabon",2011,0
"GA","Gabon",2012,0
"GA","Gabon",2013,0
"GM","Gambia",2000,0
"GM","Gambia",2001,0
"GM","Gambia",2002,0
"GM","Gambia",2003,50.88239834
"GM","Gambia",2004,54.57788351
"GM","Gambia",2005,47.45103767
"GM","Gambia",2006,47.64049708
"GM","Gambia",2007,34.23761434
"GM","Gambia",2008,33.86114714
"GM","Gambia",2009,46.01674604
"GM","Gambia",2010,64.35884184
"GM","Gambia",2011,59.40821654
"GM","Gambia",2012,78.71208717
"GM","Gambia",2013,109.8211119
"GE","Georgia",2000,118.5994301
"GE","Georgia",2001,125.5766566
"GE","Georgia",2002,130.9538312
"GE","Georgia",2003,127.552985
"GE","Georgia",2004,135.416594
"GE","Georgia",2005,172.8044728
"GE","Georgia",2006,218.2492667
"GE","Georgia",2007,263.3205041
"GE","Georgia",2008,258.7165079
"GE","Georgia",2009,306.7607884
"GE","Georgia",2010,318.1436978
"GE","Georgia",2011,356.8158211
"GE","Georgia",2012,392.8815353
"GE","Georgia",2013,453.3672916
"GH","Ghana",2000,4.415879892
"GH","Ghana",2001,6.317713823
"GH","Ghana",2002,4.792151807
"GH","Ghana",2003,6.224914375
"GH","Ghana",2004,6.210809358
"GH","Ghana",2005,6.459957835
"GH","Ghana",2006,6.045721938
"GH","Ghana",2007,5.764656825
"GH","Ghana",2008,5.681245693
"GH","Ghana",2009,5.784212552
"GH","Ghana",2010,5.803671794
"GH","Ghana",2011,6.047452414
"GH","Ghana",2012,5.976445299
"GH","Ghana",2013,5.055901418
"GD","Grenada",2000,596.3691468
"GD","Grenada",2001,587.268455
"GD","Grenada",2002,594.1166506
"GD","Grenada",2003,605.1692334
"GD","Grenada",2004,879.3384812
"GD","Grenada",2005,318.2005893
"GD","Grenada",2006,320.9731048
"GD","Grenada",2007,314.7102321
"GD","Grenada",2008,293.2434242
"GD","Grenada",2009,280.2222101
"GD","Grenada",2010,286.0377703
"GD","Grenada",2011,288.9159301
"GD","Grenada",2012,278.2827134
"GD","Grenada",2013,270.7893867
"GT","Guatemala",2000,104.5827458
"GT","Guatemala",2001,102.1066505
"GT","Guatemala",2002,235.1776144
"GT","Guatemala",2003,299.1263693
"GT","Guatemala",2004,336.846134
"GT","Guatemala",2005,348.7556332
"GT","Guatemala",2006,389.4226623
"GT","Guatemala",2007,409.8438306
"GT","Guatemala",2008,379.016777
"GT","Guatemala",2009,347.4791679
"GT","Guatemala",2010,335.0895081
"GT","Guatemala",2011,315.6425311
"GT","Guatemala",2012,333.7913846
"GT","Guatemala",2013,334.8623484
"GN","Guinea",2000,0.174421348
"GN","Guinea",2001,1.363463621
"GN","Guinea",2002,2.302122392
"GN","Guinea",2003,15.58651562
"GN","Guinea",2004,5.517517664
"GN","Guinea",2005,6.936050772
"GN","Guinea",2006,4.988171239
"GN","Guinea",2007,1.766091895
"GN","Guinea",2008,6.781944993
"GN","Guinea",2009,5.427513417
"GN","Guinea",2010,4.505363474
"GN","Guinea",2011,6.11833967
"GN","Guinea",2012,5.63256155
"GN","Guinea",2013,5.297659524
"GW","Guinea-Bissau",2000,0
"GW","Guinea-Bissau",2001,15.12595361
"GW","Guinea-Bissau",2002,24.21580128
"GW","Guinea-Bissau",2003,27.30825178
"GW","Guinea-Bissau",2004,29.32026422
"GW","Guinea-Bissau",2005,19.58460209
"GW","Guinea-Bissau",2006,24.88643658
"GW","Guinea-Bissau",2007,35.46291251
"GW","Guinea-Bissau",2008,33.63632677
"GW","Guinea-Bissau",2009,33.9496251
"GW","Guinea-Bissau",2010,32.17879529
"GW","Guinea-Bissau",2011,28.60142553
"GW","Guinea-Bissau",2012,27.58634633
"GW","Guinea-Bissau",2013,26.18975494
"GY","Guyana",2000,66.5292032
"GY","Guyana",2001,55.18830724
"GY","Guyana",2002,123.4330459
"GY","Guyana",2003,231.4349342
"GY","Guyana",2004,343.5981847
"GY","Guyana",2005,420.4664733
"GY","Guyana",2006,428.380804
"GY","Guyana",2007,495.0102685
"GY","Guyana",2008,439.2455087
"GY","Guyana",2009,409.7462782
"GY","Guyana",2010,534.3014199
"GY","Guyana",2011,550.1125155
"GY","Guyana",2012,589.9882851
"GY","Guyana",2013,410.2157601
"HT","Haiti",2000,122.6103666
"HT","Haiti",2001,141.5858155
"HT","Haiti",2002,155.9973608
"HT","Haiti",2003,217.0856878
"HT","Haiti",2004,198.3181352
"HT","Haiti",2005,172.9699684
"HT","Haiti",2006,170.392173
"HT","Haiti",2007,161.4737219
"HT","Haiti",2008,161.8633487
"HT","Haiti",2009,164.5277865
"HT","Haiti",2010,163.4851159
"HT","Haiti",2011,157.7712303
"HT","Haiti",2012,158.4790263
"HT","Haiti",2013,165.6728394
"HN","Honduras",2000,125.0605255
"HN","Honduras",2001,152.0607646
"HN","Honduras",2002,197.5585925
"HN","Honduras",2003,208.8551069
"HN","Honduras",2004,268.4229684
"HN","Honduras",2005,388.7589135
"HN","Honduras",2006,469.0740853
"HN","Honduras",2007,482.326435
"HN","Honduras",2008,473.5732598
"HN","Honduras",2009,378.599292
"HN","Honduras",2010,374.5974512
"HN","Honduras",2011,364.7497776
"HN","Honduras",2012,366.6112731
"HN","Honduras",2013,402.4709047
"IN","India",2000,20.91427568
"IN","India",2001,23.05579366
"IN","India",2002,24.4849748
"IN","India",2003,29.38531532
"IN","India",2004,23.89875212
"IN","India",2005,26.26695778
"IN","India",2006,31.8483323
"IN","India",2007,34.72146303
"IN","India",2008,48.39548224
"IN","India",2009,45.7040922
"IN","India",2010,43.20822389
"IN","India",2011,48.70670073
"IN","India",2012,54.38599257
"IN","India",2013,57.96386309
"ID","Indonesia",2000,16.07953247
"ID","Indonesia",2001,14.84829094
"ID","Indonesia",2002,15.09527104
"ID","Indonesia",2003,15.3609697
"ID","Indonesia",2004,18.2174708
"ID","Indonesia",2005,49.57630247
"ID","Indonesia",2006,42.69935964
"ID","Indonesia",2007,40.71543587
"ID","Indonesia",2008,39.65727819
"ID","Indonesia",2009,38.78233478
"ID","Indonesia",2010,31.42579232
"ID","Indonesia",2011,27.74453212
"ID","Indonesia",2012,29.21523879
"ID","Indonesia",2013,32.66697338
"IR","Iran",2000,20.80019393
"IR","Iran",2001,22.59762919
"IR","Iran",2002,29.95507933
"IR","Iran",2003,37.37475231
"IR","Iran",2004,28.00312313
"IR","Iran",2005,24.04964089
"IR","Iran",2006,21.19833888
"IR","Iran",2007,18.93519486
"IR","Iran",2008,16.50011161
"IR","Iran",2009,15.83620526
"IR","Iran",2010,15.70490307
"IR","Iran",2011,13.88008054
"IR","Iran",2012,17.39994363
"IR","Iran",2013,17.39760545
"IQ","Iraq",2000,
"IQ","Iraq",2001,
"IQ","Iraq",2002,
"IQ","Iraq",2003,
"IQ","Iraq",2004,0
"IQ","Iraq",2005,69.35569493
"IQ","Iraq",2006,31.32569622
"IQ","Iraq",2007,0.181268794
"IQ","Iraq",2008,2.913280256
"IQ","Iraq",2009,7.600060038
"IQ","Iraq",2010,7.322519913
"IQ","Iraq",2011,7.404461354
"IQ","Iraq",2012,8.318443779
"IQ","Iraq",2013,8.426101339
"JM","Jamaica",2000,522.5134722
"JM","Jamaica",2001,615.3588694
"JM","Jamaica",2002,695.3958542
"JM","Jamaica",2003,821.430212
"JM","Jamaica",2004,892.3288464
"JM","Jamaica",2005,882.1116266
"JM","Jamaica",2006,928.3177044
"JM","Jamaica",2007,959.9646055
"JM","Jamaica",2008,903.6338775
"JM","Jamaica",2009,864.7725693
"JM","Jamaica",2010,835.4925218
"JM","Jamaica",2011,804.3435786
"JM","Jamaica",2012,792.2959048
"JM","Jamaica",2013,825.0329139
"JO","Jordan",2000,725.7620034
"JO","Jordan",2001,765.9629741
"JO","Jordan",2002,789.2199807
"JO","Jordan",2003,774.2836427
"JO","Jordan",2004,776.1999616
"JO","Jordan",2005,797.8644651
"JO","Jordan",2006,812.9584667
"JO","Jordan",2007,901.330497
"JO","Jordan",2008,813.2694236
"JO","Jordan",2009,733.5033706
"JO","Jordan",2010,669.8355618
"JO","Jordan",2011,583.7606611
"JO","Jordan",2012,565.6318242
"JO","Jordan",2013,529.7275767
"KZ","Kazakhstan",2000,36.42481663
"KZ","Kazakhstan",2001,48.08312925
"KZ","Kazakhstan",2002,56.79853706
"KZ","Kazakhstan",2003,35.58349194
"KZ","Kazakhstan",2004,31.11359532
"KZ","Kazakhstan",2005,9.557370089
"KZ","Kazakhstan",2006,9.950072034
"KZ","Kazakhstan",2007,14.1571338
"KZ","Kazakhstan",2008,9.968689664
"KZ","Kazakhstan",2009,17.94805163
"KZ","Kazakhstan",2010,16.83045848
"KZ","Kazakhstan",2011,11.18760957
"KZ","Kazakhstan",2012,10.20151407
"KZ","Kazakhstan",2013,11.21028499
"KE","Kenya",2000,0
"KE","Kenya",2001,3.893254943
"KE","Kenya",2002,4.223330594
"KE","Kenya",2003,4.300789794
"KE","Kenya",2004,23.25671653
"KE","Kenya",2005,23.28664115
"KE","Kenya",2006,26.94273669
"KE","Kenya",2007,26.22859401
"KE","Kenya",2008,23.97341082
"KE","Kenya",2009,22.59176662
"KE","Kenya",2010,23.99118779
"KE","Kenya",2011,31.17410549
"KE","Kenya",2012,28.42683778
"KE","Kenya",2013,28.89177289
"KI","Kiribati",2000,0
"KI","Kiribati",2001,0
"KI","Kiribati",2002,0
"KI","Kiribati",2003,0
"KI","Kiribati",2004,0
"KI","Kiribati",2005,0
"KI","Kiribati",2006,0
"KI","Kiribati",2007,0
"KI","Kiribati",2008,0
"KI","Kiribati",2009,0
"KI","Kiribati",2010,0
"KI","Kiribati",2011,0
"KI","Kiribati",2012,0
"KI","Kiribati",2013,132.0069609
"XK","Kosovo",2000,0
"XK","Kosovo",2001,0
"XK","Kosovo",2002,0
"XK","Kosovo",2003,0
"XK","Kosovo",2004,460.0011439
"XK","Kosovo",2005,519.2041274
"XK","Kosovo",2006,558.9181853
"XK","Kosovo",2007,591.1950364
"XK","Kosovo",2008,583.5392017
"XK","Kosovo",2009,629.977005
"XK","Kosovo",2010,597.3471603
"XK","Kosovo",2011,596.8733139
"XK","Kosovo",2012,586.0360692
"XK","Kosovo",2013,581.1764452
"KG","Kyrgyzstan",2000,5.593261086
"KG","Kyrgyzstan",2001,6.576194613
"KG","Kyrgyzstan",2002,20.4371186
"KG","Kyrgyzstan",2003,38.5501938
"KG","Kyrgyzstan",2004,85.2522992
"KG","Kyrgyzstan",2005,125.8154014
"KG","Kyrgyzstan",2006,168.0486573
"KG","Kyrgyzstan",2007,200.3643066
"KG","Kyrgyzstan",2008,275.230914
"KG","Kyrgyzstan",2009,246.1045591
"KG","Kyrgyzstan",2010,304.8706906
"KG","Kyrgyzstan",2011,333.0399071
"KG","Kyrgyzstan",2012,362.2796168
"KG","Kyrgyzstan",2013,360.7218056
"LA","Lao",2000,0.302356165
"LA","Lao",2001,0.321453833
"LA","Lao",2002,0.33861054
"LA","Lao",2003,0.32368302
"LA","Lao",2004,0.305491736
"LA","Lao",2005,0.288820693
"LA","Lao",2006,1.203386629
"LA","Lao",2007,1.571148065
"LA","Lao",2008,3.794500039
"LA","Lao",2009,7.987521056
"LA","Lao",2010,7.683194746
"LA","Lao",2011,18.05301153
"LA","Lao",2012,16.596552
"LA","Lao",2013,8.126626744
"LB","Lebanon",2000,0
"LB","Lebanon",2001,0
"LB","Lebanon",2002,982.830676
"LB","Lebanon",2003,1715.942662
"LB","Lebanon",2004,1917.717398
"LB","Lebanon",2005,1650.61296
"LB","Lebanon",2006,1690.718352
"LB","Lebanon",2007,1792.856232
"LB","Lebanon",2008,2052.216242
"LB","Lebanon",2009,1926.971447
"LB","Lebanon",2010,1839.019829
"LB","Lebanon",2011,1747.040728
"LB","Lebanon",2012,1654.65578
"LB","Lebanon",2013,1653.245867
"LS","Lesotho",2000,484.3222161
"LS","Lesotho",2001,459.7068901
"LS","Lesotho",2002,492.4713762
"LS","Lesotho",2003,482.4863764
"LS","Lesotho",2004,437.2489478
"LS","Lesotho",2005,383.9137334
"LS","Lesotho",2006,386.579082
"LS","Lesotho",2007,374.553767
"LS","Lesotho",2008,354.6430595
"LS","Lesotho",2009,325.9280406
"LS","Lesotho",2010,297.6208701
"LS","Lesotho",2011,291.3678254
"LS","Lesotho",2012,293.3745592
"LS","Lesotho",2013,290.8268774
"LR","Liberia",2000,0
"LR","Liberia",2001,0
"LR","Liberia",2002,0
"LR","Liberia",2003,0
"LR","Liberia",2004,31.08426615
"LR","Liberia",2005,15.11776755
"LR","Liberia",2006,34.88149383
"LR","Liberia",2007,23.90552549
"LR","Liberia",2008,19.58389722
"LR","Liberia",2009,8.176889925
"LR","Liberia",2010,9.23254729
"LR","Liberia",2011,92.80022686
"LR","Liberia",2012,85.90847155
"LR","Liberia",2013,81.28540865
"LY","Libya",2000,3.082418589
"LY","Libya",2001,3.71548658
"LY","Libya",2002,4.226690834
"LY","Libya",2003,4.203069949
"LY","Libya",2004,4.288763841
"LY","Libya",2005,4.938256261
"LY","Libya",2006,4.751989372
"LY","Libya",2007,0
"LY","Libya",2008,0
"LY","Libya",2009,0
"LY","Libya",2010,0
"LY","Libya",2011,0
"LY","Libya",2012,0
"LY","Libya",2013,0
"MK","Macedonia",2000,79.77800466
"MK","Macedonia",2001,71.72947799
"MK","Macedonia",2002,94.85284445
"MK","Macedonia",2003,125.8021918
"MK","Macedonia",2004,139.0847711
"MK","Macedonia",2005,141.9016152
"MK","Macedonia",2006,159.786037
"MK","Macedonia",2007,176.1187387
"MK","Macedonia",2008,179.9098354
"MK","Macedonia",2009,176.8525046
"MK","Macedonia",2010,184.5087514
"MK","Macedonia",2011,187.8257945
"MK","Macedonia",2012,187.1605459
"MK","Macedonia",2013,166.8472003
"MG","Madagascar",2000,1.342318825
"MG","Madagascar",2001,1.139222235
"MG","Madagascar",2002,2.690115506
"MG","Madagascar",2003,1.274355521
"MG","Madagascar",2004,1.157965469
"MG","Madagascar",2005,0.972659046
"MG","Madagascar",2006,0
"MG","Madagascar",2007,0
"MG","Madagascar",2008,0
"MG","Madagascar",2009,0
"MG","Madagascar",2010,0
"MG","Madagascar",2011,0
"MG","Madagascar",2012,0
"MG","Madagascar",2013,0
"MW","Malawi",2000,0.094953248
"MW","Malawi",2001,0.089995721
"MW","Malawi",2002,0.065378307
"MW","Malawi",2003,1.222330256
"MW","Malawi",2004,1.512115226
"MW","Malawi",2005,1.767418271
"MW","Malawi",2006,1.016432273
"MW","Malawi",2007,1.311397578
"MW","Malawi",2008,0.932443912
"MW","Malawi",2009,0.837149644
"MW","Malawi",2010,0.811390863
"MW","Malawi",2011,0.822405795
"MW","Malawi",2012,1.094658246
"MW","Malawi",2013,1.925118976
"MY","Malaysia",2000,27.3672347
"MY","Malaysia",2001,29.18675967
"MY","Malaysia",2002,32.86492077
"MY","Malaysia",2003,40.9664346
"MY","Malaysia",2004,53.2483431
"MY","Malaysia",2005,66.41845161
"MY","Malaysia",2006,74.22239986
"MY","Malaysia",2007,74.21325406
"MY","Malaysia",2008,54.67591044
"MY","Malaysia",2009,51.4200584
"MY","Malaysia",2010,43.26797523
"MY","Malaysia",2011,42.07014651
"MY","Malaysia",2012,45.13373208
"MY","Malaysia",2013,48.32436801
"MV","Maldives",2000,10.02881105
"MV","Maldives",2001,8.827232332
"MV","Maldives",2002,9.408724011
"MV","Maldives",2003,9.203157
"MV","Maldives",2004,12.9513856
"MV","Maldives",2005,9.815439816
"MV","Maldives",2006,10.89285907
"MV","Maldives",2007,28.32900873
"MV","Maldives",2008,20.09203736
"MV","Maldives",2009,13.04396039
"MV","Maldives",2010,8.929086063
"MV","Maldives",2011,9.093338436
"MV","Maldives",2012,9.299720823
"MV","Maldives",2013,8.633672065
"ML","Mali",2000,15.39324937
"ML","Mali",2001,17.77273098
"ML","Mali",2002,26.51231714
"ML","Mali",2003,23.39117944
"ML","Mali",2004,19.87443004
"ML","Mali",2005,21.14907834
"ML","Mali",2006,23.1265524
"ML","Mali",2007,32.47862327
"ML","Mali",2008,33.73400467
"ML","Mali",2009,35.10906698
"ML","Mali",2010,35.73150902
"ML","Mali",2011,31.45828444
"ML","Mali",2012,31.82678995
"ML","Mali",2013,48.29721568
"MH","Marshall Islands",2000,0
"MH","Marshall Islands",2001,0
"MH","Marshall Islands",2002,0
"MH","Marshall Islands",2003,0
"MH","Marshall Islands",2004,0
"MH","Marshall Islands",2005,0
"MH","Marshall Islands",2006,0
"MH","Marshall Islands",2007,0
"MH","Marshall Islands",2008,0
"MH","Marshall Islands",2009,0
"MH","Marshall Islands",2010,0
"MH","Marshall Islands",2011,0
"MH","Marshall Islands",2012,0
"MH","Marshall Islands",2013,424.0236383
"MR","Mauritania",2000,0
"MR","Mauritania",2001,0
"MR","Mauritania",2002,0
"MR","Mauritania",2003,0
"MR","Mauritania",2004,0
"MR","Mauritania",2005,0
"MR","Mauritania",2006,0
"MR","Mauritania",2007,0
"MR","Mauritania",2008,0
"MR","Mauritania",2009,0
"MR","Mauritania",2010,0
"MR","Mauritania",2011,0
"MR","Mauritania",2012,0
"MR","Mauritania",2013,0
"MU","Mauritius",2000,231.928388
"MU","Mauritius",2001,290.6776305
"MU","Mauritius",2002,279.1551778
"MU","Mauritius",2003,243.6791602
"MU","Mauritius",2004,222.7912004
"MU","Mauritius",2005,227.3445451
"MU","Mauritius",2006,227.3033343
"MU","Mauritius",2007,206.6480678
"MU","Mauritius",2008,175.0964529
"MU","Mauritius",2009,192.3480459
"MU","Mauritius",2010,194.5164205
"MU","Mauritius",2011,190.8175522
"MU","Mauritius",2012,0.667567756
"MU","Mauritius",2013,190.0112294
"MX","Mexico",2000,97.40959317
"MX","Mexico",2001,121.4208658
"MX","Mexico",2002,127.4903643
"MX","Mexico",2003,200.4709288
"MX","Mexico",2004,228.1822366
"MX","Mexico",2005,236.4873039
"MX","Mexico",2006,256.4935016
"MX","Mexico",2007,245.2043705
"MX","Mexico",2008,225.3245685
"MX","Mexico",2009,221.1876517
"MX","Mexico",2010,195.4908052
"MX","Mexico",2011,192.7297817
"MX","Mexico",2012,193.3891255
"MX","Mexico",2013,184.0184651
"FM","Micronesia",2000,0
"FM","Micronesia",2001,0
"FM","Micronesia",2002,0
"FM","Micronesia",2003,0
"FM","Micronesia",2004,0
"FM","Micronesia",2005,0
"FM","Micronesia",2006,0
"FM","Micronesia",2007,0
"FM","Micronesia",2008,0
"FM","Micronesia",2009,0
"FM","Micronesia",2010,0
"FM","Micronesia",2011,0
"FM","Micronesia",2012,0
"FM","Micronesia",2013,0
"MD","Moldova",2000,158.7393156
"MD","Moldova",2001,200.0764781
"MD","Moldova",2002,256.3323456
"MD","Moldova",2003,345.6418495
"MD","Moldova",2004,411.0919821
"MD","Moldova",2005,499.6334315
"MD","Moldova",2006,591.4532442
"MD","Moldova",2007,599.6756247
"MD","Moldova",2008,596.0082344
"MD","Moldova",2009,396.5352991
"MD","Moldova",2010,448.361185
"MD","Moldova",2011,469.9723506
"MD","Moldova",2012,498.7415517
"MD","Moldova",2013,503.7618499
"MN","Mongolia",2000,18.36001416
"MN","Mongolia",2001,34.98724581
"MN","Mongolia",2002,74.19415246
"MN","Mongolia",2003,157.1675969
"MN","Mongolia",2004,217.0051704
"MN","Mongolia",2005,161.4844057
"MN","Mongolia",2006,128.3982193
"MN","Mongolia",2007,110.6914809
"MN","Mongolia",2008,113.2135255
"MN","Mongolia",2009,119.7262018
"MN","Mongolia",2010,123.7633891
"MN","Mongolia",2011,106.3428859
"MN","Mongolia",2012,114.55798
"MN","Mongolia",2013,90.74889949
"ME","Montenegro",2000,
"ME","Montenegro",2001,0
"ME","Montenegro",2002,0
"ME","Montenegro",2003,0
"ME","Montenegro",2004,0
"ME","Montenegro",2005,0
"ME","Montenegro",2006,0
"ME","Montenegro",2007,337.2078621
"ME","Montenegro",2008,441.9153703
"ME","Montenegro",2009,462.5777369
"ME","Montenegro",2010,474.4360037
"ME","Montenegro",2011,510.7107554
"ME","Montenegro",2012,535.5358069
"ME","Montenegro",2013,522.2901729
"MS","Montserrat",2000,
"MS","Montserrat",2001,
"MS","Montserrat",2002,
"MS","Montserrat",2003,
"MS","Montserrat",2004,
"MS","Montserrat",2005,
"MS","Montserrat",2006,
"MS","Montserrat",2007,
"MS","Montserrat",2008,
"MS","Montserrat",2009,
"MS","Montserrat",2010,
"MS","Montserrat",2011,
"MS","Montserrat",2012,
"MS","Montserrat",2013,
"MA","Morocco",2000,111.8219458
"MA","Morocco",2001,176.1887328
"MA","Morocco",2002,148.4227154
"MA","Morocco",2003,159.2943782
"MA","Morocco",2004,169.0490667
"MA","Morocco",2005,179.4669222
"MA","Morocco",2006,206.4722415
"MA","Morocco",2007,226.4364046
"MA","Morocco",2008,205.3485489
"MA","Morocco",2009,189.2829763
"MA","Morocco",2010,198.9539059
"MA","Morocco",2011,213.1049893
"MA","Morocco",2012,200.1131299
"MA","Morocco",2013,197.71896
"MZ","Mozambique",2000,2.760697816
"MZ","Mozambique",2001,3.517522319
"MZ","Mozambique",2002,4.550171233
"MZ","Mozambique",2003,5.610610573
"MZ","Mozambique",2004,3.989932979
"MZ","Mozambique",2005,3.730605028
"MZ","Mozambique",2006,4.889973451
"MZ","Mozambique",2007,5.635387672
"MZ","Mozambique",2008,5.577759977
"MZ","Mozambique",2009,5.535131313
"MZ","Mozambique",2010,7.154152899
"MZ","Mozambique",2011,6.776786044
"MZ","Mozambique",2012,6.489366289
"MZ","Mozambique",2013,8.412232
"MM","Myanmar",2000,3.782099622
"MM","Myanmar",2001,6.524069526
"MM","Myanmar",2002,6.290271489
"MM","Myanmar",2003,3.690274347
"MM","Myanmar",2004,5.698270577
"MM","Myanmar",2005,6.298648944
"MM","Myanmar",2006,5.202713301
"MM","Myanmar",2007,2.925892936
"MM","Myanmar",2008,1.371586082
"MM","Myanmar",2009,1.293205812
"MM","Myanmar",2010,2.186635215
"MM","Myanmar",2011,2.245697659
"MM","Myanmar",2012,10.71428932
"MM","Myanmar",2013,11.19597828
"NA","Namibia",2000,9.617189715
"NA","Namibia",2001,9.826373449
"NA","Namibia",2002,9.661765837
"NA","Namibia",2003,10.43851938
"NA","Namibia",2004,10.7740571
"NA","Namibia",2005,11.46761889
"NA","Namibia",2006,10.32074172
"NA","Namibia",2007,9.283993765
"NA","Namibia",2008,8.146710909
"NA","Namibia",2009,7.717788024
"NA","Namibia",2010,7.491197059
"NA","Namibia",2011,6.796713895
"NA","Namibia",2012,6.856938735
"NA","Namibia",2013,7.537220562
"NR","Nauru",2000,
"NR","Nauru",2001,
"NR","Nauru",2002,
"NR","Nauru",2003,
"NR","Nauru",2004,
"NR","Nauru",2005,
"NR","Nauru",2006,
"NR","Nauru",2007,
"NR","Nauru",2008,
"NR","Nauru",2009,
"NR","Nauru",2010,
"NR","Nauru",2011,
"NR","Nauru",2012,
"NR","Nauru",2013,
"NP","Nepal",2000,9.865302448
"NP","Nepal",2001,13.09806512
"NP","Nepal",2002,58.56394164
"NP","Nepal",2003,64.20701347
"NP","Nepal",2004,61.38853331
"NP","Nepal",2005,81.99785137
"NP","Nepal",2006,90.7050153
"NP","Nepal",2007,96.83469305
"NP","Nepal",2008,131.4916731
"NP","Nepal",2009,145.1888699
"NP","Nepal",2010,140.4742869
"NP","Nepal",2011,146.0973034
"NP","Nepal",2012,174.4687217
"NP","Nepal",2013,205.0097999
"NI","Nicaragua",2000,87.69225701
"NI","Nicaragua",2001,89.37861387
"NI","Nicaragua",2002,101.7304517
"NI","Nicaragua",2003,117.7597693
"NI","Nicaragua",2004,132.9925793
"NI","Nicaragua",2005,148.9367657
"NI","Nicaragua",2006,161.6226578
"NI","Nicaragua",2007,161.9502778
"NI","Nicaragua",2008,166.298365
"NI","Nicaragua",2009,152.6597148
"NI","Nicaragua",2010,158.6820253
"NI","Nicaragua",2011,162.8468855
"NI","Nicaragua",2012,169.6170455
"NI","Nicaragua",2013,176.5082137
"NE","Niger",2000,2.740169423
"NE","Niger",2001,4.006138731
"NE","Niger",2002,3.074079286
"NE","Niger",2003,3.343489754
"NE","Niger",2004,6.831007743
"NE","Niger",2005,6.820686004
"NE","Niger",2006,7.568550784
"NE","Niger",2007,6.502922588
"NE","Niger",2008,6.411147596
"NE","Niger",2009,6.675215023
"NE","Niger",2010,8.684473185
"NE","Niger",2011,7.633768062
"NE","Niger",2012,7.827254036
"NE","Niger",2013,7.548409074
"NG","Nigeria",2000,43.46789418
"NG","Nigeria",2001,40.3892887
"NG","Nigeria",2002,36.92339155
"NG","Nigeria",2003,30.51049303
"NG","Nigeria",2004,54.15676672
"NG","Nigeria",2005,280.349146
"NG","Nigeria",2006,258.8913279
"NG","Nigeria",2007,247.3085557
"NG","Nigeria",2008,219.362449
"NG","Nigeria",2009,267.6948324
"NG","Nigeria",2010,223.5639159
"NG","Nigeria",2011,226.653086
"NG","Nigeria",2012,122.2108562
"NG","Nigeria",2013,112.3207475
"NU","Niue",2000,
"NU","Niue",2001,
"NU","Niue",2002,
"NU","Niue",2003,
"NU","Niue",2004,
"NU","Niue",2005,
"NU","Niue",2006,
"NU","Niue",2007,
"NU","Niue",2008,
"NU","Niue",2009,
"NU","Niue",2010,
"NU","Niue",2011,
"NU","Niue",2012,
"NU","Niue",2013,
"KP","North Korea",2000,
"KP","North Korea",2001,
"KP","North Korea",2002,
"KP","North Korea",2003,
"KP","North Korea",2004,
"KP","North Korea",2005,
"KP","North Korea",2006,
"KP","North Korea",2007,
"KP","North Korea",2008,
"KP","North Korea",2009,
"KP","North Korea",2010,
"KP","North Korea",2011,
"KP","North Korea",2012,
"KP","North Korea",2013,
"PK","Pakistan",2000,12.57293923
"PK","Pakistan",2001,17.3482298
"PK","Pakistan",2002,42.90710419
"PK","Pakistan",2003,42.83303887
"PK","Pakistan",2004,38.2419167
"PK","Pakistan",2005,39.57076442
"PK","Pakistan",2006,42.4977765
"PK","Pakistan",2007,46.42451467
"PK","Pakistan",2008,50.00033322
"PK","Pakistan",2009,61.53703178
"PK","Pakistan",2010,65.87622059
"PK","Pakistan",2011,70.59348481
"PK","Pakistan",2012,78.18147619
"PK","Pakistan",2013,80.62351855
"PW","Palau",2000,0
"PW","Palau",2001,0
"PW","Palau",2002,0
"PW","Palau",2003,0
"PW","Palau",2004,0
"PW","Palau",2005,0
"PW","Palau",2006,0
"PW","Palau",2007,0
"PW","Palau",2008,0
"PW","Palau",2009,0
"PW","Palau",2010,0
"PW","Palau",2011,0
"PW","Palau",2012,0
"PW","Palau",2013,0
"PS","Palestine",2000,
"PS","Palestine",2001,
"PS","Palestine",2002,
"PS","Palestine",2003,
"PS","Palestine",2004,
"PS","Palestine",2005,
"PS","Palestine",2006,
"PS","Palestine",2007,
"PS","Palestine",2008,
"PS","Palestine",2009,
"PS","Palestine",2010,
"PS","Palestine",2011,
"PS","Palestine",2012,
"PS","Palestine",2013,
"PA","Panama",2000,7.320897126
"PA","Panama",2001,31.66071737
"PA","Panama",2002,35.33813822
"PA","Panama",2003,43.2637508
"PA","Panama",2004,42.44514746
"PA","Panama",2005,48.71995267
"PA","Panama",2006,56.78512969
"PA","Panama",2007,62.12445247
"PA","Panama",2008,62.96651939
"PA","Panama",2009,104.7797584
"PA","Panama",2010,120.5581392
"PA","Panama",2011,106.3535414
"PA","Panama",2012,105.8049071
"PA","Panama",2013,106.3352661
"PG","Papua New Guinea",2000,3.324973128
"PG","Papua New Guinea",2001,3.028769716
"PG","Papua New Guinea",2002,2.877546368
"PG","Papua New Guinea",2003,2.962700906
"PG","Papua New Guinea",2004,3.554284231
"PG","Papua New Guinea",2005,2.230117645
"PG","Papua New Guinea",2006,1.26057114
"PG","Papua New Guinea",2007,1.975050814
"PG","Papua New Guinea",2008,1.583242364
"PG","Papua New Guinea",2009,1.045448505
"PG","Papua New Guinea",2010,0.674487502
"PG","Papua New Guinea",2011,0.551185144
"PG","Papua New Guinea",2012,0.487449248
"PG","Papua New Guinea",2013,2.546935196
"PY","Paraguay",2000,109.3540857
"PY","Paraguay",2001,107.8358618
"PY","Paraguay",2002,97.78911428
"PY","Paraguay",2003,105.8465728
"PY","Paraguay",2004,95.37658896
"PY","Paraguay",2005,59.26677444
"PY","Paraguay",2006,104.2726687
"PY","Paraguay",2007,84.4894451
"PY","Paraguay",2008,70.02580677
"PY","Paraguay",2009,79.82432985
"PY","Paraguay",2010,74.2724008
"PY","Paraguay",2011,86.03669666
"PY","Paraguay",2012,94.82065879
"PY","Paraguay",2013,73.66020924
"PE","Peru",2000,50.72285372
"PE","Peru",2001,52.01664866
"PE","Peru",2002,47.96846187
"PE","Peru",2003,56.13640575
"PE","Peru",2004,66.83725801
"PE","Peru",2005,78.78194135
"PE","Peru",2006,92.1092705
"PE","Peru",2007,99.08311737
"PE","Peru",2008,104.3804748
"PE","Peru",2009,102.5996001
"PE","Peru",2010,95.80322286
"PE","Peru",2011,93.80215398
"PE","Peru",2012,92.96963948
"PE","Peru",2013,89.88432542
"PH","Philippines",2000,157.0888528
"PH","Philippines",2001,211.8384949
"PH","Philippines",2002,223.8080446
"PH","Philippines",2003,234.8879775
"PH","Philippines",2004,252.7651359
"PH","Philippines",2005,272.4055547
"PH","Philippines",2006,266.9083232
"PH","Philippines",2007,244.6013619
"PH","Philippines",2008,246.5687448
"PH","Philippines",2009,267.6352651
"PH","Philippines",2010,259.0290818
"PH","Philippines",2011,253.6314213
"PH","Philippines",2012,254.801205
"PH","Philippines",2013,266.5601933
"RW","Rwanda",2000,1.295604566
"RW","Rwanda",2001,1.636816097
"RW","Rwanda",2002,1.659598903
"RW","Rwanda",2003,2.020118519
"RW","Rwanda",2004,1.920570974
"RW","Rwanda",2005,1.510644596
"RW","Rwanda",2006,4.385725401
"RW","Rwanda",2007,16.00878491
"RW","Rwanda",2008,7.647609669
"RW","Rwanda",2009,9.669849804
"RW","Rwanda",2010,10.81468852
"RW","Rwanda",2011,16.49271034
"RW","Rwanda",2012,15.91974528
"RW","Rwanda",2013,15.06830659
"SH","Saint Helena, Ascension & Tristan da Cunha",2000,
"SH","Saint Helena, Ascension & Tristan da Cunha",2001,
"SH","Saint Helena, Ascension & Tristan da Cunha",2002,
"SH","Saint Helena, Ascension & Tristan da Cunha",2003,
"SH","Saint Helena, Ascension & Tristan da Cunha",2004,
"SH","Saint Helena, Ascension & Tristan da Cunha",2005,
"SH","Saint Helena, Ascension & Tristan da Cunha",2006,
"SH","Saint Helena, Ascension & Tristan da Cunha",2007,
"SH","Saint Helena, Ascension & Tristan da Cunha",2008,
"SH","Saint Helena, Ascension & Tristan da Cunha",2009,
"SH","Saint Helena, Ascension & Tristan da Cunha",2010,
"SH","Saint Helena, Ascension & Tristan da Cunha",2011,
"SH","Saint Helena, Ascension & Tristan da Cunha",2012,
"SH","Saint Helena, Ascension & Tristan da Cunha",2013,
"KN","Saint Kitts and Nevis",2000,891.5308711
"KN","Saint Kitts and Nevis",2001,867.7451378
"KN","Saint Kitts and Nevis",2002,846.2643824
"KN","Saint Kitts and Nevis",2003,864.5813894
"KN","Saint Kitts and Nevis",2004,856.5966775
"KN","Saint Kitts and Nevis",2005,824.37569
"KN","Saint Kitts and Nevis",2006,784.6723743
"KN","Saint Kitts and Nevis",2007,816.7892095
"KN","Saint Kitts and Nevis",2008,862.1260174
"KN","Saint Kitts and Nevis",2009,851.8556567
"KN","Saint Kitts and Nevis",2010,1004.563127
"KN","Saint Kitts and Nevis",2011,868.5048601
"KN","Saint Kitts and Nevis",2012,842.2467701
"KN","Saint Kitts and Nevis",2013,891.0970857
"LC","Saint Lucia",2000,230.8325506
"LC","Saint Lucia",2001,237.163204
"LC","Saint Lucia",2002,232.1091758
"LC","Saint Lucia",2003,226.9237074
"LC","Saint Lucia",2004,231.3583081
"LC","Saint Lucia",2005,201.4902353
"LC","Saint Lucia",2006,194.6230072
"LC","Saint Lucia",2007,183.9089019
"LC","Saint Lucia",2008,185.4406594
"LC","Saint Lucia",2009,177.5127993
"LC","Saint Lucia",2010,169.8936587
"LC","Saint Lucia",2011,167.2820808
"LC","Saint Lucia",2012,164.9096665
"LC","Saint Lucia",2013,159.7144201
"VC","Saint Vincent & the Grenadines",2000,276.0923007
"VC","Saint Vincent & the Grenadines",2001,260.8074868
"VC","Saint Vincent & the Grenadines",2002,262.2655675
"VC","Saint Vincent & the Grenadines",2003,273.7039149
"VC","Saint Vincent & the Grenadines",2004,286.2571876
"VC","Saint Vincent & the Grenadines",2005,245.0270561
"VC","Saint Vincent & the Grenadines",2006,266.6543187
"VC","Saint Vincent & the Grenadines",2007,276.7889412
"VC","Saint Vincent & the Grenadines",2008,251.2508459
"VC","Saint Vincent & the Grenadines",2009,274.8094578
"VC","Saint Vincent & the Grenadines",2010,266.0610245
"VC","Saint Vincent & the Grenadines",2011,269.9473433
"VC","Saint Vincent & the Grenadines",2012,271.2089736
"VC","Saint Vincent & the Grenadines",2013,282.6205104
"WS","Samoa",2000,0
"WS","Samoa",2001,0
"WS","Samoa",2002,0
"WS","Samoa",2003,0
"WS","Samoa",2004,9.75676313
"WS","Samoa",2005,826.8550461
"WS","Samoa",2006,847.4464488
"WS","Samoa",2007,820.9517669
"WS","Samoa",2008,902.2800053
"WS","Samoa",2009,987.5549077
"WS","Samoa",2010,877.5142129
"WS","Samoa",2011,904.7029917
"WS","Samoa",2012,736.6606564
"WS","Samoa",2013,895.2397984
"ST","Sao Tome & Principe",2000,6.434066485
"ST","Sao Tome & Principe",2001,7.784646018
"ST","Sao Tome & Principe",2002,10.16649068
"ST","Sao Tome & Principe",2003,20.43646355
"ST","Sao Tome & Principe",2004,11.47704585
"ST","Sao Tome & Principe",2005,14.00385764
"ST","Sao Tome & Principe",2006,14.92576798
"ST","Sao Tome & Principe",2007,17.3397385
"ST","Sao Tome & Principe",2008,21.67869239
"ST","Sao Tome & Principe",2009,13.632668
"ST","Sao Tome & Principe",2010,42.96596923
"ST","Sao Tome & Principe",2011,38.45214946
"ST","Sao Tome & Principe",2012,33.80626087
"ST","Sao Tome & Principe",2013,
"SN","Senegal",2000,44.91252617
"SN","Senegal",2001,57.42002312
"SN","Senegal",2002,58.05619409
"SN","Senegal",2003,69.64093836
"SN","Senegal",2004,75.94990249
"SN","Senegal",2005,89.69855762
"SN","Senegal",2006,97.68353894
"SN","Senegal",2007,106.4812155
"SN","Senegal",2008,111.7663272
"SN","Senegal",2009,106.6095536
"SN","Senegal",2010,117.2142476
"SN","Senegal",2011,104.179715
"SN","Senegal",2012,107.6552411
"SN","Senegal",2013,112.0064122
"RS","Serbia",2000,0
"RS","Serbia",2001,0
"RS","Serbia",2002,0
"RS","Serbia",2003,0
"RS","Serbia",2004,0
"RS","Serbia",2005,0
"RS","Serbia",2006,0
"RS","Serbia",2007,398.8053448
"RS","Serbia",2008,302.0180576
"RS","Serbia",2009,503.3965747
"RS","Serbia",2010,476.9296649
"RS","Serbia",2011,399.6159029
"RS","Serbia",2012,383.8262633
"RS","Serbia",2013,392.3097521
"SC","Seychelles",2000,52.76576505
"SC","Seychelles",2001,28.87950368
"SC","Seychelles",2002,27.93757391
"SC","Seychelles",2003,64.437222
"SC","Seychelles",2004,74.13766053
"SC","Seychelles",2005,130.5029583
"SC","Seychelles",2006,138.7712323
"SC","Seychelles",2007,53.78310035
"SC","Seychelles",2008,36.52232851
"SC","Seychelles",2009,209.4519351
"SC","Seychelles",2010,203.078637
"SC","Seychelles",2011,298.0677546
"SC","Seychelles",2012,288.9266734
"SC","Seychelles",2013,124.0349259
"SL","Sierra Leone",2000,2.422767011
"SL","Sierra Leone",2001,2.20465679
"SL","Sierra Leone",2002,7.676018149
"SL","Sierra Leone",2003,8.600328594
"SL","Sierra Leone",2004,8.027479837
"SL","Sierra Leone",2005,0.69447032
"SL","Sierra Leone",2006,3.934791655
"SL","Sierra Leone",2007,9.73868872
"SL","Sierra Leone",2008,4.638688227
"SL","Sierra Leone",2009,7.636637176
"SL","Sierra Leone",2010,9.251918119
"SL","Sierra Leone",2011,11.24049104
"SL","Sierra Leone",2012,9.836811611
"SL","Sierra Leone",2013,8.888815443
"SB","Solomon Islands",2000,16.75103884
"SB","Solomon Islands",2001,15.76367052
"SB","Solomon Islands",2002,14.46889443
"SB","Solomon Islands",2003,16.0653518
"SB","Solomon Islands",2004,32.81253111
"SB","Solomon Islands",2005,25.1745094
"SB","Solomon Islands",2006,6.230670749
"SB","Solomon Islands",2007,6.392721533
"SB","Solomon Islands",2008,4.697052993
"SB","Solomon Islands",2009,6.427694896
"SB","Solomon Islands",2010,4.013581861
"SB","Solomon Islands",2011,3.90050158
"SB","Solomon Islands",2012,4.064366359
"SB","Solomon Islands",2013,27.08383907
"SO","Somalia",2000,
"SO","Somalia",2001,
"SO","Somalia",2002,
"SO","Somalia",2003,
"SO","Somalia",2004,
"SO","Somalia",2005,
"SO","Somalia",2006,
"SO","Somalia",2007,
"SO","Somalia",2008,
"SO","Somalia",2009,
"SO","Somalia",2010,
"SO","Somalia",2011,
"SO","Somalia",2012,
"SO","Somalia",2013,
"ZA","South Africa",2000,14.94534965
"ZA","South Africa",2001,14.59713371
"ZA","South Africa",2002,15.31707486
"ZA","South Africa",2003,15.51971504
"ZA","South Africa",2004,14.77952396
"ZA","South Africa",2005,16.01289858
"ZA","South Africa",2006,17.78493795
"ZA","South Africa",2007,19.3947522
"ZA","South Africa",2008,20.49925433
"ZA","South Africa",2009,21.00077744
"ZA","South Africa",2010,20.72763333
"ZA","South Africa",2011,20.72547669
"ZA","South Africa",2012,20.74673253
"ZA","South Africa",2013,20.46025041
"SS","South Sudan",2000,
"SS","South Sudan",2001,
"SS","South Sudan",2002,
"SS","South Sudan",2003,
"SS","South Sudan",2004,
"SS","South Sudan",2005,
"SS","South Sudan",2006,
"SS","South Sudan",2007,
"SS","South Sudan",2008,
"SS","South Sudan",2009,
"SS","South Sudan",2010,
"SS","South Sudan",2011,
"SS","South Sudan",2012,
"SS","South Sudan",2013,
"LK","Sri Lanka",2000,116.4920426
"LK","Sri Lanka",2001,123.313915
"LK","Sri Lanka",2002,128.9758582
"LK","Sri Lanka",2003,134.1491145
"LK","Sri Lanka",2004,141.0110253
"LK","Sri Lanka",2005,155.9335649
"LK","Sri Lanka",2006,157.3154495
"LK","Sri Lanka",2007,168.2938273
"LK","Sri Lanka",2008,163.8583123
"LK","Sri Lanka",2009,185.3559081
"LK","Sri Lanka",2010,207.8337489
"LK","Sri Lanka",2011,233.0489148
"LK","Sri Lanka",2012,295.1885374
"LK","Sri Lanka",2013,296.7059025
"SD","Sudan",2000,71.32168948
"SD","Sudan",2001,80.58782871
"SD","Sudan",2002,97.7315128
"SD","Sudan",2003,108.1375742
"SD","Sudan",2004,105.8576162
"SD","Sudan",2005,42.04034652
"SD","Sudan",2006,37.61231024
"SD","Sudan",2007,38.77503912
"SD","Sudan",2008,52.21921203
"SD","Sudan",2009,73.53344699
"SD","Sudan",2010,30.89422816
"SD","Sudan",2011,11.70314665
"SD","Sudan",2012,10.79389267
"SD","Sudan",2013,10.28751251
"SR","Suriname",2000,0
"SR","Suriname",2001,1.09982332
"SR","Suriname",2002,67.27755515
"SR","Suriname",2003,93.41381445
"SR","Suriname",2004,33.11438739
"SR","Suriname",2005,12.2922621
"SR","Suriname",2006,5.891469639
"SR","Suriname",2007,7.308230048
"SR","Suriname",2008,4.922234709
"SR","Suriname",2009,9.575009911
"SR","Suriname",2010,8.201523134
"SR","Suriname",2011,7.758066071
"SR","Suriname",2012,15.07366376
"SR","Suriname",2013,13.01862763
"SZ","Swaziland",2000,111.8726945
"SZ","Swaziland",2001,117.1639523
"SZ","Swaziland",2002,110.5648204
"SZ","Swaziland",2003,108.663513
"SZ","Swaziland",2004,107.8910873
"SZ","Swaziland",2005,118.4916432
"SZ","Swaziland",2006,106.131572
"SZ","Swaziland",2007,104.0999973
"SZ","Swaziland",2008,99.65918505
"SZ","Swaziland",2009,98.4834371
"SZ","Swaziland",2010,47.12210667
"SZ","Swaziland",2011,45.29914533
"SZ","Swaziland",2012,44.42809854
"SZ","Swaziland",2013,27.2447873
"SY","Syria",2000,
"SY","Syria",2001,
"SY","Syria",2002,
"SY","Syria",2003,
"SY","Syria",2004,
"SY","Syria",2005,
"SY","Syria",2006,
"SY","Syria",2007,
"SY","Syria",2008,
"SY","Syria",2009,
"SY","Syria",2010,
"SY","Syria",2011,
"SY","Syria",2012,
"SY","Syria",2013,
"TJ","Tajikistan",2000,0
"TJ","Tajikistan",2001,0
"TJ","Tajikistan",2002,37.16277898
"TJ","Tajikistan",2003,58.18923262
"TJ","Tajikistan",2004,81.63274348
"TJ","Tajikistan",2005,141.6699807
"TJ","Tajikistan",2006,266.2669806
"TJ","Tajikistan",2007,352.7758412
"TJ","Tajikistan",2008,404.6783004
"TJ","Tajikistan",2009,291.2064801
"TJ","Tajikistan",2010,352.3422467
"TJ","Tajikistan",2011,423.9190615
"TJ","Tajikistan",2012,419.7856812
"TJ","Tajikistan",2013,419.1626221
"TZ","Tanzania",2000,0.294385642
"TZ","Tanzania",2001,0.568971425
"TZ","Tanzania",2002,0.449232723
"TZ","Tanzania",2003,0.321500124
"TZ","Tanzania",2004,0.475572021
"TZ","Tanzania",2005,0.632242266
"TZ","Tanzania",2006,0.514082221
"TZ","Tanzania",2007,0.754401566
"TZ","Tanzania",2008,0.924960922
"TZ","Tanzania",2009,0.997317938
"TZ","Tanzania",2010,1.335538549
"TZ","Tanzania",2011,1.883381986
"TZ","Tanzania",2012,1.410188945
"TZ","Tanzania",2013,1.250529256
"TH","Thailand",2000,49.84836157
"TH","Thailand",2001,39.47151099
"TH","Thailand",2002,41.23341912
"TH","Thailand",2003,45.27513288
"TH","Thailand",2004,42.54464377
"TH","Thailand",2005,29.59661924
"TH","Thailand",2006,29.59806314
"TH","Thailand",2007,31.88147038
"TH","Thailand",2008,34.30861203
"TH","Thailand",2009,50.59131174
"TH","Thailand",2010,58.05961648
"TH","Thailand",2011,59.64935505
"TH","Thailand",2012,70.57544043
"TH","Thailand",2013,85.44903315
"TL","Timor-Leste",2000,0
"TL","Timor-Leste",2001,0
"TL","Timor-Leste",2002,0
"TL","Timor-Leste",2003,0
"TL","Timor-Leste",2004,0
"TL","Timor-Leste",2005,0
"TL","Timor-Leste",2006,3.773867674
"TL","Timor-Leste",2007,11.31752848
"TL","Timor-Leste",2008,14.41221876
"TL","Timor-Leste",2009,137.3136619
"TL","Timor-Leste",2010,135.9619795
"TL","Timor-Leste",2011,104.1559871
"TL","Timor-Leste",2012,113.8122435
"TL","Timor-Leste",2013,134.3502982
"TG","Togo",2000,15.43981254
"TG","Togo",2001,28.83803914
"TG","Togo",2002,37.77617
"TG","Togo",2003,49.1351909
"TG","Togo",2004,50.86979529
"TG","Togo",2005,49.41169292
"TG","Togo",2006,58.03319118
"TG","Togo",2007,61.8311434
"TG","Togo",2008,58.12782632
"TG","Togo",2009,58.23663021
"TG","Togo",2010,59.27351341
"TG","Togo",2011,51.1798349
"TG","Togo",2012,50.67004687
"TG","Togo",2013,47.21049904
"TK","Tokelau",2000,
"TK","Tokelau",2001,
"TK","Tokelau",2002,
"TK","Tokelau",2003,
"TK","Tokelau",2004,
"TK","Tokelau",2005,
"TK","Tokelau",2006,
"TK","Tokelau",2007,
"TK","Tokelau",2008,
"TK","Tokelau",2009,
"TK","Tokelau",2010,
"TK","Tokelau",2011,
"TK","Tokelau",2012,
"TK","Tokelau",2013,
"TO","Tonga",2000,0
"TO","Tonga",2001,1210.609898
"TO","Tonga",2002,1473.936903
"TO","Tonga",2003,1202.998255
"TO","Tonga",2004,1214.027391
"TO","Tonga",2005,1057.012574
"TO","Tonga",2006,1104.191146
"TO","Tonga",2007,1275.822145
"TO","Tonga",2008,1173.762587
"TO","Tonga",2009,891.800943
"TO","Tonga",2010,792.2736983
"TO","Tonga",2011,0
"TO","Tonga",2012,0
"TO","Tonga",2013,562.2549908
"TN","Tunisia",2000,111.6870981
"TN","Tunisia",2001,131.2293343
"TN","Tunisia",2002,145.2784338
"TN","Tunisia",2003,149.9870379
"TN","Tunisia",2004,158.6884835
"TN","Tunisia",2005,153.6682607
"TN","Tunisia",2006,163.6460148
"TN","Tunisia",2007,172.9009388
"TN","Tunisia",2008,178.8165532
"TN","Tunisia",2009,186.4293877
"TN","Tunisia",2010,195.7714162
"TN","Tunisia",2011,177.6670958
"TN","Tunisia",2012,210.2263151
"TN","Tunisia",2013,210.1226556
"TR","Turkey",2000,131.4500781
"TR","Turkey",2001,101.5261034
"TR","Turkey",2002,62.27729617
"TR","Turkey",2003,18.66686519
"TR","Turkey",2004,17.16364605
"TR","Turkey",2005,16.45721158
"TR","Turkey",2006,20.46290092
"TR","Turkey",2007,18.8585695
"TR","Turkey",2008,19.61871125
"TR","Turkey",2009,15.60133012
"TR","Turkey",2010,13.35820933
"TR","Turkey",2011,14.82952225
"TR","Turkey",2012,13.71674857
"TR","Turkey",2013,12.04581022
"TM","Turkmenistan",2000,0
"TM","Turkmenistan",2001,0
"TM","Turkmenistan",2002,0
"TM","Turkmenistan",2003,0
"TM","Turkmenistan",2004,0
"TM","Turkmenistan",2005,0
"TM","Turkmenistan",2006,0
"TM","Turkmenistan",2007,0
"TM","Turkmenistan",2008,0
"TM","Turkmenistan",2009,0
"TM","Turkmenistan",2010,0
"TM","Turkmenistan",2011,0
"TM","Turkmenistan",2012,0
"TM","Turkmenistan",2013,7.301408563
"TV","Tuvalu",2000,0
"TV","Tuvalu",2001,0
"TV","Tuvalu",2002,0
"TV","Tuvalu",2003,0
"TV","Tuvalu",2004,0
"TV","Tuvalu",2005,0
"TV","Tuvalu",2006,0
"TV","Tuvalu",2007,0
"TV","Tuvalu",2008,0
"TV","Tuvalu",2009,0
"TV","Tuvalu",2010,0
"TV","Tuvalu",2011,0
"TV","Tuvalu",2012,0
"TV","Tuvalu",2013,0
"UG","Uganda",2000,15.40153519
"UG","Uganda",2001,22.8205575
"UG","Uganda",2002,28.47344647
"UG","Uganda",2003,18.69689471
"UG","Uganda",2004,16.60090405
"UG","Uganda",2005,15.37820114
"UG","Uganda",2006,18.53053311
"UG","Uganda",2007,17.28827853
"UG","Uganda",2008,24.47008523
"UG","Uganda",2009,26.32910594
"UG","Uganda",2010,25.69380767
"UG","Uganda",2011,26.35470504
"UG","Uganda",2012,20.16299938
"UG","Uganda",2013,23.60645042
"UA","Ukraine",2000,2.358829166
"UA","Ukraine",2001,9.145949325
"UA","Ukraine",2002,12.91455609
"UA","Ukraine",2003,19.03512514
"UA","Ukraine",2004,20.68917702
"UA","Ukraine",2005,94.69353977
"UA","Ukraine",2006,105.4965957
"UA","Ukraine",2007,147.0293469
"UA","Ukraine",2008,153.6253256
"UA","Ukraine",2009,176.9525374
"UA","Ukraine",2010,174.8147639
"UA","Ukraine",2011,184.3986831
"UA","Ukraine",2012,185.3123156
"UA","Ukraine",2013,210.912038
"UY","Uruguay",2000,0
"UY","Uruguay",2001,0.002792482
"UY","Uruguay",2002,23.7638628
"UY","Uruguay",2003,47.08244315
"UY","Uruguay",2004,49.11144909
"UY","Uruguay",2005,45.35756167
"UY","Uruguay",2006,48.44788805
"UY","Uruguay",2007,46.71332329
"UY","Uruguay",2008,43.13026077
"UY","Uruguay",2009,41.34855186
"UY","Uruguay",2010,35.55663162
"UY","Uruguay",2011,31.82481552
"UY","Uruguay",2012,28.45355037
"UY","Uruguay",2013,33.52806468
"UZ","Uzbekistan",2000,0
"UZ","Uzbekistan",2001,0
"UZ","Uzbekistan",2002,0
"UZ","Uzbekistan",2003,0
"UZ","Uzbekistan",2004,0
"UZ","Uzbekistan",2005,0
"UZ","Uzbekistan",2006,0
"UZ","Uzbekistan",2007,0
"UZ","Uzbekistan",2008,0
"UZ","Uzbekistan",2009,0
"UZ","Uzbekistan",2010,0
"UZ","Uzbekistan",2011,0
"UZ","Uzbekistan",2012,0
"UZ","Uzbekistan",2013,213.8433834
"VU","Vanuatu",2000,394.6123646
"VU","Vanuatu",2001,597.3727728
"VU","Vanuatu",2002,42.15001955
"VU","Vanuatu",2003,35.00080764
"VU","Vanuatu",2004,37.65440626
"VU","Vanuatu",2005,36.93785129
"VU","Vanuatu",2006,34.41704205
"VU","Vanuatu",2007,32.7459429
"VU","Vanuatu",2008,47.29621124
"VU","Vanuatu",2009,61.35606627
"VU","Vanuatu",2010,54.28460455
"VU","Vanuatu",2011,88.58240502
"VU","Vanuatu",2012,88.02762376
"VU","Vanuatu",2013,87.49152607
"VE","Venezuela",2000,1.184834669
"VE","Venezuela",2001,1.280664104
"VE","Venezuela",2002,1.516251733
"VE","Venezuela",2003,16.72168184
"VE","Venezuela",2004,9.922471856
"VE","Venezuela",2005,8.602760282
"VE","Venezuela",2006,8.214362652
"VE","Venezuela",2007,6.402011049
"VE","Venezuela",2008,4.389787766
"VE","Venezuela",2009,3.829664283
"VE","Venezuela",2010,4.516794397
"VE","Venezuela",2011,4.175396578
"VE","Venezuela",2012,3.939270865
"VE","Venezuela",2013,5.505102823
"VN","Viet Nam",2000,39.8172752
"VN","Viet Nam",2001,33.06962828
"VN","Viet Nam",2002,52.1930034
"VN","Viet Nam",2003,58.28514161
"VN","Viet Nam",2004,54.5548581
"VN","Viet Nam",2005,67.92962919
"VN","Viet Nam",2006,75.278142
"VN","Viet Nam",2007,111.1171806
"VN","Viet Nam",2008,100.9054171
"VN","Viet Nam",2009,90.01427755
"VN","Viet Nam",2010,117.2234644
"VN","Viet Nam",2011,107.515155
"VN","Viet Nam",2012,112.6469902
"VN","Viet Nam",2013,117.7033582
"WF","Wallis & Futuna",2000,
"WF","Wallis & Futuna",2001,
"WF","Wallis & Futuna",2002,
"WF","Wallis & Futuna",2003,
"WF","Wallis & Futuna",2004,
"WF","Wallis & Futuna",2005,
"WF","Wallis & Futuna",2006,
"WF","Wallis & Futuna",2007,
"WF","Wallis & Futuna",2008,
"WF","Wallis & Futuna",2009,
"WF","Wallis & Futuna",2010,
"WF","Wallis & Futuna",2011,
"WF","Wallis & Futuna",2012,
"WF","Wallis & Futuna",2013,
"YE","Yemen",2000,198.0247175
"YE","Yemen",2001,197.2517911
"YE","Yemen",2002,183.5154853
"YE","Yemen",2003,164.9196288
"YE","Yemen",2004,143.1010479
"YE","Yemen",2005,121.9621151
"YE","Yemen",2006,107.6517581
"YE","Yemen",2007,98.43883547
"YE","Yemen",2008,85.51071331
"YE","Yemen",2009,76.36867266
"YE","Yemen",2010,85.53677148
"YE","Yemen",2011,62.87022282
"YE","Yemen",2012,58.85862698
"YE","Yemen",2013,122.8268884
"ZM","Zambia",2000,0
"ZM","Zambia",2001,0
"ZM","Zambia",2002,0
"ZM","Zambia",2003,11.06995382
"ZM","Zambia",2004,12.10839359
"ZM","Zambia",2005,10.29008763
"ZM","Zambia",2006,7.786180887
"ZM","Zambia",2007,7.666533611
"ZM","Zambia",2008,7.140620903
"ZM","Zambia",2009,5.104631647
"ZM","Zambia",2010,4.465482537
"ZM","Zambia",2011,4.131010618
"ZM","Zambia",2012,5.176801841
"ZM","Zambia",2013,4.97349229
"ZW","Zimbabwe",2000,0
"ZW","Zimbabwe",2001,0
"ZW","Zimbabwe",2002,0
"ZW","Zimbabwe",2003,0
"ZW","Zimbabwe",2004,0
"ZW","Zimbabwe",2005,0
"ZW","Zimbabwe",2006,0
"ZW","Zimbabwe",2007,0
"ZW","Zimbabwe",2008,0
"ZW","Zimbabwe",2009,0
"ZW","Zimbabwe",2010,0
"ZW","Zimbabwe",2011,0
"ZW","Zimbabwe",2012,0
"ZW","Zimbabwe",2013,0
