"id-to","entity-to-name","year","value"
"AF","Afghanistan",1990,1428338.6
"AF","Afghanistan",1991,2587376.29
"AF","Afghanistan",1992,1701802.96
"AF","Afghanistan",1993,2270831.45
"AF","Afghanistan",1994,1771000.74
"AF","Afghanistan",1995,0
"AF","Afghanistan",1996,3772193.91
"AF","Afghanistan",1997,3394789.48
"AF","Afghanistan",1998,3346970.81
"AF","Afghanistan",1999,3770803.79
"AF","Afghanistan",2000,3579823.89
"AF","Afghanistan",2001,13389448.08
"AF","Afghanistan",2002,22026909.94
"AF","Afghanistan",2003,16273039.15
"AF","Afghanistan",2004,0
"AF","Afghanistan",2005,0
"AF","Afghanistan",2006,16120799.09
"AF","Afghanistan",2007,18057711.01
"AF","Afghanistan",2008,22634595.21
"AF","Afghanistan",2009,24729853.81
"AF","Afghanistan",2010,23869361.86
"AF","Afghanistan",2011,26655575.92
"AF","Afghanistan",2012,30419324.92
"AF","Afghanistan",2013,29277303.14
"AF","Afghanistan",2014,31662267.25
"AF","Afghanistan",2015,29249002.68
"africa","Africa, regional",1987,0
"africa","Africa, regional",1988,0
"africa","Africa, regional",1989,0
"africa","Africa, regional",1990,4213611.1
"africa","Africa, regional",1991,3187568.28
"africa","Africa, regional",1992,4006747.89
"africa","Africa, regional",1993,2841149.17
"africa","Africa, regional",1994,1055079.91
"africa","Africa, regional",1995,0
"africa","Africa, regional",1996,868520.91
"africa","Africa, regional",1997,1086697.48
"africa","Africa, regional",1998,3821666.7
"africa","Africa, regional",1999,3121812.85
"africa","Africa, regional",2000,4868918.87
"africa","Africa, regional",2001,5435180.64
"africa","Africa, regional",2002,19900508.12
"africa","Africa, regional",2003,7527641.73
"africa","Africa, regional",2004,3582060.13
"africa","Africa, regional",2005,1500334.89
"africa","Africa, regional",2006,19496533.18
"africa","Africa, regional",2007,18680204.93
"africa","Africa, regional",2008,30188500.08
"africa","Africa, regional",2009,38421711.7
"africa","Africa, regional",2010,22778497.76
"africa","Africa, regional",2011,39208990.12
"africa","Africa, regional",2012,49816487.7
"africa","Africa, regional",2013,27715119.23
"africa","Africa, regional",2014,55393687.41
"africa","Africa, regional",2015,46257778.47
"AL","Albania",1991,561984.28
"AL","Albania",1992,139355.5
"AL","Albania",1993,273529.16
"AL","Albania",1994,268536.94
"AL","Albania",1995,0
"AL","Albania",1996,136021.02
"AL","Albania",1997,437206.13
"AL","Albania",1998,85819.71
"AL","Albania",1999,24288.64
"AL","Albania",2000,413129.81
"AL","Albania",2001,711290.43
"AL","Albania",2002,1002586.09
"AL","Albania",2003,1334502.5
"AL","Albania",2004,0
"AL","Albania",2005,0
"AL","Albania",2006,576357.01
"AL","Albania",2007,309578.26
"AL","Albania",2008,431892.91
"AL","Albania",2009,420787.5
"AL","Albania",2010,579091.6
"AL","Albania",2011,485840.74
"AL","Albania",2012,301101.35
"AL","Albania",2013,371769
"AL","Albania",2014,356214.49
"AL","Albania",2015,365441.5
"DZ","Algeria",1990,6570.38
"DZ","Algeria",1991,7024.8
"DZ","Algeria",2000,15770.14
"DZ","Algeria",2001,278321.49
"DZ","Algeria",2002,272442.25
"DZ","Algeria",2003,294956.56
"DZ","Algeria",2004,0
"DZ","Algeria",2005,0
"DZ","Algeria",2006,487275.93
"DZ","Algeria",2007,1077107.23
"DZ","Algeria",2008,408587.47
"DZ","Algeria",2009,491323.79
"DZ","Algeria",2010,177553.17
"DZ","Algeria",2011,143224.15
"DZ","Algeria",2012,145586.14
"DZ","Algeria",2013,170271.64
"DZ","Algeria",2014,168601.39
"DZ","Algeria",2015,147057
"america","America, regional",1991,8429.76
"america","America, regional",1992,245822.19
"america","America, regional",1997,252720.12
"america","America, regional",2000,53522.86
"america","America, regional",2001,27046.12
"america","America, regional",2002,54488.3
"america","America, regional",2003,135918.99
"america","America, regional",2004,3260312.55
"america","America, regional",2005,0
"america","America, regional",2006,0
"america","America, regional",2008,3903138.37
"america","America, regional",2009,430104.68
"america","America, regional",2010,1417784.05
"america","America, regional",2011,3644678.34
"america","America, regional",2012,549611.78
"america","America, regional",2013,31002.45
"america","America, regional",2014,3716217.37
"america","America, regional",2015,1642696.7
"AO","Angola",1990,2689571.07
"AO","Angola",1991,1537304.65
"AO","Angola",1992,387408.25
"AO","Angola",1993,1783947.03
"AO","Angola",1994,2027980.42
"AO","Angola",1995,0
"AO","Angola",1996,4252010.94
"AO","Angola",1997,315900.95
"AO","Angola",1998,882715.71
"AO","Angola",1999,3946896.76
"AO","Angola",2000,1314179.3
"AO","Angola",2001,3125561.94
"AO","Angola",2002,4062104.57
"AO","Angola",2003,4253894.18
"AO","Angola",2004,0
"AO","Angola",2005,0
"AO","Angola",2006,1605149.38
"AO","Angola",2007,1914825.55
"AO","Angola",2008,2084203.99
"AO","Angola",2009,1903199.39
"AO","Angola",2010,1806315.5
"AO","Angola",2011,1347029.15
"AO","Angola",2012,1677268.7
"AO","Angola",2013,810139.8
"AO","Angola",2014,663493.88
"AO","Angola",2015,526246.9
"AG","Antigua & Barbuda",2010,27554.05
"AG","Antigua & Barbuda",2011,8355.15
"AG","Antigua & Barbuda",2012,22221.76
"AG","Antigua & Barbuda",2013,19770.25
"AR","Argentina",1999,10929.87
"AR","Argentina",2000,69293.06
"AR","Argentina",2001,100556.05
"AR","Argentina",2002,17708.66
"AR","Argentina",2003,144821.3
"AR","Argentina",2004,0
"AR","Argentina",2005,0
"AR","Argentina",2006,278054.85
"AR","Argentina",2007,169047.35
"AR","Argentina",2008,392832.77
"AR","Argentina",2009,242799.34
"AR","Argentina",2010,180358.94
"AR","Argentina",2011,164590.27
"AR","Argentina",2012,97824.18
"AR","Argentina",2013,93641.83
"AR","Argentina",2014,99510.09
"AR","Argentina",2015,64313.56
"AM","Armenia",1994,0
"AM","Armenia",1996,329083
"AM","Armenia",1998,245198.81
"AM","Armenia",1999,121442.95
"AM","Armenia",2000,13619.67
"AM","Armenia",2002,9535.46
"AM","Armenia",2005,0
"AM","Armenia",2006,235996.09
"AM","Armenia",2007,253118.08
"AM","Armenia",2008,268985.27
"AM","Armenia",2009,264103.88
"AM","Armenia",2010,120013.29
"AM","Armenia",2011,202039.5
"AM","Armenia",2012,182551.91
"AM","Armenia",2013,93202.63
"AM","Armenia",2014,240992.34
"AM","Armenia",2015,236886.8
"asia","Asia, regional",1987,0
"asia","Asia, regional",1988,0
"asia","Asia, regional",1989,0
"asia","Asia, regional",1990,7475667.34
"asia","Asia, regional",1991,6600501.31
"asia","Asia, regional",1992,7233660.07
"asia","Asia, regional",1993,5741092.73
"asia","Asia, regional",1994,3772935.12
"asia","Asia, regional",1995,0
"asia","Asia, regional",1996,3470216.29
"asia","Asia, regional",1997,4573481.76
"asia","Asia, regional",1998,2929398.58
"asia","Asia, regional",1999,8291639.43
"asia","Asia, regional",2000,5391717.9
"asia","Asia, regional",2001,5782551.82
"asia","Asia, regional",2002,3690230.55
"asia","Asia, regional",2003,7477279.21
"asia","Asia, regional",2004,0
"asia","Asia, regional",2005,0
"asia","Asia, regional",2006,7511756.82
"asia","Asia, regional",2007,8906911.38
"asia","Asia, regional",2008,13012488.27
"asia","Asia, regional",2009,14704336.97
"asia","Asia, regional",2010,14012016.29
"asia","Asia, regional",2011,13794735.82
"asia","Asia, regional",2012,16829729.49
"asia","Asia, regional",2013,12412678.25
"asia","Asia, regional",2014,7028864.74
"asia","Asia, regional",2015,22400311.83
"AZ","Azerbaijan",1994,0
"AZ","Azerbaijan",1996,748502.65
"AZ","Azerbaijan",1998,245198.81
"AZ","Azerbaijan",1999,242886.43
"AZ","Azerbaijan",2000,478361.2
"AZ","Azerbaijan",2001,288954.32
"AZ","Azerbaijan",2002,122598.87
"AZ","Azerbaijan",2003,81551.15
"AZ","Azerbaijan",2005,0
"AZ","Azerbaijan",2006,190672.67
"AZ","Azerbaijan",2007,43078.66
"AZ","Azerbaijan",2008,172349.33
"AZ","Azerbaijan",2009,143489.14
"AZ","Azerbaijan",2010,411817.78
"AZ","Azerbaijan",2011,574248.28
"AZ","Azerbaijan",2012,311225.23
"AZ","Azerbaijan",2013,406450.87
"AZ","Azerbaijan",2014,101104.08
"AZ","Azerbaijan",2015,67020.6
"BD","Bangladesh",1975,0
"BD","Bangladesh",1979,0
"BD","Bangladesh",1981,0
"BD","Bangladesh",1983,0
"BD","Bangladesh",1987,0
"BD","Bangladesh",1988,0
"BD","Bangladesh",1989,0
"BD","Bangladesh",1990,12077213.95
"BD","Bangladesh",1991,15424489.61
"BD","Bangladesh",1992,11754070.5
"BD","Bangladesh",1993,6726896.01
"BD","Bangladesh",1994,7049616.1
"BD","Bangladesh",1995,0
"BD","Bangladesh",1996,0
"BD","Bangladesh",1997,659600.79
"BD","Bangladesh",1998,490397.88
"BD","Bangladesh",1999,675223.04
"BD","Bangladesh",2000,609301.16
"BD","Bangladesh",2001,760989.52
"BD","Bangladesh",2002,557143.12
"BD","Bangladesh",2003,519031.49
"BD","Bangladesh",2004,0
"BD","Bangladesh",2005,0
"BD","Bangladesh",2006,466750.51
"BD","Bangladesh",2007,1102855.18
"BD","Bangladesh",2008,1205183.9
"BD","Bangladesh",2009,1078175.15
"BD","Bangladesh",2010,1505773.34
"BD","Bangladesh",2011,700819.12
"BD","Bangladesh",2012,698587.7
"BD","Bangladesh",2013,710630.95
"BD","Bangladesh",2014,763769.12
"BD","Bangladesh",2015,784350.43
"BB","Barbados",1987,0
"BB","Barbados",1991,0
"BB","Barbados",1992,0
"BB","Barbados",1993,0
"BB","Barbados",1994,0
"BB","Barbados",1995,0
"BB","Barbados",1996,0
"BB","Barbados",1997,0
"BB","Barbados",1998,0
"BB","Barbados",2010,4280.44
"BY","Belarus",2005,0
"BY","Belarus",2007,92943.77
"BY","Belarus",2008,151652.82
"BY","Belarus",2009,326752.58
"BY","Belarus",2010,345880.8
"BY","Belarus",2011,352163.07
"BY","Belarus",2012,324168.58
"BY","Belarus",2013,326076.25
"BY","Belarus",2014,325233.86
"BY","Belarus",2015,330569.68
"BZ","Belize",2003,26775.98
"BZ","Belize",2006,9287.51
"BZ","Belize",2007,30325.37
"BZ","Belize",2008,25550.34
"BZ","Belize",2009,56595.68
"BZ","Belize",2010,6328.42
"BZ","Belize",2011,17903.88
"BZ","Belize",2013,29372.95
"BJ","Benin",2001,219605.39
"BJ","Benin",2002,77645.98
"BJ","Benin",2003,237857.39
"BJ","Benin",2004,0
"BJ","Benin",2005,0
"BJ","Benin",2006,130025.04
"BJ","Benin",2007,198727.91
"BJ","Benin",2008,148411.77
"BJ","Benin",2009,399158
"BJ","Benin",2010,636184.35
"BJ","Benin",2011,318092.23
"BJ","Benin",2012,231683.05
"BJ","Benin",2013,138437
"BJ","Benin",2014,92475.33
"BJ","Benin",2015,66333.9
"BT","Bhutan",1987,0
"BT","Bhutan",1988,0
"BT","Bhutan",1989,0
"BT","Bhutan",1990,142833.86
"BT","Bhutan",1991,252892.25
"BT","Bhutan",1992,75251.82
"BT","Bhutan",1993,41029.3
"BT","Bhutan",2003,23106.18
"BT","Bhutan",2004,0
"BT","Bhutan",2005,0
"BT","Bhutan",2007,33551.42
"BT","Bhutan",2008,72895.47
"BT","Bhutan",2009,152011.33
"BT","Bhutan",2010,236515.62
"BT","Bhutan",2011,220635.7
"BT","Bhutan",2012,348292.68
"BT","Bhutan",2013,429179.4
"BT","Bhutan",2014,468861.09
"BT","Bhutan",2015,357620.7
"bilateral-unspecified","Bilateral, unspecified",1987,0
"bilateral-unspecified","Bilateral, unspecified",1988,0
"bilateral-unspecified","Bilateral, unspecified",1989,0
"bilateral-unspecified","Bilateral, unspecified",1990,31335856.39
"bilateral-unspecified","Bilateral, unspecified",1991,56255730.56
"bilateral-unspecified","Bilateral, unspecified",1992,43451827.35
"bilateral-unspecified","Bilateral, unspecified",1993,26429712.57
"bilateral-unspecified","Bilateral, unspecified",1994,32988579.95
"bilateral-unspecified","Bilateral, unspecified",1995,3351.15
"bilateral-unspecified","Bilateral, unspecified",1996,36191175.5
"bilateral-unspecified","Bilateral, unspecified",1997,45256658.61
"bilateral-unspecified","Bilateral, unspecified",1998,67420216.08
"bilateral-unspecified","Bilateral, unspecified",1999,85766190.6
"bilateral-unspecified","Bilateral, unspecified",2000,78008902.89
"bilateral-unspecified","Bilateral, unspecified",2001,93843507.91
"bilateral-unspecified","Bilateral, unspecified",2002,78286126.07
"bilateral-unspecified","Bilateral, unspecified",2003,103802156.31
"bilateral-unspecified","Bilateral, unspecified",2004,2233640.13
"bilateral-unspecified","Bilateral, unspecified",2005,87226.27
"bilateral-unspecified","Bilateral, unspecified",2006,120486994.89
"bilateral-unspecified","Bilateral, unspecified",2007,143902375.21
"bilateral-unspecified","Bilateral, unspecified",2008,158946558.45
"bilateral-unspecified","Bilateral, unspecified",2009,195107606.62
"bilateral-unspecified","Bilateral, unspecified",2010,232714084.33
"bilateral-unspecified","Bilateral, unspecified",2011,213322279.67
"bilateral-unspecified","Bilateral, unspecified",2012,213223886.26
"bilateral-unspecified","Bilateral, unspecified",2013,193349784.4
"bilateral-unspecified","Bilateral, unspecified",2014,191717222.61
"bilateral-unspecified","Bilateral, unspecified",2015,200304341.8
"BO","Bolivia",1990,27424.25
"BO","Bolivia",1991,32314.06
"BO","Bolivia",1992,212098.72
"BO","Bolivia",1993,149073.17
"BO","Bolivia",1994,31150.23
"BO","Bolivia",1995,0
"BO","Bolivia",1996,31488.73
"BO","Bolivia",1997,45489.65
"BO","Bolivia",1998,49039.77
"BO","Bolivia",1999,47362.77
"BO","Bolivia",2000,26283.59
"BO","Bolivia",2001,435742.77
"BO","Bolivia",2002,415473.89
"BO","Bolivia",2003,786179.9
"BO","Bolivia",2004,0
"BO","Bolivia",2005,0
"BO","Bolivia",2006,62624.43
"BO","Bolivia",2007,661950.24
"BO","Bolivia",2008,241854.33
"BO","Bolivia",2009,883160.95
"BO","Bolivia",2010,1130479.09
"BO","Bolivia",2011,909269.47
"BO","Bolivia",2012,848423.37
"BO","Bolivia",2013,1051906.48
"BO","Bolivia",2014,863342.85
"BO","Bolivia",2015,864535.79
"BA","Bosnia & Herzegovina",1996,10326749.87
"BA","Bosnia & Herzegovina",1997,4661171.85
"BA","Bosnia & Herzegovina",1998,9745676.22
"BA","Bosnia & Herzegovina",1999,9246427.32
"BA","Bosnia & Herzegovina",2000,5762554.47
"BA","Bosnia & Herzegovina",2001,6714602.89
"BA","Bosnia & Herzegovina",2002,6188511.21
"BA","Bosnia & Herzegovina",2003,7839807.65
"BA","Bosnia & Herzegovina",2004,0
"BA","Bosnia & Herzegovina",2005,0
"BA","Bosnia & Herzegovina",2006,4293208.46
"BA","Bosnia & Herzegovina",2007,3347307.36
"BA","Bosnia & Herzegovina",2008,3234509.22
"BA","Bosnia & Herzegovina",2009,2875667.6
"BA","Bosnia & Herzegovina",2010,2131789.76
"BA","Bosnia & Herzegovina",2011,1855909.81
"BA","Bosnia & Herzegovina",2012,651729.75
"BA","Bosnia & Herzegovina",2013,480388.27
"BA","Bosnia & Herzegovina",2014,485960.09
"BA","Bosnia & Herzegovina",2015,462128.97
"BW","Botswana",1989,0
"BW","Botswana",1990,2314201.4
"BW","Botswana",1991,2362581.66
"BW","Botswana",1992,503351.76
"BW","Botswana",1993,0
"BW","Botswana",1994,8056.09
"BW","Botswana",1995,0
"BW","Botswana",1996,2581.04
"BW","Botswana",1997,35886.2
"BW","Botswana",1998,13240.71
"BW","Botswana",1999,44933.82
"BW","Botswana",2000,16009.08
"BW","Botswana",2001,186317.82
"BW","Botswana",2002,61299.51
"BW","Botswana",2003,682990.23
"BW","Botswana",2005,0
"BW","Botswana",2007,200421.5
"BW","Botswana",2008,350865.29
"BW","Botswana",2009,509717.18
"BW","Botswana",2010,165459.8
"BW","Botswana",2011,461044.77
"BW","Botswana",2012,301911.92
"BW","Botswana",2013,371579.08
"BW","Botswana",2014,402220.57
"BW","Botswana",2015,411850.02
"BR","Brazil",1990,117981.2
"BR","Brazil",1991,200909.11
"BR","Brazil",1992,113992.63
"BR","Brazil",1993,94640.91
"BR","Brazil",1994,46993.86
"BR","Brazil",1995,0
"BR","Brazil",1996,123890.26
"BR","Brazil",1997,27546.52
"BR","Brazil",1998,110339.48
"BR","Brazil",1999,165648.1
"BR","Brazil",2000,141692.29
"BR","Brazil",2001,491915.73
"BR","Brazil",2002,1852605.1
"BR","Brazil",2003,1649678.97
"BR","Brazil",2004,0
"BR","Brazil",2005,0
"BR","Brazil",2006,220313.35
"BR","Brazil",2007,555203.63
"BR","Brazil",2008,-15271.65
"BR","Brazil",2009,1205626.99
"BR","Brazil",2010,1273001.12
"BR","Brazil",2011,1297218.29
"BR","Brazil",2012,1276655.3
"BR","Brazil",2013,1165433.67
"BR","Brazil",2014,892370.32
"BR","Brazil",2015,526715.28
"BF","Burkina Faso",1991,28099.21
"BF","Burkina Faso",1992,0
"BF","Burkina Faso",1993,17505.77
"BF","Burkina Faso",1994,13426.82
"BF","Burkina Faso",1997,377311.76
"BF","Burkina Faso",1998,415612.12
"BF","Burkina Faso",1999,645591.56
"BF","Burkina Faso",2000,728294.11
"BF","Burkina Faso",2001,1189566.39
"BF","Burkina Faso",2002,1845792.31
"BF","Burkina Faso",2003,1347644.95
"BF","Burkina Faso",2004,0
"BF","Burkina Faso",2005,0
"BF","Burkina Faso",2006,1269070.93
"BF","Burkina Faso",2007,612051.78
"BF","Burkina Faso",2008,155483.45
"BF","Burkina Faso",2009,102405.28
"BF","Burkina Faso",2010,69855.08
"BF","Burkina Faso",2013,40096.48
"BF","Burkina Faso",2014,219791.61
"BF","Burkina Faso",2015,525026.33
"BI","Burundi",1990,142833.86
"BI","Burundi",1992,0
"BI","Burundi",1994,913022.79
"BI","Burundi",1995,0
"BI","Burundi",1996,412966.81
"BI","Burundi",1997,73036.2
"BI","Burundi",1998,487455.44
"BI","Burundi",1999,1228760.12
"BI","Burundi",2000,1469730.18
"BI","Burundi",2001,1398538.83
"BI","Burundi",2002,1691863.18
"BI","Burundi",2003,11553.07
"BI","Burundi",2004,0
"BI","Burundi",2005,0
"BI","Burundi",2006,1326790.84
"BI","Burundi",2007,934623.14
"BI","Burundi",2008,194895.16
"BI","Burundi",2009,402300.71
"BI","Burundi",2010,436437.73
"BI","Burundi",2011,536330.54
"BI","Burundi",2012,640513.44
"BI","Burundi",2013,397399.05
"BI","Burundi",2014,719579.03
"BI","Burundi",2015,764162.48
"CI","Côte d'Ivoire",1990,183399.4
"CI","Côte d'Ivoire",1991,579685.96
"CI","Côte d'Ivoire",1992,13935.55
"CI","Côte d'Ivoire",2002,91267.95
"CI","Côte d'Ivoire",2004,0
"CI","Côte d'Ivoire",2005,0
"CI","Côte d'Ivoire",2006,663394.36
"CI","Côte d'Ivoire",2007,0
"CI","Côte d'Ivoire",2008,280644.02
"CI","Côte d'Ivoire",2009,485319.68
"CI","Côte d'Ivoire",2010,427672.04
"CI","Côte d'Ivoire",2011,1241889.71
"CI","Côte d'Ivoire",2012,334740.41
"CI","Côte d'Ivoire",2013,560974.01
"CI","Côte d'Ivoire",2014,413861.61
"CI","Côte d'Ivoire",2015,467549.3
"KH","Cambodia",1990,685604.49
"KH","Cambodia",1991,3588267.57
"KH","Cambodia",1992,1181733.37
"KH","Cambodia",1993,711173.95
"KH","Cambodia",1994,16112.22
"KH","Cambodia",1995,0
"KH","Cambodia",1996,338116.7
"KH","Cambodia",1997,1321476.41
"KH","Cambodia",1998,2593469.68
"KH","Cambodia",1999,2771572.68
"KH","Cambodia",2000,5054331.09
"KH","Cambodia",2001,4335701.63
"KH","Cambodia",2002,3301993.25
"KH","Cambodia",2003,4264696.68
"KH","Cambodia",2004,0
"KH","Cambodia",2005,0
"KH","Cambodia",2006,3286640.13
"KH","Cambodia",2007,4375145.31
"KH","Cambodia",2008,4626696.66
"KH","Cambodia",2009,6946578.46
"KH","Cambodia",2010,3745999.29
"KH","Cambodia",2011,2640891.63
"KH","Cambodia",2012,3296429.56
"KH","Cambodia",2013,3868719.98
"KH","Cambodia",2014,1901212.76
"KH","Cambodia",2015,2659409.71
"CM","Cameroon",1987,0
"CM","Cameroon",1988,0
"CM","Cameroon",1989,0
"CM","Cameroon",1990,155403.29
"CM","Cameroon",1991,436662.16
"CM","Cameroon",1992,1133516.07
"CM","Cameroon",1993,733330.94
"CM","Cameroon",1994,180993.32
"CM","Cameroon",1995,0
"CM","Cameroon",1996,238229.57
"CM","Cameroon",1997,30326.49
"CM","Cameroon",1998,29423.86
"CM","Cameroon",1999,21373.94
"CM","Cameroon",2000,13619.67
"CM","Cameroon",2003,203877.29
"CM","Cameroon",2004,0
"CM","Cameroon",2005,0
"CM","Cameroon",2007,266213.29
"CM","Cameroon",2008,173070.32
"CM","Cameroon",2009,254411
"CM","Cameroon",2010,391496.07
"CM","Cameroon",2011,388915.49
"CM","Cameroon",2012,261313.03
"CM","Cameroon",2013,312991.95
"CM","Cameroon",2014,2126620.86
"CM","Cameroon",2015,609185.89
"CV","Cape Verde",2010,31840.28
"CF","CAR",2005,0
"CF","CAR",2006,530715.28
"CF","CAR",2007,2322789.53
"CF","CAR",2008,2780511.6
"CF","CAR",2009,2651260.45
"CF","CAR",2010,2716216.72
"CF","CAR",2011,1642754.65
"CF","CAR",2012,2011486.62
"CF","CAR",2013,1499716.03
"CF","CAR",2014,5080722.04
"CF","CAR",2015,2596249.52
"central-asia","Central Asia, regional",2007,77426.25
"central-asia","Central Asia, regional",2008,562303.71
"central-asia","Central Asia, regional",2009,411030.11
"central-asia","Central Asia, regional",2010,1018593.8
"central-asia","Central Asia, regional",2011,2525626.99
"central-asia","Central Asia, regional",2012,2991735.04
"central-asia","Central Asia, regional",2013,3682733.58
"central-asia","Central Asia, regional",2014,2285789.3
"central-asia","Central Asia, regional",2015,176267.3
"TD","Chad",1989,0
"TD","Chad",1991,32595.02
"TD","Chad",2000,56868.09
"TD","Chad",2002,23157.53
"TD","Chad",2004,0
"TD","Chad",2005,0
"TD","Chad",2006,1592145.84
"TD","Chad",2007,5161757.85
"TD","Chad",2008,3052400.42
"TD","Chad",2009,4724056.66
"TD","Chad",2010,4286186.36
"TD","Chad",2011,3700131.73
"TD","Chad",2012,2870217.26
"TD","Chad",2013,807755.77
"TD","Chad",2014,2605216.63
"TD","Chad",2015,2107595
"CL","Chile",1990,634470.44
"CL","Chile",1991,1447951.52
"CL","Chile",1992,540698.68
"CL","Chile",1993,292676.25
"CL","Chile",1994,178844.64
"CL","Chile",1995,0
"CL","Chile",1996,179123.83
"CL","Chile",1997,159971.96
"CL","Chile",1998,132407.49
"CL","Chile",1999,12144.29
"CL","Chile",2000,121621.35
"CL","Chile",2001,71429.41
"CL","Chile",2002,93992.46
"CL","Chile",2003,153492.75
"CL","Chile",2004,0
"CL","Chile",2005,0
"CL","Chile",2006,9340.59
"CL","Chile",2007,163551.36
"CL","Chile",2008,285342.96
"CL","Chile",2009,181030.83
"CL","Chile",2010,755953.36
"CL","Chile",2011,260543.04
"CL","Chile",2012,577691.41
"CL","Chile",2013,417875.72
"CL","Chile",2014,239229.43
"CL","Chile",2015,213589.31
"CN","China",1984,0
"CN","China",1986,0
"CN","China",1987,0
"CN","China",1988,0
"CN","China",1989,0
"CN","China",1990,15139299.26
"CN","China",1991,12131275.08
"CN","China",1992,13734579.22
"CN","China",1993,14780668.65
"CN","China",1994,14392464.68
"CN","China",1995,1259002.59
"CN","China",1996,16572613.74
"CN","China",1997,18039954.12
"CN","China",1998,18581686.28
"CN","China",1999,3312721.02
"CN","China",2000,18757402.12
"CN","China",2001,15615257.37
"CN","China",2002,6452781.82
"CN","China",2003,4430591.25
"CN","China",2004,334848.23
"CN","China",2005,1450812.98
"CN","China",2006,7668042.42
"CN","China",2007,8965473.74
"CN","China",2008,8329504.82
"CN","China",2009,6308819.97
"CN","China",2010,5185367.78
"CN","China",2011,3371173.02
"CN","China",2012,3655559.59
"CN","China",2013,5384594.11
"CN","China",2014,6128660.63
"CN","China",2015,2319633.32
"CO","Colombia",1990,121409.44
"CO","Colombia",1991,157355.33
"CO","Colombia",1992,159979.84
"CO","Colombia",1993,50329.23
"CO","Colombia",1994,17454.87
"CO","Colombia",1995,0
"CO","Colombia",1996,25810.44
"CO","Colombia",1999,242886.43
"CO","Colombia",2001,530057.54
"CO","Colombia",2002,580300.31
"CO","Colombia",2003,485827.39
"CO","Colombia",2004,0
"CO","Colombia",2005,0
"CO","Colombia",2006,828591.97
"CO","Colombia",2007,1123582.49
"CO","Colombia",2008,1904999.97
"CO","Colombia",2009,2247892.38
"CO","Colombia",2010,1907459.59
"CO","Colombia",2011,1531333.71
"CO","Colombia",2012,1465461.58
"CO","Colombia",2013,1683835.73
"CO","Colombia",2014,1306158.02
"CO","Colombia",2015,1230049.04
"KM","Comoros",1990,12283.77
"KM","Comoros",1991,0
"KM","Comoros",1993,68929.27
"KM","Comoros",1994,93450.69
"KM","Comoros",1996,38715.66
"KM","Comoros",1997,73288.86
"KM","Comoros",1998,24519.88
"KM","Comoros",2014,10543.35
"KM","Comoros",2015,4987.24
"CG","Congo",1997,166795.12
"CG","Congo",2001,47157.35
"CG","Congo",2002,83094.71
"CG","Congo",2003,146791.84
"CG","Congo",2005,0
"CG","Congo",2006,13267.91
"CG","Congo",2007,25808.75
"CG","Congo",2008,39439.1
"CG","Congo",2009,690.35
"CG","Congo",2010,0
"CG","Congo",2011,20291.09
"CG","Congo",2012,8117.78
"CG","Congo",2013,11297.3
"CG","Congo",2014,0
"CG","Congo",2015,22185.2
"CR","Costa Rica",1988,0
"CR","Costa Rica",1990,85700.64
"CR","Costa Rica",1991,446496.42
"CR","Costa Rica",1992,891873.66
"CR","Costa Rica",1993,70570.43
"CR","Costa Rica",1994,0
"CR","Costa Rica",1996,0
"CR","Costa Rica",1997,0
"CR","Costa Rica",1998,0
"CR","Costa Rica",1999,0
"CR","Costa Rica",2000,0
"CR","Costa Rica",2001,55710.46
"CR","Costa Rica",2002,66748.16
"CR","Costa Rica",2003,480662.07
"CR","Costa Rica",2005,0
"CR","Costa Rica",2006,1857927.88
"CR","Costa Rica",2007,1565247.97
"CR","Costa Rica",2008,1336125.22
"CR","Costa Rica",2009,829859.8
"CR","Costa Rica",2010,173408.22
"CR","Costa Rica",2011,150805.3
"CR","Costa Rica",2012,93005.75
"CR","Costa Rica",2013,33641.81
"CR","Costa Rica",2015,4579.03
"HR","Croatia",1997,379081.23
"HR","Croatia",1998,196159.05
"HR","Croatia",1999,53434.91
"HR","Croatia",2000,541202.36
"HR","Croatia",2001,789885.91
"HR","Croatia",2002,189347.1
"HR","Croatia",2003,75026.97
"HR","Croatia",2004,0
"HR","Croatia",2005,0
"HR","Croatia",2006,45044.48
"HR","Croatia",2007,52212.4
"HR","Croatia",2008,454230.92
"HR","Croatia",2009,378690.59
"HR","Croatia",2010,339876.04
"CU","Cuba",1976,0
"CU","Cuba",1990,0
"CU","Cuba",1991,0
"CU","Cuba",1992,0
"CU","Cuba",1993,0
"CU","Cuba",1994,0
"CU","Cuba",1996,0
"CU","Cuba",1997,3790.8
"CU","Cuba",1998,3677.98
"CU","Cuba",1999,291462.64
"CU","Cuba",2000,44204.17
"CU","Cuba",2001,202961.48
"CU","Cuba",2002,227488.9
"CU","Cuba",2003,10873.48
"CU","Cuba",2004,0
"CU","Cuba",2005,0
"CU","Cuba",2006,86360.65
"CU","Cuba",2007,9033.07
"CU","Cuba",2008,135067.68
"CU","Cuba",2009,27981.18
"CU","Cuba",2010,6991.39
"CU","Cuba",2011,0
"CU","Cuba",2013,21380.09
"CU","Cuba",2014,10844.79
"CU","Cuba",2015,10815.3
"DJ","Djibouti",1991,140495.5
"DJ","Djibouti",1992,105910.08
"DJ","Djibouti",2003,0
"DJ","Djibouti",2005,0
"DJ","Djibouti",2013,5693.83
"DJ","Djibouti",2014,7874.98
"DJ","Djibouti",2015,7853.58
"DM","Dominica",1991,1685.95
"DM","Dominica",2010,18369.34
"DM","Dominica",2011,1193.59
"DM","Dominica",2012,21454.12
"DM","Dominica",2013,1242.71
"DO","Dominican Republic",1990,8855.73
"DO","Dominican Republic",1992,239412.21
"DO","Dominican Republic",1993,463357
"DO","Dominican Republic",1994,468864.25
"DO","Dominican Republic",1996,412191.95
"DO","Dominican Republic",1997,454138.78
"DO","Dominican Republic",1998,364365.86
"DO","Dominican Republic",2000,217436.55
"DO","Dominican Republic",2001,6382607.91
"DO","Dominican Republic",2002,1072057.65
"DO","Dominican Republic",2003,160927.23
"DO","Dominican Republic",2004,0
"DO","Dominican Republic",2005,0
"DO","Dominican Republic",2007,253925.73
"DO","Dominican Republic",2008,487580.6
"DO","Dominican Republic",2009,195097.42
"DO","Dominican Republic",2010,203334.42
"DO","Dominican Republic",2011,249226.71
"DO","Dominican Republic",2012,148829.21
"DO","Dominican Republic",2013,213090.1
"DO","Dominican Republic",2014,209963.46
"DO","Dominican Republic",2015,363609.51
"CD","DRC",1990,142833.86
"CD","DRC",1991,140495.5
"CD","DRC",1993,322764.13
"CD","DRC",1994,671340.25
"CD","DRC",1996,2994003.26
"CD","DRC",1997,303264.14
"CD","DRC",1998,367798.21
"CD","DRC",1999,1700202.33
"CD","DRC",2000,1319913.76
"CD","DRC",2001,1955413.35
"CD","DRC",2002,1625115.59
"CD","DRC",2003,2282900.6
"CD","DRC",2004,0
"CD","DRC",2005,0
"CD","DRC",2006,6352597.55
"CD","DRC",2007,5759443.04
"CD","DRC",2008,5906473.29
"CD","DRC",2009,6259211.35
"CD","DRC",2010,5981645.37
"CD","DRC",2011,6938688.26
"CD","DRC",2012,6717567.47
"CD","DRC",2013,6198435.27
"CD","DRC",2014,3219656.6
"CD","DRC",2015,3757259.49
"eac","East African Community",1993,1487722.56
"eac","East African Community",1996,180672.85
"EC","Ecuador",1989,0
"EC","Ecuador",1990,113124.78
"EC","Ecuador",1991,108462.86
"EC","Ecuador",1992,262545.4
"EC","Ecuador",1993,151261.25
"EC","Ecuador",1994,72504.76
"EC","Ecuador",1995,0
"EC","Ecuador",1996,103241.76
"EC","Ecuador",1997,45489.67
"EC","Ecuador",1998,146383.87
"EC","Ecuador",1999,121442.95
"EC","Ecuador",2000,191153.2
"EC","Ecuador",2001,354373.72
"EC","Ecuador",2002,219315.69
"EC","Ecuador",2003,533167.04
"EC","Ecuador",2004,0
"EC","Ecuador",2005,0
"EC","Ecuador",2006,468608.07
"EC","Ecuador",2007,567618.9
"EC","Ecuador",2008,1057309.75
"EC","Ecuador",2009,1263310.53
"EC","Ecuador",2010,829676.46
"EC","Ecuador",2011,895470.75
"EC","Ecuador",2012,449474.82
"EC","Ecuador",2013,555800.72
"EC","Ecuador",2014,452574.17
"EC","Ecuador",2015,163187.95
"EG","Egypt",1979,0
"EG","Egypt",1980,0
"EG","Egypt",1981,0
"EG","Egypt",1983,0
"EG","Egypt",1984,0
"EG","Egypt",1987,0
"EG","Egypt",1988,0
"EG","Egypt",1989,0
"EG","Egypt",1990,26839141.68
"EG","Egypt",1991,16815681.83
"EG","Egypt",1992,19676696.23
"EG","Egypt",1993,7664821.1
"EG","Egypt",1994,9019860.69
"EG","Egypt",1995,0
"EG","Egypt",1996,4898304.12
"EG","Egypt",1997,3632350.43
"EG","Egypt",1998,3402629.91
"EG","Egypt",1999,3614385.39
"EG","Egypt",2000,5028530.94
"EG","Egypt",2001,5840574.14
"EG","Egypt",2002,7335494.28
"EG","Egypt",2003,5258455.58
"EG","Egypt",2004,0
"EG","Egypt",2005,0
"EG","Egypt",2006,4590818.19
"EG","Egypt",2007,3965294.39
"EG","Egypt",2008,972082.04
"EG","Egypt",2009,896075.73
"EG","Egypt",2010,1720803.06
"EG","Egypt",2011,1677033.69
"EG","Egypt",2012,1306761.3
"EG","Egypt",2013,1694522.34
"EG","Egypt",2014,1881762.67
"EG","Egypt",2015,1951610.31
"SV","El Salvador",1990,372226.32
"SV","El Salvador",1991,891587.02
"SV","El Salvador",1992,380997.27
"SV","El Salvador",2001,858541.45
"SV","El Salvador",2002,419560.67
"SV","El Salvador",2003,412974.21
"SV","El Salvador",2004,0
"SV","El Salvador",2005,0
"SV","El Salvador",2009,449561.38
"SV","El Salvador",2010,128717.4
"SV","El Salvador",2011,573748.07
"SV","El Salvador",2012,98664.3
"SV","El Salvador",2013,110495.11
"SV","El Salvador",2014,95017.06
"SV","El Salvador",2015,109509
"GQ","Equatorial Guinea",1992,5852.92
"GQ","Equatorial Guinea",1993,2735.29
"GQ","Equatorial Guinea",1994,3222.43
"ER","Eritrea",1993,181349.74
"ER","Eritrea",1994,233626.56
"ER","Eritrea",1995,0
"ER","Eritrea",1996,425872.5
"ER","Eritrea",1997,450095.26
"ER","Eritrea",1998,390357.62
"ER","Eritrea",1999,486257.97
"ER","Eritrea",2000,477166.39
"ER","Eritrea",2001,316694.6
"ER","Eritrea",2002,279253.29
"ER","Eritrea",2003,2765479.49
"ER","Eritrea",2004,0
"ER","Eritrea",2005,0
"ER","Eritrea",2006,950485.31
"ER","Eritrea",2007,654693.7
"ER","Eritrea",2008,343549.2
"ER","Eritrea",2009,402105.69
"ER","Eritrea",2010,644289.05
"ER","Eritrea",2011,463767.46
"ER","Eritrea",2012,0
"ER","Eritrea",2014,0
"ER","Eritrea",2015,2654696
"ET","Ethiopia",1975,0
"ET","Ethiopia",1979,0
"ET","Ethiopia",1983,0
"ET","Ethiopia",1987,0
"ET","Ethiopia",1988,0
"ET","Ethiopia",1989,0
"ET","Ethiopia",1990,18659890.47
"ET","Ethiopia",1991,19785210.8
"ET","Ethiopia",1992,8719739.74
"ET","Ethiopia",1993,2170997.72
"ET","Ethiopia",1994,4524566.82
"ET","Ethiopia",1995,0
"ET","Ethiopia",1996,6412082.9
"ET","Ethiopia",1997,6384976.71
"ET","Ethiopia",1998,8438517.32
"ET","Ethiopia",1999,5368991.62
"ET","Ethiopia",2000,9368894.27
"ET","Ethiopia",2001,8830223.27
"ET","Ethiopia",2002,5052435.26
"ET","Ethiopia",2003,9747994
"ET","Ethiopia",2004,0
"ET","Ethiopia",2005,0
"ET","Ethiopia",2006,10702048.09
"ET","Ethiopia",2007,9406978.21
"ET","Ethiopia",2008,13878802.9
"ET","Ethiopia",2009,20716861.03
"ET","Ethiopia",2010,23708428.17
"ET","Ethiopia",2011,20302960.12
"ET","Ethiopia",2012,28083740.28
"ET","Ethiopia",2013,17563471.99
"ET","Ethiopia",2014,34275217.79
"ET","Ethiopia",2015,24748298.1
"europe","Europe, regional",1992,20903.26
"europe","Europe, regional",1993,0
"europe","Europe, regional",1994,0
"europe","Europe, regional",1995,0
"europe","Europe, regional",1999,5003446.72
"europe","Europe, regional",2000,407634.54
"europe","Europe, regional",2001,1077220.32
"europe","Europe, regional",2002,259083.2
"europe","Europe, regional",2003,135918.99
"europe","Europe, regional",2005,0
"europe","Europe, regional",2006,90906.49
"europe","Europe, regional",2007,102686.38
"europe","Europe, regional",2008,3565580.32
"europe","Europe, regional",2009,6968657.63
"europe","Europe, regional",2010,9743530.45
"europe","Europe, regional",2011,5260142.42
"europe","Europe, regional",2012,3114881.92
"europe","Europe, regional",2013,2134621.82
"europe","Europe, regional",2014,1398846.31
"europe","Europe, regional",2015,4856380.48
"east-asia","Far East Asia, regional",1987,0
"east-asia","Far East Asia, regional",1990,103983.36
"east-asia","Far East Asia, regional",1991,4521726.95
"east-asia","Far East Asia, regional",1992,815228.51
"east-asia","Far East Asia, regional",1996,2658475.24
"east-asia","Far East Asia, regional",1997,52313.1
"east-asia","Far East Asia, regional",1998,1030081.4
"east-asia","Far East Asia, regional",1999,1456581.27
"east-asia","Far East Asia, regional",2000,1992063
"east-asia","Far East Asia, regional",2001,270924.19
"east-asia","Far East Asia, regional",2004,0
"east-asia","Far East Asia, regional",2005,0
"east-asia","Far East Asia, regional",2006,0
"east-asia","Far East Asia, regional",2007,198327.74
"east-asia","Far East Asia, regional",2008,47418.05
"east-asia","Far East Asia, regional",2009,1031138.32
"east-asia","Far East Asia, regional",2010,795810.87
"east-asia","Far East Asia, regional",2013,0
"east-asia","Far East Asia, regional",2014,862491.66
"east-asia","Far East Asia, regional",2015,316994
"FJ","Fiji",1989,0
"FJ","Fiji",1990,448500.33
"FJ","Fiji",1991,370909.31
"FJ","Fiji",1992,207361.06
"FJ","Fiji",1999,60721.54
"FJ","Fiji",2008,16278.25
"FJ","Fiji",2009,17750.81
"FJ","Fiji",2010,15920.09
"GA","Gabon",2008,0
"GA","Gabon",2009,20881.29
"GA","Gabon",2010,21026.8
"GA","Gabon",2011,21508.52
"GA","Gabon",2012,21686.09
"GA","Gabon",2013,17284.82
"GA","Gabon",2014,8787.03
"GM","Gambia",1990,0
"GM","Gambia",1991,585586.9
"GM","Gambia",1997,34117.26
"GM","Gambia",1998,17654.37
"GM","Gambia",2000,41814.72
"GM","Gambia",2001,75128
"GM","Gambia",2002,70834.93
"GM","Gambia",2003,137617.53
"GM","Gambia",2004,0
"GM","Gambia",2005,0
"GM","Gambia",2006,72747.82
"GM","Gambia",2007,42426.99
"GM","Gambia",2008,136069.14
"GM","Gambia",2009,137109.29
"GM","Gambia",2010,168263.6
"GM","Gambia",2011,163880.16
"GM","Gambia",2012,96833.49
"GM","Gambia",2013,195617.7
"GM","Gambia",2014,266357.72
"GM","Gambia",2015,453935.49
"GE","Georgia",1993,136764.43
"GE","Georgia",1994,402804.71
"GE","Georgia",1996,658166.47
"GE","Georgia",1997,1884789.06
"GE","Georgia",1998,1471194.16
"GE","Georgia",1999,2428858.92
"GE","Georgia",2000,1475464.86
"GE","Georgia",2001,1155817.6
"GE","Georgia",2002,2190430.84
"GE","Georgia",2003,1309982.54
"GE","Georgia",2004,0
"GE","Georgia",2005,0
"GE","Georgia",2006,640971.24
"GE","Georgia",2007,564331.07
"GE","Georgia",2008,3631133.65
"GE","Georgia",2009,2853741.5
"GE","Georgia",2010,4336110.83
"GE","Georgia",2011,3600608.69
"GE","Georgia",2012,3182116.55
"GE","Georgia",2013,2005037.37
"GE","Georgia",2014,2363605.6
"GE","Georgia",2015,1790443
"GH","Ghana",1990,107697.15
"GH","Ghana",1991,580248.34
"GH","Ghana",1992,167226.35
"GH","Ghana",1993,291763.53
"GH","Ghana",1994,331374.85
"GH","Ghana",1995,0
"GH","Ghana",1996,951630.34
"GH","Ghana",1997,810727.46
"GH","Ghana",1998,875851.23
"GH","Ghana",1999,756589.8
"GH","Ghana",2000,956960.72
"GH","Ghana",2001,925115.1
"GH","Ghana",2002,685190.4
"GH","Ghana",2003,274365.11
"GH","Ghana",2004,0
"GH","Ghana",2005,0
"GH","Ghana",2006,113002.6
"GH","Ghana",2007,523743.9
"GH","Ghana",2008,127767.91
"GH","Ghana",2009,154622.47
"GH","Ghana",2010,282960.58
"GH","Ghana",2011,769870.52
"GH","Ghana",2012,1104114.38
"GH","Ghana",2013,1369940.85
"GH","Ghana",2014,1374965.22
"GH","Ghana",2015,1467709.37
"GD","Grenada",2011,22678.22
"GT","Guatemala",1990,0
"GT","Guatemala",1991,77272.87
"GT","Guatemala",1992,41806.65
"GT","Guatemala",1993,354220.12
"GT","Guatemala",1994,325734.4
"GT","Guatemala",1995,0
"GT","Guatemala",1996,166219.19
"GT","Guatemala",1997,237557.2
"GT","Guatemala",1998,220679.06
"GT","Guatemala",1999,1343645.22
"GT","Guatemala",2000,91036.73
"GT","Guatemala",2001,803062.58
"GT","Guatemala",2002,1103388.49
"GT","Guatemala",2003,1599565.93
"GT","Guatemala",2004,0
"GT","Guatemala",2006,792371.76
"GT","Guatemala",2007,849743.52
"GT","Guatemala",2008,360121.3
"GT","Guatemala",2009,441851.12
"GT","Guatemala",2010,912406.25
"GT","Guatemala",2011,2355458.15
"GT","Guatemala",2012,1525145.48
"GT","Guatemala",2013,1137234.68
"GT","Guatemala",2014,282844.77
"GT","Guatemala",2015,408567.99
"GN","Guinea",1990,223392.97
"GN","Guinea",1991,621553.77
"GN","Guinea",1992,228264.2
"GN","Guinea",1993,109411.35
"GN","Guinea",1994,53707.25
"GN","Guinea",1995,0
"GN","Guinea",1996,38715.66
"GN","Guinea",1997,37908.02
"GN","Guinea",1998,648550.98
"GN","Guinea",1999,104441.07
"GN","Guinea",2000,654222.27
"GN","Guinea",2001,1377041.06
"GN","Guinea",2002,247921.95
"GN","Guinea",2003,89121.73
"GN","Guinea",2008,59690.84
"GN","Guinea",2010,0
"GN","Guinea",2011,21391.6
"GN","Guinea",2012,18004.07
"GN","Guinea",2013,189031.6
"GN","Guinea",2014,33724.47
"GN","Guinea",2015,30549.1
"GW","Guinea-Bissau",1999,485771.51
"GW","Guinea-Bissau",2006,0
"GW","Guinea-Bissau",2007,258087.52
"GW","Guinea-Bissau",2008,282768.25
"GW","Guinea-Bissau",2009,774263.32
"GW","Guinea-Bissau",2010,734857.67
"GW","Guinea-Bissau",2011,716155.08
"GW","Guinea-Bissau",2012,37109.86
"GW","Guinea-Bissau",2013,126207.19
"GY","Guyana",2001,10171.19
"GY","Guyana",2004,0
"GY","Guyana",2006,0
"GY","Guyana",2008,72271.72
"GY","Guyana",2009,151081.9
"GY","Guyana",2010,180755.03
"GY","Guyana",2011,111971.23
"GY","Guyana",2012,120626.83
"GY","Guyana",2013,88304.19
"GY","Guyana",2014,79329.8
"GY","Guyana",2015,78523.02
"HT","Haiti",1991,28099.21
"HT","Haiti",1992,0
"HT","Haiti",1994,80560.94
"HT","Haiti",1996,51620.88
"HT","Haiti",2001,110264.91
"HT","Haiti",2002,137583.02
"HT","Haiti",2003,33979.63
"HT","Haiti",2004,0
"HT","Haiti",2005,0
"HT","Haiti",2006,193671.42
"HT","Haiti",2007,86459.34
"HT","Haiti",2008,1371600.3
"HT","Haiti",2009,1076216.04
"HT","Haiti",2010,11262644.45
"HT","Haiti",2011,7071838.98
"HT","Haiti",2012,2126089.87
"HT","Haiti",2013,3805241.56
"HT","Haiti",2014,671556.6
"HT","Haiti",2015,780979.6
"HN","Honduras",1990,228534.83
"HN","Honduras",1991,50578.56
"HN","Honduras",1992,41806.65
"HN","Honduras",1998,9807.97
"HN","Honduras",1999,971543.03
"HN","Honduras",2001,0
"HN","Honduras",2002,1103389.36
"HN","Honduras",2003,1398408.2
"HN","Honduras",2004,0
"HN","Honduras",2005,1076867.51
"HN","Honduras",2006,496902.08
"HN","Honduras",2007,741247.59
"HN","Honduras",2008,1161839.2
"HN","Honduras",2009,882032.51
"HN","Honduras",2010,1167407.23
"HN","Honduras",2011,8664745.22
"HN","Honduras",2012,4579997.79
"HN","Honduras",2013,2772347.28
"HN","Honduras",2014,2926401.13
"HN","Honduras",2015,1932867.7
"HK","Hong Kong",1990,0
"HK","Hong Kong",1991,90479.43
"HK","Hong Kong",1992,1749511.62
"HK","Hong Kong",1993,0
"HK","Hong Kong",1994,0
"HK","Hong Kong",1995,0
"HK","Hong Kong",1996,0
"IN","India",1983,0
"IN","India",1987,0
"IN","India",1988,0
"IN","India",1989,0
"IN","India",1990,144834.46
"IN","India",1991,716810.64
"IN","India",1992,7148937.31
"IN","India",1993,3291094.23
"IN","India",1994,2590474.39
"IN","India",1995,250820.66
"IN","India",1996,1233738.36
"IN","India",1997,1063700.99
"IN","India",1998,1200739.55
"IN","India",1999,-1716467.64
"IN","India",2000,1522536.41
"IN","India",2001,3509062.6
"IN","India",2002,3289142.27
"IN","India",2003,2501973.88
"IN","India",2004,0
"IN","India",2005,3230602.53
"IN","India",2006,1563512.94
"IN","India",2007,3756998.64
"IN","India",2008,3752129.05
"IN","India",2009,6814347.85
"IN","India",2010,5659444.53
"IN","India",2011,4191749.23
"IN","India",2012,4431200.2
"IN","India",2013,3689852.12
"IN","India",2014,4500395.93
"IN","India",2015,3440725.32
"ID","Indonesia",1983,0
"ID","Indonesia",1987,0
"ID","Indonesia",1988,0
"ID","Indonesia",1989,0
"ID","Indonesia",1990,2692999.19
"ID","Indonesia",1991,3889490.03
"ID","Indonesia",1992,2105937.17
"ID","Indonesia",1993,720200.36
"ID","Indonesia",1994,2151795.39
"ID","Indonesia",1995,0
"ID","Indonesia",1996,572991.4
"ID","Indonesia",1997,157444.73
"ID","Indonesia",1998,168942.16
"ID","Indonesia",1999,2370566.8
"ID","Indonesia",2000,942386.33
"ID","Indonesia",2001,885588.32
"ID","Indonesia",2002,730143.89
"ID","Indonesia",2003,796130.14
"ID","Indonesia",2004,0
"ID","Indonesia",2005,0
"ID","Indonesia",2006,5691910.62
"ID","Indonesia",2007,5153124.13
"ID","Indonesia",2008,1579522.64
"ID","Indonesia",2009,1881354.34
"ID","Indonesia",2010,1664284.55
"ID","Indonesia",2011,2342205.86
"ID","Indonesia",2012,3373535.18
"ID","Indonesia",2013,3792933.73
"ID","Indonesia",2014,3428018.99
"ID","Indonesia",2015,2868472.83
"IR","Iran",1990,1371206.81
"IR","Iran",1991,36529.01
"IR","Iran",1997,138995.93
"IR","Iran",1999,16759.12
"IR","Iran",2000,2720588.87
"IR","Iran",2001,2605441.45
"IR","Iran",2002,2235384.01
"IR","Iran",2003,3922517.8
"IR","Iran",2004,0
"IR","Iran",2005,0
"IR","Iran",2006,1565489.52
"IR","Iran",2007,776867.13
"IR","Iran",2008,1632918.66
"IR","Iran",2009,0
"IR","Iran",2010,27559.05
"IR","Iran",2011,25918.62
"IR","Iran",2012,31702.05
"IR","Iran",2013,30447.14
"IR","Iran",2014,27334.06
"IQ","Iraq",1990,28566.88
"IQ","Iraq",1991,842976.43
"IQ","Iraq",1992,0
"IQ","Iraq",1993,945862.35
"IQ","Iraq",1994,881336.66
"IQ","Iraq",1995,0
"IQ","Iraq",1996,774313.21
"IQ","Iraq",1997,63180.16
"IQ","Iraq",2000,4737974.56
"IQ","Iraq",2001,2216855.77
"IQ","Iraq",2002,2453344.7
"IQ","Iraq",2003,5060053.73
"IQ","Iraq",2004,0
"IQ","Iraq",2005,0
"IQ","Iraq",2006,1876132.02
"IQ","Iraq",2007,4045307.09
"IQ","Iraq",2008,7111822.32
"IQ","Iraq",2009,3043115.13
"IQ","Iraq",2010,3409500.1
"IQ","Iraq",2011,1729542.08
"IQ","Iraq",2012,191007.65
"IQ","Iraq",2013,939326.24
"IQ","Iraq",2014,14008217.54
"IQ","Iraq",2015,2677851
"IL","Israel",1992,0
"IL","Israel",1993,5744.11
"IL","Israel",1994,5639.25
"IL","Israel",1995,0
"IL","Israel",1996,15228.16
"JM","Jamaica",1992,11148.43
"JM","Jamaica",1993,20514.73
"JM","Jamaica",1994,0
"JM","Jamaica",2006,0
"JM","Jamaica",2007,21632.93
"JM","Jamaica",2008,2075.59
"JM","Jamaica",2009,2304.74
"JM","Jamaica",2010,15051.62
"JM","Jamaica",2011,68881.23
"JM","Jamaica",2013,8472.96
"JO","Jordan",1988,0
"JO","Jordan",1990,4782379.11
"JO","Jordan",1991,694892.87
"JO","Jordan",1992,602294.38
"JO","Jordan",1993,309087.75
"JO","Jordan",1994,151722.35
"JO","Jordan",1996,26326.63
"JO","Jordan",2001,37910.85
"JO","Jordan",2004,0
"JO","Jordan",2005,0
"JO","Jordan",2006,79607.34
"JO","Jordan",2007,188789.39
"JO","Jordan",2008,215058.46
"JO","Jordan",2009,185046.35
"JO","Jordan",2010,263842.6
"JO","Jordan",2011,263177.51
"JO","Jordan",2012,671353.33
"JO","Jordan",2013,504156.1
"JO","Jordan",2014,835537.37
"JO","Jordan",2015,717786
"KZ","Kazakhstan",1998,858197.14
"KZ","Kazakhstan",2000,18876.45
"KZ","Kazakhstan",2002,24519.76
"KZ","Kazakhstan",2004,0
"KZ","Kazakhstan",2005,0
"KZ","Kazakhstan",2006,106859.53
"KZ","Kazakhstan",2007,211037.88
"KZ","Kazakhstan",2008,89913.63
"KZ","Kazakhstan",2009,41724.57
"KZ","Kazakhstan",2010,67097.4
"KZ","Kazakhstan",2011,347991.11
"KZ","Kazakhstan",2012,320604.48
"KZ","Kazakhstan",2013,157168.54
"KZ","Kazakhstan",2014,62881.35
"KZ","Kazakhstan",2015,53808.61
"KE","Kenya",1974,0
"KE","Kenya",1975,0
"KE","Kenya",1979,0
"KE","Kenya",1981,0
"KE","Kenya",1982,0
"KE","Kenya",1983,0
"KE","Kenya",1987,0
"KE","Kenya",1988,0
"KE","Kenya",1989,0
"KE","Kenya",1990,31723215.49
"KE","Kenya",1991,39482457.47
"KE","Kenya",1992,25814457.05
"KE","Kenya",1993,12006001.53
"KE","Kenya",1994,8398469.92
"KE","Kenya",1995,0
"KE","Kenya",1996,4330983.72
"KE","Kenya",1997,5602304.95
"KE","Kenya",1998,7024701.95
"KE","Kenya",1999,5128536.09
"KE","Kenya",2000,6197181.84
"KE","Kenya",2001,8021381.39
"KE","Kenya",2002,7298712.51
"KE","Kenya",2003,6485909.18
"KE","Kenya",2004,0
"KE","Kenya",2005,535354.99
"KE","Kenya",2006,8867759.72
"KE","Kenya",2007,12749602.17
"KE","Kenya",2008,14187039.8
"KE","Kenya",2009,16023374.86
"KE","Kenya",2010,23816196.75
"KE","Kenya",2011,18733835.19
"KE","Kenya",2012,23213986.18
"KE","Kenya",2013,25121134.54
"KE","Kenya",2014,47673621.23
"KE","Kenya",2015,31082785.52
"XK","Kosovo",1999,3876941.83
"XK","Kosovo",2009,11510271.86
"XK","Kosovo",2010,3021934.74
"XK","Kosovo",2011,2024484.31
"XK","Kosovo",2012,3261489.55
"XK","Kosovo",2013,8472504.13
"XK","Kosovo",2014,1232844.81
"XK","Kosovo",2015,954468.45
"KG","Kyrgyzstan",1995,0
"KG","Kyrgyzstan",1996,153829.54
"KG","Kyrgyzstan",1997,504935.41
"KG","Kyrgyzstan",1998,1177200.95
"KG","Kyrgyzstan",1999,1565885.25
"KG","Kyrgyzstan",2000,657327.98
"KG","Kyrgyzstan",2001,558260.28
"KG","Kyrgyzstan",2002,93992.31
"KG","Kyrgyzstan",2003,502477.58
"KG","Kyrgyzstan",2004,0
"KG","Kyrgyzstan",2005,0
"KG","Kyrgyzstan",2006,883361.51
"KG","Kyrgyzstan",2007,813313.08
"KG","Kyrgyzstan",2008,515594.87
"KG","Kyrgyzstan",2009,1320616.96
"KG","Kyrgyzstan",2010,2045083.89
"KG","Kyrgyzstan",2011,1316472.81
"KG","Kyrgyzstan",2012,1166175.74
"KG","Kyrgyzstan",2013,492449.19
"KG","Kyrgyzstan",2014,1926119.87
"KG","Kyrgyzstan",2015,2565869.88
"LA","Lao",1992,156077.46
"LA","Lao",1993,2735.29
"LA","Lao",1994,50216.29
"LA","Lao",1995,0
"LA","Lao",1996,1692648.62
"LA","Lao",1997,1721278
"LA","Lao",1998,1399597.5
"LA","Lao",1999,2448047.33
"LA","Lao",2000,2672800.6
"LA","Lao",2001,2368962.97
"LA","Lao",2002,1390813.59
"LA","Lao",2003,1866813.23
"LA","Lao",2004,0
"LA","Lao",2005,0
"LA","Lao",2006,2098686.33
"LA","Lao",2007,3524426.84
"LA","Lao",2008,2658688.05
"LA","Lao",2009,6025922.57
"LA","Lao",2010,6024743.69
"LA","Lao",2011,8281043.98
"LA","Lao",2012,9080840.58
"LA","Lao",2013,6468562.64
"LA","Lao",2014,6978845.3
"LA","Lao",2015,5947221.73
"LB","Lebanon",1990,228249.83
"LB","Lebanon",1991,23884.37
"LB","Lebanon",1992,31215.56
"LB","Lebanon",1993,287205.61
"LB","Lebanon",1994,17454.85
"LB","Lebanon",1995,0
"LB","Lebanon",1996,20648.28
"LB","Lebanon",1997,114987.77
"LB","Lebanon",1998,436454.4
"LB","Lebanon",1999,133344.31
"LB","Lebanon",2000,226277.62
"LB","Lebanon",2001,116275.31
"LB","Lebanon",2002,130771.96
"LB","Lebanon",2003,70677.59
"LB","Lebanon",2004,0
"LB","Lebanon",2006,5532792.75
"LB","Lebanon",2007,55380.43
"LB","Lebanon",2008,496003.13
"LB","Lebanon",2009,1684963.42
"LB","Lebanon",2010,583635.26
"LB","Lebanon",2011,622377.53
"LB","Lebanon",2012,336708.93
"LB","Lebanon",2013,1284424.8
"LB","Lebanon",2014,10223054.81
"LB","Lebanon",2015,1485559.3
"LS","Lesotho",1988,0
"LS","Lesotho",1989,0
"LS","Lesotho",1990,202539.43
"LS","Lesotho",1991,451553.91
"LS","Lesotho",1998,14221.61
"LS","Lesotho",2008,61888.68
"LS","Lesotho",2009,108091.32
"LS","Lesotho",2010,73477.54
"LS","Lesotho",2011,47743.73
"LS","Lesotho",2013,112972.96
"LS","Lesotho",2014,100105.71
"LR","Liberia",1981,0
"LR","Liberia",1990,571337.63
"LR","Liberia",1991,1123967.43
"LR","Liberia",1992,278711.01
"LR","Liberia",1993,683822.13
"LR","Liberia",1994,939877.19
"LR","Liberia",1995,0
"LR","Liberia",1996,877554.02
"LR","Liberia",1997,328536.68
"LR","Liberia",1998,632612.93
"LR","Liberia",1999,971543.43
"LR","Liberia",2000,721603.97
"LR","Liberia",2001,1386983.27
"LR","Liberia",2002,660671.43
"LR","Liberia",2003,1766966.27
"LR","Liberia",2004,0
"LR","Liberia",2005,0
"LR","Liberia",2006,1276714.68
"LR","Liberia",2007,1933138.98
"LR","Liberia",2008,4356359.36
"LR","Liberia",2009,1872037.15
"LR","Liberia",2010,620289.5
"LR","Liberia",2011,1710632.32
"LR","Liberia",2012,1610031.8
"LR","Liberia",2013,1579229.62
"LR","Liberia",2014,242349.87
"LR","Liberia",2015,551322.9
"LY","Libya",1990,228534.83
"LY","Libya",1991,621835.52
"LY","Libya",2007,0
"LY","Libya",2008,10978.48
"LY","Libya",2011,1969427.33
"LY","Libya",2012,287384.33
"LY","Libya",2013,297145
"LY","Libya",2014,947999.97
"LY","Libya",2015,771393.4
"MK","Macedonia",1996,0
"MK","Macedonia",1997,252720.12
"MK","Macedonia",1999,0
"MK","Macedonia",2002,0
"MK","Macedonia",2003,750936.49
"MK","Macedonia",2004,0
"MK","Macedonia",2005,0
"MK","Macedonia",2006,314621.03
"MK","Macedonia",2007,85665.77
"MK","Macedonia",2008,173990.32
"MK","Macedonia",2009,164911.66
"MK","Macedonia",2010,221143.39
"MK","Macedonia",2011,139274
"MK","Macedonia",2012,97805.74
"MK","Macedonia",2013,109653.55
"MK","Macedonia",2014,110620.94
"MK","Macedonia",2015,110230.52
"MG","Madagascar",1993,27352.92
"MG","Madagascar",1994,13426.82
"MG","Madagascar",1998,61299.83
"MG","Madagascar",1999,60721.54
"MG","Madagascar",2000,59735.42
"MG","Madagascar",2001,212670.36
"MG","Madagascar",2002,151205.13
"MG","Madagascar",2003,225053.83
"MG","Madagascar",2004,0
"MG","Madagascar",2005,0
"MG","Madagascar",2006,39803.62
"MG","Madagascar",2007,63244.33
"MG","Madagascar",2008,39088.7
"MG","Madagascar",2009,275108.8
"MG","Madagascar",2010,276921.88
"MG","Madagascar",2011,335692.31
"MG","Madagascar",2012,381266.44
"MG","Madagascar",2013,267024.01
"MG","Madagascar",2014,128913.89
"MG","Madagascar",2015,233448.7
"MW","Malawi",1990,63132.81
"MW","Malawi",1991,6431909.21
"MW","Malawi",1992,348388.76
"MW","Malawi",1993,472657.58
"MW","Malawi",1994,268536.94
"MW","Malawi",1996,301981.54
"MW","Malawi",1997,272685.04
"MW","Malawi",1998,1754397.61
"MW","Malawi",1999,947498.49
"MW","Malawi",2000,1549057.05
"MW","Malawi",2001,745963.64
"MW","Malawi",2002,1076143.73
"MW","Malawi",2003,1228635.8
"MW","Malawi",2004,0
"MW","Malawi",2005,0
"MW","Malawi",2006,1008650.88
"MW","Malawi",2007,808075.84
"MW","Malawi",2008,1544861.88
"MW","Malawi",2009,1381292.55
"MW","Malawi",2010,1559112.06
"MW","Malawi",2011,1694034.52
"MW","Malawi",2012,1342970.04
"MW","Malawi",2013,1842328.45
"MW","Malawi",2014,1532672.48
"MW","Malawi",2015,1644190.13
"MY","Malaysia",1983,0
"MY","Malaysia",1989,0
"MY","Malaysia",1991,594016.7
"MY","Malaysia",1992,1490272.97
"MY","Malaysia",1993,31785680.11
"MY","Malaysia",1994,4419074.7
"MY","Malaysia",1995,0
"MY","Malaysia",1996,2650989.64
"MY","Malaysia",1997,0
"MY","Malaysia",1998,476667.11
"MY","Malaysia",1999,1117516.96
"MY","Malaysia",2000,91036.73
"MY","Malaysia",2001,331026.31
"MY","Malaysia",2002,-1025741.64
"MY","Malaysia",2003,246474.83
"MY","Malaysia",2004,0
"MY","Malaysia",2005,0
"MY","Malaysia",2006,134973.94
"MY","Malaysia",2007,129043.75
"MY","Malaysia",2008,299977.66
"MY","Malaysia",2009,210311.85
"MY","Malaysia",2010,243712.02
"MY","Malaysia",2011,173760.42
"MY","Malaysia",2012,195942.03
"MY","Malaysia",2013,213290.87
"MY","Malaysia",2014,157152.57
"MV","Maldives",1996,0
"MV","Maldives",2001,43227.5
"MV","Maldives",2002,1362.21
"MV","Maldives",2003,73613.42
"MV","Maldives",2005,0
"MV","Maldives",2006,60965.91
"MV","Maldives",2007,349211.07
"MV","Maldives",2008,290917.32
"MV","Maldives",2009,223147.49
"MV","Maldives",2010,232588.27
"MV","Maldives",2011,213125.76
"MV","Maldives",2012,214685.59
"MV","Maldives",2013,75424.03
"ML","Mali",1992,6967.76
"ML","Mali",2000,19354.22
"ML","Mali",2001,60333.62
"ML","Mali",2002,77645.98
"ML","Mali",2003,71098.88
"ML","Mali",2004,0
"ML","Mali",2005,0
"ML","Mali",2006,197333.16
"ML","Mali",2007,122480.55
"ML","Mali",2008,100442.18
"ML","Mali",2009,93230.89
"ML","Mali",2010,671916.88
"ML","Mali",2011,1004243.07
"ML","Mali",2012,1320489.41
"ML","Mali",2013,2322530.81
"ML","Mali",2014,783168.96
"ML","Mali",2015,842264.64
"MR","Mauritania",2001,17799.61
"MR","Mauritania",2003,135918.99
"MR","Mauritania",2004,0
"MR","Mauritania",2006,53071.53
"MR","Mauritania",2007,191952.97
"MR","Mauritania",2008,162952.99
"MR","Mauritania",2009,213960.66
"MR","Mauritania",2010,215511.38
"MR","Mauritania",2011,202910.89
"MR","Mauritania",2012,429082.47
"MR","Mauritania",2013,211259.19
"MR","Mauritania",2014,205719.59
"MR","Mauritania",2015,226290
"MU","Mauritius",1989,0
"MU","Mauritius",1990,24853.21
"MU","Mauritius",1991,333818.42
"MU","Mauritius",1992,342255.71
"MU","Mauritius",1993,323857.77
"MU","Mauritius",1994,294047.14
"MU","Mauritius",1996,285205.39
"MU","Mauritius",1997,267631.08
"MU","Mauritius",1998,217001.21
"MU","Mauritius",1999,88410.48
"MU","Mauritius",2000,143842.75
"MU","Mauritius",2001,75821.55
"MU","Mauritius",2002,12259.87
"MU","Mauritius",2003,1372.77
"MU","Mauritius",2010,23114.81
"MU","Mauritius",2012,115968.6
"MU","Mauritius",2014,796707.73
"MU","Mauritius",2015,1482352
"MX","Mexico",1983,0
"MX","Mexico",1987,0
"MX","Mexico",1988,0
"MX","Mexico",1989,0
"MX","Mexico",1990,955562.09
"MX","Mexico",1991,1675557.17
"MX","Mexico",1992,2503381.84
"MX","Mexico",1993,1988827.62
"MX","Mexico",1994,1911978.39
"MX","Mexico",1995,0
"MX","Mexico",1996,892266.58
"MX","Mexico",1997,648985.65
"MX","Mexico",1998,490888.66
"MX","Mexico",1999,183378.79
"MX","Mexico",2000,334996.1
"MX","Mexico",2001,338885.57
"MX","Mexico",2002,343277.03
"MX","Mexico",2003,527730.25
"MX","Mexico",2004,0
"MX","Mexico",2005,0
"MX","Mexico",2006,315829.14
"MX","Mexico",2007,214455.33
"MX","Mexico",2008,591451.88
"MX","Mexico",2009,790342.29
"MX","Mexico",2010,901308.57
"MX","Mexico",2011,719842.27
"MX","Mexico",2012,488650.56
"MX","Mexico",2013,676222.69
"MX","Mexico",2014,7042004.81
"MX","Mexico",2015,4865463.72
"middle-east","Middle East, regional",1990,863861.82
"middle-east","Middle East, regional",1991,14330615.31
"middle-east","Middle East, regional",1992,194261.04
"middle-east","Middle East, regional",1993,1367644.26
"middle-east","Middle East, regional",1994,739011.31
"middle-east","Middle East, regional",1995,0
"middle-east","Middle East, regional",1996,490397.89
"middle-east","Middle East, regional",1997,287343.25
"middle-east","Middle East, regional",1998,59338.16
"middle-east","Middle East, regional",1999,182407.1
"middle-east","Middle East, regional",2000,238941.69
"middle-east","Middle East, regional",2002,434545.41
"middle-east","Middle East, regional",2003,1766939.68
"middle-east","Middle East, regional",2006,79607.34
"middle-east","Middle East, regional",2007,1468519.99
"middle-east","Middle East, regional",2008,453981.47
"middle-east","Middle East, regional",2009,364221.46
"middle-east","Middle East, regional",2010,859570.11
"middle-east","Middle East, regional",2011,779513.48
"middle-east","Middle East, regional",2012,1596786.38
"middle-east","Middle East, regional",2013,4654891.96
"middle-east","Middle East, regional",2014,4696477.67
"middle-east","Middle East, regional",2015,12675999.3
"MD","Moldova",2000,110630.04
"MD","Moldova",2001,232781.77
"MD","Moldova",2002,657947.27
"MD","Moldova",2003,44594.91
"MD","Moldova",2004,0
"MD","Moldova",2005,0
"MD","Moldova",2006,864058.08
"MD","Moldova",2007,1053856.02
"MD","Moldova",2008,1218715.08
"MD","Moldova",2009,707684.7
"MD","Moldova",2010,1123857.4
"MD","Moldova",2011,1070969.52
"MD","Moldova",2012,800564.14
"MD","Moldova",2013,839250.64
"MD","Moldova",2014,1113491.22
"MD","Moldova",2015,1391944.85
"MN","Mongolia",1988,0
"MN","Mongolia",1990,232819.72
"MN","Mongolia",1991,259636.52
"MN","Mongolia",1992,158307.52
"MN","Mongolia",1993,846571.36
"MN","Mongolia",1994,599372.52
"MN","Mongolia",1996,1232188.72
"MN","Mongolia",1997,186760.17
"MN","Mongolia",1998,1101680.29
"MN","Mongolia",1999,0
"MN","Mongolia",2000,788028.76
"MN","Mongolia",2001,505555.3
"MN","Mongolia",2002,77645.84
"MN","Mongolia",2003,471541.94
"MN","Mongolia",2004,0
"MN","Mongolia",2005,0
"MN","Mongolia",2006,112776.9
"MN","Mongolia",2007,498737.33
"MN","Mongolia",2008,503013.64
"MN","Mongolia",2009,897507.02
"MN","Mongolia",2010,980085.73
"MN","Mongolia",2011,2630760.4
"MN","Mongolia",2012,740968.32
"MN","Mongolia",2013,1091595.84
"MN","Mongolia",2014,866929.51
"MN","Mongolia",2015,565353.99
"ME","Montenegro",2007,841338.81
"ME","Montenegro",2008,397196.1
"ME","Montenegro",2009,46261.2
"ME","Montenegro",2010,40363.66
"ME","Montenegro",2011,23871.78
"ME","Montenegro",2015,556.85
"MA","Morocco",1983,0
"MA","Morocco",1989,0
"MA","Morocco",1990,71417.15
"MA","Morocco",1991,442000.05
"MA","Morocco",1992,508367.59
"MA","Morocco",1993,422055.59
"MA","Morocco",1994,281426.27
"MA","Morocco",1996,126729.03
"MA","Morocco",1997,64696.49
"MA","Morocco",1998,47323.45
"MA","Morocco",1999,32303.8
"MA","Morocco",2000,52567.08
"MA","Morocco",2001,327558.15
"MA","Morocco",2002,21795.35
"MA","Morocco",2003,210102.89
"MA","Morocco",2004,0
"MA","Morocco",2005,0
"MA","Morocco",2006,124585.24
"MA","Morocco",2007,328587.07
"MA","Morocco",2008,331371.48
"MA","Morocco",2009,541150.52
"MA","Morocco",2010,523917.83
"MA","Morocco",2011,448139.42
"MA","Morocco",2012,456626.58
"MA","Morocco",2013,504952.39
"MA","Morocco",2014,392737.85
"MA","Morocco",2015,302191.99
"MZ","Mozambique",1982,0
"MZ","Mozambique",1984,0
"MZ","Mozambique",1987,0
"MZ","Mozambique",1988,0
"MZ","Mozambique",1989,0
"MZ","Mozambique",1990,29787251.62
"MZ","Mozambique",1991,27344185.53
"MZ","Mozambique",1992,27336778.65
"MZ","Mozambique",1993,13631568.44
"MZ","Mozambique",1994,16589901.32
"MZ","Mozambique",1995,0
"MZ","Mozambique",1996,11057447.59
"MZ","Mozambique",1997,11994874.19
"MZ","Mozambique",1998,20857135.22
"MZ","Mozambique",1999,18411730.45
"MZ","Mozambique",2000,16018152.43
"MZ","Mozambique",2001,16260955.87
"MZ","Mozambique",2002,16824642.51
"MZ","Mozambique",2003,26355778.96
"MZ","Mozambique",2004,0
"MZ","Mozambique",2005,0
"MZ","Mozambique",2006,28783294.06
"MZ","Mozambique",2007,30997256.48
"MZ","Mozambique",2008,34935161.21
"MZ","Mozambique",2009,37726188.35
"MZ","Mozambique",2010,43686546.67
"MZ","Mozambique",2011,31351648.51
"MZ","Mozambique",2012,35633150.86
"MZ","Mozambique",2013,24574183.27
"MZ","Mozambique",2014,23882834.65
"MZ","Mozambique",2015,26332625.3
"MM","Myanmar",1982,0
"MM","Myanmar",1987,0
"MM","Myanmar",1988,0
"MM","Myanmar",1989,0
"MM","Myanmar",1990,1067258.66
"MM","Myanmar",1991,3647845.58
"MM","Myanmar",1992,596719.56
"MM","Myanmar",1993,1094115.09
"MM","Myanmar",1994,0
"MM","Myanmar",2000,249215.85
"MM","Myanmar",2001,148406.94
"MM","Myanmar",2002,156654
"MM","Myanmar",2003,271836.78
"MM","Myanmar",2004,0
"MM","Myanmar",2005,0
"MM","Myanmar",2006,2701670.16
"MM","Myanmar",2007,4731999.84
"MM","Myanmar",2008,6338728.69
"MM","Myanmar",2009,1076152.54
"MM","Myanmar",2010,363066.43
"MM","Myanmar",2011,428900.03
"MM","Myanmar",2012,1075325.55
"MM","Myanmar",2013,1590964.2
"MM","Myanmar",2014,8117407.38
"MM","Myanmar",2015,9058166.64
"NA","Namibia",1988,0
"NA","Namibia",1989,0
"NA","Namibia",1990,4190759.81
"NA","Namibia",1991,19838317.29
"NA","Namibia",1992,12148713.28
"NA","Namibia",1993,12436791.75
"NA","Namibia",1994,12815884.44
"NA","Namibia",1995,0
"NA","Namibia",1996,8195327.09
"NA","Namibia",1997,9363537.16
"NA","Namibia",1998,7166682.65
"NA","Namibia",1999,8331721.33
"NA","Namibia",2000,9615235.33
"NA","Namibia",2001,10840877.72
"NA","Namibia",2002,9923690.84
"NA","Namibia",2003,11513342.46
"NA","Namibia",2004,0
"NA","Namibia",2005,0
"NA","Namibia",2006,4908875.47
"NA","Namibia",2007,5292236.95
"NA","Namibia",2008,5929947.48
"NA","Namibia",2009,5076366.72
"NA","Namibia",2010,3521216.17
"NA","Namibia",2011,3951281.66
"NA","Namibia",2012,4871618.71
"NA","Namibia",2013,4459953.32
"NA","Namibia",2014,4610319.17
"NA","Namibia",2015,4273787.53
"NP","Nepal",1987,0
"NP","Nepal",1988,0
"NP","Nepal",1989,0
"NP","Nepal",1990,15828334
"NP","Nepal",1991,19621669.37
"NP","Nepal",1992,20045423.01
"NP","Nepal",1993,9281374.83
"NP","Nepal",1994,8977165.89
"NP","Nepal",1995,0
"NP","Nepal",1996,6020026.37
"NP","Nepal",1997,7980158.86
"NP","Nepal",1998,16733363.32
"NP","Nepal",1999,6299738.54
"NP","Nepal",2000,8331660.1
"NP","Nepal",2001,7419183.25
"NP","Nepal",2002,6954077.08
"NP","Nepal",2003,5224091.06
"NP","Nepal",2004,0
"NP","Nepal",2005,0
"NP","Nepal",2006,7071399.1
"NP","Nepal",2007,11604884.15
"NP","Nepal",2008,14951576.18
"NP","Nepal",2009,17594446.1
"NP","Nepal",2010,20737879.8
"NP","Nepal",2011,22398314.99
"NP","Nepal",2012,21466070.38
"NP","Nepal",2013,23155948.32
"NP","Nepal",2014,31468780.5
"NP","Nepal",2015,26820750.56
"NI","Nicaragua",1981,0
"NI","Nicaragua",1982,0
"NI","Nicaragua",1983,0
"NI","Nicaragua",1984,0
"NI","Nicaragua",1985,0
"NI","Nicaragua",1987,0
"NI","Nicaragua",1988,0
"NI","Nicaragua",1989,0
"NI","Nicaragua",1990,14597674.03
"NI","Nicaragua",1991,27912895.04
"NI","Nicaragua",1992,14692797.31
"NI","Nicaragua",1993,9742271.67
"NI","Nicaragua",1994,5546624.16
"NI","Nicaragua",1995,0
"NI","Nicaragua",1996,4667034.02
"NI","Nicaragua",1997,8695856.11
"NI","Nicaragua",1998,17021004.5
"NI","Nicaragua",1999,11777042.74
"NI","Nicaragua",2000,12094503.24
"NI","Nicaragua",2001,10302269.23
"NI","Nicaragua",2002,8524703.19
"NI","Nicaragua",2003,8858085.12
"NI","Nicaragua",2004,0
"NI","Nicaragua",2005,0
"NI","Nicaragua",2006,16651454.88
"NI","Nicaragua",2007,22253958.42
"NI","Nicaragua",2008,15183471.35
"NI","Nicaragua",2009,13326757.35
"NI","Nicaragua",2010,15761478.01
"NI","Nicaragua",2011,13496282.45
"NI","Nicaragua",2012,12779832.08
"NI","Nicaragua",2013,3402480.82
"NI","Nicaragua",2014,1353524.68
"NI","Nicaragua",2015,1843044.67
"NE","Niger",1991,519834.61
"NE","Niger",1992,423640.08
"NE","Niger",2005,0
"NE","Niger",2010,612313.13
"NE","Niger",2011,1432311.02
"NE","Niger",2012,3015183.66
"NE","Niger",2013,1129729.6
"NE","Niger",2015,26471.12
"NG","Nigeria",1990,104840.45
"NG","Nigeria",1991,143867.33
"NG","Nigeria",1992,136847.02
"NG","Nigeria",1993,90264.42
"NG","Nigeria",1994,26853.69
"NG","Nigeria",2000,185179.73
"NG","Nigeria",2001,232781.6
"NG","Nigeria",2002,359623.07
"NG","Nigeria",2003,140893.1
"NG","Nigeria",2004,0
"NG","Nigeria",2005,0
"NG","Nigeria",2006,141090.68
"NG","Nigeria",2007,285729
"NG","Nigeria",2008,452303.29
"NG","Nigeria",2009,721437.35
"NG","Nigeria",2010,821275.07
"NG","Nigeria",2011,1097356.19
"NG","Nigeria",2012,855896.55
"NG","Nigeria",2013,848748.6
"NG","Nigeria",2014,788018.22
"NG","Nigeria",2015,223323.1
"north-central-america","North & Central America, regional",1989,0
"north-central-america","North & Central America, regional",1990,4693827.33
"north-central-america","North & Central America, regional",1991,5329291.56
"north-central-america","North & Central America, regional",1992,6431250.53
"north-central-america","North & Central America, regional",1993,7215685.3
"north-central-america","North & Central America, regional",1994,5843618.25
"north-central-america","North & Central America, regional",1995,0
"north-central-america","North & Central America, regional",1996,3553830.02
"north-central-america","North & Central America, regional",1997,3946737.18
"north-central-america","North & Central America, regional",1998,3848161.93
"north-central-america","North & Central America, regional",1999,4247097.94
"north-central-america","North & Central America, regional",2000,6298497.83
"north-central-america","North & Central America, regional",2001,4757349.92
"north-central-america","North & Central America, regional",2002,6643489.34
"north-central-america","North & Central America, regional",2003,5590243.67
"north-central-america","North & Central America, regional",2004,0
"north-central-america","North & Central America, regional",2005,0
"north-central-america","North & Central America, regional",2006,3327559.26
"north-central-america","North & Central America, regional",2007,4027144.11
"north-central-america","North & Central America, regional",2008,4059640.83
"north-central-america","North & Central America, regional",2009,6745518.78
"north-central-america","North & Central America, regional",2010,5607781.22
"north-central-america","North & Central America, regional",2011,5449780.93
"north-central-america","North & Central America, regional",2012,6758450.02
"north-central-america","North & Central America, regional",2013,9949667.29
"north-central-america","North & Central America, regional",2014,9039651.06
"north-central-america","North & Central America, regional",2015,2520063.13
"KP","North Korea",1997,1389963.41
"KP","North Korea",1998,245198.81
"KP","North Korea",1999,1457314.54
"KP","North Korea",2000,955766.76
"KP","North Korea",2001,924653.46
"KP","North Korea",2002,1362208.34
"KP","North Korea",2003,1766940.89
"KP","North Korea",2004,0
"KP","North Korea",2005,0
"KP","North Korea",2006,729733.8
"KP","North Korea",2007,2058190.08
"KP","North Korea",2008,594543.56
"KP","North Korea",2009,983986.71
"KP","North Korea",2010,661949.59
"KP","North Korea",2011,1477597.83
"KP","North Korea",2012,595985.78
"KP","North Korea",2013,677767.73
"KP","North Korea",2014,691115.82
"KP","North Korea",2015,675192
"north-of-sahara","North of Sahara, regional",1990,799872.46
"north-of-sahara","North of Sahara, regional",1991,21074.44
"north-of-sahara","North of Sahara, regional",2004,0
"north-of-sahara","North of Sahara, regional",2005,0
"north-of-sahara","North of Sahara, regional",2006,0
"north-of-sahara","North of Sahara, regional",2007,139910.33
"north-of-sahara","North of Sahara, regional",2008,3370.32
"north-of-sahara","North of Sahara, regional",2009,3742.42
"north-of-sahara","North of Sahara, regional",2010,357997.53
"north-of-sahara","North of Sahara, regional",2011,2209007.84
"north-of-sahara","North of Sahara, regional",2012,5066201.64
"north-of-sahara","North of Sahara, regional",2013,564863.95
"north-of-sahara","North of Sahara, regional",2014,4033847.1
"north-of-sahara","North of Sahara, regional",2015,4383390.7
"MP","Northern Mariana Islands",1993,12308.79
"MP","Northern Mariana Islands",1999,607215.41
"oceania","Oceania, regional",2001,130376.2
"oceania","Oceania, regional",2003,491657.62
"oceania","Oceania, regional",2005,0
"oceania","Oceania, regional",2008,68404.3
"oceania","Oceania, regional",2009,116913.06
"oceania","Oceania, regional",2010,272639.62
"oceania","Oceania, regional",2011,220700.03
"oceania","Oceania, regional",2012,0
"oceania","Oceania, regional",2013,487950.07
"oceania","Oceania, regional",2014,1554652.79
"oceania","Oceania, regional",2015,805736
"OM","Oman",2010,0
"PK","Pakistan",1989,0
"PK","Pakistan",1990,1453197.49
"PK","Pakistan",1991,1894166.45
"PK","Pakistan",1992,1743334.43
"PK","Pakistan",1993,879394.36
"PK","Pakistan",1994,812322.39
"PK","Pakistan",1995,309853.05
"PK","Pakistan",1996,1491842.17
"PK","Pakistan",1997,683608.96
"PK","Pakistan",1998,523744.81
"PK","Pakistan",1999,349755.71
"PK","Pakistan",2000,307996.42
"PK","Pakistan",2001,1341672.66
"PK","Pakistan",2002,653860.54
"PK","Pakistan",2003,576090.72
"PK","Pakistan",2004,0
"PK","Pakistan",2005,0
"PK","Pakistan",2006,9693294.8
"PK","Pakistan",2007,7132834.63
"PK","Pakistan",2008,2047585.74
"PK","Pakistan",2009,7177671.01
"PK","Pakistan",2010,15758324.96
"PK","Pakistan",2011,9054592.92
"PK","Pakistan",2012,3282749.61
"PK","Pakistan",2013,2947898.82
"PK","Pakistan",2014,3122026.14
"PK","Pakistan",2015,694861.09
"PW","Palau",2012,25244.05
"PS","Palestine",1994,35983.8
"PS","Palestine",1995,0
"PS","Palestine",1996,2877346.98
"PS","Palestine",1997,1165797.98
"PS","Palestine",1998,2335765.85
"PS","Palestine",1999,4300294.89
"PS","Palestine",2000,6117627.69
"PS","Palestine",2001,4614253.52
"PS","Palestine",2002,6410564.61
"PS","Palestine",2003,9176813.27
"PS","Palestine",2004,0
"PS","Palestine",2005,0
"PS","Palestine",2006,9813087.36
"PS","Palestine",2007,8855127.08
"PS","Palestine",2008,9819647.7
"PS","Palestine",2009,12161767.09
"PS","Palestine",2010,10273456.54
"PS","Palestine",2011,13892615.15
"PS","Palestine",2012,13302064.18
"PS","Palestine",2013,12053328.71
"PS","Palestine",2014,12778629.42
"PS","Palestine",2015,13413576.51
"PA","Panama",1991,21074.44
"PA","Panama",2001,7628.4
"PA","Panama",2008,47850.47
"PA","Panama",2009,4272.07
"PA","Panama",2010,28778.68
"PA","Panama",2011,22439.57
"PA","Panama",2012,25926.01
"PA","Panama",2013,27203.89
"PA","Panama",2014,10900.37
"PA","Panama",2015,19878.02
"PG","Papua New Guinea",1990,0
"PG","Papua New Guinea",1991,51983.47
"PG","Papua New Guinea",1992,101729.4
"PG","Papua New Guinea",1993,111873.26
"PG","Papua New Guinea",1994,57735.34
"PG","Papua New Guinea",1995,0
"PG","Papua New Guinea",1996,43877.72
"PG","Papua New Guinea",1997,45742.42
"PG","Papua New Guinea",1998,66203.68
"PG","Papua New Guinea",1999,63150.42
"PG","Papua New Guinea",2000,107523.61
"PG","Papua New Guinea",2001,193483.8
"PG","Papua New Guinea",2002,197520.19
"PG","Papua New Guinea",2003,170061.15
"PG","Papua New Guinea",2004,0
"PG","Papua New Guinea",2006,115788.87
"PG","Papua New Guinea",2008,1169
"PG","Papua New Guinea",2009,0
"PG","Papua New Guinea",2010,73477.54
"PG","Papua New Guinea",2011,80254.42
"PG","Papua New Guinea",2012,69580.98
"PG","Papua New Guinea",2013,33891.89
"PG","Papua New Guinea",2014,72298.51
"PY","Paraguay",2005,0
"PY","Paraguay",2006,0
"PY","Paraguay",2007,2580.88
"PY","Paraguay",2008,247.62
"PY","Paraguay",2009,122430.48
"PY","Paraguay",2010,181943.78
"PY","Paraguay",2011,63344.2
"PY","Paraguay",2012,181321.9
"PY","Paraguay",2013,220296.72
"PY","Paraguay",2014,140736.68
"PY","Paraguay",2015,314729.05
"PE","Peru",1974,0
"PE","Peru",1979,0
"PE","Peru",1981,0
"PE","Peru",1982,0
"PE","Peru",1985,0
"PE","Peru",1987,0
"PE","Peru",1989,0
"PE","Peru",1990,3541149.33
"PE","Peru",1991,8621402.4
"PE","Peru",1992,4980277
"PE","Peru",1993,3111110.49
"PE","Peru",1994,223959.28
"PE","Peru",1995,0
"PE","Peru",1996,359538.96
"PE","Peru",1997,40687.94
"PE","Peru",1998,123335.13
"PE","Peru",1999,852286.19
"PE","Peru",2000,1525402.82
"PE","Peru",2001,2095728.81
"PE","Peru",2002,1975202.75
"PE","Peru",2003,1509837.35
"PE","Peru",2004,0
"PE","Peru",2005,0
"PE","Peru",2006,1269286.06
"PE","Peru",2007,2203398.56
"PE","Peru",2008,2547936.79
"PE","Peru",2009,2317728.13
"PE","Peru",2010,3012730.01
"PE","Peru",2011,3049523.17
"PE","Peru",2012,2967504.06
"PE","Peru",2013,2521180.5
"PE","Peru",2014,2426134.98
"PE","Peru",2015,1791517.63
"PH","Philippines",1987,0
"PH","Philippines",1988,0
"PH","Philippines",1989,0
"PH","Philippines",1990,1149816.62
"PH","Philippines",1991,1232149.99
"PH","Philippines",1992,1569976.44
"PH","Philippines",1993,5205253.69
"PH","Philippines",1994,1215663.71
"PH","Philippines",1996,1481259.17
"PH","Philippines",1997,1488277.07
"PH","Philippines",1998,2495635.91
"PH","Philippines",1999,412906.53
"PH","Philippines",2000,3162392.3
"PH","Philippines",2001,1322486.61
"PH","Philippines",2002,822773.73
"PH","Philippines",2003,590076.12
"PH","Philippines",2004,0
"PH","Philippines",2005,0
"PH","Philippines",2006,339459.01
"PH","Philippines",2007,785413.83
"PH","Philippines",2008,658313.77
"PH","Philippines",2009,685052.85
"PH","Philippines",2010,1127017.3
"PH","Philippines",2011,3158219.02
"PH","Philippines",2012,1774440.85
"PH","Philippines",2013,4785569.98
"PH","Philippines",2014,2548032.69
"PH","Philippines",2015,789944.94
"RW","Rwanda",1987,0
"RW","Rwanda",1990,377368.62
"RW","Rwanda",1991,189950.12
"RW","Rwanda",1992,569684.87
"RW","Rwanda",1993,414395.88
"RW","Rwanda",1994,3523995.39
"RW","Rwanda",1995,0
"RW","Rwanda",1996,1417767.36
"RW","Rwanda",1997,1111970.1
"RW","Rwanda",1998,735596.43
"RW","Rwanda",1999,1092985.97
"RW","Rwanda",2000,836295.92
"RW","Rwanda",2001,624603.89
"RW","Rwanda",2002,927664.23
"RW","Rwanda",2003,726891.36
"RW","Rwanda",2004,0
"RW","Rwanda",2005,0
"RW","Rwanda",2006,10866.39
"RW","Rwanda",2007,1246780.97
"RW","Rwanda",2008,933124.62
"RW","Rwanda",2009,949299.13
"RW","Rwanda",2010,190266.31
"RW","Rwanda",2011,130193.59
"RW","Rwanda",2012,268131.48
"RW","Rwanda",2013,81983.7
"RW","Rwanda",2014,74954.69
"RW","Rwanda",2015,69552
"KN","Saint Kitts and Nevis",2010,4280.52
"KN","Saint Kitts and Nevis",2011,477.44
"LC","Saint Lucia",2012,32427.46
"LC","Saint Lucia",2013,3954.05
"VC","Saint Vincent & the Grenadines",2010,160425.65
"VC","Saint Vincent & the Grenadines",2011,19574.9
"VC","Saint Vincent & the Grenadines",2012,3479.05
"ST","Sao Tome & Principe",2005,0
"ST","Sao Tome & Principe",2006,79607.34
"SA","Saudi Arabia",2006,0
"SN","Senegal",1988,0
"SN","Senegal",1990,965844.91
"SN","Senegal",1991,2373536.01
"SN","Senegal",1992,8263204.9
"SN","Senegal",1993,1772738.94
"SN","Senegal",1994,998149.6
"SN","Senegal",1995,0
"SN","Senegal",1996,418386.67
"SN","Senegal",1997,31084.65
"SN","Senegal",1998,29423.86
"SN","Senegal",1999,41290.65
"SN","Senegal",2000,87691.62
"SN","Senegal",2001,434125.59
"SN","Senegal",2002,144394.1
"SN","Senegal",2003,102876.75
"SN","Senegal",2004,0
"SN","Senegal",2005,0
"SN","Senegal",2006,54239.15
"SN","Senegal",2007,299285.84
"SN","Senegal",2008,407524.75
"SN","Senegal",2009,462040.74
"SN","Senegal",2010,918547.17
"SN","Senegal",2011,896798
"SN","Senegal",2012,836697.56
"SN","Senegal",2013,725080.37
"SN","Senegal",2014,892106.53
"SN","Senegal",2015,874780.18
"RS","Serbia",1997,252720.12
"RS","Serbia",1998,2194529.33
"RS","Serbia",1999,13127023.48
"RS","Serbia",2000,16482672.4
"RS","Serbia",2001,19948474.4
"RS","Serbia",2002,12826555.59
"RS","Serbia",2003,8795259.27
"RS","Serbia",2004,0
"RS","Serbia",2005,0
"RS","Serbia",2006,10073922.17
"RS","Serbia",2007,4649559.91
"RS","Serbia",2008,14589013.27
"RS","Serbia",2009,285516.93
"RS","Serbia",2010,6775478.68
"RS","Serbia",2011,7224790.56
"RS","Serbia",2012,5670424.63
"RS","Serbia",2013,177350.74
"RS","Serbia",2014,5153221.91
"RS","Serbia",2015,5711422.92
"SL","Sierra Leone",1990,140263.37
"SL","Sierra Leone",1991,579405.34
"SL","Sierra Leone",1992,18116.22
"SL","Sierra Leone",1993,86435.03
"SL","Sierra Leone",1994,33298.5
"SL","Sierra Leone",1995,0
"SL","Sierra Leone",1996,464588.16
"SL","Sierra Leone",1998,735597.74
"SL","Sierra Leone",1999,850100.49
"SL","Sierra Leone",2000,958395.12
"SL","Sierra Leone",2001,2323424.53
"SL","Sierra Leone",2002,0
"SL","Sierra Leone",2003,1623549.53
"SL","Sierra Leone",2004,0
"SL","Sierra Leone",2005,0
"SL","Sierra Leone",2006,511729.14
"SL","Sierra Leone",2007,879519.57
"SL","Sierra Leone",2008,1267057.6
"SL","Sierra Leone",2009,1282833.74
"SL","Sierra Leone",2010,1422155.94
"SL","Sierra Leone",2011,3149573.49
"SL","Sierra Leone",2012,2046003.82
"SL","Sierra Leone",2013,1998496.41
"SL","Sierra Leone",2014,2067371.64
"SL","Sierra Leone",2015,840501.34
"SG","Singapore",1992,70513.79
"SB","Solomon Islands",2009,0
"SB","Solomon Islands",2010,62945.78
"SB","Solomon Islands",2011,64453.96
"SB","Solomon Islands",2012,67261.61
"SB","Solomon Islands",2013,108409.52
"SB","Solomon Islands",2014,108126.01
"SO","Somalia",1981,0
"SO","Somalia",1987,0
"SO","Somalia",1988,0
"SO","Somalia",1989,0
"SO","Somalia",1990,7740190.08
"SO","Somalia",1991,6152881.29
"SO","Somalia",1992,4117953.05
"SO","Somalia",1993,998380.43
"SO","Somalia",1994,1342681.9
"SO","Somalia",1995,0
"SO","Somalia",1996,1658319.49
"SO","Somalia",1997,126360.19
"SO","Somalia",1998,367798.21
"SO","Somalia",1999,1467028.61
"SO","Somalia",2000,3553062.07
"SO","Somalia",2001,4057143.49
"SO","Somalia",2002,3788295.3
"SO","Somalia",2003,2944698.83
"SO","Somalia",2004,0
"SO","Somalia",2005,0
"SO","Somalia",2006,6136909
"SO","Somalia",2007,11424769.01
"SO","Somalia",2008,11898359.23
"SO","Somalia",2009,7117330.54
"SO","Somalia",2010,8470808.75
"SO","Somalia",2011,8936047.66
"SO","Somalia",2012,9939155.75
"SO","Somalia",2013,10428541.23
"SO","Somalia",2014,23031173.06
"SO","Somalia",2015,17751605.7
"south-central-asia","South & Central Asia, regional",1989,0
"south-central-asia","South & Central Asia, regional",1995,0
"south-central-asia","South & Central Asia, regional",1997,347490.23
"south-central-asia","South & Central Asia, regional",1998,142460.8
"south-central-asia","South & Central Asia, regional",1999,97154.34
"south-central-asia","South & Central Asia, regional",2000,849438.14
"south-central-asia","South & Central Asia, regional",2001,359690.35
"south-central-asia","South & Central Asia, regional",2002,570765.38
"south-central-asia","South & Central Asia, regional",2003,526780.11
"south-central-asia","South & Central Asia, regional",2004,0
"south-central-asia","South & Central Asia, regional",2005,0
"south-central-asia","South & Central Asia, regional",2006,641050.29
"south-central-asia","South & Central Asia, regional",2007,2405491.22
"south-central-asia","South & Central Asia, regional",2008,1322292.15
"south-central-asia","South & Central Asia, regional",2009,1899975.41
"south-central-asia","South & Central Asia, regional",2010,2198484.3
"south-central-asia","South & Central Asia, regional",2011,966462.64
"south-central-asia","South & Central Asia, regional",2012,1212234.73
"south-central-asia","South & Central Asia, regional",2013,1047454.98
"south-central-asia","South & Central Asia, regional",2014,1643860.42
"south-central-asia","South & Central Asia, regional",2015,940432.9
"ZA","South Africa",1994,957869.64
"ZA","South Africa",1995,0
"ZA","South Africa",1996,459167.59
"ZA","South Africa",1997,4094828.35
"ZA","South Africa",1998,4846357.99
"ZA","South Africa",1999,3691866.21
"ZA","South Africa",2000,3981960.7
"ZA","South Africa",2001,5559479.44
"ZA","South Africa",2002,9144506.68
"ZA","South Africa",2003,11618112.87
"ZA","South Africa",2004,0
"ZA","South Africa",2005,0
"ZA","South Africa",2006,15614068.85
"ZA","South Africa",2007,7291642.68
"ZA","South Africa",2008,12577236.45
"ZA","South Africa",2009,11792806.19
"ZA","South Africa",2010,5127357.42
"ZA","South Africa",2011,5045577.72
"ZA","South Africa",2012,5502284.68
"ZA","South Africa",2013,4296410.85
"ZA","South Africa",2014,3905275.27
"ZA","South Africa",2015,7026945.15
"south-america","South America, regional",1987,0
"south-america","South America, regional",1988,0
"south-america","South America, regional",1989,0
"south-america","South America, regional",1990,0
"south-america","South America, regional",1991,435537.88
"south-america","South America, regional",1992,50446.52
"south-america","South America, regional",1993,245628.88
"south-america","South America, regional",1994,64180.14
"south-america","South America, regional",1996,41554.72
"south-america","South America, regional",1997,137985.33
"south-america","South America, regional",1998,53208.25
"south-america","South America, regional",1999,807109.32
"south-america","South America, regional",2000,1169379.07
"south-america","South America, regional",2001,1654204.47
"south-america","South America, regional",2002,4213028.56
"south-america","South America, regional",2003,2144739.19
"south-america","South America, regional",2004,1929018.26
"south-america","South America, regional",2005,242295.19
"south-america","South America, regional",2006,6937436.65
"south-america","South America, regional",2007,5655777.52
"south-america","South America, regional",2008,8685664.86
"south-america","South America, regional",2009,6331383.38
"south-america","South America, regional",2010,14767349.09
"south-america","South America, regional",2011,10024591.28
"south-america","South America, regional",2012,7936764.22
"south-america","South America, regional",2013,11408608.65
"south-america","South America, regional",2014,7869729.28
"south-america","South America, regional",2015,5693399.5
"south-asia","South Asia, regional",2007,70747
"south-asia","South Asia, regional",2008,370785.77
"south-asia","South Asia, regional",2009,674102.8
"south-asia","South Asia, regional",2010,2855323.59
"south-asia","South Asia, regional",2011,3453743.68
"south-asia","South Asia, regional",2012,5431767.29
"south-asia","South Asia, regional",2013,4786920.13
"south-asia","South Asia, regional",2014,3955989.8
"south-asia","South Asia, regional",2015,3034222.66
"south-of-sahara","South of Sahara, regional",1981,0
"south-of-sahara","South of Sahara, regional",1987,0
"south-of-sahara","South of Sahara, regional",1988,0
"south-of-sahara","South of Sahara, regional",1989,0
"south-of-sahara","South of Sahara, regional",1990,23431124.96
"south-of-sahara","South of Sahara, regional",1991,50013469.78
"south-of-sahara","South of Sahara, regional",1992,26765127.79
"south-of-sahara","South of Sahara, regional",1993,8052140.03
"south-of-sahara","South of Sahara, regional",1994,4514632.46
"south-of-sahara","South of Sahara, regional",1995,0
"south-of-sahara","South of Sahara, regional",1996,8286953.46
"south-of-sahara","South of Sahara, regional",1997,11151793.07
"south-of-sahara","South of Sahara, regional",1998,4083302.65
"south-of-sahara","South of Sahara, regional",1999,4481729.31
"south-of-sahara","South of Sahara, regional",2000,4934142.62
"south-of-sahara","South of Sahara, regional",2001,5543293.34
"south-of-sahara","South of Sahara, regional",2002,3735174.83
"south-of-sahara","South of Sahara, regional",2003,6495327.1
"south-of-sahara","South of Sahara, regional",2004,0
"south-of-sahara","South of Sahara, regional",2005,0
"south-of-sahara","South of Sahara, regional",2006,44565230.08
"south-of-sahara","South of Sahara, regional",2007,12790000.18
"south-of-sahara","South of Sahara, regional",2008,12977308.92
"south-of-sahara","South of Sahara, regional",2009,17775370.07
"south-of-sahara","South of Sahara, regional",2010,29791485.82
"south-of-sahara","South of Sahara, regional",2011,33909168.63
"south-of-sahara","South of Sahara, regional",2012,27876147.52
"south-of-sahara","South of Sahara, regional",2013,32979395.43
"south-of-sahara","South of Sahara, regional",2014,23614172.6
"south-of-sahara","South of Sahara, regional",2015,22998586.02
"SS","South Sudan",2011,2029103.77
"SS","South Sudan",2012,12112895.23
"SS","South Sudan",2013,12031245.53
"SS","South Sudan",2014,3831351.39
"SS","South Sudan",2015,8424311.1
"LK","Sri Lanka",1981,0
"LK","Sri Lanka",1983,0
"LK","Sri Lanka",1987,0
"LK","Sri Lanka",1988,0
"LK","Sri Lanka",1989,0
"LK","Sri Lanka",1990,14398843.18
"LK","Sri Lanka",1991,15098263.51
"LK","Sri Lanka",1992,11487337.97
"LK","Sri Lanka",1993,9831162.04
"LK","Sri Lanka",1994,7121584.14
"LK","Sri Lanka",1995,0
"LK","Sri Lanka",1996,805284.88
"LK","Sri Lanka",1997,946943.26
"LK","Sri Lanka",1998,777771.17
"LK","Sri Lanka",1999,2831811.25
"LK","Sri Lanka",2000,964128.5
"LK","Sri Lanka",2001,953318.59
"LK","Sri Lanka",2002,612993.75
"LK","Sri Lanka",2003,1155280.16
"LK","Sri Lanka",2004,0
"LK","Sri Lanka",2005,0
"LK","Sri Lanka",2006,3764464.83
"LK","Sri Lanka",2007,4929555.58
"LK","Sri Lanka",2008,5230012.26
"LK","Sri Lanka",2009,4975555.26
"LK","Sri Lanka",2010,2934077.03
"LK","Sri Lanka",2011,2510751.5
"LK","Sri Lanka",2012,2038188.76
"LK","Sri Lanka",2013,1299346.55
"LK","Sri Lanka",2014,1333497.61
"LK","Sri Lanka",2015,1244686.15
"ex-yugoslavia","States Ex-Yugoslavia unspecified",1991,0
"ex-yugoslavia","States Ex-Yugoslavia unspecified",1992,0
"ex-yugoslavia","States Ex-Yugoslavia unspecified",1993,0
"ex-yugoslavia","States Ex-Yugoslavia unspecified",1994,0
"ex-yugoslavia","States Ex-Yugoslavia unspecified",1995,0
"ex-yugoslavia","States Ex-Yugoslavia unspecified",1996,0
"ex-yugoslavia","States Ex-Yugoslavia unspecified",1997,0
"ex-yugoslavia","States Ex-Yugoslavia unspecified",1999,485771.51
"ex-yugoslavia","States Ex-Yugoslavia unspecified",2000,3034804.38
"ex-yugoslavia","States Ex-Yugoslavia unspecified",2001,1618144.33
"ex-yugoslavia","States Ex-Yugoslavia unspecified",2002,882711.2
"ex-yugoslavia","States Ex-Yugoslavia unspecified",2003,738920.42
"ex-yugoslavia","States Ex-Yugoslavia unspecified",2004,0
"ex-yugoslavia","States Ex-Yugoslavia unspecified",2005,0
"ex-yugoslavia","States Ex-Yugoslavia unspecified",2006,0
"ex-yugoslavia","States Ex-Yugoslavia unspecified",2007,2739175.73
"ex-yugoslavia","States Ex-Yugoslavia unspecified",2014,1603.96
"ex-yugoslavia","States Ex-Yugoslavia unspecified",2015,262.2
"SD","Sudan",1983,0
"SD","Sudan",1987,0
"SD","Sudan",1988,0
"SD","Sudan",1989,0
"SD","Sudan",1990,14754484.34
"SD","Sudan",1991,17155974.77
"SD","Sudan",1992,3399712.53
"SD","Sudan",1993,2553125.08
"SD","Sudan",1994,2424620.61
"SD","Sudan",1995,0
"SD","Sudan",1996,1077327.96
"SD","Sudan",1997,1169841.59
"SD","Sudan",1998,1716394.28
"SD","Sudan",1999,2744609.39
"SD","Sudan",2000,1314179.3
"SD","Sudan",2001,3130647.87
"SD","Sudan",2002,2247645.63
"SD","Sudan",2003,3418463.35
"SD","Sudan",2004,0
"SD","Sudan",2005,0
"SD","Sudan",2006,13716814.19
"SD","Sudan",2007,15985413.57
"SD","Sudan",2008,7517981
"SD","Sudan",2009,11640484.21
"SD","Sudan",2010,19925734.47
"SD","Sudan",2011,8281701
"SD","Sudan",2012,9466484.67
"SD","Sudan",2013,11283887.45
"SD","Sudan",2014,7614982.37
"SD","Sudan",2015,4497736.84
"SR","Suriname",2006,0
"SR","Suriname",2008,73694.15
"SR","Suriname",2009,70013.67
"SR","Suriname",2010,73477.54
"SR","Suriname",2011,16710.31
"SR","Suriname",2012,4257.2
"SR","Suriname",2013,31659.52
"SR","Suriname",2014,30967.96
"SR","Suriname",2015,0
"SZ","Swaziland",1990,75987.91
"SZ","Swaziland",1991,67438.05
"SZ","Swaziland",1992,72464.79
"SZ","Swaziland",2004,0
"SZ","Swaziland",2005,0
"SZ","Swaziland",2006,0
"SZ","Swaziland",2007,282594.19
"SZ","Swaziland",2008,226350.88
"SZ","Swaziland",2009,267557.76
"SZ","Swaziland",2010,172126.92
"SZ","Swaziland",2011,314938.09
"SZ","Swaziland",2012,424292.79
"SZ","Swaziland",2013,479280.95
"SZ","Swaziland",2014,365483.57
"SZ","Swaziland",2015,491596.6
"SY","Syria",1990,357085.74
"SY","Syria",2001,94314.71
"SY","Syria",2002,170275.68
"SY","Syria",2003,137440.69
"SY","Syria",2004,0
"SY","Syria",2005,0
"SY","Syria",2006,154411.87
"SY","Syria",2007,211839.62
"SY","Syria",2008,667663.59
"SY","Syria",2009,926371.92
"SY","Syria",2010,423203.11
"SY","Syria",2011,1034952.6
"SY","Syria",2012,2586489.94
"SY","Syria",2013,9746546.43
"SY","Syria",2014,6348026.39
"SY","Syria",2015,12968068.5
"TJ","Tajikistan",1994,679128.54
"TJ","Tajikistan",1996,2513929.25
"TJ","Tajikistan",1997,758160.36
"TJ","Tajikistan",1998,490397.62
"TJ","Tajikistan",1999,1943086.05
"TJ","Tajikistan",2000,1146920.11
"TJ","Tajikistan",2001,1416569.99
"TJ","Tajikistan",2002,1108838.23
"TJ","Tajikistan",2003,493384.43
"TJ","Tajikistan",2005,0
"TJ","Tajikistan",2006,571673.31
"TJ","Tajikistan",2007,1627054.17
"TJ","Tajikistan",2008,1528290.46
"TJ","Tajikistan",2009,1461449.53
"TJ","Tajikistan",2010,750695.2
"TJ","Tajikistan",2011,742539.06
"TJ","Tajikistan",2012,643551.07
"TJ","Tajikistan",2013,803072.65
"TJ","Tajikistan",2014,1718137.1
"TJ","Tajikistan",2015,2231145.66
"TZ","Tanzania",1974,0
"TZ","Tanzania",1975,0
"TZ","Tanzania",1976,0
"TZ","Tanzania",1979,0
"TZ","Tanzania",1981,0
"TZ","Tanzania",1982,0
"TZ","Tanzania",1983,0
"TZ","Tanzania",1986,0
"TZ","Tanzania",1987,0
"TZ","Tanzania",1988,0
"TZ","Tanzania",1989,0
"TZ","Tanzania",1990,40814062.81
"TZ","Tanzania",1991,43938703.82
"TZ","Tanzania",1992,26795537.57
"TZ","Tanzania",1993,24647125.7
"TZ","Tanzania",1994,31196877.46
"TZ","Tanzania",1995,0
"TZ","Tanzania",1996,9803571.2
"TZ","Tanzania",1997,10673894.75
"TZ","Tanzania",1998,13342810.34
"TZ","Tanzania",1999,12553065.59
"TZ","Tanzania",2000,17777731.3
"TZ","Tanzania",2001,19828872.23
"TZ","Tanzania",2002,16919996.05
"TZ","Tanzania",2003,14386331.28
"TZ","Tanzania",2004,0
"TZ","Tanzania",2005,0
"TZ","Tanzania",2006,29475381.77
"TZ","Tanzania",2007,34550415.9
"TZ","Tanzania",2008,37148164.98
"TZ","Tanzania",2009,49090302.54
"TZ","Tanzania",2010,44305786.57
"TZ","Tanzania",2011,46814557.42
"TZ","Tanzania",2012,32590423.98
"TZ","Tanzania",2013,38497441.15
"TZ","Tanzania",2014,45454393.38
"TZ","Tanzania",2015,29039425.08
"TH","Thailand",1989,0
"TH","Thailand",1990,2595016.96
"TH","Thailand",1991,4187903.8
"TH","Thailand",1992,4019008.61
"TH","Thailand",1993,6699541.91
"TH","Thailand",1994,9351181.4
"TH","Thailand",1995,0
"TH","Thailand",1996,8723144.49
"TH","Thailand",1997,8158324.64
"TH","Thailand",1998,7903018.97
"TH","Thailand",1999,605028.66
"TH","Thailand",2000,5008690.97
"TH","Thailand",2001,4823489.55
"TH","Thailand",2002,3961801.76
"TH","Thailand",2003,1994744.44
"TH","Thailand",2004,1251960.02
"TH","Thailand",2005,501820.26
"TH","Thailand",2006,704499.85
"TH","Thailand",2007,687470.35
"TH","Thailand",2008,491123.75
"TH","Thailand",2009,302206.32
"TH","Thailand",2010,1008501.31
"TH","Thailand",2011,820914.49
"TH","Thailand",2012,1074301.81
"TH","Thailand",2013,1175949.39
"TH","Thailand",2014,1047999.61
"TH","Thailand",2015,269684.26
"TL","Timor-Leste",2000,4257940.21
"TL","Timor-Leste",2001,5315379.99
"TL","Timor-Leste",2002,2747576.95
"TL","Timor-Leste",2003,2373601.89
"TL","Timor-Leste",2004,0
"TL","Timor-Leste",2005,0
"TL","Timor-Leste",2006,2428207.57
"TL","Timor-Leste",2007,530359.39
"TL","Timor-Leste",2008,537668.6
"TL","Timor-Leste",2009,456568.38
"TL","Timor-Leste",2010,671730.48
"TL","Timor-Leste",2011,574732.52
"TL","Timor-Leste",2012,784976.48
"TL","Timor-Leste",2013,621318.95
"TL","Timor-Leste",2014,694949.33
"TL","Timor-Leste",2015,432993.3
"TG","Togo",1999,10444.09
"TG","Togo",2005,0
"TG","Togo",2007,117118.86
"TG","Togo",2008,137168.51
"TG","Togo",2009,174186.93
"TG","Togo",2010,383643.69
"TG","Togo",2011,271537.17
"TG","Togo",2012,203522.44
"TG","Togo",2013,292574.41
"TG","Togo",2014,246190.43
"TG","Togo",2015,312578.1
"TT","Trinidad & Tobago",2003,0
"TT","Trinidad & Tobago",2007,0
"TT","Trinidad & Tobago",2010,16001.83
"TN","Tunisia",1987,0
"TN","Tunisia",1991,252892.81
"TN","Tunisia",1992,0
"TN","Tunisia",1993,0
"TN","Tunisia",1994,0
"TN","Tunisia",1995,0
"TN","Tunisia",1996,0
"TN","Tunisia",1997,0
"TN","Tunisia",2002,17708.66
"TN","Tunisia",2003,61312.84
"TN","Tunisia",2006,70319.77
"TN","Tunisia",2007,53509.34
"TN","Tunisia",2008,72864.65
"TN","Tunisia",2009,138273.71
"TN","Tunisia",2010,298517.18
"TN","Tunisia",2011,1754659.35
"TN","Tunisia",2012,524529.95
"TN","Tunisia",2013,417559.92
"TN","Tunisia",2014,627503.85
"TN","Tunisia",2015,651907.01
"TR","Turkey",1979,0
"TR","Turkey",1980,0
"TR","Turkey",1987,0
"TR","Turkey",1990,1159248.39
"TR","Turkey",1991,270875.91
"TR","Turkey",1992,1987769.11
"TR","Turkey",1993,531466.63
"TR","Turkey",1994,866029.36
"TR","Turkey",1995,0
"TR","Turkey",1996,436970.86
"TR","Turkey",1997,302506.17
"TR","Turkey",1998,0
"TR","Turkey",1999,-3820594.04
"TR","Turkey",2000,419580.66
"TR","Turkey",2001,1055029.81
"TR","Turkey",2002,1631909.59
"TR","Turkey",2003,818030.18
"TR","Turkey",2004,107590.31
"TR","Turkey",2005,30152.29
"TR","Turkey",2006,500363.84
"TR","Turkey",2007,471967.75
"TR","Turkey",2008,502565.43
"TR","Turkey",2009,299936.41
"TR","Turkey",2010,317313.73
"TR","Turkey",2011,855638.97
"TR","Turkey",2012,220407.26
"TR","Turkey",2013,1260917.73
"TR","Turkey",2014,3550213.96
"TR","Turkey",2015,2815810.06
"TM","Turkmenistan",1997,101088.18
"TM","Turkmenistan",2000,36558.09
"TM","Turkmenistan",2002,0
"TM","Turkmenistan",2003,16310.23
"TM","Turkmenistan",2004,0
"TM","Turkmenistan",2005,0
"TM","Turkmenistan",2006,15311.08
"TM","Turkmenistan",2008,113318.99
"TM","Turkmenistan",2009,114308.36
"TM","Turkmenistan",2010,108781.99
"TM","Turkmenistan",2012,64893.34
"TM","Turkmenistan",2013,61160.88
"TM","Turkmenistan",2015,110926
"TV","Tuvalu",2013,67783.69
"TV","Tuvalu",2014,11.37
"UG","Uganda",1981,0
"UG","Uganda",1987,0
"UG","Uganda",1988,0
"UG","Uganda",1990,714171.49
"UG","Uganda",1991,1650542.68
"UG","Uganda",1992,1850360.23
"UG","Uganda",1993,744545.88
"UG","Uganda",1994,436102.23
"UG","Uganda",1995,0
"UG","Uganda",1996,741017.05
"UG","Uganda",1997,847372.33
"UG","Uganda",1998,770905.8
"UG","Uganda",1999,1017206.34
"UG","Uganda",2000,696992.45
"UG","Uganda",2001,1171767.2
"UG","Uganda",2002,1133357.99
"UG","Uganda",2003,1344030.27
"UG","Uganda",2004,0
"UG","Uganda",2005,0
"UG","Uganda",2006,4418045.22
"UG","Uganda",2007,5747735.71
"UG","Uganda",2008,4870287.18
"UG","Uganda",2009,4027928.87
"UG","Uganda",2010,5410662.62
"UG","Uganda",2011,4199885.66
"UG","Uganda",2012,3091387.09
"UG","Uganda",2013,3519367.82
"UG","Uganda",2014,3901234.29
"UG","Uganda",2015,6122151.86
"UA","Ukraine",2005,0
"UA","Ukraine",2006,2596497.22
"UA","Ukraine",2007,873308.32
"UA","Ukraine",2008,276572.4
"UA","Ukraine",2009,459572.58
"UA","Ukraine",2010,1096836.78
"UA","Ukraine",2011,1436510.64
"UA","Ukraine",2012,1493406.19
"UA","Ukraine",2013,1337252.19
"UA","Ukraine",2014,5736198.72
"UA","Ukraine",2015,11028031.52
"UY","Uruguay",1990,12569.43
"UY","Uruguay",1991,86545.54
"UY","Uruguay",1992,43200.17
"UY","Uruguay",1993,7824016
"UY","Uruguay",1994,5370.72
"UY","Uruguay",1995,0
"UY","Uruguay",1996,9549.85
"UY","Uruguay",1997,6318.02
"UY","Uruguay",1998,1226
"UY","Uruguay",1999,0
"UY","Uruguay",2000,9557.67
"UY","Uruguay",2001,0
"UY","Uruguay",2002,0
"UY","Uruguay",2003,0
"UY","Uruguay",2004,0
"UY","Uruguay",2005,0
"UY","Uruguay",2006,107642.38
"UY","Uruguay",2008,118346.68
"UY","Uruguay",2009,84866.07
"UY","Uruguay",2010,110901.46
"UY","Uruguay",2011,42682.83
"UY","Uruguay",2012,231100.31
"UY","Uruguay",2013,324463.94
"UY","Uruguay",2014,227196.91
"UY","Uruguay",2015,67406.54
"UZ","Uzbekistan",1999,0
"UZ","Uzbekistan",2000,3584.13
"UZ","Uzbekistan",2001,338885.26
"UZ","Uzbekistan",2002,836396.28
"UZ","Uzbekistan",2003,492228.69
"UZ","Uzbekistan",2006,561643.04
"UZ","Uzbekistan",2007,461318.63
"UZ","Uzbekistan",2008,346207.16
"UZ","Uzbekistan",2009,81226.45
"UZ","Uzbekistan",2010,21349.16
"UZ","Uzbekistan",2011,20444.71
"UZ","Uzbekistan",2012,65684.41
"UZ","Uzbekistan",2013,5422.7
"UZ","Uzbekistan",2014,52410.83
"UZ","Uzbekistan",2015,50318.4
"VE","Venezuela",2003,210170.86
"VE","Venezuela",2004,0
"VE","Venezuela",2005,0
"VE","Venezuela",2006,70226.96
"VE","Venezuela",2007,163374.65
"VE","Venezuela",2008,346628.27
"VE","Venezuela",2009,245348.2
"VE","Venezuela",2010,655575.6
"VE","Venezuela",2011,429469.6
"VE","Venezuela",2012,190288.79
"VE","Venezuela",2013,36285.03
"VE","Venezuela",2014,40770.46
"VN","Viet Nam",1974,0
"VN","Viet Nam",1975,0
"VN","Viet Nam",1976,0
"VN","Viet Nam",1979,0
"VN","Viet Nam",1983,0
"VN","Viet Nam",1988,0
"VN","Viet Nam",1989,0
"VN","Viet Nam",1990,13510678.04
"VN","Viet Nam",1991,14912521.51
"VN","Viet Nam",1992,14530014.04
"VN","Viet Nam",1993,9371091.6
"VN","Viet Nam",1994,9337816.62
"VN","Viet Nam",1995,0
"VN","Viet Nam",1996,9799436.13
"VN","Viet Nam",1997,9098945.67
"VN","Viet Nam",1998,9891572.37
"VN","Viet Nam",1999,9541287.24
"VN","Viet Nam",2000,8827926.3
"VN","Viet Nam",2001,7938619.56
"VN","Viet Nam",2002,10301255.46
"VN","Viet Nam",2003,10310702.65
"VN","Viet Nam",2004,815078.14
"VN","Viet Nam",2005,1736585.62
"VN","Viet Nam",2006,20658972.69
"VN","Viet Nam",2007,25243333.21
"VN","Viet Nam",2008,24976513.29
"VN","Viet Nam",2009,23198859.2
"VN","Viet Nam",2010,23288846.43
"VN","Viet Nam",2011,19887286.51
"VN","Viet Nam",2012,11666804.62
"VN","Viet Nam",2013,21035075.16
"VN","Viet Nam",2014,16438242.56
"VN","Viet Nam",2015,12399535.27
"YE","Yemen",1990,99984.03
"YE","Yemen",1992,55742.08
"YE","Yemen",1994,3490.97
"YE","Yemen",2006,11383.82
"YE","Yemen",2007,7178.7
"YE","Yemen",2008,152536.69
"YE","Yemen",2009,486869.18
"YE","Yemen",2010,3363444.3
"YE","Yemen",2011,3711247.47
"YE","Yemen",2012,4021712.67
"YE","Yemen",2013,4356936.85
"YE","Yemen",2014,4487522.64
"YE","Yemen",2015,7730488
"ZM","Zambia",1974,0
"ZM","Zambia",1975,0
"ZM","Zambia",1976,0
"ZM","Zambia",1977,0
"ZM","Zambia",1978,0
"ZM","Zambia",1981,0
"ZM","Zambia",1983,0
"ZM","Zambia",1987,0
"ZM","Zambia",1988,0
"ZM","Zambia",1989,0
"ZM","Zambia",1990,28063787.51
"ZM","Zambia",1991,28828096.5
"ZM","Zambia",1992,36491333.1
"ZM","Zambia",1993,21368051.84
"ZM","Zambia",1994,16280819.83
"ZM","Zambia",1995,0
"ZM","Zambia",1996,12534833.66
"ZM","Zambia",1997,9800488.94
"ZM","Zambia",1998,8164638.52
"ZM","Zambia",1999,3664662.6
"ZM","Zambia",2000,5141542.04
"ZM","Zambia",2001,6142931.03
"ZM","Zambia",2002,7692392
"ZM","Zambia",2003,5611081.32
"ZM","Zambia",2004,0
"ZM","Zambia",2005,0
"ZM","Zambia",2006,8611823.88
"ZM","Zambia",2007,19993484.55
"ZM","Zambia",2008,14332868.29
"ZM","Zambia",2009,21628031.69
"ZM","Zambia",2010,20043408.33
"ZM","Zambia",2011,16145258.04
"ZM","Zambia",2012,12757220.86
"ZM","Zambia",2013,34517271.07
"ZM","Zambia",2014,24008442.48
"ZM","Zambia",2015,15891892.76
"ZW","Zimbabwe",1980,0
"ZW","Zimbabwe",1982,0
"ZW","Zimbabwe",1983,0
"ZW","Zimbabwe",1985,0
"ZW","Zimbabwe",1986,0
"ZW","Zimbabwe",1987,0
"ZW","Zimbabwe",1988,0
"ZW","Zimbabwe",1989,0
"ZW","Zimbabwe",1990,10813135.05
"ZW","Zimbabwe",1991,13774629.95
"ZW","Zimbabwe",1992,13018574.93
"ZW","Zimbabwe",1993,16428134.59
"ZW","Zimbabwe",1994,3648327.05
"ZW","Zimbabwe",1995,3940145.56
"ZW","Zimbabwe",1996,9454612.87
"ZW","Zimbabwe",1997,4352104.28
"ZW","Zimbabwe",1998,4876766.82
"ZW","Zimbabwe",1999,2255925.85
"ZW","Zimbabwe",2000,2415694.69
"ZW","Zimbabwe",2001,1846070.5
"ZW","Zimbabwe",2002,832308.92
"ZW","Zimbabwe",2003,1390120.15
"ZW","Zimbabwe",2004,0
"ZW","Zimbabwe",2005,0
"ZW","Zimbabwe",2006,259294.28
"ZW","Zimbabwe",2007,255764.79
"ZW","Zimbabwe",2008,995688.36
"ZW","Zimbabwe",2009,4471875.15
"ZW","Zimbabwe",2010,8303062.76
"ZW","Zimbabwe",2011,2444603.51
"ZW","Zimbabwe",2012,895042.25
"ZW","Zimbabwe",2013,825220.99
"ZW","Zimbabwe",2014,406163.01
"ZW","Zimbabwe",2015,408371.41
