"id","entity-name","year","value"
"AF","Afghanistan",2000,
"AF","Afghanistan",2001,
"AF","Afghanistan",2002,
"AF","Afghanistan",2003,1
"AF","Afghanistan",2004,1
"AF","Afghanistan",2005,1
"AF","Afghanistan",2006,1
"AF","Afghanistan",2007,1
"AF","Afghanistan",2008,1
"AF","Afghanistan",2009,1
"AF","Afghanistan",2010,1
"AF","Afghanistan",2011,1
"AF","Afghanistan",2012,1
"AF","Afghanistan",2013,1
"AF","Afghanistan",2014,1
"AF","Afghanistan",2015,1
"AL","Albania",2000,5
"AL","Albania",2001,5
"AL","Albania",2002,5
"AL","Albania",2003,5
"AL","Albania",2004,5
"AL","Albania",2005,5
"AL","Albania",2006,5
"AL","Albania",2007,5
"AL","Albania",2008,5
"AL","Albania",2009,5
"AL","Albania",2010,5
"AL","Albania",2011,5
"AL","Albania",2012,5
"AL","Albania",2013,4
"AL","Albania",2014,5
"AL","Albania",2015,5
"DZ","Algeria",2000,5
"DZ","Algeria",2001,4
"DZ","Algeria",2002,5
"DZ","Algeria",2003,5
"DZ","Algeria",2004,5
"DZ","Algeria",2005,5
"DZ","Algeria",2006,4
"DZ","Algeria",2007,5
"DZ","Algeria",2008,4
"DZ","Algeria",2009,4
"DZ","Algeria",2010,4
"DZ","Algeria",2011,4
"DZ","Algeria",2012,5
"DZ","Algeria",2013,5
"DZ","Algeria",2014,5
"DZ","Algeria",2015,5
"AO","Angola",2000,6
"AO","Angola",2001,4
"AO","Angola",2002,4
"AO","Angola",2003,4
"AO","Angola",2004,4
"AO","Angola",2005,6
"AO","Angola",2006,
"AO","Angola",2007,6
"AO","Angola",2008,6
"AO","Angola",2009,6
"AO","Angola",2010,8
"AO","Angola",2011,6
"AO","Angola",2012,6
"AO","Angola",2013,6
"AO","Angola",2014,6
"AO","Angola",2015,4
"AG","Antigua & Barbuda",2000,4
"AG","Antigua & Barbuda",2001,4
"AG","Antigua & Barbuda",2002,4
"AG","Antigua & Barbuda",2003,4
"AG","Antigua & Barbuda",2004,4
"AG","Antigua & Barbuda",2005,4
"AG","Antigua & Barbuda",2006,4
"AG","Antigua & Barbuda",2007,4
"AG","Antigua & Barbuda",2008,4
"AG","Antigua & Barbuda",2009,4
"AG","Antigua & Barbuda",2010,4
"AG","Antigua & Barbuda",2011,4
"AG","Antigua & Barbuda",2012,4
"AG","Antigua & Barbuda",2013,4
"AG","Antigua & Barbuda",2014,4
"AG","Antigua & Barbuda",2015,4
"AR","Argentina",2000,6
"AR","Argentina",2001,3
"AR","Argentina",2002,4
"AR","Argentina",2003,3
"AR","Argentina",2004,6
"AR","Argentina",2005,7
"AR","Argentina",2006,6
"AR","Argentina",2007,6
"AR","Argentina",2008,4
"AR","Argentina",2009,6
"AR","Argentina",2010,4
"AR","Argentina",2011,4
"AR","Argentina",2012,4
"AR","Argentina",2013,7
"AR","Argentina",2014,6
"AR","Argentina",2015,7
"AM","Armenia",2000,1
"AM","Armenia",2001,1
"AM","Armenia",2002,1
"AM","Armenia",2003,1
"AM","Armenia",2004,5
"AM","Armenia",2005,5
"AM","Armenia",2006,5
"AM","Armenia",2007,5
"AM","Armenia",2008,5
"AM","Armenia",2009,5
"AM","Armenia",2010,5
"AM","Armenia",2011,5
"AM","Armenia",2012,5
"AM","Armenia",2013,6
"AM","Armenia",2014,5
"AM","Armenia",2015,6
"AZ","Azerbaijan",2000,1
"AZ","Azerbaijan",2001,1
"AZ","Azerbaijan",2002,4
"AZ","Azerbaijan",2003,4
"AZ","Azerbaijan",2004,4
"AZ","Azerbaijan",2005,4
"AZ","Azerbaijan",2006,5
"AZ","Azerbaijan",2007,5
"AZ","Azerbaijan",2008,5
"AZ","Azerbaijan",2009,5
"AZ","Azerbaijan",2010,6
"AZ","Azerbaijan",2011,5
"AZ","Azerbaijan",2012,4
"AZ","Azerbaijan",2013,4
"AZ","Azerbaijan",2014,4
"AZ","Azerbaijan",2015,4
"BD","Bangladesh",2000,5
"BD","Bangladesh",2001,5
"BD","Bangladesh",2002,5
"BD","Bangladesh",2003,5
"BD","Bangladesh",2004,5
"BD","Bangladesh",2005,5
"BD","Bangladesh",2006,5
"BD","Bangladesh",2007,5
"BD","Bangladesh",2008,5
"BD","Bangladesh",2009,5
"BD","Bangladesh",2010,5
"BD","Bangladesh",2011,5
"BD","Bangladesh",2012,5
"BD","Bangladesh",2013,5
"BD","Bangladesh",2014,5
"BD","Bangladesh",2015,5
"BY","Belarus",2000,
"BY","Belarus",2001,
"BY","Belarus",2002,
"BY","Belarus",2003,
"BY","Belarus",2004,
"BY","Belarus",2005,7
"BY","Belarus",2006,7
"BY","Belarus",2007,7
"BY","Belarus",2008,4
"BY","Belarus",2009,4
"BY","Belarus",2010,7
"BY","Belarus",2011,4
"BY","Belarus",2012,6
"BY","Belarus",2013,6
"BY","Belarus",2014,8
"BY","Belarus",2015,6
"BZ","Belize",2000,6
"BZ","Belize",2001,6
"BZ","Belize",2002,6
"BZ","Belize",2003,6
"BZ","Belize",2004,6
"BZ","Belize",2005,6
"BZ","Belize",2006,4
"BZ","Belize",2007,6
"BZ","Belize",2008,4
"BZ","Belize",2009,4
"BZ","Belize",2010,4
"BZ","Belize",2011,4
"BZ","Belize",2012,4
"BZ","Belize",2013,4
"BZ","Belize",2014,4
"BZ","Belize",2015,5
"BJ","Benin",2000,1
"BJ","Benin",2001,1
"BJ","Benin",2002,1
"BJ","Benin",2003,1
"BJ","Benin",2004,1
"BJ","Benin",2005,1
"BJ","Benin",2006,1
"BJ","Benin",2007,1
"BJ","Benin",2008,1
"BJ","Benin",2009,1
"BJ","Benin",2010,1
"BJ","Benin",2011,1
"BJ","Benin",2012,1
"BJ","Benin",2013,1
"BJ","Benin",2014,1
"BJ","Benin",2015,1
"BT","Bhutan",2000,
"BT","Bhutan",2001,
"BT","Bhutan",2002,1
"BT","Bhutan",2003,8
"BT","Bhutan",2004,1
"BT","Bhutan",2005,1
"BT","Bhutan",2006,1
"BT","Bhutan",2007,1
"BT","Bhutan",2008,1
"BT","Bhutan",2009,1
"BT","Bhutan",2010,1
"BT","Bhutan",2011,8
"BT","Bhutan",2012,8
"BT","Bhutan",2013,8
"BT","Bhutan",2014,8
"BT","Bhutan",2015,8
"BO","Bolivia",2000,4
"BO","Bolivia",2001,1
"BO","Bolivia",2002,1
"BO","Bolivia",2003,1
"BO","Bolivia",2004,1
"BO","Bolivia",2005,1
"BO","Bolivia",2006,1
"BO","Bolivia",2007,1
"BO","Bolivia",2008,5
"BO","Bolivia",2009,5
"BO","Bolivia",2010,5
"BO","Bolivia",2011,5
"BO","Bolivia",2012,5
"BO","Bolivia",2013,4
"BO","Bolivia",2014,5
"BO","Bolivia",2015,5
"BA","Bosnia & Herzegovina",2000,5
"BA","Bosnia & Herzegovina",2001,5
"BA","Bosnia & Herzegovina",2002,5
"BA","Bosnia & Herzegovina",2003,5
"BA","Bosnia & Herzegovina",2004,5
"BA","Bosnia & Herzegovina",2005,5
"BA","Bosnia & Herzegovina",2006,5
"BA","Bosnia & Herzegovina",2007,5
"BA","Bosnia & Herzegovina",2008,5
"BA","Bosnia & Herzegovina",2009,5
"BA","Bosnia & Herzegovina",2010,5
"BA","Bosnia & Herzegovina",2011,5
"BA","Bosnia & Herzegovina",2012,5
"BA","Bosnia & Herzegovina",2013,5
"BA","Bosnia & Herzegovina",2014,5
"BA","Bosnia & Herzegovina",2015,5
"BW","Botswana",2000,4
"BW","Botswana",2001,1
"BW","Botswana",2002,4
"BW","Botswana",2003,4
"BW","Botswana",2004,4
"BW","Botswana",2005,4
"BW","Botswana",2006,4
"BW","Botswana",2007,4
"BW","Botswana",2008,1
"BW","Botswana",2009,3
"BW","Botswana",2010,4
"BW","Botswana",2011,4
"BW","Botswana",2012,4
"BW","Botswana",2013,4
"BW","Botswana",2014,4
"BW","Botswana",2015,4
"BR","Brazil",2000,6
"BR","Brazil",2001,6
"BR","Brazil",2002,6
"BR","Brazil",2003,6
"BR","Brazil",2004,6
"BR","Brazil",2005,6
"BR","Brazil",2006,6
"BR","Brazil",2007,6
"BR","Brazil",2008,6
"BR","Brazil",2009,6
"BR","Brazil",2010,4
"BR","Brazil",2011,6
"BR","Brazil",2012,4
"BR","Brazil",2013,6
"BR","Brazil",2014,6
"BR","Brazil",2015,6
"BF","Burkina Faso",2000,1
"BF","Burkina Faso",2001,1
"BF","Burkina Faso",2002,1
"BF","Burkina Faso",2003,1
"BF","Burkina Faso",2004,1
"BF","Burkina Faso",2005,1
"BF","Burkina Faso",2006,1
"BF","Burkina Faso",2007,1
"BF","Burkina Faso",2008,1
"BF","Burkina Faso",2009,1
"BF","Burkina Faso",2010,1
"BF","Burkina Faso",2011,1
"BF","Burkina Faso",2012,1
"BF","Burkina Faso",2013,1
"BF","Burkina Faso",2014,1
"BF","Burkina Faso",2015,1
"BI","Burundi",2000,
"BI","Burundi",2001,1
"BI","Burundi",2002,
"BI","Burundi",2003,
"BI","Burundi",2004,1
"BI","Burundi",2005,1
"BI","Burundi",2006,1
"BI","Burundi",2007,1
"BI","Burundi",2008,1
"BI","Burundi",2009,1
"BI","Burundi",2010,1
"BI","Burundi",2011,1
"BI","Burundi",2012,1
"BI","Burundi",2013,1
"BI","Burundi",2014,1
"BI","Burundi",2015,1
"CI","Côte d'Ivoire",2000,1
"CI","Côte d'Ivoire",2001,1
"CI","Côte d'Ivoire",2002,1
"CI","Côte d'Ivoire",2003,1
"CI","Côte d'Ivoire",2004,1
"CI","Côte d'Ivoire",2005,4
"CI","Côte d'Ivoire",2006,7
"CI","Côte d'Ivoire",2007,4
"CI","Côte d'Ivoire",2008,1
"CI","Côte d'Ivoire",2009,1
"CI","Côte d'Ivoire",2010,1
"CI","Côte d'Ivoire",2011,1
"CI","Côte d'Ivoire",2012,1
"CI","Côte d'Ivoire",2013,1
"CI","Côte d'Ivoire",2014,1
"CI","Côte d'Ivoire",2015,6
"KH","Cambodia",2000,1
"KH","Cambodia",2001,1
"KH","Cambodia",2002,1
"KH","Cambodia",2003,1
"KH","Cambodia",2004,1
"KH","Cambodia",2005,1
"KH","Cambodia",2006,1
"KH","Cambodia",2007,4
"KH","Cambodia",2008,4
"KH","Cambodia",2009,4
"KH","Cambodia",2010,4
"KH","Cambodia",2011,4
"KH","Cambodia",2012,4
"KH","Cambodia",2013,4
"KH","Cambodia",2014,4
"KH","Cambodia",2015,4
"CM","Cameroon",2000,1
"CM","Cameroon",2001,1
"CM","Cameroon",2002,1
"CM","Cameroon",2003,1
"CM","Cameroon",2004,1
"CM","Cameroon",2005,1
"CM","Cameroon",2006,1
"CM","Cameroon",2007,1
"CM","Cameroon",2008,1
"CM","Cameroon",2009,1
"CM","Cameroon",2010,1
"CM","Cameroon",2011,1
"CM","Cameroon",2012,4
"CM","Cameroon",2013,1
"CM","Cameroon",2014,1
"CM","Cameroon",2015,6
"CV","Cape Verde",2000,1
"CV","Cape Verde",2001,1
"CV","Cape Verde",2002,1
"CV","Cape Verde",2003,1
"CV","Cape Verde",2004,1
"CV","Cape Verde",2005,1
"CV","Cape Verde",2006,1
"CV","Cape Verde",2007,4
"CV","Cape Verde",2008,1
"CV","Cape Verde",2009,1
"CV","Cape Verde",2010,1
"CV","Cape Verde",2011,1
"CV","Cape Verde",2012,1
"CV","Cape Verde",2013,1
"CV","Cape Verde",2014,1
"CV","Cape Verde",2015,5
"CF","CAR",2000,1
"CF","CAR",2001,1
"CF","CAR",2002,
"CF","CAR",2003,
"CF","CAR",2004,
"CF","CAR",2005,
"CF","CAR",2006,1
"CF","CAR",2007,
"CF","CAR",2008,1
"CF","CAR",2009,
"CF","CAR",2010,
"CF","CAR",2011,1
"CF","CAR",2012,
"CF","CAR",2013,
"CF","CAR",2014,
"CF","CAR",2015,
"TD","Chad",2000,
"TD","Chad",2001,4
"TD","Chad",2002,4
"TD","Chad",2003,4
"TD","Chad",2004,4
"TD","Chad",2005,1
"TD","Chad",2006,
"TD","Chad",2007,1
"TD","Chad",2008,1
"TD","Chad",2009,
"TD","Chad",2010,1
"TD","Chad",2011,1
"TD","Chad",2012,4
"TD","Chad",2013,6
"TD","Chad",2014,1
"TD","Chad",2015,1
"CL","Chile",2000,4
"CL","Chile",2001,4
"CL","Chile",2002,4
"CL","Chile",2003,4
"CL","Chile",2004,4
"CL","Chile",2005,4
"CL","Chile",2006,4
"CL","Chile",2007,4
"CL","Chile",2008,4
"CL","Chile",2009,4
"CL","Chile",2010,4
"CL","Chile",2011,4
"CL","Chile",2012,4
"CL","Chile",2013,4
"CL","Chile",2014,4
"CL","Chile",2015,4
"CN","China",2000,4
"CN","China",2001,4
"CN","China",2002,4
"CN","China",2003,4
"CN","China",2004,4
"CN","China",2005,4
"CN","China",2006,4
"CN","China",2007,4
"CN","China",2008,4
"CN","China",2009,4
"CN","China",2010,4
"CN","China",2011,7
"CN","China",2012,4
"CN","China",2013,7
"CN","China",2014,7
"CN","China",2015,4
"CO","Colombia",2000,6
"CO","Colombia",2001,6
"CO","Colombia",2002,5
"CO","Colombia",2003,6
"CO","Colombia",2004,6
"CO","Colombia",2005,4
"CO","Colombia",2006,4
"CO","Colombia",2007,4
"CO","Colombia",2008,4
"CO","Colombia",2009,6
"CO","Colombia",2010,6
"CO","Colombia",2011,6
"CO","Colombia",2012,4
"CO","Colombia",2013,6
"CO","Colombia",2014,6
"CO","Colombia",2015,6
"KM","Comoros",2000,
"KM","Comoros",2001,
"KM","Comoros",2002,
"KM","Comoros",2003,
"KM","Comoros",2004,
"KM","Comoros",2005,5
"KM","Comoros",2006,5
"KM","Comoros",2007,5
"KM","Comoros",2008,5
"KM","Comoros",2009,5
"KM","Comoros",2010,5
"KM","Comoros",2011,5
"KM","Comoros",2012,1
"KM","Comoros",2013,1
"KM","Comoros",2014,5
"KM","Comoros",2015,5
"CG","Congo",2000,4
"CG","Congo",2001,7
"CG","Congo",2002,4
"CG","Congo",2003,3
"CG","Congo",2004,1
"CG","Congo",2005,1
"CG","Congo",2006,4
"CG","Congo",2007,4
"CG","Congo",2008,
"CG","Congo",2009,4
"CG","Congo",2010,1
"CG","Congo",2011,
"CG","Congo",2012,4
"CG","Congo",2013,4
"CG","Congo",2014,
"CG","Congo",2015,4
"CK","Cook Islands",2000,
"CK","Cook Islands",2001,
"CK","Cook Islands",2002,
"CK","Cook Islands",2003,
"CK","Cook Islands",2004,
"CK","Cook Islands",2005,
"CK","Cook Islands",2006,1
"CK","Cook Islands",2007,
"CK","Cook Islands",2008,
"CK","Cook Islands",2009,1
"CK","Cook Islands",2010,
"CK","Cook Islands",2011,
"CK","Cook Islands",2012,1
"CK","Cook Islands",2013,1
"CK","Cook Islands",2014,1
"CK","Cook Islands",2015,1
"CR","Costa Rica",2000,6
"CR","Costa Rica",2001,4
"CR","Costa Rica",2002,4
"CR","Costa Rica",2003,4
"CR","Costa Rica",2004,4
"CR","Costa Rica",2005,6
"CR","Costa Rica",2006,4
"CR","Costa Rica",2007,4
"CR","Costa Rica",2008,4
"CR","Costa Rica",2009,4
"CR","Costa Rica",2010,4
"CR","Costa Rica",2011,4
"CR","Costa Rica",2012,6
"CR","Costa Rica",2013,6
"CR","Costa Rica",2014,6
"CR","Costa Rica",2015,6
"CU","Cuba",2000,
"CU","Cuba",2001,
"CU","Cuba",2002,
"CU","Cuba",2003,
"CU","Cuba",2004,
"CU","Cuba",2005,
"CU","Cuba",2006,
"CU","Cuba",2007,
"CU","Cuba",2008,
"CU","Cuba",2009,
"CU","Cuba",2010,
"CU","Cuba",2011,
"CU","Cuba",2012,
"CU","Cuba",2013,
"CU","Cuba",2014,
"CU","Cuba",2015,
"DJ","Djibouti",2000,1
"DJ","Djibouti",2001,1
"DJ","Djibouti",2002,1
"DJ","Djibouti",2003,1
"DJ","Djibouti",2004,1
"DJ","Djibouti",2005,1
"DJ","Djibouti",2006,1
"DJ","Djibouti",2007,4
"DJ","Djibouti",2008,4
"DJ","Djibouti",2009,1
"DJ","Djibouti",2010,1
"DJ","Djibouti",2011,1
"DJ","Djibouti",2012,1
"DJ","Djibouti",2013,4
"DJ","Djibouti",2014,1
"DJ","Djibouti",2015,8
"DM","Dominica",2000,6
"DM","Dominica",2001,1
"DM","Dominica",2002,1
"DM","Dominica",2003,7
"DM","Dominica",2004,1
"DM","Dominica",2005,4
"DM","Dominica",2006,4
"DM","Dominica",2007,4
"DM","Dominica",2008,4
"DM","Dominica",2009,4
"DM","Dominica",2010,4
"DM","Dominica",2011,4
"DM","Dominica",2012,4
"DM","Dominica",2013,1
"DM","Dominica",2014,4
"DM","Dominica",2015,4
"DO","Dominican Republic",2000,5
"DO","Dominican Republic",2001,5
"DO","Dominican Republic",2002,5
"DO","Dominican Republic",2003,5
"DO","Dominican Republic",2004,5
"DO","Dominican Republic",2005,5
"DO","Dominican Republic",2006,5
"DO","Dominican Republic",2007,5
"DO","Dominican Republic",2008,5
"DO","Dominican Republic",2009,5
"DO","Dominican Republic",2010,5
"DO","Dominican Republic",2011,5
"DO","Dominican Republic",2012,5
"DO","Dominican Republic",2013,5
"DO","Dominican Republic",2014,5
"DO","Dominican Republic",2015,5
"CD","DRC",2000,1
"CD","DRC",2001,1
"CD","DRC",2002,1
"CD","DRC",2003,1
"CD","DRC",2004,1
"CD","DRC",2005,1
"CD","DRC",2006,1
"CD","DRC",2007,4
"CD","DRC",2008,1
"CD","DRC",2009,1
"CD","DRC",2010,1
"CD","DRC",2011,1
"CD","DRC",2012,4
"CD","DRC",2013,1
"CD","DRC",2014,1
"CD","DRC",2015,1
"EC","Ecuador",2000,5
"EC","Ecuador",2001,5
"EC","Ecuador",2002,6
"EC","Ecuador",2003,5
"EC","Ecuador",2004,6
"EC","Ecuador",2005,6
"EC","Ecuador",2006,5
"EC","Ecuador",2007,5
"EC","Ecuador",2008,5
"EC","Ecuador",2009,5
"EC","Ecuador",2010,5
"EC","Ecuador",2011,5
"EC","Ecuador",2012,5
"EC","Ecuador",2013,8
"EC","Ecuador",2014,6
"EC","Ecuador",2015,6
"EG","Egypt",2000,5
"EG","Egypt",2001,5
"EG","Egypt",2002,5
"EG","Egypt",2003,5
"EG","Egypt",2004,5
"EG","Egypt",2005,4
"EG","Egypt",2006,4
"EG","Egypt",2007,4
"EG","Egypt",2008,4
"EG","Egypt",2009,5
"EG","Egypt",2010,5
"EG","Egypt",2011,5
"EG","Egypt",2012,5
"EG","Egypt",2013,5
"EG","Egypt",2014,5
"EG","Egypt",2015,5
"SV","El Salvador",2000,5
"SV","El Salvador",2001,5
"SV","El Salvador",2002,5
"SV","El Salvador",2003,5
"SV","El Salvador",2004,5
"SV","El Salvador",2005,5
"SV","El Salvador",2006,5
"SV","El Salvador",2007,5
"SV","El Salvador",2008,5
"SV","El Salvador",2009,5
"SV","El Salvador",2010,5
"SV","El Salvador",2011,5
"SV","El Salvador",2012,5
"SV","El Salvador",2013,5
"SV","El Salvador",2014,5
"SV","El Salvador",2015,5
"GQ","Equatorial Guinea",2000,
"GQ","Equatorial Guinea",2001,
"GQ","Equatorial Guinea",2002,
"GQ","Equatorial Guinea",2003,
"GQ","Equatorial Guinea",2004,
"GQ","Equatorial Guinea",2005,4
"GQ","Equatorial Guinea",2006,4
"GQ","Equatorial Guinea",2007,4
"GQ","Equatorial Guinea",2008,
"GQ","Equatorial Guinea",2009,
"GQ","Equatorial Guinea",2010,4
"GQ","Equatorial Guinea",2011,4
"GQ","Equatorial Guinea",2012,4
"GQ","Equatorial Guinea",2013,4
"GQ","Equatorial Guinea",2014,4
"GQ","Equatorial Guinea",2015,4
"ER","Eritrea",2000,1
"ER","Eritrea",2001,1
"ER","Eritrea",2002,1
"ER","Eritrea",2003,
"ER","Eritrea",2004,
"ER","Eritrea",2005,
"ER","Eritrea",2006,
"ER","Eritrea",2007,
"ER","Eritrea",2008,
"ER","Eritrea",2009,
"ER","Eritrea",2010,
"ER","Eritrea",2011,
"ER","Eritrea",2012,
"ER","Eritrea",2013,
"ER","Eritrea",2014,
"ER","Eritrea",2015,
"ET","Ethiopia",2000,1
"ET","Ethiopia",2001,1
"ET","Ethiopia",2002,1
"ET","Ethiopia",2003,1
"ET","Ethiopia",2004,1
"ET","Ethiopia",2005,1
"ET","Ethiopia",2006,1
"ET","Ethiopia",2007,1
"ET","Ethiopia",2008,1
"ET","Ethiopia",2009,1
"ET","Ethiopia",2010,1
"ET","Ethiopia",2011,1
"ET","Ethiopia",2012,1
"ET","Ethiopia",2013,1
"ET","Ethiopia",2014,1
"ET","Ethiopia",2015,1
"FJ","Fiji",2000,5
"FJ","Fiji",2001,5
"FJ","Fiji",2002,5
"FJ","Fiji",2003,5
"FJ","Fiji",2004,4
"FJ","Fiji",2005,5
"FJ","Fiji",2006,4
"FJ","Fiji",2007,4
"FJ","Fiji",2008,4
"FJ","Fiji",2009,5
"FJ","Fiji",2010,4
"FJ","Fiji",2011,4
"FJ","Fiji",2012,4
"FJ","Fiji",2013,4
"FJ","Fiji",2014,4
"FJ","Fiji",2015,4
"GA","Gabon",2000,1
"GA","Gabon",2001,3
"GA","Gabon",2002,1
"GA","Gabon",2003,4
"GA","Gabon",2004,4
"GA","Gabon",2005,4
"GA","Gabon",2006,4
"GA","Gabon",2007,6
"GA","Gabon",2008,4
"GA","Gabon",2009,4
"GA","Gabon",2010,4
"GA","Gabon",2011,4
"GA","Gabon",2012,4
"GA","Gabon",2013,6
"GA","Gabon",2014,4
"GA","Gabon",2015,4
"GM","Gambia",2000,
"GM","Gambia",2001,1
"GM","Gambia",2002,1
"GM","Gambia",2003,1
"GM","Gambia",2004,1
"GM","Gambia",2005,4
"GM","Gambia",2006,4
"GM","Gambia",2007,1
"GM","Gambia",2008,1
"GM","Gambia",2009,1
"GM","Gambia",2010,1
"GM","Gambia",2011,1
"GM","Gambia",2012,1
"GM","Gambia",2013,5
"GM","Gambia",2014,5
"GM","Gambia",2015,5
"GE","Georgia",2000,5
"GE","Georgia",2001,1
"GE","Georgia",2002,1
"GE","Georgia",2003,4
"GE","Georgia",2004,4
"GE","Georgia",2005,4
"GE","Georgia",2006,4
"GE","Georgia",2007,4
"GE","Georgia",2008,4
"GE","Georgia",2009,5
"GE","Georgia",2010,5
"GE","Georgia",2011,5
"GE","Georgia",2012,5
"GE","Georgia",2013,5
"GE","Georgia",2014,5
"GE","Georgia",2015,6
"GH","Ghana",2000,1
"GH","Ghana",2001,1
"GH","Ghana",2002,1
"GH","Ghana",2003,1
"GH","Ghana",2004,1
"GH","Ghana",2005,1
"GH","Ghana",2006,1
"GH","Ghana",2007,1
"GH","Ghana",2008,1
"GH","Ghana",2009,4
"GH","Ghana",2010,4
"GH","Ghana",2011,4
"GH","Ghana",2012,4
"GH","Ghana",2013,4
"GH","Ghana",2014,4
"GH","Ghana",2015,4
"GD","Grenada",2000,6
"GD","Grenada",2001,4
"GD","Grenada",2002,6
"GD","Grenada",2003,4
"GD","Grenada",2004,5
"GD","Grenada",2005,4
"GD","Grenada",2006,4
"GD","Grenada",2007,4
"GD","Grenada",2008,4
"GD","Grenada",2009,4
"GD","Grenada",2010,4
"GD","Grenada",2011,4
"GD","Grenada",2012,4
"GD","Grenada",2013,4
"GD","Grenada",2014,1
"GD","Grenada",2015,4
"GT","Guatemala",2000,5
"GT","Guatemala",2001,5
"GT","Guatemala",2002,5
"GT","Guatemala",2003,5
"GT","Guatemala",2004,5
"GT","Guatemala",2005,5
"GT","Guatemala",2006,5
"GT","Guatemala",2007,5
"GT","Guatemala",2008,5
"GT","Guatemala",2009,5
"GT","Guatemala",2010,5
"GT","Guatemala",2011,5
"GT","Guatemala",2012,5
"GT","Guatemala",2013,5
"GT","Guatemala",2014,5
"GT","Guatemala",2015,5
"GN","Guinea",2000,1
"GN","Guinea",2001,1
"GN","Guinea",2002,1
"GN","Guinea",2003,1
"GN","Guinea",2004,1
"GN","Guinea",2005,1
"GN","Guinea",2006,1
"GN","Guinea",2007,4
"GN","Guinea",2008,1
"GN","Guinea",2009,1
"GN","Guinea",2010,1
"GN","Guinea",2011,4
"GN","Guinea",2012,1
"GN","Guinea",2013,1
"GN","Guinea",2014,1
"GN","Guinea",2015,1
"GW","Guinea-Bissau",2000,1
"GW","Guinea-Bissau",2001,1
"GW","Guinea-Bissau",2002,1
"GW","Guinea-Bissau",2003,1
"GW","Guinea-Bissau",2004,1
"GW","Guinea-Bissau",2005,1
"GW","Guinea-Bissau",2006,1
"GW","Guinea-Bissau",2007,1
"GW","Guinea-Bissau",2008,1
"GW","Guinea-Bissau",2009,1
"GW","Guinea-Bissau",2010,1
"GW","Guinea-Bissau",2011,1
"GW","Guinea-Bissau",2012,1
"GW","Guinea-Bissau",2013,1
"GW","Guinea-Bissau",2014,1
"GW","Guinea-Bissau",2015,1
"GY","Guyana",2000,1
"GY","Guyana",2001,1
"GY","Guyana",2002,1
"GY","Guyana",2003,1
"GY","Guyana",2004,1
"GY","Guyana",2005,1
"GY","Guyana",2006,1
"GY","Guyana",2007,1
"GY","Guyana",2008,5
"GY","Guyana",2009,5
"GY","Guyana",2010,5
"GY","Guyana",2011,7
"GY","Guyana",2012,5
"GY","Guyana",2013,7
"GY","Guyana",2014,5
"GY","Guyana",2015,5
"HT","Haiti",2000,5
"HT","Haiti",2001,5
"HT","Haiti",2002,5
"HT","Haiti",2003,5
"HT","Haiti",2004,5
"HT","Haiti",2005,5
"HT","Haiti",2006,5
"HT","Haiti",2007,5
"HT","Haiti",2008,5
"HT","Haiti",2009,1
"HT","Haiti",2010,1
"HT","Haiti",2011,1
"HT","Haiti",2012,5
"HT","Haiti",2013,5
"HT","Haiti",2014,5
"HT","Haiti",2015,5
"HN","Honduras",2000,1
"HN","Honduras",2001,1
"HN","Honduras",2002,5
"HN","Honduras",2003,5
"HN","Honduras",2004,5
"HN","Honduras",2005,5
"HN","Honduras",2006,5
"HN","Honduras",2007,5
"HN","Honduras",2008,5
"HN","Honduras",2009,5
"HN","Honduras",2010,5
"HN","Honduras",2011,5
"HN","Honduras",2012,5
"HN","Honduras",2013,5
"HN","Honduras",2014,5
"HN","Honduras",2015,5
"IN","India",2000,5
"IN","India",2001,5
"IN","India",2002,5
"IN","India",2003,5
"IN","India",2004,5
"IN","India",2005,5
"IN","India",2006,6
"IN","India",2007,6
"IN","India",2008,5
"IN","India",2009,5
"IN","India",2010,5
"IN","India",2011,5
"IN","India",2012,5
"IN","India",2013,5
"IN","India",2014,6
"IN","India",2015,5
"ID","Indonesia",2000,3
"ID","Indonesia",2001,3
"ID","Indonesia",2002,3
"ID","Indonesia",2003,6
"ID","Indonesia",2004,6
"ID","Indonesia",2005,6
"ID","Indonesia",2006,6
"ID","Indonesia",2007,6
"ID","Indonesia",2008,6
"ID","Indonesia",2009,6
"ID","Indonesia",2010,6
"ID","Indonesia",2011,6
"ID","Indonesia",2012,6
"ID","Indonesia",2013,6
"ID","Indonesia",2014,6
"ID","Indonesia",2015,6
"IR","Iran",2000,6
"IR","Iran",2001,6
"IR","Iran",2002,4
"IR","Iran",2003,4
"IR","Iran",2004,7
"IR","Iran",2005,4
"IR","Iran",2006,4
"IR","Iran",2007,4
"IR","Iran",2008,4
"IR","Iran",2009,4
"IR","Iran",2010,4
"IR","Iran",2011,4
"IR","Iran",2012,4
"IR","Iran",2013,4
"IR","Iran",2014,4
"IR","Iran",2015,4
"IQ","Iraq",2000,
"IQ","Iraq",2001,1
"IQ","Iraq",2002,
"IQ","Iraq",2003,
"IQ","Iraq",2004,1
"IQ","Iraq",2005,1
"IQ","Iraq",2006,1
"IQ","Iraq",2007,1
"IQ","Iraq",2008,1
"IQ","Iraq",2009,1
"IQ","Iraq",2010,1
"IQ","Iraq",2011,1
"IQ","Iraq",2012,4
"IQ","Iraq",2013,4
"IQ","Iraq",2014,4
"IQ","Iraq",2015,4
"JM","Jamaica",2000,5
"JM","Jamaica",2001,5
"JM","Jamaica",2002,5
"JM","Jamaica",2003,5
"JM","Jamaica",2004,5
"JM","Jamaica",2005,5
"JM","Jamaica",2006,5
"JM","Jamaica",2007,6
"JM","Jamaica",2008,5
"JM","Jamaica",2009,5
"JM","Jamaica",2010,5
"JM","Jamaica",2011,5
"JM","Jamaica",2012,5
"JM","Jamaica",2013,5
"JM","Jamaica",2014,5
"JM","Jamaica",2015,6
"JO","Jordan",2000,7
"JO","Jordan",2001,5
"JO","Jordan",2002,5
"JO","Jordan",2003,5
"JO","Jordan",2004,5
"JO","Jordan",2005,5
"JO","Jordan",2006,4
"JO","Jordan",2007,5
"JO","Jordan",2008,5
"JO","Jordan",2009,5
"JO","Jordan",2010,5
"JO","Jordan",2011,5
"JO","Jordan",2012,5
"JO","Jordan",2013,5
"JO","Jordan",2014,5
"JO","Jordan",2015,5
"KZ","Kazakhstan",2000,6
"KZ","Kazakhstan",2001,6
"KZ","Kazakhstan",2002,6
"KZ","Kazakhstan",2003,6
"KZ","Kazakhstan",2004,6
"KZ","Kazakhstan",2005,6
"KZ","Kazakhstan",2006,6
"KZ","Kazakhstan",2007,6
"KZ","Kazakhstan",2008,6
"KZ","Kazakhstan",2009,6
"KZ","Kazakhstan",2010,6
"KZ","Kazakhstan",2011,6
"KZ","Kazakhstan",2012,6
"KZ","Kazakhstan",2013,6
"KZ","Kazakhstan",2014,6
"KZ","Kazakhstan",2015,6
"KE","Kenya",2000,1
"KE","Kenya",2001,1
"KE","Kenya",2002,1
"KE","Kenya",2003,1
"KE","Kenya",2004,1
"KE","Kenya",2005,1
"KE","Kenya",2006,1
"KE","Kenya",2007,1
"KE","Kenya",2008,1
"KE","Kenya",2009,1
"KE","Kenya",2010,1
"KE","Kenya",2011,1
"KE","Kenya",2012,1
"KE","Kenya",2013,1
"KE","Kenya",2014,1
"KE","Kenya",2015,1
"KI","Kiribati",2000,
"KI","Kiribati",2001,
"KI","Kiribati",2002,1
"KI","Kiribati",2003,
"KI","Kiribati",2004,1
"KI","Kiribati",2005,1
"KI","Kiribati",2006,1
"KI","Kiribati",2007,1
"KI","Kiribati",2008,1
"KI","Kiribati",2009,1
"KI","Kiribati",2010,1
"KI","Kiribati",2011,1
"KI","Kiribati",2012,1
"KI","Kiribati",2013,1
"KI","Kiribati",2014,1
"KI","Kiribati",2015,1
"XK","Kosovo",2000,
"XK","Kosovo",2001,
"XK","Kosovo",2002,
"XK","Kosovo",2003,
"XK","Kosovo",2004,
"XK","Kosovo",2005,
"XK","Kosovo",2006,
"XK","Kosovo",2007,
"XK","Kosovo",2008,
"XK","Kosovo",2009,5
"XK","Kosovo",2010,5
"XK","Kosovo",2011,
"XK","Kosovo",2012,5
"XK","Kosovo",2013,5
"XK","Kosovo",2014,5
"XK","Kosovo",2015,5
"KG","Kyrgyzstan",2000,1
"KG","Kyrgyzstan",2001,1
"KG","Kyrgyzstan",2002,1
"KG","Kyrgyzstan",2003,1
"KG","Kyrgyzstan",2004,1
"KG","Kyrgyzstan",2005,5
"KG","Kyrgyzstan",2006,5
"KG","Kyrgyzstan",2007,5
"KG","Kyrgyzstan",2008,5
"KG","Kyrgyzstan",2009,5
"KG","Kyrgyzstan",2010,5
"KG","Kyrgyzstan",2011,5
"KG","Kyrgyzstan",2012,5
"KG","Kyrgyzstan",2013,5
"KG","Kyrgyzstan",2014,5
"KG","Kyrgyzstan",2015,5
"LA","Lao",2000,1
"LA","Lao",2001,1
"LA","Lao",2002,1
"LA","Lao",2003,1
"LA","Lao",2004,1
"LA","Lao",2005,1
"LA","Lao",2006,1
"LA","Lao",2007,6
"LA","Lao",2008,6
"LA","Lao",2009,1
"LA","Lao",2010,1
"LA","Lao",2011,6
"LA","Lao",2012,1
"LA","Lao",2013,6
"LA","Lao",2014,6
"LA","Lao",2015,6
"LB","Lebanon",2000,6
"LB","Lebanon",2001,6
"LB","Lebanon",2002,6
"LB","Lebanon",2003,5
"LB","Lebanon",2004,5
"LB","Lebanon",2005,5
"LB","Lebanon",2006,5
"LB","Lebanon",2007,5
"LB","Lebanon",2008,5
"LB","Lebanon",2009,5
"LB","Lebanon",2010,5
"LB","Lebanon",2011,5
"LB","Lebanon",2012,5
"LB","Lebanon",2013,5
"LB","Lebanon",2014,5
"LB","Lebanon",2015,5
"LS","Lesotho",2000,5
"LS","Lesotho",2001,5
"LS","Lesotho",2002,5
"LS","Lesotho",2003,5
"LS","Lesotho",2004,5
"LS","Lesotho",2005,5
"LS","Lesotho",2006,5
"LS","Lesotho",2007,5
"LS","Lesotho",2008,5
"LS","Lesotho",2009,5
"LS","Lesotho",2010,5
"LS","Lesotho",2011,5
"LS","Lesotho",2012,5
"LS","Lesotho",2013,5
"LS","Lesotho",2014,5
"LS","Lesotho",2015,5
"LR","Liberia",2000,1
"LR","Liberia",2001,
"LR","Liberia",2002,
"LR","Liberia",2003,
"LR","Liberia",2004,3
"LR","Liberia",2005,1
"LR","Liberia",2006,1
"LR","Liberia",2007,1
"LR","Liberia",2008,1
"LR","Liberia",2009,1
"LR","Liberia",2010,1
"LR","Liberia",2011,1
"LR","Liberia",2012,4
"LR","Liberia",2013,4
"LR","Liberia",2014,1
"LR","Liberia",2015,1
"LY","Libya",2000,
"LY","Libya",2001,
"LY","Libya",2002,
"LY","Libya",2003,
"LY","Libya",2004,
"LY","Libya",2005,4
"LY","Libya",2006,4
"LY","Libya",2007,
"LY","Libya",2008,
"LY","Libya",2009,
"LY","Libya",2010,
"LY","Libya",2011,
"LY","Libya",2012,4
"LY","Libya",2013,4
"LY","Libya",2014,1
"LY","Libya",2015,
"MK","Macedonia",2000,1
"MK","Macedonia",2001,4
"MK","Macedonia",2002,1
"MK","Macedonia",2003,1
"MK","Macedonia",2004,7
"MK","Macedonia",2005,1
"MK","Macedonia",2006,4
"MK","Macedonia",2007,7
"MK","Macedonia",2008,6
"MK","Macedonia",2009,6
"MK","Macedonia",2010,6
"MK","Macedonia",2011,6
"MK","Macedonia",2012,6
"MK","Macedonia",2013,6
"MK","Macedonia",2014,6
"MK","Macedonia",2015,6
"MG","Madagascar",2000,1
"MG","Madagascar",2001,1
"MG","Madagascar",2002,1
"MG","Madagascar",2003,1
"MG","Madagascar",2004,1
"MG","Madagascar",2005,1
"MG","Madagascar",2006,1
"MG","Madagascar",2007,1
"MG","Madagascar",2008,3
"MG","Madagascar",2009,4
"MG","Madagascar",2010,4
"MG","Madagascar",2011,4
"MG","Madagascar",2012,4
"MG","Madagascar",2013,1
"MG","Madagascar",2014,1
"MG","Madagascar",2015,1
"MW","Malawi",2000,1
"MW","Malawi",2001,1
"MW","Malawi",2002,1
"MW","Malawi",2003,1
"MW","Malawi",2004,1
"MW","Malawi",2005,1
"MW","Malawi",2006,1
"MW","Malawi",2007,1
"MW","Malawi",2008,1
"MW","Malawi",2009,1
"MW","Malawi",2010,1
"MW","Malawi",2011,1
"MW","Malawi",2012,1
"MW","Malawi",2013,1
"MW","Malawi",2014,1
"MW","Malawi",2015,1
"MY","Malaysia",2000,6
"MY","Malaysia",2001,6
"MY","Malaysia",2002,6
"MY","Malaysia",2003,6
"MY","Malaysia",2004,6
"MY","Malaysia",2005,6
"MY","Malaysia",2006,6
"MY","Malaysia",2007,7
"MY","Malaysia",2008,7
"MY","Malaysia",2009,6
"MY","Malaysia",2010,6
"MY","Malaysia",2011,7
"MY","Malaysia",2012,7
"MY","Malaysia",2013,6
"MY","Malaysia",2014,6
"MY","Malaysia",2015,6
"MV","Maldives",2000,1
"MV","Maldives",2001,7
"MV","Maldives",2002,1
"MV","Maldives",2003,4
"MV","Maldives",2004,4
"MV","Maldives",2005,1
"MV","Maldives",2006,4
"MV","Maldives",2007,4
"MV","Maldives",2008,7
"MV","Maldives",2009,4
"MV","Maldives",2010,4
"MV","Maldives",2011,4
"MV","Maldives",2012,4
"MV","Maldives",2013,4
"MV","Maldives",2014,4
"MV","Maldives",2015,4
"ML","Mali",2000,1
"ML","Mali",2001,1
"ML","Mali",2002,1
"ML","Mali",2003,1
"ML","Mali",2004,1
"ML","Mali",2005,1
"ML","Mali",2006,1
"ML","Mali",2007,1
"ML","Mali",2008,1
"ML","Mali",2009,1
"ML","Mali",2010,1
"ML","Mali",2011,1
"ML","Mali",2012,1
"ML","Mali",2013,1
"ML","Mali",2014,1
"ML","Mali",2015,1
"MH","Marshall Islands",2000,
"MH","Marshall Islands",2001,4
"MH","Marshall Islands",2002,1
"MH","Marshall Islands",2003,4
"MH","Marshall Islands",2004,
"MH","Marshall Islands",2005,4
"MH","Marshall Islands",2006,1
"MH","Marshall Islands",2007,4
"MH","Marshall Islands",2008,4
"MH","Marshall Islands",2009,4
"MH","Marshall Islands",2010,4
"MH","Marshall Islands",2011,4
"MH","Marshall Islands",2012,1
"MH","Marshall Islands",2013,4
"MH","Marshall Islands",2014,1
"MH","Marshall Islands",2015,1
"MR","Mauritania",2000,1
"MR","Mauritania",2001,
"MR","Mauritania",2002,1
"MR","Mauritania",2003,1
"MR","Mauritania",2004,4
"MR","Mauritania",2005,4
"MR","Mauritania",2006,1
"MR","Mauritania",2007,1
"MR","Mauritania",2008,1
"MR","Mauritania",2009,1
"MR","Mauritania",2010,1
"MR","Mauritania",2011,4
"MR","Mauritania",2012,4
"MR","Mauritania",2013,4
"MR","Mauritania",2014,4
"MR","Mauritania",2015,4
"MU","Mauritius",2000,4
"MU","Mauritius",2001,5
"MU","Mauritius",2002,5
"MU","Mauritius",2003,5
"MU","Mauritius",2004,5
"MU","Mauritius",2005,5
"MU","Mauritius",2006,5
"MU","Mauritius",2007,4
"MU","Mauritius",2008,4
"MU","Mauritius",2009,7
"MU","Mauritius",2010,2
"MU","Mauritius",2011,2
"MU","Mauritius",2012,6
"MU","Mauritius",2013,6
"MU","Mauritius",2014,6
"MU","Mauritius",2015,6
"MX","Mexico",2000,6
"MX","Mexico",2001,6
"MX","Mexico",2002,4
"MX","Mexico",2003,6
"MX","Mexico",2004,6
"MX","Mexico",2005,6
"MX","Mexico",2006,6
"MX","Mexico",2007,6
"MX","Mexico",2008,6
"MX","Mexico",2009,6
"MX","Mexico",2010,6
"MX","Mexico",2011,6
"MX","Mexico",2012,6
"MX","Mexico",2013,6
"MX","Mexico",2014,6
"MX","Mexico",2015,6
"FM","Micronesia",2000,
"FM","Micronesia",2001,1
"FM","Micronesia",2002,
"FM","Micronesia",2003,
"FM","Micronesia",2004,
"FM","Micronesia",2005,1
"FM","Micronesia",2006,1
"FM","Micronesia",2007,1
"FM","Micronesia",2008,1
"FM","Micronesia",2009,1
"FM","Micronesia",2010,1
"FM","Micronesia",2011,1
"FM","Micronesia",2012,1
"FM","Micronesia",2013,1
"FM","Micronesia",2014,1
"FM","Micronesia",2015,1
"MD","Moldova",2000,7
"MD","Moldova",2001,5
"MD","Moldova",2002,5
"MD","Moldova",2003,5
"MD","Moldova",2004,5
"MD","Moldova",2005,5
"MD","Moldova",2006,5
"MD","Moldova",2007,5
"MD","Moldova",2008,5
"MD","Moldova",2009,5
"MD","Moldova",2010,5
"MD","Moldova",2011,5
"MD","Moldova",2012,5
"MD","Moldova",2013,5
"MD","Moldova",2014,5
"MD","Moldova",2015,5
"MN","Mongolia",2000,1
"MN","Mongolia",2001,1
"MN","Mongolia",2002,1
"MN","Mongolia",2003,1
"MN","Mongolia",2004,1
"MN","Mongolia",2005,1
"MN","Mongolia",2006,4
"MN","Mongolia",2007,4
"MN","Mongolia",2008,4
"MN","Mongolia",2009,4
"MN","Mongolia",2010,6
"MN","Mongolia",2011,4
"MN","Mongolia",2012,6
"MN","Mongolia",2013,6
"MN","Mongolia",2014,6
"MN","Mongolia",2015,6
"ME","Montenegro",2000,
"ME","Montenegro",2001,
"ME","Montenegro",2002,
"ME","Montenegro",2003,
"ME","Montenegro",2004,
"ME","Montenegro",2005,
"ME","Montenegro",2006,
"ME","Montenegro",2007,7
"ME","Montenegro",2008,4
"ME","Montenegro",2009,4
"ME","Montenegro",2010,4
"ME","Montenegro",2011,4
"ME","Montenegro",2012,4
"ME","Montenegro",2013,4
"ME","Montenegro",2014,4
"ME","Montenegro",2015,4
"MS","Montserrat",2000,
"MS","Montserrat",2001,
"MS","Montserrat",2002,
"MS","Montserrat",2003,
"MS","Montserrat",2004,
"MS","Montserrat",2005,
"MS","Montserrat",2006,
"MS","Montserrat",2007,
"MS","Montserrat",2008,
"MS","Montserrat",2009,
"MS","Montserrat",2010,
"MS","Montserrat",2011,
"MS","Montserrat",2012,
"MS","Montserrat",2013,
"MS","Montserrat",2014,
"MS","Montserrat",2015,
"MA","Morocco",2000,5
"MA","Morocco",2001,5
"MA","Morocco",2002,5
"MA","Morocco",2003,5
"MA","Morocco",2004,5
"MA","Morocco",2005,5
"MA","Morocco",2006,5
"MA","Morocco",2007,5
"MA","Morocco",2008,5
"MA","Morocco",2009,5
"MA","Morocco",2010,5
"MA","Morocco",2011,5
"MA","Morocco",2012,5
"MA","Morocco",2013,5
"MA","Morocco",2014,5
"MA","Morocco",2015,5
"MZ","Mozambique",2000,1
"MZ","Mozambique",2001,1
"MZ","Mozambique",2002,1
"MZ","Mozambique",2003,1
"MZ","Mozambique",2004,1
"MZ","Mozambique",2005,1
"MZ","Mozambique",2006,1
"MZ","Mozambique",2007,3
"MZ","Mozambique",2008,1
"MZ","Mozambique",2009,1
"MZ","Mozambique",2010,1
"MZ","Mozambique",2011,4
"MZ","Mozambique",2012,4
"MZ","Mozambique",2013,4
"MZ","Mozambique",2014,4
"MZ","Mozambique",2015,4
"MM","Myanmar",2000,1
"MM","Myanmar",2001,1
"MM","Myanmar",2002,1
"MM","Myanmar",2003,4
"MM","Myanmar",2004,4
"MM","Myanmar",2005,1
"MM","Myanmar",2006,4
"MM","Myanmar",2007,1
"MM","Myanmar",2008,4
"MM","Myanmar",2009,1
"MM","Myanmar",2010,4
"MM","Myanmar",2011,4
"MM","Myanmar",2012,8
"MM","Myanmar",2013,1
"MM","Myanmar",2014,5
"MM","Myanmar",2015,5
"NA","Namibia",2000,4
"NA","Namibia",2001,4
"NA","Namibia",2002,4
"NA","Namibia",2003,1
"NA","Namibia",2004,4
"NA","Namibia",2005,4
"NA","Namibia",2006,4
"NA","Namibia",2007,4
"NA","Namibia",2008,4
"NA","Namibia",2009,4
"NA","Namibia",2010,4
"NA","Namibia",2011,4
"NA","Namibia",2012,4
"NA","Namibia",2013,4
"NA","Namibia",2014,4
"NA","Namibia",2015,4
"NR","Nauru",2000,
"NR","Nauru",2001,
"NR","Nauru",2002,
"NR","Nauru",2003,
"NR","Nauru",2004,1
"NR","Nauru",2005,1
"NR","Nauru",2006,1
"NR","Nauru",2007,1
"NR","Nauru",2008,1
"NR","Nauru",2009,1
"NR","Nauru",2010,
"NR","Nauru",2011,
"NR","Nauru",2012,
"NR","Nauru",2013,
"NR","Nauru",2014,
"NR","Nauru",2015,
"NP","Nepal",2000,1
"NP","Nepal",2001,1
"NP","Nepal",2002,5
"NP","Nepal",2003,5
"NP","Nepal",2004,5
"NP","Nepal",2005,5
"NP","Nepal",2006,5
"NP","Nepal",2007,5
"NP","Nepal",2008,5
"NP","Nepal",2009,5
"NP","Nepal",2010,5
"NP","Nepal",2011,5
"NP","Nepal",2012,5
"NP","Nepal",2013,5
"NP","Nepal",2014,5
"NP","Nepal",2015,5
"NI","Nicaragua",2000,1
"NI","Nicaragua",2001,1
"NI","Nicaragua",2002,1
"NI","Nicaragua",2003,1
"NI","Nicaragua",2004,1
"NI","Nicaragua",2005,1
"NI","Nicaragua",2006,1
"NI","Nicaragua",2007,1
"NI","Nicaragua",2008,5
"NI","Nicaragua",2009,1
"NI","Nicaragua",2010,6
"NI","Nicaragua",2011,6
"NI","Nicaragua",2012,5
"NI","Nicaragua",2013,5
"NI","Nicaragua",2014,5
"NI","Nicaragua",2015,5
"NE","Niger",2000,1
"NE","Niger",2001,1
"NE","Niger",2002,1
"NE","Niger",2003,1
"NE","Niger",2004,1
"NE","Niger",2005,1
"NE","Niger",2006,1
"NE","Niger",2007,1
"NE","Niger",2008,1
"NE","Niger",2009,4
"NE","Niger",2010,4
"NE","Niger",2011,4
"NE","Niger",2012,1
"NE","Niger",2013,1
"NE","Niger",2014,1
"NE","Niger",2015,1
"NG","Nigeria",2000,5
"NG","Nigeria",2001,4
"NG","Nigeria",2002,3
"NG","Nigeria",2003,4
"NG","Nigeria",2004,5
"NG","Nigeria",2005,5
"NG","Nigeria",2006,5
"NG","Nigeria",2007,5
"NG","Nigeria",2008,5
"NG","Nigeria",2009,5
"NG","Nigeria",2010,5
"NG","Nigeria",2011,5
"NG","Nigeria",2012,5
"NG","Nigeria",2013,5
"NG","Nigeria",2014,5
"NG","Nigeria",2015,5
"NU","Niue",2000,
"NU","Niue",2001,
"NU","Niue",2002,
"NU","Niue",2003,
"NU","Niue",2004,
"NU","Niue",2005,
"NU","Niue",2006,
"NU","Niue",2007,
"NU","Niue",2008,
"NU","Niue",2009,
"NU","Niue",2010,
"NU","Niue",2011,
"NU","Niue",2012,
"NU","Niue",2013,
"NU","Niue",2014,
"NU","Niue",2015,
"KP","North Korea",2000,1
"KP","North Korea",2001,1
"KP","North Korea",2002,1
"KP","North Korea",2003,
"KP","North Korea",2004,1
"KP","North Korea",2005,1
"KP","North Korea",2006,1
"KP","North Korea",2007,1
"KP","North Korea",2008,1
"KP","North Korea",2009,1
"KP","North Korea",2010,1
"KP","North Korea",2011,4
"KP","North Korea",2012,4
"KP","North Korea",2013,1
"KP","North Korea",2014,1
"KP","North Korea",2015,1
"PK","Pakistan",2000,5
"PK","Pakistan",2001,1
"PK","Pakistan",2002,5
"PK","Pakistan",2003,5
"PK","Pakistan",2004,5
"PK","Pakistan",2005,5
"PK","Pakistan",2006,5
"PK","Pakistan",2007,5
"PK","Pakistan",2008,5
"PK","Pakistan",2009,5
"PK","Pakistan",2010,5
"PK","Pakistan",2011,5
"PK","Pakistan",2012,5
"PK","Pakistan",2013,5
"PK","Pakistan",2014,5
"PK","Pakistan",2015,5
"PW","Palau",2000,
"PW","Palau",2001,
"PW","Palau",2002,
"PW","Palau",2003,
"PW","Palau",2004,
"PW","Palau",2005,1
"PW","Palau",2006,1
"PW","Palau",2007,1
"PW","Palau",2008,1
"PW","Palau",2009,1
"PW","Palau",2010,1
"PW","Palau",2011,1
"PW","Palau",2012,4
"PW","Palau",2013,1
"PW","Palau",2014,4
"PW","Palau",2015,1
"PS","Palestine",2000,5
"PS","Palestine",2001,5
"PS","Palestine",2002,5
"PS","Palestine",2003,1
"PS","Palestine",2004,1
"PS","Palestine",2005,1
"PS","Palestine",2006,1
"PS","Palestine",2007,1
"PS","Palestine",2008,1
"PS","Palestine",2009,1
"PS","Palestine",2010,1
"PS","Palestine",2011,1
"PS","Palestine",2012,1
"PS","Palestine",2013,1
"PS","Palestine",2014,1
"PS","Palestine",2015,5
"PA","Panama",2000,6
"PA","Panama",2001,6
"PA","Panama",2002,6
"PA","Panama",2003,4
"PA","Panama",2004,4
"PA","Panama",2005,6
"PA","Panama",2006,6
"PA","Panama",2007,4
"PA","Panama",2008,7
"PA","Panama",2009,6
"PA","Panama",2010,4
"PA","Panama",2011,6
"PA","Panama",2012,4
"PA","Panama",2013,7
"PA","Panama",2014,6
"PA","Panama",2015,4
"PG","Papua New Guinea",2000,1
"PG","Papua New Guinea",2001,1
"PG","Papua New Guinea",2002,1
"PG","Papua New Guinea",2003,1
"PG","Papua New Guinea",2004,1
"PG","Papua New Guinea",2005,1
"PG","Papua New Guinea",2006,1
"PG","Papua New Guinea",2007,6
"PG","Papua New Guinea",2008,6
"PG","Papua New Guinea",2009,3
"PG","Papua New Guinea",2010,6
"PG","Papua New Guinea",2011,6
"PG","Papua New Guinea",2012,6
"PG","Papua New Guinea",2013,6
"PG","Papua New Guinea",2014,6
"PG","Papua New Guinea",2015,1
"PY","Paraguay",2000,5
"PY","Paraguay",2001,5
"PY","Paraguay",2002,6
"PY","Paraguay",2003,7
"PY","Paraguay",2004,6
"PY","Paraguay",2005,6
"PY","Paraguay",2006,6
"PY","Paraguay",2007,6
"PY","Paraguay",2008,6
"PY","Paraguay",2009,6
"PY","Paraguay",2010,6
"PY","Paraguay",2011,4
"PY","Paraguay",2012,6
"PY","Paraguay",2013,6
"PY","Paraguay",2014,6
"PY","Paraguay",2015,6
"PE","Peru",2000,3
"PE","Peru",2001,4
"PE","Peru",2002,4
"PE","Peru",2003,4
"PE","Peru",2004,4
"PE","Peru",2005,6
"PE","Peru",2006,4
"PE","Peru",2007,6
"PE","Peru",2008,4
"PE","Peru",2009,4
"PE","Peru",2010,4
"PE","Peru",2011,4
"PE","Peru",2012,4
"PE","Peru",2013,4
"PE","Peru",2014,4
"PE","Peru",2015,6
"PH","Philippines",2000,5
"PH","Philippines",2001,5
"PH","Philippines",2002,5
"PH","Philippines",2003,5
"PH","Philippines",2004,5
"PH","Philippines",2005,5
"PH","Philippines",2006,5
"PH","Philippines",2007,5
"PH","Philippines",2008,5
"PH","Philippines",2009,5
"PH","Philippines",2010,5
"PH","Philippines",2011,5
"PH","Philippines",2012,5
"PH","Philippines",2013,5
"PH","Philippines",2014,5
"PH","Philippines",2015,5
"RW","Rwanda",2000,1
"RW","Rwanda",2001,1
"RW","Rwanda",2002,1
"RW","Rwanda",2003,1
"RW","Rwanda",2004,1
"RW","Rwanda",2005,1
"RW","Rwanda",2006,1
"RW","Rwanda",2007,1
"RW","Rwanda",2008,1
"RW","Rwanda",2009,1
"RW","Rwanda",2010,1
"RW","Rwanda",2011,1
"RW","Rwanda",2012,1
"RW","Rwanda",2013,1
"RW","Rwanda",2014,1
"RW","Rwanda",2015,1
"SH","Saint Helena, Ascension & Tristan da Cunha",2000,
"SH","Saint Helena, Ascension & Tristan da Cunha",2001,
"SH","Saint Helena, Ascension & Tristan da Cunha",2002,
"SH","Saint Helena, Ascension & Tristan da Cunha",2003,
"SH","Saint Helena, Ascension & Tristan da Cunha",2004,
"SH","Saint Helena, Ascension & Tristan da Cunha",2005,
"SH","Saint Helena, Ascension & Tristan da Cunha",2006,
"SH","Saint Helena, Ascension & Tristan da Cunha",2007,
"SH","Saint Helena, Ascension & Tristan da Cunha",2008,
"SH","Saint Helena, Ascension & Tristan da Cunha",2009,
"SH","Saint Helena, Ascension & Tristan da Cunha",2010,
"SH","Saint Helena, Ascension & Tristan da Cunha",2011,
"SH","Saint Helena, Ascension & Tristan da Cunha",2012,
"SH","Saint Helena, Ascension & Tristan da Cunha",2013,
"SH","Saint Helena, Ascension & Tristan da Cunha",2014,
"SH","Saint Helena, Ascension & Tristan da Cunha",2015,
"LC","Saint Lucia",2000,4
"LC","Saint Lucia",2001,4
"LC","Saint Lucia",2002,4
"LC","Saint Lucia",2003,4
"LC","Saint Lucia",2004,4
"LC","Saint Lucia",2005,4
"LC","Saint Lucia",2006,4
"LC","Saint Lucia",2007,4
"LC","Saint Lucia",2008,7
"LC","Saint Lucia",2009,4
"LC","Saint Lucia",2010,7
"LC","Saint Lucia",2011,4
"LC","Saint Lucia",2012,4
"LC","Saint Lucia",2013,4
"LC","Saint Lucia",2014,4
"LC","Saint Lucia",2015,4
"VC","Saint Vincent & the Grenadines",2000,4
"VC","Saint Vincent & the Grenadines",2001,5
"VC","Saint Vincent & the Grenadines",2002,4
"VC","Saint Vincent & the Grenadines",2003,4
"VC","Saint Vincent & the Grenadines",2004,4
"VC","Saint Vincent & the Grenadines",2005,4
"VC","Saint Vincent & the Grenadines",2006,4
"VC","Saint Vincent & the Grenadines",2007,4
"VC","Saint Vincent & the Grenadines",2008,4
"VC","Saint Vincent & the Grenadines",2009,4
"VC","Saint Vincent & the Grenadines",2010,4
"VC","Saint Vincent & the Grenadines",2011,4
"VC","Saint Vincent & the Grenadines",2012,4
"VC","Saint Vincent & the Grenadines",2013,4
"VC","Saint Vincent & the Grenadines",2014,4
"VC","Saint Vincent & the Grenadines",2015,4
"WS","Samoa",2000,1
"WS","Samoa",2001,1
"WS","Samoa",2002,1
"WS","Samoa",2003,1
"WS","Samoa",2004,1
"WS","Samoa",2005,5
"WS","Samoa",2006,5
"WS","Samoa",2007,5
"WS","Samoa",2008,5
"WS","Samoa",2009,5
"WS","Samoa",2010,1
"WS","Samoa",2011,5
"WS","Samoa",2012,5
"WS","Samoa",2013,5
"WS","Samoa",2014,5
"WS","Samoa",2015,5
"ST","Sao Tome & Principe",2000,1
"ST","Sao Tome & Principe",2001,1
"ST","Sao Tome & Principe",2002,1
"ST","Sao Tome & Principe",2003,1
"ST","Sao Tome & Principe",2004,1
"ST","Sao Tome & Principe",2005,1
"ST","Sao Tome & Principe",2006,4
"ST","Sao Tome & Principe",2007,1
"ST","Sao Tome & Principe",2008,4
"ST","Sao Tome & Principe",2009,1
"ST","Sao Tome & Principe",2010,1
"ST","Sao Tome & Principe",2011,1
"ST","Sao Tome & Principe",2012,1
"ST","Sao Tome & Principe",2013,1
"ST","Sao Tome & Principe",2014,1
"ST","Sao Tome & Principe",2015,1
"SN","Senegal",2000,1
"SN","Senegal",2001,1
"SN","Senegal",2002,1
"SN","Senegal",2003,1
"SN","Senegal",2004,1
"SN","Senegal",2005,1
"SN","Senegal",2006,1
"SN","Senegal",2007,5
"SN","Senegal",2008,5
"SN","Senegal",2009,5
"SN","Senegal",2010,5
"SN","Senegal",2011,5
"SN","Senegal",2012,5
"SN","Senegal",2013,5
"SN","Senegal",2014,5
"SN","Senegal",2015,5
"RS","Serbia",2000,
"RS","Serbia",2001,
"RS","Serbia",2002,
"RS","Serbia",2003,
"RS","Serbia",2004,
"RS","Serbia",2005,
"RS","Serbia",2006,
"RS","Serbia",2007,6
"RS","Serbia",2008,6
"RS","Serbia",2009,5
"RS","Serbia",2010,5
"RS","Serbia",2011,4
"RS","Serbia",2012,6
"RS","Serbia",2013,6
"RS","Serbia",2014,6
"RS","Serbia",2015,5
"SC","Seychelles",2000,1
"SC","Seychelles",2001,4
"SC","Seychelles",2002,1
"SC","Seychelles",2003,4
"SC","Seychelles",2004,4
"SC","Seychelles",2005,4
"SC","Seychelles",2006,4
"SC","Seychelles",2007,4
"SC","Seychelles",2008,4
"SC","Seychelles",2009,4
"SC","Seychelles",2010,4
"SC","Seychelles",2011,4
"SC","Seychelles",2012,4
"SC","Seychelles",2013,4
"SC","Seychelles",2014,4
"SC","Seychelles",2015,4
"SL","Sierra Leone",2000,1
"SL","Sierra Leone",2001,1
"SL","Sierra Leone",2002,1
"SL","Sierra Leone",2003,1
"SL","Sierra Leone",2004,1
"SL","Sierra Leone",2005,1
"SL","Sierra Leone",2006,1
"SL","Sierra Leone",2007,1
"SL","Sierra Leone",2008,1
"SL","Sierra Leone",2009,1
"SL","Sierra Leone",2010,1
"SL","Sierra Leone",2011,4
"SL","Sierra Leone",2012,4
"SL","Sierra Leone",2013,1
"SL","Sierra Leone",2014,1
"SL","Sierra Leone",2015,1
"SB","Solomon Islands",2000,1
"SB","Solomon Islands",2001,1
"SB","Solomon Islands",2002,1
"SB","Solomon Islands",2003,1
"SB","Solomon Islands",2004,1
"SB","Solomon Islands",2005,1
"SB","Solomon Islands",2006,1
"SB","Solomon Islands",2007,1
"SB","Solomon Islands",2008,1
"SB","Solomon Islands",2009,1
"SB","Solomon Islands",2010,1
"SB","Solomon Islands",2011,1
"SB","Solomon Islands",2012,1
"SB","Solomon Islands",2013,1
"SB","Solomon Islands",2014,1
"SB","Solomon Islands",2015,1
"SO","Somalia",2000,
"SO","Somalia",2001,
"SO","Somalia",2002,
"SO","Somalia",2003,
"SO","Somalia",2004,
"SO","Somalia",2005,
"SO","Somalia",2006,
"SO","Somalia",2007,
"SO","Somalia",2008,1
"SO","Somalia",2009,
"SO","Somalia",2010,
"SO","Somalia",2011,1
"SO","Somalia",2012,
"SO","Somalia",2013,
"SO","Somalia",2014,1
"SO","Somalia",2015,
"ZA","South Africa",2000,2
"ZA","South Africa",2001,4
"ZA","South Africa",2002,6
"ZA","South Africa",2003,6
"ZA","South Africa",2004,2
"ZA","South Africa",2005,2
"ZA","South Africa",2006,2
"ZA","South Africa",2007,6
"ZA","South Africa",2008,4
"ZA","South Africa",2009,2
"ZA","South Africa",2010,6
"ZA","South Africa",2011,6
"ZA","South Africa",2012,7
"ZA","South Africa",2013,6
"ZA","South Africa",2014,6
"ZA","South Africa",2015,6
"SS","South Sudan",2000,
"SS","South Sudan",2001,
"SS","South Sudan",2002,
"SS","South Sudan",2003,
"SS","South Sudan",2004,
"SS","South Sudan",2005,
"SS","South Sudan",2006,
"SS","South Sudan",2007,
"SS","South Sudan",2008,
"SS","South Sudan",2009,
"SS","South Sudan",2010,
"SS","South Sudan",2011,
"SS","South Sudan",2012,
"SS","South Sudan",2013,1
"SS","South Sudan",2014,1
"SS","South Sudan",2015,1
"LK","Sri Lanka",2000,5
"LK","Sri Lanka",2001,5
"LK","Sri Lanka",2002,5
"LK","Sri Lanka",2003,5
"LK","Sri Lanka",2004,5
"LK","Sri Lanka",2005,5
"LK","Sri Lanka",2006,5
"LK","Sri Lanka",2007,5
"LK","Sri Lanka",2008,5
"LK","Sri Lanka",2009,5
"LK","Sri Lanka",2010,5
"LK","Sri Lanka",2011,5
"LK","Sri Lanka",2012,5
"LK","Sri Lanka",2013,5
"LK","Sri Lanka",2014,6
"LK","Sri Lanka",2015,5
"SD","Sudan",2000,5
"SD","Sudan",2001,5
"SD","Sudan",2002,5
"SD","Sudan",2003,4
"SD","Sudan",2004,4
"SD","Sudan",2005,1
"SD","Sudan",2006,1
"SD","Sudan",2007,1
"SD","Sudan",2008,1
"SD","Sudan",2009,1
"SD","Sudan",2010,1
"SD","Sudan",2011,1
"SD","Sudan",2012,4
"SD","Sudan",2013,4
"SD","Sudan",2014,4
"SD","Sudan",2015,4
"SR","Suriname",2000,1
"SR","Suriname",2001,1
"SR","Suriname",2002,1
"SR","Suriname",2003,1
"SR","Suriname",2004,1
"SR","Suriname",2005,1
"SR","Suriname",2006,1
"SR","Suriname",2007,1
"SR","Suriname",2008,1
"SR","Suriname",2009,1
"SR","Suriname",2010,1
"SR","Suriname",2011,3
"SR","Suriname",2012,4
"SR","Suriname",2013,4
"SR","Suriname",2014,4
"SR","Suriname",2015,4
"SZ","Swaziland",2000,4
"SZ","Swaziland",2001,5
"SZ","Swaziland",2002,4
"SZ","Swaziland",2003,5
"SZ","Swaziland",2004,5
"SZ","Swaziland",2005,5
"SZ","Swaziland",2006,4
"SZ","Swaziland",2007,5
"SZ","Swaziland",2008,4
"SZ","Swaziland",2009,5
"SZ","Swaziland",2010,7
"SZ","Swaziland",2011,1
"SZ","Swaziland",2012,1
"SZ","Swaziland",2013,1
"SZ","Swaziland",2014,1
"SZ","Swaziland",2015,1
"SY","Syria",2000,3
"SY","Syria",2001,1
"SY","Syria",2002,1
"SY","Syria",2003,5
"SY","Syria",2004,5
"SY","Syria",2005,5
"SY","Syria",2006,5
"SY","Syria",2007,4
"SY","Syria",2008,4
"SY","Syria",2009,4
"SY","Syria",2010,5
"SY","Syria",2011,5
"SY","Syria",2012,1
"SY","Syria",2013,1
"SY","Syria",2014,1
"SY","Syria",2015,1
"TJ","Tajikistan",2000,1
"TJ","Tajikistan",2001,1
"TJ","Tajikistan",2002,1
"TJ","Tajikistan",2003,1
"TJ","Tajikistan",2004,4
"TJ","Tajikistan",2005,5
"TJ","Tajikistan",2006,5
"TJ","Tajikistan",2007,5
"TJ","Tajikistan",2008,5
"TJ","Tajikistan",2009,5
"TJ","Tajikistan",2010,5
"TJ","Tajikistan",2011,5
"TJ","Tajikistan",2012,5
"TJ","Tajikistan",2013,5
"TJ","Tajikistan",2014,5
"TJ","Tajikistan",2015,5
"TZ","Tanzania",2000,1
"TZ","Tanzania",2001,1
"TZ","Tanzania",2002,1
"TZ","Tanzania",2003,1
"TZ","Tanzania",2004,1
"TZ","Tanzania",2005,1
"TZ","Tanzania",2006,1
"TZ","Tanzania",2007,1
"TZ","Tanzania",2008,1
"TZ","Tanzania",2009,1
"TZ","Tanzania",2010,1
"TZ","Tanzania",2011,1
"TZ","Tanzania",2012,1
"TZ","Tanzania",2013,1
"TZ","Tanzania",2014,1
"TZ","Tanzania",2015,1
"TH","Thailand",2000,4
"TH","Thailand",2001,6
"TH","Thailand",2002,6
"TH","Thailand",2003,6
"TH","Thailand",2004,6
"TH","Thailand",2005,6
"TH","Thailand",2006,6
"TH","Thailand",2007,6
"TH","Thailand",2008,6
"TH","Thailand",2009,6
"TH","Thailand",2010,7
"TH","Thailand",2011,6
"TH","Thailand",2012,6
"TH","Thailand",2013,6
"TH","Thailand",2014,6
"TH","Thailand",2015,6
"TL","Timor-Leste",2000,
"TL","Timor-Leste",2001,
"TL","Timor-Leste",2002,
"TL","Timor-Leste",2003,1
"TL","Timor-Leste",2004,
"TL","Timor-Leste",2005,1
"TL","Timor-Leste",2006,1
"TL","Timor-Leste",2007,1
"TL","Timor-Leste",2008,1
"TL","Timor-Leste",2009,1
"TL","Timor-Leste",2010,1
"TL","Timor-Leste",2011,1
"TL","Timor-Leste",2012,1
"TL","Timor-Leste",2013,1
"TL","Timor-Leste",2014,1
"TL","Timor-Leste",2015,1
"TG","Togo",2000,1
"TG","Togo",2001,1
"TG","Togo",2002,5
"TG","Togo",2003,5
"TG","Togo",2004,5
"TG","Togo",2005,5
"TG","Togo",2006,5
"TG","Togo",2007,5
"TG","Togo",2008,1
"TG","Togo",2009,1
"TG","Togo",2010,1
"TG","Togo",2011,1
"TG","Togo",2012,5
"TG","Togo",2013,5
"TG","Togo",2014,5
"TG","Togo",2015,5
"TK","Tokelau",2000,
"TK","Tokelau",2001,
"TK","Tokelau",2002,
"TK","Tokelau",2003,
"TK","Tokelau",2004,
"TK","Tokelau",2005,
"TK","Tokelau",2006,
"TK","Tokelau",2007,
"TK","Tokelau",2008,
"TK","Tokelau",2009,
"TK","Tokelau",2010,
"TK","Tokelau",2011,
"TK","Tokelau",2012,
"TK","Tokelau",2013,
"TK","Tokelau",2014,
"TK","Tokelau",2015,
"TO","Tonga",2000,1
"TO","Tonga",2001,5
"TO","Tonga",2002,5
"TO","Tonga",2003,5
"TO","Tonga",2004,5
"TO","Tonga",2005,5
"TO","Tonga",2006,5
"TO","Tonga",2007,5
"TO","Tonga",2008,5
"TO","Tonga",2009,5
"TO","Tonga",2010,5
"TO","Tonga",2011,1
"TO","Tonga",2012,5
"TO","Tonga",2013,5
"TO","Tonga",2014,5
"TO","Tonga",2015,5
"TN","Tunisia",2000,6
"TN","Tunisia",2001,7
"TN","Tunisia",2002,5
"TN","Tunisia",2003,5
"TN","Tunisia",2004,5
"TN","Tunisia",2005,5
"TN","Tunisia",2006,4
"TN","Tunisia",2007,5
"TN","Tunisia",2008,4
"TN","Tunisia",2009,5
"TN","Tunisia",2010,5
"TN","Tunisia",2011,5
"TN","Tunisia",2012,5
"TN","Tunisia",2013,5
"TN","Tunisia",2014,5
"TN","Tunisia",2015,5
"TR","Turkey",2000,6
"TR","Turkey",2001,6
"TR","Turkey",2002,6
"TR","Turkey",2003,6
"TR","Turkey",2004,6
"TR","Turkey",2005,6
"TR","Turkey",2006,6
"TR","Turkey",2007,6
"TR","Turkey",2008,6
"TR","Turkey",2009,6
"TR","Turkey",2010,6
"TR","Turkey",2011,6
"TR","Turkey",2012,6
"TR","Turkey",2013,6
"TR","Turkey",2014,6
"TR","Turkey",2015,6
"TM","Turkmenistan",2000,8
"TM","Turkmenistan",2001,4
"TM","Turkmenistan",2002,4
"TM","Turkmenistan",2003,4
"TM","Turkmenistan",2004,4
"TM","Turkmenistan",2005,4
"TM","Turkmenistan",2006,4
"TM","Turkmenistan",2007,4
"TM","Turkmenistan",2008,4
"TM","Turkmenistan",2009,4
"TM","Turkmenistan",2010,4
"TM","Turkmenistan",2011,4
"TM","Turkmenistan",2012,4
"TM","Turkmenistan",2013,4
"TM","Turkmenistan",2014,4
"TM","Turkmenistan",2015,4
"TV","Tuvalu",2000,
"TV","Tuvalu",2001,
"TV","Tuvalu",2002,
"TV","Tuvalu",2003,
"TV","Tuvalu",2004,
"TV","Tuvalu",2005,
"TV","Tuvalu",2006,
"TV","Tuvalu",2007,
"TV","Tuvalu",2008,1
"TV","Tuvalu",2009,
"TV","Tuvalu",2010,1
"TV","Tuvalu",2011,1
"TV","Tuvalu",2012,1
"TV","Tuvalu",2013,1
"TV","Tuvalu",2014,1
"TV","Tuvalu",2015,1
"UG","Uganda",2000,1
"UG","Uganda",2001,1
"UG","Uganda",2002,1
"UG","Uganda",2003,1
"UG","Uganda",2004,1
"UG","Uganda",2005,1
"UG","Uganda",2006,1
"UG","Uganda",2007,1
"UG","Uganda",2008,1
"UG","Uganda",2009,1
"UG","Uganda",2010,1
"UG","Uganda",2011,1
"UG","Uganda",2012,1
"UG","Uganda",2013,1
"UG","Uganda",2014,1
"UG","Uganda",2015,1
"UA","Ukraine",2000,
"UA","Ukraine",2001,
"UA","Ukraine",2002,
"UA","Ukraine",2003,
"UA","Ukraine",2004,
"UA","Ukraine",2005,4
"UA","Ukraine",2006,6
"UA","Ukraine",2007,6
"UA","Ukraine",2008,6
"UA","Ukraine",2009,6
"UA","Ukraine",2010,6
"UA","Ukraine",2011,6
"UA","Ukraine",2012,6
"UA","Ukraine",2013,6
"UA","Ukraine",2014,6
"UA","Ukraine",2015,6
"UY","Uruguay",2000,3
"UY","Uruguay",2001,3
"UY","Uruguay",2002,3
"UY","Uruguay",2003,3
"UY","Uruguay",2004,4
"UY","Uruguay",2005,4
"UY","Uruguay",2006,4
"UY","Uruguay",2007,4
"UY","Uruguay",2008,4
"UY","Uruguay",2009,4
"UY","Uruguay",2010,4
"UY","Uruguay",2011,4
"UY","Uruguay",2012,4
"UY","Uruguay",2013,4
"UY","Uruguay",2014,4
"UY","Uruguay",2015,4
"UZ","Uzbekistan",2000,6
"UZ","Uzbekistan",2001,6
"UZ","Uzbekistan",2002,6
"UZ","Uzbekistan",2003,6
"UZ","Uzbekistan",2004,6
"UZ","Uzbekistan",2005,6
"UZ","Uzbekistan",2006,5
"UZ","Uzbekistan",2007,5
"UZ","Uzbekistan",2008,5
"UZ","Uzbekistan",2009,6
"UZ","Uzbekistan",2010,5
"UZ","Uzbekistan",2011,5
"UZ","Uzbekistan",2012,5
"UZ","Uzbekistan",2013,5
"UZ","Uzbekistan",2014,5
"UZ","Uzbekistan",2015,5
"VU","Vanuatu",2000,1
"VU","Vanuatu",2001,5
"VU","Vanuatu",2002,7
"VU","Vanuatu",2003,1
"VU","Vanuatu",2004,1
"VU","Vanuatu",2005,1
"VU","Vanuatu",2006,4
"VU","Vanuatu",2007,1
"VU","Vanuatu",2008,1
"VU","Vanuatu",2009,1
"VU","Vanuatu",2010,1
"VU","Vanuatu",2011,1
"VU","Vanuatu",2012,7
"VU","Vanuatu",2013,1
"VU","Vanuatu",2014,1
"VU","Vanuatu",2015,1
"VE","Venezuela",2000,4
"VE","Venezuela",2001,4
"VE","Venezuela",2002,6
"VE","Venezuela",2003,6
"VE","Venezuela",2004,6
"VE","Venezuela",2005,6
"VE","Venezuela",2006,7
"VE","Venezuela",2007,7
"VE","Venezuela",2008,6
"VE","Venezuela",2009,6
"VE","Venezuela",2010,7
"VE","Venezuela",2011,6
"VE","Venezuela",2012,4
"VE","Venezuela",2013,4
"VE","Venezuela",2014,8
"VE","Venezuela",2015,4
"VN","Viet Nam",2000,1
"VN","Viet Nam",2001,1
"VN","Viet Nam",2002,5
"VN","Viet Nam",2003,5
"VN","Viet Nam",2004,5
"VN","Viet Nam",2005,5
"VN","Viet Nam",2006,5
"VN","Viet Nam",2007,4
"VN","Viet Nam",2008,4
"VN","Viet Nam",2009,4
"VN","Viet Nam",2010,5
"VN","Viet Nam",2011,5
"VN","Viet Nam",2012,5
"VN","Viet Nam",2013,5
"VN","Viet Nam",2014,5
"VN","Viet Nam",2015,5
"WF","Wallis & Futuna",2000,
"WF","Wallis & Futuna",2001,
"WF","Wallis & Futuna",2002,
"WF","Wallis & Futuna",2003,
"WF","Wallis & Futuna",2004,
"WF","Wallis & Futuna",2005,
"WF","Wallis & Futuna",2006,
"WF","Wallis & Futuna",2007,
"WF","Wallis & Futuna",2008,
"WF","Wallis & Futuna",2009,
"WF","Wallis & Futuna",2010,
"WF","Wallis & Futuna",2011,
"WF","Wallis & Futuna",2012,
"WF","Wallis & Futuna",2013,
"WF","Wallis & Futuna",2014,
"WF","Wallis & Futuna",2015,
"YE","Yemen",2000,5
"YE","Yemen",2001,5
"YE","Yemen",2002,5
"YE","Yemen",2003,5
"YE","Yemen",2004,5
"YE","Yemen",2005,5
"YE","Yemen",2006,5
"YE","Yemen",2007,5
"YE","Yemen",2008,4
"YE","Yemen",2009,5
"YE","Yemen",2010,5
"YE","Yemen",2011,5
"YE","Yemen",2012,5
"YE","Yemen",2013,5
"YE","Yemen",2014,5
"YE","Yemen",2015,5
"ZM","Zambia",2000,1
"ZM","Zambia",2001,1
"ZM","Zambia",2002,1
"ZM","Zambia",2003,1
"ZM","Zambia",2004,1
"ZM","Zambia",2005,1
"ZM","Zambia",2006,1
"ZM","Zambia",2007,4
"ZM","Zambia",2008,1
"ZM","Zambia",2009,1
"ZM","Zambia",2010,1
"ZM","Zambia",2011,4
"ZM","Zambia",2012,4
"ZM","Zambia",2013,4
"ZM","Zambia",2014,4
"ZM","Zambia",2015,4
"ZW","Zimbabwe",2000,1
"ZW","Zimbabwe",2001,1
"ZW","Zimbabwe",2002,1
"ZW","Zimbabwe",2003,1
"ZW","Zimbabwe",2004,1
"ZW","Zimbabwe",2005,1
"ZW","Zimbabwe",2006,1
"ZW","Zimbabwe",2007,1
"ZW","Zimbabwe",2008,1
"ZW","Zimbabwe",2009,1
"ZW","Zimbabwe",2010,6
"ZW","Zimbabwe",2011,6
"ZW","Zimbabwe",2012,6
"ZW","Zimbabwe",2013,6
"ZW","Zimbabwe",2014,6
"ZW","Zimbabwe",2015,6
