"id","entity-name","year","value"
"AF","Afghanistan",2000,0
"AF","Afghanistan",2001,0
"AF","Afghanistan",2002,0
"AF","Afghanistan",2003,790000
"AF","Afghanistan",2004,1770000
"AF","Afghanistan",2005,65060000
"AF","Afghanistan",2006,30220000
"AF","Afghanistan",2007,25430000
"AF","Afghanistan",2008,48590000
"AF","Afghanistan",2009,75470000
"AF","Afghanistan",2010,93640000
"AF","Afghanistan",2011,121380000
"AF","Afghanistan",2012,53960000
"AF","Afghanistan",2013,89950000
"africa","Africa, regional",2000,14750000
"africa","Africa, regional",2001,197350000
"africa","Africa, regional",2002,167440000
"africa","Africa, regional",2003,206350000
"africa","Africa, regional",2004,222430000
"africa","Africa, regional",2005,242060000
"africa","Africa, regional",2006,7620000
"africa","Africa, regional",2007,33210000
"africa","Africa, regional",2008,230970000
"africa","Africa, regional",2009,388950000
"africa","Africa, regional",2010,451250000
"africa","Africa, regional",2011,385160000
"africa","Africa, regional",2012,540380000
"africa","Africa, regional",2013,534630000
"AL","Albania",2000,7270000
"AL","Albania",2001,4980000
"AL","Albania",2002,33030000
"AL","Albania",2003,41810000
"AL","Albania",2004,120910000
"AL","Albania",2005,141570000
"AL","Albania",2006,79170000
"AL","Albania",2007,93950000
"AL","Albania",2008,165250000
"AL","Albania",2009,150450000
"AL","Albania",2010,140440000
"AL","Albania",2011,259900000
"AL","Albania",2012,272190000
"AL","Albania",2013,86280000
"DZ","Algeria",2000,411350000
"DZ","Algeria",2001,868460000
"DZ","Algeria",2002,858790000
"DZ","Algeria",2003,784930000
"DZ","Algeria",2004,244960000
"DZ","Algeria",2005,382990000
"DZ","Algeria",2006,60900000
"DZ","Algeria",2007,91090000
"DZ","Algeria",2008,9970000
"DZ","Algeria",2009,-350000
"DZ","Algeria",2010,658850000
"DZ","Algeria",2011,1400000
"DZ","Algeria",2012,760000
"DZ","Algeria",2013,90000
"america","America, regional",2000,770000
"america","America, regional",2001,21690000
"america","America, regional",2002,15610000
"america","America, regional",2003,77560000
"america","America, regional",2004,19500000
"america","America, regional",2005,6230000
"america","America, regional",2006,0
"america","America, regional",2007,21800000
"america","America, regional",2008,193210000
"america","America, regional",2009,163420000
"america","America, regional",2010,185190000
"america","America, regional",2011,265930000
"america","America, regional",2012,204180000
"america","America, regional",2013,243360000
"AO","Angola",2000,5950000
"AO","Angola",2001,6940000
"AO","Angola",2002,79400000
"AO","Angola",2003,3e+05
"AO","Angola",2004,290000
"AO","Angola",2005,110000
"AO","Angola",2006,0
"AO","Angola",2007,10000
"AO","Angola",2008,157450000
"AO","Angola",2009,0
"AO","Angola",2010,71510000
"AO","Angola",2011,3.4e+07
"AO","Angola",2012,98330000
"AO","Angola",2013,59330000
"AI","Anguilla",2000,6460000
"AI","Anguilla",2001,1670000
"AI","Anguilla",2002,7850000
"AI","Anguilla",2003,1060000
"AI","Anguilla",2004,950000
"AI","Anguilla",2005,0
"AI","Anguilla",2006,7040000
"AI","Anguilla",2007,2e+06
"AI","Anguilla",2008,1050000
"AI","Anguilla",2009,290000
"AI","Anguilla",2010,57250000
"AI","Anguilla",2011,0
"AI","Anguilla",2012,710000
"AI","Anguilla",2013,1e+05
"AG","Antigua and Barbuda",2000,140000
"AG","Antigua and Barbuda",2001,2920000
"AG","Antigua and Barbuda",2002,1780000
"AG","Antigua and Barbuda",2003,3790000
"AG","Antigua and Barbuda",2004,4830000
"AG","Antigua and Barbuda",2005,190000
"AG","Antigua and Barbuda",2006,3e+05
"AG","Antigua and Barbuda",2007,10190000
"AG","Antigua and Barbuda",2008,5380000
"AG","Antigua and Barbuda",2009,12640000
"AG","Antigua and Barbuda",2010,11900000
"AG","Antigua and Barbuda",2011,35950000
"AG","Antigua and Barbuda",2012,4180000
"AG","Antigua and Barbuda",2013,15860000
"AR","Argentina",2000,3300170000
"AR","Argentina",2001,4870990000
"AR","Argentina",2002,1400410000
"AR","Argentina",2003,6267480000
"AR","Argentina",2004,1832920000
"AR","Argentina",2005,1567840000
"AR","Argentina",2006,2017710000
"AR","Argentina",2007,2326590000
"AR","Argentina",2008,1994950000
"AR","Argentina",2009,3396630000
"AR","Argentina",2010,2511260000
"AR","Argentina",2011,2184910000
"AR","Argentina",2012,1874660000
"AR","Argentina",2013,2372110000
"AM","Armenia",2000,37950000
"AM","Armenia",2001,12680000
"AM","Armenia",2002,13740000
"AM","Armenia",2003,5920000
"AM","Armenia",2004,19760000
"AM","Armenia",2005,22570000
"AM","Armenia",2006,36860000
"AM","Armenia",2007,86220000
"AM","Armenia",2008,75770000
"AM","Armenia",2009,151080000
"AM","Armenia",2010,250630000
"AM","Armenia",2011,205230000
"AM","Armenia",2012,229550000
"AM","Armenia",2013,231470000
"AW","Aruba",2000,0
"AW","Aruba",2001,0
"AW","Aruba",2002,0
"AW","Aruba",2003,0
"AW","Aruba",2004,0
"AW","Aruba",2005,0
"AW","Aruba",2006,0
"AW","Aruba",2007,0
"AW","Aruba",2008,0
"AW","Aruba",2009,0
"AW","Aruba",2010,0
"AW","Aruba",2011,0
"AW","Aruba",2012,0
"AW","Aruba",2013,0
"asia","Asia, regional",2000,27390000
"asia","Asia, regional",2001,37120000
"asia","Asia, regional",2002,9590000
"asia","Asia, regional",2003,58300000
"asia","Asia, regional",2004,6090000
"asia","Asia, regional",2005,8810000
"asia","Asia, regional",2006,11130000
"asia","Asia, regional",2007,140000
"asia","Asia, regional",2008,129010000
"asia","Asia, regional",2009,261660000
"asia","Asia, regional",2010,253190000
"asia","Asia, regional",2011,215240000
"asia","Asia, regional",2012,324170000
"asia","Asia, regional",2013,282510000
"AZ","Azerbaijan",2000,137540000
"AZ","Azerbaijan",2001,81110000
"AZ","Azerbaijan",2002,162600000
"AZ","Azerbaijan",2003,1553730000
"AZ","Azerbaijan",2004,584780000
"AZ","Azerbaijan",2005,351150000
"AZ","Azerbaijan",2006,64380000
"AZ","Azerbaijan",2007,276370000
"AZ","Azerbaijan",2008,347580000
"AZ","Azerbaijan",2009,428650000
"AZ","Azerbaijan",2010,460630000
"AZ","Azerbaijan",2011,671770000
"AZ","Azerbaijan",2012,783760000
"AZ","Azerbaijan",2013,595620000
"BS","Bahamas",2000,0
"BS","Bahamas",2001,0
"BS","Bahamas",2002,0
"BS","Bahamas",2003,0
"BS","Bahamas",2004,0
"BS","Bahamas",2005,0
"BS","Bahamas",2006,0
"BS","Bahamas",2007,0
"BS","Bahamas",2008,0
"BS","Bahamas",2009,0
"BS","Bahamas",2010,0
"BS","Bahamas",2011,0
"BS","Bahamas",2012,0
"BS","Bahamas",2013,0
"BH","Bahrain",2000,0
"BH","Bahrain",2001,-2550000
"BH","Bahrain",2002,0
"BH","Bahrain",2003,30380000
"BH","Bahrain",2004,0
"BH","Bahrain",2005,0
"BH","Bahrain",2006,0
"BH","Bahrain",2007,0
"BH","Bahrain",2008,0
"BH","Bahrain",2009,0
"BH","Bahrain",2010,0
"BH","Bahrain",2011,0
"BH","Bahrain",2012,0
"BH","Bahrain",2013,0
"BD","Bangladesh",2000,28910000
"BD","Bangladesh",2001,236700000
"BD","Bangladesh",2002,55150000
"BD","Bangladesh",2003,70080000
"BD","Bangladesh",2004,195360000
"BD","Bangladesh",2005,231560000
"BD","Bangladesh",2006,107660000
"BD","Bangladesh",2007,166260000
"BD","Bangladesh",2008,165410000
"BD","Bangladesh",2009,816180000
"BD","Bangladesh",2010,215750000
"BD","Bangladesh",2011,285630000
"BD","Bangladesh",2012,342200000
"BD","Bangladesh",2013,501820000
"BB","Barbados",2000,35630000
"BB","Barbados",2001,46540000
"BB","Barbados",2002,31490000
"BB","Barbados",2003,55160000
"BB","Barbados",2004,36520000
"BB","Barbados",2005,15280000
"BB","Barbados",2006,106240000
"BB","Barbados",2007,45370000
"BB","Barbados",2008,63440000
"BB","Barbados",2009,59600000
"BB","Barbados",2010,88170000
"BB","Barbados",2011,0
"BB","Barbados",2012,0
"BB","Barbados",2013,0
"BY","Belarus",2000,0
"BY","Belarus",2001,0
"BY","Belarus",2002,0
"BY","Belarus",2003,0
"BY","Belarus",2004,0
"BY","Belarus",2005,95830000
"BY","Belarus",2006,29490000
"BY","Belarus",2007,28820000
"BY","Belarus",2008,73380000
"BY","Belarus",2009,295620000
"BY","Belarus",2010,117660000
"BY","Belarus",2011,116220000
"BY","Belarus",2012,384700000
"BY","Belarus",2013,381550000
"BZ","Belize",2000,35970000
"BZ","Belize",2001,51900000
"BZ","Belize",2002,40930000
"BZ","Belize",2003,34010000
"BZ","Belize",2004,24180000
"BZ","Belize",2005,9020000
"BZ","Belize",2006,29290000
"BZ","Belize",2007,38740000
"BZ","Belize",2008,16540000
"BZ","Belize",2009,28280000
"BZ","Belize",2010,18800000
"BZ","Belize",2011,16930000
"BZ","Belize",2012,19640000
"BZ","Belize",2013,20940000
"BJ","Benin",2000,16380000
"BJ","Benin",2001,270000
"BJ","Benin",2002,7610000
"BJ","Benin",2003,2320000
"BJ","Benin",2004,980000
"BJ","Benin",2005,70000
"BJ","Benin",2006,1180000
"BJ","Benin",2007,0
"BJ","Benin",2008,8350000
"BJ","Benin",2009,1890000
"BJ","Benin",2010,5130000
"BJ","Benin",2011,1110000
"BJ","Benin",2012,3600000
"BJ","Benin",2013,6440000
"BM","Bermuda",2000,0
"BM","Bermuda",2001,0
"BM","Bermuda",2002,0
"BM","Bermuda",2003,0
"BM","Bermuda",2004,0
"BM","Bermuda",2005,0
"BM","Bermuda",2006,0
"BM","Bermuda",2007,0
"BM","Bermuda",2008,0
"BM","Bermuda",2009,0
"BM","Bermuda",2010,0
"BM","Bermuda",2011,0
"BM","Bermuda",2012,0
"BM","Bermuda",2013,0
"BT","Bhutan",2000,0
"BT","Bhutan",2001,0
"BT","Bhutan",2002,22350000
"BT","Bhutan",2003,18010000
"BT","Bhutan",2004,18550000
"BT","Bhutan",2005,1740000
"BT","Bhutan",2006,0
"BT","Bhutan",2007,0
"BT","Bhutan",2008,0
"BT","Bhutan",2009,8450000
"BT","Bhutan",2010,21830000
"BT","Bhutan",2011,14730000
"BT","Bhutan",2012,5950000
"BT","Bhutan",2013,870000
"bilateral-unspecified","Bilateral, unspecified",2000,582190000
"bilateral-unspecified","Bilateral, unspecified",2001,590190000
"bilateral-unspecified","Bilateral, unspecified",2002,1848090000
"bilateral-unspecified","Bilateral, unspecified",2003,2396290000
"bilateral-unspecified","Bilateral, unspecified",2004,1444500000
"bilateral-unspecified","Bilateral, unspecified",2005,552130000
"bilateral-unspecified","Bilateral, unspecified",2006,651010000
"bilateral-unspecified","Bilateral, unspecified",2007,717390000
"bilateral-unspecified","Bilateral, unspecified",2008,851010000
"bilateral-unspecified","Bilateral, unspecified",2009,6195200000
"bilateral-unspecified","Bilateral, unspecified",2010,1083010000
"bilateral-unspecified","Bilateral, unspecified",2011,2993960000
"bilateral-unspecified","Bilateral, unspecified",2012,1.922e+09
"bilateral-unspecified","Bilateral, unspecified",2013,3673960000
"BO","Bolivia ",2000,110620000
"BO","Bolivia ",2001,65360000
"BO","Bolivia ",2002,37610000
"BO","Bolivia ",2003,145680000
"BO","Bolivia ",2004,36040000
"BO","Bolivia ",2005,96690000
"BO","Bolivia ",2006,13760000
"BO","Bolivia ",2007,63360000
"BO","Bolivia ",2008,165570000
"BO","Bolivia ",2009,14820000
"BO","Bolivia ",2010,192450000
"BO","Bolivia ",2011,4550000
"BO","Bolivia ",2012,5710000
"BO","Bolivia ",2013,7290000
"BA","Bosnia and Herzegovina",2000,234780000
"BA","Bosnia and Herzegovina",2001,64770000
"BA","Bosnia and Herzegovina",2002,100520000
"BA","Bosnia and Herzegovina",2003,118770000
"BA","Bosnia and Herzegovina",2004,159800000
"BA","Bosnia and Herzegovina",2005,116950000
"BA","Bosnia and Herzegovina",2006,212750000
"BA","Bosnia and Herzegovina",2007,320360000
"BA","Bosnia and Herzegovina",2008,351800000
"BA","Bosnia and Herzegovina",2009,366430000
"BA","Bosnia and Herzegovina",2010,421390000
"BA","Bosnia and Herzegovina",2011,186300000
"BA","Bosnia and Herzegovina",2012,218340000
"BA","Bosnia and Herzegovina",2013,330850000
"BW","Botswana",2000,41800000
"BW","Botswana",2001,0
"BW","Botswana",2002,0
"BW","Botswana",2003,8020000
"BW","Botswana",2004,1960000
"BW","Botswana",2005,33030000
"BW","Botswana",2006,10850000
"BW","Botswana",2007,6230000
"BW","Botswana",2008,27090000
"BW","Botswana",2009,1023150000
"BW","Botswana",2010,6740000
"BW","Botswana",2011,589990000
"BW","Botswana",2012,62580000
"BW","Botswana",2013,27580000
"BR","Brazil",2000,8652280000
"BR","Brazil",2001,7597390000
"BR","Brazil",2002,7278860000
"BR","Brazil",2003,6655460000
"BR","Brazil",2004,3458050000
"BR","Brazil",2005,4466260000
"BR","Brazil",2006,7057800000
"BR","Brazil",2007,4.292e+09
"BR","Brazil",2008,4782790000
"BR","Brazil",2009,7216030000
"BR","Brazil",2010,8746220000
"BR","Brazil",2011,6042930000
"BR","Brazil",2012,6610520000
"BR","Brazil",2013,6746310000
"BN","Brunei",2000,0
"BN","Brunei",2001,0
"BN","Brunei",2002,0
"BN","Brunei",2003,0
"BN","Brunei",2004,0
"BN","Brunei",2005,0
"BN","Brunei",2006,0
"BN","Brunei",2007,0
"BN","Brunei",2008,0
"BN","Brunei",2009,0
"BN","Brunei",2010,0
"BN","Brunei",2011,0
"BN","Brunei",2012,0
"BN","Brunei",2013,0
"BF","Burkina Faso",2000,8920000
"BF","Burkina Faso",2001,60000
"BF","Burkina Faso",2002,0
"BF","Burkina Faso",2003,7060000
"BF","Burkina Faso",2004,10000
"BF","Burkina Faso",2005,1430000
"BF","Burkina Faso",2006,1160000
"BF","Burkina Faso",2007,6660000
"BF","Burkina Faso",2008,23660000
"BF","Burkina Faso",2009,1600000
"BF","Burkina Faso",2010,40670000
"BF","Burkina Faso",2011,2280000
"BF","Burkina Faso",2012,1700000
"BF","Burkina Faso",2013,2580000
"BI","Burundi",2000,0
"BI","Burundi",2001,730000
"BI","Burundi",2002,0
"BI","Burundi",2003,0
"BI","Burundi",2004,0
"BI","Burundi",2005,0
"BI","Burundi",2006,0
"BI","Burundi",2007,0
"BI","Burundi",2008,0
"BI","Burundi",2009,0
"BI","Burundi",2010,0
"BI","Burundi",2011,0
"BI","Burundi",2012,10000
"BI","Burundi",2013,3930000
"CI","Côte d'Ivoire",2000,65720000
"CI","Côte d'Ivoire",2001,31240000
"CI","Côte d'Ivoire",2002,686140000
"CI","Côte d'Ivoire",2003,59300000
"CI","Côte d'Ivoire",2004,23840000
"CI","Côte d'Ivoire",2005,0
"CI","Côte d'Ivoire",2006,0
"CI","Côte d'Ivoire",2007,0
"CI","Côte d'Ivoire",2008,244560000
"CI","Côte d'Ivoire",2009,167620000
"CI","Côte d'Ivoire",2010,52200000
"CI","Côte d'Ivoire",2011,19450000
"CI","Côte d'Ivoire",2012,51380000
"CI","Côte d'Ivoire",2013,86510000
"KH","Cambodia",2000,730000
"KH","Cambodia",2001,730000
"KH","Cambodia",2002,5500000
"KH","Cambodia",2003,1600000
"KH","Cambodia",2004,7750000
"KH","Cambodia",2005,24970000
"KH","Cambodia",2006,9020000
"KH","Cambodia",2007,5420000
"KH","Cambodia",2008,39210000
"KH","Cambodia",2009,38610000
"KH","Cambodia",2010,9200000
"KH","Cambodia",2011,35920000
"KH","Cambodia",2012,67480000
"KH","Cambodia",2013,123540000
"CM","Cameroon",2000,135030000
"CM","Cameroon",2001,87010000
"CM","Cameroon",2002,636900000
"CM","Cameroon",2003,141210000
"CM","Cameroon",2004,28270000
"CM","Cameroon",2005,141540000
"CM","Cameroon",2006,80100000
"CM","Cameroon",2007,115500000
"CM","Cameroon",2008,2130000
"CM","Cameroon",2009,143890000
"CM","Cameroon",2010,77020000
"CM","Cameroon",2011,68530000
"CM","Cameroon",2012,107890000
"CM","Cameroon",2013,46070000
"CV","Cape Verde",2000,0
"CV","Cape Verde",2001,70000
"CV","Cape Verde",2002,0
"CV","Cape Verde",2003,-2e+05
"CV","Cape Verde",2004,0
"CV","Cape Verde",2005,7860000
"CV","Cape Verde",2006,0
"CV","Cape Verde",2007,0
"CV","Cape Verde",2008,6100000
"CV","Cape Verde",2009,40610000
"CV","Cape Verde",2010,29400000
"CV","Cape Verde",2011,90360000
"CV","Cape Verde",2012,16860000
"CV","Cape Verde",2013,43400000
"CF","CAR",2000,1490000
"CF","CAR",2001,1790000
"CF","CAR",2002,0
"CF","CAR",2003,0
"CF","CAR",2004,0
"CF","CAR",2005,0
"CF","CAR",2006,68490000
"CF","CAR",2007,0
"CF","CAR",2008,3530000
"CF","CAR",2009,0
"CF","CAR",2010,0
"CF","CAR",2011,3080000
"CF","CAR",2012,0
"CF","CAR",2013,0
"KY","Cayman Islands",2000,0
"KY","Cayman Islands",2001,0
"KY","Cayman Islands",2002,0
"KY","Cayman Islands",2003,0
"KY","Cayman Islands",2004,0
"KY","Cayman Islands",2005,0
"KY","Cayman Islands",2006,0
"KY","Cayman Islands",2007,0
"KY","Cayman Islands",2008,0
"KY","Cayman Islands",2009,0
"KY","Cayman Islands",2010,0
"KY","Cayman Islands",2011,0
"KY","Cayman Islands",2012,0
"KY","Cayman Islands",2013,0
"central-asia","Central Asia, regional",2000,0
"central-asia","Central Asia, regional",2001,0
"central-asia","Central Asia, regional",2002,0
"central-asia","Central Asia, regional",2003,0
"central-asia","Central Asia, regional",2004,0
"central-asia","Central Asia, regional",2005,0
"central-asia","Central Asia, regional",2006,0
"central-asia","Central Asia, regional",2007,880000
"central-asia","Central Asia, regional",2008,0
"central-asia","Central Asia, regional",2009,0
"central-asia","Central Asia, regional",2010,0
"central-asia","Central Asia, regional",2011,29280000
"central-asia","Central Asia, regional",2012,4.5e+07
"central-asia","Central Asia, regional",2013,0
"TD","Chad",2000,0
"TD","Chad",2001,1.7e+07
"TD","Chad",2002,13300000
"TD","Chad",2003,40320000
"TD","Chad",2004,8800000
"TD","Chad",2005,640000
"TD","Chad",2006,0
"TD","Chad",2007,11030000
"TD","Chad",2008,4040000
"TD","Chad",2009,0
"TD","Chad",2010,45420000
"TD","Chad",2011,20510000
"TD","Chad",2012,36230000
"TD","Chad",2013,470000
"CL","Chile",2000,271550000
"CL","Chile",2001,703780000
"CL","Chile",2002,406660000
"CL","Chile",2003,504300000
"CL","Chile",2004,806800000
"CL","Chile",2005,467400000
"CL","Chile",2006,366430000
"CL","Chile",2007,288930000
"CL","Chile",2008,1057750000
"CL","Chile",2009,1880990000
"CL","Chile",2010,1673020000
"CL","Chile",2011,1000660000
"CL","Chile",2012,6655090000
"CL","Chile",2013,2227760000
"CN","China",2000,5808090000
"CN","China",2001,6261190000
"CN","China",2002,5147290000
"CN","China",2003,4226530000
"CN","China",2004,4185360000
"CN","China",2005,3446270000
"CN","China",2006,3898130000
"CN","China",2007,3992060000
"CN","China",2008,4562650000
"CN","China",2009,4499590000
"CN","China",2010,5555020000
"CN","China",2011,5136080000
"CN","China",2012,4762320000
"CN","China",2013,5324320000
"CO","Colombia",2000,907920000
"CO","Colombia",2001,1956280000
"CO","Colombia",2002,1308240000
"CO","Colombia",2003,4041820000
"CO","Colombia",2004,978450000
"CO","Colombia",2005,1268080000
"CO","Colombia",2006,2191430000
"CO","Colombia",2007,1879860000
"CO","Colombia",2008,2105930000
"CO","Colombia",2009,2624550000
"CO","Colombia",2010,2226750000
"CO","Colombia",2011,1192430000
"CO","Colombia",2012,3595070000
"CO","Colombia",2013,2607720000
"KM","Comoros",2000,0
"KM","Comoros",2001,0
"KM","Comoros",2002,0
"KM","Comoros",2003,0
"KM","Comoros",2004,0
"KM","Comoros",2005,0
"KM","Comoros",2006,0
"KM","Comoros",2007,0
"KM","Comoros",2008,0
"KM","Comoros",2009,0
"KM","Comoros",2010,2640000
"KM","Comoros",2011,0
"KM","Comoros",2012,0
"KM","Comoros",2013,0
"CG","Congo",2000,0
"CG","Congo",2001,0
"CG","Congo",2002,19300000
"CG","Congo",2003,464360000
"CG","Congo",2004,0
"CG","Congo",2005,1246770000
"CG","Congo",2006,2840000
"CG","Congo",2007,16410000
"CG","Congo",2008,0
"CG","Congo",2009,2110000
"CG","Congo",2010,650000
"CG","Congo",2011,0
"CG","Congo",2012,2180000
"CG","Congo",2013,60000
"CK","Cook Islands",2000,0
"CK","Cook Islands",2001,0
"CK","Cook Islands",2002,0
"CK","Cook Islands",2003,0
"CK","Cook Islands",2004,0
"CK","Cook Islands",2005,0
"CK","Cook Islands",2006,10550000
"CK","Cook Islands",2007,0
"CK","Cook Islands",2008,80000
"CK","Cook Islands",2009,10000
"CK","Cook Islands",2010,10400000
"CK","Cook Islands",2011,5460000
"CK","Cook Islands",2012,7270000
"CK","Cook Islands",2013,6090000
"CR","Costa Rica",2000,132330000
"CR","Costa Rica",2001,99080000
"CR","Costa Rica",2002,123400000
"CR","Costa Rica",2003,167430000
"CR","Costa Rica",2004,153160000
"CR","Costa Rica",2005,122750000
"CR","Costa Rica",2006,46180000
"CR","Costa Rica",2007,43500000
"CR","Costa Rica",2008,228690000
"CR","Costa Rica",2009,117290000
"CR","Costa Rica",2010,610500000
"CR","Costa Rica",2011,310010000
"CR","Costa Rica",2012,211640000
"CR","Costa Rica",2013,260160000
"HR","Croatia",2000,287410000
"HR","Croatia",2001,298670000
"HR","Croatia",2002,594050000
"HR","Croatia",2003,622570000
"HR","Croatia",2004,592080000
"HR","Croatia",2005,368430000
"HR","Croatia",2006,786480000
"HR","Croatia",2007,445470000
"HR","Croatia",2008,727940000
"HR","Croatia",2009,885470000
"HR","Croatia",2010,1467570000
"HR","Croatia",2011,0
"HR","Croatia",2012,0
"HR","Croatia",2013,0
"CU","Cuba",2000,22170000
"CU","Cuba",2001,58680000
"CU","Cuba",2002,18120000
"CU","Cuba",2003,8230000
"CU","Cuba",2004,5280000
"CU","Cuba",2005,29060000
"CU","Cuba",2006,990000
"CU","Cuba",2007,16920000
"CU","Cuba",2008,0
"CU","Cuba",2009,0
"CU","Cuba",2010,0
"CU","Cuba",2011,2500000
"CU","Cuba",2012,0
"CU","Cuba",2013,0
"CY","Cyprus",2000,0
"CY","Cyprus",2001,0
"CY","Cyprus",2002,0
"CY","Cyprus",2003,0
"CY","Cyprus",2004,0
"CY","Cyprus",2005,0
"CY","Cyprus",2006,0
"CY","Cyprus",2007,0
"CY","Cyprus",2008,0
"CY","Cyprus",2009,0
"CY","Cyprus",2010,0
"CY","Cyprus",2011,0
"CY","Cyprus",2012,0
"CY","Cyprus",2013,0
"DJ","Djibouti",2000,0
"DJ","Djibouti",2001,0
"DJ","Djibouti",2002,0
"DJ","Djibouti",2003,1190000
"DJ","Djibouti",2004,0
"DJ","Djibouti",2005,0
"DJ","Djibouti",2006,16050000
"DJ","Djibouti",2007,0
"DJ","Djibouti",2008,1920000
"DJ","Djibouti",2009,118340000
"DJ","Djibouti",2010,35360000
"DJ","Djibouti",2011,16140000
"DJ","Djibouti",2012,270000
"DJ","Djibouti",2013,340000
"DM","Dominica",2000,5680000
"DM","Dominica",2001,4960000
"DM","Dominica",2002,37700000
"DM","Dominica",2003,5820000
"DM","Dominica",2004,6430000
"DM","Dominica",2005,6010000
"DM","Dominica",2006,1390000
"DM","Dominica",2007,920000
"DM","Dominica",2008,1070000
"DM","Dominica",2009,120000
"DM","Dominica",2010,3450000
"DM","Dominica",2011,5410000
"DM","Dominica",2012,5540000
"DM","Dominica",2013,5280000
"DO","Dominican Republic",2000,168990000
"DO","Dominican Republic",2001,328130000
"DO","Dominican Republic",2002,490490000
"DO","Dominican Republic",2003,409900000
"DO","Dominican Republic",2004,526440000
"DO","Dominican Republic",2005,400440000
"DO","Dominican Republic",2006,374350000
"DO","Dominican Republic",2007,274040000
"DO","Dominican Republic",2008,280400000
"DO","Dominican Republic",2009,908040000
"DO","Dominican Republic",2010,1302750000
"DO","Dominican Republic",2011,664550000
"DO","Dominican Republic",2012,261370000
"DO","Dominican Republic",2013,798200000
"CD","DRC",2000,0
"CD","DRC",2001,0
"CD","DRC",2002,10640000
"CD","DRC",2003,4614900000
"CD","DRC",2004,145810000
"CD","DRC",2005,101020000
"CD","DRC",2006,20960000
"CD","DRC",2007,0
"CD","DRC",2008,76280000
"CD","DRC",2009,10490000
"CD","DRC",2010,20190000
"CD","DRC",2011,284330000
"CD","DRC",2012,44390000
"CD","DRC",2013,9360000
"EC","Ecuador",2000,460130000
"EC","Ecuador",2001,448600000
"EC","Ecuador",2002,697080000
"EC","Ecuador",2003,435470000
"EC","Ecuador",2004,145350000
"EC","Ecuador",2005,109930000
"EC","Ecuador",2006,265020000
"EC","Ecuador",2007,309740000
"EC","Ecuador",2008,227810000
"EC","Ecuador",2009,295250000
"EC","Ecuador",2010,193130000
"EC","Ecuador",2011,482880000
"EC","Ecuador",2012,430510000
"EC","Ecuador",2013,431540000
"EG","Egypt",2000,402140000
"EG","Egypt",2001,584760000
"EG","Egypt",2002,658650000
"EG","Egypt",2003,832050000
"EG","Egypt",2004,952510000
"EG","Egypt",2005,1623480000
"EG","Egypt",2006,675380000
"EG","Egypt",2007,2253470000
"EG","Egypt",2008,1067700000
"EG","Egypt",2009,1664940000
"EG","Egypt",2010,1667180000
"EG","Egypt",2011,1052960000
"EG","Egypt",2012,1040030000
"EG","Egypt",2013,971660000
"SV","El Salvador",2000,256240000
"SV","El Salvador",2001,453430000
"SV","El Salvador",2002,316720000
"SV","El Salvador",2003,261850000
"SV","El Salvador",2004,166590000
"SV","El Salvador",2005,302900000
"SV","El Salvador",2006,174210000
"SV","El Salvador",2007,185370000
"SV","El Salvador",2008,405740000
"SV","El Salvador",2009,783920000
"SV","El Salvador",2010,574960000
"SV","El Salvador",2011,367380000
"SV","El Salvador",2012,334360000
"SV","El Salvador",2013,266420000
"GQ","Equatorial Guinea",2000,0
"GQ","Equatorial Guinea",2001,0
"GQ","Equatorial Guinea",2002,0
"GQ","Equatorial Guinea",2003,0
"GQ","Equatorial Guinea",2004,0
"GQ","Equatorial Guinea",2005,19450000
"GQ","Equatorial Guinea",2006,258530000
"GQ","Equatorial Guinea",2007,36030000
"GQ","Equatorial Guinea",2008,0
"GQ","Equatorial Guinea",2009,0
"GQ","Equatorial Guinea",2010,17590000
"GQ","Equatorial Guinea",2011,38010000
"GQ","Equatorial Guinea",2012,2280000
"GQ","Equatorial Guinea",2013,2860000
"ER","Eritrea",2000,80000
"ER","Eritrea",2001,30000
"ER","Eritrea",2002,50000
"ER","Eritrea",2003,0
"ER","Eritrea",2004,0
"ER","Eritrea",2005,0
"ER","Eritrea",2006,0
"ER","Eritrea",2007,0
"ER","Eritrea",2008,0
"ER","Eritrea",2009,0
"ER","Eritrea",2010,0
"ER","Eritrea",2011,0
"ER","Eritrea",2012,0
"ER","Eritrea",2013,0
"ET","Ethiopia",2000,5140000
"ET","Ethiopia",2001,560000
"ET","Ethiopia",2002,14340000
"ET","Ethiopia",2003,3e+07
"ET","Ethiopia",2004,3850000
"ET","Ethiopia",2005,2370000
"ET","Ethiopia",2006,240000
"ET","Ethiopia",2007,940000
"ET","Ethiopia",2008,23030000
"ET","Ethiopia",2009,26790000
"ET","Ethiopia",2010,188640000
"ET","Ethiopia",2011,170500000
"ET","Ethiopia",2012,97420000
"ET","Ethiopia",2013,49360000
"europe","Europe, regional",2000,4550000
"europe","Europe, regional",2001,7880000
"europe","Europe, regional",2002,86080000
"europe","Europe, regional",2003,116400000
"europe","Europe, regional",2004,443970000
"europe","Europe, regional",2005,114490000
"europe","Europe, regional",2006,74600000
"europe","Europe, regional",2007,488250000
"europe","Europe, regional",2008,483150000
"europe","Europe, regional",2009,625560000
"europe","Europe, regional",2010,159110000
"europe","Europe, regional",2011,2046150000
"europe","Europe, regional",2012,147420000
"europe","Europe, regional",2013,234930000
"FK","Falkland Islands ",2000,0
"FK","Falkland Islands ",2001,0
"FK","Falkland Islands ",2002,0
"FK","Falkland Islands ",2003,0
"FK","Falkland Islands ",2004,0
"FK","Falkland Islands ",2005,0
"FK","Falkland Islands ",2006,0
"FK","Falkland Islands ",2007,0
"FK","Falkland Islands ",2008,0
"FK","Falkland Islands ",2009,0
"FK","Falkland Islands ",2010,0
"FK","Falkland Islands ",2011,0
"FK","Falkland Islands ",2012,0
"FK","Falkland Islands ",2013,0
"east-asia","Far East Asia, regional",2000,0
"east-asia","Far East Asia, regional",2001,0
"east-asia","Far East Asia, regional",2002,24850000
"east-asia","Far East Asia, regional",2003,0
"east-asia","Far East Asia, regional",2004,0
"east-asia","Far East Asia, regional",2005,115180000
"east-asia","Far East Asia, regional",2006,0
"east-asia","Far East Asia, regional",2007,0
"east-asia","Far East Asia, regional",2008,0
"east-asia","Far East Asia, regional",2009,0
"east-asia","Far East Asia, regional",2010,12190000
"east-asia","Far East Asia, regional",2011,230790000
"east-asia","Far East Asia, regional",2012,100020000
"east-asia","Far East Asia, regional",2013,63140000
"FJ","Fiji",2000,9560000
"FJ","Fiji",2001,8200000
"FJ","Fiji",2002,9030000
"FJ","Fiji",2003,11730000
"FJ","Fiji",2004,15170000
"FJ","Fiji",2005,21140000
"FJ","Fiji",2006,15500000
"FJ","Fiji",2007,16830000
"FJ","Fiji",2008,36130000
"FJ","Fiji",2009,10690000
"FJ","Fiji",2010,23730000
"FJ","Fiji",2011,28050000
"FJ","Fiji",2012,28240000
"FJ","Fiji",2013,19430000
"PF","French Polynesia",2000,0
"PF","French Polynesia",2001,0
"PF","French Polynesia",2002,0
"PF","French Polynesia",2003,0
"PF","French Polynesia",2004,0
"PF","French Polynesia",2005,0
"PF","French Polynesia",2006,0
"PF","French Polynesia",2007,0
"PF","French Polynesia",2008,0
"PF","French Polynesia",2009,0
"PF","French Polynesia",2010,0
"PF","French Polynesia",2011,0
"PF","French Polynesia",2012,0
"PF","French Polynesia",2013,0
"GA","Gabon",2000,35200000
"GA","Gabon",2001,291460000
"GA","Gabon",2002,76450000
"GA","Gabon",2003,74260000
"GA","Gabon",2004,130800000
"GA","Gabon",2005,348360000
"GA","Gabon",2006,46640000
"GA","Gabon",2007,6420000
"GA","Gabon",2008,30570000
"GA","Gabon",2009,75920000
"GA","Gabon",2010,49550000
"GA","Gabon",2011,169580000
"GA","Gabon",2012,98820000
"GA","Gabon",2013,103160000
"GM","Gambia",2000,0
"GM","Gambia",2001,170000
"GM","Gambia",2002,120000
"GM","Gambia",2003,11040000
"GM","Gambia",2004,0
"GM","Gambia",2005,0
"GM","Gambia",2006,0
"GM","Gambia",2007,970000
"GM","Gambia",2008,0
"GM","Gambia",2009,14650000
"GM","Gambia",2010,12440000
"GM","Gambia",2011,14510000
"GM","Gambia",2012,850000
"GM","Gambia",2013,14490000
"GE","Georgia",2000,104360000
"GE","Georgia",2001,83110000
"GE","Georgia",2002,65100000
"GE","Georgia",2003,48610000
"GE","Georgia",2004,50760000
"GE","Georgia",2005,150510000
"GE","Georgia",2006,80480000
"GE","Georgia",2007,176790000
"GE","Georgia",2008,235130000
"GE","Georgia",2009,484040000
"GE","Georgia",2010,379750000
"GE","Georgia",2011,474440000
"GE","Georgia",2012,367930000
"GE","Georgia",2013,243670000
"GH","Ghana",2000,38510000
"GH","Ghana",2001,87810000
"GH","Ghana",2002,4.5e+07
"GH","Ghana",2003,82270000
"GH","Ghana",2004,29870000
"GH","Ghana",2005,29130000
"GH","Ghana",2006,68150000
"GH","Ghana",2007,120470000
"GH","Ghana",2008,184880000
"GH","Ghana",2009,397690000
"GH","Ghana",2010,210460000
"GH","Ghana",2011,361030000
"GH","Ghana",2012,321220000
"GH","Ghana",2013,396980000
"GI","Gibraltar",2000,0
"GI","Gibraltar",2001,0
"GI","Gibraltar",2002,0
"GI","Gibraltar",2003,0
"GI","Gibraltar",2004,0
"GI","Gibraltar",2005,0
"GI","Gibraltar",2006,0
"GI","Gibraltar",2007,0
"GI","Gibraltar",2008,0
"GI","Gibraltar",2009,0
"GI","Gibraltar",2010,0
"GI","Gibraltar",2011,0
"GI","Gibraltar",2012,0
"GI","Gibraltar",2013,0
"GD","Grenada",2000,6290000
"GD","Grenada",2001,7260000
"GD","Grenada",2002,9560000
"GD","Grenada",2003,11740000
"GD","Grenada",2004,9200000
"GD","Grenada",2005,13560000
"GD","Grenada",2006,11810000
"GD","Grenada",2007,7370000
"GD","Grenada",2008,3890000
"GD","Grenada",2009,7250000
"GD","Grenada",2010,8780000
"GD","Grenada",2011,2130000
"GD","Grenada",2012,1890000
"GD","Grenada",2013,2470000
"GT","Guatemala",2000,235420000
"GT","Guatemala",2001,234820000
"GT","Guatemala",2002,412570000
"GT","Guatemala",2003,163990000
"GT","Guatemala",2004,279810000
"GT","Guatemala",2005,98140000
"GT","Guatemala",2006,401450000
"GT","Guatemala",2007,402880000
"GT","Guatemala",2008,300310000
"GT","Guatemala",2009,817150000
"GT","Guatemala",2010,791460000
"GT","Guatemala",2011,278220000
"GT","Guatemala",2012,228140000
"GT","Guatemala",2013,571460000
"GN","Guinea",2000,9870000
"GN","Guinea",2001,2110000
"GN","Guinea",2002,2270000
"GN","Guinea",2003,7360000
"GN","Guinea",2004,0
"GN","Guinea",2005,0
"GN","Guinea",2006,1160000
"GN","Guinea",2007,0
"GN","Guinea",2008,2660000
"GN","Guinea",2009,3150000
"GN","Guinea",2010,19130000
"GN","Guinea",2011,0
"GN","Guinea",2012,132150000
"GN","Guinea",2013,3060000
"GW","Guinea-Bissau",2000,540000
"GW","Guinea-Bissau",2001,0
"GW","Guinea-Bissau",2002,6680000
"GW","Guinea-Bissau",2003,-2470000
"GW","Guinea-Bissau",2004,1970000
"GW","Guinea-Bissau",2005,0
"GW","Guinea-Bissau",2006,0
"GW","Guinea-Bissau",2007,0
"GW","Guinea-Bissau",2008,0
"GW","Guinea-Bissau",2009,0
"GW","Guinea-Bissau",2010,0
"GW","Guinea-Bissau",2011,0
"GW","Guinea-Bissau",2012,0
"GW","Guinea-Bissau",2013,4380000
"GY","Guyana",2000,290000
"GY","Guyana",2001,410000
"GY","Guyana",2002,9120000
"GY","Guyana",2003,1810000
"GY","Guyana",2004,9260000
"GY","Guyana",2005,9280000
"GY","Guyana",2006,6530000
"GY","Guyana",2007,4940000
"GY","Guyana",2008,8330000
"GY","Guyana",2009,5220000
"GY","Guyana",2010,1480000
"GY","Guyana",2011,1550000
"GY","Guyana",2012,2570000
"GY","Guyana",2013,1120000
"HT","Haiti",2000,0
"HT","Haiti",2001,0
"HT","Haiti",2002,0
"HT","Haiti",2003,0
"HT","Haiti",2004,0
"HT","Haiti",2005,0
"HT","Haiti",2006,63630000
"HT","Haiti",2007,6080000
"HT","Haiti",2008,20000
"HT","Haiti",2009,7360000
"HT","Haiti",2010,16080000
"HT","Haiti",2011,31130000
"HT","Haiti",2012,9720000
"HT","Haiti",2013,6740000
"HN","Honduras",2000,83190000
"HN","Honduras",2001,9060000
"HN","Honduras",2002,13600000
"HN","Honduras",2003,3280000
"HN","Honduras",2004,50910000
"HN","Honduras",2005,14950000
"HN","Honduras",2006,36680000
"HN","Honduras",2007,7470000
"HN","Honduras",2008,142470000
"HN","Honduras",2009,67500000
"HN","Honduras",2010,31940000
"HN","Honduras",2011,151820000
"HN","Honduras",2012,95730000
"HN","Honduras",2013,160060000
"IN","India",2000,2306420000
"IN","India",2001,1762600000
"IN","India",2002,2499390000
"IN","India",2003,2486260000
"IN","India",2004,2090470000
"IN","India",2005,2478290000
"IN","India",2006,3377280000
"IN","India",2007,4108860000
"IN","India",2008,3950250000
"IN","India",2009,4864190000
"IN","India",2010,7026660000
"IN","India",2011,4371320000
"IN","India",2012,4714010000
"IN","India",2013,3947470000
"ID","Indonesia",2000,4290520000
"ID","Indonesia",2001,3656970000
"ID","Indonesia",2002,3370030000
"ID","Indonesia",2003,3224270000
"ID","Indonesia",2004,2896220000
"ID","Indonesia",2005,3079640000
"ID","Indonesia",2006,5261360000
"ID","Indonesia",2007,3333130000
"ID","Indonesia",2008,3624180000
"ID","Indonesia",2009,4038690000
"ID","Indonesia",2010,5654470000
"ID","Indonesia",2011,3637810000
"ID","Indonesia",2012,4121510000
"ID","Indonesia",2013,3845120000
"IR","Iran",2000,604180000
"IR","Iran",2001,1390960000
"IR","Iran",2002,1395280000
"IR","Iran",2003,1687240000
"IR","Iran",2004,2062670000
"IR","Iran",2005,1286630000
"IR","Iran",2006,997630000
"IR","Iran",2007,571100000
"IR","Iran",2008,780700000
"IR","Iran",2009,316900000
"IR","Iran",2010,236360000
"IR","Iran",2011,227790000
"IR","Iran",2012,161480000
"IR","Iran",2013,7100000
"IQ","Iraq",2000,0
"IQ","Iraq",2001,62890000
"IQ","Iraq",2002,0
"IQ","Iraq",2003,0
"IQ","Iraq",2004,2630000
"IQ","Iraq",2005,9242560000
"IQ","Iraq",2006,119970000
"IQ","Iraq",2007,269160000
"IQ","Iraq",2008,3151150000
"IQ","Iraq",2009,49840000
"IQ","Iraq",2010,329610000
"IQ","Iraq",2011,369620000
"IQ","Iraq",2012,208610000
"IQ","Iraq",2013,139710000
"IL","Israel",2000,0
"IL","Israel",2001,0
"IL","Israel",2002,0
"IL","Israel",2003,0
"IL","Israel",2004,0
"IL","Israel",2005,0
"IL","Israel",2006,0
"IL","Israel",2007,0
"IL","Israel",2008,0
"IL","Israel",2009,0
"IL","Israel",2010,0
"IL","Israel",2011,0
"IL","Israel",2012,0
"IL","Israel",2013,0
"JM","Jamaica",2000,380820000
"JM","Jamaica",2001,241900000
"JM","Jamaica",2002,386470000
"JM","Jamaica",2003,198150000
"JM","Jamaica",2004,160690000
"JM","Jamaica",2005,70460000
"JM","Jamaica",2006,205200000
"JM","Jamaica",2007,118620000
"JM","Jamaica",2008,216170000
"JM","Jamaica",2009,322120000
"JM","Jamaica",2010,1021200000
"JM","Jamaica",2011,476070000
"JM","Jamaica",2012,171770000
"JM","Jamaica",2013,278700000
"JO","Jordan",2000,166220000
"JO","Jordan",2001,266920000
"JO","Jordan",2002,404460000
"JO","Jordan",2003,532760000
"JO","Jordan",2004,76540000
"JO","Jordan",2005,249330000
"JO","Jordan",2006,115320000
"JO","Jordan",2007,215070000
"JO","Jordan",2008,305880000
"JO","Jordan",2009,669120000
"JO","Jordan",2010,508340000
"JO","Jordan",2011,178930000
"JO","Jordan",2012,617620000
"JO","Jordan",2013,593080000
"KZ","Kazakhstan",2000,289640000
"KZ","Kazakhstan",2001,473590000
"KZ","Kazakhstan",2002,568130000
"KZ","Kazakhstan",2003,712240000
"KZ","Kazakhstan",2004,744670000
"KZ","Kazakhstan",2005,802960000
"KZ","Kazakhstan",2006,835160000
"KZ","Kazakhstan",2007,1556170000
"KZ","Kazakhstan",2008,958300000
"KZ","Kazakhstan",2009,1299770000
"KZ","Kazakhstan",2010,2800360000
"KZ","Kazakhstan",2011,1708570000
"KZ","Kazakhstan",2012,1159270000
"KZ","Kazakhstan",2013,1855540000
"KE","Kenya",2000,91920000
"KE","Kenya",2001,116200000
"KE","Kenya",2002,57110000
"KE","Kenya",2003,8810000
"KE","Kenya",2004,29470000
"KE","Kenya",2005,65880000
"KE","Kenya",2006,56950000
"KE","Kenya",2007,41550000
"KE","Kenya",2008,97980000
"KE","Kenya",2009,157640000
"KE","Kenya",2010,110830000
"KE","Kenya",2011,487930000
"KE","Kenya",2012,263690000
"KE","Kenya",2013,350940000
"KI","Kiribati",2000,0
"KI","Kiribati",2001,0
"KI","Kiribati",2002,240000
"KI","Kiribati",2003,0
"KI","Kiribati",2004,410000
"KI","Kiribati",2005,410000
"KI","Kiribati",2006,880000
"KI","Kiribati",2007,590000
"KI","Kiribati",2008,640000
"KI","Kiribati",2009,550000
"KI","Kiribati",2010,980000
"KI","Kiribati",2011,9e+05
"KI","Kiribati",2012,840000
"KI","Kiribati",2013,640000
"XK","Kosovo",2000,0
"XK","Kosovo",2001,0
"XK","Kosovo",2002,0
"XK","Kosovo",2003,0
"XK","Kosovo",2004,0
"XK","Kosovo",2005,0
"XK","Kosovo",2006,0
"XK","Kosovo",2007,0
"XK","Kosovo",2008,0
"XK","Kosovo",2009,9340000
"XK","Kosovo",2010,16310000
"XK","Kosovo",2011,0
"XK","Kosovo",2012,1360000
"XK","Kosovo",2013,15080000
"KW","Kuwait",2000,0
"KW","Kuwait",2001,0
"KW","Kuwait",2002,0
"KW","Kuwait",2003,0
"KW","Kuwait",2004,0
"KW","Kuwait",2005,0
"KW","Kuwait",2006,0
"KW","Kuwait",2007,0
"KW","Kuwait",2008,0
"KW","Kuwait",2009,0
"KW","Kuwait",2010,0
"KW","Kuwait",2011,0
"KW","Kuwait",2012,0
"KW","Kuwait",2013,0
"KG","Kyrgyzstan",2000,21450000
"KG","Kyrgyzstan",2001,5310000
"KG","Kyrgyzstan",2002,11170000
"KG","Kyrgyzstan",2003,6240000
"KG","Kyrgyzstan",2004,8970000
"KG","Kyrgyzstan",2005,101250000
"KG","Kyrgyzstan",2006,15400000
"KG","Kyrgyzstan",2007,14950000
"KG","Kyrgyzstan",2008,26990000
"KG","Kyrgyzstan",2009,26700000
"KG","Kyrgyzstan",2010,45810000
"KG","Kyrgyzstan",2011,66620000
"KG","Kyrgyzstan",2012,11640000
"KG","Kyrgyzstan",2013,12730000
"LA","Lao",2000,410000
"LA","Lao",2001,2060000
"LA","Lao",2002,2230000
"LA","Lao",2003,0
"LA","Lao",2004,1030000
"LA","Lao",2005,71270000
"LA","Lao",2006,56940000
"LA","Lao",2007,62530000
"LA","Lao",2008,9440000
"LA","Lao",2009,12330000
"LA","Lao",2010,33520000
"LA","Lao",2011,13050000
"LA","Lao",2012,51420000
"LA","Lao",2013,14290000
"LB","Lebanon",2000,198770000
"LB","Lebanon",2001,120660000
"LB","Lebanon",2002,114360000
"LB","Lebanon",2003,875220000
"LB","Lebanon",2004,76520000
"LB","Lebanon",2005,4.8e+07
"LB","Lebanon",2006,127490000
"LB","Lebanon",2007,269360000
"LB","Lebanon",2008,254470000
"LB","Lebanon",2009,118160000
"LB","Lebanon",2010,188660000
"LB","Lebanon",2011,64200000
"LB","Lebanon",2012,115740000
"LB","Lebanon",2013,57320000
"LS","Lesotho",2000,39700000
"LS","Lesotho",2001,20520000
"LS","Lesotho",2002,5240000
"LS","Lesotho",2003,36400000
"LS","Lesotho",2004,5440000
"LS","Lesotho",2005,1e+05
"LS","Lesotho",2006,0
"LS","Lesotho",2007,-1300000
"LS","Lesotho",2008,0
"LS","Lesotho",2009,1330000
"LS","Lesotho",2010,7780000
"LS","Lesotho",2011,27990000
"LS","Lesotho",2012,19210000
"LS","Lesotho",2013,19590000
"LR","Liberia",2000,5310000
"LR","Liberia",2001,0
"LR","Liberia",2002,0
"LR","Liberia",2003,0
"LR","Liberia",2004,450300000
"LR","Liberia",2005,0
"LR","Liberia",2006,0
"LR","Liberia",2007,1800000
"LR","Liberia",2008,3900000
"LR","Liberia",2009,113940000
"LR","Liberia",2010,8170000
"LR","Liberia",2011,127450000
"LR","Liberia",2012,37510000
"LR","Liberia",2013,4720000
"LY","Libya",2000,0
"LY","Libya",2001,0
"LY","Libya",2002,0
"LY","Libya",2003,0
"LY","Libya",2004,0
"LY","Libya",2005,0
"LY","Libya",2006,0
"LY","Libya",2007,0
"LY","Libya",2008,0
"LY","Libya",2009,0
"LY","Libya",2010,0
"LY","Libya",2011,0
"LY","Libya",2012,80000
"LY","Libya",2013,110000
"MK","Macedonia",2000,72560000
"MK","Macedonia",2001,93820000
"MK","Macedonia",2002,39170000
"MK","Macedonia",2003,69270000
"MK","Macedonia",2004,111190000
"MK","Macedonia",2005,117410000
"MK","Macedonia",2006,92070000
"MK","Macedonia",2007,204760000
"MK","Macedonia",2008,192400000
"MK","Macedonia",2009,88450000
"MK","Macedonia",2010,222600000
"MK","Macedonia",2011,131270000
"MK","Macedonia",2012,79100000
"MK","Macedonia",2013,81120000
"MG","Madagascar",2000,6390000
"MG","Madagascar",2001,8170000
"MG","Madagascar",2002,5550000
"MG","Madagascar",2003,72600000
"MG","Madagascar",2004,15420000
"MG","Madagascar",2005,2460000
"MG","Madagascar",2006,2590000
"MG","Madagascar",2007,19390000
"MG","Madagascar",2008,1356140000
"MG","Madagascar",2009,895700000
"MG","Madagascar",2010,458270000
"MG","Madagascar",2011,228160000
"MG","Madagascar",2012,31250000
"MG","Madagascar",2013,2130000
"MW","Malawi",2000,14940000
"MW","Malawi",2001,2430000
"MW","Malawi",2002,5240000
"MW","Malawi",2003,-290000
"MW","Malawi",2004,5580000
"MW","Malawi",2005,230000
"MW","Malawi",2006,1990000
"MW","Malawi",2007,3210000
"MW","Malawi",2008,23560000
"MW","Malawi",2009,7760000
"MW","Malawi",2010,2750000
"MW","Malawi",2011,0
"MW","Malawi",2012,0
"MW","Malawi",2013,9990000
"MY","Malaysia",2000,476310000
"MY","Malaysia",2001,1286180000
"MY","Malaysia",2002,1143120000
"MY","Malaysia",2003,941370000
"MY","Malaysia",2004,611900000
"MY","Malaysia",2005,429580000
"MY","Malaysia",2006,456530000
"MY","Malaysia",2007,197610000
"MY","Malaysia",2008,209560000
"MY","Malaysia",2009,574610000
"MY","Malaysia",2010,510240000
"MY","Malaysia",2011,784930000
"MY","Malaysia",2012,220170000
"MY","Malaysia",2013,84910000
"MV","Maldives",2000,0
"MV","Maldives",2001,2290000
"MV","Maldives",2002,0
"MV","Maldives",2003,33320000
"MV","Maldives",2004,7050000
"MV","Maldives",2005,56920000
"MV","Maldives",2006,34800000
"MV","Maldives",2007,27160000
"MV","Maldives",2008,21660000
"MV","Maldives",2009,72960000
"MV","Maldives",2010,9170000
"MV","Maldives",2011,27040000
"MV","Maldives",2012,9130000
"MV","Maldives",2013,0
"ML","Mali",2000,350000
"ML","Mali",2001,1220000
"ML","Mali",2002,9650000
"ML","Mali",2003,1810000
"ML","Mali",2004,8e+05
"ML","Mali",2005,910000
"ML","Mali",2006,0
"ML","Mali",2007,0
"ML","Mali",2008,0
"ML","Mali",2009,12580000
"ML","Mali",2010,71770000
"ML","Mali",2011,10970000
"ML","Mali",2012,50000
"ML","Mali",2013,1e+06
"MT","Malta",2000,110000
"MT","Malta",2001,620000
"MT","Malta",2002,0
"MT","Malta",2003,0
"MT","Malta",2004,0
"MT","Malta",2005,0
"MT","Malta",2006,0
"MT","Malta",2007,0
"MT","Malta",2008,0
"MT","Malta",2009,0
"MT","Malta",2010,0
"MT","Malta",2011,0
"MT","Malta",2012,0
"MT","Malta",2013,0
"MH","Marshall Islands",2000,0
"MH","Marshall Islands",2001,3220000
"MH","Marshall Islands",2002,2280000
"MH","Marshall Islands",2003,610000
"MH","Marshall Islands",2004,0
"MH","Marshall Islands",2005,0
"MH","Marshall Islands",2006,0
"MH","Marshall Islands",2007,0
"MH","Marshall Islands",2008,250000
"MH","Marshall Islands",2009,0
"MH","Marshall Islands",2010,0
"MH","Marshall Islands",2011,0
"MH","Marshall Islands",2012,40000
"MH","Marshall Islands",2013,130000
"MR","Mauritania",2000,16950000
"MR","Mauritania",2001,0
"MR","Mauritania",2002,58300000
"MR","Mauritania",2003,13070000
"MR","Mauritania",2004,33220000
"MR","Mauritania",2005,12370000
"MR","Mauritania",2006,3e+07
"MR","Mauritania",2007,36940000
"MR","Mauritania",2008,17690000
"MR","Mauritania",2009,13400000
"MR","Mauritania",2010,83750000
"MR","Mauritania",2011,71380000
"MR","Mauritania",2012,326730000
"MR","Mauritania",2013,196420000
"MU","Mauritius",2000,7740000
"MU","Mauritius",2001,9440000
"MU","Mauritius",2002,148090000
"MU","Mauritius",2003,-160000
"MU","Mauritius",2004,17610000
"MU","Mauritius",2005,6820000
"MU","Mauritius",2006,16390000
"MU","Mauritius",2007,65640000
"MU","Mauritius",2008,81990000
"MU","Mauritius",2009,183350000
"MU","Mauritius",2010,373890000
"MU","Mauritius",2011,101050000
"MU","Mauritius",2012,120980000
"MU","Mauritius",2013,276270000
"YT","Mayotte",2000,0
"YT","Mayotte",2001,25470000
"YT","Mayotte",2002,8310000
"YT","Mayotte",2003,5200000
"YT","Mayotte",2004,0
"YT","Mayotte",2005,0
"YT","Mayotte",2006,880000
"YT","Mayotte",2007,0
"YT","Mayotte",2008,1030000
"YT","Mayotte",2009,0
"YT","Mayotte",2010,10510000
"YT","Mayotte",2011,0
"YT","Mayotte",2012,0
"YT","Mayotte",2013,0
"MX","Mexico",2000,5363370000
"MX","Mexico",2001,4028520000
"MX","Mexico",2002,4894700000
"MX","Mexico",2003,4170610000
"MX","Mexico",2004,3447250000
"MX","Mexico",2005,3493090000
"MX","Mexico",2006,4353320000
"MX","Mexico",2007,2929850000
"MX","Mexico",2008,4042100000
"MX","Mexico",2009,9499870000
"MX","Mexico",2010,7516530000
"MX","Mexico",2011,5901560000
"MX","Mexico",2012,5317240000
"MX","Mexico",2013,5567140000
"FM","Micronesia",2000,190000
"FM","Micronesia",2001,60000
"FM","Micronesia",2002,430000
"FM","Micronesia",2003,0
"FM","Micronesia",2004,9e+05
"FM","Micronesia",2005,670000
"FM","Micronesia",2006,790000
"FM","Micronesia",2007,640000
"FM","Micronesia",2008,940000
"FM","Micronesia",2009,680000
"FM","Micronesia",2010,940000
"FM","Micronesia",2011,2550000
"FM","Micronesia",2012,1590000
"FM","Micronesia",2013,650000
"middle-east","Middle East, regional",2000,0
"middle-east","Middle East, regional",2001,0
"middle-east","Middle East, regional",2002,0
"middle-east","Middle East, regional",2003,0
"middle-east","Middle East, regional",2004,0
"middle-east","Middle East, regional",2005,0
"middle-east","Middle East, regional",2006,260590000
"middle-east","Middle East, regional",2007,5350000
"middle-east","Middle East, regional",2008,9e+05
"middle-east","Middle East, regional",2009,75860000
"middle-east","Middle East, regional",2010,104840000
"middle-east","Middle East, regional",2011,396540000
"middle-east","Middle East, regional",2012,38200000
"middle-east","Middle East, regional",2013,151440000
"MD","Moldova",2000,28300000
"MD","Moldova",2001,38440000
"MD","Moldova",2002,70400000
"MD","Moldova",2003,22310000
"MD","Moldova",2004,51360000
"MD","Moldova",2005,27590000
"MD","Moldova",2006,47240000
"MD","Moldova",2007,25060000
"MD","Moldova",2008,78870000
"MD","Moldova",2009,32940000
"MD","Moldova",2010,111730000
"MD","Moldova",2011,114360000
"MD","Moldova",2012,106110000
"MD","Moldova",2013,98820000
"MN","Mongolia",2000,0
"MN","Mongolia",2001,160000
"MN","Mongolia",2002,4140000
"MN","Mongolia",2003,-330000
"MN","Mongolia",2004,9760000
"MN","Mongolia",2005,310000
"MN","Mongolia",2006,6820000
"MN","Mongolia",2007,3490000
"MN","Mongolia",2008,107060000
"MN","Mongolia",2009,63550000
"MN","Mongolia",2010,198820000
"MN","Mongolia",2011,89010000
"MN","Mongolia",2012,368910000
"MN","Mongolia",2013,279020000
"ME","Montenegro",2000,0
"ME","Montenegro",2001,0
"ME","Montenegro",2002,0
"ME","Montenegro",2003,0
"ME","Montenegro",2004,0
"ME","Montenegro",2005,0
"ME","Montenegro",2006,27760000
"ME","Montenegro",2007,4550000
"ME","Montenegro",2008,8.6e+07
"ME","Montenegro",2009,139640000
"ME","Montenegro",2010,127130000
"ME","Montenegro",2011,67860000
"ME","Montenegro",2012,173740000
"ME","Montenegro",2013,63850000
"MS","Montserrat",2000,0
"MS","Montserrat",2001,0
"MS","Montserrat",2002,0
"MS","Montserrat",2003,0
"MS","Montserrat",2004,0
"MS","Montserrat",2005,0
"MS","Montserrat",2006,0
"MS","Montserrat",2007,0
"MS","Montserrat",2008,0
"MS","Montserrat",2009,0
"MS","Montserrat",2010,0
"MS","Montserrat",2011,0
"MS","Montserrat",2012,0
"MS","Montserrat",2013,0
"MA","Morocco",2000,518240000
"MA","Morocco",2001,247560000
"MA","Morocco",2002,1062630000
"MA","Morocco",2003,505730000
"MA","Morocco",2004,548330000
"MA","Morocco",2005,1053820000
"MA","Morocco",2006,990900000
"MA","Morocco",2007,856280000
"MA","Morocco",2008,1079050000
"MA","Morocco",2009,1.375e+09
"MA","Morocco",2010,1009780000
"MA","Morocco",2011,1493450000
"MA","Morocco",2012,1144400000
"MA","Morocco",2013,2538970000
"MZ","Mozambique",2000,300800000
"MZ","Mozambique",2001,28410000
"MZ","Mozambique",2002,464980000
"MZ","Mozambique",2003,-119210000
"MZ","Mozambique",2004,150600000
"MZ","Mozambique",2005,16550000
"MZ","Mozambique",2006,56670000
"MZ","Mozambique",2007,2070050000
"MZ","Mozambique",2008,37510000
"MZ","Mozambique",2009,74100000
"MZ","Mozambique",2010,162370000
"MZ","Mozambique",2011,111410000
"MZ","Mozambique",2012,168860000
"MZ","Mozambique",2013,258880000
"MM","Myanmar",2000,44160000
"MM","Myanmar",2001,720000
"MM","Myanmar",2002,910000
"MM","Myanmar",2003,0
"MM","Myanmar",2004,2540000
"MM","Myanmar",2005,45710000
"MM","Myanmar",2006,1730000
"MM","Myanmar",2007,1280000
"MM","Myanmar",2008,970000
"MM","Myanmar",2009,2500000
"MM","Myanmar",2010,2050000
"MM","Myanmar",2011,990000
"MM","Myanmar",2012,1320000
"MM","Myanmar",2013,195450000
"NA","Namibia",2000,5490000
"NA","Namibia",2001,12420000
"NA","Namibia",2002,3300000
"NA","Namibia",2003,36200000
"NA","Namibia",2004,19560000
"NA","Namibia",2005,27680000
"NA","Namibia",2006,29800000
"NA","Namibia",2007,73790000
"NA","Namibia",2008,20400000
"NA","Namibia",2009,56320000
"NA","Namibia",2010,164290000
"NA","Namibia",2011,11710000
"NA","Namibia",2012,9940000
"NA","Namibia",2013,17160000
"NR","Nauru",2000,0
"NR","Nauru",2001,0
"NR","Nauru",2002,0
"NR","Nauru",2003,0
"NR","Nauru",2004,90000
"NR","Nauru",2005,360000
"NR","Nauru",2006,1150000
"NR","Nauru",2007,660000
"NR","Nauru",2008,290000
"NR","Nauru",2009,590000
"NR","Nauru",2010,610000
"NR","Nauru",2011,410000
"NR","Nauru",2012,550000
"NR","Nauru",2013,240000
"NP","Nepal",2000,38560000
"NP","Nepal",2001,5180000
"NP","Nepal",2002,860000
"NP","Nepal",2003,0
"NP","Nepal",2004,970000
"NP","Nepal",2005,740000
"NP","Nepal",2006,670000
"NP","Nepal",2007,620000
"NP","Nepal",2008,11380000
"NP","Nepal",2009,740000
"NP","Nepal",2010,850000
"NP","Nepal",2011,360000
"NP","Nepal",2012,4480000
"NP","Nepal",2013,9590000
"NC","New Caledonia",2000,0
"NC","New Caledonia",2001,0
"NC","New Caledonia",2002,0
"NC","New Caledonia",2003,0
"NC","New Caledonia",2004,0
"NC","New Caledonia",2005,0
"NC","New Caledonia",2006,0
"NC","New Caledonia",2007,0
"NC","New Caledonia",2008,0
"NC","New Caledonia",2009,0
"NC","New Caledonia",2010,0
"NC","New Caledonia",2011,0
"NC","New Caledonia",2012,0
"NC","New Caledonia",2013,0
"NI","Nicaragua",2000,40140000
"NI","Nicaragua",2001,291980000
"NI","Nicaragua",2002,4800000
"NI","Nicaragua",2003,189550000
"NI","Nicaragua",2004,56550000
"NI","Nicaragua",2005,1080000
"NI","Nicaragua",2006,40540000
"NI","Nicaragua",2007,28180000
"NI","Nicaragua",2008,79120000
"NI","Nicaragua",2009,5.5e+07
"NI","Nicaragua",2010,66490000
"NI","Nicaragua",2011,72250000
"NI","Nicaragua",2012,103910000
"NI","Nicaragua",2013,51690000
"NE","Niger",2000,5320000
"NE","Niger",2001,14040000
"NE","Niger",2002,3630000
"NE","Niger",2003,131300000
"NE","Niger",2004,178560000
"NE","Niger",2005,8990000
"NE","Niger",2006,12750000
"NE","Niger",2007,12240000
"NE","Niger",2008,8020000
"NE","Niger",2009,2860000
"NE","Niger",2010,31810000
"NE","Niger",2011,0
"NE","Niger",2012,2860000
"NE","Niger",2013,11400000
"NG","Nigeria",2000,148610000
"NG","Nigeria",2001,162450000
"NG","Nigeria",2002,5048970000
"NG","Nigeria",2003,1152630000
"NG","Nigeria",2004,2609520000
"NG","Nigeria",2005,4479320000
"NG","Nigeria",2006,2103430000
"NG","Nigeria",2007,525710000
"NG","Nigeria",2008,128710000
"NG","Nigeria",2009,346230000
"NG","Nigeria",2010,180780000
"NG","Nigeria",2011,702430000
"NG","Nigeria",2012,158300000
"NG","Nigeria",2013,642100000
"north-central-america","North & Central America, regional",2000,62740000
"north-central-america","North & Central America, regional",2001,51610000
"north-central-america","North & Central America, regional",2002,87490000
"north-central-america","North & Central America, regional",2003,-10430000
"north-central-america","North & Central America, regional",2004,24620000
"north-central-america","North & Central America, regional",2005,26750000
"north-central-america","North & Central America, regional",2006,33920000
"north-central-america","North & Central America, regional",2007,29680000
"north-central-america","North & Central America, regional",2008,143680000
"north-central-america","North & Central America, regional",2009,15910000
"north-central-america","North & Central America, regional",2010,23600000
"north-central-america","North & Central America, regional",2011,5248230000
"north-central-america","North & Central America, regional",2012,188460000
"north-central-america","North & Central America, regional",2013,514060000
"KP","North Korea",2000,2290000
"KP","North Korea",2001,51240000
"KP","North Korea",2002,8930000
"KP","North Korea",2003,0
"KP","North Korea",2004,3190000
"KP","North Korea",2005,1070000
"KP","North Korea",2006,2930000
"KP","North Korea",2007,1510000
"KP","North Korea",2008,2360000
"KP","North Korea",2009,5290000
"KP","North Korea",2010,1400000
"KP","North Korea",2011,43160000
"KP","North Korea",2012,2260000
"KP","North Korea",2013,3600000
"north-of-sahara","North of Sahara, regional",2000,0
"north-of-sahara","North of Sahara, regional",2001,0
"north-of-sahara","North of Sahara, regional",2002,0
"north-of-sahara","North of Sahara, regional",2003,0
"north-of-sahara","North of Sahara, regional",2004,0
"north-of-sahara","North of Sahara, regional",2005,29640000
"north-of-sahara","North of Sahara, regional",2006,0
"north-of-sahara","North of Sahara, regional",2007,0
"north-of-sahara","North of Sahara, regional",2008,11270000
"north-of-sahara","North of Sahara, regional",2009,0
"north-of-sahara","North of Sahara, regional",2010,4250000
"north-of-sahara","North of Sahara, regional",2011,2710000
"north-of-sahara","North of Sahara, regional",2012,8550000
"north-of-sahara","North of Sahara, regional",2013,10490000
"MP","Northern Mariana Islands",2000,0
"MP","Northern Mariana Islands",2001,0
"MP","Northern Mariana Islands",2002,0
"MP","Northern Mariana Islands",2003,0
"MP","Northern Mariana Islands",2004,0
"MP","Northern Mariana Islands",2005,0
"MP","Northern Mariana Islands",2006,0
"MP","Northern Mariana Islands",2007,0
"MP","Northern Mariana Islands",2008,0
"MP","Northern Mariana Islands",2009,0
"MP","Northern Mariana Islands",2010,0
"MP","Northern Mariana Islands",2011,0
"MP","Northern Mariana Islands",2012,0
"MP","Northern Mariana Islands",2013,0
"oceania","Oceania, regional",2000,0
"oceania","Oceania, regional",2001,0
"oceania","Oceania, regional",2002,4890000
"oceania","Oceania, regional",2003,4850000
"oceania","Oceania, regional",2004,6550000
"oceania","Oceania, regional",2005,6630000
"oceania","Oceania, regional",2006,7960000
"oceania","Oceania, regional",2007,9520000
"oceania","Oceania, regional",2008,42090000
"oceania","Oceania, regional",2009,15140000
"oceania","Oceania, regional",2010,9260000
"oceania","Oceania, regional",2011,396140000
"oceania","Oceania, regional",2012,9060000
"oceania","Oceania, regional",2013,8860000
"OM","Oman",2000,36870000
"OM","Oman",2001,24890000
"OM","Oman",2002,130050000
"OM","Oman",2003,91320000
"OM","Oman",2004,231860000
"OM","Oman",2005,350120000
"OM","Oman",2006,425020000
"OM","Oman",2007,650590000
"OM","Oman",2008,543640000
"OM","Oman",2009,348840000
"OM","Oman",2010,119650000
"OM","Oman",2011,0
"OM","Oman",2012,0
"OM","Oman",2013,0
"PK","Pakistan",2000,946070000
"PK","Pakistan",2001,800990000
"PK","Pakistan",2002,985270000
"PK","Pakistan",2003,403040000
"PK","Pakistan",2004,617350000
"PK","Pakistan",2005,718820000
"PK","Pakistan",2006,943730000
"PK","Pakistan",2007,967650000
"PK","Pakistan",2008,1421230000
"PK","Pakistan",2009,958840000
"PK","Pakistan",2010,761210000
"PK","Pakistan",2011,893340000
"PK","Pakistan",2012,915940000
"PK","Pakistan",2013,628200000
"PW","Palau",2000,0
"PW","Palau",2001,0
"PW","Palau",2002,0
"PW","Palau",2003,0
"PW","Palau",2004,0
"PW","Palau",2005,0
"PW","Palau",2006,0
"PW","Palau",2007,0
"PW","Palau",2008,160000
"PW","Palau",2009,0
"PW","Palau",2010,0
"PW","Palau",2011,6250000
"PW","Palau",2012,60000
"PW","Palau",2013,6430000
"PS","Palestine",2000,79390000
"PS","Palestine",2001,3390000
"PS","Palestine",2002,430000
"PS","Palestine",2003,0
"PS","Palestine",2004,5e+05
"PS","Palestine",2005,410000
"PS","Palestine",2006,470000
"PS","Palestine",2007,480000
"PS","Palestine",2008,270000
"PS","Palestine",2009,17360000
"PS","Palestine",2010,19540000
"PS","Palestine",2011,14380000
"PS","Palestine",2012,30690000
"PS","Palestine",2013,390000
"PA","Panama",2000,274700000
"PA","Panama",2001,240450000
"PA","Panama",2002,262420000
"PA","Panama",2003,221830000
"PA","Panama",2004,146930000
"PA","Panama",2005,152810000
"PA","Panama",2006,208440000
"PA","Panama",2007,230590000
"PA","Panama",2008,397370000
"PA","Panama",2009,697590000
"PA","Panama",2010,822390000
"PA","Panama",2011,631130000
"PA","Panama",2012,610160000
"PA","Panama",2013,1248150000
"PG","Papua New Guinea",2000,347820000
"PG","Papua New Guinea",2001,240630000
"PG","Papua New Guinea",2002,75560000
"PG","Papua New Guinea",2003,84600000
"PG","Papua New Guinea",2004,29080000
"PG","Papua New Guinea",2005,46900000
"PG","Papua New Guinea",2006,43650000
"PG","Papua New Guinea",2007,41420000
"PG","Papua New Guinea",2008,105360000
"PG","Papua New Guinea",2009,545060000
"PG","Papua New Guinea",2010,841880000
"PG","Papua New Guinea",2011,1652410000
"PG","Papua New Guinea",2012,918760000
"PG","Papua New Guinea",2013,1047040000
"PY","Paraguay",2000,244860000
"PY","Paraguay",2001,151220000
"PY","Paraguay",2002,118110000
"PY","Paraguay",2003,177250000
"PY","Paraguay",2004,95150000
"PY","Paraguay",2005,87820000
"PY","Paraguay",2006,132410000
"PY","Paraguay",2007,93120000
"PY","Paraguay",2008,192360000
"PY","Paraguay",2009,210260000
"PY","Paraguay",2010,327130000
"PY","Paraguay",2011,223670000
"PY","Paraguay",2012,276190000
"PY","Paraguay",2013,225760000
"PE","Peru",2000,1791040000
"PE","Peru",2001,1212460000
"PE","Peru",2002,848680000
"PE","Peru",2003,757040000
"PE","Peru",2004,971050000
"PE","Peru",2005,1146390000
"PE","Peru",2006,822520000
"PE","Peru",2007,1053890000
"PE","Peru",2008,1224930000
"PE","Peru",2009,1639760000
"PE","Peru",2010,1576640000
"PE","Peru",2011,847550000
"PE","Peru",2012,466390000
"PE","Peru",2013,534180000
"PH","Philippines",2000,1422380000
"PH","Philippines",2001,1640910000
"PH","Philippines",2002,1440640000
"PH","Philippines",2003,1120090000
"PH","Philippines",2004,623910000
"PH","Philippines",2005,879180000
"PH","Philippines",2006,1243090000
"PH","Philippines",2007,3665520000
"PH","Philippines",2008,1747720000
"PH","Philippines",2009,2024970000
"PH","Philippines",2010,808890000
"PH","Philippines",2011,1878340000
"PH","Philippines",2012,1573990000
"PH","Philippines",2013,1156560000
"QA","Qatar",2000,0
"QA","Qatar",2001,0
"QA","Qatar",2002,0
"QA","Qatar",2003,0
"QA","Qatar",2004,0
"QA","Qatar",2005,0
"QA","Qatar",2006,0
"QA","Qatar",2007,0
"QA","Qatar",2008,0
"QA","Qatar",2009,0
"QA","Qatar",2010,0
"QA","Qatar",2011,0
"QA","Qatar",2012,0
"QA","Qatar",2013,0
"RW","Rwanda",2000,4400000
"RW","Rwanda",2001,3960000
"RW","Rwanda",2002,1760000
"RW","Rwanda",2003,7450000
"RW","Rwanda",2004,1050000
"RW","Rwanda",2005,0
"RW","Rwanda",2006,3330000
"RW","Rwanda",2007,9890000
"RW","Rwanda",2008,9020000
"RW","Rwanda",2009,10370000
"RW","Rwanda",2010,32980000
"RW","Rwanda",2011,23720000
"RW","Rwanda",2012,70630000
"RW","Rwanda",2013,48920000
"KN","Saint Kitts and Nevis",2000,5930000
"KN","Saint Kitts and Nevis",2001,11860000
"KN","Saint Kitts and Nevis",2002,36300000
"KN","Saint Kitts and Nevis",2003,11030000
"KN","Saint Kitts and Nevis",2004,8170000
"KN","Saint Kitts and Nevis",2005,4150000
"KN","Saint Kitts and Nevis",2006,6460000
"KN","Saint Kitts and Nevis",2007,13050000
"KN","Saint Kitts and Nevis",2008,16720000
"KN","Saint Kitts and Nevis",2009,7290000
"KN","Saint Kitts and Nevis",2010,9680000
"KN","Saint Kitts and Nevis",2011,19810000
"KN","Saint Kitts and Nevis",2012,910000
"KN","Saint Kitts and Nevis",2013,1600000
"LC","Saint Lucia",2000,7030000
"LC","Saint Lucia",2001,4990000
"LC","Saint Lucia",2002,27560000
"LC","Saint Lucia",2003,37630000
"LC","Saint Lucia",2004,35770000
"LC","Saint Lucia",2005,5180000
"LC","Saint Lucia",2006,16330000
"LC","Saint Lucia",2007,19640000
"LC","Saint Lucia",2008,26390000
"LC","Saint Lucia",2009,16200000
"LC","Saint Lucia",2010,16960000
"LC","Saint Lucia",2011,1930000
"LC","Saint Lucia",2012,4040000
"LC","Saint Lucia",2013,5790000
"VC","Saint Vincent and the Grenadines",2000,6480000
"VC","Saint Vincent and the Grenadines",2001,3520000
"VC","Saint Vincent and the Grenadines",2002,8530000
"VC","Saint Vincent and the Grenadines",2003,1740000
"VC","Saint Vincent and the Grenadines",2004,4180000
"VC","Saint Vincent and the Grenadines",2005,5400000
"VC","Saint Vincent and the Grenadines",2006,17160000
"VC","Saint Vincent and the Grenadines",2007,19920000
"VC","Saint Vincent and the Grenadines",2008,9030000
"VC","Saint Vincent and the Grenadines",2009,16630000
"VC","Saint Vincent and the Grenadines",2010,51920000
"VC","Saint Vincent and the Grenadines",2011,3880000
"VC","Saint Vincent and the Grenadines",2012,1280000
"VC","Saint Vincent and the Grenadines",2013,6160000
"WS","Samoa",2000,930000
"WS","Samoa",2001,150000
"WS","Samoa",2002,1210000
"WS","Samoa",2003,3720000
"WS","Samoa",2004,2270000
"WS","Samoa",2005,9e+05
"WS","Samoa",2006,770000
"WS","Samoa",2007,9190000
"WS","Samoa",2008,11140000
"WS","Samoa",2009,710000
"WS","Samoa",2010,980000
"WS","Samoa",2011,1250000
"WS","Samoa",2012,1e+06
"WS","Samoa",2013,890000
"ST","Sao Tome and Principe",2000,0
"ST","Sao Tome and Principe",2001,710000
"ST","Sao Tome and Principe",2002,0
"ST","Sao Tome and Principe",2003,17350000
"ST","Sao Tome and Principe",2004,0
"ST","Sao Tome and Principe",2005,0
"ST","Sao Tome and Principe",2006,0
"ST","Sao Tome and Principe",2007,0
"ST","Sao Tome and Principe",2008,0
"ST","Sao Tome and Principe",2009,0
"ST","Sao Tome and Principe",2010,0
"ST","Sao Tome and Principe",2011,0
"ST","Sao Tome and Principe",2012,1930000
"ST","Sao Tome and Principe",2013,0
"SA","Saudi Arabia",2000,76820000
"SA","Saudi Arabia",2001,186450000
"SA","Saudi Arabia",2002,1370000
"SA","Saudi Arabia",2003,0
"SA","Saudi Arabia",2004,4350000
"SA","Saudi Arabia",2005,60930000
"SA","Saudi Arabia",2006,6496510000
"SA","Saudi Arabia",2007,1988550000
"SA","Saudi Arabia",2008,0
"SA","Saudi Arabia",2009,0
"SA","Saudi Arabia",2010,0
"SA","Saudi Arabia",2011,0
"SA","Saudi Arabia",2012,0
"SA","Saudi Arabia",2013,0
"SN","Senegal",2000,47930000
"SN","Senegal",2001,9070000
"SN","Senegal",2002,72590000
"SN","Senegal",2003,44890000
"SN","Senegal",2004,74320000
"SN","Senegal",2005,9140000
"SN","Senegal",2006,23810000
"SN","Senegal",2007,16870000
"SN","Senegal",2008,154530000
"SN","Senegal",2009,115740000
"SN","Senegal",2010,31020000
"SN","Senegal",2011,55510000
"SN","Senegal",2012,169830000
"SN","Senegal",2013,67830000
"RS","Serbia",2000,0
"RS","Serbia",2001,12180000
"RS","Serbia",2002,1470710000
"RS","Serbia",2003,364400000
"RS","Serbia",2004,423440000
"RS","Serbia",2005,467240000
"RS","Serbia",2006,666260000
"RS","Serbia",2007,507310000
"RS","Serbia",2008,569820000
"RS","Serbia",2009,666030000
"RS","Serbia",2010,1260280000
"RS","Serbia",2011,1138620000
"RS","Serbia",2012,618410000
"RS","Serbia",2013,777450000
"SC","Seychelles",2000,3290000
"SC","Seychelles",2001,240000
"SC","Seychelles",2002,0
"SC","Seychelles",2003,0
"SC","Seychelles",2004,0
"SC","Seychelles",2005,0
"SC","Seychelles",2006,0
"SC","Seychelles",2007,0
"SC","Seychelles",2008,0
"SC","Seychelles",2009,11350000
"SC","Seychelles",2010,43970000
"SC","Seychelles",2011,3620000
"SC","Seychelles",2012,40700000
"SC","Seychelles",2013,11440000
"SL","Sierra Leone",2000,0
"SL","Sierra Leone",2001,0
"SL","Sierra Leone",2002,57700000
"SL","Sierra Leone",2003,780000
"SL","Sierra Leone",2004,1970000
"SL","Sierra Leone",2005,10000
"SL","Sierra Leone",2006,1e+06
"SL","Sierra Leone",2007,0
"SL","Sierra Leone",2008,8140000
"SL","Sierra Leone",2009,0
"SL","Sierra Leone",2010,1130000
"SL","Sierra Leone",2011,9440000
"SL","Sierra Leone",2012,41720000
"SL","Sierra Leone",2013,8190000
"SG","Singapore",2000,0
"SG","Singapore",2001,0
"SG","Singapore",2002,0
"SG","Singapore",2003,0
"SG","Singapore",2004,0
"SG","Singapore",2005,0
"SG","Singapore",2006,0
"SG","Singapore",2007,0
"SG","Singapore",2008,0
"SG","Singapore",2009,0
"SG","Singapore",2010,0
"SG","Singapore",2011,0
"SG","Singapore",2012,0
"SG","Singapore",2013,0
"SI","Slovenia",2000,155550000
"SI","Slovenia",2001,148780000
"SI","Slovenia",2002,531890000
"SI","Slovenia",2003,0
"SI","Slovenia",2004,0
"SI","Slovenia",2005,0
"SI","Slovenia",2006,0
"SI","Slovenia",2007,0
"SI","Slovenia",2008,0
"SI","Slovenia",2009,0
"SI","Slovenia",2010,0
"SI","Slovenia",2011,0
"SI","Slovenia",2012,0
"SI","Slovenia",2013,0
"SB","Solomon Islands",2000,3500000
"SB","Solomon Islands",2001,610000
"SB","Solomon Islands",2002,540000
"SB","Solomon Islands",2003,0
"SB","Solomon Islands",2004,1630000
"SB","Solomon Islands",2005,2440000
"SB","Solomon Islands",2006,2250000
"SB","Solomon Islands",2007,5230000
"SB","Solomon Islands",2008,2870000
"SB","Solomon Islands",2009,12670000
"SB","Solomon Islands",2010,64110000
"SB","Solomon Islands",2011,17280000
"SB","Solomon Islands",2012,34770000
"SB","Solomon Islands",2013,41780000
"SO","Somalia",2000,0
"SO","Somalia",2001,0
"SO","Somalia",2002,0
"SO","Somalia",2003,0
"SO","Somalia",2004,0
"SO","Somalia",2005,0
"SO","Somalia",2006,0
"SO","Somalia",2007,0
"SO","Somalia",2008,4080000
"SO","Somalia",2009,0
"SO","Somalia",2010,0
"SO","Somalia",2011,120000
"SO","Somalia",2012,0
"SO","Somalia",2013,0
"south-central-asia","South & Central Asia, regional",2000,0
"south-central-asia","South & Central Asia, regional",2001,0
"south-central-asia","South & Central Asia, regional",2002,0
"south-central-asia","South & Central Asia, regional",2003,0
"south-central-asia","South & Central Asia, regional",2004,0
"south-central-asia","South & Central Asia, regional",2005,0
"south-central-asia","South & Central Asia, regional",2006,280000
"south-central-asia","South & Central Asia, regional",2007,0
"south-central-asia","South & Central Asia, regional",2008,0
"south-central-asia","South & Central Asia, regional",2009,10000
"south-central-asia","South & Central Asia, regional",2010,1980000
"south-central-asia","South & Central Asia, regional",2011,740000
"south-central-asia","South & Central Asia, regional",2012,0
"south-central-asia","South & Central Asia, regional",2013,0
"ZA","South Africa",2000,380850000
"ZA","South Africa",2001,277820000
"ZA","South Africa",2002,427610000
"ZA","South Africa",2003,656290000
"ZA","South Africa",2004,580040000
"ZA","South Africa",2005,319670000
"ZA","South Africa",2006,160300000
"ZA","South Africa",2007,337960000
"ZA","South Africa",2008,249450000
"ZA","South Africa",2009,1936460000
"ZA","South Africa",2010,1270530000
"ZA","South Africa",2011,1429610000
"ZA","South Africa",2012,2080900000
"ZA","South Africa",2013,1564850000
"south-america","South America, regional",2000,98660000
"south-america","South America, regional",2001,153500000
"south-america","South America, regional",2002,98100000
"south-america","South America, regional",2003,101160000
"south-america","South America, regional",2004,28430000
"south-america","South America, regional",2005,34180000
"south-america","South America, regional",2006,183740000
"south-america","South America, regional",2007,41070000
"south-america","South America, regional",2008,100440000
"south-america","South America, regional",2009,44330000
"south-america","South America, regional",2010,83020000
"south-america","South America, regional",2011,18070000
"south-america","South America, regional",2012,32310000
"south-america","South America, regional",2013,36650000
"south-asia","South Asia, regional",2000,0
"south-asia","South Asia, regional",2001,0
"south-asia","South Asia, regional",2002,0
"south-asia","South Asia, regional",2003,0
"south-asia","South Asia, regional",2004,0
"south-asia","South Asia, regional",2005,0
"south-asia","South Asia, regional",2006,56750000
"south-asia","South Asia, regional",2007,6420000
"south-asia","South Asia, regional",2008,76280000
"south-asia","South Asia, regional",2009,65020000
"south-asia","South Asia, regional",2010,0
"south-asia","South Asia, regional",2011,0
"south-asia","South Asia, regional",2012,30000
"south-asia","South Asia, regional",2013,47400000
"KR","South Korea",2000,0
"KR","South Korea",2001,0
"KR","South Korea",2002,0
"KR","South Korea",2003,0
"KR","South Korea",2004,0
"KR","South Korea",2005,0
"KR","South Korea",2006,0
"KR","South Korea",2007,0
"KR","South Korea",2008,0
"KR","South Korea",2009,0
"KR","South Korea",2010,0
"KR","South Korea",2011,0
"KR","South Korea",2012,0
"KR","South Korea",2013,0
"south-of-sahara","South of Sahara, regional",2000,0
"south-of-sahara","South of Sahara, regional",2001,0
"south-of-sahara","South of Sahara, regional",2002,6170000
"south-of-sahara","South of Sahara, regional",2003,6610000
"south-of-sahara","South of Sahara, regional",2004,145790000
"south-of-sahara","South of Sahara, regional",2005,29150000
"south-of-sahara","South of Sahara, regional",2006,52970000
"south-of-sahara","South of Sahara, regional",2007,83090000
"south-of-sahara","South of Sahara, regional",2008,129040000
"south-of-sahara","South of Sahara, regional",2009,67600000
"south-of-sahara","South of Sahara, regional",2010,27420000
"south-of-sahara","South of Sahara, regional",2011,141130000
"south-of-sahara","South of Sahara, regional",2012,72770000
"south-of-sahara","South of Sahara, regional",2013,70880000
"SS","South Sudan",2000,0
"SS","South Sudan",2001,0
"SS","South Sudan",2002,0
"SS","South Sudan",2003,0
"SS","South Sudan",2004,0
"SS","South Sudan",2005,0
"SS","South Sudan",2006,0
"SS","South Sudan",2007,0
"SS","South Sudan",2008,0
"SS","South Sudan",2009,0
"SS","South Sudan",2010,0
"SS","South Sudan",2011,0
"SS","South Sudan",2012,0
"SS","South Sudan",2013,2500000
"LK","Sri Lanka",2000,49580000
"LK","Sri Lanka",2001,39060000
"LK","Sri Lanka",2002,107410000
"LK","Sri Lanka",2003,103780000
"LK","Sri Lanka",2004,119120000
"LK","Sri Lanka",2005,122950000
"LK","Sri Lanka",2006,130660000
"LK","Sri Lanka",2007,1.27e+08
"LK","Sri Lanka",2008,286480000
"LK","Sri Lanka",2009,177890000
"LK","Sri Lanka",2010,246420000
"LK","Sri Lanka",2011,236060000
"LK","Sri Lanka",2012,334620000
"LK","Sri Lanka",2013,309180000
"ex-yugoslavia","States Ex-Yugoslavia unspecified",2000,2200000
"ex-yugoslavia","States Ex-Yugoslavia unspecified",2001,1900000
"ex-yugoslavia","States Ex-Yugoslavia unspecified",2002,85430000
"ex-yugoslavia","States Ex-Yugoslavia unspecified",2003,5270000
"ex-yugoslavia","States Ex-Yugoslavia unspecified",2004,9880000
"ex-yugoslavia","States Ex-Yugoslavia unspecified",2005,13240000
"ex-yugoslavia","States Ex-Yugoslavia unspecified",2006,21140000
"ex-yugoslavia","States Ex-Yugoslavia unspecified",2007,5800000
"ex-yugoslavia","States Ex-Yugoslavia unspecified",2008,9270000
"ex-yugoslavia","States Ex-Yugoslavia unspecified",2009,8130000
"ex-yugoslavia","States Ex-Yugoslavia unspecified",2010,5860000
"ex-yugoslavia","States Ex-Yugoslavia unspecified",2011,3060000
"ex-yugoslavia","States Ex-Yugoslavia unspecified",2012,2310000
"ex-yugoslavia","States Ex-Yugoslavia unspecified",2013,2800000
"SD","Sudan",2000,2640000
"SD","Sudan",2001,0
"SD","Sudan",2002,30000
"SD","Sudan",2003,0
"SD","Sudan",2004,0
"SD","Sudan",2005,33900000
"SD","Sudan",2006,8440000
"SD","Sudan",2007,14230000
"SD","Sudan",2008,35490000
"SD","Sudan",2009,37500000
"SD","Sudan",2010,106480000
"SD","Sudan",2011,120530000
"SD","Sudan",2012,71110000
"SD","Sudan",2013,4250000
"SR","Suriname",2000,4270000
"SR","Suriname",2001,270000
"SR","Suriname",2002,1230000
"SR","Suriname",2003,20940000
"SR","Suriname",2004,4040000
"SR","Suriname",2005,5790000
"SR","Suriname",2006,16540000
"SR","Suriname",2007,17920000
"SR","Suriname",2008,9670000
"SR","Suriname",2009,26970000
"SR","Suriname",2010,50710000
"SR","Suriname",2011,108250000
"SR","Suriname",2012,71100000
"SR","Suriname",2013,112790000
"SZ","Swaziland",2000,19860000
"SZ","Swaziland",2001,31230000
"SZ","Swaziland",2002,20640000
"SZ","Swaziland",2003,12300000
"SZ","Swaziland",2004,48560000
"SZ","Swaziland",2005,1800000
"SZ","Swaziland",2006,22040000
"SZ","Swaziland",2007,25210000
"SZ","Swaziland",2008,3760000
"SZ","Swaziland",2009,11850000
"SZ","Swaziland",2010,4450000
"SZ","Swaziland",2011,2220000
"SZ","Swaziland",2012,1820000
"SZ","Swaziland",2013,3990000
"SY","Syria",2000,566250000
"SY","Syria",2001,160000
"SY","Syria",2002,20060000
"SY","Syria",2003,0
"SY","Syria",2004,86950000
"SY","Syria",2005,5.6e+07
"SY","Syria",2006,1.15e+08
"SY","Syria",2007,174310000
"SY","Syria",2008,123300000
"SY","Syria",2009,363340000
"SY","Syria",2010,136040000
"SY","Syria",2011,109300000
"SY","Syria",2012,16130000
"SY","Syria",2013,2e+06
"TJ","Tajikistan",2000,3570000
"TJ","Tajikistan",2001,850000
"TJ","Tajikistan",2002,410000
"TJ","Tajikistan",2003,7960000
"TJ","Tajikistan",2004,15180000
"TJ","Tajikistan",2005,32850000
"TJ","Tajikistan",2006,19170000
"TJ","Tajikistan",2007,10700000
"TJ","Tajikistan",2008,28980000
"TJ","Tajikistan",2009,28720000
"TJ","Tajikistan",2010,35100000
"TJ","Tajikistan",2011,28480000
"TJ","Tajikistan",2012,46190000
"TJ","Tajikistan",2013,20030000
"TZ","Tanzania",2000,59900000
"TZ","Tanzania",2001,45220000
"TZ","Tanzania",2002,51150000
"TZ","Tanzania",2003,49400000
"TZ","Tanzania",2004,8620000
"TZ","Tanzania",2005,13760000
"TZ","Tanzania",2006,24070000
"TZ","Tanzania",2007,14880000
"TZ","Tanzania",2008,82690000
"TZ","Tanzania",2009,40270000
"TZ","Tanzania",2010,34740000
"TZ","Tanzania",2011,38470000
"TZ","Tanzania",2012,40730000
"TZ","Tanzania",2013,99600000
"TH","Thailand",2000,1093350000
"TH","Thailand",2001,1301890000
"TH","Thailand",2002,683520000
"TH","Thailand",2003,559420000
"TH","Thailand",2004,512090000
"TH","Thailand",2005,4250440000
"TH","Thailand",2006,882310000
"TH","Thailand",2007,636720000
"TH","Thailand",2008,241240000
"TH","Thailand",2009,686210000
"TH","Thailand",2010,809690000
"TH","Thailand",2011,793180000
"TH","Thailand",2012,1335150000
"TH","Thailand",2013,1986310000
"TL","Timor-Leste",2000,1123470000
"TL","Timor-Leste",2001,7e+05
"TL","Timor-Leste",2002,34820000
"TL","Timor-Leste",2003,178780000
"TL","Timor-Leste",2004,2630000
"TL","Timor-Leste",2005,1830000
"TL","Timor-Leste",2006,1260000
"TL","Timor-Leste",2007,1350000
"TL","Timor-Leste",2008,1300000
"TL","Timor-Leste",2009,2590000
"TL","Timor-Leste",2010,6790000
"TL","Timor-Leste",2011,1850000
"TL","Timor-Leste",2012,1950000
"TL","Timor-Leste",2013,5780000
"TG","Togo",2000,7570000
"TG","Togo",2001,1730000
"TG","Togo",2002,1980000
"TG","Togo",2003,60000
"TG","Togo",2004,12970000
"TG","Togo",2005,10000
"TG","Togo",2006,0
"TG","Togo",2007,0
"TG","Togo",2008,134420000
"TG","Togo",2009,171560000
"TG","Togo",2010,36470000
"TG","Togo",2011,22690000
"TG","Togo",2012,74190000
"TG","Togo",2013,25390000
"TO","Tonga",2000,80000
"TO","Tonga",2001,150000
"TO","Tonga",2002,320000
"TO","Tonga",2003,0
"TO","Tonga",2004,13830000
"TO","Tonga",2005,690000
"TO","Tonga",2006,550000
"TO","Tonga",2007,490000
"TO","Tonga",2008,7420000
"TO","Tonga",2009,590000
"TO","Tonga",2010,780000
"TO","Tonga",2011,780000
"TO","Tonga",2012,1e+06
"TO","Tonga",2013,340000
"TT","Trinidad and Tobago",2000,122430000
"TT","Trinidad and Tobago",2001,150270000
"TT","Trinidad and Tobago",2002,139680000
"TT","Trinidad and Tobago",2003,158280000
"TT","Trinidad and Tobago",2004,111620000
"TT","Trinidad and Tobago",2005,80010000
"TT","Trinidad and Tobago",2006,174820000
"TT","Trinidad and Tobago",2007,87830000
"TT","Trinidad and Tobago",2008,64560000
"TT","Trinidad and Tobago",2009,37540000
"TT","Trinidad and Tobago",2010,156100000
"TT","Trinidad and Tobago",2011,0
"TT","Trinidad and Tobago",2012,0
"TT","Trinidad and Tobago",2013,0
"TN","Tunisia",2000,518120000
"TN","Tunisia",2001,1002920000
"TN","Tunisia",2002,964530000
"TN","Tunisia",2003,772790000
"TN","Tunisia",2004,874780000
"TN","Tunisia",2005,517540000
"TN","Tunisia",2006,584840000
"TN","Tunisia",2007,1048250000
"TN","Tunisia",2008,525360000
"TN","Tunisia",2009,1131310000
"TN","Tunisia",2010,1282690000
"TN","Tunisia",2011,1289150000
"TN","Tunisia",2012,1308470000
"TN","Tunisia",2013,266130000
"TR","Turkey",2000,2318030000
"TR","Turkey",2001,3083080000
"TR","Turkey",2002,2587150000
"TR","Turkey",2003,1636750000
"TR","Turkey",2004,3446260000
"TR","Turkey",2005,1328920000
"TR","Turkey",2006,3849140000
"TR","Turkey",2007,5082210000
"TR","Turkey",2008,4852880000
"TR","Turkey",2009,5414520000
"TR","Turkey",2010,7593120000
"TR","Turkey",2011,3952140000
"TR","Turkey",2012,3520110000
"TR","Turkey",2013,3937110000
"TM","Turkmenistan",2000,208920000
"TM","Turkmenistan",2001,129130000
"TM","Turkmenistan",2002,112620000
"TM","Turkmenistan",2003,110620000
"TM","Turkmenistan",2004,88100000
"TM","Turkmenistan",2005,129830000
"TM","Turkmenistan",2006,580000
"TM","Turkmenistan",2007,0
"TM","Turkmenistan",2008,0
"TM","Turkmenistan",2009,0
"TM","Turkmenistan",2010,9030000
"TM","Turkmenistan",2011,331540000
"TM","Turkmenistan",2012,206550000
"TM","Turkmenistan",2013,55460000
"TC","Turks and Caicos Islands",2000,990000
"TC","Turks and Caicos Islands",2001,2050000
"TC","Turks and Caicos Islands",2002,2350000
"TC","Turks and Caicos Islands",2003,6e+05
"TC","Turks and Caicos Islands",2004,1900000
"TC","Turks and Caicos Islands",2005,910000
"TC","Turks and Caicos Islands",2006,1e+05
"TC","Turks and Caicos Islands",2007,38900000
"TC","Turks and Caicos Islands",2008,0
"TC","Turks and Caicos Islands",2009,0
"TC","Turks and Caicos Islands",2010,0
"TC","Turks and Caicos Islands",2011,0
"TC","Turks and Caicos Islands",2012,0
"TC","Turks and Caicos Islands",2013,0
"TV","Tuvalu",2000,0
"TV","Tuvalu",2001,0
"TV","Tuvalu",2002,0
"TV","Tuvalu",2003,0
"TV","Tuvalu",2004,0
"TV","Tuvalu",2005,0
"TV","Tuvalu",2006,0
"TV","Tuvalu",2007,0
"TV","Tuvalu",2008,1090000
"TV","Tuvalu",2009,0
"TV","Tuvalu",2010,0
"TV","Tuvalu",2011,0
"TV","Tuvalu",2012,2e+05
"TV","Tuvalu",2013,170000
"AE","UAE",2000,0
"AE","UAE",2001,0
"AE","UAE",2002,0
"AE","UAE",2003,0
"AE","UAE",2004,0
"AE","UAE",2005,0
"AE","UAE",2006,0
"AE","UAE",2007,0
"AE","UAE",2008,0
"AE","UAE",2009,0
"AE","UAE",2010,0
"AE","UAE",2011,0
"AE","UAE",2012,0
"AE","UAE",2013,0
"UG","Uganda",2000,68260000
"UG","Uganda",2001,3350000
"UG","Uganda",2002,30000
"UG","Uganda",2003,11650000
"UG","Uganda",2004,1660000
"UG","Uganda",2005,7110000
"UG","Uganda",2006,4790000
"UG","Uganda",2007,19560000
"UG","Uganda",2008,160970000
"UG","Uganda",2009,163140000
"UG","Uganda",2010,137360000
"UG","Uganda",2011,66650000
"UG","Uganda",2012,146370000
"UG","Uganda",2013,62630000
"UA","Ukraine",2000,0
"UA","Ukraine",2001,0
"UA","Ukraine",2002,0
"UA","Ukraine",2003,0
"UA","Ukraine",2004,0
"UA","Ukraine",2005,1462450000
"UA","Ukraine",2006,1037080000
"UA","Ukraine",2007,929070000
"UA","Ukraine",2008,2447390000
"UA","Ukraine",2009,1863290000
"UA","Ukraine",2010,1179040000
"UA","Ukraine",2011,1286840000
"UA","Ukraine",2012,1285770000
"UA","Ukraine",2013,1253340000
"UY","Uruguay",2000,484150000
"UY","Uruguay",2001,473490000
"UY","Uruguay",2002,1212630000
"UY","Uruguay",2003,692220000
"UY","Uruguay",2004,275300000
"UY","Uruguay",2005,453420000
"UY","Uruguay",2006,1.9e+08
"UY","Uruguay",2007,315350000
"UY","Uruguay",2008,515260000
"UY","Uruguay",2009,1003930000
"UY","Uruguay",2010,210650000
"UY","Uruguay",2011,409580000
"UY","Uruguay",2012,313500000
"UY","Uruguay",2013,474380000
"UZ","Uzbekistan",2000,2.95e+08
"UZ","Uzbekistan",2001,453570000
"UZ","Uzbekistan",2002,150970000
"UZ","Uzbekistan",2003,189550000
"UZ","Uzbekistan",2004,215710000
"UZ","Uzbekistan",2005,204830000
"UZ","Uzbekistan",2006,113850000
"UZ","Uzbekistan",2007,136170000
"UZ","Uzbekistan",2008,247300000
"UZ","Uzbekistan",2009,495230000
"UZ","Uzbekistan",2010,423030000
"UZ","Uzbekistan",2011,301250000
"UZ","Uzbekistan",2012,607590000
"UZ","Uzbekistan",2013,449650000
"VU","Vanuatu",2000,110000
"VU","Vanuatu",2001,120000
"VU","Vanuatu",2002,780000
"VU","Vanuatu",2003,0
"VU","Vanuatu",2004,1250000
"VU","Vanuatu",2005,1350000
"VU","Vanuatu",2006,2210000
"VU","Vanuatu",2007,2120000
"VU","Vanuatu",2008,10530000
"VU","Vanuatu",2009,8360000
"VU","Vanuatu",2010,2910000
"VU","Vanuatu",2011,1280000
"VU","Vanuatu",2012,2320000
"VU","Vanuatu",2013,1850000
"VE","Venezuela",2000,857190000
"VE","Venezuela",2001,858450000
"VE","Venezuela",2002,677650000
"VE","Venezuela",2003,250560000
"VE","Venezuela",2004,331990000
"VE","Venezuela",2005,155030000
"VE","Venezuela",2006,142100000
"VE","Venezuela",2007,2975640000
"VE","Venezuela",2008,500790000
"VE","Venezuela",2009,415410000
"VE","Venezuela",2010,581870000
"VE","Venezuela",2011,1042080000
"VE","Venezuela",2012,46690000
"VE","Venezuela",2013,66560000
"VN","Viet Nam",2000,1.91e+08
"VN","Viet Nam",2001,43040000
"VN","Viet Nam",2002,154340000
"VN","Viet Nam",2003,510480000
"VN","Viet Nam",2004,246930000
"VN","Viet Nam",2005,260550000
"VN","Viet Nam",2006,309630000
"VN","Viet Nam",2007,327320000
"VN","Viet Nam",2008,814660000
"VN","Viet Nam",2009,1527240000
"VN","Viet Nam",2010,2048460000
"VN","Viet Nam",2011,1392330000
"VN","Viet Nam",2012,1277850000
"VN","Viet Nam",2013,2164840000
"WF","Wallis and Futuna",2000,6300000
"WF","Wallis and Futuna",2001,3340000
"WF","Wallis and Futuna",2002,3630000
"WF","Wallis and Futuna",2003,1600000
"WF","Wallis and Futuna",2004,340000
"WF","Wallis and Futuna",2005,220000
"WF","Wallis and Futuna",2006,0
"WF","Wallis and Futuna",2007,0
"WF","Wallis and Futuna",2008,5240000
"WF","Wallis and Futuna",2009,0
"WF","Wallis and Futuna",2010,0
"WF","Wallis and Futuna",2011,0
"WF","Wallis and Futuna",2012,0
"WF","Wallis and Futuna",2013,0
"west-indies","West Indies, regional",2000,1230000
"west-indies","West Indies, regional",2001,490000
"west-indies","West Indies, regional",2002,3300000
"west-indies","West Indies, regional",2003,1920000
"west-indies","West Indies, regional",2004,780000
"west-indies","West Indies, regional",2005,0
"west-indies","West Indies, regional",2006,3860000
"west-indies","West Indies, regional",2007,0
"west-indies","West Indies, regional",2008,1220000
"west-indies","West Indies, regional",2009,10490000
"west-indies","West Indies, regional",2010,13310000
"west-indies","West Indies, regional",2011,12510000
"west-indies","West Indies, regional",2012,7600000
"west-indies","West Indies, regional",2013,660000
"YE","Yemen",2000,12140000
"YE","Yemen",2001,0
"YE","Yemen",2002,0
"YE","Yemen",2003,2900000
"YE","Yemen",2004,620000
"YE","Yemen",2005,0
"YE","Yemen",2006,0
"YE","Yemen",2007,21390000
"YE","Yemen",2008,332750000
"YE","Yemen",2009,136020000
"YE","Yemen",2010,143130000
"YE","Yemen",2011,9970000
"YE","Yemen",2012,0
"YE","Yemen",2013,220000
"ZM","Zambia",2000,65560000
"ZM","Zambia",2001,72460000
"ZM","Zambia",2002,13740000
"ZM","Zambia",2003,188450000
"ZM","Zambia",2004,108680000
"ZM","Zambia",2005,52570000
"ZM","Zambia",2006,15520000
"ZM","Zambia",2007,184440000
"ZM","Zambia",2008,153560000
"ZM","Zambia",2009,8750000
"ZM","Zambia",2010,9180000
"ZM","Zambia",2011,46680000
"ZM","Zambia",2012,35620000
"ZM","Zambia",2013,3220000
"ZW","Zimbabwe",2000,84530000
"ZW","Zimbabwe",2001,5120000
"ZW","Zimbabwe",2002,860000
"ZW","Zimbabwe",2003,5850000
"ZW","Zimbabwe",2004,1520000
"ZW","Zimbabwe",2005,4130000
"ZW","Zimbabwe",2006,4830000
"ZW","Zimbabwe",2007,1220000
"ZW","Zimbabwe",2008,1040000
"ZW","Zimbabwe",2009,2220000
"ZW","Zimbabwe",2010,2160000
"ZW","Zimbabwe",2011,1080000
"ZW","Zimbabwe",2012,22170000
"ZW","Zimbabwe",2013,8910000
