"series","country-year"
"id","employment-agriculture"
"type","embedded"
"parent","employment-by-sector"
"name","% of workforce employed in agriculture"
"columns","id, year, value, original-value"
"description","% of workforce employed in agriculture"
"default-scale","lin"
"theme","employment"
"theme-order",
"global-picture-color-ramp",
"uom","percent"
"uom_display","%"
"source","World Bank World Development Indicators"
"calculation",
"format",
"highorlow",
"range",
"interpolated","1"
"missing-donor","NA"
"missing-recipient","NA"
"laymans-decription",
"laymans-heading",
