id,year,accounting-type,start-month,end-month
AF,2000,fiscal,4,3
AF,2001,fiscal,4,3
AF,2002,fiscal,4,3
AF,2003,fiscal,4,3
AF,2004,fiscal,4,3
AF,2005,fiscal,4,3
AF,2006,fiscal,4,3
AF,2007,fiscal,4,3
AF,2008,fiscal,4,3
AF,2009,fiscal,4,3
AF,2010,fiscal,4,3
AF,2011,fiscal,4,3
AF,2012,fiscal,4,3
AF,2013,fiscal,4,3
AF,2014,fiscal,4,3
AF,2015,fiscal,4,3
AF,2016,fiscal,4,3
AF,2017,fiscal,4,3
AF,2018,fiscal,4,3
AF,2019,fiscal,4,3
AM,2000,calendar,1,12
AM,2001,calendar,1,12
AM,2002,calendar,1,12
AM,2003,calendar,1,12
AM,2004,calendar,1,12
AM,2005,calendar,1,12
AM,2006,calendar,1,12
AM,2007,calendar,1,12
AM,2008,calendar,1,12
AM,2009,calendar,1,12
AM,2010,calendar,1,12
AM,2011,calendar,1,12
AM,2012,calendar,1,12
AM,2013,calendar,1,12
AM,2014,calendar,1,12
AM,2015,calendar,1,12
AM,2016,calendar,1,12
AM,2017,calendar,1,12
AM,2018,calendar,1,12
AM,2019,calendar,1,12
AO,2000,calendar,1,12
AO,2001,calendar,1,12
AO,2002,calendar,1,12
AO,2003,calendar,1,12
AO,2004,calendar,1,12
AO,2005,calendar,1,12
AO,2006,calendar,1,12
AO,2007,calendar,1,12
AO,2008,calendar,1,12
AO,2009,calendar,1,12
AO,2010,calendar,1,12
AO,2011,calendar,1,12
AO,2012,calendar,1,12
AO,2013,calendar,1,12
AO,2014,calendar,1,12
AO,2015,calendar,1,12
AO,2016,calendar,1,12
AO,2017,calendar,1,12
AO,2018,calendar,1,12
AO,2019,calendar,1,12
BD,2000,fiscal,7,6
BD,2001,fiscal,7,6
BD,2002,fiscal,7,6
BD,2003,fiscal,7,6
BD,2004,fiscal,7,6
BD,2005,fiscal,7,6
BD,2006,fiscal,7,6
BD,2007,fiscal,7,6
BD,2008,fiscal,7,6
BD,2009,fiscal,7,6
BD,2010,fiscal,7,6
BD,2011,fiscal,7,6
BD,2012,fiscal,7,6
BD,2013,fiscal,7,6
BD,2014,fiscal,7,6
BD,2015,fiscal,7,6
BD,2016,fiscal,7,6
BD,2017,fiscal,7,6
BD,2018,fiscal,7,6
BD,2019,fiscal,7,6
BF,2000,calendar,1,12
BF,2001,calendar,1,12
BF,2002,calendar,1,12
BF,2003,calendar,1,12
BF,2004,calendar,1,12
BF,2005,calendar,1,12
BF,2006,calendar,1,12
BF,2007,calendar,1,12
BF,2008,calendar,1,12
BF,2009,calendar,1,12
BF,2010,calendar,1,12
BF,2011,calendar,1,12
BF,2012,calendar,1,12
BF,2013,calendar,1,12
BF,2014,calendar,1,12
BF,2015,calendar,1,12
BF,2016,calendar,1,12
BF,2017,calendar,1,12
BF,2018,calendar,1,12
BF,2019,calendar,1,12
BI,2000,calendar,1,12
BI,2001,calendar,1,12
BI,2002,calendar,1,12
BI,2003,calendar,1,12
BI,2004,calendar,1,12
BI,2005,calendar,1,12
BI,2006,calendar,1,12
BI,2007,calendar,1,12
BI,2008,calendar,1,12
BI,2009,calendar,1,12
BI,2010,calendar,1,12
BI,2011,calendar,1,12
BI,2012,calendar,1,12
BI,2013,calendar,1,12
BI,2014,calendar,1,12
BI,2015,calendar,1,12
BI,2016,calendar,1,12
BI,2017,calendar,1,12
BI,2018,calendar,1,12
BI,2019,calendar,1,12
BJ,2000,calendar,1,12
BJ,2001,calendar,1,12
BJ,2002,calendar,1,12
BJ,2003,calendar,1,12
BJ,2004,calendar,1,12
BJ,2005,calendar,1,12
BJ,2006,calendar,1,12
BJ,2007,calendar,1,12
BJ,2008,calendar,1,12
BJ,2009,calendar,1,12
BJ,2010,calendar,1,12
BJ,2011,calendar,1,12
BJ,2012,calendar,1,12
BJ,2013,calendar,1,12
BJ,2014,calendar,1,12
BJ,2015,calendar,1,12
BJ,2016,calendar,1,12
BJ,2017,calendar,1,12
BJ,2018,calendar,1,12
BJ,2019,calendar,1,12
BO,2000,calendar,1,12
BO,2001,calendar,1,12
BO,2002,calendar,1,12
BO,2003,calendar,1,12
BO,2004,calendar,1,12
BO,2005,calendar,1,12
BO,2006,calendar,1,12
BO,2007,calendar,1,12
BO,2008,calendar,1,12
BO,2009,calendar,1,12
BO,2010,calendar,1,12
BO,2011,calendar,1,12
BO,2012,calendar,1,12
BO,2013,calendar,1,12
BO,2014,calendar,1,12
BO,2015,calendar,1,12
BO,2016,calendar,1,12
BO,2017,calendar,1,12
BO,2018,calendar,1,12
BO,2019,calendar,1,12
BR,2000,calendar,1,12
BR,2001,calendar,1,12
BR,2002,calendar,1,12
BR,2003,calendar,1,12
BR,2004,calendar,1,12
BR,2005,calendar,1,12
BR,2006,calendar,1,12
BR,2007,calendar,1,12
BR,2008,calendar,1,12
BR,2009,calendar,1,12
BR,2010,calendar,1,12
BR,2011,calendar,1,12
BR,2012,calendar,1,12
BR,2013,calendar,1,12
BR,2014,calendar,1,12
BR,2015,calendar,1,12
BR,2016,calendar,1,12
BR,2017,calendar,1,12
BR,2018,calendar,1,12
BR,2019,calendar,1,12
BT,2000,fiscal,7,6
BT,2001,fiscal,7,6
BT,2002,fiscal,7,6
BT,2003,fiscal,7,6
BT,2004,fiscal,7,6
BT,2005,fiscal,7,6
BT,2006,fiscal,7,6
BT,2007,fiscal,7,6
BT,2008,fiscal,7,6
BT,2009,fiscal,7,6
BT,2010,fiscal,7,6
BT,2011,fiscal,7,6
BT,2012,fiscal,7,6
BT,2013,fiscal,7,6
BT,2014,fiscal,7,6
BT,2015,fiscal,7,6
BT,2016,fiscal,7,6
BT,2017,fiscal,7,6
BT,2018,fiscal,7,6
BT,2019,fiscal,7,6
BW,2000,fiscal,4,3
BW,2001,fiscal,4,3
BW,2002,fiscal,4,3
BW,2003,fiscal,4,3
BW,2004,fiscal,4,3
BW,2005,fiscal,4,3
BW,2006,fiscal,4,3
BW,2007,fiscal,4,3
BW,2008,fiscal,4,3
BW,2009,fiscal,4,3
BW,2010,fiscal,4,3
BW,2011,fiscal,4,3
BW,2012,fiscal,4,3
BW,2013,fiscal,4,3
BW,2014,fiscal,4,3
BW,2015,fiscal,4,3
BW,2016,fiscal,4,3
BW,2017,fiscal,4,3
BW,2018,fiscal,4,3
BW,2019,fiscal,4,3
BZ,2000,calendar,1,12
BZ,2001,calendar,1,12
BZ,2002,calendar,1,12
BZ,2003,calendar,1,12
BZ,2004,calendar,1,12
BZ,2005,calendar,1,12
BZ,2006,calendar,1,12
BZ,2007,fiscal,4,3
BZ,2008,fiscal,4,3
BZ,2009,fiscal,4,3
BZ,2010,fiscal,4,3
BZ,2011,fiscal,4,3
BZ,2012,fiscal,4,3
BZ,2013,fiscal,4,3
BZ,2014,fiscal,4,3
BZ,2015,fiscal,4,3
BZ,2016,fiscal,4,3
BZ,2017,fiscal,4,3
BZ,2018,fiscal,4,3
BZ,2019,fiscal,4,3
CD,2000,calendar,1,12
CD,2001,calendar,1,12
CD,2002,calendar,1,12
CD,2003,calendar,1,12
CD,2004,calendar,1,12
CD,2005,calendar,1,12
CD,2006,calendar,1,12
CD,2007,calendar,1,12
CD,2008,calendar,1,12
CD,2009,calendar,1,12
CD,2010,calendar,1,12
CD,2011,calendar,1,12
CD,2012,calendar,1,12
CD,2013,calendar,1,12
CD,2014,calendar,1,12
CD,2015,calendar,1,12
CD,2016,calendar,1,12
CD,2017,calendar,1,12
CD,2018,calendar,1,12
CD,2019,calendar,1,12
CF,2000,calendar,1,12
CF,2001,calendar,1,12
CF,2002,calendar,1,12
CF,2003,calendar,1,12
CF,2004,calendar,1,12
CF,2005,calendar,1,12
CF,2006,calendar,1,12
CF,2007,calendar,1,12
CF,2008,calendar,1,12
CF,2009,calendar,1,12
CF,2010,calendar,1,12
CF,2011,calendar,1,12
CF,2012,calendar,1,12
CF,2013,calendar,1,12
CF,2014,calendar,1,12
CF,2015,calendar,1,12
CF,2016,calendar,1,12
CF,2017,calendar,1,12
CF,2018,calendar,1,12
CF,2019,calendar,1,12
CG,2000,calendar,1,12
CG,2001,calendar,1,12
CG,2002,calendar,1,12
CG,2003,calendar,1,12
CG,2004,calendar,1,12
CG,2005,calendar,1,12
CG,2006,calendar,1,12
CG,2007,calendar,1,12
CG,2008,calendar,1,12
CG,2009,calendar,1,12
CG,2010,calendar,1,12
CG,2011,calendar,1,12
CG,2012,calendar,1,12
CG,2013,calendar,1,12
CG,2014,calendar,1,12
CG,2015,calendar,1,12
CG,2016,calendar,1,12
CG,2017,calendar,1,12
CG,2018,calendar,1,12
CG,2019,calendar,1,12
CI,2000,calendar,1,12
CI,2001,calendar,1,12
CI,2002,calendar,1,12
CI,2003,calendar,1,12
CI,2004,calendar,1,12
CI,2005,calendar,1,12
CI,2006,calendar,1,12
CI,2007,calendar,1,12
CI,2008,calendar,1,12
CI,2009,calendar,1,12
CI,2010,calendar,1,12
CI,2011,calendar,1,12
CI,2012,calendar,1,12
CI,2013,calendar,1,12
CI,2014,calendar,1,12
CI,2015,calendar,1,12
CI,2016,calendar,1,12
CI,2017,calendar,1,12
CI,2018,calendar,1,12
CI,2019,calendar,1,12
CL,2000,calendar,1,12
CL,2001,calendar,1,12
CL,2002,calendar,1,12
CL,2003,calendar,1,12
CL,2004,calendar,1,12
CL,2005,calendar,1,12
CL,2006,calendar,1,12
CL,2007,calendar,1,12
CL,2008,calendar,1,12
CL,2009,calendar,1,12
CL,2010,calendar,1,12
CL,2011,calendar,1,12
CL,2012,calendar,1,12
CL,2013,calendar,1,12
CL,2014,calendar,1,12
CL,2015,calendar,1,12
CL,2016,calendar,1,12
CL,2017,calendar,1,12
CL,2018,calendar,1,12
CL,2019,calendar,1,12
CM,2000,calendar,1,12
CM,2001,calendar,1,12
CM,2002,calendar,1,12
CM,2003,calendar,1,12
CM,2004,calendar,1,12
CM,2005,calendar,1,12
CM,2006,calendar,1,12
CM,2007,calendar,1,12
CM,2008,calendar,1,12
CM,2009,calendar,1,12
CM,2010,calendar,1,12
CM,2011,calendar,1,12
CM,2012,calendar,1,12
CM,2013,calendar,1,12
CM,2014,calendar,1,12
CM,2015,calendar,1,12
CM,2016,calendar,1,12
CM,2017,calendar,1,12
CM,2018,calendar,1,12
CM,2019,calendar,1,12
CN,2000,calendar,1,12
CN,2001,calendar,1,12
CN,2002,calendar,1,12
CN,2003,calendar,1,12
CN,2004,calendar,1,12
CN,2005,calendar,1,12
CN,2006,calendar,1,12
CN,2007,calendar,1,12
CN,2008,calendar,1,12
CN,2009,calendar,1,12
CN,2010,calendar,1,12
CN,2011,calendar,1,12
CN,2012,calendar,1,12
CN,2013,calendar,1,12
CN,2014,calendar,1,12
CN,2015,calendar,1,12
CN,2016,calendar,1,12
CN,2017,calendar,1,12
CN,2018,calendar,1,12
CN,2019,calendar,1,12
CO,2000,calendar,1,12
CO,2001,calendar,1,12
CO,2002,calendar,1,12
CO,2003,calendar,1,12
CO,2004,calendar,1,12
CO,2005,calendar,1,12
CO,2006,calendar,1,12
CO,2007,calendar,1,12
CO,2008,calendar,1,12
CO,2009,calendar,1,12
CO,2010,calendar,1,12
CO,2011,calendar,1,12
CO,2012,calendar,1,12
CO,2013,calendar,1,12
CO,2014,calendar,1,12
CO,2015,calendar,1,12
CO,2016,calendar,1,12
CO,2017,calendar,1,12
CO,2018,calendar,1,12
CO,2019,calendar,1,12
CR,2000,calendar,1,12
CR,2001,calendar,1,12
CR,2002,calendar,1,12
CR,2003,calendar,1,12
CR,2004,calendar,1,12
CR,2005,calendar,1,12
CR,2006,calendar,1,12
CR,2007,calendar,1,12
CR,2008,calendar,1,12
CR,2009,calendar,1,12
CR,2010,calendar,1,12
CR,2011,calendar,1,12
CR,2012,calendar,1,12
CR,2013,calendar,1,12
CR,2014,calendar,1,12
CR,2015,calendar,1,12
CR,2016,calendar,1,12
CR,2017,calendar,1,12
CR,2018,calendar,1,12
CR,2019,calendar,1,12
CV,2000,calendar,1,12
CV,2001,calendar,1,12
CV,2002,calendar,1,12
CV,2003,calendar,1,12
CV,2004,calendar,1,12
CV,2005,calendar,1,12
CV,2006,calendar,1,12
CV,2007,calendar,1,12
CV,2008,calendar,1,12
CV,2009,calendar,1,12
CV,2010,calendar,1,12
CV,2011,calendar,1,12
CV,2012,calendar,1,12
CV,2013,calendar,1,12
CV,2014,calendar,1,12
CV,2015,calendar,1,12
CV,2016,calendar,1,12
CV,2017,calendar,1,12
CV,2018,calendar,1,12
CV,2019,calendar,1,12
DJ,2000,calendar,1,12
DJ,2001,calendar,1,12
DJ,2002,calendar,1,12
DJ,2003,calendar,1,12
DJ,2004,calendar,1,12
DJ,2005,calendar,1,12
DJ,2006,calendar,1,12
DJ,2007,calendar,1,12
DJ,2008,calendar,1,12
DJ,2009,calendar,1,12
DJ,2010,calendar,1,12
DJ,2011,calendar,1,12
DJ,2012,calendar,1,12
DJ,2013,calendar,1,12
DJ,2014,calendar,1,12
DJ,2015,calendar,1,12
DJ,2016,calendar,1,12
DJ,2017,calendar,1,12
DJ,2018,calendar,1,12
DJ,2019,calendar,1,12
DZ,2000,calendar,1,12
DZ,2001,calendar,1,12
DZ,2002,calendar,1,12
DZ,2003,calendar,1,12
DZ,2004,calendar,1,12
DZ,2005,calendar,1,12
DZ,2006,calendar,1,12
DZ,2007,calendar,1,12
DZ,2008,calendar,1,12
DZ,2009,calendar,1,12
DZ,2010,calendar,1,12
DZ,2011,calendar,1,12
DZ,2012,calendar,1,12
DZ,2013,calendar,1,12
DZ,2014,calendar,1,12
DZ,2015,calendar,1,12
DZ,2016,calendar,1,12
DZ,2017,calendar,1,12
DZ,2018,calendar,1,12
DZ,2019,calendar,1,12
EG,2000,fiscal,7,6
EG,2001,fiscal,7,6
EG,2002,fiscal,7,6
EG,2003,fiscal,7,6
EG,2004,fiscal,7,6
EG,2005,fiscal,7,6
EG,2006,fiscal,7,6
EG,2007,fiscal,7,6
EG,2008,fiscal,7,6
EG,2009,fiscal,7,6
EG,2010,fiscal,7,6
EG,2011,fiscal,7,6
EG,2012,fiscal,7,6
EG,2013,fiscal,7,6
EG,2014,fiscal,7,6
EG,2015,fiscal,7,6
EG,2016,fiscal,7,6
EG,2017,fiscal,7,6
EG,2018,fiscal,7,6
EG,2019,fiscal,7,6
ET,2000,fiscal,7,6
ET,2001,fiscal,7,6
ET,2002,fiscal,7,6
ET,2003,fiscal,7,6
ET,2004,fiscal,7,6
ET,2005,fiscal,7,6
ET,2006,fiscal,7,6
ET,2007,fiscal,7,6
ET,2008,fiscal,7,6
ET,2009,fiscal,7,6
ET,2010,fiscal,7,6
ET,2011,fiscal,7,6
ET,2012,fiscal,7,6
ET,2013,fiscal,7,6
ET,2014,fiscal,7,6
ET,2015,fiscal,7,6
ET,2016,fiscal,7,6
ET,2017,fiscal,7,6
ET,2018,fiscal,7,6
ET,2019,fiscal,7,6
FJ,2000,calendar,1,12
FJ,2001,calendar,1,12
FJ,2002,calendar,1,12
FJ,2003,calendar,1,12
FJ,2004,calendar,1,12
FJ,2005,calendar,1,12
FJ,2006,calendar,1,12
FJ,2007,calendar,1,12
FJ,2008,calendar,1,12
FJ,2009,calendar,1,12
FJ,2010,calendar,1,12
FJ,2011,calendar,1,12
FJ,2012,calendar,1,12
FJ,2013,calendar,1,12
FJ,2014,calendar,1,12
FJ,2015,calendar,1,12
FJ,2016,calendar,1,12
FJ,2017,calendar,1,12
FJ,2018,calendar,1,12
FJ,2019,calendar,1,12
FM,2000,fiscal,10,9
FM,2001,fiscal,10,9
FM,2002,fiscal,10,9
FM,2003,fiscal,10,9
FM,2004,fiscal,10,9
FM,2005,fiscal,10,9
FM,2006,fiscal,10,9
FM,2007,fiscal,10,9
FM,2008,fiscal,10,9
FM,2009,fiscal,10,9
FM,2010,fiscal,10,9
FM,2011,fiscal,10,9
FM,2012,fiscal,10,9
FM,2013,fiscal,10,9
FM,2014,fiscal,10,9
FM,2015,fiscal,10,9
FM,2016,fiscal,10,9
FM,2017,fiscal,10,9
FM,2018,fiscal,10,9
FM,2019,fiscal,10,9
GA,2000,calendar,1,12
GA,2001,calendar,1,12
GA,2002,calendar,1,12
GA,2003,calendar,1,12
GA,2004,calendar,1,12
GA,2005,calendar,1,12
GA,2006,calendar,1,12
GA,2007,calendar,1,12
GA,2008,calendar,1,12
GA,2009,calendar,1,12
GA,2010,calendar,1,12
GA,2011,calendar,1,12
GA,2012,calendar,1,12
GA,2013,calendar,1,12
GA,2014,calendar,1,12
GA,2015,calendar,1,12
GA,2016,calendar,1,12
GA,2017,calendar,1,12
GA,2018,calendar,1,12
GA,2019,calendar,1,12
GE,2000,calendar,1,12
GE,2001,calendar,1,12
GE,2002,calendar,1,12
GE,2003,calendar,1,12
GE,2004,calendar,1,12
GE,2005,calendar,1,12
GE,2006,calendar,1,12
GE,2007,calendar,1,12
GE,2008,calendar,1,12
GE,2009,calendar,1,12
GE,2010,calendar,1,12
GE,2011,calendar,1,12
GE,2012,calendar,1,12
GE,2013,calendar,1,12
GE,2014,calendar,1,12
GE,2015,calendar,1,12
GE,2016,calendar,1,12
GE,2017,calendar,1,12
GE,2018,calendar,1,12
GE,2019,calendar,1,12
GH,2000,calendar,1,12
GH,2001,calendar,1,12
GH,2002,calendar,1,12
GH,2003,calendar,1,12
GH,2004,calendar,1,12
GH,2005,calendar,1,12
GH,2006,calendar,1,12
GH,2007,calendar,1,12
GH,2008,calendar,1,12
GH,2009,calendar,1,12
GH,2010,calendar,1,12
GH,2011,calendar,1,12
GH,2012,calendar,1,12
GH,2013,calendar,1,12
GH,2014,calendar,1,12
GH,2015,calendar,1,12
GH,2016,calendar,1,12
GH,2017,calendar,1,12
GH,2018,calendar,1,12
GH,2019,calendar,1,12
GM,2000,calendar,1,12
GM,2001,calendar,1,12
GM,2002,calendar,1,12
GM,2003,calendar,1,12
GM,2004,calendar,1,12
GM,2005,calendar,1,12
GM,2006,calendar,1,12
GM,2007,calendar,1,12
GM,2008,calendar,1,12
GM,2009,calendar,1,12
GM,2010,calendar,1,12
GM,2011,calendar,1,12
GM,2012,calendar,1,12
GM,2013,calendar,1,12
GM,2014,calendar,1,12
GM,2015,calendar,1,12
GM,2016,calendar,1,12
GM,2017,calendar,1,12
GM,2018,calendar,1,12
GM,2019,calendar,1,12
GN,2000,calendar,1,12
GN,2001,calendar,1,12
GN,2002,calendar,1,12
GN,2003,calendar,1,12
GN,2004,calendar,1,12
GN,2005,calendar,1,12
GN,2006,calendar,1,12
GN,2007,calendar,1,12
GN,2008,calendar,1,12
GN,2009,calendar,1,12
GN,2010,calendar,1,12
GN,2011,calendar,1,12
GN,2012,calendar,1,12
GN,2013,calendar,1,12
GN,2014,calendar,1,12
GN,2015,calendar,1,12
GN,2016,calendar,1,12
GN,2017,calendar,1,12
GN,2018,calendar,1,12
GN,2019,calendar,1,12
GQ,2000,calendar,1,12
GQ,2001,calendar,1,12
GQ,2002,calendar,1,12
GQ,2003,calendar,1,12
GQ,2004,calendar,1,12
GQ,2005,calendar,1,12
GQ,2006,calendar,1,12
GQ,2007,calendar,1,12
GQ,2008,calendar,1,12
GQ,2009,calendar,1,12
GQ,2010,calendar,1,12
GQ,2011,calendar,1,12
GQ,2012,calendar,1,12
GQ,2013,calendar,1,12
GQ,2014,calendar,1,12
GQ,2015,calendar,1,12
GQ,2016,calendar,1,12
GQ,2017,calendar,1,12
GQ,2018,calendar,1,12
GQ,2019,calendar,1,12
GT,2000,calendar,1,12
GT,2001,calendar,1,12
GT,2002,calendar,1,12
GT,2003,calendar,1,12
GT,2004,calendar,1,12
GT,2005,calendar,1,12
GT,2006,calendar,1,12
GT,2007,calendar,1,12
GT,2008,calendar,1,12
GT,2009,calendar,1,12
GT,2010,calendar,1,12
GT,2011,calendar,1,12
GT,2012,calendar,1,12
GT,2013,calendar,1,12
GT,2014,calendar,1,12
GT,2015,calendar,1,12
GT,2016,calendar,1,12
GT,2017,calendar,1,12
GT,2018,calendar,1,12
GT,2019,calendar,1,12
GW,2000,calendar,1,12
GW,2001,calendar,1,12
GW,2002,calendar,1,12
GW,2003,calendar,1,12
GW,2004,calendar,1,12
GW,2005,calendar,1,12
GW,2006,calendar,1,12
GW,2007,calendar,1,12
GW,2008,calendar,1,12
GW,2009,calendar,1,12
GW,2010,calendar,1,12
GW,2011,calendar,1,12
GW,2012,calendar,1,12
GW,2013,calendar,1,12
GW,2014,calendar,1,12
GW,2015,calendar,1,12
GW,2016,calendar,1,12
GW,2017,calendar,1,12
GW,2018,calendar,1,12
GW,2019,calendar,1,12
GY,2000,calendar,1,12
GY,2001,calendar,1,12
GY,2002,calendar,1,12
GY,2003,calendar,1,12
GY,2004,calendar,1,12
GY,2005,calendar,1,12
GY,2006,calendar,1,12
GY,2007,calendar,1,12
GY,2008,calendar,1,12
GY,2009,calendar,1,12
GY,2010,calendar,1,12
GY,2011,calendar,1,12
GY,2012,calendar,1,12
GY,2013,calendar,1,12
GY,2014,calendar,1,12
GY,2015,calendar,1,12
GY,2016,calendar,1,12
GY,2017,calendar,1,12
GY,2018,calendar,1,12
GY,2019,calendar,1,12
HN,2000,calendar,1,12
HN,2001,calendar,1,12
HN,2002,calendar,1,12
HN,2003,calendar,1,12
HN,2004,calendar,1,12
HN,2005,calendar,1,12
HN,2006,calendar,1,12
HN,2007,calendar,1,12
HN,2008,calendar,1,12
HN,2009,calendar,1,12
HN,2010,calendar,1,12
HN,2011,calendar,1,12
HN,2012,calendar,1,12
HN,2013,calendar,1,12
HN,2014,calendar,1,12
HN,2015,calendar,1,12
HN,2016,calendar,1,12
HN,2017,calendar,1,12
HN,2018,calendar,1,12
HN,2019,calendar,1,12
HT,2000,fiscal,10,9
HT,2001,fiscal,10,9
HT,2002,fiscal,10,9
HT,2003,fiscal,10,9
HT,2004,fiscal,10,9
HT,2005,fiscal,10,9
HT,2006,fiscal,10,9
HT,2007,fiscal,10,9
HT,2008,fiscal,10,9
HT,2009,fiscal,10,9
HT,2010,fiscal,10,9
HT,2011,fiscal,10,9
HT,2012,fiscal,10,9
HT,2013,fiscal,10,9
HT,2014,fiscal,10,9
HT,2015,fiscal,10,9
HT,2016,fiscal,10,9
HT,2017,fiscal,10,9
HT,2018,fiscal,10,9
HT,2019,fiscal,10,9
ID,2000,calendar,1,12
ID,2001,calendar,1,12
ID,2002,calendar,1,12
ID,2003,calendar,1,12
ID,2004,calendar,1,12
ID,2005,calendar,1,12
ID,2006,calendar,1,12
ID,2007,calendar,1,12
ID,2008,calendar,1,12
ID,2009,calendar,1,12
ID,2010,calendar,1,12
ID,2011,calendar,1,12
ID,2012,calendar,1,12
ID,2013,calendar,1,12
ID,2014,calendar,1,12
ID,2015,calendar,1,12
ID,2016,calendar,1,12
ID,2017,calendar,1,12
ID,2018,calendar,1,12
ID,2019,calendar,1,12
IN,2000,fiscal,4,3
IN,2001,fiscal,4,3
IN,2002,fiscal,4,3
IN,2003,fiscal,4,3
IN,2004,fiscal,4,3
IN,2005,fiscal,4,3
IN,2006,fiscal,4,3
IN,2007,fiscal,4,3
IN,2008,fiscal,4,3
IN,2009,fiscal,4,3
IN,2010,fiscal,4,3
IN,2011,fiscal,4,3
IN,2012,fiscal,4,3
IN,2013,fiscal,4,3
IN,2014,fiscal,4,3
IN,2015,fiscal,4,3
IN,2016,fiscal,4,3
IN,2017,fiscal,4,3
IN,2018,fiscal,4,3
IN,2019,fiscal,4,3
IQ,2000,calendar,1,12
IQ,2001,calendar,1,12
IQ,2002,calendar,1,12
IQ,2003,calendar,1,12
IQ,2004,calendar,1,12
IQ,2005,calendar,1,12
IQ,2006,calendar,1,12
IQ,2007,calendar,1,12
IQ,2008,calendar,1,12
IQ,2009,calendar,1,12
IQ,2010,calendar,1,12
IQ,2011,calendar,1,12
IQ,2012,calendar,1,12
IQ,2013,calendar,1,12
IQ,2014,calendar,1,12
IQ,2015,calendar,1,12
IQ,2016,calendar,1,12
IQ,2017,calendar,1,12
IQ,2018,calendar,1,12
IQ,2019,calendar,1,12
IR,2000,fiscal,4,3
IR,2001,fiscal,4,3
IR,2002,fiscal,4,3
IR,2003,fiscal,4,3
IR,2004,fiscal,4,3
IR,2005,fiscal,4,3
IR,2006,fiscal,4,3
IR,2007,fiscal,4,3
IR,2008,fiscal,4,3
IR,2009,fiscal,4,3
IR,2010,fiscal,4,3
IR,2011,fiscal,4,3
IR,2012,fiscal,4,3
IR,2013,fiscal,4,3
IR,2014,fiscal,4,3
IR,2015,fiscal,4,3
IR,2016,fiscal,4,3
IR,2017,fiscal,4,3
IR,2018,fiscal,4,3
IR,2019,fiscal,4,3
KE,2000,fiscal,7,6
KE,2001,fiscal,7,6
KE,2002,fiscal,7,6
KE,2003,fiscal,7,6
KE,2004,fiscal,7,6
KE,2005,fiscal,7,6
KE,2006,fiscal,7,6
KE,2007,fiscal,7,6
KE,2008,fiscal,7,6
KE,2009,fiscal,7,6
KE,2010,fiscal,7,6
KE,2011,fiscal,7,6
KE,2012,fiscal,7,6
KE,2013,fiscal,7,6
KE,2014,fiscal,7,6
KE,2015,fiscal,7,6
KE,2016,fiscal,7,6
KE,2017,fiscal,7,6
KE,2018,fiscal,7,6
KE,2019,fiscal,7,6
KG,2000,calendar,1,12
KG,2001,calendar,1,12
KG,2002,calendar,1,12
KG,2003,calendar,1,12
KG,2004,calendar,1,12
KG,2005,calendar,1,12
KG,2006,calendar,1,12
KG,2007,calendar,1,12
KG,2008,calendar,1,12
KG,2009,calendar,1,12
KG,2010,calendar,1,12
KG,2011,calendar,1,12
KG,2012,calendar,1,12
KG,2013,calendar,1,12
KG,2014,calendar,1,12
KG,2015,calendar,1,12
KG,2016,calendar,1,12
KG,2017,calendar,1,12
KG,2018,calendar,1,12
KG,2019,calendar,1,12
KH,2000,calendar,1,12
KH,2001,calendar,1,12
KH,2002,calendar,1,12
KH,2003,calendar,1,12
KH,2004,calendar,1,12
KH,2005,calendar,1,12
KH,2006,calendar,1,12
KH,2007,calendar,1,12
KH,2008,calendar,1,12
KH,2009,calendar,1,12
KH,2010,calendar,1,12
KH,2011,calendar,1,12
KH,2012,calendar,1,12
KH,2013,calendar,1,12
KH,2014,calendar,1,12
KH,2015,calendar,1,12
KH,2016,calendar,1,12
KH,2017,calendar,1,12
KH,2018,calendar,1,12
KH,2019,calendar,1,12
KI,2000,calendar,1,12
KI,2001,calendar,1,12
KI,2002,calendar,1,12
KI,2003,calendar,1,12
KI,2004,calendar,1,12
KI,2005,calendar,1,12
KI,2006,calendar,1,12
KI,2007,calendar,1,12
KI,2008,calendar,1,12
KI,2009,calendar,1,12
KI,2010,calendar,1,12
KI,2011,calendar,1,12
KI,2012,calendar,1,12
KI,2013,calendar,1,12
KI,2014,calendar,1,12
KI,2015,calendar,1,12
KI,2016,calendar,1,12
KI,2017,calendar,1,12
KI,2018,calendar,1,12
KI,2019,calendar,1,12
KM,2000,calendar,1,12
KM,2001,calendar,1,12
KM,2002,calendar,1,12
KM,2003,calendar,1,12
KM,2004,calendar,1,12
KM,2005,calendar,1,12
KM,2006,calendar,1,12
KM,2007,calendar,1,12
KM,2008,calendar,1,12
KM,2009,calendar,1,12
KM,2010,calendar,1,12
KM,2011,calendar,1,12
KM,2012,calendar,1,12
KM,2013,calendar,1,12
KM,2014,calendar,1,12
KM,2015,calendar,1,12
KM,2016,calendar,1,12
KM,2017,calendar,1,12
KM,2018,calendar,1,12
KM,2019,calendar,1,12
LA,2000,fiscal,10,9
LA,2001,fiscal,10,9
LA,2002,fiscal,10,9
LA,2003,fiscal,10,9
LA,2004,fiscal,10,9
LA,2005,fiscal,10,9
LA,2006,fiscal,10,9
LA,2007,fiscal,10,9
LA,2008,fiscal,10,9
LA,2009,fiscal,10,9
LA,2010,fiscal,10,9
LA,2011,fiscal,10,9
LA,2012,fiscal,10,9
LA,2013,fiscal,10,9
LA,2014,fiscal,10,9
LA,2015,fiscal,10,9
LA,2016,fiscal,10,9
LA,2017,fiscal,10,9
LA,2018,fiscal,10,9
LA,2019,fiscal,10,9
LK,2000,calendar,1,12
LK,2001,calendar,1,12
LK,2002,calendar,1,12
LK,2003,calendar,1,12
LK,2004,calendar,1,12
LK,2005,calendar,1,12
LK,2006,calendar,1,12
LK,2007,calendar,1,12
LK,2008,calendar,1,12
LK,2009,calendar,1,12
LK,2010,calendar,1,12
LK,2011,calendar,1,12
LK,2012,calendar,1,12
LK,2013,calendar,1,12
LK,2014,calendar,1,12
LK,2015,calendar,1,12
LK,2016,calendar,1,12
LK,2017,calendar,1,12
LK,2018,calendar,1,12
LK,2019,calendar,1,12
LR,2000,calendar,1,12
LR,2001,calendar,1,12
LR,2002,calendar,1,12
LR,2003,calendar,1,12
LR,2004,calendar,1,12
LR,2005,calendar,1,12
LR,2006,calendar,1,12
LR,2007,calendar,1,12
LR,2008,calendar,1,12
LR,2009,calendar,1,12
LR,2010,calendar,1,12
LR,2011,calendar,1,12
LR,2012,calendar,1,12
LR,2013,calendar,1,12
LR,2014,calendar,1,12
LR,2015,calendar,1,12
LR,2016,calendar,1,12
LR,2017,calendar,1,12
LR,2018,calendar,1,12
LR,2019,calendar,1,12
LS,2000,fiscal,4,3
LS,2001,fiscal,4,3
LS,2002,fiscal,4,3
LS,2003,fiscal,4,3
LS,2004,fiscal,4,3
LS,2005,fiscal,4,3
LS,2006,fiscal,4,3
LS,2007,fiscal,4,3
LS,2008,fiscal,4,3
LS,2009,fiscal,4,3
LS,2010,fiscal,4,3
LS,2011,fiscal,4,3
LS,2012,fiscal,4,3
LS,2013,fiscal,4,3
LS,2014,fiscal,4,3
LS,2015,fiscal,4,3
LS,2016,fiscal,4,3
LS,2017,fiscal,4,3
LS,2018,fiscal,4,3
LS,2019,fiscal,4,3
LY,2000,calendar,1,12
LY,2001,calendar,1,12
LY,2002,calendar,1,12
LY,2003,calendar,1,12
LY,2004,calendar,1,12
LY,2005,calendar,1,12
LY,2006,calendar,1,12
LY,2007,calendar,1,12
LY,2008,calendar,1,12
LY,2009,calendar,1,12
LY,2010,calendar,1,12
LY,2011,calendar,1,12
LY,2012,calendar,1,12
LY,2013,calendar,1,12
LY,2014,calendar,1,12
LY,2015,calendar,1,12
LY,2016,calendar,1,12
LY,2017,calendar,1,12
LY,2018,calendar,1,12
LY,2019,calendar,1,12
MA,2000,calendar,1,12
MA,2001,calendar,1,12
MA,2002,calendar,1,12
MA,2003,calendar,1,12
MA,2004,calendar,1,12
MA,2005,calendar,1,12
MA,2006,calendar,1,12
MA,2007,calendar,1,12
MA,2008,calendar,1,12
MA,2009,calendar,1,12
MA,2010,calendar,1,12
MA,2011,calendar,1,12
MA,2012,calendar,1,12
MA,2013,calendar,1,12
MA,2014,calendar,1,12
MA,2015,calendar,1,12
MA,2016,calendar,1,12
MA,2017,calendar,1,12
MA,2018,calendar,1,12
MA,2019,calendar,1,12
MD,2000,calendar,1,12
MD,2001,calendar,1,12
MD,2002,calendar,1,12
MD,2003,calendar,1,12
MD,2004,calendar,1,12
MD,2005,calendar,1,12
MD,2006,calendar,1,12
MD,2007,calendar,1,12
MD,2008,calendar,1,12
MD,2009,calendar,1,12
MD,2010,calendar,1,12
MD,2011,calendar,1,12
MD,2012,calendar,1,12
MD,2013,calendar,1,12
MD,2014,calendar,1,12
MD,2015,calendar,1,12
MD,2016,calendar,1,12
MD,2017,calendar,1,12
MD,2018,calendar,1,12
MD,2019,calendar,1,12
MG,2000,calendar,1,12
MG,2001,calendar,1,12
MG,2002,calendar,1,12
MG,2003,calendar,1,12
MG,2004,calendar,1,12
MG,2005,calendar,1,12
MG,2006,calendar,1,12
MG,2007,calendar,1,12
MG,2008,calendar,1,12
MG,2009,calendar,1,12
MG,2010,calendar,1,12
MG,2011,calendar,1,12
MG,2012,calendar,1,12
MG,2013,calendar,1,12
MG,2014,calendar,1,12
MG,2015,calendar,1,12
MG,2016,calendar,1,12
MG,2017,calendar,1,12
MG,2018,calendar,1,12
MG,2019,calendar,1,12
MH,2000,fiscal,10,9
MH,2001,fiscal,10,9
MH,2002,fiscal,10,9
MH,2003,fiscal,10,9
MH,2004,fiscal,10,9
MH,2005,fiscal,10,9
MH,2006,fiscal,10,9
MH,2007,fiscal,10,9
MH,2008,fiscal,10,9
MH,2009,fiscal,10,9
MH,2010,fiscal,10,9
MH,2011,fiscal,10,9
MH,2012,fiscal,10,9
MH,2013,fiscal,10,9
MH,2014,fiscal,10,9
MH,2015,fiscal,10,9
MH,2016,fiscal,10,9
MH,2017,fiscal,10,9
MH,2018,fiscal,10,9
MH,2019,fiscal,10,9
ML,2000,calendar,1,12
ML,2001,calendar,1,12
ML,2002,calendar,1,12
ML,2003,calendar,1,12
ML,2004,calendar,1,12
ML,2005,calendar,1,12
ML,2006,calendar,1,12
ML,2007,calendar,1,12
ML,2008,calendar,1,12
ML,2009,calendar,1,12
ML,2010,calendar,1,12
ML,2011,calendar,1,12
ML,2012,calendar,1,12
ML,2013,calendar,1,12
ML,2014,calendar,1,12
ML,2015,calendar,1,12
ML,2016,calendar,1,12
ML,2017,calendar,1,12
ML,2018,calendar,1,12
ML,2019,calendar,1,12
MM,2000,fiscal,4,3
MM,2001,fiscal,4,3
MM,2002,fiscal,4,3
MM,2003,fiscal,4,3
MM,2004,fiscal,4,3
MM,2005,fiscal,4,3
MM,2006,fiscal,4,3
MM,2007,fiscal,4,3
MM,2008,fiscal,4,3
MM,2009,fiscal,4,3
MM,2010,fiscal,4,3
MM,2011,fiscal,4,3
MM,2012,fiscal,4,3
MM,2013,fiscal,4,3
MM,2014,fiscal,4,3
MM,2015,fiscal,4,3
MM,2016,fiscal,4,3
MM,2017,fiscal,4,3
MM,2018,fiscal,4,3
MM,2019,fiscal,4,3
MN,2000,calendar,1,12
MN,2001,calendar,1,12
MN,2002,calendar,1,12
MN,2003,calendar,1,12
MN,2004,calendar,1,12
MN,2005,calendar,1,12
MN,2006,calendar,1,12
MN,2007,calendar,1,12
MN,2008,calendar,1,12
MN,2009,calendar,1,12
MN,2010,calendar,1,12
MN,2011,calendar,1,12
MN,2012,calendar,1,12
MN,2013,calendar,1,12
MN,2014,calendar,1,12
MN,2015,calendar,1,12
MN,2016,calendar,1,12
MN,2017,calendar,1,12
MN,2018,calendar,1,12
MN,2019,calendar,1,12
MR,2000,calendar,1,12
MR,2001,calendar,1,12
MR,2002,calendar,1,12
MR,2003,calendar,1,12
MR,2004,calendar,1,12
MR,2005,calendar,1,12
MR,2006,calendar,1,12
MR,2007,calendar,1,12
MR,2008,calendar,1,12
MR,2009,calendar,1,12
MR,2010,calendar,1,12
MR,2011,calendar,1,12
MR,2012,calendar,1,12
MR,2013,calendar,1,12
MR,2014,calendar,1,12
MR,2015,calendar,1,12
MR,2016,calendar,1,12
MR,2017,calendar,1,12
MR,2018,calendar,1,12
MR,2019,calendar,1,12
MU,2000,fiscal,7,6
MU,2001,fiscal,7,6
MU,2002,fiscal,7,6
MU,2003,fiscal,7,6
MU,2004,fiscal,7,6
MU,2005,fiscal,7,6
MU,2006,fiscal,7,6
MU,2007,fiscal,7,6
MU,2008,fiscal,7,6
MU,2009,calendar,1,12
MU,2010,calendar,1,12
MU,2011,calendar,1,12
MU,2012,calendar,1,12
MU,2013,calendar,1,12
MU,2014,calendar,1,12
MU,2015,calendar,1,12
MU,2016,calendar,1,12
MU,2017,calendar,1,12
MU,2018,calendar,1,12
MU,2019,calendar,1,12
MW,2000,fiscal,7,6
MW,2001,fiscal,7,6
MW,2002,fiscal,7,6
MW,2003,fiscal,7,6
MW,2004,fiscal,7,6
MW,2005,fiscal,7,6
MW,2006,fiscal,7,6
MW,2007,fiscal,7,6
MW,2008,fiscal,7,6
MW,2009,fiscal,7,6
MW,2010,fiscal,7,6
MW,2011,fiscal,7,6
MW,2012,fiscal,7,6
MW,2013,fiscal,7,6
MW,2014,fiscal,7,6
MW,2015,fiscal,7,6
MW,2016,fiscal,7,6
MW,2017,fiscal,7,6
MW,2018,fiscal,7,6
MW,2019,fiscal,7,6
MX,2000,calendar,1,12
MX,2001,calendar,1,12
MX,2002,calendar,1,12
MX,2003,calendar,1,12
MX,2004,calendar,1,12
MX,2005,calendar,1,12
MX,2006,calendar,1,12
MX,2007,calendar,1,12
MX,2008,calendar,1,12
MX,2009,calendar,1,12
MX,2010,calendar,1,12
MX,2011,calendar,1,12
MX,2012,calendar,1,12
MX,2013,calendar,1,12
MX,2014,calendar,1,12
MX,2015,calendar,1,12
MX,2016,calendar,1,12
MX,2017,calendar,1,12
MX,2018,calendar,1,12
MX,2019,calendar,1,12
MZ,2000,calendar,1,12
MZ,2001,calendar,1,12
MZ,2002,calendar,1,12
MZ,2003,calendar,1,12
MZ,2004,calendar,1,12
MZ,2005,calendar,1,12
MZ,2006,calendar,1,12
MZ,2007,calendar,1,12
MZ,2008,calendar,1,12
MZ,2009,calendar,1,12
MZ,2010,calendar,1,12
MZ,2011,calendar,1,12
MZ,2012,calendar,1,12
MZ,2013,calendar,1,12
MZ,2014,calendar,1,12
MZ,2015,calendar,1,12
MZ,2016,calendar,1,12
MZ,2017,calendar,1,12
MZ,2018,calendar,1,12
MZ,2019,calendar,1,12
NA,2000,fiscal,4,3
NA,2001,fiscal,4,3
NA,2002,fiscal,4,3
NA,2003,fiscal,4,3
NA,2004,fiscal,4,3
NA,2005,fiscal,4,3
NA,2006,fiscal,4,3
NA,2007,fiscal,4,3
NA,2008,fiscal,4,3
NA,2009,fiscal,4,3
NA,2010,fiscal,4,3
NA,2011,fiscal,4,3
NA,2012,fiscal,4,3
NA,2013,fiscal,4,3
NA,2014,fiscal,4,3
NA,2015,fiscal,4,3
NA,2016,fiscal,4,3
NA,2017,fiscal,4,3
NA,2018,fiscal,4,3
NA,2019,fiscal,4,3
NE,2000,calendar,1,12
NE,2001,calendar,1,12
NE,2002,calendar,1,12
NE,2003,calendar,1,12
NE,2004,calendar,1,12
NE,2005,calendar,1,12
NE,2006,calendar,1,12
NE,2007,calendar,1,12
NE,2008,calendar,1,12
NE,2009,calendar,1,12
NE,2010,calendar,1,12
NE,2011,calendar,1,12
NE,2012,calendar,1,12
NE,2013,calendar,1,12
NE,2014,calendar,1,12
NE,2015,calendar,1,12
NE,2016,calendar,1,12
NE,2017,calendar,1,12
NE,2018,calendar,1,12
NE,2019,calendar,1,12
NG,2000,calendar,1,12
NG,2001,calendar,1,12
NG,2002,calendar,1,12
NG,2003,calendar,1,12
NG,2004,calendar,1,12
NG,2005,calendar,1,12
NG,2006,calendar,1,12
NG,2007,calendar,1,12
NG,2008,calendar,1,12
NG,2009,calendar,1,12
NG,2010,calendar,1,12
NG,2011,calendar,1,12
NG,2012,calendar,1,12
NG,2013,calendar,1,12
NG,2014,calendar,1,12
NG,2015,calendar,1,12
NG,2016,calendar,1,12
NG,2017,calendar,1,12
NG,2018,calendar,1,12
NG,2019,calendar,1,12
NI,2000,calendar,1,12
NI,2001,calendar,1,12
NI,2002,calendar,1,12
NI,2003,calendar,1,12
NI,2004,calendar,1,12
NI,2005,calendar,1,12
NI,2006,calendar,1,12
NI,2007,calendar,1,12
NI,2008,calendar,1,12
NI,2009,calendar,1,12
NI,2010,calendar,1,12
NI,2011,calendar,1,12
NI,2012,calendar,1,12
NI,2013,calendar,1,12
NI,2014,calendar,1,12
NI,2015,calendar,1,12
NI,2016,calendar,1,12
NI,2017,calendar,1,12
NI,2018,calendar,1,12
NI,2019,calendar,1,12
NP,2000,fiscal,7,6
NP,2001,fiscal,7,6
NP,2002,fiscal,7,6
NP,2003,fiscal,7,6
NP,2004,fiscal,7,6
NP,2005,fiscal,7,6
NP,2006,fiscal,7,6
NP,2007,fiscal,7,6
NP,2008,fiscal,7,6
NP,2009,fiscal,7,6
NP,2010,fiscal,7,6
NP,2011,fiscal,7,6
NP,2012,fiscal,7,6
NP,2013,fiscal,7,6
NP,2014,fiscal,7,6
NP,2015,fiscal,7,6
NP,2016,fiscal,7,6
NP,2017,fiscal,7,6
NP,2018,fiscal,7,6
NP,2019,fiscal,7,6
PA,2000,calendar,1,12
PA,2001,calendar,1,12
PA,2002,calendar,1,12
PA,2003,calendar,1,12
PA,2004,calendar,1,12
PA,2005,calendar,1,12
PA,2006,calendar,1,12
PA,2007,calendar,1,12
PA,2008,calendar,1,12
PA,2009,calendar,1,12
PA,2010,calendar,1,12
PA,2011,calendar,1,12
PA,2012,calendar,1,12
PA,2013,calendar,1,12
PA,2014,calendar,1,12
PA,2015,calendar,1,12
PA,2016,calendar,1,12
PA,2017,calendar,1,12
PA,2018,calendar,1,12
PA,2019,calendar,1,12
PE,2000,calendar,1,12
PE,2001,calendar,1,12
PE,2002,calendar,1,12
PE,2003,calendar,1,12
PE,2004,calendar,1,12
PE,2005,calendar,1,12
PE,2006,calendar,1,12
PE,2007,calendar,1,12
PE,2008,calendar,1,12
PE,2009,calendar,1,12
PE,2010,calendar,1,12
PE,2011,calendar,1,12
PE,2012,calendar,1,12
PE,2013,calendar,1,12
PE,2014,calendar,1,12
PE,2015,calendar,1,12
PE,2016,calendar,1,12
PE,2017,calendar,1,12
PE,2018,calendar,1,12
PE,2019,calendar,1,12
PG,2000,calendar,1,12
PG,2001,calendar,1,12
PG,2002,calendar,1,12
PG,2003,calendar,1,12
PG,2004,calendar,1,12
PG,2005,calendar,1,12
PG,2006,calendar,1,12
PG,2007,calendar,1,12
PG,2008,calendar,1,12
PG,2009,calendar,1,12
PG,2010,calendar,1,12
PG,2011,calendar,1,12
PG,2012,calendar,1,12
PG,2013,calendar,1,12
PG,2014,calendar,1,12
PG,2015,calendar,1,12
PG,2016,calendar,1,12
PG,2017,calendar,1,12
PG,2018,calendar,1,12
PG,2019,calendar,1,12
PH,2000,calendar,1,12
PH,2001,calendar,1,12
PH,2002,calendar,1,12
PH,2003,calendar,1,12
PH,2004,calendar,1,12
PH,2005,calendar,1,12
PH,2006,calendar,1,12
PH,2007,calendar,1,12
PH,2008,calendar,1,12
PH,2009,calendar,1,12
PH,2010,calendar,1,12
PH,2011,calendar,1,12
PH,2012,calendar,1,12
PH,2013,calendar,1,12
PH,2014,calendar,1,12
PH,2015,calendar,1,12
PH,2016,calendar,1,12
PH,2017,calendar,1,12
PH,2018,calendar,1,12
PH,2019,calendar,1,12
PK,2000,fiscal,7,6
PK,2001,fiscal,7,6
PK,2002,fiscal,7,6
PK,2003,fiscal,7,6
PK,2004,fiscal,7,6
PK,2005,fiscal,7,6
PK,2006,fiscal,7,6
PK,2007,fiscal,7,6
PK,2008,fiscal,7,6
PK,2009,fiscal,7,6
PK,2010,fiscal,7,6
PK,2011,fiscal,7,6
PK,2012,fiscal,7,6
PK,2013,fiscal,7,6
PK,2014,fiscal,7,6
PK,2015,fiscal,7,6
PK,2016,fiscal,7,6
PK,2017,fiscal,7,6
PK,2018,fiscal,7,6
PK,2019,fiscal,7,6
PY,2000,calendar,1,12
PY,2001,calendar,1,12
PY,2002,calendar,1,12
PY,2003,calendar,1,12
PY,2004,calendar,1,12
PY,2005,calendar,1,12
PY,2006,calendar,1,12
PY,2007,calendar,1,12
PY,2008,calendar,1,12
PY,2009,calendar,1,12
PY,2010,calendar,1,12
PY,2011,calendar,1,12
PY,2012,calendar,1,12
PY,2013,calendar,1,12
PY,2014,calendar,1,12
PY,2015,calendar,1,12
PY,2016,calendar,1,12
PY,2017,calendar,1,12
PY,2018,calendar,1,12
PY,2019,calendar,1,12
RW,2000,calendar,1,12
RW,2001,calendar,1,12
RW,2002,calendar,1,12
RW,2003,calendar,1,12
RW,2004,calendar,1,12
RW,2005,calendar,1,12
RW,2006,calendar,1,12
RW,2007,fiscal,7,6
RW,2008,fiscal,7,6
RW,2009,fiscal,7,6
RW,2010,fiscal,7,6
RW,2011,fiscal,7,6
RW,2012,fiscal,7,6
RW,2013,fiscal,7,6
RW,2014,fiscal,7,6
RW,2015,fiscal,7,6
RW,2016,fiscal,7,6
RW,2017,fiscal,7,6
RW,2018,fiscal,7,6
RW,2019,fiscal,7,6
SB,2000,calendar,1,12
SB,2001,calendar,1,12
SB,2002,calendar,1,12
SB,2003,calendar,1,12
SB,2004,calendar,1,12
SB,2005,calendar,1,12
SB,2006,calendar,1,12
SB,2007,calendar,1,12
SB,2008,calendar,1,12
SB,2009,calendar,1,12
SB,2010,calendar,1,12
SB,2011,calendar,1,12
SB,2012,calendar,1,12
SB,2013,calendar,1,12
SB,2014,calendar,1,12
SB,2015,calendar,1,12
SB,2016,calendar,1,12
SB,2017,calendar,1,12
SB,2018,calendar,1,12
SB,2019,calendar,1,12
SC,2000,calendar,1,12
SC,2001,calendar,1,12
SC,2002,calendar,1,12
SC,2003,calendar,1,12
SC,2004,calendar,1,12
SC,2005,calendar,1,12
SC,2006,calendar,1,12
SC,2007,calendar,1,12
SC,2008,calendar,1,12
SC,2009,calendar,1,12
SC,2010,calendar,1,12
SC,2011,calendar,1,12
SC,2012,calendar,1,12
SC,2013,calendar,1,12
SC,2014,calendar,1,12
SC,2015,calendar,1,12
SC,2016,calendar,1,12
SC,2017,calendar,1,12
SC,2018,calendar,1,12
SC,2019,calendar,1,12
SD,2000,calendar,1,12
SD,2001,calendar,1,12
SD,2002,calendar,1,12
SD,2003,calendar,1,12
SD,2004,calendar,1,12
SD,2005,calendar,1,12
SD,2006,calendar,1,12
SD,2007,calendar,1,12
SD,2008,calendar,1,12
SD,2009,calendar,1,12
SD,2010,calendar,1,12
SD,2011,calendar,1,12
SD,2012,calendar,1,12
SD,2013,calendar,1,12
SD,2014,calendar,1,12
SD,2015,calendar,1,12
SD,2016,calendar,1,12
SD,2017,calendar,1,12
SD,2018,calendar,1,12
SD,2019,calendar,1,12
SL,2000,calendar,1,12
SL,2001,calendar,1,12
SL,2002,calendar,1,12
SL,2003,calendar,1,12
SL,2004,calendar,1,12
SL,2005,calendar,1,12
SL,2006,calendar,1,12
SL,2007,calendar,1,12
SL,2008,calendar,1,12
SL,2009,calendar,1,12
SL,2010,calendar,1,12
SL,2011,calendar,1,12
SL,2012,calendar,1,12
SL,2013,calendar,1,12
SL,2014,calendar,1,12
SL,2015,calendar,1,12
SL,2016,calendar,1,12
SL,2017,calendar,1,12
SL,2018,calendar,1,12
SL,2019,calendar,1,12
SN,2000,calendar,1,12
SN,2001,calendar,1,12
SN,2002,calendar,1,12
SN,2003,calendar,1,12
SN,2004,calendar,1,12
SN,2005,calendar,1,12
SN,2006,calendar,1,12
SN,2007,calendar,1,12
SN,2008,calendar,1,12
SN,2009,calendar,1,12
SN,2010,calendar,1,12
SN,2011,calendar,1,12
SN,2012,calendar,1,12
SN,2013,calendar,1,12
SN,2014,calendar,1,12
SN,2015,calendar,1,12
SN,2016,calendar,1,12
SN,2017,calendar,1,12
SN,2018,calendar,1,12
SN,2019,calendar,1,12
SR,2000,calendar,1,12
SR,2001,calendar,1,12
SR,2002,calendar,1,12
SR,2003,calendar,1,12
SR,2004,calendar,1,12
SR,2005,calendar,1,12
SR,2006,calendar,1,12
SR,2007,calendar,1,12
SR,2008,calendar,1,12
SR,2009,calendar,1,12
SR,2010,calendar,1,12
SR,2011,calendar,1,12
SR,2012,calendar,1,12
SR,2013,calendar,1,12
SR,2014,calendar,1,12
SR,2015,calendar,1,12
SR,2016,calendar,1,12
SR,2017,calendar,1,12
SR,2018,calendar,1,12
SR,2019,calendar,1,12
SS,2000,fiscal,7,6
SS,2001,fiscal,7,6
SS,2002,fiscal,7,6
SS,2003,fiscal,7,6
SS,2004,fiscal,7,6
SS,2005,fiscal,7,6
SS,2006,fiscal,7,6
SS,2007,fiscal,7,6
SS,2008,fiscal,7,6
SS,2009,fiscal,7,6
SS,2010,fiscal,7,6
SS,2011,fiscal,7,6
SS,2012,fiscal,7,6
SS,2013,fiscal,7,6
SS,2014,fiscal,7,6
SS,2015,fiscal,7,6
SS,2016,fiscal,7,6
SS,2017,fiscal,7,6
SS,2018,fiscal,7,6
SS,2019,fiscal,7,6
ST,2000,calendar,1,12
ST,2001,calendar,1,12
ST,2002,calendar,1,12
ST,2003,calendar,1,12
ST,2004,calendar,1,12
ST,2005,calendar,1,12
ST,2006,calendar,1,12
ST,2007,calendar,1,12
ST,2008,calendar,1,12
ST,2009,calendar,1,12
ST,2010,calendar,1,12
ST,2011,calendar,1,12
ST,2012,calendar,1,12
ST,2013,calendar,1,12
ST,2014,calendar,1,12
ST,2015,calendar,1,12
ST,2016,calendar,1,12
ST,2017,calendar,1,12
ST,2018,calendar,1,12
ST,2019,calendar,1,12
SV,2000,calendar,1,12
SV,2001,calendar,1,12
SV,2002,calendar,1,12
SV,2003,calendar,1,12
SV,2004,calendar,1,12
SV,2005,calendar,1,12
SV,2006,calendar,1,12
SV,2007,calendar,1,12
SV,2008,calendar,1,12
SV,2009,calendar,1,12
SV,2010,calendar,1,12
SV,2011,calendar,1,12
SV,2012,calendar,1,12
SV,2013,calendar,1,12
SV,2014,calendar,1,12
SV,2015,calendar,1,12
SV,2016,calendar,1,12
SV,2017,calendar,1,12
SV,2018,calendar,1,12
SV,2019,calendar,1,12
SY,2000,calendar,1,12
SY,2001,calendar,1,12
SY,2002,calendar,1,12
SY,2003,calendar,1,12
SY,2004,calendar,1,12
SY,2005,calendar,1,12
SY,2006,calendar,1,12
SY,2007,calendar,1,12
SY,2008,calendar,1,12
SY,2009,calendar,1,12
SY,2010,calendar,1,12
SY,2011,calendar,1,12
SY,2012,calendar,1,12
SY,2013,calendar,1,12
SY,2014,calendar,1,12
SY,2015,calendar,1,12
SY,2016,calendar,1,12
SY,2017,calendar,1,12
SY,2018,calendar,1,12
SY,2019,calendar,1,12
SZ,2000,fiscal,4,3
SZ,2001,fiscal,4,3
SZ,2002,fiscal,4,3
SZ,2003,fiscal,4,3
SZ,2004,fiscal,4,3
SZ,2005,fiscal,4,3
SZ,2006,fiscal,4,3
SZ,2007,fiscal,4,3
SZ,2008,fiscal,4,3
SZ,2009,fiscal,4,3
SZ,2010,fiscal,4,3
SZ,2011,fiscal,4,3
SZ,2012,fiscal,4,3
SZ,2013,fiscal,4,3
SZ,2014,fiscal,4,3
SZ,2015,fiscal,4,3
SZ,2016,fiscal,4,3
SZ,2017,fiscal,4,3
SZ,2018,fiscal,4,3
SZ,2019,fiscal,4,3
TD,2000,calendar,1,12
TD,2001,calendar,1,12
TD,2002,calendar,1,12
TD,2003,calendar,1,12
TD,2004,calendar,1,12
TD,2005,calendar,1,12
TD,2006,calendar,1,12
TD,2007,calendar,1,12
TD,2008,calendar,1,12
TD,2009,calendar,1,12
TD,2010,calendar,1,12
TD,2011,calendar,1,12
TD,2012,calendar,1,12
TD,2013,calendar,1,12
TD,2014,calendar,1,12
TD,2015,calendar,1,12
TD,2016,calendar,1,12
TD,2017,calendar,1,12
TD,2018,calendar,1,12
TD,2019,calendar,1,12
TG,2000,calendar,1,12
TG,2001,calendar,1,12
TG,2002,calendar,1,12
TG,2003,calendar,1,12
TG,2004,calendar,1,12
TG,2005,calendar,1,12
TG,2006,calendar,1,12
TG,2007,calendar,1,12
TG,2008,calendar,1,12
TG,2009,calendar,1,12
TG,2010,calendar,1,12
TG,2011,calendar,1,12
TG,2012,calendar,1,12
TG,2013,calendar,1,12
TG,2014,calendar,1,12
TG,2015,calendar,1,12
TG,2016,calendar,1,12
TG,2017,calendar,1,12
TG,2018,calendar,1,12
TG,2019,calendar,1,12
TJ,2000,calendar,1,12
TJ,2001,calendar,1,12
TJ,2002,calendar,1,12
TJ,2003,calendar,1,12
TJ,2004,calendar,1,12
TJ,2005,calendar,1,12
TJ,2006,calendar,1,12
TJ,2007,calendar,1,12
TJ,2008,calendar,1,12
TJ,2009,calendar,1,12
TJ,2010,calendar,1,12
TJ,2011,calendar,1,12
TJ,2012,calendar,1,12
TJ,2013,calendar,1,12
TJ,2014,calendar,1,12
TJ,2015,calendar,1,12
TJ,2016,calendar,1,12
TJ,2017,calendar,1,12
TJ,2018,calendar,1,12
TJ,2019,calendar,1,12
TL,2000,fiscal,7,6
TL,2001,fiscal,7,6
TL,2002,fiscal,7,6
TL,2003,fiscal,7,6
TL,2004,fiscal,7,6
TL,2005,fiscal,7,6
TL,2006,fiscal,7,6
TL,2007,fiscal,7,6
TL,2008,calendar,1,12
TL,2009,calendar,1,12
TL,2010,calendar,1,12
TL,2011,calendar,1,12
TL,2012,calendar,1,12
TL,2013,calendar,1,12
TL,2014,calendar,1,12
TL,2015,calendar,1,12
TL,2016,calendar,1,12
TL,2017,calendar,1,12
TL,2018,calendar,1,12
TL,2019,calendar,1,12
TN,2000,calendar,1,12
TN,2001,calendar,1,12
TN,2002,calendar,1,12
TN,2003,calendar,1,12
TN,2004,calendar,1,12
TN,2005,calendar,1,12
TN,2006,calendar,1,12
TN,2007,calendar,1,12
TN,2008,calendar,1,12
TN,2009,calendar,1,12
TN,2010,calendar,1,12
TN,2011,calendar,1,12
TN,2012,calendar,1,12
TN,2013,calendar,1,12
TN,2014,calendar,1,12
TN,2015,calendar,1,12
TN,2016,calendar,1,12
TN,2017,calendar,1,12
TN,2018,calendar,1,12
TN,2019,calendar,1,12
TO,2000,fiscal,7,6
TO,2001,fiscal,7,6
TO,2002,fiscal,7,6
TO,2003,fiscal,7,6
TO,2004,fiscal,7,6
TO,2005,fiscal,7,6
TO,2006,fiscal,7,6
TO,2007,fiscal,7,6
TO,2008,fiscal,7,6
TO,2009,fiscal,7,6
TO,2010,fiscal,7,6
TO,2011,fiscal,7,6
TO,2012,fiscal,7,6
TO,2013,fiscal,7,6
TO,2014,fiscal,7,6
TO,2015,fiscal,7,6
TO,2016,fiscal,7,6
TO,2017,fiscal,7,6
TO,2018,fiscal,7,6
TO,2019,fiscal,7,6
TV,2000,calendar,1,12
TV,2001,calendar,1,12
TV,2002,calendar,1,12
TV,2003,calendar,1,12
TV,2004,calendar,1,12
TV,2005,calendar,1,12
TV,2006,calendar,1,12
TV,2007,calendar,1,12
TV,2008,calendar,1,12
TV,2009,calendar,1,12
TV,2010,calendar,1,12
TV,2011,calendar,1,12
TV,2012,calendar,1,12
TV,2013,calendar,1,12
TV,2014,calendar,1,12
TV,2015,calendar,1,12
TV,2016,calendar,1,12
TV,2017,calendar,1,12
TV,2018,calendar,1,12
TV,2019,calendar,1,12
TZ,2000,fiscal,7,6
TZ,2001,fiscal,7,6
TZ,2002,fiscal,7,6
TZ,2003,fiscal,7,6
TZ,2004,fiscal,7,6
TZ,2005,fiscal,7,6
TZ,2006,fiscal,7,6
TZ,2007,fiscal,7,6
TZ,2008,fiscal,7,6
TZ,2009,fiscal,7,6
TZ,2010,fiscal,7,6
TZ,2011,fiscal,7,6
TZ,2012,fiscal,7,6
TZ,2013,fiscal,7,6
TZ,2014,fiscal,7,6
TZ,2015,fiscal,7,6
TZ,2016,fiscal,7,6
TZ,2017,fiscal,7,6
TZ,2018,fiscal,7,6
TZ,2019,fiscal,7,6
UA,2000,calendar,1,12
UA,2001,calendar,1,12
UA,2002,calendar,1,12
UA,2003,calendar,1,12
UA,2004,calendar,1,12
UA,2005,calendar,1,12
UA,2006,calendar,1,12
UA,2007,calendar,1,12
UA,2008,calendar,1,12
UA,2009,calendar,1,12
UA,2010,calendar,1,12
UA,2011,calendar,1,12
UA,2012,calendar,1,12
UA,2013,calendar,1,12
UA,2014,calendar,1,12
UA,2015,calendar,1,12
UA,2016,calendar,1,12
UA,2017,calendar,1,12
UA,2018,calendar,1,12
UA,2019,calendar,1,12
UG,2000,fiscal,7,6
UG,2001,fiscal,7,6
UG,2002,fiscal,7,6
UG,2003,fiscal,7,6
UG,2004,fiscal,7,6
UG,2005,fiscal,7,6
UG,2006,fiscal,7,6
UG,2007,fiscal,7,6
UG,2008,fiscal,7,6
UG,2009,fiscal,7,6
UG,2010,fiscal,7,6
UG,2011,fiscal,7,6
UG,2012,fiscal,7,6
UG,2013,fiscal,7,6
UG,2014,fiscal,7,6
UG,2015,fiscal,7,6
UG,2016,fiscal,7,6
UG,2017,fiscal,7,6
UG,2018,fiscal,7,6
UG,2019,fiscal,7,6
UY,2000,calendar,1,12
UY,2001,calendar,1,12
UY,2002,calendar,1,12
UY,2003,calendar,1,12
UY,2004,calendar,1,12
UY,2005,calendar,1,12
UY,2006,calendar,1,12
UY,2007,calendar,1,12
UY,2008,calendar,1,12
UY,2009,calendar,1,12
UY,2010,calendar,1,12
UY,2011,calendar,1,12
UY,2012,calendar,1,12
UY,2013,calendar,1,12
UY,2014,calendar,1,12
UY,2015,calendar,1,12
UY,2016,calendar,1,12
UY,2017,calendar,1,12
UY,2018,calendar,1,12
UY,2019,calendar,1,12
UZ,2000,calendar,1,12
UZ,2001,calendar,1,12
UZ,2002,calendar,1,12
UZ,2003,calendar,1,12
UZ,2004,calendar,1,12
UZ,2005,calendar,1,12
UZ,2006,calendar,1,12
UZ,2007,calendar,1,12
UZ,2008,calendar,1,12
UZ,2009,calendar,1,12
UZ,2010,calendar,1,12
UZ,2011,calendar,1,12
UZ,2012,calendar,1,12
UZ,2013,calendar,1,12
UZ,2014,calendar,1,12
UZ,2015,calendar,1,12
UZ,2016,calendar,1,12
UZ,2017,calendar,1,12
UZ,2018,calendar,1,12
UZ,2019,calendar,1,12
VN,2000,calendar,1,12
VN,2001,calendar,1,12
VN,2002,calendar,1,12
VN,2003,calendar,1,12
VN,2004,calendar,1,12
VN,2005,calendar,1,12
VN,2006,calendar,1,12
VN,2007,calendar,1,12
VN,2008,calendar,1,12
VN,2009,calendar,1,12
VN,2010,calendar,1,12
VN,2011,calendar,1,12
VN,2012,calendar,1,12
VN,2013,calendar,1,12
VN,2014,calendar,1,12
VN,2015,calendar,1,12
VN,2016,calendar,1,12
VN,2017,calendar,1,12
VN,2018,calendar,1,12
VN,2019,calendar,1,12
VU,2000,calendar,1,12
VU,2001,calendar,1,12
VU,2002,calendar,1,12
VU,2003,calendar,1,12
VU,2004,calendar,1,12
VU,2005,calendar,1,12
VU,2006,calendar,1,12
VU,2007,calendar,1,12
VU,2008,calendar,1,12
VU,2009,calendar,1,12
VU,2010,calendar,1,12
VU,2011,calendar,1,12
VU,2012,calendar,1,12
VU,2013,calendar,1,12
VU,2014,calendar,1,12
VU,2015,calendar,1,12
VU,2016,calendar,1,12
VU,2017,calendar,1,12
VU,2018,calendar,1,12
VU,2019,calendar,1,12
WS,2000,fiscal,7,6
WS,2001,fiscal,7,6
WS,2002,fiscal,7,6
WS,2003,fiscal,7,6
WS,2004,fiscal,7,6
WS,2005,fiscal,7,6
WS,2006,fiscal,7,6
WS,2007,fiscal,7,6
WS,2008,fiscal,7,6
WS,2009,fiscal,7,6
WS,2010,fiscal,7,6
WS,2011,fiscal,7,6
WS,2012,fiscal,7,6
WS,2013,fiscal,7,6
WS,2014,fiscal,7,6
WS,2015,fiscal,7,6
WS,2016,fiscal,7,6
WS,2017,fiscal,7,6
WS,2018,fiscal,7,6
WS,2019,fiscal,7,6
XK,2000,calendar,1,12
XK,2001,calendar,1,12
XK,2002,calendar,1,12
XK,2003,calendar,1,12
XK,2004,calendar,1,12
XK,2005,calendar,1,12
XK,2006,calendar,1,12
XK,2007,calendar,1,12
XK,2008,calendar,1,12
XK,2009,calendar,1,12
XK,2010,calendar,1,12
XK,2011,calendar,1,12
XK,2012,calendar,1,12
XK,2013,calendar,1,12
XK,2014,calendar,1,12
XK,2015,calendar,1,12
XK,2016,calendar,1,12
XK,2017,calendar,1,12
XK,2018,calendar,1,12
XK,2019,calendar,1,12
YE,2000,calendar,1,12
YE,2001,calendar,1,12
YE,2002,calendar,1,12
YE,2003,calendar,1,12
YE,2004,calendar,1,12
YE,2005,calendar,1,12
YE,2006,calendar,1,12
YE,2007,calendar,1,12
YE,2008,calendar,1,12
YE,2009,calendar,1,12
YE,2010,calendar,1,12
YE,2011,calendar,1,12
YE,2012,calendar,1,12
YE,2013,calendar,1,12
YE,2014,calendar,1,12
YE,2015,calendar,1,12
YE,2016,calendar,1,12
YE,2017,calendar,1,12
YE,2018,calendar,1,12
YE,2019,calendar,1,12
ZA,2000,fiscal,4,3
ZA,2001,fiscal,4,3
ZA,2002,fiscal,4,3
ZA,2003,fiscal,4,3
ZA,2004,fiscal,4,3
ZA,2005,fiscal,4,3
ZA,2006,fiscal,4,3
ZA,2007,fiscal,4,3
ZA,2008,fiscal,4,3
ZA,2009,fiscal,4,3
ZA,2010,fiscal,4,3
ZA,2011,fiscal,4,3
ZA,2012,fiscal,4,3
ZA,2013,fiscal,4,3
ZA,2014,fiscal,4,3
ZA,2015,fiscal,4,3
ZA,2016,fiscal,4,3
ZA,2017,fiscal,4,3
ZA,2018,fiscal,4,3
ZA,2019,fiscal,4,3
ZM,2000,calendar,1,12
ZM,2001,calendar,1,12
ZM,2002,calendar,1,12
ZM,2003,calendar,1,12
ZM,2004,calendar,1,12
ZM,2005,calendar,1,12
ZM,2006,calendar,1,12
ZM,2007,calendar,1,12
ZM,2008,calendar,1,12
ZM,2009,calendar,1,12
ZM,2010,calendar,1,12
ZM,2011,calendar,1,12
ZM,2012,calendar,1,12
ZM,2013,calendar,1,12
ZM,2014,calendar,1,12
ZM,2015,calendar,1,12
ZM,2016,calendar,1,12
ZM,2017,calendar,1,12
ZM,2018,calendar,1,12
ZM,2019,calendar,1,12
ZW,2000,calendar,1,12
ZW,2001,calendar,1,12
ZW,2002,calendar,1,12
ZW,2003,calendar,1,12
ZW,2004,calendar,1,12
ZW,2005,calendar,1,12
ZW,2006,calendar,1,12
ZW,2007,calendar,1,12
ZW,2008,calendar,1,12
ZW,2009,calendar,1,12
ZW,2010,calendar,1,12
ZW,2011,calendar,1,12
ZW,2012,calendar,1,12
ZW,2013,calendar,1,12
ZW,2014,calendar,1,12
ZW,2015,calendar,1,12
ZW,2016,calendar,1,12
ZW,2017,calendar,1,12
ZW,2018,calendar,1,12
ZW,2019,calendar,1,12
