"id-to","entity-to-name","year","value"
"AF","Afghanistan",2001,1088349.29
"AF","Afghanistan",2002,3504684.45
"AF","Afghanistan",2003,5784245.12
"AF","Afghanistan",2004,1485730.2
"AF","Afghanistan",2005,3440056.67
"AF","Afghanistan",2006,3998006.56
"AF","Afghanistan",2007,4492065.24
"AF","Afghanistan",2008,3860868.07
"AF","Afghanistan",2009,4788711.11
"AF","Afghanistan",2010,5524626.22
"AF","Afghanistan",2011,5581110.27
"AF","Afghanistan",2012,5579364.28
"AF","Afghanistan",2013,5720374.92
"AF","Afghanistan",2014,5462107.11
"AF","Afghanistan",2015,6240918.77
"africa","Africa, regional",2004,6166338.57
"africa","Africa, regional",2005,5975875.26
"africa","Africa, regional",2006,6142519.76
"africa","Africa, regional",2011,26.55
"AL","Albania",2001,631197.3
"AL","Albania",2002,500403.18
"AL","Albania",2003,411859.72
"AL","Albania",2004,368421.55
"AL","Albania",2005,326469.1
"AL","Albania",2006,310299.88
"AL","Albania",2007,334156.51
"AL","Albania",2008,496012.48
"AL","Albania",2009,491877.06
"AL","Albania",2010,525445
"AL","Albania",2011,547371.6
"AL","Albania",2012,600814.49
"AL","Albania",2013,492740.5
"AL","Albania",2014,439762.41
"AL","Albania",2015,460294.75
"DZ","Algeria",2001,1630281.34
"DZ","Algeria",2002,1712664.28
"DZ","Algeria",2003,1486846.67
"DZ","Algeria",2004,609757.87
"DZ","Algeria",2005,723736.89
"DZ","Algeria",2006,552102.06
"DZ","Algeria",2007,257448.1
"DZ","Algeria",2008,291842.69
"DZ","Algeria",2009,595920.86
"DZ","Algeria",2010,197189.92
"DZ","Algeria",2011,342381.65
"DZ","Algeria",2012,419822.8
"DZ","Algeria",2013,501240.48
"DZ","Algeria",2014,409053.93
"DZ","Algeria",2015,381897.58
"america","America, regional",2001,2242587.71
"america","America, regional",2002,3407070.34
"america","America, regional",2003,3677410.96
"america","America, regional",2004,1333017.92
"america","America, regional",2005,1008294.45
"america","America, regional",2006,1419368.65
"america","America, regional",2009,6892042.17
"america","America, regional",2010,6136968.63
"america","America, regional",2011,5605796.87
"america","America, regional",2012,4950678.37
"america","America, regional",2013,8030894.06
"america","America, regional",2014,8034021.78
"AO","Angola",2001,2166332.46
"AO","Angola",2002,2402717.31
"AO","Angola",2003,3925988.6
"AO","Angola",2004,2161586.34
"AO","Angola",2005,1695114.77
"AO","Angola",2006,1979607.24
"AO","Angola",2007,2244072.87
"AO","Angola",2008,2380381.69
"AO","Angola",2009,2020403.66
"AO","Angola",2010,1840533.21
"AO","Angola",2011,2047527.39
"AO","Angola",2012,2459715.34
"AO","Angola",2013,3216309.22
"AO","Angola",2014,2594801.98
"AO","Angola",2015,2496553.99
"AR","Argentina",2001,8035.67
"AR","Argentina",2002,408861.14
"AR","Argentina",2003,350355.38
"AR","Argentina",2004,471253.31
"AR","Argentina",2005,504278.33
"AR","Argentina",2006,567037.27
"AR","Argentina",2007,595507.34
"AR","Argentina",2008,584658.82
"AR","Argentina",2009,631697.19
"AR","Argentina",2010,710528.49
"AR","Argentina",2011,582175.37
"AR","Argentina",2012,682282.35
"AR","Argentina",2013,638119.89
"AR","Argentina",2014,606965.43
"AR","Argentina",2015,526867.44
"AM","Armenia",2001,388104.53
"AM","Armenia",2002,408994.05
"AM","Armenia",2003,477518.52
"AM","Armenia",2004,633248.97
"AM","Armenia",2005,564279.28
"AM","Armenia",2006,452962.85
"AM","Armenia",2007,384800.24
"AM","Armenia",2008,494078.77
"AM","Armenia",2009,448685.31
"AM","Armenia",2010,471943.64
"AM","Armenia",2011,496998.19
"AM","Armenia",2012,541824.89
"AM","Armenia",2013,535791.46
"AM","Armenia",2014,441243.15
"AM","Armenia",2015,468927.03
"asia","Asia, regional",2001,4081789.48
"asia","Asia, regional",2002,4321809.96
"asia","Asia, regional",2003,11284632.11
"asia","Asia, regional",2004,2575787.79
"asia","Asia, regional",2005,2598437.47
"asia","Asia, regional",2006,2756020.13
"asia","Asia, regional",2009,8961505.35
"asia","Asia, regional",2010,8482982.52
"asia","Asia, regional",2011,8327200.32
"asia","Asia, regional",2012,9578724.82
"asia","Asia, regional",2013,9882690.64
"asia","Asia, regional",2014,10032171.92
"asia","Asia, regional",2015,11240866.81
"AZ","Azerbaijan",2001,961146.17
"AZ","Azerbaijan",2002,814830.68
"AZ","Azerbaijan",2003,691661.7
"AZ","Azerbaijan",2004,575634.3
"AZ","Azerbaijan",2005,700935.38
"AZ","Azerbaijan",2006,792353.5
"AZ","Azerbaijan",2007,670271.59
"AZ","Azerbaijan",2008,702819.55
"AZ","Azerbaijan",2009,648104.16
"AZ","Azerbaijan",2010,706223.57
"AZ","Azerbaijan",2011,625706.64
"AZ","Azerbaijan",2012,642723.5
"AZ","Azerbaijan",2013,654368.91
"AZ","Azerbaijan",2014,653996.55
"AZ","Azerbaijan",2015,591252.57
"BH","Bahrain",2001,12567.25
"BD","Bangladesh",2001,8717471.05
"BD","Bangladesh",2002,13377346.7
"BD","Bangladesh",2003,28080063.01
"BD","Bangladesh",2004,6907836.63
"BD","Bangladesh",2005,5018515.27
"BD","Bangladesh",2006,6508131.84
"BD","Bangladesh",2007,5923490.79
"BD","Bangladesh",2008,6025629.75
"BD","Bangladesh",2009,6018427.49
"BD","Bangladesh",2010,6199549.81
"BD","Bangladesh",2011,5633492.95
"BD","Bangladesh",2012,5028379.63
"BD","Bangladesh",2013,6663496.48
"BD","Bangladesh",2014,6701905.3
"BD","Bangladesh",2015,7043667.17
"BY","Belarus",2005,300581.68
"BY","Belarus",2006,290617.36
"BY","Belarus",2007,389441.88
"BY","Belarus",2008,416572.45
"BY","Belarus",2009,547165.16
"BY","Belarus",2010,411101.36
"BY","Belarus",2011,398074.76
"BY","Belarus",2012,401411.81
"BY","Belarus",2013,285836.19
"BY","Belarus",2014,265481.05
"BY","Belarus",2015,270954.34
"BZ","Belize",2002,89263.5
"BZ","Belize",2003,96572.15
"BZ","Belize",2012,789.73
"BJ","Benin",2001,2333678.8
"BJ","Benin",2002,4578306.71
"BJ","Benin",2003,2451167.04
"BJ","Benin",2004,2045496.08
"BJ","Benin",2005,2340713.62
"BJ","Benin",2006,1835178.43
"BJ","Benin",2007,1968778.16
"BJ","Benin",2008,2470469.58
"BJ","Benin",2009,2032936.77
"BJ","Benin",2010,1882031.54
"BJ","Benin",2011,1851831.42
"BJ","Benin",2012,2180409.78
"BJ","Benin",2013,2005869.55
"BJ","Benin",2014,1632633.62
"BJ","Benin",2015,1832405.76
"BT","Bhutan",2001,880074.01
"BT","Bhutan",2002,717120.28
"BT","Bhutan",2003,898195.75
"BT","Bhutan",2004,1191900.19
"BT","Bhutan",2005,2386552.6
"BT","Bhutan",2006,1408665.67
"BT","Bhutan",2007,1066772.53
"BT","Bhutan",2008,982614.56
"BT","Bhutan",2009,959684.85
"BT","Bhutan",2010,944451.25
"BT","Bhutan",2011,1130910.09
"BT","Bhutan",2012,1385278.75
"BT","Bhutan",2013,1096489.49
"BT","Bhutan",2014,930656.8
"BT","Bhutan",2015,936487.44
"bilateral-unspecified","Bilateral, unspecified",2001,54405795.3
"bilateral-unspecified","Bilateral, unspecified",2002,58166704.89
"bilateral-unspecified","Bilateral, unspecified",2003,93638131.95
"bilateral-unspecified","Bilateral, unspecified",2004,1656920.27
"bilateral-unspecified","Bilateral, unspecified",2005,1832766.53
"bilateral-unspecified","Bilateral, unspecified",2006,1990320.89
"bilateral-unspecified","Bilateral, unspecified",2009,41733107.63
"bilateral-unspecified","Bilateral, unspecified",2010,0
"bilateral-unspecified","Bilateral, unspecified",2011,14922744.89
"bilateral-unspecified","Bilateral, unspecified",2012,34295310.12
"bilateral-unspecified","Bilateral, unspecified",2013,36422683.15
"bilateral-unspecified","Bilateral, unspecified",2014,29636773.7
"bilateral-unspecified","Bilateral, unspecified",2015,30917547.96
"BO","Bolivia",2001,2239704.88
"BO","Bolivia",2002,2463020.18
"BO","Bolivia",2003,2645404.14
"BO","Bolivia",2004,1373764.56
"BO","Bolivia",2005,1084071.32
"BO","Bolivia",2006,887410.71
"BO","Bolivia",2007,1154345.84
"BO","Bolivia",2008,1190480.84
"BO","Bolivia",2009,1500374.58
"BO","Bolivia",2010,1601102.41
"BO","Bolivia",2011,1537101.6
"BO","Bolivia",2012,1443676.05
"BO","Bolivia",2013,1348217.7
"BO","Bolivia",2014,1117639.33
"BO","Bolivia",2015,1145870.34
"BA","Bosnia & Herzegovina",2001,84209.4
"BA","Bosnia & Herzegovina",2002,77062.41
"BA","Bosnia & Herzegovina",2003,400431.51
"BA","Bosnia & Herzegovina",2004,258986.42
"BA","Bosnia & Herzegovina",2005,357961.65
"BA","Bosnia & Herzegovina",2006,442739.98
"BA","Bosnia & Herzegovina",2007,430153.03
"BA","Bosnia & Herzegovina",2008,435249.84
"BA","Bosnia & Herzegovina",2009,412538.68
"BA","Bosnia & Herzegovina",2010,524693.05
"BA","Bosnia & Herzegovina",2011,412653.04
"BA","Bosnia & Herzegovina",2012,373958.81
"BA","Bosnia & Herzegovina",2013,376854.42
"BA","Bosnia & Herzegovina",2014,590167.83
"BA","Bosnia & Herzegovina",2015,519614.92
"BW","Botswana",2001,405272.22
"BW","Botswana",2002,781566.59
"BW","Botswana",2003,2152858.83
"BW","Botswana",2004,780732.84
"BW","Botswana",2005,867085.91
"BW","Botswana",2006,760744.29
"BW","Botswana",2007,965790.33
"BW","Botswana",2008,1311374.58
"BW","Botswana",2009,1798453.69
"BW","Botswana",2010,1352074.83
"BW","Botswana",2011,1221955.77
"BW","Botswana",2012,1326022.89
"BW","Botswana",2013,1249893.45
"BW","Botswana",2014,712073.86
"BW","Botswana",2015,599677.27
"BR","Brazil",2001,1717890.82
"BR","Brazil",2002,1180620.47
"BR","Brazil",2003,1106105.52
"BR","Brazil",2004,652385.71
"BR","Brazil",2005,764278.44
"BR","Brazil",2006,835101.86
"BR","Brazil",2007,918449.15
"BR","Brazil",2008,1260509.32
"BR","Brazil",2009,1559878.36
"BR","Brazil",2010,1459472.32
"BR","Brazil",2011,1377492.86
"BR","Brazil",2012,2197802.81
"BR","Brazil",2013,1873487.74
"BR","Brazil",2014,1840413.41
"BR","Brazil",2015,1500904.37
"BF","Burkina Faso",2001,2033823.29
"BF","Burkina Faso",2002,2401061.29
"BF","Burkina Faso",2003,2661692.3
"BF","Burkina Faso",2004,1966204.98
"BF","Burkina Faso",2005,1952473.25
"BF","Burkina Faso",2006,1310390.03
"BF","Burkina Faso",2007,2191928.32
"BF","Burkina Faso",2008,2768569.42
"BF","Burkina Faso",2009,3015655.96
"BF","Burkina Faso",2010,2719038.3
"BF","Burkina Faso",2011,2899193
"BF","Burkina Faso",2012,3170749.4
"BF","Burkina Faso",2013,3035851.19
"BF","Burkina Faso",2014,3353259.48
"BF","Burkina Faso",2015,3239732.23
"BI","Burundi",2001,1102755.02
"BI","Burundi",2002,1746182
"BI","Burundi",2003,1395385.16
"BI","Burundi",2004,1141173.97
"BI","Burundi",2005,806781.29
"BI","Burundi",2006,1166135.27
"BI","Burundi",2007,1876292.06
"BI","Burundi",2008,2234722.19
"BI","Burundi",2009,2258181.42
"BI","Burundi",2010,2248617.36
"BI","Burundi",2011,1620145.59
"BI","Burundi",2012,1644248.83
"BI","Burundi",2013,1920847.22
"BI","Burundi",2014,2573402.46
"BI","Burundi",2015,2240265.48
"KH","Cambodia",2001,4290929.19
"KH","Cambodia",2002,4882299.01
"KH","Cambodia",2003,4621986.77
"KH","Cambodia",2004,2984949.56
"KH","Cambodia",2005,2142111.91
"KH","Cambodia",2006,2759265.25
"KH","Cambodia",2007,2842160.42
"KH","Cambodia",2008,4072136.35
"KH","Cambodia",2009,3806751.5
"KH","Cambodia",2010,3928054.32
"KH","Cambodia",2011,3304357.74
"KH","Cambodia",2012,3236750.55
"KH","Cambodia",2013,3881886.57
"KH","Cambodia",2014,3373371.79
"KH","Cambodia",2015,3227738.74
"CM","Cameroon",2001,1576682.55
"CM","Cameroon",2002,3169415.01
"CM","Cameroon",2003,3632993.38
"CM","Cameroon",2004,2959682.94
"CM","Cameroon",2005,2957991.28
"CM","Cameroon",2006,3052717.31
"CM","Cameroon",2007,2166307.05
"CM","Cameroon",2008,1952945.09
"CM","Cameroon",2009,4231177.65
"CM","Cameroon",2010,3855857.57
"CM","Cameroon",2011,3194901.12
"CM","Cameroon",2012,2607733.18
"CM","Cameroon",2013,3514325.41
"CM","Cameroon",2014,2926964.49
"CM","Cameroon",2015,3064886.38
"CV","Cape Verde",2001,1096037.78
"CV","Cape Verde",2002,869492.79
"CV","Cape Verde",2003,688866.79
"CV","Cape Verde",2004,580946.6
"CV","Cape Verde",2005,796529.31
"CV","Cape Verde",2006,1049100.07
"CV","Cape Verde",2007,964161.97
"CV","Cape Verde",2008,1320437.73
"CV","Cape Verde",2009,1338479.09
"CV","Cape Verde",2010,1109138.05
"CV","Cape Verde",2011,1124501.67
"CV","Cape Verde",2012,1190025.77
"CV","Cape Verde",2013,882413.32
"CV","Cape Verde",2014,897115.3
"CV","Cape Verde",2015,1020000
"CF","CAR",2001,1049156.24
"CF","CAR",2002,1351574
"CF","CAR",2003,3549877.94
"CF","CAR",2004,1730964.22
"CF","CAR",2005,2236786.16
"CF","CAR",2006,2794345.48
"CF","CAR",2007,1806126.74
"CF","CAR",2008,2563559.87
"CF","CAR",2009,2156425.87
"CF","CAR",2010,2439895.05
"CF","CAR",2011,2743664.76
"CF","CAR",2012,2179694.31
"CF","CAR",2013,2392100.06
"CF","CAR",2014,2378344.34
"CF","CAR",2015,1781200.46
"central-asia","Central Asia, regional",2012,0
"TD","Chad",2001,1318253.55
"TD","Chad",2002,3655513.51
"TD","Chad",2003,1900134.54
"TD","Chad",2004,2480606.72
"TD","Chad",2005,2237419.17
"TD","Chad",2006,1817904.6
"TD","Chad",2007,2153917.85
"TD","Chad",2008,4648117.63
"TD","Chad",2009,3781191.55
"TD","Chad",2010,3698831.27
"TD","Chad",2011,3408432.7
"TD","Chad",2012,3537986.47
"TD","Chad",2013,3571960.5
"TD","Chad",2014,2676553.26
"TD","Chad",2015,2742082.5
"CL","Chile",2001,85617.78
"CL","Chile",2002,251854.22
"CL","Chile",2003,119379.63
"CL","Chile",2004,225015.19
"CL","Chile",2005,200583.59
"CL","Chile",2006,147326.94
"CL","Chile",2007,188401.84
"CL","Chile",2008,237543.38
"CL","Chile",2009,240683.17
"CL","Chile",2010,171914.94
"CL","Chile",2011,197059.09
"CL","Chile",2012,250234.16
"CL","Chile",2013,190775.06
"CL","Chile",2014,154350.8
"CL","Chile",2015,267018.14
"CN","China",2001,5102312.75
"CN","China",2002,6193792.26
"CN","China",2003,5618893.59
"CN","China",2004,5085854.44
"CN","China",2005,4796981.37
"CN","China",2006,3824113.66
"CN","China",2007,3994059.6
"CN","China",2008,6005640.56
"CN","China",2009,3390652.28
"CN","China",2010,3238533.48
"CN","China",2011,2102910.71
"CN","China",2012,4104111.79
"CN","China",2013,3591175.5
"CN","China",2014,3588552.89
"CN","China",2015,3696191.98
"CO","Colombia",2001,987932.21
"CO","Colombia",2002,1252078.74
"CO","Colombia",2003,585460.39
"CO","Colombia",2004,864199.65
"CO","Colombia",2005,733283.45
"CO","Colombia",2006,817004.77
"CO","Colombia",2007,1122413.53
"CO","Colombia",2008,1665855.23
"CO","Colombia",2009,1823671.82
"CO","Colombia",2010,1731594.21
"CO","Colombia",2011,1557238.58
"CO","Colombia",2012,1525375.76
"CO","Colombia",2013,1436638.22
"CO","Colombia",2014,1506567.69
"CO","Colombia",2015,1060615.37
"KM","Comoros",2001,423593.89
"KM","Comoros",2002,498682.06
"KM","Comoros",2003,1079948.73
"KM","Comoros",2004,379115.75
"KM","Comoros",2005,439058.07
"KM","Comoros",2006,430373.55
"KM","Comoros",2007,533542.05
"KM","Comoros",2008,775887.55
"KM","Comoros",2009,842101.5
"KM","Comoros",2010,764293.04
"KM","Comoros",2011,765939.63
"KM","Comoros",2012,1102114.2
"KM","Comoros",2013,927221.91
"KM","Comoros",2014,919162.77
"KM","Comoros",2015,923383.08
"CG","Congo",2001,381340.9
"CG","Congo",2002,959665
"CG","Congo",2003,410904.69
"CG","Congo",2004,967072.98
"CG","Congo",2005,769233.34
"CG","Congo",2006,1228780.16
"CG","Congo",2007,1392677.42
"CG","Congo",2008,1871964.29
"CG","Congo",2009,2245448.92
"CG","Congo",2010,2173882.76
"CG","Congo",2011,1777063.51
"CG","Congo",2012,1672754.2
"CG","Congo",2013,2059689.56
"CG","Congo",2014,1914709.83
"CG","Congo",2015,1708380.72
"CK","Cook Islands",2001,69963.9
"CK","Cook Islands",2002,93617.15
"CR","Costa Rica",2001,333249.16
"CR","Costa Rica",2002,477808.93
"CR","Costa Rica",2003,328616.31
"CR","Costa Rica",2004,341199.54
"CR","Costa Rica",2005,404591.79
"CR","Costa Rica",2006,475772.05
"CR","Costa Rica",2007,509530.3
"CR","Costa Rica",2008,558639.54
"CR","Costa Rica",2009,602491.24
"CR","Costa Rica",2010,638059.16
"CR","Costa Rica",2011,572872.53
"CR","Costa Rica",2012,689324.69
"CR","Costa Rica",2013,614885.41
"CR","Costa Rica",2014,516357.64
"CR","Costa Rica",2015,508176.23
"CI","Côte d'Ivoire",2001,1197327.73
"CI","Côte d'Ivoire",2002,1637914.33
"CI","Côte d'Ivoire",2003,5083853.73
"CI","Côte d'Ivoire",2004,1074447.29
"CI","Côte d'Ivoire",2005,1298099.86
"CI","Côte d'Ivoire",2006,2343959.44
"CI","Côte d'Ivoire",2007,3737333.81
"CI","Côte d'Ivoire",2008,5076473.15
"CI","Côte d'Ivoire",2009,4712828.83
"CI","Côte d'Ivoire",2010,4808467.49
"CI","Côte d'Ivoire",2011,4643674.44
"CI","Côte d'Ivoire",2012,4568677.39
"CI","Côte d'Ivoire",2013,5026981.73
"CI","Côte d'Ivoire",2014,4265705.14
"CI","Côte d'Ivoire",2015,3749088.57
"CU","Cuba",2001,796484.47
"CU","Cuba",2002,860883.14
"CU","Cuba",2003,721160.41
"CU","Cuba",2004,931815.84
"CU","Cuba",2005,698774.84
"CU","Cuba",2006,673723.34
"CU","Cuba",2007,568296.96
"CU","Cuba",2008,825462.59
"CU","Cuba",2009,614416.69
"CU","Cuba",2010,662525.78
"CU","Cuba",2011,601728.15
"CU","Cuba",2012,790415.3
"CU","Cuba",2013,646098.53
"CU","Cuba",2014,792574.91
"CU","Cuba",2015,710246.29
"DJ","Djibouti",2001,757114.32
"DJ","Djibouti",2002,824009.98
"DJ","Djibouti",2003,377485.55
"DJ","Djibouti",2004,327740.12
"DJ","Djibouti",2005,473558.56
"DJ","Djibouti",2006,686708.58
"DJ","Djibouti",2007,727962.52
"DJ","Djibouti",2008,614711.49
"DJ","Djibouti",2009,917290.66
"DJ","Djibouti",2010,694380.33
"DJ","Djibouti",2011,696190.47
"DJ","Djibouti",2012,652874.04
"DJ","Djibouti",2013,627810.97
"DJ","Djibouti",2014,724913.65
"DJ","Djibouti",2015,1033236.29
"DO","Dominican Republic",2001,1270164.62
"DO","Dominican Republic",2002,1351199.67
"DO","Dominican Republic",2003,779158.62
"DO","Dominican Republic",2004,868220.41
"DO","Dominican Republic",2005,827477.31
"DO","Dominican Republic",2006,804025.98
"DO","Dominican Republic",2007,885883.02
"DO","Dominican Republic",2008,1083986.48
"DO","Dominican Republic",2009,1186752.51
"DO","Dominican Republic",2010,1466136.49
"DO","Dominican Republic",2011,679815.35
"DO","Dominican Republic",2012,704220.84
"DO","Dominican Republic",2013,746597.31
"DO","Dominican Republic",2014,815070.96
"DO","Dominican Republic",2015,879599.94
"CD","DRC",2001,2146740.15
"CD","DRC",2002,2362079.12
"CD","DRC",2003,4245681.64
"CD","DRC",2004,5215513.38
"CD","DRC",2005,5755061
"CD","DRC",2006,5442132.39
"CD","DRC",2007,5314064.97
"CD","DRC",2008,7476471.25
"CD","DRC",2009,8009834.09
"CD","DRC",2010,7028078.31
"CD","DRC",2011,7006427.33
"CD","DRC",2012,6900464.96
"CD","DRC",2013,7207319.7
"CD","DRC",2014,6820777.46
"CD","DRC",2015,9273554.57
"EC","Ecuador",2001,1216415.43
"EC","Ecuador",2002,1617187.67
"EC","Ecuador",2003,1530664.13
"EC","Ecuador",2004,1202870.56
"EC","Ecuador",2005,964203.38
"EC","Ecuador",2006,893971.96
"EC","Ecuador",2007,859797.47
"EC","Ecuador",2008,1062897.95
"EC","Ecuador",2009,895917.91
"EC","Ecuador",2010,1036236.34
"EC","Ecuador",2011,856932.2
"EC","Ecuador",2012,933950.16
"EC","Ecuador",2013,1054329.05
"EC","Ecuador",2014,932637.9
"EC","Ecuador",2015,709503.79
"EG","Egypt",2001,3502886.6
"EG","Egypt",2002,960226.5
"EG","Egypt",2003,2968314.34
"EG","Egypt",2004,2629826.02
"EG","Egypt",2005,1905427.3
"EG","Egypt",2006,2991460.35
"EG","Egypt",2007,2326388.26
"EG","Egypt",2008,2447179.18
"EG","Egypt",2009,2391250.76
"EG","Egypt",2010,2483329.66
"EG","Egypt",2011,2681749.1
"EG","Egypt",2012,2484014.87
"EG","Egypt",2013,1818481.88
"EG","Egypt",2014,2316902.1
"EG","Egypt",2015,2043156.55
"SV","El Salvador",2001,969401.11
"SV","El Salvador",2002,904064.34
"SV","El Salvador",2003,964335.59
"SV","El Salvador",2004,635040.62
"SV","El Salvador",2005,712439.11
"SV","El Salvador",2006,728321.73
"SV","El Salvador",2007,822580.32
"SV","El Salvador",2008,1311781.18
"SV","El Salvador",2009,1293350.4
"SV","El Salvador",2010,1335607.09
"SV","El Salvador",2011,991075.42
"SV","El Salvador",2012,924935.3
"SV","El Salvador",2013,988494.71
"SV","El Salvador",2014,1094814.22
"SV","El Salvador",2015,989242.54
"GQ","Equatorial Guinea",2001,734134.58
"GQ","Equatorial Guinea",2002,714601.67
"GQ","Equatorial Guinea",2003,931580.38
"GQ","Equatorial Guinea",2004,998920.22
"GQ","Equatorial Guinea",2005,1238402.31
"GQ","Equatorial Guinea",2006,1321783.67
"GQ","Equatorial Guinea",2007,1034111.15
"GQ","Equatorial Guinea",2008,1283944.16
"GQ","Equatorial Guinea",2009,1116054.38
"GQ","Equatorial Guinea",2010,999259.12
"GQ","Equatorial Guinea",2011,988419.99
"GQ","Equatorial Guinea",2012,1635192.31
"GQ","Equatorial Guinea",2013,533125.32
"GQ","Equatorial Guinea",2014,549536.14
"GQ","Equatorial Guinea",2015,971815.98
"ER","Eritrea",2001,2558173.01
"ER","Eritrea",2002,1931067.24
"ER","Eritrea",2003,2859546.84
"ER","Eritrea",2004,1120802.23
"ER","Eritrea",2005,1303556.11
"ER","Eritrea",2006,1123512.05
"ER","Eritrea",2007,948585.6
"ER","Eritrea",2008,1248373.74
"ER","Eritrea",2009,1744703.74
"ER","Eritrea",2010,2354576.74
"ER","Eritrea",2011,1623942.85
"ER","Eritrea",2012,1509859.23
"ER","Eritrea",2013,1272404.89
"ER","Eritrea",2014,1262727.29
"ER","Eritrea",2015,1434000.33
"ET","Ethiopia",2001,3761867.99
"ET","Ethiopia",2002,4735239.04
"ET","Ethiopia",2003,6308305.58
"ET","Ethiopia",2004,5041774.38
"ET","Ethiopia",2005,3962393.25
"ET","Ethiopia",2006,4432361.14
"ET","Ethiopia",2007,3318583.33
"ET","Ethiopia",2008,4987360.99
"ET","Ethiopia",2009,5793581.62
"ET","Ethiopia",2010,4741769.38
"ET","Ethiopia",2011,5367569.85
"ET","Ethiopia",2012,5128193.27
"ET","Ethiopia",2013,5147648.15
"ET","Ethiopia",2014,5858514.09
"ET","Ethiopia",2015,7131958.1
"europe","Europe, regional",2001,926944.31
"europe","Europe, regional",2002,1993472.34
"europe","Europe, regional",2003,2226599.86
"europe","Europe, regional",2009,3484299.29
"europe","Europe, regional",2010,3916173.49
"FJ","Fiji",2001,112351.82
"FJ","Fiji",2002,191148.53
"FJ","Fiji",2003,110706.7
"FJ","Fiji",2004,1537951.83
"FJ","Fiji",2005,1899084.57
"FJ","Fiji",2006,2231346.6
"FJ","Fiji",2007,2200661.08
"FJ","Fiji",2008,1688723.33
"FJ","Fiji",2009,22493.13
"FJ","Fiji",2011,0
"FJ","Fiji",2012,0
"FJ","Fiji",2013,931.94
"GA","Gabon",2001,254506.04
"GA","Gabon",2002,352209.36
"GA","Gabon",2003,387608.95
"GA","Gabon",2004,243516.17
"GA","Gabon",2005,175731.79
"GA","Gabon",2006,331473.24
"GA","Gabon",2007,367995.04
"GA","Gabon",2008,898526.2
"GA","Gabon",2009,919977.68
"GA","Gabon",2010,1147374.79
"GA","Gabon",2011,1003476.25
"GA","Gabon",2012,874644.49
"GA","Gabon",2013,786883.08
"GA","Gabon",2014,959608.76
"GA","Gabon",2015,818767.36
"GM","Gambia",2001,574958.84
"GM","Gambia",2002,742478.63
"GM","Gambia",2003,950386.01
"GM","Gambia",2004,792177.74
"GM","Gambia",2005,623652.54
"GM","Gambia",2006,872049.89
"GM","Gambia",2007,698233.17
"GM","Gambia",2008,1074438.65
"GM","Gambia",2009,926054.34
"GM","Gambia",2010,1235710.31
"GM","Gambia",2011,1083971.03
"GM","Gambia",2012,1752426.15
"GM","Gambia",2013,943461.92
"GM","Gambia",2014,890810.43
"GM","Gambia",2015,852978.04
"GE","Georgia",2001,416854.16
"GE","Georgia",2002,389318.51
"GE","Georgia",2003,467920.4
"GE","Georgia",2004,531942.66
"GE","Georgia",2005,536803.37
"GE","Georgia",2006,692514.17
"GE","Georgia",2007,497546.52
"GE","Georgia",2008,667573.75
"GE","Georgia",2009,641904.07
"GE","Georgia",2010,672479.74
"GE","Georgia",2011,502291.34
"GE","Georgia",2012,624864.06
"GE","Georgia",2013,587133.51
"GE","Georgia",2014,582677.19
"GE","Georgia",2015,596516.32
"GH","Ghana",2001,3313242.22
"GH","Ghana",2002,4315005.5
"GH","Ghana",2003,6134858.26
"GH","Ghana",2004,2491825.24
"GH","Ghana",2005,2839913.58
"GH","Ghana",2006,1280036.76
"GH","Ghana",2007,2144807.51
"GH","Ghana",2008,2932497.13
"GH","Ghana",2009,2896714.85
"GH","Ghana",2010,3909988.69
"GH","Ghana",2011,2830691.88
"GH","Ghana",2012,2456717.64
"GH","Ghana",2013,2750986.56
"GH","Ghana",2014,3549108.71
"GH","Ghana",2015,3357118.19
"GT","Guatemala",2001,774660.11
"GT","Guatemala",2002,18128992.64
"GT","Guatemala",2003,12837432.45
"GT","Guatemala",2004,645274.98
"GT","Guatemala",2005,767100.85
"GT","Guatemala",2006,618429.41
"GT","Guatemala",2007,773656.53
"GT","Guatemala",2008,1187693.74
"GT","Guatemala",2009,1225462.73
"GT","Guatemala",2010,1445345.03
"GT","Guatemala",2011,1443789.97
"GT","Guatemala",2012,1333132.26
"GT","Guatemala",2013,1514172.64
"GT","Guatemala",2014,1516623.9
"GT","Guatemala",2015,1530869.5
"GN","Guinea",2001,1124150.69
"GN","Guinea",2002,668957.46
"GN","Guinea",2003,1929745.7
"GN","Guinea",2004,2134136.2
"GN","Guinea",2005,1473798.07
"GN","Guinea",2006,1849013.35
"GN","Guinea",2007,1118357.36
"GN","Guinea",2008,2238658.09
"GN","Guinea",2009,3061183.42
"GN","Guinea",2010,2253091.47
"GN","Guinea",2011,2522990.09
"GN","Guinea",2012,2416277.59
"GN","Guinea",2013,2476856.76
"GN","Guinea",2014,2659650.52
"GN","Guinea",2015,2602483.98
"GW","Guinea-Bissau",2001,709032.41
"GW","Guinea-Bissau",2002,944031.17
"GW","Guinea-Bissau",2003,1278774.31
"GW","Guinea-Bissau",2004,391948.72
"GW","Guinea-Bissau",2005,623758.05
"GW","Guinea-Bissau",2006,847878.14
"GW","Guinea-Bissau",2007,1192589.44
"GW","Guinea-Bissau",2008,1913812.97
"GW","Guinea-Bissau",2009,2236732.72
"GW","Guinea-Bissau",2010,1402991.35
"GW","Guinea-Bissau",2011,1277799.35
"GW","Guinea-Bissau",2012,1392220.57
"GW","Guinea-Bissau",2013,1490784.18
"GW","Guinea-Bissau",2014,995273.04
"GW","Guinea-Bissau",2015,745692.53
"GY","Guyana",2001,92104.51
"GY","Guyana",2002,261348.17
"GY","Guyana",2003,121176.29
"HT","Haiti",2001,2313985.29
"HT","Haiti",2002,3796921.87
"HT","Haiti",2003,1827965.02
"HT","Haiti",2004,2018388.61
"HT","Haiti",2005,2412549.39
"HT","Haiti",2006,2377751.65
"HT","Haiti",2007,2284181.05
"HT","Haiti",2008,3074274.13
"HT","Haiti",2009,2479181.92
"HT","Haiti",2010,6218433.19
"HT","Haiti",2011,2863211.99
"HT","Haiti",2012,2811430.45
"HT","Haiti",2013,3186174.8
"HT","Haiti",2014,2931652.09
"HT","Haiti",2015,3067029.91
"HN","Honduras",2001,1148198.67
"HN","Honduras",2002,2041145.55
"HN","Honduras",2003,2445778.84
"HN","Honduras",2004,1353113.23
"HN","Honduras",2005,1338091.8
"HN","Honduras",2006,1380942.54
"HN","Honduras",2007,1238051.14
"HN","Honduras",2008,1951517.29
"HN","Honduras",2009,1825209.98
"HN","Honduras",2010,1838756.72
"HN","Honduras",2011,1387760.5
"HN","Honduras",2012,1450958.39
"HN","Honduras",2013,1268354.8
"HN","Honduras",2014,1228466.89
"HN","Honduras",2015,1284473.82
"IN","India",2001,17113728.88
"IN","India",2002,17935797.49
"IN","India",2003,12380560.99
"IN","India",2004,12537336.97
"IN","India",2005,13937588.01
"IN","India",2006,14122754.95
"IN","India",2007,12645306.33
"IN","India",2008,8451455.53
"IN","India",2009,11685804.5
"IN","India",2010,12503555.1
"IN","India",2011,12416855.74
"IN","India",2012,11417542.86
"IN","India",2013,8314067.7
"IN","India",2014,9560269.78
"IN","India",2015,10052623.09
"ID","Indonesia",2001,3828875.96
"ID","Indonesia",2002,5843866.87
"ID","Indonesia",2003,6875589.83
"ID","Indonesia",2004,3657399.82
"ID","Indonesia",2005,4562984.09
"ID","Indonesia",2006,4500536.91
"ID","Indonesia",2007,4853216.92
"ID","Indonesia",2008,4942551.28
"ID","Indonesia",2009,5328413.37
"ID","Indonesia",2010,5889943.12
"ID","Indonesia",2011,4360694.65
"ID","Indonesia",2012,5473247.31
"ID","Indonesia",2013,4663247.36
"ID","Indonesia",2014,4322235.24
"ID","Indonesia",2015,4213590.79
"IR","Iran",2001,9735582.35
"IR","Iran",2002,9606055.79
"IR","Iran",2003,2740869.76
"IR","Iran",2004,2351115.01
"IR","Iran",2005,1364841.04
"IR","Iran",2006,1751870.05
"IR","Iran",2007,1294176.62
"IR","Iran",2008,1297174.67
"IR","Iran",2009,1400195.16
"IR","Iran",2010,1379380.07
"IR","Iran",2011,1326154.64
"IR","Iran",2012,1351958.94
"IR","Iran",2013,1369541.49
"IR","Iran",2014,1335373.44
"IR","Iran",2015,1617604.16
"IQ","Iraq",2001,366256.27
"IQ","Iraq",2002,494393.51
"IQ","Iraq",2003,614732.27
"IQ","Iraq",2004,1068927.77
"IQ","Iraq",2005,879185.83
"IQ","Iraq",2006,1047846.88
"IQ","Iraq",2007,798705.88
"IQ","Iraq",2008,1350188.31
"IQ","Iraq",2009,1846373.84
"IQ","Iraq",2010,2103471.89
"IQ","Iraq",2011,1796173.72
"IQ","Iraq",2012,2190970.57
"IQ","Iraq",2013,2795276.51
"IQ","Iraq",2014,2193220.36
"IQ","Iraq",2015,1704176.89
"JM","Jamaica",2001,10211.5
"JM","Jamaica",2002,387236.62
"JM","Jamaica",2003,160943.44
"JO","Jordan",2001,659932.87
"JO","Jordan",2002,640259.95
"JO","Jordan",2003,919161.02
"JO","Jordan",2004,955026.35
"JO","Jordan",2005,662970.99
"JO","Jordan",2006,1149060.06
"JO","Jordan",2007,684276.93
"JO","Jordan",2008,419837.06
"JO","Jordan",2009,682921.52
"JO","Jordan",2010,704343.69
"JO","Jordan",2011,628432.88
"JO","Jordan",2012,1545562.72
"JO","Jordan",2013,564630.17
"JO","Jordan",2014,852803.44
"JO","Jordan",2015,929084.53
"KZ","Kazakhstan",2001,950684.47
"KZ","Kazakhstan",2002,825599.54
"KZ","Kazakhstan",2003,647770.59
"KZ","Kazakhstan",2004,669468.46
"KZ","Kazakhstan",2005,649372.19
"KZ","Kazakhstan",2006,587248.66
"KZ","Kazakhstan",2007,561655.51
"KZ","Kazakhstan",2008,577355.55
"KZ","Kazakhstan",2009,566183.21
"KZ","Kazakhstan",2010,585789.12
"KZ","Kazakhstan",2011,500228.96
"KZ","Kazakhstan",2012,527253.87
"KZ","Kazakhstan",2013,585160.69
"KZ","Kazakhstan",2014,554505.66
"KZ","Kazakhstan",2015,598143.84
"KE","Kenya",2001,2991961.53
"KE","Kenya",2002,6636141.27
"KE","Kenya",2003,2746809.59
"KE","Kenya",2004,2905801.5
"KE","Kenya",2005,3854980.03
"KE","Kenya",2006,3450561.26
"KE","Kenya",2007,2293872.51
"KE","Kenya",2008,5293419.1
"KE","Kenya",2009,4756106.03
"KE","Kenya",2010,4658584.73
"KE","Kenya",2011,4736109.78
"KE","Kenya",2012,4777494.3
"KE","Kenya",2013,3916661.76
"KE","Kenya",2014,5343496.91
"KE","Kenya",2015,6464233.73
"KI","Kiribati",2001,14714.96
"KI","Kiribati",2002,64457.16
"XK","Kosovo",2009,443453.68
"XK","Kosovo",2013,241703.81
"XK","Kosovo",2014,231945.52
"XK","Kosovo",2015,249750.67
"KG","Kyrgyzstan",2001,640111.46
"KG","Kyrgyzstan",2002,849261.18
"KG","Kyrgyzstan",2003,674491.21
"KG","Kyrgyzstan",2004,548927.4
"KG","Kyrgyzstan",2005,674643.92
"KG","Kyrgyzstan",2006,642027.13
"KG","Kyrgyzstan",2007,498651.73
"KG","Kyrgyzstan",2008,798665.54
"KG","Kyrgyzstan",2009,655377.17
"KG","Kyrgyzstan",2010,993741.68
"KG","Kyrgyzstan",2011,760628.78
"KG","Kyrgyzstan",2012,811325.88
"KG","Kyrgyzstan",2013,761042.77
"KG","Kyrgyzstan",2014,714828.89
"KG","Kyrgyzstan",2015,740468.27
"LA","Lao",2001,2630605.09
"LA","Lao",2002,2430720.4
"LA","Lao",2003,1571038.08
"LA","Lao",2004,1281451.77
"LA","Lao",2005,1275149.06
"LA","Lao",2006,1621147.45
"LA","Lao",2007,1398428.52
"LA","Lao",2008,1355841.08
"LA","Lao",2009,1493604.8
"LA","Lao",2010,1537853.88
"LA","Lao",2011,1417085.25
"LA","Lao",2012,1627802.2
"LA","Lao",2013,2374449.99
"LA","Lao",2014,2211618.51
"LA","Lao",2015,2285730.1
"LB","Lebanon",2001,538838.38
"LB","Lebanon",2002,75619.33
"LB","Lebanon",2003,644286.73
"LB","Lebanon",2004,242823.88
"LB","Lebanon",2005,344264.45
"LB","Lebanon",2006,794404.49
"LB","Lebanon",2007,442559.69
"LB","Lebanon",2008,501056.22
"LB","Lebanon",2009,593869.98
"LB","Lebanon",2010,604822.89
"LB","Lebanon",2011,583892.55
"LB","Lebanon",2012,870249.36
"LB","Lebanon",2013,1010501.92
"LB","Lebanon",2014,647521.17
"LB","Lebanon",2015,887260.67
"LS","Lesotho",2001,344779.09
"LS","Lesotho",2002,562979.18
"LS","Lesotho",2003,533392.96
"LS","Lesotho",2004,384843.19
"LS","Lesotho",2005,220362.75
"LS","Lesotho",2006,568219.14
"LS","Lesotho",2007,802776.24
"LS","Lesotho",2008,1144521.8
"LS","Lesotho",2009,1380949.24
"LS","Lesotho",2010,1594786.01
"LS","Lesotho",2011,1435903.36
"LS","Lesotho",2012,1643896.53
"LS","Lesotho",2013,1380762.55
"LS","Lesotho",2014,861183.54
"LS","Lesotho",2015,931333.11
"LR","Liberia",2001,1168998.36
"LR","Liberia",2002,687537.12
"LR","Liberia",2003,1359865.67
"LR","Liberia",2004,936519.76
"LR","Liberia",2005,867770.89
"LR","Liberia",2006,2378864.39
"LR","Liberia",2007,3534048.77
"LR","Liberia",2008,3403652.13
"LR","Liberia",2009,2464037.74
"LR","Liberia",2010,2350234.22
"LR","Liberia",2011,2195673.55
"LR","Liberia",2012,2213807.48
"LR","Liberia",2013,2488924.21
"LR","Liberia",2014,1865370.72
"LR","Liberia",2015,1752145.04
"LY","Libya",2012,681018.06
"LY","Libya",2013,629075.16
"LY","Libya",2014,496528.83
"LY","Libya",2015,516317.67
"MK","Macedonia",2006,3523.39
"MK","Macedonia",2007,128894.82
"MK","Macedonia",2008,142682.43
"MK","Macedonia",2009,238100.59
"MK","Macedonia",2010,235417.26
"MK","Macedonia",2011,198776.26
"MK","Macedonia",2012,199881.76
"MK","Macedonia",2013,232766.23
"MK","Macedonia",2014,275491.43
"MK","Macedonia",2015,414954.53
"MG","Madagascar",2001,2203516.94
"MG","Madagascar",2002,2134677.26
"MG","Madagascar",2003,3881539.03
"MG","Madagascar",2004,2162200.62
"MG","Madagascar",2005,1683384.15
"MG","Madagascar",2006,1547080.11
"MG","Madagascar",2007,2560219.3
"MG","Madagascar",2008,3367911.62
"MG","Madagascar",2009,2801358.78
"MG","Madagascar",2010,3563743.16
"MG","Madagascar",2011,3816881.32
"MG","Madagascar",2012,3233257.45
"MG","Madagascar",2013,2843857.86
"MG","Madagascar",2014,3491217.83
"MG","Madagascar",2015,4499561.75
"MW","Malawi",2001,2309488.86
"MW","Malawi",2002,1745522.85
"MW","Malawi",2003,4387173.96
"MW","Malawi",2004,2263201.58
"MW","Malawi",2005,2313764.95
"MW","Malawi",2006,2034616.35
"MW","Malawi",2007,2148948.12
"MW","Malawi",2008,3574891.59
"MW","Malawi",2009,3393310.82
"MW","Malawi",2010,4068434.29
"MW","Malawi",2011,3178242.76
"MW","Malawi",2012,3128741.67
"MW","Malawi",2013,2782476.11
"MW","Malawi",2014,2977274.08
"MW","Malawi",2015,3098727.84
"MY","Malaysia",2001,200263.5
"MY","Malaysia",2002,202294.43
"MY","Malaysia",2003,263115.15
"MY","Malaysia",2004,177882.02
"MY","Malaysia",2005,298166.23
"MY","Malaysia",2006,418456.93
"MY","Malaysia",2007,561742.88
"MY","Malaysia",2008,364564.8
"MY","Malaysia",2009,369517.83
"MY","Malaysia",2010,369593.63
"MY","Malaysia",2011,330396.83
"MY","Malaysia",2012,404062.65
"MY","Malaysia",2013,382479.35
"MY","Malaysia",2014,352160.27
"MY","Malaysia",2015,403452.16
"MV","Maldives",2001,841350.42
"MV","Maldives",2002,682145.92
"MV","Maldives",2003,415470.96
"MV","Maldives",2004,539706.79
"MV","Maldives",2005,524555.78
"MV","Maldives",2006,369581.62
"MV","Maldives",2007,570898.72
"MV","Maldives",2008,469329.11
"MV","Maldives",2009,409452.88
"MV","Maldives",2010,450926.59
"MV","Maldives",2011,354994.91
"MV","Maldives",2012,517672.08
"MV","Maldives",2013,538759.25
"MV","Maldives",2014,415072.13
"MV","Maldives",2015,452593.41
"ML","Mali",2001,2435008.1
"ML","Mali",2002,2714787.59
"ML","Mali",2003,2328537.89
"ML","Mali",2004,2349274.94
"ML","Mali",2005,1269489.12
"ML","Mali",2006,1928053.38
"ML","Mali",2007,2050918.52
"ML","Mali",2008,2516450.38
"ML","Mali",2009,2520427.24
"ML","Mali",2010,2510305.92
"ML","Mali",2011,2571097.54
"ML","Mali",2012,2101230.5
"ML","Mali",2013,2302046.18
"ML","Mali",2014,2343412.28
"ML","Mali",2015,2721077.61
"MH","Marshall Islands",2001,70839.57
"MH","Marshall Islands",2002,70933.39
"MR","Mauritania",2001,1369981.52
"MR","Mauritania",2002,2453131.55
"MR","Mauritania",2003,3308951.46
"MR","Mauritania",2004,1668490.34
"MR","Mauritania",2005,1904812.48
"MR","Mauritania",2006,2078735.01
"MR","Mauritania",2007,2062660.04
"MR","Mauritania",2008,2745008.38
"MR","Mauritania",2009,2382657.99
"MR","Mauritania",2010,2515494.39
"MR","Mauritania",2011,1882466.18
"MR","Mauritania",2012,2730108.4
"MR","Mauritania",2013,1719024.89
"MR","Mauritania",2014,1468465.92
"MR","Mauritania",2015,1124094.12
"MU","Mauritius",2001,271714.49
"MU","Mauritius",2002,217651.57
"MU","Mauritius",2004,66610.16
"MU","Mauritius",2005,25687.97
"MU","Mauritius",2006,125838.62
"MU","Mauritius",2007,118839.16
"MU","Mauritius",2008,76454.09
"MU","Mauritius",2009,177780.25
"MU","Mauritius",2010,73945.04
"MU","Mauritius",2011,50877.94
"MU","Mauritius",2012,88029.3
"MU","Mauritius",2013,68820.14
"MU","Mauritius",2014,80281.58
"MU","Mauritius",2015,122441.52
"MX","Mexico",2001,2194501.59
"MX","Mexico",2002,5749619.04
"MX","Mexico",2003,2951784.32
"MX","Mexico",2004,2761766.48
"MX","Mexico",2005,2491483.43
"MX","Mexico",2006,2086515.63
"MX","Mexico",2007,1049572.22
"MX","Mexico",2008,1530872.98
"MX","Mexico",2009,1206349.73
"MX","Mexico",2010,1333567.42
"MX","Mexico",2011,1005458.97
"MX","Mexico",2012,1261910.03
"MX","Mexico",2013,1123082.55
"MX","Mexico",2014,1065787.13
"MX","Mexico",2015,1072614.23
"FM","Micronesia",2001,93176.97
"FM","Micronesia",2002,116581.67
"FM","Micronesia",2003,22982.97
"middle-east","Middle East, regional",2001,772838.49
"middle-east","Middle East, regional",2002,1071577
"middle-east","Middle East, regional",2003,3096850.99
"middle-east","Middle East, regional",2014,4669637.7
"middle-east","Middle East, regional",2015,4763955.89
"MD","Moldova",2001,216603.31
"MD","Moldova",2002,234984.82
"MD","Moldova",2003,208868.75
"MD","Moldova",2004,250863.34
"MD","Moldova",2005,301674.61
"MD","Moldova",2006,327125.36
"MD","Moldova",2007,431368.86
"MD","Moldova",2008,424162.88
"MD","Moldova",2009,424511.6
"MD","Moldova",2010,500235.82
"MD","Moldova",2011,393401.21
"MD","Moldova",2012,492170.75
"MD","Moldova",2013,385346.3
"MD","Moldova",2014,445847.89
"MD","Moldova",2015,420122.62
"MN","Mongolia",2001,2893201.62
"MN","Mongolia",2002,2452989.14
"MN","Mongolia",2003,2069314.34
"MN","Mongolia",2004,1180287.57
"MN","Mongolia",2005,1085313.38
"MN","Mongolia",2006,1454555.96
"MN","Mongolia",2007,2023460.69
"MN","Mongolia",2008,1762281.51
"MN","Mongolia",2009,1422327.49
"MN","Mongolia",2010,1715389.66
"MN","Mongolia",2011,2366266.91
"MN","Mongolia",2012,1693221.92
"MN","Mongolia",2013,2463207.26
"MN","Mongolia",2014,1964006.51
"MN","Mongolia",2015,1627557.98
"ME","Montenegro",2006,7393.23
"MA","Morocco",2001,1166655.27
"MA","Morocco",2002,1263491.83
"MA","Morocco",2003,3028970.54
"MA","Morocco",2004,2802268.98
"MA","Morocco",2005,2040812.54
"MA","Morocco",2006,2410497.45
"MA","Morocco",2007,1794239.78
"MA","Morocco",2008,1580765.93
"MA","Morocco",2009,2026480.32
"MA","Morocco",2010,1742535.11
"MA","Morocco",2011,1333758.01
"MA","Morocco",2012,1103108.61
"MA","Morocco",2013,1293811.52
"MA","Morocco",2014,1403437.71
"MA","Morocco",2015,1302539.43
"MZ","Mozambique",2001,6617164.06
"MZ","Mozambique",2002,6885281.58
"MZ","Mozambique",2003,14770658.18
"MZ","Mozambique",2004,4397975.74
"MZ","Mozambique",2005,3326682.39
"MZ","Mozambique",2006,3136764.6
"MZ","Mozambique",2007,3674715.93
"MZ","Mozambique",2008,5456016.08
"MZ","Mozambique",2009,3971476.43
"MZ","Mozambique",2010,3869430.3
"MZ","Mozambique",2011,4159466.55
"MZ","Mozambique",2012,4242286.1
"MZ","Mozambique",2013,3280059.98
"MZ","Mozambique",2014,4723678
"MZ","Mozambique",2015,4647540.71
"MM","Myanmar",2001,2057802.4
"MM","Myanmar",2002,2225335.01
"MM","Myanmar",2003,2906034.11
"MM","Myanmar",2004,3928993.77
"MM","Myanmar",2005,3976870.25
"MM","Myanmar",2006,3505835.59
"MM","Myanmar",2007,3612162.26
"MM","Myanmar",2008,5545905.01
"MM","Myanmar",2009,5452757.01
"MM","Myanmar",2010,5575100.98
"MM","Myanmar",2011,4956377.29
"MM","Myanmar",2012,5229647.04
"MM","Myanmar",2013,9448402.82
"MM","Myanmar",2014,5509689.83
"MM","Myanmar",2015,5110078.44
"NA","Namibia",2001,606855.55
"NA","Namibia",2002,1085183.19
"NA","Namibia",2003,1066424.21
"NA","Namibia",2004,1023896.74
"NA","Namibia",2005,842612.01
"NA","Namibia",2006,631832.29
"NA","Namibia",2007,600946.12
"NA","Namibia",2008,1213625.68
"NA","Namibia",2009,1290976.71
"NA","Namibia",2010,1222250.38
"NA","Namibia",2011,1346521.75
"NA","Namibia",2012,1644549.5
"NA","Namibia",2013,1414769.68
"NA","Namibia",2014,1086436.7
"NA","Namibia",2015,965283.78
"NP","Nepal",2001,4646154.51
"NP","Nepal",2002,2454729.25
"NP","Nepal",2003,4397707.78
"NP","Nepal",2004,3630415.86
"NP","Nepal",2005,5116052.96
"NP","Nepal",2006,4084370.92
"NP","Nepal",2007,4135135.75
"NP","Nepal",2008,5146337.59
"NP","Nepal",2009,4160223.16
"NP","Nepal",2010,3144849.7
"NP","Nepal",2011,2702700.4
"NP","Nepal",2012,3856650.73
"NP","Nepal",2013,3103073.08
"NP","Nepal",2014,3794905.83
"NP","Nepal",2015,4376431.56
"NI","Nicaragua",2001,2223194.99
"NI","Nicaragua",2002,2283732.31
"NI","Nicaragua",2003,2197050.06
"NI","Nicaragua",2004,1484766.73
"NI","Nicaragua",2005,1492036
"NI","Nicaragua",2006,1534917.68
"NI","Nicaragua",2007,1506491.29
"NI","Nicaragua",2008,1481410.24
"NI","Nicaragua",2009,1476229.35
"NI","Nicaragua",2010,1358325.42
"NI","Nicaragua",2011,1327535.46
"NI","Nicaragua",2012,1430043.28
"NI","Nicaragua",2013,1240609.2
"NI","Nicaragua",2014,1261506
"NI","Nicaragua",2015,1269870.44
"NE","Niger",2001,2817729.28
"NE","Niger",2002,3137843.55
"NE","Niger",2003,3703413.46
"NE","Niger",2004,2418919.37
"NE","Niger",2005,2113579.57
"NE","Niger",2006,2320903.58
"NE","Niger",2007,1869323.61
"NE","Niger",2008,2081048.35
"NE","Niger",2009,2585504.46
"NE","Niger",2010,3083076.88
"NE","Niger",2011,2728484.58
"NE","Niger",2012,3064639.68
"NE","Niger",2013,3404824.22
"NE","Niger",2014,2935544.99
"NE","Niger",2015,3636997.44
"NG","Nigeria",2001,7795454.68
"NG","Nigeria",2002,7240649.72
"NG","Nigeria",2003,12712792.29
"NG","Nigeria",2004,6135602.25
"NG","Nigeria",2005,5900194.03
"NG","Nigeria",2006,5839467.51
"NG","Nigeria",2007,5795568.04
"NG","Nigeria",2008,8521214.27
"NG","Nigeria",2009,5648045.64
"NG","Nigeria",2010,6394643.66
"NG","Nigeria",2011,5523638.02
"NG","Nigeria",2012,6870437.19
"NG","Nigeria",2013,7203399.27
"NG","Nigeria",2014,7217840.69
"NG","Nigeria",2015,7400450.21
"north-central-america","North & Central America, regional",2004,1130647.31
"north-central-america","North & Central America, regional",2005,1160345
"north-central-america","North & Central America, regional",2006,1473486.89
"north-central-america","North & Central America, regional",2007,1652814.22
"north-central-america","North & Central America, regional",2008,2227352.67
"north-central-america","North & Central America, regional",2009,1304231.42
"north-central-america","North & Central America, regional",2010,1526518.21
"north-central-america","North & Central America, regional",2011,1421006.42
"north-central-america","North & Central America, regional",2012,3028546.76
"north-central-america","North & Central America, regional",2013,7598.66
"north-central-america","North & Central America, regional",2015,7813511.98
"KP","North Korea",2001,1014860.21
"KP","North Korea",2002,1427965.06
"KP","North Korea",2003,1058204.92
"KP","North Korea",2004,779628.78
"KP","North Korea",2005,1000677
"KP","North Korea",2006,1051979.77
"KP","North Korea",2007,1189706.58
"KP","North Korea",2008,1170689.72
"KP","North Korea",2009,1102078.06
"KP","North Korea",2010,1075836
"KP","North Korea",2011,758796.54
"KP","North Korea",2012,1083266.69
"KP","North Korea",2013,578579.51
"KP","North Korea",2014,1312134.66
"KP","North Korea",2015,1264654.37
"north-of-sahara","North of Sahara, regional",2009,3023337.23
"north-of-sahara","North of Sahara, regional",2010,2549275.82
"north-of-sahara","North of Sahara, regional",2011,2470527.74
"north-of-sahara","North of Sahara, regional",2012,3510030.82
"north-of-sahara","North of Sahara, regional",2013,4295350.34
"OM","Oman",2001,9309.12
"OM","Oman",2003,173518.29
"OM","Oman",2005,164705.89
"OM","Oman",2006,249469.2
"OM","Oman",2007,449917.1
"OM","Oman",2008,383879.27
"OM","Oman",2009,377911.22
"OM","Oman",2010,297613.06
"PK","Pakistan",2001,6597346.86
"PK","Pakistan",2002,5866234.62
"PK","Pakistan",2003,10609830.99
"PK","Pakistan",2004,5463893.79
"PK","Pakistan",2005,8296146.09
"PK","Pakistan",2006,6716223.77
"PK","Pakistan",2007,6757156.05
"PK","Pakistan",2008,6201514.77
"PK","Pakistan",2009,7481212.24
"PK","Pakistan",2010,10175879.43
"PK","Pakistan",2011,8562205.43
"PK","Pakistan",2012,6025485.38
"PK","Pakistan",2013,4395009.92
"PK","Pakistan",2014,5173161.16
"PK","Pakistan",2015,6717499.19
"PS","Palestine",2001,1525024.86
"PS","Palestine",2002,1302929.7
"PS","Palestine",2003,1613210.97
"PS","Palestine",2004,1369921.7
"PS","Palestine",2005,1132100.71
"PS","Palestine",2006,1407422.7
"PS","Palestine",2007,2285574.8
"PS","Palestine",2008,1569920.06
"PS","Palestine",2009,2092155.71
"PS","Palestine",2010,1899984.38
"PS","Palestine",2011,1859036.48
"PS","Palestine",2012,2141424.21
"PS","Palestine",2013,1882712.56
"PS","Palestine",2014,1870329.54
"PS","Palestine",2015,1360608.77
"PA","Panama",2001,561150.47
"PA","Panama",2002,655862.59
"PA","Panama",2003,492212.86
"PA","Panama",2004,624631.13
"PA","Panama",2005,528988.53
"PA","Panama",2006,539905.08
"PA","Panama",2007,520737.65
"PA","Panama",2008,676086.25
"PA","Panama",2009,629788.73
"PA","Panama",2010,721234.41
"PA","Panama",2011,635168.8
"PA","Panama",2012,628442.29
"PA","Panama",2013,516442.3
"PA","Panama",2014,629573.51
"PA","Panama",2015,533890.35
"PG","Papua New Guinea",2001,763539.2
"PG","Papua New Guinea",2002,1050919.51
"PG","Papua New Guinea",2003,536037.22
"PG","Papua New Guinea",2004,922851.16
"PG","Papua New Guinea",2005,789504.8
"PG","Papua New Guinea",2006,977031.78
"PG","Papua New Guinea",2007,963240.3
"PG","Papua New Guinea",2008,1297779.75
"PG","Papua New Guinea",2009,1481907.23
"PG","Papua New Guinea",2010,2042018.65
"PG","Papua New Guinea",2011,1517106.25
"PG","Papua New Guinea",2012,1789844.95
"PG","Papua New Guinea",2013,2142726.45
"PG","Papua New Guinea",2014,1756308.84
"PG","Papua New Guinea",2015,1890829.13
"PY","Paraguay",2001,912528.74
"PY","Paraguay",2002,844657.97
"PY","Paraguay",2003,1101407.21
"PY","Paraguay",2004,1138925.6
"PY","Paraguay",2005,831741.18
"PY","Paraguay",2006,957751.69
"PY","Paraguay",2007,870723.38
"PY","Paraguay",2008,1062935.66
"PY","Paraguay",2009,1087256.71
"PY","Paraguay",2010,979351.2
"PY","Paraguay",2011,824181.96
"PY","Paraguay",2012,727160.09
"PY","Paraguay",2013,682115.4
"PY","Paraguay",2014,878319.32
"PY","Paraguay",2015,791314.52
"PE","Peru",2001,2456989.89
"PE","Peru",2002,8643362.22
"PE","Peru",2003,5922286.65
"PE","Peru",2004,1688826.34
"PE","Peru",2005,1341788.41
"PE","Peru",2006,1379323.24
"PE","Peru",2007,1439813.56
"PE","Peru",2008,1818780.33
"PE","Peru",2009,2038918.48
"PE","Peru",2010,2086374.39
"PE","Peru",2011,1627368.35
"PE","Peru",2012,1815531.93
"PE","Peru",2013,1709499.33
"PE","Peru",2014,1490927.67
"PE","Peru",2015,1367958.48
"PH","Philippines",2001,3593295.98
"PH","Philippines",2002,4147968.9
"PH","Philippines",2003,5255359.58
"PH","Philippines",2004,3938123.41
"PH","Philippines",2005,5664159.24
"PH","Philippines",2006,5032089.38
"PH","Philippines",2007,4188920.73
"PH","Philippines",2008,3453648.83
"PH","Philippines",2009,3836033.4
"PH","Philippines",2010,5008543.02
"PH","Philippines",2011,5399222.51
"PH","Philippines",2012,5162800.92
"PH","Philippines",2013,7477172.5
"PH","Philippines",2014,5094963.85
"PH","Philippines",2015,3849133.41
"RW","Rwanda",2001,1630406.43
"RW","Rwanda",2002,1704209.24
"RW","Rwanda",2003,2107273.36
"RW","Rwanda",2004,888954.7
"RW","Rwanda",2005,901761.09
"RW","Rwanda",2006,829298.57
"RW","Rwanda",2007,1975038.17
"RW","Rwanda",2008,2680367.99
"RW","Rwanda",2009,2849164.99
"RW","Rwanda",2010,2546437.2
"RW","Rwanda",2011,2470625.11
"RW","Rwanda",2012,3820165.67
"RW","Rwanda",2013,3321743.2
"RW","Rwanda",2014,2203033.32
"RW","Rwanda",2015,2322876.82
"LC","Saint Lucia",2002,69007.47
"LC","Saint Lucia",2003,97104.59
"WS","Samoa",2001,69595.64
"WS","Samoa",2002,42096.19
"WS","Samoa",2003,191.01
"ST","Sao Tome & Principe",2001,816482.99
"ST","Sao Tome & Principe",2002,388270.11
"ST","Sao Tome & Principe",2003,316587.62
"ST","Sao Tome & Principe",2004,355124.12
"ST","Sao Tome & Principe",2005,405153.81
"ST","Sao Tome & Principe",2006,425244.05
"ST","Sao Tome & Principe",2007,422612.31
"ST","Sao Tome & Principe",2008,537046.64
"ST","Sao Tome & Principe",2009,530141.02
"ST","Sao Tome & Principe",2010,546339.86
"ST","Sao Tome & Principe",2011,581343.34
"ST","Sao Tome & Principe",2012,585643.02
"ST","Sao Tome & Principe",2013,498239.37
"ST","Sao Tome & Principe",2014,652191.69
"ST","Sao Tome & Principe",2015,554894.71
"SA","Saudi Arabia",2001,5644.79
"SA","Saudi Arabia",2002,33906.97
"SN","Senegal",2001,2961474.61
"SN","Senegal",2002,2687124.93
"SN","Senegal",2003,2011157.48
"SN","Senegal",2004,3132138.99
"SN","Senegal",2005,2907514.34
"SN","Senegal",2006,3221967.67
"SN","Senegal",2007,1602358.21
"SN","Senegal",2008,1906143.17
"SN","Senegal",2009,1393093.06
"SN","Senegal",2010,1961174.45
"SN","Senegal",2011,2330940.9
"SN","Senegal",2012,2654447.58
"SN","Senegal",2013,2081159.21
"SN","Senegal",2014,2517600.32
"SN","Senegal",2015,2109902.02
"RS","Serbia",2001,120173.84
"RS","Serbia",2002,359929.3
"RS","Serbia",2003,1737076.53
"RS","Serbia",2004,239495.55
"RS","Serbia",2005,304980.13
"RS","Serbia",2006,304833.81
"RS","Serbia",2007,616967.64
"RS","Serbia",2008,596941.68
"RS","Serbia",2009,113291.71
"RS","Serbia",2010,650550.95
"RS","Serbia",2011,642851.83
"RS","Serbia",2012,438491.89
"RS","Serbia",2013,131039.28
"RS","Serbia",2014,274187.61
"RS","Serbia",2015,353093.54
"SC","Seychelles",2001,83228.31
"SC","Seychelles",2002,67538.62
"SC","Seychelles",2003,46499.62
"SC","Seychelles",2004,18616.02
"SC","Seychelles",2005,51132.12
"SC","Seychelles",2006,45030.98
"SC","Seychelles",2007,49040.3
"SC","Seychelles",2008,79568.61
"SC","Seychelles",2009,52040.89
"SC","Seychelles",2010,105188.63
"SC","Seychelles",2011,92674.33
"SC","Seychelles",2012,44097.97
"SC","Seychelles",2013,51856.19
"SL","Sierra Leone",2001,703379.19
"SL","Sierra Leone",2002,1453794.04
"SL","Sierra Leone",2003,1994449.46
"SL","Sierra Leone",2004,1962728.99
"SL","Sierra Leone",2005,1806123.95
"SL","Sierra Leone",2006,1662112.51
"SL","Sierra Leone",2007,1931107.39
"SL","Sierra Leone",2008,2895895.72
"SL","Sierra Leone",2009,2688931.09
"SL","Sierra Leone",2010,2444867.33
"SL","Sierra Leone",2011,2019362.19
"SL","Sierra Leone",2012,2204652.25
"SL","Sierra Leone",2013,2523694
"SL","Sierra Leone",2014,2320263.41
"SL","Sierra Leone",2015,2359202.04
"SB","Solomon Islands",2001,108925.03
"SB","Solomon Islands",2002,103796.03
"SB","Solomon Islands",2003,18177.94
"SO","Somalia",2001,171165.29
"SO","Somalia",2002,410700.25
"SO","Somalia",2003,1005557.31
"SO","Somalia",2004,435742.32
"SO","Somalia",2005,325023.53
"SO","Somalia",2006,966692
"SO","Somalia",2007,2099598.09
"SO","Somalia",2008,1893545.9
"SO","Somalia",2009,2007205.91
"SO","Somalia",2010,1711423.11
"SO","Somalia",2011,1866869.98
"SO","Somalia",2012,2243769.14
"SO","Somalia",2013,3245074.99
"SO","Somalia",2014,3122028.12
"SO","Somalia",2015,4693711.3
"south-central-asia","South & Central Asia, regional",2012,38037.35
"south-central-asia","South & Central Asia, regional",2015,2152.64
"ZA","South Africa",2001,799478.35
"ZA","South Africa",2002,1656527.9
"ZA","South Africa",2003,831227.23
"ZA","South Africa",2004,347792.65
"ZA","South Africa",2005,573455.1
"ZA","South Africa",2006,755692.43
"ZA","South Africa",2007,945356.24
"ZA","South Africa",2008,1045311.83
"ZA","South Africa",2009,1385003.51
"ZA","South Africa",2010,1576588.78
"ZA","South Africa",2011,1465529.05
"ZA","South Africa",2012,1970806.75
"ZA","South Africa",2013,1668547.25
"ZA","South Africa",2014,1748649.92
"ZA","South Africa",2015,1704248.35
"south-of-sahara","South of Sahara, regional",2001,2776682.27
"south-of-sahara","South of Sahara, regional",2002,5438999.97
"south-of-sahara","South of Sahara, regional",2003,7808286.17
"south-of-sahara","South of Sahara, regional",2009,10597845.17
"south-of-sahara","South of Sahara, regional",2010,9126662.52
"south-of-sahara","South of Sahara, regional",2011,8798024.87
"south-of-sahara","South of Sahara, regional",2012,8521536.36
"south-of-sahara","South of Sahara, regional",2013,10370260.92
"south-of-sahara","South of Sahara, regional",2014,9891638.97
"south-of-sahara","South of Sahara, regional",2015,9323725.55
"SS","South Sudan",2012,2606559.45
"SS","South Sudan",2013,3337295.29
"SS","South Sudan",2014,4587940.26
"SS","South Sudan",2015,3592742.31
"LK","Sri Lanka",2001,1675799.47
"LK","Sri Lanka",2002,1823017.92
"LK","Sri Lanka",2003,1223322.23
"LK","Sri Lanka",2004,1043610.36
"LK","Sri Lanka",2005,915995.4
"LK","Sri Lanka",2006,2086403.72
"LK","Sri Lanka",2007,1123323.84
"LK","Sri Lanka",2008,1005880.67
"LK","Sri Lanka",2009,2071314.67
"LK","Sri Lanka",2010,2775575.66
"LK","Sri Lanka",2011,2505464.28
"LK","Sri Lanka",2012,3011264.21
"LK","Sri Lanka",2013,1482208.57
"LK","Sri Lanka",2014,1554708.58
"LK","Sri Lanka",2015,1258445.18
"SD","Sudan",2001,3467265.11
"SD","Sudan",2002,2868247.84
"SD","Sudan",2003,2741768.33
"SD","Sudan",2004,4327422.9
"SD","Sudan",2005,4692917.64
"SD","Sudan",2006,4755405.39
"SD","Sudan",2007,5795753.2
"SD","Sudan",2008,7012981.19
"SD","Sudan",2009,8317930.2
"SD","Sudan",2010,6579868.14
"SD","Sudan",2011,4109066.58
"SD","Sudan",2012,4182212.44
"SD","Sudan",2013,3957628.25
"SD","Sudan",2014,2975520.02
"SD","Sudan",2015,3982251.91
"SR","Suriname",2001,143964.6
"SR","Suriname",2002,216295.3
"SR","Suriname",2003,763338.43
"SZ","Swaziland",2001,283198.04
"SZ","Swaziland",2002,823463.4
"SZ","Swaziland",2003,195721.71
"SZ","Swaziland",2004,570764.07
"SZ","Swaziland",2005,616945.48
"SZ","Swaziland",2006,622534.72
"SZ","Swaziland",2007,743868.32
"SZ","Swaziland",2008,1085023.53
"SZ","Swaziland",2009,1178530.03
"SZ","Swaziland",2010,1209533
"SZ","Swaziland",2011,1186638.61
"SZ","Swaziland",2012,1456852.37
"SZ","Swaziland",2013,1322280.15
"SZ","Swaziland",2014,1118684.14
"SZ","Swaziland",2015,894811.05
"SY","Syria",2001,2411290.43
"SY","Syria",2002,4760857.79
"SY","Syria",2003,2613010.96
"SY","Syria",2004,2200831.91
"SY","Syria",2005,1534493.06
"SY","Syria",2006,1520601.94
"SY","Syria",2007,1732253.27
"SY","Syria",2008,1806934.49
"SY","Syria",2009,1645948.54
"SY","Syria",2010,1800134.6
"SY","Syria",2011,1675316.47
"SY","Syria",2012,1713093.72
"SY","Syria",2013,2639710.64
"SY","Syria",2014,1821083.77
"SY","Syria",2015,1824782.85
"TJ","Tajikistan",2001,889017.68
"TJ","Tajikistan",2002,978166
"TJ","Tajikistan",2003,807096.31
"TJ","Tajikistan",2004,704371.48
"TJ","Tajikistan",2005,795195.33
"TJ","Tajikistan",2006,714780.16
"TJ","Tajikistan",2007,643581.69
"TJ","Tajikistan",2008,829092.02
"TJ","Tajikistan",2009,745473.13
"TJ","Tajikistan",2010,1166417.97
"TJ","Tajikistan",2011,766895.59
"TJ","Tajikistan",2012,801629.07
"TJ","Tajikistan",2013,730975.89
"TJ","Tajikistan",2014,722411.12
"TJ","Tajikistan",2015,719609.13
"TZ","Tanzania",2001,4292951.81
"TZ","Tanzania",2002,5718548.05
"TZ","Tanzania",2003,5886448.65
"TZ","Tanzania",2004,3330787.18
"TZ","Tanzania",2005,3629436.66
"TZ","Tanzania",2006,3314297.33
"TZ","Tanzania",2007,2986497.8
"TZ","Tanzania",2008,3743826.01
"TZ","Tanzania",2009,4124038.55
"TZ","Tanzania",2010,4321390.82
"TZ","Tanzania",2011,3889976.32
"TZ","Tanzania",2012,3727359.96
"TZ","Tanzania",2013,3782505.22
"TZ","Tanzania",2014,4059382.79
"TZ","Tanzania",2015,4528613.71
"TH","Thailand",2001,993329.61
"TH","Thailand",2002,396680.39
"TH","Thailand",2003,799553.43
"TH","Thailand",2004,1645005.29
"TH","Thailand",2005,2549094.46
"TH","Thailand",2006,2667501.05
"TH","Thailand",2007,1038398.57
"TH","Thailand",2008,1386293.51
"TH","Thailand",2009,1667349.77
"TH","Thailand",2010,1675508.02
"TH","Thailand",2011,1655701.73
"TH","Thailand",2012,1596978.36
"TH","Thailand",2013,1605601.46
"TH","Thailand",2014,1496476.49
"TH","Thailand",2015,1514502.92
"TL","Timor-Leste",2003,1619585.48
"TL","Timor-Leste",2004,3450380.54
"TL","Timor-Leste",2005,1587067.14
"TL","Timor-Leste",2006,1475935.39
"TL","Timor-Leste",2007,1672314.29
"TL","Timor-Leste",2008,1824178.62
"TL","Timor-Leste",2009,2544506
"TL","Timor-Leste",2010,2875745.01
"TL","Timor-Leste",2011,2434785.72
"TL","Timor-Leste",2012,2369384.78
"TL","Timor-Leste",2013,1655591.98
"TL","Timor-Leste",2014,1839722.79
"TL","Timor-Leste",2015,1742688.77
"TG","Togo",2001,1741275.37
"TG","Togo",2002,1595635.04
"TG","Togo",2003,1410094.88
"TG","Togo",2004,1411644.36
"TG","Togo",2005,682778.12
"TG","Togo",2006,1031344.42
"TG","Togo",2007,1196239.03
"TG","Togo",2008,1629692.95
"TG","Togo",2009,1356253.32
"TG","Togo",2010,1370901.82
"TG","Togo",2011,1207935.12
"TG","Togo",2012,1407546
"TG","Togo",2013,1254358.64
"TG","Togo",2014,1189115.82
"TG","Togo",2015,1446888.76
"TK","Tokelau",2003,152686.55
"TO","Tonga",2001,33617.13
"TO","Tonga",2002,157599.61
"TT","Trinidad & Tobago",2003,47084.52
"TN","Tunisia",2001,746295.61
"TN","Tunisia",2002,403560.8
"TN","Tunisia",2003,671518.06
"TN","Tunisia",2004,580778.12
"TN","Tunisia",2005,411789.58
"TN","Tunisia",2006,473165.35
"TN","Tunisia",2007,245030.69
"TN","Tunisia",2008,442986.96
"TN","Tunisia",2009,605624.52
"TN","Tunisia",2010,474058.51
"TN","Tunisia",2011,834989.53
"TN","Tunisia",2012,668838.86
"TN","Tunisia",2013,513259.31
"TN","Tunisia",2014,525381.36
"TN","Tunisia",2015,458514.39
"TR","Turkey",2001,582797.73
"TR","Turkey",2002,1237713.03
"TR","Turkey",2003,1088264.71
"TR","Turkey",2004,1173547.92
"TR","Turkey",2005,1048702.17
"TR","Turkey",2006,973281.94
"TR","Turkey",2007,1233605.08
"TR","Turkey",2008,995173.07
"TR","Turkey",2009,902203.46
"TR","Turkey",2010,1071484.08
"TR","Turkey",2011,852780.88
"TR","Turkey",2012,1277127.69
"TR","Turkey",2013,1223178.84
"TR","Turkey",2014,928029.83
"TR","Turkey",2015,1038669.11
"TM","Turkmenistan",2001,974783.05
"TM","Turkmenistan",2002,862092.94
"TM","Turkmenistan",2003,602116.24
"TM","Turkmenistan",2004,502816.03
"TM","Turkmenistan",2005,540100.43
"TM","Turkmenistan",2006,635996.05
"TM","Turkmenistan",2007,478326.28
"TM","Turkmenistan",2008,624321.04
"TM","Turkmenistan",2009,571899.06
"TM","Turkmenistan",2010,653314.37
"TM","Turkmenistan",2011,619652.27
"TM","Turkmenistan",2012,657276.41
"TM","Turkmenistan",2013,619307.38
"TM","Turkmenistan",2014,663631.66
"TM","Turkmenistan",2015,637688.66
"TV","Tuvalu",2002,136590.85
"UG","Uganda",2001,3607389.68
"UG","Uganda",2002,5014397.86
"UG","Uganda",2003,6830248.73
"UG","Uganda",2004,4211772.21
"UG","Uganda",2005,3657072.35
"UG","Uganda",2006,3801796.37
"UG","Uganda",2007,4325600.25
"UG","Uganda",2008,5922483.91
"UG","Uganda",2009,6864915.59
"UG","Uganda",2010,6421215.75
"UG","Uganda",2011,5503226.66
"UG","Uganda",2012,6051028.37
"UG","Uganda",2013,5823747.84
"UG","Uganda",2014,5700863.18
"UG","Uganda",2015,5697185.07
"UA","Ukraine",2005,533782.88
"UA","Ukraine",2006,543102
"UA","Ukraine",2007,517235.26
"UA","Ukraine",2008,711006.35
"UA","Ukraine",2009,633520.18
"UA","Ukraine",2010,607088.15
"UA","Ukraine",2011,559498.04
"UA","Ukraine",2012,569284.24
"UA","Ukraine",2013,621792.55
"UA","Ukraine",2014,684116.82
"UA","Ukraine",2015,879118.02
"UY","Uruguay",2001,189131.35
"UY","Uruguay",2002,121796.56
"UY","Uruguay",2003,246475.96
"UY","Uruguay",2004,376583.75
"UY","Uruguay",2005,478220.08
"UY","Uruguay",2006,611937.92
"UY","Uruguay",2007,748752.24
"UY","Uruguay",2008,757151.33
"UY","Uruguay",2009,708282.08
"UY","Uruguay",2010,764819.4
"UY","Uruguay",2011,694074.98
"UY","Uruguay",2012,719281.82
"UY","Uruguay",2013,824477.48
"UY","Uruguay",2014,538385.93
"UY","Uruguay",2015,658039.12
"UZ","Uzbekistan",2001,1010539.47
"UZ","Uzbekistan",2002,774067.72
"UZ","Uzbekistan",2003,810843.16
"UZ","Uzbekistan",2004,749733.6
"UZ","Uzbekistan",2005,930400.21
"UZ","Uzbekistan",2006,1001094.91
"UZ","Uzbekistan",2007,836443.8
"UZ","Uzbekistan",2008,1067886.8
"UZ","Uzbekistan",2009,914309.3
"UZ","Uzbekistan",2010,1025163.86
"UZ","Uzbekistan",2011,941666.81
"UZ","Uzbekistan",2012,1052569.64
"UZ","Uzbekistan",2013,1229718.6
"UZ","Uzbekistan",2014,1108384.39
"UZ","Uzbekistan",2015,1049424.17
"VU","Vanuatu",2001,99785.98
"VU","Vanuatu",2002,117297.78
"VE","Venezuela",2001,899667.73
"VE","Venezuela",2002,877218.16
"VE","Venezuela",2003,990917.78
"VE","Venezuela",2004,1066740.24
"VE","Venezuela",2005,943847.66
"VE","Venezuela",2006,1091065.89
"VE","Venezuela",2007,1402594.82
"VE","Venezuela",2008,1068682.87
"VE","Venezuela",2009,1196911.92
"VE","Venezuela",2010,1170948.48
"VE","Venezuela",2011,1077969.77
"VE","Venezuela",2012,1140928.6
"VE","Venezuela",2013,1187087.23
"VE","Venezuela",2014,887197.27
"VE","Venezuela",2015,569817.44
"VN","Viet Nam",2001,4735276.39
"VN","Viet Nam",2002,4118810.26
"VN","Viet Nam",2003,7624274.88
"VN","Viet Nam",2004,5515508.06
"VN","Viet Nam",2005,5999116.73
"VN","Viet Nam",2006,3670897.4
"VN","Viet Nam",2007,4140861.6
"VN","Viet Nam",2008,3280897.51
"VN","Viet Nam",2009,3722656.24
"VN","Viet Nam",2010,3749362.42
"VN","Viet Nam",2011,3823006.5
"VN","Viet Nam",2012,2183527.93
"VN","Viet Nam",2013,4241466.4
"VN","Viet Nam",2014,4072850.18
"VN","Viet Nam",2015,3843834.36
"YE","Yemen",2001,3923021.36
"YE","Yemen",2002,3089051.41
"YE","Yemen",2003,3421266.21
"YE","Yemen",2004,2270477.91
"YE","Yemen",2005,2103518.93
"YE","Yemen",2006,2004791.72
"YE","Yemen",2007,1357055.4
"YE","Yemen",2008,2407780.73
"YE","Yemen",2009,2467455.86
"YE","Yemen",2010,2133897.73
"YE","Yemen",2011,2281364.12
"YE","Yemen",2012,2032472.55
"YE","Yemen",2013,2264586.83
"YE","Yemen",2014,3166761.76
"YE","Yemen",2015,3266064.98
"ZM","Zambia",2001,1515209.73
"ZM","Zambia",2002,3232502.32
"ZM","Zambia",2003,2023835.59
"ZM","Zambia",2004,1622011.28
"ZM","Zambia",2005,1859335.38
"ZM","Zambia",2006,1223102.11
"ZM","Zambia",2007,1843901.35
"ZM","Zambia",2008,2851302.41
"ZM","Zambia",2009,3112198.87
"ZM","Zambia",2010,3460265.22
"ZM","Zambia",2011,2542100.3
"ZM","Zambia",2012,3640437.36
"ZM","Zambia",2013,2906812.65
"ZM","Zambia",2014,3146310.28
"ZM","Zambia",2015,2913996.84
"ZW","Zimbabwe",2001,1482863.24
"ZW","Zimbabwe",2002,1445012.13
"ZW","Zimbabwe",2003,1291827.28
"ZW","Zimbabwe",2004,2182185.76
"ZW","Zimbabwe",2005,2440617.63
"ZW","Zimbabwe",2006,2569221.49
"ZW","Zimbabwe",2007,2804073.21
"ZW","Zimbabwe",2008,4683498.13
"ZW","Zimbabwe",2009,4054394.34
"ZW","Zimbabwe",2010,4284272.61
"ZW","Zimbabwe",2011,3253019.52
"ZW","Zimbabwe",2012,3661370.58
"ZW","Zimbabwe",2013,3233318.18
"ZW","Zimbabwe",2014,3001655.79
"ZW","Zimbabwe",2015,2934693.72
