"id","entity-name","year","value","budget-type"
"AF","Afghanistan",2010,338.9089636,"Actual"
"AF","Afghanistan",2011,392.755325,"Actual"
"AF","Afghanistan",2012,482.8126065,"Actual"
"AF","Afghanistan",2013,452.3055309,"Actual"
"AF","Afghanistan",2014,433.2771409,"Actual"
"AF","Afghanistan",2015,486.656398,"Projected "
"AL","Albania",2010,2547.813262,"Actual"
"AL","Albania",2011,2583.474967,"Actual"
"AL","Albania",2012,2600.734704,"Actual"
"AL","Albania",2013,2571.136648,"Actual"
"AL","Albania",2014,2947.388641,"Projected "
"AL","Albania",2015,3260.111409,"Projected "
"DZ","Algeria",2010,5845.946112,"Actual"
"DZ","Algeria",2011,5552.007677,"Actual"
"DZ","Algeria",2012,5300.393876,"Actual"
"DZ","Algeria",2013,4938.743105,"Actual"
"DZ","Algeria",2014,4882.450902,"Projected "
"DZ","Algeria",2015,5263.804011,"Projected "
"AO","Angola",2010,3603.091841,"Actual"
"AO","Angola",2011,3355.996245,"Actual"
"AO","Angola",2012,3061.43088,"Actual"
"AO","Angola",2013,2827.723972,"Actual"
"AO","Angola",2014,2683.789473,"Projected "
"AO","Angola",2015,3473.215554,"Projected "
"AG","Antigua & Barbuda",2010,4852.552198,"Actual"
"AG","Antigua & Barbuda",2011,4306.553709,"Actual"
"AG","Antigua & Barbuda",2012,4451.827243,"Actual"
"AG","Antigua & Barbuda",2013,4201.975908,"Actual"
"AG","Antigua & Barbuda",2014,4677.349638,"Projected "
"AG","Antigua & Barbuda",2015,5142.264369,"Projected "
"AM","Armenia",2010,1266.746737,"Actual"
"AM","Armenia",2011,1346.60417,"Actual"
"AM","Armenia",2012,1497.4856,"Actual"
"AM","Armenia",2013,1644.016059,"Projected "
"AM","Armenia",2014,1647.91692,"Projected "
"AM","Armenia",2015,1652.394219,"Projected "
"AU","Australia",2010,13786,"Actual"
"AU","Australia",2011,13693,"Actual"
"AU","Australia",2012,14781,"Actual"
"AU","Australia",2013,15142,"Actual"
"AU","Australia",2014,15554,"Actual"
"AU","Australia",2015,16639,"Projected "
"AT","Austria",2010,21133,"Actual"
"AT","Austria",2011,21693,"Actual"
"AT","Austria",2012,21953,"Actual"
"AT","Austria",2013,22331,"Actual"
"AT","Austria",2014,22489,"Projected "
"AT","Austria",2015,22630,"Projected "
"AZ","Azerbaijan",2010,8750.316765,"Actual"
"AZ","Azerbaijan",2011,7332.83189,"Actual"
"AZ","Azerbaijan",2012,6459.152488,"Actual"
"AZ","Azerbaijan",2013,6659.83011,"Projected "
"AZ","Azerbaijan",2014,7407.70677,"Projected "
"AZ","Azerbaijan",2015,6423.313139,"Projected "
"BD","Bangladesh",2010,291.0308666,"Actual"
"BD","Bangladesh",2011,299.0962451,"Actual"
"BD","Bangladesh",2012,324.2143138,"Actual"
"BD","Bangladesh",2013,320.2930994,"Actual"
"BD","Bangladesh",2014,327.2895335,"Projected "
"BD","Bangladesh",2015,332.5488819,"Projected "
"BY","Belarus",2010,19801.14644,"Actual"
"BY","Belarus",2011,11612.53218,"Actual"
"BY","Belarus",2012,7244.844799,"Actual"
"BY","Belarus",2013,6338.258393,"Actual"
"BY","Belarus",2014,5112.342049,"Actual"
"BY","Belarus",2015,3988.613701,"Projected "
"BE","Belgium",2010,20314,"Actual"
"BE","Belgium",2011,20726,"Actual"
"BE","Belgium",2012,21089,"Actual"
"BE","Belgium",2013,21339,"Actual"
"BE","Belgium",2014,21592,"Projected "
"BE","Belgium",2015,21760,"Projected "
"BZ","Belize",2010,2152.424131,"Actual"
"BZ","Belize",2011,2119.657547,"Actual"
"BZ","Belize",2012,2137.632463,"Actual"
"BZ","Belize",2013,2042.057871,"Actual"
"BZ","Belize",2014,2139.172641,"Actual"
"BZ","Belize",2015,2178.164737,"Projected "
"BJ","Benin",2010,334.5868096,"Actual"
"BJ","Benin",2011,345.9463337,"Actual"
"BJ","Benin",2012,341.5172279,"Actual"
"BJ","Benin",2013,356.6673829,"Projected "
"BJ","Benin",2014,389.5444168,"Projected "
"BJ","Benin",2015,411.7028914,"Projected "
"BT","Bhutan",2010,3224.608631,"Actual"
"BT","Bhutan",2011,2581.074712,"Actual"
"BT","Bhutan",2012,2548.951638,"Projected "
"BT","Bhutan",2013,1984.513376,"Projected "
"BT","Bhutan",2014,1734.158445,"Projected "
"BT","Bhutan",2015,1445.902512,"Projected "
"BO","Bolivia ",2010,2057.290805,"Actual"
"BO","Bolivia ",2011,2055.835464,"Actual"
"BO","Bolivia ",2012,2112.574945,"Actual"
"BO","Bolivia ",2013,2166.620947,"Projected "
"BO","Bolivia ",2014,2042.524714,"Projected "
"BO","Bolivia ",2015,2288.295706,"Projected "
"BA","Bosnia & Herzegovina",2010,4276.058175,"Actual"
"BA","Bosnia & Herzegovina",2011,4245.294469,"Actual"
"BA","Bosnia & Herzegovina",2012,4266.582778,"Actual"
"BA","Bosnia & Herzegovina",2013,4357.310286,"Actual"
"BA","Bosnia & Herzegovina",2014,4449.800136,"Projected "
"BA","Bosnia & Herzegovina",2015,4621.74588,"Projected "
"BW","Botswana",2010,4596.298439,"Actual"
"BW","Botswana",2011,4231.936364,"Actual"
"BW","Botswana",2012,4997.222197,"Actual"
"BW","Botswana",2013,4942.764951,"Projected "
"BW","Botswana",2014,4621.146712,"Projected "
"BW","Botswana",2015,4597.519746,"Projected "
"BR","Brazil",2010,5488.363565,"Actual"
"BR","Brazil",2011,5486.857597,"Actual"
"BR","Brazil",2012,5411.303776,"Actual"
"BR","Brazil",2013,5324.469437,"Actual"
"BR","Brazil",2014,4975.419651,"Actual"
"BR","Brazil",2015,,"Projected "
"BF","Burkina Faso",2010,312.9653273,"Actual"
"BF","Burkina Faso",2011,324.3018992,"Actual"
"BF","Burkina Faso",2012,349.1508468,"Actual"
"BF","Burkina Faso",2013,395.6197076,"Projected "
"BF","Burkina Faso",2014,441.7313347,"Projected "
"BF","Burkina Faso",2015,458.2507748,"Projected "
"BI","Burundi",2010,392.2225393,"Actual"
"BI","Burundi",2011,342.0578887,"Actual"
"BI","Burundi",2012,266.0859771,"Actual"
"BI","Burundi",2013,233.2306652,"Actual"
"BI","Burundi",2014,201.1872953,"Actual"
"BI","Burundi",2015,197.2768463,"Projected "
"KH","Cambodia",2010,440.2544092,"Actual"
"KH","Cambodia",2011,418.3500841,"Actual"
"KH","Cambodia",2012,480.5624744,"Actual"
"KH","Cambodia",2013,519.4329877,"Projected "
"KH","Cambodia",2014,574.3304846,"Projected "
"KH","Cambodia",2015,,"Projected "
"CM","Cameroon",2010,447.2449105,"Actual"
"CM","Cameroon",2011,487.1752694,"Actual"
"CM","Cameroon",2012,491.826248,"Actual"
"CM","Cameroon",2013,502.4568552,"Actual"
"CM","Cameroon",2014,528.4964778,"Projected "
"CM","Cameroon",2015,530.9592421,"Projected "
"CA","Canada",2010,15995,"Actual"
"CA","Canada",2011,16002,"Actual"
"CA","Canada",2012,16176,"Actual"
"CA","Canada",2013,16290,"Actual"
"CA","Canada",2014,16348,"Actual"
"CA","Canada",2015,16888,"Projected "
"CV","Cape Verde",2010,1695.798961,"Actual"
"CV","Cape Verde",2011,1598.856716,"Actual"
"CV","Cape Verde",2012,1442.34825,"Actual"
"CV","Cape Verde",2013,1477.428677,"Actual"
"CV","Cape Verde",2014,1652.206178,"Projected "
"CV","Cape Verde",2015,1622.28586,"Projected "
"CF","CAR",2010,158.5490492,"Actual"
"CF","CAR",2011,124.9793475,"Actual"
"CF","CAR",2012,155.3265119,"Actual"
"CF","CAR",2013,46.88315532,"Actual"
"CF","CAR",2014,42.10504943,"Projected "
"CF","CAR",2015,55.40704489,"Projected "
"TD","Chad",2010,487.6039188,"Actual"
"TD","Chad",2011,547.8452468,"Actual"
"TD","Chad",2012,577.2363456,"Actual"
"TD","Chad",2013,522.0913278,"Actual"
"TD","Chad",2014,473.6715733,"Actual"
"TD","Chad",2015,505.5313771,"Projected "
"CL","Chile",2010,4238.523233,"Actual"
"CL","Chile",2011,4642.549779,"Actual"
"CL","Chile",2012,4806.906209,"Actual"
"CL","Chile",2013,4640.655571,"Actual"
"CL","Chile",2014,4463.211668,"Projected "
"CL","Chile",2015,4576.874083,"Projected "
"CN","China",2010,2135.858361,"Actual"
"CN","China",2011,2353.817106,"Actual"
"CN","China",2012,2425.804903,"Actual"
"CN","China",2013,2508.544504,"Projected "
"CN","China",2014,2761.38428,"Projected "
"CN","China",2015,3046.352223,"Projected "
"CO","Colombia",2010,3100.456962,"Actual"
"CO","Colombia",2011,3182.041964,"Actual"
"CO","Colombia",2012,3452.552853,"Actual"
"CO","Colombia",2013,3546.137337,"Actual"
"CO","Colombia",2014,3442.740754,"Projected "
"CO","Colombia",2015,3635.643861,"Projected "
"KM","Comoros",2010,452.8321553,"Actual"
"KM","Comoros",2011,354.335181,"Actual"
"KM","Comoros",2012,430.7499204,"Actual"
"KM","Comoros",2013,644.0663227,"Actual"
"KM","Comoros",2014,351.989925,"Projected "
"KM","Comoros",2015,345.2378498,"Projected "
"CG","Congo",2010,2364.891549,"Actual"
"CG","Congo",2011,2485.19537,"Actual"
"CG","Congo",2012,2590.085606,"Actual"
"CG","Congo",2013,3167.445693,"Actual"
"CG","Congo",2014,3606.243652,"Projected "
"CG","Congo",2015,5097.763307,"Projected "
"CR","Costa Rica",2010,1832.844344,"Actual"
"CR","Costa Rica",2011,1871.891725,"Actual"
"CR","Costa Rica",2012,1894.130254,"Actual"
"CR","Costa Rica",2013,1886.392324,"Actual"
"CR","Costa Rica",2014,1864.084445,"Projected "
"CR","Costa Rica",2015,1868.084244,"Projected "
"CI","Cote d'Ivoire",2010,504.9667821,"Actual"
"CI","Cote d'Ivoire",2011,375.254742,"Actual"
"CI","Cote d'Ivoire",2012,519.109018,"Actual"
"CI","Cote d'Ivoire",2013,571.7550941,"Actual"
"CI","Cote d'Ivoire",2014,593.447647,"Projected "
"CI","Cote d'Ivoire",2015,657.1257044,"Projected "
"CY","Cyprus",2010,13206,"Actual"
"CY","Cyprus",2011,12686,"Actual"
"CY","Cyprus",2012,11977,"Actual"
"CY","Cyprus",2013,11957,"Actual"
"CY","Cyprus",2014,12654,"Actual"
"CY","Cyprus",2015,12431,"Projected "
"CZ","Czech Republic",2010,10402,"Actual"
"CZ","Czech Republic",2011,10978,"Actual"
"CZ","Czech Republic",2012,10998,"Actual"
"CZ","Czech Republic",2013,11050,"Actual"
"CZ","Czech Republic",2014,11227,"Projected "
"CZ","Czech Republic",2015,11326,"Projected "
"DK","Denmark",2010,23413,"Actual"
"DK","Denmark",2011,24070,"Actual"
"DK","Denmark",2012,23824,"Actual"
"DK","Denmark",2013,23977,"Actual"
"DK","Denmark",2014,24504,"Projected "
"DK","Denmark",2015,23196,"Projected "
"DJ","Djibouti",2010,1014.494906,"Actual"
"DJ","Djibouti",2011,967.2015069,"Actual"
"DJ","Djibouti",2012,1007.06352,"Projected "
"DJ","Djibouti",2013,,"Projected "
"DJ","Djibouti",2014,,"Projected "
"DJ","Djibouti",2015,,"Projected "
"DM","Dominica",2010,3664.538821,"Actual"
"DM","Dominica",2011,3778.692076,"Actual"
"DM","Dominica",2012,3076.134711,"Projected "
"DM","Dominica",2013,2965.15337,"Projected "
"DM","Dominica",2014,3029.51615,"Projected "
"DM","Dominica",2015,3145.765253,"Projected "
"DO","Dominican Republic",2010,1645.454609,"Projected "
"DO","Dominican Republic",2011,1566.258409,"Projected "
"DO","Dominican Republic",2012,,"Projected "
"DO","Dominican Republic",2013,,"Projected "
"DO","Dominican Republic",2014,,"Projected "
"DO","Dominican Republic",2015,,"Projected "
"CD","DRC",2010,136.9353139,"Actual"
"CD","DRC",2011,111.8675531,"Actual"
"CD","DRC",2012,123.0125423,"Actual"
"CD","DRC",2013,101.7328011,"Actual"
"CD","DRC",2014,108.1632299,"Projected "
"CD","DRC",2015,116.3269213,"Projected "
"EG","Egypt",2010,3247.964611,"Actual"
"EG","Egypt",2011,2980.910533,"Actual"
"EG","Egypt",2012,2507.30669,"Actual"
"EG","Egypt",2013,2347.437192,"Actual"
"EG","Egypt",2014,2359.046971,"Actual"
"EG","Egypt",2015,1983.573914,"Projected "
"SV","El Salvador",2010,1343.501938,"Actual"
"SV","El Salvador",2011,1353.486029,"Actual"
"SV","El Salvador",2012,1433.660973,"Actual"
"SV","El Salvador",2013,1497.341986,"Actual"
"SV","El Salvador",2014,1468.023047,"Actual"
"SV","El Salvador",2015,1519.761758,"Projected "
"GQ","Equatorial Guinea",2010,17182.05544,"Actual"
"GQ","Equatorial Guinea",2011,14856.63542,"Actual"
"GQ","Equatorial Guinea",2012,11987.32335,"Projected "
"GQ","Equatorial Guinea",2013,14236.67673,"Projected "
"GQ","Equatorial Guinea",2014,11813.64919,"Projected "
"GQ","Equatorial Guinea",2015,26072.49461,"Projected "
"EE","Estonia",2010,9135,"Actual"
"EE","Estonia",2011,9445,"Actual"
"EE","Estonia",2012,9931,"Actual"
"EE","Estonia",2013,9572,"Actual"
"EE","Estonia",2014,9727,"Projected "
"EE","Estonia",2015,9937,"Projected "
"ET","Ethiopia",2010,276.7938904,"Actual"
"ET","Ethiopia",2011,285.3191267,"Actual"
"ET","Ethiopia",2012,237.2728074,"Actual"
"ET","Ethiopia",2013,202.4680401,"Actual"
"ET","Ethiopia",2014,197.4291038,"Actual"
"ET","Ethiopia",2015,197.6970551,"Projected "
"FJ","Fiji",2010,1940.031304,"Actual"
"FJ","Fiji",2011,2065.320194,"Actual"
"FJ","Fiji",2012,2078.706199,"Actual"
"FJ","Fiji",2013,2144.358815,"Actual"
"FJ","Fiji",2014,2231.330461,"Projected "
"FJ","Fiji",2015,2204.659406,"Projected "
"FI","Finland",2010,21262,"Actual"
"FI","Finland",2011,22074,"Actual"
"FI","Finland",2012,21688,"Actual"
"FI","Finland",2013,21581,"Actual"
"FI","Finland",2014,21634,"Projected "
"FI","Finland",2015,21712,"Projected "
"FR","France",2010,18911,"Actual"
"FR","France",2011,19874,"Actual"
"FR","France",2012,20357,"Actual"
"FR","France",2013,20939,"Actual"
"FR","France",2014,21149,"Projected "
"FR","France",2015,21287,"Projected "
"GA","Gabon",2010,3953.107113,"Actual"
"GA","Gabon",2011,4254.316822,"Actual"
"GA","Gabon",2012,6581.706007,"Actual"
"GA","Gabon",2013,6973.720559,"Actual"
"GA","Gabon",2014,6935.538255,"Actual"
"GA","Gabon",2015,6068.986449,"Projected "
"GM","Gambia",2010,322.1489946,"Actual"
"GM","Gambia",2011,332.4997522,"Actual"
"GM","Gambia",2012,397.4456447,"Actual"
"GM","Gambia",2013,284.7293251,"Projected "
"GM","Gambia",2014,318.6848547,"Projected "
"GM","Gambia",2015,364.1314618,"Projected "
"GE","Georgia",2010,1826.077237,"Actual"
"GE","Georgia",2011,1807.90608,"Actual"
"GE","Georgia",2012,1967.228001,"Actual"
"GE","Georgia",2013,1988.926703,"Actual"
"GE","Georgia",2014,2031.023938,"Actual"
"GE","Georgia",2015,2128.428484,"Projected "
"DE","Germany",2010,17363,"Actual"
"DE","Germany",2011,18732,"Actual"
"DE","Germany",2012,19515,"Actual"
"DE","Germany",2013,19504,"Actual"
"DE","Germany",2014,19723,"Actual"
"DE","Germany",2015,19682,"Projected "
"GH","Ghana",2010,,"Actual"
"GH","Ghana",2011,784.9844892,"Actual"
"GH","Ghana",2012,697.9460702,"Actual"
"GH","Ghana",2013,561.5926745,"Projected "
"GH","Ghana",2014,563.9305736,"Projected "
"GH","Ghana",2015,527.4618668,"Projected "
"GR","Greece",2010,11910,"Actual"
"GR","Greece",2011,11760,"Actual"
"GR","Greece",2012,11424,"Actual"
"GR","Greece",2013,11565,"Actual"
"GR","Greece",2014,11840,"Projected "
"GR","Greece",2015,12260,"Projected "
"GD","Grenada",2010,2801.195599,"Actual"
"GD","Grenada",2011,2755.657354,"Actual"
"GD","Grenada",2012,2351.125065,"Actual"
"GD","Grenada",2013,2400.703765,"Actual"
"GD","Grenada",2014,2880.583614,"Projected "
"GD","Grenada",2015,2946.862237,"Projected "
"GT","Guatemala",2010,830.9958025,"Actual"
"GT","Guatemala",2011,834.931008,"Actual"
"GT","Guatemala",2012,825.273808,"Actual"
"GT","Guatemala",2013,820.8833243,"Actual"
"GT","Guatemala",2014,762.5523742,"Projected "
"GT","Guatemala",2015,757.273475,"Projected "
"GN","Guinea",2010,259.8437209,"Actual"
"GN","Guinea",2011,289.2429033,"Actual"
"GN","Guinea",2012,298.0713909,"Actual"
"GN","Guinea",2013,246.7520033,"Actual"
"GN","Guinea",2014,295.6081452,"Actual"
"GN","Guinea",2015,244.4519289,"Projected "
"GW","Guinea-Bissau",2010,295.4711458,"Actual"
"GW","Guinea-Bissau",2011,234.0306018,"Actual"
"GW","Guinea-Bissau",2012,168.2730955,"Actual"
"GW","Guinea-Bissau",2013,186.665354,"Actual"
"GW","Guinea-Bissau",2014,278.3856502,"Projected "
"GW","Guinea-Bissau",2015,204.5400261,"Projected "
"GY","Guyana",2010,1652.240447,"Actual"
"GY","Guyana",2011,1572.109267,"Actual"
"GY","Guyana",2012,1588.356835,"Actual"
"GY","Guyana",2013,1672.263903,"Projected "
"GY","Guyana",2014,1919.193304,"Projected "
"GY","Guyana",2015,2090.027489,"Projected "
"HT","Haiti",2010,419.5507721,"Actual"
"HT","Haiti",2011,388.4816675,"Actual"
"HT","Haiti",2012,395.6753766,"Actual"
"HT","Haiti",2013,351.5063004,"Actual"
"HT","Haiti",2014,314.8417459,"Projected "
"HT","Haiti",2015,329.4501675,"Projected "
"HN","Honduras",2010,788.2608388,"Actual"
"HN","Honduras",2011,770.2406609,"Actual"
"HN","Honduras",2012,759.7380951,"Actual"
"HN","Honduras",2013,780.5936856,"Actual"
"HN","Honduras",2014,833.0776843,"Projected "
"HN","Honduras",2015,809.0189858,"Projected "
"HK","Hong Kong",2010,10705,"Actual"
"HK","Hong Kong",2011,11668,"Actual"
"HK","Hong Kong",2012,11089,"Actual"
"HK","Hong Kong",2013,11136,"Actual"
"HK","Hong Kong",2014,11891,"Actual"
"HK","Hong Kong",2015,11154,"Projected "
"IS","Iceland",2010,16095,"Actual"
"IS","Iceland",2011,16571,"Actual"
"IS","Iceland",2012,17114,"Actual"
"IS","Iceland",2013,17799,"Actual"
"IS","Iceland",2014,19863,"Projected "
"IS","Iceland",2015,18081,"Projected "
"IN","India",2010,820.0627502,"Actual"
"IN","India",2011,1007.20238,"Actual"
"IN","India",2012,986.4133116,"Actual"
"IN","India",2013,1013.770044,"Projected "
"IN","India",2014,1057.367754,"Projected "
"IN","India",2015,1115.934708,"Projected "
"ID","Indonesia",2010,1501.299054,"Actual"
"ID","Indonesia",2011,1579.060036,"Actual"
"ID","Indonesia",2012,1653.586652,"Actual"
"ID","Indonesia",2013,1657.421658,"Projected "
"ID","Indonesia",2014,1602.390638,"Projected "
"ID","Indonesia",2015,1411.464223,"Projected "
"IR","Iran",2010,4742.819846,"Actual"
"IR","Iran",2011,3645.79797,"Actual"
"IR","Iran",2012,2972.09199,"Actual"
"IR","Iran",2013,1451.958328,"Actual"
"IR","Iran",2014,1358.356331,"Actual"
"IR","Iran",2015,1184.761588,"Projected "
"IQ","Iraq",2010,7036.289985,"Actual"
"IQ","Iraq",2011,6365.078421,"Actual"
"IQ","Iraq",2012,6800.378018,"Actual"
"IQ","Iraq",2013,7055.81816,"Actual"
"IQ","Iraq",2014,7870.601775,"Actual"
"IQ","Iraq",2015,13880.85646,"Projected "
"IE","Ireland",2010,14879,"Actual"
"IE","Ireland",2011,15349,"Actual"
"IE","Ireland",2012,15658,"Actual"
"IE","Ireland",2013,16012,"Actual"
"IE","Ireland",2014,16666,"Actual"
"IE","Ireland",2015,16701,"Projected "
"IL","Israel",2010,11463,"Actual"
"IL","Israel",2011,11892,"Actual"
"IL","Israel",2012,11341,"Actual"
"IL","Israel",2013,11584,"Actual"
"IL","Israel",2014,11835,"Projected "
"IL","Israel",2015,11896,"Projected "
"IT","Italy",2010,16463,"Actual"
"IT","Italy",2011,16624,"Actual"
"IT","Italy",2012,16984,"Actual"
"IT","Italy",2013,16691,"Actual"
"IT","Italy",2014,16880,"Projected "
"IT","Italy",2015,16876,"Projected "
"JM","Jamaica",2010,2443.801846,"Actual"
"JM","Jamaica",2011,2269.033364,"Actual"
"JM","Jamaica",2012,2082.0015,"Actual"
"JM","Jamaica",2013,1926.601638,"Actual"
"JM","Jamaica",2014,1953.968251,"Projected "
"JM","Jamaica",2015,1833.877601,"Projected "
"JP","Japan",2010,9707,"Actual"
"JP","Japan",2011,10460,"Actual"
"JP","Japan",2012,11074,"Actual"
"JP","Japan",2013,11834,"Actual"
"JP","Japan",2014,12044,"Projected "
"JP","Japan",2015,12398,"Projected "
"JO","Jordan",2010,3017.946361,"Actual"
"JO","Jordan",2011,3090.026824,"Actual"
"JO","Jordan",2012,2628.474902,"Actual"
"JO","Jordan",2013,2667.804227,"Actual"
"JO","Jordan",2014,3067.945272,"Projected "
"JO","Jordan",2015,2810.018402,"Projected "
"KZ","Kazakhstan",2010,5627.733517,"Actual"
"KZ","Kazakhstan",2011,5989.400483,"Actual"
"KZ","Kazakhstan",2012,5851.651375,"Actual"
"KZ","Kazakhstan",2013,5307.203618,"Actual"
"KZ","Kazakhstan",2014,5875.459425,"Projected "
"KZ","Kazakhstan",2015,6384.673252,"Projected "
"KE","Kenya",2010,555.8456442,"Actual"
"KE","Kenya",2011,587.5816899,"Actual"
"KE","Kenya",2012,535.3399384,"Actual"
"KE","Kenya",2013,520.8583063,"Actual"
"KE","Kenya",2014,522.4070478,"Actual"
"KE","Kenya",2015,565.0890856,"Projected "
"KI","Kiribati",2010,1133.212869,"Actual"
"KI","Kiribati",2011,934.7831088,"Actual"
"KI","Kiribati",2012,1365.065752,"Actual"
"KI","Kiribati",2013,1737.165321,"Projected "
"KI","Kiribati",2014,1276.460925,"Projected "
"KI","Kiribati",2015,1311.261194,"Projected "
"XK","Kosovo",2010,2241.693872,"Actual"
"XK","Kosovo",2011,2322.70024,"Actual"
"XK","Kosovo",2012,2286.754255,"Actual"
"XK","Kosovo",2013,2217.665485,"Actual"
"XK","Kosovo",2014,2237.883359,"Actual"
"XK","Kosovo",2015,,"Projected "
"KG","Kyrgyzstan",2010,1113.890986,"Actual"
"KG","Kyrgyzstan",2011,1015.449908,"Actual"
"KG","Kyrgyzstan",2012,983.3107906,"Actual"
"KG","Kyrgyzstan",2013,1043.059586,"Projected "
"KG","Kyrgyzstan",2014,924.8150505,"Projected "
"KG","Kyrgyzstan",2015,846.698391,"Projected "
"LA","Lao",2010,804.5906571,"Actual"
"LA","Lao",2011,798.801803,"Actual"
"LA","Lao",2012,850.9215314,"Actual"
"LA","Lao",2013,835.8260764,"Projected "
"LA","Lao",2014,924.300233,"Projected "
"LA","Lao",2015,,"Projected "
"LV","Latvia",2010,7187,"Actual"
"LV","Latvia",2011,7313,"Actual"
"LV","Latvia",2012,7944,"Actual"
"LV","Latvia",2013,8117,"Actual"
"LV","Latvia",2014,8226,"Projected "
"LV","Latvia",2015,8268,"Projected "
"LB","Lebanon",2010,4005.281116,"Actual"
"LB","Lebanon",2011,4008.138697,"Actual"
"LB","Lebanon",2012,3704.430456,"Actual"
"LB","Lebanon",2013,3297.730854,"Actual"
"LB","Lebanon",2014,3620.117506,"Actual"
"LB","Lebanon",2015,3100.046462,"Projected "
"LS","Lesotho",2010,,"Actual"
"LS","Lesotho",2011,1210.182831,"Actual"
"LS","Lesotho",2012,1278.776896,"Actual"
"LS","Lesotho",2013,1493.150686,"Actual"
"LS","Lesotho",2014,1373.948991,"Actual"
"LS","Lesotho",2015,1425.971443,"Projected "
"LR","Liberia",2010,186.1122199,"Actual"
"LR","Liberia",2011,195.9056041,"Actual"
"LR","Liberia",2012,216.8956462,"Actual"
"LR","Liberia",2013,242.6094242,"Actual"
"LR","Liberia",2014,222.891342,"Actual"
"LR","Liberia",2015,183.9707025,"Projected "
"LY","Libya",2010,27022.14338,"Actual"
"LY","Libya",2011,6971.792721,"Actual"
"LY","Libya",2012,17299.26426,"Actual"
"LY","Libya",2013,,"Projected "
"LY","Libya",2014,,"Projected "
"LY","Libya",2015,,"Projected "
"LT","Lithuania",2010,7602,"Actual"
"LT","Lithuania",2011,7605,"Actual"
"LT","Lithuania",2012,7815,"Actual"
"LT","Lithuania",2013,8150,"Actual"
"LT","Lithuania",2014,8660,"Projected "
"LT","Lithuania",2015,8921,"Projected "
"LU","Luxembourg",2010,41370,"Actual"
"LU","Luxembourg",2011,39774,"Actual"
"LU","Luxembourg",2012,38900,"Actual"
"LU","Luxembourg",2013,39624,"Actual"
"LU","Luxembourg",2014,40313,"Projected "
"LU","Luxembourg",2015,39762,"Projected "
"MK","Macedonia",2010,3646.357407,"Actual"
"MK","Macedonia",2011,3580.17867,"Actual"
"MK","Macedonia",2012,3595.248494,"Actual"
"MK","Macedonia",2013,3406.067307,"Actual"
"MK","Macedonia",2014,3694.452957,"Projected "
"MK","Macedonia",2015,3851.84805,"Projected "
"MG","Madagascar",2010,241.3746623,"Actual"
"MG","Madagascar",2011,198.6691196,"Actual"
"MG","Madagascar",2012,151.4908959,"Actual"
"MG","Madagascar",2013,146.5479578,"Projected "
"MG","Madagascar",2014,159.4931144,"Projected "
"MG","Madagascar",2015,166.3497609,"Projected "
"MW","Malawi",2010,271.4983186,"Actual"
"MW","Malawi",2011,252.4331963,"Actual"
"MW","Malawi",2012,192.8504997,"Actual"
"MW","Malawi",2013,231.5477638,"Actual"
"MW","Malawi",2014,160.3880982,"Projected "
"MW","Malawi",2015,145.912936,"Projected "
"MY","Malaysia",2010,4175.908217,"Actual"
"MY","Malaysia",2011,4403.946522,"Actual"
"MY","Malaysia",2012,4713.612934,"Actual"
"MY","Malaysia",2013,4880.390404,"Actual"
"MY","Malaysia",2014,5036.362191,"Projected "
"MY","Malaysia",2015,4823.622693,"Projected "
"MV","Maldives",2010,,"Actual"
"MV","Maldives",2011,3616.301056,"Actual"
"MV","Maldives",2012,3402.543106,"Actual"
"MV","Maldives",2013,3771.15662,"Actual"
"MV","Maldives",2014,4501.607325,"Projected "
"MV","Maldives",2015,5061.6453,"Projected "
"ML","Mali",2010,368.4778616,"Actual"
"ML","Mali",2011,367.3963706,"Actual"
"ML","Mali",2012,285.4856037,"Actual"
"ML","Mali",2013,339.5146941,"Actual"
"ML","Mali",2014,350.2844727,"Projected "
"ML","Mali",2015,407.4914137,"Projected "
"MT","Malta",2010,11280,"Actual"
"MT","Malta",2011,11635,"Actual"
"MT","Malta",2012,11957,"Actual"
"MT","Malta",2013,12383,"Actual"
"MT","Malta",2014,12995,"Projected "
"MT","Malta",2015,13736,"Projected "
"MH","Marshall Islands",2010,1980.888477,"Actual"
"MH","Marshall Islands",2011,1866.28604,"Actual"
"MH","Marshall Islands",2012,1651.596718,"Actual"
"MH","Marshall Islands",2013,1543.486648,"Projected "
"MH","Marshall Islands",2014,1946.19845,"Projected "
"MH","Marshall Islands",2015,1928.085513,"Projected "
"MR","Mauritania",2010,774.2481924,"Actual"
"MR","Mauritania",2011,726.6872122,"Actual"
"MR","Mauritania",2012,832.0221556,"Actual"
"MR","Mauritania",2013,782.3072822,"Actual"
"MR","Mauritania",2014,901.8339961,"Projected "
"MR","Mauritania",2015,1137.843085,"Projected "
"MU","Mauritius",2010,3574.93102,"Actual"
"MU","Mauritius",2011,3620.579389,"Actual"
"MU","Mauritius",2012,3658.768724,"Actual"
"MU","Mauritius",2013,3708.286911,"Actual"
"MU","Mauritius",2014,3890.826917,"Projected "
"MU","Mauritius",2015,3832.858702,"Projected "
"MX","Mexico",2010,3822.248686,"Actual"
"MX","Mexico",2011,3994.856232,"Actual"
"MX","Mexico",2012,4095.878761,"Actual"
"MX","Mexico",2013,4145.529864,"Projected "
"MX","Mexico",2014,3841.954013,"Projected "
"MX","Mexico",2015,3885.10366,"Projected "
"FM","Micronesia",2010,2128.460058,"Actual"
"FM","Micronesia",2011,2044.633653,"Actual"
"FM","Micronesia",2012,2055.357109,"Actual"
"FM","Micronesia",2013,1757.903243,"Actual"
"FM","Micronesia",2014,1948.205418,"Actual"
"FM","Micronesia",2015,1788.937523,"Projected "
"MD","Moldova",2010,1697.695914,"Actual"
"MD","Moldova",2011,1650.7918,"Actual"
"MD","Moldova",2012,1602.210051,"Actual"
"MD","Moldova",2013,1653.999334,"Projected "
"MD","Moldova",2014,1718.869135,"Projected "
"MD","Moldova",2015,1544.815085,"Projected "
"MN","Mongolia",2010,3089.638078,"Actual"
"MN","Mongolia",2011,3367.491687,"Actual"
"MN","Mongolia",2012,2944.182884,"Actual"
"MN","Mongolia",2013,3363.155449,"Actual"
"MN","Mongolia",2014,3062.959833,"Actual"
"MN","Mongolia",2015,2708.377117,"Projected "
"ME","Montenegro",2010,5596.737496,"Actual"
"ME","Montenegro",2011,5432.392515,"Actual"
"ME","Montenegro",2012,5590.591746,"Actual"
"ME","Montenegro",2013,5943.075952,"Actual"
"ME","Montenegro",2014,6361.952358,"Projected "
"ME","Montenegro",2015,6605.924343,"Projected "
"MA","Morocco",2010,1769.541255,"Actual"
"MA","Morocco",2011,1894.681639,"Actual"
"MA","Morocco",2012,2015.136088,"Actual"
"MA","Morocco",2013,2085.530303,"Projected "
"MA","Morocco",2014,2083.556049,"Projected "
"MA","Morocco",2015,2041.098637,"Projected "
"MZ","Mozambique",2010,254.4161896,"Actual"
"MZ","Mozambique",2011,272.6713475,"Actual"
"MZ","Mozambique",2012,285.7214083,"Actual"
"MZ","Mozambique",2013,344.7831265,"Actual"
"MZ","Mozambique",2014,342.6373569,"Projected "
"MZ","Mozambique",2015,318.590488,"Projected "
"MM","Myanmar",2010,351.1487197,"Actual"
"MM","Myanmar",2011,398.8084497,"Actual"
"MM","Myanmar",2012,435.5291428,"Actual"
"MM","Myanmar",2013,853.0743836,"Actual"
"MM","Myanmar",2014,832.0768801,"Actual"
"MM","Myanmar",2015,893.5837742,"Projected "
"NA","Namibia",2010,2917.067154,"Actual"
"NA","Namibia",2011,2647.76911,"Actual"
"NA","Namibia",2012,2776.19331,"Actual"
"NA","Namibia",2013,2671.488015,"Actual"
"NA","Namibia",2014,2211.274238,"Projected "
"NA","Namibia",2015,2236.896726,"Projected "
"NP","Nepal",2010,462.4507067,"Actual"
"NP","Nepal",2011,411.5176477,"Actual"
"NP","Nepal",2012,413.8190877,"Actual"
"NP","Nepal",2013,419.2215772,"Actual"
"NP","Nepal",2014,453.9366715,"Projected "
"NP","Nepal",2015,448.4720625,"Projected "
"NL","Netherlands",2010,19616,"Actual"
"NL","Netherlands",2011,20007,"Actual"
"NL","Netherlands",2012,20114,"Actual"
"NL","Netherlands",2013,20447,"Actual"
"NL","Netherlands",2014,20541,"Actual"
"NL","Netherlands",2015,20404,"Projected "
"NZ","New Zealand",2010,10948,"Actual"
"NZ","New Zealand",2011,11010,"Actual"
"NZ","New Zealand",2012,11338,"Actual"
"NZ","New Zealand",2013,11257,"Actual"
"NZ","New Zealand",2014,11215,"Projected "
"NZ","New Zealand",2015,11531,"Projected "
"NI","Nicaragua",2010,751.6525315,"Actual"
"NI","Nicaragua",2011,782.1167323,"Actual"
"NI","Nicaragua",2012,795.1172047,"Actual"
"NI","Nicaragua",2013,831.7002319,"Actual"
"NI","Nicaragua",2014,764.1358941,"Actual"
"NI","Nicaragua",2015,,"Projected "
"NE","Niger",2010,166.2485746,"Actual"
"NE","Niger",2011,158.4381624,"Actual"
"NE","Niger",2012,215.2789735,"Actual"
"NE","Niger",2013,242.1155151,"Actual"
"NE","Niger",2014,271.3522114,"Projected "
"NE","Niger",2015,259.9124148,"Projected "
"NG","Nigeria",2010,761.388444,"Actual"
"NG","Nigeria",2011,1033.988905,"Actual"
"NG","Nigeria",2012,791.8624469,"Actual"
"NG","Nigeria",2013,599.5085975,"Actual"
"NG","Nigeria",2014,537.2427466,"Projected "
"NG","Nigeria",2015,420.0120071,"Projected "
"NO","Norway",2010,37345,"Actual"
"NO","Norway",2011,36347,"Actual"
"NO","Norway",2012,36035,"Actual"
"NO","Norway",2013,34562,"Actual"
"NO","Norway",2014,34854,"Actual"
"NO","Norway",2015,33976,"Projected "
"PK","Pakistan",2010,794.9480057,"Actual"
"PK","Pakistan",2011,654.7987689,"Actual"
"PK","Pakistan",2012,601.3905911,"Actual"
"PK","Pakistan",2013,592.3077022,"Actual"
"PK","Pakistan",2014,644.3624278,"Actual"
"PK","Pakistan",2015,618.4945537,"Projected "
"PW","Palau",2010,5230.14473,"Actual"
"PW","Palau",2011,5814.286691,"Actual"
"PW","Palau",2012,5995.292952,"Actual"
"PW","Palau",2013,5466.377092,"Actual"
"PW","Palau",2014,5143.720834,"Projected "
"PW","Palau",2015,5807.696107,"Projected "
"PA","Panama",2010,2811.098365,"Actual"
"PA","Panama",2011,2837.532348,"Actual"
"PA","Panama",2012,3048.890098,"Actual"
"PA","Panama",2013,3023.911407,"Actual"
"PA","Panama",2014,3285.75899,"Projected "
"PA","Panama",2015,,"Projected "
"PG","Papua New Guinea",2010,607.3198851,"Actual"
"PG","Papua New Guinea",2011,613.2773803,"Actual"
"PG","Papua New Guinea",2012,639.4254218,"Actual"
"PG","Papua New Guinea",2013,630.8828061,"Projected "
"PG","Papua New Guinea",2014,649.7068562,"Projected "
"PG","Papua New Guinea",2015,594.7986674,"Projected "
"PY","Paraguay",2010,1307.865913,"Actual"
"PY","Paraguay",2011,1364.666922,"Actual"
"PY","Paraguay",2012,1352.034976,"Actual"
"PY","Paraguay",2013,1381.144504,"Projected "
"PY","Paraguay",2014,1463.832611,"Projected "
"PY","Paraguay",2015,1516.322831,"Projected "
"PE","Peru",2010,2097.488166,"Actual"
"PE","Peru",2011,2280.910095,"Actual"
"PE","Peru",2012,2448.496628,"Actual"
"PE","Peru",2013,2533.990346,"Actual"
"PE","Peru",2014,2540.458501,"Actual"
"PE","Peru",2015,2412.047984,"Projected "
"PH","Philippines",2010,988.5367731,"Actual"
"PH","Philippines",2011,1035.416626,"Actual"
"PH","Philippines",2012,1129.28876,"Actual"
"PH","Philippines",2013,1196.920249,"Actual"
"PH","Philippines",2014,1258.072546,"Projected "
"PH","Philippines",2015,1311.651125,"Projected "
"PT","Portugal",2010,10703,"Actual"
"PT","Portugal",2011,11278,"Actual"
"PT","Portugal",2012,11177,"Actual"
"PT","Portugal",2013,11581,"Actual"
"PT","Portugal",2014,11603,"Actual"
"PT","Portugal",2015,11806,"Projected "
"RW","Rwanda",2010,376.0252758,"Actual"
"RW","Rwanda",2011,351.7418238,"Actual"
"RW","Rwanda",2012,380.7729064,"Actual"
"RW","Rwanda",2013,355.7088262,"Actual"
"RW","Rwanda",2014,388.7083503,"Actual"
"RW","Rwanda",2015,352.1812417,"Projected "
"KN","Saint Kitts and Nevis",2010,6491.966653,"Actual"
"KN","Saint Kitts and Nevis",2011,7225.083588,"Actual"
"KN","Saint Kitts and Nevis",2012,6941.351151,"Actual"
"KN","Saint Kitts and Nevis",2013,9016.395442,"Projected "
"KN","Saint Kitts and Nevis",2014,7418.263406,"Projected "
"KN","Saint Kitts and Nevis",2015,6431.137656,"Projected "
"LC","Saint Lucia",2010,3055.535702,"Actual"
"LC","Saint Lucia",2011,2966.833648,"Projected "
"LC","Saint Lucia",2012,3092.358439,"Projected "
"LC","Saint Lucia",2013,3191.780965,"Projected "
"LC","Saint Lucia",2014,3247.586914,"Projected "
"LC","Saint Lucia",2015,3279.214431,"Projected "
"VC","Saint Vincent & the Grenadines",2010,2820.712252,"Actual"
"VC","Saint Vincent & the Grenadines",2011,2695.60187,"Actual"
"VC","Saint Vincent & the Grenadines",2012,2603.183167,"Actual"
"VC","Saint Vincent & the Grenadines",2013,2867.577928,"Actual"
"VC","Saint Vincent & the Grenadines",2014,3004.519982,"Actual"
"VC","Saint Vincent & the Grenadines",2015,2964.698539,"Projected "
"WS","Samoa",2010,1550.124539,"Actual"
"WS","Samoa",2011,1651.005373,"Actual"
"WS","Samoa",2012,1622.555748,"Actual"
"WS","Samoa",2013,1753.859382,"Actual"
"WS","Samoa",2014,1960.350456,"Actual"
"WS","Samoa",2015,2000.159005,"Projected "
"SM","San Marino",2010,14292,"Actual"
"SM","San Marino",2011,12582,"Actual"
"SM","San Marino",2012,12885,"Actual"
"SM","San Marino",2013,12281,"Actual"
"SM","San Marino",2014,13402,"Projected "
"SM","San Marino",2015,13257,"Projected "
"ST","Sao Tome & Principe",2010,1184.564126,"Actual"
"ST","Sao Tome & Principe",2011,1102.171669,"Actual"
"ST","Sao Tome & Principe",2012,1009.049479,"Actual"
"ST","Sao Tome & Principe",2013,916.6226798,"Actual"
"ST","Sao Tome & Principe",2014,905.7670922,"Projected "
"ST","Sao Tome & Principe",2015,849.1808546,"Projected "
"SN","Senegal",2010,497.294232,"Actual"
"SN","Senegal",2011,495.6874962,"Actual"
"SN","Senegal",2012,512.4267406,"Actual"
"SN","Senegal",2013,516.6539219,"Actual"
"SN","Senegal",2014,557.9117363,"Projected "
"SN","Senegal",2015,561.6662096,"Projected "
"RS","Serbia",2010,5631.291001,"Actual"
"RS","Serbia",2011,5133.098757,"Actual"
"RS","Serbia",2012,5035.43943,"Actual"
"RS","Serbia",2013,4805.765668,"Actual"
"RS","Serbia",2014,4965.47421,"Actual"
"RS","Serbia",2015,4743.558572,"Projected "
"SC","Seychelles",2010,8106.583513,"Actual"
"SC","Seychelles",2011,9148.754565,"Actual"
"SC","Seychelles",2012,8968.396229,"Actual"
"SC","Seychelles",2013,8666.728689,"Actual"
"SC","Seychelles",2014,8471.925914,"Projected "
"SC","Seychelles",2015,8198.272266,"Projected "
"SL","Sierra Leone",2010,264.2965752,"Actual"
"SL","Sierra Leone",2011,266.7720528,"Actual"
"SL","Sierra Leone",2012,245.3901113,"Actual"
"SL","Sierra Leone",2013,237.416904,"Actual"
"SL","Sierra Leone",2014,241.2416574,"Projected "
"SL","Sierra Leone",2015,187.3794908,"Projected "
"SG","Singapore",2010,15649,"Actual"
"SG","Singapore",2011,17810,"Actual"
"SG","Singapore",2012,17289,"Actual"
"SG","Singapore",2013,17492,"Actual"
"SG","Singapore",2014,18606,"Actual"
"SG","Singapore",2015,19352,"Projected "
"SK","Slovakia",2010,8613,"Actual"
"SK","Slovakia",2011,9453,"Actual"
"SK","Slovakia",2012,9498,"Actual"
"SK","Slovakia",2013,10370,"Actual"
"SK","Slovakia",2014,10773,"Projected "
"SK","Slovakia",2015,11206,"Projected "
"SI","Slovenia",2010,11623,"Actual"
"SI","Slovenia",2011,11729,"Actual"
"SI","Slovenia",2012,11849,"Actual"
"SI","Slovenia",2013,11452,"Actual"
"SI","Slovenia",2014,12124,"Actual"
"SI","Slovenia",2015,12263,"Projected "
"SB","Solomon Islands",2010,1172.550843,"Actual"
"SB","Solomon Islands",2011,1108.949316,"Actual"
"SB","Solomon Islands",2012,1001.695929,"Actual"
"SB","Solomon Islands",2013,1026.824155,"Actual"
"SB","Solomon Islands",2014,805.4454951,"Actual"
"SB","Solomon Islands",2015,793.6574728,"Projected "
"ZA","South Africa",2010,3114.405532,"Actual"
"ZA","South Africa",2011,3120.595237,"Actual"
"ZA","South Africa",2012,3043.931682,"Actual"
"ZA","South Africa",2013,2893.931083,"Actual"
"ZA","South Africa",2014,2780.813654,"Projected "
"ZA","South Africa",2015,2711.063765,"Projected "
"KR","South Korea",2010,6430,"Actual"
"KR","South Korea",2011,6827,"Actual"
"KR","South Korea",2012,7183,"Actual"
"KR","South Korea",2013,7237,"Actual"
"KR","South Korea",2014,7474,"Projected "
"KR","South Korea",2015,7500,"Projected "
"SS","South Sudan",2010,,"Actual"
"SS","South Sudan",2011,,"Actual"
"SS","South Sudan",2012,763.1453819,"Actual"
"SS","South Sudan",2013,190.16842,"Actual"
"SS","South Sudan",2014,567.3686963,"Actual"
"SS","South Sudan",2015,621.5375594,"Projected "
"ES","Spain",2010,11737,"Actual"
"ES","Spain",2011,11784,"Actual"
"ES","Spain",2012,12011,"Actual"
"ES","Spain",2013,12175,"Actual"
"ES","Spain",2014,12705,"Actual"
"ES","Spain",2015,13248,"Projected "
"LK","Sri Lanka",2010,1305.84332,"Actual"
"LK","Sri Lanka",2011,1301.615932,"Actual"
"LK","Sri Lanka",2012,1171.440974,"Actual"
"LK","Sri Lanka",2013,1131.261273,"Projected "
"LK","Sri Lanka",2014,1220.644501,"Projected "
"LK","Sri Lanka",2015,1349.188447,"Projected "
"SD","Sudan",2010,1085.824438,"Actual"
"SD","Sudan",2011,1046.23933,"Actual"
"SD","Sudan",2012,405.2534147,"Actual"
"SD","Sudan",2013,305.0125573,"Actual"
"SD","Sudan",2014,282.4759897,"Projected "
"SD","Sudan",2015,265.0267954,"Projected "
"SR","Suriname",2010,3756.293021,"Actual"
"SR","Suriname",2011,4161.687938,"Actual"
"SR","Suriname",2012,3980.581953,"Actual"
"SR","Suriname",2013,3819.077161,"Actual"
"SR","Suriname",2014,3957.947304,"Projected "
"SR","Suriname",2015,4047.609968,"Projected "
"SZ","Swaziland",2010,2698.729503,"Actual"
"SZ","Swaziland",2011,1816.983715,"Actual"
"SZ","Swaziland",2012,1681.645382,"Actual"
"SZ","Swaziland",2013,2420.854534,"Actual"
"SZ","Swaziland",2014,2273.540502,"Projected "
"SZ","Swaziland",2015,2172.345178,"Projected "
"SE","Sweden",2010,21316,"Actual"
"SE","Sweden",2011,21664,"Actual"
"SE","Sweden",2012,21810,"Actual"
"SE","Sweden",2013,21859,"Projected "
"SE","Sweden",2014,21752,"Projected "
"SE","Sweden",2015,22275,"Projected "
"CH","Switzerland",2010,16520,"Actual"
"CH","Switzerland",2011,17258,"Actual"
"CH","Switzerland",2012,17380,"Actual"
"CH","Switzerland",2013,17831,"Projected "
"CH","Switzerland",2014,18130,"Projected "
"CH","Switzerland",2015,18587,"Projected "
"SY","Syria",2010,,"Projected "
"SY","Syria",2011,,"Projected "
"SY","Syria",2012,,"Projected "
"SY","Syria",2013,,"Projected "
"SY","Syria",2014,,"Projected "
"SY","Syria",2015,,"Projected "
"TW","Taiwan",2010,5678,"Actual"
"TW","Taiwan",2011,6606,"Actual"
"TW","Taiwan",2012,6670,"Actual"
"TW","Taiwan",2013,6957,"Actual"
"TW","Taiwan",2014,7193,"Projected "
"TW","Taiwan",2015,7634,"Projected "
"TJ","Tajikistan",2010,607.8567436,"Actual"
"TJ","Tajikistan",2011,616.7172045,"Actual"
"TJ","Tajikistan",2012,602.5414575,"Projected "
"TJ","Tajikistan",2013,601.1267643,"Projected "
"TJ","Tajikistan",2014,,"Projected "
"TJ","Tajikistan",2015,,"Projected "
"TZ","Tanzania",2010,388.3470311,"Actual"
"TZ","Tanzania",2011,377.9339492,"Actual"
"TZ","Tanzania",2012,373.6914205,"Actual"
"TZ","Tanzania",2013,351.1770299,"Actual"
"TZ","Tanzania",2014,356.5035176,"Actual"
"TZ","Tanzania",2015,331.4519329,"Projected "
"TH","Thailand",2010,2954.175919,"Actual"
"TH","Thailand",2011,2971.594338,"Actual"
"TH","Thailand",2012,3096.067533,"Actual"
"TH","Thailand",2013,3335.330695,"Actual"
"TH","Thailand",2014,3128.244897,"Actual"
"TH","Thailand",2015,3232.323424,"Projected "
"TL","Timor-Leste",2010,7365.934305,"Actual"
"TL","Timor-Leste",2011,6308.635691,"Actual"
"TL","Timor-Leste",2012,5198.572519,"Actual"
"TL","Timor-Leste",2013,3977.406618,"Projected "
"TL","Timor-Leste",2014,3856.610397,"Projected "
"TL","Timor-Leste",2015,4497.601612,"Projected "
"TG","Togo",2010,286.3442314,"Actual"
"TG","Togo",2011,277.2140663,"Actual"
"TG","Togo",2012,265.2128705,"Actual"
"TG","Togo",2013,311.2745731,"Projected "
"TG","Togo",2014,334.1356456,"Projected "
"TG","Togo",2015,348.3078778,"Projected "
"TO","Tonga",2010,1370.492794,"Actual"
"TO","Tonga",2011,1369.69237,"Actual"
"TO","Tonga",2012,1185.518958,"Actual"
"TO","Tonga",2013,1388.798593,"Actual"
"TO","Tonga",2014,1446.715015,"Actual"
"TO","Tonga",2015,1460.523774,"Projected "
"TN","Tunisia",2010,2677.578195,"Actual"
"TN","Tunisia",2011,2674.996826,"Actual"
"TN","Tunisia",2012,2568.495228,"Actual"
"TN","Tunisia",2013,2472.794943,"Actual"
"TN","Tunisia",2014,2460.673748,"Actual"
"TN","Tunisia",2015,2369.428187,"Projected "
"TR","Turkey",2010,4115.795648,"Actual"
"TR","Turkey",2011,4223.815062,"Actual"
"TR","Turkey",2012,4075.481249,"Actual"
"TR","Turkey",2013,4280.072046,"Actual"
"TR","Turkey",2014,3873.549488,"Projected "
"TR","Turkey",2015,3725.524036,"Projected "
"TV","Tuvalu",2010,2152.248495,"Actual"
"TV","Tuvalu",2011,2055.938176,"Actual"
"TV","Tuvalu",2012,2542.638085,"Actual"
"TV","Tuvalu",2013,3274.562576,"Actual"
"TV","Tuvalu",2014,3838.362565,"Projected "
"TV","Tuvalu",2015,3421.370633,"Projected "
"UG","Uganda",2010,281.7220173,"Actual"
"UG","Uganda",2011,312.7937684,"Actual"
"UG","Uganda",2012,256.8039927,"Actual"
"UG","Uganda",2013,236.6488442,"Actual"
"UG","Uganda",2014,232.2260669,"Actual"
"UG","Uganda",2015,251.313325,"Projected "
"GB","UK",2010,13237,"Actual"
"GB","UK",2011,13450,"Actual"
"GB","UK",2012,13537,"Actual"
"GB","UK",2013,13807,"Actual"
"GB","UK",2014,13659,"Actual"
"GB","UK",2015,13865,"Projected "
"UA","Ukraine",2010,4122.239536,"Actual"
"UA","Ukraine",2011,3851.571781,"Actual"
"UA","Ukraine",2012,3805.505855,"Actual"
"UA","Ukraine",2013,3797.331521,"Actual"
"UA","Ukraine",2014,2955.978764,"Actual"
"UA","Ukraine",2015,2368.7386,"Projected "
"UY","Uruguay",2010,5888.231128,"Actual"
"UY","Uruguay",2011,5803.11019,"Actual"
"UY","Uruguay",2012,5721.060214,"Actual"
"UY","Uruguay",2013,5888.981795,"Actual"
"UY","Uruguay",2014,,"Projected "
"UY","Uruguay",2015,,"Projected "
"US","USA",2010,14437,"Actual"
"US","USA",2011,14719,"Actual"
"US","USA",2012,15007,"Actual"
"US","USA",2013,16096,"Actual"
"US","USA",2014,16667,"Projected "
"US","USA",2015,17383,"Projected "
"UZ","Uzbekistan",2010,1780.531098,"Actual"
"UZ","Uzbekistan",2011,1634.539683,"Actual"
"UZ","Uzbekistan",2012,1574.122024,"Actual"
"UZ","Uzbekistan",2013,1427.582174,"Projected "
"UZ","Uzbekistan",2014,1352.402668,"Projected "
"UZ","Uzbekistan",2015,1325.841226,"Projected "
"VU","Vanuatu",2010,628.5419633,"Actual"
"VU","Vanuatu",2011,559.208615,"Actual"
"VU","Vanuatu",2012,549.6991841,"Actual"
"VU","Vanuatu",2013,530.467063,"Actual"
"VU","Vanuatu",2014,591.6184675,"Actual"
"VU","Vanuatu",2015,625.7346681,"Projected "
"VN","Viet Nam",2010,1611.102089,"Actual"
"VN","Viet Nam",2011,1353.317725,"Actual"
"VN","Viet Nam",2012,1129.539952,"Actual"
"VN","Viet Nam",2013,1157.824096,"Actual"
"VN","Viet Nam",2014,1074.575576,"Projected "
"VN","Viet Nam",2015,1074.966134,"Projected "
"YE","Yemen",2010,1388.097682,"Actual"
"YE","Yemen",2011,985.3986036,"Actual"
"YE","Yemen",2012,1111.453413,"Actual"
"YE","Yemen",2013,840.1560338,"Actual"
"YE","Yemen",2014,811.5828888,"Projected "
"YE","Yemen",2015,823.6252191,"Projected "
"ZM","Zambia",2010,614.4791509,"Actual"
"ZM","Zambia",2011,650.5019367,"Actual"
"ZM","Zambia",2012,716.0525346,"Actual"
"ZM","Zambia",2013,684.2359238,"Actual"
"ZM","Zambia",2014,681.7323935,"Actual"
"ZM","Zambia",2015,613.6331049,"Projected "
"ZW","Zimbabwe",2010,484.8161872,"Actual"
"ZW","Zimbabwe",2011,471.5984786,"Actual"
"ZW","Zimbabwe",2012,528.3568646,"Actual"
"ZW","Zimbabwe",2013,529.8244049,"Actual"
"ZW","Zimbabwe",2014,554.6738781,"Projected "
"ZW","Zimbabwe",2015,593.92017,"Projected "
