"id","entity-name","year","value","original-value"
"AF","Afghanistan",2005,,
"AF","Afghanistan",2006,,
"AF","Afghanistan",2007,,
"AF","Afghanistan",2008,,
"AF","Afghanistan",2009,,
"AF","Afghanistan",2010,,
"AF","Afghanistan",2011,,
"AF","Afghanistan",2012,,
"AL","Albania",2005,58.5,58.5
"AL","Albania",2006,58,58
"AL","Albania",2007,47.59999847,47.59999847
"AL","Albania",2008,43.90000153,43.90000153
"AL","Albania",2009,42.09999847,42.09999847
"AL","Albania",2010,41.5,41.5
"AL","Albania",2011,,
"AL","Albania",2012,,
"DZ","Algeria",2005,,
"DZ","Algeria",2006,,
"DZ","Algeria",2007,,
"DZ","Algeria",2008,13.69999981,13.69999981
"DZ","Algeria",2009,13.10000038,13.10000038
"DZ","Algeria",2010,11.69999981,11.69999981
"DZ","Algeria",2011,10.80000019,10.80000019
"DZ","Algeria",2012,,
"AS","American Samoa",2005,,
"AS","American Samoa",2006,,
"AS","American Samoa",2007,,
"AS","American Samoa",2008,,
"AS","American Samoa",2009,,
"AS","American Samoa",2010,,
"AS","American Samoa",2011,,
"AS","American Samoa",2012,,
"AD","Andorra",2005,,
"AD","Andorra",2006,,
"AD","Andorra",2007,,
"AD","Andorra",2008,,
"AD","Andorra",2009,,
"AD","Andorra",2010,,
"AD","Andorra",2011,,
"AD","Andorra",2012,,
"AO","Angola",2005,,
"AO","Angola",2006,,
"AO","Angola",2007,,
"AO","Angola",2008,,
"AO","Angola",2009,,
"AO","Angola",2010,,
"AO","Angola",2011,,
"AO","Angola",2012,,
"AG","Antigua & Barbuda",2005,2.799999952,2.799999952
"AG","Antigua & Barbuda",2006,2.799999952,2.799999952
"AG","Antigua & Barbuda",2007,2.799999952,2.799999952
"AG","Antigua & Barbuda",2008,2.799999952,2.799999952
"AG","Antigua & Barbuda",2009,,
"AG","Antigua & Barbuda",2010,,
"AG","Antigua & Barbuda",2011,,
"AG","Antigua & Barbuda",2012,,
"AR","Argentina",2005,1.100000024,1.100000024
"AR","Argentina",2006,1,1
"AR","Argentina",2007,0.899999976,0.899999976
"AR","Argentina",2008,1.200000048,1.200000048
"AR","Argentina",2009,1.200000048,1.200000048
"AR","Argentina",2010,1.299999952,1.299999952
"AR","Argentina",2011,1.200000048,1.200000048
"AR","Argentina",2012,0.600000024,0.600000024
"AM","Armenia",2005,46.20000076,46.20000076
"AM","Armenia",2006,46.20000076,46.20000076
"AM","Armenia",2007,46,46
"AM","Armenia",2008,37.59999847,37.59999847
"AM","Armenia",2009,39.5,39.5
"AM","Armenia",2010,38.59999847,38.59999847
"AM","Armenia",2011,38.90000153,38.90000153
"AM","Armenia",2012,,
"AW","Aruba",2005,,
"AW","Aruba",2006,,
"AW","Aruba",2007,0.699999988,0.699999988
"AW","Aruba",2008,,
"AW","Aruba",2009,,
"AW","Aruba",2010,,
"AW","Aruba",2011,,
"AW","Aruba",2012,,
"AU","Australia",2005,3.599999905,3.599999905
"AU","Australia",2006,3.400000095,3.400000095
"AU","Australia",2007,3.299999952,3.299999952
"AU","Australia",2008,3.299999952,3.299999952
"AU","Australia",2009,3.299999952,3.299999952
"AU","Australia",2010,,
"AU","Australia",2011,,
"AU","Australia",2012,,
"AT","Austria",2005,5.5,5.5
"AT","Austria",2006,5.5,5.5
"AT","Austria",2007,5.699999809,5.699999809
"AT","Austria",2008,5.400000095,5.400000095
"AT","Austria",2009,5.300000191,5.300000191
"AT","Austria",2010,5.199999809,5.199999809
"AT","Austria",2011,5.300000191,5.300000191
"AT","Austria",2012,4.900000095,4.900000095
"AZ","Azerbaijan",2005,39.29999924,39.29999924
"AZ","Azerbaijan",2006,39.09999847,39.09999847
"AZ","Azerbaijan",2007,38.70000076,38.70000076
"AZ","Azerbaijan",2008,38.40000153,38.40000153
"AZ","Azerbaijan",2009,38.09999847,38.09999847
"AZ","Azerbaijan",2010,38.20000076,38.20000076
"AZ","Azerbaijan",2011,37.90000153,37.90000153
"AZ","Azerbaijan",2012,37.70000076,37.70000076
"BS","Bahamas",2005,3.5,3.5
"BS","Bahamas",2006,2.5,2.5
"BS","Bahamas",2007,2.299999952,2.299999952
"BS","Bahamas",2008,2.900000095,2.900000095
"BS","Bahamas",2009,2.900000095,2.900000095
"BS","Bahamas",2010,3.3000000715,
"BS","Bahamas",2011,3.700000048,3.700000048
"BS","Bahamas",2012,,
"BH","Bahrain",2005,,
"BH","Bahrain",2006,,
"BH","Bahrain",2007,,
"BH","Bahrain",2008,,
"BH","Bahrain",2009,,
"BH","Bahrain",2010,1.100000024,1.100000024
"BH","Bahrain",2011,,
"BH","Bahrain",2012,,
"BD","Bangladesh",2005,48.09999847,48.09999847
"BD","Bangladesh",2006,,
"BD","Bangladesh",2007,,
"BD","Bangladesh",2008,,
"BD","Bangladesh",2009,,
"BD","Bangladesh",2010,,
"BD","Bangladesh",2011,,
"BD","Bangladesh",2012,,
"BB","Barbados",2005,,
"BB","Barbados",2006,,
"BB","Barbados",2007,,
"BB","Barbados",2008,,
"BB","Barbados",2009,,
"BB","Barbados",2010,2.799999952,2.799999952
"BB","Barbados",2011,3.299999952,3.299999952
"BB","Barbados",2012,2.799999952,2.799999952
"BY","Belarus",2005,,
"BY","Belarus",2006,,
"BY","Belarus",2007,,
"BY","Belarus",2008,,
"BY","Belarus",2009,10.5,10.5
"BY","Belarus",2010,,
"BY","Belarus",2011,,
"BY","Belarus",2012,,
"BE","Belgium",2005,2,2
"BE","Belgium",2006,1.899999976,1.899999976
"BE","Belgium",2007,1.799999952,1.799999952
"BE","Belgium",2008,1.600000024,1.600000024
"BE","Belgium",2009,1.5,1.5
"BE","Belgium",2010,1.399999976,1.399999976
"BE","Belgium",2011,1.299999952,1.299999952
"BE","Belgium",2012,1.200000048,1.200000048
"BZ","Belize",2005,19.5,19.5
"BZ","Belize",2006,,
"BZ","Belize",2007,,
"BZ","Belize",2008,,
"BZ","Belize",2009,,
"BZ","Belize",2010,,
"BZ","Belize",2011,,
"BZ","Belize",2012,,
"BJ","Benin",2005,,
"BJ","Benin",2006,,
"BJ","Benin",2007,,
"BJ","Benin",2008,,
"BJ","Benin",2009,,
"BJ","Benin",2010,,
"BJ","Benin",2011,,
"BJ","Benin",2012,,
"BM","Bermuda",2005,,
"BM","Bermuda",2006,,
"BM","Bermuda",2007,,
"BM","Bermuda",2008,,
"BM","Bermuda",2009,,
"BM","Bermuda",2010,,
"BM","Bermuda",2011,,
"BM","Bermuda",2012,,
"BT","Bhutan",2005,43.59999847,43.59999847
"BT","Bhutan",2006,63.09999847,63.09999847
"BT","Bhutan",2007,63.8666661567,
"BT","Bhutan",2008,64.6333338433,
"BT","Bhutan",2009,65.40000153,65.40000153
"BT","Bhutan",2010,59.5,59.5
"BT","Bhutan",2011,60.09999847,60.09999847
"BT","Bhutan",2012,62.20000076,62.20000076
"BO","Bolivia ",2005,38.59999847,38.59999847
"BO","Bolivia ",2006,39.5,39.5
"BO","Bolivia ",2007,36.09999847,36.09999847
"BO","Bolivia ",2008,34.29999924,34.29999924
"BO","Bolivia ",2009,32.09999847,32.09999847
"BO","Bolivia ",2010,,
"BO","Bolivia ",2011,,
"BO","Bolivia ",2012,,
"BA","Bosnia & Herzegovina",2005,,
"BA","Bosnia & Herzegovina",2006,20.60000038,20.60000038
"BA","Bosnia & Herzegovina",2007,19.79999924,19.79999924
"BA","Bosnia & Herzegovina",2008,20.60000038,20.60000038
"BA","Bosnia & Herzegovina",2009,21.20000076,21.20000076
"BA","Bosnia & Herzegovina",2010,19.70000076,19.70000076
"BA","Bosnia & Herzegovina",2011,19.60000038,19.60000038
"BA","Bosnia & Herzegovina",2012,20.5,20.5
"BW","Botswana",2005,,
"BW","Botswana",2006,29.89999962,29.89999962
"BW","Botswana",2007,,
"BW","Botswana",2008,,
"BW","Botswana",2009,,
"BW","Botswana",2010,,
"BW","Botswana",2011,,
"BW","Botswana",2012,,
"BR","Brazil",2005,20.5,20.5
"BR","Brazil",2006,19.29999924,19.29999924
"BR","Brazil",2007,18.29999924,18.29999924
"BR","Brazil",2008,17.39999962,17.39999962
"BR","Brazil",2009,17,17
"BR","Brazil",2010,16.150000095,
"BR","Brazil",2011,15.30000019,15.30000019
"BR","Brazil",2012,,
"BN","Brunei",2005,,
"BN","Brunei",2006,,
"BN","Brunei",2007,,
"BN","Brunei",2008,,
"BN","Brunei",2009,,
"BN","Brunei",2010,,
"BN","Brunei",2011,,
"BN","Brunei",2012,,
"BG","Bulgaria",2005,8.899999619,8.899999619
"BG","Bulgaria",2006,8.100000381,8.100000381
"BG","Bulgaria",2007,7.5,7.5
"BG","Bulgaria",2008,7.5,7.5
"BG","Bulgaria",2009,7.099999905,7.099999905
"BG","Bulgaria",2010,6.800000191,6.800000191
"BG","Bulgaria",2011,6.800000191,6.800000191
"BG","Bulgaria",2012,6.400000095,6.400000095
"BF","Burkina Faso",2005,84.80000305,84.80000305
"BF","Burkina Faso",2006,,
"BF","Burkina Faso",2007,,
"BF","Burkina Faso",2008,,
"BF","Burkina Faso",2009,,
"BF","Burkina Faso",2010,,
"BF","Burkina Faso",2011,,
"BF","Burkina Faso",2012,,
"BI","Burundi",2005,,
"BI","Burundi",2006,,
"BI","Burundi",2007,,
"BI","Burundi",2008,,
"BI","Burundi",2009,,
"BI","Burundi",2010,,
"BI","Burundi",2011,,
"BI","Burundi",2012,,
"KH","Cambodia",2005,,
"KH","Cambodia",2006,,
"KH","Cambodia",2007,,
"KH","Cambodia",2008,72.19999695,72.19999695
"KH","Cambodia",2009,57.59999847,57.59999847
"KH","Cambodia",2010,54.20000076,54.20000076
"KH","Cambodia",2011,55.79999924,55.79999924
"KH","Cambodia",2012,51,51
"CM","Cameroon",2005,55.70000076,55.70000076
"CM","Cameroon",2006,55.220000456,
"CM","Cameroon",2007,54.740000152,
"CM","Cameroon",2008,54.259999848,
"CM","Cameroon",2009,53.779999544,
"CM","Cameroon",2010,53.29999924,53.29999924
"CM","Cameroon",2011,,
"CM","Cameroon",2012,,
"CA","Canada",2005,2.700000048,2.700000048
"CA","Canada",2006,2.599999905,2.599999905
"CA","Canada",2007,2.5,2.5
"CA","Canada",2008,2.400000095,2.400000095
"CA","Canada",2009,,
"CA","Canada",2010,,
"CA","Canada",2011,,
"CA","Canada",2012,,
"CV","Cape Verde",2005,,
"CV","Cape Verde",2006,,
"CV","Cape Verde",2007,,
"CV","Cape Verde",2008,,
"CV","Cape Verde",2009,,
"CV","Cape Verde",2010,,
"CV","Cape Verde",2011,,
"CV","Cape Verde",2012,,
"CF","CAR",2005,,
"CF","CAR",2006,,
"CF","CAR",2007,,
"CF","CAR",2008,,
"CF","CAR",2009,,
"CF","CAR",2010,,
"CF","CAR",2011,,
"CF","CAR",2012,,
"KY","Cayman Islands",2005,1.700000048,1.700000048
"KY","Cayman Islands",2006,2.299999952,2.299999952
"KY","Cayman Islands",2007,1.799999952,1.799999952
"KY","Cayman Islands",2008,1.899999976,1.899999976
"KY","Cayman Islands",2009,,
"KY","Cayman Islands",2010,,
"KY","Cayman Islands",2011,,
"KY","Cayman Islands",2012,,
"TD","Chad",2005,,
"TD","Chad",2006,,
"TD","Chad",2007,,
"TD","Chad",2008,,
"TD","Chad",2009,,
"TD","Chad",2010,,
"TD","Chad",2011,,
"TD","Chad",2012,,
"CL","Chile",2005,13.19999981,13.19999981
"CL","Chile",2006,12.80000019,12.80000019
"CL","Chile",2007,12.30000019,12.30000019
"CL","Chile",2008,11.69999981,11.69999981
"CL","Chile",2009,11.19999981,11.19999981
"CL","Chile",2010,10.60000038,10.60000038
"CL","Chile",2011,10.30000019,10.30000019
"CL","Chile",2012,,
"CN","China",2005,44.79999924,44.79999924
"CN","China",2006,42.59999847,42.59999847
"CN","China",2007,40.79999924,40.79999924
"CN","China",2008,39.59999847,39.59999847
"CN","China",2009,38.09999847,38.09999847
"CN","China",2010,36.70000076,36.70000076
"CN","China",2011,34.79999924,34.79999924
"CN","China",2012,,
"CO","Colombia",2005,21.39999962,21.39999962
"CO","Colombia",2006,20.70000076,20.70000076
"CO","Colombia",2007,19.70000076,19.70000076
"CO","Colombia",2008,17.89999962,17.89999962
"CO","Colombia",2009,18.10000038,18.10000038
"CO","Colombia",2010,18.39999962,18.39999962
"CO","Colombia",2011,17.60000038,17.60000038
"CO","Colombia",2012,16.89999962,16.89999962
"KM","Comoros",2005,,
"KM","Comoros",2006,,
"KM","Comoros",2007,,
"KM","Comoros",2008,,
"KM","Comoros",2009,,
"KM","Comoros",2010,,
"KM","Comoros",2011,,
"KM","Comoros",2012,,
"CG","Congo",2005,35.40000153,35.40000153
"CG","Congo",2006,,
"CG","Congo",2007,,
"CG","Congo",2008,,
"CG","Congo",2009,,
"CG","Congo",2010,,
"CG","Congo",2011,,
"CG","Congo",2012,,
"CR","Costa Rica",2005,15.19999981,15.19999981
"CR","Costa Rica",2006,14,14
"CR","Costa Rica",2007,13.19999981,13.19999981
"CR","Costa Rica",2008,12.30000019,12.30000019
"CR","Costa Rica",2009,12.30000019,12.30000019
"CR","Costa Rica",2010,15,15
"CR","Costa Rica",2011,14.10000038,14.10000038
"CR","Costa Rica",2012,13.39999962,13.39999962
"CI","Cote d'Ivoire",2005,,
"CI","Cote d'Ivoire",2006,,
"CI","Cote d'Ivoire",2007,,
"CI","Cote d'Ivoire",2008,,
"CI","Cote d'Ivoire",2009,,
"CI","Cote d'Ivoire",2010,,
"CI","Cote d'Ivoire",2011,,
"CI","Cote d'Ivoire",2012,,
"HR","Croatia",2005,17.29999924,17.29999924
"HR","Croatia",2006,14.19999981,14.19999981
"HR","Croatia",2007,13.10000038,13.10000038
"HR","Croatia",2008,13.39999962,13.39999962
"HR","Croatia",2009,13.89999962,13.89999962
"HR","Croatia",2010,14.89999962,14.89999962
"HR","Croatia",2011,15.39999962,15.39999962
"HR","Croatia",2012,13.69999981,13.69999981
"CU","Cuba",2005,20.20000076,20.20000076
"CU","Cuba",2006,20,20
"CU","Cuba",2007,18.70000076,18.70000076
"CU","Cuba",2008,18.60000038,18.60000038
"CU","Cuba",2009,18.60000038,18.60000038
"CU","Cuba",2010,18.5,18.5
"CU","Cuba",2011,19.70000076,19.70000076
"CU","Cuba",2012,,
"CW","Curacao",2005,,
"CW","Curacao",2006,,
"CW","Curacao",2007,,
"CW","Curacao",2008,,
"CW","Curacao",2009,,
"CW","Curacao",2010,,
"CW","Curacao",2011,,
"CW","Curacao",2012,,
"CY","Cyprus",2005,4.599999905,4.599999905
"CY","Cyprus",2006,4.300000191,4.300000191
"CY","Cyprus",2007,4.400000095,4.400000095
"CY","Cyprus",2008,4.199999809,4.199999809
"CY","Cyprus",2009,3.900000095,3.900000095
"CY","Cyprus",2010,3.799999952,3.799999952
"CY","Cyprus",2011,3.799999952,3.799999952
"CY","Cyprus",2012,2.900000095,2.900000095
"CZ","Czech Republic",2005,4,4
"CZ","Czech Republic",2006,3.799999952,3.799999952
"CZ","Czech Republic",2007,3.599999905,3.599999905
"CZ","Czech Republic",2008,3.200000048,3.200000048
"CZ","Czech Republic",2009,3.099999905,3.099999905
"CZ","Czech Republic",2010,3.099999905,3.099999905
"CZ","Czech Republic",2011,3,3
"CZ","Czech Republic",2012,3.099999905,3.099999905
"DK","Denmark",2005,2.799999952,2.799999952
"DK","Denmark",2006,2.900000095,2.900000095
"DK","Denmark",2007,2.599999905,2.599999905
"DK","Denmark",2008,2.5,2.5
"DK","Denmark",2009,2.599999905,2.599999905
"DK","Denmark",2010,2.400000095,2.400000095
"DK","Denmark",2011,2.400000095,2.400000095
"DK","Denmark",2012,2.599999905,2.599999905
"DJ","Djibouti",2005,,
"DJ","Djibouti",2006,,
"DJ","Djibouti",2007,,
"DJ","Djibouti",2008,,
"DJ","Djibouti",2009,,
"DJ","Djibouti",2010,,
"DJ","Djibouti",2011,,
"DJ","Djibouti",2012,,
"DM","Dominica",2005,,
"DM","Dominica",2006,,
"DM","Dominica",2007,,
"DM","Dominica",2008,,
"DM","Dominica",2009,,
"DM","Dominica",2010,,
"DM","Dominica",2011,,
"DM","Dominica",2012,,
"DO","Dominican Republic",2005,14.60000038,14.60000038
"DO","Dominican Republic",2006,15,15
"DO","Dominican Republic",2007,14.5,14.5
"DO","Dominican Republic",2008,15,15
"DO","Dominican Republic",2009,14.5,14.5
"DO","Dominican Republic",2010,12,12
"DO","Dominican Republic",2011,14.5,14.5
"DO","Dominican Republic",2012,,
"CD","DRC",2005,,
"CD","DRC",2006,,
"CD","DRC",2007,,
"CD","DRC",2008,,
"CD","DRC",2009,,
"CD","DRC",2010,,
"CD","DRC",2011,,
"CD","DRC",2012,,
"EC","Ecuador",2005,31.5,31.5
"EC","Ecuador",2006,31.29999924,31.29999924
"EC","Ecuador",2007,29.60000038,29.60000038
"EC","Ecuador",2008,28.70000076,28.70000076
"EC","Ecuador",2009,28.70000076,28.70000076
"EC","Ecuador",2010,28.20000076,28.20000076
"EC","Ecuador",2011,28.29999924,28.29999924
"EC","Ecuador",2012,27.79999924,27.79999924
"EG","Egypt",2005,30.89999962,30.89999962
"EG","Egypt",2006,31.20000076,31.20000076
"EG","Egypt",2007,31.70000076,31.70000076
"EG","Egypt",2008,31.60000038,31.60000038
"EG","Egypt",2009,29.89999962,29.89999962
"EG","Egypt",2010,28.20000076,28.20000076
"EG","Egypt",2011,29.20000076,29.20000076
"EG","Egypt",2012,,
"SV","El Salvador",2005,20,20
"SV","El Salvador",2006,18.89999962,18.89999962
"SV","El Salvador",2007,18,18
"SV","El Salvador",2008,18.70000076,18.70000076
"SV","El Salvador",2009,20.89999962,20.89999962
"SV","El Salvador",2010,20.79999924,20.79999924
"SV","El Salvador",2011,21.60000038,21.60000038
"SV","El Salvador",2012,21,21
"GQ","Equatorial Guinea",2005,,
"GQ","Equatorial Guinea",2006,,
"GQ","Equatorial Guinea",2007,,
"GQ","Equatorial Guinea",2008,,
"GQ","Equatorial Guinea",2009,,
"GQ","Equatorial Guinea",2010,,
"GQ","Equatorial Guinea",2011,,
"GQ","Equatorial Guinea",2012,,
"ER","Eritrea",2005,,
"ER","Eritrea",2006,,
"ER","Eritrea",2007,,
"ER","Eritrea",2008,,
"ER","Eritrea",2009,,
"ER","Eritrea",2010,,
"ER","Eritrea",2011,,
"ER","Eritrea",2012,,
"EE","Estonia",2005,5.199999809,5.199999809
"EE","Estonia",2006,4.800000191,4.800000191
"EE","Estonia",2007,4.599999905,4.599999905
"EE","Estonia",2008,3.900000095,3.900000095
"EE","Estonia",2009,4,4
"EE","Estonia",2010,4.199999809,4.199999809
"EE","Estonia",2011,4.400000095,4.400000095
"EE","Estonia",2012,4.699999809,4.699999809
"ET","Ethiopia",2005,79.30000305,79.30000305
"ET","Ethiopia",2006,,
"ET","Ethiopia",2007,,
"ET","Ethiopia",2008,,
"ET","Ethiopia",2009,,
"ET","Ethiopia",2010,,
"ET","Ethiopia",2011,,
"ET","Ethiopia",2012,,
"FO","Faroe Islands",2005,11.10000038,11.10000038
"FO","Faroe Islands",2006,,
"FO","Faroe Islands",2007,,
"FO","Faroe Islands",2008,,
"FO","Faroe Islands",2009,,
"FO","Faroe Islands",2010,,
"FO","Faroe Islands",2011,,
"FO","Faroe Islands",2012,,
"FJ","Fiji",2005,,
"FJ","Fiji",2006,,
"FJ","Fiji",2007,,
"FJ","Fiji",2008,,
"FJ","Fiji",2009,,
"FJ","Fiji",2010,,
"FJ","Fiji",2011,,
"FJ","Fiji",2012,,
"FI","Finland",2005,4.800000191,4.800000191
"FI","Finland",2006,4.599999905,4.599999905
"FI","Finland",2007,4.5,4.5
"FI","Finland",2008,4.5,4.5
"FI","Finland",2009,4.599999905,4.599999905
"FI","Finland",2010,4.400000095,4.400000095
"FI","Finland",2011,4.199999809,4.199999809
"FI","Finland",2012,4.099999905,4.099999905
"FR","France",2005,3.599999905,3.599999905
"FR","France",2006,3.700000048,3.700000048
"FR","France",2007,3.5,3.5
"FR","France",2008,2.700000048,2.700000048
"FR","France",2009,2.900000095,2.900000095
"FR","France",2010,2.900000095,2.900000095
"FR","France",2011,2.900000095,2.900000095
"FR","France",2012,2.900000095,2.900000095
"PF","French Polynesia",2005,4.300000191,4.300000191
"PF","French Polynesia",2006,4.400000095,4.400000095
"PF","French Polynesia",2007,9.199999809,9.199999809
"PF","French Polynesia",2008,4,4
"PF","French Polynesia",2009,3.299999952,3.299999952
"PF","French Polynesia",2010,3.400000095,3.400000095
"PF","French Polynesia",2011,3.400000095,3.400000095
"PF","French Polynesia",2012,,
"GA","Gabon",2005,24.20000076,24.20000076
"GA","Gabon",2006,,
"GA","Gabon",2007,,
"GA","Gabon",2008,,
"GA","Gabon",2009,,
"GA","Gabon",2010,,
"GA","Gabon",2011,,
"GA","Gabon",2012,,
"GM","Gambia",2005,,
"GM","Gambia",2006,,
"GM","Gambia",2007,,
"GM","Gambia",2008,,
"GM","Gambia",2009,,
"GM","Gambia",2010,,
"GM","Gambia",2011,,
"GM","Gambia",2012,,
"GE","Georgia",2005,54.29999924,54.29999924
"GE","Georgia",2006,55.29999924,55.29999924
"GE","Georgia",2007,53.40000153,53.40000153
"GE","Georgia",2008,,
"GE","Georgia",2009,,
"GE","Georgia",2010,,
"GE","Georgia",2011,,
"GE","Georgia",2012,,
"DE","Germany",2005,2.400000095,2.400000095
"DE","Germany",2006,2.299999952,2.299999952
"DE","Germany",2007,2.200000048,2.200000048
"DE","Germany",2008,1.799999952,1.799999952
"DE","Germany",2009,1.700000048,1.700000048
"DE","Germany",2010,1.600000024,1.600000024
"DE","Germany",2011,1.600000024,1.600000024
"DE","Germany",2012,1.5,1.5
"GH","Ghana",2005,,
"GH","Ghana",2006,57.20000076,57.20000076
"GH","Ghana",2007,53.27500057,
"GH","Ghana",2008,49.35000038,
"GH","Ghana",2009,45.42500019,
"GH","Ghana",2010,41.5,41.5
"GH","Ghana",2011,,
"GH","Ghana",2012,,
"GR","Greece",2005,12.39999962,12.39999962
"GR","Greece",2006,12,12
"GR","Greece",2007,11.5,11.5
"GR","Greece",2008,11.30000019,11.30000019
"GR","Greece",2009,11.89999962,11.89999962
"GR","Greece",2010,12.5,12.5
"GR","Greece",2011,12.39999962,12.39999962
"GR","Greece",2012,13,13
"GL","Greenland",2005,,
"GL","Greenland",2006,,
"GL","Greenland",2007,,
"GL","Greenland",2008,,
"GL","Greenland",2009,,
"GL","Greenland",2010,,
"GL","Greenland",2011,,
"GL","Greenland",2012,,
"GD","Grenada",2005,,
"GD","Grenada",2006,,
"GD","Grenada",2007,,
"GD","Grenada",2008,,
"GD","Grenada",2009,,
"GD","Grenada",2010,,
"GD","Grenada",2011,,
"GD","Grenada",2012,,
"GU","Guam",2005,,
"GU","Guam",2006,,
"GU","Guam",2007,,
"GU","Guam",2008,,
"GU","Guam",2009,,
"GU","Guam",2010,0.300000012,0.300000012
"GU","Guam",2011,,
"GU","Guam",2012,,
"GT","Guatemala",2005,,
"GT","Guatemala",2006,33.20000076,33.20000076
"GT","Guatemala",2007,33.27500057,
"GT","Guatemala",2008,33.35000038,
"GT","Guatemala",2009,33.42500019,
"GT","Guatemala",2010,33.5,33.5
"GT","Guatemala",2011,37.70000076,37.70000076
"GT","Guatemala",2012,32.29999924,32.29999924
"GN","Guinea",2005,,
"GN","Guinea",2006,,
"GN","Guinea",2007,,
"GN","Guinea",2008,,
"GN","Guinea",2009,,
"GN","Guinea",2010,,
"GN","Guinea",2011,,
"GN","Guinea",2012,,
"GW","Guinea-Bissau",2005,,
"GW","Guinea-Bissau",2006,,
"GW","Guinea-Bissau",2007,,
"GW","Guinea-Bissau",2008,,
"GW","Guinea-Bissau",2009,,
"GW","Guinea-Bissau",2010,,
"GW","Guinea-Bissau",2011,,
"GW","Guinea-Bissau",2012,,
"GY","Guyana",2005,,
"GY","Guyana",2006,,
"GY","Guyana",2007,,
"GY","Guyana",2008,,
"GY","Guyana",2009,,
"GY","Guyana",2010,,
"GY","Guyana",2011,,
"GY","Guyana",2012,,
"HT","Haiti",2005,,
"HT","Haiti",2006,,
"HT","Haiti",2007,,
"HT","Haiti",2008,,
"HT","Haiti",2009,,
"HT","Haiti",2010,,
"HT","Haiti",2011,,
"HT","Haiti",2012,,
"HN","Honduras",2005,39.20000076,39.20000076
"HN","Honduras",2006,36.29999924,36.29999924
"HN","Honduras",2007,34.59999847,34.59999847
"HN","Honduras",2008,35.5,35.5
"HN","Honduras",2009,37.09999847,37.09999847
"HN","Honduras",2010,36,36
"HN","Honduras",2011,35.29999924,35.29999924
"HN","Honduras",2012,,
"HK","Hong Kong",2005,0.300000012,0.300000012
"HK","Hong Kong",2006,0.200000003,0.200000003
"HK","Hong Kong",2007,0.200000003,0.200000003
"HK","Hong Kong",2008,0.200000003,0.200000003
"HK","Hong Kong",2009,,
"HK","Hong Kong",2010,,
"HK","Hong Kong",2011,,
"HK","Hong Kong",2012,,
"HU","Hungary",2005,5,5
"HU","Hungary",2006,4.900000095,4.900000095
"HU","Hungary",2007,4.699999809,4.699999809
"HU","Hungary",2008,4.300000191,4.300000191
"HU","Hungary",2009,4.599999905,4.599999905
"HU","Hungary",2010,4.5,4.5
"HU","Hungary",2011,4.800000191,4.800000191
"HU","Hungary",2012,5.199999809,5.199999809
"IS","Iceland",2005,6.5,6.5
"IS","Iceland",2006,6.300000191,6.300000191
"IS","Iceland",2007,5.900000095,5.900000095
"IS","Iceland",2008,4.599999905,4.599999905
"IS","Iceland",2009,4.800000191,4.800000191
"IS","Iceland",2010,5.5,5.5
"IS","Iceland",2011,5.5,5.5
"IS","Iceland",2012,5.5,5.5
"IN","India",2005,55.79999924,55.79999924
"IN","India",2006,54.859999086,
"IN","India",2007,53.919998932,
"IN","India",2008,52.979998778,
"IN","India",2009,52.039998624,
"IN","India",2010,51.09999847,51.09999847
"IN","India",2011,49.149999615,
"IN","India",2012,47.20000076,47.20000076
"ID","Indonesia",2005,44,44
"ID","Indonesia",2006,42,42
"ID","Indonesia",2007,41.20000076,41.20000076
"ID","Indonesia",2008,40.29999924,40.29999924
"ID","Indonesia",2009,39.70000076,39.70000076
"ID","Indonesia",2010,38.34747001,38.34747001
"ID","Indonesia",2011,38.964946,38.964946
"ID","Indonesia",2012,35.08959638,35.08959638
"IR","Iran",2005,24.70000076,24.70000076
"IR","Iran",2006,23.20000076,23.20000076
"IR","Iran",2007,22.79999924,22.79999924
"IR","Iran",2008,21.20000076,21.20000076
"IR","Iran",2009,,
"IR","Iran",2010,,
"IR","Iran",2011,,
"IR","Iran",2012,,
"IQ","Iraq",2005,,
"IQ","Iraq",2006,29.70000076,29.70000076
"IQ","Iraq",2007,15.10000038,15.10000038
"IQ","Iraq",2008,23.39999962,23.39999962
"IQ","Iraq",2009,,
"IQ","Iraq",2010,,
"IQ","Iraq",2011,,
"IQ","Iraq",2012,,
"IE","Ireland",2005,5.900000095,5.900000095
"IE","Ireland",2006,5.599999905,5.599999905
"IE","Ireland",2007,5.400000095,5.400000095
"IE","Ireland",2008,5.300000191,5.300000191
"IE","Ireland",2009,4.900000095,4.900000095
"IE","Ireland",2010,4.5,4.5
"IE","Ireland",2011,4.5,4.5
"IE","Ireland",2012,4.699999809,4.699999809
"IL","Israel",2005,2,2
"IL","Israel",2006,1.799999952,1.799999952
"IL","Israel",2007,1.600000024,1.600000024
"IL","Israel",2008,1.700000048,1.700000048
"IL","Israel",2009,1.700000048,1.700000048
"IL","Israel",2010,,
"IL","Israel",2011,,
"IL","Israel",2012,,
"IT","Italy",2005,4.199999809,4.199999809
"IT","Italy",2006,4.300000191,4.300000191
"IT","Italy",2007,4,4
"IT","Italy",2008,3.700000048,3.700000048
"IT","Italy",2009,3.700000048,3.700000048
"IT","Italy",2010,3.799999952,3.799999952
"IT","Italy",2011,3.700000048,3.700000048
"IT","Italy",2012,3.700000048,3.700000048
"JM","Jamaica",2005,18.10000038,18.10000038
"JM","Jamaica",2006,18.20000076,18.20000076
"JM","Jamaica",2007,17.60000038,17.60000038
"JM","Jamaica",2008,18.70000076,18.70000076
"JM","Jamaica",2009,20.20000076,20.20000076
"JM","Jamaica",2010,20.20000076,20.20000076
"JM","Jamaica",2011,17.60000038,17.60000038
"JM","Jamaica",2012,18.10000038,18.10000038
"JP","Japan",2005,4.400000095,4.400000095
"JP","Japan",2006,4.300000191,4.300000191
"JP","Japan",2007,3.900000095,3.900000095
"JP","Japan",2008,3.799999952,3.799999952
"JP","Japan",2009,3.900000095,3.900000095
"JP","Japan",2010,3.700000048,3.700000048
"JP","Japan",2011,,
"JP","Japan",2012,,
"JO","Jordan",2005,3.400000095,3.400000095
"JO","Jordan",2006,3.099999905,3.099999905
"JO","Jordan",2007,2.700000048,2.700000048
"JO","Jordan",2008,2.599999905,2.599999905
"JO","Jordan",2009,3,3
"JO","Jordan",2010,2,2
"JO","Jordan",2011,1.700000048,1.700000048
"JO","Jordan",2012,2,2
"KZ","Kazakhstan",2005,32.40000153,32.40000153
"KZ","Kazakhstan",2006,31.5,31.5
"KZ","Kazakhstan",2007,31.20000076,31.20000076
"KZ","Kazakhstan",2008,30.20000076,30.20000076
"KZ","Kazakhstan",2009,29.39999962,29.39999962
"KZ","Kazakhstan",2010,28.29999924,28.29999924
"KZ","Kazakhstan",2011,26.5,26.5
"KZ","Kazakhstan",2012,25.5,25.5
"KE","Kenya",2005,61.09999847,61.09999847
"KE","Kenya",2006,,
"KE","Kenya",2007,,
"KE","Kenya",2008,,
"KE","Kenya",2009,,
"KE","Kenya",2010,,
"KE","Kenya",2011,,
"KE","Kenya",2012,,
"KI","Kiribati",2005,,
"KI","Kiribati",2006,,
"KI","Kiribati",2007,,
"KI","Kiribati",2008,,
"KI","Kiribati",2009,,
"KI","Kiribati",2010,,
"KI","Kiribati",2011,,
"KI","Kiribati",2012,,
"XK","Kosovo",2005,,
"XK","Kosovo",2006,,
"XK","Kosovo",2007,,
"XK","Kosovo",2008,,
"XK","Kosovo",2009,,
"XK","Kosovo",2010,,
"XK","Kosovo",2011,,
"XK","Kosovo",2012,4.599999905,4.599999905
"KW","Kuwait",2005,2.700000048,2.700000048
"KW","Kuwait",2006,,
"KW","Kuwait",2007,,
"KW","Kuwait",2008,,
"KW","Kuwait",2009,,
"KW","Kuwait",2010,,
"KW","Kuwait",2011,,
"KW","Kuwait",2012,,
"KG","Kyrgyzstan",2005,38.5,38.5
"KG","Kyrgyzstan",2006,36.29999924,36.29999924
"KG","Kyrgyzstan",2007,34.5,34.5
"KG","Kyrgyzstan",2008,34,34
"KG","Kyrgyzstan",2009,,
"KG","Kyrgyzstan",2010,,
"KG","Kyrgyzstan",2011,,
"KG","Kyrgyzstan",2012,,
"LA","Lao",2005,,
"LA","Lao",2006,,
"LA","Lao",2007,,
"LA","Lao",2008,,
"LA","Lao",2009,,
"LA","Lao",2010,,
"LA","Lao",2011,,
"LA","Lao",2012,,
"LV","Latvia",2005,12.10000038,12.10000038
"LV","Latvia",2006,11.10000038,11.10000038
"LV","Latvia",2007,9.899999619,9.899999619
"LV","Latvia",2008,7.900000095,7.900000095
"LV","Latvia",2009,8.699999809,8.699999809
"LV","Latvia",2010,8.800000191,8.800000191
"LV","Latvia",2011,8.899999619,8.899999619
"LV","Latvia",2012,8.399999619,8.399999619
"LB","Lebanon",2005,,
"LB","Lebanon",2006,,
"LB","Lebanon",2007,,
"LB","Lebanon",2008,,
"LB","Lebanon",2009,6.300000191,6.300000191
"LB","Lebanon",2010,,
"LB","Lebanon",2011,,
"LB","Lebanon",2012,,
"LS","Lesotho",2005,,
"LS","Lesotho",2006,,
"LS","Lesotho",2007,,
"LS","Lesotho",2008,,
"LS","Lesotho",2009,,
"LS","Lesotho",2010,,
"LS","Lesotho",2011,,
"LS","Lesotho",2012,,
"LR","Liberia",2005,,
"LR","Liberia",2006,,
"LR","Liberia",2007,47.59999847,47.59999847
"LR","Liberia",2008,48.0333328233,
"LR","Liberia",2009,48.4666671767,
"LR","Liberia",2010,48.90000153,48.90000153
"LR","Liberia",2011,,
"LR","Liberia",2012,,
"LY","Libya",2005,,
"LY","Libya",2006,,
"LY","Libya",2007,,
"LY","Libya",2008,,
"LY","Libya",2009,,
"LY","Libya",2010,,
"LY","Libya",2011,,
"LY","Libya",2012,,
"LI","Liechtenstein",2005,,
"LI","Liechtenstein",2006,,
"LI","Liechtenstein",2007,,
"LI","Liechtenstein",2008,,
"LI","Liechtenstein",2009,,
"LI","Liechtenstein",2010,,
"LI","Liechtenstein",2011,,
"LI","Liechtenstein",2012,,
"LT","Lithuania",2005,14,14
"LT","Lithuania",2006,12.39999962,12.39999962
"LT","Lithuania",2007,10.39999962,10.39999962
"LT","Lithuania",2008,7.900000095,7.900000095
"LT","Lithuania",2009,9.199999809,9.199999809
"LT","Lithuania",2010,9,9
"LT","Lithuania",2011,8.699999809,8.699999809
"LT","Lithuania",2012,8.899999619,8.899999619
"LU","Luxembourg",2005,1.799999952,1.799999952
"LU","Luxembourg",2006,1.799999952,1.799999952
"LU","Luxembourg",2007,1.799999952,1.799999952
"LU","Luxembourg",2008,1.700000048,1.700000048
"LU","Luxembourg",2009,1.299999952,1.299999952
"LU","Luxembourg",2010,1,1
"LU","Luxembourg",2011,1.200000048,1.200000048
"LU","Luxembourg",2012,1.299999952,1.299999952
"MO","Macao",2005,0.100000001,0.100000001
"MO","Macao",2006,0.200000003,0.200000003
"MO","Macao",2007,0.100000001,0.100000001
"MO","Macao",2008,0.200000003,0.200000003
"MO","Macao",2009,,
"MO","Macao",2010,,
"MO","Macao",2011,,
"MO","Macao",2012,,
"MK","Macedonia",2005,19.5,19.5
"MK","Macedonia",2006,20.10000038,20.10000038
"MK","Macedonia",2007,18.20000076,18.20000076
"MK","Macedonia",2008,19.70000076,19.70000076
"MK","Macedonia",2009,19.3666674267,
"MK","Macedonia",2010,19.0333340933,
"MK","Macedonia",2011,18.70000076,18.70000076
"MK","Macedonia",2012,17.29999924,17.29999924
"MG","Madagascar",2005,80.40000153,80.40000153
"MG","Madagascar",2006,,
"MG","Madagascar",2007,,
"MG","Madagascar",2008,,
"MG","Madagascar",2009,,
"MG","Madagascar",2010,,
"MG","Madagascar",2011,,
"MG","Madagascar",2012,,
"MW","Malawi",2005,,
"MW","Malawi",2006,,
"MW","Malawi",2007,,
"MW","Malawi",2008,,
"MW","Malawi",2009,,
"MW","Malawi",2010,,
"MW","Malawi",2011,,
"MW","Malawi",2012,,
"MY","Malaysia",2005,14.60000038,14.60000038
"MY","Malaysia",2006,14.60000038,14.60000038
"MY","Malaysia",2007,14.80000019,14.80000019
"MY","Malaysia",2008,14,14
"MY","Malaysia",2009,13.5,13.5
"MY","Malaysia",2010,13.30000019,13.30000019
"MY","Malaysia",2011,11.5,11.5
"MY","Malaysia",2012,12.60000038,12.60000038
"MV","Maldives",2005,,
"MV","Maldives",2006,11.5,11.5
"MV","Maldives",2007,,
"MV","Maldives",2008,,
"MV","Maldives",2009,,
"MV","Maldives",2010,,
"MV","Maldives",2011,,
"MV","Maldives",2012,,
"ML","Mali",2005,,
"ML","Mali",2006,66,66
"ML","Mali",2007,,
"ML","Mali",2008,,
"ML","Mali",2009,,
"ML","Mali",2010,,
"ML","Mali",2011,,
"ML","Mali",2012,,
"MT","Malta",2005,1.700000048,1.700000048
"MT","Malta",2006,1.600000024,1.600000024
"MT","Malta",2007,1.600000024,1.600000024
"MT","Malta",2008,1.700000048,1.700000048
"MT","Malta",2009,1.399999976,1.399999976
"MT","Malta",2010,1.299999952,1.299999952
"MT","Malta",2011,1.100000024,1.100000024
"MT","Malta",2012,1,1
"MH","Marshall Islands",2005,,
"MH","Marshall Islands",2006,,
"MH","Marshall Islands",2007,,
"MH","Marshall Islands",2008,,
"MH","Marshall Islands",2009,,
"MH","Marshall Islands",2010,,
"MH","Marshall Islands",2011,,
"MH","Marshall Islands",2012,,
"MR","Mauritania",2005,,
"MR","Mauritania",2006,,
"MR","Mauritania",2007,,
"MR","Mauritania",2008,,
"MR","Mauritania",2009,,
"MR","Mauritania",2010,,
"MR","Mauritania",2011,,
"MR","Mauritania",2012,,
"MU","Mauritius",2005,10,10
"MU","Mauritius",2006,9.600000381,9.600000381
"MU","Mauritius",2007,9.100000381,9.100000381
"MU","Mauritius",2008,8.899999619,8.899999619
"MU","Mauritius",2009,9,9
"MU","Mauritius",2010,8.699999809,8.699999809
"MU","Mauritius",2011,8.399999619,8.399999619
"MU","Mauritius",2012,7.800000191,7.800000191
"MX","Mexico",2005,14.89999962,14.89999962
"MX","Mexico",2006,14.30000019,14.30000019
"MX","Mexico",2007,13.5,13.5
"MX","Mexico",2008,13.10000038,13.10000038
"MX","Mexico",2009,13.5,13.5
"MX","Mexico",2010,13.10000038,13.10000038
"MX","Mexico",2011,13.39999962,13.39999962
"MX","Mexico",2012,,
"FM","Micronesia",2005,,
"FM","Micronesia",2006,,
"FM","Micronesia",2007,,
"FM","Micronesia",2008,,
"FM","Micronesia",2009,,
"FM","Micronesia",2010,,
"FM","Micronesia",2011,,
"FM","Micronesia",2012,,
"MD","Moldova",2005,40.70000076,40.70000076
"MD","Moldova",2006,33.59999847,33.59999847
"MD","Moldova",2007,32.79999924,32.79999924
"MD","Moldova",2008,31.10000038,31.10000038
"MD","Moldova",2009,28.20000076,28.20000076
"MD","Moldova",2010,27.5,27.5
"MD","Moldova",2011,27.5,27.5
"MD","Moldova",2012,26.39999962,26.39999962
"MC","Monaco",2005,,
"MC","Monaco",2006,,
"MC","Monaco",2007,,
"MC","Monaco",2008,,
"MC","Monaco",2009,,
"MC","Monaco",2010,,
"MC","Monaco",2011,,
"MC","Monaco",2012,,
"MN","Mongolia",2005,39.90000153,39.90000153
"MN","Mongolia",2006,38.79999924,38.79999924
"MN","Mongolia",2007,41.59999847,41.59999847
"MN","Mongolia",2008,40.59999847,40.59999847
"MN","Mongolia",2009,40,40
"MN","Mongolia",2010,33,33
"MN","Mongolia",2011,32.59999847,32.59999847
"MN","Mongolia",2012,,
"ME","Montenegro",2005,8.600000381,8.600000381
"ME","Montenegro",2006,8.650000095,
"ME","Montenegro",2007,8.699999809,8.699999809
"ME","Montenegro",2008,7.599999905,7.599999905
"ME","Montenegro",2009,6.5,6.5
"ME","Montenegro",2010,6.199999809,6.199999809
"ME","Montenegro",2011,5.599999905,5.599999905
"ME","Montenegro",2012,5.699999809,5.699999809
"MA","Morocco",2005,45.40000153,45.40000153
"MA","Morocco",2006,43.29999924,43.29999924
"MA","Morocco",2007,42.09999847,42.09999847
"MA","Morocco",2008,40.90000153,40.90000153
"MA","Morocco",2009,40.5,40.5
"MA","Morocco",2010,40.20000076,40.20000076
"MA","Morocco",2011,39.79999924,39.79999924
"MA","Morocco",2012,39.20000076,39.20000076
"MZ","Mozambique",2005,,
"MZ","Mozambique",2006,,
"MZ","Mozambique",2007,,
"MZ","Mozambique",2008,,
"MZ","Mozambique",2009,,
"MZ","Mozambique",2010,,
"MZ","Mozambique",2011,,
"MZ","Mozambique",2012,,
"MM","Myanmar",2005,,
"MM","Myanmar",2006,,
"MM","Myanmar",2007,,
"MM","Myanmar",2008,,
"MM","Myanmar",2009,,
"MM","Myanmar",2010,,
"MM","Myanmar",2011,,
"MM","Myanmar",2012,,
"NA","Namibia",2005,,
"NA","Namibia",2006,,
"NA","Namibia",2007,,
"NA","Namibia",2008,16.29999924,16.29999924
"NA","Namibia",2009,20.79999924,
"NA","Namibia",2010,25.29999924,
"NA","Namibia",2011,29.79999924,29.79999924
"NA","Namibia",2012,27.39999962,27.39999962
"NP","Nepal",2005,,
"NP","Nepal",2006,,
"NP","Nepal",2007,,
"NP","Nepal",2008,,
"NP","Nepal",2009,,
"NP","Nepal",2010,,
"NP","Nepal",2011,,
"NP","Nepal",2012,,
"NL","Netherlands",2005,3.200000048,3.200000048
"NL","Netherlands",2006,3.099999905,3.099999905
"NL","Netherlands",2007,2.799999952,2.799999952
"NL","Netherlands",2008,2.599999905,2.599999905
"NL","Netherlands",2009,2.5,2.5
"NL","Netherlands",2010,2.799999952,2.799999952
"NL","Netherlands",2011,2.5,2.5
"NL","Netherlands",2012,,
"NC","New Caledonia",2005,3.099999905,3.099999905
"NC","New Caledonia",2006,2.900000095,2.900000095
"NC","New Caledonia",2007,2.900000095,2.900000095
"NC","New Caledonia",2008,2.700000048,2.700000048
"NC","New Caledonia",2009,,
"NC","New Caledonia",2010,,
"NC","New Caledonia",2011,,
"NC","New Caledonia",2012,,
"NZ","New Zealand",2005,7.099999905,7.099999905
"NZ","New Zealand",2006,7.099999905,7.099999905
"NZ","New Zealand",2007,7.199999809,7.199999809
"NZ","New Zealand",2008,6.900000095,6.900000095
"NZ","New Zealand",2009,6.599999905,6.599999905
"NZ","New Zealand",2010,,
"NZ","New Zealand",2011,,
"NZ","New Zealand",2012,,
"NI","Nicaragua",2005,28.89999962,28.89999962
"NI","Nicaragua",2006,29.10000038,29.10000038
"NI","Nicaragua",2007,29.5,29.5
"NI","Nicaragua",2008,28.20000076,28.20000076
"NI","Nicaragua",2009,30.20000076,
"NI","Nicaragua",2010,32.20000076,32.20000076
"NI","Nicaragua",2011,,
"NI","Nicaragua",2012,,
"NE","Niger",2005,56.90000153,56.90000153
"NE","Niger",2006,,
"NE","Niger",2007,,
"NE","Niger",2008,,
"NE","Niger",2009,,
"NE","Niger",2010,,
"NE","Niger",2011,,
"NE","Niger",2012,,
"NG","Nigeria",2005,,
"NG","Nigeria",2006,,
"NG","Nigeria",2007,,
"NG","Nigeria",2008,,
"NG","Nigeria",2009,,
"NG","Nigeria",2010,,
"NG","Nigeria",2011,,
"NG","Nigeria",2012,,
"KP","North Korea",2005,,
"KP","North Korea",2006,,
"KP","North Korea",2007,,
"KP","North Korea",2008,,
"KP","North Korea",2009,,
"KP","North Korea",2010,,
"KP","North Korea",2011,,
"KP","North Korea",2012,,
"MP","Northern Mariana Islands",2005,,
"MP","Northern Mariana Islands",2006,,
"MP","Northern Mariana Islands",2007,,
"MP","Northern Mariana Islands",2008,,
"MP","Northern Mariana Islands",2009,,
"MP","Northern Mariana Islands",2010,,
"MP","Northern Mariana Islands",2011,,
"MP","Northern Mariana Islands",2012,,
"NO","Norway",2005,3.299999952,3.299999952
"NO","Norway",2006,3.299999952,3.299999952
"NO","Norway",2007,2.900000095,2.900000095
"NO","Norway",2008,2.599999905,2.599999905
"NO","Norway",2009,2.700000048,2.700000048
"NO","Norway",2010,2.5,2.5
"NO","Norway",2011,2.400000095,2.400000095
"NO","Norway",2012,2.200000048,2.200000048
"OM","Oman",2005,,
"OM","Oman",2006,,
"OM","Oman",2007,,
"OM","Oman",2008,,
"OM","Oman",2009,,
"OM","Oman",2010,5.199999809,5.199999809
"OM","Oman",2011,,
"OM","Oman",2012,,
"PK","Pakistan",2005,43,43
"PK","Pakistan",2006,43.40000153,43.40000153
"PK","Pakistan",2007,43.59999847,43.59999847
"PK","Pakistan",2008,44.70000076,44.70000076
"PK","Pakistan",2009,44.83333384,
"PK","Pakistan",2010,44.96666692,
"PK","Pakistan",2011,45.1,45.1
"PK","Pakistan",2012,,
"PW","Palau",2005,,
"PW","Palau",2006,,
"PW","Palau",2007,,
"PW","Palau",2008,,
"PW","Palau",2009,,
"PW","Palau",2010,,
"PW","Palau",2011,,
"PW","Palau",2012,,
"PS","Palestine",2005,14.60000038,14.60000038
"PS","Palestine",2006,16.10000038,16.10000038
"PS","Palestine",2007,15.60000038,15.60000038
"PS","Palestine",2008,13.39999962,13.39999962
"PS","Palestine",2009,11.80000019,11.80000019
"PS","Palestine",2010,11.80000019,11.80000019
"PS","Palestine",2011,11.89999962,11.89999962
"PS","Palestine",2012,11.5,11.5
"PA","Panama",2005,19.29999924,19.29999924
"PA","Panama",2006,19.5,19.5
"PA","Panama",2007,18.89999962,18.89999962
"PA","Panama",2008,17.89999962,17.89999962
"PA","Panama",2009,17.89999962,17.89999962
"PA","Panama",2010,17.39999962,17.39999962
"PA","Panama",2011,17,17
"PA","Panama",2012,16.70000076,16.70000076
"PG","Papua New Guinea",2005,,
"PG","Papua New Guinea",2006,,
"PG","Papua New Guinea",2007,,
"PG","Papua New Guinea",2008,,
"PG","Papua New Guinea",2009,,
"PG","Papua New Guinea",2010,,
"PG","Papua New Guinea",2011,,
"PG","Papua New Guinea",2012,,
"PY","Paraguay",2005,32.40000153,32.40000153
"PY","Paraguay",2006,31.20000076,31.20000076
"PY","Paraguay",2007,29.5,29.5
"PY","Paraguay",2008,26.5,26.5
"PY","Paraguay",2009,29.5,29.5
"PY","Paraguay",2010,26.79999924,26.79999924
"PY","Paraguay",2011,26.39999962,26.39999962
"PY","Paraguay",2012,27.20000076,27.20000076
"PE","Peru",2005,32.90000153,32.90000153
"PE","Peru",2006,32,32
"PE","Peru",2007,28.20000076,28.20000076
"PE","Peru",2008,27.5,27.5
"PE","Peru",2009,27.70000076,27.70000076
"PE","Peru",2010,25.70000076,25.70000076
"PE","Peru",2011,25.79999924,25.79999924
"PE","Peru",2012,,
"PH","Philippines",2005,36,36
"PH","Philippines",2006,35.79999924,35.79999924
"PH","Philippines",2007,35.09999847,35.09999847
"PH","Philippines",2008,35.29999924,35.29999924
"PH","Philippines",2009,35.20000076,35.20000076
"PH","Philippines",2010,33.20000076,33.20000076
"PH","Philippines",2011,33,33
"PH","Philippines",2012,32.20000076,32.20000076
"PL","Poland",2005,17.39999962,17.39999962
"PL","Poland",2006,15.80000019,15.80000019
"PL","Poland",2007,14.69999981,14.69999981
"PL","Poland",2008,14,14
"PL","Poland",2009,13.30000019,13.30000019
"PL","Poland",2010,12.80000019,12.80000019
"PL","Poland",2011,12.69999981,12.69999981
"PL","Poland",2012,12.60000038,12.60000038
"PT","Portugal",2005,11.80000019,11.80000019
"PT","Portugal",2006,11.69999981,11.69999981
"PT","Portugal",2007,11.60000038,11.60000038
"PT","Portugal",2008,11.19999981,11.19999981
"PT","Portugal",2009,11.19999981,11.19999981
"PT","Portugal",2010,10.89999962,10.89999962
"PT","Portugal",2011,9.899999619,9.899999619
"PT","Portugal",2012,10.5,10.5
"PR","Puerto Rico",2005,2.099999905,2.099999905
"PR","Puerto Rico",2006,1.399999976,1.399999976
"PR","Puerto Rico",2007,1.100000024,1.100000024
"PR","Puerto Rico",2008,1.5,1.5
"PR","Puerto Rico",2009,1.5,1.5
"PR","Puerto Rico",2010,1.600000024,1.600000024
"PR","Puerto Rico",2011,1.600000024,1.600000024
"PR","Puerto Rico",2012,1.600000024,1.600000024
"QA","Qatar",2005,,
"QA","Qatar",2006,3,3
"QA","Qatar",2007,2.400000095,2.400000095
"QA","Qatar",2008,1.600000024,1.600000024
"QA","Qatar",2009,1.600000024,1.600000024
"QA","Qatar",2010,1.5,
"QA","Qatar",2011,1.399999976,1.399999976
"QA","Qatar",2012,1.399999976,1.399999976
"RO","Romania",2005,32.09999847,32.09999847
"RO","Romania",2006,30.5,30.5
"RO","Romania",2007,29.5,29.5
"RO","Romania",2008,28.70000076,28.70000076
"RO","Romania",2009,29.10000038,29.10000038
"RO","Romania",2010,30.10000038,30.10000038
"RO","Romania",2011,28.60000038,28.60000038
"RO","Romania",2012,29,29
"RU","Russian Federation",2005,10.19999981,10.19999981
"RU","Russian Federation",2006,10,10
"RU","Russian Federation",2007,9,9
"RU","Russian Federation",2008,8.600000381,8.600000381
"RU","Russian Federation",2009,9.699999809,9.699999809
"RU","Russian Federation",2010,,
"RU","Russian Federation",2011,,
"RU","Russian Federation",2012,,
"RW","Rwanda",2005,78.80000305,78.80000305
"RW","Rwanda",2006,,
"RW","Rwanda",2007,,
"RW","Rwanda",2008,,
"RW","Rwanda",2009,,
"RW","Rwanda",2010,,
"RW","Rwanda",2011,,
"RW","Rwanda",2012,,
"KN","Saint Kitts and Nevis",2005,,
"KN","Saint Kitts and Nevis",2006,,
"KN","Saint Kitts and Nevis",2007,,
"KN","Saint Kitts and Nevis",2008,,
"KN","Saint Kitts and Nevis",2009,,
"KN","Saint Kitts and Nevis",2010,,
"KN","Saint Kitts and Nevis",2011,,
"KN","Saint Kitts and Nevis",2012,,
"LC","Saint Lucia",2005,,
"LC","Saint Lucia",2006,,
"LC","Saint Lucia",2007,,
"LC","Saint Lucia",2008,,
"LC","Saint Lucia",2009,,
"LC","Saint Lucia",2010,,
"LC","Saint Lucia",2011,,
"LC","Saint Lucia",2012,,
"MF","Saint Martin ",2005,,
"MF","Saint Martin ",2006,,
"MF","Saint Martin ",2007,,
"MF","Saint Martin ",2008,,
"MF","Saint Martin ",2009,,
"MF","Saint Martin ",2010,,
"MF","Saint Martin ",2011,,
"MF","Saint Martin ",2012,,
"VC","Saint Vincent & the Grenadines",2005,,
"VC","Saint Vincent & the Grenadines",2006,,
"VC","Saint Vincent & the Grenadines",2007,,
"VC","Saint Vincent & the Grenadines",2008,,
"VC","Saint Vincent & the Grenadines",2009,,
"VC","Saint Vincent & the Grenadines",2010,,
"VC","Saint Vincent & the Grenadines",2011,,
"VC","Saint Vincent & the Grenadines",2012,,
"WS","Samoa",2005,,
"WS","Samoa",2006,,
"WS","Samoa",2007,,
"WS","Samoa",2008,,
"WS","Samoa",2009,,
"WS","Samoa",2010,,
"WS","Samoa",2011,,
"WS","Samoa",2012,,
"SM","San Marino",2005,0.5,0.5
"SM","San Marino",2006,0.400000006,0.400000006
"SM","San Marino",2007,0.400000006,0.400000006
"SM","San Marino",2008,0.300000012,0.300000012
"SM","San Marino",2009,,
"SM","San Marino",2010,,
"SM","San Marino",2011,,
"SM","San Marino",2012,,
"ST","Sao Tome & Principe",2005,,
"ST","Sao Tome & Principe",2006,,
"ST","Sao Tome & Principe",2007,,
"ST","Sao Tome & Principe",2008,,
"ST","Sao Tome & Principe",2009,,
"ST","Sao Tome & Principe",2010,,
"ST","Sao Tome & Principe",2011,,
"ST","Sao Tome & Principe",2012,,
"SA","Saudi Arabia",2005,,
"SA","Saudi Arabia",2006,4,4
"SA","Saudi Arabia",2007,4.300000191,4.300000191
"SA","Saudi Arabia",2008,4.300000191,4.300000191
"SA","Saudi Arabia",2009,4.099999905,4.099999905
"SA","Saudi Arabia",2010,4.200000048,
"SA","Saudi Arabia",2011,4.300000191,4.300000191
"SA","Saudi Arabia",2012,4.699999809,4.699999809
"SN","Senegal",2005,,
"SN","Senegal",2006,33.70000076,33.70000076
"SN","Senegal",2007,,
"SN","Senegal",2008,,
"SN","Senegal",2009,,
"SN","Senegal",2010,,
"SN","Senegal",2011,,
"SN","Senegal",2012,,
"RS","Serbia",2005,23.29999924,23.29999924
"RS","Serbia",2006,20.5,20.5
"RS","Serbia",2007,20.79999924,20.79999924
"RS","Serbia",2008,25.10000038,25.10000038
"RS","Serbia",2009,24,24
"RS","Serbia",2010,22.20000076,22.20000076
"RS","Serbia",2011,21.20000076,21.20000076
"RS","Serbia",2012,21,21
"SC","Seychelles",2005,,
"SC","Seychelles",2006,,
"SC","Seychelles",2007,,
"SC","Seychelles",2008,,
"SC","Seychelles",2009,,
"SC","Seychelles",2010,,
"SC","Seychelles",2011,,
"SC","Seychelles",2012,,
"SL","Sierra Leone",2005,,
"SL","Sierra Leone",2006,,
"SL","Sierra Leone",2007,,
"SL","Sierra Leone",2008,,
"SL","Sierra Leone",2009,,
"SL","Sierra Leone",2010,,
"SL","Sierra Leone",2011,,
"SL","Sierra Leone",2012,,
"SG","Singapore",2005,1.100000024,1.100000024
"SG","Singapore",2006,1.299999952,1.299999952
"SG","Singapore",2007,1.100000024,1.100000024
"SG","Singapore",2008,1.200000048,1.200000048
"SG","Singapore",2009,1.100000024,1.100000024
"SG","Singapore",2010,,
"SG","Singapore",2011,,
"SG","Singapore",2012,,
"SX","Sint Maarten (Dutch part)",2005,,
"SX","Sint Maarten (Dutch part)",2006,,
"SX","Sint Maarten (Dutch part)",2007,,
"SX","Sint Maarten (Dutch part)",2008,,
"SX","Sint Maarten (Dutch part)",2009,,
"SX","Sint Maarten (Dutch part)",2010,,
"SX","Sint Maarten (Dutch part)",2011,,
"SX","Sint Maarten (Dutch part)",2012,,
"SK","Slovakia",2005,4.699999809,4.699999809
"SK","Slovakia",2006,4.400000095,4.400000095
"SK","Slovakia",2007,4.199999809,4.199999809
"SK","Slovakia",2008,4,4
"SK","Slovakia",2009,3.599999905,3.599999905
"SK","Slovakia",2010,3.200000048,3.200000048
"SK","Slovakia",2011,3,3
"SK","Slovakia",2012,3.200000048,3.200000048
"SI","Slovenia",2005,8.800000191,8.800000191
"SI","Slovenia",2006,9.600000381,9.600000381
"SI","Slovenia",2007,10.19999981,10.19999981
"SI","Slovenia",2008,8.600000381,8.600000381
"SI","Slovenia",2009,9.100000381,9.100000381
"SI","Slovenia",2010,8.800000191,8.800000191
"SI","Slovenia",2011,8.600000381,8.600000381
"SI","Slovenia",2012,8.300000191,8.300000191
"SB","Solomon Islands",2005,,
"SB","Solomon Islands",2006,,
"SB","Solomon Islands",2007,,
"SB","Solomon Islands",2008,,
"SB","Solomon Islands",2009,,
"SB","Solomon Islands",2010,,
"SB","Solomon Islands",2011,,
"SB","Solomon Islands",2012,,
"SO","Somalia",2005,,
"SO","Somalia",2006,,
"SO","Somalia",2007,,
"SO","Somalia",2008,,
"SO","Somalia",2009,,
"SO","Somalia",2010,,
"SO","Somalia",2011,,
"SO","Somalia",2012,,
"ZA","South Africa",2005,7.5,7.5
"ZA","South Africa",2006,8.5,8.5
"ZA","South Africa",2007,8.800000191,8.800000191
"ZA","South Africa",2008,5.699999809,5.699999809
"ZA","South Africa",2009,5.099999905,5.099999905
"ZA","South Africa",2010,4.900000095,4.900000095
"ZA","South Africa",2011,4.599999905,4.599999905
"ZA","South Africa",2012,,
"KR","South Korea",2005,7.900000095,7.900000095
"KR","South Korea",2006,7.699999809,7.699999809
"KR","South Korea",2007,7.599999905,7.599999905
"KR","South Korea",2008,7.199999809,7.199999809
"KR","South Korea",2009,7,7
"KR","South Korea",2010,6.599999905,6.599999905
"KR","South Korea",2011,,
"KR","South Korea",2012,,
"SS","South Sudan",2005,,
"SS","South Sudan",2006,,
"SS","South Sudan",2007,,
"SS","South Sudan",2008,,
"SS","South Sudan",2009,,
"SS","South Sudan",2010,,
"SS","South Sudan",2011,,
"SS","South Sudan",2012,,
"ES","Spain",2005,5.300000191,5.300000191
"ES","Spain",2006,4.800000191,4.800000191
"ES","Spain",2007,4.5,4.5
"ES","Spain",2008,4,4
"ES","Spain",2009,4.199999809,4.199999809
"ES","Spain",2010,4.300000191,4.300000191
"ES","Spain",2011,4.199999809,4.199999809
"ES","Spain",2012,4.400000095,4.400000095
"LK","Sri Lanka",2005,30.70000076,30.70000076
"LK","Sri Lanka",2006,32.20000076,32.20000076
"LK","Sri Lanka",2007,31.29999924,31.29999924
"LK","Sri Lanka",2008,32.59999847,32.59999847
"LK","Sri Lanka",2009,32.59999847,32.59999847
"LK","Sri Lanka",2010,32.70000076,32.70000076
"LK","Sri Lanka",2011,40.20000076,40.20000076
"LK","Sri Lanka",2012,39.40000153,39.40000153
"SD","Sudan",2005,,
"SD","Sudan",2006,,
"SD","Sudan",2007,,
"SD","Sudan",2008,,
"SD","Sudan",2009,,
"SD","Sudan",2010,,
"SD","Sudan",2011,,
"SD","Sudan",2012,,
"SR","Suriname",2005,,
"SR","Suriname",2006,,
"SR","Suriname",2007,,
"SR","Suriname",2008,,
"SR","Suriname",2009,,
"SR","Suriname",2010,,
"SR","Suriname",2011,,
"SR","Suriname",2012,,
"SZ","Swaziland",2005,,
"SZ","Swaziland",2006,,
"SZ","Swaziland",2007,,
"SZ","Swaziland",2008,,
"SZ","Swaziland",2009,,
"SZ","Swaziland",2010,,
"SZ","Swaziland",2011,,
"SZ","Swaziland",2012,,
"SE","Sweden",2005,2,2
"SE","Sweden",2006,2,2
"SE","Sweden",2007,2.200000048,2.200000048
"SE","Sweden",2008,2.099999905,2.099999905
"SE","Sweden",2009,2.200000048,2.200000048
"SE","Sweden",2010,2.099999905,2.099999905
"SE","Sweden",2011,2,2
"SE","Sweden",2012,2,2
"CH","Switzerland",2005,3.799999952,3.799999952
"CH","Switzerland",2006,3.799999952,3.799999952
"CH","Switzerland",2007,3.900000095,3.900000095
"CH","Switzerland",2008,3.299999952,3.299999952
"CH","Switzerland",2009,3.099999905,3.099999905
"CH","Switzerland",2010,3.299999952,3.299999952
"CH","Switzerland",2011,3.400000095,3.400000095
"CH","Switzerland",2012,3.5,3.5
"SY","Syria",2005,,
"SY","Syria",2006,19.60000038,19.60000038
"SY","Syria",2007,19.10000038,19.10000038
"SY","Syria",2008,16.89999962,16.89999962
"SY","Syria",2009,15.19999981,15.19999981
"SY","Syria",2010,14.30000019,14.30000019
"SY","Syria",2011,14.30000019,14.30000019
"SY","Syria",2012,,
"TJ","Tajikistan",2005,,
"TJ","Tajikistan",2006,,
"TJ","Tajikistan",2007,,
"TJ","Tajikistan",2008,,
"TJ","Tajikistan",2009,,
"TJ","Tajikistan",2010,,
"TJ","Tajikistan",2011,,
"TJ","Tajikistan",2012,,
"TZ","Tanzania",2005,,
"TZ","Tanzania",2006,76.5,76.5
"TZ","Tanzania",2007,,
"TZ","Tanzania",2008,,
"TZ","Tanzania",2009,,
"TZ","Tanzania",2010,,
"TZ","Tanzania",2011,,
"TZ","Tanzania",2012,,
"TH","Thailand",2005,42.59999847,42.59999847
"TH","Thailand",2006,42.09999847,42.09999847
"TH","Thailand",2007,41.70000076,41.70000076
"TH","Thailand",2008,42.5,42.5
"TH","Thailand",2009,39,39
"TH","Thailand",2010,38.20000076,38.20000076
"TH","Thailand",2011,38.70000076,38.70000076
"TH","Thailand",2012,39.59999847,39.59999847
"TL","Timor-Leste",2005,,
"TL","Timor-Leste",2006,,
"TL","Timor-Leste",2007,,
"TL","Timor-Leste",2008,,
"TL","Timor-Leste",2009,,
"TL","Timor-Leste",2010,50.59999847,50.59999847
"TL","Timor-Leste",2011,,
"TL","Timor-Leste",2012,,
"TG","Togo",2005,,
"TG","Togo",2006,54.09999847,54.09999847
"TG","Togo",2007,,
"TG","Togo",2008,,
"TG","Togo",2009,,
"TG","Togo",2010,,
"TG","Togo",2011,,
"TG","Togo",2012,,
"TO","Tonga",2005,,
"TO","Tonga",2006,,
"TO","Tonga",2007,,
"TO","Tonga",2008,,
"TO","Tonga",2009,,
"TO","Tonga",2010,,
"TO","Tonga",2011,,
"TO","Tonga",2012,,
"TT","Trinidad & Tobago",2005,4.300000191,4.300000191
"TT","Trinidad & Tobago",2006,4.400000095,4.400000095
"TT","Trinidad & Tobago",2007,3.799999952,3.799999952
"TT","Trinidad & Tobago",2008,3.799999952,3.799999952
"TT","Trinidad & Tobago",2009,,
"TT","Trinidad & Tobago",2010,,
"TT","Trinidad & Tobago",2011,,
"TT","Trinidad & Tobago",2012,,
"TN","Tunisia",2005,18.70000076,18.70000076
"TN","Tunisia",2006,19.29999924,19.29999924
"TN","Tunisia",2007,18.29999924,18.29999924
"TN","Tunisia",2008,17.70000076,17.70000076
"TN","Tunisia",2009,18.10000038,18.10000038
"TN","Tunisia",2010,17.60000038,17.60000038
"TN","Tunisia",2011,16.20000076,16.20000076
"TN","Tunisia",2012,,
"TR","Turkey",2005,29.5,29.5
"TR","Turkey",2006,27.29999924,27.29999924
"TR","Turkey",2007,23.5,23.5
"TR","Turkey",2008,23.70000076,23.70000076
"TR","Turkey",2009,22.89999962,22.89999962
"TR","Turkey",2010,23.70000076,23.70000076
"TR","Turkey",2011,24.20000076,24.20000076
"TR","Turkey",2012,23.60000038,23.60000038
"TM","Turkmenistan",2005,,
"TM","Turkmenistan",2006,,
"TM","Turkmenistan",2007,,
"TM","Turkmenistan",2008,,
"TM","Turkmenistan",2009,,
"TM","Turkmenistan",2010,,
"TM","Turkmenistan",2011,,
"TM","Turkmenistan",2012,,
"TC","Turks & Caicos Islands",2005,1.399999976,1.399999976
"TC","Turks & Caicos Islands",2006,1.799999952,1.799999952
"TC","Turks & Caicos Islands",2007,1.200000048,1.200000048
"TC","Turks & Caicos Islands",2008,,
"TC","Turks & Caicos Islands",2009,,
"TC","Turks & Caicos Islands",2010,,
"TC","Turks & Caicos Islands",2011,,
"TC","Turks & Caicos Islands",2012,,
"TV","Tuvalu",2005,,
"TV","Tuvalu",2006,,
"TV","Tuvalu",2007,,
"TV","Tuvalu",2008,,
"TV","Tuvalu",2009,,
"TV","Tuvalu",2010,,
"TV","Tuvalu",2011,,
"TV","Tuvalu",2012,,
"AE","UAE",2005,4.900000095,4.900000095
"AE","UAE",2006,4.6666666663,
"AE","UAE",2007,4.4333332377,
"AE","UAE",2008,4.199999809,4.199999809
"AE","UAE",2009,3.799999952,3.799999952
"AE","UAE",2010,,
"AE","UAE",2011,,
"AE","UAE",2012,,
"UG","Uganda",2005,71.59999847,71.59999847
"UG","Uganda",2006,70.09999847,
"UG","Uganda",2007,68.59999847,
"UG","Uganda",2008,67.09999847,
"UG","Uganda",2009,65.59999847,65.59999847
"UG","Uganda",2010,,
"UG","Uganda",2011,,
"UG","Uganda",2012,,
"GB","UK",2005,1.299999952,1.299999952
"GB","UK",2006,1.299999952,1.299999952
"GB","UK",2007,1.399999976,1.399999976
"GB","UK",2008,1.100000024,1.100000024
"GB","UK",2009,1.100000024,1.100000024
"GB","UK",2010,1.200000048,1.200000048
"GB","UK",2011,1.200000048,1.200000048
"GB","UK",2012,1.200000048,1.200000048
"UA","Ukraine",2005,19.39999962,19.39999962
"UA","Ukraine",2006,17.60000038,17.60000038
"UA","Ukraine",2007,16.70000076,16.70000076
"UA","Ukraine",2008,15.80000019,15.80000019
"UA","Ukraine",2009,15.60000038,15.60000038
"UA","Ukraine",2010,16.19999981,
"UA","Ukraine",2011,16.79999924,16.79999924
"UA","Ukraine",2012,17.20000076,17.20000076
"UY","Uruguay",2005,4.599999905,4.599999905
"UY","Uruguay",2006,11.10000038,11.10000038
"UY","Uruguay",2007,11,11
"UY","Uruguay",2008,10.80000019,10.80000019
"UY","Uruguay",2009,11.10000038,11.10000038
"UY","Uruguay",2010,11.80000019,11.80000019
"UY","Uruguay",2011,10.89999962,10.89999962
"UY","Uruguay",2012,,
"US","USA",2005,1.600000024,1.600000024
"US","USA",2006,1.5,1.5
"US","USA",2007,1.399999976,1.399999976
"US","USA",2008,1.5,1.5
"US","USA",2009,1.5,1.5
"US","USA",2010,1.600000024,1.600000024
"US","USA",2011,,
"US","USA",2012,,
"UZ","Uzbekistan",2005,,
"UZ","Uzbekistan",2006,,
"UZ","Uzbekistan",2007,,
"UZ","Uzbekistan",2008,,
"UZ","Uzbekistan",2009,,
"UZ","Uzbekistan",2010,,
"UZ","Uzbekistan",2011,,
"UZ","Uzbekistan",2012,,
"VU","Vanuatu",2005,,
"VU","Vanuatu",2006,,
"VU","Vanuatu",2007,,
"VU","Vanuatu",2008,,
"VU","Vanuatu",2009,60.5,60.5
"VU","Vanuatu",2010,,
"VU","Vanuatu",2011,,
"VU","Vanuatu",2012,,
"VE","Venezuela",2005,9.699999809,9.699999809
"VE","Venezuela",2006,9.100000381,9.100000381
"VE","Venezuela",2007,8.699999809,8.699999809
"VE","Venezuela",2008,8.5,8.5
"VE","Venezuela",2009,8.800000191,8.800000191
"VE","Venezuela",2010,8.699999809,8.699999809
"VE","Venezuela",2011,8.199999809,
"VE","Venezuela",2012,7.699999809,7.699999809
"VN","Viet Nam",2005,,
"VN","Viet Nam",2006,51.70000076,51.70000076
"VN","Viet Nam",2007,51.040000914,
"VN","Viet Nam",2008,50.380001068,
"VN","Viet Nam",2009,49.720001222,
"VN","Viet Nam",2010,49.060001376,
"VN","Viet Nam",2011,48.40000153,48.40000153
"VN","Viet Nam",2012,47.40000153,47.40000153
"VI","Virgin Islands (US)",2005,,
"VI","Virgin Islands (US)",2006,,
"VI","Virgin Islands (US)",2007,,
"VI","Virgin Islands (US)",2008,,
"VI","Virgin Islands (US)",2009,,
"VI","Virgin Islands (US)",2010,,
"VI","Virgin Islands (US)",2011,,
"VI","Virgin Islands (US)",2012,,
"YE","Yemen",2005,,
"YE","Yemen",2006,,
"YE","Yemen",2007,,
"YE","Yemen",2008,,
"YE","Yemen",2009,,
"YE","Yemen",2010,24.70000076,24.70000076
"YE","Yemen",2011,,
"YE","Yemen",2012,,
"ZM","Zambia",2005,72.19999695,72.19999695
"ZM","Zambia",2006,,
"ZM","Zambia",2007,,
"ZM","Zambia",2008,,
"ZM","Zambia",2009,,
"ZM","Zambia",2010,,
"ZM","Zambia",2011,,
"ZM","Zambia",2012,,
"ZW","Zimbabwe",2005,,
"ZW","Zimbabwe",2006,,
"ZW","Zimbabwe",2007,,
"ZW","Zimbabwe",2008,,
"ZW","Zimbabwe",2009,,
"ZW","Zimbabwe",2010,,
"ZW","Zimbabwe",2011,,
"ZW","Zimbabwe",2012,,
