"id","entity-name","year","value"
"adaptation-fund","Adaptation Fund",2010,
"adaptation-fund","Adaptation Fund",2011,
"adaptation-fund","Adaptation Fund",2012,
"adaptation-fund","Adaptation Fund",2013,
"adaptation-fund","Adaptation Fund",2014,
"asdb-special-funds","ADB Special Funds",1966,
"asdb-special-funds","ADB Special Funds",1967,
"asdb-special-funds","ADB Special Funds",1970,
"asdb-special-funds","ADB Special Funds",1971,
"asdb-special-funds","ADB Special Funds",1972,
"asdb-special-funds","ADB Special Funds",1973,
"asdb-special-funds","ADB Special Funds",1974,
"asdb-special-funds","ADB Special Funds",1975,
"asdb-special-funds","ADB Special Funds",1976,
"asdb-special-funds","ADB Special Funds",1977,
"asdb-special-funds","ADB Special Funds",1978,
"asdb-special-funds","ADB Special Funds",1979,
"asdb-special-funds","ADB Special Funds",1980,
"asdb-special-funds","ADB Special Funds",1981,
"asdb-special-funds","ADB Special Funds",1982,
"asdb-special-funds","ADB Special Funds",1983,
"asdb-special-funds","ADB Special Funds",1984,
"asdb-special-funds","ADB Special Funds",1985,
"asdb-special-funds","ADB Special Funds",1986,
"asdb-special-funds","ADB Special Funds",1987,
"asdb-special-funds","ADB Special Funds",1988,
"asdb-special-funds","ADB Special Funds",1989,
"asdb-special-funds","ADB Special Funds",1990,
"asdb-special-funds","ADB Special Funds",1991,
"asdb-special-funds","ADB Special Funds",1992,
"asdb-special-funds","ADB Special Funds",1993,
"asdb-special-funds","ADB Special Funds",1994,
"asdb-special-funds","ADB Special Funds",1995,
"asdb-special-funds","ADB Special Funds",1996,
"asdb-special-funds","ADB Special Funds",1997,
"asdb-special-funds","ADB Special Funds",1998,
"asdb-special-funds","ADB Special Funds",1999,
"asdb-special-funds","ADB Special Funds",2000,
"asdb-special-funds","ADB Special Funds",2001,
"asdb-special-funds","ADB Special Funds",2002,
"asdb-special-funds","ADB Special Funds",2003,
"asdb-special-funds","ADB Special Funds",2004,
"asdb-special-funds","ADB Special Funds",2005,
"asdb-special-funds","ADB Special Funds",2006,
"asdb-special-funds","ADB Special Funds",2007,
"asdb-special-funds","ADB Special Funds",2008,
"asdb-special-funds","ADB Special Funds",2009,
"asdb-special-funds","ADB Special Funds",2010,
"asdb-special-funds","ADB Special Funds",2011,
"asdb-special-funds","ADB Special Funds",2012,
"asdb-special-funds","ADB Special Funds",2013,
"asdb-special-funds","ADB Special Funds",2014,
"asdb-special-funds","ADB Special Funds",2015,
"afdb","African Development Bank (AfDB)",2001,
"afdb","African Development Bank (AfDB)",2002,
"afdb","African Development Bank (AfDB)",2003,
"afdb","African Development Bank (AfDB)",2004,
"afdb","African Development Bank (AfDB)",2005,
"afdb","African Development Bank (AfDB)",2006,
"afdb","African Development Bank (AfDB)",2007,
"afdb","African Development Bank (AfDB)",2008,
"afdb","African Development Bank (AfDB)",2009,
"afdb","African Development Bank (AfDB)",2010,
"afdb","African Development Bank (AfDB)",2011,
"afdb","African Development Bank (AfDB)",2012,
"afdb","African Development Bank (AfDB)",2013,
"afdb","African Development Bank (AfDB)",2014,
"afdb","African Development Bank (AfDB)",2015,
"afdf","African Development Fund (AfDF)",1966,
"afdf","African Development Fund (AfDF)",1967,
"afdf","African Development Fund (AfDF)",1975,
"afdf","African Development Fund (AfDF)",1976,
"afdf","African Development Fund (AfDF)",1977,
"afdf","African Development Fund (AfDF)",1978,
"afdf","African Development Fund (AfDF)",1979,
"afdf","African Development Fund (AfDF)",1980,
"afdf","African Development Fund (AfDF)",1981,
"afdf","African Development Fund (AfDF)",1982,
"afdf","African Development Fund (AfDF)",1983,
"afdf","African Development Fund (AfDF)",1984,
"afdf","African Development Fund (AfDF)",1985,
"afdf","African Development Fund (AfDF)",1986,
"afdf","African Development Fund (AfDF)",1987,
"afdf","African Development Fund (AfDF)",1988,
"afdf","African Development Fund (AfDF)",1989,
"afdf","African Development Fund (AfDF)",1990,
"afdf","African Development Fund (AfDF)",1991,
"afdf","African Development Fund (AfDF)",1992,
"afdf","African Development Fund (AfDF)",1993,
"afdf","African Development Fund (AfDF)",1994,
"afdf","African Development Fund (AfDF)",1995,
"afdf","African Development Fund (AfDF)",1996,
"afdf","African Development Fund (AfDF)",1997,
"afdf","African Development Fund (AfDF)",1998,
"afdf","African Development Fund (AfDF)",1999,
"afdf","African Development Fund (AfDF)",2000,
"afdf","African Development Fund (AfDF)",2001,
"afdf","African Development Fund (AfDF)",2002,
"afdf","African Development Fund (AfDF)",2003,
"afdf","African Development Fund (AfDF)",2004,
"afdf","African Development Fund (AfDF)",2005,
"afdf","African Development Fund (AfDF)",2006,
"afdf","African Development Fund (AfDF)",2007,
"afdf","African Development Fund (AfDF)",2008,
"afdf","African Development Fund (AfDF)",2009,
"afdf","African Development Fund (AfDF)",2010,
"afdf","African Development Fund (AfDF)",2011,
"afdf","African Development Fund (AfDF)",2012,
"afdf","African Development Fund (AfDF)",2013,
"afdf","African Development Fund (AfDF)",2014,
"afdf","African Development Fund (AfDF)",2015,
"badea","Arab Bank for Economic Development in Africa (BADEA)",1976,
"badea","Arab Bank for Economic Development in Africa (BADEA)",1977,
"badea","Arab Bank for Economic Development in Africa (BADEA)",1978,
"badea","Arab Bank for Economic Development in Africa (BADEA)",1979,
"badea","Arab Bank for Economic Development in Africa (BADEA)",1980,
"badea","Arab Bank for Economic Development in Africa (BADEA)",1981,
"badea","Arab Bank for Economic Development in Africa (BADEA)",1982,
"badea","Arab Bank for Economic Development in Africa (BADEA)",1983,
"badea","Arab Bank for Economic Development in Africa (BADEA)",1984,
"badea","Arab Bank for Economic Development in Africa (BADEA)",1985,
"badea","Arab Bank for Economic Development in Africa (BADEA)",1986,
"badea","Arab Bank for Economic Development in Africa (BADEA)",1987,
"badea","Arab Bank for Economic Development in Africa (BADEA)",1988,
"badea","Arab Bank for Economic Development in Africa (BADEA)",1989,
"badea","Arab Bank for Economic Development in Africa (BADEA)",1990,
"badea","Arab Bank for Economic Development in Africa (BADEA)",1991,
"badea","Arab Bank for Economic Development in Africa (BADEA)",1992,
"badea","Arab Bank for Economic Development in Africa (BADEA)",1993,
"badea","Arab Bank for Economic Development in Africa (BADEA)",1994,
"badea","Arab Bank for Economic Development in Africa (BADEA)",1999,
"badea","Arab Bank for Economic Development in Africa (BADEA)",2000,
"badea","Arab Bank for Economic Development in Africa (BADEA)",2001,
"badea","Arab Bank for Economic Development in Africa (BADEA)",2004,
"badea","Arab Bank for Economic Development in Africa (BADEA)",2005,
"badea","Arab Bank for Economic Development in Africa (BADEA)",2006,
"badea","Arab Bank for Economic Development in Africa (BADEA)",2007,
"badea","Arab Bank for Economic Development in Africa (BADEA)",2008,
"badea","Arab Bank for Economic Development in Africa (BADEA)",2009,
"badea","Arab Bank for Economic Development in Africa (BADEA)",2010,
"badea","Arab Bank for Economic Development in Africa (BADEA)",2011,
"badea","Arab Bank for Economic Development in Africa (BADEA)",2012,
"badea","Arab Bank for Economic Development in Africa (BADEA)",2013,
"badea","Arab Bank for Economic Development in Africa (BADEA)",2014,
"badea","Arab Bank for Economic Development in Africa (BADEA)",2015,
"arab-fund-afesd","Arab Fund (AFESD)",1974,
"arab-fund-afesd","Arab Fund (AFESD)",1975,
"arab-fund-afesd","Arab Fund (AFESD)",1976,
"arab-fund-afesd","Arab Fund (AFESD)",1977,
"arab-fund-afesd","Arab Fund (AFESD)",1978,
"arab-fund-afesd","Arab Fund (AFESD)",1979,
"arab-fund-afesd","Arab Fund (AFESD)",1980,
"arab-fund-afesd","Arab Fund (AFESD)",1981,
"arab-fund-afesd","Arab Fund (AFESD)",1982,
"arab-fund-afesd","Arab Fund (AFESD)",1983,
"arab-fund-afesd","Arab Fund (AFESD)",1984,
"arab-fund-afesd","Arab Fund (AFESD)",1985,
"arab-fund-afesd","Arab Fund (AFESD)",1986,
"arab-fund-afesd","Arab Fund (AFESD)",1987,
"arab-fund-afesd","Arab Fund (AFESD)",1988,
"arab-fund-afesd","Arab Fund (AFESD)",1989,
"arab-fund-afesd","Arab Fund (AFESD)",1990,
"arab-fund-afesd","Arab Fund (AFESD)",1991,
"arab-fund-afesd","Arab Fund (AFESD)",1992,
"arab-fund-afesd","Arab Fund (AFESD)",1993,
"arab-fund-afesd","Arab Fund (AFESD)",1994,
"arab-fund-afesd","Arab Fund (AFESD)",2008,
"arab-fund-afesd","Arab Fund (AFESD)",2009,
"arab-fund-afesd","Arab Fund (AFESD)",2010,
"arab-fund-afesd","Arab Fund (AFESD)",2011,
"arab-fund-afesd","Arab Fund (AFESD)",2012,
"arab-fund-afesd","Arab Fund (AFESD)",2013,
"arab-fund-afesd","Arab Fund (AFESD)",2014,
"arab-fund-afesd","Arab Fund (AFESD)",2015,
"AU","Australia",1965,0.01
"AU","Australia",1966,0.01
"AU","Australia",1967,0.01
"AU","Australia",1968,0.01
"AU","Australia",1969,0.01
"AU","Australia",1970,0.01
"AU","Australia",1971,0.02
"AU","Australia",1972,0.04
"AU","Australia",1973,0.02
"AU","Australia",1974,0.06
"AU","Australia",1975,0.08
"AU","Australia",1976,0.04
"AU","Australia",1977,0.03
"AU","Australia",1978,0.1
"AU","Australia",1979,0.12
"AU","Australia",1980,0.09
"AU","Australia",1981,0.07
"AU","Australia",1982,0.13
"AU","Australia",1983,0.1
"AU","Australia",1984,0.09
"AU","Australia",1985,0.09
"AU","Australia",1986,0.09
"AU","Australia",1987,0.05
"AU","Australia",1988,0.05
"AU","Australia",1989,0.09
"AU","Australia",1990,0.06
"AU","Australia",1991,0.08
"AU","Australia",1992,0.07
"AU","Australia",1993,0.06
"AU","Australia",1994,0.07
"AU","Australia",1995,0.06
"AU","Australia",1996,0.05
"AU","Australia",1997,0.05
"AU","Australia",1998,0.04
"AU","Australia",1999,0.07
"AU","Australia",2000,0.08
"AU","Australia",2001,0.06
"AU","Australia",2002,0.06
"AU","Australia",2003,0.06
"AU","Australia",2004,0.06
"AU","Australia",2005,0.06
"AU","Australia",2006,0.07
"AU","Australia",2007,0.08
"AU","Australia",2008,0.08
"AU","Australia",2009,0.08
"AU","Australia",2010,0.09
"AU","Australia",2011,0.09
"AU","Australia",2012,0.11
"AU","Australia",2013,0.09
"AU","Australia",2014,0.09
"AU","Australia",2015,0.08
"AT","Austria",1962,0
"AT","Austria",1963,0
"AT","Austria",1964,0
"AT","Austria",1965,0.02
"AT","Austria",1966,0.01
"AT","Austria",1967,0.01
"AT","Austria",1968,0
"AT","Austria",1969,0
"AT","Austria",1970,0.01
"AT","Austria",1971,0.01
"AT","Austria",1972,0
"AT","Austria",1973,0
"AT","Austria",1974,0.01
"AT","Austria",1975,0.03
"AT","Austria",1976,0.02
"AT","Austria",1977,0.01
"AT","Austria",1978,0.03
"AT","Austria",1979,0.05
"AT","Austria",1980,0.02
"AT","Austria",1981,0.05
"AT","Austria",1982,0.04
"AT","Austria",1983,0.03
"AT","Austria",1984,0.05
"AT","Austria",1985,0.06
"AT","Austria",1986,0.04
"AT","Austria",1987,0.03
"AT","Austria",1988,0.03
"AT","Austria",1989,0.06
"AT","Austria",1990,0.06
"AT","Austria",1991,0.06
"AT","Austria",1992,0.06
"AT","Austria",1993,0.06
"AT","Austria",1994,0.06
"AT","Austria",1995,0.06
"AT","Austria",1996,0.05
"AT","Austria",1997,0.06
"AT","Austria",1998,0.05
"AT","Austria",1999,0.05
"AT","Austria",2000,0.06
"AT","Austria",2001,0.08
"AT","Austria",2002,0.09
"AT","Austria",2003,0.07
"AT","Austria",2004,0.06
"AT","Austria",2005,0.08
"AT","Austria",2006,0.08
"AT","Austria",2007,0.07
"AT","Austria",2008,0.07
"AT","Austria",2009,0.09
"AT","Austria",2010,0.12
"AT","Austria",2011,0.07
"AT","Austria",2012,0.06
"AT","Austria",2013,0.08
"AT","Austria",2014,0.08
"AT","Austria",2015,0.06
"BE","Belgium",1960,0.75
"BE","Belgium",1961,0.58
"BE","Belgium",1962,0.49
"BE","Belgium",1963,0.54
"BE","Belgium",1964,0.49
"BE","Belgium",1965,0.57
"BE","Belgium",1966,0.33
"BE","Belgium",1967,0.32
"BE","Belgium",1968,0.29
"BE","Belgium",1969,0.28
"BE","Belgium",1970,0.28
"BE","Belgium",1971,0.28
"BE","Belgium",1972,0.29
"BE","Belgium",1973,0.26
"BE","Belgium",1974,0.27
"BE","Belgium",1975,0.32
"BE","Belgium",1976,0.28
"BE","Belgium",1977,0.26
"BE","Belgium",1978,0.29
"BE","Belgium",1979,0.31
"BE","Belgium",1980,0.29
"BE","Belgium",1981,0.32
"BE","Belgium",1982,0.3
"BE","Belgium",1983,0.26
"BE","Belgium",1984,0.27
"BE","Belgium",1985,0.28
"BE","Belgium",1986,0.27
"BE","Belgium",1987,0.23
"BE","Belgium",1988,0.16
"BE","Belgium",1989,0.21
"BE","Belgium",1990,0.19
"BE","Belgium",1991,0.12
"BE","Belgium",1992,0.13
"BE","Belgium",1993,0.13
"BE","Belgium",1994,0.1
"BE","Belgium",1995,0.1
"BE","Belgium",1996,0.09
"BE","Belgium",1997,0.09
"BE","Belgium",1998,0.1
"BE","Belgium",1999,0.09
"BE","Belgium",2000,0.11
"BE","Belgium",2001,0.14
"BE","Belgium",2002,0.15
"BE","Belgium",2003,0.36
"BE","Belgium",2004,0.19
"BE","Belgium",2005,0.16
"BE","Belgium",2006,0.18
"BE","Belgium",2007,0.17
"BE","Belgium",2008,0.19
"BE","Belgium",2009,0.2
"BE","Belgium",2010,0.31
"BE","Belgium",2011,0.2
"BE","Belgium",2012,0.14
"BE","Belgium",2013,0.16
"BE","Belgium",2014,0.16
"BE","Belgium",2015,0.13
"bmgf","Bill & Melinda Gates Foundation",2009,
"bmgf","Bill & Melinda Gates Foundation",2010,
"bmgf","Bill & Melinda Gates Foundation",2011,
"bmgf","Bill & Melinda Gates Foundation",2012,
"bmgf","Bill & Melinda Gates Foundation",2013,
"bmgf","Bill & Melinda Gates Foundation",2014,
"bmgf","Bill & Melinda Gates Foundation",2015,
"BG","Bulgaria",2011,0.03
"BG","Bulgaria",2012,0.02
"BG","Bulgaria",2013,0.03
"BG","Bulgaria",2014,0.02
"BG","Bulgaria",2015,0.02
"CA","Canada",1960,0
"CA","Canada",1961,0
"CA","Canada",1962,0
"CA","Canada",1963,0
"CA","Canada",1964,0.01
"CA","Canada",1965,0.01
"CA","Canada",1966,0.01
"CA","Canada",1967,0.01
"CA","Canada",1968,0.01
"CA","Canada",1969,0.01
"CA","Canada",1970,0.02
"CA","Canada",1971,0.04
"CA","Canada",1972,0.06
"CA","Canada",1973,0.09
"CA","Canada",1974,0.09
"CA","Canada",1975,0.16
"CA","Canada",1976,0.13
"CA","Canada",1977,0.16
"CA","Canada",1978,0.18
"CA","Canada",1979,0.17
"CA","Canada",1980,0.15
"CA","Canada",1981,0.14
"CA","Canada",1982,0.14
"CA","Canada",1983,0.15
"CA","Canada",1984,0.16
"CA","Canada",1985,0.18
"CA","Canada",1986,0.15
"CA","Canada",1987,0.16
"CA","Canada",1988,0.1
"CA","Canada",1989,0.14
"CA","Canada",1990,0.13
"CA","Canada",1991,0.12
"CA","Canada",1992,0.14
"CA","Canada",1993,0.11
"CA","Canada",1994,0.1
"CA","Canada",1995,0.08
"CA","Canada",1996,0.06
"CA","Canada",1997,0.08
"CA","Canada",1998,0.06
"CA","Canada",1999,0.06
"CA","Canada",2000,0.05
"CA","Canada",2001,0.04
"CA","Canada",2002,0.06
"CA","Canada",2003,0.08
"CA","Canada",2004,0.08
"CA","Canada",2005,0.1
"CA","Canada",2006,0.1
"CA","Canada",2007,0.11
"CA","Canada",2008,0.13
"CA","Canada",2009,0.11
"CA","Canada",2010,0.15
"CA","Canada",2011,0.11
"CA","Canada",2012,0.11
"CA","Canada",2013,0.1
"CA","Canada",2014,0.08
"CA","Canada",2015,0.1
"cardb","Caribbean Development Bank (CarDB)",2008,
"cardb","Caribbean Development Bank (CarDB)",2009,
"cardb","Caribbean Development Bank (CarDB)",2010,
"cardb","Caribbean Development Bank (CarDB)",2011,
"cardb","Caribbean Development Bank (CarDB)",2012,
"cardb","Caribbean Development Bank (CarDB)",2013,
"cardb","Caribbean Development Bank (CarDB)",2014,
"cardb","Caribbean Development Bank (CarDB)",2015,
"cif","Climate Investment Funds (CIF)",2013,
"cif","Climate Investment Funds (CIF)",2014,
"cif","Climate Investment Funds (CIF)",2015,
"HR","Croatia",2012,0
"HR","Croatia",2013,0.01
"HR","Croatia",2015,0.01
"CY","Cyprus",1999,
"CY","Cyprus",2000,
"CY","Cyprus",2001,
"CY","Cyprus",2002,
"CY","Cyprus",2003,
"CY","Cyprus",2004,
"CY","Cyprus",2005,0.02
"CY","Cyprus",2006,0.02
"CY","Cyprus",2007,0.03
"CY","Cyprus",2008,0.03
"CY","Cyprus",2009,0.04
"CY","Cyprus",2010,0.05
"CY","Cyprus",2011,0.02
"CY","Cyprus",2012,0.02
"CY","Cyprus",2013,0.02
"CY","Cyprus",2014,0
"CY","Cyprus",2015,0.02
"CZ","Czech Republic",1998,0
"CZ","Czech Republic",1999,0
"CZ","Czech Republic",2000,0.01
"CZ","Czech Republic",2001,0.01
"CZ","Czech Republic",2002,0.01
"CZ","Czech Republic",2003,0.01
"CZ","Czech Republic",2004,0.02
"CZ","Czech Republic",2005,0.02
"CZ","Czech Republic",2006,0.03
"CZ","Czech Republic",2007,0.03
"CZ","Czech Republic",2008,0.05
"CZ","Czech Republic",2009,0.04
"CZ","Czech Republic",2010,0.04
"CZ","Czech Republic",2011,0.03
"CZ","Czech Republic",2012,0.03
"CZ","Czech Republic",2013,0.03
"CZ","Czech Republic",2014,0.03
"CZ","Czech Republic",2015,0.02
"DK","Denmark",1960,0
"DK","Denmark",1965,0.01
"DK","Denmark",1966,0.02
"DK","Denmark",1967,0.01
"DK","Denmark",1968,0.03
"DK","Denmark",1969,0.06
"DK","Denmark",1970,0.07
"DK","Denmark",1971,0.07
"DK","Denmark",1972,0.08
"DK","Denmark",1973,0.1
"DK","Denmark",1974,0.13
"DK","Denmark",1975,0.21
"DK","Denmark",1976,0.2
"DK","Denmark",1977,0.24
"DK","Denmark",1978,0.28
"DK","Denmark",1979,0.31
"DK","Denmark",1980,0.38
"DK","Denmark",1981,0.32
"DK","Denmark",1982,0.36
"DK","Denmark",1983,0.32
"DK","Denmark",1984,0.36
"DK","Denmark",1985,0.35
"DK","Denmark",1986,0.36
"DK","Denmark",1987,0.34
"DK","Denmark",1988,0.27
"DK","Denmark",1989,0.43
"DK","Denmark",1990,0.37
"DK","Denmark",1991,0.35
"DK","Denmark",1992,0.37
"DK","Denmark",1993,0.37
"DK","Denmark",1994,0.34
"DK","Denmark",1995,0.3
"DK","Denmark",1996,0.34
"DK","Denmark",1997,0.29
"DK","Denmark",1998,0.33
"DK","Denmark",1999,0.35
"DK","Denmark",2000,0.36
"DK","Denmark",2001,0.36
"DK","Denmark",2002,0.33
"DK","Denmark",2003,0.34
"DK","Denmark",2004,0.33
"DK","Denmark",2005,0.32
"DK","Denmark",2006,0.32
"DK","Denmark",2007,0.34
"DK","Denmark",2008,0.32
"DK","Denmark",2009,0.35
"DK","Denmark",2010,0.35
"DK","Denmark",2011,0.32
"DK","Denmark",2012,0.31
"DK","Denmark",2013,0.27
"DK","Denmark",2014,0.26
"DK","Denmark",2015,0.2
"EE","Estonia",1999,
"EE","Estonia",2000,
"EE","Estonia",2001,
"EE","Estonia",2002,
"EE","Estonia",2003,
"EE","Estonia",2004,0.01
"EE","Estonia",2005,0.02
"EE","Estonia",2006,0.03
"EE","Estonia",2007,0.03
"EE","Estonia",2008,0
"EE","Estonia",2009,0
"EE","Estonia",2010,0.03
"EE","Estonia",2011,0.03
"EE","Estonia",2012,0.03
"EE","Estonia",2013,0.03
"EE","Estonia",2014,0.03
"EE","Estonia",2015,0.03
"EU","European Union",1960,
"EU","European Union",1961,
"EU","European Union",1962,
"EU","European Union",1963,
"EU","European Union",1964,
"EU","European Union",1965,
"EU","European Union",1966,
"EU","European Union",1967,
"EU","European Union",1968,
"EU","European Union",1969,
"EU","European Union",1970,
"EU","European Union",1971,
"EU","European Union",1972,
"EU","European Union",1973,
"EU","European Union",1974,
"EU","European Union",1975,
"EU","European Union",1976,
"EU","European Union",1977,
"EU","European Union",1978,
"EU","European Union",1979,
"EU","European Union",1980,
"EU","European Union",1981,
"EU","European Union",1982,
"EU","European Union",1983,
"EU","European Union",1984,
"EU","European Union",1985,
"EU","European Union",1986,
"EU","European Union",1987,
"EU","European Union",1988,
"EU","European Union",1989,
"EU","European Union",1990,
"EU","European Union",1991,
"EU","European Union",1992,
"EU","European Union",1993,
"EU","European Union",1994,
"EU","European Union",1995,
"EU","European Union",1996,
"EU","European Union",1997,
"EU","European Union",1998,
"EU","European Union",1999,
"EU","European Union",2000,
"EU","European Union",2001,
"EU","European Union",2002,
"EU","European Union",2003,
"EU","European Union",2004,
"EU","European Union",2005,
"EU","European Union",2006,
"EU","European Union",2007,
"EU","European Union",2008,
"EU","European Union",2009,
"EU","European Union",2010,
"EU","European Union",2011,
"EU","European Union",2012,
"EU","European Union",2013,
"EU","European Union",2014,
"EU","European Union",2015,
"FI","Finland",1971,0.01
"FI","Finland",1972,0.03
"FI","Finland",1973,0.03
"FI","Finland",1974,0.04
"FI","Finland",1975,0.08
"FI","Finland",1976,0.11
"FI","Finland",1977,0.08
"FI","Finland",1978,0.09
"FI","Finland",1979,0.1
"FI","Finland",1980,0.11
"FI","Finland",1981,0.12
"FI","Finland",1982,0.12
"FI","Finland",1983,0.14
"FI","Finland",1984,0.16
"FI","Finland",1985,0.18
"FI","Finland",1986,0.2
"FI","Finland",1987,0.22
"FI","Finland",1988,0.2
"FI","Finland",1989,0.27
"FI","Finland",1990,0.24
"FI","Finland",1991,0.27
"FI","Finland",1992,0.24
"FI","Finland",1993,0.12
"FI","Finland",1994,0.11
"FI","Finland",1995,0.08
"FI","Finland",1996,0.1
"FI","Finland",1997,0.08
"FI","Finland",1998,0.08
"FI","Finland",1999,0.1
"FI","Finland",2000,0.1
"FI","Finland",2001,0.1
"FI","Finland",2002,0.12
"FI","Finland",2003,0.12
"FI","Finland",2004,0.12
"FI","Finland",2005,0.13
"FI","Finland",2006,0.14
"FI","Finland",2007,0.15
"FI","Finland",2008,0.15
"FI","Finland",2009,0.19
"FI","Finland",2010,0.2
"FI","Finland",2011,0.17
"FI","Finland",2012,0.18
"FI","Finland",2013,0.19
"FI","Finland",2014,0.21
"FI","Finland",2015,0.18
"fao","Food and Agriculture Organisation (FAO)",2013,
"FR","France",1960,0
"FR","France",1963,0
"FR","France",1964,0.16
"FR","France",1965,0.15
"FR","France",1966,0.13
"FR","France",1967,0.15
"FR","France",1968,0.13
"FR","France",1969,0.12
"FR","France",1970,0.1
"FR","France",1971,0.09
"FR","France",1972,0.1
"FR","France",1973,0.09
"FR","France",1974,0.12
"FR","France",1975,0.13
"FR","France",1976,0.13
"FR","France",1977,0.11
"FR","France",1978,0.11
"FR","France",1979,0.12
"FR","France",1980,0.15
"FR","France",1981,0.18
"FR","France",1982,0.18
"FR","France",1983,0.16
"FR","France",1984,0.19
"FR","France",1985,0.19
"FR","France",1986,0.17
"FR","France",1987,0.18
"FR","France",1988,0.14
"FR","France",1989,0.21
"FR","France",1990,0.19
"FR","France",1991,0.17
"FR","France",1992,0.17
"FR","France",1993,0.16
"FR","France",1994,0.14
"FR","France",1995,0.11
"FR","France",1996,0.1
"FR","France",1997,0.11
"FR","France",1998,0.08
"FR","France",1999,0.1
"FR","France",2000,0.09
"FR","France",2001,0.09
"FR","France",2002,0.13
"FR","France",2003,0.17
"FR","France",2004,0.17
"FR","France",2005,0.11
"FR","France",2006,0.12
"FR","France",2007,0.11
"FR","France",2008,0.11
"FR","France",2009,0.12
"FR","France",2010,0.14
"FR","France",2011,0.13
"FR","France",2012,0.1
"FR","France",2013,0.12
"FR","France",2014,0.09
"FR","France",2015,0.1
"DE","Germany",1960,0.01
"DE","Germany",1961,0.02
"DE","Germany",1962,0.07
"DE","Germany",1963,0.06
"DE","Germany",1964,0.04
"DE","Germany",1965,0.06
"DE","Germany",1966,0.06
"DE","Germany",1967,0.04
"DE","Germany",1968,0.03
"DE","Germany",1969,0.04
"DE","Germany",1970,0.03
"DE","Germany",1971,0.03
"DE","Germany",1972,0.03
"DE","Germany",1973,0.05
"DE","Germany",1974,0.06
"DE","Germany",1975,0.1
"DE","Germany",1976,0.1
"DE","Germany",1977,0.1
"DE","Germany",1978,0.11
"DE","Germany",1979,0.14
"DE","Germany",1980,0.16
"DE","Germany",1981,0.15
"DE","Germany",1982,0.15
"DE","Germany",1983,0.16
"DE","Germany",1984,0.15
"DE","Germany",1985,0.14
"DE","Germany",1986,0.12
"DE","Germany",1987,0.12
"DE","Germany",1988,0.09
"DE","Germany",1989,0.12
"DE","Germany",1990,0.12
"DE","Germany",1991,0.09
"DE","Germany",1992,0.09
"DE","Germany",1993,0.09
"DE","Germany",1994,0.08
"DE","Germany",1995,0.07
"DE","Germany",1996,0.07
"DE","Germany",1997,0.06
"DE","Germany",1998,0.06
"DE","Germany",1999,0.07
"DE","Germany",2000,0.07
"DE","Germany",2001,0.07
"DE","Germany",2002,0.07
"DE","Germany",2003,0.11
"DE","Germany",2004,0.09
"DE","Germany",2005,0.07
"DE","Germany",2006,0.09
"DE","Germany",2007,0.09
"DE","Germany",2008,0.1
"DE","Germany",2009,0.1
"DE","Germany",2010,0.11
"DE","Germany",2011,0.1
"DE","Germany",2012,0.11
"DE","Germany",2013,0.09
"DE","Germany",2014,0.1
"DE","Germany",2015,0.08
"gavi","Global Alliance for Vaccines and Immunization (GAVI)",2007,
"gavi","Global Alliance for Vaccines and Immunization (GAVI)",2008,
"gavi","Global Alliance for Vaccines and Immunization (GAVI)",2009,
"gavi","Global Alliance for Vaccines and Immunization (GAVI)",2010,
"gavi","Global Alliance for Vaccines and Immunization (GAVI)",2011,
"gavi","Global Alliance for Vaccines and Immunization (GAVI)",2012,
"gavi","Global Alliance for Vaccines and Immunization (GAVI)",2013,
"gavi","Global Alliance for Vaccines and Immunization (GAVI)",2014,
"gavi","Global Alliance for Vaccines and Immunization (GAVI)",2015,
"gef","Global Environment Facility (GEF)",1992,
"gef","Global Environment Facility (GEF)",1993,
"gef","Global Environment Facility (GEF)",1994,
"gef","Global Environment Facility (GEF)",1995,
"gef","Global Environment Facility (GEF)",1996,
"gef","Global Environment Facility (GEF)",1997,
"gef","Global Environment Facility (GEF)",1998,
"gef","Global Environment Facility (GEF)",1999,
"gef","Global Environment Facility (GEF)",2000,
"gef","Global Environment Facility (GEF)",2001,
"gef","Global Environment Facility (GEF)",2002,
"gef","Global Environment Facility (GEF)",2003,
"gef","Global Environment Facility (GEF)",2004,
"gef","Global Environment Facility (GEF)",2005,
"gef","Global Environment Facility (GEF)",2006,
"gef","Global Environment Facility (GEF)",2007,
"gef","Global Environment Facility (GEF)",2008,
"gef","Global Environment Facility (GEF)",2009,
"gef","Global Environment Facility (GEF)",2010,
"gef","Global Environment Facility (GEF)",2011,
"gef","Global Environment Facility (GEF)",2012,
"gef","Global Environment Facility (GEF)",2013,
"gef","Global Environment Facility (GEF)",2014,
"gef","Global Environment Facility (GEF)",2015,
"global-fund","Global Fund",2003,
"global-fund","Global Fund",2004,
"global-fund","Global Fund",2005,
"global-fund","Global Fund",2006,
"global-fund","Global Fund",2007,
"global-fund","Global Fund",2008,
"global-fund","Global Fund",2009,
"global-fund","Global Fund",2010,
"global-fund","Global Fund",2011,
"global-fund","Global Fund",2012,
"global-fund","Global Fund",2013,
"global-fund","Global Fund",2014,
"global-fund","Global Fund",2015,
"gggi","Global Green Growth Institute (GGGI)",2013,
"gggi","Global Green Growth Institute (GGGI)",2014,
"gggi","Global Green Growth Institute (GGGI)",2015,
"GR","Greece",1996,0.01
"GR","Greece",1997,0.01
"GR","Greece",1998,0.01
"GR","Greece",1999,0.02
"GR","Greece",2000,0.03
"GR","Greece",2001,0.03
"GR","Greece",2002,0.04
"GR","Greece",2003,0.03
"GR","Greece",2004,0.03
"GR","Greece",2005,0.04
"GR","Greece",2006,0.04
"GR","Greece",2007,0.04
"GR","Greece",2008,0.05
"GR","Greece",2009,0.04
"GR","Greece",2010,0.04
"GR","Greece",2011,0.02
"GR","Greece",2012,0.02
"GR","Greece",2013,0.02
"GR","Greece",2014,0.02
"GR","Greece",2015,0.02
"HU","Hungary",1976,
"HU","Hungary",1977,
"HU","Hungary",1978,
"HU","Hungary",1979,
"HU","Hungary",1980,
"HU","Hungary",1981,
"HU","Hungary",1982,
"HU","Hungary",1983,
"HU","Hungary",1984,
"HU","Hungary",1985,
"HU","Hungary",1986,
"HU","Hungary",1987,
"HU","Hungary",1988,
"HU","Hungary",1989,
"HU","Hungary",1990,
"HU","Hungary",1991,
"HU","Hungary",1992,
"HU","Hungary",1999,
"HU","Hungary",2000,
"HU","Hungary",2001,
"HU","Hungary",2002,
"HU","Hungary",2003,0
"HU","Hungary",2004,0.01
"HU","Hungary",2005,0.04
"HU","Hungary",2006,0.02
"HU","Hungary",2007,0.04
"HU","Hungary",2008,0.02
"HU","Hungary",2009,0.03
"HU","Hungary",2010,0.03
"HU","Hungary",2011,0.02
"HU","Hungary",2012,0.02
"HU","Hungary",2013,0.02
"HU","Hungary",2014,0.02
"HU","Hungary",2015,0.02
"IS","Iceland",1992,0.01
"IS","Iceland",1994,0.01
"IS","Iceland",1997,0
"IS","Iceland",1998,0
"IS","Iceland",1999,0.03
"IS","Iceland",2000,0.04
"IS","Iceland",2001,0.07
"IS","Iceland",2002,0.05
"IS","Iceland",2003,0.05
"IS","Iceland",2004,0.05
"IS","Iceland",2005,0.07
"IS","Iceland",2006,0.12
"IS","Iceland",2007,0.11
"IS","Iceland",2008,0.19
"IS","Iceland",2009,0.14
"IS","Iceland",2010,0.14
"IS","Iceland",2011,0.1
"IS","Iceland",2012,0.1
"IS","Iceland",2013,0.12
"IS","Iceland",2014,0.09
"IS","Iceland",2015,0.1
"idb-special-fund","IDB Special Fund",1960,
"idb-special-fund","IDB Special Fund",1961,
"idb-special-fund","IDB Special Fund",1962,
"idb-special-fund","IDB Special Fund",1963,
"idb-special-fund","IDB Special Fund",1964,
"idb-special-fund","IDB Special Fund",1965,
"idb-special-fund","IDB Special Fund",1966,
"idb-special-fund","IDB Special Fund",1967,
"idb-special-fund","IDB Special Fund",1969,
"idb-special-fund","IDB Special Fund",1970,
"idb-special-fund","IDB Special Fund",1971,
"idb-special-fund","IDB Special Fund",1972,
"idb-special-fund","IDB Special Fund",1973,
"idb-special-fund","IDB Special Fund",1974,
"idb-special-fund","IDB Special Fund",1975,
"idb-special-fund","IDB Special Fund",1976,
"idb-special-fund","IDB Special Fund",1977,
"idb-special-fund","IDB Special Fund",1978,
"idb-special-fund","IDB Special Fund",1979,
"idb-special-fund","IDB Special Fund",1980,
"idb-special-fund","IDB Special Fund",1981,
"idb-special-fund","IDB Special Fund",1982,
"idb-special-fund","IDB Special Fund",1983,
"idb-special-fund","IDB Special Fund",1984,
"idb-special-fund","IDB Special Fund",1985,
"idb-special-fund","IDB Special Fund",1986,
"idb-special-fund","IDB Special Fund",1987,
"idb-special-fund","IDB Special Fund",1988,
"idb-special-fund","IDB Special Fund",1989,
"idb-special-fund","IDB Special Fund",1990,
"idb-special-fund","IDB Special Fund",1991,
"idb-special-fund","IDB Special Fund",1992,
"idb-special-fund","IDB Special Fund",1993,
"idb-special-fund","IDB Special Fund",1994,
"idb-special-fund","IDB Special Fund",1995,
"idb-special-fund","IDB Special Fund",1996,
"idb-special-fund","IDB Special Fund",1997,
"idb-special-fund","IDB Special Fund",1998,
"idb-special-fund","IDB Special Fund",1999,
"idb-special-fund","IDB Special Fund",2000,
"idb-special-fund","IDB Special Fund",2001,
"idb-special-fund","IDB Special Fund",2002,
"idb-special-fund","IDB Special Fund",2003,
"idb-special-fund","IDB Special Fund",2004,
"idb-special-fund","IDB Special Fund",2005,
"idb-special-fund","IDB Special Fund",2006,
"idb-special-fund","IDB Special Fund",2007,
"idb-special-fund","IDB Special Fund",2008,
"idb-special-fund","IDB Special Fund",2009,
"idb-special-fund","IDB Special Fund",2010,
"idb-special-fund","IDB Special Fund",2011,
"idb-special-fund","IDB Special Fund",2012,
"idb-special-fund","IDB Special Fund",2013,
"idb-special-fund","IDB Special Fund",2014,
"idb-special-fund","IDB Special Fund",2015,
"imf-concessional-trust-funds","IMF Concessional Trust Funds",1986,
"imf-concessional-trust-funds","IMF Concessional Trust Funds",1987,
"imf-concessional-trust-funds","IMF Concessional Trust Funds",1988,
"imf-concessional-trust-funds","IMF Concessional Trust Funds",1989,
"imf-concessional-trust-funds","IMF Concessional Trust Funds",1990,
"imf-concessional-trust-funds","IMF Concessional Trust Funds",1991,
"imf-concessional-trust-funds","IMF Concessional Trust Funds",1992,
"imf-concessional-trust-funds","IMF Concessional Trust Funds",1993,
"imf-concessional-trust-funds","IMF Concessional Trust Funds",1994,
"imf-concessional-trust-funds","IMF Concessional Trust Funds",1995,
"imf-concessional-trust-funds","IMF Concessional Trust Funds",1996,
"imf-concessional-trust-funds","IMF Concessional Trust Funds",1997,
"imf-concessional-trust-funds","IMF Concessional Trust Funds",1998,
"imf-concessional-trust-funds","IMF Concessional Trust Funds",1999,
"imf-concessional-trust-funds","IMF Concessional Trust Funds",2000,
"imf-concessional-trust-funds","IMF Concessional Trust Funds",2001,
"imf-concessional-trust-funds","IMF Concessional Trust Funds",2002,
"imf-concessional-trust-funds","IMF Concessional Trust Funds",2003,
"imf-concessional-trust-funds","IMF Concessional Trust Funds",2004,
"imf-concessional-trust-funds","IMF Concessional Trust Funds",2005,
"imf-concessional-trust-funds","IMF Concessional Trust Funds",2006,
"imf-concessional-trust-funds","IMF Concessional Trust Funds",2007,
"imf-concessional-trust-funds","IMF Concessional Trust Funds",2008,
"imf-concessional-trust-funds","IMF Concessional Trust Funds",2009,
"imf-concessional-trust-funds","IMF Concessional Trust Funds",2010,
"imf-concessional-trust-funds","IMF Concessional Trust Funds",2011,
"imf-concessional-trust-funds","IMF Concessional Trust Funds",2012,
"imf-concessional-trust-funds","IMF Concessional Trust Funds",2013,
"imf-concessional-trust-funds","IMF Concessional Trust Funds",2014,
"imf-concessional-trust-funds","IMF Concessional Trust Funds",2015,
"iaea","International Atomic Energy Agency (IAEA)",2006,
"iaea","International Atomic Energy Agency (IAEA)",2007,
"iaea","International Atomic Energy Agency (IAEA)",2008,
"iaea","International Atomic Energy Agency (IAEA)",2009,
"iaea","International Atomic Energy Agency (IAEA)",2010,
"iaea","International Atomic Energy Agency (IAEA)",2011,
"iaea","International Atomic Energy Agency (IAEA)",2012,
"iaea","International Atomic Energy Agency (IAEA)",2013,
"iaea","International Atomic Energy Agency (IAEA)",2014,
"iaea","International Atomic Energy Agency (IAEA)",2015,
"ibrd","International Bank for Reconstruction and Development (IBRD)",1976,
"ibrd","International Bank for Reconstruction and Development (IBRD)",1977,
"ibrd","International Bank for Reconstruction and Development (IBRD)",1978,
"ibrd","International Bank for Reconstruction and Development (IBRD)",1979,
"ibrd","International Bank for Reconstruction and Development (IBRD)",1980,
"ibrd","International Bank for Reconstruction and Development (IBRD)",1981,
"ibrd","International Bank for Reconstruction and Development (IBRD)",1982,
"ibrd","International Bank for Reconstruction and Development (IBRD)",1983,
"ibrd","International Bank for Reconstruction and Development (IBRD)",1984,
"ibrd","International Bank for Reconstruction and Development (IBRD)",1985,
"ibrd","International Bank for Reconstruction and Development (IBRD)",1986,
"ibrd","International Bank for Reconstruction and Development (IBRD)",1987,
"ida","International Development Association (IDA)",1960,
"ida","International Development Association (IDA)",1961,
"ida","International Development Association (IDA)",1962,
"ida","International Development Association (IDA)",1963,
"ida","International Development Association (IDA)",1964,
"ida","International Development Association (IDA)",1965,
"ida","International Development Association (IDA)",1966,
"ida","International Development Association (IDA)",1967,
"ida","International Development Association (IDA)",1968,
"ida","International Development Association (IDA)",1969,
"ida","International Development Association (IDA)",1970,
"ida","International Development Association (IDA)",1971,
"ida","International Development Association (IDA)",1972,
"ida","International Development Association (IDA)",1973,
"ida","International Development Association (IDA)",1974,
"ida","International Development Association (IDA)",1975,
"ida","International Development Association (IDA)",1976,
"ida","International Development Association (IDA)",1977,
"ida","International Development Association (IDA)",1978,
"ida","International Development Association (IDA)",1979,
"ida","International Development Association (IDA)",1980,
"ida","International Development Association (IDA)",1981,
"ida","International Development Association (IDA)",1982,
"ida","International Development Association (IDA)",1983,
"ida","International Development Association (IDA)",1984,
"ida","International Development Association (IDA)",1985,
"ida","International Development Association (IDA)",1986,
"ida","International Development Association (IDA)",1987,
"ida","International Development Association (IDA)",1988,
"ida","International Development Association (IDA)",1989,
"ida","International Development Association (IDA)",1990,
"ida","International Development Association (IDA)",1991,
"ida","International Development Association (IDA)",1992,
"ida","International Development Association (IDA)",1993,
"ida","International Development Association (IDA)",1994,
"ida","International Development Association (IDA)",1995,
"ida","International Development Association (IDA)",1996,
"ida","International Development Association (IDA)",1997,
"ida","International Development Association (IDA)",1998,
"ida","International Development Association (IDA)",1999,
"ida","International Development Association (IDA)",2000,
"ida","International Development Association (IDA)",2001,
"ida","International Development Association (IDA)",2002,
"ida","International Development Association (IDA)",2003,
"ida","International Development Association (IDA)",2004,
"ida","International Development Association (IDA)",2005,
"ida","International Development Association (IDA)",2006,
"ida","International Development Association (IDA)",2007,
"ida","International Development Association (IDA)",2008,
"ida","International Development Association (IDA)",2009,
"ida","International Development Association (IDA)",2010,
"ida","International Development Association (IDA)",2011,
"ida","International Development Association (IDA)",2012,
"ida","International Development Association (IDA)",2013,
"ida","International Development Association (IDA)",2014,
"ida","International Development Association (IDA)",2015,
"ifad","International Fund for Agricultural Development (IFAD)",1979,
"ifad","International Fund for Agricultural Development (IFAD)",1980,
"ifad","International Fund for Agricultural Development (IFAD)",1981,
"ifad","International Fund for Agricultural Development (IFAD)",1982,
"ifad","International Fund for Agricultural Development (IFAD)",1983,
"ifad","International Fund for Agricultural Development (IFAD)",1984,
"ifad","International Fund for Agricultural Development (IFAD)",1985,
"ifad","International Fund for Agricultural Development (IFAD)",1986,
"ifad","International Fund for Agricultural Development (IFAD)",1987,
"ifad","International Fund for Agricultural Development (IFAD)",1988,
"ifad","International Fund for Agricultural Development (IFAD)",1989,
"ifad","International Fund for Agricultural Development (IFAD)",1990,
"ifad","International Fund for Agricultural Development (IFAD)",1991,
"ifad","International Fund for Agricultural Development (IFAD)",1992,
"ifad","International Fund for Agricultural Development (IFAD)",1993,
"ifad","International Fund for Agricultural Development (IFAD)",1994,
"ifad","International Fund for Agricultural Development (IFAD)",1995,
"ifad","International Fund for Agricultural Development (IFAD)",1996,
"ifad","International Fund for Agricultural Development (IFAD)",1997,
"ifad","International Fund for Agricultural Development (IFAD)",1998,
"ifad","International Fund for Agricultural Development (IFAD)",1999,
"ifad","International Fund for Agricultural Development (IFAD)",2000,
"ifad","International Fund for Agricultural Development (IFAD)",2001,
"ifad","International Fund for Agricultural Development (IFAD)",2002,
"ifad","International Fund for Agricultural Development (IFAD)",2003,
"ifad","International Fund for Agricultural Development (IFAD)",2004,
"ifad","International Fund for Agricultural Development (IFAD)",2005,
"ifad","International Fund for Agricultural Development (IFAD)",2006,
"ifad","International Fund for Agricultural Development (IFAD)",2007,
"ifad","International Fund for Agricultural Development (IFAD)",2008,
"ifad","International Fund for Agricultural Development (IFAD)",2009,
"ifad","International Fund for Agricultural Development (IFAD)",2010,
"ifad","International Fund for Agricultural Development (IFAD)",2011,
"ifad","International Fund for Agricultural Development (IFAD)",2012,
"ifad","International Fund for Agricultural Development (IFAD)",2013,
"ifad","International Fund for Agricultural Development (IFAD)",2014,
"ifad","International Fund for Agricultural Development (IFAD)",2015,
"international-labour-organisation","International Labour Organisation (ILO)",2012,
"international-labour-organisation","International Labour Organisation (ILO)",2013,
"international-labour-organisation","International Labour Organisation (ILO)",2014,
"international-labour-organisation","International Labour Organisation (ILO)",2015,
"IE","Ireland",1974,0
"IE","Ireland",1975,0
"IE","Ireland",1976,0.01
"IE","Ireland",1977,0.01
"IE","Ireland",1978,0.02
"IE","Ireland",1979,0.02
"IE","Ireland",1980,0.03
"IE","Ireland",1981,0.04
"IE","Ireland",1982,0.04
"IE","Ireland",1983,0.09
"IE","Ireland",1984,0.1
"IE","Ireland",1985,0.09
"IE","Ireland",1986,0.11
"IE","Ireland",1987,0.07
"IE","Ireland",1988,0.06
"IE","Ireland",1989,0.07
"IE","Ireland",1990,0.06
"IE","Ireland",1991,0.05
"IE","Ireland",1992,0.06
"IE","Ireland",1993,0.08
"IE","Ireland",1994,0.1
"IE","Ireland",1995,0.12
"IE","Ireland",1996,0.13
"IE","Ireland",1997,0.15
"IE","Ireland",1998,0.14
"IE","Ireland",1999,0.14
"IE","Ireland",2000,0.15
"IE","Ireland",2001,0.18
"IE","Ireland",2002,0.23
"IE","Ireland",2003,0.22
"IE","Ireland",2004,0.22
"IE","Ireland",2005,0.21
"IE","Ireland",2006,0.28
"IE","Ireland",2007,0.28
"IE","Ireland",2008,0.3
"IE","Ireland",2009,0.28
"IE","Ireland",2010,0.29
"IE","Ireland",2011,0.27
"IE","Ireland",2012,0.24
"IE","Ireland",2013,0.23
"IE","Ireland",2014,0.18
"IE","Ireland",2015,0.15
"islamic-dev-bank","Islamic Development Bank (IsDB)",1978,
"islamic-dev-bank","Islamic Development Bank (IsDB)",1979,
"islamic-dev-bank","Islamic Development Bank (IsDB)",1980,
"islamic-dev-bank","Islamic Development Bank (IsDB)",1981,
"islamic-dev-bank","Islamic Development Bank (IsDB)",1982,
"islamic-dev-bank","Islamic Development Bank (IsDB)",1983,
"islamic-dev-bank","Islamic Development Bank (IsDB)",1984,
"islamic-dev-bank","Islamic Development Bank (IsDB)",1985,
"islamic-dev-bank","Islamic Development Bank (IsDB)",1986,
"islamic-dev-bank","Islamic Development Bank (IsDB)",1987,
"islamic-dev-bank","Islamic Development Bank (IsDB)",1988,
"islamic-dev-bank","Islamic Development Bank (IsDB)",1989,
"islamic-dev-bank","Islamic Development Bank (IsDB)",1990,
"islamic-dev-bank","Islamic Development Bank (IsDB)",1991,
"islamic-dev-bank","Islamic Development Bank (IsDB)",1992,
"islamic-dev-bank","Islamic Development Bank (IsDB)",1993,
"islamic-dev-bank","Islamic Development Bank (IsDB)",1994,
"islamic-dev-bank","Islamic Development Bank (IsDB)",1999,
"islamic-dev-bank","Islamic Development Bank (IsDB)",2000,
"islamic-dev-bank","Islamic Development Bank (IsDB)",2001,
"islamic-dev-bank","Islamic Development Bank (IsDB)",2002,
"islamic-dev-bank","Islamic Development Bank (IsDB)",2003,
"islamic-dev-bank","Islamic Development Bank (IsDB)",2004,
"islamic-dev-bank","Islamic Development Bank (IsDB)",2005,
"islamic-dev-bank","Islamic Development Bank (IsDB)",2006,
"islamic-dev-bank","Islamic Development Bank (IsDB)",2007,
"islamic-dev-bank","Islamic Development Bank (IsDB)",2008,
"islamic-dev-bank","Islamic Development Bank (IsDB)",2009,
"islamic-dev-bank","Islamic Development Bank (IsDB)",2010,
"islamic-dev-bank","Islamic Development Bank (IsDB)",2011,
"islamic-dev-bank","Islamic Development Bank (IsDB)",2012,
"islamic-dev-bank","Islamic Development Bank (IsDB)",2013,
"islamic-dev-bank","Islamic Development Bank (IsDB)",2014,
"islamic-dev-bank","Islamic Development Bank (IsDB)",2015,
"IL","Israel",1997,
"IL","Israel",1998,
"IL","Israel",1999,
"IL","Israel",2000,
"IL","Israel",2001,0.02
"IL","Israel",2002,0.03
"IL","Israel",2003,0.03
"IL","Israel",2004,0.02
"IL","Israel",2005,0.02
"IL","Israel",2006,0.02
"IL","Israel",2007,0.02
"IL","Israel",2008,0.02
"IL","Israel",2009,0.02
"IL","Israel",2010,0.02
"IL","Israel",2011,0
"IL","Israel",2012,0
"IL","Israel",2013,0
"IL","Israel",2014,0
"IL","Israel",2015,0
"IT","Italy",1960,0.05
"IT","Italy",1961,0.05
"IT","Italy",1962,0.03
"IT","Italy",1963,0.04
"IT","Italy",1964,0.02
"IT","Italy",1965,0.03
"IT","Italy",1966,0.01
"IT","Italy",1967,0.05
"IT","Italy",1968,0.07
"IT","Italy",1969,0.02
"IT","Italy",1970,0.02
"IT","Italy",1971,0.02
"IT","Italy",1972,0.01
"IT","Italy",1973,0.01
"IT","Italy",1974,0.01
"IT","Italy",1975,0.03
"IT","Italy",1976,0.03
"IT","Italy",1977,0.03
"IT","Italy",1978,0.05
"IT","Italy",1979,0.03
"IT","Italy",1980,0.07
"IT","Italy",1981,0.07
"IT","Italy",1982,0.08
"IT","Italy",1983,0.09
"IT","Italy",1984,0.14
"IT","Italy",1985,0.11
"IT","Italy",1986,0.2
"IT","Italy",1987,0.18
"IT","Italy",1988,0.16
"IT","Italy",1989,0.17
"IT","Italy",1990,0.13
"IT","Italy",1991,0.06
"IT","Italy",1992,0.09
"IT","Italy",1993,0.08
"IT","Italy",1994,0.05
"IT","Italy",1995,0.04
"IT","Italy",1996,0.04
"IT","Italy",1997,0.03
"IT","Italy",1998,0.07
"IT","Italy",1999,0.05
"IT","Italy",2000,0.05
"IT","Italy",2001,0.05
"IT","Italy",2002,0.1
"IT","Italy",2003,0.08
"IT","Italy",2004,0.05
"IT","Italy",2005,0.08
"IT","Italy",2006,0.04
"IT","Italy",2007,0.06
"IT","Italy",2008,0.07
"IT","Italy",2009,0.05
"IT","Italy",2010,0.06
"IT","Italy",2011,0.07
"IT","Italy",2012,0.04
"IT","Italy",2013,0.05
"IT","Italy",2014,0.04
"IT","Italy",2015,0.05
"JP","Japan",1960,0.05
"JP","Japan",1961,0.03
"JP","Japan",1962,0.04
"JP","Japan",1963,0.04
"JP","Japan",1964,0.02
"JP","Japan",1965,0.01
"JP","Japan",1966,0.01
"JP","Japan",1967,0.01
"JP","Japan",1968,0.01
"JP","Japan",1969,0.01
"JP","Japan",1970,0.01
"JP","Japan",1971,0.02
"JP","Japan",1972,0.02
"JP","Japan",1973,0.03
"JP","Japan",1974,0.03
"JP","Japan",1975,0.04
"JP","Japan",1976,0.04
"JP","Japan",1977,0.05
"JP","Japan",1978,0.07
"JP","Japan",1979,0.1
"JP","Japan",1980,0.11
"JP","Japan",1981,0.08
"JP","Japan",1982,0.08
"JP","Japan",1983,0.08
"JP","Japan",1984,0.09
"JP","Japan",1985,0.08
"JP","Japan",1986,0.09
"JP","Japan",1987,0.08
"JP","Japan",1988,0.05
"JP","Japan",1989,0.07
"JP","Japan",1990,0.06
"JP","Japan",1991,0.05
"JP","Japan",1992,0.05
"JP","Japan",1993,0.05
"JP","Japan",1994,0.05
"JP","Japan",1995,0.05
"JP","Japan",1996,0.03
"JP","Japan",1997,0.04
"JP","Japan",1998,0.04
"JP","Japan",1999,0.04
"JP","Japan",2000,0.06
"JP","Japan",2001,0.05
"JP","Japan",2002,0.05
"JP","Japan",2003,0.05
"JP","Japan",2004,0.04
"JP","Japan",2005,0.05
"JP","Japan",2006,0.07
"JP","Japan",2007,0.06
"JP","Japan",2008,0.05
"JP","Japan",2009,0.06
"JP","Japan",2010,0.08
"JP","Japan",2011,0.07
"JP","Japan",2012,0.08
"JP","Japan",2013,0.13
"JP","Japan",2014,0.08
"JP","Japan",2015,0.08
"unaids","Joint United Nations Programme on HIV/AIDS (UNAIDS)",2005,
"unaids","Joint United Nations Programme on HIV/AIDS (UNAIDS)",2006,
"unaids","Joint United Nations Programme on HIV/AIDS (UNAIDS)",2007,
"unaids","Joint United Nations Programme on HIV/AIDS (UNAIDS)",2008,
"unaids","Joint United Nations Programme on HIV/AIDS (UNAIDS)",2009,
"unaids","Joint United Nations Programme on HIV/AIDS (UNAIDS)",2010,
"unaids","Joint United Nations Programme on HIV/AIDS (UNAIDS)",2011,
"unaids","Joint United Nations Programme on HIV/AIDS (UNAIDS)",2012,
"unaids","Joint United Nations Programme on HIV/AIDS (UNAIDS)",2013,
"unaids","Joint United Nations Programme on HIV/AIDS (UNAIDS)",2014,
"unaids","Joint United Nations Programme on HIV/AIDS (UNAIDS)",2015,
"KZ","Kazakhstan",2013,0
"KZ","Kazakhstan",2014,0.01
"KZ","Kazakhstan",2015,0.01
"KR","Korea",1987,0
"KR","Korea",1988,0
"KR","Korea",1989,0
"KR","Korea",1990,0
"KR","Korea",1991,0
"KR","Korea",1992,0
"KR","Korea",1993,0
"KR","Korea",1994,0
"KR","Korea",1995,0
"KR","Korea",1996,0
"KR","Korea",1997,0
"KR","Korea",1998,0.01
"KR","Korea",1999,0.02
"KR","Korea",2000,0.01
"KR","Korea",2001,0.01
"KR","Korea",2002,0.01
"KR","Korea",2003,0.02
"KR","Korea",2004,0.02
"KR","Korea",2005,0.03
"KR","Korea",2006,0.01
"KR","Korea",2007,0.02
"KR","Korea",2008,0.03
"KR","Korea",2009,0.03
"KR","Korea",2010,0.04
"KR","Korea",2011,0.04
"KR","Korea",2012,0.05
"KR","Korea",2013,0.05
"KR","Korea",2014,0.05
"KR","Korea",2015,0.05
"KW","Kuwait",1970,
"KW","Kuwait",1971,
"KW","Kuwait",1972,
"KW","Kuwait",1973,
"KW","Kuwait",1974,
"KW","Kuwait",1975,
"KW","Kuwait",1976,
"KW","Kuwait",1977,
"KW","Kuwait",1978,
"KW","Kuwait",1979,
"KW","Kuwait",1980,
"KW","Kuwait",1981,
"KW","Kuwait",1982,
"KW","Kuwait",1983,
"KW","Kuwait",1984,
"KW","Kuwait",1985,
"KW","Kuwait",1986,
"KW","Kuwait",1987,
"KW","Kuwait",1988,
"KW","Kuwait",1989,
"KW","Kuwait",1990,
"KW","Kuwait",1991,
"KW","Kuwait",1992,
"KW","Kuwait",1993,
"KW","Kuwait",1994,
"KW","Kuwait",1995,
"KW","Kuwait",1996,
"KW","Kuwait",1997,
"KW","Kuwait",1998,
"KW","Kuwait",1999,
"KW","Kuwait",2000,
"KW","Kuwait",2001,
"KW","Kuwait",2002,
"KW","Kuwait",2003,
"KW","Kuwait",2004,
"KW","Kuwait",2005,
"KW","Kuwait",2006,
"KW","Kuwait",2007,
"KW","Kuwait",2008,
"KW","Kuwait",2009,
"KW","Kuwait",2010,
"KW","Kuwait",2011,
"KW","Kuwait",2012,
"KW","Kuwait",2013,
"KW","Kuwait",2014,
"KW","Kuwait",2015,
"LV","Latvia",1999,
"LV","Latvia",2000,
"LV","Latvia",2001,
"LV","Latvia",2002,
"LV","Latvia",2003,0
"LV","Latvia",2004,0
"LV","Latvia",2005,0.02
"LV","Latvia",2006,0.02
"LV","Latvia",2007,0.02
"LV","Latvia",2008,0
"LV","Latvia",2009,0
"LV","Latvia",2010,0
"LV","Latvia",2011,0
"LV","Latvia",2012,0.02
"LV","Latvia",2013,0.02
"LV","Latvia",2014,0.02
"LV","Latvia",2015,0.02
"LI","Liechtenstein",1999,
"LI","Liechtenstein",2000,
"LI","Liechtenstein",2001,
"LI","Liechtenstein",2002,
"LI","Liechtenstein",2003,
"LI","Liechtenstein",2004,
"LI","Liechtenstein",2005,
"LI","Liechtenstein",2006,
"LI","Liechtenstein",2007,0.01
"LI","Liechtenstein",2008,0
"LI","Liechtenstein",2009,0
"LI","Liechtenstein",2010,0
"LT","Lithuania",1999,
"LT","Lithuania",2000,
"LT","Lithuania",2001,
"LT","Lithuania",2002,
"LT","Lithuania",2003,0
"LT","Lithuania",2004,0.01
"LT","Lithuania",2005,0.02
"LT","Lithuania",2006,0.03
"LT","Lithuania",2007,0.06
"LT","Lithuania",2008,0.05
"LT","Lithuania",2009,0.04
"LT","Lithuania",2010,0.06
"LT","Lithuania",2011,0.05
"LT","Lithuania",2012,0.06
"LT","Lithuania",2013,0.04
"LT","Lithuania",2014,0.02
"LT","Lithuania",2015,0.03
"LU","Luxembourg",1990,0.08
"LU","Luxembourg",1991,0.09
"LU","Luxembourg",1992,0.08
"LU","Luxembourg",1993,0.1
"LU","Luxembourg",1994,0.09
"LU","Luxembourg",1995,0.12
"LU","Luxembourg",1996,0.1
"LU","Luxembourg",1997,0.13
"LU","Luxembourg",1998,0.14
"LU","Luxembourg",1999,0.17
"LU","Luxembourg",2000,0.22
"LU","Luxembourg",2001,0.24
"LU","Luxembourg",2002,0.28
"LU","Luxembourg",2003,0.27
"LU","Luxembourg",2004,0.26
"LU","Luxembourg",2005,0.28
"LU","Luxembourg",2006,0.34
"LU","Luxembourg",2007,0.36
"LU","Luxembourg",2008,0.38
"LU","Luxembourg",2009,0.38
"LU","Luxembourg",2010,0.4
"LU","Luxembourg",2011,0.36
"LU","Luxembourg",2012,0.37
"LU","Luxembourg",2013,0.38
"LU","Luxembourg",2014,0.43
"LU","Luxembourg",2015,0.4
"MT","Malta",1999,
"MT","Malta",2000,
"MT","Malta",2001,
"MT","Malta",2002,
"MT","Malta",2003,
"MT","Malta",2004,
"MT","Malta",2005,
"MT","Malta",2006,
"MT","Malta",2007,
"MT","Malta",2008,
"MT","Malta",2009,0
"MT","Malta",2010,0
"MT","Malta",2012,0.02
"MT","Malta",2013,0.02
"MT","Malta",2014,0.02
"MT","Malta",2015,0.02
"NL","Netherlands",1965,0
"NL","Netherlands",1967,0.01
"NL","Netherlands",1968,0
"NL","Netherlands",1969,0
"NL","Netherlands",1970,0.02
"NL","Netherlands",1971,0.02
"NL","Netherlands",1972,0.03
"NL","Netherlands",1973,0.03
"NL","Netherlands",1974,0.07
"NL","Netherlands",1975,0.16
"NL","Netherlands",1976,0.19
"NL","Netherlands",1977,0.23
"NL","Netherlands",1978,0.25
"NL","Netherlands",1979,0.29
"NL","Netherlands",1980,0.33
"NL","Netherlands",1981,0.36
"NL","Netherlands",1982,0.36
"NL","Netherlands",1983,0.29
"NL","Netherlands",1984,0.37
"NL","Netherlands",1985,0.3
"NL","Netherlands",1986,0.35
"NL","Netherlands",1987,0.34
"NL","Netherlands",1988,0.25
"NL","Netherlands",1989,0.31
"NL","Netherlands",1990,0.3
"NL","Netherlands",1991,0.22
"NL","Netherlands",1992,0.25
"NL","Netherlands",1993,0.22
"NL","Netherlands",1994,0.21
"NL","Netherlands",1995,0.23
"NL","Netherlands",1996,0.23
"NL","Netherlands",1997,0.22
"NL","Netherlands",1998,0.21
"NL","Netherlands",1999,0.18
"NL","Netherlands",2000,0.22
"NL","Netherlands",2001,0.26
"NL","Netherlands",2002,0.3
"NL","Netherlands",2003,0.29
"NL","Netherlands",2004,0.3
"NL","Netherlands",2005,0.27
"NL","Netherlands",2006,0.2
"NL","Netherlands",2007,0.24
"NL","Netherlands",2008,0.24
"NL","Netherlands",2009,0.21
"NL","Netherlands",2010,0.24
"NL","Netherlands",2011,0.17
"NL","Netherlands",2012,0.15
"NL","Netherlands",2013,0.17
"NL","Netherlands",2014,0.13
"NL","Netherlands",2015,0.14
"NZ","New Zealand",1972,0.02
"NZ","New Zealand",1973,0.01
"NZ","New Zealand",1974,0.01
"NZ","New Zealand",1975,0.08
"NZ","New Zealand",1976,0.05
"NZ","New Zealand",1977,0.04
"NZ","New Zealand",1978,0.03
"NZ","New Zealand",1979,0.04
"NZ","New Zealand",1980,0.03
"NZ","New Zealand",1981,0.03
"NZ","New Zealand",1982,0.03
"NZ","New Zealand",1983,0.02
"NZ","New Zealand",1984,0.02
"NZ","New Zealand",1985,0.03
"NZ","New Zealand",1986,0.03
"NZ","New Zealand",1987,0.05
"NZ","New Zealand",1988,0.02
"NZ","New Zealand",1989,0.03
"NZ","New Zealand",1990,0.03
"NZ","New Zealand",1991,0.03
"NZ","New Zealand",1992,0.03
"NZ","New Zealand",1993,0.03
"NZ","New Zealand",1994,0.04
"NZ","New Zealand",1995,0.04
"NZ","New Zealand",1996,0.03
"NZ","New Zealand",1997,0.05
"NZ","New Zealand",1998,0.04
"NZ","New Zealand",1999,0.06
"NZ","New Zealand",2000,0.06
"NZ","New Zealand",2001,0.06
"NZ","New Zealand",2002,0.05
"NZ","New Zealand",2003,0.06
"NZ","New Zealand",2004,0.07
"NZ","New Zealand",2005,0.06
"NZ","New Zealand",2006,0.07
"NZ","New Zealand",2007,0.06
"NZ","New Zealand",2008,0.08
"NZ","New Zealand",2009,0.08
"NZ","New Zealand",2010,0.06
"NZ","New Zealand",2011,0.07
"NZ","New Zealand",2012,0.08
"NZ","New Zealand",2013,0.07
"NZ","New Zealand",2014,0.07
"NZ","New Zealand",2015,0.08
"nordic-dev-fund","Nordic Development Fund (NDF)",1994,
"nordic-dev-fund","Nordic Development Fund (NDF)",1995,
"nordic-dev-fund","Nordic Development Fund (NDF)",1996,
"nordic-dev-fund","Nordic Development Fund (NDF)",1997,
"nordic-dev-fund","Nordic Development Fund (NDF)",1998,
"nordic-dev-fund","Nordic Development Fund (NDF)",1999,
"nordic-dev-fund","Nordic Development Fund (NDF)",2000,
"nordic-dev-fund","Nordic Development Fund (NDF)",2001,
"nordic-dev-fund","Nordic Development Fund (NDF)",2002,
"nordic-dev-fund","Nordic Development Fund (NDF)",2003,
"nordic-dev-fund","Nordic Development Fund (NDF)",2004,
"nordic-dev-fund","Nordic Development Fund (NDF)",2005,
"nordic-dev-fund","Nordic Development Fund (NDF)",2006,
"nordic-dev-fund","Nordic Development Fund (NDF)",2007,
"nordic-dev-fund","Nordic Development Fund (NDF)",2008,
"nordic-dev-fund","Nordic Development Fund (NDF)",2009,
"nordic-dev-fund","Nordic Development Fund (NDF)",2010,
"nordic-dev-fund","Nordic Development Fund (NDF)",2011,
"nordic-dev-fund","Nordic Development Fund (NDF)",2012,
"nordic-dev-fund","Nordic Development Fund (NDF)",2013,
"nordic-dev-fund","Nordic Development Fund (NDF)",2014,
"nordic-dev-fund","Nordic Development Fund (NDF)",2015,
"NO","Norway",1962,0
"NO","Norway",1963,0
"NO","Norway",1964,0.01
"NO","Norway",1965,0.01
"NO","Norway",1966,0.02
"NO","Norway",1967,0.02
"NO","Norway",1968,0.02
"NO","Norway",1969,0.02
"NO","Norway",1970,0.03
"NO","Norway",1971,0.07
"NO","Norway",1972,0.1
"NO","Norway",1973,0.09
"NO","Norway",1974,0.14
"NO","Norway",1975,0.24
"NO","Norway",1976,0.26
"NO","Norway",1977,0.33
"NO","Norway",1978,0.37
"NO","Norway",1979,0.39
"NO","Norway",1980,0.36
"NO","Norway",1981,0.36
"NO","Norway",1982,0.45
"NO","Norway",1983,0.43
"NO","Norway",1984,0.38
"NO","Norway",1985,0.42
"NO","Norway",1986,0.5
"NO","Norway",1987,0.43
"NO","Norway",1988,0.35
"NO","Norway",1989,0.48
"NO","Norway",1990,0.51
"NO","Norway",1991,0.51
"NO","Norway",1992,0.52
"NO","Norway",1993,0.45
"NO","Norway",1994,0.44
"NO","Norway",1995,0.34
"NO","Norway",1996,0.35
"NO","Norway",1997,0.33
"NO","Norway",1998,0.33
"NO","Norway",1999,0.3
"NO","Norway",2000,0.27
"NO","Norway",2001,0.28
"NO","Norway",2002,0.35
"NO","Norway",2003,0.38
"NO","Norway",2004,0.37
"NO","Norway",2005,0.35
"NO","Norway",2006,0.35
"NO","Norway",2007,0.34
"NO","Norway",2008,0.33
"NO","Norway",2009,0.33
"NO","Norway",2010,0.34
"NO","Norway",2011,0.31
"NO","Norway",2012,0.27
"NO","Norway",2013,0.3
"NO","Norway",2014,0.28
"NO","Norway",2015,0.27
"ofid","OPEC Fund for International Development (OFID)",1977,
"ofid","OPEC Fund for International Development (OFID)",1978,
"ofid","OPEC Fund for International Development (OFID)",1979,
"ofid","OPEC Fund for International Development (OFID)",1980,
"ofid","OPEC Fund for International Development (OFID)",1981,
"ofid","OPEC Fund for International Development (OFID)",1982,
"ofid","OPEC Fund for International Development (OFID)",1983,
"ofid","OPEC Fund for International Development (OFID)",1984,
"ofid","OPEC Fund for International Development (OFID)",1985,
"ofid","OPEC Fund for International Development (OFID)",1986,
"ofid","OPEC Fund for International Development (OFID)",1987,
"ofid","OPEC Fund for International Development (OFID)",1988,
"ofid","OPEC Fund for International Development (OFID)",1989,
"ofid","OPEC Fund for International Development (OFID)",1990,
"ofid","OPEC Fund for International Development (OFID)",1991,
"ofid","OPEC Fund for International Development (OFID)",1992,
"ofid","OPEC Fund for International Development (OFID)",1993,
"ofid","OPEC Fund for International Development (OFID)",1994,
"ofid","OPEC Fund for International Development (OFID)",1995,
"ofid","OPEC Fund for International Development (OFID)",1996,
"ofid","OPEC Fund for International Development (OFID)",1997,
"ofid","OPEC Fund for International Development (OFID)",1998,
"ofid","OPEC Fund for International Development (OFID)",1999,
"ofid","OPEC Fund for International Development (OFID)",2000,
"ofid","OPEC Fund for International Development (OFID)",2001,
"ofid","OPEC Fund for International Development (OFID)",2002,
"ofid","OPEC Fund for International Development (OFID)",2003,
"ofid","OPEC Fund for International Development (OFID)",2004,
"ofid","OPEC Fund for International Development (OFID)",2005,
"ofid","OPEC Fund for International Development (OFID)",2006,
"ofid","OPEC Fund for International Development (OFID)",2007,
"ofid","OPEC Fund for International Development (OFID)",2008,
"ofid","OPEC Fund for International Development (OFID)",2009,
"ofid","OPEC Fund for International Development (OFID)",2010,
"ofid","OPEC Fund for International Development (OFID)",2011,
"ofid","OPEC Fund for International Development (OFID)",2012,
"ofid","OPEC Fund for International Development (OFID)",2013,
"ofid","OPEC Fund for International Development (OFID)",2014,
"ofid","OPEC Fund for International Development (OFID)",2015,
"PL","Poland",1975,
"PL","Poland",1976,
"PL","Poland",1977,
"PL","Poland",1978,
"PL","Poland",1979,
"PL","Poland",1980,
"PL","Poland",1981,
"PL","Poland",1982,
"PL","Poland",1983,
"PL","Poland",1984,
"PL","Poland",1985,
"PL","Poland",1986,
"PL","Poland",1987,
"PL","Poland",1988,
"PL","Poland",1989,
"PL","Poland",1990,
"PL","Poland",1998,0
"PL","Poland",1999,0
"PL","Poland",2000,0.01
"PL","Poland",2001,0.01
"PL","Poland",2002,
"PL","Poland",2003,0
"PL","Poland",2004,0.02
"PL","Poland",2005,0.02
"PL","Poland",2006,0.04
"PL","Poland",2007,0.02
"PL","Poland",2008,0.02
"PL","Poland",2009,0.02
"PL","Poland",2010,0.02
"PL","Poland",2011,0.02
"PL","Poland",2012,0.02
"PL","Poland",2013,0.02
"PL","Poland",2014,0.02
"PL","Poland",2015,0.03
"PT","Portugal",1961,
"PT","Portugal",1966,
"PT","Portugal",1967,
"PT","Portugal",1989,0.14
"PT","Portugal",1990,0.14
"PT","Portugal",1991,0.21
"PT","Portugal",1992,0.26
"PT","Portugal",1993,0.19
"PT","Portugal",1994,0.19
"PT","Portugal",1995,0.15
"PT","Portugal",1996,0.13
"PT","Portugal",1997,0.15
"PT","Portugal",1998,0.11
"PT","Portugal",1999,0.17
"PT","Portugal",2000,0.15
"PT","Portugal",2001,0.15
"PT","Portugal",2002,0.16
"PT","Portugal",2003,0.11
"PT","Portugal",2004,0.52
"PT","Portugal",2005,0.09
"PT","Portugal",2006,0.1
"PT","Portugal",2007,0.1
"PT","Portugal",2008,0.1
"PT","Portugal",2009,0.1
"PT","Portugal",2010,0.13
"PT","Portugal",2011,0.15
"PT","Portugal",2012,0.09
"PT","Portugal",2013,0.07
"PT","Portugal",2014,0.05
"PT","Portugal",2015,0.05
"RO","Romania",1999,
"RO","Romania",2000,
"RO","Romania",2001,
"RO","Romania",2002,
"RO","Romania",2003,
"RO","Romania",2004,
"RO","Romania",2005,
"RO","Romania",2006,
"RO","Romania",2007,
"RO","Romania",2008,0.02
"RO","Romania",2009,0.02
"RO","Romania",2010,0.02
"RO","Romania",2011,0.02
"RO","Romania",2012,0.01
"RO","Romania",2013,0.01
"RO","Romania",2014,0.02
"RO","Romania",2015,0.02
"RU","Russian Federation",2011,0.01
"RU","Russian Federation",2012,0
"RU","Russian Federation",2013,0.01
"RU","Russian Federation",2014,0
"RU","Russian Federation",2015,0.01
"SA","Saudi Arabia",1966,
"SA","Saudi Arabia",1971,
"SA","Saudi Arabia",1972,
"SA","Saudi Arabia",1973,
"SA","Saudi Arabia",1974,
"SA","Saudi Arabia",1975,
"SA","Saudi Arabia",1976,
"SA","Saudi Arabia",1977,
"SA","Saudi Arabia",1978,
"SA","Saudi Arabia",1979,
"SA","Saudi Arabia",1980,
"SA","Saudi Arabia",1981,
"SA","Saudi Arabia",1982,
"SA","Saudi Arabia",1983,
"SA","Saudi Arabia",1984,
"SA","Saudi Arabia",1985,
"SA","Saudi Arabia",1986,
"SA","Saudi Arabia",1987,
"SA","Saudi Arabia",1988,
"SA","Saudi Arabia",1989,
"SA","Saudi Arabia",1990,
"SA","Saudi Arabia",1991,
"SA","Saudi Arabia",1992,
"SA","Saudi Arabia",1993,
"SA","Saudi Arabia",1994,
"SA","Saudi Arabia",1995,
"SA","Saudi Arabia",1996,
"SA","Saudi Arabia",1997,
"SA","Saudi Arabia",1998,
"SA","Saudi Arabia",1999,
"SA","Saudi Arabia",2000,
"SA","Saudi Arabia",2001,
"SA","Saudi Arabia",2002,
"SA","Saudi Arabia",2003,
"SA","Saudi Arabia",2004,
"SA","Saudi Arabia",2005,
"SA","Saudi Arabia",2006,
"SA","Saudi Arabia",2007,
"SA","Saudi Arabia",2008,
"SA","Saudi Arabia",2009,
"SA","Saudi Arabia",2010,
"SK","Slovak Republic",1999,0
"SK","Slovak Republic",2000,0
"SK","Slovak Republic",2001,0
"SK","Slovak Republic",2002,0
"SK","Slovak Republic",2003,0.01
"SK","Slovak Republic",2004,0.02
"SK","Slovak Republic",2005,
"SK","Slovak Republic",2006,0.05
"SK","Slovak Republic",2007,0.05
"SK","Slovak Republic",2008,0.05
"SK","Slovak Republic",2009,0.02
"SK","Slovak Republic",2010,0.02
"SK","Slovak Republic",2011,0.02
"SK","Slovak Republic",2012,0.02
"SK","Slovak Republic",2013,0.02
"SK","Slovak Republic",2014,0.02
"SK","Slovak Republic",2015,0.02
"SI","Slovenia",1999,
"SI","Slovenia",2000,
"SI","Slovenia",2001,
"SI","Slovenia",2002,
"SI","Slovenia",2003,
"SI","Slovenia",2004,
"SI","Slovenia",2005,0
"SI","Slovenia",2006,0
"SI","Slovenia",2007,0
"SI","Slovenia",2008,0.03
"SI","Slovenia",2009,0.03
"SI","Slovenia",2010,0.03
"SI","Slovenia",2011,0.02
"SI","Slovenia",2012,0.02
"SI","Slovenia",2013,0.02
"SI","Slovenia",2014,0.02
"SI","Slovenia",2015,0.02
"ES","Spain",1987,0.01
"ES","Spain",1988,0
"ES","Spain",1989,0.04
"ES","Spain",1990,0.04
"ES","Spain",1991,0.03
"ES","Spain",1992,0.03
"ES","Spain",1993,0.03
"ES","Spain",1994,0.02
"ES","Spain",1995,0.04
"ES","Spain",1996,0.02
"ES","Spain",1997,0.04
"ES","Spain",1998,0.02
"ES","Spain",1999,0.04
"ES","Spain",2000,0.03
"ES","Spain",2001,0.05
"ES","Spain",2002,0.05
"ES","Spain",2003,0.05
"ES","Spain",2004,0.05
"ES","Spain",2005,0.07
"ES","Spain",2006,0.06
"ES","Spain",2007,0.08
"ES","Spain",2008,0.1
"ES","Spain",2009,0.12
"ES","Spain",2010,0.12
"ES","Spain",2011,0.07
"ES","Spain",2012,0.04
"ES","Spain",2013,0.03
"ES","Spain",2014,0.03
"ES","Spain",2015,0.03
"SE","Sweden",1960,0
"SE","Sweden",1961,0
"SE","Sweden",1962,0.01
"SE","Sweden",1963,0.01
"SE","Sweden",1964,0.02
"SE","Sweden",1965,0.02
"SE","Sweden",1967,0.04
"SE","Sweden",1968,0.05
"SE","Sweden",1969,0.07
"SE","Sweden",1970,0.05
"SE","Sweden",1971,0.05
"SE","Sweden",1972,0.13
"SE","Sweden",1973,0.11
"SE","Sweden",1974,0.12
"SE","Sweden",1975,0.28
"SE","Sweden",1976,0.26
"SE","Sweden",1977,0.33
"SE","Sweden",1978,0.33
"SE","Sweden",1979,0.4
"SE","Sweden",1980,0.31
"SE","Sweden",1981,0.34
"SE","Sweden",1982,0.41
"SE","Sweden",1983,0.33
"SE","Sweden",1984,0.28
"SE","Sweden",1985,0.31
"SE","Sweden",1986,0.35
"SE","Sweden",1987,0.33
"SE","Sweden",1988,0.26
"SE","Sweden",1989,0.35
"SE","Sweden",1990,0.35
"SE","Sweden",1991,0.35
"SE","Sweden",1992,0.33
"SE","Sweden",1993,0.33
"SE","Sweden",1994,0.27
"SE","Sweden",1995,0.22
"SE","Sweden",1996,0.25
"SE","Sweden",1997,0.24
"SE","Sweden",1998,0.2
"SE","Sweden",1999,0.2
"SE","Sweden",2000,0.24
"SE","Sweden",2001,0.23
"SE","Sweden",2002,0.27
"SE","Sweden",2003,0.28
"SE","Sweden",2004,0.24
"SE","Sweden",2005,0.31
"SE","Sweden",2006,0.29
"SE","Sweden",2007,0.3
"SE","Sweden",2008,0.32
"SE","Sweden",2009,0.35
"SE","Sweden",2010,0.3
"SE","Sweden",2011,0.35
"SE","Sweden",2012,0.29
"SE","Sweden",2013,0.31
"SE","Sweden",2014,0.29
"SE","Sweden",2015,0.29
"CH","Switzerland",1961,0
"CH","Switzerland",1963,0.01
"CH","Switzerland",1964,0.01
"CH","Switzerland",1965,0.01
"CH","Switzerland",1966,0.01
"CH","Switzerland",1967,0.01
"CH","Switzerland",1968,0.01
"CH","Switzerland",1969,0.02
"CH","Switzerland",1970,0.01
"CH","Switzerland",1971,0.03
"CH","Switzerland",1972,0.04
"CH","Switzerland",1973,0.02
"CH","Switzerland",1974,0.02
"CH","Switzerland",1975,0.05
"CH","Switzerland",1976,0.04
"CH","Switzerland",1977,0.07
"CH","Switzerland",1978,0.09
"CH","Switzerland",1979,0.08
"CH","Switzerland",1980,0.1
"CH","Switzerland",1981,0.1
"CH","Switzerland",1982,0.09
"CH","Switzerland",1983,0.13
"CH","Switzerland",1984,0.12
"CH","Switzerland",1985,0.12
"CH","Switzerland",1986,0.13
"CH","Switzerland",1987,0.12
"CH","Switzerland",1988,0.1
"CH","Switzerland",1989,0.13
"CH","Switzerland",1990,0.13
"CH","Switzerland",1991,0.11
"CH","Switzerland",1992,0.13
"CH","Switzerland",1993,0.1
"CH","Switzerland",1994,0.11
"CH","Switzerland",1995,0.1
"CH","Switzerland",1996,0.1
"CH","Switzerland",1997,0.11
"CH","Switzerland",1998,0.09
"CH","Switzerland",1999,0.1
"CH","Switzerland",2000,0.1
"CH","Switzerland",2001,0.1
"CH","Switzerland",2002,0.09
"CH","Switzerland",2003,0.12
"CH","Switzerland",2004,0.1
"CH","Switzerland",2005,0.1
"CH","Switzerland",2006,0.1
"CH","Switzerland",2007,0.11
"CH","Switzerland",2008,0.1
"CH","Switzerland",2009,0.13
"CH","Switzerland",2010,0.11
"CH","Switzerland",2011,0.12
"CH","Switzerland",2012,0.11
"CH","Switzerland",2013,0.12
"CH","Switzerland",2014,0.12
"CH","Switzerland",2015,0.14
"TW","Taiwan",1988,
"TW","Taiwan",1989,
"TW","Taiwan",1990,
"TW","Taiwan",1991,
"TW","Taiwan",1992,
"TW","Taiwan",1993,
"TW","Taiwan",1994,
"TW","Taiwan",1995,
"TW","Taiwan",1996,
"TW","Taiwan",1997,
"TW","Taiwan",1998,
"TW","Taiwan",1999,
"TW","Taiwan",2000,
"TW","Taiwan",2001,
"TW","Taiwan",2002,
"TW","Taiwan",2003,
"TW","Taiwan",2004,
"TW","Taiwan",2005,0
"TW","Taiwan",2006,0
"TW","Taiwan",2007,0
"TW","Taiwan",2008,0
"TW","Taiwan",2009,0
"TW","Taiwan",2010,0
"TH","Thailand",1999,
"TH","Thailand",2000,
"TH","Thailand",2001,
"TH","Thailand",2002,
"TH","Thailand",2003,
"TH","Thailand",2004,
"TH","Thailand",2005,
"TH","Thailand",2006,0.03
"TH","Thailand",2007,0.03
"TH","Thailand",2008,0.07
"TH","Thailand",2009,0.01
"TH","Thailand",2010,0
"TH","Thailand",2011,0
"TH","Thailand",2012,0
"TH","Thailand",2013,0.01
"TH","Thailand",2014,0.02
"TH","Thailand",2015,0.01
"TL","Timor-Leste",2014,
"TL","Timor-Leste",2015,
"TR","Turkey",1992,0
"TR","Turkey",1993,0
"TR","Turkey",1994,0
"TR","Turkey",1995,0
"TR","Turkey",1998,0
"TR","Turkey",1999,0.01
"TR","Turkey",2000,0
"TR","Turkey",2001,0.01
"TR","Turkey",2002,0
"TR","Turkey",2003,0.01
"TR","Turkey",2004,0.01
"TR","Turkey",2005,0.01
"TR","Turkey",2006,0.02
"TR","Turkey",2007,0.02
"TR","Turkey",2008,0.03
"TR","Turkey",2009,0.02
"TR","Turkey",2010,0.02
"TR","Turkey",2011,0.04
"TR","Turkey",2012,0.05
"TR","Turkey",2013,0.04
"TR","Turkey",2014,0.03
"TR","Turkey",2015,0.06
"AE","UAE",1971,
"AE","UAE",1972,
"AE","UAE",1973,
"AE","UAE",1974,
"AE","UAE",1975,
"AE","UAE",1976,
"AE","UAE",1977,
"AE","UAE",1978,
"AE","UAE",1979,
"AE","UAE",1980,
"AE","UAE",1981,
"AE","UAE",1982,
"AE","UAE",1983,
"AE","UAE",1984,
"AE","UAE",1985,
"AE","UAE",1986,
"AE","UAE",1987,
"AE","UAE",1988,
"AE","UAE",1989,
"AE","UAE",1990,
"AE","UAE",1991,
"AE","UAE",1992,
"AE","UAE",1993,
"AE","UAE",1994,
"AE","UAE",1995,
"AE","UAE",1996,
"AE","UAE",1997,
"AE","UAE",1998,
"AE","UAE",1999,
"AE","UAE",2000,
"AE","UAE",2001,
"AE","UAE",2002,
"AE","UAE",2003,
"AE","UAE",2004,
"AE","UAE",2005,
"AE","UAE",2006,
"AE","UAE",2007,
"AE","UAE",2008,
"AE","UAE",2009,0.08
"AE","UAE",2010,0.05
"AE","UAE",2011,0.04
"AE","UAE",2012,0.08
"AE","UAE",2013,0.04
"AE","UAE",2014,0.05
"AE","UAE",2015,0.32
"GB","United Kingdom",1960,0.1
"GB","United Kingdom",1961,0.12
"GB","United Kingdom",1962,0.13
"GB","United Kingdom",1963,0.11
"GB","United Kingdom",1964,0.15
"GB","United Kingdom",1965,0.13
"GB","United Kingdom",1966,0.13
"GB","United Kingdom",1967,0.12
"GB","United Kingdom",1968,0.08
"GB","United Kingdom",1969,0.07
"GB","United Kingdom",1970,0.05
"GB","United Kingdom",1971,0.05
"GB","United Kingdom",1972,0.06
"GB","United Kingdom",1973,0.05
"GB","United Kingdom",1974,0.05
"GB","United Kingdom",1975,0.11
"GB","United Kingdom",1976,0.1
"GB","United Kingdom",1977,0.14
"GB","United Kingdom",1978,0.15
"GB","United Kingdom",1979,0.18
"GB","United Kingdom",1980,0.13
"GB","United Kingdom",1981,0.15
"GB","United Kingdom",1982,0.14
"GB","United Kingdom",1983,0.12
"GB","United Kingdom",1984,0.11
"GB","United Kingdom",1985,0.1
"GB","United Kingdom",1986,0.09
"GB","United Kingdom",1987,0.1
"GB","United Kingdom",1988,0.07
"GB","United Kingdom",1989,0.11
"GB","United Kingdom",1990,0.09
"GB","United Kingdom",1991,0.09
"GB","United Kingdom",1992,0.1
"GB","United Kingdom",1993,0.08
"GB","United Kingdom",1994,0.08
"GB","United Kingdom",1995,0.07
"GB","United Kingdom",1996,0.07
"GB","United Kingdom",1997,0.06
"GB","United Kingdom",1998,0.07
"GB","United Kingdom",1999,0.06
"GB","United Kingdom",2000,0.11
"GB","United Kingdom",2001,0.12
"GB","United Kingdom",2002,0.09
"GB","United Kingdom",2003,0.13
"GB","United Kingdom",2004,0.14
"GB","United Kingdom",2005,0.12
"GB","United Kingdom",2006,0.16
"GB","United Kingdom",2007,0.15
"GB","United Kingdom",2008,0.16
"GB","United Kingdom",2009,0.18
"GB","United Kingdom",2010,0.2
"GB","United Kingdom",2011,0.21
"GB","United Kingdom",2012,0.19
"GB","United Kingdom",2013,0.24
"GB","United Kingdom",2014,0.24
"GB","United Kingdom",2015,0.23
"unicef","United Nations Children's Fund (UNICEF)",1969,
"unicef","United Nations Children's Fund (UNICEF)",1970,
"unicef","United Nations Children's Fund (UNICEF)",1971,
"unicef","United Nations Children's Fund (UNICEF)",1972,
"unicef","United Nations Children's Fund (UNICEF)",1973,
"unicef","United Nations Children's Fund (UNICEF)",1974,
"unicef","United Nations Children's Fund (UNICEF)",1975,
"unicef","United Nations Children's Fund (UNICEF)",1976,
"unicef","United Nations Children's Fund (UNICEF)",1977,
"unicef","United Nations Children's Fund (UNICEF)",1978,
"unicef","United Nations Children's Fund (UNICEF)",1979,
"unicef","United Nations Children's Fund (UNICEF)",1980,
"unicef","United Nations Children's Fund (UNICEF)",1981,
"unicef","United Nations Children's Fund (UNICEF)",1982,
"unicef","United Nations Children's Fund (UNICEF)",1983,
"unicef","United Nations Children's Fund (UNICEF)",1984,
"unicef","United Nations Children's Fund (UNICEF)",1985,
"unicef","United Nations Children's Fund (UNICEF)",1986,
"unicef","United Nations Children's Fund (UNICEF)",1987,
"unicef","United Nations Children's Fund (UNICEF)",1988,
"unicef","United Nations Children's Fund (UNICEF)",1989,
"unicef","United Nations Children's Fund (UNICEF)",1990,
"unicef","United Nations Children's Fund (UNICEF)",1991,
"unicef","United Nations Children's Fund (UNICEF)",1992,
"unicef","United Nations Children's Fund (UNICEF)",1993,
"unicef","United Nations Children's Fund (UNICEF)",1994,
"unicef","United Nations Children's Fund (UNICEF)",1995,
"unicef","United Nations Children's Fund (UNICEF)",1996,
"unicef","United Nations Children's Fund (UNICEF)",1997,
"unicef","United Nations Children's Fund (UNICEF)",1998,
"unicef","United Nations Children's Fund (UNICEF)",1999,
"unicef","United Nations Children's Fund (UNICEF)",2000,
"unicef","United Nations Children's Fund (UNICEF)",2001,
"unicef","United Nations Children's Fund (UNICEF)",2002,
"unicef","United Nations Children's Fund (UNICEF)",2003,
"unicef","United Nations Children's Fund (UNICEF)",2004,
"unicef","United Nations Children's Fund (UNICEF)",2005,
"unicef","United Nations Children's Fund (UNICEF)",2006,
"unicef","United Nations Children's Fund (UNICEF)",2007,
"unicef","United Nations Children's Fund (UNICEF)",2008,
"unicef","United Nations Children's Fund (UNICEF)",2009,
"unicef","United Nations Children's Fund (UNICEF)",2010,
"unicef","United Nations Children's Fund (UNICEF)",2011,
"unicef","United Nations Children's Fund (UNICEF)",2012,
"unicef","United Nations Children's Fund (UNICEF)",2013,
"unicef","United Nations Children's Fund (UNICEF)",2014,
"unicef","United Nations Children's Fund (UNICEF)",2015,
"undp","United Nations Development Programme (UNDP)",1968,
"undp","United Nations Development Programme (UNDP)",1969,
"undp","United Nations Development Programme (UNDP)",1970,
"undp","United Nations Development Programme (UNDP)",1971,
"undp","United Nations Development Programme (UNDP)",1972,
"undp","United Nations Development Programme (UNDP)",1973,
"undp","United Nations Development Programme (UNDP)",1974,
"undp","United Nations Development Programme (UNDP)",1975,
"undp","United Nations Development Programme (UNDP)",1976,
"undp","United Nations Development Programme (UNDP)",1977,
"undp","United Nations Development Programme (UNDP)",1978,
"undp","United Nations Development Programme (UNDP)",1979,
"undp","United Nations Development Programme (UNDP)",1980,
"undp","United Nations Development Programme (UNDP)",1981,
"undp","United Nations Development Programme (UNDP)",1982,
"undp","United Nations Development Programme (UNDP)",1983,
"undp","United Nations Development Programme (UNDP)",1984,
"undp","United Nations Development Programme (UNDP)",1985,
"undp","United Nations Development Programme (UNDP)",1986,
"undp","United Nations Development Programme (UNDP)",1987,
"undp","United Nations Development Programme (UNDP)",1988,
"undp","United Nations Development Programme (UNDP)",1989,
"undp","United Nations Development Programme (UNDP)",1990,
"undp","United Nations Development Programme (UNDP)",1991,
"undp","United Nations Development Programme (UNDP)",1992,
"undp","United Nations Development Programme (UNDP)",1993,
"undp","United Nations Development Programme (UNDP)",1994,
"undp","United Nations Development Programme (UNDP)",1995,
"undp","United Nations Development Programme (UNDP)",1996,
"undp","United Nations Development Programme (UNDP)",1997,
"undp","United Nations Development Programme (UNDP)",1998,
"undp","United Nations Development Programme (UNDP)",1999,
"undp","United Nations Development Programme (UNDP)",2000,
"undp","United Nations Development Programme (UNDP)",2001,
"undp","United Nations Development Programme (UNDP)",2002,
"undp","United Nations Development Programme (UNDP)",2003,
"undp","United Nations Development Programme (UNDP)",2004,
"undp","United Nations Development Programme (UNDP)",2005,
"undp","United Nations Development Programme (UNDP)",2006,
"undp","United Nations Development Programme (UNDP)",2007,
"undp","United Nations Development Programme (UNDP)",2008,
"undp","United Nations Development Programme (UNDP)",2009,
"undp","United Nations Development Programme (UNDP)",2010,
"undp","United Nations Development Programme (UNDP)",2011,
"undp","United Nations Development Programme (UNDP)",2012,
"undp","United Nations Development Programme (UNDP)",2013,
"undp","United Nations Development Programme (UNDP)",2014,
"undp","United Nations Development Programme (UNDP)",2015,
"unhcr","United Nations High Commissioner for Refugees (UNHCR)",1969,
"unhcr","United Nations High Commissioner for Refugees (UNHCR)",1970,
"unhcr","United Nations High Commissioner for Refugees (UNHCR)",1971,
"unhcr","United Nations High Commissioner for Refugees (UNHCR)",1972,
"unhcr","United Nations High Commissioner for Refugees (UNHCR)",1973,
"unhcr","United Nations High Commissioner for Refugees (UNHCR)",1974,
"unhcr","United Nations High Commissioner for Refugees (UNHCR)",1975,
"unhcr","United Nations High Commissioner for Refugees (UNHCR)",1976,
"unhcr","United Nations High Commissioner for Refugees (UNHCR)",1977,
"unhcr","United Nations High Commissioner for Refugees (UNHCR)",1978,
"unhcr","United Nations High Commissioner for Refugees (UNHCR)",1979,
"unhcr","United Nations High Commissioner for Refugees (UNHCR)",1980,
"unhcr","United Nations High Commissioner for Refugees (UNHCR)",1981,
"unhcr","United Nations High Commissioner for Refugees (UNHCR)",1982,
"unhcr","United Nations High Commissioner for Refugees (UNHCR)",1983,
"unhcr","United Nations High Commissioner for Refugees (UNHCR)",1984,
"unhcr","United Nations High Commissioner for Refugees (UNHCR)",1985,
"unhcr","United Nations High Commissioner for Refugees (UNHCR)",1986,
"unhcr","United Nations High Commissioner for Refugees (UNHCR)",1987,
"unhcr","United Nations High Commissioner for Refugees (UNHCR)",1988,
"unhcr","United Nations High Commissioner for Refugees (UNHCR)",1989,
"unhcr","United Nations High Commissioner for Refugees (UNHCR)",1990,
"unhcr","United Nations High Commissioner for Refugees (UNHCR)",1991,
"unhcr","United Nations High Commissioner for Refugees (UNHCR)",1992,
"unhcr","United Nations High Commissioner for Refugees (UNHCR)",1993,
"unhcr","United Nations High Commissioner for Refugees (UNHCR)",1994,
"unhcr","United Nations High Commissioner for Refugees (UNHCR)",1995,
"unhcr","United Nations High Commissioner for Refugees (UNHCR)",1996,
"unhcr","United Nations High Commissioner for Refugees (UNHCR)",1997,
"unhcr","United Nations High Commissioner for Refugees (UNHCR)",1998,
"unhcr","United Nations High Commissioner for Refugees (UNHCR)",1999,
"unhcr","United Nations High Commissioner for Refugees (UNHCR)",2000,
"unhcr","United Nations High Commissioner for Refugees (UNHCR)",2001,
"unhcr","United Nations High Commissioner for Refugees (UNHCR)",2002,
"unhcr","United Nations High Commissioner for Refugees (UNHCR)",2003,
"unhcr","United Nations High Commissioner for Refugees (UNHCR)",2004,
"unhcr","United Nations High Commissioner for Refugees (UNHCR)",2005,
"unhcr","United Nations High Commissioner for Refugees (UNHCR)",2006,
"unhcr","United Nations High Commissioner for Refugees (UNHCR)",2007,
"unhcr","United Nations High Commissioner for Refugees (UNHCR)",2008,
"unhcr","United Nations High Commissioner for Refugees (UNHCR)",2009,
"unhcr","United Nations High Commissioner for Refugees (UNHCR)",2010,
"unhcr","United Nations High Commissioner for Refugees (UNHCR)",2011,
"unhcr","United Nations High Commissioner for Refugees (UNHCR)",2012,
"unhcr","United Nations High Commissioner for Refugees (UNHCR)",2013,
"unhcr","United Nations High Commissioner for Refugees (UNHCR)",2014,
"unhcr","United Nations High Commissioner for Refugees (UNHCR)",2015,
"unpbf","United Nations Peacebuilding Fund (UNPBF)",2007,
"unpbf","United Nations Peacebuilding Fund (UNPBF)",2008,
"unpbf","United Nations Peacebuilding Fund (UNPBF)",2009,
"unpbf","United Nations Peacebuilding Fund (UNPBF)",2010,
"unpbf","United Nations Peacebuilding Fund (UNPBF)",2011,
"unpbf","United Nations Peacebuilding Fund (UNPBF)",2012,
"unpbf","United Nations Peacebuilding Fund (UNPBF)",2013,
"unpbf","United Nations Peacebuilding Fund (UNPBF)",2014,
"unpbf","United Nations Peacebuilding Fund (UNPBF)",2015,
"unfpa","United Nations Population Fund (UNFPA)",1977,
"unfpa","United Nations Population Fund (UNFPA)",1980,
"unfpa","United Nations Population Fund (UNFPA)",1981,
"unfpa","United Nations Population Fund (UNFPA)",1982,
"unfpa","United Nations Population Fund (UNFPA)",1983,
"unfpa","United Nations Population Fund (UNFPA)",1984,
"unfpa","United Nations Population Fund (UNFPA)",1985,
"unfpa","United Nations Population Fund (UNFPA)",1986,
"unfpa","United Nations Population Fund (UNFPA)",1987,
"unfpa","United Nations Population Fund (UNFPA)",1988,
"unfpa","United Nations Population Fund (UNFPA)",1989,
"unfpa","United Nations Population Fund (UNFPA)",1990,
"unfpa","United Nations Population Fund (UNFPA)",1991,
"unfpa","United Nations Population Fund (UNFPA)",1992,
"unfpa","United Nations Population Fund (UNFPA)",1993,
"unfpa","United Nations Population Fund (UNFPA)",1994,
"unfpa","United Nations Population Fund (UNFPA)",1995,
"unfpa","United Nations Population Fund (UNFPA)",1996,
"unfpa","United Nations Population Fund (UNFPA)",1997,
"unfpa","United Nations Population Fund (UNFPA)",1998,
"unfpa","United Nations Population Fund (UNFPA)",1999,
"unfpa","United Nations Population Fund (UNFPA)",2000,
"unfpa","United Nations Population Fund (UNFPA)",2001,
"unfpa","United Nations Population Fund (UNFPA)",2002,
"unfpa","United Nations Population Fund (UNFPA)",2003,
"unfpa","United Nations Population Fund (UNFPA)",2004,
"unfpa","United Nations Population Fund (UNFPA)",2005,
"unfpa","United Nations Population Fund (UNFPA)",2006,
"unfpa","United Nations Population Fund (UNFPA)",2007,
"unfpa","United Nations Population Fund (UNFPA)",2008,
"unfpa","United Nations Population Fund (UNFPA)",2009,
"unfpa","United Nations Population Fund (UNFPA)",2010,
"unfpa","United Nations Population Fund (UNFPA)",2011,
"unfpa","United Nations Population Fund (UNFPA)",2012,
"unfpa","United Nations Population Fund (UNFPA)",2013,
"unfpa","United Nations Population Fund (UNFPA)",2014,
"unfpa","United Nations Population Fund (UNFPA)",2015,
"unta","United Nations Regular Programme for Technical Assistance (UNTA)",1969,
"unta","United Nations Regular Programme for Technical Assistance (UNTA)",1970,
"unta","United Nations Regular Programme for Technical Assistance (UNTA)",1971,
"unta","United Nations Regular Programme for Technical Assistance (UNTA)",1972,
"unta","United Nations Regular Programme for Technical Assistance (UNTA)",1973,
"unta","United Nations Regular Programme for Technical Assistance (UNTA)",1974,
"unta","United Nations Regular Programme for Technical Assistance (UNTA)",1975,
"unta","United Nations Regular Programme for Technical Assistance (UNTA)",1976,
"unta","United Nations Regular Programme for Technical Assistance (UNTA)",1977,
"unta","United Nations Regular Programme for Technical Assistance (UNTA)",1978,
"unta","United Nations Regular Programme for Technical Assistance (UNTA)",1979,
"unta","United Nations Regular Programme for Technical Assistance (UNTA)",1980,
"unta","United Nations Regular Programme for Technical Assistance (UNTA)",1981,
"unta","United Nations Regular Programme for Technical Assistance (UNTA)",1982,
"unta","United Nations Regular Programme for Technical Assistance (UNTA)",1983,
"unta","United Nations Regular Programme for Technical Assistance (UNTA)",1984,
"unta","United Nations Regular Programme for Technical Assistance (UNTA)",1985,
"unta","United Nations Regular Programme for Technical Assistance (UNTA)",1986,
"unta","United Nations Regular Programme for Technical Assistance (UNTA)",1987,
"unta","United Nations Regular Programme for Technical Assistance (UNTA)",1988,
"unta","United Nations Regular Programme for Technical Assistance (UNTA)",1989,
"unta","United Nations Regular Programme for Technical Assistance (UNTA)",1990,
"unta","United Nations Regular Programme for Technical Assistance (UNTA)",1991,
"unta","United Nations Regular Programme for Technical Assistance (UNTA)",1992,
"unta","United Nations Regular Programme for Technical Assistance (UNTA)",1993,
"unta","United Nations Regular Programme for Technical Assistance (UNTA)",1994,
"unta","United Nations Regular Programme for Technical Assistance (UNTA)",1995,
"unta","United Nations Regular Programme for Technical Assistance (UNTA)",1996,
"unta","United Nations Regular Programme for Technical Assistance (UNTA)",1997,
"unta","United Nations Regular Programme for Technical Assistance (UNTA)",1998,
"unta","United Nations Regular Programme for Technical Assistance (UNTA)",1999,
"unta","United Nations Regular Programme for Technical Assistance (UNTA)",2000,
"unta","United Nations Regular Programme for Technical Assistance (UNTA)",2001,
"unta","United Nations Regular Programme for Technical Assistance (UNTA)",2002,
"unta","United Nations Regular Programme for Technical Assistance (UNTA)",2003,
"unta","United Nations Regular Programme for Technical Assistance (UNTA)",2004,
"unta","United Nations Regular Programme for Technical Assistance (UNTA)",2005,
"unta","United Nations Regular Programme for Technical Assistance (UNTA)",2006,
"unta","United Nations Regular Programme for Technical Assistance (UNTA)",2007,
"unta","United Nations Regular Programme for Technical Assistance (UNTA)",2008,
"US","United States",1960,0.03
"US","United States",1961,0.04
"US","United States",1962,0.05
"US","United States",1963,0.04
"US","United States",1964,0.04
"US","United States",1965,0.04
"US","United States",1966,0.03
"US","United States",1967,0.03
"US","United States",1968,0.02
"US","United States",1969,0.02
"US","United States",1970,0.02
"US","United States",1971,0.02
"US","United States",1972,0.02
"US","United States",1973,0.03
"US","United States",1974,0.04
"US","United States",1975,0.06
"US","United States",1976,0.04
"US","United States",1977,0.04
"US","United States",1978,0.06
"US","United States",1979,0.03
"US","United States",1980,0.06
"US","United States",1981,0.04
"US","United States",1982,0.06
"US","United States",1983,0.05
"US","United States",1984,0.05
"US","United States",1985,0.04
"US","United States",1986,0.04
"US","United States",1987,0.04
"US","United States",1988,0.02
"US","United States",1989,0.02
"US","United States",1990,0.04
"US","United States",1991,0.03
"US","United States",1992,0.04
"US","United States",1993,0.04
"US","United States",1994,0.04
"US","United States",1995,0.03
"US","United States",1996,0.02
"US","United States",1997,0.02
"US","United States",1998,0.02
"US","United States",1999,0.02
"US","United States",2000,0.02
"US","United States",2001,0.02
"US","United States",2002,0.03
"US","United States",2003,0.04
"US","United States",2004,0.04
"US","United States",2005,0.05
"US","United States",2006,0.05
"US","United States",2007,0.04
"US","United States",2008,0.06
"US","United States",2009,0.07
"US","United States",2010,0.07
"US","United States",2011,0.08
"US","United States",2012,0.07
"US","United States",2013,0.06
"US","United States",2014,0.06
"US","United States",2015,0.06
"wfp","World Food Programme (WFP)",1969,
"wfp","World Food Programme (WFP)",1970,
"wfp","World Food Programme (WFP)",1971,
"wfp","World Food Programme (WFP)",1972,
"wfp","World Food Programme (WFP)",1973,
"wfp","World Food Programme (WFP)",1974,
"wfp","World Food Programme (WFP)",1975,
"wfp","World Food Programme (WFP)",1976,
"wfp","World Food Programme (WFP)",1977,
"wfp","World Food Programme (WFP)",1978,
"wfp","World Food Programme (WFP)",1979,
"wfp","World Food Programme (WFP)",1980,
"wfp","World Food Programme (WFP)",1981,
"wfp","World Food Programme (WFP)",1982,
"wfp","World Food Programme (WFP)",1983,
"wfp","World Food Programme (WFP)",1984,
"wfp","World Food Programme (WFP)",1985,
"wfp","World Food Programme (WFP)",1986,
"wfp","World Food Programme (WFP)",1987,
"wfp","World Food Programme (WFP)",1988,
"wfp","World Food Programme (WFP)",1989,
"wfp","World Food Programme (WFP)",1990,
"wfp","World Food Programme (WFP)",1991,
"wfp","World Food Programme (WFP)",1992,
"wfp","World Food Programme (WFP)",1993,
"wfp","World Food Programme (WFP)",1994,
"wfp","World Food Programme (WFP)",1995,
"wfp","World Food Programme (WFP)",1996,
"wfp","World Food Programme (WFP)",1997,
"wfp","World Food Programme (WFP)",1998,
"wfp","World Food Programme (WFP)",1999,
"wfp","World Food Programme (WFP)",2000,
"wfp","World Food Programme (WFP)",2001,
"wfp","World Food Programme (WFP)",2002,
"wfp","World Food Programme (WFP)",2003,
"wfp","World Food Programme (WFP)",2004,
"wfp","World Food Programme (WFP)",2005,
"wfp","World Food Programme (WFP)",2006,
"wfp","World Food Programme (WFP)",2007,
"wfp","World Food Programme (WFP)",2008,
"wfp","World Food Programme (WFP)",2009,
"wfp","World Food Programme (WFP)",2010,
"wfp","World Food Programme (WFP)",2011,
"wfp","World Food Programme (WFP)",2012,
"wfp","World Food Programme (WFP)",2013,
"wfp","World Food Programme (WFP)",2014,
"wfp","World Food Programme (WFP)",2015,
"who","World Health Organization (WHO)",2011,
"who","World Health Organization (WHO)",2012,
"who","World Health Organization (WHO)",2013,
"who","World Health Organization (WHO)",2014,
"who","World Health Organization (WHO)",2015,
