"id","entity-name","year","value"
"afdb","AfDB",2000,-460620000
"afdb","AfDB",2001,-119360000
"afdb","AfDB",2002,-1177240000
"afdb","AfDB",2003,-817630000
"afdb","AfDB",2004,-898890000
"afdb","AfDB",2005,-395110000
"afdb","AfDB",2006,-486890000
"afdb","AfDB",2007,116870000
"afdb","AfDB",2008,411790000
"afdb","AfDB",2009,2595690000
"afdb","AfDB",2010,1196100000
"afdb","AfDB",2011,2000770000
"afdb","AfDB",2012,2660460000
"afdb","AfDB",2013,1063720000
"arab-fund-afesd","Arab Fund",2000,0
"arab-fund-afesd","Arab Fund",2001,0
"arab-fund-afesd","Arab Fund",2002,0
"arab-fund-afesd","Arab Fund",2003,0
"arab-fund-afesd","Arab Fund",2004,0
"arab-fund-afesd","Arab Fund",2005,0
"arab-fund-afesd","Arab Fund",2006,0
"arab-fund-afesd","Arab Fund",2007,0
"arab-fund-afesd","Arab Fund",2008,0
"arab-fund-afesd","Arab Fund",2009,0
"arab-fund-afesd","Arab Fund",2010,0
"arab-fund-afesd","Arab Fund",2011,0
"arab-fund-afesd","Arab Fund",2012,0
"arab-fund-afesd","Arab Fund",2013,0
"asdb","AsDB",2000,1650980000
"asdb","AsDB",2001,2658950000
"asdb","AsDB",2002,-381330000
"asdb","AsDB",2003,-3202210000
"asdb","AsDB",2004,-1723070000
"asdb","AsDB",2005,2043350000
"asdb","AsDB",2006,3109300000
"asdb","AsDB",2007,4062010000
"asdb","AsDB",2008,4651600000
"asdb","AsDB",2009,6329220000
"asdb","AsDB",2010,3355130000
"asdb","AsDB",2011,3079890000
"asdb","AsDB",2012,3982050000
"asdb","AsDB",2013,1579860000
"AU","Australia",2000,1350340000
"AU","Australia",2001,-77940000
"AU","Australia",2002,-93630000
"AU","Australia",2003,-17830000
"AU","Australia",2004,-147090000
"AU","Australia",2005,-156650000
"AU","Australia",2006,316090000
"AU","Australia",2007,-32450000
"AU","Australia",2008,-150100000
"AU","Australia",2009,536370000
"AU","Australia",2010,310150000
"AU","Australia",2011,260910000
"AU","Australia",2012,326860000
"AU","Australia",2013,492930000
"AT","Austria",2000,123790000
"AT","Austria",2001,-228860000
"AT","Austria",2002,-58780000
"AT","Austria",2003,59210000
"AT","Austria",2004,-273590000
"AT","Austria",2005,362900000
"AT","Austria",2006,-508900000
"AT","Austria",2007,-638550000
"AT","Austria",2008,97680000
"AT","Austria",2009,-42590000
"AT","Austria",2010,-155540000
"AT","Austria",2011,28450000
"AT","Austria",2012,48480000
"AT","Austria",2013,430930000
"badea","BADEA",2000,0
"badea","BADEA",2001,0
"badea","BADEA",2002,0
"badea","BADEA",2003,0
"badea","BADEA",2004,0
"badea","BADEA",2005,0
"badea","BADEA",2006,0
"badea","BADEA",2007,0
"badea","BADEA",2008,0
"badea","BADEA",2009,0
"badea","BADEA",2010,0
"badea","BADEA",2011,0
"badea","BADEA",2012,0
"badea","BADEA",2013,0
"BE","Belgium",2000,-15520000
"BE","Belgium",2001,12530000
"BE","Belgium",2002,176470000
"BE","Belgium",2003,1305420000
"BE","Belgium",2004,-1.13e+08
"BE","Belgium",2005,464900000
"BE","Belgium",2006,-499170000
"BE","Belgium",2007,-166250000
"BE","Belgium",2008,-131850000
"BE","Belgium",2009,88290000
"BE","Belgium",2010,-15250000
"BE","Belgium",2011,-14040000
"BE","Belgium",2012,54950000
"BE","Belgium",2013,72810000
"CA","Canada",2000,9400000
"CA","Canada",2001,-196320000
"CA","Canada",2002,-852680000
"CA","Canada",2003,-621580000
"CA","Canada",2004,-1239460000
"CA","Canada",2005,-752680000
"CA","Canada",2006,457400000
"CA","Canada",2007,-4980000
"CA","Canada",2008,1814540000
"CA","Canada",2009,-1400240000
"CA","Canada",2010,1461930000
"CA","Canada",2011,332710000
"CA","Canada",2012,1625810000
"CA","Canada",2013,1158190000
"cardb","CarDB",2000,75740000
"cardb","CarDB",2001,48500000
"cardb","CarDB",2002,87920000
"cardb","CarDB",2003,61050000
"cardb","CarDB",2004,141620000
"cardb","CarDB",2005,21220000
"cardb","CarDB",2006,40810000
"cardb","CarDB",2007,49050000
"cardb","CarDB",2008,29340000
"cardb","CarDB",2009,56250000
"cardb","CarDB",2010,137310000
"cardb","CarDB",2011,35360000
"cardb","CarDB",2012,-10270000
"cardb","CarDB",2013,-9950000
"DK","Denmark",2000,-4800000
"DK","Denmark",2001,-7340000
"DK","Denmark",2002,-5640000
"DK","Denmark",2003,57720000
"DK","Denmark",2004,25750000
"DK","Denmark",2005,-9960000
"DK","Denmark",2006,-91320000
"DK","Denmark",2007,-123090000
"DK","Denmark",2008,-75100000
"DK","Denmark",2009,6280000
"DK","Denmark",2010,-33750000
"DK","Denmark",2011,9960000
"DK","Denmark",2012,5520000
"DK","Denmark",2013,7770000
"ebrd","EBRD",2000,359270000
"ebrd","EBRD",2001,350630000
"ebrd","EBRD",2002,140460000
"ebrd","EBRD",2003,290610000
"ebrd","EBRD",2004,1040940000
"ebrd","EBRD",2005,42230000
"ebrd","EBRD",2006,536320000
"ebrd","EBRD",2007,1505550000
"ebrd","EBRD",2008,2021410000
"ebrd","EBRD",2009,2411860000
"ebrd","EBRD",2010,2111380000
"ebrd","EBRD",2011,2300730000
"ebrd","EBRD",2012,1813150000
"ebrd","EBRD",2013,1618500000
"EU","European Union",2000,734330000
"EU","European Union",2001,5.73e+08
"EU","European Union",2002,1415670000
"EU","European Union",2003,1499030000
"EU","European Union",2004,2166210000
"EU","European Union",2005,1827110000
"EU","European Union",2006,2067060000
"EU","European Union",2007,4708020000
"EU","European Union",2008,4134820000
"EU","European Union",2009,4476220000
"EU","European Union",2010,5554540000
"EU","European Union",2011,-743630000
"EU","European Union",2012,-999420000
"EU","European Union",2013,-583800000
"FI","Finland",2000,3610000
"FI","Finland",2001,8530000
"FI","Finland",2002,5200000
"FI","Finland",2003,9290000
"FI","Finland",2004,-3320000
"FI","Finland",2005,0
"FI","Finland",2006,0
"FI","Finland",2007,100380000
"FI","Finland",2008,21410000
"FI","Finland",2009,133730000
"FI","Finland",2010,44310000
"FI","Finland",2011,1040030000
"FI","Finland",2012,9370000
"FI","Finland",2013,-29410000
"FR","France",2000,24310000
"FR","France",2001,-67650000
"FR","France",2002,1028470000
"FR","France",2003,3715960000
"FR","France",2004,-255860000
"FR","France",2005,-1614680000
"FR","France",2006,-2637420000
"FR","France",2007,-1187300000
"FR","France",2008,-213140000
"FR","France",2009,282140000
"FR","France",2010,-571720000
"FR","France",2011,-66290000
"FR","France",2012,-528320000
"FR","France",2013,639980000
"DE","Germany",2000,-723510000
"DE","Germany",2001,-1070080000
"DE","Germany",2002,5612090000
"DE","Germany",2003,-4448240000
"DE","Germany",2004,-1180360000
"DE","Germany",2005,7870080000
"DE","Germany",2006,-6308090000
"DE","Germany",2007,-2509370000
"DE","Germany",2008,-432220000
"DE","Germany",2009,179050000
"DE","Germany",2010,-406440000
"DE","Germany",2011,-384240000
"DE","Germany",2012,-845730000
"DE","Germany",2013,-347080000
"GR","Greece",2000,4640000
"GR","Greece",2001,0
"GR","Greece",2002,0
"GR","Greece",2003,0
"GR","Greece",2004,4300000
"GR","Greece",2005,0
"GR","Greece",2006,9420000
"GR","Greece",2007,3610000
"GR","Greece",2008,0
"GR","Greece",2009,0
"GR","Greece",2010,0
"GR","Greece",2011,0
"GR","Greece",2012,0
"GR","Greece",2013,0
"ibrd","IBRD",2000,4030430000
"ibrd","IBRD",2001,2846460000
"ibrd","IBRD",2002,-5381750000
"ibrd","IBRD",2003,-9273100000
"ibrd","IBRD",2004,-4238110000
"ibrd","IBRD",2005,-3050380000
"ibrd","IBRD",2006,-5620810000
"ibrd","IBRD",2007,91730000
"ibrd","IBRD",2008,3850480000
"ibrd","IBRD",2009,12080340000
"ibrd","IBRD",2010,18917660000
"ibrd","IBRD",2011,1767270000
"ibrd","IBRD",2012,7724740000
"ibrd","IBRD",2013,8018030000
"idb","IDB",2000,6614390000
"idb","IDB",2001,6480780000
"idb","IDB",2002,2148530000
"idb","IDB",2003,1683720000
"idb","IDB",2004,-1741040000
"idb","IDB",2005,-386260000
"idb","IDB",2006,-2929270000
"idb","IDB",2007,1556080000
"idb","IDB",2008,2452200000
"idb","IDB",2009,7185220000
"idb","IDB",2010,4692560000
"idb","IDB",2011,2591600000
"idb","IDB",2012,1914120000
"idb","IDB",2013,1417680000
"ifad","IFAD",2000,7100000
"ifad","IFAD",2001,9260000
"ifad","IFAD",2002,-7230000
"ifad","IFAD",2003,-10260000
"ifad","IFAD",2004,-11730000
"ifad","IFAD",2005,620000
"ifad","IFAD",2006,13140000
"ifad","IFAD",2007,7930000
"ifad","IFAD",2008,22710000
"ifad","IFAD",2009,6070000
"ifad","IFAD",2010,11630000
"ifad","IFAD",2011,11050000
"ifad","IFAD",2012,27800000
"ifad","IFAD",2013,26490000
"ifc","IFC",2000,347190000
"ifc","IFC",2001,34250000
"ifc","IFC",2002,48220000
"ifc","IFC",2003,1667130000
"ifc","IFC",2004,650070000
"ifc","IFC",2005,423310000
"ifc","IFC",2006,1788210000
"ifc","IFC",2007,2128250000
"ifc","IFC",2008,3264600000
"ifc","IFC",2009,2354300000
"ifc","IFC",2010,1757990000
"ifc","IFC",2011,1391420000
"ifc","IFC",2012,2181410000
"ifc","IFC",2013,2011640000
"islamic-dev-bank","Islamic Dev Bank",2000,0
"islamic-dev-bank","Islamic Dev Bank",2001,0
"islamic-dev-bank","Islamic Dev Bank",2002,0
"islamic-dev-bank","Islamic Dev Bank",2003,0
"islamic-dev-bank","Islamic Dev Bank",2004,0
"islamic-dev-bank","Islamic Dev Bank",2005,0
"islamic-dev-bank","Islamic Dev Bank",2006,0
"islamic-dev-bank","Islamic Dev Bank",2007,0
"islamic-dev-bank","Islamic Dev Bank",2008,0
"islamic-dev-bank","Islamic Dev Bank",2009,0
"islamic-dev-bank","Islamic Dev Bank",2010,1204170000
"islamic-dev-bank","Islamic Dev Bank",2011,1537250000
"islamic-dev-bank","Islamic Dev Bank",2012,818560000
"islamic-dev-bank","Islamic Dev Bank",2013,0
"IT","Italy",2000,-185820000
"IT","Italy",2001,98080000
"IT","Italy",2002,-611780000
"IT","Italy",2003,-381760000
"IT","Italy",2004,601970000
"IT","Italy",2005,-1312790000
"IT","Italy",2006,-1086880000
"IT","Italy",2007,-265280000
"IT","Italy",2008,384220000
"IT","Italy",2009,-68810000
"IT","Italy",2010,-150780000
"IT","Italy",2011,-200920000
"IT","Italy",2012,196150000
"IT","Italy",2013,153530000
"JP","Japan",2000,-5699870000
"JP","Japan",2001,-1147960000
"JP","Japan",2002,-2333330000
"JP","Japan",2003,-3281730000
"JP","Japan",2004,-2456760000
"JP","Japan",2005,-1798240000
"JP","Japan",2006,3690650000
"JP","Japan",2007,-316600000
"JP","Japan",2008,-3168740000
"JP","Japan",2009,7474790000
"JP","Japan",2010,3398840000
"JP","Japan",2011,3234370000
"JP","Japan",2012,6205920000
"JP","Japan",2013,1849890000
"KW","Kuwait",2000,0
"KW","Kuwait",2001,0
"KW","Kuwait",2002,0
"KW","Kuwait",2003,0
"KW","Kuwait",2004,0
"KW","Kuwait",2005,0
"KW","Kuwait",2006,0
"KW","Kuwait",2007,0
"KW","Kuwait",2008,0
"KW","Kuwait",2009,0
"KW","Kuwait",2010,0
"KW","Kuwait",2011,0
"KW","Kuwait",2012,0
"KW","Kuwait",2013,0
"LU","Luxembourg",2000,0
"LU","Luxembourg",2001,0
"LU","Luxembourg",2002,0
"LU","Luxembourg",2003,0
"LU","Luxembourg",2004,0
"LU","Luxembourg",2005,0
"LU","Luxembourg",2006,0
"LU","Luxembourg",2007,0
"LU","Luxembourg",2008,0
"LU","Luxembourg",2009,0
"LU","Luxembourg",2010,0
"LU","Luxembourg",2011,0
"LU","Luxembourg",2012,0
"LU","Luxembourg",2013,0
"NL","Netherlands",2000,66400000
"NL","Netherlands",2001,71880000
"NL","Netherlands",2002,360110000
"NL","Netherlands",2003,1155110000
"NL","Netherlands",2004,174930000
"NL","Netherlands",2005,172540000
"NL","Netherlands",2006,378200000
"NL","Netherlands",2007,0
"NL","Netherlands",2008,0
"NL","Netherlands",2009,0
"NL","Netherlands",2010,0
"NL","Netherlands",2011,0
"NL","Netherlands",2012,0
"NL","Netherlands",2013,0
"NZ","New Zealand",2000,0
"NZ","New Zealand",2001,0
"NZ","New Zealand",2002,4920000
"NZ","New Zealand",2003,5160000
"NZ","New Zealand",2004,7760000
"NZ","New Zealand",2005,9580000
"NZ","New Zealand",2006,10620000
"NZ","New Zealand",2007,9970000
"NZ","New Zealand",2008,10270000
"NZ","New Zealand",2009,10380000
"NZ","New Zealand",2010,9500000
"NZ","New Zealand",2011,9810000
"NZ","New Zealand",2012,11270000
"NZ","New Zealand",2013,10700000
"nordic-dev-fund","Nordic Dev.Fund",2000,0
"nordic-dev-fund","Nordic Dev.Fund",2001,0
"nordic-dev-fund","Nordic Dev.Fund",2002,0
"nordic-dev-fund","Nordic Dev.Fund",2003,0
"nordic-dev-fund","Nordic Dev.Fund",2004,0
"nordic-dev-fund","Nordic Dev.Fund",2005,0
"nordic-dev-fund","Nordic Dev.Fund",2006,0
"nordic-dev-fund","Nordic Dev.Fund",2007,0
"nordic-dev-fund","Nordic Dev.Fund",2008,0
"nordic-dev-fund","Nordic Dev.Fund",2009,0
"nordic-dev-fund","Nordic Dev.Fund",2010,0
"nordic-dev-fund","Nordic Dev.Fund",2011,0
"nordic-dev-fund","Nordic Dev.Fund",2012,0
"nordic-dev-fund","Nordic Dev.Fund",2013,0
"NO","Norway",2000,0
"NO","Norway",2001,0
"NO","Norway",2002,0
"NO","Norway",2003,440000
"NO","Norway",2004,460000
"NO","Norway",2005,6970000
"NO","Norway",2006,6820000
"NO","Norway",2007,6190000
"NO","Norway",2008,550000
"NO","Norway",2009,150000
"NO","Norway",2010,750000
"NO","Norway",2011,0
"NO","Norway",2012,-210000
"NO","Norway",2013,210000
"ofid","OFID",2000,0
"ofid","OFID",2001,0
"ofid","OFID",2002,0
"ofid","OFID",2003,0
"ofid","OFID",2004,0
"ofid","OFID",2005,0
"ofid","OFID",2006,0
"ofid","OFID",2007,0
"ofid","OFID",2008,0
"ofid","OFID",2009,272030000
"ofid","OFID",2010,299200000
"ofid","OFID",2011,316170000
"ofid","OFID",2012,97240000
"ofid","OFID",2013,228510000
"PT","Portugal",2000,137400000
"PT","Portugal",2001,-1860000
"PT","Portugal",2002,-2250000
"PT","Portugal",2003,-2340000
"PT","Portugal",2004,-800420000
"PT","Portugal",2005,-3090000
"PT","Portugal",2006,-22020000
"PT","Portugal",2007,-229470000
"PT","Portugal",2008,0
"PT","Portugal",2009,0
"PT","Portugal",2010,0
"PT","Portugal",2011,0
"PT","Portugal",2012,1930000
"PT","Portugal",2013,2820000
"SA","Saudi Arabia",2000,0
"SA","Saudi Arabia",2001,0
"SA","Saudi Arabia",2002,0
"SA","Saudi Arabia",2003,0
"SA","Saudi Arabia",2004,0
"SA","Saudi Arabia",2005,0
"SA","Saudi Arabia",2006,0
"SA","Saudi Arabia",2007,0
"SA","Saudi Arabia",2008,0
"SA","Saudi Arabia",2009,0
"SA","Saudi Arabia",2010,0
"SA","Saudi Arabia",2011,0
"SA","Saudi Arabia",2012,0
"SA","Saudi Arabia",2013,0
"KR","South Korea",2000,-921330000
"KR","South Korea",2001,-294040000
"KR","South Korea",2002,317110000
"KR","South Korea",2003,20250000
"KR","South Korea",2004,350820000
"KR","South Korea",2005,755540000
"KR","South Korea",2006,998360000
"KR","South Korea",2007,938180000
"KR","South Korea",2008,2061110000
"KR","South Korea",2009,543580000
"KR","South Korea",2010,1993140000
"KR","South Korea",2011,2221720000
"KR","South Korea",2012,1171400000
"KR","South Korea",2013,1262600000
"ES","Spain",2000,6210000
"ES","Spain",2001,273290000
"ES","Spain",2002,92490000
"ES","Spain",2003,99390000
"ES","Spain",2004,29750000
"ES","Spain",2005,76150000
"ES","Spain",2006,0
"ES","Spain",2007,6060000
"ES","Spain",2008,0
"ES","Spain",2009,3210000
"ES","Spain",2010,0
"ES","Spain",2011,3780000
"ES","Spain",2012,2480000
"ES","Spain",2013,13930000
"SE","Sweden",2000,180000
"SE","Sweden",2001,2130000
"SE","Sweden",2002,2990000
"SE","Sweden",2003,-21240000
"SE","Sweden",2004,-79730000
"SE","Sweden",2005,-5e+06
"SE","Sweden",2006,-2150000
"SE","Sweden",2007,-50300000
"SE","Sweden",2008,31970000
"SE","Sweden",2009,79420000
"SE","Sweden",2010,50000
"SE","Sweden",2011,-128920000
"SE","Sweden",2012,-48440000
"SE","Sweden",2013,-22290000
"CH","Switzerland",2000,15190000
"CH","Switzerland",2001,12800000
"CH","Switzerland",2002,5870000
"CH","Switzerland",2003,90000
"CH","Switzerland",2004,0
"CH","Switzerland",2005,0
"CH","Switzerland",2006,24370000
"CH","Switzerland",2007,0
"CH","Switzerland",2008,0
"CH","Switzerland",2009,0
"CH","Switzerland",2010,0
"CH","Switzerland",2011,0
"CH","Switzerland",2012,0
"CH","Switzerland",2013,0
"TR","Turkey",2000,0
"TR","Turkey",2001,0
"TR","Turkey",2002,0
"TR","Turkey",2003,69210000
"TR","Turkey",2004,1131630000
"TR","Turkey",2005,494750000
"TR","Turkey",2006,-151630000
"TR","Turkey",2007,-43600000
"TR","Turkey",2008,-2390000
"TR","Turkey",2009,-11650000
"TR","Turkey",2010,-24470000
"TR","Turkey",2011,11670000
"TR","Turkey",2012,56550000
"TR","Turkey",2013,-13080000
"AE","UAE",2000,0
"AE","UAE",2001,0
"AE","UAE",2002,0
"AE","UAE",2003,0
"AE","UAE",2004,0
"AE","UAE",2005,0
"AE","UAE",2006,0
"AE","UAE",2007,0
"AE","UAE",2008,0
"AE","UAE",2009,9790000
"AE","UAE",2010,-1870000
"AE","UAE",2011,23970000
"AE","UAE",2012,60570000
"AE","UAE",2013,7390000
"GB","United Kingdom",2000,-100110000
"GB","United Kingdom",2001,32470000
"GB","United Kingdom",2002,-5120000
"GB","United Kingdom",2003,59900000
"GB","United Kingdom",2004,-162730000
"GB","United Kingdom",2005,-102640000
"GB","United Kingdom",2006,-186340000
"GB","United Kingdom",2007,-38620000
"GB","United Kingdom",2008,-21510000
"GB","United Kingdom",2009,-14140000
"GB","United Kingdom",2010,-20310000
"GB","United Kingdom",2011,-39920000
"GB","United Kingdom",2012,36020000
"GB","United Kingdom",2013,185250000
"US","USA",2000,720820000
"US","USA",2001,9.47e+08
"US","USA",2002,279770000
"US","USA",2003,1292770000
"US","USA",2004,-800390000
"US","USA",2005,-1195650000
"US","USA",2006,-4448160000
"US","USA",2007,-1760050000
"US","USA",2008,-1163530000
"US","USA",2009,1037620000
"US","USA",2010,5020000
"US","USA",2011,2611640000
"US","USA",2012,2461880000
"US","USA",2013,1406030000
