"id","entity-name","year","value"
"AF","Afghanistan",2000,0
"AF","Afghanistan",2001,0
"AF","Afghanistan",2002,0
"AF","Afghanistan",2003,790000
"AF","Afghanistan",2004,1710000
"AF","Afghanistan",2005,64560000
"AF","Afghanistan",2006,29570000
"AF","Afghanistan",2007,-4390000
"AF","Afghanistan",2008,23170000
"AF","Afghanistan",2009,45680000
"AF","Afghanistan",2010,76820000
"AF","Afghanistan",2011,102360000
"AF","Afghanistan",2012,28650000
"AF","Afghanistan",2013,61350000
"africa","Africa, regional",2000,1.3e+07
"africa","Africa, regional",2001,57730000
"africa","Africa, regional",2002,41350000
"africa","Africa, regional",2003,116960000
"africa","Africa, regional",2004,28190000
"africa","Africa, regional",2005,99920000
"africa","Africa, regional",2006,2390000
"africa","Africa, regional",2007,24270000
"africa","Africa, regional",2008,222850000
"africa","Africa, regional",2009,364760000
"africa","Africa, regional",2010,330750000
"africa","Africa, regional",2011,83070000
"africa","Africa, regional",2012,410030000
"africa","Africa, regional",2013,296620000
"AL","Albania",2000,-2420000
"AL","Albania",2001,-5350000
"AL","Albania",2002,19480000
"AL","Albania",2003,26760000
"AL","Albania",2004,1e+08
"AL","Albania",2005,127970000
"AL","Albania",2006,33550000
"AL","Albania",2007,62190000
"AL","Albania",2008,133150000
"AL","Albania",2009,101580000
"AL","Albania",2010,79620000
"AL","Albania",2011,184220000
"AL","Albania",2012,205440000
"AL","Albania",2013,-68230000
"DZ","Algeria",2000,-336600000
"DZ","Algeria",2001,-92210000
"DZ","Algeria",2002,-344010000
"DZ","Algeria",2003,-350400000
"DZ","Algeria",2004,-1920980000
"DZ","Algeria",2005,-1802800000
"DZ","Algeria",2006,-4969890000
"DZ","Algeria",2007,-158120000
"DZ","Algeria",2008,-309190000
"DZ","Algeria",2009,-210960000
"DZ","Algeria",2010,558650000
"DZ","Algeria",2011,-185210000
"DZ","Algeria",2012,-41510000
"DZ","Algeria",2013,-49970000
"america","America, regional",2000,-2100000
"america","America, regional",2001,17980000
"america","America, regional",2002,9710000
"america","America, regional",2003,59680000
"america","America, regional",2004,2760000
"america","America, regional",2005,-13860000
"america","America, regional",2006,-4110000
"america","America, regional",2007,9690000
"america","America, regional",2008,164620000
"america","America, regional",2009,132970000
"america","America, regional",2010,155210000
"america","America, regional",2011,193700000
"america","America, regional",2012,152040000
"america","America, regional",2013,213470000
"AO","Angola",2000,-65900000
"AO","Angola",2001,-16150000
"AO","Angola",2002,54010000
"AO","Angola",2003,-13460000
"AO","Angola",2004,-863380000
"AO","Angola",2005,-9030000
"AO","Angola",2006,-15500000
"AO","Angola",2007,-15140000
"AO","Angola",2008,123850000
"AO","Angola",2009,-14330000
"AO","Angola",2010,56250000
"AO","Angola",2011,31970000
"AO","Angola",2012,94060000
"AO","Angola",2013,54560000
"AI","Anguilla",2000,6290000
"AI","Anguilla",2001,1460000
"AI","Anguilla",2002,6860000
"AI","Anguilla",2003,390000
"AI","Anguilla",2004,170000
"AI","Anguilla",2005,-390000
"AI","Anguilla",2006,6240000
"AI","Anguilla",2007,1170000
"AI","Anguilla",2008,-250000
"AI","Anguilla",2009,-1010000
"AI","Anguilla",2010,54890000
"AI","Anguilla",2011,-1180000
"AI","Anguilla",2012,-820000
"AI","Anguilla",2013,-1470000
"AG","Antigua & Barbuda",2000,140000
"AG","Antigua & Barbuda",2001,-2850000
"AG","Antigua & Barbuda",2002,-3090000
"AG","Antigua & Barbuda",2003,3130000
"AG","Antigua & Barbuda",2004,3190000
"AG","Antigua & Barbuda",2005,-840000
"AG","Antigua & Barbuda",2006,-1600000
"AG","Antigua & Barbuda",2007,370000
"AG","Antigua & Barbuda",2008,1860000
"AG","Antigua & Barbuda",2009,10310000
"AG","Antigua & Barbuda",2010,-950000
"AG","Antigua & Barbuda",2011,33350000
"AG","Antigua & Barbuda",2012,-17790000
"AG","Antigua & Barbuda",2013,12460000
"AR","Argentina",2000,985940000
"AR","Argentina",2001,2261400000
"AR","Argentina",2002,-2694620000
"AR","Argentina",2003,-1052490000
"AR","Argentina",2004,-289570000
"AR","Argentina",2005,-648070000
"AR","Argentina",2006,-1113150000
"AR","Argentina",2007,-812890000
"AR","Argentina",2008,-423400000
"AR","Argentina",2009,1361470000
"AR","Argentina",2010,583280000
"AR","Argentina",2011,484820000
"AR","Argentina",2012,28370000
"AR","Argentina",2013,574590000
"AM","Armenia",2000,26500000
"AM","Armenia",2001,-3280000
"AM","Armenia",2002,850000
"AM","Armenia",2003,-7400000
"AM","Armenia",2004,-5e+06
"AM","Armenia",2005,-12500000
"AM","Armenia",2006,18770000
"AM","Armenia",2007,59070000
"AM","Armenia",2008,48360000
"AM","Armenia",2009,115710000
"AM","Armenia",2010,187360000
"AM","Armenia",2011,114350000
"AM","Armenia",2012,145060000
"AM","Armenia",2013,118350000
"AW","Aruba",2000,0
"AW","Aruba",2001,0
"AW","Aruba",2002,0
"AW","Aruba",2003,0
"AW","Aruba",2004,0
"AW","Aruba",2005,0
"AW","Aruba",2006,0
"AW","Aruba",2007,0
"AW","Aruba",2008,0
"AW","Aruba",2009,0
"AW","Aruba",2010,0
"AW","Aruba",2011,0
"AW","Aruba",2012,0
"AW","Aruba",2013,0
"asia","Asia, regional",2000,1740000
"asia","Asia, regional",2001,30750000
"asia","Asia, regional",2002,-1370000
"asia","Asia, regional",2003,48550000
"asia","Asia, regional",2004,1080000
"asia","Asia, regional",2005,-5e+06
"asia","Asia, regional",2006,-8780000
"asia","Asia, regional",2007,-7440000
"asia","Asia, regional",2008,127220000
"asia","Asia, regional",2009,261630000
"asia","Asia, regional",2010,252180000
"asia","Asia, regional",2011,211990000
"asia","Asia, regional",2012,320700000
"asia","Asia, regional",2013,279870000
"AZ","Azerbaijan",2000,84200000
"AZ","Azerbaijan",2001,-13650000
"AZ","Azerbaijan",2002,35250000
"AZ","Azerbaijan",2003,1428090000
"AZ","Azerbaijan",2004,383650000
"AZ","Azerbaijan",2005,144990000
"AZ","Azerbaijan",2006,-179560000
"AZ","Azerbaijan",2007,-487510000
"AZ","Azerbaijan",2008,-463800000
"AZ","Azerbaijan",2009,174960000
"AZ","Azerbaijan",2010,287100000
"AZ","Azerbaijan",2011,481550000
"AZ","Azerbaijan",2012,614550000
"AZ","Azerbaijan",2013,331530000
"BS","Bahamas",2000,0
"BS","Bahamas",2001,0
"BS","Bahamas",2002,0
"BS","Bahamas",2003,0
"BS","Bahamas",2004,0
"BS","Bahamas",2005,0
"BS","Bahamas",2006,0
"BS","Bahamas",2007,0
"BS","Bahamas",2008,0
"BS","Bahamas",2009,0
"BS","Bahamas",2010,0
"BS","Bahamas",2011,0
"BS","Bahamas",2012,0
"BS","Bahamas",2013,0
"BH","Bahrain",2000,-360000
"BH","Bahrain",2001,-3080000
"BH","Bahrain",2002,0
"BH","Bahrain",2003,30380000
"BH","Bahrain",2004,0
"BH","Bahrain",2005,0
"BH","Bahrain",2006,0
"BH","Bahrain",2007,0
"BH","Bahrain",2008,0
"BH","Bahrain",2009,0
"BH","Bahrain",2010,0
"BH","Bahrain",2011,0
"BH","Bahrain",2012,0
"BH","Bahrain",2013,0
"BD","Bangladesh",2000,-1110000
"BD","Bangladesh",2001,-1390000
"BD","Bangladesh",2002,-1970000
"BD","Bangladesh",2003,6770000
"BD","Bangladesh",2004,88490000
"BD","Bangladesh",2005,166270000
"BD","Bangladesh",2006,78290000
"BD","Bangladesh",2007,115490000
"BD","Bangladesh",2008,99260000
"BD","Bangladesh",2009,710730000
"BD","Bangladesh",2010,120250000
"BD","Bangladesh",2011,144780000
"BD","Bangladesh",2012,174570000
"BD","Bangladesh",2013,89320000
"BB","Barbados",2000,18410000
"BB","Barbados",2001,26720000
"BB","Barbados",2002,10430000
"BB","Barbados",2003,34030000
"BB","Barbados",2004,13790000
"BB","Barbados",2005,140000
"BB","Barbados",2006,72100000
"BB","Barbados",2007,10290000
"BB","Barbados",2008,19230000
"BB","Barbados",2009,-6200000
"BB","Barbados",2010,36930000
"BB","Barbados",2011,0
"BB","Barbados",2012,0
"BB","Barbados",2013,0
"BY","Belarus",2000,0
"BY","Belarus",2001,0
"BY","Belarus",2002,0
"BY","Belarus",2003,0
"BY","Belarus",2004,0
"BY","Belarus",2005,18070000
"BY","Belarus",2006,-9190000
"BY","Belarus",2007,-33180000
"BY","Belarus",2008,26290000
"BY","Belarus",2009,265650000
"BY","Belarus",2010,84930000
"BY","Belarus",2011,68340000
"BY","Belarus",2012,330880000
"BY","Belarus",2013,292780000
"BZ","Belize",2000,25570000
"BZ","Belize",2001,15030000
"BZ","Belize",2002,12330000
"BZ","Belize",2003,23550000
"BZ","Belize",2004,12680000
"BZ","Belize",2005,-1560000
"BZ","Belize",2006,14740000
"BZ","Belize",2007,16450000
"BZ","Belize",2008,-3230000
"BZ","Belize",2009,11860000
"BZ","Belize",2010,-4170000
"BZ","Belize",2011,480000
"BZ","Belize",2012,4280000
"BZ","Belize",2013,5390000
"BJ","Benin",2000,-19650000
"BJ","Benin",2001,-1330000
"BJ","Benin",2002,2110000
"BJ","Benin",2003,-4950000
"BJ","Benin",2004,-10020000
"BJ","Benin",2005,-770000
"BJ","Benin",2006,-890000
"BJ","Benin",2007,-1370000
"BJ","Benin",2008,6400000
"BJ","Benin",2009,260000
"BJ","Benin",2010,-24100000
"BJ","Benin",2011,-2950000
"BJ","Benin",2012,-2930000
"BJ","Benin",2013,4130000
"BM","Bermuda",2000,0
"BM","Bermuda",2001,0
"BM","Bermuda",2002,0
"BM","Bermuda",2003,0
"BM","Bermuda",2004,0
"BM","Bermuda",2005,0
"BM","Bermuda",2006,0
"BM","Bermuda",2007,0
"BM","Bermuda",2008,0
"BM","Bermuda",2009,0
"BM","Bermuda",2010,0
"BM","Bermuda",2011,0
"BM","Bermuda",2012,0
"BM","Bermuda",2013,0
"BT","Bhutan",2000,-240000
"BT","Bhutan",2001,-260000
"BT","Bhutan",2002,22110000
"BT","Bhutan",2003,18010000
"BT","Bhutan",2004,13460000
"BT","Bhutan",2005,-2400000
"BT","Bhutan",2006,0
"BT","Bhutan",2007,-1250000
"BT","Bhutan",2008,-1020000
"BT","Bhutan",2009,8280000
"BT","Bhutan",2010,17490000
"BT","Bhutan",2011,1.2e+07
"BT","Bhutan",2012,4310000
"BT","Bhutan",2013,-3160000
"bilateral-unspecified","Bilateral, unspecified",2000,475400000
"bilateral-unspecified","Bilateral, unspecified",2001,-261710000
"bilateral-unspecified","Bilateral, unspecified",2002,1405260000
"bilateral-unspecified","Bilateral, unspecified",2003,1012460000
"bilateral-unspecified","Bilateral, unspecified",2004,1443350000
"bilateral-unspecified","Bilateral, unspecified",2005,472480000
"bilateral-unspecified","Bilateral, unspecified",2006,490680000
"bilateral-unspecified","Bilateral, unspecified",2007,-1037470000
"bilateral-unspecified","Bilateral, unspecified",2008,-122650000
"bilateral-unspecified","Bilateral, unspecified",2009,5988160000
"bilateral-unspecified","Bilateral, unspecified",2010,645790000
"bilateral-unspecified","Bilateral, unspecified",2011,2264220000
"bilateral-unspecified","Bilateral, unspecified",2012,1071130000
"bilateral-unspecified","Bilateral, unspecified",2013,1761190000
"BO","Bolivia ",2000,-48620000
"BO","Bolivia ",2001,-153170000
"BO","Bolivia ",2002,-101070000
"BO","Bolivia ",2003,11750000
"BO","Bolivia ",2004,-71950000
"BO","Bolivia ",2005,-24290000
"BO","Bolivia ",2006,-93700000
"BO","Bolivia ",2007,-22890000
"BO","Bolivia ",2008,82750000
"BO","Bolivia ",2009,-89650000
"BO","Bolivia ",2010,37040000
"BO","Bolivia ",2011,-152980000
"BO","Bolivia ",2012,-98830000
"BO","Bolivia ",2013,-76910000
"BA","Bosnia & Herzegovina",2000,60790000
"BA","Bosnia & Herzegovina",2001,23660000
"BA","Bosnia & Herzegovina",2002,27750000
"BA","Bosnia & Herzegovina",2003,31060000
"BA","Bosnia & Herzegovina",2004,62160000
"BA","Bosnia & Herzegovina",2005,34260000
"BA","Bosnia & Herzegovina",2006,112340000
"BA","Bosnia & Herzegovina",2007,194560000
"BA","Bosnia & Herzegovina",2008,185970000
"BA","Bosnia & Herzegovina",2009,188070000
"BA","Bosnia & Herzegovina",2010,215770000
"BA","Bosnia & Herzegovina",2011,-22890000
"BA","Bosnia & Herzegovina",2012,-1620000
"BA","Bosnia & Herzegovina",2013,113570000
"BW","Botswana",2000,7170000
"BW","Botswana",2001,-26920000
"BW","Botswana",2002,-24940000
"BW","Botswana",2003,-12790000
"BW","Botswana",2004,-15200000
"BW","Botswana",2005,18750000
"BW","Botswana",2006,-1310000
"BW","Botswana",2007,-15720000
"BW","Botswana",2008,12130000
"BW","Botswana",2009,1010230000
"BW","Botswana",2010,-7760000
"BW","Botswana",2011,581910000
"BW","Botswana",2012,54450000
"BW","Botswana",2013,-101400000
"BR","Brazil",2000,5639280000
"BR","Brazil",2001,3731110000
"BR","Brazil",2002,2208100000
"BR","Brazil",2003,-707900000
"BR","Brazil",2004,-3238110000
"BR","Brazil",2005,-78580000
"BR","Brazil",2006,2364110000
"BR","Brazil",2007,667530000
"BR","Brazil",2008,1305120000
"BR","Brazil",2009,2214830000
"BR","Brazil",2010,4258540000
"BR","Brazil",2011,-3772770000
"BR","Brazil",2012,3478060000
"BR","Brazil",2013,1231190000
"BN","Brunei",2000,0
"BN","Brunei",2001,0
"BN","Brunei",2002,0
"BN","Brunei",2003,0
"BN","Brunei",2004,0
"BN","Brunei",2005,0
"BN","Brunei",2006,0
"BN","Brunei",2007,0
"BN","Brunei",2008,0
"BN","Brunei",2009,0
"BN","Brunei",2010,0
"BN","Brunei",2011,0
"BN","Brunei",2012,0
"BN","Brunei",2013,0
"BF","Burkina Faso",2000,-9340000
"BF","Burkina Faso",2001,-9620000
"BF","Burkina Faso",2002,-18100000
"BF","Burkina Faso",2003,-6300000
"BF","Burkina Faso",2004,-2820000
"BF","Burkina Faso",2005,1140000
"BF","Burkina Faso",2006,880000
"BF","Burkina Faso",2007,3890000
"BF","Burkina Faso",2008,17610000
"BF","Burkina Faso",2009,-10190000
"BF","Burkina Faso",2010,19740000
"BF","Burkina Faso",2011,-1880000
"BF","Burkina Faso",2012,-2910000
"BF","Burkina Faso",2013,-140000
"BI","Burundi",2000,0
"BI","Burundi",2001,730000
"BI","Burundi",2002,0
"BI","Burundi",2003,-820000
"BI","Burundi",2004,-8870000
"BI","Burundi",2005,0
"BI","Burundi",2006,0
"BI","Burundi",2007,0
"BI","Burundi",2008,0
"BI","Burundi",2009,0
"BI","Burundi",2010,-530000
"BI","Burundi",2011,0
"BI","Burundi",2012,-90000
"BI","Burundi",2013,3930000
"KH","Cambodia",2000,-410000
"KH","Cambodia",2001,730000
"KH","Cambodia",2002,5500000
"KH","Cambodia",2003,1570000
"KH","Cambodia",2004,7260000
"KH","Cambodia",2005,18920000
"KH","Cambodia",2006,2420000
"KH","Cambodia",2007,-9300000
"KH","Cambodia",2008,27230000
"KH","Cambodia",2009,-8250000
"KH","Cambodia",2010,-950000
"KH","Cambodia",2011,16610000
"KH","Cambodia",2012,38880000
"KH","Cambodia",2013,83670000
"CM","Cameroon",2000,-108670000
"CM","Cameroon",2001,-221400000
"CM","Cameroon",2002,269410000
"CM","Cameroon",2003,-573740000
"CM","Cameroon",2004,-369690000
"CM","Cameroon",2005,-113910000
"CM","Cameroon",2006,-1118060000
"CM","Cameroon",2007,-1172760000
"CM","Cameroon",2008,-61390000
"CM","Cameroon",2009,64680000
"CM","Cameroon",2010,31230000
"CM","Cameroon",2011,-10800000
"CM","Cameroon",2012,51630000
"CM","Cameroon",2013,-58290000
"CV","Cape Verde",2000,-2400000
"CV","Cape Verde",2001,-1160000
"CV","Cape Verde",2002,-490000
"CV","Cape Verde",2003,-590000
"CV","Cape Verde",2004,-110000
"CV","Cape Verde",2005,7860000
"CV","Cape Verde",2006,-1160000
"CV","Cape Verde",2007,-2820000
"CV","Cape Verde",2008,1060000
"CV","Cape Verde",2009,35440000
"CV","Cape Verde",2010,23350000
"CV","Cape Verde",2011,89430000
"CV","Cape Verde",2012,11830000
"CV","Cape Verde",2013,40110000
"CF","CAR",2000,-2360000
"CF","CAR",2001,-540000
"CF","CAR",2002,-920000
"CF","CAR",2003,-130000
"CF","CAR",2004,0
"CF","CAR",2005,0
"CF","CAR",2006,850000
"CF","CAR",2007,-4300000
"CF","CAR",2008,-660000
"CF","CAR",2009,-1240000
"CF","CAR",2010,-21600000
"CF","CAR",2011,2220000
"CF","CAR",2012,0
"CF","CAR",2013,0
"KY","Cayman Islands",2000,0
"KY","Cayman Islands",2001,0
"KY","Cayman Islands",2002,0
"KY","Cayman Islands",2003,0
"KY","Cayman Islands",2004,0
"KY","Cayman Islands",2005,0
"KY","Cayman Islands",2006,0
"KY","Cayman Islands",2007,0
"KY","Cayman Islands",2008,0
"KY","Cayman Islands",2009,0
"KY","Cayman Islands",2010,0
"KY","Cayman Islands",2011,0
"KY","Cayman Islands",2012,0
"KY","Cayman Islands",2013,0
"central-asia","Central Asia, regional",2000,0
"central-asia","Central Asia, regional",2001,0
"central-asia","Central Asia, regional",2002,0
"central-asia","Central Asia, regional",2003,0
"central-asia","Central Asia, regional",2004,0
"central-asia","Central Asia, regional",2005,0
"central-asia","Central Asia, regional",2006,0
"central-asia","Central Asia, regional",2007,880000
"central-asia","Central Asia, regional",2008,0
"central-asia","Central Asia, regional",2009,0
"central-asia","Central Asia, regional",2010,0
"central-asia","Central Asia, regional",2011,29280000
"central-asia","Central Asia, regional",2012,4.5e+07
"central-asia","Central Asia, regional",2013,0
"TD","Chad",2000,-1610000
"TD","Chad",2001,16530000
"TD","Chad",2002,10600000
"TD","Chad",2003,29960000
"TD","Chad",2004,6580000
"TD","Chad",2005,-5460000
"TD","Chad",2006,-12390000
"TD","Chad",2007,2900000
"TD","Chad",2008,-26990000
"TD","Chad",2009,-6820000
"TD","Chad",2010,34430000
"TD","Chad",2011,14920000
"TD","Chad",2012,26160000
"TD","Chad",2013,-1890000
"CL","Chile",2000,-393010000
"CL","Chile",2001,96220000
"CL","Chile",2002,-528520000
"CL","Chile",2003,-91530000
"CL","Chile",2004,-556150000
"CL","Chile",2005,-153750000
"CL","Chile",2006,52960000
"CL","Chile",2007,-106700000
"CL","Chile",2008,466250000
"CL","Chile",2009,878310000
"CL","Chile",2010,811070000
"CL","Chile",2011,364590000
"CL","Chile",2012,6168270000
"CL","Chile",2013,1035920000
"CN","China",2000,40700000
"CN","China",2001,2278090000
"CN","China",2002,-2255630000
"CN","China",2003,-4346360000
"CN","China",2004,334330000
"CN","China",2005,227430000
"CN","China",2006,1205800000
"CN","China",2007,805610000
"CN","China",2008,1590540000
"CN","China",2009,260390000
"CN","China",2010,2548850000
"CN","China",2011,1513530000
"CN","China",2012,792040000
"CN","China",2013,999670000
"CO","Colombia",2000,-360310000
"CO","Colombia",2001,1003490000
"CO","Colombia",2002,-96260000
"CO","Colombia",2003,2559470000
"CO","Colombia",2004,-60250000
"CO","Colombia",2005,-1036700000
"CO","Colombia",2006,1436390000
"CO","Colombia",2007,983850000
"CO","Colombia",2008,1481250000
"CO","Colombia",2009,1918110000
"CO","Colombia",2010,1390660000
"CO","Colombia",2011,369100000
"CO","Colombia",2012,2583300000
"CO","Colombia",2013,1390600000
"KM","Comoros",2000,-50000
"KM","Comoros",2001,0
"KM","Comoros",2002,-890000
"KM","Comoros",2003,0
"KM","Comoros",2004,-230000
"KM","Comoros",2005,0
"KM","Comoros",2006,0
"KM","Comoros",2007,-10530000
"KM","Comoros",2008,0
"KM","Comoros",2009,-1e+06
"KM","Comoros",2010,2300000
"KM","Comoros",2011,-790000
"KM","Comoros",2012,-240000
"KM","Comoros",2013,-5010000
"CG","Congo",2000,-26370000
"CG","Congo",2001,-94260000
"CG","Congo",2002,-46700000
"CG","Congo",2003,425480000
"CG","Congo",2004,-104070000
"CG","Congo",2005,501610000
"CG","Congo",2006,-135160000
"CG","Congo",2007,-94800000
"CG","Congo",2008,-207600000
"CG","Congo",2009,-110250000
"CG","Congo",2010,-975360000
"CG","Congo",2011,-52490000
"CG","Congo",2012,-8520000
"CG","Congo",2013,-10730000
"CK","Cook Islands",2000,-430000
"CK","Cook Islands",2001,-470000
"CK","Cook Islands",2002,-430000
"CK","Cook Islands",2003,0
"CK","Cook Islands",2004,-4e+05
"CK","Cook Islands",2005,-4e+05
"CK","Cook Islands",2006,-9290000
"CK","Cook Islands",2007,-370000
"CK","Cook Islands",2008,-110000
"CK","Cook Islands",2009,-540000
"CK","Cook Islands",2010,10040000
"CK","Cook Islands",2011,5100000
"CK","Cook Islands",2012,7090000
"CK","Cook Islands",2013,4920000
"CR","Costa Rica",2000,-73810000
"CR","Costa Rica",2001,-77810000
"CR","Costa Rica",2002,-35350000
"CR","Costa Rica",2003,8440000
"CR","Costa Rica",2004,-8570000
"CR","Costa Rica",2005,-151850000
"CR","Costa Rica",2006,-78660000
"CR","Costa Rica",2007,-113040000
"CR","Costa Rica",2008,-97440000
"CR","Costa Rica",2009,27100000
"CR","Costa Rica",2010,534320000
"CR","Costa Rica",2011,174390000
"CR","Costa Rica",2012,99390000
"CR","Costa Rica",2013,138890000
"CI","Cote d'Ivoire",2000,-115070000
"CI","Cote d'Ivoire",2001,-169710000
"CI","Cote d'Ivoire",2002,182970000
"CI","Cote d'Ivoire",2003,-203090000
"CI","Cote d'Ivoire",2004,-97970000
"CI","Cote d'Ivoire",2005,-17910000
"CI","Cote d'Ivoire",2006,-16740000
"CI","Cote d'Ivoire",2007,-90860000
"CI","Cote d'Ivoire",2008,-426800000
"CI","Cote d'Ivoire",2009,-761610000
"CI","Cote d'Ivoire",2010,-78670000
"CI","Cote d'Ivoire",2011,-52880000
"CI","Cote d'Ivoire",2012,-1418360000
"CI","Cote d'Ivoire",2013,-149960000
"HR","Croatia",2000,128260000
"HR","Croatia",2001,139400000
"HR","Croatia",2002,280640000
"HR","Croatia",2003,356840000
"HR","Croatia",2004,350940000
"HR","Croatia",2005,147260000
"HR","Croatia",2006,540980000
"HR","Croatia",2007,168900000
"HR","Croatia",2008,430590000
"HR","Croatia",2009,559950000
"HR","Croatia",2010,1086460000
"HR","Croatia",2011,0
"HR","Croatia",2012,0
"HR","Croatia",2013,0
"CU","Cuba",2000,4770000
"CU","Cuba",2001,-64990000
"CU","Cuba",2002,-48360000
"CU","Cuba",2003,5120000
"CU","Cuba",2004,4440000
"CU","Cuba",2005,29060000
"CU","Cuba",2006,-2060000
"CU","Cuba",2007,12510000
"CU","Cuba",2008,-8230000
"CU","Cuba",2009,-1090000
"CU","Cuba",2010,0
"CU","Cuba",2011,780000
"CU","Cuba",2012,-3150000
"CU","Cuba",2013,-2770000
"CY","Cyprus",2000,0
"CY","Cyprus",2001,0
"CY","Cyprus",2002,0
"CY","Cyprus",2003,0
"CY","Cyprus",2004,0
"CY","Cyprus",2005,0
"CY","Cyprus",2006,0
"CY","Cyprus",2007,0
"CY","Cyprus",2008,0
"CY","Cyprus",2009,0
"CY","Cyprus",2010,0
"CY","Cyprus",2011,0
"CY","Cyprus",2012,0
"CY","Cyprus",2013,0
"DJ","Djibouti",2000,-20000
"DJ","Djibouti",2001,0
"DJ","Djibouti",2002,0
"DJ","Djibouti",2003,1190000
"DJ","Djibouti",2004,0
"DJ","Djibouti",2005,0
"DJ","Djibouti",2006,16050000
"DJ","Djibouti",2007,0
"DJ","Djibouti",2008,1210000
"DJ","Djibouti",2009,117990000
"DJ","Djibouti",2010,25240000
"DJ","Djibouti",2011,4740000
"DJ","Djibouti",2012,-24620000
"DJ","Djibouti",2013,-33040000
"DM","Dominica",2000,4980000
"DM","Dominica",2001,4330000
"DM","Dominica",2002,33670000
"DM","Dominica",2003,4630000
"DM","Dominica",2004,-710000
"DM","Dominica",2005,3630000
"DM","Dominica",2006,-690000
"DM","Dominica",2007,-1320000
"DM","Dominica",2008,-2150000
"DM","Dominica",2009,-2450000
"DM","Dominica",2010,-1890000
"DM","Dominica",2011,3220000
"DM","Dominica",2012,3560000
"DM","Dominica",2013,3470000
"DO","Dominican Republic",2000,32980000
"DO","Dominican Republic",2001,103020000
"DO","Dominican Republic",2002,279130000
"DO","Dominican Republic",2003,116320000
"DO","Dominican Republic",2004,352070000
"DO","Dominican Republic",2005,236490000
"DO","Dominican Republic",2006,167450000
"DO","Dominican Republic",2007,-92430000
"DO","Dominican Republic",2008,-92070000
"DO","Dominican Republic",2009,661240000
"DO","Dominican Republic",2010,1099970000
"DO","Dominican Republic",2011,449760000
"DO","Dominican Republic",2012,-58940000
"DO","Dominican Republic",2013,384290000
"CD","DRC",2000,-5520000
"CD","DRC",2001,-1370000
"CD","DRC",2002,-128380000
"CD","DRC",2003,1732760000
"CD","DRC",2004,-139230000
"CD","DRC",2005,-86920000
"CD","DRC",2006,-910040000
"CD","DRC",2007,-178540000
"CD","DRC",2008,-150900000
"CD","DRC",2009,-182640000
"CD","DRC",2010,-160460000
"CD","DRC",2011,-1986640000
"CD","DRC",2012,-613320000
"CD","DRC",2013,-180380000
"EC","Ecuador",2000,128670000
"EC","Ecuador",2001,133400000
"EC","Ecuador",2002,107200000
"EC","Ecuador",2003,103290000
"EC","Ecuador",2004,-207260000
"EC","Ecuador",2005,-214730000
"EC","Ecuador",2006,-14990000
"EC","Ecuador",2007,122810000
"EC","Ecuador",2008,-20960000
"EC","Ecuador",2009,60630000
"EC","Ecuador",2010,-48220000
"EC","Ecuador",2011,245610000
"EC","Ecuador",2012,164320000
"EC","Ecuador",2013,167170000
"EG","Egypt",2000,22520000
"EG","Egypt",2001,283850000
"EG","Egypt",2002,142350000
"EG","Egypt",2003,238920000
"EG","Egypt",2004,627710000
"EG","Egypt",2005,1209940000
"EG","Egypt",2006,335700000
"EG","Egypt",2007,1580630000
"EG","Egypt",2008,320800000
"EG","Egypt",2009,1009050000
"EG","Egypt",2010,954230000
"EG","Egypt",2011,516770000
"EG","Egypt",2012,459470000
"EG","Egypt",2013,296940000
"SV","El Salvador",2000,153810000
"SV","El Salvador",2001,319420000
"SV","El Salvador",2002,182420000
"SV","El Salvador",2003,116670000
"SV","El Salvador",2004,-10670000
"SV","El Salvador",2005,140480000
"SV","El Salvador",2006,-15610000
"SV","El Salvador",2007,2670000
"SV","El Salvador",2008,214170000
"SV","El Salvador",2009,425760000
"SV","El Salvador",2010,356060000
"SV","El Salvador",2011,170260000
"SV","El Salvador",2012,134030000
"SV","El Salvador",2013,91100000
"GQ","Equatorial Guinea",2000,-1740000
"GQ","Equatorial Guinea",2001,-1680000
"GQ","Equatorial Guinea",2002,-1660000
"GQ","Equatorial Guinea",2003,-1460000
"GQ","Equatorial Guinea",2004,-1310000
"GQ","Equatorial Guinea",2005,18540000
"GQ","Equatorial Guinea",2006,257640000
"GQ","Equatorial Guinea",2007,36030000
"GQ","Equatorial Guinea",2008,0
"GQ","Equatorial Guinea",2009,-8070000
"GQ","Equatorial Guinea",2010,-36670000
"GQ","Equatorial Guinea",2011,23650000
"GQ","Equatorial Guinea",2012,-12220000
"GQ","Equatorial Guinea",2013,-14960000
"ER","Eritrea",2000,80000
"ER","Eritrea",2001,30000
"ER","Eritrea",2002,50000
"ER","Eritrea",2003,-470000
"ER","Eritrea",2004,0
"ER","Eritrea",2005,0
"ER","Eritrea",2006,0
"ER","Eritrea",2007,0
"ER","Eritrea",2008,-460000
"ER","Eritrea",2009,-450000
"ER","Eritrea",2010,-710000
"ER","Eritrea",2011,0
"ER","Eritrea",2012,0
"ER","Eritrea",2013,0
"ET","Ethiopia",2000,-29830000
"ET","Ethiopia",2001,-31780000
"ET","Ethiopia",2002,-85170000
"ET","Ethiopia",2003,-33110000
"ET","Ethiopia",2004,-143150000
"ET","Ethiopia",2005,-131200000
"ET","Ethiopia",2006,-50810000
"ET","Ethiopia",2007,-36450000
"ET","Ethiopia",2008,-740000
"ET","Ethiopia",2009,3870000
"ET","Ethiopia",2010,162650000
"ET","Ethiopia",2011,1.48e+08
"ET","Ethiopia",2012,46060000
"ET","Ethiopia",2013,1640000
"europe","Europe, regional",2000,4550000
"europe","Europe, regional",2001,7880000
"europe","Europe, regional",2002,84180000
"europe","Europe, regional",2003,73880000
"europe","Europe, regional",2004,223840000
"europe","Europe, regional",2005,-35430000
"europe","Europe, regional",2006,-3680000
"europe","Europe, regional",2007,387190000
"europe","Europe, regional",2008,407050000
"europe","Europe, regional",2009,364280000
"europe","Europe, regional",2010,148850000
"europe","Europe, regional",2011,695760000
"europe","Europe, regional",2012,-35450000
"europe","Europe, regional",2013,97930000
"FK","Falkland Islands ",2000,0
"FK","Falkland Islands ",2001,0
"FK","Falkland Islands ",2002,0
"FK","Falkland Islands ",2003,0
"FK","Falkland Islands ",2004,0
"FK","Falkland Islands ",2005,0
"FK","Falkland Islands ",2006,0
"FK","Falkland Islands ",2007,0
"FK","Falkland Islands ",2008,0
"FK","Falkland Islands ",2009,0
"FK","Falkland Islands ",2010,0
"FK","Falkland Islands ",2011,0
"FK","Falkland Islands ",2012,0
"FK","Falkland Islands ",2013,0
"east-asia","Far East Asia, regional",2000,0
"east-asia","Far East Asia, regional",2001,0
"east-asia","Far East Asia, regional",2002,24380000
"east-asia","Far East Asia, regional",2003,-22800000
"east-asia","Far East Asia, regional",2004,-10730000
"east-asia","Far East Asia, regional",2005,112190000
"east-asia","Far East Asia, regional",2006,-30220000
"east-asia","Far East Asia, regional",2007,0
"east-asia","Far East Asia, regional",2008,0
"east-asia","Far East Asia, regional",2009,0
"east-asia","Far East Asia, regional",2010,7340000
"east-asia","Far East Asia, regional",2011,-5590000
"east-asia","Far East Asia, regional",2012,82020000
"east-asia","Far East Asia, regional",2013,49420000
"FJ","Fiji",2000,-8910000
"FJ","Fiji",2001,-4660000
"FJ","Fiji",2002,-3830000
"FJ","Fiji",2003,1380000
"FJ","Fiji",2004,7890000
"FJ","Fiji",2005,13500000
"FJ","Fiji",2006,1250000
"FJ","Fiji",2007,7080000
"FJ","Fiji",2008,29750000
"FJ","Fiji",2009,4020000
"FJ","Fiji",2010,15450000
"FJ","Fiji",2011,21220000
"FJ","Fiji",2012,20280000
"FJ","Fiji",2013,9870000
"PF","French Polynesia",2000,0
"PF","French Polynesia",2001,0
"PF","French Polynesia",2002,0
"PF","French Polynesia",2003,0
"PF","French Polynesia",2004,0
"PF","French Polynesia",2005,0
"PF","French Polynesia",2006,0
"PF","French Polynesia",2007,0
"PF","French Polynesia",2008,0
"PF","French Polynesia",2009,0
"PF","French Polynesia",2010,0
"PF","French Polynesia",2011,0
"PF","French Polynesia",2012,0
"PF","French Polynesia",2013,0
"GA","Gabon",2000,-83390000
"GA","Gabon",2001,-102020000
"GA","Gabon",2002,270000
"GA","Gabon",2003,-82120000
"GA","Gabon",2004,26140000
"GA","Gabon",2005,-20090000
"GA","Gabon",2006,-97740000
"GA","Gabon",2007,-112900000
"GA","Gabon",2008,-179900000
"GA","Gabon",2009,-65270000
"GA","Gabon",2010,-59610000
"GA","Gabon",2011,71820000
"GA","Gabon",2012,4390000
"GA","Gabon",2013,46500000
"GM","Gambia",2000,-1050000
"GM","Gambia",2001,-1880000
"GM","Gambia",2002,-3250000
"GM","Gambia",2003,11040000
"GM","Gambia",2004,0
"GM","Gambia",2005,0
"GM","Gambia",2006,0
"GM","Gambia",2007,970000
"GM","Gambia",2008,0
"GM","Gambia",2009,9660000
"GM","Gambia",2010,3140000
"GM","Gambia",2011,7840000
"GM","Gambia",2012,-7070000
"GM","Gambia",2013,13530000
"GE","Georgia",2000,93850000
"GE","Georgia",2001,67970000
"GE","Georgia",2002,10490000
"GE","Georgia",2003,-58180000
"GE","Georgia",2004,15020000
"GE","Georgia",2005,107040000
"GE","Georgia",2006,46270000
"GE","Georgia",2007,38840000
"GE","Georgia",2008,176410000
"GE","Georgia",2009,355240000
"GE","Georgia",2010,257190000
"GE","Georgia",2011,331400000
"GE","Georgia",2012,207150000
"GE","Georgia",2013,3210000
"GH","Ghana",2000,-23470000
"GH","Ghana",2001,-4030000
"GH","Ghana",2002,-39440000
"GH","Ghana",2003,6570000
"GH","Ghana",2004,-195660000
"GH","Ghana",2005,-37820000
"GH","Ghana",2006,25610000
"GH","Ghana",2007,67140000
"GH","Ghana",2008,134940000
"GH","Ghana",2009,350420000
"GH","Ghana",2010,45730000
"GH","Ghana",2011,164100000
"GH","Ghana",2012,19730000
"GH","Ghana",2013,203320000
"GI","Gibraltar",2000,0
"GI","Gibraltar",2001,0
"GI","Gibraltar",2002,0
"GI","Gibraltar",2003,0
"GI","Gibraltar",2004,0
"GI","Gibraltar",2005,0
"GI","Gibraltar",2006,0
"GI","Gibraltar",2007,0
"GI","Gibraltar",2008,0
"GI","Gibraltar",2009,0
"GI","Gibraltar",2010,0
"GI","Gibraltar",2011,0
"GI","Gibraltar",2012,0
"GI","Gibraltar",2013,0
"GD","Grenada",2000,5200000
"GD","Grenada",2001,6140000
"GD","Grenada",2002,5280000
"GD","Grenada",2003,10270000
"GD","Grenada",2004,7530000
"GD","Grenada",2005,10750000
"GD","Grenada",2006,8800000
"GD","Grenada",2007,3220000
"GD","Grenada",2008,-990000
"GD","Grenada",2009,2400000
"GD","Grenada",2010,-4310000
"GD","Grenada",2011,-5010000
"GD","Grenada",2012,-1810000
"GD","Grenada",2013,-1920000
"GT","Guatemala",2000,97480000
"GT","Guatemala",2001,112290000
"GT","Guatemala",2002,265200000
"GT","Guatemala",2003,58810000
"GT","Guatemala",2004,142190000
"GT","Guatemala",2005,-5870000
"GT","Guatemala",2006,237450000
"GT","Guatemala",2007,289250000
"GT","Guatemala",2008,155280000
"GT","Guatemala",2009,663310000
"GT","Guatemala",2010,630920000
"GT","Guatemala",2011,55360000
"GT","Guatemala",2012,45540000
"GT","Guatemala",2013,355240000
"GN","Guinea",2000,-18160000
"GN","Guinea",2001,-49170000
"GN","Guinea",2002,-34430000
"GN","Guinea",2003,-24570000
"GN","Guinea",2004,-53400000
"GN","Guinea",2005,-10180000
"GN","Guinea",2006,-8220000
"GN","Guinea",2007,-8480000
"GN","Guinea",2008,-41340000
"GN","Guinea",2009,-15900000
"GN","Guinea",2010,-3930000
"GN","Guinea",2011,-6870000
"GN","Guinea",2012,107700000
"GN","Guinea",2013,-76050000
"GW","Guinea-Bissau",2000,-10000
"GW","Guinea-Bissau",2001,-3200000
"GW","Guinea-Bissau",2002,3830000
"GW","Guinea-Bissau",2003,-66840000
"GW","Guinea-Bissau",2004,1720000
"GW","Guinea-Bissau",2005,-110000
"GW","Guinea-Bissau",2006,-4810000
"GW","Guinea-Bissau",2007,-490000
"GW","Guinea-Bissau",2008,-4e+05
"GW","Guinea-Bissau",2009,0
"GW","Guinea-Bissau",2010,-610000
"GW","Guinea-Bissau",2011,-6860000
"GW","Guinea-Bissau",2012,0
"GW","Guinea-Bissau",2013,4380000
"GY","Guyana",2000,-18020000
"GY","Guyana",2001,-20400000
"GY","Guyana",2002,-5870000
"GY","Guyana",2003,-10470000
"GY","Guyana",2004,-10160000
"GY","Guyana",2005,2970000
"GY","Guyana",2006,2880000
"GY","Guyana",2007,1760000
"GY","Guyana",2008,4370000
"GY","Guyana",2009,3620000
"GY","Guyana",2010,-3950000
"GY","Guyana",2011,-2e+05
"GY","Guyana",2012,590000
"GY","Guyana",2013,-930000
"HT","Haiti",2000,-1970000
"HT","Haiti",2001,-1970000
"HT","Haiti",2002,-1590000
"HT","Haiti",2003,-1350000
"HT","Haiti",2004,-90000
"HT","Haiti",2005,-70000
"HT","Haiti",2006,63540000
"HT","Haiti",2007,-38650000
"HT","Haiti",2008,-670000
"HT","Haiti",2009,-9010000
"HT","Haiti",2010,-24440000
"HT","Haiti",2011,30790000
"HT","Haiti",2012,-11860000
"HT","Haiti",2013,5270000
"HN","Honduras",2000,-87720000
"HN","Honduras",2001,-132190000
"HN","Honduras",2002,-76690000
"HN","Honduras",2003,-67900000
"HN","Honduras",2004,-22990000
"HN","Honduras",2005,-219290000
"HN","Honduras",2006,-58430000
"HN","Honduras",2007,-18040000
"HN","Honduras",2008,90380000
"HN","Honduras",2009,36020000
"HN","Honduras",2010,-23630000
"HN","Honduras",2011,22970000
"HN","Honduras",2012,7.2e+07
"HN","Honduras",2013,133390000
"IN","India",2000,-389690000
"IN","India",2001,-412660000
"IN","India",2002,-963930000
"IN","India",2003,-5349070000
"IN","India",2004,-532320000
"IN","India",2005,1290420000
"IN","India",2006,2253390000
"IN","India",2007,3191230000
"IN","India",2008,2892220000
"IN","India",2009,3492600000
"IN","India",2010,5385170000
"IN","India",2011,2.294e+09
"IN","India",2012,2793450000
"IN","India",2013,1563560000
"ID","Indonesia",2000,1149520000
"ID","Indonesia",2001,-521080000
"ID","Indonesia",2002,-1830520000
"ID","Indonesia",2003,-1214960000
"ID","Indonesia",2004,-1913520000
"ID","Indonesia",2005,-2127970000
"ID","Indonesia",2006,198160000
"ID","Indonesia",2007,-1636310000
"ID","Indonesia",2008,-813920000
"ID","Indonesia",2009,-85130000
"ID","Indonesia",2010,1632070000
"ID","Indonesia",2011,11140000
"ID","Indonesia",2012,919920000
"ID","Indonesia",2013,148690000
"IR","Iran",2000,-1038110000
"IR","Iran",2001,710950000
"IR","Iran",2002,1260680000
"IR","Iran",2003,1579150000
"IR","Iran",2004,1957100000
"IR","Iran",2005,1026110000
"IR","Iran",2006,377980000
"IR","Iran",2007,-206590000
"IR","Iran",2008,3130000
"IR","Iran",2009,-351360000
"IR","Iran",2010,-771860000
"IR","Iran",2011,-1357230000
"IR","Iran",2012,-1672320000
"IR","Iran",2013,-704650000
"IQ","Iraq",2000,0
"IQ","Iraq",2001,62890000
"IQ","Iraq",2002,0
"IQ","Iraq",2003,0
"IQ","Iraq",2004,-62190000
"IQ","Iraq",2005,5721680000
"IQ","Iraq",2006,-746010000
"IQ","Iraq",2007,-3027340000
"IQ","Iraq",2008,141250000
"IQ","Iraq",2009,37040000
"IQ","Iraq",2010,288920000
"IQ","Iraq",2011,312350000
"IQ","Iraq",2012,5610000
"IQ","Iraq",2013,-3.1e+07
"IL","Israel",2000,0
"IL","Israel",2001,0
"IL","Israel",2002,0
"IL","Israel",2003,0
"IL","Israel",2004,0
"IL","Israel",2005,0
"IL","Israel",2006,0
"IL","Israel",2007,0
"IL","Israel",2008,0
"IL","Israel",2009,0
"IL","Israel",2010,0
"IL","Israel",2011,0
"IL","Israel",2012,0
"IL","Israel",2013,0
"JM","Jamaica",2000,184480000
"JM","Jamaica",2001,57070000
"JM","Jamaica",2002,203500000
"JM","Jamaica",2003,18970000
"JM","Jamaica",2004,-8400000
"JM","Jamaica",2005,-111690000
"JM","Jamaica",2006,-18190000
"JM","Jamaica",2007,-63420000
"JM","Jamaica",2008,48190000
"JM","Jamaica",2009,102060000
"JM","Jamaica",2010,845930000
"JM","Jamaica",2011,353100000
"JM","Jamaica",2012,-4140000
"JM","Jamaica",2013,96910000
"JO","Jordan",2000,19580000
"JO","Jordan",2001,109040000
"JO","Jordan",2002,249890000
"JO","Jordan",2003,199690000
"JO","Jordan",2004,-155590000
"JO","Jordan",2005,84090000
"JO","Jordan",2006,-18750000
"JO","Jordan",2007,57210000
"JO","Jordan",2008,-299210000
"JO","Jordan",2009,523410000
"JO","Jordan",2010,240060000
"JO","Jordan",2011,25170000
"JO","Jordan",2012,395320000
"JO","Jordan",2013,427410000
"KZ","Kazakhstan",2000,143300000
"KZ","Kazakhstan",2001,194980000
"KZ","Kazakhstan",2002,248230000
"KZ","Kazakhstan",2003,275460000
"KZ","Kazakhstan",2004,194750000
"KZ","Kazakhstan",2005,-676350000
"KZ","Kazakhstan",2006,371920000
"KZ","Kazakhstan",2007,1241110000
"KZ","Kazakhstan",2008,642940000
"KZ","Kazakhstan",2009,791610000
"KZ","Kazakhstan",2010,2157540000
"KZ","Kazakhstan",2011,1158750000
"KZ","Kazakhstan",2012,539270000
"KZ","Kazakhstan",2013,881320000
"KE","Kenya",2000,-48050000
"KE","Kenya",2001,-59260000
"KE","Kenya",2002,-42330000
"KE","Kenya",2003,-62170000
"KE","Kenya",2004,-15060000
"KE","Kenya",2005,28180000
"KE","Kenya",2006,26270000
"KE","Kenya",2007,-64590000
"KE","Kenya",2008,40880000
"KE","Kenya",2009,105280000
"KE","Kenya",2010,59680000
"KE","Kenya",2011,446100000
"KE","Kenya",2012,201210000
"KE","Kenya",2013,294380000
"KI","Kiribati",2000,0
"KI","Kiribati",2001,0
"KI","Kiribati",2002,240000
"KI","Kiribati",2003,0
"KI","Kiribati",2004,410000
"KI","Kiribati",2005,410000
"KI","Kiribati",2006,880000
"KI","Kiribati",2007,590000
"KI","Kiribati",2008,440000
"KI","Kiribati",2009,350000
"KI","Kiribati",2010,650000
"KI","Kiribati",2011,9e+05
"KI","Kiribati",2012,840000
"KI","Kiribati",2013,640000
"XK","Kosovo",2000,0
"XK","Kosovo",2001,0
"XK","Kosovo",2002,0
"XK","Kosovo",2003,0
"XK","Kosovo",2004,0
"XK","Kosovo",2005,0
"XK","Kosovo",2006,0
"XK","Kosovo",2007,0
"XK","Kosovo",2008,0
"XK","Kosovo",2009,-208540000
"XK","Kosovo",2010,15470000
"XK","Kosovo",2011,-17860000
"XK","Kosovo",2012,-26610000
"XK","Kosovo",2013,-12930000
"KW","Kuwait",2000,0
"KW","Kuwait",2001,0
"KW","Kuwait",2002,0
"KW","Kuwait",2003,0
"KW","Kuwait",2004,0
"KW","Kuwait",2005,0
"KW","Kuwait",2006,0
"KW","Kuwait",2007,0
"KW","Kuwait",2008,0
"KW","Kuwait",2009,0
"KW","Kuwait",2010,0
"KW","Kuwait",2011,0
"KW","Kuwait",2012,0
"KW","Kuwait",2013,0
"KG","Kyrgyzstan",2000,-4800000
"KG","Kyrgyzstan",2001,-46570000
"KG","Kyrgyzstan",2002,-83330000
"KG","Kyrgyzstan",2003,-7800000
"KG","Kyrgyzstan",2004,-2130000
"KG","Kyrgyzstan",2005,76390000
"KG","Kyrgyzstan",2006,-58540000
"KG","Kyrgyzstan",2007,-5220000
"KG","Kyrgyzstan",2008,4800000
"KG","Kyrgyzstan",2009,3740000
"KG","Kyrgyzstan",2010,25930000
"KG","Kyrgyzstan",2011,48730000
"KG","Kyrgyzstan",2012,2890000
"KG","Kyrgyzstan",2013,1640000
"LA","Lao",2000,-490000
"LA","Lao",2001,820000
"LA","Lao",2002,940000
"LA","Lao",2003,-1320000
"LA","Lao",2004,-330000
"LA","Lao",2005,70320000
"LA","Lao",2006,55650000
"LA","Lao",2007,60080000
"LA","Lao",2008,7310000
"LA","Lao",2009,8090000
"LA","Lao",2010,-26790000
"LA","Lao",2011,-2940000
"LA","Lao",2012,47900000
"LA","Lao",2013,5470000
"LB","Lebanon",2000,113720000
"LB","Lebanon",2001,9440000
"LB","Lebanon",2002,-28900000
"LB","Lebanon",2003,776450000
"LB","Lebanon",2004,-28330000
"LB","Lebanon",2005,-53980000
"LB","Lebanon",2006,-80550000
"LB","Lebanon",2007,58930000
"LB","Lebanon",2008,-25130000
"LB","Lebanon",2009,-118100000
"LB","Lebanon",2010,9040000
"LB","Lebanon",2011,-121380000
"LB","Lebanon",2012,-99230000
"LB","Lebanon",2013,-127470000
"LS","Lesotho",2000,18850000
"LS","Lesotho",2001,4230000
"LS","Lesotho",2002,-42280000
"LS","Lesotho",2003,-30130000
"LS","Lesotho",2004,-3790000
"LS","Lesotho",2005,-10290000
"LS","Lesotho",2006,-8780000
"LS","Lesotho",2007,-9830000
"LS","Lesotho",2008,-4610000
"LS","Lesotho",2009,-2700000
"LS","Lesotho",2010,-11770000
"LS","Lesotho",2011,27280000
"LS","Lesotho",2012,15370000
"LS","Lesotho",2013,16290000
"LR","Liberia",2000,3170000
"LR","Liberia",2001,-1110000
"LR","Liberia",2002,-1060000
"LR","Liberia",2003,-930000
"LR","Liberia",2004,449450000
"LR","Liberia",2005,-830000
"LR","Liberia",2006,-20000
"LR","Liberia",2007,-234940000
"LR","Liberia",2008,-166520000
"LR","Liberia",2009,29560000
"LR","Liberia",2010,-73850000
"LR","Liberia",2011,9620000
"LR","Liberia",2012,-105860000
"LR","Liberia",2013,-76110000
"LY","Libya",2000,0
"LY","Libya",2001,0
"LY","Libya",2002,0
"LY","Libya",2003,0
"LY","Libya",2004,0
"LY","Libya",2005,0
"LY","Libya",2006,0
"LY","Libya",2007,0
"LY","Libya",2008,0
"LY","Libya",2009,0
"LY","Libya",2010,-2100000
"LY","Libya",2011,-2330000
"LY","Libya",2012,-4580000
"LY","Libya",2013,110000
"MK","Macedonia",2000,27950000
"MK","Macedonia",2001,12630000
"MK","Macedonia",2002,-74180000
"MK","Macedonia",2003,6340000
"MK","Macedonia",2004,48140000
"MK","Macedonia",2005,60280000
"MK","Macedonia",2006,48040000
"MK","Macedonia",2007,-36480000
"MK","Macedonia",2008,138970000
"MK","Macedonia",2009,-1100000
"MK","Macedonia",2010,145510000
"MK","Macedonia",2011,70970000
"MK","Macedonia",2012,33400000
"MK","Macedonia",2013,17220000
"MG","Madagascar",2000,-7750000
"MG","Madagascar",2001,-27030000
"MG","Madagascar",2002,-12970000
"MG","Madagascar",2003,-890000
"MG","Madagascar",2004,-49480000
"MG","Madagascar",2005,-147050000
"MG","Madagascar",2006,-10640000
"MG","Madagascar",2007,12840000
"MG","Madagascar",2008,1348290000
"MG","Madagascar",2009,855090000
"MG","Madagascar",2010,446890000
"MG","Madagascar",2011,216220000
"MG","Madagascar",2012,11480000
"MG","Madagascar",2013,-110410000
"MW","Malawi",2000,-2440000
"MW","Malawi",2001,-14840000
"MW","Malawi",2002,-5850000
"MW","Malawi",2003,-10620000
"MW","Malawi",2004,-1480000
"MW","Malawi",2005,-3020000
"MW","Malawi",2006,-26120000
"MW","Malawi",2007,-1720000
"MW","Malawi",2008,4990000
"MW","Malawi",2009,-590000
"MW","Malawi",2010,-9610000
"MW","Malawi",2011,-11140000
"MW","Malawi",2012,-7310000
"MW","Malawi",2013,660000
"MY","Malaysia",2000,-197010000
"MY","Malaysia",2001,577930000
"MY","Malaysia",2002,370870000
"MY","Malaysia",2003,170760000
"MY","Malaysia",2004,-118510000
"MY","Malaysia",2005,-700020000
"MY","Malaysia",2006,-598320000
"MY","Malaysia",2007,-1073410000
"MY","Malaysia",2008,-229840000
"MY","Malaysia",2009,243120000
"MY","Malaysia",2010,158270000
"MY","Malaysia",2011,412970000
"MY","Malaysia",2012,-345060000
"MY","Malaysia",2013,-494140000
"MV","Maldives",2000,-4600000
"MV","Maldives",2001,-5460000
"MV","Maldives",2002,-4160000
"MV","Maldives",2003,30970000
"MV","Maldives",2004,1140000
"MV","Maldives",2005,50700000
"MV","Maldives",2006,27550000
"MV","Maldives",2007,15540000
"MV","Maldives",2008,4540000
"MV","Maldives",2009,40140000
"MV","Maldives",2010,-26230000
"MV","Maldives",2011,-12600000
"MV","Maldives",2012,-40630000
"MV","Maldives",2013,-29470000
"ML","Mali",2000,-25980000
"ML","Mali",2001,-31840000
"ML","Mali",2002,-4130000
"ML","Mali",2003,-5840000
"ML","Mali",2004,-11130000
"ML","Mali",2005,-5910000
"ML","Mali",2006,-6860000
"ML","Mali",2007,-120650000
"ML","Mali",2008,-530000
"ML","Mali",2009,12300000
"ML","Mali",2010,69400000
"ML","Mali",2011,7840000
"ML","Mali",2012,-6120000
"ML","Mali",2013,-8900000
"MT","Malta",2000,-2720000
"MT","Malta",2001,-3180000
"MT","Malta",2002,-46030000
"MT","Malta",2003,0
"MT","Malta",2004,0
"MT","Malta",2005,0
"MT","Malta",2006,0
"MT","Malta",2007,0
"MT","Malta",2008,0
"MT","Malta",2009,0
"MT","Malta",2010,0
"MT","Malta",2011,0
"MT","Malta",2012,0
"MT","Malta",2013,0
"MH","Marshall Islands",2000,0
"MH","Marshall Islands",2001,3220000
"MH","Marshall Islands",2002,2280000
"MH","Marshall Islands",2003,610000
"MH","Marshall Islands",2004,-110000
"MH","Marshall Islands",2005,-120000
"MH","Marshall Islands",2006,0
"MH","Marshall Islands",2007,-460000
"MH","Marshall Islands",2008,0
"MH","Marshall Islands",2009,-440000
"MH","Marshall Islands",2010,-330000
"MH","Marshall Islands",2011,-340000
"MH","Marshall Islands",2012,-340000
"MH","Marshall Islands",2013,-290000
"MR","Mauritania",2000,-4870000
"MR","Mauritania",2001,-24210000
"MR","Mauritania",2002,-8320000
"MR","Mauritania",2003,-52260000
"MR","Mauritania",2004,19650000
"MR","Mauritania",2005,-690000
"MR","Mauritania",2006,-11390000
"MR","Mauritania",2007,8200000
"MR","Mauritania",2008,-2110000
"MR","Mauritania",2009,-21570000
"MR","Mauritania",2010,49040000
"MR","Mauritania",2011,54190000
"MR","Mauritania",2012,303110000
"MR","Mauritania",2013,120840000
"MU","Mauritius",2000,-51450000
"MU","Mauritius",2001,-19590000
"MU","Mauritius",2002,105430000
"MU","Mauritius",2003,-30810000
"MU","Mauritius",2004,-12510000
"MU","Mauritius",2005,-18870000
"MU","Mauritius",2006,-33180000
"MU","Mauritius",2007,43540000
"MU","Mauritius",2008,58260000
"MU","Mauritius",2009,1.6e+08
"MU","Mauritius",2010,347610000
"MU","Mauritius",2011,71550000
"MU","Mauritius",2012,-24230000
"MU","Mauritius",2013,216750000
"YT","Mayotte",2000,0
"YT","Mayotte",2001,12650000
"YT","Mayotte",2002,-4450000
"YT","Mayotte",2003,-7740000
"YT","Mayotte",2004,-12870000
"YT","Mayotte",2005,-12950000
"YT","Mayotte",2006,880000
"YT","Mayotte",2007,-12200000
"YT","Mayotte",2008,-9490000
"YT","Mayotte",2009,-9050000
"YT","Mayotte",2010,1570000
"YT","Mayotte",2011,0
"YT","Mayotte",2012,0
"YT","Mayotte",2013,0
"MX","Mexico",2000,593050000
"MX","Mexico",2001,-42600000
"MX","Mexico",2002,678040000
"MX","Mexico",2003,144470000
"MX","Mexico",2004,-1709110000
"MX","Mexico",2005,-445540000
"MX","Mexico",2006,-9715040000
"MX","Mexico",2007,-418020000
"MX","Mexico",2008,1662040000
"MX","Mexico",2009,7083870000
"MX","Mexico",2010,5341280000
"MX","Mexico",2011,3393910000
"MX","Mexico",2012,2377750000
"MX","Mexico",2013,2669920000
"FM","Micronesia",2000,-40000
"FM","Micronesia",2001,10000
"FM","Micronesia",2002,430000
"FM","Micronesia",2003,0
"FM","Micronesia",2004,9e+05
"FM","Micronesia",2005,530000
"FM","Micronesia",2006,550000
"FM","Micronesia",2007,520000
"FM","Micronesia",2008,940000
"FM","Micronesia",2009,680000
"FM","Micronesia",2010,940000
"FM","Micronesia",2011,2540000
"FM","Micronesia",2012,1530000
"FM","Micronesia",2013,570000
"middle-east","Middle East, regional",2000,0
"middle-east","Middle East, regional",2001,0
"middle-east","Middle East, regional",2002,0
"middle-east","Middle East, regional",2003,-10590000
"middle-east","Middle East, regional",2004,0
"middle-east","Middle East, regional",2005,0
"middle-east","Middle East, regional",2006,254350000
"middle-east","Middle East, regional",2007,-21390000
"middle-east","Middle East, regional",2008,-2150000
"middle-east","Middle East, regional",2009,71760000
"middle-east","Middle East, regional",2010,1.01e+08
"middle-east","Middle East, regional",2011,145390000
"middle-east","Middle East, regional",2012,-78580000
"middle-east","Middle East, regional",2013,85070000
"MD","Moldova",2000,-890000
"MD","Moldova",2001,3710000
"MD","Moldova",2002,35430000
"MD","Moldova",2003,-13940000
"MD","Moldova",2004,-1410000
"MD","Moldova",2005,-35440000
"MD","Moldova",2006,1160000
"MD","Moldova",2007,-18750000
"MD","Moldova",2008,31550000
"MD","Moldova",2009,-15870000
"MD","Moldova",2010,62640000
"MD","Moldova",2011,38510000
"MD","Moldova",2012,33080000
"MD","Moldova",2013,-14960000
"MN","Mongolia",2000,0
"MN","Mongolia",2001,160000
"MN","Mongolia",2002,4140000
"MN","Mongolia",2003,-330000
"MN","Mongolia",2004,9760000
"MN","Mongolia",2005,260000
"MN","Mongolia",2006,-5080000
"MN","Mongolia",2007,2800000
"MN","Mongolia",2008,104540000
"MN","Mongolia",2009,38230000
"MN","Mongolia",2010,169870000
"MN","Mongolia",2011,48170000
"MN","Mongolia",2012,285350000
"MN","Mongolia",2013,183500000
"ME","Montenegro",2000,0
"ME","Montenegro",2001,0
"ME","Montenegro",2002,0
"ME","Montenegro",2003,0
"ME","Montenegro",2004,0
"ME","Montenegro",2005,-2960000
"ME","Montenegro",2006,1970000
"ME","Montenegro",2007,-108280000
"ME","Montenegro",2008,62390000
"ME","Montenegro",2009,119530000
"ME","Montenegro",2010,96170000
"ME","Montenegro",2011,25640000
"ME","Montenegro",2012,116840000
"ME","Montenegro",2013,-8600000
"MS","Montserrat",2000,-90000
"MS","Montserrat",2001,0
"MS","Montserrat",2002,-2980000
"MS","Montserrat",2003,0
"MS","Montserrat",2004,0
"MS","Montserrat",2005,-230000
"MS","Montserrat",2006,0
"MS","Montserrat",2007,0
"MS","Montserrat",2008,0
"MS","Montserrat",2009,0
"MS","Montserrat",2010,0
"MS","Montserrat",2011,0
"MS","Montserrat",2012,0
"MS","Montserrat",2013,0
"MA","Morocco",2000,-223650000
"MA","Morocco",2001,-495330000
"MA","Morocco",2002,-262380000
"MA","Morocco",2003,-889170000
"MA","Morocco",2004,-282080000
"MA","Morocco",2005,396130000
"MA","Morocco",2006,237960000
"MA","Morocco",2007,300380000
"MA","Morocco",2008,558150000
"MA","Morocco",2009,780660000
"MA","Morocco",2010,455390000
"MA","Morocco",2011,940120000
"MA","Morocco",2012,530340000
"MA","Morocco",2013,2001220000
"MZ","Mozambique",2000,267230000
"MZ","Mozambique",2001,16140000
"MZ","Mozambique",2002,-300630000
"MZ","Mozambique",2003,-143840000
"MZ","Mozambique",2004,114950000
"MZ","Mozambique",2005,-22050000
"MZ","Mozambique",2006,17940000
"MZ","Mozambique",2007,-268290000
"MZ","Mozambique",2008,-53230000
"MZ","Mozambique",2009,-5130000
"MZ","Mozambique",2010,79940000
"MZ","Mozambique",2011,49040000
"MZ","Mozambique",2012,117670000
"MZ","Mozambique",2013,201630000
"MM","Myanmar",2000,27070000
"MM","Myanmar",2001,-33680000
"MM","Myanmar",2002,-43490000
"MM","Myanmar",2003,-42950000
"MM","Myanmar",2004,-42830000
"MM","Myanmar",2005,-34880000
"MM","Myanmar",2006,-79130000
"MM","Myanmar",2007,-31020000
"MM","Myanmar",2008,-97550000
"MM","Myanmar",2009,-12600000
"MM","Myanmar",2010,-1610000
"MM","Myanmar",2011,-840000
"MM","Myanmar",2012,1320000
"MM","Myanmar",2013,156290000
"NA","Namibia",2000,2520000
"NA","Namibia",2001,9360000
"NA","Namibia",2002,940000
"NA","Namibia",2003,32350000
"NA","Namibia",2004,-24410000
"NA","Namibia",2005,19790000
"NA","Namibia",2006,23490000
"NA","Namibia",2007,56880000
"NA","Namibia",2008,-2110000
"NA","Namibia",2009,12430000
"NA","Namibia",2010,134200000
"NA","Namibia",2011,-2400000
"NA","Namibia",2012,-49560000
"NA","Namibia",2013,-35200000
"NR","Nauru",2000,0
"NR","Nauru",2001,0
"NR","Nauru",2002,0
"NR","Nauru",2003,0
"NR","Nauru",2004,90000
"NR","Nauru",2005,360000
"NR","Nauru",2006,1150000
"NR","Nauru",2007,660000
"NR","Nauru",2008,-820000
"NR","Nauru",2009,490000
"NR","Nauru",2010,390000
"NR","Nauru",2011,70000
"NR","Nauru",2012,280000
"NR","Nauru",2013,-50000
"NP","Nepal",2000,34290000
"NP","Nepal",2001,-4570000
"NP","Nepal",2002,-10100000
"NP","Nepal",2003,-9710000
"NP","Nepal",2004,-10450000
"NP","Nepal",2005,-9660000
"NP","Nepal",2006,-8920000
"NP","Nepal",2007,-9010000
"NP","Nepal",2008,-3140000
"NP","Nepal",2009,-10380000
"NP","Nepal",2010,-6910000
"NP","Nepal",2011,-8010000
"NP","Nepal",2012,3270000
"NP","Nepal",2013,8380000
"NC","New Caledonia",2000,0
"NC","New Caledonia",2001,0
"NC","New Caledonia",2002,0
"NC","New Caledonia",2003,0
"NC","New Caledonia",2004,0
"NC","New Caledonia",2005,0
"NC","New Caledonia",2006,0
"NC","New Caledonia",2007,0
"NC","New Caledonia",2008,0
"NC","New Caledonia",2009,0
"NC","New Caledonia",2010,0
"NC","New Caledonia",2011,0
"NC","New Caledonia",2012,0
"NC","New Caledonia",2013,0
"NI","Nicaragua",2000,-12070000
"NI","Nicaragua",2001,260460000
"NI","Nicaragua",2002,-16370000
"NI","Nicaragua",2003,1710000
"NI","Nicaragua",2004,-301310000
"NI","Nicaragua",2005,-146520000
"NI","Nicaragua",2006,25490000
"NI","Nicaragua",2007,12400000
"NI","Nicaragua",2008,50330000
"NI","Nicaragua",2009,21470000
"NI","Nicaragua",2010,12590000
"NI","Nicaragua",2011,34520000
"NI","Nicaragua",2012,70680000
"NI","Nicaragua",2013,2100000
"NE","Niger",2000,-27890000
"NE","Niger",2001,-50100000
"NE","Niger",2002,-156040000
"NE","Niger",2003,34890000
"NE","Niger",2004,27650000
"NE","Niger",2005,-9470000
"NE","Niger",2006,-10700000
"NE","Niger",2007,3300000
"NE","Niger",2008,-3750000
"NE","Niger",2009,-18110000
"NE","Niger",2010,-3800000
"NE","Niger",2011,-20780000
"NE","Niger",2012,-5930000
"NE","Niger",2013,6810000
"NG","Nigeria",2000,-765300000
"NG","Nigeria",2001,-771280000
"NG","Nigeria",2002,4454930000
"NG","Nigeria",2003,222230000
"NG","Nigeria",2004,185810000
"NG","Nigeria",2005,-214660000
"NG","Nigeria",2006,-7659850000
"NG","Nigeria",2007,-534200000
"NG","Nigeria",2008,-445100000
"NG","Nigeria",2009,30360000
"NG","Nigeria",2010,-201340000
"NG","Nigeria",2011,479690000
"NG","Nigeria",2012,-41220000
"NG","Nigeria",2013,272110000
"north-central-america","North & Central America, regional",2000,27480000
"north-central-america","North & Central America, regional",2001,15770000
"north-central-america","North & Central America, regional",2002,42940000
"north-central-america","North & Central America, regional",2003,-39380000
"north-central-america","North & Central America, regional",2004,-12310000
"north-central-america","North & Central America, regional",2005,-21100000
"north-central-america","North & Central America, regional",2006,-63720000
"north-central-america","North & Central America, regional",2007,-1660000
"north-central-america","North & Central America, regional",2008,100120000
"north-central-america","North & Central America, regional",2009,-17430000
"north-central-america","North & Central America, regional",2010,-9810000
"north-central-america","North & Central America, regional",2011,-951860000
"north-central-america","North & Central America, regional",2012,140930000
"north-central-america","North & Central America, regional",2013,475650000
"KP","North Korea",2000,2290000
"KP","North Korea",2001,51240000
"KP","North Korea",2002,-44880000
"KP","North Korea",2003,0
"KP","North Korea",2004,-12410000
"KP","North Korea",2005,1070000
"KP","North Korea",2006,-4770000
"KP","North Korea",2007,-90000
"KP","North Korea",2008,2360000
"KP","North Korea",2009,5280000
"KP","North Korea",2010,1400000
"KP","North Korea",2011,41400000
"KP","North Korea",2012,2260000
"KP","North Korea",2013,3600000
"north-of-sahara","North of Sahara, regional",2000,0
"north-of-sahara","North of Sahara, regional",2001,0
"north-of-sahara","North of Sahara, regional",2002,0
"north-of-sahara","North of Sahara, regional",2003,0
"north-of-sahara","North of Sahara, regional",2004,0
"north-of-sahara","North of Sahara, regional",2005,29640000
"north-of-sahara","North of Sahara, regional",2006,0
"north-of-sahara","North of Sahara, regional",2007,0
"north-of-sahara","North of Sahara, regional",2008,11270000
"north-of-sahara","North of Sahara, regional",2009,0
"north-of-sahara","North of Sahara, regional",2010,4210000
"north-of-sahara","North of Sahara, regional",2011,930000
"north-of-sahara","North of Sahara, regional",2012,5890000
"north-of-sahara","North of Sahara, regional",2013,10280000
"MP","Northern Mariana Islands",2000,0
"MP","Northern Mariana Islands",2001,0
"MP","Northern Mariana Islands",2002,0
"MP","Northern Mariana Islands",2003,0
"MP","Northern Mariana Islands",2004,0
"MP","Northern Mariana Islands",2005,0
"MP","Northern Mariana Islands",2006,0
"MP","Northern Mariana Islands",2007,0
"MP","Northern Mariana Islands",2008,0
"MP","Northern Mariana Islands",2009,0
"MP","Northern Mariana Islands",2010,0
"MP","Northern Mariana Islands",2011,0
"MP","Northern Mariana Islands",2012,0
"MP","Northern Mariana Islands",2013,0
"oceania","Oceania, regional",2000,-7180000
"oceania","Oceania, regional",2001,-6520000
"oceania","Oceania, regional",2002,4340000
"oceania","Oceania, regional",2003,2790000
"oceania","Oceania, regional",2004,6280000
"oceania","Oceania, regional",2005,6630000
"oceania","Oceania, regional",2006,7960000
"oceania","Oceania, regional",2007,9520000
"oceania","Oceania, regional",2008,42090000
"oceania","Oceania, regional",2009,14840000
"oceania","Oceania, regional",2010,9260000
"oceania","Oceania, regional",2011,210460000
"oceania","Oceania, regional",2012,5450000
"oceania","Oceania, regional",2013,4620000
"OM","Oman",2000,7140000
"OM","Oman",2001,-14210000
"OM","Oman",2002,-56570000
"OM","Oman",2003,75780000
"OM","Oman",2004,197870000
"OM","Oman",2005,307340000
"OM","Oman",2006,407330000
"OM","Oman",2007,191560000
"OM","Oman",2008,357600000
"OM","Oman",2009,319030000
"OM","Oman",2010,-54160000
"OM","Oman",2011,0
"OM","Oman",2012,0
"OM","Oman",2013,0
"PK","Pakistan",2000,1.07e+08
"PK","Pakistan",2001,-64580000
"PK","Pakistan",2002,62190000
"PK","Pakistan",2003,-402450000
"PK","Pakistan",2004,-1718300000
"PK","Pakistan",2005,86620000
"PK","Pakistan",2006,378420000
"PK","Pakistan",2007,409460000
"PK","Pakistan",2008,848940000
"PK","Pakistan",2009,339570000
"PK","Pakistan",2010,142200000
"PK","Pakistan",2011,234630000
"PK","Pakistan",2012,177600000
"PK","Pakistan",2013,-112900000
"PW","Palau",2000,-1680000
"PW","Palau",2001,-2050000
"PW","Palau",2002,-2300000
"PW","Palau",2003,-2320000
"PW","Palau",2004,-2340000
"PW","Palau",2005,-2590000
"PW","Palau",2006,-2850000
"PW","Palau",2007,0
"PW","Palau",2008,160000
"PW","Palau",2009,0
"PW","Palau",2010,0
"PW","Palau",2011,6250000
"PW","Palau",2012,60000
"PW","Palau",2013,6430000
"PS","Palestine",2000,76780000
"PS","Palestine",2001,-920000
"PS","Palestine",2002,-48880000
"PS","Palestine",2003,-17220000
"PS","Palestine",2004,-870000
"PS","Palestine",2005,-470000
"PS","Palestine",2006,470000
"PS","Palestine",2007,30000
"PS","Palestine",2008,-1400000
"PS","Palestine",2009,12180000
"PS","Palestine",2010,5500000
"PS","Palestine",2011,7870000
"PS","Palestine",2012,4330000
"PS","Palestine",2013,-910000
"PA","Panama",2000,132450000
"PA","Panama",2001,116070000
"PA","Panama",2002,85040000
"PA","Panama",2003,82920000
"PA","Panama",2004,-60870000
"PA","Panama",2005,-74370000
"PA","Panama",2006,-76540000
"PA","Panama",2007,-3160000
"PA","Panama",2008,238520000
"PA","Panama",2009,508610000
"PA","Panama",2010,649080000
"PA","Panama",2011,448100000
"PA","Panama",2012,375770000
"PA","Panama",2013,1006570000
"PG","Papua New Guinea",2000,238800000
"PG","Papua New Guinea",2001,137600000
"PG","Papua New Guinea",2002,-8270000
"PG","Papua New Guinea",2003,18920000
"PG","Papua New Guinea",2004,-37270000
"PG","Papua New Guinea",2005,-3460000
"PG","Papua New Guinea",2006,-47490000
"PG","Papua New Guinea",2007,-101010000
"PG","Papua New Guinea",2008,49520000
"PG","Papua New Guinea",2009,427340000
"PG","Papua New Guinea",2010,790060000
"PG","Papua New Guinea",2011,1601420000
"PG","Papua New Guinea",2012,837040000
"PG","Papua New Guinea",2013,988980000
"PY","Paraguay",2000,179710000
"PY","Paraguay",2001,76910000
"PY","Paraguay",2002,42560000
"PY","Paraguay",2003,65520000
"PY","Paraguay",2004,-20210000
"PY","Paraguay",2005,-6440000
"PY","Paraguay",2006,35750000
"PY","Paraguay",2007,-37180000
"PY","Paraguay",2008,79380000
"PY","Paraguay",2009,93200000
"PY","Paraguay",2010,1.91e+08
"PY","Paraguay",2011,84940000
"PY","Paraguay",2012,91860000
"PY","Paraguay",2013,23530000
"PE","Peru",2000,906790000
"PE","Peru",2001,622940000
"PE","Peru",2002,18500000
"PE","Peru",2003,-50630000
"PE","Peru",2004,83330000
"PE","Peru",2005,-299360000
"PE","Peru",2006,-656380000
"PE","Peru",2007,-7.71e+08
"PE","Peru",2008,524700000
"PE","Peru",2009,837800000
"PE","Peru",2010,-71260000
"PE","Peru",2011,-72180000
"PE","Peru",2012,-445020000
"PE","Peru",2013,-2049590000
"PH","Philippines",2000,-286430000
"PH","Philippines",2001,-69050000
"PH","Philippines",2002,-489570000
"PH","Philippines",2003,-691570000
"PH","Philippines",2004,-1173790000
"PH","Philippines",2005,-936010000
"PH","Philippines",2006,-931960000
"PH","Philippines",2007,2254080000
"PH","Philippines",2008,-101450000
"PH","Philippines",2009,873220000
"PH","Philippines",2010,-583890000
"PH","Philippines",2011,813640000
"PH","Philippines",2012,470350000
"PH","Philippines",2013,-734720000
"QA","Qatar",2000,0
"QA","Qatar",2001,0
"QA","Qatar",2002,0
"QA","Qatar",2003,0
"QA","Qatar",2004,0
"QA","Qatar",2005,0
"QA","Qatar",2006,0
"QA","Qatar",2007,0
"QA","Qatar",2008,0
"QA","Qatar",2009,0
"QA","Qatar",2010,0
"QA","Qatar",2011,0
"QA","Qatar",2012,0
"QA","Qatar",2013,0
"RW","Rwanda",2000,3580000
"RW","Rwanda",2001,3790000
"RW","Rwanda",2002,1570000
"RW","Rwanda",2003,5830000
"RW","Rwanda",2004,1050000
"RW","Rwanda",2005,-6940000
"RW","Rwanda",2006,-1540000
"RW","Rwanda",2007,8540000
"RW","Rwanda",2008,6650000
"RW","Rwanda",2009,7720000
"RW","Rwanda",2010,29300000
"RW","Rwanda",2011,20870000
"RW","Rwanda",2012,64420000
"RW","Rwanda",2013,31370000
"KN","Saint Kitts and Nevis",2000,2840000
"KN","Saint Kitts and Nevis",2001,8620000
"KN","Saint Kitts and Nevis",2002,32520000
"KN","Saint Kitts and Nevis",2003,7200000
"KN","Saint Kitts and Nevis",2004,2980000
"KN","Saint Kitts and Nevis",2005,-920000
"KN","Saint Kitts and Nevis",2006,9e+05
"KN","Saint Kitts and Nevis",2007,5710000
"KN","Saint Kitts and Nevis",2008,-13390000
"KN","Saint Kitts and Nevis",2009,990000
"KN","Saint Kitts and Nevis",2010,-1020000
"KN","Saint Kitts and Nevis",2011,13440000
"KN","Saint Kitts and Nevis",2012,-5310000
"KN","Saint Kitts and Nevis",2013,-11620000
"LC","Saint Lucia",2000,3810000
"LC","Saint Lucia",2001,1e+06
"LC","Saint Lucia",2002,13850000
"LC","Saint Lucia",2003,33340000
"LC","Saint Lucia",2004,30880000
"LC","Saint Lucia",2005,1240000
"LC","Saint Lucia",2006,9800000
"LC","Saint Lucia",2007,10260000
"LC","Saint Lucia",2008,11270000
"LC","Saint Lucia",2009,4840000
"LC","Saint Lucia",2010,-17790000
"LC","Saint Lucia",2011,-9030000
"LC","Saint Lucia",2012,-12320000
"LC","Saint Lucia",2013,-10090000
"VC","Saint Vincent & the Grenadines",2000,5910000
"VC","Saint Vincent & the Grenadines",2001,2740000
"VC","Saint Vincent & the Grenadines",2002,5e+06
"VC","Saint Vincent & the Grenadines",2003,380000
"VC","Saint Vincent & the Grenadines",2004,2720000
"VC","Saint Vincent & the Grenadines",2005,3120000
"VC","Saint Vincent & the Grenadines",2006,15340000
"VC","Saint Vincent & the Grenadines",2007,-11860000
"VC","Saint Vincent & the Grenadines",2008,6380000
"VC","Saint Vincent & the Grenadines",2009,12770000
"VC","Saint Vincent & the Grenadines",2010,41420000
"VC","Saint Vincent & the Grenadines",2011,-2390000
"VC","Saint Vincent & the Grenadines",2012,-5540000
"VC","Saint Vincent & the Grenadines",2013,-510000
"WS","Samoa",2000,930000
"WS","Samoa",2001,150000
"WS","Samoa",2002,1210000
"WS","Samoa",2003,3720000
"WS","Samoa",2004,2270000
"WS","Samoa",2005,760000
"WS","Samoa",2006,770000
"WS","Samoa",2007,8660000
"WS","Samoa",2008,2210000
"WS","Samoa",2009,-30000
"WS","Samoa",2010,-840000
"WS","Samoa",2011,1250000
"WS","Samoa",2012,1e+06
"WS","Samoa",2013,890000
"ST","Sao Tome & Principe",2000,0
"ST","Sao Tome & Principe",2001,710000
"ST","Sao Tome & Principe",2002,0
"ST","Sao Tome & Principe",2003,8190000
"ST","Sao Tome & Principe",2004,0
"ST","Sao Tome & Principe",2005,0
"ST","Sao Tome & Principe",2006,0
"ST","Sao Tome & Principe",2007,-6110000
"ST","Sao Tome & Principe",2008,-750000
"ST","Sao Tome & Principe",2009,-290000
"ST","Sao Tome & Principe",2010,-290000
"ST","Sao Tome & Principe",2011,-340000
"ST","Sao Tome & Principe",2012,1930000
"ST","Sao Tome & Principe",2013,0
"SA","Saudi Arabia",2000,30140000
"SA","Saudi Arabia",2001,95550000
"SA","Saudi Arabia",2002,-136700000
"SA","Saudi Arabia",2003,-170470000
"SA","Saudi Arabia",2004,-131520000
"SA","Saudi Arabia",2005,-78960000
"SA","Saudi Arabia",2006,6347290000
"SA","Saudi Arabia",2007,1878010000
"SA","Saudi Arabia",2008,0
"SA","Saudi Arabia",2009,0
"SA","Saudi Arabia",2010,0
"SA","Saudi Arabia",2011,0
"SA","Saudi Arabia",2012,0
"SA","Saudi Arabia",2013,0
"SN","Senegal",2000,-11170000
"SN","Senegal",2001,-22960000
"SN","Senegal",2002,33200000
"SN","Senegal",2003,1.9e+07
"SN","Senegal",2004,-9010000
"SN","Senegal",2005,-52620000
"SN","Senegal",2006,-2570000
"SN","Senegal",2007,-20110000
"SN","Senegal",2008,116180000
"SN","Senegal",2009,74380000
"SN","Senegal",2010,-10740000
"SN","Senegal",2011,-38750000
"SN","Senegal",2012,47170000
"SN","Senegal",2013,-19690000
"RS","Serbia",2000,-3540000
"RS","Serbia",2001,11240000
"RS","Serbia",2002,747620000
"RS","Serbia",2003,357060000
"RS","Serbia",2004,358210000
"RS","Serbia",2005,360770000
"RS","Serbia",2006,-151070000
"RS","Serbia",2007,365990000
"RS","Serbia",2008,407090000
"RS","Serbia",2009,475940000
"RS","Serbia",2010,892440000
"RS","Serbia",2011,628660000
"RS","Serbia",2012,91920000
"RS","Serbia",2013,167350000
"SC","Seychelles",2000,-5480000
"SC","Seychelles",2001,-5590000
"SC","Seychelles",2002,-3570000
"SC","Seychelles",2003,-7e+05
"SC","Seychelles",2004,-3250000
"SC","Seychelles",2005,-1480000
"SC","Seychelles",2006,-29130000
"SC","Seychelles",2007,-2580000
"SC","Seychelles",2008,-850000
"SC","Seychelles",2009,-1540000
"SC","Seychelles",2010,33290000
"SC","Seychelles",2011,1060000
"SC","Seychelles",2012,39280000
"SC","Seychelles",2013,6680000
"SL","Sierra Leone",2000,-2730000
"SL","Sierra Leone",2001,-6310000
"SL","Sierra Leone",2002,23680000
"SL","Sierra Leone",2003,-6570000
"SL","Sierra Leone",2004,-740000
"SL","Sierra Leone",2005,-1360000
"SL","Sierra Leone",2006,-220000
"SL","Sierra Leone",2007,-77590000
"SL","Sierra Leone",2008,8140000
"SL","Sierra Leone",2009,-1050000
"SL","Sierra Leone",2010,-790000
"SL","Sierra Leone",2011,6650000
"SL","Sierra Leone",2012,37660000
"SL","Sierra Leone",2013,8190000
"SG","Singapore",2000,0
"SG","Singapore",2001,0
"SG","Singapore",2002,0
"SG","Singapore",2003,0
"SG","Singapore",2004,0
"SG","Singapore",2005,0
"SG","Singapore",2006,0
"SG","Singapore",2007,0
"SG","Singapore",2008,0
"SG","Singapore",2009,0
"SG","Singapore",2010,0
"SG","Singapore",2011,0
"SG","Singapore",2012,0
"SG","Singapore",2013,0
"SI","Slovenia",2000,68660000
"SI","Slovenia",2001,24520000
"SI","Slovenia",2002,392450000
"SI","Slovenia",2003,0
"SI","Slovenia",2004,0
"SI","Slovenia",2005,0
"SI","Slovenia",2006,0
"SI","Slovenia",2007,0
"SI","Slovenia",2008,0
"SI","Slovenia",2009,0
"SI","Slovenia",2010,0
"SI","Slovenia",2011,0
"SI","Slovenia",2012,0
"SI","Slovenia",2013,0
"SB","Solomon Islands",2000,3420000
"SB","Solomon Islands",2001,530000
"SB","Solomon Islands",2002,-2500000
"SB","Solomon Islands",2003,0
"SB","Solomon Islands",2004,1630000
"SB","Solomon Islands",2005,-11140000
"SB","Solomon Islands",2006,2250000
"SB","Solomon Islands",2007,5230000
"SB","Solomon Islands",2008,-3120000
"SB","Solomon Islands",2009,12670000
"SB","Solomon Islands",2010,64110000
"SB","Solomon Islands",2011,8180000
"SB","Solomon Islands",2012,560000
"SB","Solomon Islands",2013,40050000
"SO","Somalia",2000,0
"SO","Somalia",2001,0
"SO","Somalia",2002,0
"SO","Somalia",2003,0
"SO","Somalia",2004,0
"SO","Somalia",2005,0
"SO","Somalia",2006,0
"SO","Somalia",2007,0
"SO","Somalia",2008,4080000
"SO","Somalia",2009,0
"SO","Somalia",2010,0
"SO","Somalia",2011,120000
"SO","Somalia",2012,0
"SO","Somalia",2013,0
"south-central-asia","South & Central Asia, regional",2000,0
"south-central-asia","South & Central Asia, regional",2001,-180000
"south-central-asia","South & Central Asia, regional",2002,0
"south-central-asia","South & Central Asia, regional",2003,0
"south-central-asia","South & Central Asia, regional",2004,0
"south-central-asia","South & Central Asia, regional",2005,0
"south-central-asia","South & Central Asia, regional",2006,250000
"south-central-asia","South & Central Asia, regional",2007,0
"south-central-asia","South & Central Asia, regional",2008,0
"south-central-asia","South & Central Asia, regional",2009,10000
"south-central-asia","South & Central Asia, regional",2010,1940000
"south-central-asia","South & Central Asia, regional",2011,740000
"south-central-asia","South & Central Asia, regional",2012,0
"south-central-asia","South & Central Asia, regional",2013,-9370000
"ZA","South Africa",2000,224720000
"ZA","South Africa",2001,145460000
"ZA","South Africa",2002,-75230000
"ZA","South Africa",2003,526880000
"ZA","South Africa",2004,355080000
"ZA","South Africa",2005,34080000
"ZA","South Africa",2006,-13750000
"ZA","South Africa",2007,163360000
"ZA","South Africa",2008,-196150000
"ZA","South Africa",2009,1712060000
"ZA","South Africa",2010,914390000
"ZA","South Africa",2011,969620000
"ZA","South Africa",2012,1844410000
"ZA","South Africa",2013,1105580000
"south-america","South America, regional",2000,35100000
"south-america","South America, regional",2001,86470000
"south-america","South America, regional",2002,15840000
"south-america","South America, regional",2003,-5060000
"south-america","South America, regional",2004,-78960000
"south-america","South America, regional",2005,-45860000
"south-america","South America, regional",2006,57320000
"south-america","South America, regional",2007,-38340000
"south-america","South America, regional",2008,10720000
"south-america","South America, regional",2009,-51360000
"south-america","South America, regional",2010,8500000
"south-america","South America, regional",2011,-39580000
"south-america","South America, regional",2012,-34510000
"south-america","South America, regional",2013,-37870000
"south-asia","South Asia, regional",2000,0
"south-asia","South Asia, regional",2001,0
"south-asia","South Asia, regional",2002,0
"south-asia","South Asia, regional",2003,0
"south-asia","South Asia, regional",2004,0
"south-asia","South Asia, regional",2005,0
"south-asia","South Asia, regional",2006,26640000
"south-asia","South Asia, regional",2007,-11760000
"south-asia","South Asia, regional",2008,76280000
"south-asia","South Asia, regional",2009,-92280000
"south-asia","South Asia, regional",2010,0
"south-asia","South Asia, regional",2011,0
"south-asia","South Asia, regional",2012,30000
"south-asia","South Asia, regional",2013,47400000
"KR","South Korea",2000,0
"KR","South Korea",2001,0
"KR","South Korea",2002,0
"KR","South Korea",2003,0
"KR","South Korea",2004,0
"KR","South Korea",2005,0
"KR","South Korea",2006,0
"KR","South Korea",2007,0
"KR","South Korea",2008,0
"KR","South Korea",2009,0
"KR","South Korea",2010,0
"KR","South Korea",2011,0
"KR","South Korea",2012,0
"KR","South Korea",2013,0
"south-of-sahara","South of Sahara, regional",2000,-10440000
"south-of-sahara","South of Sahara, regional",2001,-990000
"south-of-sahara","South of Sahara, regional",2002,4040000
"south-of-sahara","South of Sahara, regional",2003,-14420000
"south-of-sahara","South of Sahara, regional",2004,125970000
"south-of-sahara","South of Sahara, regional",2005,21240000
"south-of-sahara","South of Sahara, regional",2006,18030000
"south-of-sahara","South of Sahara, regional",2007,56640000
"south-of-sahara","South of Sahara, regional",2008,101640000
"south-of-sahara","South of Sahara, regional",2009,46240000
"south-of-sahara","South of Sahara, regional",2010,27360000
"south-of-sahara","South of Sahara, regional",2011,102140000
"south-of-sahara","South of Sahara, regional",2012,47330000
"south-of-sahara","South of Sahara, regional",2013,54530000
"SS","South Sudan",2000,0
"SS","South Sudan",2001,0
"SS","South Sudan",2002,0
"SS","South Sudan",2003,0
"SS","South Sudan",2004,0
"SS","South Sudan",2005,0
"SS","South Sudan",2006,0
"SS","South Sudan",2007,0
"SS","South Sudan",2008,0
"SS","South Sudan",2009,0
"SS","South Sudan",2010,0
"SS","South Sudan",2011,0
"SS","South Sudan",2012,0
"SS","South Sudan",2013,2500000
"LK","Sri Lanka",2000,-33930000
"LK","Sri Lanka",2001,8080000
"LK","Sri Lanka",2002,74530000
"LK","Sri Lanka",2003,65540000
"LK","Sri Lanka",2004,77750000
"LK","Sri Lanka",2005,77240000
"LK","Sri Lanka",2006,75200000
"LK","Sri Lanka",2007,65650000
"LK","Sri Lanka",2008,234450000
"LK","Sri Lanka",2009,49010000
"LK","Sri Lanka",2010,196160000
"LK","Sri Lanka",2011,186700000
"LK","Sri Lanka",2012,268730000
"LK","Sri Lanka",2013,229800000
"ex-yugoslavia","States Ex-Yugoslavia unspecified",2000,-11900000
"ex-yugoslavia","States Ex-Yugoslavia unspecified",2001,-100800000
"ex-yugoslavia","States Ex-Yugoslavia unspecified",2002,-102580000
"ex-yugoslavia","States Ex-Yugoslavia unspecified",2003,-9480000
"ex-yugoslavia","States Ex-Yugoslavia unspecified",2004,8310000
"ex-yugoslavia","States Ex-Yugoslavia unspecified",2005,-35240000
"ex-yugoslavia","States Ex-Yugoslavia unspecified",2006,-73680000
"ex-yugoslavia","States Ex-Yugoslavia unspecified",2007,2750000
"ex-yugoslavia","States Ex-Yugoslavia unspecified",2008,8840000
"ex-yugoslavia","States Ex-Yugoslavia unspecified",2009,2300000
"ex-yugoslavia","States Ex-Yugoslavia unspecified",2010,3260000
"ex-yugoslavia","States Ex-Yugoslavia unspecified",2011,2130000
"ex-yugoslavia","States Ex-Yugoslavia unspecified",2012,2180000
"ex-yugoslavia","States Ex-Yugoslavia unspecified",2013,2670000
"SD","Sudan",2000,-12660000
"SD","Sudan",2001,-740000
"SD","Sudan",2002,30000
"SD","Sudan",2003,-1280000
"SD","Sudan",2004,-5020000
"SD","Sudan",2005,31090000
"SD","Sudan",2006,6980000
"SD","Sudan",2007,14230000
"SD","Sudan",2008,32560000
"SD","Sudan",2009,29920000
"SD","Sudan",2010,88030000
"SD","Sudan",2011,108960000
"SD","Sudan",2012,26490000
"SD","Sudan",2013,-10420000
"SR","Suriname",2000,3190000
"SR","Suriname",2001,-950000
"SR","Suriname",2002,-360000
"SR","Suriname",2003,18070000
"SR","Suriname",2004,220000
"SR","Suriname",2005,-1560000
"SR","Suriname",2006,-1270000
"SR","Suriname",2007,12820000
"SR","Suriname",2008,4150000
"SR","Suriname",2009,19680000
"SR","Suriname",2010,41860000
"SR","Suriname",2011,102370000
"SR","Suriname",2012,61500000
"SR","Suriname",2013,106660000
"SZ","Swaziland",2000,4590000
"SZ","Swaziland",2001,15240000
"SZ","Swaziland",2002,8060000
"SZ","Swaziland",2003,1380000
"SZ","Swaziland",2004,33820000
"SZ","Swaziland",2005,-11350000
"SZ","Swaziland",2006,10470000
"SZ","Swaziland",2007,8820000
"SZ","Swaziland",2008,-20480000
"SZ","Swaziland",2009,-15390000
"SZ","Swaziland",2010,-20830000
"SZ","Swaziland",2011,-12920000
"SZ","Swaziland",2012,-13770000
"SZ","Swaziland",2013,-5330000
"SY","Syria",2000,527550000
"SY","Syria",2001,-38490000
"SY","Syria",2002,-15520000
"SY","Syria",2003,-37120000
"SY","Syria",2004,68920000
"SY","Syria",2005,35890000
"SY","Syria",2006,79830000
"SY","Syria",2007,135720000
"SY","Syria",2008,76590000
"SY","Syria",2009,308900000
"SY","Syria",2010,57710000
"SY","Syria",2011,10760000
"SY","Syria",2012,-59800000
"SY","Syria",2013,2e+06
"TJ","Tajikistan",2000,1090000
"TJ","Tajikistan",2001,-1120000
"TJ","Tajikistan",2002,-810000
"TJ","Tajikistan",2003,6820000
"TJ","Tajikistan",2004,13680000
"TJ","Tajikistan",2005,28800000
"TJ","Tajikistan",2006,14130000
"TJ","Tajikistan",2007,9e+05
"TJ","Tajikistan",2008,18230000
"TJ","Tajikistan",2009,15260000
"TJ","Tajikistan",2010,10850000
"TJ","Tajikistan",2011,8710000
"TJ","Tajikistan",2012,31420000
"TJ","Tajikistan",2013,-6130000
"TZ","Tanzania",2000,37190000
"TZ","Tanzania",2001,-8280000
"TZ","Tanzania",2002,-181530000
"TZ","Tanzania",2003,-71360000
"TZ","Tanzania",2004,-96370000
"TZ","Tanzania",2005,-10200000
"TZ","Tanzania",2006,9070000
"TZ","Tanzania",2007,2030000
"TZ","Tanzania",2008,61790000
"TZ","Tanzania",2009,5370000
"TZ","Tanzania",2010,-14430000
"TZ","Tanzania",2011,-49670000
"TZ","Tanzania",2012,13520000
"TZ","Tanzania",2013,62780000
"TH","Thailand",2000,-2465250000
"TH","Thailand",2001,-1116400000
"TH","Thailand",2002,-4697120000
"TH","Thailand",2003,-6410390000
"TH","Thailand",2004,-3076910000
"TH","Thailand",2005,1948950000
"TH","Thailand",2006,-442500000
"TH","Thailand",2007,-559010000
"TH","Thailand",2008,-363870000
"TH","Thailand",2009,175660000
"TH","Thailand",2010,231730000
"TH","Thailand",2011,231660000
"TH","Thailand",2012,942840000
"TH","Thailand",2013,1510920000
"TL","Timor-Leste",2000,1123470000
"TL","Timor-Leste",2001,7e+05
"TL","Timor-Leste",2002,34820000
"TL","Timor-Leste",2003,178780000
"TL","Timor-Leste",2004,2580000
"TL","Timor-Leste",2005,1830000
"TL","Timor-Leste",2006,1260000
"TL","Timor-Leste",2007,1350000
"TL","Timor-Leste",2008,1300000
"TL","Timor-Leste",2009,2590000
"TL","Timor-Leste",2010,6790000
"TL","Timor-Leste",2011,-11810000
"TL","Timor-Leste",2012,1950000
"TL","Timor-Leste",2013,5780000
"TG","Togo",2000,6770000
"TG","Togo",2001,-130000
"TG","Togo",2002,-130000
"TG","Togo",2003,-1910000
"TG","Togo",2004,11160000
"TG","Togo",2005,-3390000
"TG","Togo",2006,-13110000
"TG","Togo",2007,-9080000
"TG","Togo",2008,-44800000
"TG","Togo",2009,147560000
"TG","Togo",2010,-111600000
"TG","Togo",2011,-30320000
"TG","Togo",2012,56210000
"TG","Togo",2013,13590000
"TO","Tonga",2000,80000
"TO","Tonga",2001,150000
"TO","Tonga",2002,320000
"TO","Tonga",2003,0
"TO","Tonga",2004,13830000
"TO","Tonga",2005,690000
"TO","Tonga",2006,-360000
"TO","Tonga",2007,-9070000
"TO","Tonga",2008,7240000
"TO","Tonga",2009,590000
"TO","Tonga",2010,360000
"TO","Tonga",2011,780000
"TO","Tonga",2012,1e+06
"TO","Tonga",2013,340000
"TT","Trinidad & Tobago",2000,-24960000
"TT","Trinidad & Tobago",2001,16570000
"TT","Trinidad & Tobago",2002,-42380000
"TT","Trinidad & Tobago",2003,11270000
"TT","Trinidad & Tobago",2004,-159730000
"TT","Trinidad & Tobago",2005,-39640000
"TT","Trinidad & Tobago",2006,41330000
"TT","Trinidad & Tobago",2007,-24610000
"TT","Trinidad & Tobago",2008,-42680000
"TT","Trinidad & Tobago",2009,-54460000
"TT","Trinidad & Tobago",2010,-43870000
"TT","Trinidad & Tobago",2011,0
"TT","Trinidad & Tobago",2012,0
"TT","Trinidad & Tobago",2013,0
"TN","Tunisia",2000,-56950000
"TN","Tunisia",2001,485080000
"TN","Tunisia",2002,274660000
"TN","Tunisia",2003,159910000
"TN","Tunisia",2004,196460000
"TN","Tunisia",2005,-93960000
"TN","Tunisia",2006,-397140000
"TN","Tunisia",2007,186900000
"TN","Tunisia",2008,-37950000
"TN","Tunisia",2009,600300000
"TN","Tunisia",2010,712370000
"TN","Tunisia",2011,752750000
"TN","Tunisia",2012,734940000
"TN","Tunisia",2013,-249640000
"TR","Turkey",2000,1153680000
"TR","Turkey",2001,1740940000
"TR","Turkey",2002,1339080000
"TR","Turkey",2003,453460000
"TR","Turkey",2004,2214130000
"TR","Turkey",2005,-488170000
"TR","Turkey",2006,2058340000
"TR","Turkey",2007,3309630000
"TR","Turkey",2008,3287720000
"TR","Turkey",2009,3528270000
"TR","Turkey",2010,5364920000
"TR","Turkey",2011,2050540000
"TR","Turkey",2012,1356820000
"TR","Turkey",2013,1428520000
"TM","Turkmenistan",2000,194720000
"TM","Turkmenistan",2001,80550000
"TM","Turkmenistan",2002,48040000
"TM","Turkmenistan",2003,-6920000
"TM","Turkmenistan",2004,-31510000
"TM","Turkmenistan",2005,-3840000
"TM","Turkmenistan",2006,-171500000
"TM","Turkmenistan",2007,-111480000
"TM","Turkmenistan",2008,-95810000
"TM","Turkmenistan",2009,-94900000
"TM","Turkmenistan",2010,-71350000
"TM","Turkmenistan",2011,260240000
"TM","Turkmenistan",2012,190010000
"TM","Turkmenistan",2013,43990000
"TC","Turks & Caicos Islands",2000,940000
"TC","Turks & Caicos Islands",2001,1990000
"TC","Turks & Caicos Islands",2002,1820000
"TC","Turks & Caicos Islands",2003,450000
"TC","Turks & Caicos Islands",2004,1690000
"TC","Turks & Caicos Islands",2005,740000
"TC","Turks & Caicos Islands",2006,-2e+05
"TC","Turks & Caicos Islands",2007,19330000
"TC","Turks & Caicos Islands",2008,0
"TC","Turks & Caicos Islands",2009,0
"TC","Turks & Caicos Islands",2010,0
"TC","Turks & Caicos Islands",2011,0
"TC","Turks & Caicos Islands",2012,0
"TC","Turks & Caicos Islands",2013,0
"TV","Tuvalu",2000,0
"TV","Tuvalu",2001,0
"TV","Tuvalu",2002,0
"TV","Tuvalu",2003,0
"TV","Tuvalu",2004,0
"TV","Tuvalu",2005,0
"TV","Tuvalu",2006,0
"TV","Tuvalu",2007,0
"TV","Tuvalu",2008,1090000
"TV","Tuvalu",2009,-80000
"TV","Tuvalu",2010,-90000
"TV","Tuvalu",2011,0
"TV","Tuvalu",2012,2e+05
"TV","Tuvalu",2013,170000
"AE","UAE",2000,0
"AE","UAE",2001,0
"AE","UAE",2002,0
"AE","UAE",2003,0
"AE","UAE",2004,0
"AE","UAE",2005,0
"AE","UAE",2006,0
"AE","UAE",2007,0
"AE","UAE",2008,0
"AE","UAE",2009,0
"AE","UAE",2010,0
"AE","UAE",2011,0
"AE","UAE",2012,0
"AE","UAE",2013,0
"UG","Uganda",2000,-76430000
"UG","Uganda",2001,-26570000
"UG","Uganda",2002,-50420000
"UG","Uganda",2003,-3200000
"UG","Uganda",2004,-6710000
"UG","Uganda",2005,-3200000
"UG","Uganda",2006,-6590000
"UG","Uganda",2007,13120000
"UG","Uganda",2008,135920000
"UG","Uganda",2009,132730000
"UG","Uganda",2010,101380000
"UG","Uganda",2011,40130000
"UG","Uganda",2012,105650000
"UG","Uganda",2013,-63610000
"UA","Ukraine",2000,0
"UA","Ukraine",2001,0
"UA","Ukraine",2002,0
"UA","Ukraine",2003,0
"UA","Ukraine",2004,0
"UA","Ukraine",2005,451140000
"UA","Ukraine",2006,323020000
"UA","Ukraine",2007,209310000
"UA","Ukraine",2008,1609600000
"UA","Ukraine",2009,1114890000
"UA","Ukraine",2010,284020000
"UA","Ukraine",2011,295840000
"UA","Ukraine",2012,459110000
"UA","Ukraine",2013,148830000
"UY","Uruguay",2000,282300000
"UY","Uruguay",2001,226640000
"UY","Uruguay",2002,961830000
"UY","Uruguay",2003,432360000
"UY","Uruguay",2004,25670000
"UY","Uruguay",2005,57390000
"UY","Uruguay",2006,-658820000
"UY","Uruguay",2007,68040000
"UY","Uruguay",2008,270600000
"UY","Uruguay",2009,725750000
"UY","Uruguay",2010,-494030000
"UY","Uruguay",2011,183310000
"UY","Uruguay",2012,78510000
"UY","Uruguay",2013,-243520000
"UZ","Uzbekistan",2000,190540000
"UZ","Uzbekistan",2001,330590000
"UZ","Uzbekistan",2002,29080000
"UZ","Uzbekistan",2003,73920000
"UZ","Uzbekistan",2004,72320000
"UZ","Uzbekistan",2005,18490000
"UZ","Uzbekistan",2006,-93100000
"UZ","Uzbekistan",2007,-20440000
"UZ","Uzbekistan",2008,10400000
"UZ","Uzbekistan",2009,-43330000
"UZ","Uzbekistan",2010,50040000
"UZ","Uzbekistan",2011,-106710000
"UZ","Uzbekistan",2012,161490000
"UZ","Uzbekistan",2013,1.88e+08
"VU","Vanuatu",2000,-950000
"VU","Vanuatu",2001,-1660000
"VU","Vanuatu",2002,-480000
"VU","Vanuatu",2003,-860000
"VU","Vanuatu",2004,1250000
"VU","Vanuatu",2005,1350000
"VU","Vanuatu",2006,2210000
"VU","Vanuatu",2007,2120000
"VU","Vanuatu",2008,9980000
"VU","Vanuatu",2009,7810000
"VU","Vanuatu",2010,1700000
"VU","Vanuatu",2011,1280000
"VU","Vanuatu",2012,2320000
"VU","Vanuatu",2013,1850000
"VE","Venezuela",2000,-20200000
"VE","Venezuela",2001,-80540000
"VE","Venezuela",2002,-251880000
"VE","Venezuela",2003,-521550000
"VE","Venezuela",2004,-668160000
"VE","Venezuela",2005,-630970000
"VE","Venezuela",2006,-5.35e+08
"VE","Venezuela",2007,2046520000
"VE","Venezuela",2008,59080000
"VE","Venezuela",2009,130130000
"VE","Venezuela",2010,263920000
"VE","Venezuela",2011,781840000
"VE","Venezuela",2012,-167440000
"VE","Venezuela",2013,-303850000
"VN","Viet Nam",2000,-137260000
"VN","Viet Nam",2001,-64820000
"VN","Viet Nam",2002,21680000
"VN","Viet Nam",2003,418390000
"VN","Viet Nam",2004,21590000
"VN","Viet Nam",2005,163460000
"VN","Viet Nam",2006,47600000
"VN","Viet Nam",2007,26050000
"VN","Viet Nam",2008,449360000
"VN","Viet Nam",2009,1241020000
"VN","Viet Nam",2010,1713640000
"VN","Viet Nam",2011,987110000
"VN","Viet Nam",2012,813750000
"VN","Viet Nam",2013,964880000
"WF","Wallis & Futuna",2000,2e+06
"WF","Wallis & Futuna",2001,-1430000
"WF","Wallis & Futuna",2002,-650000
"WF","Wallis & Futuna",2003,-2730000
"WF","Wallis & Futuna",2004,-3510000
"WF","Wallis & Futuna",2005,-3520000
"WF","Wallis & Futuna",2006,-2030000
"WF","Wallis & Futuna",2007,-1750000
"WF","Wallis & Futuna",2008,-340000
"WF","Wallis & Futuna",2009,-1480000
"WF","Wallis & Futuna",2010,-1440000
"WF","Wallis & Futuna",2011,-1180000
"WF","Wallis & Futuna",2012,-980000
"WF","Wallis & Futuna",2013,-820000
"west-indies","West Indies, regional",2000,-1430000
"west-indies","West Indies, regional",2001,-8400000
"west-indies","West Indies, regional",2002,1530000
"west-indies","West Indies, regional",2003,590000
"west-indies","West Indies, regional",2004,-160000
"west-indies","West Indies, regional",2005,-680000
"west-indies","West Indies, regional",2006,2420000
"west-indies","West Indies, regional",2007,-1190000
"west-indies","West Indies, regional",2008,330000
"west-indies","West Indies, regional",2009,9680000
"west-indies","West Indies, regional",2010,11350000
"west-indies","West Indies, regional",2011,11570000
"west-indies","West Indies, regional",2012,7530000
"west-indies","West Indies, regional",2013,-2220000
"YE","Yemen",2000,11580000
"YE","Yemen",2001,-5420000
"YE","Yemen",2002,-960000
"YE","Yemen",2003,-2570000
"YE","Yemen",2004,-120000
"YE","Yemen",2005,-1410000
"YE","Yemen",2006,-2350000
"YE","Yemen",2007,20270000
"YE","Yemen",2008,331660000
"YE","Yemen",2009,133020000
"YE","Yemen",2010,-121820000
"YE","Yemen",2011,-24840000
"YE","Yemen",2012,-60010000
"YE","Yemen",2013,-37830000
"ZM","Zambia",2000,-194090000
"ZM","Zambia",2001,-9690000
"ZM","Zambia",2002,-91650000
"ZM","Zambia",2003,-145560000
"ZM","Zambia",2004,4.8e+07
"ZM","Zambia",2005,-127920000
"ZM","Zambia",2006,-610620000
"ZM","Zambia",2007,123220000
"ZM","Zambia",2008,80670000
"ZM","Zambia",2009,-141910000
"ZM","Zambia",2010,-184050000
"ZM","Zambia",2011,-14950000
"ZM","Zambia",2012,5150000
"ZM","Zambia",2013,-23390000
"ZW","Zimbabwe",2000,-50910000
"ZW","Zimbabwe",2001,-44910000
"ZW","Zimbabwe",2002,-33240000
"ZW","Zimbabwe",2003,-21940000
"ZW","Zimbabwe",2004,-23030000
"ZW","Zimbabwe",2005,-12260000
"ZW","Zimbabwe",2006,-10370000
"ZW","Zimbabwe",2007,-43930000
"ZW","Zimbabwe",2008,-6420000
"ZW","Zimbabwe",2009,-3930000
"ZW","Zimbabwe",2010,-2730000
"ZW","Zimbabwe",2011,1080000
"ZW","Zimbabwe",2012,17350000
"ZW","Zimbabwe",2013,-40000
