"id","entity-name","year","value"
"AF","Afghanistan",2000,0
"AF","Afghanistan",2001,4.24e+09
"AF","Afghanistan",2002,7.11e+09
"AF","Afghanistan",2003,7.89e+09
"AF","Afghanistan",2004,9.1e+09
"AF","Afghanistan",2005,1.08e+10
"AF","Afghanistan",2006,1.22e+10
"AF","Afghanistan",2007,1.7e+10
"AF","Afghanistan",2008,1.76e+10
"AF","Afghanistan",2009,2.15e+10
"AF","Afghanistan",2010,2.74e+10
"AF","Afghanistan",2011,3.08e+10
"AF","Afghanistan",2012,3.53e+10
"AF","Afghanistan",2013,3.5e+10
"AL","Albania",2000,4.45e+09
"AL","Albania",2001,4.94e+09
"AL","Albania",2002,5.37e+09
"AL","Albania",2003,6.82e+09
"AL","Albania",2004,9.01e+09
"AL","Albania",2005,1.01e+10
"AL","Albania",2006,1.1e+10
"AL","Albania",2007,1.29e+10
"AL","Albania",2008,1.55e+10
"AL","Albania",2009,1.45e+10
"AL","Albania",2010,1.44e+10
"AL","Albania",2011,1.56e+10
"AL","Albania",2012,1.49e+10
"AL","Albania",2013,1.56e+10
"DZ","Algeria",2000,9.7e+10
"DZ","Algeria",2001,9.69e+10
"DZ","Algeria",2002,1.01e+11
"DZ","Algeria",2003,1.2e+11
"DZ","Algeria",2004,1.51e+11
"DZ","Algeria",2005,1.82e+11
"DZ","Algeria",2006,2.07e+11
"DZ","Algeria",2007,2.39e+11
"DZ","Algeria",2008,3.03e+11
"DZ","Algeria",2009,2.43e+11
"DZ","Algeria",2010,2.85e+11
"DZ","Algeria",2011,3.52e+11
"DZ","Algeria",2012,3.61e+11
"DZ","Algeria",2013,3.72e+11
"AS","American Samoa",2000,0
"AS","American Samoa",2001,0
"AS","American Samoa",2002,0
"AS","American Samoa",2003,0
"AS","American Samoa",2004,0
"AS","American Samoa",2005,0
"AS","American Samoa",2006,0
"AS","American Samoa",2007,0
"AS","American Samoa",2008,0
"AS","American Samoa",2009,0
"AS","American Samoa",2010,0
"AS","American Samoa",2011,0
"AS","American Samoa",2012,0
"AS","American Samoa",2013,0
"AD","Andorra",2000,
"AD","Andorra",2001,
"AD","Andorra",2002,
"AD","Andorra",2003,
"AD","Andorra",2004,
"AD","Andorra",2005,
"AD","Andorra",2006,
"AD","Andorra",2007,
"AD","Andorra",2008,
"AD","Andorra",2009,
"AD","Andorra",2010,
"AD","Andorra",2011,
"AD","Andorra",2012,
"AD","Andorra",2013,
"AO","Angola",2000,2.1e+10
"AO","Angola",2001,2.05e+10
"AO","Angola",2002,2.87e+10
"AO","Angola",2003,3.26e+10
"AO","Angola",2004,4.51e+10
"AO","Angola",2005,6.48e+10
"AO","Angola",2006,9.59e+10
"AO","Angola",2007,1.39e+11
"AO","Angola",2008,1.93e+11
"AO","Angola",2009,1.73e+11
"AO","Angola",2010,1.89e+11
"AO","Angola",2011,2.39e+11
"AO","Angola",2012,2.64e+11
"AO","Angola",2013,2.85e+11
"AG","Antigua & Barbuda",2000,9.3e+08
"AG","Antigua & Barbuda",2001,9.18e+08
"AG","Antigua & Barbuda",2002,9.52e+08
"AG","Antigua & Barbuda",2003,9.97e+08
"AG","Antigua & Barbuda",2004,1.07e+09
"AG","Antigua & Barbuda",2005,1.18e+09
"AG","Antigua & Barbuda",2006,1.35e+09
"AG","Antigua & Barbuda",2007,1.53e+09
"AG","Antigua & Barbuda",2008,1.6e+09
"AG","Antigua & Barbuda",2009,1.43e+09
"AG","Antigua & Barbuda",2010,1.35e+09
"AG","Antigua & Barbuda",2011,1.34e+09
"AG","Antigua & Barbuda",2012,1.43e+09
"AG","Antigua & Barbuda",2013,1.42e+09
"AR","Argentina",2000,1.01e+12
"AR","Argentina",2001,9.55e+11
"AR","Argentina",2002,3.64e+11
"AR","Argentina",2003,4.61e+11
"AR","Argentina",2004,5.37e+11
"AR","Argentina",2005,6.55e+11
"AR","Argentina",2006,7.75e+11
"AR","Argentina",2007,9.69e+11
"AR","Argentina",2008,1.19e+12
"AR","Argentina",2009,1.11e+12
"AR","Argentina",2010,1.36e+12
"AR","Argentina",2011,1.64e+12
"AR","Argentina",2012,1.77e+12
"AR","Argentina",2013,1.79e+12
"AM","Armenia",2000,2.52e+09
"AM","Armenia",2001,2.79e+09
"AM","Armenia",2002,3.13e+09
"AM","Armenia",2003,3.69e+09
"AM","Armenia",2004,4.71e+09
"AM","Armenia",2005,6.45e+09
"AM","Armenia",2006,8.4e+09
"AM","Armenia",2007,1.21e+10
"AM","Armenia",2008,1.53e+10
"AM","Armenia",2009,1.14e+10
"AM","Armenia",2010,1.22e+10
"AM","Armenia",2011,1.33e+10
"AM","Armenia",2012,1.31e+10
"AM","Armenia",2013,1.37e+10
"AW","Aruba",2000,
"AW","Aruba",2001,
"AW","Aruba",2002,
"AW","Aruba",2003,
"AW","Aruba",2004,
"AW","Aruba",2005,
"AW","Aruba",2006,
"AW","Aruba",2007,
"AW","Aruba",2008,
"AW","Aruba",2009,
"AW","Aruba",2010,
"AW","Aruba",2011,
"AW","Aruba",2012,
"AW","Aruba",2013,
"AU","Australia",2000,5.33e+11
"AU","Australia",2001,4.85e+11
"AU","Australia",2002,5.06e+11
"AU","Australia",2003,5.98e+11
"AU","Australia",2004,7.87e+11
"AU","Australia",2005,8.9e+11
"AU","Australia",2006,9.59e+11
"AU","Australia",2007,1.1e+12
"AU","Australia",2008,1.36e+12
"AU","Australia",2009,1.19e+12
"AU","Australia",2010,1.46e+12
"AU","Australia",2011,1.78e+12
"AU","Australia",2012,1.96e+12
"AU","Australia",2013,2e+12
"AT","Austria",2000,2.22e+11
"AT","Austria",2001,2.23e+11
"AT","Austria",2002,2.41e+11
"AT","Austria",2003,2.95e+11
"AT","Austria",2004,3.39e+11
"AT","Austria",2005,3.56e+11
"AT","Austria",2006,3.78e+11
"AT","Austria",2007,4.36e+11
"AT","Austria",2008,4.84e+11
"AT","Austria",2009,4.5e+11
"AT","Austria",2010,4.41e+11
"AT","Austria",2011,4.85e+11
"AT","Austria",2012,4.61e+11
"AT","Austria",2013,4.84e+11
"AZ","Azerbaijan",2000,1.04e+10
"AZ","Azerbaijan",2001,1.13e+10
"AZ","Azerbaijan",2002,1.23e+10
"AZ","Azerbaijan",2003,1.43e+10
"AZ","Azerbaijan",2004,1.71e+10
"AZ","Azerbaijan",2005,2.61e+10
"AZ","Azerbaijan",2006,4.14e+10
"AZ","Azerbaijan",2007,6.52e+10
"AZ","Azerbaijan",2008,9.63e+10
"AZ","Azerbaijan",2009,8.73e+10
"AZ","Azerbaijan",2010,1.04e+11
"AZ","Azerbaijan",2011,1.3e+11
"AZ","Azerbaijan",2012,1.36e+11
"AZ","Azerbaijan",2013,1.45e+11
"BS","Bahamas",2000,6.69e+09
"BS","Bahamas",2001,6.89e+09
"BS","Bahamas",2002,7.35e+09
"BS","Bahamas",2003,7.34e+09
"BS","Bahamas",2004,7.5e+09
"BS","Bahamas",2005,8.14e+09
"BS","Bahamas",2006,8.42e+09
"BS","Bahamas",2007,8.79e+09
"BS","Bahamas",2008,8.71e+09
"BS","Bahamas",2009,8.26e+09
"BS","Bahamas",2010,8.36e+09
"BS","Bahamas",2011,8.38e+09
"BS","Bahamas",2012,8.69e+09
"BS","Bahamas",2013,8.9e+09
"BH","Bahrain",2000,1.26e+10
"BH","Bahrain",2001,1.25e+10
"BH","Bahrain",2002,1.34e+10
"BH","Bahrain",2003,1.54e+10
"BH","Bahrain",2004,1.83e+10
"BH","Bahrain",2005,2.22e+10
"BH","Bahrain",2006,2.57e+10
"BH","Bahrain",2007,3.02e+10
"BH","Bahrain",2008,3.57e+10
"BH","Bahrain",2009,3.19e+10
"BH","Bahrain",2010,3.57e+10
"BH","Bahrain",2011,4.03e+10
"BH","Bahrain",2012,4.27e+10
"BH","Bahrain",2013,4.57e+10
"BD","Bangladesh",2000,7.74e+10
"BD","Bangladesh",2001,7.71e+10
"BD","Bangladesh",2002,7.81e+10
"BD","Bangladesh",2003,8.52e+10
"BD","Bangladesh",2004,9.29e+10
"BD","Bangladesh",2005,9.9e+10
"BD","Bangladesh",2006,1.18e+11
"BD","Bangladesh",2007,1.31e+11
"BD","Bangladesh",2008,1.5e+11
"BD","Bangladesh",2009,1.67e+11
"BD","Bangladesh",2010,1.89e+11
"BD","Bangladesh",2011,2.12e+11
"BD","Bangladesh",2012,2.18e+11
"BD","Bangladesh",2013,2.46e+11
"BB","Barbados",2000,3.24e+09
"BB","Barbados",2001,3.24e+09
"BB","Barbados",2002,3.29e+09
"BB","Barbados",2003,3.4e+09
"BB","Barbados",2004,3.65e+09
"BB","Barbados",2005,4.05e+09
"BB","Barbados",2006,4.48e+09
"BB","Barbados",2007,4.69e+09
"BB","Barbados",2008,4.72e+09
"BB","Barbados",2009,4.77e+09
"BB","Barbados",2010,4.61e+09
"BB","Barbados",2011,4.54e+09
"BB","Barbados",2012,4.39e+09
"BB","Barbados",2013,0
"BY","Belarus",2000,6.8e+10
"BY","Belarus",2001,6.59e+10
"BY","Belarus",2002,7.79e+10
"BY","Belarus",2003,9.51e+10
"BY","Belarus",2004,1.23e+11
"BY","Belarus",2005,1.61e+11
"BY","Belarus",2006,1.97e+11
"BY","Belarus",2007,2.42e+11
"BY","Belarus",2008,3.24e+11
"BY","Belarus",2009,2.63e+11
"BY","Belarus",2010,2.95e+11
"BY","Belarus",2011,3.19e+11
"BY","Belarus",2012,3.39e+11
"BY","Belarus",2013,3.83e+11
"BE","Belgium",2000,2.72e+11
"BE","Belgium",2001,2.72e+11
"BE","Belgium",2002,2.96e+11
"BE","Belgium",2003,3.67e+11
"BE","Belgium",2004,4.25e+11
"BE","Belgium",2005,4.45e+11
"BE","Belgium",2006,4.72e+11
"BE","Belgium",2007,5.42e+11
"BE","Belgium",2008,5.97e+11
"BE","Belgium",2009,5.58e+11
"BE","Belgium",2010,5.56e+11
"BE","Belgium",2011,6.07e+11
"BE","Belgium",2012,5.73e+11
"BE","Belgium",2013,6.03e+11
"BZ","Belize",2000,9.72e+08
"BZ","Belize",2001,1.02e+09
"BZ","Belize",2002,1.09e+09
"BZ","Belize",2003,1.16e+09
"BZ","Belize",2004,1.24e+09
"BZ","Belize",2005,1.3e+09
"BZ","Belize",2006,1.42e+09
"BZ","Belize",2007,1.51e+09
"BZ","Belize",2008,1.6e+09
"BZ","Belize",2009,1.56e+09
"BZ","Belize",2010,1.63e+09
"BZ","Belize",2011,1.74e+09
"BZ","Belize",2012,1.84e+09
"BZ","Belize",2013,1.9e+09
"BJ","Benin",2000,3.02e+09
"BJ","Benin",2001,3.2e+09
"BJ","Benin",2002,3.6e+09
"BJ","Benin",2003,4.56e+09
"BJ","Benin",2004,5.19e+09
"BJ","Benin",2005,5.59e+09
"BJ","Benin",2006,6.03e+09
"BJ","Benin",2007,7.07e+09
"BJ","Benin",2008,8.5e+09
"BJ","Benin",2009,8.44e+09
"BJ","Benin",2010,8.41e+09
"BJ","Benin",2011,9.34e+09
"BJ","Benin",2012,9.67e+09
"BJ","Benin",2013,1.06e+10
"BM","Bermuda",2000,
"BM","Bermuda",2001,
"BM","Bermuda",2002,
"BM","Bermuda",2003,
"BM","Bermuda",2004,
"BM","Bermuda",2005,
"BM","Bermuda",2006,
"BM","Bermuda",2007,
"BM","Bermuda",2008,
"BM","Bermuda",2009,
"BM","Bermuda",2010,
"BM","Bermuda",2011,
"BM","Bermuda",2012,
"BM","Bermuda",2013,
"BT","Bhutan",2000,6.63e+08
"BT","Bhutan",2001,7.19e+08
"BT","Bhutan",2002,8.11e+08
"BT","Bhutan",2003,9.39e+08
"BT","Bhutan",2004,1.06e+09
"BT","Bhutan",2005,1.24e+09
"BT","Bhutan",2006,1.35e+09
"BT","Bhutan",2007,1.81e+09
"BT","Bhutan",2008,1.9e+09
"BT","Bhutan",2009,1.91e+09
"BT","Bhutan",2010,2.39e+09
"BT","Bhutan",2011,2.75e+09
"BT","Bhutan",2012,2.75e+09
"BT","Bhutan",2013,2.69e+09
"BO","Bolivia ",2000,1.47e+10
"BO","Bolivia ",2001,1.43e+10
"BO","Bolivia ",2002,1.39e+10
"BO","Bolivia ",2003,1.42e+10
"BO","Bolivia ",2004,1.54e+10
"BO","Bolivia ",2005,1.67e+10
"BO","Bolivia ",2006,2.01e+10
"BO","Bolivia ",2007,2.3e+10
"BO","Bolivia ",2008,2.92e+10
"BO","Bolivia ",2009,3.04e+10
"BO","Bolivia ",2010,3.45e+10
"BO","Bolivia ",2011,4.2e+10
"BO","Bolivia ",2012,4.74e+10
"BO","Bolivia ",2013,5.37e+10
"BA","Bosnia & Herzegovina",2000,7.12e+09
"BA","Bosnia & Herzegovina",2001,7.43e+09
"BA","Bosnia & Herzegovina",2002,8.6e+09
"BA","Bosnia & Herzegovina",2003,1.08e+10
"BA","Bosnia & Herzegovina",2004,1.3e+10
"BA","Bosnia & Herzegovina",2005,1.41e+10
"BA","Bosnia & Herzegovina",2006,1.62e+10
"BA","Bosnia & Herzegovina",2007,2e+10
"BA","Bosnia & Herzegovina",2008,2.42e+10
"BA","Bosnia & Herzegovina",2009,2.23e+10
"BA","Bosnia & Herzegovina",2010,2.18e+10
"BA","Bosnia & Herzegovina",2011,2.37e+10
"BA","Bosnia & Herzegovina",2012,2.19e+10
"BA","Bosnia & Herzegovina",2013,2.31e+10
"BW","Botswana",2000,9.35e+09
"BW","Botswana",2001,8.87e+09
"BW","Botswana",2002,8.79e+09
"BW","Botswana",2003,1.21e+10
"BW","Botswana",2004,1.45e+10
"BW","Botswana",2005,1.6e+10
"BW","Botswana",2006,1.64e+10
"BW","Botswana",2007,1.77e+10
"BW","Botswana",2008,1.8e+10
"BW","Botswana",2009,1.63e+10
"BW","Botswana",2010,2.22e+10
"BW","Botswana",2011,2.48e+10
"BW","Botswana",2012,2.35e+10
"BW","Botswana",2013,2.39e+10
"BR","Brazil",2000,1.02e+12
"BR","Brazil",2001,8.78e+11
"BR","Brazil",2002,7.99e+11
"BR","Brazil",2003,8.75e+11
"BR","Brazil",2004,1.05e+12
"BR","Brazil",2005,1.4e+12
"BR","Brazil",2006,1.73e+12
"BR","Brazil",2007,2.17e+12
"BR","Brazil",2008,2.62e+12
"BR","Brazil",2009,2.57e+12
"BR","Brazil",2010,3.39e+12
"BR","Brazil",2011,3.93e+12
"BR","Brazil",2012,3.57e+12
"BR","Brazil",2013,3.57e+12
"BN","Brunei",2000,7.43e+09
"BN","Brunei",2001,6.93e+09
"BN","Brunei",2002,7.23e+09
"BN","Brunei",2003,8.12e+09
"BN","Brunei",2004,9.74e+09
"BN","Brunei",2005,1.18e+10
"BN","Brunei",2006,1.42e+10
"BN","Brunei",2007,1.52e+10
"BN","Brunei",2008,1.78e+10
"BN","Brunei",2009,1.33e+10
"BN","Brunei",2010,1.53e+10
"BN","Brunei",2011,2.07e+10
"BN","Brunei",2012,2.1e+10
"BN","Brunei",2013,1.99e+10
"BG","Bulgaria",2000,1.96e+10
"BG","Bulgaria",2001,2.1e+10
"BG","Bulgaria",2002,2.4e+10
"BG","Bulgaria",2003,3.1e+10
"BG","Bulgaria",2004,3.8e+10
"BG","Bulgaria",2005,4.3e+10
"BG","Bulgaria",2006,4.94e+10
"BG","Bulgaria",2007,6.4e+10
"BG","Bulgaria",2008,7.82e+10
"BG","Bulgaria",2009,7.36e+10
"BG","Bulgaria",2010,7.14e+10
"BG","Bulgaria",2011,8.18e+10
"BG","Bulgaria",2012,7.71e+10
"BG","Bulgaria",2013,7.99e+10
"BF","Burkina Faso",2000,3.41e+09
"BF","Burkina Faso",2001,3.67e+09
"BF","Burkina Faso",2002,4.19e+09
"BF","Burkina Faso",2003,5.49e+09
"BF","Burkina Faso",2004,6.32e+09
"BF","Burkina Faso",2005,7.13e+09
"BF","Burkina Faso",2006,7.63e+09
"BF","Burkina Faso",2007,8.82e+09
"BF","Burkina Faso",2008,1.09e+10
"BF","Burkina Faso",2009,1.09e+10
"BF","Burkina Faso",2010,1.2e+10
"BF","Burkina Faso",2011,1.36e+10
"BF","Burkina Faso",2012,1.4e+10
"BF","Burkina Faso",2013,1.51e+10
"BI","Burundi",2000,1.93e+09
"BI","Burundi",2001,1.94e+09
"BI","Burundi",2002,1.83e+09
"BI","Burundi",2003,1.74e+09
"BI","Burundi",2004,2.03e+09
"BI","Burundi",2005,2.48e+09
"BI","Burundi",2006,2.82e+09
"BI","Burundi",2007,3.01e+09
"BI","Burundi",2008,3.57e+09
"BI","Burundi",2009,3.86e+09
"BI","Burundi",2010,4.49e+09
"BI","Burundi",2011,5.22e+09
"BI","Burundi",2012,5.48e+09
"BI","Burundi",2013,6.02e+09
"KH","Cambodia",2000,5.07e+09
"KH","Cambodia",2001,5.52e+09
"KH","Cambodia",2002,5.94e+09
"KH","Cambodia",2003,6.46e+09
"KH","Cambodia",2004,7.4e+09
"KH","Cambodia",2005,8.73e+09
"KH","Cambodia",2006,1.01e+10
"KH","Cambodia",2007,1.2e+10
"KH","Cambodia",2008,1.44e+10
"KH","Cambodia",2009,1.44e+10
"KH","Cambodia",2010,1.56e+10
"KH","Cambodia",2011,1.78e+10
"KH","Cambodia",2012,1.95e+10
"KH","Cambodia",2013,2.11e+10
"CM","Cameroon",2000,1.14e+10
"CM","Cameroon",2001,1.18e+10
"CM","Cameroon",2002,1.34e+10
"CM","Cameroon",2003,1.67e+10
"CM","Cameroon",2004,1.94e+10
"CM","Cameroon",2005,2.04e+10
"CM","Cameroon",2006,2.21e+10
"CM","Cameroon",2007,2.51e+10
"CM","Cameroon",2008,2.86e+10
"CM","Cameroon",2009,2.87e+10
"CM","Cameroon",2010,2.9e+10
"CM","Cameroon",2011,3.27e+10
"CM","Cameroon",2012,3.25e+10
"CM","Cameroon",2013,3.63e+10
"CA","Canada",2000,8.58e+11
"CA","Canada",2001,8.51e+11
"CA","Canada",2002,8.75e+11
"CA","Canada",2003,1.03e+12
"CA","Canada",2004,1.18e+12
"CA","Canada",2005,1.35e+12
"CA","Canada",2006,1.52e+12
"CA","Canada",2007,1.7e+12
"CA","Canada",2008,1.79e+12
"CA","Canada",2009,1.59e+12
"CA","Canada",2010,1.87e+12
"CA","Canada",2011,2.07e+12
"CA","Canada",2012,2.11e+12
"CA","Canada",2013,2.13e+12
"CV","Cape Verde",2000,6.27e+08
"CV","Cape Verde",2001,6.55e+08
"CV","Cape Verde",2002,7.22e+08
"CV","Cape Verde",2003,9.46e+08
"CV","Cape Verde",2004,1.07e+09
"CV","Cape Verde",2005,1.13e+09
"CV","Cape Verde",2006,1.29e+09
"CV","Cape Verde",2007,1.76e+09
"CV","Cape Verde",2008,2.08e+09
"CV","Cape Verde",2009,1.99e+09
"CV","Cape Verde",2010,1.94e+09
"CV","Cape Verde",2011,2.17e+09
"CV","Cape Verde",2012,2.04e+09
"CV","Cape Verde",2013,2.19e+09
"CF","CAR",2000,1.14e+09
"CF","CAR",2001,1.16e+09
"CF","CAR",2002,1.23e+09
"CF","CAR",2003,1.42e+09
"CF","CAR",2004,1.58e+09
"CF","CAR",2005,1.68e+09
"CF","CAR",2006,1.84e+09
"CF","CAR",2007,2.11e+09
"CF","CAR",2008,2.47e+09
"CF","CAR",2009,2.47e+09
"CF","CAR",2010,2.47e+09
"CF","CAR",2011,2.73e+09
"CF","CAR",2012,2.7e+09
"CF","CAR",2013,1.92e+09
"KY","Cayman Islands",2000,
"KY","Cayman Islands",2001,
"KY","Cayman Islands",2002,
"KY","Cayman Islands",2003,
"KY","Cayman Islands",2004,
"KY","Cayman Islands",2005,
"KY","Cayman Islands",2006,
"KY","Cayman Islands",2007,
"KY","Cayman Islands",2008,
"KY","Cayman Islands",2009,
"KY","Cayman Islands",2010,
"KY","Cayman Islands",2011,
"KY","Cayman Islands",2012,
"KY","Cayman Islands",2013,
"TD","Chad",2000,1.81e+09
"TD","Chad",2001,2.23e+09
"TD","Chad",2002,2.59e+09
"TD","Chad",2003,3.57e+09
"TD","Chad",2004,5.76e+09
"TD","Chad",2005,8.67e+09
"TD","Chad",2006,9.68e+09
"TD","Chad",2007,1.13e+10
"TD","Chad",2008,1.35e+10
"TD","Chad",2009,1.21e+10
"TD","Chad",2010,1.39e+10
"TD","Chad",2011,1.59e+10
"TD","Chad",2012,1.68e+10
"TD","Chad",2013,1.76e+10
"CL","Chile",2000,1.11e+11
"CL","Chile",2001,1.01e+11
"CL","Chile",2002,9.95e+10
"CL","Chile",2003,1.09e+11
"CL","Chile",2004,1.42e+11
"CL","Chile",2005,1.74e+11
"CL","Chile",2006,2.17e+11
"CL","Chile",2007,2.43e+11
"CL","Chile",2008,2.52e+11
"CL","Chile",2009,2.41e+11
"CL","Chile",2010,3.06e+11
"CL","Chile",2011,3.52e+11
"CL","Chile",2012,3.73e+11
"CL","Chile",2013,3.88e+11
"CN","China",2000,1.69e+12
"CN","China",2001,1.86e+12
"CN","China",2002,2.05e+12
"CN","China",2003,2.31e+12
"CN","China",2004,2.72e+12
"CN","China",2005,3.19e+12
"CN","China",2006,3.82e+12
"CN","China",2007,4.92e+12
"CN","China",2008,6.38e+12
"CN","China",2009,7.04e+12
"CN","China",2010,8.37e+12
"CN","China",2011,1.03e+13
"CN","China",2012,1.16e+13
"CN","China",2013,1.3e+13
"CO","Colombia",2000,1.41e+11
"CO","Colombia",2001,1.39e+11
"CO","Colombia",2002,1.38e+11
"CO","Colombia",2003,1.34e+11
"CO","Colombia",2004,1.65e+11
"CO","Colombia",2005,2.07e+11
"CO","Colombia",2006,2.3e+11
"CO","Colombia",2007,2.94e+11
"CO","Colombia",2008,3.44e+11
"CO","Colombia",2009,3.3e+11
"CO","Colombia",2010,4.05e+11
"CO","Colombia",2011,4.73e+11
"CO","Colombia",2012,5.22e+11
"CO","Colombia",2013,5.33e+11
"KM","Comoros",2000,2.67e+08
"KM","Comoros",2001,2.91e+08
"KM","Comoros",2002,3.26e+08
"KM","Comoros",2003,4.2e+08
"KM","Comoros",2004,4.87e+08
"KM","Comoros",2005,5.03e+08
"KM","Comoros",2006,5.37e+08
"KM","Comoros",2007,6.12e+08
"KM","Comoros",2008,6.85e+08
"KM","Comoros",2009,6.81e+08
"KM","Comoros",2010,6.84e+08
"KM","Comoros",2011,7.49e+08
"KM","Comoros",2012,7.28e+08
"KM","Comoros",2013,7.92e+08
"CG","Congo",2000,5.05e+09
"CG","Congo",2001,4.39e+09
"CG","Congo",2002,4.74e+09
"CG","Congo",2003,5.49e+09
"CG","Congo",2004,7.3e+09
"CG","Congo",2005,9.55e+09
"CG","Congo",2006,1.21e+10
"CG","Congo",2007,1.32e+10
"CG","Congo",2008,1.86e+10
"CG","Congo",2009,1.51e+10
"CG","Congo",2010,1.88e+10
"CG","Congo",2011,2.26e+10
"CG","Congo",2012,2.15e+10
"CG","Congo",2013,2.21e+10
"CR","Costa Rica",2000,2.77e+10
"CR","Costa Rica",2001,2.85e+10
"CR","Costa Rica",2002,2.93e+10
"CR","Costa Rica",2003,3.04e+10
"CR","Costa Rica",2004,3.23e+10
"CR","Costa Rica",2005,3.47e+10
"CR","Costa Rica",2006,3.91e+10
"CR","Costa Rica",2007,4.57e+10
"CR","Costa Rica",2008,5.18e+10
"CR","Costa Rica",2009,5.11e+10
"CR","Costa Rica",2010,6.31e+10
"CR","Costa Rica",2011,7.16e+10
"CR","Costa Rica",2012,7.88e+10
"CR","Costa Rica",2013,8.62e+10
"CI","Cote d'Ivoire",2000,1.35e+10
"CI","Cote d'Ivoire",2001,1.37e+10
"CI","Cote d'Ivoire",2002,1.49e+10
"CI","Cote d'Ivoire",2003,1.79e+10
"CI","Cote d'Ivoire",2004,2.01e+10
"CI","Cote d'Ivoire",2005,2.22e+10
"CI","Cote d'Ivoire",2006,2.31e+10
"CI","Cote d'Ivoire",2007,2.64e+10
"CI","Cote d'Ivoire",2008,3.15e+10
"CI","Cote d'Ivoire",2009,3.16e+10
"CI","Cote d'Ivoire",2010,3.24e+10
"CI","Cote d'Ivoire",2011,3.3e+10
"CI","Cote d'Ivoire",2012,3.52e+10
"CI","Cote d'Ivoire",2013,4.04e+10
"HR","Croatia",2000,2.67e+10
"HR","Croatia",2001,2.86e+10
"HR","Croatia",2002,3.3e+10
"HR","Croatia",2003,4.26e+10
"HR","Croatia",2004,5.11e+10
"HR","Croatia",2005,5.58e+10
"HR","Croatia",2006,6.19e+10
"HR","Croatia",2007,7.38e+10
"HR","Croatia",2008,8.65e+10
"HR","Croatia",2009,7.69e+10
"HR","Croatia",2010,7.32e+10
"HR","Croatia",2011,7.64e+10
"HR","Croatia",2012,6.94e+10
"HR","Croatia",2013,7.11e+10
"CU","Cuba",2000,
"CU","Cuba",2001,
"CU","Cuba",2002,
"CU","Cuba",2003,
"CU","Cuba",2004,
"CU","Cuba",2005,
"CU","Cuba",2006,
"CU","Cuba",2007,
"CU","Cuba",2008,
"CU","Cuba",2009,
"CU","Cuba",2010,
"CU","Cuba",2011,
"CU","Cuba",2012,
"CU","Cuba",2013,
"CW","Curacao",2000,
"CW","Curacao",2001,
"CW","Curacao",2002,
"CW","Curacao",2003,
"CW","Curacao",2004,
"CW","Curacao",2005,
"CW","Curacao",2006,
"CW","Curacao",2007,
"CW","Curacao",2008,
"CW","Curacao",2009,
"CW","Curacao",2010,
"CW","Curacao",2011,
"CW","Curacao",2012,
"CW","Curacao",2013,
"CY","Cyprus",2000,1.11e+10
"CY","Cyprus",2001,1.16e+10
"CY","Cyprus",2002,1.26e+10
"CY","Cyprus",2003,1.59e+10
"CY","Cyprus",2004,1.89e+10
"CY","Cyprus",2005,2.03e+10
"CY","Cyprus",2006,2.21e+10
"CY","Cyprus",2007,2.61e+10
"CY","Cyprus",2008,3.03e+10
"CY","Cyprus",2009,2.82e+10
"CY","Cyprus",2010,2.77e+10
"CY","Cyprus",2011,2.97e+10
"CY","Cyprus",2012,2.72e+10
"CY","Cyprus",2013,2.62e+10
"CZ","Czech Republic",2000,6.6e+10
"CZ","Czech Republic",2001,7.23e+10
"CZ","Czech Republic",2002,8.76e+10
"CZ","Czech Republic",2003,1.07e+11
"CZ","Czech Republic",2004,1.28e+11
"CZ","Czech Republic",2005,1.46e+11
"CZ","Czech Republic",2006,1.66e+11
"CZ","Czech Republic",2007,2.03e+11
"CZ","Czech Republic",2008,2.52e+11
"CZ","Czech Republic",2009,2.21e+11
"CZ","Czech Republic",2010,2.22e+11
"CZ","Czech Republic",2011,2.44e+11
"CZ","Czech Republic",2012,2.22e+11
"CZ","Czech Republic",2013,2.24e+11
"DK","Denmark",2000,1.93e+11
"DK","Denmark",2001,1.94e+11
"DK","Denmark",2002,2.11e+11
"DK","Denmark",2003,2.57e+11
"DK","Denmark",2004,2.95e+11
"DK","Denmark",2005,3.12e+11
"DK","Denmark",2006,3.33e+11
"DK","Denmark",2007,3.77e+11
"DK","Denmark",2008,4.15e+11
"DK","Denmark",2009,3.77e+11
"DK","Denmark",2010,3.77e+11
"DK","Denmark",2011,4.01e+11
"DK","Denmark",2012,3.79e+11
"DK","Denmark",2013,3.95e+11
"DJ","Djibouti",2000,7.59e+08
"DJ","Djibouti",2001,7.89e+08
"DJ","Djibouti",2002,8.14e+08
"DJ","Djibouti",2003,8.57e+08
"DJ","Djibouti",2004,9.18e+08
"DJ","Djibouti",2005,9.76e+08
"DJ","Djibouti",2006,1.06e+09
"DJ","Djibouti",2007,1.17e+09
"DJ","Djibouti",2008,1.38e+09
"DJ","Djibouti",2009,1.65e+09
"DJ","Djibouti",2010,1.55e+09
"DJ","Djibouti",2011,1.71e+09
"DJ","Djibouti",2012,1.86e+09
"DJ","Djibouti",2013,2.01e+09
"DM","Dominica",2000,3.95e+08
"DM","Dominica",2001,4.04e+08
"DM","Dominica",2002,3.97e+08
"DM","Dominica",2003,4.12e+08
"DM","Dominica",2004,4.41e+08
"DM","Dominica",2005,4.36e+08
"DM","Dominica",2006,4.68e+08
"DM","Dominica",2007,5.04e+08
"DM","Dominica",2008,5.51e+08
"DM","Dominica",2009,5.87e+08
"DM","Dominica",2010,5.8e+08
"DM","Dominica",2011,5.98e+08
"DM","Dominica",2012,6.05e+08
"DM","Dominica",2013,6.08e+08
"DO","Dominican Republic",2000,3.66e+10
"DO","Dominican Republic",2001,3.8e+10
"DO","Dominican Republic",2002,4.05e+10
"DO","Dominican Republic",2003,3.24e+10
"DO","Dominican Republic",2004,3.38e+10
"DO","Dominican Republic",2005,5.18e+10
"DO","Dominican Republic",2006,5.48e+10
"DO","Dominican Republic",2007,6.72e+10
"DO","Dominican Republic",2008,7.34e+10
"DO","Dominican Republic",2009,7.3e+10
"DO","Dominican Republic",2010,8.09e+10
"DO","Dominican Republic",2011,8.86e+10
"DO","Dominican Republic",2012,9.2e+10
"DO","Dominican Republic",2013,9.32e+10
"CD","DRC",2000,5.67e+10
"CD","DRC",2001,2.21e+10
"CD","DRC",2002,2.59e+10
"CD","DRC",2003,2.65e+10
"CD","DRC",2004,3.06e+10
"CD","DRC",2005,3.55e+10
"CD","DRC",2006,4.25e+10
"CD","DRC",2007,4.86e+10
"CD","DRC",2008,5.7e+10
"CD","DRC",2009,5.42e+10
"CD","DRC",2010,6.4e+10
"CD","DRC",2011,7.67e+10
"CD","DRC",2012,8.7e+10
"CD","DRC",2013,9.71e+10
"EC","Ecuador",2000,2.89e+10
"EC","Ecuador",2001,3.85e+10
"EC","Ecuador",2002,4.5e+10
"EC","Ecuador",2003,5.11e+10
"EC","Ecuador",2004,5.76e+10
"EC","Ecuador",2005,6.54e+10
"EC","Ecuador",2006,7.37e+10
"EC","Ecuador",2007,8.03e+10
"EC","Ecuador",2008,9.72e+10
"EC","Ecuador",2009,9.84e+10
"EC","Ecuador",2010,1.1e+11
"EC","Ecuador",2011,1.25e+11
"EC","Ecuador",2012,1.38e+11
"EC","Ecuador",2013,1.49e+11
"EG","Egypt",2000,2.08e+11
"EG","Egypt",2001,2.03e+11
"EG","Egypt",2002,1.83e+11
"EG","Egypt",2003,1.73e+11
"EG","Egypt",2004,1.64e+11
"EG","Egypt",2005,1.87e+11
"EG","Egypt",2006,2.23e+11
"EG","Egypt",2007,2.71e+11
"EG","Egypt",2008,3.4e+11
"EG","Egypt",2009,3.94e+11
"EG","Egypt",2010,4.56e+11
"EG","Egypt",2011,4.92e+11
"EG","Egypt",2012,5.48e+11
"EG","Egypt",2013,5.67e+11
"SV","El Salvador",2000,1.64e+10
"SV","El Salvador",2001,1.72e+10
"SV","El Salvador",2002,1.78e+10
"SV","El Salvador",2003,1.88e+10
"SV","El Salvador",2004,1.97e+10
"SV","El Salvador",2005,2.13e+10
"SV","El Salvador",2006,2.31e+10
"SV","El Salvador",2007,2.51e+10
"SV","El Salvador",2008,2.67e+10
"SV","El Salvador",2009,2.58e+10
"SV","El Salvador",2010,2.67e+10
"SV","El Salvador",2011,2.88e+10
"SV","El Salvador",2012,2.97e+10
"SV","El Salvador",2013,3.02e+10
"GQ","Equatorial Guinea",2000,1.91e+09
"GQ","Equatorial Guinea",2001,2.67e+09
"GQ","Equatorial Guinea",2002,3.3e+09
"GQ","Equatorial Guinea",2003,4.54e+09
"GQ","Equatorial Guinea",2004,8.05e+09
"GQ","Equatorial Guinea",2005,1.5e+10
"GQ","Equatorial Guinea",2006,1.48e+10
"GQ","Equatorial Guinea",2007,1.86e+10
"GQ","Equatorial Guinea",2008,2.82e+10
"GQ","Equatorial Guinea",2009,1.71e+10
"GQ","Equatorial Guinea",2010,2.11e+10
"GQ","Equatorial Guinea",2011,2.87e+10
"GQ","Equatorial Guinea",2012,3.01e+10
"GQ","Equatorial Guinea",2013,2.84e+10
"ER","Eritrea",2000,1.78e+09
"ER","Eritrea",2001,1.89e+09
"ER","Eritrea",2002,1.84e+09
"ER","Eritrea",2003,2.19e+09
"ER","Eritrea",2004,2.79e+09
"ER","Eritrea",2005,2.76e+09
"ER","Eritrea",2006,3.05e+09
"ER","Eritrea",2007,3.32e+09
"ER","Eritrea",2008,3.47e+09
"ER","Eritrea",2009,4.67e+09
"ER","Eritrea",2010,5.33e+09
"ER","Eritrea",2011,6.56e+09
"ER","Eritrea",2012,7.78e+09
"ER","Eritrea",2013,8.67e+09
"EE","Estonia",2000,7.97e+09
"EE","Estonia",2001,8.74e+09
"EE","Estonia",2002,1.03e+10
"EE","Estonia",2003,1.38e+10
"EE","Estonia",2004,1.69e+10
"EE","Estonia",2005,1.96e+10
"EE","Estonia",2006,2.38e+10
"EE","Estonia",2007,3.12e+10
"EE","Estonia",2008,3.39e+10
"EE","Estonia",2009,2.75e+10
"EE","Estonia",2010,2.73e+10
"EE","Estonia",2011,3.2e+10
"EE","Estonia",2012,3.18e+10
"EE","Estonia",2013,3.49e+10
"ET","Ethiopia",2000,2.82e+10
"ET","Ethiopia",2001,2.82e+10
"ET","Ethiopia",2002,2.69e+10
"ET","Ethiopia",2003,2.95e+10
"ET","Ethiopia",2004,3.47e+10
"ET","Ethiopia",2005,4.25e+10
"ET","Ethiopia",2006,5.24e+10
"ET","Ethiopia",2007,6.75e+10
"ET","Ethiopia",2008,9.27e+10
"ET","Ethiopia",2009,1.11e+11
"ET","Ethiopia",2010,1.03e+11
"ET","Ethiopia",2011,1.09e+11
"ET","Ethiopia",2012,1.48e+11
"ET","Ethiopia",2013,1.63e+11
"FO","Faroe Islands",2000,
"FO","Faroe Islands",2001,
"FO","Faroe Islands",2002,
"FO","Faroe Islands",2003,
"FO","Faroe Islands",2004,
"FO","Faroe Islands",2005,
"FO","Faroe Islands",2006,
"FO","Faroe Islands",2007,
"FO","Faroe Islands",2008,
"FO","Faroe Islands",2009,
"FO","Faroe Islands",2010,
"FO","Faroe Islands",2011,
"FO","Faroe Islands",2012,
"FO","Faroe Islands",2013,
"FJ","Fiji",2000,2.17e+09
"FJ","Fiji",2001,2.14e+09
"FJ","Fiji",2002,2.38e+09
"FJ","Fiji",2003,2.99e+09
"FJ","Fiji",2004,3.52e+09
"FJ","Fiji",2005,3.88e+09
"FJ","Fiji",2006,4e+09
"FJ","Fiji",2007,4.39e+09
"FJ","Fiji",2008,4.54e+09
"FJ","Fiji",2009,3.7e+09
"FJ","Fiji",2010,4.05e+09
"FJ","Fiji",2011,4.7e+09
"FJ","Fiji",2012,4.96e+09
"FJ","Fiji",2013,4.97e+09
"FI","Finland",2000,1.45e+11
"FI","Finland",2001,1.48e+11
"FI","Finland",2002,1.61e+11
"FI","Finland",2003,1.97e+11
"FI","Finland",2004,2.27e+11
"FI","Finland",2005,2.35e+11
"FI","Finland",2006,2.5e+11
"FI","Finland",2007,2.93e+11
"FI","Finland",2008,3.27e+11
"FI","Finland",2009,2.89e+11
"FI","Finland",2010,2.85e+11
"FI","Finland",2011,3.15e+11
"FI","Finland",2012,2.94e+11
"FI","Finland",2013,3.07e+11
"FR","France",2000,1.52e+12
"FR","France",2001,1.53e+12
"FR","France",2002,1.66e+12
"FR","France",2003,2.05e+12
"FR","France",2004,2.35e+12
"FR","France",2005,2.44e+12
"FR","France",2006,2.57e+12
"FR","France",2007,2.95e+12
"FR","France",2008,3.24e+12
"FR","France",2009,2.98e+12
"FR","France",2010,2.94e+12
"FR","France",2011,3.17e+12
"FR","France",2012,2.98e+12
"FR","France",2013,3.12e+12
"PF","French Polynesia",2000,
"PF","French Polynesia",2001,
"PF","French Polynesia",2002,
"PF","French Polynesia",2003,
"PF","French Polynesia",2004,
"PF","French Polynesia",2005,
"PF","French Polynesia",2006,
"PF","French Polynesia",2007,
"PF","French Polynesia",2008,
"PF","French Polynesia",2009,
"PF","French Polynesia",2010,
"PF","French Polynesia",2011,
"PF","French Polynesia",2012,
"PF","French Polynesia",2013,
"GA","Gabon",2000,7.26e+09
"GA","Gabon",2001,6.75e+09
"GA","Gabon",2002,7.07e+09
"GA","Gabon",2003,8.68e+09
"GA","Gabon",2004,1.03e+10
"GA","Gabon",2005,1.24e+10
"GA","Gabon",2006,1.37e+10
"GA","Gabon",2007,1.66e+10
"GA","Gabon",2008,2.25e+10
"GA","Gabon",2009,1.72e+10
"GA","Gabon",2010,2.09e+10
"GA","Gabon",2011,2.69e+10
"GA","Gabon",2012,2.56e+10
"GA","Gabon",2013,2.77e+10
"GM","Gambia",2000,1.01e+09
"GM","Gambia",2001,8.86e+08
"GM","Gambia",2002,7.45e+08
"GM","Gambia",2003,6.28e+08
"GM","Gambia",2004,7.46e+08
"GM","Gambia",2005,8.05e+08
"GM","Gambia",2006,8.44e+08
"GM","Gambia",2007,1.03e+09
"GM","Gambia",2008,1.24e+09
"GM","Gambia",2009,1.16e+09
"GM","Gambia",2010,1.23e+09
"GM","Gambia",2011,1.17e+09
"GM","Gambia",2012,1.18e+09
"GM","Gambia",2013,1.16e+09
"GE","Georgia",2000,4.71e+09
"GE","Georgia",2001,4.96e+09
"GE","Georgia",2002,5.23e+09
"GE","Georgia",2003,6.14e+09
"GE","Georgia",2004,7.89e+09
"GE","Georgia",2005,9.87e+09
"GE","Georgia",2006,1.19e+10
"GE","Georgia",2007,1.57e+10
"GE","Georgia",2008,1.97e+10
"GE","Georgia",2009,1.66e+10
"GE","Georgia",2010,1.79e+10
"GE","Georgia",2011,2.22e+10
"GE","Georgia",2012,2.44e+10
"GE","Georgia",2013,2.48e+10
"DE","Germany",2000,2.1e+12
"DE","Germany",2001,2.1e+12
"DE","Germany",2002,2.24e+12
"DE","Germany",2003,2.69e+12
"DE","Germany",2004,3.04e+12
"DE","Germany",2005,3.08e+12
"DE","Germany",2006,3.23e+12
"DE","Germany",2007,3.7e+12
"DE","Germany",2008,4.04e+12
"DE","Germany",2009,3.67e+12
"DE","Germany",2010,3.67e+12
"DE","Germany",2011,4.04e+12
"DE","Germany",2012,3.8e+12
"DE","Germany",2013,4.02e+12
"GH","Ghana",2000,1.38e+10
"GH","Ghana",2001,1.47e+10
"GH","Ghana",2002,1.7e+10
"GH","Ghana",2003,2.11e+10
"GH","Ghana",2004,2.45e+10
"GH","Ghana",2005,2.96e+10
"GH","Ghana",2006,5.63e+10
"GH","Ghana",2007,6.83e+10
"GH","Ghana",2008,7.87e+10
"GH","Ghana",2009,7.17e+10
"GH","Ghana",2010,8.88e+10
"GH","Ghana",2011,1.09e+11
"GH","Ghana",2012,1.15e+11
"GH","Ghana",2013,1.33e+11
"GR","Greece",2000,1.51e+11
"GR","Greece",2001,1.57e+11
"GR","Greece",2002,1.77e+11
"GR","Greece",2003,2.33e+11
"GR","Greece",2004,2.77e+11
"GR","Greece",2005,2.86e+11
"GR","Greece",2006,3.15e+11
"GR","Greece",2007,3.68e+11
"GR","Greece",2008,4.1e+11
"GR","Greece",2009,3.81e+11
"GR","Greece",2010,3.46e+11
"GR","Greece",2011,3.34e+11
"GR","Greece",2012,2.89e+11
"GR","Greece",2013,2.79e+11
"GL","Greenland",2000,
"GL","Greenland",2001,
"GL","Greenland",2002,
"GL","Greenland",2003,
"GL","Greenland",2004,
"GL","Greenland",2005,
"GL","Greenland",2006,
"GL","Greenland",2007,
"GL","Greenland",2008,
"GL","Greenland",2009,
"GL","Greenland",2010,
"GL","Greenland",2011,
"GL","Greenland",2012,
"GL","Greenland",2013,
"GD","Grenada",2000,6.34e+08
"GD","Grenada",2001,6.35e+08
"GD","Grenada",2002,6.59e+08
"GD","Grenada",2003,7.21e+08
"GD","Grenada",2004,7.3e+08
"GD","Grenada",2005,8.48e+08
"GD","Grenada",2006,8.52e+08
"GD","Grenada",2007,9.25e+08
"GD","Grenada",2008,1.01e+09
"GD","Grenada",2009,9.4e+08
"GD","Grenada",2010,9.4e+08
"GD","Grenada",2011,9.49e+08
"GD","Grenada",2012,9.75e+08
"GD","Grenada",2013,1.02e+09
"GU","Guam",2000,
"GU","Guam",2001,
"GU","Guam",2002,
"GU","Guam",2003,
"GU","Guam",2004,
"GU","Guam",2005,
"GU","Guam",2006,
"GU","Guam",2007,
"GU","Guam",2008,
"GU","Guam",2009,
"GU","Guam",2010,
"GU","Guam",2011,
"GU","Guam",2012,
"GU","Guam",2013,
"GT","Guatemala",2000,2.86e+10
"GT","Guatemala",2001,2.77e+10
"GT","Guatemala",2002,3.08e+10
"GT","Guatemala",2003,3.25e+10
"GT","Guatemala",2004,3.55e+10
"GT","Guatemala",2005,4.03e+10
"GT","Guatemala",2006,4.48e+10
"GT","Guatemala",2007,5.05e+10
"GT","Guatemala",2008,5.8e+10
"GT","Guatemala",2009,5.59e+10
"GT","Guatemala",2010,6.12e+10
"GT","Guatemala",2011,7.06e+10
"GT","Guatemala",2012,7.46e+10
"GT","Guatemala",2013,7.97e+10
"GN","Guinea",2000,9.23e+09
"GN","Guinea",2001,8.73e+09
"GN","Guinea",2002,9.09e+09
"GN","Guinea",2003,1.06e+10
"GN","Guinea",2004,1.13e+10
"GN","Guinea",2005,9.05e+09
"GN","Guinea",2006,8.7e+09
"GN","Guinea",2007,1.27e+10
"GN","Guinea",2008,1.39e+10
"GN","Guinea",2009,1.42e+10
"GN","Guinea",2010,1.46e+10
"GN","Guinea",2011,1.56e+10
"GN","Guinea",2012,1.74e+10
"GN","Guinea",2013,1.89e+10
"GW","Guinea-Bissau",2000,4.67e+08
"GW","Guinea-Bissau",2001,4.95e+08
"GW","Guinea-Bissau",2002,5.25e+08
"GW","Guinea-Bissau",2003,6.01e+08
"GW","Guinea-Bissau",2004,6.7e+08
"GW","Guinea-Bissau",2005,7.41e+08
"GW","Guinea-Bissau",2006,7.47e+08
"GW","Guinea-Bissau",2007,8.78e+08
"GW","Guinea-Bissau",2008,1.09e+09
"GW","Guinea-Bissau",2009,1.04e+09
"GW","Guinea-Bissau",2010,1.07e+09
"GW","Guinea-Bissau",2011,1.39e+09
"GW","Guinea-Bissau",2012,1.21e+09
"GW","Guinea-Bissau",2013,1.21e+09
"GY","Guyana",2000,1.16e+09
"GY","Guyana",2001,1.13e+09
"GY","Guyana",2002,1.17e+09
"GY","Guyana",2003,1.21e+09
"GY","Guyana",2004,1.28e+09
"GY","Guyana",2005,1.34e+09
"GY","Guyana",2006,2.37e+09
"GY","Guyana",2007,2.83e+09
"GY","Guyana",2008,3.12e+09
"GY","Guyana",2009,3.29e+09
"GY","Guyana",2010,3.67e+09
"GY","Guyana",2011,4.19e+09
"GY","Guyana",2012,4.63e+09
"GY","Guyana",2013,4.86e+09
"HT","Haiti",2000,6.35e+09
"HT","Haiti",2001,6.08e+09
"HT","Haiti",2002,5.57e+09
"HT","Haiti",2003,4.9e+09
"HT","Haiti",2004,6.34e+09
"HT","Haiti",2005,7.2e+09
"HT","Haiti",2006,8.45e+09
"HT","Haiti",2007,1.02e+10
"HT","Haiti",2008,1.13e+10
"HT","Haiti",2009,1.14e+10
"HT","Haiti",2010,1.15e+10
"HT","Haiti",2011,1.3e+10
"HT","Haiti",2012,1.37e+10
"HT","Haiti",2013,1.47e+10
"HN","Honduras",2000,1.09e+10
"HN","Honduras",2001,1.16e+10
"HN","Honduras",2002,1.19e+10
"HN","Honduras",2003,1.25e+10
"HN","Honduras",2004,1.34e+10
"HN","Honduras",2005,1.48e+10
"HN","Honduras",2006,1.66e+10
"HN","Honduras",2007,1.88e+10
"HN","Honduras",2008,2.11e+10
"HN","Honduras",2009,2.23e+10
"HN","Honduras",2010,2.42e+10
"HN","Honduras",2011,2.71e+10
"HN","Honduras",2012,2.84e+10
"HN","Honduras",2013,2.84e+10
"HK","Hong Kong",2000,1.92e+11
"HK","Hong Kong",2001,1.89e+11
"HK","Hong Kong",2002,1.86e+11
"HK","Hong Kong",2003,1.8e+11
"HK","Hong Kong",2004,1.89e+11
"HK","Hong Kong",2005,2.04e+11
"HK","Hong Kong",2006,2.17e+11
"HK","Hong Kong",2007,2.37e+11
"HK","Hong Kong",2008,2.45e+11
"HK","Hong Kong",2009,2.39e+11
"HK","Hong Kong",2010,2.56e+11
"HK","Hong Kong",2011,2.79e+11
"HK","Hong Kong",2012,2.94e+11
"HK","Hong Kong",2013,3.06e+11
"HU","Hungary",2000,6.08e+10
"HU","Hungary",2001,6.91e+10
"HU","Hungary",2002,8.69e+10
"HU","Hungary",2003,1.09e+11
"HU","Hungary",2004,1.33e+11
"HU","Hungary",2005,1.44e+11
"HU","Hungary",2006,1.47e+11
"HU","Hungary",2007,1.79e+11
"HU","Hungary",2008,2.03e+11
"HU","Hungary",2009,1.66e+11
"HU","Hungary",2010,1.68e+11
"HU","Hungary",2011,1.79e+11
"HU","Hungary",2012,1.64e+11
"HU","Hungary",2013,1.72e+11
"IS","Iceland",2000,1.41e+10
"IS","Iceland",2001,1.29e+10
"IS","Iceland",2002,1.45e+10
"IS","Iceland",2003,1.79e+10
"IS","Iceland",2004,2.17e+10
"IS","Iceland",2005,2.66e+10
"IS","Iceland",2006,2.7e+10
"IS","Iceland",2007,3.39e+10
"IS","Iceland",2008,2.78e+10
"IS","Iceland",2009,2.03e+10
"IS","Iceland",2010,2.1e+10
"IS","Iceland",2011,2.32e+10
"IS","Iceland",2012,2.24e+10
"IS","Iceland",2013,2.42e+10
"IN","India",2000,
"IN","India",2001,
"IN","India",2002,
"IN","India",2003,
"IN","India",2004,
"IN","India",2005,
"IN","India",2006,
"IN","India",2007,
"IN","India",2008,
"IN","India",2009,
"IN","India",2010,
"IN","India",2011,
"IN","India",2012,
"IN","India",2013,
"ID","Indonesia",2000,3.27e+11
"ID","Indonesia",2001,3.17e+11
"ID","Indonesia",2002,3.89e+11
"ID","Indonesia",2003,4.66e+11
"ID","Indonesia",2004,5.1e+11
"ID","Indonesia",2005,5.67e+11
"ID","Indonesia",2006,7.24e+11
"ID","Indonesia",2007,8.57e+11
"ID","Indonesia",2008,1.01e+12
"ID","Indonesia",2009,1.07e+12
"ID","Indonesia",2010,1.41e+12
"ID","Indonesia",2011,1.68e+12
"ID","Indonesia",2012,1.74e+12
"ID","Indonesia",2013,1.72e+12
"IR","Iran",2000,3.1e+11
"IR","Iran",2001,3.53e+11
"IR","Iran",2002,3.56e+11
"IR","Iran",2003,4.14e+11
"IR","Iran",2004,5e+11
"IR","Iran",2005,5.89e+11
"IR","Iran",2006,6.84e+11
"IR","Iran",2007,8.77e+11
"IR","Iran",2008,1.09e+12
"IR","Iran",2009,1.11e+12
"IR","Iran",2010,1.3e+12
"IR","Iran",2011,1.62e+12
"IR","Iran",2012,1.54e+12
"IR","Iran",2013,1.13e+12
"IQ","Iraq",2000,0
"IQ","Iraq",2001,0
"IQ","Iraq",2002,0
"IQ","Iraq",2003,0
"IQ","Iraq",2004,7.76e+10
"IQ","Iraq",2005,1.06e+11
"IQ","Iraq",2006,1.38e+11
"IQ","Iraq",2007,1.88e+11
"IQ","Iraq",2008,2.8e+11
"IQ","Iraq",2009,2.37e+11
"IQ","Iraq",2010,2.95e+11
"IQ","Iraq",2011,3.94e+11
"IQ","Iraq",2012,4.58e+11
"IQ","Iraq",2013,4.85e+11
"IE","Ireland",2000,9.84e+10
"IE","Ireland",2001,1.07e+11
"IE","Ireland",2002,1.26e+11
"IE","Ireland",2003,1.61e+11
"IE","Ireland",2004,1.91e+11
"IE","Ireland",2005,2.08e+11
"IE","Ireland",2006,2.29e+11
"IE","Ireland",2007,2.66e+11
"IE","Ireland",2008,2.71e+11
"IE","Ireland",2009,2.32e+11
"IE","Ireland",2010,2.16e+11
"IE","Ireland",2011,2.36e+11
"IE","Ireland",2012,2.2e+11
"IE","Ireland",2013,2.3e+11
"IL","Israel",2000,1.52e+11
"IL","Israel",2001,1.51e+11
"IL","Israel",2002,1.4e+11
"IL","Israel",2003,1.45e+11
"IL","Israel",2004,1.56e+11
"IL","Israel",2005,1.64e+11
"IL","Israel",2006,1.77e+11
"IL","Israel",2007,2.06e+11
"IL","Israel",2008,2.49e+11
"IL","Israel",2009,2.4e+11
"IL","Israel",2010,2.71e+11
"IL","Israel",2011,3e+11
"IL","Israel",2012,2.99e+11
"IL","Israel",2013,3.38e+11
"IT","Italy",2000,1.28e+12
"IT","Italy",2001,1.31e+12
"IT","Italy",2002,1.43e+12
"IT","Italy",2003,1.77e+12
"IT","Italy",2004,2.03e+12
"IT","Italy",2005,2.08e+12
"IT","Italy",2006,2.19e+12
"IT","Italy",2007,2.48e+12
"IT","Italy",2008,2.69e+12
"IT","Italy",2009,2.47e+12
"IT","Italy",2010,2.4e+12
"IT","Italy",2011,2.57e+12
"IT","Italy",2012,2.35e+12
"IT","Italy",2013,2.42e+12
"JM","Jamaica",2000,1.7e+10
"JM","Jamaica",2001,1.72e+10
"JM","Jamaica",2002,1.84e+10
"JM","Jamaica",2003,1.78e+10
"JM","Jamaica",2004,1.92e+10
"JM","Jamaica",2005,2.09e+10
"JM","Jamaica",2006,2.25e+10
"JM","Jamaica",2007,2.42e+10
"JM","Jamaica",2008,2.59e+10
"JM","Jamaica",2009,2.29e+10
"JM","Jamaica",2010,2.5e+10
"JM","Jamaica",2011,2.73e+10
"JM","Jamaica",2012,2.8e+10
"JM","Jamaica",2013,2.72e+10
"JP","Japan",2000,4.33e+12
"JP","Japan",2001,3.81e+12
"JP","Japan",2002,3.64e+12
"JP","Japan",2003,3.94e+12
"JP","Japan",2004,4.27e+12
"JP","Japan",2005,4.18e+12
"JP","Japan",2006,3.99e+12
"JP","Japan",2007,3.99e+12
"JP","Japan",2008,4.44e+12
"JP","Japan",2009,4.61e+12
"JP","Japan",2010,5.04e+12
"JP","Japan",2011,5.41e+12
"JP","Japan",2012,5.45e+12
"JP","Japan",2013,4.5e+12
"JO","Jordan",2000,1.46e+10
"JO","Jordan",2001,1.55e+10
"JO","Jordan",2002,1.65e+10
"JO","Jordan",2003,1.76e+10
"JO","Jordan",2004,1.97e+10
"JO","Jordan",2005,2.17e+10
"JO","Jordan",2006,2.6e+10
"JO","Jordan",2007,2.96e+10
"JO","Jordan",2008,3.79e+10
"JO","Jordan",2009,4.11e+10
"JO","Jordan",2010,4.56e+10
"JO","Jordan",2011,4.98e+10
"JO","Jordan",2012,5.36e+10
"JO","Jordan",2013,5.82e+10
"KZ","Kazakhstan",2000,4.79e+10
"KZ","Kazakhstan",2001,5.8e+10
"KZ","Kazakhstan",2002,6.45e+10
"KZ","Kazakhstan",2003,8.08e+10
"KZ","Kazakhstan",2004,1.13e+11
"KZ","Kazakhstan",2005,1.5e+11
"KZ","Kazakhstan",2006,2.12e+11
"KZ","Kazakhstan",2007,2.75e+11
"KZ","Kazakhstan",2008,3.48e+11
"KZ","Kazakhstan",2009,3.01e+11
"KZ","Kazakhstan",2010,3.88e+11
"KZ","Kazakhstan",2011,4.92e+11
"KZ","Kazakhstan",2012,5.34e+11
"KZ","Kazakhstan",2013,6.08e+11
"KE","Kenya",2000,2.33e+10
"KE","Kenya",2001,2.38e+10
"KE","Kenya",2002,2.41e+10
"KE","Kenya",2003,2.73e+10
"KE","Kenya",2004,2.95e+10
"KE","Kenya",2005,3.43e+10
"KE","Kenya",2006,4.73e+10
"KE","Kenya",2007,5.86e+10
"KE","Kenya",2008,6.58e+10
"KE","Kenya",2009,6.78e+10
"KE","Kenya",2010,7.33e+10
"KE","Kenya",2011,7.69e+10
"KE","Kenya",2012,9.22e+10
"KE","Kenya",2013,1.01e+11
"KI","Kiribati",2000,74500000
"KI","Kiribati",2001,69600000
"KI","Kiribati",2002,79700000
"KI","Kiribati",2003,99400000
"KI","Kiribati",2004,1.13e+08
"KI","Kiribati",2005,1.17e+08
"KI","Kiribati",2006,1.15e+08
"KI","Kiribati",2007,1.36e+08
"KI","Kiribati",2008,1.49e+08
"KI","Kiribati",2009,1.4e+08
"KI","Kiribati",2010,1.66e+08
"KI","Kiribati",2011,1.9e+08
"KI","Kiribati",2012,1.93e+08
"KI","Kiribati",2013,1.86e+08
"XK","Kosovo",2000,2.32e+09
"XK","Kosovo",2001,3.18e+09
"XK","Kosovo",2002,3.39e+09
"XK","Kosovo",2003,4.21e+09
"XK","Kosovo",2004,4.56e+09
"XK","Kosovo",2005,4.69e+09
"XK","Kosovo",2006,4.91e+09
"XK","Kosovo",2007,5.88e+09
"XK","Kosovo",2008,7.13e+09
"XK","Kosovo",2009,7.09e+09
"XK","Kosovo",2010,7.31e+09
"XK","Kosovo",2011,8.39e+09
"XK","Kosovo",2012,8.15e+09
"XK","Kosovo",2013,8.87e+09
"KW","Kuwait",2000,6.16e+10
"KW","Kuwait",2001,5.7e+10
"KW","Kuwait",2002,6.23e+10
"KW","Kuwait",2003,7.82e+10
"KW","Kuwait",2004,9.7e+10
"KW","Kuwait",2005,1.32e+11
"KW","Kuwait",2006,1.67e+11
"KW","Kuwait",2007,1.88e+11
"KW","Kuwait",2008,2.4e+11
"KW","Kuwait",2009,1.73e+11
"KW","Kuwait",2010,1.88e+11
"KW","Kuwait",2011,2.51e+11
"KW","Kuwait",2012,2.84e+11
"KW","Kuwait",2013,2.87e+11
"KG","Kyrgyzstan",2000,3.26e+09
"KG","Kyrgyzstan",2001,3.63e+09
"KG","Kyrgyzstan",2002,3.82e+09
"KG","Kyrgyzstan",2003,4.56e+09
"KG","Kyrgyzstan",2004,5.26e+09
"KG","Kyrgyzstan",2005,5.85e+09
"KG","Kyrgyzstan",2006,6.74e+09
"KG","Kyrgyzstan",2007,9.04e+09
"KG","Kyrgyzstan",2008,1.22e+10
"KG","Kyrgyzstan",2009,1.11e+10
"KG","Kyrgyzstan",2010,1.14e+10
"KG","Kyrgyzstan",2011,1.47e+10
"KG","Kyrgyzstan",2012,1.57e+10
"KG","Kyrgyzstan",2013,1.72e+10
"LA","Lao",2000,2.63e+09
"LA","Lao",2001,2.69e+09
"LA","Lao",2002,2.67e+09
"LA","Lao",2003,3.07e+09
"LA","Lao",2004,3.59e+09
"LA","Lao",2005,4.16e+09
"LA","Lao",2006,5.25e+09
"LA","Lao",2007,6.41e+09
"LA","Lao",2008,8.27e+09
"LA","Lao",2009,8.86e+09
"LA","Lao",2010,1.09e+10
"LA","Lao",2011,1.25e+10
"LA","Lao",2012,1.42e+10
"LA","Lao",2013,1.71e+10
"LV","Latvia",2000,1.26e+10
"LV","Latvia",2001,1.34e+10
"LV","Latvia",2002,1.5e+10
"LV","Latvia",2003,1.81e+10
"LV","Latvia",2004,2.22e+10
"LV","Latvia",2005,2.59e+10
"LV","Latvia",2006,3.22e+10
"LV","Latvia",2007,4.64e+10
"LV","Latvia",2008,5.44e+10
"LV","Latvia",2009,4.18e+10
"LV","Latvia",2010,3.88e+10
"LV","Latvia",2011,4.6e+10
"LV","Latvia",2012,4.58e+10
"LV","Latvia",2013,5e+10
"LB","Lebanon",2000,2.31e+10
"LB","Lebanon",2001,2.36e+10
"LB","Lebanon",2002,2.56e+10
"LB","Lebanon",2003,2.68e+10
"LB","Lebanon",2004,2.8e+10
"LB","Lebanon",2005,2.84e+10
"LB","Lebanon",2006,2.91e+10
"LB","Lebanon",2007,3.28e+10
"LB","Lebanon",2008,3.85e+10
"LB","Lebanon",2009,4.7e+10
"LB","Lebanon",2010,5.08e+10
"LB","Lebanon",2011,5.36e+10
"LB","Lebanon",2012,5.77e+10
"LB","Lebanon",2013,5.93e+10
"LS","Lesotho",2000,1.23e+09
"LS","Lesotho",2001,1.13e+09
"LS","Lesotho",2002,1.05e+09
"LS","Lesotho",2003,1.54e+09
"LS","Lesotho",2004,1.97e+09
"LS","Lesotho",2005,2.18e+09
"LS","Lesotho",2006,2.28e+09
"LS","Lesotho",2007,2.55e+09
"LS","Lesotho",2008,2.6e+09
"LS","Lesotho",2009,2.72e+09
"LS","Lesotho",2010,3.47e+09
"LS","Lesotho",2011,3.96e+09
"LS","Lesotho",2012,3.71e+09
"LS","Lesotho",2013,3.72e+09
"LR","Liberia",2000,8.21e+08
"LR","Liberia",2001,7.99e+08
"LR","Liberia",2002,8.31e+08
"LR","Liberia",2003,6.34e+08
"LR","Liberia",2004,7.24e+08
"LR","Liberia",2005,8.41e+08
"LR","Liberia",2006,9.37e+08
"LR","Liberia",2007,1.15e+09
"LR","Liberia",2008,1.32e+09
"LR","Liberia",2009,1.79e+09
"LR","Liberia",2010,2.01e+09
"LR","Liberia",2011,2.39e+09
"LR","Liberia",2012,2.69e+09
"LR","Liberia",2013,3.03e+09
"LY","Libya",2000,6.02e+10
"LY","Libya",2001,5.05e+10
"LY","Libya",2002,3.52e+10
"LY","Libya",2003,4.27e+10
"LY","Libya",2004,5.93e+10
"LY","Libya",2005,7.81e+10
"LY","Libya",2006,1e+11
"LY","Libya",2007,1.28e+11
"LY","Libya",2008,1.65e+11
"LY","Libya",2009,1.11e+11
"LY","Libya",2010,1.33e+11
"LY","Libya",2011,6.16e+10
"LY","Libya",2012,1.45e+11
"LY","Libya",2013,1.32e+11
"LI","Liechtenstein",2000,
"LI","Liechtenstein",2001,
"LI","Liechtenstein",2002,
"LI","Liechtenstein",2003,
"LI","Liechtenstein",2004,
"LI","Liechtenstein",2005,
"LI","Liechtenstein",2006,
"LI","Liechtenstein",2007,
"LI","Liechtenstein",2008,
"LI","Liechtenstein",2009,
"LI","Liechtenstein",2010,
"LI","Liechtenstein",2011,
"LI","Liechtenstein",2012,
"LI","Liechtenstein",2013,
"LT","Lithuania",2000,1.55e+10
"LT","Lithuania",2001,1.65e+10
"LT","Lithuania",2002,1.92e+10
"LT","Lithuania",2003,2.52e+10
"LT","Lithuania",2004,3.07e+10
"LT","Lithuania",2005,3.54e+10
"LT","Lithuania",2006,4.1e+10
"LT","Lithuania",2007,5.33e+10
"LT","Lithuania",2008,6.43e+10
"LT","Lithuania",2009,5.02e+10
"LT","Lithuania",2010,4.98e+10
"LT","Lithuania",2011,5.84e+10
"LT","Lithuania",2012,5.74e+10
"LT","Lithuania",2013,6.23e+10
"LU","Luxembourg",2000,2.75e+10
"LU","Luxembourg",2001,2.71e+10
"LU","Luxembourg",2002,3e+10
"LU","Luxembourg",2003,3.75e+10
"LU","Luxembourg",2004,4.41e+10
"LU","Luxembourg",2005,4.77e+10
"LU","Luxembourg",2006,5.39e+10
"LU","Luxembourg",2007,6.34e+10
"LU","Luxembourg",2008,7.09e+10
"LU","Luxembourg",2009,6.46e+10
"LU","Luxembourg",2010,6.72e+10
"LU","Luxembourg",2011,7.6e+10
"LU","Luxembourg",2012,7.26e+10
"LU","Luxembourg",2013,7.75e+10
"MO","Macao",2000,
"MO","Macao",2001,
"MO","Macao",2002,
"MO","Macao",2003,
"MO","Macao",2004,
"MO","Macao",2005,
"MO","Macao",2006,
"MO","Macao",2007,
"MO","Macao",2008,
"MO","Macao",2009,
"MO","Macao",2010,
"MO","Macao",2011,
"MO","Macao",2012,
"MO","Macao",2013,
"MK","Macedonia",2000,4.57e+09
"MK","Macedonia",2001,4.37e+09
"MK","Macedonia",2002,4.83e+09
"MK","Macedonia",2003,6.05e+09
"MK","Macedonia",2004,7.02e+09
"MK","Macedonia",2005,7.62e+09
"MK","Macedonia",2006,8.35e+09
"MK","Macedonia",2007,1.04e+10
"MK","Macedonia",2008,1.25e+10
"MK","Macedonia",2009,1.19e+10
"MK","Macedonia",2010,1.19e+10
"MK","Macedonia",2011,1.32e+10
"MK","Macedonia",2012,1.22e+10
"MK","Macedonia",2013,1.3e+10
"MG","Madagascar",2000,6.89e+09
"MG","Madagascar",2001,8.05e+09
"MG","Madagascar",2002,7.81e+09
"MG","Madagascar",2003,9.73e+09
"MG","Madagascar",2004,7.76e+09
"MG","Madagascar",2005,8.96e+09
"MG","Madagascar",2006,9.8e+09
"MG","Madagascar",2007,1.3e+10
"MG","Madagascar",2008,1.67e+10
"MG","Madagascar",2009,1.52e+10
"MG","Madagascar",2010,1.55e+10
"MG","Madagascar",2011,1.76e+10
"MG","Madagascar",2012,1.76e+10
"MG","Madagascar",2013,1.89e+10
"MW","Malawi",2000,3.78e+09
"MW","Malawi",2001,3.72e+09
"MW","Malawi",2002,5.77e+09
"MW","Malawi",2003,5.25e+09
"MW","Malawi",2004,5.69e+09
"MW","Malawi",2005,5.97e+09
"MW","Malawi",2006,6.75e+09
"MW","Malawi",2007,7.9e+09
"MW","Malawi",2008,9.27e+09
"MW","Malawi",2009,1.09e+10
"MW","Malawi",2010,1.17e+10
"MW","Malawi",2011,1.22e+10
"MW","Malawi",2012,9.19e+09
"MW","Malawi",2013,8.03e+09
"MY","Malaysia",2000,1.17e+11
"MY","Malaysia",2001,1.16e+11
"MY","Malaysia",2002,1.27e+11
"MY","Malaysia",2003,1.38e+11
"MY","Malaysia",2004,1.57e+11
"MY","Malaysia",2005,1.8e+11
"MY","Malaysia",2006,2.04e+11
"MY","Malaysia",2007,2.43e+11
"MY","Malaysia",2008,2.89e+11
"MY","Malaysia",2009,2.53e+11
"MY","Malaysia",2010,3.11e+11
"MY","Malaysia",2011,3.63e+11
"MY","Malaysia",2012,3.82e+11
"MY","Malaysia",2013,3.92e+11
"MV","Maldives",2000,9.07e+08
"MV","Maldives",2001,1.17e+09
"MV","Maldives",2002,1.2e+09
"MV","Maldives",2003,1.38e+09
"MV","Maldives",2004,1.56e+09
"MV","Maldives",2005,1.44e+09
"MV","Maldives",2006,1.89e+09
"MV","Maldives",2007,2.24e+09
"MV","Maldives",2008,2.75e+09
"MV","Maldives",2009,2.88e+09
"MV","Maldives",2010,3.1e+09
"MV","Maldives",2011,3.14e+09
"MV","Maldives",2012,3.07e+09
"MV","Maldives",2013,3.34e+09
"ML","Mali",2000,3.35e+09
"ML","Mali",2001,3.63e+09
"ML","Mali",2002,4.62e+09
"ML","Mali",2003,6.03e+09
"ML","Mali",2004,6.73e+09
"ML","Mali",2005,7.33e+09
"ML","Mali",2006,8.46e+09
"ML","Mali",2007,9.87e+09
"ML","Mali",2008,1.21e+10
"ML","Mali",2009,1.24e+10
"ML","Mali",2010,1.3e+10
"ML","Mali",2011,1.47e+10
"ML","Mali",2012,1.43e+10
"ML","Mali",2013,1.51e+10
"MT","Malta",2000,4.81e+09
"MT","Malta",2001,4.76e+09
"MT","Malta",2002,5.22e+09
"MT","Malta",2003,6.22e+09
"MT","Malta",2004,6.86e+09
"MT","Malta",2005,7.27e+09
"MT","Malta",2006,7.77e+09
"MT","Malta",2007,9.13e+09
"MT","Malta",2008,1.04e+10
"MT","Malta",2009,9.84e+09
"MT","Malta",2010,9.92e+09
"MT","Malta",2011,1.13e+10
"MT","Malta",2012,1.08e+10
"MT","Malta",2013,1.17e+10
"MH","Marshall Islands",2000,1.24e+08
"MH","Marshall Islands",2001,1.29e+08
"MH","Marshall Islands",2002,1.4e+08
"MH","Marshall Islands",2003,1.42e+08
"MH","Marshall Islands",2004,1.47e+08
"MH","Marshall Islands",2005,1.54e+08
"MH","Marshall Islands",2006,1.61e+08
"MH","Marshall Islands",2007,1.68e+08
"MH","Marshall Islands",2008,1.71e+08
"MH","Marshall Islands",2009,1.7e+08
"MH","Marshall Islands",2010,1.84e+08
"MH","Marshall Islands",2011,1.94e+08
"MH","Marshall Islands",2012,2.07e+08
"MH","Marshall Islands",2013,2.14e+08
"MR","Mauritania",2000,1.93e+09
"MR","Mauritania",2001,2e+09
"MR","Mauritania",2002,2.05e+09
"MR","Mauritania",2003,2.29e+09
"MR","Mauritania",2004,2.67e+09
"MR","Mauritania",2005,3.31e+09
"MR","Mauritania",2006,4.81e+09
"MR","Mauritania",2007,5.06e+09
"MR","Mauritania",2008,6.39e+09
"MR","Mauritania",2009,5.39e+09
"MR","Mauritania",2010,6.29e+09
"MR","Mauritania",2011,7.37e+09
"MR","Mauritania",2012,7.05e+09
"MR","Mauritania",2013,7.41e+09
"MU","Mauritius",2000,6.13e+09
"MU","Mauritius",2001,6.07e+09
"MU","Mauritius",2002,6.38e+09
"MU","Mauritius",2003,7.51e+09
"MU","Mauritius",2004,8.54e+09
"MU","Mauritius",2005,8.41e+09
"MU","Mauritius",2006,9.01e+09
"MU","Mauritius",2007,1.04e+10
"MU","Mauritius",2008,1.29e+10
"MU","Mauritius",2009,1.18e+10
"MU","Mauritius",2010,1.3e+10
"MU","Mauritius",2011,1.51e+10
"MU","Mauritius",2012,1.53e+10
"MU","Mauritius",2013,1.6e+10
"MX","Mexico",2000,9.5e+11
"MX","Mexico",2001,1.01e+12
"MX","Mexico",2002,1.03e+12
"MX","Mexico",2003,9.91e+11
"MX","Mexico",2004,1.07e+12
"MX","Mexico",2005,1.2e+12
"MX","Mexico",2006,1.34e+12
"MX","Mexico",2007,1.45e+12
"MX","Mexico",2008,1.53e+12
"MX","Mexico",2009,1.24e+12
"MX","Mexico",2010,1.46e+12
"MX","Mexico",2011,1.63e+12
"MX","Mexico",2012,1.65e+12
"MX","Mexico",2013,1.75e+12
"FM","Micronesia",2000,3.01e+08
"FM","Micronesia",2001,3.1e+08
"FM","Micronesia",2002,3.12e+08
"FM","Micronesia",2003,3.16e+08
"FM","Micronesia",2004,3.09e+08
"FM","Micronesia",2005,3.22e+08
"FM","Micronesia",2006,3.27e+08
"FM","Micronesia",2007,3.3e+08
"FM","Micronesia",2008,3.37e+08
"FM","Micronesia",2009,3.58e+08
"FM","Micronesia",2010,3.8e+08
"FM","Micronesia",2011,4.01e+08
"FM","Micronesia",2012,4.21e+08
"FM","Micronesia",2013,4.08e+08
"MD","Moldova",2000,2.43e+09
"MD","Moldova",2001,2.79e+09
"MD","Moldova",2002,3.13e+09
"MD","Moldova",2003,3.74e+09
"MD","Moldova",2004,4.9e+09
"MD","Moldova",2005,5.64e+09
"MD","Moldova",2006,6.43e+09
"MD","Moldova",2007,8.3e+09
"MD","Moldova",2008,1.14e+10
"MD","Moldova",2009,1.03e+10
"MD","Moldova",2010,1.1e+10
"MD","Moldova",2011,1.32e+10
"MD","Moldova",2012,1.37e+10
"MD","Moldova",2013,1.5e+10
"MC","Monaco",2000,
"MC","Monaco",2001,
"MC","Monaco",2002,
"MC","Monaco",2003,
"MC","Monaco",2004,
"MC","Monaco",2005,
"MC","Monaco",2006,
"MC","Monaco",2007,
"MC","Monaco",2008,
"MC","Monaco",2009,
"MC","Monaco",2010,
"MC","Monaco",2011,
"MC","Monaco",2012,
"MC","Monaco",2013,
"MN","Mongolia",2000,2.9e+09
"MN","Mongolia",2001,3.23e+09
"MN","Mongolia",2002,3.56e+09
"MN","Mongolia",2003,4.07e+09
"MN","Mongolia",2004,5.08e+09
"MN","Mongolia",2005,6.43e+09
"MN","Mongolia",2006,8.7e+09
"MN","Mongolia",2007,1.08e+10
"MN","Mongolia",2008,1.43e+10
"MN","Mongolia",2009,1.17e+10
"MN","Mongolia",2010,1.58e+10
"MN","Mongolia",2011,2.23e+10
"MN","Mongolia",2012,2.63e+10
"MN","Mongolia",2013,2.93e+10
"ME","Montenegro",2000,1.37e+09
"ME","Montenegro",2001,1.61e+09
"ME","Montenegro",2002,1.78e+09
"ME","Montenegro",2003,2.37e+09
"ME","Montenegro",2004,2.88e+09
"ME","Montenegro",2005,3.13e+09
"ME","Montenegro",2006,3.74e+09
"ME","Montenegro",2007,5.1e+09
"ME","Montenegro",2008,6.3e+09
"ME","Montenegro",2009,5.77e+09
"ME","Montenegro",2010,5.71e+09
"ME","Montenegro",2011,6.25e+09
"ME","Montenegro",2012,5.62e+09
"ME","Montenegro",2013,6.13e+09
"MA","Morocco",2000,4.25e+10
"MA","Morocco",2001,4.33e+10
"MA","Morocco",2002,4.63e+10
"MA","Morocco",2003,5.71e+10
"MA","Morocco",2004,6.53e+10
"MA","Morocco",2005,6.83e+10
"MA","Morocco",2006,7.53e+10
"MA","Morocco",2007,8.63e+10
"MA","Morocco",2008,1.02e+11
"MA","Morocco",2009,1.04e+11
"MA","Morocco",2010,1.04e+11
"MA","Morocco",2011,1.14e+11
"MA","Morocco",2012,1.1e+11
"MA","Morocco",2013,1.19e+11
"MZ","Mozambique",2000,7.1e+09
"MZ","Mozambique",2001,6.71e+09
"MZ","Mozambique",2002,6.92e+09
"MZ","Mozambique",2003,7.69e+09
"MZ","Mozambique",2004,9.39e+09
"MZ","Mozambique",2005,1.08e+10
"MZ","Mozambique",2006,1.17e+10
"MZ","Mozambique",2007,1.51e+10
"MZ","Mozambique",2008,1.82e+10
"MZ","Mozambique",2009,1.77e+10
"MZ","Mozambique",2010,1.67e+10
"MZ","Mozambique",2011,2.18e+10
"MZ","Mozambique",2012,2.46e+10
"MZ","Mozambique",2013,2.57e+10
"MM","Myanmar",2000,0
"MM","Myanmar",2001,0
"MM","Myanmar",2002,0
"MM","Myanmar",2003,0
"MM","Myanmar",2004,0
"MM","Myanmar",2005,0
"MM","Myanmar",2006,0
"MM","Myanmar",2007,0
"MM","Myanmar",2008,0
"MM","Myanmar",2009,0
"MM","Myanmar",2010,0
"MM","Myanmar",2011,0
"MM","Myanmar",2012,0
"MM","Myanmar",2013,0
"NA","Namibia",2000,6.68e+09
"NA","Namibia",2001,6.06e+09
"NA","Namibia",2002,5.74e+09
"NA","Namibia",2003,8.42e+09
"NA","Namibia",2004,1.13e+10
"NA","Namibia",2005,1.24e+10
"NA","Namibia",2006,1.36e+10
"NA","Namibia",2007,1.49e+10
"NA","Namibia",2008,1.45e+10
"NA","Namibia",2009,1.52e+10
"NA","Namibia",2010,1.93e+10
"NA","Namibia",2011,2.12e+10
"NA","Namibia",2012,2.23e+10
"NA","Namibia",2013,2.24e+10
"NP","Nepal",2000,1.06e+10
"NP","Nepal",2001,1.16e+10
"NP","Nepal",2002,1.16e+10
"NP","Nepal",2003,1.22e+10
"NP","Nepal",2004,1.4e+10
"NP","Nepal",2005,1.56e+10
"NP","Nepal",2006,1.74e+10
"NP","Nepal",2007,1.99e+10
"NP","Nepal",2008,2.41e+10
"NP","Nepal",2009,2.48e+10
"NP","Nepal",2010,3.08e+10
"NP","Nepal",2011,3.63e+10
"NP","Nepal",2012,3.7e+10
"NP","Nepal",2013,3.71e+10
"NL","Netherlands",2000,4.53e+11
"NL","Netherlands",2001,4.67e+11
"NL","Netherlands",2002,5.09e+11
"NL","Netherlands",2003,6.27e+11
"NL","Netherlands",2004,7.09e+11
"NL","Netherlands",2005,7.37e+11
"NL","Netherlands",2006,7.89e+11
"NL","Netherlands",2007,9.14e+11
"NL","Netherlands",2008,1.02e+12
"NL","Netherlands",2009,9.41e+11
"NL","Netherlands",2010,9.17e+11
"NL","Netherlands",2011,9.81e+11
"NL","Netherlands",2012,9.03e+11
"NL","Netherlands",2013,9.37e+11
"NC","New Caledonia",2000,
"NC","New Caledonia",2001,
"NC","New Caledonia",2002,
"NC","New Caledonia",2003,
"NC","New Caledonia",2004,
"NC","New Caledonia",2005,
"NC","New Caledonia",2006,
"NC","New Caledonia",2007,
"NC","New Caledonia",2008,
"NC","New Caledonia",2009,
"NC","New Caledonia",2010,
"NC","New Caledonia",2011,
"NC","New Caledonia",2012,
"NC","New Caledonia",2013,
"NZ","New Zealand",2000,6.19e+10
"NZ","New Zealand",2001,6.34e+10
"NZ","New Zealand",2002,7.86e+10
"NZ","New Zealand",2003,1.04e+11
"NZ","New Zealand",2004,1.23e+11
"NZ","New Zealand",2005,1.36e+11
"NZ","New Zealand",2006,1.31e+11
"NZ","New Zealand",2007,1.61e+11
"NZ","New Zealand",2008,1.55e+11
"NZ","New Zealand",2009,1.42e+11
"NZ","New Zealand",2010,1.7e+11
"NZ","New Zealand",2011,1.95e+11
"NZ","New Zealand",2012,2.03e+11
"NZ","New Zealand",2013,2.21e+11
"NI","Nicaragua",2000,9.63e+09
"NI","Nicaragua",2001,1e+10
"NI","Nicaragua",2002,9.85e+09
"NI","Nicaragua",2003,1e+10
"NI","Nicaragua",2004,1.09e+10
"NI","Nicaragua",2005,1.19e+10
"NI","Nicaragua",2006,1.28e+10
"NI","Nicaragua",2007,1.41e+10
"NI","Nicaragua",2008,1.6e+10
"NI","Nicaragua",2009,1.58e+10
"NI","Nicaragua",2010,1.69e+10
"NI","Nicaragua",2011,1.87e+10
"NI","Nicaragua",2012,2.01e+10
"NI","Nicaragua",2013,2.12e+10
"NE","Niger",2000,2.36e+09
"NE","Niger",2001,2.55e+09
"NE","Niger",2002,2.85e+09
"NE","Niger",2003,3.59e+09
"NE","Niger",2004,4.01e+09
"NE","Niger",2005,4.47e+09
"NE","Niger",2006,4.79e+09
"NE","Niger",2007,5.64e+09
"NE","Niger",2008,7.1e+09
"NE","Niger",2009,7.09e+09
"NE","Niger",2010,7.51e+09
"NE","Niger",2011,8.42e+09
"NE","Niger",2012,8.68e+09
"NE","Niger",2013,9.73e+09
"NG","Nigeria",2000,9.31e+10
"NG","Nigeria",2001,8.86e+10
"NG","Nigeria",2002,1.19e+11
"NG","Nigeria",2003,1.36e+11
"NG","Nigeria",2004,1.76e+11
"NG","Nigeria",2005,2.25e+11
"NG","Nigeria",2006,2.91e+11
"NG","Nigeria",2007,3.33e+11
"NG","Nigeria",2008,4.17e+11
"NG","Nigeria",2009,3.39e+11
"NG","Nigeria",2010,7.4e+11
"NG","Nigeria",2011,8.27e+11
"NG","Nigeria",2012,9.29e+11
"NG","Nigeria",2013,1.05e+12
"KP","North Korea",2000,0
"KP","North Korea",2001,0
"KP","North Korea",2002,0
"KP","North Korea",2003,0
"KP","North Korea",2004,0
"KP","North Korea",2005,0
"KP","North Korea",2006,0
"KP","North Korea",2007,0
"KP","North Korea",2008,0
"KP","North Korea",2009,0
"KP","North Korea",2010,0
"KP","North Korea",2011,0
"KP","North Korea",2012,0
"KP","North Korea",2013,0
"MP","Northern Mariana Islands",2000,
"MP","Northern Mariana Islands",2001,
"MP","Northern Mariana Islands",2002,
"MP","Northern Mariana Islands",2003,
"MP","Northern Mariana Islands",2004,
"MP","Northern Mariana Islands",2005,
"MP","Northern Mariana Islands",2006,
"MP","Northern Mariana Islands",2007,
"MP","Northern Mariana Islands",2008,
"MP","Northern Mariana Islands",2009,
"MP","Northern Mariana Islands",2010,
"MP","Northern Mariana Islands",2011,
"MP","Northern Mariana Islands",2012,
"MP","Northern Mariana Islands",2013,
"NO","Norway",2000,2.3e+11
"NO","Norway",2001,2.34e+11
"NO","Norway",2002,2.63e+11
"NO","Norway",2003,3.09e+11
"NO","Norway",2004,3.56e+11
"NO","Norway",2005,4.17e+11
"NO","Norway",2006,4.66e+11
"NO","Norway",2007,5.39e+11
"NO","Norway",2008,6.23e+11
"NO","Norway",2009,5.2e+11
"NO","Norway",2010,5.77e+11
"NO","Norway",2011,6.73e+11
"NO","Norway",2012,6.86e+11
"NO","Norway",2013,7.03e+11
"OM","Oman",2000,3.34e+10
"OM","Oman",2001,3.34e+10
"OM","Oman",2002,3.45e+10
"OM","Oman",2003,3.71e+10
"OM","Oman",2004,4.25e+10
"OM","Oman",2005,5.33e+10
"OM","Oman",2006,6.38e+10
"OM","Oman",2007,7.22e+10
"OM","Oman",2008,1.04e+11
"OM","Oman",2009,8.3e+10
"OM","Oman",2010,1.01e+11
"OM","Oman",2011,1.19e+11
"OM","Oman",2012,1.33e+11
"OM","Oman",2013,1.37e+11
"PK","Pakistan",2000,1.63e+11
"PK","Pakistan",2001,1.59e+11
"PK","Pakistan",2002,1.59e+11
"PK","Pakistan",2003,1.83e+11
"PK","Pakistan",2004,2.16e+11
"PK","Pakistan",2005,2.42e+11
"PK","Pakistan",2006,3.02e+11
"PK","Pakistan",2007,3.35e+11
"PK","Pakistan",2008,3.75e+11
"PK","Pakistan",2009,3.7e+11
"PK","Pakistan",2010,3.9e+11
"PK","Pakistan",2011,4.71e+11
"PK","Pakistan",2012,4.94e+11
"PK","Pakistan",2013,5.11e+11
"PW","Palau",2000,1.86e+08
"PW","Palau",2001,1.94e+08
"PW","Palau",2002,1.96e+08
"PW","Palau",2003,2.02e+08
"PW","Palau",2004,2.22e+08
"PW","Palau",2005,2.4e+08
"PW","Palau",2006,2.42e+08
"PW","Palau",2007,2.46e+08
"PW","Palau",2008,2.48e+08
"PW","Palau",2009,2.3e+08
"PW","Palau",2010,2.3e+08
"PW","Palau",2011,2.53e+08
"PW","Palau",2012,2.7e+08
"PW","Palau",2013,2.87e+08
"PS","Palestine",2000,
"PS","Palestine",2001,
"PS","Palestine",2002,
"PS","Palestine",2003,
"PS","Palestine",2004,
"PS","Palestine",2005,
"PS","Palestine",2006,
"PS","Palestine",2007,
"PS","Palestine",2008,
"PS","Palestine",2009,
"PS","Palestine",2010,
"PS","Palestine",2011,
"PS","Palestine",2012,
"PS","Palestine",2013,
"PA","Panama",2000,1.47e+10
"PA","Panama",2001,1.49e+10
"PA","Panama",2002,1.55e+10
"PA","Panama",2003,1.64e+10
"PA","Panama",2004,1.79e+10
"PA","Panama",2005,1.96e+10
"PA","Panama",2006,2.17e+10
"PA","Panama",2007,2.67e+10
"PA","Panama",2008,3.15e+10
"PA","Panama",2009,3.28e+10
"PA","Panama",2010,3.65e+10
"PA","Panama",2011,4.21e+10
"PA","Panama",2012,4.8e+10
"PA","Panama",2013,5.4e+10
"PG","Papua New Guinea",2000,4.68e+09
"PG","Papua New Guinea",2001,4.1e+09
"PG","Papua New Guinea",2002,3.99e+09
"PG","Papua New Guinea",2003,4.7e+09
"PG","Papua New Guinea",2004,5.22e+09
"PG","Papua New Guinea",2005,6.52e+09
"PG","Papua New Guinea",2006,7.45e+09
"PG","Papua New Guinea",2007,8.42e+09
"PG","Papua New Guinea",2008,1.07e+10
"PG","Papua New Guinea",2009,1.05e+10
"PG","Papua New Guinea",2010,1.26e+10
"PG","Papua New Guinea",2011,1.65e+10
"PG","Papua New Guinea",2012,2.08e+10
"PG","Papua New Guinea",2013,2.03e+10
"PY","Paraguay",2000,1.26e+10
"PY","Paraguay",2001,1.18e+10
"PY","Paraguay",2002,9.7e+09
"PY","Paraguay",2003,1.01e+10
"PY","Paraguay",2004,1.23e+10
"PY","Paraguay",2005,1.34e+10
"PY","Paraguay",2006,1.63e+10
"PY","Paraguay",2007,2.12e+10
"PY","Paraguay",2008,2.84e+10
"PY","Paraguay",2009,2.44e+10
"PY","Paraguay",2010,3.07e+10
"PY","Paraguay",2011,3.84e+10
"PY","Paraguay",2012,3.77e+10
"PY","Paraguay",2013,4.45e+10
"PE","Peru",2000,6.71e+10
"PE","Peru",2001,6.79e+10
"PE","Peru",2002,7.17e+10
"PE","Peru",2003,7.77e+10
"PE","Peru",2004,8.79e+10
"PE","Peru",2005,9.87e+10
"PE","Peru",2006,1.16e+11
"PE","Peru",2007,1.34e+11
"PE","Peru",2008,1.61e+11
"PE","Peru",2009,1.59e+11
"PE","Peru",2010,1.96e+11
"PE","Peru",2011,2.25e+11
"PE","Peru",2012,2.54e+11
"PE","Peru",2013,2.66e+11
"PH","Philippines",2000,1.07e+11
"PH","Philippines",2001,1.01e+11
"PH","Philippines",2002,1.08e+11
"PH","Philippines",2003,1.11e+11
"PH","Philippines",2004,1.21e+11
"PH","Philippines",2005,1.36e+11
"PH","Philippines",2006,1.61e+11
"PH","Philippines",2007,1.97e+11
"PH","Philippines",2008,2.3e+11
"PH","Philippines",2009,2.22e+11
"PH","Philippines",2010,2.64e+11
"PH","Philippines",2011,2.96e+11
"PH","Philippines",2012,3.3e+11
"PH","Philippines",2013,3.59e+11
"PL","Poland",2000,2.08e+11
"PL","Poland",2001,2.31e+11
"PL","Poland",2002,2.41e+11
"PL","Poland",2003,2.64e+11
"PL","Poland",2004,3.07e+11
"PL","Poland",2005,3.68e+11
"PL","Poland",2006,4.15e+11
"PL","Poland",2007,5.19e+11
"PL","Poland",2008,6.41e+11
"PL","Poland",2009,5.27e+11
"PL","Poland",2010,5.77e+11
"PL","Poland",2011,6.34e+11
"PL","Poland",2012,6e+11
"PL","Poland",2013,6.36e+11
"PT","Portugal",2000,1.29e+11
"PT","Portugal",2001,1.33e+11
"PT","Portugal",2002,1.46e+11
"PT","Portugal",2003,1.8e+11
"PT","Portugal",2004,2.06e+11
"PT","Portugal",2005,2.15e+11
"PT","Portugal",2006,2.28e+11
"PT","Portugal",2007,2.62e+11
"PT","Portugal",2008,2.86e+11
"PT","Portugal",2009,2.66e+11
"PT","Portugal",2010,2.59e+11
"PT","Portugal",2011,2.67e+11
"PT","Portugal",2012,2.38e+11
"PT","Portugal",2013,2.47e+11
"PR","Puerto Rico",2000,
"PR","Puerto Rico",2001,
"PR","Puerto Rico",2002,
"PR","Puerto Rico",2003,
"PR","Puerto Rico",2004,
"PR","Puerto Rico",2005,
"PR","Puerto Rico",2006,
"PR","Puerto Rico",2007,
"PR","Puerto Rico",2008,
"PR","Puerto Rico",2009,
"PR","Puerto Rico",2010,
"PR","Puerto Rico",2011,
"PR","Puerto Rico",2012,
"PR","Puerto Rico",2013,
"QA","Qatar",2000,2.76e+10
"QA","Qatar",2001,2.72e+10
"QA","Qatar",2002,3.01e+10
"QA","Qatar",2003,3.66e+10
"QA","Qatar",2004,4.93e+10
"QA","Qatar",2005,6.92e+10
"QA","Qatar",2006,9.46e+10
"QA","Qatar",2007,1.24e+11
"QA","Qatar",2008,1.79e+11
"QA","Qatar",2009,1.52e+11
"QA","Qatar",2010,1.94e+11
"QA","Qatar",2011,2.64e+11
"QA","Qatar",2012,2.95e+11
"QA","Qatar",2013,3.15e+11
"RO","Romania",2000,6.47e+10
"RO","Romania",2001,7.04e+10
"RO","Romania",2002,7.98e+10
"RO","Romania",2003,1.03e+11
"RO","Romania",2004,1.32e+11
"RO","Romania",2005,1.72e+11
"RO","Romania",2006,2.13e+11
"RO","Romania",2007,2.97e+11
"RO","Romania",2008,3.54e+11
"RO","Romania",2009,2.85e+11
"RO","Romania",2010,2.86e+11
"RO","Romania",2011,3.18e+11
"RO","Romania",2012,2.93e+11
"RO","Romania",2013,3.3e+11
"RU","Russian Federation",2000,5.83e+11
"RU","Russian Federation",2001,6.89e+11
"RU","Russian Federation",2002,7.74e+11
"RU","Russian Federation",2003,9.64e+11
"RU","Russian Federation",2004,1.33e+12
"RU","Russian Federation",2005,1.71e+12
"RU","Russian Federation",2006,2.22e+12
"RU","Russian Federation",2007,2.92e+12
"RU","Russian Federation",2008,3.72e+12
"RU","Russian Federation",2009,2.74e+12
"RU","Russian Federation",2010,3.41e+12
"RU","Russian Federation",2011,4.26e+12
"RU","Russian Federation",2012,4.53e+12
"RU","Russian Federation",2013,4.71e+12
"RW","Rwanda",2000,3.13e+09
"RW","Rwanda",2001,3.02e+09
"RW","Rwanda",2002,3.03e+09
"RW","Rwanda",2003,3.33e+09
"RW","Rwanda",2004,3.77e+09
"RW","Rwanda",2005,4.66e+09
"RW","Rwanda",2006,5.61e+09
"RW","Rwanda",2007,6.81e+09
"RW","Rwanda",2008,8.65e+09
"RW","Rwanda",2009,9.57e+09
"RW","Rwanda",2010,1.03e+10
"RW","Rwanda",2011,1.16e+10
"RW","Rwanda",2012,1.3e+10
"RW","Rwanda",2013,1.36e+10
"KN","Saint Kitts and Nevis",2000,5.55e+08
"KN","Saint Kitts and Nevis",2001,6.08e+08
"KN","Saint Kitts and Nevis",2002,6.35e+08
"KN","Saint Kitts and Nevis",2003,6.12e+08
"KN","Saint Kitts and Nevis",2004,6.62e+08
"KN","Saint Kitts and Nevis",2005,7.17e+08
"KN","Saint Kitts and Nevis",2006,8.4e+08
"KN","Saint Kitts and Nevis",2007,9.03e+08
"KN","Saint Kitts and Nevis",2008,9.7e+08
"KN","Saint Kitts and Nevis",2009,9.36e+08
"KN","Saint Kitts and Nevis",2010,9.14e+08
"KN","Saint Kitts and Nevis",2011,9.61e+08
"KN","Saint Kitts and Nevis",2012,9.67e+08
"KN","Saint Kitts and Nevis",2013,1.01e+09
"LC","Saint Lucia",2000,9.67e+08
"LC","Saint Lucia",2001,9.15e+08
"LC","Saint Lucia",2002,9.19e+08
"LC","Saint Lucia",2003,9.98e+08
"LC","Saint Lucia",2004,1.1e+09
"LC","Saint Lucia",2005,1.16e+09
"LC","Saint Lucia",2006,1.32e+09
"LC","Saint Lucia",2007,1.42e+09
"LC","Saint Lucia",2008,1.45e+09
"LC","Saint Lucia",2009,1.46e+09
"LC","Saint Lucia",2010,1.54e+09
"LC","Saint Lucia",2011,1.6e+09
"LC","Saint Lucia",2012,1.61e+09
"LC","Saint Lucia",2013,1.65e+09
"MF","Saint Martin ",2000,
"MF","Saint Martin ",2001,
"MF","Saint Martin ",2002,
"MF","Saint Martin ",2003,
"MF","Saint Martin ",2004,
"MF","Saint Martin ",2005,
"MF","Saint Martin ",2006,
"MF","Saint Martin ",2007,
"MF","Saint Martin ",2008,
"MF","Saint Martin ",2009,
"MF","Saint Martin ",2010,
"MF","Saint Martin ",2011,
"MF","Saint Martin ",2012,
"MF","Saint Martin ",2013,
"VC","Saint Vincent & the Grenadines",2000,4.72e+08
"VC","Saint Vincent & the Grenadines",2001,5.12e+08
"VC","Saint Vincent & the Grenadines",2002,5.5e+08
"VC","Saint Vincent & the Grenadines",2003,5.73e+08
"VC","Saint Vincent & the Grenadines",2004,6.21e+08
"VC","Saint Vincent & the Grenadines",2005,6.55e+08
"VC","Saint Vincent & the Grenadines",2006,7.27e+08
"VC","Saint Vincent & the Grenadines",2007,8.14e+08
"VC","Saint Vincent & the Grenadines",2008,8.28e+08
"VC","Saint Vincent & the Grenadines",2009,8.03e+08
"VC","Saint Vincent & the Grenadines",2010,8.11e+08
"VC","Saint Vincent & the Grenadines",2011,8.05e+08
"VC","Saint Vincent & the Grenadines",2012,8.25e+08
"VC","Saint Vincent & the Grenadines",2013,8.44e+08
"WS","Samoa",2000,
"WS","Samoa",2001,
"WS","Samoa",2002,
"WS","Samoa",2003,
"WS","Samoa",2004,
"WS","Samoa",2005,
"WS","Samoa",2006,
"WS","Samoa",2007,
"WS","Samoa",2008,
"WS","Samoa",2009,
"WS","Samoa",2010,
"WS","Samoa",2011,
"WS","Samoa",2012,
"WS","Samoa",2013,
"SM","San Marino",2000,8.03e+08
"SM","San Marino",2001,8.46e+08
"SM","San Marino",2002,9.13e+08
"SM","San Marino",2003,1.17e+09
"SM","San Marino",2004,1.37e+09
"SM","San Marino",2005,1.43e+09
"SM","San Marino",2006,1.52e+09
"SM","San Marino",2007,1.75e+09
"SM","San Marino",2008,1.97e+09
"SM","San Marino",2009,0
"SM","San Marino",2010,0
"SM","San Marino",2011,0
"SM","San Marino",2012,0
"SM","San Marino",2013,0
"ST","Sao Tome & Principe",2000,2e+08
"ST","Sao Tome & Principe",2001,1.99e+08
"ST","Sao Tome & Principe",2002,2.2e+08
"ST","Sao Tome & Principe",2003,2.64e+08
"ST","Sao Tome & Principe",2004,2.88e+08
"ST","Sao Tome & Principe",2005,3.21e+08
"ST","Sao Tome & Principe",2006,3.52e+08
"ST","Sao Tome & Principe",2007,3.76e+08
"ST","Sao Tome & Principe",2008,4.78e+08
"ST","Sao Tome & Principe",2009,5.12e+08
"ST","Sao Tome & Principe",2010,5.24e+08
"ST","Sao Tome & Principe",2011,6.47e+08
"ST","Sao Tome & Principe",2012,6.86e+08
"ST","Sao Tome & Principe",2013,8.09e+08
"SA","Saudi Arabia",2000,2.76e+11
"SA","Saudi Arabia",2001,2.68e+11
"SA","Saudi Arabia",2002,2.77e+11
"SA","Saudi Arabia",2003,3.15e+11
"SA","Saudi Arabia",2004,3.8e+11
"SA","Saudi Arabia",2005,4.81e+11
"SA","Saudi Arabia",2006,5.53e+11
"SA","Saudi Arabia",2007,6.1e+11
"SA","Saudi Arabia",2008,7.63e+11
"SA","Saudi Arabia",2009,6.29e+11
"SA","Saudi Arabia",2010,7.73e+11
"SA","Saudi Arabia",2011,9.83e+11
"SA","Saudi Arabia",2012,1.08e+12
"SA","Saudi Arabia",2013,1.1e+12
"SN","Senegal",2000,5.84e+09
"SN","Senegal",2001,6.09e+09
"SN","Senegal",2002,6.66e+09
"SN","Senegal",2003,8.56e+09
"SN","Senegal",2004,1e+10
"SN","Senegal",2005,1.09e+10
"SN","Senegal",2006,1.17e+10
"SN","Senegal",2007,1.41e+10
"SN","Senegal",2008,1.67e+10
"SN","Senegal",2009,1.6e+10
"SN","Senegal",2010,1.61e+10
"SN","Senegal",2011,1.8e+10
"SN","Senegal",2012,1.75e+10
"SN","Senegal",2013,1.85e+10
"RS","Serbia",2000,1.18e+10
"RS","Serbia",2001,2.21e+10
"RS","Serbia",2002,2.9e+10
"RS","Serbia",2003,3.82e+10
"RS","Serbia",2004,4.48e+10
"RS","Serbia",2005,4.73e+10
"RS","Serbia",2006,5.51e+10
"RS","Serbia",2007,7.26e+10
"RS","Serbia",2008,8.87e+10
"RS","Serbia",2009,7.68e+10
"RS","Serbia",2010,7.09e+10
"RS","Serbia",2011,8.37e+10
"RS","Serbia",2012,7.35e+10
"RS","Serbia",2013,8.2e+10
"SC","Seychelles",2000,1.37e+09
"SC","Seychelles",2001,1.39e+09
"SC","Seychelles",2002,1.55e+09
"SC","Seychelles",2003,1.57e+09
"SC","Seychelles",2004,2.04e+09
"SC","Seychelles",2005,2.04e+09
"SC","Seychelles",2006,2.27e+09
"SC","Seychelles",2007,2.27e+09
"SC","Seychelles",2008,2.14e+09
"SC","Seychelles",2009,1.89e+09
"SC","Seychelles",2010,2.17e+09
"SC","Seychelles",2011,2.36e+09
"SC","Seychelles",2012,2.3e+09
"SC","Seychelles",2013,3.21e+09
"SL","Sierra Leone",2000,1.39e+09
"SL","Sierra Leone",2001,2.37e+09
"SL","Sierra Leone",2002,2.72e+09
"SL","Sierra Leone",2003,3.01e+09
"SL","Sierra Leone",2004,3.14e+09
"SL","Sierra Leone",2005,3.57e+09
"SL","Sierra Leone",2006,4.14e+09
"SL","Sierra Leone",2007,4.73e+09
"SL","Sierra Leone",2008,5.5e+09
"SL","Sierra Leone",2009,5.38e+09
"SL","Sierra Leone",2010,5.65e+09
"SL","Sierra Leone",2011,6.42e+09
"SL","Sierra Leone",2012,7.74e+09
"SL","Sierra Leone",2013,9.07e+09
"SG","Singapore",2000,1.08e+11
"SG","Singapore",2001,1e+11
"SG","Singapore",2002,1.03e+11
"SG","Singapore",2003,1.09e+11
"SG","Singapore",2004,1.28e+11
"SG","Singapore",2005,1.43e+11
"SG","Singapore",2006,1.66e+11
"SG","Singapore",2007,2.02e+11
"SG","Singapore",2008,2.16e+11
"SG","Singapore",2009,2.16e+11
"SG","Singapore",2010,2.65e+11
"SG","Singapore",2011,3.08e+11
"SG","Singapore",2012,3.22e+11
"SG","Singapore",2013,3.35e+11
"SX","Sint Maarten (Dutch part)",2000,
"SX","Sint Maarten (Dutch part)",2001,
"SX","Sint Maarten (Dutch part)",2002,
"SX","Sint Maarten (Dutch part)",2003,
"SX","Sint Maarten (Dutch part)",2004,
"SX","Sint Maarten (Dutch part)",2005,
"SX","Sint Maarten (Dutch part)",2006,
"SX","Sint Maarten (Dutch part)",2007,
"SX","Sint Maarten (Dutch part)",2008,
"SX","Sint Maarten (Dutch part)",2009,
"SX","Sint Maarten (Dutch part)",2010,
"SX","Sint Maarten (Dutch part)",2011,
"SX","Sint Maarten (Dutch part)",2012,
"SX","Sint Maarten (Dutch part)",2013,
"SK","Slovakia",2000,3.19e+10
"SK","Slovakia",2001,3.36e+10
"SK","Slovakia",2002,3.85e+10
"SK","Slovakia",2003,5.12e+10
"SK","Slovakia",2004,6.27e+10
"SK","Slovakia",2005,6.86e+10
"SK","Slovakia",2006,7.71e+10
"SK","Slovakia",2007,9.41e+10
"SK","Slovakia",2008,1.09e+11
"SK","Slovakia",2009,9.7e+10
"SK","Slovakia",2010,9.74e+10
"SK","Slovakia",2011,1.07e+11
"SK","Slovakia",2012,1.01e+11
"SK","Slovakia",2013,1.07e+11
"SI","Slovenia",2000,2.35e+10
"SI","Slovenia",2001,2.41e+10
"SI","Slovenia",2002,2.72e+10
"SI","Slovenia",2003,3.43e+10
"SI","Slovenia",2004,3.98e+10
"SI","Slovenia",2005,4.2e+10
"SI","Slovenia",2006,4.57e+10
"SI","Slovenia",2007,5.55e+10
"SI","Slovenia",2008,6.42e+10
"SI","Slovenia",2009,5.8e+10
"SI","Slovenia",2010,5.54e+10
"SI","Slovenia",2011,5.92e+10
"SI","Slovenia",2012,5.34e+10
"SI","Slovenia",2013,5.54e+10
"SB","Solomon Islands",2000,7e+08
"SB","Solomon Islands",2001,6.44e+08
"SB","Solomon Islands",2002,5.5e+08
"SB","Solomon Islands",2003,5.35e+08
"SB","Solomon Islands",2004,6.04e+08
"SB","Solomon Islands",2005,6.66e+08
"SB","Solomon Islands",2006,7.35e+08
"SB","Solomon Islands",2007,8.31e+08
"SB","Solomon Islands",2008,9.79e+08
"SB","Solomon Islands",2009,9.62e+08
"SB","Solomon Islands",2010,1.1e+09
"SB","Solomon Islands",2011,1.4e+09
"SB","Solomon Islands",2012,1.59e+09
"SB","Solomon Islands",2013,1.76e+09
"SO","Somalia",2000,
"SO","Somalia",2001,
"SO","Somalia",2002,
"SO","Somalia",2003,
"SO","Somalia",2004,
"SO","Somalia",2005,
"SO","Somalia",2006,
"SO","Somalia",2007,
"SO","Somalia",2008,
"SO","Somalia",2009,
"SO","Somalia",2010,
"SO","Somalia",2011,
"SO","Somalia",2012,
"SO","Somalia",2013,
"ZA","South Africa",2000,2.13e+11
"ZA","South Africa",2001,1.89e+11
"ZA","South Africa",2002,1.78e+11
"ZA","South Africa",2003,2.7e+11
"ZA","South Africa",2004,3.51e+11
"ZA","South Africa",2005,3.96e+11
"ZA","South Africa",2006,4.19e+11
"ZA","South Africa",2007,4.59e+11
"ZA","South Africa",2008,4.38e+11
"ZA","South Africa",2009,4.56e+11
"ZA","South Africa",2010,5.86e+11
"ZA","South Africa",2011,6.48e+11
"ZA","South Africa",2012,6.13e+11
"ZA","South Africa",2013,5.63e+11
"KR","South Korea",2000,
"KR","South Korea",2001,
"KR","South Korea",2002,
"KR","South Korea",2003,
"KR","South Korea",2004,
"KR","South Korea",2005,
"KR","South Korea",2006,
"KR","South Korea",2007,
"KR","South Korea",2008,
"KR","South Korea",2009,
"KR","South Korea",2010,
"KR","South Korea",2011,
"KR","South Korea",2012,
"KR","South Korea",2013,
"SS","South Sudan",2000,0
"SS","South Sudan",2001,0
"SS","South Sudan",2002,0
"SS","South Sudan",2003,0
"SS","South Sudan",2004,0
"SS","South Sudan",2005,0
"SS","South Sudan",2006,0
"SS","South Sudan",2007,0
"SS","South Sudan",2008,0
"SS","South Sudan",2009,0
"SS","South Sudan",2010,0
"SS","South Sudan",2011,0
"SS","South Sudan",2012,0
"SS","South Sudan",2013,0
"ES","Spain",2000,6.56e+11
"ES","Spain",2001,6.91e+11
"ES","Spain",2002,7.78e+11
"ES","Spain",2003,1e+12
"ES","Spain",2004,1.18e+12
"ES","Spain",2005,1.28e+12
"ES","Spain",2006,1.39e+12
"ES","Spain",2007,1.63e+12
"ES","Spain",2008,1.81e+12
"ES","Spain",2009,1.65e+12
"ES","Spain",2010,1.58e+12
"ES","Spain",2011,1.64e+12
"ES","Spain",2012,1.5e+12
"ES","Spain",2013,1.53e+12
"LK","Sri Lanka",2000,3.22e+10
"LK","Sri Lanka",2001,3.1e+10
"LK","Sri Lanka",2002,3.37e+10
"LK","Sri Lanka",2003,3.72e+10
"LK","Sri Lanka",2004,4.07e+10
"LK","Sri Lanka",2005,4.81e+10
"LK","Sri Lanka",2006,5.57e+10
"LK","Sri Lanka",2007,6.37e+10
"LK","Sri Lanka",2008,8.02e+10
"LK","Sri Lanka",2009,8.29e+10
"LK","Sri Lanka",2010,9.77e+10
"LK","Sri Lanka",2011,1.17e+11
"LK","Sri Lanka",2012,1.17e+11
"LK","Sri Lanka",2013,1.32e+11
"SD","Sudan",2000,3.39e+10
"SD","Sudan",2001,3.65e+10
"SD","Sudan",2002,4.1e+10
"SD","Sudan",2003,4.88e+10
"SD","Sudan",2004,5.94e+10
"SD","Sudan",2005,7.34e+10
"SD","Sudan",2006,9.91e+10
"SD","Sudan",2007,1.27e+11
"SD","Sudan",2008,1.51e+11
"SD","Sudan",2009,1.47e+11
"SD","Sudan",2010,1.82e+11
"SD","Sudan",2011,1.86e+11
"SD","Sudan",2012,1.75e+11
"SD","Sudan",2013,1.84e+11
"SR","Suriname",2000,1.7e+09
"SR","Suriname",2001,1.45e+09
"SR","Suriname",2002,2.05e+09
"SR","Suriname",2003,2.42e+09
"SR","Suriname",2004,2.82e+09
"SR","Suriname",2005,3.41e+09
"SR","Suriname",2006,4.99e+09
"SR","Suriname",2007,5.58e+09
"SR","Suriname",2008,6.72e+09
"SR","Suriname",2009,7.37e+09
"SR","Suriname",2010,8.31e+09
"SR","Suriname",2011,8.41e+09
"SR","Suriname",2012,9.53e+09
"SR","Suriname",2013,1.01e+10
"SZ","Swaziland",2000,2.7e+09
"SZ","Swaziland",2001,2.39e+09
"SZ","Swaziland",2002,2.17e+09
"SZ","Swaziland",2003,3.28e+09
"SZ","Swaziland",2004,4.28e+09
"SZ","Swaziland",2005,4.57e+09
"SZ","Swaziland",2006,5.22e+09
"SZ","Swaziland",2007,5.41e+09
"SZ","Swaziland",2008,5.34e+09
"SZ","Swaziland",2009,5.57e+09
"SZ","Swaziland",2010,6.89e+09
"SZ","Swaziland",2011,7.34e+09
"SZ","Swaziland",2012,7.17e+09
"SZ","Swaziland",2013,6.71e+09
"SE","Sweden",2000,2.96e+11
"SE","Sweden",2001,2.73e+11
"SE","Sweden",2002,3.01e+11
"SE","Sweden",2003,3.77e+11
"SE","Sweden",2004,4.35e+11
"SE","Sweden",2005,4.43e+11
"SE","Sweden",2006,4.78e+11
"SE","Sweden",2007,5.56e+11
"SE","Sweden",2008,5.85e+11
"SE","Sweden",2009,4.9e+11
"SE","Sweden",2010,5.56e+11
"SE","Sweden",2011,6.41e+11
"SE","Sweden",2012,6.19e+11
"SE","Sweden",2013,6.6e+11
"CH","Switzerland",2000,2.94e+11
"CH","Switzerland",2001,3.02e+11
"CH","Switzerland",2002,3.25e+11
"CH","Switzerland",2003,3.8e+11
"CH","Switzerland",2004,4.26e+11
"CH","Switzerland",2005,4.41e+11
"CH","Switzerland",2006,4.64e+11
"CH","Switzerland",2007,5.16e+11
"CH","Switzerland",2008,5.97e+11
"CH","Switzerland",2009,5.84e+11
"CH","Switzerland",2010,6.28e+11
"CH","Switzerland",2011,7.52e+11
"CH","Switzerland",2012,7.2e+11
"CH","Switzerland",2013,7.4e+11
"SY","Syria",2000,0
"SY","Syria",2001,0
"SY","Syria",2002,0
"SY","Syria",2003,0
"SY","Syria",2004,0
"SY","Syria",2005,0
"SY","Syria",2006,0
"SY","Syria",2007,0
"SY","Syria",2008,0
"SY","Syria",2009,0
"SY","Syria",2010,0
"SY","Syria",2011,0
"SY","Syria",2012,0
"SY","Syria",2013,0
"TJ","Tajikistan",2000,2.72e+09
"TJ","Tajikistan",2001,3.41e+09
"TJ","Tajikistan",2002,3.86e+09
"TJ","Tajikistan",2003,4.91e+09
"TJ","Tajikistan",2004,6.56e+09
"TJ","Tajikistan",2005,7.3e+09
"TJ","Tajikistan",2006,8.94e+09
"TJ","Tajikistan",2007,1.17e+10
"TJ","Tajikistan",2008,1.63e+10
"TJ","Tajikistan",2009,1.57e+10
"TJ","Tajikistan",2010,1.78e+10
"TJ","Tajikistan",2011,2.06e+10
"TJ","Tajikistan",2012,2.41e+10
"TJ","Tajikistan",2013,2.69e+10
"TZ","Tanzania",2000,1.8e+10
"TZ","Tanzania",2001,1.83e+10
"TZ","Tanzania",2002,1.91e+10
"TZ","Tanzania",2003,2.06e+10
"TZ","Tanzania",2004,2.26e+10
"TZ","Tanzania",2005,2.5e+10
"TZ","Tanzania",2006,2.53e+10
"TZ","Tanzania",2007,2.97e+10
"TZ","Tanzania",2008,3.66e+10
"TZ","Tanzania",2009,3.77e+10
"TZ","Tanzania",2010,4.04e+10
"TZ","Tanzania",2011,4.21e+10
"TZ","Tanzania",2012,4.98e+10
"TZ","Tanzania",2013,5.86e+10
"TH","Thailand",2000,1.55e+11
"TH","Thailand",2001,1.47e+11
"TH","Thailand",2002,1.6e+11
"TH","Thailand",2003,1.81e+11
"TH","Thailand",2004,2.03e+11
"TH","Thailand",2005,2.22e+11
"TH","Thailand",2006,2.61e+11
"TH","Thailand",2007,3.12e+11
"TH","Thailand",2008,3.45e+11
"TH","Thailand",2009,3.33e+11
"TH","Thailand",2010,4.03e+11
"TH","Thailand",2011,4.37e+11
"TH","Thailand",2012,4.62e+11
"TH","Thailand",2013,4.89e+11
"TL","Timor-Leste",2000,7.19e+08
"TL","Timor-Leste",2001,8.83e+08
"TL","Timor-Leste",2002,8.67e+08
"TL","Timor-Leste",2003,8.85e+08
"TL","Timor-Leste",2004,9.1e+08
"TL","Timor-Leste",2005,9.59e+08
"TL","Timor-Leste",2006,9.04e+08
"TL","Timor-Leste",2007,1.09e+09
"TL","Timor-Leste",2008,1.36e+09
"TL","Timor-Leste",2009,1.6e+09
"TL","Timor-Leste",2010,1.82e+09
"TL","Timor-Leste",2011,2.19e+09
"TL","Timor-Leste",2012,2.48e+09
"TL","Timor-Leste",2013,0
"TG","Togo",2000,1.78e+09
"TG","Togo",2001,1.83e+09
"TG","Togo",2002,2.03e+09
"TG","Togo",2003,2.31e+09
"TG","Togo",2004,2.67e+09
"TG","Togo",2005,2.91e+09
"TG","Togo",2006,3.03e+09
"TG","Togo",2007,3.48e+09
"TG","Togo",2008,4.36e+09
"TG","Togo",2009,4.36e+09
"TG","Togo",2010,4.37e+09
"TG","Togo",2011,5.17e+09
"TG","Togo",2012,5.39e+09
"TG","Togo",2013,5.98e+09
"TO","Tonga",2000,2.56e+08
"TO","Tonga",2001,2.26e+08
"TO","Tonga",2002,2.46e+08
"TO","Tonga",2003,2.82e+08
"TO","Tonga",2004,3.26e+08
"TO","Tonga",2005,3.59e+08
"TO","Tonga",2006,4.01e+08
"TO","Tonga",2007,4.08e+08
"TO","Tonga",2008,4.7e+08
"TO","Tonga",2009,4.32e+08
"TO","Tonga",2010,5e+08
"TO","Tonga",2011,5.73e+08
"TO","Tonga",2012,6.39e+08
"TO","Tonga",2013,6.32e+08
"TT","Trinidad & Tobago",2000,1.19e+10
"TT","Trinidad & Tobago",2001,1.28e+10
"TT","Trinidad & Tobago",2002,1.31e+10
"TT","Trinidad & Tobago",2003,1.64e+10
"TT","Trinidad & Tobago",2004,1.88e+10
"TT","Trinidad & Tobago",2005,2.34e+10
"TT","Trinidad & Tobago",2006,2.69e+10
"TT","Trinidad & Tobago",2007,3.18e+10
"TT","Trinidad & Tobago",2008,4.1e+10
"TT","Trinidad & Tobago",2009,2.81e+10
"TT","Trinidad & Tobago",2010,3.02e+10
"TT","Trinidad & Tobago",2011,3.45e+10
"TT","Trinidad & Tobago",2012,3.41e+10
"TT","Trinidad & Tobago",2013,3.59e+10
"TN","Tunisia",2000,2.87e+10
"TN","Tunisia",2001,2.95e+10
"TN","Tunisia",2002,3.09e+10
"TN","Tunisia",2003,3.67e+10
"TN","Tunisia",2004,4.17e+10
"TN","Tunisia",2005,4.31e+10
"TN","Tunisia",2006,4.59e+10
"TN","Tunisia",2007,5.2e+10
"TN","Tunisia",2008,6e+10
"TN","Tunisia",2009,5.81e+10
"TN","Tunisia",2010,5.94e+10
"TN","Tunisia",2011,6.14e+10
"TN","Tunisia",2012,6.05e+10
"TN","Tunisia",2013,6.28e+10
"TR","Turkey",2000,4.49e+11
"TR","Turkey",2001,3.29e+11
"TR","Turkey",2002,3.91e+11
"TR","Turkey",2003,5.09e+11
"TR","Turkey",2004,6.58e+11
"TR","Turkey",2005,8.11e+11
"TR","Turkey",2006,8.92e+11
"TR","Turkey",2007,1.09e+12
"TR","Turkey",2008,1.23e+12
"TR","Turkey",2009,1.03e+12
"TR","Turkey",2010,1.23e+12
"TR","Turkey",2011,1.3e+12
"TR","Turkey",2012,1.33e+12
"TR","Turkey",2013,1.38e+12
"TM","Turkmenistan",2000,7.81e+09
"TM","Turkmenistan",2001,9.5e+09
"TM","Turkmenistan",2002,1.2e+10
"TM","Turkmenistan",2003,1.61e+10
"TM","Turkmenistan",2004,1.84e+10
"TM","Turkmenistan",2005,2.18e+10
"TM","Turkmenistan",2006,2.76e+10
"TM","Turkmenistan",2007,3.4e+10
"TM","Turkmenistan",2008,5.18e+10
"TM","Turkmenistan",2009,5.43e+10
"TM","Turkmenistan",2010,5.95e+10
"TM","Turkmenistan",2011,7.86e+10
"TM","Turkmenistan",2012,9.45e+10
"TM","Turkmenistan",2013,1.12e+11
"TC","Turks & Caicos Islands",2000,
"TC","Turks & Caicos Islands",2001,
"TC","Turks & Caicos Islands",2002,
"TC","Turks & Caicos Islands",2003,
"TC","Turks & Caicos Islands",2004,
"TC","Turks & Caicos Islands",2005,
"TC","Turks & Caicos Islands",2006,
"TC","Turks & Caicos Islands",2007,
"TC","Turks & Caicos Islands",2008,
"TC","Turks & Caicos Islands",2009,
"TC","Turks & Caicos Islands",2010,
"TC","Turks & Caicos Islands",2011,
"TC","Turks & Caicos Islands",2012,
"TC","Turks & Caicos Islands",2013,
"TV","Tuvalu",2000,15600000
"TV","Tuvalu",2001,1.5e+07
"TV","Tuvalu",2002,17600000
"TV","Tuvalu",2003,20700000
"TV","Tuvalu",2004,24500000
"TV","Tuvalu",2005,24800000
"TV","Tuvalu",2006,2.6e+07
"TV","Tuvalu",2007,30700000
"TV","Tuvalu",2008,34400000
"TV","Tuvalu",2009,30800000
"TV","Tuvalu",2010,36200000
"TV","Tuvalu",2011,44700000
"TV","Tuvalu",2012,45300000
"TV","Tuvalu",2013,43600000
"AE","UAE",2000,1.73e+11
"AE","UAE",2001,1.72e+11
"AE","UAE",2002,1.83e+11
"AE","UAE",2003,2.07e+11
"AE","UAE",2004,2.47e+11
"AE","UAE",2005,3.02e+11
"AE","UAE",2006,3.7e+11
"AE","UAE",2007,4.3e+11
"AE","UAE",2008,5.25e+11
"AE","UAE",2009,4.23e+11
"AE","UAE",2010,4.77e+11
"AE","UAE",2011,5.78e+11
"AE","UAE",2012,6.2e+11
"AE","UAE",2013,6.7e+11
"UG","Uganda",2000,1.2e+10
"UG","Uganda",2001,1.13e+10
"UG","Uganda",2002,1.19e+10
"UG","Uganda",2003,1.22e+10
"UG","Uganda",2004,1.53e+10
"UG","Uganda",2005,1.74e+10
"UG","Uganda",2006,1.92e+10
"UG","Uganda",2007,2.37e+10
"UG","Uganda",2008,2.75e+10
"UG","Uganda",2009,2.86e+10
"UG","Uganda",2010,3.09e+10
"UG","Uganda",2011,2.99e+10
"UG","Uganda",2012,3.87e+10
"UG","Uganda",2013,4.15e+10
"GB","UK",2000,1.84e+12
"GB","UK",2001,1.81e+12
"GB","UK",2002,1.98e+12
"GB","UK",2003,2.3e+12
"GB","UK",2004,2.72e+12
"GB","UK",2005,2.85e+12
"GB","UK",2006,3.05e+12
"GB","UK",2007,3.5e+12
"GB","UK",2008,3.3e+12
"GB","UK",2009,2.74e+12
"GB","UK",2010,2.85e+12
"GB","UK",2011,3.07e+12
"GB","UK",2012,3.09e+12
"GB","UK",2013,3.17e+12
"UA","Ukraine",2000,9.02e+10
"UA","Ukraine",2001,1.1e+11
"UA","Ukraine",2002,1.22e+11
"UA","Ukraine",2003,1.45e+11
"UA","Ukraine",2004,1.87e+11
"UA","Ukraine",2005,2.49e+11
"UA","Ukraine",2006,3.12e+11
"UA","Ukraine",2007,4.13e+11
"UA","Ukraine",2008,5.19e+11
"UA","Ukraine",2009,3.38e+11
"UA","Ukraine",2010,3.92e+11
"UA","Ukraine",2011,4.7e+11
"UA","Ukraine",2012,5.11e+11
"UA","Ukraine",2013,5.11e+11
"UY","Uruguay",2000,3.72e+10
"UY","Uruguay",2001,3.4e+10
"UY","Uruguay",2002,2.22e+10
"UY","Uruguay",2003,1.96e+10
"UY","Uruguay",2004,2.23e+10
"UY","Uruguay",2005,2.83e+10
"UY","Uruguay",2006,3.19e+10
"UY","Uruguay",2007,3.81e+10
"UY","Uruguay",2008,4.94e+10
"UY","Uruguay",2009,4.96e+10
"UY","Uruguay",2010,6.33e+10
"UY","Uruguay",2011,7.69e+10
"UY","Uruguay",2012,8.14e+10
"UY","Uruguay",2013,9.07e+10
"US","USA",2000,1.18e+13
"US","USA",2001,1.21e+13
"US","USA",2002,1.26e+13
"US","USA",2003,1.31e+13
"US","USA",2004,1.41e+13
"US","USA",2005,1.5e+13
"US","USA",2006,1.59e+13
"US","USA",2007,1.66e+13
"US","USA",2008,1.68e+13
"US","USA",2009,1.65e+13
"US","USA",2010,1.71e+13
"US","USA",2011,1.77e+13
"US","USA",2012,1.85e+13
"US","USA",2013,1.92e+13
"UZ","Uzbekistan",2000,4.74e+10
"UZ","Uzbekistan",2001,3.93e+10
"UZ","Uzbekistan",2002,3.34e+10
"UZ","Uzbekistan",2003,3.49e+10
"UZ","Uzbekistan",2004,4.14e+10
"UZ","Uzbekistan",2005,4.93e+10
"UZ","Uzbekistan",2006,5.87e+10
"UZ","Uzbekistan",2007,7.69e+10
"UZ","Uzbekistan",2008,9.62e+10
"UZ","Uzbekistan",2009,1.13e+11
"UZ","Uzbekistan",2010,1.35e+11
"UZ","Uzbekistan",2011,1.56e+11
"UZ","Uzbekistan",2012,1.76e+11
"UZ","Uzbekistan",2013,1.96e+11
"VU","Vanuatu",2000,3.5e+08
"VU","Vanuatu",2001,3.32e+08
"VU","Vanuatu",2002,3.38e+08
"VU","Vanuatu",2003,4.05e+08
"VU","Vanuatu",2004,4.7e+08
"VU","Vanuatu",2005,5.08e+08
"VU","Vanuatu",2006,5.62e+08
"VU","Vanuatu",2007,6.77e+08
"VU","Vanuatu",2008,7.82e+08
"VU","Vanuatu",2009,7.85e+08
"VU","Vanuatu",2010,9.02e+08
"VU","Vanuatu",2011,1.02e+09
"VU","Vanuatu",2012,1.01e+09
"VU","Vanuatu",2013,1.07e+09
"VE","Venezuela",2000,4.77e+11
"VE","Venezuela",2001,5.01e+11
"VE","Venezuela",2002,3.78e+11
"VE","Venezuela",2003,3.41e+11
"VE","Venezuela",2004,4.56e+11
"VE","Venezuela",2005,5.95e+11
"VE","Venezuela",2006,7.46e+11
"VE","Venezuela",2007,9.37e+11
"VE","Venezuela",2008,1.29e+12
"VE","Venezuela",2009,1.34e+12
"VE","Venezuela",2010,1.61e+12
"VE","Venezuela",2011,1.29e+12
"VE","Venezuela",2012,1.55e+12
"VE","Venezuela",2013,1.78e+12
"VN","Viet Nam",2000,7.86e+10
"VN","Viet Nam",2001,8.25e+10
"VN","Viet Nam",2002,8.87e+10
"VN","Viet Nam",2003,9.99e+10
"VN","Viet Nam",2004,1.16e+11
"VN","Viet Nam",2005,1.35e+11
"VN","Viet Nam",2006,1.55e+11
"VN","Viet Nam",2007,1.81e+11
"VN","Viet Nam",2008,2.32e+11
"VN","Viet Nam",2009,2.48e+11
"VN","Viet Nam",2010,2.71e+11
"VN","Viet Nam",2011,3.18e+11
"VN","Viet Nam",2012,3.65e+11
"VN","Viet Nam",2013,4e+11
"VI","Virgin Islands (US)",2000,
"VI","Virgin Islands (US)",2001,
"VI","Virgin Islands (US)",2002,
"VI","Virgin Islands (US)",2003,
"VI","Virgin Islands (US)",2004,
"VI","Virgin Islands (US)",2005,
"VI","Virgin Islands (US)",2006,
"VI","Virgin Islands (US)",2007,
"VI","Virgin Islands (US)",2008,
"VI","Virgin Islands (US)",2009,
"VI","Virgin Islands (US)",2010,
"VI","Virgin Islands (US)",2011,
"VI","Virgin Islands (US)",2012,
"VI","Virgin Islands (US)",2013,
"YE","Yemen",2000,2.06e+10
"YE","Yemen",2001,2.11e+10
"YE","Yemen",2002,2.29e+10
"YE","Yemen",2003,2.52e+10
"YE","Yemen",2004,2.97e+10
"YE","Yemen",2005,3.59e+10
"YE","Yemen",2006,4.08e+10
"YE","Yemen",2007,5.49e+10
"YE","Yemen",2008,6.51e+10
"YE","Yemen",2009,5.96e+10
"YE","Yemen",2010,6.79e+10
"YE","Yemen",2011,6.25e+10
"YE","Yemen",2012,6.85e+10
"YE","Yemen",2013,7.7e+10
"ZM","Zambia",2000,7.21e+09
"ZM","Zambia",2001,8.2e+09
"ZM","Zambia",2002,8.4e+09
"ZM","Zambia",2003,9.82e+09
"ZM","Zambia",2004,1.25e+10
"ZM","Zambia",2005,1.67e+10
"ZM","Zambia",2006,2.55e+10
"ZM","Zambia",2007,2.81e+10
"ZM","Zambia",2008,3.59e+10
"ZM","Zambia",2009,3.07e+10
"ZM","Zambia",2010,4.06e+10
"ZM","Zambia",2011,4.75e+10
"ZM","Zambia",2012,4.99e+10
"ZM","Zambia",2013,5.37e+10
"ZW","Zimbabwe",2000,9.33e+09
"ZW","Zimbabwe",2001,9.45e+09
"ZW","Zimbabwe",2002,8.84e+09
"ZW","Zimbabwe",2003,7.99e+09
"ZW","Zimbabwe",2004,8.1e+09
"ZW","Zimbabwe",2005,8.03e+09
"ZW","Zimbabwe",2006,7.59e+09
"ZW","Zimbabwe",2007,7.38e+09
"ZW","Zimbabwe",2008,6.16e+09
"ZW","Zimbabwe",2009,1.14e+10
"ZW","Zimbabwe",2010,1.32e+10
"ZW","Zimbabwe",2011,1.53e+10
"ZW","Zimbabwe",2012,1.74e+10
"ZW","Zimbabwe",2013,1.88e+10
