"id","entity-name","year","value","original-value"
"AF","Afghanistan",2000,,
"AF","Afghanistan",2001,,
"AF","Afghanistan",2002,,
"AF","Afghanistan",2003,,
"AF","Afghanistan",2004,,
"AF","Afghanistan",2005,,
"AF","Afghanistan",2006,,
"AF","Afghanistan",2007,,
"AF","Afghanistan",2008,,
"AF","Afghanistan",2009,,
"AF","Afghanistan",2010,,
"AF","Afghanistan",2011,46.99005127,46.99005127
"AF","Afghanistan",2012,,
"AF","Afghanistan",2013,,
"AL","Albania",2000,,
"AL","Albania",2001,99.43515015,99.43515015
"AL","Albania",2002,99.3488725971,
"AL","Albania",2003,99.2625950443,
"AL","Albania",2004,99.1763174914,
"AL","Albania",2005,99.0900399386,
"AL","Albania",2006,99.0037623857,
"AL","Albania",2007,98.9174848329,
"AL","Albania",2008,98.83120728,98.83120728
"AL","Albania",2009,98.8178685533,
"AL","Albania",2010,98.8045298267,
"AL","Albania",2011,98.7911911,98.7911911
"AL","Albania",2012,,
"AL","Albania",2013,,
"DZ","Algeria",2000,,
"DZ","Algeria",2001,,
"DZ","Algeria",2002,90.13720703,90.13720703
"DZ","Algeria",2003,90.5478153225,
"DZ","Algeria",2004,90.958423615,
"DZ","Algeria",2005,91.3690319075,
"DZ","Algeria",2006,91.7796402,91.7796402
"DZ","Algeria",2007,,
"DZ","Algeria",2008,,
"DZ","Algeria",2009,,
"DZ","Algeria",2010,,
"DZ","Algeria",2011,,
"DZ","Algeria",2012,,
"DZ","Algeria",2013,,
"AS","American Samoa",2000,,
"AS","American Samoa",2001,,
"AS","American Samoa",2002,,
"AS","American Samoa",2003,,
"AS","American Samoa",2004,,
"AS","American Samoa",2005,,
"AS","American Samoa",2006,,
"AS","American Samoa",2007,,
"AS","American Samoa",2008,,
"AS","American Samoa",2009,,
"AS","American Samoa",2010,,
"AS","American Samoa",2011,,
"AS","American Samoa",2012,,
"AS","American Samoa",2013,,
"AD","Andorra",2000,,
"AD","Andorra",2001,,
"AD","Andorra",2002,,
"AD","Andorra",2003,,
"AD","Andorra",2004,,
"AD","Andorra",2005,,
"AD","Andorra",2006,,
"AD","Andorra",2007,,
"AD","Andorra",2008,,
"AD","Andorra",2009,,
"AD","Andorra",2010,,
"AD","Andorra",2011,,
"AD","Andorra",2012,,
"AD","Andorra",2013,,
"AO","Angola",2000,,
"AO","Angola",2001,72.19448853,72.19448853
"AO","Angola",2002,72.2684222173,
"AO","Angola",2003,72.3423559045,
"AO","Angola",2004,72.4162895918,
"AO","Angola",2005,72.4902232791,
"AO","Angola",2006,72.5641569664,
"AO","Angola",2007,72.6380906536,
"AO","Angola",2008,72.7120243409,
"AO","Angola",2009,72.7859580282,
"AO","Angola",2010,72.8598917155,
"AO","Angola",2011,72.9338254027,
"AO","Angola",2012,73.00775909,73.00775909
"AO","Angola",2013,,
"AG","Antigua & Barbuda",2000,,
"AG","Antigua & Barbuda",2001,,
"AG","Antigua & Barbuda",2002,,
"AG","Antigua & Barbuda",2003,,
"AG","Antigua & Barbuda",2004,,
"AG","Antigua & Barbuda",2005,,
"AG","Antigua & Barbuda",2006,,
"AG","Antigua & Barbuda",2007,,
"AG","Antigua & Barbuda",2008,,
"AG","Antigua & Barbuda",2009,,
"AG","Antigua & Barbuda",2010,,
"AG","Antigua & Barbuda",2011,,
"AG","Antigua & Barbuda",2012,,
"AG","Antigua & Barbuda",2013,,
"AR","Argentina",2000,,
"AR","Argentina",2001,98.91665649,98.91665649
"AR","Argentina",2002,98.9459068955,
"AR","Argentina",2003,98.9751573009,
"AR","Argentina",2004,99.0044077064,
"AR","Argentina",2005,99.0336581118,
"AR","Argentina",2006,99.0629085173,
"AR","Argentina",2007,99.0921589227,
"AR","Argentina",2008,99.1214093282,
"AR","Argentina",2009,99.1506597336,
"AR","Argentina",2010,99.1799101391,
"AR","Argentina",2011,99.2091605445,
"AR","Argentina",2012,99.23841095,99.23841095
"AR","Argentina",2013,,
"AM","Armenia",2000,,
"AM","Armenia",2001,99.80728149,99.80728149
"AM","Armenia",2002,99.8016565455,
"AM","Armenia",2003,99.7960316009,
"AM","Armenia",2004,99.7904066564,
"AM","Armenia",2005,99.7847817118,
"AM","Armenia",2006,99.7791567673,
"AM","Armenia",2007,99.7735318227,
"AM","Armenia",2008,99.7679068782,
"AM","Armenia",2009,99.7622819336,
"AM","Armenia",2010,99.7566569891,
"AM","Armenia",2011,99.7510320445,
"AM","Armenia",2012,99.7454071,99.7454071
"AM","Armenia",2013,,
"AW","Aruba",2000,99.02641296,99.02641296
"AW","Aruba",2001,99.037612912,
"AW","Aruba",2002,99.048812864,
"AW","Aruba",2003,99.060012816,
"AW","Aruba",2004,99.071212768,
"AW","Aruba",2005,99.08241272,
"AW","Aruba",2006,99.093612672,
"AW","Aruba",2007,99.104812624,
"AW","Aruba",2008,99.116012576,
"AW","Aruba",2009,99.127212528,
"AW","Aruba",2010,99.13841248,99.13841248
"AW","Aruba",2011,,
"AW","Aruba",2012,,
"AW","Aruba",2013,,
"AU","Australia",2000,,
"AU","Australia",2001,,
"AU","Australia",2002,,
"AU","Australia",2003,,
"AU","Australia",2004,,
"AU","Australia",2005,,
"AU","Australia",2006,,
"AU","Australia",2007,,
"AU","Australia",2008,,
"AU","Australia",2009,,
"AU","Australia",2010,,
"AU","Australia",2011,,
"AU","Australia",2012,,
"AU","Australia",2013,,
"AT","Austria",2000,,
"AT","Austria",2001,,
"AT","Austria",2002,,
"AT","Austria",2003,,
"AT","Austria",2004,,
"AT","Austria",2005,,
"AT","Austria",2006,,
"AT","Austria",2007,,
"AT","Austria",2008,,
"AT","Austria",2009,,
"AT","Austria",2010,,
"AT","Austria",2011,,
"AT","Austria",2012,,
"AT","Austria",2013,,
"AZ","Azerbaijan",2000,,
"AZ","Azerbaijan",2001,,
"AZ","Azerbaijan",2002,,
"AZ","Azerbaijan",2003,,
"AZ","Azerbaijan",2004,,
"AZ","Azerbaijan",2005,,
"AZ","Azerbaijan",2006,,
"AZ","Azerbaijan",2007,100,100
"AZ","Azerbaijan",2008,99.975646975,
"AZ","Azerbaijan",2009,99.95129395,99.95129395
"AZ","Azerbaijan",2010,99.95059967,99.95059967
"AZ","Azerbaijan",2011,99.94409943,99.94409943
"AZ","Azerbaijan",2012,99.93675232,99.93675232
"AZ","Azerbaijan",2013,,
"BS","Bahamas",2000,,
"BS","Bahamas",2001,,
"BS","Bahamas",2002,,
"BS","Bahamas",2003,,
"BS","Bahamas",2004,,
"BS","Bahamas",2005,,
"BS","Bahamas",2006,,
"BS","Bahamas",2007,,
"BS","Bahamas",2008,,
"BS","Bahamas",2009,,
"BS","Bahamas",2010,,
"BS","Bahamas",2011,,
"BS","Bahamas",2012,,
"BS","Bahamas",2013,,
"BH","Bahrain",2000,,
"BH","Bahrain",2001,97.02471161,97.02471161
"BH","Bahrain",2002,97.1512544433,
"BH","Bahrain",2003,97.2777972767,
"BH","Bahrain",2004,97.40434011,
"BH","Bahrain",2005,97.5308829433,
"BH","Bahrain",2006,97.6574257767,
"BH","Bahrain",2007,97.78396861,
"BH","Bahrain",2008,97.9105114433,
"BH","Bahrain",2009,98.0370542767,
"BH","Bahrain",2010,98.16359711,98.16359711
"BH","Bahrain",2011,,
"BH","Bahrain",2012,,
"BH","Bahrain",2013,,
"BD","Bangladesh",2000,,
"BD","Bangladesh",2001,63.62273407,63.62273407
"BD","Bangladesh",2002,65.1060700855,
"BD","Bangladesh",2003,66.5894061009,
"BD","Bangladesh",2004,68.0727421164,
"BD","Bangladesh",2005,69.5560781318,
"BD","Bangladesh",2006,71.0394141473,
"BD","Bangladesh",2007,72.5227501627,
"BD","Bangladesh",2008,74.0060861782,
"BD","Bangladesh",2009,75.4894221936,
"BD","Bangladesh",2010,76.9727582091,
"BD","Bangladesh",2011,78.4560942245,
"BD","Bangladesh",2012,79.93943024,79.93943024
"BD","Bangladesh",2013,,
"BB","Barbados",2000,,
"BB","Barbados",2001,,
"BB","Barbados",2002,,
"BB","Barbados",2003,,
"BB","Barbados",2004,,
"BB","Barbados",2005,,
"BB","Barbados",2006,,
"BB","Barbados",2007,,
"BB","Barbados",2008,,
"BB","Barbados",2009,,
"BB","Barbados",2010,,
"BB","Barbados",2011,,
"BB","Barbados",2012,,
"BB","Barbados",2013,,
"BY","Belarus",2000,,
"BY","Belarus",2001,,
"BY","Belarus",2002,,
"BY","Belarus",2003,,
"BY","Belarus",2004,,
"BY","Belarus",2005,,
"BY","Belarus",2006,,
"BY","Belarus",2007,,
"BY","Belarus",2008,,
"BY","Belarus",2009,99.82321167,99.82321167
"BY","Belarus",2010,,
"BY","Belarus",2011,,
"BY","Belarus",2012,,
"BY","Belarus",2013,,
"BE","Belgium",2000,,
"BE","Belgium",2001,,
"BE","Belgium",2002,,
"BE","Belgium",2003,,
"BE","Belgium",2004,,
"BE","Belgium",2005,,
"BE","Belgium",2006,,
"BE","Belgium",2007,,
"BE","Belgium",2008,,
"BE","Belgium",2009,,
"BE","Belgium",2010,,
"BE","Belgium",2011,,
"BE","Belgium",2012,,
"BE","Belgium",2013,,
"BZ","Belize",2000,,
"BZ","Belize",2001,,
"BZ","Belize",2002,,
"BZ","Belize",2003,,
"BZ","Belize",2004,,
"BZ","Belize",2005,,
"BZ","Belize",2006,,
"BZ","Belize",2007,,
"BZ","Belize",2008,,
"BZ","Belize",2009,,
"BZ","Belize",2010,,
"BZ","Belize",2011,,
"BZ","Belize",2012,,
"BZ","Belize",2013,,
"BJ","Benin",2000,,
"BJ","Benin",2001,,
"BJ","Benin",2002,45.30962372,45.30962372
"BJ","Benin",2003,44.5728940975,
"BJ","Benin",2004,43.836164475,
"BJ","Benin",2005,43.0994348525,
"BJ","Benin",2006,42.36270523,42.36270523
"BJ","Benin",2007,,
"BJ","Benin",2008,,
"BJ","Benin",2009,,
"BJ","Benin",2010,,
"BJ","Benin",2011,,
"BJ","Benin",2012,,
"BJ","Benin",2013,,
"BM","Bermuda",2000,,
"BM","Bermuda",2001,,
"BM","Bermuda",2002,,
"BM","Bermuda",2003,,
"BM","Bermuda",2004,,
"BM","Bermuda",2005,,
"BM","Bermuda",2006,,
"BM","Bermuda",2007,,
"BM","Bermuda",2008,,
"BM","Bermuda",2009,,
"BM","Bermuda",2010,,
"BM","Bermuda",2011,,
"BM","Bermuda",2012,,
"BM","Bermuda",2013,,
"BT","Bhutan",2000,,
"BT","Bhutan",2001,,
"BT","Bhutan",2002,,
"BT","Bhutan",2003,,
"BT","Bhutan",2004,,
"BT","Bhutan",2005,74.40520477,74.40520477
"BT","Bhutan",2006,,
"BT","Bhutan",2007,,
"BT","Bhutan",2008,,
"BT","Bhutan",2009,,
"BT","Bhutan",2010,,
"BT","Bhutan",2011,,
"BT","Bhutan",2012,,
"BT","Bhutan",2013,,
"BO","Bolivia ",2000,,
"BO","Bolivia ",2001,97.32378387,97.32378387
"BO","Bolivia ",2002,97.6767133033,
"BO","Bolivia ",2003,98.0296427367,
"BO","Bolivia ",2004,98.38257217,
"BO","Bolivia ",2005,98.7355016033,
"BO","Bolivia ",2006,99.0884310367,
"BO","Bolivia ",2007,99.44136047,99.44136047
"BO","Bolivia ",2008,99.12249756,99.12249756
"BO","Bolivia ",2009,99.38397217,99.38397217
"BO","Bolivia ",2010,99.195747375,
"BO","Bolivia ",2011,99.00752258,99.00752258
"BO","Bolivia ",2012,98.99588776,98.99588776
"BO","Bolivia ",2013,,
"BA","Bosnia & Herzegovina",2000,99.79393005,99.79393005
"BA","Bosnia & Herzegovina",2001,99.7846933967,
"BA","Bosnia & Herzegovina",2002,99.7754567433,
"BA","Bosnia & Herzegovina",2003,99.76622009,
"BA","Bosnia & Herzegovina",2004,99.7569834367,
"BA","Bosnia & Herzegovina",2005,99.7477467833,
"BA","Bosnia & Herzegovina",2006,99.73851013,
"BA","Bosnia & Herzegovina",2007,99.7292734767,
"BA","Bosnia & Herzegovina",2008,99.7200368233,
"BA","Bosnia & Herzegovina",2009,99.71080017,
"BA","Bosnia & Herzegovina",2010,99.7015635167,
"BA","Bosnia & Herzegovina",2011,99.6923268633,
"BA","Bosnia & Herzegovina",2012,99.68309021,99.68309021
"BA","Bosnia & Herzegovina",2013,,
"BW","Botswana",2000,,
"BW","Botswana",2001,,
"BW","Botswana",2002,,
"BW","Botswana",2003,93.95744324,93.95744324
"BW","Botswana",2004,94.1885494678,
"BW","Botswana",2005,94.4196556956,
"BW","Botswana",2006,94.6507619233,
"BW","Botswana",2007,94.8818681511,
"BW","Botswana",2008,95.1129743789,
"BW","Botswana",2009,95.3440806067,
"BW","Botswana",2010,95.5751868344,
"BW","Botswana",2011,95.8062930622,
"BW","Botswana",2012,96.03739929,96.03739929
"BW","Botswana",2013,,
"BR","Brazil",2000,94.18411255,94.18411255
"BR","Brazil",2001,94.849048615,
"BR","Brazil",2002,95.51398468,
"BR","Brazil",2003,96.178920745,
"BR","Brazil",2004,96.84385681,96.84385681
"BR","Brazil",2005,97.213077545,
"BR","Brazil",2006,97.58229828,97.58229828
"BR","Brazil",2007,97.80062866,97.80062866
"BR","Brazil",2008,97.84362793,97.84362793
"BR","Brazil",2009,98.0655365,98.0655365
"BR","Brazil",2010,97.51412201,97.51412201
"BR","Brazil",2011,98.48691559,98.48691559
"BR","Brazil",2012,98.6166153,98.6166153
"BR","Brazil",2013,,
"BN","Brunei",2000,,
"BN","Brunei",2001,98.89378357,98.89378357
"BN","Brunei",2002,98.9744096245,
"BN","Brunei",2003,99.0550356791,
"BN","Brunei",2004,99.1356617336,
"BN","Brunei",2005,99.2162877882,
"BN","Brunei",2006,99.2969138427,
"BN","Brunei",2007,99.3775398973,
"BN","Brunei",2008,99.4581659518,
"BN","Brunei",2009,99.5387920064,
"BN","Brunei",2010,99.6194180609,
"BN","Brunei",2011,99.7000441155,
"BN","Brunei",2012,99.78067017,99.78067017
"BN","Brunei",2013,,
"BG","Bulgaria",2000,,
"BG","Bulgaria",2001,98.21247864,98.21247864
"BG","Bulgaria",2002,98.177735903,
"BG","Bulgaria",2003,98.142993166,
"BG","Bulgaria",2004,98.108250429,
"BG","Bulgaria",2005,98.073507692,
"BG","Bulgaria",2006,98.038764955,
"BG","Bulgaria",2007,98.004022218,
"BG","Bulgaria",2008,97.969279481,
"BG","Bulgaria",2009,97.934536744,
"BG","Bulgaria",2010,97.899794007,
"BG","Bulgaria",2011,97.86505127,97.86505127
"BG","Bulgaria",2012,,
"BG","Bulgaria",2013,,
"BF","Burkina Faso",2000,,
"BF","Burkina Faso",2001,,
"BF","Burkina Faso",2002,,
"BF","Burkina Faso",2003,31.22925949,31.22925949
"BF","Burkina Faso",2004,32.097938535,
"BF","Burkina Faso",2005,32.96661758,32.96661758
"BF","Burkina Faso",2006,32.73060226,32.73060226
"BF","Burkina Faso",2007,39.25778198,39.25778198
"BF","Burkina Faso",2008,,
"BF","Burkina Faso",2009,,
"BF","Burkina Faso",2010,,
"BF","Burkina Faso",2011,,
"BF","Burkina Faso",2012,,
"BF","Burkina Faso",2013,,
"BI","Burundi",2000,73.33005524,73.33005524
"BI","Burundi",2001,75.27459431,
"BI","Burundi",2002,77.21913338,
"BI","Burundi",2003,79.16367245,
"BI","Burundi",2004,81.10821152,
"BI","Burundi",2005,83.05275059,
"BI","Burundi",2006,84.99728966,
"BI","Burundi",2007,86.94182873,
"BI","Burundi",2008,88.8863678,88.8863678
"BI","Burundi",2009,,
"BI","Burundi",2010,,
"BI","Burundi",2011,,
"BI","Burundi",2012,,
"BI","Burundi",2013,,
"KH","Cambodia",2000,,
"KH","Cambodia",2001,,
"KH","Cambodia",2002,,
"KH","Cambodia",2003,,
"KH","Cambodia",2004,83.38286591,83.38286591
"KH","Cambodia",2005,84.40499306,
"KH","Cambodia",2006,85.42712021,
"KH","Cambodia",2007,86.44924736,
"KH","Cambodia",2008,87.47137451,87.47137451
"KH","Cambodia",2009,87.13246155,87.13246155
"KH","Cambodia",2010,,
"KH","Cambodia",2011,,
"KH","Cambodia",2012,,
"KH","Cambodia",2013,,
"CM","Cameroon",2000,83.09828949,83.09828949
"CM","Cameroon",2001,83.1036158971,
"CM","Cameroon",2002,83.1089423043,
"CM","Cameroon",2003,83.1142687114,
"CM","Cameroon",2004,83.1195951186,
"CM","Cameroon",2005,83.1249215257,
"CM","Cameroon",2006,83.1302479329,
"CM","Cameroon",2007,83.13557434,83.13557434
"CM","Cameroon",2008,82.2818628933,
"CM","Cameroon",2009,81.4281514467,
"CM","Cameroon",2010,80.57444,80.57444
"CM","Cameroon",2011,,
"CM","Cameroon",2012,,
"CM","Cameroon",2013,,
"CA","Canada",2000,,
"CA","Canada",2001,,
"CA","Canada",2002,,
"CA","Canada",2003,,
"CA","Canada",2004,,
"CA","Canada",2005,,
"CA","Canada",2006,,
"CA","Canada",2007,,
"CA","Canada",2008,,
"CA","Canada",2009,,
"CA","Canada",2010,,
"CA","Canada",2011,,
"CA","Canada",2012,,
"CA","Canada",2013,,
"CV","Cape Verde",2000,,
"CV","Cape Verde",2001,,
"CV","Cape Verde",2002,,
"CV","Cape Verde",2003,,
"CV","Cape Verde",2004,97.11495972,97.11495972
"CV","Cape Verde",2005,97.2417106663,
"CV","Cape Verde",2006,97.3684616125,
"CV","Cape Verde",2007,97.4952125588,
"CV","Cape Verde",2008,97.621963505,
"CV","Cape Verde",2009,97.7487144513,
"CV","Cape Verde",2010,97.8754653975,
"CV","Cape Verde",2011,98.0022163438,
"CV","Cape Verde",2012,98.12896729,98.12896729
"CV","Cape Verde",2013,,
"CF","CAR",2000,60.8070488,60.8070488
"CF","CAR",2001,58.361970904,
"CF","CAR",2002,55.916893008,
"CF","CAR",2003,53.471815112,
"CF","CAR",2004,51.026737216,
"CF","CAR",2005,48.58165932,
"CF","CAR",2006,46.136581424,
"CF","CAR",2007,43.691503528,
"CF","CAR",2008,41.246425632,
"CF","CAR",2009,38.801347736,
"CF","CAR",2010,36.35626984,36.35626984
"CF","CAR",2011,,
"CF","CAR",2012,,
"CF","CAR",2013,,
"KY","Cayman Islands",2000,,
"KY","Cayman Islands",2001,,
"KY","Cayman Islands",2002,,
"KY","Cayman Islands",2003,,
"KY","Cayman Islands",2004,,
"KY","Cayman Islands",2005,,
"KY","Cayman Islands",2006,,
"KY","Cayman Islands",2007,98.9068222,98.9068222
"KY","Cayman Islands",2008,,
"KY","Cayman Islands",2009,,
"KY","Cayman Islands",2010,,
"KY","Cayman Islands",2011,,
"KY","Cayman Islands",2012,,
"KY","Cayman Islands",2013,,
"TD","Chad",2000,37.55735397,37.55735397
"TD","Chad",2001,38.58629608,
"TD","Chad",2002,39.61523819,
"TD","Chad",2003,40.6441803,
"TD","Chad",2004,41.67312241,41.67312241
"TD","Chad",2005,42.579023365,
"TD","Chad",2006,43.48492432,
"TD","Chad",2007,44.390825275,
"TD","Chad",2008,45.29672623,
"TD","Chad",2009,46.202627185,
"TD","Chad",2010,47.10852814,
"TD","Chad",2011,48.014429095,
"TD","Chad",2012,48.92033005,48.92033005
"TD","Chad",2013,,
"CL","Chile",2000,,
"CL","Chile",2001,,
"CL","Chile",2002,98.99098206,98.99098206
"CL","Chile",2003,99.0180816683,
"CL","Chile",2004,99.0451812767,
"CL","Chile",2005,99.072280885,
"CL","Chile",2006,99.0993804933,
"CL","Chile",2007,99.1264801017,
"CL","Chile",2008,99.15357971,99.15357971
"CL","Chile",2009,98.87237549,98.87237549
"CL","Chile",2010,,
"CL","Chile",2011,,
"CL","Chile",2012,,
"CL","Chile",2013,,
"CN","China",2000,98.8587265,98.8587265
"CN","China",2001,98.937082671,
"CN","China",2002,99.015438842,
"CN","China",2003,99.093795013,
"CN","China",2004,99.172151184,
"CN","China",2005,99.250507355,
"CN","China",2006,99.328863526,
"CN","China",2007,99.407219697,
"CN","China",2008,99.485575868,
"CN","China",2009,99.563932039,
"CN","China",2010,99.64228821,99.64228821
"CN","China",2011,,
"CN","China",2012,,
"CN","China",2013,,
"CO","Colombia",2000,,
"CO","Colombia",2001,,
"CO","Colombia",2002,,
"CO","Colombia",2003,,
"CO","Colombia",2004,97.99131012,97.99131012
"CO","Colombia",2005,97.95840454,97.95840454
"CO","Colombia",2006,97.88317108,97.88317108
"CO","Colombia",2007,97.96862793,97.96862793
"CO","Colombia",2008,97.98927307,97.98927307
"CO","Colombia",2009,97.93743134,97.93743134
"CO","Colombia",2010,98.09841919,98.09841919
"CO","Colombia",2011,98.23937225,98.23937225
"CO","Colombia",2012,,
"CO","Colombia",2013,,
"KM","Comoros",2000,80.1857605,80.1857605
"KM","Comoros",2001,80.7048079192,
"KM","Comoros",2002,81.2238553383,
"KM","Comoros",2003,81.7429027575,
"KM","Comoros",2004,82.2619501767,
"KM","Comoros",2005,82.7809975958,
"KM","Comoros",2006,83.300045015,
"KM","Comoros",2007,83.8190924342,
"KM","Comoros",2008,84.3381398533,
"KM","Comoros",2009,84.8571872725,
"KM","Comoros",2010,85.3762346917,
"KM","Comoros",2011,85.8952821108,
"KM","Comoros",2012,86.41432953,86.41432953
"KM","Comoros",2013,,
"CG","Congo",2000,,
"CG","Congo",2001,,
"CG","Congo",2002,,
"CG","Congo",2003,,
"CG","Congo",2004,,
"CG","Congo",2005,,
"CG","Congo",2006,,
"CG","Congo",2007,,
"CG","Congo",2008,,
"CG","Congo",2009,,
"CG","Congo",2010,,
"CG","Congo",2011,80.91394806,80.91394806
"CG","Congo",2012,,
"CG","Congo",2013,,
"CR","Costa Rica",2000,97.61469269,97.61469269
"CR","Costa Rica",2001,97.7527847309,
"CR","Costa Rica",2002,97.8908767718,
"CR","Costa Rica",2003,98.0289688127,
"CR","Costa Rica",2004,98.1670608536,
"CR","Costa Rica",2005,98.3051528945,
"CR","Costa Rica",2006,98.4432449355,
"CR","Costa Rica",2007,98.5813369764,
"CR","Costa Rica",2008,98.7194290173,
"CR","Costa Rica",2009,98.8575210582,
"CR","Costa Rica",2010,98.9956130991,
"CR","Costa Rica",2011,99.13370514,99.13370514
"CR","Costa Rica",2012,,
"CR","Costa Rica",2013,,
"CI","Cote d'Ivoire",2000,60.7236557,60.7236557
"CI","Cote d'Ivoire",2001,59.6891810092,
"CI","Cote d'Ivoire",2002,58.6547063183,
"CI","Cote d'Ivoire",2003,57.6202316275,
"CI","Cote d'Ivoire",2004,56.5857569367,
"CI","Cote d'Ivoire",2005,55.5512822458,
"CI","Cote d'Ivoire",2006,54.516807555,
"CI","Cote d'Ivoire",2007,53.4823328642,
"CI","Cote d'Ivoire",2008,52.4478581733,
"CI","Cote d'Ivoire",2009,51.4133834825,
"CI","Cote d'Ivoire",2010,50.3789087917,
"CI","Cote d'Ivoire",2011,49.3444341008,
"CI","Cote d'Ivoire",2012,48.30995941,48.30995941
"CI","Cote d'Ivoire",2013,,
"HR","Croatia",2000,,
"HR","Croatia",2001,99.64864349,99.64864349
"HR","Croatia",2002,99.656141659,
"HR","Croatia",2003,99.663639828,
"HR","Croatia",2004,99.671137997,
"HR","Croatia",2005,99.678636166,
"HR","Croatia",2006,99.686134335,
"HR","Croatia",2007,99.693632504,
"HR","Croatia",2008,99.701130673,
"HR","Croatia",2009,99.708628842,
"HR","Croatia",2010,99.716127011,
"HR","Croatia",2011,99.72362518,99.72362518
"HR","Croatia",2012,,
"HR","Croatia",2013,,
"CU","Cuba",2000,,
"CU","Cuba",2001,,
"CU","Cuba",2002,99.95560455,99.95560455
"CU","Cuba",2003,99.958676908,
"CU","Cuba",2004,99.961749266,
"CU","Cuba",2005,99.964821624,
"CU","Cuba",2006,99.967893982,
"CU","Cuba",2007,99.97096634,
"CU","Cuba",2008,99.974038698,
"CU","Cuba",2009,99.977111056,
"CU","Cuba",2010,99.980183414,
"CU","Cuba",2011,99.983255772,
"CU","Cuba",2012,99.98632813,99.98632813
"CU","Cuba",2013,,
"CW","Curacao",2000,,
"CW","Curacao",2001,,
"CW","Curacao",2002,,
"CW","Curacao",2003,,
"CW","Curacao",2004,,
"CW","Curacao",2005,,
"CW","Curacao",2006,,
"CW","Curacao",2007,,
"CW","Curacao",2008,,
"CW","Curacao",2009,,
"CW","Curacao",2010,,
"CW","Curacao",2011,,
"CW","Curacao",2012,,
"CW","Curacao",2013,,
"CY","Cyprus",2000,,
"CY","Cyprus",2001,99.77493286,99.77493286
"CY","Cyprus",2002,99.779537963,
"CY","Cyprus",2003,99.784143066,
"CY","Cyprus",2004,99.788748169,
"CY","Cyprus",2005,99.793353272,
"CY","Cyprus",2006,99.797958375,
"CY","Cyprus",2007,99.802563478,
"CY","Cyprus",2008,99.807168581,
"CY","Cyprus",2009,99.811773684,
"CY","Cyprus",2010,99.816378787,
"CY","Cyprus",2011,99.82098389,99.82098389
"CY","Cyprus",2012,,
"CY","Cyprus",2013,,
"CZ","Czech Republic",2000,,
"CZ","Czech Republic",2001,,
"CZ","Czech Republic",2002,,
"CZ","Czech Republic",2003,,
"CZ","Czech Republic",2004,,
"CZ","Czech Republic",2005,,
"CZ","Czech Republic",2006,,
"CZ","Czech Republic",2007,,
"CZ","Czech Republic",2008,,
"CZ","Czech Republic",2009,,
"CZ","Czech Republic",2010,,
"CZ","Czech Republic",2011,,
"CZ","Czech Republic",2012,,
"CZ","Czech Republic",2013,,
"DK","Denmark",2000,,
"DK","Denmark",2001,,
"DK","Denmark",2002,,
"DK","Denmark",2003,,
"DK","Denmark",2004,,
"DK","Denmark",2005,,
"DK","Denmark",2006,,
"DK","Denmark",2007,,
"DK","Denmark",2008,,
"DK","Denmark",2009,,
"DK","Denmark",2010,,
"DK","Denmark",2011,,
"DK","Denmark",2012,,
"DK","Denmark",2013,,
"DJ","Djibouti",2000,,
"DJ","Djibouti",2001,,
"DJ","Djibouti",2002,,
"DJ","Djibouti",2003,,
"DJ","Djibouti",2004,,
"DJ","Djibouti",2005,,
"DJ","Djibouti",2006,,
"DJ","Djibouti",2007,,
"DJ","Djibouti",2008,,
"DJ","Djibouti",2009,,
"DJ","Djibouti",2010,,
"DJ","Djibouti",2011,,
"DJ","Djibouti",2012,,
"DJ","Djibouti",2013,,
"DM","Dominica",2000,,
"DM","Dominica",2001,,
"DM","Dominica",2002,,
"DM","Dominica",2003,,
"DM","Dominica",2004,,
"DM","Dominica",2005,,
"DM","Dominica",2006,,
"DM","Dominica",2007,,
"DM","Dominica",2008,,
"DM","Dominica",2009,,
"DM","Dominica",2010,,
"DM","Dominica",2011,,
"DM","Dominica",2012,,
"DM","Dominica",2013,,
"DO","Dominican Republic",2000,,
"DO","Dominican Republic",2001,,
"DO","Dominican Republic",2002,94.21757507,94.21757507
"DO","Dominican Republic",2003,94.531433102,
"DO","Dominican Republic",2004,94.845291134,
"DO","Dominican Republic",2005,95.159149166,
"DO","Dominican Republic",2006,95.473007198,
"DO","Dominican Republic",2007,95.78686523,95.78686523
"DO","Dominican Republic",2008,96.1264928167,
"DO","Dominican Republic",2009,96.4661204033,
"DO","Dominican Republic",2010,96.80574799,96.80574799
"DO","Dominican Republic",2011,97.04190826,97.04190826
"DO","Dominican Republic",2012,97.02388763,97.02388763
"DO","Dominican Republic",2013,97.472435,97.472435
"CD","DRC",2000,,
"CD","DRC",2001,70.41625977,70.41625977
"CD","DRC",2002,69.6429710417,
"CD","DRC",2003,68.8696823133,
"CD","DRC",2004,68.096393585,
"CD","DRC",2005,67.3231048567,
"CD","DRC",2006,66.5498161283,
"CD","DRC",2007,65.7765274,65.7765274
"CD","DRC",2008,,
"CD","DRC",2009,,
"CD","DRC",2010,,
"CD","DRC",2011,,
"CD","DRC",2012,,
"CD","DRC",2013,,
"EC","Ecuador",2000,,
"EC","Ecuador",2001,96.43721008,96.43721008
"EC","Ecuador",2002,96.2690035483,
"EC","Ecuador",2003,96.1007970167,
"EC","Ecuador",2004,95.932590485,
"EC","Ecuador",2005,95.7643839533,
"EC","Ecuador",2006,95.5961774217,
"EC","Ecuador",2007,95.42797089,95.42797089
"EC","Ecuador",2008,96.129535675,
"EC","Ecuador",2009,96.83110046,96.83110046
"EC","Ecuador",2010,98.65270233,98.65270233
"EC","Ecuador",2011,98.69483948,98.69483948
"EC","Ecuador",2012,98.83163452,98.83163452
"EC","Ecuador",2013,98.60463715,98.60463715
"EG","Egypt",2000,,
"EG","Egypt",2001,,
"EG","Egypt",2002,,
"EG","Egypt",2003,,
"EG","Egypt",2004,,
"EG","Egypt",2005,84.93289948,84.93289948
"EG","Egypt",2006,84.87827301,84.87827301
"EG","Egypt",2007,85.53611374,
"EG","Egypt",2008,86.19395447,
"EG","Egypt",2009,86.8517952,
"EG","Egypt",2010,87.50963593,87.50963593
"EG","Egypt",2011,88.39577866,
"EG","Egypt",2012,89.28192139,89.28192139
"EG","Egypt",2013,,
"SV","El Salvador",2000,,
"SV","El Salvador",2001,,
"SV","El Salvador",2002,,
"SV","El Salvador",2003,,
"SV","El Salvador",2004,92.19866943,92.19866943
"SV","El Salvador",2005,93.5748291,
"SV","El Salvador",2006,94.95098877,94.95098877
"SV","El Salvador",2007,93.56494141,93.56494141
"SV","El Salvador",2008,95.95747375,95.95747375
"SV","El Salvador",2009,95.02206421,95.02206421
"SV","El Salvador",2010,96.03445435,96.03445435
"SV","El Salvador",2011,96.54508972,96.54508972
"SV","El Salvador",2012,,
"SV","El Salvador",2013,,
"GQ","Equatorial Guinea",2000,97.13137054,97.13137054
"GQ","Equatorial Guinea",2001,97.2132587392,
"GQ","Equatorial Guinea",2002,97.2951469383,
"GQ","Equatorial Guinea",2003,97.3770351375,
"GQ","Equatorial Guinea",2004,97.4589233367,
"GQ","Equatorial Guinea",2005,97.5408115358,
"GQ","Equatorial Guinea",2006,97.622699735,
"GQ","Equatorial Guinea",2007,97.7045879342,
"GQ","Equatorial Guinea",2008,97.7864761333,
"GQ","Equatorial Guinea",2009,97.8683643325,
"GQ","Equatorial Guinea",2010,97.9502525317,
"GQ","Equatorial Guinea",2011,98.0321407308,
"GQ","Equatorial Guinea",2012,98.11402893,98.11402893
"GQ","Equatorial Guinea",2013,,
"ER","Eritrea",2000,,
"ER","Eritrea",2001,,
"ER","Eritrea",2002,77.94529724,77.94529724
"ER","Eritrea",2003,79.246023558,
"ER","Eritrea",2004,80.546749876,
"ER","Eritrea",2005,81.847476194,
"ER","Eritrea",2006,83.148202512,
"ER","Eritrea",2007,84.44892883,
"ER","Eritrea",2008,85.749655148,
"ER","Eritrea",2009,87.050381466,
"ER","Eritrea",2010,88.351107784,
"ER","Eritrea",2011,89.651834102,
"ER","Eritrea",2012,90.95256042,90.95256042
"ER","Eritrea",2013,,
"EE","Estonia",2000,99.77050018,99.77050018
"EE","Estonia",2001,99.7867181927,
"EE","Estonia",2002,99.8029362055,
"EE","Estonia",2003,99.8191542182,
"EE","Estonia",2004,99.8353722309,
"EE","Estonia",2005,99.8515902436,
"EE","Estonia",2006,99.8678082564,
"EE","Estonia",2007,99.8840262691,
"EE","Estonia",2008,99.9002442818,
"EE","Estonia",2009,99.9164622945,
"EE","Estonia",2010,99.9326803073,
"EE","Estonia",2011,99.94889832,99.94889832
"EE","Estonia",2012,,
"EE","Estonia",2013,,
"ET","Ethiopia",2000,,
"ET","Ethiopia",2001,,
"ET","Ethiopia",2002,,
"ET","Ethiopia",2003,,
"ET","Ethiopia",2004,49.90000153,49.90000153
"ET","Ethiopia",2005,44.60596466,44.60596466
"ET","Ethiopia",2006,49.79447174,
"ET","Ethiopia",2007,54.98297882,54.98297882
"ET","Ethiopia",2008,,
"ET","Ethiopia",2009,,
"ET","Ethiopia",2010,,
"ET","Ethiopia",2011,,
"ET","Ethiopia",2012,,
"ET","Ethiopia",2013,,
"FO","Faroe Islands",2000,,
"FO","Faroe Islands",2001,,
"FO","Faroe Islands",2002,,
"FO","Faroe Islands",2003,,
"FO","Faroe Islands",2004,,
"FO","Faroe Islands",2005,,
"FO","Faroe Islands",2006,,
"FO","Faroe Islands",2007,,
"FO","Faroe Islands",2008,,
"FO","Faroe Islands",2009,,
"FO","Faroe Islands",2010,,
"FO","Faroe Islands",2011,,
"FO","Faroe Islands",2012,,
"FO","Faroe Islands",2013,,
"FJ","Fiji",2000,,
"FJ","Fiji",2001,,
"FJ","Fiji",2002,,
"FJ","Fiji",2003,,
"FJ","Fiji",2004,,
"FJ","Fiji",2005,,
"FJ","Fiji",2006,,
"FJ","Fiji",2007,,
"FJ","Fiji",2008,,
"FJ","Fiji",2009,,
"FJ","Fiji",2010,,
"FJ","Fiji",2011,,
"FJ","Fiji",2012,,
"FJ","Fiji",2013,,
"FI","Finland",2000,,
"FI","Finland",2001,,
"FI","Finland",2002,,
"FI","Finland",2003,,
"FI","Finland",2004,,
"FI","Finland",2005,,
"FI","Finland",2006,,
"FI","Finland",2007,,
"FI","Finland",2008,,
"FI","Finland",2009,,
"FI","Finland",2010,,
"FI","Finland",2011,,
"FI","Finland",2012,,
"FI","Finland",2013,,
"FR","France",2000,,
"FR","France",2001,,
"FR","France",2002,,
"FR","France",2003,,
"FR","France",2004,,
"FR","France",2005,,
"FR","France",2006,,
"FR","France",2007,,
"FR","France",2008,,
"FR","France",2009,,
"FR","France",2010,,
"FR","France",2011,,
"FR","France",2012,,
"FR","France",2013,,
"PF","French Polynesia",2000,,
"PF","French Polynesia",2001,,
"PF","French Polynesia",2002,,
"PF","French Polynesia",2003,,
"PF","French Polynesia",2004,,
"PF","French Polynesia",2005,,
"PF","French Polynesia",2006,,
"PF","French Polynesia",2007,,
"PF","French Polynesia",2008,,
"PF","French Polynesia",2009,,
"PF","French Polynesia",2010,,
"PF","French Polynesia",2011,,
"PF","French Polynesia",2012,,
"PF","French Polynesia",2013,,
"GA","Gabon",2000,,
"GA","Gabon",2001,,
"GA","Gabon",2002,,
"GA","Gabon",2003,,
"GA","Gabon",2004,90.85643005,90.85643005
"GA","Gabon",2005,90.5623941388,
"GA","Gabon",2006,90.2683582275,
"GA","Gabon",2007,89.9743223163,
"GA","Gabon",2008,89.680286405,
"GA","Gabon",2009,89.3862504938,
"GA","Gabon",2010,89.0922145825,
"GA","Gabon",2011,88.7981786713,
"GA","Gabon",2012,88.50414276,88.50414276
"GA","Gabon",2013,,
"GM","Gambia",2000,52.55501556,52.55501556
"GM","Gambia",2001,53.96165911,
"GM","Gambia",2002,55.36830266,
"GM","Gambia",2003,56.77494621,
"GM","Gambia",2004,58.18158976,
"GM","Gambia",2005,59.58823331,
"GM","Gambia",2006,60.99487686,
"GM","Gambia",2007,62.40152041,
"GM","Gambia",2008,63.80816396,
"GM","Gambia",2009,65.21480751,
"GM","Gambia",2010,66.62145106,
"GM","Gambia",2011,68.02809461,
"GM","Gambia",2012,69.43473816,69.43473816
"GM","Gambia",2013,,
"GE","Georgia",2000,,
"GE","Georgia",2001,,
"GE","Georgia",2002,99.82541656,99.82541656
"GE","Georgia",2003,99.822924037,
"GE","Georgia",2004,99.820431514,
"GE","Georgia",2005,99.817938991,
"GE","Georgia",2006,99.815446468,
"GE","Georgia",2007,99.812953945,
"GE","Georgia",2008,99.810461422,
"GE","Georgia",2009,99.807968899,
"GE","Georgia",2010,99.805476376,
"GE","Georgia",2011,99.802983853,
"GE","Georgia",2012,99.80049133,99.80049133
"GE","Georgia",2013,,
"DE","Germany",2000,,
"DE","Germany",2001,,
"DE","Germany",2002,,
"DE","Germany",2003,,
"DE","Germany",2004,,
"DE","Germany",2005,,
"DE","Germany",2006,,
"DE","Germany",2007,,
"DE","Germany",2008,,
"DE","Germany",2009,,
"DE","Germany",2010,,
"DE","Germany",2011,,
"DE","Germany",2012,,
"DE","Germany",2013,,
"GH","Ghana",2000,70.66306305,70.66306305
"GH","Ghana",2001,72.168371583,
"GH","Ghana",2002,73.673680116,
"GH","Ghana",2003,75.178988649,
"GH","Ghana",2004,76.684297182,
"GH","Ghana",2005,78.189605715,
"GH","Ghana",2006,79.694914248,
"GH","Ghana",2007,81.200222781,
"GH","Ghana",2008,82.705531314,
"GH","Ghana",2009,84.210839847,
"GH","Ghana",2010,85.71614838,85.71614838
"GH","Ghana",2011,,
"GH","Ghana",2012,,
"GH","Ghana",2013,,
"GR","Greece",2000,,
"GR","Greece",2001,98.9405365,98.9405365
"GR","Greece",2002,98.9803147755,
"GR","Greece",2003,99.0200930509,
"GR","Greece",2004,99.0598713264,
"GR","Greece",2005,99.0996496018,
"GR","Greece",2006,99.1394278773,
"GR","Greece",2007,99.1792061527,
"GR","Greece",2008,99.2189844282,
"GR","Greece",2009,99.2587627036,
"GR","Greece",2010,99.2985409791,
"GR","Greece",2011,99.3383192545,
"GR","Greece",2012,99.37809753,99.37809753
"GR","Greece",2013,,
"GL","Greenland",2000,,
"GL","Greenland",2001,,
"GL","Greenland",2002,,
"GL","Greenland",2003,,
"GL","Greenland",2004,,
"GL","Greenland",2005,,
"GL","Greenland",2006,,
"GL","Greenland",2007,,
"GL","Greenland",2008,,
"GL","Greenland",2009,,
"GL","Greenland",2010,,
"GL","Greenland",2011,,
"GL","Greenland",2012,,
"GL","Greenland",2013,,
"GD","Grenada",2000,,
"GD","Grenada",2001,,
"GD","Grenada",2002,,
"GD","Grenada",2003,,
"GD","Grenada",2004,,
"GD","Grenada",2005,,
"GD","Grenada",2006,,
"GD","Grenada",2007,,
"GD","Grenada",2008,,
"GD","Grenada",2009,,
"GD","Grenada",2010,,
"GD","Grenada",2011,,
"GD","Grenada",2012,,
"GD","Grenada",2013,,
"GU","Guam",2000,,
"GU","Guam",2001,,
"GU","Guam",2002,,
"GU","Guam",2003,,
"GU","Guam",2004,,
"GU","Guam",2005,,
"GU","Guam",2006,,
"GU","Guam",2007,,
"GU","Guam",2008,,
"GU","Guam",2009,,
"GU","Guam",2010,,
"GU","Guam",2011,,
"GU","Guam",2012,,
"GU","Guam",2013,,
"GT","Guatemala",2000,,
"GT","Guatemala",2001,,
"GT","Guatemala",2002,82.22026062,82.22026062
"GT","Guatemala",2003,83.363581848,
"GT","Guatemala",2004,84.506903076,
"GT","Guatemala",2005,85.650224304,
"GT","Guatemala",2006,86.793545532,
"GT","Guatemala",2007,87.93686676,
"GT","Guatemala",2008,89.080187988,
"GT","Guatemala",2009,90.223509216,
"GT","Guatemala",2010,91.366830444,
"GT","Guatemala",2011,92.510151672,
"GT","Guatemala",2012,93.6534729,93.6534729
"GT","Guatemala",2013,,
"GN","Guinea",2000,,
"GN","Guinea",2001,,
"GN","Guinea",2002,,
"GN","Guinea",2003,47.091259,47.091259
"GN","Guinea",2004,44.8505671343,
"GN","Guinea",2005,42.6098752686,
"GN","Guinea",2006,40.3691834029,
"GN","Guinea",2007,38.1284915371,
"GN","Guinea",2008,35.8877996714,
"GN","Guinea",2009,33.6471078057,
"GN","Guinea",2010,31.40641594,31.40641594
"GN","Guinea",2011,,
"GN","Guinea",2012,,
"GN","Guinea",2013,,
"GW","Guinea-Bissau",2000,59.49284744,59.49284744
"GW","Guinea-Bissau",2001,60.7247590992,
"GW","Guinea-Bissau",2002,61.9566707583,
"GW","Guinea-Bissau",2003,63.1885824175,
"GW","Guinea-Bissau",2004,64.4204940767,
"GW","Guinea-Bissau",2005,65.6524057358,
"GW","Guinea-Bissau",2006,66.884317395,
"GW","Guinea-Bissau",2007,68.1162290542,
"GW","Guinea-Bissau",2008,69.3481407133,
"GW","Guinea-Bissau",2009,70.5800523725,
"GW","Guinea-Bissau",2010,71.8119640317,
"GW","Guinea-Bissau",2011,73.0438756908,
"GW","Guinea-Bissau",2012,74.27578735,74.27578735
"GW","Guinea-Bissau",2013,,
"GY","Guyana",2000,,
"GY","Guyana",2001,,
"GY","Guyana",2002,,
"GY","Guyana",2003,,
"GY","Guyana",2004,,
"GY","Guyana",2005,,
"GY","Guyana",2006,,
"GY","Guyana",2007,,
"GY","Guyana",2008,,
"GY","Guyana",2009,93.09894562,93.09894562
"GY","Guyana",2010,,
"GY","Guyana",2011,,
"GY","Guyana",2012,,
"GY","Guyana",2013,,
"HT","Haiti",2000,,
"HT","Haiti",2001,,
"HT","Haiti",2002,,
"HT","Haiti",2003,81.61632538,81.61632538
"HT","Haiti",2004,78.5264561967,
"HT","Haiti",2005,75.4365870133,
"HT","Haiti",2006,72.34671783,72.34671783
"HT","Haiti",2007,,
"HT","Haiti",2008,,
"HT","Haiti",2009,,
"HT","Haiti",2010,,
"HT","Haiti",2011,,
"HT","Haiti",2012,,
"HT","Haiti",2013,,
"HN","Honduras",2000,,
"HN","Honduras",2001,88.94271851,88.94271851
"HN","Honduras",2002,89.772983555,
"HN","Honduras",2003,90.6032486,
"HN","Honduras",2004,91.433513645,
"HN","Honduras",2005,92.26377869,
"HN","Honduras",2006,93.094043735,
"HN","Honduras",2007,93.92430878,93.92430878
"HN","Honduras",2008,94.33310191,
"HN","Honduras",2009,94.74189504,
"HN","Honduras",2010,95.15068817,95.15068817
"HN","Honduras",2011,95.92500305,95.92500305
"HN","Honduras",2012,94.98095703,94.98095703
"HN","Honduras",2013,,
"HK","Hong Kong",2000,,
"HK","Hong Kong",2001,,
"HK","Hong Kong",2002,,
"HK","Hong Kong",2003,,
"HK","Hong Kong",2004,,
"HK","Hong Kong",2005,,
"HK","Hong Kong",2006,,
"HK","Hong Kong",2007,,
"HK","Hong Kong",2008,,
"HK","Hong Kong",2009,,
"HK","Hong Kong",2010,,
"HK","Hong Kong",2011,,
"HK","Hong Kong",2012,,
"HK","Hong Kong",2013,,
"HU","Hungary",2000,,
"HU","Hungary",2001,,
"HU","Hungary",2002,,
"HU","Hungary",2003,,
"HU","Hungary",2004,99.00203705,99.00203705
"HU","Hungary",2005,99.0500926988,
"HU","Hungary",2006,99.0981483475,
"HU","Hungary",2007,99.1462039963,
"HU","Hungary",2008,99.194259645,
"HU","Hungary",2009,99.2423152938,
"HU","Hungary",2010,99.2903709425,
"HU","Hungary",2011,99.3384265913,
"HU","Hungary",2012,99.38648224,99.38648224
"HU","Hungary",2013,,
"IS","Iceland",2000,,
"IS","Iceland",2001,,
"IS","Iceland",2002,,
"IS","Iceland",2003,,
"IS","Iceland",2004,,
"IS","Iceland",2005,,
"IS","Iceland",2006,,
"IS","Iceland",2007,,
"IS","Iceland",2008,,
"IS","Iceland",2009,,
"IS","Iceland",2010,,
"IS","Iceland",2011,,
"IS","Iceland",2012,,
"IS","Iceland",2013,,
"IN","India",2000,,
"IN","India",2001,76.42570496,76.42570496
"IN","India",2002,77.366735844,
"IN","India",2003,78.307766728,
"IN","India",2004,79.248797612,
"IN","India",2005,80.189828496,
"IN","India",2006,81.13085938,81.13085938
"IN","India",2007,,
"IN","India",2008,,
"IN","India",2009,,
"IN","India",2010,,
"IN","India",2011,,
"IN","India",2012,,
"IN","India",2013,,
"ID","Indonesia",2000,,
"ID","Indonesia",2001,,
"ID","Indonesia",2002,,
"ID","Indonesia",2003,,
"ID","Indonesia",2004,98.70545197,98.70545197
"ID","Indonesia",2005,97.678245545,
"ID","Indonesia",2006,96.65103912,96.65103912
"ID","Indonesia",2007,98.05557251,
"ID","Indonesia",2008,99.4601059,99.4601059
"ID","Indonesia",2009,99.47374725,99.47374725
"ID","Indonesia",2010,99.125873565,
"ID","Indonesia",2011,98.77799988,98.77799988
"ID","Indonesia",2012,,
"ID","Indonesia",2013,,
"IR","Iran",2000,,
"IR","Iran",2001,,
"IR","Iran",2002,93.02830505,93.02830505
"IR","Iran",2003,94.4960454267,
"IR","Iran",2004,95.9637858033,
"IR","Iran",2005,97.43152618,97.43152618
"IR","Iran",2006,96.64370728,96.64370728
"IR","Iran",2007,97.649700165,
"IR","Iran",2008,98.65569305,98.65569305
"IR","Iran",2009,98.500331875,
"IR","Iran",2010,98.3449707,
"IR","Iran",2011,98.189609525,
"IR","Iran",2012,98.03424835,98.03424835
"IR","Iran",2013,,
"IQ","Iraq",2000,84.79680634,84.79680634
"IQ","Iraq",2001,84.5768934925,
"IQ","Iraq",2002,84.356980645,
"IQ","Iraq",2003,84.1370677975,
"IQ","Iraq",2004,83.91715495,
"IQ","Iraq",2005,83.6972421025,
"IQ","Iraq",2006,83.477329255,
"IQ","Iraq",2007,83.2574164075,
"IQ","Iraq",2008,83.03750356,
"IQ","Iraq",2009,82.8175907125,
"IQ","Iraq",2010,82.597677865,
"IQ","Iraq",2011,82.3777650175,
"IQ","Iraq",2012,82.15785217,82.15785217
"IQ","Iraq",2013,,
"IE","Ireland",2000,,
"IE","Ireland",2001,,
"IE","Ireland",2002,,
"IE","Ireland",2003,,
"IE","Ireland",2004,,
"IE","Ireland",2005,,
"IE","Ireland",2006,,
"IE","Ireland",2007,,
"IE","Ireland",2008,,
"IE","Ireland",2009,,
"IE","Ireland",2010,,
"IE","Ireland",2011,,
"IE","Ireland",2012,,
"IE","Ireland",2013,,
"IL","Israel",2000,,
"IL","Israel",2001,,
"IL","Israel",2002,,
"IL","Israel",2003,,
"IL","Israel",2004,,
"IL","Israel",2005,,
"IL","Israel",2006,,
"IL","Israel",2007,,
"IL","Israel",2008,,
"IL","Israel",2009,,
"IL","Israel",2010,,
"IL","Israel",2011,99.54979706,99.54979706
"IL","Israel",2012,,
"IL","Israel",2013,,
"IT","Italy",2000,,
"IT","Italy",2001,99.81213379,99.81213379
"IT","Italy",2002,99.8217426655,
"IT","Italy",2003,99.8313515409,
"IT","Italy",2004,99.8409604164,
"IT","Italy",2005,99.8505692918,
"IT","Italy",2006,99.8601781673,
"IT","Italy",2007,99.8697870427,
"IT","Italy",2008,99.8793959182,
"IT","Italy",2009,99.8890047936,
"IT","Italy",2010,99.8986136691,
"IT","Italy",2011,99.9082225445,
"IT","Italy",2012,99.91783142,99.91783142
"IT","Italy",2013,,
"JM","Jamaica",2000,,
"JM","Jamaica",2001,,
"JM","Jamaica",2002,,
"JM","Jamaica",2003,,
"JM","Jamaica",2004,,
"JM","Jamaica",2005,,
"JM","Jamaica",2006,,
"JM","Jamaica",2007,,
"JM","Jamaica",2008,,
"JM","Jamaica",2009,,
"JM","Jamaica",2010,,
"JM","Jamaica",2011,,
"JM","Jamaica",2012,95.87226868,95.87226868
"JM","Jamaica",2013,,
"JP","Japan",2000,,
"JP","Japan",2001,,
"JP","Japan",2002,,
"JP","Japan",2003,,
"JP","Japan",2004,,
"JP","Japan",2005,,
"JP","Japan",2006,,
"JP","Japan",2007,,
"JP","Japan",2008,,
"JP","Japan",2009,,
"JP","Japan",2010,,
"JP","Japan",2011,,
"JP","Japan",2012,,
"JP","Japan",2013,,
"JO","Jordan",2000,,
"JO","Jordan",2001,,
"JO","Jordan",2002,,
"JO","Jordan",2003,99.13259125,99.13259125
"JO","Jordan",2004,99.05398941,
"JO","Jordan",2005,98.97538757,98.97538757
"JO","Jordan",2006,98.962364195,
"JO","Jordan",2007,98.94934082,98.94934082
"JO","Jordan",2008,98.88701121,
"JO","Jordan",2009,98.8246816,
"JO","Jordan",2010,98.76235199,98.76235199
"JO","Jordan",2011,99.14868164,99.14868164
"JO","Jordan",2012,99.10572052,99.10572052
"JO","Jordan",2013,,
"KZ","Kazakhstan",2000,,
"KZ","Kazakhstan",2001,,
"KZ","Kazakhstan",2002,,
"KZ","Kazakhstan",2003,,
"KZ","Kazakhstan",2004,,
"KZ","Kazakhstan",2005,,
"KZ","Kazakhstan",2006,,
"KZ","Kazakhstan",2007,,
"KZ","Kazakhstan",2008,,
"KZ","Kazakhstan",2009,99.8345108,99.8345108
"KZ","Kazakhstan",2010,,
"KZ","Kazakhstan",2011,,
"KZ","Kazakhstan",2012,,
"KZ","Kazakhstan",2013,,
"KE","Kenya",2000,92.52817535,92.52817535
"KE","Kenya",2001,91.0799320729,
"KE","Kenya",2002,89.6316887957,
"KE","Kenya",2003,88.1834455186,
"KE","Kenya",2004,86.7352022414,
"KE","Kenya",2005,85.2869589643,
"KE","Kenya",2006,83.8387156871,
"KE","Kenya",2007,82.39047241,82.39047241
"KE","Kenya",2008,,
"KE","Kenya",2009,,
"KE","Kenya",2010,,
"KE","Kenya",2011,,
"KE","Kenya",2012,,
"KE","Kenya",2013,,
"KI","Kiribati",2000,,
"KI","Kiribati",2001,,
"KI","Kiribati",2002,,
"KI","Kiribati",2003,,
"KI","Kiribati",2004,,
"KI","Kiribati",2005,,
"KI","Kiribati",2006,,
"KI","Kiribati",2007,,
"KI","Kiribati",2008,,
"KI","Kiribati",2009,,
"KI","Kiribati",2010,,
"KI","Kiribati",2011,,
"KI","Kiribati",2012,,
"KI","Kiribati",2013,,
"XK","Kosovo",2000,,
"XK","Kosovo",2001,,
"XK","Kosovo",2002,,
"XK","Kosovo",2003,,
"XK","Kosovo",2004,,
"XK","Kosovo",2005,,
"XK","Kosovo",2006,,
"XK","Kosovo",2007,,
"XK","Kosovo",2008,,
"XK","Kosovo",2009,,
"XK","Kosovo",2010,,
"XK","Kosovo",2011,,
"XK","Kosovo",2012,,
"XK","Kosovo",2013,,
"KW","Kuwait",2000,,
"KW","Kuwait",2001,,
"KW","Kuwait",2002,,
"KW","Kuwait",2003,,
"KW","Kuwait",2004,,
"KW","Kuwait",2005,99.73336792,99.73336792
"KW","Kuwait",2006,98.51216888,98.51216888
"KW","Kuwait",2007,98.44722748,98.44722748
"KW","Kuwait",2008,98.64334869,98.64334869
"KW","Kuwait",2009,98.678077695,
"KW","Kuwait",2010,98.7128067,
"KW","Kuwait",2011,98.747535705,
"KW","Kuwait",2012,98.78226471,98.78226471
"KW","Kuwait",2013,,
"KG","Kyrgyzstan",2000,,
"KG","Kyrgyzstan",2001,,
"KG","Kyrgyzstan",2002,,
"KG","Kyrgyzstan",2003,,
"KG","Kyrgyzstan",2004,,
"KG","Kyrgyzstan",2005,,
"KG","Kyrgyzstan",2006,,
"KG","Kyrgyzstan",2007,,
"KG","Kyrgyzstan",2008,,
"KG","Kyrgyzstan",2009,99.75185394,99.75185394
"KG","Kyrgyzstan",2010,,
"KG","Kyrgyzstan",2011,,
"KG","Kyrgyzstan",2012,,
"KG","Kyrgyzstan",2013,,
"LA","Lao",2000,80.59855652,80.59855652
"LA","Lao",2001,78.45798492,78.45798492
"LA","Lao",2002,79.8262538875,
"LA","Lao",2003,81.194522855,
"LA","Lao",2004,82.5627918225,
"LA","Lao",2005,83.93106079,83.93106079
"LA","Lao",2006,,
"LA","Lao",2007,,
"LA","Lao",2008,,
"LA","Lao",2009,,
"LA","Lao",2010,,
"LA","Lao",2011,,
"LA","Lao",2012,,
"LA","Lao",2013,,
"LV","Latvia",2000,99.75026703,99.75026703
"LV","Latvia",2001,99.7580094782,
"LV","Latvia",2002,99.7657519264,
"LV","Latvia",2003,99.7734943745,
"LV","Latvia",2004,99.7812368227,
"LV","Latvia",2005,99.7889792709,
"LV","Latvia",2006,99.7967217191,
"LV","Latvia",2007,99.8044641673,
"LV","Latvia",2008,99.8122066155,
"LV","Latvia",2009,99.8199490636,
"LV","Latvia",2010,99.8276915118,
"LV","Latvia",2011,99.83543396,99.83543396
"LV","Latvia",2012,,
"LV","Latvia",2013,,
"LB","Lebanon",2000,,
"LB","Lebanon",2001,,
"LB","Lebanon",2002,,
"LB","Lebanon",2003,,
"LB","Lebanon",2004,,
"LB","Lebanon",2005,,
"LB","Lebanon",2006,,
"LB","Lebanon",2007,98.71479034,98.71479034
"LB","Lebanon",2008,,
"LB","Lebanon",2009,,
"LB","Lebanon",2010,,
"LB","Lebanon",2011,,
"LB","Lebanon",2012,,
"LB","Lebanon",2013,,
"LS","Lesotho",2000,90.92690277,90.92690277
"LS","Lesotho",2001,90.0677371544,
"LS","Lesotho",2002,89.2085715389,
"LS","Lesotho",2003,88.3494059233,
"LS","Lesotho",2004,87.4902403078,
"LS","Lesotho",2005,86.6310746922,
"LS","Lesotho",2006,85.7719090767,
"LS","Lesotho",2007,84.9127434611,
"LS","Lesotho",2008,84.0535778456,
"LS","Lesotho",2009,83.19441223,83.19441223
"LS","Lesotho",2010,,
"LS","Lesotho",2011,,
"LS","Lesotho",2012,,
"LS","Lesotho",2013,,
"LR","Liberia",2000,,
"LR","Liberia",2001,,
"LR","Liberia",2002,,
"LR","Liberia",2003,,
"LR","Liberia",2004,49.15211868,49.15211868
"LR","Liberia",2005,49.12611516,
"LR","Liberia",2006,49.10011164,
"LR","Liberia",2007,49.07410812,49.07410812
"LR","Liberia",2008,,
"LR","Liberia",2009,,
"LR","Liberia",2010,,
"LR","Liberia",2011,,
"LR","Liberia",2012,,
"LR","Liberia",2013,,
"LY","Libya",2000,,
"LY","Libya",2001,,
"LY","Libya",2002,,
"LY","Libya",2003,,
"LY","Libya",2004,99.64939117,99.64939117
"LY","Libya",2005,99.6826934775,
"LY","Libya",2006,99.715995785,
"LY","Libya",2007,99.7492980925,
"LY","Libya",2008,99.7826004,
"LY","Libya",2009,99.8159027075,
"LY","Libya",2010,99.849205015,
"LY","Libya",2011,99.8825073225,
"LY","Libya",2012,99.91580963,99.91580963
"LY","Libya",2013,,
"LI","Liechtenstein",2000,,
"LI","Liechtenstein",2001,,
"LI","Liechtenstein",2002,,
"LI","Liechtenstein",2003,,
"LI","Liechtenstein",2004,,
"LI","Liechtenstein",2005,,
"LI","Liechtenstein",2006,,
"LI","Liechtenstein",2007,,
"LI","Liechtenstein",2008,,
"LI","Liechtenstein",2009,,
"LI","Liechtenstein",2010,,
"LI","Liechtenstein",2011,,
"LI","Liechtenstein",2012,,
"LI","Liechtenstein",2013,,
"LT","Lithuania",2000,,
"LT","Lithuania",2001,99.70166779,99.70166779
"LT","Lithuania",2002,99.717081455,
"LT","Lithuania",2003,99.73249512,
"LT","Lithuania",2004,99.747908785,
"LT","Lithuania",2005,99.76332245,
"LT","Lithuania",2006,99.778736115,
"LT","Lithuania",2007,99.79414978,
"LT","Lithuania",2008,99.809563445,
"LT","Lithuania",2009,99.82497711,
"LT","Lithuania",2010,99.840390775,
"LT","Lithuania",2011,99.85580444,99.85580444
"LT","Lithuania",2012,,
"LT","Lithuania",2013,,
"LU","Luxembourg",2000,,
"LU","Luxembourg",2001,,
"LU","Luxembourg",2002,,
"LU","Luxembourg",2003,,
"LU","Luxembourg",2004,,
"LU","Luxembourg",2005,,
"LU","Luxembourg",2006,,
"LU","Luxembourg",2007,,
"LU","Luxembourg",2008,,
"LU","Luxembourg",2009,,
"LU","Luxembourg",2010,,
"LU","Luxembourg",2011,,
"LU","Luxembourg",2012,,
"LU","Luxembourg",2013,,
"MO","Macao",2000,,
"MO","Macao",2001,99.63354492,99.63354492
"MO","Macao",2002,99.635684202,
"MO","Macao",2003,99.637823484,
"MO","Macao",2004,99.639962766,
"MO","Macao",2005,99.642102048,
"MO","Macao",2006,99.64424133,99.64424133
"MO","Macao",2007,99.649974058,
"MO","Macao",2008,99.655706786,
"MO","Macao",2009,99.661439514,
"MO","Macao",2010,99.667172242,
"MO","Macao",2011,99.67290497,99.67290497
"MO","Macao",2012,,
"MO","Macao",2013,,
"MK","Macedonia",2000,,
"MK","Macedonia",2001,,
"MK","Macedonia",2002,98.74269867,98.74269867
"MK","Macedonia",2003,98.733056641,
"MK","Macedonia",2004,98.723414612,
"MK","Macedonia",2005,98.713772583,
"MK","Macedonia",2006,98.704130554,
"MK","Macedonia",2007,98.694488525,
"MK","Macedonia",2008,98.684846496,
"MK","Macedonia",2009,98.675204467,
"MK","Macedonia",2010,98.665562438,
"MK","Macedonia",2011,98.655920409,
"MK","Macedonia",2012,98.64627838,98.64627838
"MK","Macedonia",2013,,
"MG","Madagascar",2000,70.23622131,70.23622131
"MG","Madagascar",2001,69.6477796733,
"MG","Madagascar",2002,69.0593380367,
"MG","Madagascar",2003,68.4708964,
"MG","Madagascar",2004,67.8824547633,
"MG","Madagascar",2005,67.2940131267,
"MG","Madagascar",2006,66.70557149,
"MG","Madagascar",2007,66.1171298533,
"MG","Madagascar",2008,65.5286882167,
"MG","Madagascar",2009,64.94024658,64.94024658
"MG","Madagascar",2010,,
"MG","Madagascar",2011,,
"MG","Madagascar",2012,,
"MG","Madagascar",2013,,
"MW","Malawi",2000,,
"MW","Malawi",2001,,
"MW","Malawi",2002,,
"MW","Malawi",2003,,
"MW","Malawi",2004,,
"MW","Malawi",2005,,
"MW","Malawi",2006,,
"MW","Malawi",2007,,
"MW","Malawi",2008,,
"MW","Malawi",2009,,
"MW","Malawi",2010,72.13956451,72.13956451
"MW","Malawi",2011,,
"MW","Malawi",2012,,
"MW","Malawi",2013,,
"MY","Malaysia",2000,97.2378006,97.2378006
"MY","Malaysia",2001,97.355892183,
"MY","Malaysia",2002,97.473983766,
"MY","Malaysia",2003,97.592075349,
"MY","Malaysia",2004,97.710166932,
"MY","Malaysia",2005,97.828258515,
"MY","Malaysia",2006,97.946350098,
"MY","Malaysia",2007,98.064441681,
"MY","Malaysia",2008,98.182533264,
"MY","Malaysia",2009,98.300624847,
"MY","Malaysia",2010,98.41871643,98.41871643
"MY","Malaysia",2011,,
"MY","Malaysia",2012,,
"MY","Malaysia",2013,,
"MV","Maldives",2000,98.17012024,98.17012024
"MV","Maldives",2001,98.3586018883,
"MV","Maldives",2002,98.5470835367,
"MV","Maldives",2003,98.735565185,
"MV","Maldives",2004,98.9240468333,
"MV","Maldives",2005,99.1125284817,
"MV","Maldives",2006,99.30101013,99.30101013
"MV","Maldives",2007,,
"MV","Maldives",2008,,
"MV","Maldives",2009,,
"MV","Maldives",2010,,
"MV","Maldives",2011,,
"MV","Maldives",2012,,
"MV","Maldives",2013,,
"ML","Mali",2000,,
"ML","Mali",2001,,
"ML","Mali",2002,,
"ML","Mali",2003,30.54688072,30.54688072
"ML","Mali",2004,33.3032938633,
"ML","Mali",2005,36.0597070067,
"ML","Mali",2006,38.81612015,38.81612015
"ML","Mali",2007,40.1875171675,
"ML","Mali",2008,41.558914185,
"ML","Mali",2009,42.9303112025,
"ML","Mali",2010,44.30170822,44.30170822
"ML","Mali",2011,47.13697815,47.13697815
"ML","Mali",2012,,
"ML","Mali",2013,,
"MT","Malta",2000,,
"MT","Malta",2001,,
"MT","Malta",2002,,
"MT","Malta",2003,,
"MT","Malta",2004,,
"MT","Malta",2005,98.26502991,98.26502991
"MT","Malta",2006,,
"MT","Malta",2007,,
"MT","Malta",2008,,
"MT","Malta",2009,,
"MT","Malta",2010,,
"MT","Malta",2011,,
"MT","Malta",2012,,
"MT","Malta",2013,,
"MH","Marshall Islands",2000,,
"MH","Marshall Islands",2001,,
"MH","Marshall Islands",2002,,
"MH","Marshall Islands",2003,,
"MH","Marshall Islands",2004,,
"MH","Marshall Islands",2005,,
"MH","Marshall Islands",2006,,
"MH","Marshall Islands",2007,,
"MH","Marshall Islands",2008,,
"MH","Marshall Islands",2009,,
"MH","Marshall Islands",2010,,
"MH","Marshall Islands",2011,,
"MH","Marshall Islands",2012,,
"MH","Marshall Islands",2013,,
"MR","Mauritania",2000,61.33664703,61.33664703
"MR","Mauritania",2001,60.5917598143,
"MR","Mauritania",2002,59.8468725986,
"MR","Mauritania",2003,59.1019853829,
"MR","Mauritania",2004,58.3570981671,
"MR","Mauritania",2005,57.6122109514,
"MR","Mauritania",2006,56.8673237357,
"MR","Mauritania",2007,56.12243652,56.12243652
"MR","Mauritania",2008,,
"MR","Mauritania",2009,,
"MR","Mauritania",2010,,
"MR","Mauritania",2011,,
"MR","Mauritania",2012,,
"MR","Mauritania",2013,,
"MU","Mauritius",2000,94.53896332,94.53896332
"MU","Mauritius",2001,94.8654535482,
"MU","Mauritius",2002,95.1919437764,
"MU","Mauritius",2003,95.5184340045,
"MU","Mauritius",2004,95.8449242327,
"MU","Mauritius",2005,96.1714144609,
"MU","Mauritius",2006,96.4979046891,
"MU","Mauritius",2007,96.8243949173,
"MU","Mauritius",2008,97.1508851455,
"MU","Mauritius",2009,97.4773753736,
"MU","Mauritius",2010,97.8038656018,
"MU","Mauritius",2011,98.13035583,98.13035583
"MU","Mauritius",2012,,
"MU","Mauritius",2013,,
"MX","Mexico",2000,96.6122818,96.6122818
"MX","Mexico",2001,97.10843277,
"MX","Mexico",2002,97.60458374,97.60458374
"MX","Mexico",2003,97.584510805,
"MX","Mexico",2004,97.56443787,97.56443787
"MX","Mexico",2005,97.63584137,97.63584137
"MX","Mexico",2006,97.8956604,97.8956604
"MX","Mexico",2007,98.15608978,98.15608978
"MX","Mexico",2008,98.38230133,98.38230133
"MX","Mexico",2009,98.5246582,98.5246582
"MX","Mexico",2010,98.43451691,98.43451691
"MX","Mexico",2011,98.4617691,98.4617691
"MX","Mexico",2012,98.87541199,98.87541199
"MX","Mexico",2013,,
"FM","Micronesia",2000,,
"FM","Micronesia",2001,,
"FM","Micronesia",2002,,
"FM","Micronesia",2003,,
"FM","Micronesia",2004,,
"FM","Micronesia",2005,,
"FM","Micronesia",2006,,
"FM","Micronesia",2007,,
"FM","Micronesia",2008,,
"FM","Micronesia",2009,,
"FM","Micronesia",2010,,
"FM","Micronesia",2011,,
"FM","Micronesia",2012,,
"FM","Micronesia",2013,,
"MD","Moldova",2000,99.52507782,99.52507782
"MD","Moldova",2001,99.5646546683,
"MD","Moldova",2002,99.6042315167,
"MD","Moldova",2003,99.643808365,
"MD","Moldova",2004,99.6833852133,
"MD","Moldova",2005,99.7229620617,
"MD","Moldova",2006,99.76253891,
"MD","Moldova",2007,99.8021157583,
"MD","Moldova",2008,99.8416926067,
"MD","Moldova",2009,99.881269455,
"MD","Moldova",2010,99.9208463033,
"MD","Moldova",2011,99.9604231517,
"MD","Moldova",2012,100,100
"MD","Moldova",2013,,
"MC","Monaco",2000,,
"MC","Monaco",2001,,
"MC","Monaco",2002,,
"MC","Monaco",2003,,
"MC","Monaco",2004,,
"MC","Monaco",2005,,
"MC","Monaco",2006,,
"MC","Monaco",2007,,
"MC","Monaco",2008,,
"MC","Monaco",2009,,
"MC","Monaco",2010,,
"MC","Monaco",2011,,
"MC","Monaco",2012,,
"MC","Monaco",2013,,
"MN","Mongolia",2000,97.71012115,97.71012115
"MN","Mongolia",2001,97.785133358,
"MN","Mongolia",2002,97.860145566,
"MN","Mongolia",2003,97.935157774,
"MN","Mongolia",2004,98.010169982,
"MN","Mongolia",2005,98.08518219,
"MN","Mongolia",2006,98.160194398,
"MN","Mongolia",2007,98.235206606,
"MN","Mongolia",2008,98.310218814,
"MN","Mongolia",2009,98.385231022,
"MN","Mongolia",2010,98.46024323,98.46024323
"MN","Mongolia",2011,,
"MN","Mongolia",2012,,
"MN","Mongolia",2013,,
"ME","Montenegro",2000,,
"ME","Montenegro",2001,,
"ME","Montenegro",2002,,
"ME","Montenegro",2003,,
"ME","Montenegro",2004,,
"ME","Montenegro",2005,,
"ME","Montenegro",2006,,
"ME","Montenegro",2007,,
"ME","Montenegro",2008,,
"ME","Montenegro",2009,,
"ME","Montenegro",2010,,
"ME","Montenegro",2011,99.21182251,99.21182251
"ME","Montenegro",2012,,
"ME","Montenegro",2013,,
"MA","Morocco",2000,,
"MA","Morocco",2001,,
"MA","Morocco",2002,,
"MA","Morocco",2003,,
"MA","Morocco",2004,70.45759583,70.45759583
"MA","Morocco",2005,72.3089370775,
"MA","Morocco",2006,74.160278325,
"MA","Morocco",2007,76.0116195725,
"MA","Morocco",2008,77.86296082,77.86296082
"MA","Morocco",2009,79.47369385,79.47369385
"MA","Morocco",2010,80.491882325,
"MA","Morocco",2011,81.5100708,81.5100708
"MA","Morocco",2012,,
"MA","Morocco",2013,,
"MZ","Mozambique",2000,,
"MZ","Mozambique",2001,,
"MZ","Mozambique",2002,,
"MZ","Mozambique",2003,61.89289093,61.89289093
"MZ","Mozambique",2004,62.7690149933,
"MZ","Mozambique",2005,63.6451390567,
"MZ","Mozambique",2006,64.52126312,
"MZ","Mozambique",2007,65.3973871833,
"MZ","Mozambique",2008,66.2735112467,
"MZ","Mozambique",2009,67.14963531,67.14963531
"MZ","Mozambique",2010,,
"MZ","Mozambique",2011,,
"MZ","Mozambique",2012,,
"MZ","Mozambique",2013,,
"MM","Myanmar",2000,94.58631134,94.58631134
"MM","Myanmar",2001,94.70646286,
"MM","Myanmar",2002,94.82661438,
"MM","Myanmar",2003,94.9467659,
"MM","Myanmar",2004,95.06691742,
"MM","Myanmar",2005,95.18706894,
"MM","Myanmar",2006,95.30722046,
"MM","Myanmar",2007,95.42737198,
"MM","Myanmar",2008,95.5475235,
"MM","Myanmar",2009,95.66767502,
"MM","Myanmar",2010,95.78782654,
"MM","Myanmar",2011,95.90797806,
"MM","Myanmar",2012,96.02812958,96.02812958
"MM","Myanmar",2013,,
"NA","Namibia",2000,,
"NA","Namibia",2001,92.3367157,92.3367157
"NA","Namibia",2002,91.463165285,
"NA","Namibia",2003,90.58961487,
"NA","Namibia",2004,89.716064455,
"NA","Namibia",2005,88.84251404,
"NA","Namibia",2006,87.968963625,
"NA","Namibia",2007,87.09541321,87.09541321
"NA","Namibia",2008,,
"NA","Namibia",2009,,
"NA","Namibia",2010,,
"NA","Namibia",2011,,
"NA","Namibia",2012,,
"NA","Namibia",2013,,
"NP","Nepal",2000,,
"NP","Nepal",2001,70.05361938,70.05361938
"NP","Nepal",2002,71.283625789,
"NP","Nepal",2003,72.513632198,
"NP","Nepal",2004,73.743638607,
"NP","Nepal",2005,74.973645016,
"NP","Nepal",2006,76.203651425,
"NP","Nepal",2007,77.433657834,
"NP","Nepal",2008,78.663664243,
"NP","Nepal",2009,79.893670652,
"NP","Nepal",2010,81.123677061,
"NP","Nepal",2011,82.35368347,82.35368347
"NP","Nepal",2012,,
"NP","Nepal",2013,,
"NL","Netherlands",2000,,
"NL","Netherlands",2001,,
"NL","Netherlands",2002,,
"NL","Netherlands",2003,,
"NL","Netherlands",2004,,
"NL","Netherlands",2005,,
"NL","Netherlands",2006,,
"NL","Netherlands",2007,,
"NL","Netherlands",2008,,
"NL","Netherlands",2009,,
"NL","Netherlands",2010,,
"NL","Netherlands",2011,,
"NL","Netherlands",2012,,
"NL","Netherlands",2013,,
"NC","New Caledonia",2000,,
"NC","New Caledonia",2001,,
"NC","New Caledonia",2002,,
"NC","New Caledonia",2003,,
"NC","New Caledonia",2004,,
"NC","New Caledonia",2005,,
"NC","New Caledonia",2006,,
"NC","New Caledonia",2007,,
"NC","New Caledonia",2008,,
"NC","New Caledonia",2009,,
"NC","New Caledonia",2010,,
"NC","New Caledonia",2011,,
"NC","New Caledonia",2012,99.64012146,99.64012146
"NC","New Caledonia",2013,,
"NZ","New Zealand",2000,,
"NZ","New Zealand",2001,,
"NZ","New Zealand",2002,,
"NZ","New Zealand",2003,,
"NZ","New Zealand",2004,,
"NZ","New Zealand",2005,,
"NZ","New Zealand",2006,,
"NZ","New Zealand",2007,,
"NZ","New Zealand",2008,,
"NZ","New Zealand",2009,,
"NZ","New Zealand",2010,,
"NZ","New Zealand",2011,,
"NZ","New Zealand",2012,,
"NZ","New Zealand",2013,,
"NI","Nicaragua",2000,,
"NI","Nicaragua",2001,86.22251892,86.22251892
"NI","Nicaragua",2002,86.4192008975,
"NI","Nicaragua",2003,86.615882875,
"NI","Nicaragua",2004,86.8125648525,
"NI","Nicaragua",2005,87.00924683,87.00924683
"NI","Nicaragua",2006,,
"NI","Nicaragua",2007,,
"NI","Nicaragua",2008,,
"NI","Nicaragua",2009,,
"NI","Nicaragua",2010,,
"NI","Nicaragua",2011,,
"NI","Nicaragua",2012,,
"NI","Nicaragua",2013,,
"NE","Niger",2000,,
"NE","Niger",2001,19.79119301,19.79119301
"NE","Niger",2002,23.980089665,
"NE","Niger",2003,28.16898632,
"NE","Niger",2004,32.357882975,
"NE","Niger",2005,36.54677963,36.54677963
"NE","Niger",2006,34.6863506843,
"NE","Niger",2007,32.8259217386,
"NE","Niger",2008,30.9654927929,
"NE","Niger",2009,29.1050638471,
"NE","Niger",2010,27.2446349014,
"NE","Niger",2011,25.3842059557,
"NE","Niger",2012,23.52377701,23.52377701
"NE","Niger",2013,,
"NG","Nigeria",2000,,
"NG","Nigeria",2001,,
"NG","Nigeria",2002,,
"NG","Nigeria",2003,68.99377441,68.99377441
"NG","Nigeria",2004,68.471728512,
"NG","Nigeria",2005,67.949682614,
"NG","Nigeria",2006,67.427636716,
"NG","Nigeria",2007,66.905590818,
"NG","Nigeria",2008,66.38354492,66.38354492
"NG","Nigeria",2009,,
"NG","Nigeria",2010,,
"NG","Nigeria",2011,,
"NG","Nigeria",2012,,
"NG","Nigeria",2013,,
"KP","North Korea",2000,,
"KP","North Korea",2001,,
"KP","North Korea",2002,,
"KP","North Korea",2003,,
"KP","North Korea",2004,,
"KP","North Korea",2005,,
"KP","North Korea",2006,,
"KP","North Korea",2007,,
"KP","North Korea",2008,99.99969482,99.99969482
"KP","North Korea",2009,,
"KP","North Korea",2010,,
"KP","North Korea",2011,,
"KP","North Korea",2012,,
"KP","North Korea",2013,,
"MP","Northern Mariana Islands",2000,,
"MP","Northern Mariana Islands",2001,,
"MP","Northern Mariana Islands",2002,,
"MP","Northern Mariana Islands",2003,,
"MP","Northern Mariana Islands",2004,,
"MP","Northern Mariana Islands",2005,,
"MP","Northern Mariana Islands",2006,,
"MP","Northern Mariana Islands",2007,,
"MP","Northern Mariana Islands",2008,,
"MP","Northern Mariana Islands",2009,,
"MP","Northern Mariana Islands",2010,,
"MP","Northern Mariana Islands",2011,,
"MP","Northern Mariana Islands",2012,,
"MP","Northern Mariana Islands",2013,,
"NO","Norway",2000,,
"NO","Norway",2001,,
"NO","Norway",2002,,
"NO","Norway",2003,,
"NO","Norway",2004,,
"NO","Norway",2005,,
"NO","Norway",2006,,
"NO","Norway",2007,,
"NO","Norway",2008,,
"NO","Norway",2009,,
"NO","Norway",2010,,
"NO","Norway",2011,,
"NO","Norway",2012,,
"NO","Norway",2013,,
"OM","Oman",2000,,
"OM","Oman",2001,,
"OM","Oman",2002,,
"OM","Oman",2003,97.28132629,97.28132629
"OM","Oman",2004,97.351025388,
"OM","Oman",2005,97.420724486,
"OM","Oman",2006,97.490423584,
"OM","Oman",2007,97.560122682,
"OM","Oman",2008,97.62982178,97.62982178
"OM","Oman",2009,97.68677521,
"OM","Oman",2010,97.74372864,97.74372864
"OM","Oman",2011,,
"OM","Oman",2012,,
"OM","Oman",2013,,
"PK","Pakistan",2000,,
"PK","Pakistan",2001,,
"PK","Pakistan",2002,,
"PK","Pakistan",2003,,
"PK","Pakistan",2004,,
"PK","Pakistan",2005,65.08657837,65.08657837
"PK","Pakistan",2006,69.165802,69.165802
"PK","Pakistan",2007,70.139354705,
"PK","Pakistan",2008,71.11290741,71.11290741
"PK","Pakistan",2009,70.67626953,70.67626953
"PK","Pakistan",2010,71.25962067,71.25962067
"PK","Pakistan",2011,70.76932526,70.76932526
"PK","Pakistan",2012,,
"PK","Pakistan",2013,,
"PW","Palau",2000,,
"PW","Palau",2001,,
"PW","Palau",2002,,
"PW","Palau",2003,,
"PW","Palau",2004,,
"PW","Palau",2005,,
"PW","Palau",2006,,
"PW","Palau",2007,,
"PW","Palau",2008,,
"PW","Palau",2009,,
"PW","Palau",2010,,
"PW","Palau",2011,,
"PW","Palau",2012,,
"PW","Palau",2013,99.81147003,99.81147003
"PS","Palestine",2000,,
"PS","Palestine",2001,,
"PS","Palestine",2002,,
"PS","Palestine",2003,,
"PS","Palestine",2004,98.94181824,98.94181824
"PS","Palestine",2005,99.016601565,
"PS","Palestine",2006,99.09138489,99.09138489
"PS","Palestine",2007,99.0620575,99.0620575
"PS","Palestine",2008,99.15022278,99.15022278
"PS","Palestine",2009,99.23325348,99.23325348
"PS","Palestine",2010,99.24203491,99.24203491
"PS","Palestine",2011,99.31232452,99.31232452
"PS","Palestine",2012,99.287323,99.287323
"PS","Palestine",2013,,
"PA","Panama",2000,96.07984924,96.07984924
"PA","Panama",2001,96.235717771,
"PA","Panama",2002,96.391586302,
"PA","Panama",2003,96.547454833,
"PA","Panama",2004,96.703323364,
"PA","Panama",2005,96.859191895,
"PA","Panama",2006,97.015060426,
"PA","Panama",2007,97.170928957,
"PA","Panama",2008,97.326797488,
"PA","Panama",2009,97.482666019,
"PA","Panama",2010,97.63853455,97.63853455
"PA","Panama",2011,,
"PA","Panama",2012,,
"PA","Panama",2013,,
"PG","Papua New Guinea",2000,66.67899323,66.67899323
"PG","Papua New Guinea",2001,67.0552221975,
"PG","Papua New Guinea",2002,67.431451165,
"PG","Papua New Guinea",2003,67.8076801325,
"PG","Papua New Guinea",2004,68.1839091,
"PG","Papua New Guinea",2005,68.5601380675,
"PG","Papua New Guinea",2006,68.936367035,
"PG","Papua New Guinea",2007,69.3125960025,
"PG","Papua New Guinea",2008,69.68882497,
"PG","Papua New Guinea",2009,70.0650539375,
"PG","Papua New Guinea",2010,70.441282905,
"PG","Papua New Guinea",2011,70.8175118725,
"PG","Papua New Guinea",2012,71.19374084,71.19374084
"PG","Papua New Guinea",2013,,
"PY","Paraguay",2000,,
"PY","Paraguay",2001,,
"PY","Paraguay",2002,,
"PY","Paraguay",2003,,
"PY","Paraguay",2004,,
"PY","Paraguay",2005,,
"PY","Paraguay",2006,,
"PY","Paraguay",2007,98.79446411,98.79446411
"PY","Paraguay",2008,97.96424103,97.96424103
"PY","Paraguay",2009,98.49729156,98.49729156
"PY","Paraguay",2010,98.61045074,98.61045074
"PY","Paraguay",2011,,
"PY","Paraguay",2012,,
"PY","Paraguay",2013,,
"PE","Peru",2000,,
"PE","Peru",2001,,
"PE","Peru",2002,,
"PE","Peru",2003,,
"PE","Peru",2004,96.75562286,96.75562286
"PE","Peru",2005,97.12375641,97.12375641
"PE","Peru",2006,97.75712585,97.75712585
"PE","Peru",2007,97.35621643,97.35621643
"PE","Peru",2008,97.624606322,
"PE","Peru",2009,97.892996214,
"PE","Peru",2010,98.161386106,
"PE","Peru",2011,98.429775998,
"PE","Peru",2012,98.69816589,98.69816589
"PE","Peru",2013,,
"PH","Philippines",2000,95.08974457,95.08974457
"PH","Philippines",2001,95.0789006567,
"PH","Philippines",2002,95.0680567433,
"PH","Philippines",2003,95.05721283,95.05721283
"PH","Philippines",2004,95.595930482,
"PH","Philippines",2005,96.134648134,
"PH","Philippines",2006,96.673365786,
"PH","Philippines",2007,97.212083438,
"PH","Philippines",2008,97.75080109,97.75080109
"PH","Philippines",2009,,
"PH","Philippines",2010,,
"PH","Philippines",2011,,
"PH","Philippines",2012,,
"PH","Philippines",2013,,
"PL","Poland",2000,,
"PL","Poland",2001,,
"PL","Poland",2002,,
"PL","Poland",2003,,
"PL","Poland",2004,99.99986267,99.99986267
"PL","Poland",2005,99.9998750675,
"PL","Poland",2006,99.999887465,
"PL","Poland",2007,99.9998998625,
"PL","Poland",2008,99.99991226,
"PL","Poland",2009,99.9999246575,
"PL","Poland",2010,99.999937055,
"PL","Poland",2011,99.9999494525,
"PL","Poland",2012,99.99996185,99.99996185
"PL","Poland",2013,,
"PT","Portugal",2000,,
"PT","Portugal",2001,,
"PT","Portugal",2002,,
"PT","Portugal",2003,,
"PT","Portugal",2004,,
"PT","Portugal",2005,,
"PT","Portugal",2006,,
"PT","Portugal",2007,,
"PT","Portugal",2008,,
"PT","Portugal",2009,,
"PT","Portugal",2010,,
"PT","Portugal",2011,99.43511963,99.43511963
"PT","Portugal",2012,,
"PT","Portugal",2013,,
"PR","Puerto Rico",2000,,
"PR","Puerto Rico",2001,,
"PR","Puerto Rico",2002,,
"PR","Puerto Rico",2003,,
"PR","Puerto Rico",2004,88.69657135,88.69657135
"PR","Puerto Rico",2005,90.3861719767,
"PR","Puerto Rico",2006,92.0757726033,
"PR","Puerto Rico",2007,93.76537323,
"PR","Puerto Rico",2008,95.4549738567,
"PR","Puerto Rico",2009,97.1445744833,
"PR","Puerto Rico",2010,98.83417511,98.83417511
"PR","Puerto Rico",2011,,
"PR","Puerto Rico",2012,,
"PR","Puerto Rico",2013,,
"QA","Qatar",2000,,
"QA","Qatar",2001,,
"QA","Qatar",2002,,
"QA","Qatar",2003,,
"QA","Qatar",2004,95.92071533,95.92071533
"QA","Qatar",2005,96.9671783433,
"QA","Qatar",2006,98.0136413567,
"QA","Qatar",2007,99.06010437,99.06010437
"QA","Qatar",2008,95.68698883,95.68698883
"QA","Qatar",2009,97.75925446,97.75925446
"QA","Qatar",2010,96.82015991,96.82015991
"QA","Qatar",2011,97.87751007,97.87751007
"QA","Qatar",2012,99.0645752,99.0645752
"QA","Qatar",2013,,
"RO","Romania",2000,,
"RO","Romania",2001,,
"RO","Romania",2002,97.76148987,97.76148987
"RO","Romania",2003,97.89862315,
"RO","Romania",2004,98.03575643,
"RO","Romania",2005,98.17288971,
"RO","Romania",2006,98.31002299,
"RO","Romania",2007,98.44715627,
"RO","Romania",2008,98.58428955,
"RO","Romania",2009,98.72142283,
"RO","Romania",2010,98.85855611,
"RO","Romania",2011,98.99568939,98.99568939
"RO","Romania",2012,,
"RO","Romania",2013,,
"RU","Russian Federation",2000,,
"RU","Russian Federation",2001,,
"RU","Russian Federation",2002,99.72460175,99.72460175
"RU","Russian Federation",2003,99.7227268263,
"RU","Russian Federation",2004,99.7208519025,
"RU","Russian Federation",2005,99.7189769788,
"RU","Russian Federation",2006,99.717102055,
"RU","Russian Federation",2007,99.7152271313,
"RU","Russian Federation",2008,99.7133522075,
"RU","Russian Federation",2009,99.7114772838,
"RU","Russian Federation",2010,99.70960236,99.70960236
"RU","Russian Federation",2011,,
"RU","Russian Federation",2012,,
"RU","Russian Federation",2013,,
"RW","Rwanda",2000,77.62033081,77.62033081
"RW","Rwanda",2001,77.592760467,
"RW","Rwanda",2002,77.565190124,
"RW","Rwanda",2003,77.537619781,
"RW","Rwanda",2004,77.510049438,
"RW","Rwanda",2005,77.482479095,
"RW","Rwanda",2006,77.454908752,
"RW","Rwanda",2007,77.427338409,
"RW","Rwanda",2008,77.399768066,
"RW","Rwanda",2009,77.372197723,
"RW","Rwanda",2010,77.34462738,77.34462738
"RW","Rwanda",2011,,
"RW","Rwanda",2012,,
"RW","Rwanda",2013,,
"KN","Saint Kitts and Nevis",2000,,
"KN","Saint Kitts and Nevis",2001,,
"KN","Saint Kitts and Nevis",2002,,
"KN","Saint Kitts and Nevis",2003,,
"KN","Saint Kitts and Nevis",2004,,
"KN","Saint Kitts and Nevis",2005,,
"KN","Saint Kitts and Nevis",2006,,
"KN","Saint Kitts and Nevis",2007,,
"KN","Saint Kitts and Nevis",2008,,
"KN","Saint Kitts and Nevis",2009,,
"KN","Saint Kitts and Nevis",2010,,
"KN","Saint Kitts and Nevis",2011,,
"KN","Saint Kitts and Nevis",2012,,
"KN","Saint Kitts and Nevis",2013,,
"LC","Saint Lucia",2000,,
"LC","Saint Lucia",2001,,
"LC","Saint Lucia",2002,,
"LC","Saint Lucia",2003,,
"LC","Saint Lucia",2004,,
"LC","Saint Lucia",2005,,
"LC","Saint Lucia",2006,,
"LC","Saint Lucia",2007,,
"LC","Saint Lucia",2008,,
"LC","Saint Lucia",2009,,
"LC","Saint Lucia",2010,,
"LC","Saint Lucia",2011,,
"LC","Saint Lucia",2012,,
"LC","Saint Lucia",2013,,
"MF","Saint Martin ",2000,,
"MF","Saint Martin ",2001,,
"MF","Saint Martin ",2002,,
"MF","Saint Martin ",2003,,
"MF","Saint Martin ",2004,,
"MF","Saint Martin ",2005,,
"MF","Saint Martin ",2006,,
"MF","Saint Martin ",2007,,
"MF","Saint Martin ",2008,,
"MF","Saint Martin ",2009,,
"MF","Saint Martin ",2010,,
"MF","Saint Martin ",2011,,
"MF","Saint Martin ",2012,,
"MF","Saint Martin ",2013,,
"VC","Saint Vincent & the Grenadines",2000,,
"VC","Saint Vincent & the Grenadines",2001,,
"VC","Saint Vincent & the Grenadines",2002,,
"VC","Saint Vincent & the Grenadines",2003,,
"VC","Saint Vincent & the Grenadines",2004,,
"VC","Saint Vincent & the Grenadines",2005,,
"VC","Saint Vincent & the Grenadines",2006,,
"VC","Saint Vincent & the Grenadines",2007,,
"VC","Saint Vincent & the Grenadines",2008,,
"VC","Saint Vincent & the Grenadines",2009,,
"VC","Saint Vincent & the Grenadines",2010,,
"VC","Saint Vincent & the Grenadines",2011,,
"VC","Saint Vincent & the Grenadines",2012,,
"VC","Saint Vincent & the Grenadines",2013,,
"WS","Samoa",2000,,
"WS","Samoa",2001,,
"WS","Samoa",2002,,
"WS","Samoa",2003,,
"WS","Samoa",2004,99.38381195,99.38381195
"WS","Samoa",2005,99.4017000188,
"WS","Samoa",2006,99.4195880875,
"WS","Samoa",2007,99.4374761563,
"WS","Samoa",2008,99.455364225,
"WS","Samoa",2009,99.4732522938,
"WS","Samoa",2010,99.4911403625,
"WS","Samoa",2011,99.5090284313,
"WS","Samoa",2012,99.5269165,99.5269165
"WS","Samoa",2013,,
"SM","San Marino",2000,,
"SM","San Marino",2001,,
"SM","San Marino",2002,,
"SM","San Marino",2003,,
"SM","San Marino",2004,,
"SM","San Marino",2005,,
"SM","San Marino",2006,,
"SM","San Marino",2007,,
"SM","San Marino",2008,,
"SM","San Marino",2009,,
"SM","San Marino",2010,,
"SM","San Marino",2011,,
"SM","San Marino",2012,,
"SM","San Marino",2013,,
"ST","Sao Tome & Principe",2000,,
"ST","Sao Tome & Principe",2001,95.41546631,95.41546631
"ST","Sao Tome & Principe",2002,93.2422801443,
"ST","Sao Tome & Principe",2003,91.0690939786,
"ST","Sao Tome & Principe",2004,88.8959078129,
"ST","Sao Tome & Principe",2005,86.7227216471,
"ST","Sao Tome & Principe",2006,84.5495354814,
"ST","Sao Tome & Principe",2007,82.3763493157,
"ST","Sao Tome & Principe",2008,80.20316315,80.20316315
"ST","Sao Tome & Principe",2009,,
"ST","Sao Tome & Principe",2010,,
"ST","Sao Tome & Principe",2011,,
"ST","Sao Tome & Principe",2012,,
"ST","Sao Tome & Principe",2013,,
"SA","Saudi Arabia",2000,95.91316223,95.91316223
"SA","Saudi Arabia",2001,95.8972949975,
"SA","Saudi Arabia",2002,95.881427765,
"SA","Saudi Arabia",2003,95.8655605325,
"SA","Saudi Arabia",2004,95.8496933,95.8496933
"SA","Saudi Arabia",2005,96.2243686267,
"SA","Saudi Arabia",2006,96.5990439533,
"SA","Saudi Arabia",2007,96.97371928,
"SA","Saudi Arabia",2008,97.3483946067,
"SA","Saudi Arabia",2009,97.7230699333,
"SA","Saudi Arabia",2010,98.09774526,
"SA","Saudi Arabia",2011,98.4724205867,
"SA","Saudi Arabia",2012,98.8470959133,
"SA","Saudi Arabia",2013,99.22177124,99.22177124
"SN","Senegal",2000,,
"SN","Senegal",2001,,
"SN","Senegal",2002,49.12448883,49.12448883
"SN","Senegal",2003,49.55628109,
"SN","Senegal",2004,49.98807335,
"SN","Senegal",2005,50.41986561,
"SN","Senegal",2006,50.85165787,50.85165787
"SN","Senegal",2007,55.5727411933,
"SN","Senegal",2008,60.2938245167,
"SN","Senegal",2009,65.01490784,65.01490784
"SN","Senegal",2010,65.523822785,
"SN","Senegal",2011,66.03273773,66.03273773
"SN","Senegal",2012,,
"SN","Senegal",2013,,
"RS","Serbia",2000,,
"RS","Serbia",2001,,
"RS","Serbia",2002,,
"RS","Serbia",2003,,
"RS","Serbia",2004,,
"RS","Serbia",2005,,
"RS","Serbia",2006,,
"RS","Serbia",2007,,
"RS","Serbia",2008,,
"RS","Serbia",2009,,
"RS","Serbia",2010,,
"RS","Serbia",2011,,
"RS","Serbia",2012,99.26009369,99.26009369
"RS","Serbia",2013,,
"SC","Seychelles",2000,,
"SC","Seychelles",2001,,
"SC","Seychelles",2002,99.06477356,99.06477356
"SC","Seychelles",2003,99.06477356,
"SC","Seychelles",2004,99.06477356,
"SC","Seychelles",2005,99.06477356,
"SC","Seychelles",2006,99.06477356,
"SC","Seychelles",2007,99.06477356,
"SC","Seychelles",2008,99.06477356,
"SC","Seychelles",2009,99.06477356,
"SC","Seychelles",2010,99.06477356,
"SC","Seychelles",2011,99.06477356,
"SC","Seychelles",2012,99.06477356,99.06477356
"SC","Seychelles",2013,,
"SL","Sierra Leone",2000,,
"SL","Sierra Leone",2001,,
"SL","Sierra Leone",2002,,
"SL","Sierra Leone",2003,,
"SL","Sierra Leone",2004,47.92760849,47.92760849
"SL","Sierra Leone",2005,49.7762336725,
"SL","Sierra Leone",2006,51.624858855,
"SL","Sierra Leone",2007,53.4734840375,
"SL","Sierra Leone",2008,55.32210922,
"SL","Sierra Leone",2009,57.1707344025,
"SL","Sierra Leone",2010,59.019359585,
"SL","Sierra Leone",2011,60.8679847675,
"SL","Sierra Leone",2012,62.71660995,62.71660995
"SL","Sierra Leone",2013,,
"SG","Singapore",2000,99.50460052,99.50460052
"SG","Singapore",2001,99.529322811,
"SG","Singapore",2002,99.554045102,
"SG","Singapore",2003,99.578767393,
"SG","Singapore",2004,99.603489684,
"SG","Singapore",2005,99.628211975,
"SG","Singapore",2006,99.652934266,
"SG","Singapore",2007,99.677656557,
"SG","Singapore",2008,99.702378848,
"SG","Singapore",2009,99.727101139,
"SG","Singapore",2010,99.75182343,99.75182343
"SG","Singapore",2011,99.82383728,99.82383728
"SG","Singapore",2012,99.84585571,99.84585571
"SG","Singapore",2013,,
"SX","Sint Maarten (Dutch part)",2000,,
"SX","Sint Maarten (Dutch part)",2001,,
"SX","Sint Maarten (Dutch part)",2002,,
"SX","Sint Maarten (Dutch part)",2003,,
"SX","Sint Maarten (Dutch part)",2004,,
"SX","Sint Maarten (Dutch part)",2005,,
"SX","Sint Maarten (Dutch part)",2006,,
"SX","Sint Maarten (Dutch part)",2007,,
"SX","Sint Maarten (Dutch part)",2008,,
"SX","Sint Maarten (Dutch part)",2009,,
"SX","Sint Maarten (Dutch part)",2010,,
"SX","Sint Maarten (Dutch part)",2011,,
"SX","Sint Maarten (Dutch part)",2012,,
"SX","Sint Maarten (Dutch part)",2013,,
"SK","Slovakia",2000,,
"SK","Slovakia",2001,,
"SK","Slovakia",2002,,
"SK","Slovakia",2003,,
"SK","Slovakia",2004,,
"SK","Slovakia",2005,,
"SK","Slovakia",2006,,
"SK","Slovakia",2007,,
"SK","Slovakia",2008,,
"SK","Slovakia",2009,,
"SK","Slovakia",2010,,
"SK","Slovakia",2011,,
"SK","Slovakia",2012,,
"SK","Slovakia",2013,,
"SI","Slovenia",2000,,
"SI","Slovenia",2001,,
"SI","Slovenia",2002,,
"SI","Slovenia",2003,,
"SI","Slovenia",2004,99.82675934,99.82675934
"SI","Slovenia",2005,99.8300094613,
"SI","Slovenia",2006,99.8332595825,
"SI","Slovenia",2007,99.8365097038,
"SI","Slovenia",2008,99.839759825,
"SI","Slovenia",2009,99.8430099463,
"SI","Slovenia",2010,99.8462600675,
"SI","Slovenia",2011,99.8495101888,
"SI","Slovenia",2012,99.85276031,99.85276031
"SI","Slovenia",2013,,
"SB","Solomon Islands",2000,,
"SB","Solomon Islands",2001,,
"SB","Solomon Islands",2002,,
"SB","Solomon Islands",2003,,
"SB","Solomon Islands",2004,,
"SB","Solomon Islands",2005,,
"SB","Solomon Islands",2006,,
"SB","Solomon Islands",2007,,
"SB","Solomon Islands",2008,,
"SB","Solomon Islands",2009,,
"SB","Solomon Islands",2010,,
"SB","Solomon Islands",2011,,
"SB","Solomon Islands",2012,,
"SB","Solomon Islands",2013,,
"SO","Somalia",2000,,
"SO","Somalia",2001,,
"SO","Somalia",2002,,
"SO","Somalia",2003,,
"SO","Somalia",2004,,
"SO","Somalia",2005,,
"SO","Somalia",2006,,
"SO","Somalia",2007,,
"SO","Somalia",2008,,
"SO","Somalia",2009,,
"SO","Somalia",2010,,
"SO","Somalia",2011,,
"SO","Somalia",2012,,
"SO","Somalia",2013,,
"ZA","South Africa",2000,,
"ZA","South Africa",2001,,
"ZA","South Africa",2002,,
"ZA","South Africa",2003,,
"ZA","South Africa",2004,,
"ZA","South Africa",2005,,
"ZA","South Africa",2006,,
"ZA","South Africa",2007,97.57077789,97.57077789
"ZA","South Africa",2008,97.96792984,
"ZA","South Africa",2009,98.36508179,98.36508179
"ZA","South Africa",2010,98.64412689,98.64412689
"ZA","South Africa",2011,98.78965759,98.78965759
"ZA","South Africa",2012,98.88204193,98.88204193
"ZA","South Africa",2013,,
"KR","South Korea",2000,,
"KR","South Korea",2001,,
"KR","South Korea",2002,,
"KR","South Korea",2003,,
"KR","South Korea",2004,,
"KR","South Korea",2005,,
"KR","South Korea",2006,,
"KR","South Korea",2007,,
"KR","South Korea",2008,,
"KR","South Korea",2009,,
"KR","South Korea",2010,,
"KR","South Korea",2011,,
"KR","South Korea",2012,,
"KR","South Korea",2013,,
"SS","South Sudan",2000,,
"SS","South Sudan",2001,,
"SS","South Sudan",2002,,
"SS","South Sudan",2003,,
"SS","South Sudan",2004,,
"SS","South Sudan",2005,,
"SS","South Sudan",2006,,
"SS","South Sudan",2007,,
"SS","South Sudan",2008,,
"SS","South Sudan",2009,,
"SS","South Sudan",2010,,
"SS","South Sudan",2011,,
"SS","South Sudan",2012,,
"SS","South Sudan",2013,,
"ES","Spain",2000,,
"ES","Spain",2001,,
"ES","Spain",2002,,
"ES","Spain",2003,,
"ES","Spain",2004,,
"ES","Spain",2005,99.53779602,99.53779602
"ES","Spain",2006,99.55356598,
"ES","Spain",2007,99.56933594,99.56933594
"ES","Spain",2008,99.56430817,99.56430817
"ES","Spain",2009,99.59899902,99.59899902
"ES","Spain",2010,99.59463501,99.59463501
"ES","Spain",2011,99.69939423,99.69939423
"ES","Spain",2012,99.67277527,99.67277527
"ES","Spain",2013,,
"LK","Sri Lanka",2000,,
"LK","Sri Lanka",2001,95.58863068,95.58863068
"LK","Sri Lanka",2002,95.967716982,
"LK","Sri Lanka",2003,96.346803284,
"LK","Sri Lanka",2004,96.725889586,
"LK","Sri Lanka",2005,97.104975888,
"LK","Sri Lanka",2006,97.48406219,97.48406219
"LK","Sri Lanka",2007,97.73293304,
"LK","Sri Lanka",2008,97.98180389,97.98180389
"LK","Sri Lanka",2009,98.06986618,
"LK","Sri Lanka",2010,98.15792847,98.15792847
"LK","Sri Lanka",2011,,
"LK","Sri Lanka",2012,,
"LK","Sri Lanka",2013,,
"SD","Sudan",2000,78.15558624,78.15558624
"SD","Sudan",2001,,
"SD","Sudan",2002,,
"SD","Sudan",2003,,
"SD","Sudan",2004,,
"SD","Sudan",2005,,
"SD","Sudan",2006,,
"SD","Sudan",2007,,
"SD","Sudan",2008,,
"SD","Sudan",2009,,
"SD","Sudan",2010,,
"SD","Sudan",2011,,
"SD","Sudan",2012,,
"SD","Sudan",2013,,
"SR","Suriname",2000,,
"SR","Suriname",2001,,
"SR","Suriname",2002,,
"SR","Suriname",2003,,
"SR","Suriname",2004,94.88114166,94.88114166
"SR","Suriname",2005,96.01496124,
"SR","Suriname",2006,97.14878082,
"SR","Suriname",2007,98.2826004,
"SR","Suriname",2008,99.41641998,99.41641998
"SR","Suriname",2009,98.89653015,
"SR","Suriname",2010,98.37664032,98.37664032
"SR","Suriname",2011,,
"SR","Suriname",2012,,
"SR","Suriname",2013,,
"SZ","Swaziland",2000,91.8632431,91.8632431
"SZ","Swaziland",2001,92.027148435,
"SZ","Swaziland",2002,92.19105377,
"SZ","Swaziland",2003,92.354959105,
"SZ","Swaziland",2004,92.51886444,
"SZ","Swaziland",2005,92.682769775,
"SZ","Swaziland",2006,92.84667511,
"SZ","Swaziland",2007,93.010580445,
"SZ","Swaziland",2008,93.17448578,
"SZ","Swaziland",2009,93.338391115,
"SZ","Swaziland",2010,93.50229645,93.50229645
"SZ","Swaziland",2011,,
"SZ","Swaziland",2012,,
"SZ","Swaziland",2013,,
"SE","Sweden",2000,,
"SE","Sweden",2001,,
"SE","Sweden",2002,,
"SE","Sweden",2003,,
"SE","Sweden",2004,,
"SE","Sweden",2005,,
"SE","Sweden",2006,,
"SE","Sweden",2007,,
"SE","Sweden",2008,,
"SE","Sweden",2009,,
"SE","Sweden",2010,,
"SE","Sweden",2011,,
"SE","Sweden",2012,,
"SE","Sweden",2013,,
"CH","Switzerland",2000,,
"CH","Switzerland",2001,,
"CH","Switzerland",2002,,
"CH","Switzerland",2003,,
"CH","Switzerland",2004,,
"CH","Switzerland",2005,,
"CH","Switzerland",2006,,
"CH","Switzerland",2007,,
"CH","Switzerland",2008,,
"CH","Switzerland",2009,,
"CH","Switzerland",2010,,
"CH","Switzerland",2011,,
"CH","Switzerland",2012,,
"CH","Switzerland",2013,,
"SY","Syria",2000,,
"SY","Syria",2001,,
"SY","Syria",2002,95.18883514,95.18883514
"SY","Syria",2003,93.821323395,
"SY","Syria",2004,92.45381165,92.45381165
"SY","Syria",2005,92.8427085913,
"SY","Syria",2006,93.2316055325,
"SY","Syria",2007,93.6205024738,
"SY","Syria",2008,94.009399415,
"SY","Syria",2009,94.3982963563,
"SY","Syria",2010,94.7871932975,
"SY","Syria",2011,95.1760902388,
"SY","Syria",2012,95.56498718,95.56498718
"SY","Syria",2013,,
"TJ","Tajikistan",2000,99.84706116,99.84706116
"TJ","Tajikistan",2001,99.84898186,
"TJ","Tajikistan",2002,99.85090256,
"TJ","Tajikistan",2003,99.85282326,
"TJ","Tajikistan",2004,99.85474396,
"TJ","Tajikistan",2005,99.85666466,
"TJ","Tajikistan",2006,99.85858536,
"TJ","Tajikistan",2007,99.86050606,
"TJ","Tajikistan",2008,99.86242676,
"TJ","Tajikistan",2009,99.86434746,
"TJ","Tajikistan",2010,99.86626816,
"TJ","Tajikistan",2011,99.86818886,
"TJ","Tajikistan",2012,99.87010956,99.87010956
"TJ","Tajikistan",2013,,
"TZ","Tanzania",2000,,
"TZ","Tanzania",2001,,
"TZ","Tanzania",2002,78.3960495,78.3960495
"TZ","Tanzania",2003,77.9166088113,
"TZ","Tanzania",2004,77.4371681225,
"TZ","Tanzania",2005,76.9577274338,
"TZ","Tanzania",2006,76.478286745,
"TZ","Tanzania",2007,75.9988460563,
"TZ","Tanzania",2008,75.5194053675,
"TZ","Tanzania",2009,75.0399646788,
"TZ","Tanzania",2010,74.56052399,74.56052399
"TZ","Tanzania",2011,,
"TZ","Tanzania",2012,,
"TZ","Tanzania",2013,,
"TH","Thailand",2000,97.97538757,97.97538757
"TH","Thailand",2001,97.990492246,
"TH","Thailand",2002,98.005596922,
"TH","Thailand",2003,98.020701598,
"TH","Thailand",2004,98.035806274,
"TH","Thailand",2005,98.05091095,98.05091095
"TH","Thailand",2006,97.760243226,
"TH","Thailand",2007,97.469575502,
"TH","Thailand",2008,97.178907778,
"TH","Thailand",2009,96.888240054,
"TH","Thailand",2010,96.59757233,96.59757233
"TH","Thailand",2011,,
"TH","Thailand",2012,,
"TH","Thailand",2013,,
"TL","Timor-Leste",2000,,
"TL","Timor-Leste",2001,,
"TL","Timor-Leste",2002,,
"TL","Timor-Leste",2003,,
"TL","Timor-Leste",2004,,
"TL","Timor-Leste",2005,,
"TL","Timor-Leste",2006,,
"TL","Timor-Leste",2007,,
"TL","Timor-Leste",2008,,
"TL","Timor-Leste",2009,,
"TL","Timor-Leste",2010,79.52868652,79.52868652
"TL","Timor-Leste",2011,,
"TL","Timor-Leste",2012,,
"TL","Timor-Leste",2013,,
"TG","Togo",2000,74.43956757,74.43956757
"TG","Togo",2001,74.7751286867,
"TG","Togo",2002,75.1106898033,
"TG","Togo",2003,75.44625092,
"TG","Togo",2004,75.7818120367,
"TG","Togo",2005,76.1173731533,
"TG","Togo",2006,76.45293427,76.45293427
"TG","Togo",2007,78.2139511133,
"TG","Togo",2008,79.9749679567,
"TG","Togo",2009,81.7359848,81.7359848
"TG","Togo",2010,80.810947415,
"TG","Togo",2011,79.88591003,79.88591003
"TG","Togo",2012,,
"TG","Togo",2013,,
"TO","Tonga",2000,,
"TO","Tonga",2001,,
"TO","Tonga",2002,,
"TO","Tonga",2003,,
"TO","Tonga",2004,,
"TO","Tonga",2005,,
"TO","Tonga",2006,99.42475891,99.42475891
"TO","Tonga",2007,99.42721405,
"TO","Tonga",2008,99.42966919,
"TO","Tonga",2009,99.43212433,
"TO","Tonga",2010,99.43457947,
"TO","Tonga",2011,99.43703461,99.43703461
"TO","Tonga",2012,,
"TO","Tonga",2013,,
"TT","Trinidad & Tobago",2000,,
"TT","Trinidad & Tobago",2001,,
"TT","Trinidad & Tobago",2002,,
"TT","Trinidad & Tobago",2003,,
"TT","Trinidad & Tobago",2004,99.49115753,99.49115753
"TT","Trinidad & Tobago",2005,99.5021438588,
"TT","Trinidad & Tobago",2006,99.5131301875,
"TT","Trinidad & Tobago",2007,99.5241165163,
"TT","Trinidad & Tobago",2008,99.535102845,
"TT","Trinidad & Tobago",2009,99.5460891738,
"TT","Trinidad & Tobago",2010,99.5570755025,
"TT","Trinidad & Tobago",2011,99.5680618313,
"TT","Trinidad & Tobago",2012,99.57904816,99.57904816
"TT","Trinidad & Tobago",2013,,
"TN","Tunisia",2000,,
"TN","Tunisia",2001,,
"TN","Tunisia",2002,,
"TN","Tunisia",2003,,
"TN","Tunisia",2004,94.33898163,94.33898163
"TN","Tunisia",2005,94.99255117,
"TN","Tunisia",2006,95.64612071,
"TN","Tunisia",2007,96.29969025,96.29969025
"TN","Tunisia",2008,96.79425812,96.79425812
"TN","Tunisia",2009,96.982990265,
"TN","Tunisia",2010,97.17172241,97.17172241
"TN","Tunisia",2011,97.30444336,97.30444336
"TN","Tunisia",2012,,
"TN","Tunisia",2013,,
"TR","Turkey",2000,,
"TR","Turkey",2001,,
"TR","Turkey",2002,,
"TR","Turkey",2003,,
"TR","Turkey",2004,95.60350037,95.60350037
"TR","Turkey",2005,96.11855316,96.11855316
"TR","Turkey",2006,96.1815033,96.1815033
"TR","Turkey",2007,96.36234283,96.36234283
"TR","Turkey",2008,97.08490753,
"TR","Turkey",2009,97.80747223,97.80747223
"TR","Turkey",2010,98.22458649,98.22458649
"TR","Turkey",2011,98.70935059,98.70935059
"TR","Turkey",2012,99.01602173,99.01602173
"TR","Turkey",2013,,
"TM","Turkmenistan",2000,,
"TM","Turkmenistan",2001,,
"TM","Turkmenistan",2002,,
"TM","Turkmenistan",2003,,
"TM","Turkmenistan",2004,,
"TM","Turkmenistan",2005,,
"TM","Turkmenistan",2006,,
"TM","Turkmenistan",2007,,
"TM","Turkmenistan",2008,,
"TM","Turkmenistan",2009,,
"TM","Turkmenistan",2010,,
"TM","Turkmenistan",2011,,
"TM","Turkmenistan",2012,99.83274841,99.83274841
"TM","Turkmenistan",2013,,
"TC","Turks & Caicos Islands",2000,,
"TC","Turks & Caicos Islands",2001,,
"TC","Turks & Caicos Islands",2002,,
"TC","Turks & Caicos Islands",2003,,
"TC","Turks & Caicos Islands",2004,,
"TC","Turks & Caicos Islands",2005,,
"TC","Turks & Caicos Islands",2006,,
"TC","Turks & Caicos Islands",2007,,
"TC","Turks & Caicos Islands",2008,,
"TC","Turks & Caicos Islands",2009,,
"TC","Turks & Caicos Islands",2010,,
"TC","Turks & Caicos Islands",2011,,
"TC","Turks & Caicos Islands",2012,,
"TC","Turks & Caicos Islands",2013,,
"TV","Tuvalu",2000,,
"TV","Tuvalu",2001,,
"TV","Tuvalu",2002,,
"TV","Tuvalu",2003,,
"TV","Tuvalu",2004,,
"TV","Tuvalu",2005,,
"TV","Tuvalu",2006,,
"TV","Tuvalu",2007,,
"TV","Tuvalu",2008,,
"TV","Tuvalu",2009,,
"TV","Tuvalu",2010,,
"TV","Tuvalu",2011,,
"TV","Tuvalu",2012,,
"TV","Tuvalu",2013,,
"AE","UAE",2000,,
"AE","UAE",2001,,
"AE","UAE",2002,,
"AE","UAE",2003,,
"AE","UAE",2004,,
"AE","UAE",2005,95.00645447,95.00645447
"AE","UAE",2006,,
"AE","UAE",2007,,
"AE","UAE",2008,,
"AE","UAE",2009,,
"AE","UAE",2010,,
"AE","UAE",2011,,
"AE","UAE",2012,,
"AE","UAE",2013,,
"UG","Uganda",2000,,
"UG","Uganda",2001,,
"UG","Uganda",2002,80.79116058,80.79116058
"UG","Uganda",2003,81.60978317,
"UG","Uganda",2004,82.42840576,
"UG","Uganda",2005,83.24702835,
"UG","Uganda",2006,84.06565094,84.06565094
"UG","Uganda",2007,84.90144539,
"UG","Uganda",2008,85.73723984,
"UG","Uganda",2009,86.57303429,
"UG","Uganda",2010,87.40882874,87.40882874
"UG","Uganda",2011,,
"UG","Uganda",2012,,
"UG","Uganda",2013,,
"GB","UK",2000,,
"GB","UK",2001,,
"GB","UK",2002,,
"GB","UK",2003,,
"GB","UK",2004,,
"GB","UK",2005,,
"GB","UK",2006,,
"GB","UK",2007,,
"GB","UK",2008,,
"GB","UK",2009,,
"GB","UK",2010,,
"GB","UK",2011,,
"GB","UK",2012,,
"GB","UK",2013,,
"UA","Ukraine",2000,,
"UA","Ukraine",2001,99.80485535,99.80485535
"UA","Ukraine",2002,99.8019055482,
"UA","Ukraine",2003,99.7989557464,
"UA","Ukraine",2004,99.7960059445,
"UA","Ukraine",2005,99.7930561427,
"UA","Ukraine",2006,99.7901063409,
"UA","Ukraine",2007,99.7871565391,
"UA","Ukraine",2008,99.7842067373,
"UA","Ukraine",2009,99.7812569355,
"UA","Ukraine",2010,99.7783071336,
"UA","Ukraine",2011,99.7753573318,
"UA","Ukraine",2012,99.77240753,99.77240753
"UA","Ukraine",2013,,
"UY","Uruguay",2000,,
"UY","Uruguay",2001,,
"UY","Uruguay",2002,,
"UY","Uruguay",2003,,
"UY","Uruguay",2004,,
"UY","Uruguay",2005,,
"UY","Uruguay",2006,98.71251678,98.71251678
"UY","Uruguay",2007,98.75914001,98.75914001
"UY","Uruguay",2008,98.96813965,98.96813965
"UY","Uruguay",2009,99.04943085,99.04943085
"UY","Uruguay",2010,98.78419495,98.78419495
"UY","Uruguay",2011,98.86222076,98.86222076
"UY","Uruguay",2012,98.9552536,98.9552536
"UY","Uruguay",2013,,
"US","USA",2000,,
"US","USA",2001,,
"US","USA",2002,,
"US","USA",2003,,
"US","USA",2004,,
"US","USA",2005,,
"US","USA",2006,,
"US","USA",2007,,
"US","USA",2008,,
"US","USA",2009,,
"US","USA",2010,,
"US","USA",2011,,
"US","USA",2012,,
"US","USA",2013,,
"UZ","Uzbekistan",2000,99.8743515,99.8743515
"UZ","Uzbekistan",2001,99.8799870792,
"UZ","Uzbekistan",2002,99.8856226583,
"UZ","Uzbekistan",2003,99.8912582375,
"UZ","Uzbekistan",2004,99.8968938167,
"UZ","Uzbekistan",2005,99.9025293958,
"UZ","Uzbekistan",2006,99.908164975,
"UZ","Uzbekistan",2007,99.9138005542,
"UZ","Uzbekistan",2008,99.9194361333,
"UZ","Uzbekistan",2009,99.9250717125,
"UZ","Uzbekistan",2010,99.9307072917,
"UZ","Uzbekistan",2011,99.9363428708,
"UZ","Uzbekistan",2012,99.94197845,99.94197845
"UZ","Uzbekistan",2013,,
"VU","Vanuatu",2000,,
"VU","Vanuatu",2001,,
"VU","Vanuatu",2002,,
"VU","Vanuatu",2003,,
"VU","Vanuatu",2004,91.98841858,91.98841858
"VU","Vanuatu",2005,92.3499174125,
"VU","Vanuatu",2006,92.711416245,
"VU","Vanuatu",2007,93.0729150775,
"VU","Vanuatu",2008,93.43441391,
"VU","Vanuatu",2009,93.7959127425,
"VU","Vanuatu",2010,94.157411575,
"VU","Vanuatu",2011,94.5189104075,
"VU","Vanuatu",2012,94.88040924,94.88040924
"VU","Vanuatu",2013,,
"VE","Venezuela",2000,,
"VE","Venezuela",2001,97.19933319,97.19933319
"VE","Venezuela",2002,97.3992411283,
"VE","Venezuela",2003,97.5991490667,
"VE","Venezuela",2004,97.799057005,
"VE","Venezuela",2005,97.9989649433,
"VE","Venezuela",2006,98.1988728817,
"VE","Venezuela",2007,98.39878082,98.39878082
"VE","Venezuela",2008,98.46603775,
"VE","Venezuela",2009,98.53329468,98.53329468
"VE","Venezuela",2010,,
"VE","Venezuela",2011,,
"VE","Venezuela",2012,,
"VE","Venezuela",2013,,
"VN","Viet Nam",2000,94.83651733,94.83651733
"VN","Viet Nam",2001,95.0870903822,
"VN","Viet Nam",2002,95.3376634344,
"VN","Viet Nam",2003,95.5882364867,
"VN","Viet Nam",2004,95.8388095389,
"VN","Viet Nam",2005,96.0893825911,
"VN","Viet Nam",2006,96.3399556433,
"VN","Viet Nam",2007,96.5905286956,
"VN","Viet Nam",2008,96.8411017478,
"VN","Viet Nam",2009,97.0916748,97.0916748
"VN","Viet Nam",2010,,
"VN","Viet Nam",2011,,
"VN","Viet Nam",2012,,
"VN","Viet Nam",2013,,
"VI","Virgin Islands (US)",2000,,
"VI","Virgin Islands (US)",2001,,
"VI","Virgin Islands (US)",2002,,
"VI","Virgin Islands (US)",2003,,
"VI","Virgin Islands (US)",2004,,
"VI","Virgin Islands (US)",2005,,
"VI","Virgin Islands (US)",2006,,
"VI","Virgin Islands (US)",2007,,
"VI","Virgin Islands (US)",2008,,
"VI","Virgin Islands (US)",2009,,
"VI","Virgin Islands (US)",2010,,
"VI","Virgin Islands (US)",2011,,
"VI","Virgin Islands (US)",2012,,
"VI","Virgin Islands (US)",2013,,
"YE","Yemen",2000,,
"YE","Yemen",2001,,
"YE","Yemen",2002,,
"YE","Yemen",2003,,
"YE","Yemen",2004,76.9272995,76.9272995
"YE","Yemen",2005,78.2382144938,
"YE","Yemen",2006,79.5491294875,
"YE","Yemen",2007,80.8600444813,
"YE","Yemen",2008,82.170959475,
"YE","Yemen",2009,83.4818744688,
"YE","Yemen",2010,84.7927894625,
"YE","Yemen",2011,86.1037044563,
"YE","Yemen",2012,87.41461945,87.41461945
"YE","Yemen",2013,,
"ZM","Zambia",2000,,
"ZM","Zambia",2001,,
"ZM","Zambia",2002,69.08881378,69.08881378
"ZM","Zambia",2003,68.080978392,
"ZM","Zambia",2004,67.073143004,
"ZM","Zambia",2005,66.065307616,
"ZM","Zambia",2006,65.057472228,
"ZM","Zambia",2007,64.04963684,64.04963684
"ZM","Zambia",2008,,
"ZM","Zambia",2009,,
"ZM","Zambia",2010,,
"ZM","Zambia",2011,,
"ZM","Zambia",2012,,
"ZM","Zambia",2013,,
"ZW","Zimbabwe",2000,,
"ZW","Zimbabwe",2001,,
"ZW","Zimbabwe",2002,,
"ZW","Zimbabwe",2003,,
"ZW","Zimbabwe",2004,,
"ZW","Zimbabwe",2005,,
"ZW","Zimbabwe",2006,,
"ZW","Zimbabwe",2007,,
"ZW","Zimbabwe",2008,,
"ZW","Zimbabwe",2009,,
"ZW","Zimbabwe",2010,,
"ZW","Zimbabwe",2011,90.93070221,90.93070221
"ZW","Zimbabwe",2012,,
"ZW","Zimbabwe",2013,,
