"series","country-year"
"id","gdp-pc-usd-current"
"type","simple"
"parent",
"name","Gross domestic product (current US$) per capita"
"columns","id, year, value"
"description","GDP (current US$) per capita"
"default-scale","log"
"theme",
"theme-order",
"global-picture-color-ramp",
"uom","USD"
"uom_display","USD"
"source",
"calculation","gdp-usd-current/population-total"
"format",
"highorlow","highisbetter"
"range",
"interpolated",
"missing-donor","NA"
"missing-recipient","NA"
"laymans-decription",
"laymans-heading",
