"id","entity-name","year","value"
"AF","Afghanistan",2000,54.84856098
"AF","Afghanistan",2001,55.25621951
"AF","Afghanistan",2002,55.67187805
"AF","Afghanistan",2003,56.10756098
"AF","Afghanistan",2004,56.56973171
"AF","Afghanistan",2005,57.05843902
"AF","Afghanistan",2006,57.57065854
"AF","Afghanistan",2007,58.09136585
"AF","Afghanistan",2008,58.60709756
"AF","Afghanistan",2009,59.11234146
"AF","Afghanistan",2010,59.60009756
"AF","Afghanistan",2011,60.06536585
"AF","Afghanistan",2012,60.50912195
"AF","Afghanistan",2013,
"AL","Albania",2000,74.27207317
"AL","Albania",2001,74.73421951
"AL","Albania",2002,75.15795122
"AL","Albania",2003,75.52936585
"AL","Albania",2004,75.839
"AL","Albania",2005,76.08939024
"AL","Albania",2006,76.29053659
"AL","Albania",2007,76.46485366
"AL","Albania",2008,76.63231707
"AL","Albania",2009,76.80187805
"AL","Albania",2010,76.9785122
"AL","Albania",2011,77.16321951
"AL","Albania",2012,77.35046341
"AL","Albania",2013,
"DZ","Algeria",2000,68.93019512
"DZ","Algeria",2001,69.12043902
"DZ","Algeria",2002,69.30526829
"DZ","Algeria",2003,69.4862439
"DZ","Algeria",2004,69.66387805
"DZ","Algeria",2005,69.83860976
"DZ","Algeria",2006,70.00836585
"DZ","Algeria",2007,70.17104878
"DZ","Algeria",2008,70.32707317
"DZ","Algeria",2009,70.47492683
"DZ","Algeria",2010,70.61660976
"DZ","Algeria",2011,70.75168293
"DZ","Algeria",2012,70.88217073
"DZ","Algeria",2013,
"AS","American Samoa",2000,
"AS","American Samoa",2001,
"AS","American Samoa",2002,
"AS","American Samoa",2003,
"AS","American Samoa",2004,
"AS","American Samoa",2005,
"AS","American Samoa",2006,
"AS","American Samoa",2007,
"AS","American Samoa",2008,
"AS","American Samoa",2009,
"AS","American Samoa",2010,
"AS","American Samoa",2011,
"AS","American Samoa",2012,
"AS","American Samoa",2013,
"AD","Andorra",2000,
"AD","Andorra",2001,
"AD","Andorra",2002,
"AD","Andorra",2003,
"AD","Andorra",2004,
"AD","Andorra",2005,
"AD","Andorra",2006,
"AD","Andorra",2007,
"AD","Andorra",2008,
"AD","Andorra",2009,
"AD","Andorra",2010,
"AD","Andorra",2011,
"AD","Andorra",2012,
"AD","Andorra",2013,
"AO","Angola",2000,45.20478049
"AO","Angola",2001,45.97314634
"AO","Angola",2002,46.71173171
"AO","Angola",2003,47.39317073
"AO","Angola",2004,48.0035122
"AO","Angola",2005,48.53880488
"AO","Angola",2006,49.00704878
"AO","Angola",2007,49.43573171
"AO","Angola",2008,49.84739024
"AO","Angola",2009,50.25102439
"AO","Angola",2010,50.65417073
"AO","Angola",2011,51.05931707
"AO","Angola",2012,51.464
"AO","Angola",2013,
"AG","Antigua and Barbuda",2000,73.39729268
"AG","Antigua and Barbuda",2001,73.60607317
"AG","Antigua and Barbuda",2002,73.81339024
"AG","Antigua and Barbuda",2003,74.01921951
"AG","Antigua and Barbuda",2004,74.22204878
"AG","Antigua and Barbuda",2005,74.42185366
"AG","Antigua and Barbuda",2006,74.61609756
"AG","Antigua and Barbuda",2007,74.80478049
"AG","Antigua and Barbuda",2008,74.98687805
"AG","Antigua and Barbuda",2009,75.16241463
"AG","Antigua and Barbuda",2010,75.33390244
"AG","Antigua and Barbuda",2011,75.50036585
"AG","Antigua and Barbuda",2012,75.66531707
"AG","Antigua and Barbuda",2013,
"AR","Argentina",2000,73.74565854
"AR","Argentina",2001,73.95368293
"AR","Argentina",2002,74.15878049
"AR","Argentina",2003,74.35995122
"AR","Argentina",2004,74.55773171
"AR","Argentina",2005,74.75165854
"AR","Argentina",2006,74.94121951
"AR","Argentina",2007,75.12690244
"AR","Argentina",2008,75.30819512
"AR","Argentina",2009,75.48709756
"AR","Argentina",2010,75.66356098
"AR","Argentina",2011,75.83860976
"AR","Argentina",2012,76.01268293
"AR","Argentina",2013,
"AM","Armenia",2000,71.27653659
"AM","Armenia",2001,71.75565854
"AM","Armenia",2002,72.2022439
"AM","Armenia",2003,72.61097561
"AM","Armenia",2004,72.97492683
"AM","Armenia",2005,73.28856098
"AM","Armenia",2006,73.54982927
"AM","Armenia",2007,73.76463415
"AM","Armenia",2008,73.94387805
"AM","Armenia",2009,74.09304878
"AM","Armenia",2010,74.21965854
"AM","Armenia",2011,74.33219512
"AM","Armenia",2012,74.43721951
"AM","Armenia",2013,
"AW","Aruba",2000,73.72060976
"AW","Aruba",2001,73.78290244
"AW","Aruba",2002,73.8652439
"AW","Aruba",2003,73.96856098
"AW","Aruba",2004,74.09085366
"AW","Aruba",2005,74.22807317
"AW","Aruba",2006,74.37570732
"AW","Aruba",2007,74.5262439
"AW","Aruba",2008,74.67421951
"AW","Aruba",2009,74.81614634
"AW","Aruba",2010,74.95202439
"AW","Aruba",2011,75.08039024
"AW","Aruba",2012,75.2067561
"AW","Aruba",2013,
"AU","Australia",2000,79.23414634
"AU","Australia",2001,79.63414634
"AU","Australia",2002,79.93658537
"AU","Australia",2003,80.23902439
"AU","Australia",2004,80.4902439
"AU","Australia",2005,80.84146341
"AU","Australia",2006,81.04146341
"AU","Australia",2007,81.29268293
"AU","Australia",2008,81.39512195
"AU","Australia",2009,81.54390244
"AU","Australia",2010,81.69512195
"AU","Australia",2011,81.89512195
"AU","Australia",2012,82.09512195
"AU","Australia",2013,
"AT","Austria",2000,78.02682927
"AT","Austria",2001,78.52682927
"AT","Austria",2002,78.67804878
"AT","Austria",2003,78.63170732
"AT","Austria",2004,79.1804878
"AT","Austria",2005,79.33170732
"AT","Austria",2006,79.83170732
"AT","Austria",2007,79.98292683
"AT","Austria",2008,80.23414634
"AT","Austria",2009,80.08292683
"AT","Austria",2010,80.38292683
"AT","Austria",2011,80.98292683
"AT","Austria",2012,80.93658537
"AT","Austria",2013,
"AZ","Azerbaijan",2000,66.7582439
"AZ","Azerbaijan",2001,67.15029268
"AZ","Azerbaijan",2002,67.56107317
"AZ","Azerbaijan",2003,68.00368293
"AZ","Azerbaijan",2004,68.47019512
"AZ","Azerbaijan",2005,68.93726829
"AZ","Azerbaijan",2006,69.37473171
"AZ","Azerbaijan",2007,69.756
"AZ","Azerbaijan",2008,70.06292683
"AZ","Azerbaijan",2009,70.29265854
"AZ","Azerbaijan",2010,70.45029268
"AZ","Azerbaijan",2011,70.55129268
"AZ","Azerbaijan",2012,70.62495122
"AZ","Azerbaijan",2013,
"BS","Bahamas",2000,72.25429268
"BS","Bahamas",2001,72.54509756
"BS","Bahamas",2002,72.84126829
"BS","Bahamas",2003,73.12729268
"BS","Bahamas",2004,73.39465854
"BS","Bahamas",2005,73.63887805
"BS","Bahamas",2006,73.85895122
"BS","Bahamas",2007,74.05946341
"BS","Bahamas",2008,74.24743902
"BS","Bahamas",2009,74.42390244
"BS","Bahamas",2010,74.59239024
"BS","Bahamas",2011,74.75490244
"BS","Bahamas",2012,74.91446341
"BS","Bahamas",2013,
"BH","Bahrain",2000,74.5892439
"BH","Bahrain",2001,74.77670732
"BH","Bahrain",2002,74.96021951
"BH","Bahrain",2003,75.1407561
"BH","Bahrain",2004,75.31880488
"BH","Bahrain",2005,75.49231707
"BH","Bahrain",2006,75.66073171
"BH","Bahrain",2007,75.823
"BH","Bahrain",2008,75.97660976
"BH","Bahrain",2009,76.12404878
"BH","Bahrain",2010,76.26485366
"BH","Bahrain",2011,76.40204878
"BH","Bahrain",2012,76.53619512
"BH","Bahrain",2013,
"BD","Bangladesh",2000,65.31973171
"BD","Bangladesh",2001,65.79034146
"BD","Bangladesh",2002,66.23990244
"BD","Bangladesh",2003,66.67092683
"BD","Bangladesh",2004,67.08597561
"BD","Bangladesh",2005,67.48956098
"BD","Bangladesh",2006,67.88726829
"BD","Bangladesh",2007,68.28314634
"BD","Bangladesh",2008,68.68070732
"BD","Bangladesh",2009,69.08192683
"BD","Bangladesh",2010,69.48580488
"BD","Bangladesh",2011,69.89180488
"BD","Bangladesh",2012,70.29485366
"BD","Bangladesh",2013,
"BB","Barbados",2000,73.0194878
"BB","Barbados",2001,73.21287805
"BB","Barbados",2002,73.4017561
"BB","Barbados",2003,73.58765854
"BB","Barbados",2004,73.77004878
"BB","Barbados",2005,73.94895122
"BB","Barbados",2006,74.12482927
"BB","Barbados",2007,74.29721951
"BB","Barbados",2008,74.46758537
"BB","Barbados",2009,74.63543902
"BB","Barbados",2010,74.80178049
"BB","Barbados",2011,74.96714634
"BB","Barbados",2012,75.13202439
"BB","Barbados",2013,
"BY","Belarus",2000,68.91219512
"BY","Belarus",2001,68.50731707
"BY","Belarus",2002,68.05609756
"BY","Belarus",2003,68.55365854
"BY","Belarus",2004,68.95609756
"BY","Belarus",2005,68.85121951
"BY","Belarus",2006,69.40487805
"BY","Belarus",2007,70.20341463
"BY","Belarus",2008,70.45609756
"BY","Belarus",2009,70.40731707
"BY","Belarus",2010,70.40487805
"BY","Belarus",2011,70.65121951
"BY","Belarus",2012,72.06341463
"BY","Belarus",2013,
"BE","Belgium",2000,77.72195122
"BE","Belgium",2001,77.97317073
"BE","Belgium",2002,78.07560976
"BE","Belgium",2003,78.12926829
"BE","Belgium",2004,78.87804878
"BE","Belgium",2005,78.9804878
"BE","Belgium",2006,79.3804878
"BE","Belgium",2007,79.78292683
"BE","Belgium",2008,79.6804878
"BE","Belgium",2009,79.98292683
"BE","Belgium",2010,80.23414634
"BE","Belgium",2011,80.58536585
"BE","Belgium",2012,80.38536585
"BE","Belgium",2013,
"BZ","Belize",2000,70.53904878
"BZ","Belize",2001,70.82443902
"BZ","Belize",2002,71.13695122
"BZ","Belize",2003,71.45339024
"BZ","Belize",2004,71.7594878
"BZ","Belize",2005,72.04631707
"BZ","Belize",2006,72.31236585
"BZ","Belize",2007,72.56373171
"BZ","Belize",2008,72.80770732
"BZ","Belize",2009,73.0432439
"BZ","Belize",2010,73.2704878
"BZ","Belize",2011,73.48780488
"BZ","Belize",2012,73.69914634
"BZ","Belize",2013,
"BJ","Benin",2000,55.1882439
"BJ","Benin",2001,55.4664878
"BJ","Benin",2002,55.81431707
"BJ","Benin",2003,56.20807317
"BJ","Benin",2004,56.63317073
"BJ","Benin",2005,57.06697561
"BJ","Benin",2006,57.48687805
"BJ","Benin",2007,57.87387805
"BJ","Benin",2008,58.216
"BJ","Benin",2009,58.5067561
"BJ","Benin",2010,58.74668293
"BJ","Benin",2011,58.94490244
"BJ","Benin",2012,59.1194878
"BJ","Benin",2013,
"BM","Bermuda",2000,77.88536585
"BM","Bermuda",2001,77.88536585
"BM","Bermuda",2002,78.08780488
"BM","Bermuda",2003,78.33414634
"BM","Bermuda",2004,78.48536585
"BM","Bermuda",2005,78.68536585
"BM","Bermuda",2006,78.88780488
"BM","Bermuda",2007,78.93414634
"BM","Bermuda",2008,79.23658537
"BM","Bermuda",2009,79.38843902
"BM","Bermuda",2010,79.28853659
"BM","Bermuda",2011,79.28853659
"BM","Bermuda",2012,79.28853659
"BM","Bermuda",2013,
"BT","Bhutan",2000,60.29080488
"BT","Bhutan",2001,61.0447561
"BT","Bhutan",2002,61.80019512
"BT","Bhutan",2003,62.55412195
"BT","Bhutan",2004,63.3005122
"BT","Bhutan",2005,64.02641463
"BT","Bhutan",2006,64.71831707
"BT","Bhutan",2007,65.36573171
"BT","Bhutan",2008,65.96268293
"BT","Bhutan",2009,66.50768293
"BT","Bhutan",2010,67.00468293
"BT","Bhutan",2011,67.46073171
"BT","Bhutan",2012,67.88926829
"BT","Bhutan",2013,
"BO","Bolivia ",2000,62.95460976
"BO","Bolivia ",2001,63.31553659
"BO","Bolivia ",2002,63.67160976
"BO","Bolivia ",2003,64.02026829
"BO","Bolivia ",2004,64.3635122
"BO","Bolivia ",2005,64.70078049
"BO","Bolivia ",2006,65.03309756
"BO","Bolivia ",2007,65.36190244
"BO","Bolivia ",2008,65.68570732
"BO","Bolivia ",2009,66.00546341
"BO","Bolivia ",2010,66.31970732
"BO","Bolivia ",2011,66.62692683
"BO","Bolivia ",2012,66.92663415
"BO","Bolivia ",2013,
"BA","Bosnia and Herzegovina",2000,74.66917073
"BA","Bosnia and Herzegovina",2001,74.92109756
"BA","Bosnia and Herzegovina",2002,74.98714634
"BA","Bosnia and Herzegovina",2003,75.0104878
"BA","Bosnia and Herzegovina",2004,75.04107317
"BA","Bosnia and Herzegovina",2005,75.11239024
"BA","Bosnia and Herzegovina",2006,75.23095122
"BA","Bosnia and Herzegovina",2007,75.3704878
"BA","Bosnia and Herzegovina",2008,75.51097561
"BA","Bosnia and Herzegovina",2009,75.65587805
"BA","Bosnia and Herzegovina",2010,75.80668293
"BA","Bosnia and Herzegovina",2011,75.96241463
"BA","Bosnia and Herzegovina",2012,76.12114634
"BA","Bosnia and Herzegovina",2013,
"BW","Botswana",2000,50.48963415
"BW","Botswana",2001,49.41117073
"BW","Botswana",2002,48.49968293
"BW","Botswana",2003,47.7454878
"BW","Botswana",2004,47.15543902
"BW","Botswana",2005,46.72695122
"BW","Botswana",2006,46.44797561
"BW","Botswana",2007,46.29609756
"BW","Botswana",2008,46.25036585
"BW","Botswana",2009,46.30026829
"BW","Botswana",2010,46.44029268
"BW","Botswana",2011,46.66895122
"BW","Botswana",2012,46.99070732
"BW","Botswana",2013,
"BR","Brazil",2000,70.25739024
"BR","Brazil",2001,70.56965854
"BR","Brazil",2002,70.86956098
"BR","Brazil",2003,71.15960976
"BR","Brazil",2004,71.44178049
"BR","Brazil",2005,71.71853659
"BR","Brazil",2006,71.99178049
"BR","Brazil",2007,72.26290244
"BR","Brazil",2008,72.53387805
"BR","Brazil",2009,72.80417073
"BR","Brazil",2010,73.07531707
"BR","Brazil",2011,73.34736585
"BR","Brazil",2012,73.61787805
"BR","Brazil",2013,
"BN","Brunei",2000,76.03095122
"BN","Brunei",2001,76.23880488
"BN","Brunei",2002,76.44263415
"BN","Brunei",2003,76.6424878
"BN","Brunei",2004,76.83931707
"BN","Brunei",2005,77.03268293
"BN","Brunei",2006,77.22460976
"BN","Brunei",2007,77.41609756
"BN","Brunei",2008,77.60619512
"BN","Brunei",2009,77.79787805
"BN","Brunei",2010,77.98865854
"BN","Brunei",2011,78.18102439
"BN","Brunei",2012,78.37346341
"BN","Brunei",2013,
"BG","Bulgaria",2000,71.66341463
"BG","Bulgaria",2001,71.76829268
"BG","Bulgaria",2002,71.86585366
"BG","Bulgaria",2003,72.06585366
"BG","Bulgaria",2004,72.56341463
"BG","Bulgaria",2005,72.56097561
"BG","Bulgaria",2006,72.61219512
"BG","Bulgaria",2007,72.66341463
"BG","Bulgaria",2008,72.96341463
"BG","Bulgaria",2009,73.41219512
"BG","Bulgaria",2010,73.51219512
"BG","Bulgaria",2011,74.16341463
"BG","Bulgaria",2012,74.31463415
"BG","Bulgaria",2013,
"BF","Burkina Faso",2000,50.4827561
"BF","Burkina Faso",2001,50.85807317
"BF","Burkina Faso",2002,51.2727561
"BF","Burkina Faso",2003,51.71756098
"BF","Burkina Faso",2004,52.18278049
"BF","Burkina Faso",2005,52.65870732
"BF","Burkina Faso",2006,53.13968293
"BF","Burkina Faso",2007,53.61968293
"BF","Burkina Faso",2008,54.09419512
"BF","Burkina Faso",2009,54.55768293
"BF","Burkina Faso",2010,55.0067561
"BF","Burkina Faso",2011,55.4404878
"BF","Burkina Faso",2012,55.86202439
"BF","Burkina Faso",2013,
"BI","Burundi",2000,48.20802439
"BI","Burundi",2001,48.49492683
"BI","Burundi",2002,48.80356098
"BI","Burundi",2003,49.15695122
"BI","Burundi",2004,49.55809756
"BI","Burundi",2005,50.007
"BI","Burundi",2006,50.49960976
"BI","Burundi",2007,51.02146341
"BI","Burundi",2008,51.55658537
"BI","Burundi",2009,52.09407317
"BI","Burundi",2010,52.62402439
"BI","Burundi",2011,53.13656098
"BI","Burundi",2012,53.6287561
"BI","Burundi",2013,
"CI","Côte d'Ivoire",2000,46.45390244
"CI","Côte d'Ivoire",2001,46.27312195
"CI","Côte d'Ivoire",2002,46.28358537
"CI","Côte d'Ivoire",2003,46.46295122
"CI","Côte d'Ivoire",2004,46.791
"CI","Côte d'Ivoire",2005,47.23229268
"CI","Côte d'Ivoire",2006,47.74265854
"CI","Côte d'Ivoire",2007,48.27370732
"CI","Côte d'Ivoire",2008,48.78663415
"CI","Côte d'Ivoire",2009,49.25682927
"CI","Côte d'Ivoire",2010,49.67529268
"CI","Côte d'Ivoire",2011,50.04756098
"CI","Côte d'Ivoire",2012,50.40173171
"CI","Côte d'Ivoire",2013,
"KH","Cambodia",2000,61.88726829
"KH","Cambodia",2001,62.87502439
"KH","Cambodia",2002,63.90914634
"KH","Cambodia",2003,64.96756098
"KH","Cambodia",2004,66.02470732
"KH","Cambodia",2005,67.04312195
"KH","Cambodia",2006,67.98282927
"KH","Cambodia",2007,68.82095122
"KH","Cambodia",2008,69.54404878
"KH","Cambodia",2009,70.14819512
"KH","Cambodia",2010,70.64336585
"KH","Cambodia",2011,71.05109756
"KH","Cambodia",2012,71.40882927
"KH","Cambodia",2013,
"CM","Cameroon",2000,51.93587805
"CM","Cameroon",2001,51.75719512
"CM","Cameroon",2002,51.65526829
"CM","Cameroon",2003,51.63904878
"CM","Cameroon",2004,51.7164878
"CM","Cameroon",2005,51.88904878
"CM","Cameroon",2006,52.1502439
"CM","Cameroon",2007,52.47914634
"CM","Cameroon",2008,52.85582927
"CM","Cameroon",2009,53.26485366
"CM","Cameroon",2010,53.69482927
"CM","Cameroon",2011,54.13736585
"CM","Cameroon",2012,54.5875122
"CM","Cameroon",2013,
"CA","Canada",2000,79.23658537
"CA","Canada",2001,79.48780488
"CA","Canada",2002,79.5902439
"CA","Canada",2003,79.83902439
"CA","Canada",2004,80.14146341
"CA","Canada",2005,80.29268293
"CA","Canada",2006,80.64390244
"CA","Canada",2007,80.36987805
"CA","Canada",2008,80.54321951
"CA","Canada",2009,80.71709756
"CA","Canada",2010,80.8934878
"CA","Canada",2011,81.06831707
"CA","Canada",2012,81.23804878
"CA","Canada",2013,
"CV","Cape Verde",2000,69.5912439
"CV","Cape Verde",2001,70.04778049
"CV","Cape Verde",2002,70.50814634
"CV","Cape Verde",2003,70.96826829
"CV","Cape Verde",2004,71.42260976
"CV","Cape Verde",2005,71.86658537
"CV","Cape Verde",2006,72.29609756
"CV","Cape Verde",2007,72.71063415
"CV","Cape Verde",2008,73.10963415
"CV","Cape Verde",2009,73.49158537
"CV","Cape Verde",2010,73.85697561
"CV","Cape Verde",2011,74.20682927
"CV","Cape Verde",2012,74.54373171
"CV","Cape Verde",2013,
"CF","CAR",2000,43.69231707
"CF","CAR",2001,43.78739024
"CF","CAR",2002,43.96358537
"CF","CAR",2003,44.22390244
"CF","CAR",2004,44.56782927
"CF","CAR",2005,44.99592683
"CF","CAR",2006,45.50819512
"CF","CAR",2007,46.0912439
"CF","CAR",2008,46.72912195
"CF","CAR",2009,47.40492683
"CF","CAR",2010,48.09873171
"CF","CAR",2011,48.79304878
"CF","CAR",2012,49.47539024
"CF","CAR",2013,
"KY","Cayman Islands",2000,
"KY","Cayman Islands",2001,
"KY","Cayman Islands",2002,
"KY","Cayman Islands",2003,
"KY","Cayman Islands",2004,
"KY","Cayman Islands",2005,
"KY","Cayman Islands",2006,
"KY","Cayman Islands",2007,
"KY","Cayman Islands",2008,
"KY","Cayman Islands",2009,
"KY","Cayman Islands",2010,
"KY","Cayman Islands",2011,
"KY","Cayman Islands",2012,
"KY","Cayman Islands",2013,
"TD","Chad",2000,46.68717073
"TD","Chad",2001,46.78702439
"TD","Chad",2002,46.92970732
"TD","Chad",2003,47.12314634
"TD","Chad",2004,47.36978049
"TD","Chad",2005,47.67156098
"TD","Chad",2006,48.028
"TD","Chad",2007,48.42717073
"TD","Chad",2008,48.85717073
"TD","Chad",2009,49.30753659
"TD","Chad",2010,49.76985366
"TD","Chad",2011,50.23619512
"TD","Chad",2012,50.70058537
"TD","Chad",2013,
"CL","Chile",2000,76.75856098
"CL","Chile",2001,77.13104878
"CL","Chile",2002,77.4615122
"CL","Chile",2003,77.73792683
"CL","Chile",2004,77.95980488
"CL","Chile",2005,78.13721951
"CL","Chile",2006,78.2897561
"CL","Chile",2007,78.44297561
"CL","Chile",2008,78.61741463
"CL","Chile",2009,78.81858537
"CL","Chile",2010,79.05046341
"CL","Chile",2011,79.3065122
"CL","Chile",2012,79.57265854
"CL","Chile",2013,
"CN","China",2000,72.14073171
"CN","China",2001,72.61978049
"CN","China",2002,73.06960976
"CN","China",2003,73.46509756
"CN","China",2004,73.79370732
"CN","China",2005,74.05390244
"CN","China",2006,74.25631707
"CN","China",2007,74.42407317
"CN","China",2008,74.57982927
"CN","China",2009,74.73163415
"CN","China",2010,74.88502439
"CN","China",2011,75.042
"CN","China",2012,75.1995122
"CN","China",2013,
"CO","Colombia",2000,70.98721951
"CO","Colombia",2001,71.25790244
"CO","Colombia",2002,71.51729268
"CO","Colombia",2003,71.771
"CO","Colombia",2004,72.01860976
"CO","Colombia",2005,72.26060976
"CO","Colombia",2006,72.49558537
"CO","Colombia",2007,72.72304878
"CO","Colombia",2008,72.94353659
"CO","Colombia",2009,73.15807317
"CO","Colombia",2010,73.36768293
"CO","Colombia",2011,73.57385366
"CO","Colombia",2012,73.77707317
"CO","Colombia",2013,
"KM","Comoros",2000,57.87943902
"KM","Comoros",2001,58.11380488
"KM","Comoros",2002,58.34870732
"KM","Comoros",2003,58.58314634
"KM","Comoros",2004,58.81804878
"KM","Comoros",2005,59.05239024
"KM","Comoros",2006,59.28604878
"KM","Comoros",2007,59.519
"KM","Comoros",2008,59.74970732
"KM","Comoros",2009,59.97817073
"KM","Comoros",2010,60.20341463
"KM","Comoros",2011,60.4254878
"KM","Comoros",2012,60.644
"KM","Comoros",2013,
"CG","Congo",2000,52.30192683
"CG","Congo",2001,52.4412439
"CG","Congo",2002,52.69217073
"CG","Congo",2003,53.04880488
"CG","Congo",2004,53.49965854
"CG","Congo",2005,54.03329268
"CG","Congo",2006,54.63426829
"CG","Congo",2007,55.27617073
"CG","Congo",2008,55.93404878
"CG","Congo",2009,56.5844878
"CG","Congo",2010,57.20402439
"CG","Congo",2011,57.77521951
"CG","Congo",2012,58.29656098
"CG","Congo",2013,
"CR","Costa Rica",2000,77.7344878
"CR","Costa Rica",2001,77.89580488
"CR","Costa Rica",2002,78.04409756
"CR","Costa Rica",2003,78.18239024
"CR","Costa Rica",2004,78.31417073
"CR","Costa Rica",2005,78.44602439
"CR","Costa Rica",2006,78.5845122
"CR","Costa Rica",2007,78.73465854
"CR","Costa Rica",2008,78.9004878
"CR","Costa Rica",2009,79.0825122
"CR","Costa Rica",2010,79.27970732
"CR","Costa Rica",2011,79.48956098
"CR","Costa Rica",2012,79.70502439
"CR","Costa Rica",2013,
"HR","Croatia",2000,72.80780488
"HR","Croatia",2001,74.51292683
"HR","Croatia",2002,74.71731707
"HR","Croatia",2003,74.61390244
"HR","Croatia",2004,75.5202439
"HR","Croatia",2005,75.24463415
"HR","Croatia",2006,75.83682927
"HR","Croatia",2007,75.70560976
"HR","Croatia",2008,75.91219512
"HR","Croatia",2009,76.16829268
"HR","Croatia",2010,76.47560976
"HR","Croatia",2011,76.77560976
"HR","Croatia",2012,76.92439024
"HR","Croatia",2013,
"CU","Cuba",2000,76.66895122
"CU","Cuba",2001,76.87180488
"CU","Cuba",2002,77.07190244
"CU","Cuba",2003,77.27768293
"CU","Cuba",2004,77.49014634
"CU","Cuba",2005,77.70690244
"CU","Cuba",2006,77.92509756
"CU","Cuba",2007,78.13743902
"CU","Cuba",2008,78.34104878
"CU","Cuba",2009,78.534
"CU","Cuba",2010,78.71778049
"CU","Cuba",2011,78.89382927
"CU","Cuba",2012,79.06702439
"CU","Cuba",2013,
"CW","Curaçao",2000,
"CW","Curaçao",2001,
"CW","Curaçao",2002,
"CW","Curaçao",2003,
"CW","Curaçao",2004,
"CW","Curaçao",2005,
"CW","Curaçao",2006,74.7097561
"CW","Curaçao",2007,75.36341463
"CW","Curaçao",2008,75.3097561
"CW","Curaçao",2009,76.15609756
"CW","Curaçao",2010,
"CW","Curaçao",2011,77.47317073
"CW","Curaçao",2012,
"CW","Curaçao",2013,
"CY","Cyprus",2000,77.97165854
"CY","Cyprus",2001,78.10197561
"CY","Cyprus",2002,78.22926829
"CY","Cyprus",2003,78.35304878
"CY","Cyprus",2004,78.47634146
"CY","Cyprus",2005,78.60119512
"CY","Cyprus",2006,78.72914634
"CY","Cyprus",2007,78.86373171
"CY","Cyprus",2008,79.00495122
"CY","Cyprus",2009,79.15382927
"CY","Cyprus",2010,79.30982927
"CY","Cyprus",2011,79.47195122
"CY","Cyprus",2012,79.63712195
"CY","Cyprus",2013,
"CZ","Czech Republic",2000,74.96829268
"CZ","Czech Republic",2001,75.17317073
"CZ","Czech Republic",2002,75.22195122
"CZ","Czech Republic",2003,75.17073171
"CZ","Czech Republic",2004,75.72195122
"CZ","Czech Republic",2005,75.92439024
"CZ","Czech Republic",2006,76.52439024
"CZ","Czech Republic",2007,76.72439024
"CZ","Czech Republic",2008,76.97560976
"CZ","Czech Republic",2009,77.07804878
"CZ","Czech Republic",2010,77.42439024
"CZ","Czech Republic",2011,77.87317073
"CZ","Czech Republic",2012,78.07560976
"CZ","Czech Republic",2013,
"DK","Denmark",2000,76.59268293
"DK","Denmark",2001,76.79268293
"DK","Denmark",2002,76.89512195
"DK","Denmark",2003,77.14390244
"DK","Denmark",2004,77.49268293
"DK","Denmark",2005,77.84390244
"DK","Denmark",2006,78.09512195
"DK","Denmark",2007,78.19512195
"DK","Denmark",2008,78.44634146
"DK","Denmark",2009,78.59756098
"DK","Denmark",2010,79.1
"DK","Denmark",2011,79.8
"DK","Denmark",2012,80.05121951
"DK","Denmark",2013,
"DJ","Djibouti",2000,57.01034146
"DJ","Djibouti",2001,57.0882439
"DJ","Djibouti",2002,57.22056098
"DJ","Djibouti",2003,57.41121951
"DJ","Djibouti",2004,57.66363415
"DJ","Djibouti",2005,57.98129268
"DJ","Djibouti",2006,58.36417073
"DJ","Djibouti",2007,58.80034146
"DJ","Djibouti",2008,59.27587805
"DJ","Djibouti",2009,59.77731707
"DJ","Djibouti",2010,60.29119512
"DJ","Djibouti",2011,60.80307317
"DJ","Djibouti",2012,61.30397561
"DJ","Djibouti",2013,
"DM","Dominica",2000,
"DM","Dominica",2001,
"DM","Dominica",2002,76.59756098
"DM","Dominica",2003,
"DM","Dominica",2004,
"DM","Dominica",2005,
"DM","Dominica",2006,
"DM","Dominica",2007,
"DM","Dominica",2008,
"DM","Dominica",2009,
"DM","Dominica",2010,
"DM","Dominica",2011,
"DM","Dominica",2012,
"DM","Dominica",2013,
"DO","Dominican Republic",2000,70.63273171
"DO","Dominican Republic",2001,70.83743902
"DO","Dominican Republic",2002,71.04831707
"DO","Dominican Republic",2003,71.26085366
"DO","Dominican Republic",2004,71.47507317
"DO","Dominican Republic",2005,71.69141463
"DO","Dominican Republic",2006,71.90934146
"DO","Dominican Republic",2007,72.12931707
"DO","Dominican Republic",2008,72.34978049
"DO","Dominican Republic",2009,72.57121951
"DO","Dominican Republic",2010,72.79214634
"DO","Dominican Republic",2011,73.01304878
"DO","Dominican Republic",2012,73.23297561
"DO","Dominican Republic",2013,
"CD","DRC",2000,46.35573171
"CD","DRC",2001,46.67804878
"CD","DRC",2002,47.01914634
"CD","DRC",2003,47.3314878
"CD","DRC",2004,47.59912195
"CD","DRC",2005,47.82160976
"CD","DRC",2006,48.01553659
"CD","DRC",2007,48.2135122
"CD","DRC",2008,48.43958537
"CD","DRC",2009,48.69780488
"CD","DRC",2010,48.98768293
"CD","DRC",2011,49.30070732
"CD","DRC",2012,49.62326829
"CD","DRC",2013,
"EC","Ecuador",2000,73.35685366
"EC","Ecuador",2001,73.69739024
"EC","Ecuador",2002,73.99058537
"EC","Ecuador",2003,74.239
"EC","Ecuador",2004,74.44714634
"EC","Ecuador",2005,74.629
"EC","Ecuador",2006,74.80004878
"EC","Ecuador",2007,74.97873171
"EC","Ecuador",2008,75.1765122
"EC","Ecuador",2009,75.39934146
"EC","Ecuador",2010,75.64770732
"EC","Ecuador",2011,75.91660976
"EC","Ecuador",2012,76.19256098
"EC","Ecuador",2013,
"EG","Egypt",2000,68.5912439
"EG","Egypt",2001,68.78643902
"EG","Egypt",2002,68.95168293
"EG","Egypt",2003,69.1074878
"EG","Egypt",2004,69.26382927
"EG","Egypt",2005,69.43114634
"EG","Egypt",2006,69.61390244
"EG","Egypt",2007,69.80856098
"EG","Egypt",2008,70.01360976
"EG","Egypt",2009,70.22802439
"EG","Egypt",2010,70.45082927
"EG","Egypt",2011,70.67856098
"EG","Egypt",2012,70.9072439
"EG","Egypt",2013,
"SV","El Salvador",2000,69.55878049
"SV","El Salvador",2001,69.75082927
"SV","El Salvador",2002,69.95195122
"SV","El Salvador",2003,70.14958537
"SV","El Salvador",2004,70.34773171
"SV","El Salvador",2005,70.54639024
"SV","El Salvador",2006,70.75056098
"SV","El Salvador",2007,70.9602439
"SV","El Salvador",2008,71.17795122
"SV","El Salvador",2009,71.40265854
"SV","El Salvador",2010,71.63441463
"SV","El Salvador",2011,71.86870732
"SV","El Salvador",2012,72.10453659
"SV","El Salvador",2013,
"GQ","Equatorial Guinea",2000,47.76370732
"GQ","Equatorial Guinea",2001,47.83773171
"GQ","Equatorial Guinea",2002,47.9765122
"GQ","Equatorial Guinea",2003,48.19097561
"GQ","Equatorial Guinea",2004,48.48709756
"GQ","Equatorial Guinea",2005,48.86836585
"GQ","Equatorial Guinea",2006,49.32782927
"GQ","Equatorial Guinea",2007,49.84507317
"GQ","Equatorial Guinea",2008,50.39573171
"GQ","Equatorial Guinea",2009,50.96536585
"GQ","Equatorial Guinea",2010,51.53307317
"GQ","Equatorial Guinea",2011,52.08490244
"GQ","Equatorial Guinea",2012,52.61290244
"GQ","Equatorial Guinea",2013,
"ER","Eritrea",2000,56.02653659
"ER","Eritrea",2001,56.58985366
"ER","Eritrea",2002,57.119
"ER","Eritrea",2003,57.62843902
"ER","Eritrea",2004,58.12819512
"ER","Eritrea",2005,58.62678049
"ER","Eritrea",2006,59.1292439
"ER","Eritrea",2007,59.63621951
"ER","Eritrea",2008,60.1472439
"ER","Eritrea",2009,60.66336585
"ER","Eritrea",2010,61.18509756
"ER","Eritrea",2011,61.71092683
"ER","Eritrea",2012,62.23478049
"ER","Eritrea",2013,
"EE","Estonia",2000,70.41707317
"EE","Estonia",2001,70.25853659
"EE","Estonia",2002,70.90487805
"EE","Estonia",2003,71.31707317
"EE","Estonia",2004,71.9097561
"EE","Estonia",2005,72.56829268
"EE","Estonia",2006,72.69146341
"EE","Estonia",2007,72.81463415
"EE","Estonia",2008,73.77073171
"EE","Estonia",2009,74.82439024
"EE","Estonia",2010,75.42926829
"EE","Estonia",2011,76.22926829
"EE","Estonia",2012,76.42682927
"EE","Estonia",2013,
"ET","Ethiopia",2000,52.24114634
"ET","Ethiopia",2001,52.94695122
"ET","Ethiopia",2002,53.73487805
"ET","Ethiopia",2003,54.60885366
"ET","Ethiopia",2004,55.56134146
"ET","Ethiopia",2005,56.57180488
"ET","Ethiopia",2006,57.61521951
"ET","Ethiopia",2007,58.65365854
"ET","Ethiopia",2008,59.65626829
"ET","Ethiopia",2009,60.60014634
"ET","Ethiopia",2010,61.46795122
"ET","Ethiopia",2011,62.25285366
"ET","Ethiopia",2012,62.96595122
"ET","Ethiopia",2013,
"FO","Faroe Islands",2000,78.83414634
"FO","Faroe Islands",2001,78.98780488
"FO","Faroe Islands",2002,79.14146341
"FO","Faroe Islands",2003,79.24146341
"FO","Faroe Islands",2004,79.3902439
"FO","Faroe Islands",2005,79.53902439
"FO","Faroe Islands",2006,79.78780488
"FO","Faroe Islands",2007,80.18780488
"FO","Faroe Islands",2008,80.53658537
"FO","Faroe Islands",2009,80.88780488
"FO","Faroe Islands",2010,81.28780488
"FO","Faroe Islands",2011,81.68780488
"FO","Faroe Islands",2012,82.03902439
"FO","Faroe Islands",2013,
"FJ","Fiji",2000,67.60585366
"FJ","Fiji",2001,67.788
"FJ","Fiji",2002,67.96709756
"FJ","Fiji",2003,68.14314634
"FJ","Fiji",2004,68.31768293
"FJ","Fiji",2005,68.49178049
"FJ","Fiji",2006,68.666
"FJ","Fiji",2007,68.84239024
"FJ","Fiji",2008,69.021
"FJ","Fiji",2009,69.20080488
"FJ","Fiji",2010,69.38231707
"FJ","Fiji",2011,69.56397561
"FJ","Fiji",2012,69.74473171
"FJ","Fiji",2013,
"FI","Finland",2000,77.46585366
"FI","Finland",2001,77.96585366
"FI","Finland",2002,78.1195122
"FI","Finland",2003,78.36829268
"FI","Finland",2004,78.71463415
"FI","Finland",2005,78.81707317
"FI","Finland",2006,79.21463415
"FI","Finland",2007,79.26341463
"FI","Finland",2008,79.56829268
"FI","Finland",2009,79.7195122
"FI","Finland",2010,79.87073171
"FI","Finland",2011,80.47073171
"FI","Finland",2012,80.62682927
"FI","Finland",2013,
"FR","France",2000,79.05609756
"FR","France",2001,79.15853659
"FR","France",2002,79.26097561
"FR","France",2003,79.11463415
"FR","France",2004,80.16341463
"FR","France",2005,80.16341463
"FR","France",2006,80.81219512
"FR","France",2007,81.11219512
"FR","France",2008,81.21463415
"FR","France",2009,81.41463415
"FR","France",2010,81.66341463
"FR","France",2011,82.11463415
"FR","France",2012,82.56585366
"FR","France",2013,
"PF","French Polynesia",2000,72.45
"PF","French Polynesia",2001,72.80068293
"PF","French Polynesia",2002,73.15263415
"PF","French Polynesia",2003,73.51056098
"PF","French Polynesia",2004,73.87031707
"PF","French Polynesia",2005,74.22668293
"PF","French Polynesia",2006,74.56995122
"PF","French Polynesia",2007,74.89097561
"PF","French Polynesia",2008,75.18517073
"PF","French Polynesia",2009,75.45197561
"PF","French Polynesia",2010,75.69339024
"PF","French Polynesia",2011,75.91602439
"PF","French Polynesia",2012,76.12902439
"PF","French Polynesia",2013,
"GA","Gabon",2000,59.68802439
"GA","Gabon",2001,59.49631707
"GA","Gabon",2002,59.42292683
"GA","Gabon",2003,59.48429268
"GA","Gabon",2004,59.68385366
"GA","Gabon",2005,60.00914634
"GA","Gabon",2006,60.4312439
"GA","Gabon",2007,60.90373171
"GA","Gabon",2008,61.38570732
"GA","Gabon",2009,61.85270732
"GA","Gabon",2010,62.2897561
"GA","Gabon",2011,62.69334146
"GA","Gabon",2012,63.07392683
"GA","Gabon",2013,
"GM","Gambia",2000,55.17121951
"GM","Gambia",2001,55.4977561
"GM","Gambia",2002,55.82129268
"GM","Gambia",2003,56.14185366
"GM","Gambia",2004,56.45590244
"GM","Gambia",2005,56.76192683
"GM","Gambia",2006,57.05792683
"GM","Gambia",2007,57.34387805
"GM","Gambia",2008,57.61880488
"GM","Gambia",2009,57.88168293
"GM","Gambia",2010,58.1335122
"GM","Gambia",2011,58.37480488
"GM","Gambia",2012,58.60707317
"GM","Gambia",2013,
"GE","Georgia",2000,71.63034146
"GE","Georgia",2001,71.92978049
"GE","Georgia",2002,72.21207317
"GE","Georgia",2003,72.47173171
"GE","Georgia",2004,72.7057561
"GE","Georgia",2005,72.91070732
"GE","Georgia",2006,73.08907317
"GE","Georgia",2007,73.24843902
"GE","Georgia",2008,73.39680488
"GE","Georgia",2009,73.53773171
"GE","Georgia",2010,73.67473171
"GE","Georgia",2011,73.80978049
"GE","Georgia",2012,73.94487805
"GE","Georgia",2013,
"DE","Germany",2000,77.92682927
"DE","Germany",2001,78.32926829
"DE","Germany",2002,78.22926829
"DE","Germany",2003,78.3804878
"DE","Germany",2004,78.6804878
"DE","Germany",2005,78.93170732
"DE","Germany",2006,79.13170732
"DE","Germany",2007,79.53414634
"DE","Germany",2008,79.73658537
"DE","Germany",2009,79.83658537
"DE","Germany",2010,79.98780488
"DE","Germany",2011,80.74146341
"DE","Germany",2012,80.89268293
"DE","Germany",2013,
"GH","Ghana",2000,56.98758537
"GH","Ghana",2001,57.14760976
"GH","Ghana",2002,57.42192683
"GH","Ghana",2003,57.78665854
"GH","Ghana",2004,58.22485366
"GH","Ghana",2005,58.70453659
"GH","Ghana",2006,59.18670732
"GH","Ghana",2007,59.63785366
"GH","Ghana",2008,60.02995122
"GH","Ghana",2009,60.35102439
"GH","Ghana",2010,60.59956098
"GH","Ghana",2011,60.78858537
"GH","Ghana",2012,60.94712195
"GH","Ghana",2013,
"GR","Greece",2000,77.88780488
"GR","Greece",2001,78.38780488
"GR","Greece",2002,78.64146341
"GR","Greece",2003,78.84146341
"GR","Greece",2004,79.03902439
"GR","Greece",2005,79.23902439
"GR","Greece",2006,79.43902439
"GR","Greece",2007,79.43902439
"GR","Greece",2008,79.93902439
"GR","Greece",2009,80.18780488
"GR","Greece",2010,80.38780488
"GR","Greece",2011,80.73170732
"GR","Greece",2012,80.63414634
"GR","Greece",2013,
"GL","Greenland",2000,66.96341463
"GL","Greenland",2001,67.60780488
"GL","Greenland",2002,68.16268293
"GL","Greenland",2003,68.4404878
"GL","Greenland",2004,68.80682927
"GL","Greenland",2005,69.22585366
"GL","Greenland",2006,69.51926829
"GL","Greenland",2007,69.98268293
"GL","Greenland",2008,70.21341463
"GL","Greenland",2009,70.46780488
"GL","Greenland",2010,71.03243902
"GL","Greenland",2011,
"GL","Greenland",2012,
"GL","Greenland",2013,
"GD","Grenada",2000,70.25312195
"GD","Grenada",2001,70.47446341
"GD","Grenada",2002,70.70580488
"GD","Grenada",2003,70.94114634
"GD","Grenada",2004,71.17646341
"GD","Grenada",2005,71.4067561
"GD","Grenada",2006,71.625
"GD","Grenada",2007,71.82868293
"GD","Grenada",2008,72.01480488
"GD","Grenada",2009,72.18336585
"GD","Grenada",2010,72.33687805
"GD","Grenada",2011,72.47636585
"GD","Grenada",2012,72.61034146
"GD","Grenada",2013,
"GU","Guam",2000,75.09802439
"GU","Guam",2001,75.4527561
"GU","Guam",2002,75.79865854
"GU","Guam",2003,76.13126829
"GU","Guam",2004,76.44768293
"GU","Guam",2005,76.74753659
"GU","Guam",2006,77.03256098
"GU","Guam",2007,77.30741463
"GU","Guam",2008,77.57573171
"GU","Guam",2009,77.83904878
"GU","Guam",2010,78.10085366
"GU","Guam",2011,78.36058537
"GU","Guam",2012,78.61856098
"GU","Guam",2013,
"GT","Guatemala",2000,67.74121951
"GT","Guatemala",2001,68.2204878
"GT","Guatemala",2002,68.64585366
"GT","Guatemala",2003,69.01519512
"GT","Guatemala",2004,69.33190244
"GT","Guatemala",2005,69.60897561
"GT","Guatemala",2006,69.86441463
"GT","Guatemala",2007,70.11926829
"GT","Guatemala",2008,70.38914634
"GT","Guatemala",2009,70.68104878
"GT","Guatemala",2010,70.99597561
"GT","Guatemala",2011,71.32790244
"GT","Guatemala",2012,71.66385366
"GT","Guatemala",2013,
"GN","Guinea",2000,51.24992683
"GN","Guinea",2001,51.27629268
"GN","Guinea",2002,51.44063415
"GN","Guinea",2003,51.74902439
"GN","Guinea",2004,52.19458537
"GN","Guinea",2005,52.74512195
"GN","Guinea",2006,53.34953659
"GN","Guinea",2007,53.94370732
"GN","Guinea",2008,54.47843902
"GN","Guinea",2009,54.93187805
"GN","Guinea",2010,55.298
"GN","Guinea",2011,55.59019512
"GN","Guinea",2012,55.84465854
"GN","Guinea",2013,
"GW","Guinea-Bissau",2000,51.44692683
"GW","Guinea-Bissau",2001,51.6097561
"GW","Guinea-Bissau",2002,51.7815122
"GW","Guinea-Bissau",2003,51.96643902
"GW","Guinea-Bissau",2004,52.16609756
"GW","Guinea-Bissau",2005,52.38085366
"GW","Guinea-Bissau",2006,52.60829268
"GW","Guinea-Bissau",2007,52.84370732
"GW","Guinea-Bissau",2008,53.08173171
"GW","Guinea-Bissau",2009,53.32060976
"GW","Guinea-Bissau",2010,53.55843902
"GW","Guinea-Bissau",2011,53.79609756
"GW","Guinea-Bissau",2012,54.03363415
"GW","Guinea-Bissau",2013,
"GY","Guyana",2000,63.4847561
"GY","Guyana",2001,63.64104878
"GY","Guyana",2002,63.82421951
"GY","Guyana",2003,64.03570732
"GY","Guyana",2004,64.27331707
"GY","Guyana",2005,64.52917073
"GY","Guyana",2006,64.79126829
"GY","Guyana",2007,65.04721951
"GY","Guyana",2008,65.28719512
"GY","Guyana",2009,65.50560976
"GY","Guyana",2010,65.7024878
"GY","Guyana",2011,65.88007317
"GY","Guyana",2012,66.04626829
"GY","Guyana",2013,
"HT","Haiti",2000,57.42278049
"HT","Haiti",2001,57.69521951
"HT","Haiti",2002,58.01126829
"HT","Haiti",2003,58.38192683
"HT","Haiti",2004,58.80712195
"HT","Haiti",2005,59.28378049
"HT","Haiti",2006,59.80182927
"HT","Haiti",2007,60.33721951
"HT","Haiti",2008,60.87041463
"HT","Haiti",2009,61.38492683
"HT","Haiti",2010,61.8667561
"HT","Haiti",2011,62.30597561
"HT","Haiti",2012,62.70265854
"HT","Haiti",2013,
"HN","Honduras",2000,70.48414634
"HN","Honduras",2001,70.69707317
"HN","Honduras",2002,70.8905122
"HN","Honduras",2003,71.07746341
"HN","Honduras",2004,71.26790244
"HN","Honduras",2005,71.47331707
"HN","Honduras",2006,71.70268293
"HN","Honduras",2007,71.9565122
"HN","Honduras",2008,72.23434146
"HN","Honduras",2009,72.5342439
"HN","Honduras",2010,72.85031707
"HN","Honduras",2011,73.17319512
"HN","Honduras",2012,73.49343902
"HN","Honduras",2013,
"HK","Hong Kong",2000,80.87804878
"HK","Hong Kong",2001,81.42439024
"HK","Hong Kong",2002,81.47804878
"HK","Hong Kong",2003,81.32926829
"HK","Hong Kong",2004,81.7804878
"HK","Hong Kong",2005,81.5804878
"HK","Hong Kong",2006,82.37560976
"HK","Hong Kong",2007,82.32682927
"HK","Hong Kong",2008,82.37560976
"HK","Hong Kong",2009,82.77560976
"HK","Hong Kong",2010,82.97804878
"HK","Hong Kong",2011,83.42195122
"HK","Hong Kong",2012,83.4804878
"HK","Hong Kong",2013,
"HU","Hungary",2000,71.24634146
"HU","Hungary",2001,72.24878049
"HU","Hungary",2002,72.34878049
"HU","Hungary",2003,72.3
"HU","Hungary",2004,72.64878049
"HU","Hungary",2005,72.64878049
"HU","Hungary",2006,73.09756098
"HU","Hungary",2007,73.15121951
"HU","Hungary",2008,73.70243902
"HU","Hungary",2009,73.90487805
"HU","Hungary",2010,74.20731707
"HU","Hungary",2011,74.85853659
"HU","Hungary",2012,75.06341463
"HU","Hungary",2013,
"IS","Iceland",2000,79.65365854
"IS","Iceland",2001,80.6902439
"IS","Iceland",2002,80.50243902
"IS","Iceland",2003,80.96341463
"IS","Iceland",2004,80.99756098
"IS","Iceland",2005,81.50243902
"IS","Iceland",2006,81.15853659
"IS","Iceland",2007,81.45365854
"IS","Iceland",2008,81.6097561
"IS","Iceland",2009,81.75121951
"IS","Iceland",2010,81.89756098
"IS","Iceland",2011,82.35853659
"IS","Iceland",2012,82.91707317
"IS","Iceland",2013,
"IN","India",2000,62.16185366
"IN","India",2001,62.55663415
"IN","India",2002,62.94934146
"IN","India",2003,63.34004878
"IN","India",2004,63.72426829
"IN","India",2005,64.09758537
"IN","India",2006,64.45509756
"IN","India",2007,64.79385366
"IN","India",2008,65.11339024
"IN","India",2009,65.41319512
"IN","India",2010,65.6942439
"IN","India",2011,65.9584878
"IN","India",2012,66.21085366
"IN","India",2013,
"ID","Indonesia",2000,67.25121951
"ID","Indonesia",2001,67.58573171
"ID","Indonesia",2002,67.91426829
"ID","Indonesia",2003,68.23631707
"ID","Indonesia",2004,68.55039024
"ID","Indonesia",2005,68.85443902
"ID","Indonesia",2006,69.14595122
"ID","Indonesia",2007,69.42290244
"ID","Indonesia",2008,69.68529268
"ID","Indonesia",2009,69.93309756
"ID","Indonesia",2010,70.16785366
"ID","Indonesia",2011,70.39156098
"ID","Indonesia",2012,70.6072439
"ID","Indonesia",2013,
"IR","Iran",2000,69.60770732
"IR","Iran",2001,70.0042439
"IR","Iran",2002,70.40119512
"IR","Iran",2003,70.78136585
"IR","Iran",2004,71.14534146
"IR","Iran",2005,71.49331707
"IR","Iran",2006,71.8295122
"IR","Iran",2007,72.15860976
"IR","Iran",2008,72.4842439
"IR","Iran",2009,72.80792683
"IR","Iran",2010,73.13014634
"IR","Iran",2011,73.44931707
"IR","Iran",2012,73.76273171
"IR","Iran",2013,
"IQ","Iraq",2000,70.82992683
"IQ","Iraq",2001,70.66741463
"IQ","Iraq",2002,70.43104878
"IQ","Iraq",2003,70.12356098
"IQ","Iraq",2004,69.76865854
"IQ","Iraq",2005,69.40790244
"IQ","Iraq",2006,69.09156098
"IQ","Iraq",2007,68.85946341
"IQ","Iraq",2008,68.73468293
"IQ","Iraq",2009,68.72795122
"IQ","Iraq",2010,68.8297561
"IQ","Iraq",2011,69.01578049
"IQ","Iraq",2012,69.24192683
"IQ","Iraq",2013,
"IE","Ireland",2000,76.53658537
"IE","Ireland",2001,77.13414634
"IE","Ireland",2002,77.63414634
"IE","Ireland",2003,78.13902439
"IE","Ireland",2004,78.53902439
"IE","Ireland",2005,78.94390244
"IE","Ireland",2006,79.24146341
"IE","Ireland",2007,79.64146341
"IE","Ireland",2008,80.09512195
"IE","Ireland",2009,80.1902439
"IE","Ireland",2010,80.74390244
"IE","Ireland",2011,80.74634146
"IE","Ireland",2012,80.89512195
"IE","Ireland",2013,
"IL","Israel",2000,78.95365854
"IL","Israel",2001,79.40731707
"IL","Israel",2002,79.45121951
"IL","Israel",2003,79.64878049
"IL","Israel",2004,80.14634146
"IL","Israel",2005,80.15121951
"IL","Israel",2006,80.55365854
"IL","Israel",2007,80.50487805
"IL","Israel",2008,80.95121951
"IL","Israel",2009,81.40487805
"IL","Israel",2010,81.60243902
"IL","Israel",2011,81.70487805
"IL","Israel",2012,81.70487805
"IL","Israel",2013,
"IT","Italy",2000,79.77804878
"IT","Italy",2001,80.02682927
"IT","Italy",2002,80.22926829
"IT","Italy",2003,79.8804878
"IT","Italy",2004,80.77804878
"IT","Italy",2005,80.73170732
"IT","Italy",2006,81.2804878
"IT","Italy",2007,81.38292683
"IT","Italy",2008,81.73414634
"IT","Italy",2009,81.93658537
"IT","Italy",2010,82.33658537
"IT","Italy",2011,82.63658537
"IT","Italy",2012,82.93658537
"IT","Italy",2013,
"JM","Jamaica",2000,70.47129268
"JM","Jamaica",2001,70.60460976
"JM","Jamaica",2002,70.77573171
"JM","Jamaica",2003,70.98168293
"JM","Jamaica",2004,71.21843902
"JM","Jamaica",2005,71.47841463
"JM","Jamaica",2006,71.75607317
"JM","Jamaica",2007,72.04080488
"JM","Jamaica",2008,72.32302439
"JM","Jamaica",2009,72.59414634
"JM","Jamaica",2010,72.84712195
"JM","Jamaica",2011,73.07639024
"JM","Jamaica",2012,73.2824878
"JM","Jamaica",2013,
"JP","Japan",2000,81.07609756
"JP","Japan",2001,81.41707317
"JP","Japan",2002,81.56341463
"JP","Japan",2003,81.76
"JP","Japan",2004,82.0302439
"JP","Japan",2005,81.92512195
"JP","Japan",2006,82.32195122
"JP","Japan",2007,82.50707317
"JP","Japan",2008,82.58756098
"JP","Japan",2009,82.93146341
"JP","Japan",2010,82.84268293
"JP","Japan",2011,82.59121951
"JP","Japan",2012,83.09609756
"JP","Japan",2013,
"JO","Jordan",2000,71.7797561
"JO","Jordan",2001,71.95636585
"JO","Jordan",2002,72.1324878
"JO","Jordan",2003,72.30460976
"JO","Jordan",2004,72.4737561
"JO","Jordan",2005,72.63890244
"JO","Jordan",2006,72.80104878
"JO","Jordan",2007,72.96119512
"JO","Jordan",2008,73.11978049
"JO","Jordan",2009,73.27834146
"JO","Jordan",2010,73.43587805
"JO","Jordan",2011,73.59187805
"JO","Jordan",2012,73.74739024
"JO","Jordan",2013,
"KZ","Kazakhstan",2000,65.51707317
"KZ","Kazakhstan",2001,65.76829268
"KZ","Kazakhstan",2002,65.96829268
"KZ","Kazakhstan",2003,65.86585366
"KZ","Kazakhstan",2004,65.88780488
"KZ","Kazakhstan",2005,65.9097561
"KZ","Kazakhstan",2006,66.16097561
"KZ","Kazakhstan",2007,66.50487805
"KZ","Kazakhstan",2008,67.02195122
"KZ","Kazakhstan",2009,68.42926829
"KZ","Kazakhstan",2010,68.29536585
"KZ","Kazakhstan",2011,68.98
"KZ","Kazakhstan",2012,69.61
"KZ","Kazakhstan",2013,
"KE","Kenya",2000,52.84012195
"KE","Kenya",2001,52.77714634
"KE","Kenya",2002,52.95246341
"KE","Kenya",2003,53.34546341
"KE","Kenya",2004,53.93460976
"KE","Kenya",2005,54.69734146
"KE","Kenya",2006,55.60119512
"KE","Kenya",2007,56.59234146
"KE","Kenya",2008,57.61304878
"KE","Kenya",2009,58.61504878
"KE","Kenya",2010,59.54707317
"KE","Kenya",2011,60.37090244
"KE","Kenya",2012,61.08317073
"KE","Kenya",2013,
"KI","Kiribati",2000,64.60646341
"KI","Kiribati",2001,64.9567561
"KI","Kiribati",2002,65.293
"KI","Kiribati",2003,65.6207561
"KI","Kiribati",2004,65.94302439
"KI","Kiribati",2005,66.26326829
"KI","Kiribati",2006,66.58395122
"KI","Kiribati",2007,66.90656098
"KI","Kiribati",2008,67.23058537
"KI","Kiribati",2009,67.557
"KI","Kiribati",2010,67.88382927
"KI","Kiribati",2011,68.20960976
"KI","Kiribati",2012,68.53234146
"KI","Kiribati",2013,
"XK","Kosovo",2000,67.95121951
"XK","Kosovo",2001,67.99756098
"XK","Kosovo",2002,67.94390244
"XK","Kosovo",2003,68.19512195
"XK","Kosovo",2004,68.44634146
"XK","Kosovo",2005,68.69512195
"XK","Kosovo",2006,68.94634146
"XK","Kosovo",2007,69.19756098
"XK","Kosovo",2008,69.39756098
"XK","Kosovo",2009,69.64878049
"XK","Kosovo",2010,69.9
"XK","Kosovo",2011,70.14878049
"XK","Kosovo",2012,70.49756098
"XK","Kosovo",2013,
"KW","Kuwait",2000,73.35521951
"KW","Kuwait",2001,73.43380488
"KW","Kuwait",2002,73.51092683
"KW","Kuwait",2003,73.58656098
"KW","Kuwait",2004,73.66221951
"KW","Kuwait",2005,73.73831707
"KW","Kuwait",2006,73.81682927
"KW","Kuwait",2007,73.89870732
"KW","Kuwait",2008,73.98292683
"KW","Kuwait",2009,74.07
"KW","Kuwait",2010,74.16192683
"KW","Kuwait",2011,74.2582439
"KW","Kuwait",2012,74.359
"KW","Kuwait",2013,
"KG","Kyrgyzstan",2000,68.55853659
"KG","Kyrgyzstan",2001,68.70731707
"KG","Kyrgyzstan",2002,68.10731707
"KG","Kyrgyzstan",2003,68.25609756
"KG","Kyrgyzstan",2004,68.15365854
"KG","Kyrgyzstan",2005,67.95609756
"KG","Kyrgyzstan",2006,67.69512195
"KG","Kyrgyzstan",2007,67.84634146
"KG","Kyrgyzstan",2008,68.45121951
"KG","Kyrgyzstan",2009,69.10243902
"KG","Kyrgyzstan",2010,69.3
"KG","Kyrgyzstan",2011,69.60243902
"KG","Kyrgyzstan",2012,70.00243902
"KG","Kyrgyzstan",2013,
"LA","Lao",2000,61.64446341
"LA","Lao",2001,62.27
"LA","Lao",2002,62.86602439
"LA","Lao",2003,63.43504878
"LA","Lao",2004,63.97853659
"LA","Lao",2005,64.50046341
"LA","Lao",2006,65.00382927
"LA","Lao",2007,65.49158537
"LA","Lao",2008,65.96878049
"LA","Lao",2009,66.43639024
"LA","Lao",2010,66.89843902
"LA","Lao",2011,67.35495122
"LA","Lao",2012,67.80592683
"LA","Lao",2013,
"LV","Latvia",2000,70.31463415
"LV","Latvia",2001,70.76097561
"LV","Latvia",2002,70.96097561
"LV","Latvia",2003,71.26585366
"LV","Latvia",2004,72.02682927
"LV","Latvia",2005,71.35609756
"LV","Latvia",2006,70.86585366
"LV","Latvia",2007,71.0195122
"LV","Latvia",2008,72.4195122
"LV","Latvia",2009,73.0804878
"LV","Latvia",2010,73.48292683
"LV","Latvia",2011,73.57560976
"LV","Latvia",2012,73.77804878
"LV","Latvia",2013,
"LB","Lebanon",2000,74.39082927
"LB","Lebanon",2001,74.89492683
"LB","Lebanon",2002,75.4212439
"LB","Lebanon",2003,75.96626829
"LB","Lebanon",2004,76.52165854
"LB","Lebanon",2005,77.07158537
"LB","Lebanon",2006,77.59673171
"LB","Lebanon",2007,78.08331707
"LB","Lebanon",2008,78.52241463
"LB","Lebanon",2009,78.91007317
"LB","Lebanon",2010,79.25278049
"LB","Lebanon",2011,79.55892683
"LB","Lebanon",2012,79.84636585
"LB","Lebanon",2013,
"LS","Lesotho",2000,47.18297561
"LS","Lesotho",2001,45.67168293
"LS","Lesotho",2002,44.5434878
"LS","Lesotho",2003,43.8247561
"LS","Lesotho",2004,43.53346341
"LS","Lesotho",2005,43.65773171
"LS","Lesotho",2006,44.14834146
"LS","Lesotho",2007,44.88221951
"LS","Lesotho",2008,45.7392439
"LS","Lesotho",2009,46.63458537
"LS","Lesotho",2010,47.48341463
"LS","Lesotho",2011,48.2197561
"LS","Lesotho",2012,48.836
"LS","Lesotho",2013,
"LR","Liberia",2000,52.40912195
"LR","Liberia",2001,52.53346341
"LR","Liberia",2002,52.81080488
"LR","Liberia",2003,53.32865854
"LR","Liberia",2004,54.0962439
"LR","Liberia",2005,55.06617073
"LR","Liberia",2006,56.14039024
"LR","Liberia",2007,57.18821951
"LR","Liberia",2008,58.1074878
"LR","Liberia",2009,58.85919512
"LR","Liberia",2010,59.43431707
"LR","Liberia",2011,59.85987805
"LR","Liberia",2012,60.20639024
"LR","Liberia",2013,
"LY","Libya",2000,71.96621951
"LY","Libya",2001,72.30119512
"LY","Libya",2002,72.634
"LY","Libya",2003,72.95965854
"LY","Libya",2004,73.27473171
"LY","Libya",2005,73.57629268
"LY","Libya",2006,73.85841463
"LY","Libya",2007,74.12065854
"LY","Libya",2008,74.36307317
"LY","Libya",2009,74.58568293
"LY","Libya",2010,74.7924878
"LY","Libya",2011,74.98746341
"LY","Libya",2012,75.17604878
"LY","Libya",2013,
"LI","Liechtenstein",2000,76.82682927
"LI","Liechtenstein",2001,79.27560976
"LI","Liechtenstein",2002,79.63658537
"LI","Liechtenstein",2003,79.96097561
"LI","Liechtenstein",2004,81.77073171
"LI","Liechtenstein",2005,80.66829268
"LI","Liechtenstein",2006,80.94878049
"LI","Liechtenstein",2007,81.29512195
"LI","Liechtenstein",2008,82.68292683
"LI","Liechtenstein",2009,81.5
"LI","Liechtenstein",2010,81.84146341
"LI","Liechtenstein",2011,81.79268293
"LI","Liechtenstein",2012,82.38292683
"LI","Liechtenstein",2013,
"LT","Lithuania",2000,72.0195122
"LT","Lithuania",2001,71.65853659
"LT","Lithuania",2002,71.76097561
"LT","Lithuania",2003,72.06097561
"LT","Lithuania",2004,71.96097561
"LT","Lithuania",2005,71.25365854
"LT","Lithuania",2006,71.05609756
"LT","Lithuania",2007,70.9
"LT","Lithuania",2008,71.81219512
"LT","Lithuania",2009,72.91463415
"LT","Lithuania",2010,73.26829268
"LT","Lithuania",2011,73.56341463
"LT","Lithuania",2012,73.86341463
"LT","Lithuania",2013,
"LU","Luxembourg",2000,77.87317073
"LU","Luxembourg",2001,77.82439024
"LU","Luxembourg",2002,77.96585366
"LU","Luxembourg",2003,77.72682927
"LU","Luxembourg",2004,79.12195122
"LU","Luxembourg",2005,79.43170732
"LU","Luxembourg",2006,79.28780488
"LU","Luxembourg",2007,79.38292683
"LU","Luxembourg",2008,80.53902439
"LU","Luxembourg",2009,80.63658537
"LU","Luxembourg",2010,80.63170732
"LU","Luxembourg",2011,80.98780488
"LU","Luxembourg",2012,81.39268293
"LU","Luxembourg",2013,
"MO","Macao",2000,77.62282927
"MO","Macao",2001,77.83465854
"MO","Macao",2002,78.04197561
"MO","Macao",2003,78.24629268
"MO","Macao",2004,78.44812195
"MO","Macao",2005,78.64902439
"MO","Macao",2006,78.85156098
"MO","Macao",2007,79.05726829
"MO","Macao",2008,79.26614634
"MO","Macao",2009,79.47770732
"MO","Macao",2010,79.69295122
"MO","Macao",2011,79.90982927
"MO","Macao",2012,80.12778049
"MO","Macao",2013,
"MK","Macedonia",2000,73.24219512
"MK","Macedonia",2001,73.4557561
"MK","Macedonia",2002,73.64734146
"MK","Macedonia",2003,73.8155122
"MK","Macedonia",2004,73.9607561
"MK","Macedonia",2005,74.08890244
"MK","Macedonia",2006,74.20673171
"MK","Macedonia",2007,74.32295122
"MK","Macedonia",2008,74.44590244
"MK","Macedonia",2009,74.57846341
"MK","Macedonia",2010,74.72214634
"MK","Macedonia",2011,74.8745122
"MK","Macedonia",2012,75.03126829
"MK","Macedonia",2013,
"MG","Madagascar",2000,58.47280488
"MG","Madagascar",2001,59.11360976
"MG","Madagascar",2002,59.69917073
"MG","Madagascar",2003,60.2355122
"MG","Madagascar",2004,60.72870732
"MG","Madagascar",2005,61.18678049
"MG","Madagascar",2006,61.62236585
"MG","Madagascar",2007,62.048
"MG","Madagascar",2008,62.4747561
"MG","Madagascar",2009,62.90765854
"MG","Madagascar",2010,63.34973171
"MG","Madagascar",2011,63.79890244
"MG","Madagascar",2012,64.24863415
"MG","Madagascar",2013,
"MW","Malawi",2000,46.03421951
"MW","Malawi",2001,46.28092683
"MW","Malawi",2002,46.7112439
"MW","Malawi",2003,47.31204878
"MW","Malawi",2004,48.06580488
"MW","Malawi",2005,48.93997561
"MW","Malawi",2006,49.89058537
"MW","Malawi",2007,50.86329268
"MW","Malawi",2008,51.80573171
"MW","Malawi",2009,52.683
"MW","Malawi",2010,53.46570732
"MW","Malawi",2011,54.13995122
"MW","Malawi",2012,54.72378049
"MW","Malawi",2013,
"MY","Malaysia",2000,72.85141463
"MY","Malaysia",2001,73.03136585
"MY","Malaysia",2002,73.20419512
"MY","Malaysia",2003,73.36987805
"MY","Malaysia",2004,73.52997561
"MY","Malaysia",2005,73.687
"MY","Malaysia",2006,73.84304878
"MY","Malaysia",2007,74.00068293
"MY","Malaysia",2008,74.16146341
"MY","Malaysia",2009,74.32592683
"MY","Malaysia",2010,74.49558537
"MY","Malaysia",2011,74.66839024
"MY","Malaysia",2012,74.84229268
"MY","Malaysia",2013,
"MV","Maldives",2000,69.46160976
"MV","Maldives",2001,70.51185366
"MV","Maldives",2002,71.52341463
"MV","Maldives",2003,72.46621951
"MV","Maldives",2004,73.32380488
"MV","Maldives",2005,74.08456098
"MV","Maldives",2006,74.74960976
"MV","Maldives",2007,75.33743902
"MV","Maldives",2008,75.86709756
"MV","Maldives",2009,76.34641463
"MV","Maldives",2010,76.78631707
"MV","Maldives",2011,77.19287805
"MV","Maldives",2012,77.57382927
"MV","Maldives",2013,
"ML","Mali",2000,49.0554878
"ML","Mali",2001,49.52429268
"ML","Mali",2002,50.02390244
"ML","Mali",2003,50.53080488
"ML","Mali",2004,51.033
"ML","Mali",2005,51.52253659
"ML","Mali",2006,51.99443902
"ML","Mali",2007,52.45382927
"ML","Mali",2008,52.9032439
"ML","Mali",2009,53.34219512
"ML","Mali",2010,53.77073171
"ML","Mali",2011,54.19082927
"ML","Mali",2012,54.60392683
"ML","Mali",2013,
"MT","Malta",2000,78.2
"MT","Malta",2001,78.84390244
"MT","Malta",2002,78.73902439
"MT","Malta",2003,78.54634146
"MT","Malta",2004,79.25365854
"MT","Malta",2005,79.3
"MT","Malta",2006,79.43902439
"MT","Malta",2007,79.79268293
"MT","Malta",2008,79.63658537
"MT","Malta",2009,80.24146341
"MT","Malta",2010,81.39756098
"MT","Malta",2011,80.74634146
"MT","Malta",2012,80.74634146
"MT","Malta",2013,
"MH","Marshall Islands",2000,65.23902439
"MH","Marshall Islands",2001,
"MH","Marshall Islands",2002,
"MH","Marshall Islands",2003,
"MH","Marshall Islands",2004,
"MH","Marshall Islands",2005,
"MH","Marshall Islands",2006,
"MH","Marshall Islands",2007,
"MH","Marshall Islands",2008,
"MH","Marshall Islands",2009,
"MH","Marshall Islands",2010,
"MH","Marshall Islands",2011,
"MH","Marshall Islands",2012,
"MH","Marshall Islands",2013,
"MR","Mauritania",2000,59.67292683
"MR","Mauritania",2001,59.77009756
"MR","Mauritania",2002,59.87439024
"MR","Mauritania",2003,59.98685366
"MR","Mauritania",2004,60.10943902
"MR","Mauritania",2005,60.24260976
"MR","Mauritania",2006,60.38680488
"MR","Mauritania",2007,60.53946341
"MR","Mauritania",2008,60.6975122
"MR","Mauritania",2009,60.85943902
"MR","Mauritania",2010,61.0232439
"MR","Mauritania",2011,61.18695122
"MR","Mauritania",2012,61.35060976
"MR","Mauritania",2013,
"MU","Mauritius",2000,71.66341463
"MU","Mauritius",2001,71.76585366
"MU","Mauritius",2002,71.96585366
"MU","Mauritius",2003,72.12130081
"MU","Mauritius",2004,72.27674797
"MU","Mauritius",2005,72.43219512
"MU","Mauritius",2006,72.43219512
"MU","Mauritius",2007,72.57073171
"MU","Mauritius",2008,72.57073171
"MU","Mauritius",2009,72.88243902
"MU","Mauritius",2010,72.96731707
"MU","Mauritius",2011,73.26682927
"MU","Mauritius",2012,73.56634146
"MU","Mauritius",2013,
"MX","Mexico",2000,74.26526829
"MX","Mexico",2001,74.51097561
"MX","Mexico",2002,74.75058537
"MX","Mexico",2003,74.9917561
"MX","Mexico",2004,75.23656098
"MX","Mexico",2005,75.48553659
"MX","Mexico",2006,75.73665854
"MX","Mexico",2007,75.98439024
"MX","Mexico",2008,76.22665854
"MX","Mexico",2009,76.46146341
"MX","Mexico",2010,76.69029268
"MX","Mexico",2011,76.91417073
"MX","Mexico",2012,77.13507317
"MX","Mexico",2013,
"FM","Micronesia",2000,67.2752439
"FM","Micronesia",2001,67.38426829
"FM","Micronesia",2002,67.50373171
"FM","Micronesia",2003,67.63514634
"FM","Micronesia",2004,67.77602439
"FM","Micronesia",2005,67.92487805
"FM","Micronesia",2006,68.07619512
"FM","Micronesia",2007,68.22397561
"FM","Micronesia",2008,68.36573171
"FM","Micronesia",2009,68.4984878
"FM","Micronesia",2010,68.62173171
"FM","Micronesia",2011,68.73797561
"FM","Micronesia",2012,68.85021951
"FM","Micronesia",2013,
"MD","Moldova",2000,66.898
"MD","Moldova",2001,67.101
"MD","Moldova",2002,67.31573171
"MD","Moldova",2003,67.52014634
"MD","Moldova",2004,67.70317073
"MD","Moldova",2005,67.85973171
"MD","Moldova",2006,67.99173171
"MD","Moldova",2007,68.11109756
"MD","Moldova",2008,68.22729268
"MD","Moldova",2009,68.34180488
"MD","Moldova",2010,68.45812195
"MD","Moldova",2011,68.57529268
"MD","Moldova",2012,68.69341463
"MD","Moldova",2013,
"MC","Monaco",2000,
"MC","Monaco",2001,
"MC","Monaco",2002,
"MC","Monaco",2003,
"MC","Monaco",2004,
"MC","Monaco",2005,
"MC","Monaco",2006,
"MC","Monaco",2007,
"MC","Monaco",2008,
"MC","Monaco",2009,
"MC","Monaco",2010,
"MC","Monaco",2011,
"MC","Monaco",2012,
"MC","Monaco",2013,
"MN","Mongolia",2000,62.92370732
"MN","Mongolia",2001,63.40260976
"MN","Mongolia",2002,63.89595122
"MN","Mongolia",2003,64.38326829
"MN","Mongolia",2004,64.85182927
"MN","Mongolia",2005,65.28780488
"MN","Mongolia",2006,65.6827561
"MN","Mongolia",2007,66.03743902
"MN","Mongolia",2008,66.35712195
"MN","Mongolia",2009,66.64121951
"MN","Mongolia",2010,66.89460976
"MN","Mongolia",2011,67.12470732
"MN","Mongolia",2012,67.33943902
"MN","Mongolia",2013,
"ME","Montenegro",2000,74.02136585
"ME","Montenegro",2001,73.77463415
"ME","Montenegro",2002,73.58860976
"ME","Montenegro",2003,73.4897561
"ME","Montenegro",2004,73.48721951
"ME","Montenegro",2005,73.57480488
"ME","Montenegro",2006,73.73092683
"ME","Montenegro",2007,73.91726829
"ME","Montenegro",2008,74.10204878
"ME","Montenegro",2009,74.27134146
"ME","Montenegro",2010,74.41673171
"ME","Montenegro",2011,74.53936585
"ME","Montenegro",2012,74.64987805
"ME","Montenegro",2013,
"MA","Morocco",2000,68.13858537
"MA","Morocco",2001,68.33070732
"MA","Morocco",2002,68.51539024
"MA","Morocco",2003,68.69719512
"MA","Morocco",2004,68.88063415
"MA","Morocco",2005,69.07168293
"MA","Morocco",2006,69.2737561
"MA","Morocco",2007,69.48626829
"MA","Morocco",2008,69.70817073
"MA","Morocco",2009,69.93743902
"MA","Morocco",2010,70.17158537
"MA","Morocco",2011,70.40912195
"MA","Morocco",2012,70.64312195
"MA","Morocco",2013,
"MZ","Mozambique",2000,47.42541463
"MZ","Mozambique",2001,47.52629268
"MZ","Mozambique",2002,47.59285366
"MZ","Mozambique",2003,47.65704878
"MZ","Mozambique",2004,47.73582927
"MZ","Mozambique",2005,47.85063415
"MZ","Mozambique",2006,48.01641463
"MZ","Mozambique",2007,48.23214634
"MZ","Mozambique",2008,48.49382927
"MZ","Mozambique",2009,48.79943902
"MZ","Mozambique",2010,49.13707317
"MZ","Mozambique",2011,49.48782927
"MZ","Mozambique",2012,49.83626829
"MZ","Mozambique",2013,
"MM","Myanmar",2000,62.02421951
"MM","Myanmar",2001,62.32960976
"MM","Myanmar",2002,62.62995122
"MM","Myanmar",2003,62.92273171
"MM","Myanmar",2004,63.20543902
"MM","Myanmar",2005,63.47656098
"MM","Myanmar",2006,63.73158537
"MM","Myanmar",2007,63.96953659
"MM","Myanmar",2008,64.18941463
"MM","Myanmar",2009,64.39373171
"MM","Myanmar",2010,64.583
"MM","Myanmar",2011,64.7612439
"MM","Myanmar",2012,64.93246341
"MM","Myanmar",2013,
"NA","Namibia",2000,55.12070732
"NA","Namibia",2001,54.40468293
"NA","Namibia",2002,54.10509756
"NA","Namibia",2003,54.27897561
"NA","Namibia",2004,54.92346341
"NA","Namibia",2005,55.97743902
"NA","Namibia",2006,57.32487805
"NA","Namibia",2007,58.78080488
"NA","Namibia",2008,60.18407317
"NA","Namibia",2009,61.44090244
"NA","Namibia",2010,62.48029268
"NA","Namibia",2011,63.27717073
"NA","Namibia",2012,63.88114634
"NA","Namibia",2013,
"NP","Nepal",2000,62.04270732
"NP","Nepal",2001,62.62360976
"NP","Nepal",2002,63.18302439
"NP","Nepal",2003,63.722
"NP","Nepal",2004,64.2434878
"NP","Nepal",2005,64.748
"NP","Nepal",2006,65.23953659
"NP","Nepal",2007,65.72009756
"NP","Nepal",2008,66.19019512
"NP","Nepal",2009,66.65229268
"NP","Nepal",2010,67.10492683
"NP","Nepal",2011,67.54956098
"NP","Nepal",2012,67.98270732
"NP","Nepal",2013,
"NL","Netherlands",2000,77.98780488
"NL","Netherlands",2001,78.1902439
"NL","Netherlands",2002,78.29268293
"NL","Netherlands",2003,78.49268293
"NL","Netherlands",2004,79.09512195
"NL","Netherlands",2005,79.34634146
"NL","Netherlands",2006,79.69756098
"NL","Netherlands",2007,80.09756098
"NL","Netherlands",2008,80.25121951
"NL","Netherlands",2009,80.54878049
"NL","Netherlands",2010,80.70243902
"NL","Netherlands",2011,81.20487805
"NL","Netherlands",2012,81.10487805
"NL","Netherlands",2013,
"NC","New Caledonia",2000,74.9195122
"NC","New Caledonia",2001,74.83170732
"NC","New Caledonia",2002,75.10243902
"NC","New Caledonia",2003,75.27073171
"NC","New Caledonia",2004,75.51463415
"NC","New Caledonia",2005,75.16829268
"NC","New Caledonia",2006,76.46097561
"NC","New Caledonia",2007,75.94634146
"NC","New Caledonia",2008,76.11512195
"NC","New Caledonia",2009,76.28390244
"NC","New Caledonia",2010,75.82604878
"NC","New Caledonia",2011,76.03995122
"NC","New Caledonia",2012,76.25341463
"NC","New Caledonia",2013,
"NZ","New Zealand",2000,78.63658537
"NZ","New Zealand",2001,78.69268293
"NZ","New Zealand",2002,78.84634146
"NZ","New Zealand",2003,79.14634146
"NZ","New Zealand",2004,79.54878049
"NZ","New Zealand",2005,79.85121951
"NZ","New Zealand",2006,80.04878049
"NZ","New Zealand",2007,80.15121951
"NZ","New Zealand",2008,80.35121951
"NZ","New Zealand",2009,80.70243902
"NZ","New Zealand",2010,80.70243902
"NZ","New Zealand",2011,80.90487805
"NZ","New Zealand",2012,81.15609756
"NZ","New Zealand",2013,
"NI","Nicaragua",2000,69.64658537
"NI","Nicaragua",2001,70.11992683
"NI","Nicaragua",2002,70.58885366
"NI","Nicaragua",2003,71.04495122
"NI","Nicaragua",2004,71.48631707
"NI","Nicaragua",2005,71.90995122
"NI","Nicaragua",2006,72.31636585
"NI","Nicaragua",2007,72.7064878
"NI","Nicaragua",2008,73.0822439
"NI","Nicaragua",2009,73.44412195
"NI","Nicaragua",2010,73.79512195
"NI","Nicaragua",2011,74.13470732
"NI","Nicaragua",2012,74.46539024
"NI","Nicaragua",2013,
"NE","Niger",2000,50.70590244
"NE","Niger",2001,51.40729268
"NE","Niger",2002,52.10187805
"NE","Niger",2003,52.78870732
"NE","Niger",2004,53.46378049
"NE","Niger",2005,54.12014634
"NE","Niger",2006,54.75141463
"NE","Niger",2007,55.35314634
"NE","Niger",2008,55.92539024
"NE","Niger",2009,56.46821951
"NE","Niger",2010,56.98563415
"NE","Niger",2011,57.48263415
"NE","Niger",2012,57.96617073
"NE","Niger",2013,
"NG","Nigeria",2000,46.624
"NG","Nigeria",2001,46.88117073
"NG","Nigeria",2002,47.21973171
"NG","Nigeria",2003,47.63773171
"NG","Nigeria",2004,48.12565854
"NG","Nigeria",2005,48.6644878
"NG","Nigeria",2006,49.22863415
"NG","Nigeria",2007,49.79160976
"NG","Nigeria",2008,50.32939024
"NG","Nigeria",2009,50.8304878
"NG","Nigeria",2010,51.28941463
"NG","Nigeria",2011,51.7102439
"NG","Nigeria",2012,52.10902439
"NG","Nigeria",2013,
"KP","North Korea",2000,64.98256098
"KP","North Korea",2001,65.80365854
"KP","North Korea",2002,66.64829268
"KP","North Korea",2003,67.3542439
"KP","North Korea",2004,67.85982927
"KP","North Korea",2005,68.1565122
"KP","North Korea",2006,68.29173171
"KP","North Korea",2007,68.37417073
"KP","North Korea",2008,68.48939024
"KP","North Korea",2009,68.66097561
"KP","North Korea",2010,68.89792683
"KP","North Korea",2011,69.18880488
"KP","North Korea",2012,69.50063415
"KP","North Korea",2013,
"MP","Northern Mariana Islands",2000,
"MP","Northern Mariana Islands",2001,
"MP","Northern Mariana Islands",2002,
"MP","Northern Mariana Islands",2003,
"MP","Northern Mariana Islands",2004,
"MP","Northern Mariana Islands",2005,
"MP","Northern Mariana Islands",2006,
"MP","Northern Mariana Islands",2007,
"MP","Northern Mariana Islands",2008,
"MP","Northern Mariana Islands",2009,
"MP","Northern Mariana Islands",2010,
"MP","Northern Mariana Islands",2011,
"MP","Northern Mariana Islands",2012,
"MP","Northern Mariana Islands",2013,
"NO","Norway",2000,78.63414634
"NO","Norway",2001,78.78536585
"NO","Norway",2002,78.98780488
"NO","Norway",2003,79.3902439
"NO","Norway",2004,79.84146341
"NO","Norway",2005,80.04146341
"NO","Norway",2006,80.34390244
"NO","Norway",2007,80.39512195
"NO","Norway",2008,80.59268293
"NO","Norway",2009,80.79512195
"NO","Norway",2010,80.99756098
"NO","Norway",2011,81.29512195
"NO","Norway",2012,81.45121951
"NO","Norway",2013,
"OM","Oman",2000,72.35658537
"OM","Oman",2001,72.79021951
"OM","Oman",2002,73.21331707
"OM","Oman",2003,73.62441463
"OM","Oman",2004,74.023
"OM","Oman",2005,74.40760976
"OM","Oman",2006,74.77380488
"OM","Oman",2007,75.12060976
"OM","Oman",2008,75.44704878
"OM","Oman",2009,75.75460976
"OM","Oman",2010,76.04580488
"OM","Oman",2011,76.32314634
"OM","Oman",2012,76.59104878
"OM","Oman",2013,
"PK","Pakistan",2000,63.88597561
"PK","Pakistan",2001,64.16092683
"PK","Pakistan",2002,64.43039024
"PK","Pakistan",2003,64.69136585
"PK","Pakistan",2004,64.94082927
"PK","Pakistan",2005,65.1747561
"PK","Pakistan",2006,65.39312195
"PK","Pakistan",2007,65.59590244
"PK","Pakistan",2008,65.78463415
"PK","Pakistan",2009,65.96126829
"PK","Pakistan",2010,66.12634146
"PK","Pakistan",2011,66.28387805
"PK","Pakistan",2012,66.43587805
"PK","Pakistan",2013,
"PW","Palau",2000,70.49365854
"PW","Palau",2001,
"PW","Palau",2002,
"PW","Palau",2003,
"PW","Palau",2004,
"PW","Palau",2005,69.12926829
"PW","Palau",2006,
"PW","Palau",2007,
"PW","Palau",2008,
"PW","Palau",2009,
"PW","Palau",2010,
"PW","Palau",2011,
"PW","Palau",2012,
"PW","Palau",2013,
"PS","Palestine",2000,70.90746341
"PS","Palestine",2001,71.09034146
"PS","Palestine",2002,71.26068293
"PS","Palestine",2003,71.42397561
"PS","Palestine",2004,71.58519512
"PS","Palestine",2005,71.74887805
"PS","Palestine",2006,71.9175122
"PS","Palestine",2007,72.09156098
"PS","Palestine",2008,72.27007317
"PS","Palestine",2009,72.45304878
"PS","Palestine",2010,72.6404878
"PS","Palestine",2011,72.82943902
"PS","Palestine",2012,73.01787805
"PS","Palestine",2013,
"PA","Panama",2000,75.11663415
"PA","Panama",2001,75.30390244
"PA","Panama",2002,75.48621951
"PA","Panama",2003,75.66321951
"PA","Panama",2004,75.83656098
"PA","Panama",2005,76.00890244
"PA","Panama",2006,76.18346341
"PA","Panama",2007,76.36385366
"PA","Panama",2008,76.55117073
"PA","Panama",2009,76.74646341
"PA","Panama",2010,76.94870732
"PA","Panama",2011,77.15680488
"PA","Panama",2012,77.36809756
"PA","Panama",2013,
"PG","Papua New Guinea",2000,58.79929268
"PG","Papua New Guinea",2001,59.1387561
"PG","Papua New Guinea",2002,59.50139024
"PG","Papua New Guinea",2003,59.87978049
"PG","Papua New Guinea",2004,60.265
"PG","Papua New Guinea",2005,60.64358537
"PG","Papua New Guinea",2006,60.99802439
"PG","Papua New Guinea",2007,61.31690244
"PG","Papua New Guinea",2008,61.59121951
"PG","Papua New Guinea",2009,61.8205122
"PG","Papua New Guinea",2010,62.00780488
"PG","Papua New Guinea",2011,62.16212195
"PG","Papua New Guinea",2012,62.29892683
"PG","Papua New Guinea",2013,
"PY","Paraguay",2000,70.07670732
"PY","Paraguay",2001,70.34690244
"PY","Paraguay",2002,70.61504878
"PY","Paraguay",2003,70.87156098
"PY","Paraguay",2004,71.11092683
"PY","Paraguay",2005,71.32656098
"PY","Paraguay",2006,71.5134878
"PY","Paraguay",2007,71.67421951
"PY","Paraguay",2008,71.81180488
"PY","Paraguay",2009,71.92778049
"PY","Paraguay",2010,72.02665854
"PY","Paraguay",2011,72.11346341
"PY","Paraguay",2012,72.19373171
"PY","Paraguay",2013,
"PE","Peru",2000,70.50543902
"PE","Peru",2001,70.95239024
"PE","Peru",2002,71.36692683
"PE","Peru",2003,71.74756098
"PE","Peru",2004,72.09680488
"PE","Peru",2005,72.41860976
"PE","Peru",2006,72.72097561
"PE","Peru",2007,73.01487805
"PE","Peru",2008,73.30729268
"PE","Peru",2009,73.60368293
"PE","Peru",2010,73.90509756
"PE","Peru",2011,74.21053659
"PE","Peru",2012,74.51553659
"PE","Peru",2013,
"PH","Philippines",2000,66.79665854
"PH","Philippines",2001,66.94129268
"PH","Philippines",2002,67.08192683
"PH","Philippines",2003,67.21904878
"PH","Philippines",2004,67.35421951
"PH","Philippines",2005,67.48992683
"PH","Philippines",2006,67.62819512
"PH","Philippines",2007,67.77056098
"PH","Philippines",2008,67.91853659
"PH","Philippines",2009,68.07160976
"PH","Philippines",2010,68.23026829
"PH","Philippines",2011,68.3914878
"PH","Philippines",2012,68.55373171
"PH","Philippines",2013,
"PL","Poland",2000,73.74878049
"PL","Poland",2001,74.2
"PL","Poland",2002,74.49756098
"PL","Poland",2003,74.59756098
"PL","Poland",2004,74.84634146
"PL","Poland",2005,74.99512195
"PL","Poland",2006,75.14390244
"PL","Poland",2007,75.24390244
"PL","Poland",2008,75.54390244
"PL","Poland",2009,75.69512195
"PL","Poland",2010,76.24634146
"PL","Poland",2011,76.74634146
"PL","Poland",2012,76.79756098
"PL","Poland",2013,
"PT","Portugal",2000,76.31463415
"PT","Portugal",2001,76.81463415
"PT","Portugal",2002,77.06585366
"PT","Portugal",2003,77.2195122
"PT","Portugal",2004,77.67073171
"PT","Portugal",2005,78.07073171
"PT","Portugal",2006,78.4195122
"PT","Portugal",2007,78.32195122
"PT","Portugal",2008,78.52439024
"PT","Portugal",2009,78.72682927
"PT","Portugal",2010,79.02682927
"PT","Portugal",2011,80.47073171
"PT","Portugal",2012,80.37317073
"PT","Portugal",2013,
"PR","Puerto Rico",2000,76.68926829
"PR","Puerto Rico",2001,77.06682927
"PR","Puerto Rico",2002,77.7604878
"PR","Puerto Rico",2003,78.07121951
"PR","Puerto Rico",2004,78.17585366
"PR","Puerto Rico",2005,78.29609756
"PR","Puerto Rico",2006,78.41634146
"PR","Puerto Rico",2007,78.42585366
"PR","Puerto Rico",2008,78.55892683
"PR","Puerto Rico",2009,78.00778049
"PR","Puerto Rico",2010,78.1822439
"PR","Puerto Rico",2011,78.35885366
"PR","Puerto Rico",2012,78.53553659
"PR","Puerto Rico",2013,
"QA","Qatar",2000,76.82014634
"QA","Qatar",2001,76.95082927
"QA","Qatar",2002,77.07697561
"QA","Qatar",2003,77.20160976
"QA","Qatar",2004,77.3247561
"QA","Qatar",2005,77.44892683
"QA","Qatar",2006,77.57717073
"QA","Qatar",2007,77.711
"QA","Qatar",2008,77.84992683
"QA","Qatar",2009,77.99595122
"QA","Qatar",2010,78.14604878
"QA","Qatar",2011,78.29968293
"QA","Qatar",2012,78.45380488
"QA","Qatar",2013,
"RO","Romania",2000,71.16341463
"RO","Romania",2001,71.16097561
"RO","Romania",2002,71.0097561
"RO","Romania",2003,71.3097561
"RO","Romania",2004,71.59427561
"RO","Romania",2005,71.87889512
"RO","Romania",2006,72.16341463
"RO","Romania",2007,72.56585366
"RO","Romania",2008,72.56585366
"RO","Romania",2009,73.3097561
"RO","Romania",2010,73.45853659
"RO","Romania",2011,74.56341463
"RO","Romania",2012,74.56341463
"RO","Romania",2013,
"RU","Russian Federation",2000,65.34146341
"RU","Russian Federation",2001,65.48780488
"RU","Russian Federation",2002,65.08536585
"RU","Russian Federation",2003,65.00756098
"RU","Russian Federation",2004,65.42121951
"RU","Russian Federation",2005,65.47
"RU","Russian Federation",2006,66.64317073
"RU","Russian Federation",2007,67.49756098
"RU","Russian Federation",2008,67.84878049
"RU","Russian Federation",2009,68.60487805
"RU","Russian Federation",2010,68.85609756
"RU","Russian Federation",2011,69.65853659
"RU","Russian Federation",2012,70.46097561
"RU","Russian Federation",2013,
"RW","Rwanda",2000,47.64265854
"RW","Rwanda",2001,49.13078049
"RW","Rwanda",2002,50.43785366
"RW","Rwanda",2003,51.86207317
"RW","Rwanda",2004,53.45509756
"RW","Rwanda",2005,55.1924878
"RW","Rwanda",2006,56.9757561
"RW","Rwanda",2007,58.64790244
"RW","Rwanda",2008,60.09246341
"RW","Rwanda",2009,61.28002439
"RW","Rwanda",2010,62.21214634
"RW","Rwanda",2011,62.92241463
"RW","Rwanda",2012,63.49285366
"RW","Rwanda",2013,
"KN","Saint Kitts and Nevis",2000,
"KN","Saint Kitts and Nevis",2001,
"KN","Saint Kitts and Nevis",2002,71.33658537
"KN","Saint Kitts and Nevis",2003,
"KN","Saint Kitts and Nevis",2004,
"KN","Saint Kitts and Nevis",2005,
"KN","Saint Kitts and Nevis",2006,
"KN","Saint Kitts and Nevis",2007,
"KN","Saint Kitts and Nevis",2008,
"KN","Saint Kitts and Nevis",2009,
"KN","Saint Kitts and Nevis",2010,
"KN","Saint Kitts and Nevis",2011,
"KN","Saint Kitts and Nevis",2012,
"KN","Saint Kitts and Nevis",2013,
"LC","Saint Lucia",2000,71.42353659
"LC","Saint Lucia",2001,71.64426829
"LC","Saint Lucia",2002,71.92829268
"LC","Saint Lucia",2003,72.26163415
"LC","Saint Lucia",2004,72.62892683
"LC","Saint Lucia",2005,73.00792683
"LC","Saint Lucia",2006,73.374
"LC","Saint Lucia",2007,73.70692683
"LC","Saint Lucia",2008,73.99443902
"LC","Saint Lucia",2009,74.22814634
"LC","Saint Lucia",2010,74.41102439
"LC","Saint Lucia",2011,74.55295122
"LC","Saint Lucia",2012,74.67417073
"LC","Saint Lucia",2013,
"MF","Saint Martin ",2000,76.97073171
"MF","Saint Martin ",2001,77.17073171
"MF","Saint Martin ",2002,77.37073171
"MF","Saint Martin ",2003,77.57073171
"MF","Saint Martin ",2004,77.72195122
"MF","Saint Martin ",2005,77.87073171
"MF","Saint Martin ",2006,78.07073171
"MF","Saint Martin ",2007,78.22195122
"MF","Saint Martin ",2008,78.37073171
"MF","Saint Martin ",2009,78.57073171
"MF","Saint Martin ",2010,78.72195122
"MF","Saint Martin ",2011,78.87073171
"MF","Saint Martin ",2012,79.02195122
"MF","Saint Martin ",2013,
"VC","Saint Vincent and the Grenadines",2000,70.58312195
"VC","Saint Vincent and the Grenadines",2001,70.63434146
"VC","Saint Vincent and the Grenadines",2002,70.72870732
"VC","Saint Vincent and the Grenadines",2003,70.8667561
"VC","Saint Vincent and the Grenadines",2004,71.04492683
"VC","Saint Vincent and the Grenadines",2005,71.25256098
"VC","Saint Vincent and the Grenadines",2006,71.47280488
"VC","Saint Vincent and the Grenadines",2007,71.68734146
"VC","Saint Vincent and the Grenadines",2008,71.88092683
"VC","Saint Vincent and the Grenadines",2009,72.04746341
"VC","Saint Vincent and the Grenadines",2010,72.18492683
"VC","Saint Vincent and the Grenadines",2011,72.29943902
"VC","Saint Vincent and the Grenadines",2012,72.40121951
"VC","Saint Vincent and the Grenadines",2013,
"WS","Samoa",2000,69.48731707
"WS","Samoa",2001,69.81660976
"WS","Samoa",2002,70.12841463
"WS","Samoa",2003,70.42626829
"WS","Samoa",2004,70.71460976
"WS","Samoa",2005,70.99692683
"WS","Samoa",2006,71.27665854
"WS","Samoa",2007,71.55729268
"WS","Samoa",2008,71.83780488
"WS","Samoa",2009,72.12170732
"WS","Samoa",2010,72.40802439
"WS","Samoa",2011,72.69578049
"WS","Samoa",2012,72.98204878
"WS","Samoa",2013,
"SM","San Marino",2000,80.6195122
"SM","San Marino",2001,80.97317073
"SM","San Marino",2002,81.1195122
"SM","San Marino",2003,81.2195122
"SM","San Marino",2004,81.72195122
"SM","San Marino",2005,81.97560976
"SM","San Marino",2006,82.1804878
"SM","San Marino",2007,82.50609756
"SM","San Marino",2008,82.83170732
"SM","San Marino",2009,82.99554324
"SM","San Marino",2010,83.15937916
"SM","San Marino",2011,83.32321508
"SM","San Marino",2012,
"SM","San Marino",2013,
"ST","Sao Tome and Principe",2000,63.29253659
"ST","Sao Tome and Principe",2001,63.47797561
"ST","Sao Tome and Principe",2002,63.70185366
"ST","Sao Tome and Principe",2003,63.96512195
"ST","Sao Tome and Principe",2004,64.26129268
"ST","Sao Tome and Principe",2005,64.57690244
"ST","Sao Tome and Principe",2006,64.89246341
"ST","Sao Tome and Principe",2007,65.188
"ST","Sao Tome and Principe",2008,65.45004878
"ST","Sao Tome and Principe",2009,65.67209756
"ST","Sao Tome and Principe",2010,65.85368293
"ST","Sao Tome and Principe",2011,66.00326829
"ST","Sao Tome and Principe",2012,66.13487805
"ST","Sao Tome and Principe",2013,
"SA","Saudi Arabia",2000,72.6147561
"SA","Saudi Arabia",2001,72.89734146
"SA","Saudi Arabia",2002,73.17085366
"SA","Saudi Arabia",2003,73.43434146
"SA","Saudi Arabia",2004,73.69029268
"SA","Saudi Arabia",2005,73.9382439
"SA","Saudi Arabia",2006,74.17863415
"SA","Saudi Arabia",2007,74.4115122
"SA","Saudi Arabia",2008,74.63787805
"SA","Saudi Arabia",2009,74.8592439
"SA","Saudi Arabia",2010,75.07560976
"SA","Saudi Arabia",2011,75.288
"SA","Saudi Arabia",2012,75.49690244
"SA","Saudi Arabia",2013,
"SN","Senegal",2000,57.77426829
"SN","Senegal",2001,58.17041463
"SN","Senegal",2002,58.67685366
"SN","Senegal",2003,59.26165854
"SN","Senegal",2004,59.89929268
"SN","Senegal",2005,60.54970732
"SN","Senegal",2006,61.16868293
"SN","Senegal",2007,61.72353659
"SN","Senegal",2008,62.19263415
"SN","Senegal",2009,62.56441463
"SN","Senegal",2010,62.84187805
"SN","Senegal",2011,63.04258537
"SN","Senegal",2012,63.20217073
"SN","Senegal",2013,
"RS","Serbia",2000,72.13658537
"RS","Serbia",2001,72.18536585
"RS","Serbia",2002,72.28536585
"RS","Serbia",2003,72.43658537
"RS","Serbia",2004,72.58292683
"RS","Serbia",2005,72.63414634
"RS","Serbia",2006,73.15512195
"RS","Serbia",2007,73.38292683
"RS","Serbia",2008,73.63658537
"RS","Serbia",2009,73.68536585
"RS","Serbia",2010,73.93658537
"RS","Serbia",2011,74.58536585
"RS","Serbia",2012,75.23414634
"RS","Serbia",2013,
"SC","Seychelles",2000,
"SC","Seychelles",2001,
"SC","Seychelles",2002,72.95365854
"SC","Seychelles",2003,71.02926829
"SC","Seychelles",2004,72.6097561
"SC","Seychelles",2005,72.13170732
"SC","Seychelles",2006,72.21707317
"SC","Seychelles",2007,73.19268293
"SC","Seychelles",2008,73.16341463
"SC","Seychelles",2009,73.03414634
"SC","Seychelles",2010,73.19756098
"SC","Seychelles",2011,72.72439024
"SC","Seychelles",2012,72.72439024
"SC","Seychelles",2013,
"SL","Sierra Leone",2000,38.11160976
"SL","Sierra Leone",2001,38.84646341
"SL","Sierra Leone",2002,39.64663415
"SL","Sierra Leone",2003,40.48607317
"SL","Sierra Leone",2004,41.33317073
"SL","Sierra Leone",2005,42.14521951
"SL","Sierra Leone",2006,42.88253659
"SL","Sierra Leone",2007,43.5264878
"SL","Sierra Leone",2008,44.06746341
"SL","Sierra Leone",2009,44.50143902
"SL","Sierra Leone",2010,44.83895122
"SL","Sierra Leone",2011,45.10258537
"SL","Sierra Leone",2012,45.32904878
"SL","Sierra Leone",2013,
"SG","Singapore",2000,78.05121951
"SG","Singapore",2001,78.35121951
"SG","Singapore",2002,78.69512195
"SG","Singapore",2003,79.03902439
"SG","Singapore",2004,79.4902439
"SG","Singapore",2005,79.9902439
"SG","Singapore",2006,80.14146341
"SG","Singapore",2007,80.44146341
"SG","Singapore",2008,80.7902439
"SG","Singapore",2009,81.24146341
"SG","Singapore",2010,81.54146341
"SG","Singapore",2011,81.74390244
"SG","Singapore",2012,82.14390244
"SG","Singapore",2013,
"SX","Sint Maarten (Dutch part)",2000,
"SX","Sint Maarten (Dutch part)",2001,
"SX","Sint Maarten (Dutch part)",2002,
"SX","Sint Maarten (Dutch part)",2003,
"SX","Sint Maarten (Dutch part)",2004,
"SX","Sint Maarten (Dutch part)",2005,
"SX","Sint Maarten (Dutch part)",2006,
"SX","Sint Maarten (Dutch part)",2007,74.54390244
"SX","Sint Maarten (Dutch part)",2008,74.53658537
"SX","Sint Maarten (Dutch part)",2009,75.58780488
"SX","Sint Maarten (Dutch part)",2010,
"SX","Sint Maarten (Dutch part)",2011,
"SX","Sint Maarten (Dutch part)",2012,
"SX","Sint Maarten (Dutch part)",2013,
"SK","Slovakia",2000,73.05121951
"SK","Slovakia",2001,73.40243902
"SK","Slovakia",2002,73.60487805
"SK","Slovakia",2003,73.60487805
"SK","Slovakia",2004,73.95853659
"SK","Slovakia",2005,73.90487805
"SK","Slovakia",2006,74.20487805
"SK","Slovakia",2007,74.20731707
"SK","Slovakia",2008,74.70487805
"SK","Slovakia",2009,74.9097561
"SK","Slovakia",2010,75.11219512
"SK","Slovakia",2011,75.95853659
"SK","Slovakia",2012,76.1097561
"SK","Slovakia",2013,
"SI","Slovenia",2000,75.41219512
"SI","Slovenia",2001,75.75853659
"SI","Slovenia",2002,76.00731707
"SI","Slovenia",2003,76.85853659
"SI","Slovenia",2004,77.20731707
"SI","Slovenia",2005,77.61219512
"SI","Slovenia",2006,78.08658537
"SI","Slovenia",2007,78.56097561
"SI","Slovenia",2008,78.76585366
"SI","Slovenia",2009,78.97073171
"SI","Slovenia",2010,79.42195122
"SI","Slovenia",2011,79.97073171
"SI","Slovenia",2012,80.12439024
"SI","Slovenia",2013,
"SB","Solomon Islands",2000,62.83673171
"SB","Solomon Islands",2001,63.46560976
"SB","Solomon Islands",2002,64.06236585
"SB","Solomon Islands",2003,64.61409756
"SB","Solomon Islands",2004,65.11287805
"SB","Solomon Islands",2005,65.5534878
"SB","Solomon Islands",2006,65.93512195
"SB","Solomon Islands",2007,66.26780488
"SB","Solomon Islands",2008,66.56221951
"SB","Solomon Islands",2009,66.82568293
"SB","Solomon Islands",2010,67.06665854
"SB","Solomon Islands",2011,67.29221951
"SB","Solomon Islands",2012,67.50707317
"SB","Solomon Islands",2013,
"SO","Somalia",2000,50.87826829
"SO","Somalia",2001,51.22280488
"SO","Somalia",2002,51.50185366
"SO","Somalia",2003,51.77190244
"SO","Somalia",2004,52.05290244
"SO","Somalia",2005,52.35585366
"SO","Somalia",2006,52.68278049
"SO","Somalia",2007,53.01865854
"SO","Somalia",2008,53.3545122
"SO","Somalia",2009,53.68934146
"SO","Somalia",2010,54.02365854
"SO","Somalia",2011,54.35795122
"SO","Somalia",2012,54.6912439
"SO","Somalia",2013,
"ZA","South Africa",2000,55.83687805
"ZA","South Africa",2001,54.57080488
"ZA","South Africa",2002,53.44119512
"ZA","South Africa",2003,52.5237561
"ZA","South Africa",2004,51.8737561
"ZA","South Africa",2005,51.55734146
"ZA","South Africa",2006,51.61370732
"ZA","South Africa",2007,51.9965122
"ZA","South Africa",2008,52.63602439
"ZA","South Africa",2009,53.46709756
"ZA","South Africa",2010,54.3907561
"ZA","South Africa",2011,55.29565854
"ZA","South Africa",2012,56.09831707
"ZA","South Africa",2013,
"KR","South Korea",2000,75.83536585
"KR","South Korea",2001,76.34195122
"KR","South Korea",2002,76.83902439
"KR","South Korea",2003,77.2502439
"KR","South Korea",2004,77.84658537
"KR","South Korea",2005,78.43268293
"KR","South Korea",2006,78.96926829
"KR","South Korea",2007,79.3495122
"KR","South Korea",2008,79.83268293
"KR","South Korea",2009,80.29731707
"KR","South Korea",2010,80.55121951
"KR","South Korea",2011,80.96707317
"KR","South Korea",2012,81.36829268
"KR","South Korea",2013,
"SS","South Sudan",2000,49.2344878
"SS","South Sudan",2001,49.61987805
"SS","South Sudan",2002,49.98531707
"SS","South Sudan",2003,50.3422439
"SS","South Sudan",2004,50.70112195
"SS","South Sudan",2005,51.07590244
"SS","South Sudan",2006,51.48102439
"SS","South Sudan",2007,51.92146341
"SS","South Sudan",2008,52.39919512
"SS","South Sudan",2009,52.91470732
"SS","South Sudan",2010,53.465
"SS","South Sudan",2011,54.04556098
"SS","South Sudan",2012,54.64295122
"SS","South Sudan",2013,
"ES","Spain",2000,78.96585366
"ES","Spain",2001,79.36829268
"ES","Spain",2002,79.56829268
"ES","Spain",2003,79.6195122
"ES","Spain",2004,79.87073171
"ES","Spain",2005,80.17073171
"ES","Spain",2006,80.82195122
"ES","Spain",2007,80.87317073
"ES","Spain",2008,81.17560976
"ES","Spain",2009,81.47560976
"ES","Spain",2010,81.62682927
"ES","Spain",2011,82.47560976
"ES","Spain",2012,82.37804878
"ES","Spain",2013,
"LK","Sri Lanka",2000,71.15712195
"LK","Sri Lanka",2001,71.90095122
"LK","Sri Lanka",2002,72.57368293
"LK","Sri Lanka",2003,73.0942439
"LK","Sri Lanka",2004,73.43402439
"LK","Sri Lanka",2005,73.60073171
"LK","Sri Lanka",2006,73.63602439
"LK","Sri Lanka",2007,73.62002439
"LK","Sri Lanka",2008,73.61995122
"LK","Sri Lanka",2009,73.66119512
"LK","Sri Lanka",2010,73.75526829
"LK","Sri Lanka",2011,73.89929268
"LK","Sri Lanka",2012,74.06804878
"LK","Sri Lanka",2013,
"SD","Sudan",2000,57.978
"SD","Sudan",2001,58.3332439
"SD","Sudan",2002,58.71280488
"SD","Sudan",2003,59.11163415
"SD","Sudan",2004,59.52119512
"SD","Sudan",2005,59.92636585
"SD","Sudan",2006,60.31053659
"SD","Sudan",2007,60.66256098
"SD","Sudan",2008,60.97539024
"SD","Sudan",2009,61.24646341
"SD","Sudan",2010,61.47829268
"SD","Sudan",2011,61.67941463
"SD","Sudan",2012,61.86395122
"SD","Sudan",2013,
"SR","Suriname",2000,67.92917073
"SR","Suriname",2001,68.01197561
"SR","Suriname",2002,68.14397561
"SR","Suriname",2003,68.32963415
"SR","Suriname",2004,68.56597561
"SR","Suriname",2005,68.8444878
"SR","Suriname",2006,69.15214634
"SR","Suriname",2007,69.46790244
"SR","Suriname",2008,69.77570732
"SR","Suriname",2009,70.06702439
"SR","Suriname",2010,70.33582927
"SR","Suriname",2011,70.58112195
"SR","Suriname",2012,70.81139024
"SR","Suriname",2013,
"SZ","Swaziland",2000,48.66407317
"SZ","Swaziland",2001,47.43409756
"SZ","Swaziland",2002,46.52331707
"SZ","Swaziland",2003,45.95809756
"SZ","Swaziland",2004,45.74534146
"SZ","Swaziland",2005,45.86007317
"SZ","Swaziland",2006,46.24136585
"SZ","Swaziland",2007,46.77239024
"SZ","Swaziland",2008,47.34582927
"SZ","Swaziland",2009,47.8927561
"SZ","Swaziland",2010,48.3457561
"SZ","Swaziland",2011,48.66139024
"SZ","Swaziland",2012,48.85063415
"SZ","Swaziland",2013,
"SE","Sweden",2000,79.64390244
"SE","Sweden",2001,79.79512195
"SE","Sweden",2002,79.84634146
"SE","Sweden",2003,80.09512195
"SE","Sweden",2004,80.49756098
"SE","Sweden",2005,80.54634146
"SE","Sweden",2006,80.74878049
"SE","Sweden",2007,80.9
"SE","Sweden",2008,81.1
"SE","Sweden",2009,81.35121951
"SE","Sweden",2010,81.45121951
"SE","Sweden",2011,81.80243902
"SE","Sweden",2012,81.70487805
"SE","Sweden",2013,
"CH","Switzerland",2000,79.6804878
"CH","Switzerland",2001,80.1804878
"CH","Switzerland",2002,80.38536585
"CH","Switzerland",2003,80.53658537
"CH","Switzerland",2004,81.08780488
"CH","Switzerland",2005,81.23658537
"CH","Switzerland",2006,81.4902439
"CH","Switzerland",2007,81.74146341
"CH","Switzerland",2008,81.99268293
"CH","Switzerland",2009,82.04390244
"CH","Switzerland",2010,82.24634146
"CH","Switzerland",2011,82.69512195
"CH","Switzerland",2012,82.69756098
"CH","Switzerland",2013,
"SY","Syria",2000,73.33029268
"SY","Syria",2001,73.61158537
"SY","Syria",2002,73.90002439
"SY","Syria",2003,74.1895122
"SY","Syria",2004,74.4704878
"SY","Syria",2005,74.71668293
"SY","Syria",2006,74.89782927
"SY","Syria",2007,74.99780488
"SY","Syria",2008,75.01512195
"SY","Syria",2009,74.96246341
"SY","Syria",2010,74.86763415
"SY","Syria",2011,74.77058537
"SY","Syria",2012,74.71070732
"SY","Syria",2013,
"TJ","Tajikistan",2000,63.77173171
"TJ","Tajikistan",2001,64.12878049
"TJ","Tajikistan",2002,64.50636585
"TJ","Tajikistan",2003,64.90002439
"TJ","Tajikistan",2004,65.29663415
"TJ","Tajikistan",2005,65.67846341
"TJ","Tajikistan",2006,66.02973171
"TJ","Tajikistan",2007,66.34014634
"TJ","Tajikistan",2008,66.60453659
"TJ","Tajikistan",2009,66.82131707
"TJ","Tajikistan",2010,66.9955122
"TJ","Tajikistan",2011,67.13521951
"TJ","Tajikistan",2012,67.25717073
"TJ","Tajikistan",2013,
"TZ","Tanzania",2000,49.9715122
"TZ","Tanzania",2001,50.49678049
"TZ","Tanzania",2002,51.1594878
"TZ","Tanzania",2003,51.94665854
"TZ","Tanzania",2004,52.84078049
"TZ","Tanzania",2005,53.82534146
"TZ","Tanzania",2006,54.88426829
"TZ","Tanzania",2007,55.98765854
"TZ","Tanzania",2008,57.09717073
"TZ","Tanzania",2009,58.17595122
"TZ","Tanzania",2010,59.18170732
"TZ","Tanzania",2011,60.07465854
"TZ","Tanzania",2012,60.84643902
"TZ","Tanzania",2013,
"TH","Thailand",2000,70.91658537
"TH","Thailand",2001,71.10707317
"TH","Thailand",2002,71.35229268
"TH","Thailand",2003,71.6445122
"TH","Thailand",2004,71.97560976
"TH","Thailand",2005,72.32841463
"TH","Thailand",2006,72.68192683
"TH","Thailand",2007,73.01817073
"TH","Thailand",2008,73.32221951
"TH","Thailand",2009,73.58707317
"TH","Thailand",2010,73.81378049
"TH","Thailand",2011,74.00890244
"TH","Thailand",2012,74.18797561
"TH","Thailand",2013,
"TL","Timor-Leste",2000,59.48141463
"TL","Timor-Leste",2001,60.34619512
"TL","Timor-Leste",2002,61.12053659
"TL","Timor-Leste",2003,61.82931707
"TL","Timor-Leste",2004,62.48517073
"TL","Timor-Leste",2005,63.10063415
"TL","Timor-Leste",2006,63.68958537
"TL","Timor-Leste",2007,64.2637561
"TL","Timor-Leste",2008,64.82792683
"TL","Timor-Leste",2009,65.388
"TL","Timor-Leste",2010,65.94446341
"TL","Timor-Leste",2011,66.49180488
"TL","Timor-Leste",2012,67.02058537
"TL","Timor-Leste",2013,
"TG","Togo",2000,53.54534146
"TG","Togo",2001,53.58819512
"TG","Togo",2002,53.68873171
"TG","Togo",2003,53.81943902
"TG","Togo",2004,53.97126829
"TG","Togo",2005,54.14317073
"TG","Togo",2006,54.34153659
"TG","Togo",2007,54.57373171
"TG","Togo",2008,54.84319512
"TG","Togo",2009,55.14390244
"TG","Togo",2010,55.46887805
"TG","Togo",2011,55.80765854
"TG","Togo",2012,56.15034146
"TG","Togo",2013,
"TO","Tonga",2000,70.76043902
"TO","Tonga",2001,70.89858537
"TO","Tonga",2002,71.03668293
"TO","Tonga",2003,71.17543902
"TO","Tonga",2004,71.31443902
"TO","Tonga",2005,71.45334146
"TO","Tonga",2006,71.59370732
"TO","Tonga",2007,71.7375122
"TO","Tonga",2008,71.88270732
"TO","Tonga",2009,72.0317561
"TO","Tonga",2010,72.18263415
"TO","Tonga",2011,72.3352439
"TO","Tonga",2012,72.489
"TO","Tonga",2013,
"TT","Trinidad and Tobago",2000,68.59795122
"TT","Trinidad and Tobago",2001,68.654
"TT","Trinidad and Tobago",2002,68.72304878
"TT","Trinidad and Tobago",2003,68.80543902
"TT","Trinidad and Tobago",2004,68.90056098
"TT","Trinidad and Tobago",2005,69.00778049
"TT","Trinidad and Tobago",2006,69.12446341
"TT","Trinidad and Tobago",2007,69.24402439
"TT","Trinidad and Tobago",2008,69.36436585
"TT","Trinidad and Tobago",2009,69.4824878
"TT","Trinidad and Tobago",2010,69.59736585
"TT","Trinidad and Tobago",2011,69.70856098
"TT","Trinidad and Tobago",2012,69.81714634
"TT","Trinidad and Tobago",2013,
"TN","Tunisia",2000,72.6
"TN","Tunisia",2001,72.84878049
"TN","Tunisia",2002,73
"TN","Tunisia",2003,73.05121951
"TN","Tunisia",2004,73.30243902
"TN","Tunisia",2005,73.50243902
"TN","Tunisia",2006,73.9
"TN","Tunisia",2007,74.20243902
"TN","Tunisia",2008,74.30243902
"TN","Tunisia",2009,74.45121951
"TN","Tunisia",2010,74.60243902
"TN","Tunisia",2011,74.85121951
"TN","Tunisia",2012,75.1
"TN","Tunisia",2013,
"TR","Turkey",2000,69.99836585
"TR","Turkey",2001,70.55185366
"TR","Turkey",2002,71.07309756
"TR","Turkey",2003,71.55987805
"TR","Turkey",2004,72.01112195
"TR","Turkey",2005,72.42836585
"TR","Turkey",2006,72.81573171
"TR","Turkey",2007,73.18192683
"TR","Turkey",2008,73.53419512
"TR","Turkey",2009,73.87609756
"TR","Turkey",2010,74.21119512
"TR","Turkey",2011,74.5404878
"TR","Turkey",2012,74.86243902
"TR","Turkey",2013,
"TM","Turkmenistan",2000,63.89929268
"TM","Turkmenistan",2001,64.02609756
"TM","Turkmenistan",2002,64.13760976
"TM","Turkmenistan",2003,64.24039024
"TM","Turkmenistan",2004,64.33743902
"TM","Turkmenistan",2005,64.43236585
"TM","Turkmenistan",2006,64.53129268
"TM","Turkmenistan",2007,64.63782927
"TM","Turkmenistan",2008,64.75404878
"TM","Turkmenistan",2009,64.88102439
"TM","Turkmenistan",2010,65.01821951
"TM","Turkmenistan",2011,65.16360976
"TM","Turkmenistan",2012,65.31358537
"TM","Turkmenistan",2013,
"TC","Turks and Caicos Islands",2000,
"TC","Turks and Caicos Islands",2001,
"TC","Turks and Caicos Islands",2002,
"TC","Turks and Caicos Islands",2003,
"TC","Turks and Caicos Islands",2004,
"TC","Turks and Caicos Islands",2005,
"TC","Turks and Caicos Islands",2006,
"TC","Turks and Caicos Islands",2007,
"TC","Turks and Caicos Islands",2008,
"TC","Turks and Caicos Islands",2009,
"TC","Turks and Caicos Islands",2010,
"TC","Turks and Caicos Islands",2011,
"TC","Turks and Caicos Islands",2012,
"TC","Turks and Caicos Islands",2013,
"TV","Tuvalu",2000,
"TV","Tuvalu",2001,
"TV","Tuvalu",2002,
"TV","Tuvalu",2003,
"TV","Tuvalu",2004,
"TV","Tuvalu",2005,
"TV","Tuvalu",2006,
"TV","Tuvalu",2007,
"TV","Tuvalu",2008,
"TV","Tuvalu",2009,
"TV","Tuvalu",2010,
"TV","Tuvalu",2011,
"TV","Tuvalu",2012,
"TV","Tuvalu",2013,
"AE","UAE",2000,74.40568293
"AE","UAE",2001,74.64946341
"AE","UAE",2002,74.88921951
"AE","UAE",2003,75.1244878
"AE","UAE",2004,75.35573171
"AE","UAE",2005,75.58195122
"AE","UAE",2006,75.80012195
"AE","UAE",2007,76.01121951
"AE","UAE",2008,76.2147561
"AE","UAE",2009,76.41070732
"AE","UAE",2010,76.59860976
"AE","UAE",2011,76.781
"AE","UAE",2012,76.95787805
"AE","UAE",2013,
"UG","Uganda",2000,48.10936585
"UG","Uganda",2001,48.97280488
"UG","Uganda",2002,49.9127561
"UG","Uganda",2003,50.88878049
"UG","Uganda",2004,51.87136585
"UG","Uganda",2005,52.83992683
"UG","Uganda",2006,53.78785366
"UG","Uganda",2007,54.71763415
"UG","Uganda",2008,55.62439024
"UG","Uganda",2009,56.4917561
"UG","Uganda",2010,57.29653659
"UG","Uganda",2011,58.01753659
"UG","Uganda",2012,58.64797561
"UG","Uganda",2013,
"UA","Ukraine",2000,67.86341463
"UA","Ukraine",2001,68.28707317
"UA","Ukraine",2002,68.27560976
"UA","Ukraine",2003,68.21073171
"UA","Ukraine",2004,68.18536585
"UA","Ukraine",2005,67.95682927
"UA","Ukraine",2006,68.07756098
"UA","Ukraine",2007,68.22219512
"UA","Ukraine",2008,68.25146341
"UA","Ukraine",2009,69.19
"UA","Ukraine",2010,70.27560976
"UA","Ukraine",2011,70.80926829
"UA","Ukraine",2012,70.94414634
"UA","Ukraine",2013,
"GB","United Kingdom",2000,77.74146341
"GB","United Kingdom",2001,77.99268293
"GB","United Kingdom",2002,78.14390244
"GB","United Kingdom",2003,78.44634146
"GB","United Kingdom",2004,78.74634146
"GB","United Kingdom",2005,79.04878049
"GB","United Kingdom",2006,79.24878049
"GB","United Kingdom",2007,79.44878049
"GB","United Kingdom",2008,79.6
"GB","United Kingdom",2009,80.05121951
"GB","United Kingdom",2010,80.40243902
"GB","United Kingdom",2011,80.95121951
"GB","United Kingdom",2012,81.5
"GB","United Kingdom",2013,
"UY","Uruguay",2000,74.66009756
"UY","Uruguay",2001,74.87260976
"UY","Uruguay",2002,75.08612195
"UY","Uruguay",2003,75.29968293
"UY","Uruguay",2004,75.51326829
"UY","Uruguay",2005,75.72285366
"UY","Uruguay",2006,75.92495122
"UY","Uruguay",2007,76.11604878
"UY","Uruguay",2008,76.29512195
"UY","Uruguay",2009,76.46117073
"UY","Uruguay",2010,76.61621951
"UY","Uruguay",2011,76.76426829
"UY","Uruguay",2012,76.90782927
"UY","Uruguay",2013,
"US","USA",2000,76.63658537
"US","USA",2001,76.73658537
"US","USA",2002,76.83658537
"US","USA",2003,76.98780488
"US","USA",2004,77.33902439
"US","USA",2005,77.33902439
"US","USA",2006,77.58780488
"US","USA",2007,77.83902439
"US","USA",2008,77.93902439
"US","USA",2009,78.0902439
"US","USA",2010,78.54146341
"US","USA",2011,78.64146341
"US","USA",2012,78.74146341
"US","USA",2013,
"UZ","Uzbekistan",2000,66.94078049
"UZ","Uzbekistan",2001,67.02926829
"UZ","Uzbekistan",2002,67.10836585
"UZ","Uzbekistan",2003,67.18660976
"UZ","Uzbekistan",2004,67.26502439
"UZ","Uzbekistan",2005,67.34704878
"UZ","Uzbekistan",2006,67.43514634
"UZ","Uzbekistan",2007,67.52970732
"UZ","Uzbekistan",2008,67.63217073
"UZ","Uzbekistan",2009,67.74202439
"UZ","Uzbekistan",2010,67.8587561
"UZ","Uzbekistan",2011,67.98039024
"UZ","Uzbekistan",2012,68.104
"UZ","Uzbekistan",2013,
"VU","Vanuatu",2000,67.555
"VU","Vanuatu",2001,67.93470732
"VU","Vanuatu",2002,68.29995122
"VU","Vanuatu",2003,68.65170732
"VU","Vanuatu",2004,68.99
"VU","Vanuatu",2005,69.31685366
"VU","Vanuatu",2006,69.6347561
"VU","Vanuatu",2007,69.94421951
"VU","Vanuatu",2008,70.24773171
"VU","Vanuatu",2009,70.54580488
"VU","Vanuatu",2010,70.83890244
"VU","Vanuatu",2011,71.12804878
"VU","Vanuatu",2012,71.41068293
"VU","Vanuatu",2013,
"VE","Venezuela",2000,72.44414634
"VE","Venezuela",2001,72.57707317
"VE","Venezuela",2002,72.72502439
"VE","Venezuela",2003,72.88795122
"VE","Venezuela",2004,73.06587805
"VE","Venezuela",2005,73.25378049
"VE","Venezuela",2006,73.44768293
"VE","Venezuela",2007,73.63909756
"VE","Venezuela",2008,73.82502439
"VE","Venezuela",2009,74.0024878
"VE","Venezuela",2010,74.17046341
"VE","Venezuela",2011,74.33097561
"VE","Venezuela",2012,74.4875122
"VE","Venezuela",2013,
"VN","Viet Nam",2000,73.63112195
"VN","Viet Nam",2001,73.87970732
"VN","Viet Nam",2002,74.1022439
"VN","Viet Nam",2003,74.2992439
"VN","Viet Nam",2004,74.4737561
"VN","Viet Nam",2005,74.62785366
"VN","Viet Nam",2006,74.76863415
"VN","Viet Nam",2007,74.90219512
"VN","Viet Nam",2008,75.03507317
"VN","Viet Nam",2009,75.1707561
"VN","Viet Nam",2010,75.31173171
"VN","Viet Nam",2011,75.45790244
"VN","Viet Nam",2012,75.60668293
"VN","Viet Nam",2013,
"VI","Virgin Islands (US)",2000,76.6195122
"VI","Virgin Islands (US)",2001,77.87317073
"VI","Virgin Islands (US)",2002,78.02439024
"VI","Virgin Islands (US)",2003,78.17317073
"VI","Virgin Islands (US)",2004,78.72439024
"VI","Virgin Islands (US)",2005,78.52439024
"VI","Virgin Islands (US)",2006,78.62439024
"VI","Virgin Islands (US)",2007,78.82439024
"VI","Virgin Islands (US)",2008,78.92439024
"VI","Virgin Islands (US)",2009,79.07317073
"VI","Virgin Islands (US)",2010,79.17317073
"VI","Virgin Islands (US)",2011,79.37317073
"VI","Virgin Islands (US)",2012,79.47317073
"VI","Virgin Islands (US)",2013,
"YE","Yemen",2000,60.45785366
"YE","Yemen",2001,60.68368293
"YE","Yemen",2002,60.904
"YE","Yemen",2003,61.11834146
"YE","Yemen",2004,61.32865854
"YE","Yemen",2005,61.53492683
"YE","Yemen",2006,61.73865854
"YE","Yemen",2007,61.93978049
"YE","Yemen",2008,62.13782927
"YE","Yemen",2009,62.33378049
"YE","Yemen",2010,62.52765854
"YE","Yemen",2011,62.7184878
"YE","Yemen",2012,62.90578049
"YE","Yemen",2013,
"ZM","Zambia",2000,41.78312195
"ZM","Zambia",2001,42.50656098
"ZM","Zambia",2002,43.42692683
"ZM","Zambia",2003,44.52226829
"ZM","Zambia",2004,45.765
"ZM","Zambia",2005,47.12834146
"ZM","Zambia",2006,48.58492683
"ZM","Zambia",2007,50.09853659
"ZM","Zambia",2008,51.62214634
"ZM","Zambia",2009,53.11336585
"ZM","Zambia",2010,54.52756098
"ZM","Zambia",2011,55.83314634
"ZM","Zambia",2012,57.02258537
"ZM","Zambia",2013,
"ZW","Zimbabwe",2000,43.922
"ZW","Zimbabwe",2001,43.25307317
"ZW","Zimbabwe",2002,42.90573171
"ZW","Zimbabwe",2003,42.87385366
"ZW","Zimbabwe",2004,43.1782439
"ZW","Zimbabwe",2005,43.88839024
"ZW","Zimbabwe",2006,45.08426829
"ZW","Zimbabwe",2007,46.74973171
"ZW","Zimbabwe",2008,48.80834146
"ZW","Zimbabwe",2009,51.14792683
"ZW","Zimbabwe",2010,53.59312195
"ZW","Zimbabwe",2011,55.94621951
"ZW","Zimbabwe",2012,58.04597561
"ZW","Zimbabwe",2013,
