"id","entity-name","year","value","budget-type"
"AF","Afghanistan",2010,170.2588543,"Actual"
"AF","Afghanistan",2011,203.1188203,"Actual"
"AF","Afghanistan",2012,193.9772828,"Actual"
"AF","Afghanistan",2013,181.3214523,"Actual"
"AF","Afghanistan",2014,154.631385,"Actual"
"AF","Afghanistan",2015,171.6772057,"Projected "
"AL","Albania",2010,2511.268389,"Actual"
"AL","Albania",2011,2553.761877,"Actual"
"AL","Albania",2012,2556.654455,"Actual"
"AL","Albania",2013,2525.861767,"Actual"
"AL","Albania",2014,2865.405101,"Projected "
"AL","Albania",2015,3163.587015,"Projected "
"DZ","Algeria",2010,5845.946112,"Actual"
"DZ","Algeria",2011,5552.007677,"Actual"
"DZ","Algeria",2012,5300.393876,"Actual"
"DZ","Algeria",2013,4938.743105,"Actual"
"DZ","Algeria",2014,4882.450902,"Projected "
"DZ","Algeria",2015,5263.804011,"Projected "
"AO","Angola",2010,3600.906162,"Actual"
"AO","Angola",2011,3354.591474,"Actual"
"AO","Angola",2012,3060.219871,"Actual"
"AO","Angola",2013,2826.574957,"Actual"
"AO","Angola",2014,2683.2352,"Projected "
"AO","Angola",2015,3473.215554,"Projected "
"AG","Antigua and Barbuda",2010,4535.622083,"Actual"
"AG","Antigua and Barbuda",2011,4147.563764,"Actual"
"AG","Antigua and Barbuda",2012,4445.182724,"Actual"
"AG","Antigua and Barbuda",2013,4201.975908,"Actual"
"AG","Antigua and Barbuda",2014,4643.2084,"Projected "
"AG","Antigua and Barbuda",2015,5142.264369,"Projected "
"AM","Armenia",2010,1218.098694,"Actual"
"AM","Armenia",2011,1253.172916,"Actual"
"AM","Armenia",2012,1469.133027,"Actual"
"AM","Armenia",2013,1626.767785,"Projected "
"AM","Armenia",2014,1631.26039,"Projected "
"AM","Armenia",2015,1613.262325,"Projected "
"AU","Australia",2010,13786.05192,"Actual"
"AU","Australia",2011,13692.65345,"Actual"
"AU","Australia",2012,14780.85127,"Actual"
"AU","Australia",2013,15141.9008,"Actual"
"AU","Australia",2014,15553.8499,"Actual"
"AU","Australia",2015,16639.14871,"Projected "
"AT","Austria",2010,21132.57618,"Actual"
"AT","Austria",2011,21692.7269,"Actual"
"AT","Austria",2012,21953.03476,"Actual"
"AT","Austria",2013,22331.38443,"Actual"
"AT","Austria",2014,22489.36124,"Projected "
"AT","Austria",2015,22629.6975,"Projected "
"AZ","Azerbaijan",2010,8748.962646,"Actual"
"AZ","Azerbaijan",2011,7330.628136,"Actual"
"AZ","Azerbaijan",2012,6459.152488,"Actual"
"AZ","Azerbaijan",2013,6659.83011,"Projected "
"AZ","Azerbaijan",2014,7407.70677,"Projected "
"AZ","Azerbaijan",2015,6423.313139,"Projected "
"BD","Bangladesh",2010,275.7326233,"Actual"
"BD","Bangladesh",2011,292.477677,"Actual"
"BD","Bangladesh",2012,310.8305722,"Actual"
"BD","Bangladesh",2013,307.863815,"Actual"
"BD","Bangladesh",2014,313.9953745,"Projected "
"BD","Bangladesh",2015,320.8707439,"Projected "
"BY","Belarus",2010,19801.14644,"Actual"
"BY","Belarus",2011,11612.53218,"Actual"
"BY","Belarus",2012,7244.844799,"Actual"
"BY","Belarus",2013,6338.258393,"Actual"
"BY","Belarus",2014,5112.342049,"Actual"
"BY","Belarus",2015,3988.613701,"Projected "
"BE","Belgium",2010,20314.37496,"Actual"
"BE","Belgium",2011,20725.79837,"Actual"
"BE","Belgium",2012,21089.18812,"Actual"
"BE","Belgium",2013,21339.10745,"Actual"
"BE","Belgium",2014,21591.5074,"Projected "
"BE","Belgium",2015,21759.82002,"Projected "
"BZ","Belize",2010,2052.991494,"Actual"
"BZ","Belize",2011,2100.586078,"Actual"
"BZ","Belize",2012,2053.252235,"Actual"
"BZ","Belize",2013,1990.823444,"Actual"
"BZ","Belize",2014,2044.203822,"Actual"
"BZ","Belize",2015,2073.357647,"Projected "
"BJ","Benin",2010,324.2620478,"Actual"
"BJ","Benin",2011,307.0121625,"Actual"
"BJ","Benin",2012,322.1650309,"Actual"
"BJ","Benin",2013,344.4984254,"Projected "
"BJ","Benin",2014,357.4376735,"Projected "
"BJ","Benin",2015,377.5001425,"Projected "
"BT","Bhutan",2010,2067.641113,"Actual"
"BT","Bhutan",2011,1619.264321,"Actual"
"BT","Bhutan",2012,1579.052887,"Projected "
"BT","Bhutan",2013,1365.679665,"Projected "
"BT","Bhutan",2014,1228.782967,"Projected "
"BT","Bhutan",2015,1055.975072,"Projected "
"BO","Bolivia ",2010,1989.33225,"Actual"
"BO","Bolivia ",2011,2010.402636,"Actual"
"BO","Bolivia ",2012,2073.55641,"Actual"
"BO","Bolivia ",2013,2138.628428,"Projected "
"BO","Bolivia ",2014,2015.071424,"Projected "
"BO","Bolivia ",2015,2257.034836,"Projected "
"BA","Bosnia and Herzegovina",2010,4046.162574,"Actual"
"BA","Bosnia and Herzegovina",2011,4051.06531,"Actual"
"BA","Bosnia and Herzegovina",2012,4063.850983,"Actual"
"BA","Bosnia and Herzegovina",2013,4126.45941,"Actual"
"BA","Bosnia and Herzegovina",2014,4203.137158,"Projected "
"BA","Bosnia and Herzegovina",2015,4356.480112,"Projected "
"BW","Botswana",2010,4474.513871,"Actual"
"BW","Botswana",2011,4187.325436,"Actual"
"BW","Botswana",2012,4928.016505,"Actual"
"BW","Botswana",2013,4930.425243,"Projected "
"BW","Botswana",2014,4576.792818,"Projected "
"BW","Botswana",2015,4552.190152,"Projected "
"BR","Brazil",2010,5488.363565,"Actual"
"BR","Brazil",2011,5486.857597,"Actual"
"BR","Brazil",2012,5411.303776,"Actual"
"BR","Brazil",2013,5324.469437,"Actual"
"BR","Brazil",2014,4975.419651,"Actual"
"BR","Brazil",2015,,"Projected "
"BF","Burkina Faso",2010,242.2441235,"Actual"
"BF","Burkina Faso",2011,245.7423729,"Actual"
"BF","Burkina Faso",2012,273.2484888,"Actual"
"BF","Burkina Faso",2013,306.6279124,"Projected "
"BF","Burkina Faso",2014,345.7622704,"Projected "
"BF","Burkina Faso",2015,359.4861511,"Projected "
"BI","Burundi",2010,153.1210493,"Actual"
"BI","Burundi",2011,145.8213201,"Actual"
"BI","Burundi",2012,123.2716019,"Actual"
"BI","Burundi",2013,104.2896818,"Actual"
"BI","Burundi",2014,103.2796107,"Actual"
"BI","Burundi",2015,97.51784257,"Projected "
"CI","Côte d'Ivoire",2010,491.3300148,"Actual"
"CI","Côte d'Ivoire",2011,368.1014417,"Actual"
"CI","Côte d'Ivoire",2012,503.0291934,"Actual"
"CI","Côte d'Ivoire",2013,533.8512772,"Actual"
"CI","Côte d'Ivoire",2014,538.668973,"Projected "
"CI","Côte d'Ivoire",2015,592.9318093,"Projected "
"KH","Cambodia",2010,312.6722702,"Actual"
"KH","Cambodia",2011,331.8340081,"Actual"
"KH","Cambodia",2012,401.7800978,"Actual"
"KH","Cambodia",2013,423.2165221,"Projected "
"KH","Cambodia",2014,479.060816,"Projected "
"KH","Cambodia",2015,,"Projected "
"CM","Cameroon",2010,430.8766689,"Actual"
"CM","Cameroon",2011,474.1839289,"Actual"
"CM","Cameroon",2012,480.4732925,"Actual"
"CM","Cameroon",2013,493.4536253,"Actual"
"CM","Cameroon",2014,513.1193721,"Projected "
"CM","Cameroon",2015,516.3361023,"Projected "
"CA","Canada",2010,15994.93803,"Actual"
"CA","Canada",2011,16002.06281,"Actual"
"CA","Canada",2012,16175.6609,"Actual"
"CA","Canada",2013,16289.67278,"Actual"
"CA","Canada",2014,16347.95768,"Actual"
"CA","Canada",2015,16888.1259,"Projected "
"CV","Cape Verde",2010,1316.188918,"Actual"
"CV","Cape Verde",2011,1415.761562,"Actual"
"CV","Cape Verde",2012,1328.482983,"Actual"
"CV","Cape Verde",2013,1330.395596,"Actual"
"CV","Cape Verde",2014,1461.60599,"Projected "
"CV","Cape Verde",2015,1504.544716,"Projected "
"CF","CAR",2010,107.328402,"Actual"
"CF","CAR",2011,101.178067,"Actual"
"CF","CAR",2012,109.062686,"Actual"
"CF","CAR",2013,31.74533401,"Actual"
"CF","CAR",2014,29.02061176,"Projected "
"CF","CAR",2015,39.41376919,"Projected "
"TD","Chad",2010,456.1308875,"Actual"
"TD","Chad",2011,512.7862331,"Actual"
"TD","Chad",2012,514.7211253,"Actual"
"TD","Chad",2013,476.9025885,"Actual"
"TD","Chad",2014,431.1120642,"Actual"
"TD","Chad",2015,422.1538062,"Projected "
"CL","Chile",2010,4218.809171,"Actual"
"CL","Chile",2011,4622.187719,"Actual"
"CL","Chile",2012,4785.350576,"Actual"
"CL","Chile",2013,4618.557211,"Actual"
"CL","Chile",2014,4463.211668,"Projected "
"CL","Chile",2015,4555.486821,"Projected "
"CN","China",2010,2135.858361,"Actual"
"CN","China",2011,2353.817106,"Actual"
"CN","China",2012,2425.804903,"Actual"
"CN","China",2013,2508.544504,"Projected "
"CN","China",2014,2761.38428,"Projected "
"CN","China",2015,3046.352223,"Projected "
"CO","Colombia",2010,3100.456962,"Actual"
"CO","Colombia",2011,3182.041964,"Actual"
"CO","Colombia",2012,3452.552853,"Actual"
"CO","Colombia",2013,3546.137337,"Actual"
"CO","Colombia",2014,3442.740754,"Projected "
"CO","Colombia",2015,3635.643861,"Projected "
"KM","Comoros",2010,222.1122914,"Actual"
"KM","Comoros",2011,242.1746312,"Actual"
"KM","Comoros",2012,288.2266947,"Actual"
"KM","Comoros",2013,223.394417,"Actual"
"KM","Comoros",2014,219.0635031,"Projected "
"KM","Comoros",2015,219.8826802,"Projected "
"CG","Congo",2010,2355.351421,"Actual"
"CG","Congo",2011,2450.845745,"Actual"
"CG","Congo",2012,2570.938467,"Actual"
"CG","Congo",2013,3140.061436,"Actual"
"CG","Congo",2014,3553.16083,"Projected "
"CG","Congo",2015,5047.368366,"Projected "
"CR","Costa Rica",2010,1832.844344,"Actual"
"CR","Costa Rica",2011,1871.891725,"Actual"
"CR","Costa Rica",2012,1894.130254,"Actual"
"CR","Costa Rica",2013,1886.392324,"Actual"
"CR","Costa Rica",2014,1864.084445,"Projected "
"CR","Costa Rica",2015,1868.084244,"Projected "
"CY","Cyprus",2010,13205.50599,"Actual"
"CY","Cyprus",2011,12686.02851,"Actual"
"CY","Cyprus",2012,11976.62864,"Actual"
"CY","Cyprus",2013,11956.92303,"Actual"
"CY","Cyprus",2014,12654.17143,"Actual"
"CY","Cyprus",2015,12431.31855,"Projected "
"CZ","Czech Republic",2010,10402.09532,"Actual"
"CZ","Czech Republic",2011,10978.22314,"Actual"
"CZ","Czech Republic",2012,10997.57295,"Actual"
"CZ","Czech Republic",2013,11049.87616,"Actual"
"CZ","Czech Republic",2014,11226.77352,"Projected "
"CZ","Czech Republic",2015,11326.04654,"Projected "
"DK","Denmark",2010,23412.96541,"Actual"
"DK","Denmark",2011,24070.35147,"Actual"
"DK","Denmark",2012,23824.2587,"Actual"
"DK","Denmark",2013,23976.75744,"Actual"
"DK","Denmark",2014,24504.35189,"Projected "
"DK","Denmark",2015,23196.36844,"Projected "
"DJ","Djibouti",2010,861.8014695,"Actual"
"DJ","Djibouti",2011,796.5829581,"Actual"
"DJ","Djibouti",2012,820.9820496,"Projected "
"DJ","Djibouti",2013,,"Projected "
"DJ","Djibouti",2014,,"Projected "
"DJ","Djibouti",2015,,"Projected "
"DM","Dominica",2010,2777.367424,"Actual"
"DM","Dominica",2011,2784.464366,"Actual"
"DM","Dominica",2012,2593.840195,"Projected "
"DM","Dominica",2013,2562.923869,"Projected "
"DM","Dominica",2014,2614.634432,"Projected "
"DM","Dominica",2015,2711.533853,"Projected "
"DO","Dominican Republic",2010,1632.787522,"Projected "
"DO","Dominican Republic",2011,1545.424821,"Projected "
"DO","Dominican Republic",2012,,"Projected "
"DO","Dominican Republic",2013,,"Projected "
"DO","Dominican Republic",2014,,"Projected "
"DO","Dominican Republic",2015,,"Projected "
"CD","DRC",2010,78.52259154,"Actual"
"CD","DRC",2011,77.05800485,"Actual"
"CD","DRC",2012,91.31903662,"Actual"
"CD","DRC",2013,76.04505673,"Actual"
"CD","DRC",2014,86.46110442,"Projected "
"CD","DRC",2015,89.60520206,"Projected "
"EG","Egypt",2010,3221.121928,"Actual"
"EG","Egypt",2011,2955.965675,"Actual"
"EG","Egypt",2012,2434.724868,"Actual"
"EG","Egypt",2013,2317.192709,"Actual"
"EG","Egypt",2014,2002.991174,"Actual"
"EG","Egypt",2015,1893.169741,"Projected "
"SV","El Salvador",2010,1285.227012,"Actual"
"SV","El Salvador",2011,1284.833266,"Actual"
"SV","El Salvador",2012,1377.039794,"Actual"
"SV","El Salvador",2013,1474.616188,"Actual"
"SV","El Salvador",2014,1455.977413,"Actual"
"SV","El Salvador",2015,1502.929922,"Projected "
"GQ","Equatorial Guinea",2010,17182.05544,"Actual"
"GQ","Equatorial Guinea",2011,14856.63542,"Actual"
"GQ","Equatorial Guinea",2012,11987.32335,"Projected "
"GQ","Equatorial Guinea",2013,14236.67673,"Projected "
"GQ","Equatorial Guinea",2014,11813.64919,"Projected "
"GQ","Equatorial Guinea",2015,26072.49461,"Projected "
"EE","Estonia",2010,9135.474042,"Actual"
"EE","Estonia",2011,9445.075222,"Actual"
"EE","Estonia",2012,9931.162393,"Actual"
"EE","Estonia",2013,9571.991283,"Actual"
"EE","Estonia",2014,9727.244502,"Projected "
"EE","Estonia",2015,9937.026638,"Projected "
"ET","Ethiopia",2010,225.0765544,"Actual"
"ET","Ethiopia",2011,230.3589263,"Actual"
"ET","Ethiopia",2012,211.0240454,"Actual"
"ET","Ethiopia",2013,183.1129148,"Actual"
"ET","Ethiopia",2014,177.4669737,"Actual"
"ET","Ethiopia",2015,179.5625138,"Projected "
"FJ","Fiji",2010,1927.417316,"Actual"
"FJ","Fiji",2011,2058.454864,"Actual"
"FJ","Fiji",2012,2064.690027,"Actual"
"FJ","Fiji",2013,2124.901882,"Actual"
"FJ","Fiji",2014,2193.162966,"Projected "
"FJ","Fiji",2015,2167.991474,"Projected "
"FI","Finland",2010,21261.56371,"Actual"
"FI","Finland",2011,22074.47089,"Actual"
"FI","Finland",2012,21688.07805,"Actual"
"FI","Finland",2013,21581.12943,"Actual"
"FI","Finland",2014,21633.72456,"Projected "
"FI","Finland",2015,21711.76931,"Projected "
"FR","France",2010,18911.08824,"Actual"
"FR","France",2011,19874.28922,"Actual"
"FR","France",2012,20357.09402,"Actual"
"FR","France",2013,20939.16691,"Actual"
"FR","France",2014,21149.42698,"Projected "
"FR","France",2015,21286.83611,"Projected "
"GA","Gabon",2010,3953.107113,"Actual"
"GA","Gabon",2011,4254.316822,"Actual"
"GA","Gabon",2012,6581.706007,"Actual"
"GA","Gabon",2013,6973.720559,"Actual"
"GA","Gabon",2014,6935.538255,"Actual"
"GA","Gabon",2015,6068.986449,"Projected "
"GM","Gambia",2010,253.8862251,"Actual"
"GM","Gambia",2011,252.3187299,"Actual"
"GM","Gambia",2012,257.1549082,"Actual"
"GM","Gambia",2013,250.2785973,"Projected "
"GM","Gambia",2014,265.6395129,"Projected "
"GM","Gambia",2015,290.7406245,"Projected "
"GE","Georgia",2010,1678.833028,"Actual"
"GE","Georgia",2011,1750.27414,"Actual"
"GE","Georgia",2012,1894.947572,"Actual"
"GE","Georgia",2013,1932.91577,"Actual"
"GE","Georgia",2014,1988.785154,"Actual"
"GE","Georgia",2015,2077.462693,"Projected "
"DE","Germany",2010,17363.35573,"Actual"
"DE","Germany",2011,18731.67085,"Actual"
"DE","Germany",2012,19514.7109,"Actual"
"DE","Germany",2013,19503.71985,"Actual"
"DE","Germany",2014,19722.78395,"Actual"
"DE","Germany",2015,19681.9845,"Projected "
"GH","Ghana",2010,,"Actual"
"GH","Ghana",2011,701.9645406,"Actual"
"GH","Ghana",2012,639.846505,"Actual"
"GH","Ghana",2013,545.8551447,"Projected "
"GH","Ghana",2014,541.9396046,"Projected "
"GH","Ghana",2015,487.6674148,"Projected "
"GR","Greece",2010,11909.6857,"Actual"
"GR","Greece",2011,11760.21524,"Actual"
"GR","Greece",2012,11423.98779,"Actual"
"GR","Greece",2013,11564.68648,"Actual"
"GR","Greece",2014,11840.2771,"Projected "
"GR","Greece",2015,12259.77582,"Projected "
"GD","Grenada",2010,2342.88766,"Actual"
"GD","Grenada",2011,2364.291835,"Actual"
"GD","Grenada",2012,2227.106227,"Actual"
"GD","Grenada",2013,2242.410047,"Actual"
"GD","Grenada",2014,2442.352883,"Projected "
"GD","Grenada",2015,2507.988845,"Projected "
"GT","Guatemala",2010,830.9958025,"Actual"
"GT","Guatemala",2011,834.931008,"Actual"
"GT","Guatemala",2012,825.273808,"Actual"
"GT","Guatemala",2013,820.8833243,"Actual"
"GT","Guatemala",2014,762.5523742,"Projected "
"GT","Guatemala",2015,757.273475,"Projected "
"GN","Guinea",2010,253.5581635,"Actual"
"GN","Guinea",2011,239.9902284,"Actual"
"GN","Guinea",2012,262.7851678,"Actual"
"GN","Guinea",2013,228.2975873,"Actual"
"GN","Guinea",2014,214.7741214,"Actual"
"GN","Guinea",2015,215.8363182,"Projected "
"GW","Guinea-Bissau",2010,155.7684764,"Actual"
"GW","Guinea-Bissau",2011,141.4943639,"Actual"
"GW","Guinea-Bissau",2012,133.2282684,"Actual"
"GW","Guinea-Bissau",2013,130.2537529,"Actual"
"GW","Guinea-Bissau",2014,162.3916293,"Projected "
"GW","Guinea-Bissau",2015,137.0009576,"Projected "
"GY","Guyana",2010,1493.712827,"Actual"
"GY","Guyana",2011,1414.196506,"Actual"
"GY","Guyana",2012,1445.690053,"Actual"
"GY","Guyana",2013,1535.40343,"Projected "
"GY","Guyana",2014,1746.380036,"Projected "
"GY","Guyana",2015,1916.883055,"Projected "
"HT","Haiti",2010,206.5805367,"Actual"
"HT","Haiti",2011,227.8195065,"Actual"
"HT","Haiti",2012,216.3036387,"Actual"
"HT","Haiti",2013,215.3616151,"Actual"
"HT","Haiti",2014,201.3936115,"Projected "
"HT","Haiti",2015,232.65309,"Projected "
"HN","Honduras",2010,724.5992612,"Actual"
"HN","Honduras",2011,728.759964,"Actual"
"HN","Honduras",2012,714.5155894,"Actual"
"HN","Honduras",2013,744.0746827,"Actual"
"HN","Honduras",2014,793.4073183,"Projected "
"HN","Honduras",2015,774.034381,"Projected "
"HK","Hong Kong",2010,10705.29837,"Actual"
"HK","Hong Kong",2011,11667.61829,"Actual"
"HK","Hong Kong",2012,11088.73774,"Actual"
"HK","Hong Kong",2013,11135.77677,"Actual"
"HK","Hong Kong",2014,11890.94891,"Actual"
"HK","Hong Kong",2015,11154.48671,"Projected "
"IS","Iceland",2010,16094.68743,"Actual"
"IS","Iceland",2011,16571.23553,"Actual"
"IS","Iceland",2012,17113.70665,"Actual"
"IS","Iceland",2013,17799.18042,"Actual"
"IS","Iceland",2014,19863.1155,"Projected "
"IS","Iceland",2015,18080.84561,"Projected "
"IN","India",2010,817.9348645,"Actual"
"IN","India",2011,1007.20238,"Actual"
"IN","India",2012,986.4133116,"Actual"
"IN","India",2013,1013.770044,"Projected "
"IN","India",2014,1062.762487,"Projected "
"IN","India",2015,1115.934708,"Projected "
"ID","Indonesia",2010,1497.189658,"Actual"
"ID","Indonesia",2011,1575.479401,"Actual"
"ID","Indonesia",2012,1646.90999,"Actual"
"ID","Indonesia",2013,1650.312619,"Projected "
"ID","Indonesia",2014,1599.646818,"Projected "
"ID","Indonesia",2015,1409.070558,"Projected "
"IR","Iran",2010,4742.819846,"Actual"
"IR","Iran",2011,3645.79797,"Actual"
"IR","Iran",2012,2972.09199,"Actual"
"IR","Iran",2013,1451.958328,"Actual"
"IR","Iran",2014,1358.356331,"Actual"
"IR","Iran",2015,1184.761588,"Projected "
"IQ","Iraq",2010,6586.961685,"Actual"
"IQ","Iraq",2011,6231.204878,"Actual"
"IQ","Iraq",2012,6800.378018,"Actual"
"IQ","Iraq",2013,7055.81816,"Actual"
"IQ","Iraq",2014,7870.601775,"Actual"
"IQ","Iraq",2015,13880.85646,"Projected "
"IE","Ireland",2010,14879.43085,"Actual"
"IE","Ireland",2011,15349.32368,"Actual"
"IE","Ireland",2012,15657.53401,"Actual"
"IE","Ireland",2013,16012.27976,"Actual"
"IE","Ireland",2014,16666.04095,"Actual"
"IE","Ireland",2015,16701.00945,"Projected "
"IL","Israel",2010,11462.86868,"Actual"
"IL","Israel",2011,11891.57285,"Actual"
"IL","Israel",2012,11341.26991,"Actual"
"IL","Israel",2013,11584.36115,"Actual"
"IL","Israel",2014,11834.85851,"Projected "
"IL","Israel",2015,11896.13714,"Projected "
"IT","Italy",2010,16462.99276,"Actual"
"IT","Italy",2011,16623.77388,"Actual"
"IT","Italy",2012,16984.22036,"Actual"
"IT","Italy",2013,16691.39586,"Actual"
"IT","Italy",2014,16879.98784,"Projected "
"IT","Italy",2015,16875.74987,"Projected "
"JM","Jamaica",2010,2392.516198,"Actual"
"JM","Jamaica",2011,2195.997667,"Actual"
"JM","Jamaica",2012,2059.738869,"Actual"
"JM","Jamaica",2013,1904.578095,"Actual"
"JM","Jamaica",2014,1902.636113,"Projected "
"JM","Jamaica",2015,1813.929169,"Projected "
"JP","Japan",2010,9706.501599,"Actual"
"JP","Japan",2011,10460.30793,"Actual"
"JP","Japan",2012,11074.3776,"Actual"
"JP","Japan",2013,11834.29003,"Actual"
"JP","Japan",2014,12044.28594,"Projected "
"JP","Japan",2015,12398.29564,"Projected "
"JO","Jordan",2010,2757.767413,"Actual"
"JO","Jordan",2011,2396.568643,"Actual"
"JO","Jordan",2012,2458.409351,"Actual"
"JO","Jordan",2013,2371.278575,"Actual"
"JO","Jordan",2014,2532.753014,"Projected "
"JO","Jordan",2015,2516.368257,"Projected "
"KZ","Kazakhstan",2010,5627.733517,"Actual"
"KZ","Kazakhstan",2011,5989.400483,"Actual"
"KZ","Kazakhstan",2012,5851.651375,"Actual"
"KZ","Kazakhstan",2013,5307.799197,"Actual"
"KZ","Kazakhstan",2014,5875.459425,"Projected "
"KZ","Kazakhstan",2015,6384.673252,"Projected "
"KE","Kenya",2010,535.6170844,"Actual"
"KE","Kenya",2011,571.485907,"Actual"
"KE","Kenya",2012,524.6121047,"Actual"
"KE","Kenya",2013,508.2597986,"Actual"
"KE","Kenya",2014,509.168253,"Actual"
"KE","Kenya",2015,538.6689805,"Projected "
"KI","Kiribati",2010,746.5873017,"Actual"
"KI","Kiribati",2011,557.9852887,"Actual"
"KI","Kiribati",2012,815.6446541,"Actual"
"KI","Kiribati",2013,1076.182256,"Projected "
"KI","Kiribati",2014,595.4624419,"Projected "
"KI","Kiribati",2015,638.4297943,"Projected "
"XK","Kosovo",2010,2169.625879,"Actual"
"XK","Kosovo",2011,2277.328184,"Actual"
"XK","Kosovo",2012,2224.265401,"Actual"
"XK","Kosovo",2013,2217.665485,"Actual"
"XK","Kosovo",2014,2236.246283,"Actual"
"XK","Kosovo",2015,,"Projected "
"KG","Kyrgyzstan",2010,1011.66058,"Actual"
"KG","Kyrgyzstan",2011,919.2767419,"Actual"
"KG","Kyrgyzstan",2012,909.4493995,"Actual"
"KG","Kyrgyzstan",2013,967.293609,"Projected "
"KG","Kyrgyzstan",2014,850.7253562,"Projected "
"KG","Kyrgyzstan",2015,790.7527566,"Projected "
"LA","Lao",2010,702.4021311,"Actual"
"LA","Lao",2011,702.9124499,"Actual"
"LA","Lao",2012,757.5395983,"Actual"
"LA","Lao",2013,759.104648,"Projected "
"LA","Lao",2014,848.4354882,"Projected "
"LA","Lao",2015,,"Projected "
"LV","Latvia",2010,7187.487989,"Actual"
"LV","Latvia",2011,7312.707225,"Actual"
"LV","Latvia",2012,7943.536823,"Actual"
"LV","Latvia",2013,8116.886772,"Actual"
"LV","Latvia",2014,8225.838914,"Projected "
"LV","Latvia",2015,8268.049025,"Projected "
"LB","Lebanon",2010,3988.301592,"Actual"
"LB","Lebanon",2011,4008.138697,"Actual"
"LB","Lebanon",2012,3704.430456,"Actual"
"LB","Lebanon",2013,3297.730854,"Actual"
"LB","Lebanon",2014,3620.117506,"Actual"
"LB","Lebanon",2015,3100.046462,"Projected "
"LS","Lesotho",2010,,"Actual"
"LS","Lesotho",2011,1040.511211,"Actual"
"LS","Lesotho",2012,1087.678476,"Actual"
"LS","Lesotho",2013,1299.779156,"Actual"
"LS","Lesotho",2014,1250.003894,"Actual"
"LS","Lesotho",2015,1326.158222,"Projected "
"LR","Liberia",2010,177.7113211,"Actual"
"LR","Liberia",2011,174.8466662,"Actual"
"LR","Liberia",2012,203.5198633,"Actual"
"LR","Liberia",2013,222.5012557,"Actual"
"LR","Liberia",2014,192.2182215,"Actual"
"LR","Liberia",2015,162.3047313,"Projected "
"LY","Libya",2010,27022.14338,"Actual"
"LY","Libya",2011,6948.280187,"Actual"
"LY","Libya",2012,17299.26426,"Actual"
"LY","Libya",2013,,"Projected "
"LY","Libya",2014,,"Projected "
"LY","Libya",2015,,"Projected "
"LT","Lithuania",2010,7602.034358,"Actual"
"LT","Lithuania",2011,7605.370071,"Actual"
"LT","Lithuania",2012,7815.103208,"Actual"
"LT","Lithuania",2013,8150.018201,"Actual"
"LT","Lithuania",2014,8659.960294,"Projected "
"LT","Lithuania",2015,8921.115144,"Projected "
"LU","Luxembourg",2010,41370.22947,"Actual"
"LU","Luxembourg",2011,39774.28885,"Actual"
"LU","Luxembourg",2012,38900.18205,"Actual"
"LU","Luxembourg",2013,39624.13362,"Actual"
"LU","Luxembourg",2014,40313.46342,"Projected "
"LU","Luxembourg",2015,39762.36086,"Projected "
"MK","Macedonia",2010,3604.795582,"Actual"
"MK","Macedonia",2011,3551.306262,"Actual"
"MK","Macedonia",2012,3516.749619,"Actual"
"MK","Macedonia",2013,3323.170894,"Actual"
"MK","Macedonia",2014,3610.433559,"Projected "
"MK","Macedonia",2015,3762.160411,"Projected "
"MG","Madagascar",2010,211.1634031,"Actual"
"MG","Madagascar",2011,170.4797288,"Actual"
"MG","Madagascar",2012,134.5943286,"Actual"
"MG","Madagascar",2013,129.4794309,"Projected "
"MG","Madagascar",2014,132.2810191,"Projected "
"MG","Madagascar",2015,144.8412233,"Projected "
"MW","Malawi",2010,190.3608901,"Actual"
"MW","Malawi",2011,193.4706979,"Actual"
"MW","Malawi",2012,160.955994,"Actual"
"MW","Malawi",2013,146.1129495,"Actual"
"MW","Malawi",2014,138.5027827,"Projected "
"MW","Malawi",2015,119.4429731,"Projected "
"MY","Malaysia",2010,4175.908217,"Actual"
"MY","Malaysia",2011,4403.946522,"Actual"
"MY","Malaysia",2012,4713.612934,"Actual"
"MY","Malaysia",2013,4880.390404,"Actual"
"MY","Malaysia",2014,5036.362191,"Projected "
"MY","Malaysia",2015,4823.622693,"Projected "
"MV","Maldives",2010,,"Actual"
"MV","Maldives",2011,3333.403652,"Actual"
"MV","Maldives",2012,3278.783609,"Actual"
"MV","Maldives",2013,3732.900388,"Actual"
"MV","Maldives",2014,4369.244633,"Projected "
"MV","Maldives",2015,4956.71515,"Projected "
"ML","Mali",2010,316.4551688,"Actual"
"ML","Mali",2011,299.7438006,"Actual"
"ML","Mali",2012,281.4768406,"Actual"
"ML","Mali",2013,283.9837997,"Actual"
"ML","Mali",2014,304.6745153,"Projected "
"ML","Mali",2015,330.9178414,"Projected "
"MT","Malta",2010,11280.46731,"Actual"
"MT","Malta",2011,11634.81764,"Actual"
"MT","Malta",2012,11957.45044,"Actual"
"MT","Malta",2013,12382.53659,"Actual"
"MT","Malta",2014,12994.78656,"Projected "
"MT","Malta",2015,13736.01328,"Projected "
"MH","Marshall Islands",2010,643.2984362,"Actual"
"MH","Marshall Islands",2011,643.8686837,"Actual"
"MH","Marshall Islands",2012,620.2198645,"Actual"
"MH","Marshall Islands",2013,619.4480782,"Projected "
"MH","Marshall Islands",2014,702.3237885,"Projected "
"MH","Marshall Islands",2015,701.2771202,"Projected "
"MR","Mauritania",2010,736.8729156,"Actual"
"MR","Mauritania",2011,708.1098831,"Actual"
"MR","Mauritania",2012,1074.605239,"Actual"
"MR","Mauritania",2013,1098.434184,"Actual"
"MR","Mauritania",2014,1173.37908,"Projected "
"MR","Mauritania",2015,1340.1464,"Projected "
"MU","Mauritius",2010,3460.663819,"Actual"
"MU","Mauritius",2011,3502.149222,"Actual"
"MU","Mauritius",2012,3539.089373,"Actual"
"MU","Mauritius",2013,3638.973137,"Actual"
"MU","Mauritius",2014,3783.739937,"Projected "
"MU","Mauritius",2015,3759.149881,"Projected "
"MX","Mexico",2010,3822.248686,"Actual"
"MX","Mexico",2011,3994.856232,"Actual"
"MX","Mexico",2012,4095.878761,"Actual"
"MX","Mexico",2013,4145.529864,"Projected "
"MX","Mexico",2014,3841.954013,"Projected "
"MX","Mexico",2015,3885.10366,"Projected "
"FM","Micronesia",2010,675.8365437,"Actual"
"FM","Micronesia",2011,653.0620922,"Actual"
"FM","Micronesia",2012,712.4983286,"Actual"
"FM","Micronesia",2013,1653.020693,"Actual"
"FM","Micronesia",2014,1062.985633,"Actual"
"FM","Micronesia",2015,892.178775,"Projected "
"MD","Moldova",2010,1574.45467,"Actual"
"MD","Moldova",2011,1557.45617,"Actual"
"MD","Moldova",2012,1526.49323,"Actual"
"MD","Moldova",2013,1561.099675,"Projected "
"MD","Moldova",2014,1574.966257,"Projected "
"MD","Moldova",2015,1475.861176,"Projected "
"MN","Mongolia",2010,3046.094171,"Actual"
"MN","Mongolia",2011,3357.693704,"Actual"
"MN","Mongolia",2012,2923.474202,"Actual"
"MN","Mongolia",2013,3360.90735,"Actual"
"MN","Mongolia",2014,3061.959192,"Actual"
"MN","Mongolia",2015,2680.356403,"Projected "
"ME","Montenegro",2010,5560.922569,"Actual"
"ME","Montenegro",2011,5396.641618,"Actual"
"ME","Montenegro",2012,5555.506209,"Actual"
"ME","Montenegro",2013,5901.356574,"Actual"
"ME","Montenegro",2014,6323.885655,"Projected "
"ME","Montenegro",2015,6567.91155,"Projected "
"MA","Morocco",2010,1753.561557,"Actual"
"MA","Morocco",2011,1883.651249,"Actual"
"MA","Morocco",2012,2010.897266,"Actual"
"MA","Morocco",2013,2034.643363,"Projected "
"MA","Morocco",2014,1972.668763,"Projected "
"MA","Morocco",2015,1928.005505,"Projected "
"MZ","Mozambique",2010,174.2677368,"Actual"
"MZ","Mozambique",2011,197.9740243,"Actual"
"MZ","Mozambique",2012,232.1027378,"Actual"
"MZ","Mozambique",2013,288.1158007,"Actual"
"MZ","Mozambique",2014,299.2103056,"Projected "
"MZ","Mozambique",2015,279.3679657,"Projected "
"MM","Myanmar",2010,351.105524,"Actual"
"MM","Myanmar",2011,398.7768982,"Actual"
"MM","Myanmar",2012,435.5107173,"Actual"
"MM","Myanmar",2013,851.0856869,"Actual"
"MM","Myanmar",2014,819.8616484,"Actual"
"MM","Myanmar",2015,882.5212012,"Projected "
"NA","Namibia",2010,2892.65401,"Actual"
"NA","Namibia",2011,2645.050894,"Actual"
"NA","Namibia",2012,2759.67553,"Actual"
"NA","Namibia",2013,2669.655919,"Actual"
"NA","Namibia",2014,2209.642625,"Projected "
"NA","Namibia",2015,2235.430093,"Projected "
"NP","Nepal",2010,379.5240546,"Actual"
"NP","Nepal",2011,334.995771,"Actual"
"NP","Nepal",2012,354.2872189,"Actual"
"NP","Nepal",2013,379.4788589,"Actual"
"NP","Nepal",2014,393.7092016,"Projected "
"NP","Nepal",2015,394.4625238,"Projected "
"NL","Netherlands",2010,19616.05357,"Actual"
"NL","Netherlands",2011,20006.73371,"Actual"
"NL","Netherlands",2012,20113.832,"Actual"
"NL","Netherlands",2013,20446.52349,"Actual"
"NL","Netherlands",2014,20540.74063,"Actual"
"NL","Netherlands",2015,20403.59912,"Projected "
"NZ","New Zealand",2010,10948.20366,"Actual"
"NZ","New Zealand",2011,11010.20454,"Actual"
"NZ","New Zealand",2012,11338.44124,"Actual"
"NZ","New Zealand",2013,11256.51135,"Actual"
"NZ","New Zealand",2014,11215.19656,"Projected "
"NZ","New Zealand",2015,11531.19097,"Projected "
"NI","Nicaragua",2010,666.8431425,"Actual"
"NI","Nicaragua",2011,692.2493497,"Actual"
"NI","Nicaragua",2012,714.4775464,"Actual"
"NI","Nicaragua",2013,748.9122573,"Actual"
"NI","Nicaragua",2014,717.852194,"Actual"
"NI","Nicaragua",2015,,"Projected "
"NE","Niger",2010,124.3076408,"Actual"
"NE","Niger",2011,125.2780454,"Actual"
"NE","Niger",2012,153.9124195,"Actual"
"NE","Niger",2013,163.0272136,"Actual"
"NE","Niger",2014,192.0962511,"Projected "
"NE","Niger",2015,189.9926204,"Projected "
"NG","Nigeria",2010,761.388444,"Actual"
"NG","Nigeria",2011,1033.988905,"Actual"
"NG","Nigeria",2012,791.8624469,"Actual"
"NG","Nigeria",2013,599.5085975,"Actual"
"NG","Nigeria",2014,537.2427466,"Projected "
"NG","Nigeria",2015,420.0120071,"Projected "
"NO","Norway",2010,37344.9285,"Actual"
"NO","Norway",2011,36347.10125,"Actual"
"NO","Norway",2012,36035.42721,"Actual"
"NO","Norway",2013,34562.34602,"Actual"
"NO","Norway",2014,34853.7157,"Actual"
"NO","Norway",2015,33975.6087,"Projected "
"PK","Pakistan",2010,775.9140394,"Actual"
"PK","Pakistan",2011,642.0208224,"Actual"
"PK","Pakistan",2012,584.3185645,"Actual"
"PK","Pakistan",2013,584.5767784,"Actual"
"PK","Pakistan",2014,609.9270009,"Actual"
"PK","Pakistan",2015,607.6308943,"Projected "
"PW","Palau",2010,2243.204277,"Actual"
"PW","Palau",2011,2809.14975,"Actual"
"PW","Palau",2012,3003.83996,"Actual"
"PW","Palau",2013,3038.874107,"Actual"
"PW","Palau",2014,2903.713374,"Projected "
"PW","Palau",2015,2759.337305,"Projected "
"PA","Panama",2010,2796.145714,"Actual"
"PA","Panama",2011,2821.591155,"Actual"
"PA","Panama",2012,3048.890098,"Actual"
"PA","Panama",2013,3023.911407,"Actual"
"PA","Panama",2014,3285.75899,"Projected "
"PA","Panama",2015,,"Projected "
"PG","Papua New Guinea",2010,505.0584203,"Actual"
"PG","Papua New Guinea",2011,545.5393076,"Actual"
"PG","Papua New Guinea",2012,575.8108602,"Actual"
"PG","Papua New Guinea",2013,574.0774446,"Projected "
"PG","Papua New Guinea",2014,565.3328658,"Projected "
"PG","Papua New Guinea",2015,519.2979078,"Projected "
"PY","Paraguay",2010,1307.865913,"Actual"
"PY","Paraguay",2011,1364.666922,"Actual"
"PY","Paraguay",2012,1352.034976,"Actual"
"PY","Paraguay",2013,1381.144504,"Projected "
"PY","Paraguay",2014,1463.832611,"Projected "
"PY","Paraguay",2015,1516.322831,"Projected "
"PE","Peru",2010,2097.488166,"Actual"
"PE","Peru",2011,2259.887882,"Actual"
"PE","Peru",2012,2426.635051,"Actual"
"PE","Peru",2013,2522.627161,"Actual"
"PE","Peru",2014,2529.167575,"Actual"
"PE","Peru",2015,2400.616477,"Projected "
"PH","Philippines",2010,988.5367731,"Actual"
"PH","Philippines",2011,1035.416626,"Actual"
"PH","Philippines",2012,1123.117783,"Actual"
"PH","Philippines",2013,1196.920249,"Actual"
"PH","Philippines",2014,1258.072546,"Projected "
"PH","Philippines",2015,1318.627993,"Projected "
"PT","Portugal",2010,10702.88665,"Actual"
"PT","Portugal",2011,11278.49163,"Actual"
"PT","Portugal",2012,11176.99084,"Actual"
"PT","Portugal",2013,11581.10806,"Actual"
"PT","Portugal",2014,11602.79895,"Actual"
"PT","Portugal",2015,11805.56667,"Projected "
"RW","Rwanda",2010,183.8095328,"Actual"
"RW","Rwanda",2011,196.5370982,"Actual"
"RW","Rwanda",2012,214.7586776,"Actual"
"RW","Rwanda",2013,237.8497954,"Actual"
"RW","Rwanda",2014,250.7523711,"Actual"
"RW","Rwanda",2015,246.4359334,"Projected "
"KN","Saint Kitts and Nevis",2010,5908.587162,"Actual"
"KN","Saint Kitts and Nevis",2011,6539.132505,"Actual"
"KN","Saint Kitts and Nevis",2012,6331.809479,"Actual"
"KN","Saint Kitts and Nevis",2013,7633.950299,"Projected "
"KN","Saint Kitts and Nevis",2014,6589.452016,"Projected "
"KN","Saint Kitts and Nevis",2015,5698.401345,"Projected "
"LC","Saint Lucia",2010,2652.59682,"Actual"
"LC","Saint Lucia",2011,2743.481516,"Projected "
"LC","Saint Lucia",2012,3005.641509,"Projected "
"LC","Saint Lucia",2013,3104.961535,"Projected "
"LC","Saint Lucia",2014,3159.114846,"Projected "
"LC","Saint Lucia",2015,3190.267003,"Projected "
"VC","Saint Vincent and the Grenadines",2010,2598.442243,"Actual"
"VC","Saint Vincent and the Grenadines",2011,2449.754258,"Actual"
"VC","Saint Vincent and the Grenadines",2012,2436.47154,"Actual"
"VC","Saint Vincent and the Grenadines",2013,2724.445811,"Actual"
"VC","Saint Vincent and the Grenadines",2014,2697.245539,"Actual"
"VC","Saint Vincent and the Grenadines",2015,2758.090225,"Projected "
"WS","Samoa",2010,1099.136288,"Actual"
"WS","Samoa",2011,1233.596751,"Actual"
"WS","Samoa",2012,1235.531748,"Actual"
"WS","Samoa",2013,1224.489173,"Actual"
"WS","Samoa",2014,1345.515757,"Actual"
"WS","Samoa",2015,1415.293494,"Projected "
"SM","San Marino",2010,14292.35568,"Actual"
"SM","San Marino",2011,12581.61665,"Actual"
"SM","San Marino",2012,12885.20454,"Actual"
"SM","San Marino",2013,12280.50269,"Actual"
"SM","San Marino",2014,13402.334,"Projected "
"SM","San Marino",2015,13257.40705,"Projected "
"ST","Sao Tome and Principe",2010,565.9491274,"Actual"
"ST","Sao Tome and Principe",2011,558.5604884,"Actual"
"ST","Sao Tome and Principe",2012,484.4635185,"Actual"
"ST","Sao Tome and Principe",2013,534.6545702,"Actual"
"ST","Sao Tome and Principe",2014,470.964034,"Projected "
"ST","Sao Tome and Principe",2015,438.5717412,"Projected "
"SN","Senegal",2010,439.6678618,"Actual"
"SN","Senegal",2011,446.9632993,"Actual"
"SN","Senegal",2012,449.2172145,"Actual"
"SN","Senegal",2013,458.1060393,"Actual"
"SN","Senegal",2014,491.8830943,"Projected "
"SN","Senegal",2015,496.6401419,"Projected "
"RS","Serbia",2010,5599.112195,"Actual"
"RS","Serbia",2011,5121.280418,"Actual"
"RS","Serbia",2012,5024.733322,"Actual"
"RS","Serbia",2013,4795.944621,"Actual"
"RS","Serbia",2014,4936.679579,"Actual"
"RS","Serbia",2015,4716.068536,"Projected "
"SC","Seychelles",2010,7909.247011,"Actual"
"SC","Seychelles",2011,8566.693794,"Actual"
"SC","Seychelles",2012,7923.274358,"Actual"
"SC","Seychelles",2013,7686.740222,"Actual"
"SC","Seychelles",2014,7712.410694,"Projected "
"SC","Seychelles",2015,7657.796389,"Projected "
"SL","Sierra Leone",2010,172.2496245,"Actual"
"SL","Sierra Leone",2011,179.5699387,"Actual"
"SL","Sierra Leone",2012,183.4555258,"Actual"
"SL","Sierra Leone",2013,191.4273446,"Actual"
"SL","Sierra Leone",2014,171.4859664,"Projected "
"SL","Sierra Leone",2015,125.6662706,"Projected "
"SG","Singapore",2010,15648.75069,"Actual"
"SG","Singapore",2011,17809.89713,"Actual"
"SG","Singapore",2012,17288.68068,"Actual"
"SG","Singapore",2013,17491.74827,"Actual"
"SG","Singapore",2014,18606.44133,"Actual"
"SG","Singapore",2015,19351.72005,"Projected "
"SK","Slovakia",2010,8613.245075,"Actual"
"SK","Slovakia",2011,9452.700253,"Actual"
"SK","Slovakia",2012,9497.795514,"Actual"
"SK","Slovakia",2013,10370.37175,"Actual"
"SK","Slovakia",2014,10772.5198,"Projected "
"SK","Slovakia",2015,11205.6117,"Projected "
"SI","Slovenia",2010,11623.40703,"Actual"
"SI","Slovenia",2011,11729.40871,"Actual"
"SI","Slovenia",2012,11848.67444,"Actual"
"SI","Slovenia",2013,11452.17048,"Actual"
"SI","Slovenia",2014,12124.04868,"Actual"
"SI","Slovenia",2015,12262.72914,"Projected "
"SB","Solomon Islands",2010,598.5391722,"Actual"
"SB","Solomon Islands",2011,609.6448864,"Actual"
"SB","Solomon Islands",2012,618.5868889,"Actual"
"SB","Solomon Islands",2013,674.8608802,"Actual"
"SB","Solomon Islands",2014,580.4367002,"Actual"
"SB","Solomon Islands",2015,540.976728,"Projected "
"ZA","South Africa",2010,3114.405532,"Actual"
"ZA","South Africa",2011,3120.595237,"Actual"
"ZA","South Africa",2012,3043.931682,"Actual"
"ZA","South Africa",2013,2893.931083,"Actual"
"ZA","South Africa",2014,2780.813654,"Projected "
"ZA","South Africa",2015,2711.063765,"Projected "
"KR","South Korea",2010,6430.478371,"Actual"
"KR","South Korea",2011,6826.506853,"Actual"
"KR","South Korea",2012,7182.901678,"Actual"
"KR","South Korea",2013,7236.816517,"Actual"
"KR","South Korea",2014,7474.368624,"Projected "
"KR","South Korea",2015,7500.423229,"Projected "
"SS","South Sudan",2010,,"Actual"
"SS","South Sudan",2011,,"Actual"
"SS","South Sudan",2012,667.7522092,"Actual"
"SS","South Sudan",2013,80.82157851,"Actual"
"SS","South Sudan",2014,522.5764308,"Actual"
"SS","South Sudan",2015,515.5389059,"Projected "
"ES","Spain",2010,11736.81746,"Actual"
"ES","Spain",2011,11783.90211,"Actual"
"ES","Spain",2012,12010.97028,"Actual"
"ES","Spain",2013,12175.03171,"Actual"
"ES","Spain",2014,12704.90427,"Actual"
"ES","Spain",2015,13248.11764,"Projected "
"LK","Sri Lanka",2010,1279.373523,"Actual"
"LK","Sri Lanka",2011,1283.662609,"Actual"
"LK","Sri Lanka",2012,1153.691868,"Actual"
"LK","Sri Lanka",2013,1113.585315,"Projected "
"LK","Sri Lanka",2014,1211.397194,"Projected "
"LK","Sri Lanka",2015,1339.119876,"Projected "
"SD","Sudan",2010,1049.624102,"Actual"
"SD","Sudan",2011,1026.256763,"Actual"
"SD","Sudan",2012,387.3743177,"Actual"
"SD","Sudan",2013,284.8173728,"Actual"
"SD","Sudan",2014,270.1929339,"Projected "
"SD","Sudan",2015,249.4464396,"Projected "
"SR","Suriname",2010,3426.793633,"Actual"
"SR","Suriname",2011,4038.378666,"Actual"
"SR","Suriname",2012,3980.581953,"Actual"
"SR","Suriname",2013,3819.077161,"Actual"
"SR","Suriname",2014,3957.947304,"Projected "
"SR","Suriname",2015,4047.609968,"Projected "
"SZ","Swaziland",2010,2663.624078,"Actual"
"SZ","Swaziland",2011,1814.356877,"Actual"
"SZ","Swaziland",2012,1677.557103,"Actual"
"SZ","Swaziland",2013,2412.365849,"Actual"
"SZ","Swaziland",2014,2239.684406,"Projected "
"SZ","Swaziland",2015,2056.585962,"Projected "
"SE","Sweden",2010,21316.27324,"Actual"
"SE","Sweden",2011,21664.11572,"Actual"
"SE","Sweden",2012,21810.25518,"Actual"
"SE","Sweden",2013,21858.86928,"Projected "
"SE","Sweden",2014,21752.15206,"Projected "
"SE","Sweden",2015,22275.44474,"Projected "
"CH","Switzerland",2010,16520.2493,"Actual"
"CH","Switzerland",2011,17257.95678,"Actual"
"CH","Switzerland",2012,17380.38489,"Actual"
"CH","Switzerland",2013,17830.76268,"Projected "
"CH","Switzerland",2014,18129.88417,"Projected "
"CH","Switzerland",2015,18587.00215,"Projected "
"SY","Syria",2010,,"Projected "
"SY","Syria",2011,,"Projected "
"SY","Syria",2012,,"Projected "
"SY","Syria",2013,,"Projected "
"SY","Syria",2014,,"Projected "
"SY","Syria",2015,,"Projected "
"TW","Taiwan",2010,5677.525656,"Actual"
"TW","Taiwan",2011,6606.418097,"Actual"
"TW","Taiwan",2012,6669.849177,"Actual"
"TW","Taiwan",2013,6956.696561,"Actual"
"TW","Taiwan",2014,7193.15226,"Projected "
"TW","Taiwan",2015,7634.070567,"Projected "
"TJ","Tajikistan",2010,547.4110101,"Actual"
"TJ","Tajikistan",2011,559.7679077,"Actual"
"TJ","Tajikistan",2012,529.9081221,"Projected "
"TJ","Tajikistan",2013,553.1469767,"Projected "
"TJ","Tajikistan",2014,,"Projected "
"TJ","Tajikistan",2015,,"Projected "
"TZ","Tanzania",2010,300.4134971,"Actual"
"TZ","Tanzania",2011,294.4560052,"Actual"
"TZ","Tanzania",2012,297.3144279,"Actual"
"TZ","Tanzania",2013,291.513879,"Actual"
"TZ","Tanzania",2014,308.4043174,"Actual"
"TZ","Tanzania",2015,302.497697,"Projected "
"TH","Thailand",2010,2954.175919,"Actual"
"TH","Thailand",2011,2971.594338,"Actual"
"TH","Thailand",2012,3096.067533,"Actual"
"TH","Thailand",2013,3335.330695,"Actual"
"TH","Thailand",2014,3128.244897,"Actual"
"TH","Thailand",2015,3232.323424,"Projected "
"TL","Timor-Leste",2010,6533.532595,"Actual"
"TL","Timor-Leste",2011,5843.869842,"Actual"
"TL","Timor-Leste",2012,4895.226876,"Actual"
"TL","Timor-Leste",2013,3717.760088,"Projected "
"TL","Timor-Leste",2014,3599.289315,"Projected "
"TL","Timor-Leste",2015,4185.157492,"Projected "
"TG","Togo",2010,257.6474239,"Actual"
"TG","Togo",2011,234.5951773,"Actual"
"TG","Togo",2012,244.0038695,"Actual"
"TG","Togo",2013,264.0905623,"Projected "
"TG","Togo",2014,281.7966481,"Projected "
"TG","Togo",2015,294.986528,"Projected "
"TO","Tonga",2010,1008.0098,"Actual"
"TO","Tonga",2011,901.4748326,"Actual"
"TO","Tonga",2012,921.6687023,"Actual"
"TO","Tonga",2013,941.6789775,"Actual"
"TO","Tonga",2014,992.0164118,"Actual"
"TO","Tonga",2015,1041.08538,"Projected "
"TN","Tunisia",2010,2667.823812,"Actual"
"TN","Tunisia",2011,2640.340996,"Actual"
"TN","Tunisia",2012,2473.118671,"Actual"
"TN","Tunisia",2013,2457.672065,"Actual"
"TN","Tunisia",2014,2424.141226,"Actual"
"TN","Tunisia",2015,2345.917754,"Projected "
"TR","Turkey",2010,4115.795648,"Actual"
"TR","Turkey",2011,4223.815062,"Actual"
"TR","Turkey",2012,4075.481249,"Actual"
"TR","Turkey",2013,4280.072046,"Actual"
"TR","Turkey",2014,3873.549488,"Projected "
"TR","Turkey",2015,3725.524036,"Projected "
"TV","Tuvalu",2010,1668.208673,"Actual"
"TV","Tuvalu",2011,1422.740487,"Actual"
"TV","Tuvalu",2012,1705.523392,"Actual"
"TV","Tuvalu",2013,2523.023624,"Actual"
"TV","Tuvalu",2014,2288.254606,"Projected "
"TV","Tuvalu",2015,1905.483852,"Projected "
"UG","Uganda",2010,234.3843808,"Actual"
"UG","Uganda",2011,274.1981102,"Actual"
"UG","Uganda",2012,219.2301747,"Actual"
"UG","Uganda",2013,209.7836752,"Actual"
"UG","Uganda",2014,213.6720573,"Actual"
"UG","Uganda",2015,231.9287315,"Projected "
"UA","Ukraine",2010,4122.239536,"Actual"
"UA","Ukraine",2011,3851.571781,"Actual"
"UA","Ukraine",2012,3805.505855,"Actual"
"UA","Ukraine",2013,3797.331521,"Actual"
"UA","Ukraine",2014,2955.978764,"Actual"
"UA","Ukraine",2015,2368.7386,"Projected "
"GB","United Kingdom",2010,13237.00542,"Actual"
"GB","United Kingdom",2011,13450.1907,"Actual"
"GB","United Kingdom",2012,13537.26832,"Actual"
"GB","United Kingdom",2013,13806.71925,"Actual"
"GB","United Kingdom",2014,13659.18131,"Actual"
"GB","United Kingdom",2015,13865.19829,"Projected "
"UY","Uruguay",2010,5888.231128,"Actual"
"UY","Uruguay",2011,5803.11019,"Actual"
"UY","Uruguay",2012,5721.060214,"Actual"
"UY","Uruguay",2013,5888.981795,"Actual"
"UY","Uruguay",2014,,"Projected "
"UY","Uruguay",2015,,"Projected "
"US","USA",2010,14436.64068,"Actual"
"US","USA",2011,14719.29557,"Actual"
"US","USA",2012,15007.22006,"Actual"
"US","USA",2013,16095.5493,"Actual"
"US","USA",2014,16666.90253,"Projected "
"US","USA",2015,17383.45936,"Projected "
"UZ","Uzbekistan",2010,1761.136885,"Actual"
"UZ","Uzbekistan",2011,1617.263473,"Actual"
"UZ","Uzbekistan",2012,1558.388249,"Actual"
"UZ","Uzbekistan",2013,1413.028475,"Projected "
"UZ","Uzbekistan",2014,1338.609417,"Projected "
"UZ","Uzbekistan",2015,1312.376573,"Projected "
"VU","Vanuatu",2010,461.85119,"Actual"
"VU","Vanuatu",2011,454.6843016,"Actual"
"VU","Vanuatu",2012,473.8906313,"Actual"
"VU","Vanuatu",2013,476.121575,"Actual"
"VU","Vanuatu",2014,487.1627238,"Actual"
"VU","Vanuatu",2015,503.5472904,"Projected "
"VN","Viet Nam",2010,1578.222454,"Actual"
"VN","Viet Nam",2011,1332.613282,"Actual"
"VN","Viet Nam",2012,1114.13013,"Actual"
"VN","Viet Nam",2013,1150.772792,"Actual"
"VN","Viet Nam",2014,1066.703227,"Projected "
"VN","Viet Nam",2015,1070.23581,"Projected "
"YE","Yemen",2010,1323.152864,"Actual"
"YE","Yemen",2011,938.7130522,"Actual"
"YE","Yemen",2012,884.1663336,"Actual"
"YE","Yemen",2013,806.9706798,"Actual"
"YE","Yemen",2014,764.3736189,"Projected "
"YE","Yemen",2015,787.1618113,"Projected "
"ZM","Zambia",2010,558.3196865,"Actual"
"ZM","Zambia",2011,627.546449,"Actual"
"ZM","Zambia",2012,650.752605,"Actual"
"ZM","Zambia",2013,627.9130327,"Actual"
"ZM","Zambia",2014,654.3672008,"Actual"
"ZM","Zambia",2015,587.5401212,"Projected "
"ZW","Zimbabwe",2010,382.4931728,"Actual"
"ZW","Zimbabwe",2011,471.5984786,"Actual"
"ZW","Zimbabwe",2012,528.3568646,"Actual"
"ZW","Zimbabwe",2013,529.8244049,"Actual"
"ZW","Zimbabwe",2014,554.6738781,"Projected "
"ZW","Zimbabwe",2015,593.92017,"Projected "
