"id","entity-name","year","value"
"AL","Albania",1990,3615
"AL","Albania",1991,6860
"AL","Albania",1992,10066
"AL","Albania",1993,13232
"AL","Albania",1994,20528
"AL","Albania",1995,27734
"AL","Albania",1996,34848
"AL","Albania",1997,56459
"AL","Albania",1998,77796
"AL","Albania",1999,98859
"AL","Albania",2000,89685
"AL","Albania",2001,80381
"AL","Albania",2002,71699
"AL","Albania",2003,58969
"AL","Albania",2004,46312
"AL","Albania",2005,33729
"AL","Albania",2006,26035
"AL","Albania",2007,14751
"AL","Albania",2008,10905
"AL","Albania",2009,16101
"AL","Albania",2010,21265
"AL","Albania",2011,25562
"AL","Albania",2012,30743
"AL","Albania",2013,29546
"AO","Angola",1990,5170008
"AO","Angola",1991,5303968
"AO","Angola",1992,5451317
"AO","Angola",1993,5606579
"AO","Angola",1994,5757589
"AO","Angola",1995,5903111
"AO","Angola",1996,6041166
"AO","Angola",1997,6173576
"AO","Angola",1998,6307856
"AO","Angola",1999,6452616
"AO","Angola",2000,4860928
"AO","Angola",2001,5880401
"AO","Angola",2002,6973887
"AO","Angola",2003,7186202
"AO","Angola",2004,7405357
"AO","Angola",2005,7627331
"AO","Angola",2006,7125486
"AO","Angola",2007,4649540
"AO","Angola",2008,5978470
"AO","Angola",2009,6202201
"AO","Angola",2010,6433890
"AO","Angola",2011,6600243
"AO","Angola",2012,6635547
"AO","Angola",2013,6434187
"AM","Armenia",1990,384954
"AM","Armenia",1991,581924
"AM","Armenia",1992,768548
"AM","Armenia",1993,943171
"AM","Armenia",1994,810203
"AM","Armenia",1995,685354
"AM","Armenia",1996,568043
"AM","Armenia",1997,550972
"AM","Armenia",1998,536051
"AM","Armenia",1999,522237
"AM","Armenia",2000,556928
"AM","Armenia",2001,591505
"AM","Armenia",2002,458916
"AM","Armenia",2003,344937
"AM","Armenia",2004,239960
"AM","Armenia",2005,134164
"AM","Armenia",2006,99071
"AM","Armenia",2007,106676
"AM","Armenia",2008,44328
"AM","Armenia",2009,47161
"AM","Armenia",2010,75273
"AM","Armenia",2011,80136
"AM","Armenia",2012,51823
"AM","Armenia",2013,73009
"AZ","Azerbaijan",1990,44386
"AZ","Azerbaijan",1991,108580
"AZ","Azerbaijan",1992,174707
"AZ","Azerbaijan",1993,242838
"AZ","Azerbaijan",1994,401122
"AZ","Azerbaijan",1995,562542
"AZ","Azerbaijan",1996,524779
"AZ","Azerbaijan",1997,461150
"AZ","Azerbaijan",1998,396178
"AZ","Azerbaijan",1999,329688
"AZ","Azerbaijan",2000,441466
"AZ","Azerbaijan",2001,219814
"AZ","Azerbaijan",2002,0
"AZ","Azerbaijan",2003,0
"AZ","Azerbaijan",2004,0
"AZ","Azerbaijan",2005,0
"AZ","Azerbaijan",2006,13858
"AZ","Azerbaijan",2007,14016
"AZ","Azerbaijan",2008,42941
"AZ","Azerbaijan",2009,51894
"AZ","Azerbaijan",2010,60664
"AZ","Azerbaijan",2011,33940
"AZ","Azerbaijan",2012,34394
"AZ","Azerbaijan",2013,34842
"BD","Bangladesh",1990,43919412
"BD","Bangladesh",1991,47950427
"BD","Bangladesh",1992,45843370
"BD","Bangladesh",1993,43584552
"BD","Bangladesh",1994,42598288
"BD","Bangladesh",1995,41544461
"BD","Bangladesh",1996,43736845
"BD","Bangladesh",1997,44519632
"BD","Bangladesh",1998,45299086
"BD","Bangladesh",1999,46065416
"BD","Bangladesh",2000,44294121
"BD","Bangladesh",2001,44427031
"BD","Bangladesh",2002,44519459
"BD","Bangladesh",2003,41519992
"BD","Bangladesh",2004,38356458
"BD","Bangladesh",2005,35032138
"BD","Bangladesh",2006,33370960
"BD","Bangladesh",2007,21798333
"BD","Bangladesh",2008,29798747
"BD","Bangladesh",2009,28946817
"BD","Bangladesh",2010,28079427
"BD","Bangladesh",2011,23486399
"BD","Bangladesh",2012,21285788
"BD","Bangladesh",2013,18387415
"BY","Belarus",1990,15284
"BY","Belarus",1991,13252
"BY","Belarus",1992,11238
"BY","Belarus",1993,9215
"BY","Belarus",1994,40397
"BY","Belarus",1995,71358
"BY","Belarus",1996,64008
"BY","Belarus",1997,604997
"BY","Belarus",1998,1140818
"BY","Belarus",1999,1028588
"BY","Belarus",2000,711356
"BY","Belarus",2001,312732
"BY","Belarus",2002,200260
"BY","Belarus",2003,137158
"BY","Belarus",2004,31136
"BY","Belarus",2005,35753
"BY","Belarus",2006,10564
"BY","Belarus",2007,7648
"BY","Belarus",2008,0
"BY","Belarus",2009,2852
"BY","Belarus",2010,0
"BY","Belarus",2011,0
"BY","Belarus",2012,0
"BY","Belarus",2013,0
"BZ","Belize",1990,25413
"BZ","Belize",1991,23693
"BZ","Belize",1992,21848
"BZ","Belize",1993,19939
"BZ","Belize",1994,19664
"BZ","Belize",1995,25436
"BZ","Belize",1996,27072
"BZ","Belize",1997,36455
"BZ","Belize",1998,34267
"BZ","Belize",1999,33272
"BZ","Belize",2000,29084
"BZ","Belize",2001,28610
"BZ","Belize",2002,32251
"BZ","Belize",2003,33363
"BZ","Belize",2004,34492
"BZ","Belize",2005,35665
"BZ","Belize",2006,38399
"BZ","Belize",2007,26886
"BZ","Belize",2008,44210
"BZ","Belize",2009,44515
"BZ","Belize",2010,44768
"BZ","Belize",2011,44968
"BZ","Belize",2012,45994
"BZ","Belize",2013,43334
"BJ","Benin",1990,2942748
"BJ","Benin",1991,3036787
"BJ","Benin",1992,3138374
"BJ","Benin",1993,3243944
"BJ","Benin",1994,3339945
"BJ","Benin",1995,3431179
"BJ","Benin",1996,3516178
"BJ","Benin",1997,3540700
"BJ","Benin",1998,3560638
"BJ","Benin",1999,3580549
"BJ","Benin",2000,3593517
"BJ","Benin",2001,3608980
"BJ","Benin",2002,3625068
"BJ","Benin",2003,3744685
"BJ","Benin",2004,3946741
"BJ","Benin",2005,4155003
"BJ","Benin",2006,4264640
"BJ","Benin",2007,2924025
"BJ","Benin",2008,4483173
"BJ","Benin",2009,4728148
"BJ","Benin",2010,4980281
"BJ","Benin",2011,5193835
"BJ","Benin",2012,5283176
"BJ","Benin",2013,5172470
"BT","Bhutan",1990,467978
"BT","Bhutan",1991,452854
"BT","Bhutan",1992,433047
"BT","Bhutan",1993,411498
"BT","Bhutan",1994,387713
"BT","Bhutan",1995,368051
"BT","Bhutan",1996,352669
"BT","Bhutan",1997,337363
"BT","Bhutan",1998,323820
"BT","Bhutan",1999,310552
"BT","Bhutan",2000,290500
"BT","Bhutan",2001,269193
"BT","Bhutan",2002,246609
"BT","Bhutan",2003,217122
"BT","Bhutan",2004,169975
"BT","Bhutan",2005,119684
"BT","Bhutan",2006,87800
"BT","Bhutan",2007,54177
"BT","Bhutan",2008,33151
"BT","Bhutan",2009,36701
"BT","Bhutan",2010,40334
"BT","Bhutan",2011,28924
"BT","Bhutan",2012,16139
"BT","Bhutan",2013,10414
"BO","Bolivia",1990,587580
"BO","Bolivia",1991,832460
"BO","Bolivia",1992,1086871
"BO","Bolivia",1993,903409
"BO","Bolivia",1994,1066585
"BO","Bolivia",1995,1235897
"BO","Bolivia",1996,1411521
"BO","Bolivia",1997,1515928
"BO","Bolivia",1998,1788250
"BO","Bolivia",1999,2070226
"BO","Bolivia",2000,2474333
"BO","Bolivia",2001,2011093
"BO","Bolivia",2002,2157278
"BO","Bolivia",2003,1699971
"BO","Bolivia",2004,1224993
"BO","Bolivia",2005,1859758
"BO","Bolivia",2006,1661719
"BO","Bolivia",2007,1312366
"BO","Bolivia",2008,1143350
"BO","Bolivia",2009,1163249
"BO","Bolivia",2010,1005710
"BO","Bolivia",2011,802228
"BO","Bolivia",2012,928656
"BO","Bolivia",2013,800795
"BA","Bosnia & Herzegovina",1990,14034
"BA","Bosnia & Herzegovina",1991,14201
"BA","Bosnia & Herzegovina",1992,14194
"BA","Bosnia & Herzegovina",1993,14080
"BA","Bosnia & Herzegovina",1994,21957
"BA","Bosnia & Herzegovina",1995,29483
"BA","Bosnia & Herzegovina",1996,36963
"BA","Bosnia & Herzegovina",1997,28975
"BA","Bosnia & Herzegovina",1998,21271
"BA","Bosnia & Herzegovina",1999,13624
"BA","Bosnia & Herzegovina",2000,12706
"BA","Bosnia & Herzegovina",2001,11779
"BA","Bosnia & Herzegovina",2002,12568
"BA","Bosnia & Herzegovina",2003,9734
"BA","Bosnia & Herzegovina",2004,6887
"BA","Bosnia & Herzegovina",2005,4983
"BA","Bosnia & Herzegovina",2006,3647
"BA","Bosnia & Herzegovina",2007,2304
"BA","Bosnia & Herzegovina",2008,2304
"BA","Bosnia & Herzegovina",2009,2495
"BA","Bosnia & Herzegovina",2010,2685
"BA","Bosnia & Herzegovina",2011,2683
"BA","Bosnia & Herzegovina",2012,2680
"BA","Bosnia & Herzegovina",2013,2676
"BW","Botswana",1990,463342
"BW","Botswana",1991,482739
"BW","Botswana",1992,502493
"BW","Botswana",1993,522424
"BW","Botswana",1994,525563
"BW","Botswana",1995,527637
"BW","Botswana",1996,528679
"BW","Botswana",1997,519758
"BW","Botswana",1998,509474
"BW","Botswana",1999,497818
"BW","Botswana",2000,509570
"BW","Botswana",2001,520769
"BW","Botswana",2002,531535
"BW","Botswana",2003,510966
"BW","Botswana",2004,490084
"BW","Botswana",2005,469170
"BW","Botswana",2006,426084
"BW","Botswana",2007,271933
"BW","Botswana",2008,336308
"BW","Botswana",2009,366115
"BW","Botswana",2010,349565
"BW","Botswana",2011,331009
"BW","Botswana",2012,316084
"BW","Botswana",2013,283817
"BR","Brazil",1990,30920830
"BR","Brazil",1991,31592622
"BR","Brazil",1992,32256682
"BR","Brazil",1993,31436194
"BR","Brazil",1994,26370867
"BR","Brazil",1995,21141882
"BR","Brazil",1996,23423457
"BR","Brazil",1997,23488348
"BR","Brazil",1998,21672645
"BR","Brazil",1999,23133250
"BR","Brazil",2000,23713591
"BR","Brazil",2001,24300722
"BR","Brazil",2002,22286712
"BR","Brazil",2003,23339035
"BR","Brazil",2004,20547246
"BR","Brazil",2005,17999767
"BR","Brazil",2006,15141440
"BR","Brazil",2007,14651624
"BR","Brazil",2008,12251014
"BR","Brazil",2009,12156140
"BR","Brazil",2010,11400456
"BR","Brazil",2011,11028467
"BR","Brazil",2012,9290233
"BR","Brazil",2013,9947432
"BG","Bulgaria",1990,6103
"BG","Bulgaria",1991,3021
"BG","Bulgaria",1992,0
"BG","Bulgaria",1993,16097
"BG","Bulgaria",1994,20265
"BG","Bulgaria",1995,103395
"BG","Bulgaria",1996,61049
"BG","Bulgaria",1997,37404
"BG","Bulgaria",1998,117246
"BG","Bulgaria",1999,196234
"BG","Bulgaria",2000,179335
"BG","Bulgaria",2001,160406
"BG","Bulgaria",2002,99143
"BG","Bulgaria",2003,68847
"BG","Bulgaria",2004,62249
"BG","Bulgaria",2005,55727
"BG","Bulgaria",2006,417287
"BG","Bulgaria",2007,31690
"BG","Bulgaria",2008,88412
"BG","Bulgaria",2009,85611
"BG","Bulgaria",2010,142735
"BG","Bulgaria",2011,160928
"BG","Bulgaria",2012,148310
"BG","Bulgaria",2013,147482
"BF","Burkina Faso",1990,7414484
"BF","Burkina Faso",1991,7581260
"BF","Burkina Faso",1992,7752865
"BF","Burkina Faso",1993,7929508
"BF","Burkina Faso",1994,8153656
"BF","Burkina Faso",1995,8331211
"BF","Burkina Faso",1996,8514002
"BF","Burkina Faso",1997,8729408
"BF","Burkina Faso",1998,8951877
"BF","Burkina Faso",1999,8589760
"BF","Burkina Faso",2000,8432784
"BF","Burkina Faso",2001,8260689
"BF","Burkina Faso",2002,8072718
"BF","Burkina Faso",2003,7244304
"BF","Burkina Faso",2004,7418165
"BF","Burkina Faso",2005,7599496
"BF","Burkina Faso",2006,7729626
"BF","Burkina Faso",2007,5277681
"BF","Burkina Faso",2008,7998760
"BF","Burkina Faso",2009,8385202
"BF","Burkina Faso",2010,8128674
"BF","Burkina Faso",2011,7948731
"BF","Burkina Faso",2012,7678228
"BF","Burkina Faso",2013,7706842
"BI","Burundi",1990,4576955
"BI","Burundi",1991,4684144
"BI","Burundi",1992,4782130
"BI","Burundi",1993,4936921
"BI","Burundi",1994,5075101
"BI","Burundi",1995,5207302
"BI","Burundi",1996,5332102
"BI","Burundi",1997,5403085
"BI","Burundi",1998,5477827
"BI","Burundi",1999,5555303
"BI","Burundi",2000,5607422
"BI","Burundi",2001,5686353
"BI","Burundi",2002,5788794
"BI","Burundi",2003,5957238
"BI","Burundi",2004,6139250
"BI","Burundi",2005,6329122
"BI","Burundi",2006,6381331
"BI","Burundi",2007,6567294
"BI","Burundi",2008,6758377
"BI","Burundi",2009,6998630
"BI","Burundi",2010,7244377
"BI","Burundi",2011,7456179
"BI","Burundi",2012,7677463
"BI","Burundi",2013,7878774
"KH","Cambodia",1990,3136884
"KH","Cambodia",1991,3140502
"KH","Cambodia",1992,3143760
"KH","Cambodia",1993,3143228
"KH","Cambodia",1994,3112789
"KH","Cambodia",1995,3054337
"KH","Cambodia",1996,2982597
"KH","Cambodia",1997,2984355
"KH","Cambodia",1998,2977898
"KH","Cambodia",1999,2962991
"KH","Cambodia",2000,2928310
"KH","Cambodia",2001,2884821
"KH","Cambodia",2002,2833155
"KH","Cambodia",2003,2640879
"KH","Cambodia",2004,2438894
"KH","Cambodia",2005,2121885
"KH","Cambodia",2006,2221540
"KH","Cambodia",2007,2322896
"KH","Cambodia",2008,1411480
"KH","Cambodia",2009,700145
"KH","Cambodia",2010,660725
"KH","Cambodia",2011,491787
"KH","Cambodia",2012,321860
"KH","Cambodia",2013,254828
"CM","Cameroon",1990,4036328
"CM","Cameroon",1991,4827518
"CM","Cameroon",1992,5660424
"CM","Cameroon",1993,6535824
"CM","Cameroon",1994,6653296
"CM","Cameroon",1995,6769309
"CM","Cameroon",1996,6883705
"CM","Cameroon",1997,6221823
"CM","Cameroon",1998,5516664
"CM","Cameroon",1999,4767529
"CM","Cameroon",2000,6735830
"CM","Cameroon",2001,3779973
"CM","Cameroon",2002,4005251
"CM","Cameroon",2003,4288577
"CM","Cameroon",2004,4583558
"CM","Cameroon",2005,4890664
"CM","Cameroon",2006,5230437
"CM","Cameroon",2007,5584160
"CM","Cameroon",2008,5736090
"CM","Cameroon",2009,6021353
"CM","Cameroon",2010,6317216
"CM","Cameroon",2011,6280810
"CM","Cameroon",2012,6166456
"CM","Cameroon",2013,5848200
"CV","Cape Verde",1990,181207
"CV","Cape Verde",1991,178925
"CV","Cape Verde",1992,176871
"CV","Cape Verde",1993,174854
"CV","Cape Verde",1994,159952
"CV","Cape Verde",1995,143988
"CV","Cape Verde",1996,126924
"CV","Cape Verde",1997,115579
"CV","Cape Verde",1998,103445
"CV","Cape Verde",1999,90512
"CV","Cape Verde",2000,81342
"CV","Cape Verde",2001,71622
"CV","Cape Verde",2002,71588
"CV","Cape Verde",2003,66486
"CV","Cape Verde",2004,61062
"CV","Cape Verde",2005,55342
"CV","Cape Verde",2006,47205
"CV","Cape Verde",2007,38839
"CV","Cape Verde",2008,34400
"CV","Cape Verde",2009,35016
"CV","Cape Verde",2010,35700
"CV","Cape Verde",2011,33374
"CV","Cape Verde",2012,33909
"CV","Cape Verde",2013,34443
"CF","CAR",1990,2395802
"CF","CAR",1991,2496379
"CF","CAR",1992,2603219
"CF","CAR",1993,2646073
"CF","CAR",1994,2653282
"CF","CAR",1995,2656774
"CF","CAR",1996,2656503
"CF","CAR",1997,2626581
"CF","CAR",1998,2591199
"CF","CAR",1999,2549645
"CF","CAR",2000,2525143
"CF","CAR",2001,2495000
"CF","CAR",2002,2459840
"CF","CAR",2003,2541118
"CF","CAR",2004,2582561
"CF","CAR",2005,2626006
"CF","CAR",2006,2693078
"CF","CAR",2007,1835059
"CF","CAR",2008,2836196
"CF","CAR",2009,2879893
"CF","CAR",2010,2924792
"CF","CAR",2011,2960945
"CF","CAR",2012,2976344
"CF","CAR",2013,3801988
"TD","Chad",1990,4063371
"TD","Chad",1991,4306874
"TD","Chad",1992,4561542
"TD","Chad",1993,4828957
"TD","Chad",1994,4951591
"TD","Chad",1995,5080619
"TD","Chad",1996,5215701
"TD","Chad",1997,5386290
"TD","Chad",1998,5566102
"TD","Chad",1999,5756974
"TD","Chad",2000,5873698
"TD","Chad",2001,5996943
"TD","Chad",2002,6125030
"TD","Chad",2003,5887103
"TD","Chad",2004,4987797
"TD","Chad",2005,4006030
"TD","Chad",2006,4231293
"TD","Chad",2007,2946038
"TD","Chad",2008,4700970
"TD","Chad",2009,4563352
"TD","Chad",2010,4412367
"TD","Chad",2011,4726318
"TD","Chad",2012,4569938
"TD","Chad",2013,4587880
"CL","Chile",1990,1040783
"CL","Chile",1991,833961
"CL","Chile",1992,620009
"CL","Chile",1993,655865
"CL","Chile",1994,681216
"CL","Chile",1995,583373
"CL","Chile",1996,482267
"CL","Chile",1997,498387
"CL","Chile",1998,514644
"CL","Chile",1999,563266
"CL","Chile",2000,514276
"CL","Chile",2001,491469
"CL","Chile",2002,467891
"CL","Chile",2003,438847
"CL","Chile",2004,378732
"CL","Chile",2005,317102
"CL","Chile",2006,270243
"CL","Chile",2007,265049
"CL","Chile",2008,259677
"CL","Chile",2009,289475
"CL","Chile",2010,255226
"CL","Chile",2011,223617
"CL","Chile",2012,177362
"CL","Chile",2013,161698
"CN","China",1990,755806173
"CN","China",1991,729441083
"CN","China",1992,701234275
"CN","China",1993,671710800
"CN","China",1994,619952839
"CN","China",1995,566683468
"CN","China",1996,511979775
"CN","China",1997,511055160
"CN","China",1998,509731522
"CN","China",1999,507858769
"CN","China",2000,475722548
"CN","China",2001,442773380
"CN","China",2002,409087800
"CN","China",2003,354954200
"CN","China",2004,300041363
"CN","China",2005,244447500
"CN","China",2006,227898977
"CN","China",2007,146724530
"CN","China",2008,194061958
"CN","China",2009,171932229
"CN","China",2010,149555419
"CN","China",2011,106186270
"CN","China",2012,87389967
"CN","China",2013,25111530
"CO","Colombia",1990,2817122
"CO","Colombia",1991,3938612
"CO","Colombia",1992,2894477
"CO","Colombia",1993,3293760
"CO","Colombia",1994,4151240
"CO","Colombia",1995,5034698
"CO","Colombia",1996,5943260
"CO","Colombia",1997,6513040
"CO","Colombia",1998,7096133
"CO","Colombia",1999,7693085
"CO","Colombia",2000,6545441
"CO","Colombia",2001,8513396
"CO","Colombia",2002,6094527
"CO","Colombia",2003,5395475
"CO","Colombia",2004,5037178
"CO","Colombia",2005,4501706
"CO","Colombia",2006,4604214
"CO","Colombia",2007,3122496
"CO","Colombia",2008,4808968
"CO","Colombia",2009,4214630
"CO","Colombia",2010,3700999
"CO","Colombia",2011,3053544
"CO","Colombia",2012,3323864
"CO","Colombia",2013,2897353
"KM","Comoros",1990,46496
"KM","Comoros",1991,49026
"KM","Comoros",1992,51656
"KM","Comoros",1993,54383
"KM","Comoros",1994,60045
"KM","Comoros",1995,65957
"KM","Comoros",1996,72123
"KM","Comoros",1997,74696
"KM","Comoros",1998,77316
"KM","Comoros",1999,79980
"KM","Comoros",2000,78777
"KM","Comoros",2001,77416
"KM","Comoros",2002,75899
"KM","Comoros",2003,78580
"KM","Comoros",2004,81341
"KM","Comoros",2005,82464
"KM","Comoros",2006,86621
"KM","Comoros",2007,59897
"KM","Comoros",2008,95420
"KM","Comoros",2009,98322
"KM","Comoros",2010,101311
"KM","Comoros",2011,103601
"KM","Comoros",2012,105207
"KM","Comoros",2013,104937
"CG","Congo",1990,1146459
"CG","Congo",1991,1193456
"CG","Congo",1992,1241861
"CG","Congo",1993,1291944
"CG","Congo",1994,1349627
"CG","Congo",1995,1409894
"CG","Congo",1996,1473161
"CG","Congo",1997,1553201
"CG","Congo",1998,1636263
"CG","Congo",1999,1721249
"CG","Congo",2000,1718908
"CG","Congo",2001,1712823
"CG","Congo",2002,1703667
"CG","Congo",2003,1719309
"CG","Congo",2004,1737123
"CG","Congo",2005,1758549
"CG","Congo",2006,1789922
"CG","Congo",2007,1223321
"CG","Congo",2008,1861577
"CG","Congo",2009,1701208
"CG","Congo",2010,1526812
"CG","Congo",2011,1544398
"CG","Congo",2012,1569173
"CG","Congo",2013,1596462
"CR","Costa Rica",1990,307123
"CR","Costa Rica",1991,370281
"CR","Costa Rica",1992,314019
"CR","Costa Rica",1993,267615
"CR","Costa Rica",1994,227809
"CR","Costa Rica",1995,243658
"CR","Costa Rica",1996,286300
"CR","Costa Rica",1997,238272
"CR","Costa Rica",1998,190629
"CR","Costa Rica",1999,245164
"CR","Costa Rica",2000,254369
"CR","Costa Rica",2001,261391
"CR","Costa Rica",2002,257607
"CR","Costa Rica",2003,252097
"CR","Costa Rica",2004,234055
"CR","Costa Rica",2005,185631
"CR","Costa Rica",2006,188294
"CR","Costa Rica",2007,104867
"CR","Costa Rica",2008,120040
"CR","Costa Rica",2009,149459
"CR","Costa Rica",2010,73179
"CR","Costa Rica",2011,80509
"CR","Costa Rica",2012,80051
"CR","Costa Rica",2013,79068
"CI","Côte d'Ivoire",1990,1740942
"CI","Côte d'Ivoire",1991,2295896
"CI","Côte d'Ivoire",1992,2887281
"CI","Côte d'Ivoire",1993,3006382
"CI","Côte d'Ivoire",1994,2887037
"CI","Côte d'Ivoire",1995,2752669
"CI","Côte d'Ivoire",1996,3044700
"CI","Côte d'Ivoire",1997,3530407
"CI","Côte d'Ivoire",1998,4035928
"CI","Côte d'Ivoire",1999,3923105
"CI","Côte d'Ivoire",2000,3945037
"CI","Côte d'Ivoire",2001,3956055
"CI","Côte d'Ivoire",2002,3957802
"CI","Côte d'Ivoire",2003,4238200
"CI","Côte d'Ivoire",2004,4527180
"CI","Côte d'Ivoire",2005,4828739
"CI","Côte d'Ivoire",2006,5070201
"CI","Côte d'Ivoire",2007,3498933
"CI","Côte d'Ivoire",2008,5589730
"CI","Côte d'Ivoire",2009,5672207
"CI","Côte d'Ivoire",2010,5759681
"CI","Côte d'Ivoire",2011,6463529
"CI","Côte d'Ivoire",2012,5931952
"CI","Côte d'Ivoire",2013,5483463
"HR","Croatia",1990,12428
"HR","Croatia",1991,14282
"HR","Croatia",1992,16688
"HR","Croatia",1993,19952
"HR","Croatia",1994,20615
"HR","Croatia",1995,21322
"HR","Croatia",1996,21122
"HR","Croatia",1997,10744
"HR","Croatia",1998,0
"HR","Croatia",1999,10930
"HR","Croatia",2000,3983
"HR","Croatia",2001,3996
"HR","Croatia",2002,3108
"HR","Croatia",2003,1554
"HR","Croatia",2004,0
"HR","Croatia",2005,0
"HR","Croatia",2006,0
"HR","Croatia",2007,0
"HR","Croatia",2008,0
"HR","Croatia",2009,1329
"HR","Croatia",2010,0
"HR","Croatia",2011,34673
"HR","Croatia",2012,39262
"HR","Croatia",2013,39152
"CZ","Czech Republic",1990,1033
"CZ","Czech Republic",1991,1374
"CZ","Czech Republic",1992,1720
"CZ","Czech Republic",1993,2066
"CZ","Czech Republic",1994,6545
"CZ","Czech Republic",1995,11016
"CZ","Czech Republic",1996,15473
"CZ","Czech Republic",1997,13739
"CZ","Czech Republic",1998,12010
"CZ","Czech Republic",1999,10284
"CZ","Czech Republic",2000,8546
"CZ","Czech Republic",2001,6811
"CZ","Czech Republic",2002,5098
"CZ","Czech Republic",2003,2548
"CZ","Czech Republic",2004,0
"CZ","Czech Republic",2005,0
"CZ","Czech Republic",2006,7167
"CZ","Czech Republic",2007,12359
"CZ","Czech Republic",2008,4154
"CZ","Czech Republic",2009,7311
"CZ","Czech Republic",2010,4190
"CZ","Czech Republic",2011,5248
"CZ","Czech Republic",2012,6306
"CZ","Czech Republic",2013,6309
"DJ","Djibouti",1990,51187
"DJ","Djibouti",1991,64569
"DJ","Djibouti",1992,78048
"DJ","Djibouti",1993,91536
"DJ","Djibouti",1994,103331
"DJ","Djibouti",1995,115556
"DJ","Djibouti",1996,128312
"DJ","Djibouti",1997,134500
"DJ","Djibouti",1998,140862
"DJ","Djibouti",1999,147318
"DJ","Djibouti",2000,149546
"DJ","Djibouti",2001,151687
"DJ","Djibouti",2002,153788
"DJ","Djibouti",2003,155241
"DJ","Djibouti",2004,156625
"DJ","Djibouti",2005,157939
"DJ","Djibouti",2006,156105
"DJ","Djibouti",2007,104097
"DJ","Djibouti",2008,152050
"DJ","Djibouti",2009,153235
"DJ","Djibouti",2010,154446
"DJ","Djibouti",2011,156323
"DJ","Djibouti",2012,156282
"DJ","Djibouti",2013,194698
"DO","Dominican Republic",1990,2168743
"DO","Dominican Republic",1991,1298833
"DO","Dominican Republic",1992,393593
"DO","Dominican Republic",1993,385901
"DO","Dominican Republic",1994,389462
"DO","Dominican Republic",1995,392779
"DO","Dominican Republic",1996,395835
"DO","Dominican Republic",1997,422868
"DO","Dominican Republic",1998,434315
"DO","Dominican Republic",1999,445900
"DO","Dominican Republic",2000,467519
"DO","Dominican Republic",2001,362670
"DO","Dominican Republic",2002,515806
"DO","Dominican Republic",2003,608911
"DO","Dominican Republic",2004,784678
"DO","Dominican Republic",2005,539474
"DO","Dominican Republic",2006,426396
"DO","Dominican Republic",2007,412488
"DO","Dominican Republic",2008,362332
"DO","Dominican Republic",2009,318428
"DO","Dominican Republic",2010,258337
"DO","Dominican Republic",2011,290787
"DO","Dominican Republic",2012,263015
"DO","Dominican Republic",2013,238529
"CD","DRC",1990,24442407
"CD","DRC",1991,27400139
"CD","DRC",1992,30611204
"CD","DRC",1993,34034957
"CD","DRC",1994,35742954
"CD","DRC",1995,37384530
"CD","DRC",1996,38930510
"CD","DRC",1997,40451553
"CD","DRC",1998,41958073
"CD","DRC",1999,43536455
"CD","DRC",2000,45028005
"CD","DRC",2001,46668332
"CD","DRC",2002,48443225
"CD","DRC",2003,49732758
"CD","DRC",2004,51083121
"CD","DRC",2005,52628812
"CD","DRC",2006,53344827
"CD","DRC",2007,36387582
"CD","DRC",2008,54769201
"CD","DRC",2009,55669732
"CD","DRC",2010,56562227
"CD","DRC",2011,56274216
"CD","DRC",2012,54180426
"CD","DRC",2013,55060366
"EC","Ecuador",1990,2218346
"EC","Ecuador",1991,2162286
"EC","Ecuador",1992,2101523
"EC","Ecuador",1993,2035828
"EC","Ecuador",1994,1917956
"EC","Ecuador",1995,1579944
"EC","Ecuador",1996,2057461
"EC","Ecuador",1997,1983722
"EC","Ecuador",1998,1904865
"EC","Ecuador",1999,2705394
"EC","Ecuador",2000,3554950
"EC","Ecuador",2001,2963845
"EC","Ecuador",2002,2349048
"EC","Ecuador",2003,2251258
"EC","Ecuador",2004,2053466
"EC","Ecuador",2005,1867992
"EC","Ecuador",2006,1300373
"EC","Ecuador",2007,1427651
"EC","Ecuador",2008,1294505
"EC","Ecuador",2009,1310465
"EC","Ecuador",2010,1052896
"EC","Ecuador",2011,889389
"EC","Ecuador",2012,906666
"EC","Ecuador",2013,693796
"SV","El Salvador",1990,1030458
"SV","El Salvador",1991,1098905
"SV","El Salvador",1992,1129115
"SV","El Salvador",1993,1159547
"SV","El Salvador",1994,1136559
"SV","El Salvador",1995,1111601
"SV","El Salvador",1996,1239847
"SV","El Salvador",1997,1195098
"SV","El Salvador",1998,1148362
"SV","El Salvador",1999,939700
"SV","El Salvador",2000,686378
"SV","El Salvador",2001,744035
"SV","El Salvador",2002,768359
"SV","El Salvador",2003,929986
"SV","El Salvador",2004,589546
"SV","El Salvador",2005,567958
"SV","El Salvador",2006,379537
"SV","El Salvador",2007,268790
"SV","El Salvador",2008,415491
"SV","El Salvador",2009,384765
"SV","El Salvador",2010,437173
"SV","El Salvador",2011,274301
"SV","El Salvador",2012,252605
"SV","El Salvador",2013,197913
"EE","Estonia",1990,11141
"EE","Estonia",1991,14260
"EE","Estonia",1992,17120
"EE","Estonia",1993,19722
"EE","Estonia",1994,13821
"EE","Estonia",1995,8189
"EE","Estonia",1996,5238
"EE","Estonia",1997,3639
"EE","Estonia",1998,2079
"EE","Estonia",1999,12011
"EE","Estonia",2000,19139
"EE","Estonia",2001,16241
"EE","Estonia",2002,18207
"EE","Estonia",2003,15626
"EE","Estonia",2004,19212
"EE","Estonia",2005,13141
"EE","Estonia",2006,11717
"EE","Estonia",2007,6972
"EE","Estonia",2008,6685
"EE","Estonia",2009,9742
"EE","Estonia",2010,12250
"EE","Estonia",2011,16062
"EE","Estonia",2012,13095
"EE","Estonia",2013,12916
"ET","Ethiopia",1990,28992845
"ET","Ethiopia",1991,31555384
"ET","Ethiopia",1992,34283164
"ET","Ethiopia",1993,37161823
"ET","Ethiopia",1994,37629853
"ET","Ethiopia",1995,38028413
"ET","Ethiopia",1996,36137042
"ET","Ethiopia",1997,36071140
"ET","Ethiopia",1998,35933515
"ET","Ethiopia",1999,35741424
"ET","Ethiopia",2000,35046786
"ET","Ethiopia",2001,34280916
"ET","Ethiopia",2002,33435806
"ET","Ethiopia",2003,30352751
"ET","Ethiopia",2004,27053482
"ET","Ethiopia",2005,27693948
"ET","Ethiopia",2006,28145379
"ET","Ethiopia",2007,19168700
"ET","Ethiopia",2008,29028015
"ET","Ethiopia",2009,29207439
"ET","Ethiopia",2010,29368232
"ET","Ethiopia",2011,27496761
"ET","Ethiopia",2012,24384575
"ET","Ethiopia",2013,20377330
"FJ","Fiji",1990,75996
"FJ","Fiji",1991,75827
"FJ","Fiji",1992,75868
"FJ","Fiji",1993,76031
"FJ","Fiji",1994,70365
"FJ","Fiji",1995,64444
"FJ","Fiji",1996,58287
"FJ","Fiji",1997,55923
"FJ","Fiji",1998,53434
"FJ","Fiji",1999,50809
"FJ","Fiji",2000,48917
"FJ","Fiji",2001,46899
"FJ","Fiji",2002,44781
"FJ","Fiji",2003,41648
"FJ","Fiji",2004,38545
"FJ","Fiji",2005,35503
"FJ","Fiji",2006,35054
"FJ","Fiji",2007,23345
"FJ","Fiji",2008,34318
"FJ","Fiji",2009,34074
"FJ","Fiji",2010,33796
"FJ","Fiji",2011,39810
"FJ","Fiji",2012,39862
"FJ","Fiji",2013,33459
"GA","Gabon",1990,51899
"GA","Gabon",1991,54391
"GA","Gabon",1992,56961
"GA","Gabon",1993,59612
"GA","Gabon",1994,58436
"GA","Gabon",1995,57147
"GA","Gabon",1996,55744
"GA","Gabon",1997,63483
"GA","Gabon",1998,71560
"GA","Gabon",1999,79960
"GA","Gabon",2000,87317
"GA","Gabon",2001,94911
"GA","Gabon",2002,102749
"GA","Gabon",2003,105052
"GA","Gabon",2004,107398
"GA","Gabon",2005,109809
"GA","Gabon",2006,118866
"GA","Gabon",2007,83284
"GA","Gabon",2008,138090
"GA","Gabon",2009,137025
"GA","Gabon",2010,135845
"GA","Gabon",2011,124764
"GA","Gabon",2012,116978
"GA","Gabon",2013,110574
"GM","Gambia",1990,635075
"GM","Gambia",1991,657838
"GM","Gambia",1992,678900
"GM","Gambia",1993,698850
"GM","Gambia",1994,726848
"GM","Gambia",1995,755863
"GM","Gambia",1996,786045
"GM","Gambia",1997,801089
"GM","Gambia",1998,816632
"GM","Gambia",1999,680561
"GM","Gambia",2000,721875
"GM","Gambia",2001,765795
"GM","Gambia",2002,812458
"GM","Gambia",2003,611571
"GM","Gambia",2004,643806
"GM","Gambia",2005,677487
"GM","Gambia",2006,697746
"GM","Gambia",2007,479723
"GM","Gambia",2008,740060
"GM","Gambia",2009,737341
"GM","Gambia",2010,733747
"GM","Gambia",2011,830297
"GM","Gambia",2012,820608
"GM","Gambia",2013,840282
"GE","Georgia",1990,438423
"GE","Georgia",1991,1108711
"GE","Georgia",1992,1789712
"GE","Georgia",1993,2481088
"GE","Georgia",1994,1735267
"GE","Georgia",1995,987828
"GE","Georgia",1996,278812
"GE","Georgia",1997,798468
"GE","Georgia",1998,705404
"GE","Georgia",1999,886048
"GE","Georgia",2000,927401
"GE","Georgia",2001,917196
"GE","Georgia",2002,735026
"GE","Georgia",2003,748804
"GE","Georgia",2004,713585
"GE","Georgia",2005,679199
"GE","Georgia",2006,575731
"GE","Georgia",2007,665366
"GE","Georgia",2008,623441
"GE","Georgia",2009,612612
"GE","Georgia",2010,768711
"GE","Georgia",2011,689363
"GE","Georgia",2012,592493
"GE","Georgia",2013,433862
"GH","Ghana",1990,6377921
"GH","Ghana",1991,7127248
"GH","Ghana",1992,7064299
"GH","Ghana",1993,6989643
"GH","Ghana",1994,6877775
"GH","Ghana",1995,6745740
"GH","Ghana",1996,6592978
"GH","Ghana",1997,6346651
"GH","Ghana",1998,6082509
"GH","Ghana",1999,6033769
"GH","Ghana",2000,5473053
"GH","Ghana",2001,5428633
"GH","Ghana",2002,5938433
"GH","Ghana",2003,5767409
"GH","Ghana",2004,5584557
"GH","Ghana",2005,5388019
"GH","Ghana",2006,5281625
"GH","Ghana",2007,3528642
"GH","Ghana",2008,5039270
"GH","Ghana",2009,4811401
"GH","Ghana",2010,4566870
"GH","Ghana",2011,3676954
"GH","Ghana",2012,3343784
"GH","Ghana",2013,3152814
"GT","Guatemala",1990,3276012
"GT","Guatemala",1991,3069521
"GT","Guatemala",1992,2851426
"GT","Guatemala",1993,2620805
"GT","Guatemala",1994,2400622
"GT","Guatemala",1995,2167449
"GT","Guatemala",1996,1920826
"GT","Guatemala",1997,1711219
"GT","Guatemala",1998,1490106
"GT","Guatemala",1999,1315436
"GT","Guatemala",2000,1180555
"GT","Guatemala",2001,1243184
"GT","Guatemala",2002,1308217
"GT","Guatemala",2003,1366723
"GT","Guatemala",2004,1426850
"GT","Guatemala",2005,1488418
"GT","Guatemala",2006,1552704
"GT","Guatemala",2007,1545334
"GT","Guatemala",2008,1536218
"GT","Guatemala",2009,1625633
"GT","Guatemala",2010,1717782
"GT","Guatemala",2011,1735182
"GT","Guatemala",2012,1682879
"GT","Guatemala",2013,1591046
"GN","Guinea",1990,5538684
"GN","Guinea",1991,5877479
"GN","Guinea",1992,5275539
"GN","Guinea",1993,4577414
"GN","Guinea",1994,3658163
"GN","Guinea",1995,3991669
"GN","Guinea",1996,4305331
"GN","Guinea",1997,4524209
"GN","Guinea",1998,4726072
"GN","Guinea",1999,4922928
"GN","Guinea",2000,5146338
"GN","Guinea",2001,5377334
"GN","Guinea",2002,5614401
"GN","Guinea",2003,5674134
"GN","Guinea",2004,5741961
"GN","Guinea",2005,5820752
"GN","Guinea",2006,5934031
"GN","Guinea",2007,6061055
"GN","Guinea",2008,5610960
"GN","Guinea",2009,5369672
"GN","Guinea",2010,5110858
"GN","Guinea",2011,4630651
"GN","Guinea",2012,4101466
"GN","Guinea",2013,4258526
"GW","Guinea-Bissau",1990,463781
"GW","Guinea-Bissau",1991,464050
"GW","Guinea-Bissau",1992,590908
"GW","Guinea-Bissau",1993,723238
"GW","Guinea-Bissau",1994,681785
"GW","Guinea-Bissau",1995,637988
"GW","Guinea-Bissau",1996,591795
"GW","Guinea-Bissau",1997,652655
"GW","Guinea-Bissau",1998,715795
"GW","Guinea-Bissau",1999,781264
"GW","Guinea-Bissau",2000,768270
"GW","Guinea-Bissau",2001,754278
"GW","Guinea-Bissau",2002,739294
"GW","Guinea-Bissau",2003,778373
"GW","Guinea-Bissau",2004,818856
"GW","Guinea-Bissau",2005,860848
"GW","Guinea-Bissau",2006,904135
"GW","Guinea-Bissau",2007,624326
"GW","Guinea-Bissau",2008,995793
"GW","Guinea-Bissau",2009,1044807
"GW","Guinea-Bissau",2010,1096219
"GW","Guinea-Bissau",2011,1069205
"GW","Guinea-Bissau",2012,1135593
"GW","Guinea-Bissau",2013,1182905
"GY","Guyana",1990,299925
"GY","Guyana",1991,268453
"GY","Guyana",1992,238178
"GY","Guyana",1993,212949
"GY","Guyana",1994,179988
"GY","Guyana",1995,146744
"GY","Guyana",1996,113180
"GY","Guyana",1997,108243
"GY","Guyana",1998,103224
"GY","Guyana",1999,99703
"GY","Guyana",2000,99235
"GY","Guyana",2001,98618
"GY","Guyana",2002,97867
"GY","Guyana",2003,97619
"GY","Guyana",2004,97396
"GY","Guyana",2005,97267
"GY","Guyana",2006,91476
"GY","Guyana",2007,59154
"GY","Guyana",2008,80046
"GY","Guyana",2009,76126
"GY","Guyana",2010,72172
"GY","Guyana",2011,66744
"GY","Guyana",2012,62265
"GY","Guyana",2013,57610
"HT","Haiti",1990,4083766
"HT","Haiti",1991,4140081
"HT","Haiti",1992,4195309
"HT","Haiti",1993,4249576
"HT","Haiti",1994,4299741
"HT","Haiti",1995,4349115
"HT","Haiti",1996,4397779
"HT","Haiti",1997,4453463
"HT","Haiti",1998,4508306
"HT","Haiti",1999,4561906
"HT","Haiti",2000,4622126
"HT","Haiti",2001,4832196
"HT","Haiti",2002,4949221
"HT","Haiti",2003,5063974
"HT","Haiti",2004,5180303
"HT","Haiti",2005,5298670
"HT","Haiti",2006,5327961
"HT","Haiti",2007,3589275
"HT","Haiti",2008,5383436
"HT","Haiti",2009,5532433
"HT","Haiti",2010,5682782
"HT","Haiti",2011,5568530
"HT","Haiti",2012,5546707
"HT","Haiti",2013,5532734
"HN","Honduras",1990,2171209
"HN","Honduras",1991,1684215
"HN","Honduras",1992,1484979
"HN","Honduras",1993,1255590
"HN","Honduras",1994,1456613
"HN","Honduras",1995,1547626
"HN","Honduras",1996,1737412
"HN","Honduras",1997,1243803
"HN","Honduras",1998,1552086
"HN","Honduras",1999,1617294
"HN","Honduras",2000,1396265
"HN","Honduras",2001,1164674
"HN","Honduras",2002,1888610
"HN","Honduras",2003,1820246
"HN","Honduras",2004,1777482
"HN","Honduras",2005,1912002
"HN","Honduras",2006,1666972
"HN","Honduras",2007,1243410
"HN","Honduras",2008,1171678
"HN","Honduras",2009,1036587
"HN","Honduras",2010,1160849
"HN","Honduras",2011,1429015
"HN","Honduras",2012,1652438
"HN","Honduras",2013,1485827
"HU","Hungary",1990,10374
"HU","Hungary",1991,12794
"HU","Hungary",1992,15208
"HU","Hungary",1993,17608
"HU","Hungary",1994,19997
"HU","Hungary",1995,22379
"HU","Hungary",1996,24747
"HU","Hungary",1997,14407
"HU","Hungary",1998,4107
"HU","Hungary",1999,3071
"HU","Hungary",2000,0
"HU","Hungary",2001,0
"HU","Hungary",2002,0
"HU","Hungary",2003,2026
"HU","Hungary",2004,0
"HU","Hungary",2005,21183
"HU","Hungary",2006,16114
"HU","Hungary",2007,11061
"HU","Hungary",2008,3011
"HU","Hungary",2009,7016
"HU","Hungary",2010,8000
"HU","Hungary",2011,12963
"HU","Hungary",2012,25793
"HU","Hungary",2013,25722
"IN","India",1990,338315850
"IN","India",1991,366156565
"IN","India",1992,394854568
"IN","India",1993,424426763
"IN","India",1994,410472714
"IN","India",1995,395720347
"IN","India",1996,380160546
"IN","India",1997,382629655
"IN","India",1998,384945661
"IN","India",1999,387081258
"IN","India",2000,391297986
"IN","India",2001,395383824
"IN","India",2002,399336362
"IN","India",2003,414751896
"IN","India",2004,430404823
"IN","India",2005,386896720
"IN","India",2006,378608370
"IN","India",2007,251391008
"IN","India",2008,360557517
"IN","India",2009,377610659
"IN","India",2010,310208095
"IN","India",2011,264832788
"IN","India",2012,251707056
"IN","India",2013,217898658
"ID","Indonesia",1990,103908867
"ID","Indonesia",1991,105599631
"ID","Indonesia",1992,107268486
"ID","Indonesia",1993,108912275
"ID","Indonesia",1994,103441084
"ID","Indonesia",1995,97717352
"ID","Indonesia",1996,91746324
"ID","Indonesia",1997,112796883
"ID","Indonesia",1998,134398182
"ID","Indonesia",1999,83436767
"ID","Indonesia",2000,84087320
"ID","Indonesia",2001,77158499
"ID","Indonesia",2002,50864366
"ID","Indonesia",2003,51221566
"ID","Indonesia",2004,54410559
"ID","Indonesia",2005,48938892
"ID","Indonesia",2006,64079282
"ID","Indonesia",2007,52870759
"ID","Indonesia",2008,50720245
"ID","Indonesia",2009,43949130
"ID","Indonesia",2010,38537294
"ID","Indonesia",2011,33244961
"ID","Indonesia",2012,29169252
"ID","Indonesia",2013,24699672
"IR","Iran",1990,3370152
"IR","Iran",1991,2816662
"IR","Iran",1992,2228320
"IR","Iran",1993,1617326
"IR","Iran",1994,1892141
"IR","Iran",1995,1972419
"IR","Iran",1996,2059903
"IR","Iran",1997,1847812
"IR","Iran",1998,1628571
"IR","Iran",1999,2001713
"IR","Iran",2000,1982087
"IR","Iran",2001,1957613
"IR","Iran",2002,1929355
"IR","Iran",2003,1898061
"IR","Iran",2004,1864761
"IR","Iran",2005,1830187
"IR","Iran",2006,1364089
"IR","Iran",2007,755460
"IR","Iran",2008,398919
"IR","Iran",2009,190765
"IR","Iran",2010,133656
"IR","Iran",2011,75184
"IR","Iran",2012,68541
"IR","Iran",2013,61722
"JM","Jamaica",1990,108984
"JM","Jamaica",1991,151340
"JM","Jamaica",1992,194328
"JM","Jamaica",1993,238000
"JM","Jamaica",1994,188026
"JM","Jamaica",1995,137309
"JM","Jamaica",1996,86090
"JM","Jamaica",1997,79992
"JM","Jamaica",1998,73720
"JM","Jamaica",1999,67189
"JM","Jamaica",2000,68705
"JM","Jamaica",2001,70263
"JM","Jamaica",2002,71658
"JM","Jamaica",2003,58268
"JM","Jamaica",2004,44780
"JM","Jamaica",2005,42033
"JM","Jamaica",2006,41830
"JM","Jamaica",2007,27867
"JM","Jamaica",2008,41415
"JM","Jamaica",2009,45449
"JM","Jamaica",2010,49511
"JM","Jamaica",2011,49677
"JM","Jamaica",2012,49824
"JM","Jamaica",2013,49950
"KZ","Kazakhstan",1990,4904
"KZ","Kazakhstan",1991,361363
"KZ","Kazakhstan",1992,717293
"KZ","Kazakhstan",1993,1066376
"KZ","Kazakhstan",1994,1040286
"KZ","Kazakhstan",1995,1011673
"KZ","Kazakhstan",1996,986081
"KZ","Kazakhstan",1997,1165873
"KZ","Kazakhstan",1998,1337829
"KZ","Kazakhstan",1999,1515235
"KZ","Kazakhstan",2000,1536734
"KZ","Kazakhstan",2001,1560125
"KZ","Kazakhstan",2002,1011894
"KZ","Kazakhstan",2003,666433
"KZ","Kazakhstan",2004,456395
"KZ","Kazakhstan",2005,31809
"KZ","Kazakhstan",2006,94910
"KZ","Kazakhstan",2007,82066
"KZ","Kazakhstan",2008,20376
"KZ","Kazakhstan",2009,27358
"KZ","Kazakhstan",2010,19586
"KZ","Kazakhstan",2011,4967
"KZ","Kazakhstan",2012,10075
"KZ","Kazakhstan",2013,6814
"KE","Kenya",1990,4937776
"KE","Kenya",1991,5348463
"KE","Kenya",1992,5776867
"KE","Kenya",1993,6492339
"KE","Kenya",1994,5012964
"KE","Kenya",1995,5262466
"KE","Kenya",1996,5513553
"KE","Kenya",1997,6201083
"KE","Kenya",1998,6830904
"KE","Kenya",1999,7487436
"KE","Kenya",2000,8377416
"KE","Kenya",2001,9311513
"KE","Kenya",2002,10291435
"KE","Kenya",2003,10798974
"KE","Kenya",2004,11327629
"KE","Kenya",2005,11877277
"KE","Kenya",2006,11964709
"KE","Kenya",2007,8110684
"KE","Kenya",2008,12131137
"KE","Kenya",2009,11885062
"KE","Kenya",2010,11618587
"KE","Kenya",2011,11274511
"KE","Kenya",2012,11205820
"KE","Kenya",2013,10945067
"KI","Kiribati",1990,13034
"KI","Kiribati",1991,13418
"KI","Kiribati",1992,13768
"KI","Kiribati",1993,14099
"KI","Kiribati",1994,13962
"KI","Kiribati",1995,13835
"KI","Kiribati",1996,13722
"KI","Kiribati",1997,13063
"KI","Kiribati",1998,12388
"KI","Kiribati",1999,11690
"KI","Kiribati",2000,11600
"KI","Kiribati",2001,11502
"KI","Kiribati",2002,11398
"KI","Kiribati",2003,11497
"KI","Kiribati",2004,11605
"KI","Kiribati",2005,11726
"KI","Kiribati",2006,13328
"KI","Kiribati",2007,13050
"KI","Kiribati",2008,12757
"KI","Kiribati",2009,13602
"KI","Kiribati",2010,14463
"KI","Kiribati",2011,14747
"KI","Kiribati",2012,14810
"KI","Kiribati",2013,15044
"XK","Kosovo",1990,30351
"XK","Kosovo",1991,37960
"XK","Kosovo",1992,45788
"XK","Kosovo",1993,53841
"XK","Kosovo",1994,56382
"XK","Kosovo",1995,58976
"XK","Kosovo",1996,61564
"XK","Kosovo",1997,56948
"XK","Kosovo",1998,48560
"XK","Kosovo",1999,38940
"XK","Kosovo",2000,36097
"XK","Kosovo",2001,34647
"XK","Kosovo",2002,33195
"XK","Kosovo",2003,29640
"XK","Kosovo",2004,40144
"XK","Kosovo",2005,50662
"XK","Kosovo",2006,55541
"XK","Kosovo",2007,50355
"XK","Kosovo",2008,45082
"XK","Kosovo",2009,47031
"XK","Kosovo",2010,38532
"XK","Kosovo",2011,25252
"XK","Kosovo",2012,10109
"XK","Kosovo",2013,14181
"KG","Kyrgyzstan",1990,1507060
"KG","Kyrgyzstan",1991,1680545
"KG","Kyrgyzstan",1992,1850411
"KG","Kyrgyzstan",1993,2001350
"KG","Kyrgyzstan",1994,1975958
"KG","Kyrgyzstan",1995,1970853
"KG","Kyrgyzstan",1996,1974938
"KG","Kyrgyzstan",1997,1720291
"KG","Kyrgyzstan",1998,1458837
"KG","Kyrgyzstan",1999,1114744
"KG","Kyrgyzstan",2000,2067615
"KG","Kyrgyzstan",2001,1801005
"KG","Kyrgyzstan",2002,1707318
"KG","Kyrgyzstan",2003,1415654
"KG","Kyrgyzstan",2004,693729
"KG","Kyrgyzstan",2005,794008
"KG","Kyrgyzstan",2006,515056
"KG","Kyrgyzstan",2007,523679
"KG","Kyrgyzstan",2008,213280
"KG","Kyrgyzstan",2009,114664
"KG","Kyrgyzstan",2010,222274
"KG","Kyrgyzstan",2011,99814
"KG","Kyrgyzstan",2012,163170
"KG","Kyrgyzstan",2013,186459
"LA","Lao",1990,1240369
"LA","Lao",1991,1137696
"LA","Lao",1992,1027558
"LA","Lao",1993,1132313
"LA","Lao",1994,1235628
"LA","Lao",1995,1341069
"LA","Lao",1996,1448174
"LA","Lao",1997,1554557
"LA","Lao",1998,1475919
"LA","Lao",1999,1391844
"LA","Lao",2000,1408739
"LA","Lao",2001,1424165
"LA","Lao",2002,1438312
"LA","Lao",2003,1325385
"LA","Lao",2004,1209494
"LA","Lao",2005,1090978
"LA","Lao",2006,1127187
"LA","Lao",2007,1165356
"LA","Lao",2008,1163142
"LA","Lao",2009,1154639
"LA","Lao",2010,1145053
"LA","Lao",2011,1070277
"LA","Lao",2012,1082294
"LA","Lao",2013,992920
"LV","Latvia",1990,1065
"LV","Latvia",1991,707
"LV","Latvia",1992,349
"LV","Latvia",1993,0
"LV","Latvia",1994,0
"LV","Latvia",1995,0
"LV","Latvia",1996,38578
"LV","Latvia",1997,33817
"LV","Latvia",1998,39283
"LV","Latvia",1999,32272
"LV","Latvia",2000,26438
"LV","Latvia",2001,20645
"LV","Latvia",2002,15016
"LV","Latvia",2003,12813
"LV","Latvia",2004,62236
"LV","Latvia",2005,61343
"LV","Latvia",2006,27729
"LV","Latvia",2007,440
"LV","Latvia",2008,32224
"LV","Latvia",2009,6211
"LV","Latvia",2010,40483
"LV","Latvia",2011,26982
"LV","Latvia",2012,28074
"LV","Latvia",2013,24756
"LS","Lesotho",1990,1143195
"LS","Lesotho",1991,1156460
"LS","Lesotho",1992,1170886
"LS","Lesotho",1993,1185421
"LS","Lesotho",1994,1199992
"LS","Lesotho",1995,1206806
"LS","Lesotho",1996,1210924
"LS","Lesotho",1997,1210319
"LS","Lesotho",1998,1207621
"LS","Lesotho",1999,1203303
"LS","Lesotho",2000,1188788
"LS","Lesotho",2001,1172987
"LS","Lesotho",2002,1155993
"LS","Lesotho",2003,1164457
"LS","Lesotho",2004,1172910
"LS","Lesotho",2005,1181698
"LS","Lesotho",2006,1184775
"LS","Lesotho",2007,794127
"LS","Lesotho",2008,1192388
"LS","Lesotho",2009,1195343
"LS","Lesotho",2010,1199315
"LS","Lesotho",2011,1195781
"LS","Lesotho",2012,1182554
"LS","Lesotho",2013,1169222
"LR","Liberia",1990,1034405
"LR","Liberia",1991,1313257
"LR","Liberia",1992,1581079
"LR","Liberia",1993,1852061
"LR","Liberia",1994,1891538
"LR","Liberia",1995,1976965
"LR","Liberia",1996,2119120
"LR","Liberia",1997,2043374
"LR","Liberia",1998,1953354
"LR","Liberia",1999,1818606
"LR","Liberia",2000,1777693
"LR","Liberia",2001,1697604
"LR","Liberia",2002,1589073
"LR","Liberia",2003,1844853
"LR","Liberia",2004,2113011
"LR","Liberia",2005,2408197
"LR","Liberia",2006,2408119
"LR","Liberia",2007,2417732
"LR","Liberia",2008,2463702
"LR","Liberia",2009,2525628
"LR","Liberia",2010,2576651
"LR","Liberia",2011,2500779
"LR","Liberia",2012,2429033
"LR","Liberia",2013,2322029
"LT","Lithuania",1990,209298
"LT","Lithuania",1991,225829
"LT","Lithuania",1992,241741
"LT","Lithuania",1993,256678
"LT","Lithuania",1994,169935
"LT","Lithuania",1995,84316
"LT","Lithuania",1996,0
"LT","Lithuania",1997,5720
"LT","Lithuania",1998,11358
"LT","Lithuania",1999,12335
"LT","Lithuania",2000,10499
"LT","Lithuania",2001,20478
"LT","Lithuania",2002,17560
"LT","Lithuania",2003,6489
"LT","Lithuania",2004,3715
"LT","Lithuania",2005,59141
"LT","Lithuania",2006,50684
"LT","Lithuania",2007,39745
"LT","Lithuania",2008,45735
"LT","Lithuania",2009,76226
"LT","Lithuania",2010,52964
"LT","Lithuania",2011,26345
"LT","Lithuania",2012,30774
"LT","Lithuania",2013,30168
"MK","Macedonia",1990,24354
"MK","Macedonia",1993,41656
"MK","Macedonia",1996,24675
"MK","Macedonia",1997,20284
"MK","Macedonia",1998,15874
"MK","Macedonia",1999,81974
"MK","Macedonia",2000,104627
"MK","Macedonia",2001,65803
"MK","Macedonia",2002,26576
"MK","Macedonia",2003,23391
"MK","Macedonia",2004,27519
"MK","Macedonia",2005,28192
"MK","Macedonia",2006,54459
"MK","Macedonia",2007,40926
"MK","Macedonia",2008,27335
"MK","Macedonia",2009,27384
"MK","Macedonia",2010,27430
"MK","Macedonia",2011,47515
"MK","Macedonia",2012,47593
"MK","Macedonia",2013,45389
"MG","Madagascar",1990,6880131
"MG","Madagascar",1991,7477664
"MG","Madagascar",1992,8106846
"MG","Madagascar",1993,8769784
"MG","Madagascar",1994,8973959
"MG","Madagascar",1995,9185385
"MG","Madagascar",1996,9404104
"MG","Madagascar",1997,9441536
"MG","Madagascar",1998,9615138
"MG","Madagascar",1999,9788045
"MG","Madagascar",2000,11403967
"MG","Madagascar",2001,11150725
"MG","Madagascar",2002,12749507
"MG","Madagascar",2003,13015584
"MG","Madagascar",2004,13281077
"MG","Madagascar",2005,13545866
"MG","Madagascar",2006,13963340
"MG","Madagascar",2007,9585432
"MG","Madagascar",2008,14823545
"MG","Madagascar",2009,16002022
"MG","Madagascar",2010,17234625
"MG","Madagascar",2011,17353933
"MG","Madagascar",2012,17353432
"MG","Madagascar",2013,17885739
"MW","Malawi",1990,6794237
"MW","Malawi",1991,6832427
"MW","Malawi",1992,6784821
"MW","Malawi",1993,6691368
"MW","Malawi",1994,6573217
"MW","Malawi",1995,6500082
"MW","Malawi",1996,6480382
"MW","Malawi",1997,6528706
"MW","Malawi",1998,6791837
"MW","Malawi",1999,7069300
"MW","Malawi",2000,7583786
"MW","Malawi",2001,8107099
"MW","Malawi",2002,8645855
"MW","Malawi",2003,8884686
"MW","Malawi",2004,9135729
"MW","Malawi",2005,9393888
"MW","Malawi",2006,9600450
"MW","Malawi",2007,6567410
"MW","Malawi",2008,10048906
"MW","Malawi",2009,10258171
"MW","Malawi",2010,10473282
"MW","Malawi",2011,10742517
"MW","Malawi",2012,11155160
"MW","Malawi",2013,11381659
"MY","Malaysia",1990,262240
"MY","Malaysia",1991,252583
"MY","Malaysia",1992,241979
"MY","Malaysia",1993,293541
"MY","Malaysia",1994,327337
"MY","Malaysia",1995,362694
"MY","Malaysia",1996,136070
"MY","Malaysia",1997,87233
"MY","Malaysia",1998,178865
"MY","Malaysia",1999,274783
"MY","Malaysia",2000,232646
"MY","Malaysia",2001,188178
"MY","Malaysia",2002,141531
"MY","Malaysia",2003,118130
"MY","Malaysia",2004,93728
"MY","Malaysia",2005,134140
"MY","Malaysia",2006,136568
"MY","Malaysia",2007,138999
"MY","Malaysia",2008,89751
"MY","Malaysia",2009,77451
"MY","Malaysia",2010,59051
"MY","Malaysia",2011,42859
"MY","Malaysia",2012,31924
"MY","Malaysia",2013,26519
"MV","Maldives",1990,85827
"MV","Maldives",1991,83483
"MV","Maldives",1992,79989
"MV","Maldives",1993,76448
"MV","Maldives",1994,69270
"MV","Maldives",1995,63640
"MV","Maldives",1996,56697
"MV","Maldives",1997,52668
"MV","Maldives",1998,49485
"MV","Maldives",1999,46396
"MV","Maldives",2000,41117
"MV","Maldives",2001,35575
"MV","Maldives",2002,29670
"MV","Maldives",2003,30724
"MV","Maldives",2004,31897
"MV","Maldives",2005,33191
"MV","Maldives",2006,29693
"MV","Maldives",2007,19090
"MV","Maldives",2008,21973
"MV","Maldives",2009,26136
"MV","Maldives",2010,25103
"MV","Maldives",2011,18737
"MV","Maldives",2012,18865
"MV","Maldives",2013,18353
"ML","Mali",1990,7292040
"ML","Mali",1991,7432402
"ML","Mali",1992,7595702
"ML","Mali",1993,7776342
"ML","Mali",1994,7964806
"ML","Mali",1995,7985345
"ML","Mali",1996,7998064
"ML","Mali",1997,7632101
"ML","Mali",1998,7242440
"ML","Mali",1999,6830588
"ML","Mali",2000,6357506
"ML","Mali",2001,6589034
"ML","Mali",2002,6703221
"ML","Mali",2003,6721813
"ML","Mali",2004,6739749
"ML","Mali",2005,6756286
"ML","Mali",2006,6733500
"ML","Mali",2007,6929146
"ML","Mali",2008,7130192
"ML","Mali",2009,7237073
"ML","Mali",2010,7442587
"ML","Mali",2011,7710084
"ML","Mali",2012,8214067
"ML","Mali",2013,8581433
"MR","Mauritania",1990,843261
"MR","Mauritania",1991,863525
"MR","Mauritania",1992,884565
"MR","Mauritania",1993,906426
"MR","Mauritania",1994,700198
"MR","Mauritania",1995,481264
"MR","Mauritania",1996,474987
"MR","Mauritania",1997,480793
"MR","Mauritania",1998,486643
"MR","Mauritania",1999,492563
"MR","Mauritania",2000,532523
"MR","Mauritania",2001,534971
"MR","Mauritania",2002,537126
"MR","Mauritania",2003,490972
"MR","Mauritania",2004,441037
"MR","Mauritania",2005,423909
"MR","Mauritania",2006,407057
"MR","Mauritania",2007,268814
"MR","Mauritania",2008,368430
"MR","Mauritania",2009,367002
"MR","Mauritania",2010,365245
"MR","Mauritania",2011,334805
"MR","Mauritania",2012,298011
"MR","Mauritania",2013,267990
"MU","Mauritius",1990,42669
"MU","Mauritius",1991,38637
"MU","Mauritius",1992,34594
"MU","Mauritius",1993,30397
"MU","Mauritius",1994,27710
"MU","Mauritius",1995,24806
"MU","Mauritius",1996,21886
"MU","Mauritius",1997,19750
"MU","Mauritius",1998,17522
"MU","Mauritius",1999,15278
"MU","Mauritius",2000,13412
"MU","Mauritius",2001,11484
"MU","Mauritius",2002,9517
"MU","Mauritius",2003,8736
"MU","Mauritius",2004,7937
"MU","Mauritius",2005,7124
"MU","Mauritius",2006,5183
"MU","Mauritius",2007,5082
"MU","Mauritius",2008,4976
"MU","Mauritius",2009,5426
"MU","Mauritius",2010,5877
"MU","Mauritius",2011,6262
"MU","Mauritius",2012,6656
"MU","Mauritius",2013,6293
"MX","Mexico",1990,8586623
"MX","Mexico",1991,8629904
"MX","Mexico",1992,8670407
"MX","Mexico",1993,8179839
"MX","Mexico",1994,9192235
"MX","Mexico",1995,11335955
"MX","Mexico",1996,13552003
"MX","Mexico",1997,13895675
"MX","Mexico",1998,14237456
"MX","Mexico",1999,13053261
"MX","Mexico",2000,11308945
"MX","Mexico",2001,10324929
"MX","Mexico",2002,9301448
"MX","Mexico",2003,7284446
"MX","Mexico",2004,5218027
"MX","Mexico",2005,9504169
"MX","Mexico",2006,3664496
"MX","Mexico",2007,4010791
"MX","Mexico",2008,4368967
"MX","Mexico",2009,4438993
"MX","Mexico",2010,4507467
"MX","Mexico",2011,3887798
"MX","Mexico",2012,3271502
"MX","Mexico",2013,3501845
"FM","Micronesia",1990,16135
"FM","Micronesia",1991,15446
"FM","Micronesia",1992,14722
"FM","Micronesia",1993,13928
"FM","Micronesia",1994,14254
"FM","Micronesia",1995,14499
"FM","Micronesia",1996,14648
"FM","Micronesia",1997,14901
"FM","Micronesia",1998,15095
"FM","Micronesia",1999,15266
"FM","Micronesia",2000,49407
"FM","Micronesia",2001,30972
"FM","Micronesia",2002,12635
"FM","Micronesia",2003,12476
"FM","Micronesia",2004,12309
"FM","Micronesia",2005,12128
"FM","Micronesia",2006,13097
"FM","Micronesia",2007,9023
"FM","Micronesia",2008,14981
"FM","Micronesia",2009,15132
"FM","Micronesia",2010,15305
"FM","Micronesia",2011,15201
"FM","Micronesia",2012,15848
"FM","Micronesia",2013,18016
"MD","Moldova",1990,90552
"MD","Moldova",1991,293727
"MD","Moldova",1992,496975
"MD","Moldova",1993,175427
"MD","Moldova",1994,455592
"MD","Moldova",1995,733060
"MD","Moldova",1996,1010465
"MD","Moldova",1997,587231
"MD","Moldova",1998,1006693
"MD","Moldova",1999,1425977
"MD","Moldova",2000,1307341
"MD","Moldova",2001,1000831
"MD","Moldova",2002,599617
"MD","Moldova",2003,274940
"MD","Moldova",2004,312102
"MD","Moldova",2005,501529
"MD","Moldova",2006,86404
"MD","Moldova",2007,39704
"MD","Moldova",2008,46054
"MD","Moldova",2009,36726
"MD","Moldova",2010,18879
"MD","Moldova",2011,9968
"MD","Moldova",2012,12102
"MD","Moldova",2013,2847
"MN","Mongolia",1990,171237
"MN","Mongolia",1991,237391
"MN","Mongolia",1992,304369
"MN","Mongolia",1993,371844
"MN","Mongolia",1994,345381
"MN","Mongolia",1995,318508
"MN","Mongolia",1996,436905
"MN","Mongolia",1997,534640
"MN","Mongolia",1998,634124
"MN","Mongolia",1999,500896
"MN","Mongolia",2000,421230
"MN","Mongolia",2001,340214
"MN","Mongolia",2002,257790
"MN","Mongolia",2003,208799
"MN","Mongolia",2004,158868
"MN","Mongolia",2005,107879
"MN","Mongolia",2006,71765
"MN","Mongolia",2007,34743
"MN","Mongolia",2008,31819
"MN","Mongolia",2009,26295
"MN","Mongolia",2010,20616
"MN","Mongolia",2011,15727
"MN","Mongolia",2012,10672
"MN","Mongolia",2013,8863
"ME","Montenegro",1990,3335
"ME","Montenegro",1991,3015
"ME","Montenegro",1992,2698
"ME","Montenegro",1993,2380
"ME","Montenegro",1994,2384
"ME","Montenegro",1995,2386
"ME","Montenegro",1996,2383
"ME","Montenegro",1997,2377
"ME","Montenegro",1998,2370
"ME","Montenegro",1999,2363
"ME","Montenegro",2000,2037
"ME","Montenegro",2001,1721
"ME","Montenegro",2002,1403
"ME","Montenegro",2003,1408
"ME","Montenegro",2004,1411
"ME","Montenegro",2005,1413
"ME","Montenegro",2006,861
"ME","Montenegro",2007,2217
"ME","Montenegro",2008,1172
"ME","Montenegro",2009,0
"ME","Montenegro",2010,0
"ME","Montenegro",2011,1302
"ME","Montenegro",2012,7820
"ME","Montenegro",2013,6461
"MA","Morocco",1990,716069
"MA","Morocco",1991,986762
"MA","Morocco",1992,1266594
"MA","Morocco",1993,1555177
"MA","Morocco",1994,1533533
"MA","Morocco",1995,1509296
"MA","Morocco",1996,1482561
"MA","Morocco",1997,1801744
"MA","Morocco",1998,2127581
"MA","Morocco",1999,2141597
"MA","Morocco",2000,1815200
"MA","Morocco",2001,1750671
"MA","Morocco",2002,1683529
"MA","Morocco",2003,1550260
"MA","Morocco",2004,1414376
"MA","Morocco",2005,1276190
"MA","Morocco",2006,957573
"MA","Morocco",2007,846609
"MA","Morocco",2008,733603
"MA","Morocco",2009,688215
"MA","Morocco",2010,642155
"MA","Morocco",2011,556297
"MA","Morocco",2012,547538
"MA","Morocco",2013,451611
"MZ","Mozambique",1990,12053495
"MZ","Mozambique",1991,12385369
"MZ","Mozambique",1992,12841351
"MZ","Mozambique",1993,13378079
"MZ","Mozambique",1994,13644450
"MZ","Mozambique",1995,13858189
"MZ","Mozambique",1996,14008239
"MZ","Mozambique",1997,14255910
"MZ","Mozambique",1998,14480790
"MZ","Mozambique",1999,14708040
"MZ","Mozambique",2000,14968396
"MZ","Mozambique",2001,15251251
"MZ","Mozambique",2002,15548627
"MZ","Mozambique",2003,15770747
"MZ","Mozambique",2004,15990277
"MZ","Mozambique",2005,16202048
"MZ","Mozambique",2006,16094712
"MZ","Mozambique",2007,10839207
"MZ","Mozambique",2008,15806672
"MZ","Mozambique",2009,16009571
"MZ","Mozambique",2010,16212683
"MZ","Mozambique",2011,16095887
"MZ","Mozambique",2012,16005881
"MZ","Mozambique",2013,15867074
"NA","Namibia",1990,758680
"NA","Namibia",1991,782290
"NA","Namibia",1992,803971
"NA","Namibia",1993,824497
"NA","Namibia",1994,847931
"NA","Namibia",1995,872377
"NA","Namibia",1996,898207
"NA","Namibia",1997,842773
"NA","Namibia",1998,781946
"NA","Namibia",1999,714511
"NA","Namibia",2000,717300
"NA","Namibia",2001,716725
"NA","Namibia",2002,713404
"NA","Namibia",2003,623075
"NA","Namibia",2004,607833
"NA","Namibia",2005,592702
"NA","Namibia",2006,562362
"NA","Namibia",2007,367333
"NA","Namibia",2008,500575
"NA","Namibia",2009,486433
"NA","Namibia",2010,476240
"NA","Namibia",2011,457665
"NA","Namibia",2012,442517
"NA","Namibia",2013,422621
"NP","Nepal",1990,12828685
"NP","Nepal",1991,12950565
"NP","Nepal",1992,13082831
"NP","Nepal",1993,13215434
"NP","Nepal",1994,13241560
"NP","Nepal",1995,13240970
"NP","Nepal",1996,13176564
"NP","Nepal",1997,12848153
"NP","Nepal",1998,12480534
"NP","Nepal",1999,12074866
"NP","Nepal",2000,11847124
"NP","Nepal",2001,11591675
"NP","Nepal",2002,11309678
"NP","Nepal",2003,11469537
"NP","Nepal",2004,10836456
"NP","Nepal",2005,10174681
"NP","Nepal",2006,9283384
"NP","Nepal",2007,5914704
"NP","Nepal",2008,7421069
"NP","Nepal",2009,5741357
"NP","Nepal",2010,4028699
"NP","Nepal",2011,4191038
"NP","Nepal",2012,2560298
"NP","Nepal",2013,2354839
"NI","Nicaragua",1990,993866
"NI","Nicaragua",1991,988870
"NI","Nicaragua",1992,983199
"NI","Nicaragua",1993,976503
"NI","Nicaragua",1994,952517
"NI","Nicaragua",1995,926136
"NI","Nicaragua",1996,897378
"NI","Nicaragua",1997,831918
"NI","Nicaragua",1998,763071
"NI","Nicaragua",1999,835503
"NI","Nicaragua",2000,940010
"NI","Nicaragua",2001,1046674
"NI","Nicaragua",2002,846096
"NI","Nicaragua",2003,844130
"NI","Nicaragua",2004,841765
"NI","Nicaragua",2005,839175
"NI","Nicaragua",2006,772477
"NI","Nicaragua",2007,495518
"NI","Nicaragua",2008,633300
"NI","Nicaragua",2009,613692
"NI","Nicaragua",2010,553116
"NI","Nicaragua",2011,528509
"NI","Nicaragua",2012,470163
"NI","Nicaragua",2013,414412
"NE","Niger",1990,5660162
"NE","Niger",1991,6115598
"NE","Niger",1992,6601058
"NE","Niger",1993,6867238
"NE","Niger",1994,7356010
"NE","Niger",1995,7573787
"NE","Niger",1996,7802131
"NE","Niger",1997,8002573
"NE","Niger",1998,8209806
"NE","Niger",1999,8422322
"NE","Niger",2000,8685910
"NE","Niger",2001,8957204
"NE","Niger",2002,9236926
"NE","Niger",2003,9516553
"NE","Niger",2004,9805491
"NE","Niger",2005,10104637
"NE","Niger",2006,10283216
"NE","Niger",2007,10462800
"NE","Niger",2008,9990882
"NE","Niger",2009,9509104
"NE","Niger",2010,8980145
"NE","Niger",2011,8530861
"NE","Niger",2012,8212984
"NE","Niger",2013,8634173
"NG","Nigeria",1990,49883569
"NG","Nigeria",1991,53569361
"NG","Nigeria",1992,57398057
"NG","Nigeria",1993,60329565
"NG","Nigeria",1994,63621058
"NG","Nigeria",1995,67039067
"NG","Nigeria",1996,70589553
"NG","Nigeria",1997,73494915
"NG","Nigeria",1998,76504799
"NG","Nigeria",1999,79624530
"NG","Nigeria",2000,81450884
"NG","Nigeria",2001,83325276
"NG","Nigeria",2002,85250848
"NG","Nigeria",2003,70878061
"NG","Nigeria",2004,72614587
"NG","Nigeria",2005,74412824
"NG","Nigeria",2006,76498377
"NG","Nigeria",2007,52401006
"NG","Nigeria",2008,80892225
"NG","Nigeria",2009,82989260
"NG","Nigeria",2010,84574826
"NG","Nigeria",2011,85291764
"NG","Nigeria",2012,86122262
"NG","Nigeria",2013,85958936
"PK","Pakistan",1990,63445464
"PK","Pakistan",1991,58905442
"PK","Pakistan",1992,53997976
"PK","Pakistan",1993,48741933
"PK","Pakistan",1994,39671642
"PK","Pakistan",1995,30098238
"PK","Pakistan",1996,20011066
"PK","Pakistan",1997,25356832
"PK","Pakistan",1998,30944007
"PK","Pakistan",1999,30126748
"PK","Pakistan",2000,35212399
"PK","Pakistan",2001,40477315
"PK","Pakistan",2002,40929849
"PK","Pakistan",2003,34169718
"PK","Pakistan",2004,27108345
"PK","Pakistan",2005,25273132
"PK","Pakistan",2006,23173406
"PK","Pakistan",2007,20977495
"PK","Pakistan",2008,19359612
"PK","Pakistan",2009,16776989
"PK","Pakistan",2010,14079636
"PK","Pakistan",2011,13772003
"PK","Pakistan",2012,12080412
"PK","Pakistan",2013,10998394
"PS","Palestine",1990,67260
"PS","Palestine",1991,63445
"PS","Palestine",1992,59138
"PS","Palestine",1993,54304
"PS","Palestine",1994,48903
"PS","Palestine",1995,42894
"PS","Palestine",1996,46066
"PS","Palestine",1997,34643
"PS","Palestine",1998,21657
"PS","Palestine",1999,7976
"PS","Palestine",2000,12078
"PS","Palestine",2001,16388
"PS","Palestine",2002,20913
"PS","Palestine",2003,15144
"PS","Palestine",2004,9063
"PS","Palestine",2005,6641
"PS","Palestine",2006,4428
"PS","Palestine",2007,33547
"PS","Palestine",2008,31291
"PS","Palestine",2009,4072
"PS","Palestine",2010,10290
"PS","Palestine",2011,10603
"PS","Palestine",2012,3238
"PS","Palestine",2013,11258
"PA","Panama",1990,610587
"PA","Panama",1991,551758
"PA","Panama",1992,508370
"PA","Panama",1993,462881
"PA","Panama",1994,454587
"PA","Panama",1995,445767
"PA","Panama",1996,443821
"PA","Panama",1997,428196
"PA","Panama",1998,441366
"PA","Panama",1999,397709
"PA","Panama",2000,444621
"PA","Panama",2001,506867
"PA","Panama",2002,375166
"PA","Panama",2003,370531
"PA","Panama",2004,350842
"PA","Panama",2005,341888
"PA","Panama",2006,371308
"PA","Panama",2007,278854
"PA","Panama",2008,192077
"PA","Panama",2009,119952
"PA","Panama",2010,165457
"PA","Panama",2011,146543
"PA","Panama",2012,165100
"PA","Panama",2013,108843
"PG","Papua New Guinea",1990,2683511
"PG","Papua New Guinea",1991,2606598
"PG","Papua New Guinea",1992,2524643
"PG","Papua New Guinea",1993,2437495
"PG","Papua New Guinea",1994,2482370
"PG","Papua New Guinea",1995,2528681
"PG","Papua New Guinea",1996,2576498
"PG","Papua New Guinea",1997,2681169
"PG","Papua New Guinea",1998,2789743
"PG","Papua New Guinea",1999,2901746
"PG","Papua New Guinea",2000,2992630
"PG","Papua New Guinea",2001,3085166
"PG","Papua New Guinea",2002,3179407
"PG","Papua New Guinea",2003,3179450
"PG","Papua New Guinea",2004,3176738
"PG","Papua New Guinea",2005,3171278
"PG","Papua New Guinea",2006,3119326
"PG","Papua New Guinea",2007,2085722
"PG","Papua New Guinea",2008,2999366
"PG","Papua New Guinea",2009,2631332
"PG","Papua New Guinea",2010,2623284
"PG","Papua New Guinea",2011,2498018
"PG","Papua New Guinea",2012,2374701
"PG","Papua New Guinea",2013,2301561
"PY","Paraguay",1990,50144
"PY","Paraguay",1991,150599
"PY","Paraguay",1992,256064
"PY","Paraguay",1993,366531
"PY","Paraguay",1994,476053
"PY","Paraguay",1995,590346
"PY","Paraguay",1996,572307
"PY","Paraguay",1997,525427
"PY","Paraguay",1998,528270
"PY","Paraguay",1999,530607
"PY","Paraguay",2000,511181
"PY","Paraguay",2001,490381
"PY","Paraguay",2002,733197
"PY","Paraguay",2003,503033
"PY","Paraguay",2004,375877
"PY","Paraguay",2005,402787
"PY","Paraguay",2006,591809
"PY","Paraguay",2007,507720
"PY","Paraguay",2008,300542
"PY","Paraguay",2009,394633
"PY","Paraguay",2010,376940
"PY","Paraguay",2011,344269
"PY","Paraguay",2012,236667
"PY","Paraguay",2013,141598
"PE","Peru",1990,4395889
"PE","Peru",1991,4328127
"PE","Peru",1992,4253345
"PE","Peru",1993,4170842
"PE","Peru",1994,3727135
"PE","Peru",1995,4102215
"PE","Peru",1996,4484937
"PE","Peru",1997,4451554
"PE","Peru",1998,4218437
"PE","Peru",1999,4506457
"PE","Peru",2000,4327784
"PE","Peru",2001,4640383
"PE","Peru",2002,4075344
"PE","Peru",2003,3297179
"PE","Peru",2004,3332784
"PE","Peru",2005,3912395
"PE","Peru",2006,3463000
"PE","Peru",2007,2837765
"PE","Peru",2008,2274179
"PE","Peru",2009,1818398
"PE","Peru",2010,1392311
"PE","Peru",2011,1291579
"PE","Peru",2012,1245557
"PE","Peru",2013,1130922
"PH","Philippines",1990,15585951
"PH","Philippines",1991,16887293
"PH","Philippines",1992,16988847
"PH","Philippines",1993,17076999
"PH","Philippines",1994,17053209
"PH","Philippines",1995,15971428
"PH","Philippines",1996,14823257
"PH","Philippines",1997,12899324
"PH","Philippines",1998,13565037
"PH","Philippines",1999,14250080
"PH","Philippines",2000,14347327
"PH","Philippines",2001,14241252
"PH","Philippines",2002,14120833
"PH","Philippines",2003,13972440
"PH","Philippines",2004,14127574
"PH","Philippines",2005,14265011
"PH","Philippines",2006,14409032
"PH","Philippines",2007,13157999
"PH","Philippines",2008,11856011
"PH","Philippines",2009,10978697
"PH","Philippines",2010,12188096
"PH","Philippines",2011,12615915
"PH","Philippines",2012,12587871
"PH","Philippines",2013,11406129
"PL","Poland",1990,175310
"PL","Poland",1991,135137
"PL","Poland",1992,94630
"PL","Poland",1993,53846
"PL","Poland",1994,366155
"PL","Poland",1995,679272
"PL","Poland",1996,992646
"PL","Poland",1997,500513
"PL","Poland",1998,7733
"PL","Poland",1999,23196
"PL","Poland",2000,49736
"PL","Poland",2001,30598
"PL","Poland",2002,26761
"PL","Poland",2003,19102
"PL","Poland",2004,38182
"PL","Poland",2005,53432
"PL","Poland",2006,251732
"PL","Poland",2007,11436
"PL","Poland",2008,3813
"PL","Poland",2009,7630
"PL","Poland",2010,144563
"PL","Poland",2011,7613
"PL","Poland",2012,7613
"PL","Poland",2013,3804
"RO","Romania",1990,85847
"RO","Romania",1991,113856
"RO","Romania",1992,141325
"RO","Romania",1993,1456850
"RO","Romania",1994,2436679
"RO","Romania",1995,2164079
"RO","Romania",1996,1890949
"RO","Romania",1997,1180701
"RO","Romania",1998,474905
"RO","Romania",1999,1451694
"RO","Romania",2000,1692200
"RO","Romania",2001,1206192
"RO","Romania",2002,1173447
"RO","Romania",2003,834926
"RO","Romania",2004,609230
"RO","Romania",2005,458373
"RO","Romania",2006,500173
"RO","Romania",2007,762229
"RO","Romania",2008,1014571
"RO","Romania",2009,757671
"RO","Romania",2010,967800
"RO","Romania",2011,0
"RO","Romania",2012,1225546
"RO","Romania",2013,0
"RU","Russian Federation",1990,3203107
"RU","Russian Federation",1991,3314315
"RU","Russian Federation",1992,3419847
"RU","Russian Federation",1993,3519924
"RU","Russian Federation",1994,4123741
"RU","Russian Federation",1995,4733186
"RU","Russian Federation",1996,5333762
"RU","Russian Federation",1997,1671443
"RU","Russian Federation",1998,2510402
"RU","Russian Federation",1999,5005289
"RU","Russian Federation",2000,3298423
"RU","Russian Federation",2001,1810103
"RU","Russian Federation",2002,1017142
"RU","Russian Federation",2003,1533272
"RU","Russian Federation",2004,1282197
"RU","Russian Federation",2005,947222
"RU","Russian Federation",2006,772467
"RU","Russian Federation",2007,285610
"RU","Russian Federation",2008,99920
"RU","Russian Federation",2009,57114
"RU","Russian Federation",2010,214274
"RU","Russian Federation",2011,114369
"RU","Russian Federation",2012,57281
"RU","Russian Federation",2013,43052
"RW","Rwanda",1990,5119569
"RW","Rwanda",1991,4937482
"RW","Rwanda",1992,4640421
"RW","Rwanda",1993,4311335
"RW","Rwanda",1994,4342494
"RW","Rwanda",1995,4518330
"RW","Rwanda",1996,4903151
"RW","Rwanda",1997,5187111
"RW","Rwanda",1998,5570339
"RW","Rwanda",1999,5943718
"RW","Rwanda",2000,6174437
"RW","Rwanda",2001,6210187
"RW","Rwanda",2002,6160909
"RW","Rwanda",2003,6147125
"RW","Rwanda",2004,6125824
"RW","Rwanda",2005,6125596
"RW","Rwanda",2006,6154335
"RW","Rwanda",2007,4171993
"RW","Rwanda",2008,6241176
"RW","Rwanda",2009,6228280
"RW","Rwanda",2010,6201936
"RW","Rwanda",2011,6351803
"RW","Rwanda",2012,6406035
"RW","Rwanda",2013,6694493
"LC","Saint Lucia",1990,56626
"LC","Saint Lucia",1991,55540
"LC","Saint Lucia",1992,54323
"LC","Saint Lucia",1993,53014
"LC","Saint Lucia",1994,52839
"LC","Saint Lucia",1995,52684
"LC","Saint Lucia",1996,50573
"LC","Saint Lucia",1997,50140
"LC","Saint Lucia",1998,49690
"LC","Saint Lucia",1999,49189
"LC","Saint Lucia",2000,50302
"LC","Saint Lucia",2001,51371
"LC","Saint Lucia",2002,52407
"LC","Saint Lucia",2003,50876
"LC","Saint Lucia",2004,49349
"LC","Saint Lucia",2005,47852
"LC","Saint Lucia",2006,46916
"LC","Saint Lucia",2007,31205
"LC","Saint Lucia",2008,45065
"LC","Saint Lucia",2009,47434
"LC","Saint Lucia",2010,49778
"LC","Saint Lucia",2011,50574
"LC","Saint Lucia",2012,52512
"LC","Saint Lucia",2013,53415
"WS","Samoa",1990,11987
"WS","Samoa",1991,12229
"WS","Samoa",1992,12495
"WS","Samoa",1993,12775
"WS","Samoa",1994,11911
"WS","Samoa",1995,11015
"WS","Samoa",1996,10088
"WS","Samoa",1997,9585
"WS","Samoa",1998,9070
"WS","Samoa",1999,8549
"WS","Samoa",2000,7142
"WS","Samoa",2001,5723
"WS","Samoa",2002,4291
"WS","Samoa",2003,3601
"WS","Samoa",2004,2902
"WS","Samoa",2005,2195
"WS","Samoa",2006,1974
"WS","Samoa",2007,1245
"WS","Samoa",2008,1523
"WS","Samoa",2009,1893
"WS","Samoa",2010,2270
"WS","Samoa",2011,1556
"WS","Samoa",2012,1568
"WS","Samoa",2013,2132
"ST","Sao Tome & Principe",1990,42534
"ST","Sao Tome & Principe",1991,42454
"ST","Sao Tome & Principe",1992,42380
"ST","Sao Tome & Principe",1993,42285
"ST","Sao Tome & Principe",1994,42261
"ST","Sao Tome & Principe",1995,42170
"ST","Sao Tome & Principe",1996,42005
"ST","Sao Tome & Principe",1997,41800
"ST","Sao Tome & Principe",1998,41568
"ST","Sao Tome & Principe",1999,41350
"ST","Sao Tome & Principe",2000,40930
"ST","Sao Tome & Principe",2001,44136
"ST","Sao Tome & Principe",2002,47519
"ST","Sao Tome & Principe",2003,48844
"ST","Sao Tome & Principe",2004,50215
"ST","Sao Tome & Principe",2005,51610
"ST","Sao Tome & Principe",2006,51683
"ST","Sao Tome & Principe",2007,34851
"ST","Sao Tome & Principe",2008,51729
"ST","Sao Tome & Principe",2009,53419
"ST","Sao Tome & Principe",2010,55160
"ST","Sao Tome & Principe",2011,54734
"ST","Sao Tome & Principe",2012,52867
"ST","Sao Tome & Principe",2013,50959
"SN","Senegal",1990,5113414
"SN","Senegal",1991,5303023
"SN","Senegal",1992,5211558
"SN","Senegal",1993,5105995
"SN","Senegal",1994,4874898
"SN","Senegal",1995,4976449
"SN","Senegal",1996,5072237
"SN","Senegal",1997,5025396
"SN","Senegal",1998,4970063
"SN","Senegal",1999,4909806
"SN","Senegal",2000,4945080
"SN","Senegal",2001,4983153
"SN","Senegal",2002,5098107
"SN","Senegal",2003,4857428
"SN","Senegal",2004,4600663
"SN","Senegal",2005,4326167
"SN","Senegal",2006,4395558
"SN","Senegal",2007,2994136
"SN","Senegal",2008,4538443
"SN","Senegal",2009,4677848
"SN","Senegal",2010,4826405
"SN","Senegal",2011,5072990
"SN","Senegal",2012,5193723
"SN","Senegal",2013,5335735
"RS","Serbia",1990,91032
"RS","Serbia",1991,78741
"RS","Serbia",1992,66779
"RS","Serbia",1993,54665
"RS","Serbia",1994,50017
"RS","Serbia",1995,44481
"RS","Serbia",1996,39613
"RS","Serbia",1997,38995
"RS","Serbia",1998,38343
"RS","Serbia",1999,37702
"RS","Serbia",2000,29314
"RS","Serbia",2001,21010
"RS","Serbia",2002,12744
"RS","Serbia",2003,35159
"RS","Serbia",2004,64929
"RS","Serbia",2005,80360
"RS","Serbia",2006,34834
"RS","Serbia",2007,25836
"RS","Serbia",2008,5145
"RS","Serbia",2009,8785
"RS","Serbia",2010,7291
"RS","Serbia",2011,9404
"RS","Serbia",2012,11519
"RS","Serbia",2013,13612
"SC","Seychelles",1990,952
"SC","Seychelles",1991,906
"SC","Seychelles",1992,860
"SC","Seychelles",1993,814
"SC","Seychelles",1994,887
"SC","Seychelles",1995,964
"SC","Seychelles",1996,1039
"SC","Seychelles",1997,851
"SC","Seychelles",1998,662
"SC","Seychelles",1999,466
"SC","Seychelles",2000,492
"SC","Seychelles",2001,514
"SC","Seychelles",2002,552
"SC","Seychelles",2003,513
"SC","Seychelles",2004,479
"SC","Seychelles",2005,448
"SC","Seychelles",2006,313
"SC","Seychelles",2007,315
"SC","Seychelles",2008,322
"SC","Seychelles",2009,786
"SC","Seychelles",2010,1284
"SC","Seychelles",2011,1084
"SC","Seychelles",2012,1095
"SC","Seychelles",2013,953
"SL","Sierra Leone",1990,2556465
"SL","Sierra Leone",1991,2588510
"SL","Sierra Leone",1992,2599940
"SL","Sierra Leone",1993,2598783
"SL","Sierra Leone",1994,2576231
"SL","Sierra Leone",1995,2563399
"SL","Sierra Leone",1996,2561246
"SL","Sierra Leone",1997,2596906
"SL","Sierra Leone",1998,2649516
"SL","Sierra Leone",1999,2727041
"SL","Sierra Leone",2000,2702808
"SL","Sierra Leone",2001,2703459
"SL","Sierra Leone",2002,2722278
"SL","Sierra Leone",2003,2717511
"SL","Sierra Leone",2004,2817565
"SL","Sierra Leone",2005,2902288
"SL","Sierra Leone",2006,2957173
"SL","Sierra Leone",2007,2012141
"SL","Sierra Leone",2008,3022654
"SL","Sierra Leone",2009,3044967
"SL","Sierra Leone",2010,3067004
"SL","Sierra Leone",2011,3092132
"SL","Sierra Leone",2012,2662011
"SL","Sierra Leone",2013,1953755
"SK","Slovak Republic",1990,0
"SK","Slovak Republic",1991,0
"SK","Slovak Republic",1992,0
"SK","Slovak Republic",1993,11183
"SK","Slovak Republic",1994,16752
"SK","Slovak Republic",1995,22342
"SK","Slovak Republic",1996,27941
"SK","Slovak Republic",1997,25840
"SK","Slovak Republic",1998,23718
"SK","Slovak Republic",1999,21584
"SK","Slovak Republic",2000,19759
"SK","Slovak Republic",2001,17930
"SK","Slovak Republic",2002,16131
"SK","Slovak Republic",2003,10209
"SK","Slovak Republic",2004,4298
"SK","Slovak Republic",2005,15044
"SK","Slovak Republic",2006,0
"SK","Slovak Republic",2007,19886
"SK","Slovak Republic",2008,16138
"SK","Slovak Republic",2009,0
"SK","Slovak Republic",2010,22644
"SK","Slovak Republic",2011,19434
"SK","Slovak Republic",2012,12978
"SK","Slovak Republic",2013,12992
"SI","Slovenia",1990,599
"SI","Slovenia",1991,733
"SI","Slovenia",1992,865
"SI","Slovenia",1993,996
"SI","Slovenia",1994,1127
"SI","Slovenia",1995,1260
"SI","Slovenia",1996,1392
"SI","Slovenia",1997,894
"SI","Slovenia",1998,396
"SI","Slovenia",1999,397
"SI","Slovenia",2000,265
"SI","Slovenia",2001,133
"SI","Slovenia",2002,0
"SI","Slovenia",2003,0
"SI","Slovenia",2004,1398
"SI","Slovenia",2005,2000
"SI","Slovenia",2006,1204
"SI","Slovenia",2007,605
"SI","Slovenia",2008,202
"SI","Slovenia",2009,204
"SI","Slovenia",2010,205
"SI","Slovenia",2011,0
"SI","Slovenia",2012,617
"SI","Slovenia",2013,618
"SB","Solomon Islands",1990,124864
"SB","Solomon Islands",1991,120832
"SB","Solomon Islands",1992,116484
"SB","Solomon Islands",1993,111794
"SB","Solomon Islands",1994,109094
"SB","Solomon Islands",1995,106130
"SB","Solomon Islands",1996,102888
"SB","Solomon Islands",1997,111033
"SB","Solomon Islands",1998,119529
"SB","Solomon Islands",1999,128382
"SB","Solomon Islands",2000,157169
"SB","Solomon Islands",2001,187386
"SB","Solomon Islands",2002,219056
"SB","Solomon Islands",2003,217731
"SB","Solomon Islands",2004,216055
"SB","Solomon Islands",2005,214004
"SB","Solomon Islands",2006,208118
"SB","Solomon Islands",2007,138240
"SB","Solomon Islands",2008,194719
"SB","Solomon Islands",2009,202767
"SB","Solomon Islands",2010,210997
"SB","Solomon Islands",2011,186080
"SB","Solomon Islands",2012,184024
"SB","Solomon Islands",2013,185306
"ZA","South Africa",1990,9275200
"ZA","South Africa",1991,9820518
"ZA","South Africa",1992,10387148
"ZA","South Africa",1993,10976075
"ZA","South Africa",1994,11789957
"ZA","South Africa",1995,12637064
"ZA","South Africa",1996,13524084
"ZA","South Africa",1997,13827552
"ZA","South Africa",1998,14146730
"ZA","South Africa",1999,14482384
"ZA","South Africa",2000,14339600
"ZA","South Africa",2001,14568719
"ZA","South Africa",2002,14675190
"ZA","South Africa",2003,14236790
"ZA","South Africa",2004,13788665
"ZA","South Africa",2005,13330158
"ZA","South Africa",2006,12191276
"ZA","South Africa",2007,10285509
"ZA","South Africa",2008,8326132
"ZA","South Africa",2009,8523564
"ZA","South Africa",2010,8727677
"ZA","South Africa",2011,8536673
"ZA","South Africa",2012,8492205
"ZA","South Africa",2013,8521393
"SS","South Sudan",1990,2815406
"SS","South Sudan",1991,2762114
"SS","South Sudan",1992,2688908
"SS","South Sudan",1993,2614949
"SS","South Sudan",1994,2569146
"SS","South Sudan",1995,2564620
"SS","South Sudan",1996,2608391
"SS","South Sudan",1997,2692296
"SS","South Sudan",1998,2803652
"SS","South Sudan",1999,2922157
"SS","South Sudan",2000,3033490
"SS","South Sudan",2001,3133892
"SS","South Sudan",2002,3228194
"SS","South Sudan",2003,3324365
"SS","South Sudan",2004,3426991
"SS","South Sudan",2005,3541280
"SS","South Sudan",2006,3659786
"SS","South Sudan",2007,2535336
"SS","South Sudan",2008,3919179
"SS","South Sudan",2009,4110058
"SS","South Sudan",2010,4275008
"SS","South Sudan",2011,4835707
"SS","South Sudan",2012,8104798
"SS","South Sudan",2013,8076081
"LK","Sri Lanka",1990,1490909
"LK","Sri Lanka",1991,1521197
"LK","Sri Lanka",1992,1550874
"LK","Sri Lanka",1993,1579565
"LK","Sri Lanka",1994,1590586
"LK","Sri Lanka",1995,1599549
"LK","Sri Lanka",1996,1615227
"LK","Sri Lanka",1997,1600209
"LK","Sri Lanka",1998,1583936
"LK","Sri Lanka",1999,1567807
"LK","Sri Lanka",2000,1565155
"LK","Sri Lanka",2001,1563910
"LK","Sri Lanka",2002,1562468
"LK","Sri Lanka",2003,1382881
"LK","Sri Lanka",2004,1200406
"LK","Sri Lanka",2005,1015145
"LK","Sri Lanka",2006,732000
"LK","Sri Lanka",2007,644127
"LK","Sri Lanka",2008,554876
"LK","Sri Lanka",2009,481205
"LK","Sri Lanka",2010,480820
"LK","Sri Lanka",2011,476345
"LK","Sri Lanka",2012,392141
"LK","Sri Lanka",2013,366306
"SD","Sudan",1990,9268078
"SD","Sudan",1991,9256078
"SD","Sudan",1992,9256293
"SD","Sudan",1993,9238988
"SD","Sudan",1994,9497615
"SD","Sudan",1995,9709706
"SD","Sudan",1996,9868225
"SD","Sudan",1997,9670818
"SD","Sudan",1998,9429988
"SD","Sudan",1999,9167577
"SD","Sudan",2000,8870366
"SD","Sudan",2001,8563769
"SD","Sudan",2002,8241153
"SD","Sudan",2003,8003356
"SD","Sudan",2004,7745210
"SD","Sudan",2005,7463268
"SD","Sudan",2006,6755385
"SD","Sudan",2007,4310144
"SD","Sudan",2008,5208438
"SD","Sudan",2009,5266357
"SD","Sudan",2010,5265550
"SD","Sudan",2011,4426491
"SD","Sudan",2012,3590222
"SD","Sudan",2013,3570349
"SR","Suriname",1990,87412
"SR","Suriname",1991,95210
"SR","Suriname",1992,103168
"SR","Suriname",1993,111302
"SR","Suriname",1994,109628
"SR","Suriname",1995,107876
"SR","Suriname",1996,106064
"SR","Suriname",1997,107915
"SR","Suriname",1998,109677
"SR","Suriname",1999,111204
"SR","Suriname",2000,109243
"SR","Suriname",2001,106849
"SR","Suriname",2002,104111
"SR","Suriname",2003,102648
"SR","Suriname",2004,101239
"SR","Suriname",2005,100023
"SR","Suriname",2006,99240
"SR","Suriname",2007,66293
"SR","Suriname",2008,98139
"SR","Suriname",2009,97892
"SR","Suriname",2010,97566
"SR","Suriname",2011,93277
"SR","Suriname",2012,94185
"SR","Suriname",2013,95061
"SZ","Swaziland",1990,712441
"SZ","Swaziland",1991,732039
"SZ","Swaziland",1992,748451
"SZ","Swaziland",1993,762838
"SZ","Swaziland",1994,771053
"SZ","Swaziland",1995,714623
"SZ","Swaziland",1996,656567
"SZ","Swaziland",1997,620164
"SZ","Swaziland",1998,581315
"SZ","Swaziland",1999,538959
"SZ","Swaziland",2000,515264
"SZ","Swaziland",2001,516478
"SZ","Swaziland",2002,515882
"SZ","Swaziland",2003,509559
"SZ","Swaziland",2004,503633
"SZ","Swaziland",2005,498967
"SZ","Swaziland",2006,492122
"SZ","Swaziland",2007,328578
"SZ","Swaziland",2008,480998
"SZ","Swaziland",2009,493234
"SZ","Swaziland",2010,501480
"SZ","Swaziland",2011,512506
"SZ","Swaziland",2012,510414
"SZ","Swaziland",2013,513513
"TJ","Tajikistan",1990,126605
"TJ","Tajikistan",1991,401080
"TJ","Tajikistan",1992,685798
"TJ","Tajikistan",1993,979008
"TJ","Tajikistan",1994,1794041
"TJ","Tajikistan",1995,2631292
"TJ","Tajikistan",1996,3489196
"TJ","Tajikistan",1997,3431657
"TJ","Tajikistan",1998,3372103
"TJ","Tajikistan",1999,3313376
"TJ","Tajikistan",2000,2986056
"TJ","Tajikistan",2001,2652667
"TJ","Tajikistan",2002,2310831
"TJ","Tajikistan",2003,2014084
"TJ","Tajikistan",2004,1028661
"TJ","Tajikistan",2005,907874
"TJ","Tajikistan",2006,823176
"TJ","Tajikistan",2007,734749
"TJ","Tajikistan",2008,504158
"TJ","Tajikistan",2009,351469
"TJ","Tajikistan",2010,998509
"TJ","Tajikistan",2011,1543031
"TJ","Tajikistan",2012,1940698
"TJ","Tajikistan",2013,1830043
"TZ","Tanzania",1990,17466877
"TZ","Tanzania",1991,18525729
"TZ","Tanzania",1992,19573181
"TZ","Tanzania",1993,20664633
"TZ","Tanzania",1994,21857872
"TZ","Tanzania",1995,23057460
"TZ","Tanzania",1996,24255223
"TZ","Tanzania",1997,25336342
"TZ","Tanzania",1998,26432374
"TZ","Tanzania",1999,27568554
"TZ","Tanzania",2000,28804473
"TZ","Tanzania",2001,28303139
"TZ","Tanzania",2002,27773655
"TZ","Tanzania",2003,26522793
"TZ","Tanzania",2004,25199178
"TZ","Tanzania",2005,23794857
"TZ","Tanzania",2006,22876213
"TZ","Tanzania",2007,21894553
"TZ","Tanzania",2008,22150733
"TZ","Tanzania",2009,22380811
"TZ","Tanzania",2010,22605150
"TZ","Tanzania",2011,21959317
"TZ","Tanzania",2012,22629984
"TZ","Tanzania",2013,22013580
"TH","Thailand",1990,5301811
"TH","Thailand",1991,4583800
"TH","Thailand",1992,3841145
"TH","Thailand",1993,2853646
"TH","Thailand",1994,1890873
"TH","Thailand",1995,1620928
"TH","Thailand",1996,1347276
"TH","Thailand",1997,1135218
"TH","Thailand",1998,918765
"TH","Thailand",1999,1574139
"TH","Thailand",2000,1598680
"TH","Thailand",2001,1170010
"TH","Thailand",2002,731158
"TH","Thailand",2003,612523
"TH","Thailand",2004,490534
"TH","Thailand",2005,421529
"TH","Thailand",2006,456604
"TH","Thailand",2007,225602
"TH","Thailand",2008,99680
"TH","Thailand",2009,113132
"TH","Thailand",2010,93369
"TH","Thailand",2011,26761
"TH","Thailand",2012,40298
"TH","Thailand",2013,26981
"TL","Timor-Leste",1990,716248
"TL","Timor-Leste",1991,728960
"TL","Timor-Leste",1992,744060
"TL","Timor-Leste",1993,758033
"TL","Timor-Leste",1994,746116
"TL","Timor-Leste",1995,725204
"TL","Timor-Leste",1996,694645
"TL","Timor-Leste",1997,629670
"TL","Timor-Leste",1998,563404
"TL","Timor-Leste",1999,501189
"TL","Timor-Leste",2000,439731
"TL","Timor-Leste",2001,382878
"TL","Timor-Leste",2002,394623
"TL","Timor-Leste",2003,417686
"TL","Timor-Leste",2004,440694
"TL","Timor-Leste",2005,456504
"TL","Timor-Leste",2006,465057
"TL","Timor-Leste",2007,473770
"TL","Timor-Leste",2008,488931
"TL","Timor-Leste",2009,431770
"TL","Timor-Leste",2010,372497
"TL","Timor-Leste",2011,368049
"TL","Timor-Leste",2012,258745
"TL","Timor-Leste",2013,256783
"TG","Togo",1990,1874915
"TG","Togo",1991,2110305
"TG","Togo",1992,2353825
"TG","Togo",1993,2606381
"TG","Togo",1994,2518865
"TG","Togo",1995,2426620
"TG","Togo",1996,2329577
"TG","Togo",1997,2338855
"TG","Togo",1998,2348024
"TG","Togo",1999,2356741
"TG","Togo",2000,2527063
"TG","Togo",2001,2705363
"TG","Togo",2002,2892096
"TG","Togo",2003,2971298
"TG","Togo",2004,3053018
"TG","Togo",2005,3137190
"TG","Togo",2006,3184223
"TG","Togo",2007,3287440
"TG","Togo",2008,3393882
"TG","Togo",2009,3468139
"TG","Togo",2010,3543727
"TG","Togo",2011,3557556
"TG","Togo",2012,3570436
"TG","Togo",2013,3596005
"TO","Tonga",1990,4567
"TO","Tonga",1991,4241
"TO","Tonga",1992,3912
"TO","Tonga",1993,3582
"TO","Tonga",1994,3479
"TO","Tonga",1995,3378
"TO","Tonga",1996,3280
"TO","Tonga",1997,3137
"TO","Tonga",1998,2995
"TO","Tonga",1999,2854
"TO","Tonga",2000,2819
"TO","Tonga",2001,2786
"TO","Tonga",2002,2515
"TO","Tonga",2003,2251
"TO","Tonga",2004,1984
"TO","Tonga",2005,1715
"TO","Tonga",2006,1594
"TO","Tonga",2007,1025
"TO","Tonga",2008,1347
"TO","Tonga",2009,1127
"TO","Tonga",2010,1019
"TO","Tonga",2011,1023
"TO","Tonga",2012,1027
"TO","Tonga",2013,1030
"TT","Trinidad & Tobago",1990,41667
"TT","Trinidad & Tobago",1991,41940
"TT","Trinidad & Tobago",1992,42198
"TT","Trinidad & Tobago",1993,40194
"TT","Trinidad & Tobago",1994,44053
"TT","Trinidad & Tobago",1995,47899
"TT","Trinidad & Tobago",1996,51719
"TT","Trinidad & Tobago",1997,42401
"TT","Trinidad & Tobago",1998,33037
"TT","Trinidad & Tobago",1999,23651
"TT","Trinidad & Tobago",2000,21725
"TT","Trinidad & Tobago",2001,19807
"TT","Trinidad & Tobago",2002,17890
"TT","Trinidad & Tobago",2003,14082
"TT","Trinidad & Tobago",2004,10238
"TT","Trinidad & Tobago",2005,6355
"TT","Trinidad & Tobago",2006,6559
"TT","Trinidad & Tobago",2007,4451
"TT","Trinidad & Tobago",2008,6971
"TT","Trinidad & Tobago",2009,7533
"TT","Trinidad & Tobago",2010,8101
"TT","Trinidad & Tobago",2011,5740
"TT","Trinidad & Tobago",2012,3756
"TT","Trinidad & Tobago",2013,3640
"TN","Tunisia",1990,800762
"TN","Tunisia",1991,831820
"TN","Tunisia",1992,864272
"TN","Tunisia",1993,888080
"TN","Tunisia",1994,932163
"TN","Tunisia",1995,972785
"TN","Tunisia",1996,889842
"TN","Tunisia",1997,793403
"TN","Tunisia",1998,693464
"TN","Tunisia",1999,590994
"TN","Tunisia",2000,508193
"TN","Tunisia",2001,468537
"TN","Tunisia",2002,427977
"TN","Tunisia",2003,389328
"TN","Tunisia",2004,349952
"TN","Tunisia",2005,309896
"TN","Tunisia",2006,292696
"TN","Tunisia",2007,190187
"TN","Tunisia",2008,257190
"TN","Tunisia",2009,233847
"TN","Tunisia",2010,209887
"TN","Tunisia",2011,185724
"TN","Tunisia",2012,142263
"TN","Tunisia",2013,109954
"TR","Turkey",1990,1004300
"TR","Turkey",1991,1013996
"TR","Turkey",1992,1023204
"TR","Turkey",1993,1032076
"TR","Turkey",1994,1480545
"TR","Turkey",1995,1340161
"TR","Turkey",1996,1194975
"TR","Turkey",1997,1125343
"TR","Turkey",1998,1053087
"TR","Turkey",1999,978041
"TR","Turkey",2000,1022383
"TR","Turkey",2001,1067572
"TR","Turkey",2002,1113651
"TR","Turkey",2003,2470649
"TR","Turkey",2004,1419839
"TR","Turkey",2005,1764376
"TR","Turkey",2006,1291649
"TR","Turkey",2007,994072
"TR","Turkey",2008,436135
"TR","Turkey",2009,619973
"TR","Turkey",2010,564021
"TR","Turkey",2011,205848
"TR","Turkey",2012,194608
"TR","Turkey",2013,251538
"TM","Turkmenistan",1990,856478
"TM","Turkmenistan",1991,1603877
"TM","Turkmenistan",1992,2394530
"TM","Turkmenistan",1993,3227465
"TM","Turkmenistan",1994,2723106
"TM","Turkmenistan",1995,2183210
"TM","Turkmenistan",1996,1611907
"TM","Turkmenistan",1997,1735047
"TM","Turkmenistan",1998,1857451
"TM","Turkmenistan",1999,1542616
"TM","Turkmenistan",2000,1510676
"TM","Turkmenistan",2001,1477047
"TM","Turkmenistan",2002,1441694
"TM","Turkmenistan",2003,1329183
"TM","Turkmenistan",2004,1214299
"TM","Turkmenistan",2005,1097226
"TM","Turkmenistan",2006,919345
"TM","Turkmenistan",2007,555944
"TM","Turkmenistan",2008,551748
"TM","Turkmenistan",2009,470263
"TM","Turkmenistan",2010,386721
"TM","Turkmenistan",2011,245120
"TM","Turkmenistan",2012,163982
"TM","Turkmenistan",2013,107946
"TV","Tuvalu",1990,863
"TV","Tuvalu",1991,776
"TV","Tuvalu",1992,689
"TV","Tuvalu",1993,600
"TV","Tuvalu",1994,620
"TV","Tuvalu",1995,639
"TV","Tuvalu",1996,659
"TV","Tuvalu",1997,543
"TV","Tuvalu",1998,427
"TV","Tuvalu",1999,309
"TV","Tuvalu",2000,281
"TV","Tuvalu",2001,253
"TV","Tuvalu",2002,224
"TV","Tuvalu",2003,261
"TV","Tuvalu",2004,299
"TV","Tuvalu",2005,337
"TV","Tuvalu",2006,295
"TV","Tuvalu",2007,183
"TV","Tuvalu",2008,208
"TV","Tuvalu",2009,235
"TV","Tuvalu",2010,261
"TV","Tuvalu",2011,210
"TV","Tuvalu",2012,210
"TV","Tuvalu",2013,178
"UG","Uganda",1990,13667591
"UG","Uganda",1991,13186205
"UG","Uganda",1992,12649067
"UG","Uganda",1993,12768486
"UG","Uganda",1994,12716548
"UG","Uganda",1995,12641070
"UG","Uganda",1996,12540715
"UG","Uganda",1997,13247618
"UG","Uganda",1998,13985823
"UG","Uganda",1999,14764500
"UG","Uganda",2000,15082139
"UG","Uganda",2001,15419221
"UG","Uganda",2002,15773839
"UG","Uganda",2003,15520914
"UG","Uganda",2004,15235774
"UG","Uganda",2005,14912955
"UG","Uganda",2006,14527530
"UG","Uganda",2007,9707397
"UG","Uganda",2008,13621536
"UG","Uganda",2009,13295030
"UG","Uganda",2010,13379105
"UG","Uganda",2011,12672901
"UG","Uganda",2012,12262775
"UG","Uganda",2013,12669021
"UA","Ukraine",1990,617515
"UA","Ukraine",1991,1084210
"UA","Ukraine",1992,1554078
"UA","Ukraine",1993,688766
"UA","Ukraine",1994,1739355
"UA","Ukraine",1995,2771362
"UA","Ukraine",1996,2741771
"UA","Ukraine",1997,3204293
"UA","Ukraine",1998,3658836
"UA","Ukraine",1999,4103019
"UA","Ukraine",2000,2981696
"UA","Ukraine",2001,1882443
"UA","Ukraine",2002,804982
"UA","Ukraine",2003,301222
"UA","Ukraine",2004,265729
"UA","Ukraine",2005,122473
"UA","Ukraine",2006,60824
"UA","Ukraine",2007,37207
"UA","Ukraine",2008,4626
"UA","Ukraine",2009,32237
"UA","Ukraine",2010,0
"UA","Ukraine",2011,0
"UA","Ukraine",2012,0
"UA","Ukraine",2013,0
"UY","Uruguay",1990,23325
"UY","Uruguay",1991,18792
"UY","Uruguay",1992,14197
"UY","Uruguay",1993,20340
"UY","Uruguay",1994,21131
"UY","Uruguay",1995,21929
"UY","Uruguay",1996,26309
"UY","Uruguay",1997,22243
"UY","Uruguay",1998,29629
"UY","Uruguay",1999,19525
"UY","Uruguay",2000,18931
"UY","Uruguay",2001,24953
"UY","Uruguay",2002,35940
"UY","Uruguay",2003,43566
"UY","Uruguay",2004,49529
"UY","Uruguay",2005,51214
"UY","Uruguay",2006,29646
"UY","Uruguay",2007,20372
"UY","Uruguay",2008,11058
"UY","Uruguay",2009,11433
"UY","Uruguay",2010,7761
"UY","Uruguay",2011,10834
"UY","Uruguay",2012,13587
"UY","Uruguay",2013,11587
"UZ","Uzbekistan",1990,0
"UZ","Uzbekistan",1991,3018485
"UZ","Uzbekistan",1992,6180172
"UZ","Uzbekistan",1993,9483332
"UZ","Uzbekistan",1994,10074871
"UZ","Uzbekistan",1995,10669456
"UZ","Uzbekistan",1996,11294318
"UZ","Uzbekistan",1997,11135324
"UZ","Uzbekistan",1998,10935990
"UZ","Uzbekistan",1999,13750669
"UZ","Uzbekistan",2000,16779527
"UZ","Uzbekistan",2001,16681245
"UZ","Uzbekistan",2002,16570752
"UZ","Uzbekistan",2003,17076633
"UZ","Uzbekistan",2004,16290661
"UZ","Uzbekistan",2005,15485631
"UZ","Uzbekistan",2006,14321314
"UZ","Uzbekistan",2007,9226471
"UZ","Uzbekistan",2008,11969548
"UZ","Uzbekistan",2009,10961181
"UZ","Uzbekistan",2010,10028259
"UZ","Uzbekistan",2011,9162695
"UZ","Uzbekistan",2012,8000408
"UZ","Uzbekistan",2013,7007349
"VU","Vanuatu",1990,21438
"VU","Vanuatu",1991,22044
"VU","Vanuatu",1992,22696
"VU","Vanuatu",1993,23365
"VU","Vanuatu",1994,24007
"VU","Vanuatu",1995,24596
"VU","Vanuatu",1996,25117
"VU","Vanuatu",1997,25626
"VU","Vanuatu",1998,26118
"VU","Vanuatu",1999,26640
"VU","Vanuatu",2000,27185
"VU","Vanuatu",2001,27806
"VU","Vanuatu",2002,28492
"VU","Vanuatu",2003,29248
"VU","Vanuatu",2004,30030
"VU","Vanuatu",2005,30820
"VU","Vanuatu",2006,32195
"VU","Vanuatu",2007,22201
"VU","Vanuatu",2008,35062
"VU","Vanuatu",2009,35679
"VU","Vanuatu",2010,36296
"VU","Vanuatu",2011,36354
"VU","Vanuatu",2012,36432
"VU","Vanuatu",2013,36228
"VE","Venezuela",1990,1352599
"VE","Venezuela",1991,1130473
"VE","Venezuela",1992,896457
"VE","Venezuela",1993,1088716
"VE","Venezuela",1994,1486114
"VE","Venezuela",1995,1899350
"VE","Venezuela",1996,2326074
"VE","Venezuela",1997,2508374
"VE","Venezuela",1998,2695920
"VE","Venezuela",1999,2440773
"VE","Venezuela",2000,2417546
"VE","Venezuela",2001,2391767
"VE","Venezuela",2002,4071483
"VE","Venezuela",2003,5179268
"VE","Venezuela",2004,4594509
"VE","Venezuela",2005,4553426
"VE","Venezuela",2006,2515241
"VE","Venezuela",2007,2414265
"VE","Venezuela",2008,2308382
"VE","Venezuela",2009,2408919
"VE","Venezuela",2010,2511032
"VE","Venezuela",2011,2507234
"VE","Venezuela",2012,2457004
"VE","Venezuela",2013,2437222
"VN","Viet Nam",1990,39293140
"VN","Viet Nam",1991,36556331
"VN","Viet Nam",1992,33684294
"VN","Viet Nam",1993,33923836
"VN","Viet Nam",1994,32305415
"VN","Viet Nam",1995,30610087
"VN","Viet Nam",1996,28838371
"VN","Viet Nam",1997,27571575
"VN","Viet Nam",1998,26251247
"VN","Viet Nam",1999,27092253
"VN","Viet Nam",2000,28340454
"VN","Viet Nam",2001,29595377
"VN","Viet Nam",2002,30844720
"VN","Viet Nam",2003,26514008
"VN","Viet Nam",2004,22085552
"VN","Viet Nam",2005,20095433
"VN","Viet Nam",2006,18336795
"VN","Viet Nam",2007,16077312
"VN","Viet Nam",2008,13763694
"VN","Viet Nam",2009,9011119
"VN","Viet Nam",2010,4155374
"VN","Viet Nam",2011,3505626
"VN","Viet Nam",2012,2868537
"VN","Viet Nam",2013,2854352
"ZM","Zambia",1990,4348438
"ZM","Zambia",1991,4519326
"ZM","Zambia",1992,4656875
"ZM","Zambia",1993,4796281
"ZM","Zambia",1994,4533464
"ZM","Zambia",1995,4256622
"ZM","Zambia",1996,3965329
"ZM","Zambia",1997,4094425
"ZM","Zambia",1998,4228501
"ZM","Zambia",1999,4539189
"ZM","Zambia",2000,4851559
"ZM","Zambia",2001,5173932
"ZM","Zambia",2002,5507605
"ZM","Zambia",2003,6063210
"ZM","Zambia",2004,6647262
"ZM","Zambia",2005,6923860
"ZM","Zambia",2006,7485860
"ZM","Zambia",2007,7841292
"ZM","Zambia",2008,8216284
"ZM","Zambia",2009,8582212
"ZM","Zambia",2010,8965614
"ZM","Zambia",2011,9056502
"ZM","Zambia",2012,9142543
"ZM","Zambia",2013,9223882
"ZW","Zimbabwe",1990,455039
"ZW","Zimbabwe",1991,563983
"ZW","Zimbabwe",1992,676611
"ZW","Zimbabwe",1993,792458
"ZW","Zimbabwe",1994,911258
"ZW","Zimbabwe",1995,9845379
"ZW","Zimbabwe",1996,422845
"ZW","Zimbabwe",1997,424105
"ZW","Zimbabwe",1998,424676
"ZW","Zimbabwe",1999,424429
"ZW","Zimbabwe",2000,572916
"ZW","Zimbabwe",2001,723049
"ZW","Zimbabwe",2002,874440
"ZW","Zimbabwe",2003,1361300
"ZW","Zimbabwe",2004,1855970
"ZW","Zimbabwe",2005,2361866
"ZW","Zimbabwe",2006,2980480
"ZW","Zimbabwe",2007,2212754
"ZW","Zimbabwe",2008,4282110
"ZW","Zimbabwe",2009,3926263
"ZW","Zimbabwe",2010,3563344
"ZW","Zimbabwe",2011,3050697
"ZW","Zimbabwe",2012,2666940
"ZW","Zimbabwe",2013,2602697
