"id","entity-name","year","value"
"AF","Afghanistan",2000,
"AF","Afghanistan",2001,2461666315
"AF","Afghanistan",2002,4119883741
"AF","Afghanistan",2003,4576560551
"AF","Afghanistan",2004,5293545039
"AF","Afghanistan",2005,6286220881
"AF","Afghanistan",2006,7100901458
"AF","Afghanistan",2007,9873631084
"AF","Afghanistan",2008,10233534943
"AF","Afghanistan",2009,12540859398
"AF","Afghanistan",2010,15998784780
"AF","Afghanistan",2011,17952884836
"AF","Afghanistan",2012,20607648889
"AF","Afghanistan",2013,20450662721
"AL","Albania",2000,3790484795
"AL","Albania",2001,4236568354
"AL","Albania",2002,4576968783
"AL","Albania",2003,5819787878
"AL","Albania",2004,7646346950
"AL","Albania",2005,8540853032
"AL","Albania",2006,9346566990
"AL","Albania",2007,10998087979
"AL","Albania",2008,12945743826
"AL","Albania",2009,11853142988
"AL","Albania",2010,11807461101
"AL","Albania",2011,12856325883
"AL","Albania",2012,12252547960
"AL","Albania",2013,12951119868
"DZ","Algeria",2000,52080059008
"DZ","Algeria",2001,53149299937
"DZ","Algeria",2002,54568215448
"DZ","Algeria",2003,65409183017
"DZ","Algeria",2004,81810769009
"DZ","Algeria",2005,98611507229
"DZ","Algeria",2006,1.12604e+11
"DZ","Algeria",2007,1.33195e+11
"DZ","Algeria",2008,1.69706e+11
"DZ","Algeria",2009,1.35998e+11
"DZ","Algeria",2010,1.60996e+11
"DZ","Algeria",2011,1.97183e+11
"DZ","Algeria",2012,2.02016e+11
"DZ","Algeria",2013,2.06268e+11
"AS","American Samoa",2000,
"AS","American Samoa",2001,
"AS","American Samoa",2002,
"AS","American Samoa",2003,
"AS","American Samoa",2004,
"AS","American Samoa",2005,
"AS","American Samoa",2006,
"AS","American Samoa",2007,
"AS","American Samoa",2008,
"AS","American Samoa",2009,
"AS","American Samoa",2010,
"AS","American Samoa",2011,
"AS","American Samoa",2012,
"AS","American Samoa",2013,
"AD","Andorra",2000,1133644295
"AD","Andorra",2001,1264760246
"AD","Andorra",2002,1456198796
"AD","Andorra",2003,1917948475
"AD","Andorra",2004,2322163502
"AD","Andorra",2005,2539759286
"AD","Andorra",2006,2823503853
"AD","Andorra",2007,3245411584
"AD","Andorra",2008,3712034267
"AD","Andorra",2009,
"AD","Andorra",2010,
"AD","Andorra",2011,
"AD","Andorra",2012,
"AD","Andorra",2013,
"AO","Angola",2000,7448754814
"AO","Angola",2001,7375079251
"AO","Angola",2002,10862689909
"AO","Angola",2003,12462468269
"AO","Angola",2004,17157238824
"AO","Angola",2005,24229563986
"AO","Angola",2006,35421665933
"AO","Angola",2007,52627949409
"AO","Angola",2008,70250478051
"AO","Angola",2009,68298969051
"AO","Angola",2010,73946343871
"AO","Angola",2011,93056297057
"AO","Angola",2012,1.03175e+11
"AO","Angola",2013,1.12289e+11
"AG","Antigua & Barbuda",2000,739318949.9
"AG","Antigua & Barbuda",2001,748976986.8
"AG","Antigua & Barbuda",2002,761082579.2
"AG","Antigua & Barbuda",2003,801300059.9
"AG","Antigua & Barbuda",2004,853270799.7
"AG","Antigua & Barbuda",2005,955333835
"AG","Antigua & Barbuda",2006,1088400277
"AG","Antigua & Barbuda",2007,1236586904
"AG","Antigua & Barbuda",2008,1286265778
"AG","Antigua & Barbuda",2009,1155590074
"AG","Antigua & Barbuda",2010,1104049630
"AG","Antigua & Barbuda",2011,1090447370
"AG","Antigua & Barbuda",2012,1153623222
"AG","Antigua & Barbuda",2013,1169673926
"AR","Argentina",2000,3.36725e+11
"AR","Argentina",2001,3.17762e+11
"AR","Argentina",2002,1.16242e+11
"AR","Argentina",2003,1.49031e+11
"AR","Argentina",2004,1.74015e+11
"AR","Argentina",2005,2.15601e+11
"AR","Argentina",2006,2.58348e+11
"AR","Argentina",2007,3.23856e+11
"AR","Argentina",2008,3.98486e+11
"AR","Argentina",2009,3.69578e+11
"AR","Argentina",2010,4.51418e+11
"AR","Argentina",2011,5.45311e+11
"AR","Argentina",2012,5.90709e+11
"AR","Argentina",2013,5.99313e+11
"AM","Armenia",2000,1964463665
"AM","Armenia",2001,2182923205
"AM","Armenia",2002,2464539523
"AM","Armenia",2003,2901554574
"AM","Armenia",2004,3684033821
"AM","Armenia",2005,5106441713
"AM","Armenia",2006,6686484949
"AM","Armenia",2007,9703722479
"AM","Armenia",2008,12353321039
"AM","Armenia",2009,9006718256
"AM","Armenia",2010,9718568973
"AM","Armenia",2011,10502419016
"AM","Armenia",2012,10381318681
"AM","Armenia",2013,10972966454
"AW","Aruba",2000,
"AW","Aruba",2001,
"AW","Aruba",2002,
"AW","Aruba",2003,
"AW","Aruba",2004,
"AW","Aruba",2005,
"AW","Aruba",2006,
"AW","Aruba",2007,
"AW","Aruba",2008,
"AW","Aruba",2009,
"AW","Aruba",2010,
"AW","Aruba",2011,
"AW","Aruba",2012,
"AW","Aruba",2013,
"AU","Australia",2000,4.02997e+11
"AU","Australia",2001,3.67867e+11
"AU","Australia",2002,3.83523e+11
"AU","Australia",2003,4.53301e+11
"AU","Australia",2004,5.95383e+11
"AU","Australia",2005,6.67562e+11
"AU","Australia",2006,7.18145e+11
"AU","Australia",2007,8.15373e+11
"AU","Australia",2008,1.01194e+12
"AU","Australia",2009,8.9393e+11
"AU","Australia",2010,1.0969e+12
"AU","Australia",2011,1.33223e+12
"AU","Australia",2012,1.48768e+12
"AU","Australia",2013,1.52104e+12
"AT","Austria",2000,1.94424e+11
"AT","Austria",2001,1.94349e+11
"AT","Austria",2002,2.11938e+11
"AT","Austria",2003,2.60222e+11
"AT","Austria",2004,2.99422e+11
"AT","Austria",2005,3.13652e+11
"AT","Austria",2006,3.352e+11
"AT","Austria",2007,3.85678e+11
"AT","Austria",2008,4.30745e+11
"AT","Austria",2009,3.9747e+11
"AT","Austria",2010,3.93109e+11
"AT","Austria",2011,4.30995e+11
"AT","Austria",2012,4.11353e+11
"AT","Austria",2013,4.27916e+11
"AZ","Azerbaijan",2000,4987423599
"AZ","Azerbaijan",2001,5371534924
"AZ","Azerbaijan",2002,5851316264
"AZ","Azerbaijan",2003,6833797400
"AZ","Azerbaijan",2004,7979987901
"AZ","Azerbaijan",2005,11598940366
"AZ","Azerbaijan",2006,18301691720
"AZ","Azerbaijan",2007,27970800839
"AZ","Azerbaijan",2008,43586308423
"AZ","Azerbaijan",2009,40772406444
"AZ","Azerbaijan",2010,49435841286
"AZ","Azerbaijan",2011,61091863999
"AZ","Azerbaijan",2012,63180918152
"AZ","Azerbaijan",2013,69440407903
"BS","Bahamas",2000,6216952300
"BS","Bahamas",2001,6388750700
"BS","Bahamas",2002,6823495700
"BS","Bahamas",2003,6853117300
"BS","Bahamas",2004,7016413000
"BS","Bahamas",2005,7576221900
"BS","Bahamas",2006,7840488000
"BS","Bahamas",2007,8172315000
"BS","Bahamas",2008,8187306400
"BS","Bahamas",2009,7680100000
"BS","Bahamas",2010,7702500000
"BS","Bahamas",2011,7742880000
"BS","Bahamas",2012,8000670000
"BS","Bahamas",2013,8217510000
"BH","Bahrain",2000,8839471741
"BH","Bahrain",2001,8654895318
"BH","Bahrain",2002,9107397151
"BH","Bahrain",2003,10582018378
"BH","Bahrain",2004,12575501221
"BH","Bahrain",2005,15555842445
"BH","Bahrain",2006,18119630841
"BH","Bahrain",2007,21431899785
"BH","Bahrain",2008,24787471143
"BH","Bahrain",2009,20538702539
"BH","Bahrain",2010,23340381281
"BH","Bahrain",2011,25279710422
"BH","Bahrain",2012,26919515101
"BH","Bahrain",2013,
"BD","Bangladesh",2000,48856907176
"BD","Bangladesh",2001,48626334322
"BD","Bangladesh",2002,49755093157
"BD","Bangladesh",2003,54777754750
"BD","Bangladesh",2004,59542381519
"BD","Bangladesh",2005,63355284553
"BD","Bangladesh",2006,75870235259
"BD","Bangladesh",2007,84719837822
"BD","Bangladesh",2008,98684113103
"BD","Bangladesh",2009,1.10603e+11
"BD","Bangladesh",2010,1.24617e+11
"BD","Bangladesh",2011,1.38823e+11
"BD","Bangladesh",2012,1.44642e+11
"BD","Bangladesh",2013,1.62054e+11
"BB","Barbados",2000,3024350000
"BB","Barbados",2001,3002750000
"BB","Barbados",2002,3049650000
"BB","Barbados",2003,3137250000
"BB","Barbados",2004,3392850000
"BB","Barbados",2005,3716500000
"BB","Barbados",2006,4057700000
"BB","Barbados",2007,4325500000
"BB","Barbados",2008,4295600000
"BB","Barbados",2009,4402600000
"BB","Barbados",2010,4321850000
"BB","Barbados",2011,4241900000
"BB","Barbados",2012,4093850000
"BB","Barbados",2013,
"BY","Belarus",2000,12690156485
"BY","Belarus",2001,12304020144
"BY","Belarus",2002,14566325393
"BY","Belarus",2003,17850536035
"BY","Belarus",2004,23167087718
"BY","Belarus",2005,30265574653
"BY","Belarus",2006,36847163308
"BY","Belarus",2007,44864730113
"BY","Belarus",2008,59975468165
"BY","Belarus",2009,48094963741
"BY","Belarus",2010,54058304320
"BY","Belarus",2011,59052091337
"BY","Belarus",2012,62145066589
"BY","Belarus",2013,69000616832
"BE","Belgium",2000,2.43417e+11
"BE","Belgium",2001,2.41711e+11
"BE","Belgium",2002,2.62655e+11
"BE","Belgium",2003,3.24257e+11
"BE","Belgium",2004,3.75067e+11
"BE","Belgium",2005,3.90447e+11
"BE","Belgium",2006,4.14727e+11
"BE","Belgium",2007,4.77807e+11
"BE","Belgium",2008,5.29223e+11
"BE","Belgium",2009,4.83232e+11
"BE","Belgium",2010,4.93427e+11
"BE","Belgium",2011,5.33906e+11
"BE","Belgium",2012,5.07644e+11
"BE","Belgium",2013,5.19519e+11
"BZ","Belize",2000,898450000
"BZ","Belize",2001,955340755.4
"BZ","Belize",2002,1009476403
"BZ","Belize",2003,1084600000
"BZ","Belize",2004,1183280370
"BZ","Belize",2005,999776450
"BZ","Belize",2006,1092159600
"BZ","Belize",2007,1131589750
"BZ","Belize",2008,1203447850
"BZ","Belize",2009,1246312500
"BZ","Belize",2010,1258614200
"BZ","Belize",2011,1388951750
"BZ","Belize",2012,1453704250
"BZ","Belize",2013,1506304550
"BJ","Benin",2000,2346762340
"BJ","Benin",2001,2485900380
"BJ","Benin",2002,2781688511
"BJ","Benin",2003,3519204946
"BJ","Benin",2004,4013958060
"BJ","Benin",2005,4340195011
"BJ","Benin",2006,4675668269
"BJ","Benin",2007,5502908868
"BJ","Benin",2008,6622075027
"BJ","Benin",2009,6551479915
"BJ","Benin",2010,6508305170
"BJ","Benin",2011,7274277380
"BJ","Benin",2012,7495072957
"BJ","Benin",2013,8247341955
"BM","Bermuda",2000,
"BM","Bermuda",2001,
"BM","Bermuda",2002,
"BM","Bermuda",2003,
"BM","Bermuda",2004,
"BM","Bermuda",2005,
"BM","Bermuda",2006,
"BM","Bermuda",2007,7815302000
"BM","Bermuda",2008,7840342000
"BM","Bermuda",2009,7344826000
"BM","Bermuda",2010,7201484000
"BM","Bermuda",2011,6727777000
"BM","Bermuda",2012,6852915000
"BM","Bermuda",2013,
"BT","Bhutan",2000,438662463.3
"BT","Bhutan",2001,476123551.6
"BT","Bhutan",2002,529007247.5
"BT","Bhutan",2003,608230914.6
"BT","Bhutan",2004,686705538.4
"BT","Bhutan",2005,807300290.2
"BT","Bhutan",2006,894116660.8
"BT","Bhutan",2007,1180134757
"BT","Bhutan",2008,1225672259
"BT","Bhutan",2009,1214185224
"BT","Bhutan",2010,1497419524
"BT","Bhutan",2011,1706302697
"BT","Bhutan",2012,1681581370
"BT","Bhutan",2013,1665335559
"BO","Bolivia ",2000,8172390124
"BO","Bolivia ",2001,7930341399
"BO","Bolivia ",2002,7700726216
"BO","Bolivia ",2003,7780628097
"BO","Bolivia ",2004,8388713025
"BO","Bolivia ",2005,9172840035
"BO","Bolivia ",2006,11054601639
"BO","Bolivia ",2007,12630742722
"BO","Bolivia ",2008,16137947287
"BO","Bolivia ",2009,16666184072
"BO","Bolivia ",2010,18785528336
"BO","Bolivia ",2011,22787797247
"BO","Bolivia ",2012,25405832190
"BO","Bolivia ",2013,28693342981
"BA","Bosnia & Herzegovina",2000,6095878851
"BA","Bosnia & Herzegovina",2001,6287487296
"BA","Bosnia & Herzegovina",2002,7159975842
"BA","Bosnia & Herzegovina",2003,8902936584
"BA","Bosnia & Herzegovina",2004,10529312190
"BA","Bosnia & Herzegovina",2005,11371764481
"BA","Bosnia & Herzegovina",2006,12942067860
"BA","Bosnia & Herzegovina",2007,15909634010
"BA","Bosnia & Herzegovina",2008,19418168664
"BA","Bosnia & Herzegovina",2009,17943373109
"BA","Bosnia & Herzegovina",2010,17126865579
"BA","Bosnia & Herzegovina",2011,18466986708
"BA","Bosnia & Herzegovina",2012,17060674024
"BA","Bosnia & Herzegovina",2013,18077732469
"BW","Botswana",2000,5436144345
"BW","Botswana",2001,5352516581
"BW","Botswana",2002,4740667647
"BW","Botswana",2003,6795825829
"BW","Botswana",2004,7997900588
"BW","Botswana",2005,9095641016
"BW","Botswana",2006,9354021770
"BW","Botswana",2007,10200899245
"BW","Botswana",2008,10481085277
"BW","Botswana",2009,9868804222
"BW","Botswana",2010,13197274125
"BW","Botswana",2011,15252660254
"BW","Botswana",2012,14560463902
"BW","Botswana",2013,14678528036
"BR","Brazil",2000,6.26889e+11
"BR","Brazil",2001,5.34237e+11
"BR","Brazil",2002,4.865e+11
"BR","Brazil",2003,5.34549e+11
"BR","Brazil",2004,6.43767e+11
"BR","Brazil",2005,8.56883e+11
"BR","Brazil",2006,1.06199e+12
"BR","Brazil",2007,1.33867e+12
"BR","Brazil",2008,1.61437e+12
"BR","Brazil",2009,1.58814e+12
"BR","Brazil",2010,2.1044e+12
"BR","Brazil",2011,2.42999e+12
"BR","Brazil",2012,2.21355e+12
"BR","Brazil",2013,2.20322e+12
"BN","Brunei",2000,6001153318
"BN","Brunei",2001,5601090584
"BN","Brunei",2002,5843329102
"BN","Brunei",2003,6557333067
"BN","Brunei",2004,7872333197
"BN","Brunei",2005,9531402830
"BN","Brunei",2006,11470703002
"BN","Brunei",2007,12310094247
"BN","Brunei",2008,14447599069
"BN","Brunei",2009,10784466286
"BN","Brunei",2010,
"BN","Brunei",2011,
"BN","Brunei",2012,
"BN","Brunei",2013,
"BG","Bulgaria",2000,13030130533
"BG","Bulgaria",2001,14328710793
"BG","Bulgaria",2002,16686811507
"BG","Bulgaria",2003,21445164368
"BG","Bulgaria",2004,26225260999
"BG","Bulgaria",2005,29384093006
"BG","Bulgaria",2006,32798571154
"BG","Bulgaria",2007,40398952068
"BG","Bulgaria",2008,50748304390
"BG","Bulgaria",2009,48495364399
"BG","Bulgaria",2010,47167592121
"BG","Bulgaria",2011,53246995805
"BG","Bulgaria",2012,50876990014
"BG","Bulgaria",2013,52675796010
"BF","Burkina Faso",2000,2605973018
"BF","Burkina Faso",2001,2788422486
"BF","Burkina Faso",2002,3186797120
"BF","Burkina Faso",2003,4180054522
"BF","Burkina Faso",2004,4807847879
"BF","Burkina Faso",2005,5442137191
"BF","Burkina Faso",2006,5842308002
"BF","Burkina Faso",2007,6753604123
"BF","Burkina Faso",2008,8347655013
"BF","Burkina Faso",2009,8342688205
"BF","Burkina Faso",2010,9202852243
"BF","Burkina Faso",2011,10391737942
"BF","Burkina Faso",2012,10720553221
"BF","Burkina Faso",2013,11029532022
"BI","Burundi",2000,884786065.9
"BI","Burundi",2001,864477157.8
"BI","Burundi",2002,811709072.5
"BI","Burundi",2003,766758030.8
"BI","Burundi",2004,887956197.1
"BI","Burundi",2005,1099554387
"BI","Burundi",2006,1264380655
"BI","Burundi",2007,1350178300
"BI","Burundi",2008,1607334286
"BI","Burundi",2009,1722781536
"BI","Burundi",2010,2014764414
"BI","Burundi",2011,2338152064
"BI","Burundi",2012,2463262492
"BI","Burundi",2013,2713086676
"KH","Cambodia",2000,3533900965
"KH","Cambodia",2001,3842634360
"KH","Cambodia",2002,4096441960
"KH","Cambodia",2003,4481379859
"KH","Cambodia",2004,5123749225
"KH","Cambodia",2005,6005719073
"KH","Cambodia",2006,6955824519
"KH","Cambodia",2007,8275264917
"KH","Cambodia",2008,9916229066
"KH","Cambodia",2009,9931331746
"KH","Cambodia",2010,10698066763
"KH","Cambodia",2011,12260841141
"KH","Cambodia",2012,13409081701
"KH","Cambodia",2013,14486362903
"CM","Cameroon",2000,8693917983
"CM","Cameroon",2001,8937271171
"CM","Cameroon",2002,10206949919
"CM","Cameroon",2003,13096222013
"CM","Cameroon",2004,15372668764
"CM","Cameroon",2005,16099188628
"CM","Cameroon",2006,17701031894
"CM","Cameroon",2007,19931427640
"CM","Cameroon",2008,22909661925
"CM","Cameroon",2009,23267453399
"CM","Cameroon",2010,23358488246
"CM","Cameroon",2011,26284141655
"CM","Cameroon",2012,26026643605
"CM","Cameroon",2013,28948121610
"CA","Canada",2000,7.19914e+11
"CA","Canada",2001,7.11908e+11
"CA","Canada",2002,7.33284e+11
"CA","Canada",2003,8.65726e+11
"CA","Canada",2004,9.96259e+11
"CA","Canada",2005,1.14023e+12
"CA","Canada",2006,1.28984e+12
"CA","Canada",2007,1.43635e+12
"CA","Canada",2008,1.51908e+12
"CA","Canada",2009,1.34665e+12
"CA","Canada",2010,1.58276e+12
"CA","Canada",2011,1.74589e+12
"CA","Canada",2012,1.78881e+12
"CA","Canada",2013,1.79985e+12
"CV","Cape Verde",2000,525174110.6
"CV","Cape Verde",2001,556963791.2
"CV","Cape Verde",2002,606246149.1
"CV","Cape Verde",2003,799436988.1
"CV","Cape Verde",2004,906125354.3
"CV","Cape Verde",2005,938319881.2
"CV","Cape Verde",2006,1062929390
"CV","Cape Verde",2007,1482535173
"CV","Cape Verde",2008,1742236224
"CV","Cape Verde",2009,1668452923
"CV","Cape Verde",2010,1591146991
"CV","Cape Verde",2011,1791730717
"CV","Cape Verde",2012,1686986126
"CV","Cape Verde",2013,1817524693
"CF","CAR",2000,901436116.3
"CF","CAR",2001,924010104.2
"CF","CAR",2002,982309380.1
"CF","CAR",2003,1136966990
"CF","CAR",2004,1256265498
"CF","CAR",2005,1340079424
"CF","CAR",2006,1462249394
"CF","CAR",2007,1687431517
"CF","CAR",2008,1962487694
"CF","CAR",2009,1960609518
"CF","CAR",2010,1981474658
"CF","CAR",2011,2190437010
"CF","CAR",2012,2168631052
"CF","CAR",2013,1537086455
"KY","Cayman Islands",2000,
"KY","Cayman Islands",2001,
"KY","Cayman Islands",2002,
"KY","Cayman Islands",2003,
"KY","Cayman Islands",2004,
"KY","Cayman Islands",2005,
"KY","Cayman Islands",2006,
"KY","Cayman Islands",2007,
"KY","Cayman Islands",2008,
"KY","Cayman Islands",2009,
"KY","Cayman Islands",2010,
"KY","Cayman Islands",2011,
"KY","Cayman Islands",2012,
"KY","Cayman Islands",2013,
"TD","Chad",2000,1283434521
"TD","Chad",2001,1367402906
"TD","Chad",2002,713059829.5
"TD","Chad",2003,1859143357
"TD","Chad",2004,3521569230
"TD","Chad",2005,5709652789
"TD","Chad",2006,7631179217
"TD","Chad",2007,8480509777
"TD","Chad",2008,10085790582
"TD","Chad",2009,8867908890
"TD","Chad",2010,10302235238
"TD","Chad",2011,11842260474
"TD","Chad",2012,12228489373
"TD","Chad",2013,12926055799
"CL","Chile",2000,76450892762
"CL","Chile",2001,69835951754
"CL","Chile",2002,68132248923
"CL","Chile",2003,73378398708
"CL","Chile",2004,92792713003
"CL","Chile",2005,1.13944e+11
"CL","Chile",2006,1.36258e+11
"CL","Chile",2007,1.5434e+11
"CL","Chile",2008,1.66929e+11
"CL","Chile",2009,1.61172e+11
"CL","Chile",2010,2.02874e+11
"CL","Chile",2011,2.37241e+11
"CL","Chile",2012,2.54758e+11
"CL","Chile",2013,2.66076e+11
"CN","China",2000,1.18381e+12
"CN","China",2001,1.30563e+12
"CN","China",2002,1.43888e+12
"CN","China",2003,1.63074e+12
"CN","China",2004,1.92651e+12
"CN","China",2005,2.24079e+12
"CN","China",2006,2.70781e+12
"CN","China",2007,3.5021e+12
"CN","China",2008,4.55041e+12
"CN","China",2009,4.9817e+12
"CN","China",2010,5.90461e+12
"CN","China",2011,7.2516e+12
"CN","China",2012,8.2096e+12
"CN","China",2013,9.19617e+12
"CO","Colombia",2000,97729650050
"CO","Colombia",2001,95779460550
"CO","Colombia",2002,95300395483
"CO","Colombia",2003,91452657617
"CO","Colombia",2004,1.13011e+11
"CO","Colombia",2005,1.41255e+11
"CO","Colombia",2006,1.57081e+11
"CO","Colombia",2007,1.99772e+11
"CO","Colombia",2008,2.34503e+11
"CO","Colombia",2009,2.25455e+11
"CO","Colombia",2010,2.75791e+11
"CO","Colombia",2011,3.19928e+11
"CO","Colombia",2012,3.55285e+11
"CO","Colombia",2013,3.64217e+11
"KM","Comoros",2000,202241028.3
"KM","Comoros",2001,220806717.3
"KM","Comoros",2002,245984357.4
"KM","Comoros",2003,316212688.7
"KM","Comoros",2004,365981590.4
"KM","Comoros",2005,378701227.5
"KM","Comoros",2006,404673998.2
"KM","Comoros",2007,461362252.1
"KM","Comoros",2008,521949839.4
"KM","Comoros",2009,523013648.1
"KM","Comoros",2010,529362737.8
"KM","Comoros",2011,585067732.6
"KM","Comoros",2012,569709188.6
"KM","Comoros",2013,617439683.4
"CG","Congo",2000,2275221208
"CG","Congo",2001,1967707317
"CG","Congo",2002,2173255458
"CG","Congo",2003,2578201938
"CG","Congo",2004,3161681793
"CG","Congo",2005,4032288390
"CG","Congo",2006,5105401153
"CG","Congo",2007,5774289433
"CG","Congo",2008,8768093932
"CG","Congo",2009,6978833031
"CG","Congo",2010,9024207212
"CG","Congo",2011,10713457667
"CG","Congo",2012,10541860084
"CG","Congo",2013,11049893387
"CR","Costa Rica",2000,14694008016
"CR","Costa Rica",2001,15724254954
"CR","Costa Rica",2002,16404585172
"CR","Costa Rica",2003,16741657421
"CR","Costa Rica",2004,18156384016
"CR","Costa Rica",2005,19756371751
"CR","Costa Rica",2006,22530740184
"CR","Costa Rica",2007,25457276185
"CR","Costa Rica",2008,29414072576
"CR","Costa Rica",2009,28298950581
"CR","Costa Rica",2010,35553167787
"CR","Costa Rica",2011,40648314463
"CR","Costa Rica",2012,44545381752
"CR","Costa Rica",2013,48525749298
"CI","Cote d'Ivoire",2000,9715070921
"CI","Cote d'Ivoire",2001,9911757609
"CI","Cote d'Ivoire",2002,10806672843
"CI","Cote d'Ivoire",2003,13017764907
"CI","Cote d'Ivoire",2004,14763108673
"CI","Cote d'Ivoire",2005,16432852653
"CI","Cote d'Ivoire",2006,17091274824
"CI","Cote d'Ivoire",2007,19535376329
"CI","Cote d'Ivoire",2008,23327071772
"CI","Cote d'Ivoire",2009,23342792424
"CI","Cote d'Ivoire",2010,23972202221
"CI","Cote d'Ivoire",2011,24393311762
"CI","Cote d'Ivoire",2012,26178125524
"CI","Cote d'Ivoire",2013,29881669525
"HR","Croatia",2000,21367779456
"HR","Croatia",2001,22871361542
"HR","Croatia",2002,26462956566
"HR","Croatia",2003,33537948844
"HR","Croatia",2004,40909480188
"HR","Croatia",2005,44466146709
"HR","Croatia",2006,49268217479
"HR","Croatia",2007,58853708535
"HR","Croatia",2008,68534168288
"HR","Croatia",2009,60623403168
"HR","Croatia",2010,57968363636
"HR","Croatia",2011,60537101151
"HR","Croatia",2012,54790715958
"HR","Croatia",2013,56412382338
"CU","Cuba",2000,29943300000
"CU","Cuba",2001,31179700000
"CU","Cuba",2002,32979826185
"CU","Cuba",2003,35340900000
"CU","Cuba",2004,37553800000
"CU","Cuba",2005,42011100000
"CU","Cuba",2006,52124800000
"CU","Cuba",2007,57644100000
"CU","Cuba",2008,59887728587
"CU","Cuba",2009,61147251592
"CU","Cuba",2010,63388654344
"CU","Cuba",2011,67240567918
"CU","Cuba",2012,
"CU","Cuba",2013,
"CW","Curacao",2000,
"CW","Curacao",2001,
"CW","Curacao",2002,
"CW","Curacao",2003,
"CW","Curacao",2004,
"CW","Curacao",2005,
"CW","Curacao",2006,
"CW","Curacao",2007,
"CW","Curacao",2008,
"CW","Curacao",2009,
"CW","Curacao",2010,
"CW","Curacao",2011,
"CW","Curacao",2012,
"CW","Curacao",2013,
"CY","Cyprus",2000,8707313149
"CY","Cyprus",2001,9153388733
"CY","Cyprus",2002,10206955007
"CY","Cyprus",2003,13024786822
"CY","Cyprus",2004,15129281328
"CY","Cyprus",2005,16292550260
"CY","Cyprus",2006,17558640194
"CY","Cyprus",2007,20223942043
"CY","Cyprus",2008,24825692105
"CY","Cyprus",2009,22421922756
"CY","Cyprus",2010,22311523179
"CY","Cyprus",2011,25292187934
"CY","Cyprus",2012,22099973280
"CY","Cyprus",2013,21453797132
"CZ","Czech Republic",2000,60346491171
"CZ","Czech Republic",2001,65537828529
"CZ","Czech Republic",2002,78857932664
"CZ","Czech Republic",2003,96002658726
"CZ","Czech Republic",2004,1.13498e+11
"CZ","Czech Republic",2005,1.29841e+11
"CZ","Czech Republic",2006,1.45795e+11
"CZ","Czech Republic",2007,1.76739e+11
"CZ","Czech Republic",2008,2.19943e+11
"CZ","Czech Republic",2009,1.91245e+11
"CZ","Czech Republic",2010,1.91445e+11
"CZ","Czech Republic",2011,2.09851e+11
"CZ","Czech Republic",2012,1.93729e+11
"CZ","Czech Republic",2013,1.94061e+11
"DK","Denmark",2000,1.608e+11
"DK","Denmark",2001,1.62491e+11
"DK","Denmark",2002,1.76537e+11
"DK","Denmark",2003,2.16752e+11
"DK","Denmark",2004,2.5234e+11
"DK","Denmark",2005,2.66571e+11
"DK","Denmark",2006,2.86389e+11
"DK","Denmark",2007,3.21131e+11
"DK","Denmark",2008,3.5653e+11
"DK","Denmark",2009,3.2297e+11
"DK","Denmark",2010,3.25079e+11
"DK","Denmark",2011,3.48629e+11
"DK","Denmark",2012,3.29871e+11
"DK","Denmark",2013,3.47488e+11
"DJ","Djibouti",2000,567019654.4
"DJ","Djibouti",2001,584917440.8
"DJ","Djibouti",2002,606422039.6
"DJ","Djibouti",2003,673044665.5
"DJ","Djibouti",2004,731072101.8
"DJ","Djibouti",2005,775822778.4
"DJ","Djibouti",2006,
"DJ","Djibouti",2007,
"DJ","Djibouti",2008,
"DJ","Djibouti",2009,
"DJ","Djibouti",2010,
"DJ","Djibouti",2011,
"DJ","Djibouti",2012,
"DJ","Djibouti",2013,
"DM","Dominica",2000,296527291.1
"DM","Dominica",2001,318012327.7
"DM","Dominica",2002,309765364.9
"DM","Dominica",2003,323075031.3
"DM","Dominica",2004,341438438.4
"DM","Dominica",2005,341481481.5
"DM","Dominica",2006,382592592.6
"DM","Dominica",2007,409259259.3
"DM","Dominica",2008,450370370.4
"DM","Dominica",2009,485185185.2
"DM","Dominica",2010,483703703.7
"DM","Dominica",2011,498148148.1
"DM","Dominica",2012,496666666.7
"DM","Dominica",2013,502592592.6
"DO","Dominican Republic",2000,22955386676
"DO","Dominican Republic",2001,23803227434
"DO","Dominican Republic",2002,25418602720
"DO","Dominican Republic",2003,19874922749
"DO","Dominican Republic",2004,20339310145
"DO","Dominican Republic",2005,32067520956
"DO","Dominican Republic",2006,34112046140
"DO","Dominican Republic",2007,41895080923
"DO","Dominican Republic",2008,46395940497
"DO","Dominican Republic",2009,46168208135
"DO","Dominican Republic",2010,51355943731
"DO","Dominican Republic",2011,56042530250
"DO","Dominican Republic",2012,58101558442
"DO","Dominican Republic",2013,58355994398
"CD","DRC",2000,18699788397
"CD","DRC",2001,7061672554
"CD","DRC",2002,8430337539
"CD","DRC",2003,8710917415
"CD","DRC",2004,9989335592
"CD","DRC",2005,11457022315
"CD","DRC",2006,13826822554
"CD","DRC",2007,15729839715
"CD","DRC",2008,17876138826
"CD","DRC",2009,17476879092
"CD","DRC",2010,20651160761
"CD","DRC",2011,24538954400
"CD","DRC",2012,27710039636
"CD","DRC",2013,29880463572
"EC","Ecuador",2000,16916109906
"EC","Ecuador",2001,23133356700
"EC","Ecuador",2002,27296945800
"EC","Ecuador",2003,30940649900
"EC","Ecuador",2004,34751990000
"EC","Ecuador",2005,39692188000
"EC","Ecuador",2006,44973578600
"EC","Ecuador",2007,49039726800
"EC","Ecuador",2008,60330451800
"EC","Ecuador",2009,61239874500
"EC","Ecuador",2010,68517073000
"EC","Ecuador",2011,78056686400
"EC","Ecuador",2012,86320977200
"EC","Ecuador",2013,93028080800
"EG","Egypt",2000,1.0077e+11
"EG","Egypt",2001,98703508071
"EG","Egypt",2002,87946613800
"EG","Egypt",2003,82816581750
"EG","Egypt",2004,78630915274
"EG","Egypt",2005,89432106657
"EG","Egypt",2006,1.08015e+11
"EG","Egypt",2007,1.31655e+11
"EG","Egypt",2008,1.64178e+11
"EG","Egypt",2009,1.89138e+11
"EG","Egypt",2010,2.14525e+11
"EG","Egypt",2011,2.29951e+11
"EG","Egypt",2012,2.56357e+11
"EG","Egypt",2013,2.64563e+11
"SV","El Salvador",2000,1.2881e+10
"SV","El Salvador",2001,1.3547e+10
"SV","El Salvador",2002,13983300000
"SV","El Salvador",2003,14623600000
"SV","El Salvador",2004,15340400000
"SV","El Salvador",2005,16603500000
"SV","El Salvador",2006,18113200000
"SV","El Salvador",2007,1.9649e+10
"SV","El Salvador",2008,2.1042e+10
"SV","El Salvador",2009,2.0105e+10
"SV","El Salvador",2010,2.0868e+10
"SV","El Salvador",2011,2.2507e+10
"SV","El Salvador",2012,2.2932e+10
"SV","El Salvador",2013,2.3418e+10
"GQ","Equatorial Guinea",2000,675806940.6
"GQ","Equatorial Guinea",2001,587616428
"GQ","Equatorial Guinea",2002,821380426.3
"GQ","Equatorial Guinea",2003,924205341.7
"GQ","Equatorial Guinea",2004,1481460274
"GQ","Equatorial Guinea",2005,4173013356
"GQ","Equatorial Guinea",2006,7465577205
"GQ","Equatorial Guinea",2007,8443681735
"GQ","Equatorial Guinea",2008,10349701478
"GQ","Equatorial Guinea",2009,9073821623
"GQ","Equatorial Guinea",2010,9630163956
"GQ","Equatorial Guinea",2011,12362738173
"GQ","Equatorial Guinea",2012,11317160136
"GQ","Equatorial Guinea",2013,10734453503
"ER","Eritrea",2000,706846470.1
"ER","Eritrea",2001,750010835.5
"ER","Eritrea",2002,723218650.6
"ER","Eritrea",2003,860583138.2
"ER","Eritrea",2004,1093759653
"ER","Eritrea",2005,1089003673
"ER","Eritrea",2006,1202459440
"ER","Eritrea",2007,1310746758
"ER","Eritrea",2008,1368434689
"ER","Eritrea",2009,1840533603
"ER","Eritrea",2010,2097411540
"ER","Eritrea",2011,2584193370
"ER","Eritrea",2012,3063934959
"ER","Eritrea",2013,3412878049
"EE","Estonia",2000,5496729015
"EE","Estonia",2001,5988810312
"EE","Estonia",2002,7026466987
"EE","Estonia",2003,9340785908
"EE","Estonia",2004,11461614907
"EE","Estonia",2005,13385688703
"EE","Estonia",2006,15927173053
"EE","Estonia",2007,20537544268
"EE","Estonia",2008,22594069688
"EE","Estonia",2009,18805202293
"EE","Estonia",2010,18239973612
"EE","Estonia",2011,21327570659
"EE","Estonia",2012,21367900198
"EE","Estonia",2013,24010329338
"ET","Ethiopia",2000,8182221496
"ET","Ethiopia",2001,8179995785
"ET","Ethiopia",2002,7797187846
"ET","Ethiopia",2003,8557559988
"ET","Ethiopia",2004,10067568645
"ET","Ethiopia",2005,12365246788
"ET","Ethiopia",2006,15242302422
"ET","Ethiopia",2007,19721806402
"ET","Ethiopia",2008,27086850119
"ET","Ethiopia",2009,32395738209
"ET","Ethiopia",2010,29825574928
"ET","Ethiopia",2011,31883271774
"ET","Ethiopia",2012,43214529006
"ET","Ethiopia",2013,47418404034
"FO","Faroe Islands",2000,1103301951
"FO","Faroe Islands",2001,1185526506
"FO","Faroe Islands",2002,1308472773
"FO","Faroe Islands",2003,1541782413
"FO","Faroe Islands",2004,1749812221
"FO","Faroe Islands",2005,1772349047
"FO","Faroe Islands",2006,2020178920
"FO","Faroe Islands",2007,2332329114
"FO","Faroe Islands",2008,2413310841
"FO","Faroe Islands",2009,
"FO","Faroe Islands",2010,
"FO","Faroe Islands",2011,
"FO","Faroe Islands",2012,
"FO","Faroe Islands",2013,
"FJ","Fiji",2000,1717371042
"FJ","Fiji",2001,1646178073
"FJ","Fiji",2002,1857506973
"FJ","Fiji",2003,2316937968
"FJ","Fiji",2004,2727795730
"FJ","Fiji",2005,3050072147
"FJ","Fiji",2006,2982187175
"FJ","Fiji",2007,3329491710
"FJ","Fiji",2008,3436092991
"FJ","Fiji",2009,2859158664
"FJ","Fiji",2010,3043130949
"FJ","Fiji",2011,3532325563
"FJ","Fiji",2012,3707302084
"FJ","Fiji",2013,3774643478
"FI","Finland",2000,1.24758e+11
"FI","Finland",2001,1.29198e+11
"FI","Finland",2002,1.39998e+11
"FI","Finland",2003,1.70054e+11
"FI","Finland",2004,1.98142e+11
"FI","Finland",2005,2.05244e+11
"FI","Finland",2006,2.18497e+11
"FI","Finland",2007,2.56023e+11
"FI","Finland",2008,2.84069e+11
"FI","Finland",2009,2.54635e+11
"FI","Finland",2010,2.5111e+11
"FI","Finland",2011,2.74857e+11
"FI","Finland",2012,2.5705e+11
"FI","Finland",2013,2.68135e+11
"FR","France",2000,1.39405e+12
"FR","France",2001,1.40708e+12
"FR","France",2002,1.51558e+12
"FR","France",2003,1.87125e+12
"FR","France",2004,2.1551e+12
"FR","France",2005,2.24215e+12
"FR","France",2006,2.37165e+12
"FR","France",2007,2.7184e+12
"FR","France",2008,2.98599e+12
"FR","France",2009,2.74177e+12
"FR","France",2010,2.70087e+12
"FR","France",2011,2.9286e+12
"FR","France",2012,2.72871e+12
"FR","France",2013,2.85514e+12
"PF","French Polynesia",2000,3447543138
"PF","French Polynesia",2001,
"PF","French Polynesia",2002,
"PF","French Polynesia",2003,
"PF","French Polynesia",2004,
"PF","French Polynesia",2005,
"PF","French Polynesia",2006,
"PF","French Polynesia",2007,
"PF","French Polynesia",2008,
"PF","French Polynesia",2009,
"PF","French Polynesia",2010,
"PF","French Polynesia",2011,
"PF","French Polynesia",2012,
"PF","French Polynesia",2013,
"GA","Gabon",2000,4289133093
"GA","Gabon",2001,4083685879
"GA","Gabon",2002,4452748244
"GA","Gabon",2003,5341749904
"GA","Gabon",2004,5986945325
"GA","Gabon",2005,7708145137
"GA","Gabon",2006,8186570986
"GA","Gabon",2007,10081870886
"GA","Gabon",2008,13836389827
"GA","Gabon",2009,11021268402
"GA","Gabon",2010,12869565359
"GA","Gabon",2011,16566139773
"GA","Gabon",2012,16042242271
"GA","Gabon",2013,17298194478
"GM","Gambia",2000,752679604.6
"GM","Gambia",2001,656185803.8
"GM","Gambia",2002,545287414.7
"GM","Gambia",2003,457220223.6
"GM","Gambia",2004,558157701.9
"GM","Gambia",2005,601737726.9
"GM","Gambia",2006,629986483.5
"GM","Gambia",2007,773016818.5
"GM","Gambia",2008,940181981.6
"GM","Gambia",2009,872636008.1
"GM","Gambia",2010,921899568.7
"GM","Gambia",2011,871185242.6
"GM","Gambia",2012,884682166.4
"GM","Gambia",2013,875755272.1
"GE","Georgia",2000,3174766957
"GE","Georgia",2001,3251966690
"GE","Georgia",2002,3407437555
"GE","Georgia",2003,4004927271
"GE","Georgia",2004,5204214955
"GE","Georgia",2005,6473294335
"GE","Georgia",2006,7925536197
"GE","Georgia",2007,10209226625
"GE","Georgia",2008,12680262699
"GE","Georgia",2009,10679219635
"GE","Georgia",2010,11416250743
"GE","Georgia",2011,14012063326
"GE","Georgia",2012,15699807122
"GE","Georgia",2013,15834996874
"DE","Germany",2000,1.93389e+12
"DE","Germany",2001,1.93108e+12
"DE","Germany",2002,2.05178e+12
"DE","Germany",2003,2.48137e+12
"DE","Germany",2004,2.83687e+12
"DE","Germany",2005,2.88605e+12
"DE","Germany",2006,3.05482e+12
"DE","Germany",2007,3.49266e+12
"DE","Germany",2008,3.79296e+12
"DE","Germany",2009,3.49488e+12
"DE","Germany",2010,3.48376e+12
"DE","Germany",2011,3.84865e+12
"DE","Germany",2012,3.62615e+12
"DE","Germany",2013,3.82637e+12
"GH","Ghana",2000,4835890930
"GH","Ghana",2001,5206790234
"GH","Ghana",2002,6036759675
"GH","Ghana",2003,7467741579
"GH","Ghana",2004,8683238559
"GH","Ghana",2005,10600896542
"GH","Ghana",2006,20283001630
"GH","Ghana",2007,24617383091
"GH","Ghana",2008,28411974603
"GH","Ghana",2009,25884479770
"GH","Ghana",2010,31641074055
"GH","Ghana",2011,38308869134
"GH","Ghana",2012,39594449712
"GH","Ghana",2013,47004169744
"GR","Greece",2000,1.30822e+11
"GR","Greece",2001,1.3702e+11
"GR","Greece",2002,1.53559e+11
"GR","Greece",2003,2.01036e+11
"GR","Greece",2004,2.37344e+11
"GR","Greece",2005,2.47783e+11
"GR","Greece",2006,2.67816e+11
"GR","Greece",2007,3.10118e+11
"GR","Greece",2008,3.43405e+11
"GR","Greece",2009,3.22127e+11
"GR","Greece",2010,2.93454e+11
"GR","Greece",2011,2.80988e+11
"GR","Greece",2012,2.51101e+11
"GR","Greece",2013,2.42156e+11
"GL","Greenland",2000,1043282147
"GL","Greenland",2001,1057093947
"GL","Greenland",2002,1138483270
"GL","Greenland",2003,1389716754
"GL","Greenland",2004,1599884717
"GL","Greenland",2005,1662189361
"GL","Greenland",2006,1657464900
"GL","Greenland",2007,2042179763
"GL","Greenland",2008,1503107970
"GL","Greenland",2009,1145422698
"GL","Greenland",2010,
"GL","Greenland",2011,
"GL","Greenland",2012,
"GL","Greenland",2013,
"GD","Grenada",2000,486296213.6
"GD","Grenada",2001,478999732.3
"GD","Grenada",2002,492740287.6
"GD","Grenada",2003,540525805.3
"GD","Grenada",2004,533925212.8
"GD","Grenada",2005,667088136.4
"GD","Grenada",2006,669815803
"GD","Grenada",2007,717591468.8
"GD","Grenada",2008,783266134.3
"GD","Grenada",2009,708233876.4
"GD","Grenada",2010,731138246.3
"GD","Grenada",2011,746875949.8
"GD","Grenada",2012,765599838.3
"GD","Grenada",2013,805983096.9
"GU","Guam",2000,
"GU","Guam",2001,
"GU","Guam",2002,
"GU","Guam",2003,
"GU","Guam",2004,
"GU","Guam",2005,
"GU","Guam",2006,
"GU","Guam",2007,
"GU","Guam",2008,
"GU","Guam",2009,
"GU","Guam",2010,
"GU","Guam",2011,
"GU","Guam",2012,
"GU","Guam",2013,
"GT","Guatemala",2000,19064941282
"GT","Guatemala",2001,18634420735
"GT","Guatemala",2002,20501136920
"GT","Guatemala",2003,21614265500
"GT","Guatemala",2004,23555180312
"GT","Guatemala",2005,26726434842
"GT","Guatemala",2006,29550694957
"GT","Guatemala",2007,33270431236
"GT","Guatemala",2008,38198809524
"GT","Guatemala",2009,36632032935
"GT","Guatemala",2010,40126709524
"GT","Guatemala",2011,46004444216
"GT","Guatemala",2012,49090839461
"GT","Guatemala",2013,52557309554
"GN","Guinea",2000,2922237098
"GN","Guinea",2001,2746252750
"GN","Guinea",2002,2917012439
"GN","Guinea",2003,3200990696
"GN","Guinea",2004,3395183789
"GN","Guinea",2005,2657936931
"GN","Guinea",2006,2495966911
"GN","Guinea",2007,3763725913
"GN","Guinea",2008,3992667537
"GN","Guinea",2009,4107952397
"GN","Guinea",2010,4302274703
"GN","Guinea",2011,4624809498
"GN","Guinea",2012,5220038571
"GN","Guinea",2013,5696700997
"GW","Guinea-Bissau",2000,357773157.8
"GW","Guinea-Bissau",2001,376388139.7
"GW","Guinea-Bissau",2002,407103016.3
"GW","Guinea-Bissau",2003,465381717
"GW","Guinea-Bissau",2004,520827014.4
"GW","Guinea-Bissau",2005,575359866
"GW","Guinea-Bissau",2006,586243637.7
"GW","Guinea-Bissau",2007,691794240.8
"GW","Guinea-Bissau",2008,850617529.1
"GW","Guinea-Bissau",2009,815618766.4
"GW","Guinea-Bissau",2010,846574708.2
"GW","Guinea-Bissau",2011,1102920902
"GW","Guinea-Bissau",2012,957853100.5
"GW","Guinea-Bissau",2013,959786657
"GY","Guyana",2000,660556746.4
"GY","Guyana",2001,637122794.7
"GY","Guyana",2002,667184652
"GY","Guyana",2003,691193712.2
"GY","Guyana",2004,675755893.8
"GY","Guyana",2005,776687009.4
"GY","Guyana",2006,1414530341
"GY","Guyana",2007,1704613913
"GY","Guyana",2008,1907944329
"GY","Guyana",2009,2008810983
"GY","Guyana",2010,2272061199
"GY","Guyana",2011,2567314078
"GY","Guyana",2012,2875077743
"GY","Guyana",2013,3018728656
"HT","Haiti",2000,
"HT","Haiti",2001,
"HT","Haiti",2002,
"HT","Haiti",2003,
"HT","Haiti",2004,3737368292
"HT","Haiti",2005,4227910415
"HT","Haiti",2006,4886368637
"HT","Haiti",2007,5887518115
"HT","Haiti",2008,6554070652
"HT","Haiti",2009,6597455909
"HT","Haiti",2010,6644819100
"HT","Haiti",2011,7557836789
"HT","Haiti",2012,7958665839
"HT","Haiti",2013,8520705943
"HN","Honduras",2000,6885329780
"HN","Honduras",2001,7310945687
"HN","Honduras",2002,7481125828
"HN","Honduras",2003,7777669166
"HN","Honduras",2004,8321969872
"HN","Honduras",2005,9219012009
"HN","Honduras",2006,10312981218
"HN","Honduras",2007,11878273620
"HN","Honduras",2008,13385325199
"HN","Honduras",2009,14298648856
"HN","Honduras",2010,15110478378
"HN","Honduras",2011,16768754196
"HN","Honduras",2012,17278614720
"HN","Honduras",2013,17239446098
"HK","Hong Kong",2000,1.73047e+11
"HK","Hong Kong",2001,1.73308e+11
"HK","Hong Kong",2002,1.67425e+11
"HK","Hong Kong",2003,1.65523e+11
"HK","Hong Kong",2004,1.72692e+11
"HK","Hong Kong",2005,1.8253e+11
"HK","Hong Kong",2006,1.98108e+11
"HK","Hong Kong",2007,2.18367e+11
"HK","Hong Kong",2008,2.32187e+11
"HK","Hong Kong",2009,2.20466e+11
"HK","Hong Kong",2010,2.33477e+11
"HK","Hong Kong",2011,2.553e+11
"HK","Hong Kong",2012,2.66428e+11
"HK","Hong Kong",2013,2.7945e+11
"HU","Hungary",2000,44844416225
"HU","Hungary",2001,50915219687
"HU","Hungary",2002,63969032692
"HU","Hungary",2003,80934183855
"HU","Hungary",2004,98040175096
"HU","Hungary",2005,1.06184e+11
"HU","Hungary",2006,1.08502e+11
"HU","Hungary",2007,1.29526e+11
"HU","Hungary",2008,1.46953e+11
"HU","Hungary",2009,1.23461e+11
"HU","Hungary",2010,1.23537e+11
"HU","Hungary",2011,1.3275e+11
"HU","Hungary",2012,1.21417e+11
"HU","Hungary",2013,1.29554e+11
"IS","Iceland",2000,8661964486
"IS","Iceland",2001,7885605894
"IS","Iceland",2002,9152514082
"IS","Iceland",2003,11127898943
"IS","Iceland",2004,13129800247
"IS","Iceland",2005,16125248088
"IS","Iceland",2006,16037475064
"IS","Iceland",2007,20379064866
"IS","Iceland",2008,13996454341
"IS","Iceland",2009,10478016496
"IS","Iceland",2010,11112237185
"IS","Iceland",2011,12805297711
"IS","Iceland",2012,12809924037
"IS","Iceland",2013,15047047156
"IN","India",2000,4.71633e+11
"IN","India",2001,4.89747e+11
"IN","India",2002,5.20521e+11
"IN","India",2003,6.1385e+11
"IN","India",2004,7.16606e+11
"IN","India",2005,8.28316e+11
"IN","India",2006,9.41772e+11
"IN","India",2007,1.23361e+12
"IN","India",2008,1.21694e+12
"IN","India",2009,1.35736e+12
"IN","India",2010,1.6905e+12
"IN","India",2011,1.86407e+12
"IN","India",2012,1.83728e+12
"IN","India",2013,1.85559e+12
"ID","Indonesia",2000,1.50317e+11
"ID","Indonesia",2001,1.43412e+11
"ID","Indonesia",2002,1.72378e+11
"ID","Indonesia",2003,2.25747e+11
"ID","Indonesia",2004,2.45051e+11
"ID","Indonesia",2005,2.71958e+11
"ID","Indonesia",2006,3.49038e+11
"ID","Indonesia",2007,4.14441e+11
"ID","Indonesia",2008,4.92112e+11
"ID","Indonesia",2009,5.20694e+11
"ID","Indonesia",2010,6.89283e+11
"ID","Indonesia",2011,8.21202e+11
"ID","Indonesia",2012,8.50811e+11
"ID","Indonesia",2013,8.41475e+11
"IR","Iran",2000,1.01335e+11
"IR","Iran",2001,1.15688e+11
"IR","Iran",2002,1.14419e+11
"IR","Iran",2003,1.32753e+11
"IR","Iran",2004,1.60332e+11
"IR","Iran",2005,1.88503e+11
"IR","Iran",2006,2.19296e+11
"IR","Iran",2007,2.83e+11
"IR","Iran",2008,3.35654e+11
"IR","Iran",2009,3.28593e+11
"IR","Iran",2010,
"IR","Iran",2011,
"IR","Iran",2012,5.03156e+11
"IR","Iran",2013,3.69272e+11
"IQ","Iraq",2000,
"IQ","Iraq",2001,
"IQ","Iraq",2002,
"IQ","Iraq",2003,
"IQ","Iraq",2004,36627901762
"IQ","Iraq",2005,50694700136
"IQ","Iraq",2006,66036590841
"IQ","Iraq",2007,90334203252
"IQ","Iraq",2008,1.38649e+11
"IQ","Iraq",2009,1.14756e+11
"IQ","Iraq",2010,1.40108e+11
"IQ","Iraq",2011,1.85548e+11
"IQ","Iraq",2012,2.17104e+11
"IQ","Iraq",2013,2.29027e+11
"IE","Ireland",2000,86350654137
"IE","Ireland",2001,91963310962
"IE","Ireland",2002,1.0519e+11
"IE","Ireland",2003,1.39326e+11
"IE","Ireland",2004,1.64802e+11
"IE","Ireland",2005,1.80449e+11
"IE","Ireland",2006,2.01412e+11
"IE","Ireland",2007,2.32262e+11
"IE","Ireland",2008,2.36436e+11
"IE","Ireland",2009,1.94134e+11
"IE","Ireland",2010,1.83662e+11
"IE","Ireland",2011,1.93358e+11
"IE","Ireland",2012,1.83246e+11
"IE","Ireland",2013,1.97447e+11
"IL","Israel",2000,1.20539e+11
"IL","Israel",2001,1.23425e+11
"IL","Israel",2002,1.1532e+11
"IL","Israel",2003,1.20589e+11
"IL","Israel",2004,1.31009e+11
"IL","Israel",2005,1.39542e+11
"IL","Israel",2006,1.51518e+11
"IL","Israel",2007,1.76481e+11
"IL","Israel",2008,2.0991e+11
"IL","Israel",2009,2.0139e+11
"IL","Israel",2010,2.27769e+11
"IL","Israel",2011,2.54858e+11
"IL","Israel",2012,2.50702e+11
"IL","Israel",2013,2.84226e+11
"IT","Italy",2000,1.13766e+12
"IT","Italy",2001,1.15898e+12
"IT","Italy",2002,1.26115e+12
"IT","Italy",2003,1.56228e+12
"IT","Italy",2004,1.7956e+12
"IT","Italy",2005,1.85552e+12
"IT","Italy",2006,1.95011e+12
"IT","Italy",2007,2.205e+12
"IT","Italy",2008,2.36958e+12
"IT","Italy",2009,2.18378e+12
"IT","Italy",2010,2.12117e+12
"IT","Italy",2011,2.2707e+12
"IT","Italy",2012,2.0874e+12
"IT","Italy",2013,2.1458e+12
"JM","Jamaica",2000,8662195221
"JM","Jamaica",2001,8654215930
"JM","Jamaica",2002,9111738273
"JM","Jamaica",2003,8856964726
"JM","Jamaica",2004,9589175233
"JM","Jamaica",2005,10407364715
"JM","Jamaica",2006,13253327130
"JM","Jamaica",2007,12161526209
"JM","Jamaica",2008,13114262205
"JM","Jamaica",2009,11456809957
"JM","Jamaica",2010,12736315042
"JM","Jamaica",2011,13896428675
"JM","Jamaica",2012,14360136066
"JM","Jamaica",2013,13707640878
"JP","Japan",2000,4.79133e+12
"JP","Japan",2001,4.22889e+12
"JP","Japan",2002,4.04495e+12
"JP","Japan",2003,4.37421e+12
"JP","Japan",2004,4.74256e+12
"JP","Japan",2005,4.67847e+12
"JP","Japan",2006,4.48112e+12
"JP","Japan",2007,4.50359e+12
"JP","Japan",2008,5.01166e+12
"JP","Japan",2009,5.17491e+12
"JP","Japan",2010,5.64319e+12
"JP","Japan",2011,6.08951e+12
"JP","Japan",2012,6.14315e+12
"JP","Japan",2013,5.10037e+12
"JO","Jordan",2000,8558458345
"JO","Jordan",2001,9134780261
"JO","Jordan",2002,9657257151
"JO","Jordan",2003,10323068926
"JO","Jordan",2004,11682059460
"JO","Jordan",2005,12925054740
"JO","Jordan",2006,15509969581
"JO","Jordan",2007,17794107832
"JO","Jordan",2008,22667340426
"JO","Jordan",2009,24325646901
"JO","Jordan",2010,26218055493
"JO","Jordan",2011,28575756338
"JO","Jordan",2012,30625668745
"JO","Jordan",2013,33339055348
"KZ","Kazakhstan",2000,17037936974
"KZ","Kazakhstan",2001,20915728088
"KZ","Kazakhstan",2002,23509231685
"KZ","Kazakhstan",2003,29087135539
"KZ","Kazakhstan",2004,40288541015
"KZ","Kazakhstan",2005,51757264449
"KZ","Kazakhstan",2006,71550951259
"KZ","Kazakhstan",2007,91893261104
"KZ","Kazakhstan",2008,1.14115e+11
"KZ","Kazakhstan",2009,1.02688e+11
"KZ","Kazakhstan",2010,1.28676e+11
"KZ","Kazakhstan",2011,1.60325e+11
"KZ","Kazakhstan",2012,1.75377e+11
"KZ","Kazakhstan",2013,2.06571e+11
"KE","Kenya",2000,12575570059
"KE","Kenya",2001,12838492089
"KE","Kenya",2002,13026151070
"KE","Kenya",2003,14738428678
"KE","Kenya",2004,15953734332
"KE","Kenya",2005,18731701165
"KE","Kenya",2006,25755429872
"KE","Kenya",2007,31813994960
"KE","Kenya",2008,35863484355
"KE","Kenya",2009,36976853155
"KE","Kenya",2010,39852485129
"KE","Kenya",2011,41961926478
"KE","Kenya",2012,50187341615
"KE","Kenya",2013,54934718997
"KI","Kiribati",2000,109311183.9
"KI","Kiribati",2001,109126926.7
"KI","Kiribati",2002,115661740.7
"KI","Kiribati",2003,136241649.9
"KI","Kiribati",2004,154834534.5
"KI","Kiribati",2005,161130202.4
"KI","Kiribati",2006,159262048.2
"KI","Kiribati",2007,181160557.2
"KI","Kiribati",2008,199798691.5
"KI","Kiribati",2009,180315083.5
"KI","Kiribati",2010,211796000.7
"KI","Kiribati",2011,235688499.2
"KI","Kiribati",2012,258335059
"KI","Kiribati",2013,252944583.9
"XK","Kosovo",2000,
"XK","Kosovo",2001,
"XK","Kosovo",2002,
"XK","Kosovo",2003,
"XK","Kosovo",2004,
"XK","Kosovo",2005,
"XK","Kosovo",2006,4117560146
"XK","Kosovo",2007,4949797697
"XK","Kosovo",2008,5927696206
"XK","Kosovo",2009,5739714087
"XK","Kosovo",2010,5919109934
"XK","Kosovo",2011,6850676536
"XK","Kosovo",2012,6697970577
"XK","Kosovo",2013,7233605284
"KW","Kuwait",2000,44417277983
"KW","Kuwait",2001,39791328168
"KW","Kuwait",2002,41462372637
"KW","Kuwait",2003,51238253681
"KW","Kuwait",2004,64628874305
"KW","Kuwait",2005,87979452055
"KW","Kuwait",2006,1.12527e+11
"KW","Kuwait",2007,1.27127e+11
"KW","Kuwait",2008,1.58145e+11
"KW","Kuwait",2009,1.15294e+11
"KW","Kuwait",2010,1.26114e+11
"KW","Kuwait",2011,1.65127e+11
"KW","Kuwait",2012,
"KW","Kuwait",2013,
"KG","Kyrgyzstan",2000,1287697843
"KG","Kyrgyzstan",2001,1466004205
"KG","Kyrgyzstan",2002,1547837014
"KG","Kyrgyzstan",2003,1856990721
"KG","Kyrgyzstan",2004,2109886098
"KG","Kyrgyzstan",2005,2371676125
"KG","Kyrgyzstan",2006,2785941160
"KG","Kyrgyzstan",2007,3750600469
"KG","Kyrgyzstan",2008,4933251729
"KG","Kyrgyzstan",2009,4508678166
"KG","Kyrgyzstan",2010,4489298355
"KG","Kyrgyzstan",2011,5538753647
"KG","Kyrgyzstan",2012,6435809125
"KG","Kyrgyzstan",2013,6935862557
"LA","Lao",2000,1660408279
"LA","Lao",2001,1699625817
"LA","Lao",2002,1693883047
"LA","Lao",2003,1909955902
"LA","Lao",2004,2269398120
"LA","Lao",2005,2669812773
"LA","Lao",2006,3262376790
"LA","Lao",2007,4075373139
"LA","Lao",2008,5188418897
"LA","Lao",2009,5667827749
"LA","Lao",2010,6713291503
"LA","Lao",2011,7663386259
"LA","Lao",2012,8750838142
"LA","Lao",2013,10602757013
"LV","Latvia",2000,7814107172
"LV","Latvia",2001,8333114090
"LV","Latvia",2002,9341960103
"LV","Latvia",2003,11149532350
"LV","Latvia",2004,13438729215
"LV","Latvia",2005,15734987613
"LV","Latvia",2006,19266038544
"LV","Latvia",2007,27727172051
"LV","Latvia",2008,33122953411
"LV","Latvia",2009,27826505142
"LV","Latvia",2010,24579688943
"LV","Latvia",2011,28685060751
"LV","Latvia",2012,28336323583
"LV","Latvia",2013,30883225248
"LB","Lebanon",2000,17581364842
"LB","Lebanon",2001,17575751244
"LB","Lebanon",2002,18284638806
"LB","Lebanon",2003,16645618740
"LB","Lebanon",2004,20137623881
"LB","Lebanon",2005,21101162189
"LB","Lebanon",2006,21979951575
"LB","Lebanon",2007,25317814428
"LB","Lebanon",2008,29267050746
"LB","Lebanon",2009,34911535158
"LB","Lebanon",2010,37501050249
"LB","Lebanon",2011,39904638640
"LB","Lebanon",2012,43595695854
"LB","Lebanon",2013,44926337307
"LS","Lesotho",2000,1014434315
"LS","Lesotho",2001,1075107119
"LS","Lesotho",2002,1004311254
"LS","Lesotho",2003,1466223804
"LS","Lesotho",2004,1795834353
"LS","Lesotho",2005,1869402833
"LS","Lesotho",2006,1872119878
"LS","Lesotho",2007,2024750655
"LS","Lesotho",2008,2030269431
"LS","Lesotho",2009,2108119331
"LS","Lesotho",2010,2594037557
"LS","Lesotho",2011,3124172934
"LS","Lesotho",2012,2861504319
"LS","Lesotho",2013,2861490683
"LR","Liberia",2000,514064646.9
"LR","Liberia",2001,364500000
"LR","Liberia",2002,379200000
"LR","Liberia",2003,263100000
"LR","Liberia",2004,308400000
"LR","Liberia",2005,394400000
"LR","Liberia",2006,452028581.8
"LR","Liberia",2007,584826892.2
"LR","Liberia",2008,690440458.8
"LR","Liberia",2009,1010546230
"LR","Liberia",2010,1113296476
"LR","Liberia",2011,1420553885
"LR","Liberia",2012,1581528405
"LR","Liberia",2013,1751026354
"LY","Libya",2000,
"LY","Libya",2001,
"LY","Libya",2002,20107519685
"LY","Libya",2003,24602500000
"LY","Libya",2004,33138615385
"LY","Libya",2005,4.3719e+10
"LY","Libya",2006,57559375000
"LY","Libya",2007,74070278689
"LY","Libya",2008,93532701863
"LY","Libya",2009,61985446571
"LY","Libya",2010,
"LY","Libya",2011,
"LY","Libya",2012,
"LY","Libya",2013,
"LI","Liechtenstein",2000,2434744507
"LI","Liechtenstein",2001,2241032463
"LI","Liechtenstein",2002,2372887337
"LI","Liechtenstein",2003,2627332871
"LI","Liechtenstein",2004,2858151917
"LI","Liechtenstein",2005,3125901813
"LI","Liechtenstein",2006,3508014026
"LI","Liechtenstein",2007,4121576825
"LI","Liechtenstein",2008,4392270306
"LI","Liechtenstein",2009,4816821618
"LI","Liechtenstein",2010,
"LI","Liechtenstein",2011,
"LI","Liechtenstein",2012,
"LI","Liechtenstein",2013,
"LT","Lithuania",2000,11240400000
"LT","Lithuania",2001,11979495000
"LT","Lithuania",2002,13989224502
"LT","Lithuania",2003,18121683165
"LT","Lithuania",2004,21936900223
"LT","Lithuania",2005,25688654037
"LT","Lithuania",2006,29633582377
"LT","Lithuania",2007,37850391360
"LT","Lithuania",2008,45966042958
"LT","Lithuania",2009,37704076490
"LT","Lithuania",2010,35969957411
"LT","Lithuania",2011,41476526541
"LT","Lithuania",2012,40985424423
"LT","Lithuania",2013,44274314879
"LU","Luxembourg",2000,15819329280
"LU","Luxembourg",2001,1.632e+10
"LU","Luxembourg",2002,19018257105
"LU","Luxembourg",2003,23053386005
"LU","Luxembourg",2004,27876180365
"LU","Luxembourg",2005,32659553301
"LU","Luxembourg",2006,30353607529
"LU","Luxembourg",2007,39932935279
"LU","Luxembourg",2008,43615355175
"LU","Luxembourg",2009,32929247284
"LU","Luxembourg",2010,34073203102
"LU","Luxembourg",2011,38679636884
"LU","Luxembourg",2012,36437149102
"LU","Luxembourg",2013,38189934735
"MO","Macao",2000,6197684995
"MO","Macao",2001,6206784092
"MO","Macao",2002,6996423281
"MO","Macao",2003,7784530935
"MO","Macao",2004,9712059141
"MO","Macao",2005,11040854693
"MO","Macao",2006,13091166227
"MO","Macao",2007,18030828024
"MO","Macao",2008,18579570797
"MO","Macao",2009,19434768723
"MO","Macao",2010,25370945134
"MO","Macao",2011,31836738257
"MO","Macao",2012,37762885436
"MO","Macao",2013,
"MK","Macedonia",2000,3516852678
"MK","Macedonia",2001,3409718223
"MK","Macedonia",2002,3745823924
"MK","Macedonia",2003,4696257406
"MK","Macedonia",2004,5478963753
"MK","Macedonia",2005,5876657439
"MK","Macedonia",2006,6533076884
"MK","Macedonia",2007,7770489604
"MK","Macedonia",2008,9714266606
"MK","Macedonia",2009,9231166923
"MK","Macedonia",2010,9207385545
"MK","Macedonia",2011,10251702434
"MK","Macedonia",2012,9547841630
"MK","Macedonia",2013,10110985223
"MG","Madagascar",2000,3807168179
"MG","Madagascar",2001,4470148424
"MG","Madagascar",2002,4325998539
"MG","Madagascar",2003,5394327593
"MG","Madagascar",2004,4284689855
"MG","Madagascar",2005,4959854629
"MG","Madagascar",2006,5433145092
"MG","Madagascar",2007,7286671310
"MG","Madagascar",2008,9362938978
"MG","Madagascar",2009,8458941190
"MG","Madagascar",2010,8643299262
"MG","Madagascar",2011,9719870209
"MG","Madagascar",2012,9630689699
"MG","Madagascar",2013,10279210588
"MW","Malawi",2000,1707156566
"MW","Malawi",2001,1683358911
"MW","Malawi",2002,2620792536
"MW","Malawi",2003,2383167166
"MW","Malawi",2004,2579274259
"MW","Malawi",2005,2715176946
"MW","Malawi",2006,3078985539
"MW","Malawi",2007,3626879468
"MW","Malawi",2008,4254400206
"MW","Malawi",2009,4971757087
"MW","Malawi",2010,5290118841
"MW","Malawi",2011,5512322289
"MW","Malawi",2012,4103618416
"MW","Malawi",2013,3574186330
"MY","Malaysia",2000,86182105263
"MY","Malaysia",2001,86041052632
"MY","Malaysia",2002,94250526316
"MY","Malaysia",2003,1.04272e+11
"MY","Malaysia",2004,1.18328e+11
"MY","Malaysia",2005,1.37211e+11
"MY","Malaysia",2006,1.57978e+11
"MY","Malaysia",2007,1.89484e+11
"MY","Malaysia",2008,2.24078e+11
"MY","Malaysia",2009,1.98218e+11
"MY","Malaysia",2010,2.39358e+11
"MY","Malaysia",2011,2.82417e+11
"MY","Malaysia",2012,2.9358e+11
"MY","Malaysia",2013,3.02329e+11
"MV","Maldives",2000,594339121.5
"MV","Maldives",2001,750510097.9
"MV","Maldives",2002,775342760.9
"MV","Maldives",2003,887338450.6
"MV","Maldives",2004,1007909147
"MV","Maldives",2005,961573987.3
"MV","Maldives",2006,1262675806
"MV","Maldives",2007,1302778559
"MV","Maldives",2008,1601833531
"MV","Maldives",2009,1712239641
"MV","Maldives",2010,1822804884
"MV","Maldives",2011,1804272349
"MV","Maldives",2012,1742857143
"MV","Maldives",2013,1952468650
"ML","Mali",2000,2392403949
"ML","Mali",2001,2463717776
"ML","Mali",2002,3102648029
"ML","Mali",2003,4202598266
"ML","Mali",2004,4679207829
"ML","Mali",2005,5098670787
"ML","Mali",2006,5865228551
"ML","Mali",2007,6846604270
"ML","Mali",2008,8425093880
"ML","Mali",2009,8507503517
"ML","Mali",2010,9003275482
"ML","Mali",2011,10194599288
"ML","Mali",2012,9807674554
"ML","Mali",2013,10272741074
"MT","Malta",2000,3858164195
"MT","Malta",2001,3956635724
"MT","Malta",2002,4323588782
"MT","Malta",2003,5094129867
"MT","Malta",2004,5573898262
"MT","Malta",2005,5710261961
"MT","Malta",2006,6155761129
"MT","Malta",2007,7213011342
"MT","Malta",2008,8446936594
"MT","Malta",2009,7656642136
"MT","Malta",2010,7976169371
"MT","Malta",2011,8832972310
"MT","Malta",2012,8277024520
"MT","Malta",2013,8946393507
"MH","Marshall Islands",2000,147201583.2
"MH","Marshall Islands",2001,152590903.6
"MH","Marshall Islands",2002,161521840.9
"MH","Marshall Islands",2003,162678689.7
"MH","Marshall Islands",2004,167738561
"MH","Marshall Islands",2005,178790600
"MH","Marshall Islands",2006,184266900
"MH","Marshall Islands",2007,192169800
"MH","Marshall Islands",2008,193908100
"MH","Marshall Islands",2009,192286600
"MH","Marshall Islands",2010,198242000
"MH","Marshall Islands",2011,210766300
"MH","Marshall Islands",2012,213758500
"MH","Marshall Islands",2013,226503800
"MR","Mauritania",2000,1094988437
"MR","Mauritania",2001,1089338340
"MR","Mauritania",2002,1275929495
"MR","Mauritania",2003,1342878266
"MR","Mauritania",2004,1562116612
"MR","Mauritania",2005,1922440630
"MR","Mauritania",2006,2624895939
"MR","Mauritania",2007,2872539486
"MR","Mauritania",2008,3565343303
"MR","Mauritania",2009,2959140506
"MR","Mauritania",2010,3444754741
"MR","Mauritania",2011,3980368638
"MR","Mauritania",2012,3768060772
"MR","Mauritania",2013,3892406069
"MU","Mauritius",2000,4552733325
"MU","Mauritius",2001,4550036289
"MU","Mauritius",2002,4780519894
"MU","Mauritius",2003,5579981301
"MU","Mauritius",2004,6371508732
"MU","Mauritius",2005,6275693425
"MU","Mauritius",2006,6755883361
"MU","Mauritius",2007,7970228644
"MU","Mauritius",2008,9713934507
"MU","Mauritius",2009,8792952396
"MU","Mauritius",2010,9835241226
"MU","Mauritius",2011,11281598414
"MU","Mauritius",2012,11479400998
"MU","Mauritius",2013,11943224756
"MX","Mexico",2000,6.68631e+11
"MX","Mexico",2001,7.10857e+11
"MX","Mexico",2002,7.28863e+11
"MX","Mexico",2003,7.00895e+11
"MX","Mexico",2004,7.59734e+11
"MX","Mexico",2005,8.50654e+11
"MX","Mexico",2006,9.46616e+11
"MX","Mexico",2007,1.02145e+12
"MX","Mexico",2008,1.08052e+12
"MX","Mexico",2009,8.84093e+11
"MX","Mexico",2010,1.04212e+12
"MX","Mexico",2011,1.15268e+12
"MX","Mexico",2012,1.1668e+12
"MX","Mexico",2013,1.23413e+12
"FM","Micronesia",2000,239537400
"FM","Micronesia",2001,245274900
"FM","Micronesia",2002,246239200
"FM","Micronesia",2003,249232600
"FM","Micronesia",2004,247010900
"FM","Micronesia",2005,258595300
"FM","Micronesia",2006,261712100
"FM","Micronesia",2007,266377800
"FM","Micronesia",2008,268699200
"FM","Micronesia",2009,294370600
"FM","Micronesia",2010,305079100
"FM","Micronesia",2011,321671100
"FM","Micronesia",2012,343340100
"FM","Micronesia",2013,343245700
"MD","Moldova",2000,1309990220
"MD","Moldova",2001,1576476886
"MD","Moldova",2002,1771548169
"MD","Moldova",2003,2215001556
"MD","Moldova",2004,2934771469
"MD","Moldova",2005,3346983802
"MD","Moldova",2006,3809099494
"MD","Moldova",2007,4818888944
"MD","Moldova",2008,6659596103
"MD","Moldova",2009,5760771909
"MD","Moldova",2010,6316181643
"MD","Moldova",2011,7587682815
"MD","Moldova",2012,8124522045
"MD","Moldova",2013,8846500556
"MC","Monaco",2000,2647883820
"MC","Monaco",2001,2671401083
"MC","Monaco",2002,2905973022
"MC","Monaco",2003,3588988601
"MC","Monaco",2004,4110348444
"MC","Monaco",2005,4280072626
"MC","Monaco",2006,4663488363
"MC","Monaco",2007,5974371696
"MC","Monaco",2008,6919241412
"MC","Monaco",2009,
"MC","Monaco",2010,
"MC","Monaco",2011,
"MC","Monaco",2012,
"MC","Monaco",2013,
"MN","Mongolia",2000,1131697293
"MN","Mongolia",2001,1265989166
"MN","Mongolia",2002,1392055772
"MN","Mongolia",2003,1583797277
"MN","Mongolia",2004,1981009759
"MN","Mongolia",2005,2471571798
"MN","Mongolia",2006,3371388770
"MN","Mongolia",2007,4137354777
"MN","Mongolia",2008,5449977069
"MN","Mongolia",2009,4387999120
"MN","Mongolia",2010,5640279445
"MN","Mongolia",2011,7918110490
"MN","Mongolia",2012,9372599635
"MN","Mongolia",2013,10751450814
"ME","Montenegro",2000,1033933992
"ME","Montenegro",2001,1217825356
"ME","Montenegro",2002,1356180929
"ME","Montenegro",2003,1806981475
"ME","Montenegro",2004,2180396430
"ME","Montenegro",2005,2282062057
"ME","Montenegro",2006,2741480994
"ME","Montenegro",2007,3716219542
"ME","Montenegro",2008,4605700838
"ME","Montenegro",2009,4165632724
"ME","Montenegro",2010,4086062442
"ME","Montenegro",2011,4538319460
"ME","Montenegro",2012,4114973532
"ME","Montenegro",2013,4503081232
"MA","Morocco",2000,36053171466
"MA","Morocco",2001,36742280810
"MA","Morocco",2002,39447872244
"MA","Morocco",2003,48782584355
"MA","Morocco",2004,55960870546
"MA","Morocco",2005,58760406091
"MA","Morocco",2006,64702592087
"MA","Morocco",2007,74246093750
"MA","Morocco",2008,87411096774
"MA","Morocco",2009,88520417029
"MA","Morocco",2010,88304874513
"MA","Morocco",2011,96119819034
"MA","Morocco",2012,92686414078
"MA","Morocco",2013,1.00965e+11
"MZ","Mozambique",2000,4075478691
"MZ","Mozambique",2001,3770629564
"MZ","Mozambique",2002,4028288578
"MZ","Mozambique",2003,4468552740
"MZ","Mozambique",2004,5398486746
"MZ","Mozambique",2005,6218672319
"MZ","Mozambique",2006,6471915756
"MZ","Mozambique",2007,8607589181
"MZ","Mozambique",2008,10387665807
"MZ","Mozambique",2009,10457869740
"MZ","Mozambique",2010,9834278341
"MZ","Mozambique",2011,13054680379
"MZ","Mozambique",2012,14936470071
"MZ","Mozambique",2013,15578021568
"MM","Myanmar",2000,
"MM","Myanmar",2001,
"MM","Myanmar",2002,
"MM","Myanmar",2003,
"MM","Myanmar",2004,
"MM","Myanmar",2005,
"MM","Myanmar",2006,
"MM","Myanmar",2007,
"MM","Myanmar",2008,
"MM","Myanmar",2009,
"MM","Myanmar",2010,
"MM","Myanmar",2011,
"MM","Myanmar",2012,
"MM","Myanmar",2013,
"NA","Namibia",2000,3941859638
"NA","Namibia",2001,3545664900
"NA","Namibia",2002,3395021399
"NA","Namibia",2003,5160199782
"NA","Namibia",2004,6690279777
"NA","Namibia",2005,7148868185
"NA","Namibia",2006,7926841950
"NA","Namibia",2007,8580250988
"NA","Namibia",2008,8330364308
"NA","Namibia",2009,8690327079
"NA","Namibia",2010,10766645297
"NA","Namibia",2011,12014930786
"NA","Namibia",2012,12664311815
"NA","Namibia",2013,12989715280
"NP","Nepal",2000,5514252208
"NP","Nepal",2001,6030204082
"NP","Nepal",2002,6042907942
"NP","Nepal",2003,6321782545
"NP","Nepal",2004,7251112702
"NP","Nepal",2005,8152825710
"NP","Nepal",2006,9112239664
"NP","Nepal",2007,10431055152
"NP","Nepal",2008,12667669492
"NP","Nepal",2009,13053008459
"NP","Nepal",2010,16116345897
"NP","Nepal",2011,18954452873
"NP","Nepal",2012,19361363665
"NP","Nepal",2013,19443423605
"NL","Netherlands",2000,4.21371e+11
"NL","Netherlands",2001,4.23333e+11
"NL","Netherlands",2002,4.64162e+11
"NL","Netherlands",2003,5.77762e+11
"NL","Netherlands",2004,6.59679e+11
"NL","Netherlands",2005,6.72847e+11
"NL","Netherlands",2006,7.29702e+11
"NL","Netherlands",2007,8.3831e+11
"NL","Netherlands",2008,9.1098e+11
"NL","Netherlands",2009,8.5237e+11
"NL","Netherlands",2010,8.41677e+11
"NL","Netherlands",2011,8.94344e+11
"NL","Netherlands",2012,8.33279e+11
"NL","Netherlands",2013,8.55372e+11
"NC","New Caledonia",2000,2682347064
"NC","New Caledonia",2001,
"NC","New Caledonia",2002,
"NC","New Caledonia",2003,
"NC","New Caledonia",2004,
"NC","New Caledonia",2005,
"NC","New Caledonia",2006,
"NC","New Caledonia",2007,
"NC","New Caledonia",2008,
"NC","New Caledonia",2009,
"NC","New Caledonia",2010,
"NC","New Caledonia",2011,
"NC","New Caledonia",2012,
"NC","New Caledonia",2013,
"NZ","New Zealand",2000,49017959865
"NZ","New Zealand",2001,50575506446
"NZ","New Zealand",2002,62657203411
"NZ","New Zealand",2003,83236777818
"NZ","New Zealand",2004,97117848739
"NZ","New Zealand",2005,1.06359e+11
"NZ","New Zealand",2006,1.027e+11
"NZ","New Zealand",2007,1.25489e+11
"NZ","New Zealand",2008,1.20845e+11
"NZ","New Zealand",2009,1.14026e+11
"NZ","New Zealand",2010,1.36188e+11
"NZ","New Zealand",2011,1.56369e+11
"NZ","New Zealand",2012,1.63783e+11
"NZ","New Zealand",2013,
"NI","Nicaragua",2000,4905529007
"NI","Nicaragua",2001,5082846569
"NI","Nicaragua",2002,5018313018
"NI","Nicaragua",2003,5124237646
"NI","Nicaragua",2004,5603468205
"NI","Nicaragua",2005,6172552516
"NI","Nicaragua",2006,6522487006
"NI","Nicaragua",2007,7232006548
"NI","Nicaragua",2008,8266671142
"NI","Nicaragua",2009,8125519226
"NI","Nicaragua",2010,8699548089
"NI","Nicaragua",2011,9648730484
"NI","Nicaragua",2012,10343915296
"NI","Nicaragua",2013,10942524423
"NE","Niger",2000,1781941401
"NE","Niger",2001,1930329226
"NE","Niger",2002,2146275939
"NE","Niger",2003,2705236718
"NE","Niger",2004,3039991037
"NE","Niger",2005,3395616103
"NE","Niger",2006,3647941605
"NE","Niger",2007,4290922660
"NE","Niger",2008,5384334204
"NE","Niger",2009,5362461274
"NE","Niger",2010,5674417064
"NE","Niger",2011,6362151286
"NE","Niger",2012,6556842457
"NE","Niger",2013,7223222816
"NG","Nigeria",2000,40237918771
"NG","Nigeria",2001,40042801070
"NG","Nigeria",2002,53019398732
"NG","Nigeria",2003,59996125212
"NG","Nigeria",2004,77987505370
"NG","Nigeria",2005,98881148053
"NG","Nigeria",2006,1.40787e+11
"NG","Nigeria",2007,1.54603e+11
"NG","Nigeria",2008,1.9291e+11
"NG","Nigeria",2009,1.54918e+11
"NG","Nigeria",2010,3.49388e+11
"NG","Nigeria",2011,3.88771e+11
"NG","Nigeria",2012,4.40674e+11
"NG","Nigeria",2013,4.99041e+11
"KP","North Korea",2000,
"KP","North Korea",2001,
"KP","North Korea",2002,
"KP","North Korea",2003,
"KP","North Korea",2004,
"KP","North Korea",2005,
"KP","North Korea",2006,
"KP","North Korea",2007,
"KP","North Korea",2008,
"KP","North Korea",2009,
"KP","North Korea",2010,
"KP","North Korea",2011,
"KP","North Korea",2012,
"KP","North Korea",2013,
"MP","Northern Mariana Islands",2000,
"MP","Northern Mariana Islands",2001,
"MP","Northern Mariana Islands",2002,
"MP","Northern Mariana Islands",2003,
"MP","Northern Mariana Islands",2004,
"MP","Northern Mariana Islands",2005,
"MP","Northern Mariana Islands",2006,
"MP","Northern Mariana Islands",2007,
"MP","Northern Mariana Islands",2008,
"MP","Northern Mariana Islands",2009,
"MP","Northern Mariana Islands",2010,
"MP","Northern Mariana Islands",2011,
"MP","Northern Mariana Islands",2012,
"MP","Northern Mariana Islands",2013,
"NO","Norway",2000,1.66018e+11
"NO","Norway",2001,1.71075e+11
"NO","Norway",2002,1.92516e+11
"NO","Norway",2003,2.2628e+11
"NO","Norway",2004,2.60527e+11
"NO","Norway",2005,3.0744e+11
"NO","Norway",2006,3.40286e+11
"NO","Norway",2007,3.92239e+11
"NO","Norway",2008,4.51791e+11
"NO","Norway",2009,3.80991e+11
"NO","Norway",2010,4.25902e+11
"NO","Norway",2011,4.96066e+11
"NO","Norway",2012,5.10649e+11
"NO","Norway",2013,5.20893e+11
"OM","Oman",2000,18754220495
"OM","Oman",2001,18744015761
"OM","Oman",2002,19081924731
"OM","Oman",2003,21001300559
"OM","Oman",2004,24283485241
"OM","Oman",2005,29882965130
"OM","Oman",2006,33230689475
"OM","Oman",2007,37279324098
"OM","Oman",2008,52681404846
"OM","Oman",2009,39787776654
"OM","Oman",2010,50227828753
"OM","Oman",2011,59436411402
"OM","Oman",2012,90220806969
"OM","Oman",2013,
"PK","Pakistan",2000,73025445760
"PK","Pakistan",2001,71373943662
"PK","Pakistan",2002,72691117246
"PK","Pakistan",2003,85836776507
"PK","Pakistan",2004,1.0014e+11
"PK","Pakistan",2005,1.11767e+11
"PK","Pakistan",2006,1.39768e+11
"PK","Pakistan",2007,1.54985e+11
"PK","Pakistan",2008,1.73418e+11
"PK","Pakistan",2009,1.72279e+11
"PK","Pakistan",2010,1.83913e+11
"PK","Pakistan",2011,2.23173e+11
"PK","Pakistan",2012,2.35976e+11
"PK","Pakistan",2013,2.44281e+11
"PW","Palau",2000,149607800
"PW","Palau",2001,158557200
"PW","Palau",2002,158791500
"PW","Palau",2003,160271600
"PW","Palau",2004,175993600
"PW","Palau",2005,189365100
"PW","Palau",2006,192654800
"PW","Palau",2007,196326200
"PW","Palau",2008,201038500
"PW","Palau",2009,190426700
"PW","Palau",2010,190196500
"PW","Palau",2011,206452900
"PW","Palau",2012,221024000
"PW","Palau",2013,237976600
"PS","Palestine",2000,4822291137
"PS","Palestine",2001,4327119705
"PS","Palestine",2002,3776452687
"PS","Palestine",2003,4203441142
"PS","Palestine",2004,4555366482
"PS","Palestine",2005,5183455239
"PS","Palestine",2006,5337726491
"PS","Palestine",2007,6061202108
"PS","Palestine",2008,7344800000
"PS","Palestine",2009,7800300000
"PS","Palestine",2010,9512200000
"PS","Palestine",2011,11214900000
"PS","Palestine",2012,12118329054
"PS","Palestine",2013,13643713938
"PA","Panama",2000,1.1007e+10
"PA","Panama",2001,11205100000
"PA","Panama",2002,12022400000
"PA","Panama",2003,12191300000
"PA","Panama",2004,13136900000
"PA","Panama",2005,14339800000
"PA","Panama",2006,18395300000
"PA","Panama",2007,2.2516e+10
"PA","Panama",2008,2.6297e+10
"PA","Panama",2009,2.7326e+10
"PA","Panama",2010,3.0229e+10
"PA","Panama",2011,3.1301e+10
"PA","Panama",2012,3.5175e+10
"PA","Panama",2013,4.2387e+10
"PG","Papua New Guinea",2000,3302791315
"PG","Papua New Guinea",2001,2831567412
"PG","Papua New Guinea",2002,2773674369
"PG","Papua New Guinea",2003,3129772979
"PG","Papua New Guinea",2004,3558926282
"PG","Papua New Guinea",2005,4530524108
"PG","Papua New Guinea",2006,4931135411
"PG","Papua New Guinea",2007,6261159292
"PG","Papua New Guinea",2008,7931083676
"PG","Papua New Guinea",2009,7854647926
"PG","Papua New Guinea",2010,9262469910
"PG","Papua New Guinea",2011,12002935891
"PG","Papua New Guinea",2012,15023901313
"PG","Papua New Guinea",2013,14641568278
"PY","Paraguay",2000,7085160260
"PY","Paraguay",2001,6742490890
"PY","Paraguay",2002,5727123462
"PY","Paraguay",2003,5440227318
"PY","Paraguay",2004,6751684944
"PY","Paraguay",2005,7360465284
"PY","Paraguay",2006,9339308164
"PY","Paraguay",2007,12800491843
"PY","Paraguay",2008,17377889604
"PY","Paraguay",2009,14729124066
"PY","Paraguay",2010,18618462990
"PY","Paraguay",2011,23792989862
"PY","Paraguay",2012,23220287768
"PY","Paraguay",2013,27507357544
"PE","Peru",2000,49527879617
"PE","Peru",2001,50491133737
"PE","Peru",2002,53011660660
"PE","Peru",2003,56908808654
"PE","Peru",2004,63083021630
"PE","Peru",2005,69897947512
"PE","Peru",2006,80453516208
"PE","Peru",2007,93873610394
"PE","Peru",2008,1.12829e+11
"PE","Peru",2009,1.12815e+11
"PE","Peru",2010,1.37317e+11
"PE","Peru",2011,1.57207e+11
"PE","Peru",2012,1.80229e+11
"PE","Peru",2013,1.91719e+11
"PH","Philippines",2000,94969133354
"PH","Philippines",2001,90090648535
"PH","Philippines",2002,96488626442
"PH","Philippines",2003,1.02778e+11
"PH","Philippines",2004,1.12511e+11
"PH","Philippines",2005,1.29797e+11
"PH","Philippines",2006,1.53624e+11
"PH","Philippines",2007,1.87095e+11
"PH","Philippines",2008,2.19815e+11
"PH","Philippines",2009,2.23416e+11
"PH","Philippines",2010,2.65929e+11
"PH","Philippines",2011,2.68494e+11
"PH","Philippines",2012,2.99115e+11
"PH","Philippines",2013,3.26316e+11
"PL","Poland",2000,1.73308e+11
"PL","Poland",2001,1.92904e+11
"PL","Poland",2002,2.00578e+11
"PL","Poland",2003,2.18032e+11
"PL","Poland",2004,2.49414e+11
"PL","Poland",2005,3.02593e+11
"PL","Poland",2006,3.38154e+11
"PL","Poland",2007,4.165e+11
"PL","Poland",2008,5.26812e+11
"PL","Poland",2009,4.22447e+11
"PL","Poland",2010,4.58863e+11
"PL","Poland",2011,5.05006e+11
"PL","Poland",2012,4.78711e+11
"PL","Poland",2013,5.06714e+11
"PT","Portugal",2000,1.16104e+11
"PT","Portugal",2001,1.19107e+11
"PT","Portugal",2002,1.31881e+11
"PT","Portugal",2003,1.62894e+11
"PT","Portugal",2004,1.86362e+11
"PT","Portugal",2005,1.94261e+11
"PT","Portugal",2006,2.01931e+11
"PT","Portugal",2007,2.32501e+11
"PT","Portugal",2008,2.51818e+11
"PT","Portugal",2009,2.34807e+11
"PT","Portugal",2010,2.30038e+11
"PT","Portugal",2011,2.39823e+11
"PT","Portugal",2012,2.11634e+11
"PT","Portugal",2013,2.22332e+11
"PR","Puerto Rico",2000,41418575000
"PR","Puerto Rico",2001,45102392000
"PR","Puerto Rico",2002,45999701000
"PR","Puerto Rico",2003,48492231000
"PR","Puerto Rico",2004,51826517000
"PR","Puerto Rico",2005,54861880341
"PR","Puerto Rico",2006,57854319365
"PR","Puerto Rico",2007,60642710617
"PR","Puerto Rico",2008,62703066000
"PR","Puerto Rico",2009,63617936000
"PR","Puerto Rico",2010,64294562000
"PR","Puerto Rico",2011,65720705000
"PR","Puerto Rico",2012,68697597000
"PR","Puerto Rico",2013,70740327000
"QA","Qatar",2000,
"QA","Qatar",2001,
"QA","Qatar",2002,
"QA","Qatar",2003,
"QA","Qatar",2004,29492306842
"QA","Qatar",2005,38814834046
"QA","Qatar",2006,57601646692
"QA","Qatar",2007,75473074748
"QA","Qatar",2008,1.08508e+11
"QA","Qatar",2009,88385711738
"QA","Qatar",2010,1.12179e+11
"QA","Qatar",2011,1.56534e+11
"QA","Qatar",2012,1.77814e+11
"QA","Qatar",2013,1.9032e+11
"RO","Romania",2000,37024325528
"RO","Romania",2001,40303772769
"RO","Romania",2002,45527058014
"RO","Romania",2003,58761280106
"RO","Romania",2004,72641447025
"RO","Romania",2005,96278837116
"RO","Romania",2006,1.1862e+11
"RO","Romania",2007,1.64961e+11
"RO","Romania",2008,1.98922e+11
"RO","Romania",2009,1.61691e+11
"RO","Romania",2010,1.62255e+11
"RO","Romania",2011,1.79539e+11
"RO","Romania",2012,1.6551e+11
"RO","Romania",2013,1.83821e+11
"RU","Russian Federation",2000,2.52972e+11
"RU","Russian Federation",2001,3.02365e+11
"RU","Russian Federation",2002,3.38527e+11
"RU","Russian Federation",2003,4.17177e+11
"RU","Russian Federation",2004,5.78246e+11
"RU","Russian Federation",2005,7.45475e+11
"RU","Russian Federation",2006,9.61127e+11
"RU","Russian Federation",2007,1.27088e+12
"RU","Russian Federation",2008,1.61436e+12
"RU","Russian Federation",2009,1.1829e+12
"RU","Russian Federation",2010,1.47781e+12
"RU","Russian Federation",2011,1.84446e+12
"RU","Russian Federation",2012,1.9493e+12
"RU","Russian Federation",2013,2.01657e+12
"RW","Rwanda",2000,1719254190
"RW","Rwanda",2001,1651530126
"RW","Rwanda",2002,1658397003
"RW","Rwanda",2003,1815446759
"RW","Rwanda",2004,2055534149
"RW","Rwanda",2005,2554252482
"RW","Rwanda",2006,3081670246
"RW","Rwanda",2007,3758227969
"RW","Rwanda",2008,4761499088
"RW","Rwanda",2009,5273470254
"RW","Rwanda",2010,5656021359
"RW","Rwanda",2011,6354923070
"RW","Rwanda",2012,7145839918
"RW","Rwanda",2013,7406888444
"KN","Saint Kitts and Nevis",2000,389948881
"KN","Saint Kitts and Nevis",2001,425848188.3
"KN","Saint Kitts and Nevis",2002,442724472.2
"KN","Saint Kitts and Nevis",2003,419617624.3
"KN","Saint Kitts and Nevis",2004,462249251.1
"KN","Saint Kitts and Nevis",2005,508031620.7
"KN","Saint Kitts and Nevis",2006,603731174.5
"KN","Saint Kitts and Nevis",2007,653204210.7
"KN","Saint Kitts and Nevis",2008,700521925.9
"KN","Saint Kitts and Nevis",2009,674990037
"KN","Saint Kitts and Nevis",2010,663272963
"KN","Saint Kitts and Nevis",2011,698404963
"KN","Saint Kitts and Nevis",2012,708142740.7
"KN","Saint Kitts and Nevis",2013,751248925.9
"LC","Saint Lucia",2000,736295357.4
"LC","Saint Lucia",2001,691771024.8
"LC","Saint Lucia",2002,705644209.8
"LC","Saint Lucia",2003,754999912.6
"LC","Saint Lucia",2004,816251911.5
"LC","Saint Lucia",2005,862953281.1
"LC","Saint Lucia",2006,1012451797
"LC","Saint Lucia",2007,1075500611
"LC","Saint Lucia",2008,1099497741
"LC","Saint Lucia",2009,1131448185
"LC","Saint Lucia",2010,1204729889
"LC","Saint Lucia",2011,1269683593
"LC","Saint Lucia",2012,1267368111
"LC","Saint Lucia",2013,1310321926
"MF","Saint Martin ",2000,
"MF","Saint Martin ",2001,
"MF","Saint Martin ",2002,
"MF","Saint Martin ",2003,
"MF","Saint Martin ",2004,
"MF","Saint Martin ",2005,
"MF","Saint Martin ",2006,
"MF","Saint Martin ",2007,
"MF","Saint Martin ",2008,
"MF","Saint Martin ",2009,
"MF","Saint Martin ",2010,
"MF","Saint Martin ",2011,
"MF","Saint Martin ",2012,
"MF","Saint Martin ",2013,
"VC","Saint Vincent & the Grenadines",2000,377087289.6
"VC","Saint Vincent & the Grenadines",2001,413555955.7
"VC","Saint Vincent & the Grenadines",2002,444280584.7
"VC","Saint Vincent & the Grenadines",2003,457973288.2
"VC","Saint Vincent & the Grenadines",2004,492390176.5
"VC","Saint Vincent & the Grenadines",2005,521126435.2
"VC","Saint Vincent & the Grenadines",2006,585080471.1
"VC","Saint Vincent & the Grenadines",2007,662042740.7
"VC","Saint Vincent & the Grenadines",2008,672586370.4
"VC","Saint Vincent & the Grenadines",2009,661911148.1
"VC","Saint Vincent & the Grenadines",2010,668947037
"VC","Saint Vincent & the Grenadines",2011,663464592.6
"VC","Saint Vincent & the Grenadines",2012,689485333.3
"VC","Saint Vincent & the Grenadines",2013,705637407.4
"WS","Samoa",2000,269038602
"WS","Samoa",2001,274468573.1
"WS","Samoa",2002,288763615
"WS","Samoa",2003,326837792.8
"WS","Samoa",2004,413599650.8
"WS","Samoa",2005,438633010.9
"WS","Samoa",2006,474099755.2
"WS","Samoa",2007,512916442.2
"WS","Samoa",2008,601820145.2
"WS","Samoa",2009,531626117.7
"WS","Samoa",2010,622454300.1
"WS","Samoa",2011,710610469.4
"WS","Samoa",2012,765087286.2
"WS","Samoa",2013,772596131.1
"SM","San Marino",2000,677169187.1
"SM","San Marino",2001,706928797.1
"SM","San Marino",2002,780197355.1
"SM","San Marino",2003,1005604562
"SM","San Marino",2004,1169605165
"SM","San Marino",2005,1206287619
"SM","San Marino",2006,1288429276
"SM","San Marino",2007,1493335669
"SM","San Marino",2008,1681063439
"SM","San Marino",2009,
"SM","San Marino",2010,
"SM","San Marino",2011,
"SM","San Marino",2012,
"SM","San Marino",2013,
"ST","Sao Tome & Principe",2000,
"ST","Sao Tome & Principe",2001,73404420.85
"ST","Sao Tome & Principe",2002,81276036.76
"ST","Sao Tome & Principe",2003,98797519.53
"ST","Sao Tome & Principe",2004,107627221.1
"ST","Sao Tome & Principe",2005,120330979
"ST","Sao Tome & Principe",2006,138214112.4
"ST","Sao Tome & Principe",2007,148733764.9
"ST","Sao Tome & Principe",2008,183393051.8
"ST","Sao Tome & Principe",2009,196189630.4
"ST","Sao Tome & Principe",2010,200668849.7
"ST","Sao Tome & Principe",2011,247861853
"ST","Sao Tome & Principe",2012,261116281.9
"ST","Sao Tome & Principe",2013,308177127.5
"SA","Saudi Arabia",2000,1.88922e+11
"SA","Saudi Arabia",2001,1.82493e+11
"SA","Saudi Arabia",2002,1.8833e+11
"SA","Saudi Arabia",2003,2.13273e+11
"SA","Saudi Arabia",2004,2.6e+11
"SA","Saudi Arabia",2005,3.34315e+11
"SA","Saudi Arabia",2006,3.85392e+11
"SA","Saudi Arabia",2007,4.22305e+11
"SA","Saudi Arabia",2008,5.28964e+11
"SA","Saudi Arabia",2009,4.37711e+11
"SA","Saudi Arabia",2010,5.33855e+11
"SA","Saudi Arabia",2011,6.79191e+11
"SA","Saudi Arabia",2012,7.44944e+11
"SA","Saudi Arabia",2013,7.4845e+11
"SN","Senegal",2000,4589012015
"SN","Senegal",2001,4799782674
"SN","Senegal",2002,5232162403
"SN","Senegal",2003,6764877883
"SN","Senegal",2004,7941187336
"SN","Senegal",2005,8551474717
"SN","Senegal",2006,9270535718
"SN","Senegal",2007,11188702951
"SN","Senegal",2008,13338804327
"SN","Senegal",2009,12634292871
"SN","Senegal",2010,12799081030
"SN","Senegal",2011,14273576873
"SN","Senegal",2012,13865417727
"SN","Senegal",2013,14606217211
"RS","Serbia",2000,6539544838
"RS","Serbia",2001,12273153286
"RS","Serbia",2002,16044113334
"RS","Serbia",2003,21052898214
"RS","Serbia",2004,24644447488
"RS","Serbia",2005,25925756641
"RS","Serbia",2006,30194479402
"RS","Serbia",2007,39474564161
"RS","Serbia",2008,47894343914
"RS","Serbia",2009,41925761411
"RS","Serbia",2010,38478033038
"RS","Serbia",2011,45409146976
"RS","Serbia",2012,39620791229
"RS","Serbia",2013,43641097595
"SC","Seychelles",2000,583244216.9
"SC","Seychelles",2001,604822112.8
"SC","Seychelles",2002,629505220.5
"SC","Seychelles",2003,662708814.9
"SC","Seychelles",2004,883251635.4
"SC","Seychelles",2005,876871019.8
"SC","Seychelles",2006,976158859.2
"SC","Seychelles",2007,954947087.3
"SC","Seychelles",2008,894279461.9
"SC","Seychelles",2009,800866936.7
"SC","Seychelles",2010,926075289.1
"SC","Seychelles",2011,1008282109
"SC","Seychelles",2012,986539101.6
"SC","Seychelles",2013,1392894087
"SL","Sierra Leone",2000,616098892.2
"SL","Sierra Leone",2001,1052309961
"SL","Sierra Leone",2002,1208969738
"SL","Sierra Leone",2003,1344452566
"SL","Sierra Leone",2004,1399108717
"SL","Sierra Leone",2005,1589853119
"SL","Sierra Leone",2006,1847768983
"SL","Sierra Leone",2007,2264481804
"SL","Sierra Leone",2008,2700760493
"SL","Sierra Leone",2009,2665042459
"SL","Sierra Leone",2010,2606598505
"SL","Sierra Leone",2011,3039492801
"SL","Sierra Leone",2012,3439492065
"SL","Sierra Leone",2013,4515597692
"SG","Singapore",2000,95248603509
"SG","Singapore",2001,88350400243
"SG","Singapore",2002,89368168563
"SG","Singapore",2003,93639226641
"SG","Singapore",2004,1.06146e+11
"SG","Singapore",2005,1.18993e+11
"SG","Singapore",2006,1.42546e+11
"SG","Singapore",2007,1.74304e+11
"SG","Singapore",2008,1.83561e+11
"SG","Singapore",2009,1.8349e+11
"SG","Singapore",2010,2.35075e+11
"SG","Singapore",2011,2.70134e+11
"SG","Singapore",2012,2.80096e+11
"SG","Singapore",2013,2.90759e+11
"SX","Sint Maarten (Dutch part)",2000,
"SX","Sint Maarten (Dutch part)",2001,
"SX","Sint Maarten (Dutch part)",2002,
"SX","Sint Maarten (Dutch part)",2003,
"SX","Sint Maarten (Dutch part)",2004,
"SX","Sint Maarten (Dutch part)",2005,
"SX","Sint Maarten (Dutch part)",2006,
"SX","Sint Maarten (Dutch part)",2007,
"SX","Sint Maarten (Dutch part)",2008,
"SX","Sint Maarten (Dutch part)",2009,
"SX","Sint Maarten (Dutch part)",2010,
"SX","Sint Maarten (Dutch part)",2011,
"SX","Sint Maarten (Dutch part)",2012,
"SX","Sint Maarten (Dutch part)",2013,
"SK","Slovakia",2000,28957987839
"SK","Slovakia",2001,30707651007
"SK","Slovakia",2002,35032091097
"SK","Slovakia",2003,44545146727
"SK","Slovakia",2004,55131239136
"SK","Slovakia",2005,61031463748
"SK","Slovakia",2006,68436833522
"SK","Slovakia",2007,83571448125
"SK","Slovakia",2008,97929105024
"SK","Slovakia",2009,88098221728
"SK","Slovakia",2010,86930728477
"SK","Slovakia",2011,95637753684
"SK","Slovakia",2012,90847745085
"SK","Slovakia",2013,95768454594
"SI","Slovenia",2000,20380915093
"SI","Slovenia",2001,20942909073
"SI","Slovenia",2002,23447334553
"SI","Slovenia",2003,29488115255
"SI","Slovenia",2004,34152051895
"SI","Slovenia",2005,36171806426
"SI","Slovenia",2006,39276458070
"SI","Slovenia",2007,47243087873
"SI","Slovenia",2008,54246081734
"SI","Slovenia",2009,49559183106
"SI","Slovenia",2010,47507019868
"SI","Slovenia",2011,50817208785
"SI","Slovenia",2012,45916099191
"SI","Slovenia",2013,47633961763
"SB","Solomon Islands",2000,435501217.2
"SB","Solomon Islands",2001,402964593
"SB","Solomon Islands",2002,339763053.7
"SB","Solomon Islands",2003,331836306.5
"SB","Solomon Islands",2004,378809694.5
"SB","Solomon Islands",2005,415509874
"SB","Solomon Islands",2006,460935444.9
"SB","Solomon Islands",2007,479709150.3
"SB","Solomon Islands",2008,513992750.7
"SB","Solomon Islands",2009,432865363.1
"SB","Solomon Islands",2010,508297854.9
"SB","Solomon Islands",2011,690173187.3
"SB","Solomon Islands",2012,897572458.2
"SB","Solomon Islands",2013,960496925.5
"SO","Somalia",2000,
"SO","Somalia",2001,
"SO","Somalia",2002,
"SO","Somalia",2003,
"SO","Somalia",2004,
"SO","Somalia",2005,
"SO","Somalia",2006,
"SO","Somalia",2007,
"SO","Somalia",2008,
"SO","Somalia",2009,
"SO","Somalia",2010,
"SO","Somalia",2011,
"SO","Somalia",2012,
"SO","Somalia",2013,
"ZA","South Africa",2000,1.29702e+11
"ZA","South Africa",2001,1.14739e+11
"ZA","South Africa",2002,1.08305e+11
"ZA","South Africa",2003,1.6361e+11
"ZA","South Africa",2004,2.14775e+11
"ZA","South Africa",2005,2.4211e+11
"ZA","South Africa",2006,2.55872e+11
"ZA","South Africa",2007,2.76404e+11
"ZA","South Africa",2008,2.64199e+11
"ZA","South Africa",2009,2.77867e+11
"ZA","South Africa",2010,3.5798e+11
"ZA","South Africa",2011,3.94726e+11
"ZA","South Africa",2012,3.73455e+11
"ZA","South Africa",2013,3.43243e+11
"KR","South Korea",2000,5.57592e+11
"KR","South Korea",2001,5.29398e+11
"KR","South Korea",2002,6.06561e+11
"KR","South Korea",2003,6.77888e+11
"KR","South Korea",2004,7.63314e+11
"KR","South Korea",2005,8.91115e+11
"KR","South Korea",2006,1.00802e+12
"KR","South Korea",2007,1.11927e+12
"KR","South Korea",2008,1.00215e+12
"KR","South Korea",2009,8.998e+11
"KR","South Korea",2010,1.0956e+12
"KR","South Korea",2011,1.20955e+12
"KR","South Korea",2012,1.23536e+12
"KR","South Korea",2013,1.31622e+12
"SS","South Sudan",2000,
"SS","South Sudan",2001,
"SS","South Sudan",2002,
"SS","South Sudan",2003,
"SS","South Sudan",2004,
"SS","South Sudan",2005,
"SS","South Sudan",2006,
"SS","South Sudan",2007,
"SS","South Sudan",2008,10962081002
"SS","South Sudan",2009,8867434410
"SS","South Sudan",2010,11040437348
"SS","South Sudan",2011,12115921541
"SS","South Sudan",2012,9923728814
"SS","South Sudan",2013,10791186441
"ES","Spain",2000,5.93191e+11
"ES","Spain",2001,6.19353e+11
"ES","Spain",2002,6.97316e+11
"ES","Spain",2003,8.99524e+11
"ES","Spain",2004,1.05978e+12
"ES","Spain",2005,1.14051e+12
"ES","Spain",2006,1.24247e+12
"ES","Spain",2007,1.4435e+12
"ES","Spain",2008,1.59117e+12
"ES","Spain",2009,1.47149e+12
"ES","Spain",2010,1.41152e+12
"ES","Spain",2011,1.46929e+12
"ES","Spain",2012,1.34435e+12
"ES","Spain",2013,1.38343e+12
"LK","Sri Lanka",2000,16016130113
"LK","Sri Lanka",2001,15464538257
"LK","Sri Lanka",2002,16851285804
"LK","Sri Lanka",2003,18710453792
"LK","Sri Lanka",2004,20457644036
"LK","Sri Lanka",2005,24106796020
"LK","Sri Lanka",2006,27878568680
"LK","Sri Lanka",2007,31998137769
"LK","Sri Lanka",2008,39745684483
"LK","Sri Lanka",2009,41582547416
"LK","Sri Lanka",2010,48950362639
"LK","Sri Lanka",2011,58526471918
"LK","Sri Lanka",2012,58178910658
"LK","Sri Lanka",2013,65362559058
"SD","Sudan",2000,11548341627
"SD","Sudan",2001,12296729245
"SD","Sudan",2002,13857518893
"SD","Sudan",2003,16246711164
"SD","Sudan",2004,19787795661
"SD","Sudan",2005,24581223615
"SD","Sudan",2006,33620027050
"SD","Sudan",2007,42704531045
"SD","Sudan",2008,50829389150
"SD","Sudan",2009,49160484649
"SD","Sudan",2010,60504606389
"SD","Sudan",2011,64557822242
"SD","Sudan",2012,60730439061
"SD","Sudan",2013,63769449523
"SR","Suriname",2000,890664393.9
"SR","Suriname",2001,683465550.5
"SR","Suriname",2002,1034799149
"SR","Suriname",2003,1222696078
"SR","Suriname",2004,1421192538
"SR","Suriname",2005,1753157833
"SR","Suriname",2006,2606231778
"SR","Suriname",2007,2935664845
"SR","Suriname",2008,3540400729
"SR","Suriname",2009,3877158470
"SR","Suriname",2010,4330407227
"SR","Suriname",2011,4342992656
"SR","Suriname",2012,4955030303
"SR","Suriname",2013,5261787879
"SZ","Swaziland",2000,1558692850
"SZ","Swaziland",2001,1451660041
"SZ","Swaziland",2002,1227484011
"SZ","Swaziland",2003,1812063440
"SZ","Swaziland",2004,2423212947
"SZ","Swaziland",2005,2762365753
"SZ","Swaziland",2006,2961907166
"SZ","Swaziland",2007,3094942562
"SZ","Swaziland",2008,3014517220
"SZ","Swaziland",2009,3069129107
"SZ","Swaziland",2010,3802056562
"SZ","Swaziland",2011,3890068310
"SZ","Swaziland",2012,3748256711
"SZ","Swaziland",2013,3434785383
"SE","Sweden",2000,2.59837e+11
"SE","Sweden",2001,2.39997e+11
"SE","Sweden",2002,2.64501e+11
"SE","Sweden",2003,3.36674e+11
"SE","Sweden",2004,3.83804e+11
"SE","Sweden",2005,3.94301e+11
"SE","Sweden",2006,4.29976e+11
"SE","Sweden",2007,5.05149e+11
"SE","Sweden",2008,5.34827e+11
"SE","Sweden",2009,4.40684e+11
"SE","Sweden",2010,5.01833e+11
"SE","Sweden",2011,5.79184e+11
"SE","Sweden",2012,5.60812e+11
"SE","Sweden",2013,5.99333e+11
"CH","Switzerland",2000,2.8976e+11
"CH","Switzerland",2001,2.89723e+11
"CH","Switzerland",2002,3.09527e+11
"CH","Switzerland",2003,3.75624e+11
"CH","Switzerland",2004,4.18554e+11
"CH","Switzerland",2005,4.4236e+11
"CH","Switzerland",2006,4.61906e+11
"CH","Switzerland",2007,4.80979e+11
"CH","Switzerland",2008,5.16108e+11
"CH","Switzerland",2009,5.50594e+11
"CH","Switzerland",2010,6.16381e+11
"CH","Switzerland",2011,7.03308e+11
"CH","Switzerland",2012,6.7925e+11
"CH","Switzerland",2013,7.17436e+11
"SY","Syria",2000,18446494913
"SY","Syria",2001,20316833784
"SY","Syria",2002,20657248818
"SY","Syria",2003,20975661635
"SY","Syria",2004,24333960521
"SY","Syria",2005,27979782709
"SY","Syria",2006,32393616325
"SY","Syria",2007,39715797004
"SY","Syria",2008,
"SY","Syria",2009,
"SY","Syria",2010,
"SY","Syria",2011,
"SY","Syria",2012,
"SY","Syria",2013,
"TJ","Tajikistan",2000,824421571.9
"TJ","Tajikistan",2001,1030087871
"TJ","Tajikistan",2002,1164318185
"TJ","Tajikistan",2003,1463870472
"TJ","Tajikistan",2004,1999567263
"TJ","Tajikistan",2005,2233776163
"TJ","Tajikistan",2006,2728872932
"TJ","Tajikistan",2007,3633602659
"TJ","Tajikistan",2008,5108401130
"TJ","Tajikistan",2009,4908200737
"TJ","Tajikistan",2010,5563445549
"TJ","Tajikistan",2011,6483155346
"TJ","Tajikistan",2012,7581249101
"TJ","Tajikistan",2013,8457867912
"TZ","Tanzania",2000,10113998171
"TZ","Tanzania",2001,10264194398
"TZ","Tanzania",2002,10697206324
"TZ","Tanzania",2003,11536157191
"TZ","Tanzania",2004,12710164634
"TZ","Tanzania",2005,13836255849
"TZ","Tanzania",2006,14163830655
"TZ","Tanzania",2007,16661401236
"TZ","Tanzania",2008,20423624183
"TZ","Tanzania",2009,21105067886
"TZ","Tanzania",2010,22626286928
"TZ","Tanzania",2011,23625732849
"TZ","Tanzania",2012,27541303335
"TZ","Tanzania",2013,33033243983
"TH","Thailand",2000,1.20809e+11
"TH","Thailand",2001,1.12531e+11
"TH","Thailand",2002,1.22491e+11
"TH","Thailand",2003,1.36784e+11
"TH","Thailand",2004,1.54104e+11
"TH","Thailand",2005,1.67799e+11
"TH","Thailand",2006,1.98726e+11
"TH","Thailand",2007,2.37961e+11
"TH","Thailand",2008,2.62864e+11
"TH","Thailand",2009,2.5343e+11
"TH","Thailand",2010,3.05181e+11
"TH","Thailand",2011,3.33324e+11
"TH","Thailand",2012,3.51389e+11
"TH","Thailand",2013,3.61245e+11
"TL","Timor-Leste",2000,5.9e+08
"TL","Timor-Leste",2001,6.49e+08
"TL","Timor-Leste",2002,7.73e+08
"TL","Timor-Leste",2003,6.74e+08
"TL","Timor-Leste",2004,6.89e+08
"TL","Timor-Leste",2005,8.33e+08
"TL","Timor-Leste",2006,1.27e+09
"TL","Timor-Leste",2007,1.922e+09
"TL","Timor-Leste",2008,3.257e+09
"TL","Timor-Leste",2009,2.556e+09
"TL","Timor-Leste",2010,3.295e+09
"TL","Timor-Leste",2011,4.724e+09
"TL","Timor-Leste",2012,4.69e+09
"TL","Timor-Leste",2013,
"TG","Togo",2000,1265266265
"TG","Togo",2001,1302971328
"TG","Togo",2002,1452941731
"TG","Togo",2003,1650239333
"TG","Togo",2004,1903513789
"TG","Togo",2005,2079925422
"TG","Togo",2006,2165013506
"TG","Togo",2007,2493199755
"TG","Togo",2008,2794207939
"TG","Togo",2009,2803416842
"TG","Togo",2010,2761612068
"TG","Togo",2011,3197519286
"TG","Togo",2012,3331306681
"TG","Togo",2013,3696324184
"TO","Tonga",2000,191044071.7
"TO","Tonga",2001,167664937
"TO","Tonga",2002,185177949.1
"TO","Tonga",2003,209995377.3
"TO","Tonga",2004,243897137.5
"TO","Tonga",2005,264725246
"TO","Tonga",2006,301174817.6
"TO","Tonga",2007,308242959.1
"TO","Tonga",2008,354350132.5
"TO","Tonga",2009,324926735.4
"TO","Tonga",2010,373170307.6
"TO","Tonga",2011,432001980.8
"TO","Tonga",2012,485347898.1
"TO","Tonga",2013,478959084.1
"TT","Trinidad & Tobago",2000,7525815678
"TT","Trinidad & Tobago",2001,8285573123
"TT","Trinidad & Tobago",2002,8528473521
"TT","Trinidad & Tobago",2003,10555060517
"TT","Trinidad & Tobago",2004,12487412298
"TT","Trinidad & Tobago",2005,15328539469
"TT","Trinidad & Tobago",2006,17525036221
"TT","Trinidad & Tobago",2007,20855662708
"TT","Trinidad & Tobago",2008,26928045763
"TT","Trinidad & Tobago",2009,18301586037
"TT","Trinidad & Tobago",2010,19669161274
"TT","Trinidad & Tobago",2011,20584820098
"TT","Trinidad & Tobago",2012,20180331471
"TT","Trinidad & Tobago",2013,21217500196
"TN","Tunisia",2000,20524768367
"TN","Tunisia",2001,21154514492
"TN","Tunisia",2002,22190805165
"TN","Tunisia",2003,26408459449
"TN","Tunisia",2004,29935447611
"TN","Tunisia",2005,30645412490
"TN","Tunisia",2006,32797145004
"TN","Tunisia",2007,36825136612
"TN","Tunisia",2008,42244136028
"TN","Tunisia",2009,41370139969
"TN","Tunisia",2010,42169554283
"TN","Tunisia",2011,43633044467
"TN","Tunisia",2012,43172098086
"TN","Tunisia",2013,44799778421
"TR","Turkey",2000,2.62146e+11
"TR","Turkey",2001,1.90503e+11
"TR","Turkey",2002,2.27981e+11
"TR","Turkey",2003,2.97477e+11
"TR","Turkey",2004,3.8657e+11
"TR","Turkey",2005,4.77153e+11
"TR","Turkey",2006,5.24232e+11
"TR","Turkey",2007,6.40055e+11
"TR","Turkey",2008,7.22029e+11
"TR","Turkey",2009,6.06262e+11
"TR","Turkey",2010,7.23966e+11
"TR","Turkey",2011,7.66923e+11
"TR","Turkey",2012,7.81716e+11
"TR","Turkey",2013,8.12788e+11
"TM","Turkmenistan",2000,2727382605
"TM","Turkmenistan",2001,3429771969
"TM","Turkmenistan",2002,4339728989
"TM","Turkmenistan",2003,5899440583
"TM","Turkmenistan",2004,6731351088
"TM","Turkmenistan",2005,7541355717
"TM","Turkmenistan",2006,9976886836
"TM","Turkmenistan",2007,12299718574
"TM","Turkmenistan",2008,18235683677
"TM","Turkmenistan",2009,18957543860
"TM","Turkmenistan",2010,20254035088
"TM","Turkmenistan",2011,25874736842
"TM","Turkmenistan",2012,30628421053
"TM","Turkmenistan",2013,38617543860
"TC","Turks & Caicos Islands",2000,
"TC","Turks & Caicos Islands",2001,
"TC","Turks & Caicos Islands",2002,
"TC","Turks & Caicos Islands",2003,
"TC","Turks & Caicos Islands",2004,
"TC","Turks & Caicos Islands",2005,
"TC","Turks & Caicos Islands",2006,
"TC","Turks & Caicos Islands",2007,
"TC","Turks & Caicos Islands",2008,
"TC","Turks & Caicos Islands",2009,
"TC","Turks & Caicos Islands",2010,
"TC","Turks & Caicos Islands",2011,
"TC","Turks & Caicos Islands",2012,
"TC","Turks & Caicos Islands",2013,
"TV","Tuvalu",2000,
"TV","Tuvalu",2001,24959780.29
"TV","Tuvalu",2002,33313565.83
"TV","Tuvalu",2003,28110060.17
"TV","Tuvalu",2004,36590556
"TV","Tuvalu",2005,37401601.66
"TV","Tuvalu",2006,37831554.81
"TV","Tuvalu",2007,48174817.85
"TV","Tuvalu",2008,49242884.52
"TV","Tuvalu",2009,47386234.79
"TV","Tuvalu",2010,50920622.8
"TV","Tuvalu",2011,57744430.02
"TV","Tuvalu",2012,57963388.13
"TV","Tuvalu",2013,55314056.77
"AE","UAE",2000,
"AE","UAE",2001,1.08376e+11
"AE","UAE",2002,1.10737e+11
"AE","UAE",2003,1.24292e+11
"AE","UAE",2004,1.48532e+11
"AE","UAE",2005,1.83503e+11
"AE","UAE",2006,2.26844e+11
"AE","UAE",2007,2.66523e+11
"AE","UAE",2008,3.19375e+11
"AE","UAE",2009,2.56847e+11
"AE","UAE",2010,2.85949e+11
"AE","UAE",2011,3.47554e+11
"AE","UAE",2012,3.72614e+11
"AE","UAE",2013,
"UG","Uganda",2000,6085590848
"UG","Uganda",2001,5659788032
"UG","Uganda",2002,6044559764
"UG","Uganda",2003,6205210525
"UG","Uganda",2004,7725630984
"UG","Uganda",2005,8748333479
"UG","Uganda",2006,9694756671
"UG","Uganda",2007,12056748128
"UG","Uganda",2008,13980570093
"UG","Uganda",2009,14533579292
"UG","Uganda",2010,15713331675
"UG","Uganda",2011,15179584632
"UG","Uganda",2012,19542079364
"UG","Uganda",2013,22316732950
"GB","UK",2000,1.55754e+12
"GB","UK",2001,1.54305e+12
"GB","UK",2002,1.70026e+12
"GB","UK",2003,1.97454e+12
"GB","UK",2004,2.33785e+12
"GB","UK",2005,2.46792e+12
"GB","UK",2006,2.60949e+12
"GB","UK",2007,2.99142e+12
"GB","UK",2008,2.79659e+12
"GB","UK",2009,2.31288e+12
"GB","UK",2010,2.43446e+12
"GB","UK",2011,2.62186e+12
"GB","UK",2012,2.60664e+12
"GB","UK",2013,2.65793e+12
"UA","Ukraine",2000,30319527427
"UA","Ukraine",2001,37342344577
"UA","Ukraine",2002,41786896031
"UA","Ukraine",2003,49551953288
"UA","Ukraine",2004,64084296565
"UA","Ukraine",2005,85157018069
"UA","Ukraine",2006,1.06031e+11
"UA","Ukraine",2007,1.40602e+11
"UA","Ukraine",2008,1.78452e+11
"UA","Ukraine",2009,1.14788e+11
"UA","Ukraine",2010,1.3441e+11
"UA","Ukraine",2011,1.61004e+11
"UA","Ukraine",2012,1.80603e+11
"UA","Ukraine",2013,1.80979e+11
"UY","Uruguay",2000,22757044476
"UY","Uruguay",2001,20830698298
"UY","Uruguay",2002,13684032691
"UY","Uruguay",2003,11555056721
"UY","Uruguay",2004,13095422650
"UY","Uruguay",2005,16863010417
"UY","Uruguay",2006,19142824257
"UY","Uruguay",2007,22892465189
"UY","Uruguay",2008,29459356614
"UY","Uruguay",2009,29423161016
"UY","Uruguay",2010,37378590310
"UY","Uruguay",2011,45619727969
"UY","Uruguay",2012,48468645059
"UY","Uruguay",2013,53835341888
"US","USA",2000,1.03218e+13
"US","USA",2001,1.06736e+13
"US","USA",2002,1.10261e+13
"US","USA",2003,1.15778e+13
"US","USA",2004,1.23641e+13
"US","USA",2005,1.31863e+13
"US","USA",2006,1.39235e+13
"US","USA",2007,1.46032e+13
"US","USA",2008,1.48906e+13
"US","USA",2009,1.45698e+13
"US","USA",2010,1.51703e+13
"US","USA",2011,1.57646e+13
"US","USA",2012,1.63905e+13
"US","USA",2013,1.69924e+13
"UZ","Uzbekistan",2000,13541374488
"UZ","Uzbekistan",2001,11196351420
"UZ","Uzbekistan",2002,9542951055
"UZ","Uzbekistan",2003,10012112401
"UZ","Uzbekistan",2004,11980923548
"UZ","Uzbekistan",2005,14283209839
"UZ","Uzbekistan",2006,16885296203
"UZ","Uzbekistan",2007,23242394023
"UZ","Uzbekistan",2008,29656048681
"UZ","Uzbekistan",2009,33713828373
"UZ","Uzbekistan",2010,40491770926
"UZ","Uzbekistan",2011,47103619984
"UZ","Uzbekistan",2012,52422132145
"UZ","Uzbekistan",2013,58119379475
"VU","Vanuatu",2000,259014693.1
"VU","Vanuatu",2001,253926881.7
"VU","Vanuatu",2002,251080652.6
"VU","Vanuatu",2003,299289953.6
"VU","Vanuatu",2004,346336881.7
"VU","Vanuatu",2005,369039359
"VU","Vanuatu",2006,416942386.5
"VU","Vanuatu",2007,498760225.7
"VU","Vanuatu",2008,603236948.6
"VU","Vanuatu",2009,586832593
"VU","Vanuatu",2010,679092479.5
"VU","Vanuatu",2011,765682491.9
"VU","Vanuatu",2012,746609094.6
"VU","Vanuatu",2013,793939903.8
"VE","Venezuela",2000,1.1576e+11
"VE","Venezuela",2001,1.2089e+11
"VE","Venezuela",2002,90133586976
"VE","Venezuela",2003,81285191419
"VE","Venezuela",2004,1.08783e+11
"VE","Venezuela",2005,1.43311e+11
"VE","Venezuela",2006,1.82433e+11
"VE","Venezuela",2007,2.33056e+11
"VE","Venezuela",2008,3.16085e+11
"VE","Venezuela",2009,3.25885e+11
"VE","Venezuela",2010,3.87497e+11
"VE","Venezuela",2011,3.09358e+11
"VE","Venezuela",2012,3.71238e+11
"VE","Venezuela",2013,4.3108e+11
"VN","Viet Nam",2000,33193510378
"VN","Viet Nam",2001,34854002684
"VN","Viet Nam",2002,37384010462
"VN","Viet Nam",2003,42088106069
"VN","Viet Nam",2004,48573032508
"VN","Viet Nam",2005,56575238956
"VN","Viet Nam",2006,64945527299
"VN","Viet Nam",2007,75243501680
"VN","Viet Nam",2008,96180833934
"VN","Viet Nam",2009,1.01448e+11
"VN","Viet Nam",2010,1.11513e+11
"VN","Viet Nam",2011,1.29698e+11
"VN","Viet Nam",2012,1.49569e+11
"VN","Viet Nam",2013,1.64182e+11
"VI","Virgin Islands (US)",2000,
"VI","Virgin Islands (US)",2001,
"VI","Virgin Islands (US)",2002,
"VI","Virgin Islands (US)",2003,
"VI","Virgin Islands (US)",2004,
"VI","Virgin Islands (US)",2005,
"VI","Virgin Islands (US)",2006,
"VI","Virgin Islands (US)",2007,
"VI","Virgin Islands (US)",2008,
"VI","Virgin Islands (US)",2009,
"VI","Virgin Islands (US)",2010,
"VI","Virgin Islands (US)",2011,
"VI","Virgin Islands (US)",2012,
"VI","Virgin Islands (US)",2013,
"YE","Yemen",2000,8862682034
"YE","Yemen",2001,9163055443
"YE","Yemen",2002,9874936476
"YE","Yemen",2003,10751195526
"YE","Yemen",2004,12526476901
"YE","Yemen",2005,15139185523
"YE","Yemen",2006,17846205725
"YE","Yemen",2007,24356656502
"YE","Yemen",2008,28590157561
"YE","Yemen",2009,26780749385
"YE","Yemen",2010,29984279701
"YE","Yemen",2011,27110896703
"YE","Yemen",2012,30815179153
"YE","Yemen",2013,34721480758
"ZM","Zambia",2000,3444515195
"ZM","Zambia",2001,3929495408
"ZM","Zambia",2002,4043342044
"ZM","Zambia",2003,4758802502
"ZM","Zambia",2004,5822422443
"ZM","Zambia",2005,7700136128
"ZM","Zambia",2006,11588396348
"ZM","Zambia",2007,12512363375
"ZM","Zambia",2008,16512436608
"ZM","Zambia",2009,14909605231
"ZM","Zambia",2010,18902384269
"ZM","Zambia",2011,22576594784
"ZM","Zambia",2012,24606043367
"ZM","Zambia",2013,26049970548
"ZW","Zimbabwe",2000,6328908700
"ZW","Zimbabwe",2001,6447326200
"ZW","Zimbabwe",2002,6072330100
"ZW","Zimbabwe",2003,5507714700
"ZW","Zimbabwe",2004,5522050000
"ZW","Zimbabwe",2005,5480616600
"ZW","Zimbabwe",2006,5131054900
"ZW","Zimbabwe",2007,4929377100
"ZW","Zimbabwe",2008,3972333100
"ZW","Zimbabwe",2009,8.617e+09
"ZW","Zimbabwe",2010,9263900000
"ZW","Zimbabwe",2011,10049200000
"ZW","Zimbabwe",2012,11513400000
"ZW","Zimbabwe",2013,1.2472e+10
