"di_id","entity_name","year","value"
"AF","Afghanistan",2000,0.01
"AF","Afghanistan",2001,0.05
"AF","Afghanistan",2002,3.74
"AF","Afghanistan",2003,4.29
"AF","Afghanistan",2004,11.83
"AF","Afghanistan",2005,15.39
"AF","Afghanistan",2006,12.28
"AF","Afghanistan",2007,8.69
"AF","Afghanistan",2008,1.78
"AF","Afghanistan",2009,7.68
"AF","Afghanistan",2010,1.75
"AF","Afghanistan",2011,1.64
"AF","Afghanistan",2012,0.74
"AF","Afghanistan",2013,1.35
"AF","Afghanistan",2014,1.02
"AF","Afghanistan",2015,4.57
"AF","Afghanistan",2016,2.87
"AL","Albania",2000,81.88
"AL","Albania",2001,113.55
"AL","Albania",2002,69.33
"AL","Albania",2003,75.75
"AL","Albania",2004,122.33
"AL","Albania",2005,88.54
"AL","Albania",2006,104.72
"AL","Albania",2007,189.34
"AL","Albania",2008,251.12
"AL","Albania",2009,284.93
"AL","Albania",2010,317.37
"AL","Albania",2011,251.93
"AL","Albania",2012,261.45
"AL","Albania",2013,377.28
"AL","Albania",2014,325.69
"AL","Albania",2015,332.27
"AL","Albania",2016,390.93
"DZ","Algeria",2000,14.72
"DZ","Algeria",2001,59.46
"DZ","Algeria",2002,57.21
"DZ","Algeria",2003,30.34
"DZ","Algeria",2004,34.34
"DZ","Algeria",2005,38.51
"DZ","Algeria",2006,56.11
"DZ","Algeria",2007,45.72
"DZ","Algeria",2008,54.87
"DZ","Algeria",2009,71.56
"DZ","Algeria",2010,51.73
"DZ","Algeria",2011,47.1
"DZ","Algeria",2012,26.57
"DZ","Algeria",2013,29.95
"DZ","Algeria",2014,26.75
"DZ","Algeria",2015,0
"DZ","Algeria",2016,38.07
"AS","American Samoa",2000,0
"AS","American Samoa",2001,0
"AS","American Samoa",2002,0
"AS","American Samoa",2003,0
"AS","American Samoa",2004,0
"AS","American Samoa",2005,0
"AS","American Samoa",2006,0
"AS","American Samoa",2007,0
"AS","American Samoa",2008,0
"AS","American Samoa",2009,0
"AS","American Samoa",2010,0
"AS","American Samoa",2011,0
"AS","American Samoa",2012,0
"AS","American Samoa",2013,0
"AS","American Samoa",2014,0
"AS","American Samoa",2015,0
"AS","American Samoa",2016,0
"AD","Andorra",2000,0
"AD","Andorra",2001,0
"AD","Andorra",2002,0
"AD","Andorra",2003,0
"AD","Andorra",2004,0
"AD","Andorra",2005,0
"AD","Andorra",2006,0
"AD","Andorra",2007,0
"AD","Andorra",2008,0
"AD","Andorra",2009,0
"AD","Andorra",2010,0
"AD","Andorra",2011,0
"AD","Andorra",2012,0
"AD","Andorra",2013,0
"AD","Andorra",2014,0
"AD","Andorra",2015,0
"AD","Andorra",2016,0
"AO","Angola",2000,378.31
"AO","Angola",2001,548.55
"AO","Angola",2002,931.14
"AO","Angola",2003,1501.38
"AO","Angola",2004,546.19
"AO","Angola",2005,525.55
"AO","Angola",2006,551.94
"AO","Angola",2007,487.66
"AO","Angola",2008,651.04
"AO","Angola",2009,505.06
"AO","Angola",2010,480.42
"AO","Angola",2011,443.33
"AO","Angola",2012,433.53
"AO","Angola",2013,392.72
"AO","Angola",2014,451.63
"AO","Angola",2015,541.23
"AO","Angola",2016,498.5
"AG","Antigua & Barbuda",2000,675.95
"AG","Antigua & Barbuda",2001,1493.41
"AG","Antigua & Barbuda",2002,978.15
"AG","Antigua & Barbuda",2003,2465.09
"AG","Antigua & Barbuda",2004,1159.15
"AG","Antigua & Barbuda",2005,3018.66
"AG","Antigua & Barbuda",2006,4824.83
"AG","Antigua & Barbuda",2007,4333.4
"AG","Antigua & Barbuda",2008,1926.07
"AG","Antigua & Barbuda",2009,949.61
"AG","Antigua & Barbuda",2010,1109.7
"AG","Antigua & Barbuda",2011,730.56
"AG","Antigua & Barbuda",2012,1440.2
"AG","Antigua & Barbuda",2013,1027.89
"AG","Antigua & Barbuda",2014,1565.01
"AG","Antigua & Barbuda",2015,1506.94
"AG","Antigua & Barbuda",2016,1388.95
"AR","Argentina",2000,338.11
"AR","Argentina",2001,70.27
"AR","Argentina",2002,164.83
"AR","Argentina",2003,107.36
"AR","Argentina",2004,242.16
"AR","Argentina",2005,275.52
"AR","Argentina",2006,265.08
"AR","Argentina",2007,270.42
"AR","Argentina",2008,331.41
"AR","Argentina",2009,138.48
"AR","Argentina",2010,335.48
"AR","Argentina",2011,270.96
"AR","Argentina",2012,341.49
"AR","Argentina",2013,210.26
"AR","Argentina",2014,113.51
"AR","Argentina",2015,238.94
"AR","Argentina",2016,131.03
"AM","Armenia",2000,69.17
"AM","Armenia",2001,46.12
"AM","Armenia",2002,75.22
"AM","Armenia",2003,81
"AM","Armenia",2004,142.07
"AM","Armenia",2005,140.78
"AM","Armenia",2006,196.87
"AM","Armenia",2007,224.18
"AM","Armenia",2008,269.8
"AM","Armenia",2009,253.26
"AM","Armenia",2010,169.01
"AM","Armenia",2011,199.5
"AM","Armenia",2012,154.86
"AM","Armenia",2013,106.02
"AM","Armenia",2014,122.39
"AM","Armenia",2015,61.13
"AM","Armenia",2016,115.57
"AW","Aruba",2000,0
"AW","Aruba",2001,0
"AW","Aruba",2002,0
"AW","Aruba",2003,0
"AW","Aruba",2004,0
"AW","Aruba",2005,0
"AW","Aruba",2006,0
"AW","Aruba",2007,0
"AW","Aruba",2008,0
"AW","Aruba",2009,0
"AW","Aruba",2010,0
"AW","Aruba",2011,0
"AW","Aruba",2012,0
"AW","Aruba",2013,0
"AW","Aruba",2014,0
"AW","Aruba",2015,0
"AW","Aruba",2016,0
"AU","Australia",2000,1486.73
"AU","Australia",2001,874.51
"AU","Australia",2002,1451.93
"AU","Australia",2003,518.32
"AU","Australia",2004,2725.02
"AU","Australia",2005,0
"AU","Australia",2006,1566.81
"AU","Australia",2007,2117.77
"AU","Australia",2008,2235.4
"AU","Australia",2009,1560.52
"AU","Australia",2010,1426.89
"AU","Australia",2011,1934.5
"AU","Australia",2012,1921.59
"AU","Australia",2013,1892.25
"AU","Australia",2014,1426.68
"AU","Australia",2015,820.45
"AU","Australia",2016,1997.34
"AT","Austria",2000,1687.12
"AT","Austria",2001,1135.56
"AT","Austria",2002,25.81
"AT","Austria",2003,946.85
"AT","Austria",2004,432.37
"AT","Austria",2005,1418.59
"AT","Austria",2006,604.69
"AT","Austria",2007,2896.81
"AT","Austria",2008,762.44
"AT","Austria",2009,991.41
"AT","Austria",2010,286.35
"AT","Austria",2011,1100.92
"AT","Austria",2012,436.37
"AT","Austria",2013,592.52
"AT","Austria",2014,462.15
"AT","Austria",2015,441.8
"AT","Austria",2016,0
"AZ","Azerbaijan",2000,28.52
"AZ","Azerbaijan",2001,50.59
"AZ","Azerbaijan",2002,293.25
"AZ","Azerbaijan",2003,649.71
"AZ","Azerbaijan",2004,643.89
"AZ","Azerbaijan",2005,248.93
"AZ","Azerbaijan",2006,0
"AZ","Azerbaijan",2007,0
"AZ","Azerbaijan",2008,1.07
"AZ","Azerbaijan",2009,40.14
"AZ","Azerbaijan",2010,41.45
"AZ","Azerbaijan",2011,85.5
"AZ","Azerbaijan",2012,111.29
"AZ","Azerbaijan",2013,142.53
"AZ","Azerbaijan",2014,237.95
"AZ","Azerbaijan",2015,319.93
"AZ","Azerbaijan",2016,460.96
"BS","Bahamas",2000,2594.2
"BS","Bahamas",2001,2447.86
"BS","Bahamas",2002,1391.23
"BS","Bahamas",2003,2715.68
"BS","Bahamas",2004,2960.55
"BS","Bahamas",2005,3620.97
"BS","Bahamas",2006,4982.46
"BS","Bahamas",2007,5164.12
"BS","Bahamas",2008,4655.33
"BS","Bahamas",2009,2668.62
"BS","Bahamas",2010,3462.98
"BS","Bahamas",2011,4593.92
"BS","Bahamas",2012,3068.63
"BS","Bahamas",2013,3147.37
"BS","Bahamas",2014,4313.48
"BS","Bahamas",2015,1042.05
"BS","Bahamas",2016,1333.87
"BH","Bahrain",2000,925.62
"BH","Bahrain",2001,196.95
"BH","Bahrain",2002,499.82
"BH","Bahrain",2003,1034.48
"BH","Bahrain",2004,1464.72
"BH","Bahrain",2005,1456.57
"BH","Bahrain",2006,3451.03
"BH","Bahrain",2007,921.52
"BH","Bahrain",2008,2224.12
"BH","Bahrain",2009,234.38
"BH","Bahrain",2010,126.25
"BH","Bahrain",2011,70.52
"BH","Bahrain",2012,1056.75
"BH","Bahrain",2013,2510.93
"BH","Bahrain",2014,1023.67
"BH","Bahrain",2015,0
"BH","Bahrain",2016,197.81
"BD","Bangladesh",2000,7.16
"BD","Bangladesh",2001,4.5
"BD","Bangladesh",2002,4.17
"BD","Bangladesh",2003,4.12
"BD","Bangladesh",2004,5.21
"BD","Bangladesh",2005,9.69
"BD","Bangladesh",2006,8.96
"BD","Bangladesh",2007,7.02
"BD","Bangladesh",2008,10.53
"BD","Bangladesh",2009,6.3
"BD","Bangladesh",2010,7.69
"BD","Bangladesh",2011,9.38
"BD","Bangladesh",2012,10.37
"BD","Bangladesh",2013,11.81
"BD","Bangladesh",2014,10.55
"BD","Bangladesh",2015,14.3
"BD","Bangladesh",2016,14.32
"BB","Barbados",2000,349.13
"BB","Barbados",2001,422.6
"BB","Barbados",2002,1042.08
"BB","Barbados",2003,831.21
"BB","Barbados",2004,968.2
"BB","Barbados",2005,1545.35
"BB","Barbados",2006,1292.82
"BB","Barbados",2007,1726.37
"BB","Barbados",2008,2204.68
"BB","Barbados",2009,873.34
"BB","Barbados",2010,1577.59
"BB","Barbados",2011,1659.05
"BB","Barbados",2012,1996.35
"BB","Barbados",2013,201.4
"BB","Barbados",2014,2013.35
"BB","Barbados",2015,247.61
"BB","Barbados",2016,801.04
"BY","Belarus",2000,20.96
"BY","Belarus",2001,18.27
"BY","Belarus",2002,42.23
"BY","Belarus",2003,26.04
"BY","Belarus",2004,21.44
"BY","Belarus",2005,33.88
"BY","Belarus",2006,35.69
"BY","Belarus",2007,160.98
"BY","Belarus",2008,160.68
"BY","Belarus",2009,170.85
"BY","Belarus",2010,117.7
"BY","Belarus",2011,333.33
"BY","Belarus",2012,113.27
"BY","Belarus",2013,155.24
"BY","Belarus",2014,124.01
"BY","Belarus",2015,151.89
"BY","Belarus",2016,129.93
"BE","Belgium",2000,13592.51
"BE","Belgium",2001,13570.05
"BE","Belgium",2002,2326.12
"BE","Belgium",2003,3903.69
"BE","Belgium",2004,4509.8
"BE","Belgium",2005,3463.76
"BE","Belgium",2006,5706.35
"BE","Belgium",2007,8077.6
"BE","Belgium",2008,0
"BE","Belgium",2009,5324.56
"BE","Belgium",2010,3600.11
"BE","Belgium",2011,6002.39
"BE","Belgium",2012,526.3
"BE","Belgium",2013,1934.95
"BE","Belgium",2014,0
"BE","Belgium",2015,1908.25
"BE","Belgium",2016,2917.01
"BZ","Belize",2000,118.21
"BZ","Belize",2001,301.04
"BZ","Belize",2002,119.73
"BZ","Belize",2003,0
"BZ","Belize",2004,502.39
"BZ","Belize",2005,542.96
"BZ","Belize",2006,434.28
"BZ","Belize",2007,530.43
"BZ","Belize",2008,596.11
"BZ","Belize",2009,384.62
"BZ","Belize",2010,331.87
"BZ","Belize",2011,305.23
"BZ","Belize",2012,580.37
"BZ","Belize",2013,280.51
"BZ","Belize",2014,433.72
"BZ","Belize",2015,180.94
"BZ","Belize",2016,88.57
"BJ","Benin",2000,15.15
"BJ","Benin",2001,10.93
"BJ","Benin",2002,2.99
"BJ","Benin",2003,7.78
"BJ","Benin",2004,9.73
"BJ","Benin",2005,7.51
"BJ","Benin",2006,7.11
"BJ","Benin",2007,30.25
"BJ","Benin",2008,17.12
"BJ","Benin",2009,13.56
"BJ","Benin",2010,18.07
"BJ","Benin",2011,14.71
"BJ","Benin",2012,20.49
"BJ","Benin",2013,29.85
"BJ","Benin",2014,32.72
"BJ","Benin",2015,14.07
"BJ","Benin",2016,14.77
"BM","Bermuda",2000,0
"BM","Bermuda",2001,0
"BM","Bermuda",2002,0
"BM","Bermuda",2003,0
"BM","Bermuda",2004,0
"BM","Bermuda",2005,0
"BM","Bermuda",2006,0
"BM","Bermuda",2007,0
"BM","Bermuda",2008,0
"BM","Bermuda",2009,0
"BM","Bermuda",2010,0
"BM","Bermuda",2011,0
"BM","Bermuda",2012,0
"BM","Bermuda",2013,0
"BM","Bermuda",2014,0
"BM","Bermuda",2015,0
"BM","Bermuda",2016,0
"BT","Bhutan",2000,0
"BT","Bhutan",2001,0
"BT","Bhutan",2002,6.21
"BT","Bhutan",2003,8.02
"BT","Bhutan",2004,18.82
"BT","Bhutan",2005,12.05
"BT","Bhutan",2006,129.9
"BT","Bhutan",2007,67.05
"BT","Bhutan",2008,14.41
"BT","Bhutan",2009,40.41
"BT","Bhutan",2010,108.39
"BT","Bhutan",2011,36.5
"BT","Bhutan",2012,25.46
"BT","Bhutan",2013,45.93
"BT","Bhutan",2014,23.11
"BT","Bhutan",2015,9.1
"BT","Bhutan",2016,0
"BO","Bolivia",2000,180.68
"BO","Bolivia",2001,177.7
"BO","Bolivia",2002,176.57
"BO","Bolivia",2003,50.85
"BO","Bolivia",2004,20.75
"BO","Bolivia",2005,0
"BO","Bolivia",2006,54.98
"BO","Bolivia",2007,64.26
"BO","Bolivia",2008,73.88
"BO","Bolivia",2009,59.61
"BO","Bolivia",2010,81.93
"BO","Bolivia",2011,92.9
"BO","Bolivia",2012,104.94
"BO","Bolivia",2013,160.88
"BO","Bolivia",2014,58.25
"BO","Bolivia",2015,50.81
"BO","Bolivia",2016,37.67
"BA","Bosnia & Herzegovina",2000,72.78
"BA","Bosnia & Herzegovina",2001,58.14
"BA","Bosnia & Herzegovina",2002,117.29
"BA","Bosnia & Herzegovina",2003,138.46
"BA","Bosnia & Herzegovina",2004,164.63
"BA","Bosnia & Herzegovina",2005,191.2
"BA","Bosnia & Herzegovina",2006,221.77
"BA","Bosnia & Herzegovina",2007,454.32
"BA","Bosnia & Herzegovina",2008,216.89
"BA","Bosnia & Herzegovina",2009,57.33
"BA","Bosnia & Herzegovina",2010,96.88
"BA","Bosnia & Herzegovina",2011,111.12
"BA","Bosnia & Herzegovina",2012,95.84
"BA","Bosnia & Herzegovina",2013,65.87
"BA","Bosnia & Herzegovina",2014,126.32
"BA","Bosnia & Herzegovina",2015,76.78
"BA","Bosnia & Herzegovina",2016,81.11
"BW","Botswana",2000,48.34
"BW","Botswana",2001,25.16
"BW","Botswana",2002,349.72
"BW","Botswana",2003,270.71
"BW","Botswana",2004,215.57
"BW","Botswana",2005,214.19
"BW","Botswana",2006,260.29
"BW","Botswana",2007,262.1
"BW","Botswana",2008,286.16
"BW","Botswana",2009,111.25
"BW","Botswana",2010,93.15
"BW","Botswana",2011,546.44
"BW","Botswana",2012,207.7
"BW","Botswana",2013,184.25
"BW","Botswana",2014,221.88
"BW","Botswana",2015,318.04
"BW","Botswana",2016,4.65
"BR","Brazil",2000,351.23
"BR","Brazil",2001,281.61
"BR","Brazil",2002,232.36
"BR","Brazil",2003,129.54
"BR","Brazil",2004,201.93
"BR","Brazil",2005,128.37
"BR","Brazil",2006,132.72
"BR","Brazil",2007,202.91
"BR","Brazil",2008,226.57
"BR","Brazil",2009,131.09
"BR","Brazil",2010,340.5
"BR","Brazil",2011,340.17
"BR","Brazil",2012,288.38
"BR","Brazil",2013,204.59
"BR","Brazil",2014,282.51
"BR","Brazil",2015,323.15
"BR","Brazil",2016,282.59
"BN","Brunei",2000,2541.38
"BN","Brunei",2001,2625.42
"BN","Brunei",2002,5041.9
"BN","Brunei",2003,14454.5
"BN","Brunei",2004,741.49
"BN","Brunei",2005,852.21
"BN","Brunei",2006,1093.14
"BN","Brunei",2007,607.87
"BN","Brunei",2008,619.42
"BN","Brunei",2009,927.94
"BN","Brunei",2010,1059.98
"BN","Brunei",2011,1153.98
"BN","Brunei",2012,1396.96
"BN","Brunei",2013,1271.9
"BN","Brunei",2014,946.68
"BN","Brunei",2015,375
"BN","Brunei",2016,0
"BG","Bulgaria",2000,283.34
"BG","Bulgaria",2001,222.9
"BG","Bulgaria",2002,238.08
"BG","Bulgaria",2003,443.25
"BG","Bulgaria",2004,625.03
"BG","Bulgaria",2005,681.83
"BG","Bulgaria",2006,1269.41
"BG","Bulgaria",2007,1674.58
"BG","Bulgaria",2008,1160.91
"BG","Bulgaria",2009,405.79
"BG","Bulgaria",2010,194.16
"BG","Bulgaria",2011,333.71
"BG","Bulgaria",2012,206.12
"BG","Bulgaria",2013,218.77
"BG","Bulgaria",2014,183.69
"BG","Bulgaria",2015,396.7
"BG","Bulgaria",2016,108.9
"BF","Burkina Faso",2000,3.74
"BF","Burkina Faso",2001,0.98
"BF","Burkina Faso",2002,2.09
"BF","Burkina Faso",2003,3.24
"BF","Burkina Faso",2004,1.41
"BF","Burkina Faso",2005,3.13
"BF","Burkina Faso",2006,2.99
"BF","Burkina Faso",2007,26.51
"BF","Burkina Faso",2008,6.76
"BF","Burkina Faso",2009,6.45
"BF","Burkina Faso",2010,2.14
"BF","Burkina Faso",2011,7.82
"BF","Burkina Faso",2012,17.79
"BF","Burkina Faso",2013,25.41
"BF","Burkina Faso",2014,18.07
"BF","Burkina Faso",2015,13.14
"BF","Burkina Faso",2016,16.56
"BI","Burundi",2000,4
"BI","Burundi",2001,0
"BI","Burundi",2002,0
"BI","Burundi",2003,0
"BI","Burundi",2004,0.01
"BI","Burundi",2005,0.16
"BI","Burundi",2006,0.01
"BI","Burundi",2007,0.11
"BI","Burundi",2008,0.73
"BI","Burundi",2009,0.06
"BI","Burundi",2010,0.12
"BI","Burundi",2011,0.47
"BI","Burundi",2012,0.08
"BI","Burundi",2013,0.95
"BI","Burundi",2014,5.35
"BI","Burundi",2015,0.76
"BI","Burundi",2016,0.01
"KH","Cambodia",2000,20.5
"KH","Cambodia",2001,20.08
"KH","Cambodia",2002,18.99
"KH","Cambodia",2003,10.78
"KH","Cambodia",2004,16.01
"KH","Cambodia",2005,43.93
"KH","Cambodia",2006,52.56
"KH","Cambodia",2007,86.26
"KH","Cambodia",2008,73.75
"KH","Cambodia",2009,79.49
"KH","Cambodia",2010,110.96
"KH","Cambodia",2011,104.94
"KH","Cambodia",2012,134.98
"KH","Cambodia",2013,134.1
"KH","Cambodia",2014,118.39
"KH","Cambodia",2015,113.73
"KH","Cambodia",2016,121.56
"CM","Cameroon",2000,18.09
"CM","Cameroon",2001,7.97
"CM","Cameroon",2002,58.67
"CM","Cameroon",2003,26.54
"CM","Cameroon",2004,5.93
"CM","Cameroon",2005,15.23
"CM","Cameroon",2006,0.99
"CM","Cameroon",2007,10.19
"CM","Cameroon",2008,0
"CM","Cameroon",2009,30.9
"CM","Cameroon",2010,0
"CM","Cameroon",2011,14.74
"CM","Cameroon",2012,31.37
"CM","Cameroon",2013,22.15
"CM","Cameroon",2014,26.96
"CM","Cameroon",2015,27.08
"CM","Cameroon",2016,5.47
"CA","Canada",2000,3295.61
"CA","Canada",2001,1385.79
"CA","Canada",2002,1101.6
"CA","Canada",2003,318.12
"CA","Canada",2004,0
"CA","Canada",2005,869.92
"CA","Canada",2006,1847.69
"CA","Canada",2007,3249.99
"CA","Canada",2008,1630.27
"CA","Canada",2009,645.5
"CA","Canada",2010,700.96
"CA","Canada",2011,901.56
"CA","Canada",2012,966.37
"CA","Canada",2013,1560.52
"CA","Canada",2014,1382.48
"CA","Canada",2015,1123.59
"CA","Canada",2016,929.3
"CV","Cape Verde",2000,146.49
"CV","Cape Verde",2001,42.55
"CV","Cape Verde",2002,121.17
"CV","Cape Verde",2003,84.82
"CV","Cape Verde",2004,154.88
"CV","Cape Verde",2005,181.68
"CV","Cape Verde",2006,276.23
"CV","Cape Verde",2007,355.04
"CV","Cape Verde",2008,348.35
"CV","Cape Verde",2009,296.27
"CV","Cape Verde",2010,278.78
"CV","Cape Verde",2011,249.06
"CV","Cape Verde",2012,215.05
"CV","Cape Verde",2013,112.32
"CV","Cape Verde",2014,287.76
"CV","Cape Verde",2015,214.82
"CV","Cape Verde",2016,221.37
"CF","CAR",2000,0.55
"CF","CAR",2001,3.09
"CF","CAR",2002,3.08
"CF","CAR",2003,4.9
"CF","CAR",2004,5.83
"CF","CAR",2005,3.69
"CF","CAR",2006,11.92
"CF","CAR",2007,17.26
"CF","CAR",2008,30.6
"CF","CAR",2009,11.1
"CF","CAR",2010,16.45
"CF","CAR",2011,9.16
"CF","CAR",2012,18.25
"CF","CAR",2013,0.44
"CF","CAR",2014,0.73
"CF","CAR",2015,0.71
"CF","CAR",2016,6.79
"KY","Cayman Islands",2000,0
"KY","Cayman Islands",2001,0
"KY","Cayman Islands",2002,0
"KY","Cayman Islands",2003,0
"KY","Cayman Islands",2004,0
"KY","Cayman Islands",2005,0
"KY","Cayman Islands",2006,0
"KY","Cayman Islands",2007,0
"KY","Cayman Islands",2008,0
"KY","Cayman Islands",2009,0
"KY","Cayman Islands",2010,0
"KY","Cayman Islands",2011,0
"KY","Cayman Islands",2012,0
"KY","Cayman Islands",2013,0
"KY","Cayman Islands",2014,0
"KY","Cayman Islands",2015,0
"KY","Cayman Islands",2016,0
"TD","Chad",2000,29.66
"TD","Chad",2001,103.41
"TD","Chad",2002,186.1
"TD","Chad",2003,115.3
"TD","Chad",2004,60.27
"TD","Chad",2005,0
"TD","Chad",2006,0
"TD","Chad",2007,0
"TD","Chad",2008,29.19
"TD","Chad",2009,26.53
"TD","Chad",2010,21.18
"TD","Chad",2011,16.23
"TD","Chad",2012,34.49
"TD","Chad",2013,30.23
"TD","Chad",2014,0
"TD","Chad",2015,39.36
"TD","Chad",2016,38.74
"CL","Chile",2000,542.88
"CL","Chile",2001,525.18
"CL","Chile",2002,330.83
"CL","Chile",2003,533.48
"CL","Chile",2004,720.48
"CL","Chile",2005,596.16
"CL","Chile",2006,521.32
"CL","Chile",2007,817.53
"CL","Chile",2008,999.26
"CL","Chile",2009,845.35
"CL","Chile",2010,931.99
"CL","Chile",2011,873.51
"CL","Chile",2012,1312.22
"CL","Chile",2013,927.94
"CL","Chile",2014,1230.41
"CL","Chile",2015,895.45
"CL","Chile",2016,629.03
"CN","China",2000,70.48
"CN","China",2001,78.86
"CN","China",2002,87.47
"CN","China",2003,85.77
"CN","China",2004,90.41
"CN","China",2005,101.73
"CN","China",2006,95.29
"CN","China",2007,96.59
"CN","China",2008,105.94
"CN","China",2009,90.77
"CN","China",2010,101.88
"CN","China",2011,96.75
"CN","China",2012,89.05
"CN","China",2013,86.95
"CN","China",2014,88.05
"CN","China",2015,92.74
"CN","China",2016,96.98
"CO","Colombia",2000,89.62
"CO","Colombia",2001,95.31
"CO","Colombia",2002,81.07
"CO","Colombia",2003,69.33
"CO","Colombia",2004,105.46
"CO","Colombia",2005,286.1
"CO","Colombia",2006,178.99
"CO","Colombia",2007,195.2
"CO","Colombia",2008,201.68
"CO","Colombia",2009,161.01
"CO","Colombia",2010,108.01
"CO","Colombia",2011,221.99
"CO","Colombia",2012,213.14
"CO","Colombia",2013,231.82
"CO","Colombia",2014,240.23
"CO","Colombia",2015,231.08
"CO","Colombia",2016,279.38
"KM","Comoros",2000,0.37
"KM","Comoros",2001,4.23
"KM","Comoros",2002,1.41
"KM","Comoros",2003,2.02
"KM","Comoros",2004,1.49
"KM","Comoros",2005,1.18
"KM","Comoros",2006,1.66
"KM","Comoros",2007,13.09
"KM","Comoros",2008,6.8
"KM","Comoros",2009,19.98
"KM","Comoros",2010,11.89
"KM","Comoros",2011,29.23
"KM","Comoros",2012,13.58
"KM","Comoros",2013,5.05
"KM","Comoros",2014,5.34
"KM","Comoros",2015,6.78
"KM","Comoros",2016,10.07
"CG","Congo",2000,67.35
"CG","Congo",2001,36.48
"CG","Congo",2002,60.85
"CG","Congo",2003,121.54
"CG","Congo",2004,0
"CG","Congo",2005,132.8
"CG","Congo",2006,101.79
"CG","Congo",2007,266.7
"CG","Congo",2008,274.29
"CG","Congo",2009,195.92
"CG","Congo",2010,114.55
"CG","Congo",2011,224.56
"CG","Congo",2012,242.99
"CG","Congo",2013,322.82
"CG","Congo",2014,631.98
"CG","Congo",2015,353.47
"CG","Congo",2016,391.35
"CR","Costa Rica",2000,341.96
"CR","Costa Rica",2001,297.98
"CR","Costa Rica",2002,395.43
"CR","Costa Rica",2003,326.99
"CR","Costa Rica",2004,439.78
"CR","Costa Rica",2005,584.31
"CR","Costa Rica",2006,680.28
"CR","Costa Rica",2007,751.03
"CR","Costa Rica",2008,749.88
"CR","Costa Rica",2009,456.29
"CR","Costa Rica",2010,451.73
"CR","Costa Rica",2011,599.65
"CR","Costa Rica",2012,518.09
"CR","Costa Rica",2013,593.8
"CR","Costa Rica",2014,645.52
"CR","Costa Rica",2015,614.24
"CR","Costa Rica",2016,568.66
"CI","Côte d'Ivoire",2000,28.43
"CI","Côte d'Ivoire",2001,31.07
"CI","Côte d'Ivoire",2002,21.13
"CI","Côte d'Ivoire",2003,12.87
"CI","Côte d'Ivoire",2004,20.26
"CI","Côte d'Ivoire",2005,21.59
"CI","Côte d'Ivoire",2006,21.11
"CI","Côte d'Ivoire",2007,24.64
"CI","Côte d'Ivoire",2008,21.64
"CI","Côte d'Ivoire",2009,18.47
"CI","Côte d'Ivoire",2010,16.16
"CI","Côte d'Ivoire",2011,13.05
"CI","Côte d'Ivoire",2012,14.71
"CI","Côte d'Ivoire",2013,16.57
"CI","Côte d'Ivoire",2014,16.74
"CI","Côte d'Ivoire",2015,21.63
"CI","Côte d'Ivoire",2016,20.3
"HR","Croatia",2000,405.4
"HR","Croatia",2001,398.01
"HR","Croatia",2002,343.69
"HR","Croatia",2003,526.38
"HR","Croatia",2004,323.77
"HR","Croatia",2005,433.91
"HR","Croatia",2006,754.75
"HR","Croatia",2007,938.68
"HR","Croatia",2008,937.97
"HR","Croatia",2009,562.86
"HR","Croatia",2010,219.87
"HR","Croatia",2011,317.75
"HR","Croatia",2012,305.29
"HR","Croatia",2013,188.65
"HR","Croatia",2014,571.54
"HR","Croatia",2015,64.71
"HR","Croatia",2016,418.32
"CU","Cuba",2000,0
"CU","Cuba",2001,0
"CU","Cuba",2002,0
"CU","Cuba",2003,0
"CU","Cuba",2004,0
"CU","Cuba",2005,0
"CU","Cuba",2006,0
"CU","Cuba",2007,0
"CU","Cuba",2008,0
"CU","Cuba",2009,0
"CU","Cuba",2010,0
"CU","Cuba",2011,0
"CU","Cuba",2012,0
"CU","Cuba",2013,0
"CU","Cuba",2014,0
"CU","Cuba",2015,0
"CU","Cuba",2016,0
"CW","Curacao",2000,0
"CW","Curacao",2001,0
"CW","Curacao",2002,0
"CW","Curacao",2003,0
"CW","Curacao",2004,0
"CW","Curacao",2005,0
"CW","Curacao",2006,0
"CW","Curacao",2007,0
"CW","Curacao",2008,0
"CW","Curacao",2009,0
"CW","Curacao",2010,0
"CW","Curacao",2011,0
"CW","Curacao",2012,0
"CW","Curacao",2013,0
"CW","Curacao",2014,0
"CW","Curacao",2015,0
"CW","Curacao",2016,0
"CY","Cyprus",2000,1388.49
"CY","Cyprus",2001,1505.14
"CY","Cyprus",2002,1557.21
"CY","Cyprus",2003,1057.08
"CY","Cyprus",2004,1110.04
"CY","Cyprus",2005,1130.98
"CY","Cyprus",2006,1669.31
"CY","Cyprus",2007,1770.25
"CY","Cyprus",2008,1352.62
"CY","Cyprus",2009,2695.05
"CY","Cyprus",2010,12762.62
"CY","Cyprus",2011,0
"CY","Cyprus",2012,33993.25
"CY","Cyprus",2013,0
"CY","Cyprus",2014,518.47
"CY","Cyprus",2015,6261
"CY","Cyprus",2016,3536.17
"CZ","Czech Republic",2000,1012.05
"CZ","Czech Republic",2001,1078.59
"CZ","Czech Republic",2002,1361.84
"CZ","Czech Republic",2003,286.88
"CZ","Czech Republic",2004,596.65
"CZ","Czech Republic",2005,1300.21
"CZ","Czech Republic",2006,569.18
"CZ","Czech Republic",2007,938.85
"CZ","Czech Republic",2008,481.8
"CZ","Czech Republic",2009,231.9
"CZ","Czech Republic",2010,494.45
"CZ","Czech Republic",2011,172.45
"CZ","Czech Republic",2012,646.49
"CZ","Czech Republic",2013,290.71
"CZ","Czech Republic",2014,453.89
"CZ","Czech Republic",2015,44.93
"CZ","Czech Republic",2016,639.28
"DK","Denmark",2000,10170.07
"DK","Denmark",2001,3464.36
"DK","Denmark",2002,1841.57
"DK","Denmark",2003,593.81
"DK","Denmark",2004,0
"DK","Denmark",2005,1702.37
"DK","Denmark",2006,1757.25
"DK","Denmark",2007,1242.71
"DK","Denmark",2008,0
"DK","Denmark",2009,64.4
"DK","Denmark",2010,0
"DK","Denmark",2011,1717.28
"DK","Denmark",2012,65.4
"DK","Denmark",2013,158.78
"DK","Denmark",2014,477.49
"DK","Denmark",2015,720.88
"DK","Denmark",2016,165.89
"DJ","Djibouti",2000,7.73
"DJ","Djibouti",2001,7.67
"DJ","Djibouti",2002,7.62
"DJ","Djibouti",2003,30.4
"DJ","Djibouti",2004,78.59
"DJ","Djibouti",2005,43.15
"DJ","Djibouti",2006,200.07
"DJ","Djibouti",2007,338.11
"DJ","Djibouti",2008,355.38
"DJ","Djibouti",2009,112.36
"DJ","Djibouti",2010,51.91
"DJ","Djibouti",2011,105.09
"DJ","Djibouti",2012,137.95
"DJ","Djibouti",2013,344.43
"DJ","Djibouti",2014,175.91
"DJ","Djibouti",2015,137.32
"DJ","Djibouti",2016,169.79
"DM","Dominica",2000,338.35
"DM","Dominica",2001,322.16
"DM","Dominica",2002,374.72
"DM","Dominica",2003,603.17
"DM","Dominica",2004,481.17
"DM","Dominica",2005,357.61
"DM","Dominica",2006,469.28
"DM","Dominica",2007,721.08
"DM","Dominica",2008,989.97
"DM","Dominica",2009,925.48
"DM","Dominica",2010,688.6
"DM","Dominica",2011,544.16
"DM","Dominica",2012,935.39
"DM","Dominica",2013,357.32
"DM","Dominica",2014,508.23
"DM","Dominica",2015,491.04
"DM","Dominica",2016,426.49
"DO","Dominican Republic",2000,153.39
"DO","Dominican Republic",2001,166.35
"DO","Dominican Republic",2002,136.63
"DO","Dominican Republic",2003,112.41
"DO","Dominican Republic",2004,161.04
"DO","Dominican Republic",2005,134.28
"DO","Dominican Republic",2006,132.07
"DO","Dominican Republic",2007,185.42
"DO","Dominican Republic",2008,296.99
"DO","Dominican Republic",2009,222.63
"DO","Dominican Republic",2010,199.4
"DO","Dominican Republic",2011,212.06
"DO","Dominican Republic",2012,283.97
"DO","Dominican Republic",2013,182.02
"DO","Dominican Republic",2014,204
"DO","Dominican Republic",2015,206.38
"DO","Dominican Republic",2016,226.01
"CD","DRC",2000,1.76
"CD","DRC",2001,4.24
"CD","DRC",2002,7.28
"CD","DRC",2003,15.15
"CD","DRC",2004,14.18
"CD","DRC",2005,8.22
"CD","DRC",2006,6.73
"CD","DRC",2007,42.71
"CD","DRC",2008,35.87
"CD","DRC",2009,14.33
"CD","DRC",2010,58.32
"CD","DRC",2011,29.06
"CD","DRC",2012,52.68
"CD","DRC",2013,29.54
"CD","DRC",2014,25
"CD","DRC",2015,21.96
"CD","DRC",2016,15.3
"EC","Ecuador",2000,0
"EC","Ecuador",2001,94.81
"EC","Ecuador",2002,120.96
"EC","Ecuador",2003,119.7
"EC","Ecuador",2004,108.46
"EC","Ecuador",2005,58.38
"EC","Ecuador",2006,29.24
"EC","Ecuador",2007,19.28
"EC","Ecuador",2008,90.69
"EC","Ecuador",2009,25.87
"EC","Ecuador",2010,12.73
"EC","Ecuador",2011,46.02
"EC","Ecuador",2012,38.01
"EC","Ecuador",2013,46.51
"EC","Ecuador",2014,47.05
"EC","Ecuador",2015,81.14
"EC","Ecuador",2016,45.41
"EG","Egypt",2000,28.79
"EG","Egypt",2001,12.37
"EG","Egypt",2002,18
"EG","Egypt",2003,7.09
"EG","Egypt",2004,67.64
"EG","Egypt",2005,152.17
"EG","Egypt",2006,248.75
"EG","Egypt",2007,248.6
"EG","Egypt",2008,172.23
"EG","Egypt",2009,107.74
"EG","Egypt",2010,91.11
"EG","Egypt",2011,0
"EG","Egypt",2012,70.75
"EG","Egypt",2013,48.81
"EG","Egypt",2014,50.19
"EG","Egypt",2015,70.86
"EG","Egypt",2016,84.72
"SV","El Salvador",2000,44.41
"SV","El Salvador",2001,68.66
"SV","El Salvador",2002,113.67
"SV","El Salvador",2003,33.15
"SV","El Salvador",2004,82.02
"SV","El Salvador",2005,109.95
"SV","El Salvador",2006,49.44
"SV","El Salvador",2007,303.29
"SV","El Salvador",2008,167.08
"SV","El Salvador",2009,67.7
"SV","El Salvador",2010,0
"SV","El Salvador",2011,37.08
"SV","El Salvador",2012,80.58
"SV","El Salvador",2013,29.7
"SV","El Salvador",2014,50.6
"SV","El Salvador",2015,63.47
"SV","El Salvador",2016,58.86
"GQ","Equatorial Guinea",2000,599.93
"GQ","Equatorial Guinea",2001,3881.96
"GQ","Equatorial Guinea",2002,1243.15
"GQ","Equatorial Guinea",2003,1593.81
"GQ","Equatorial Guinea",2004,622.99
"GQ","Equatorial Guinea",2005,1058.02
"GQ","Equatorial Guinea",2006,529.28
"GQ","Equatorial Guinea",2007,1190.48
"GQ","Equatorial Guinea",2008,0
"GQ","Equatorial Guinea",2009,1484.81
"GQ","Equatorial Guinea",2010,1991.41
"GQ","Equatorial Guinea",2011,1120.17
"GQ","Equatorial Guinea",2012,551.99
"GQ","Equatorial Guinea",2013,306.17
"GQ","Equatorial Guinea",2014,85.9
"GQ","Equatorial Guinea",2015,183.96
"GQ","Equatorial Guinea",2016,44.18
"ER","Eritrea",2000,48.85
"ER","Eritrea",2001,16.97
"ER","Eritrea",2002,34.57
"ER","Eritrea",2003,31.68
"ER","Eritrea",2004,22.6
"ER","Eritrea",2005,1.34
"ER","Eritrea",2006,12.59
"ER","Eritrea",2007,5.38
"ER","Eritrea",2008,24.63
"ER","Eritrea",2009,43.56
"ER","Eritrea",2010,38.34
"ER","Eritrea",2011,14.22
"ER","Eritrea",2012,
"ER","Eritrea",2013,
"ER","Eritrea",2014,
"ER","Eritrea",2015,
"ER","Eritrea",2016,
"EE","Estonia",2000,679.19
"EE","Estonia",2001,913.13
"EE","Estonia",2002,444.79
"EE","Estonia",2003,1152.05
"EE","Estonia",2004,1037.01
"EE","Estonia",2005,2871.55
"EE","Estonia",2006,1253.59
"EE","Estonia",2007,1793.05
"EE","Estonia",2008,1234.19
"EE","Estonia",2009,1306.06
"EE","Estonia",2010,1107.7
"EE","Estonia",2011,670.64
"EE","Estonia",2012,1099.97
"EE","Estonia",2013,494.37
"EE","Estonia",2014,393.26
"EE","Estonia",2015,99.83
"EE","Estonia",2016,661.19
"ET","Ethiopia",2000,4.49
"ET","Ethiopia",2001,12.17
"ET","Ethiopia",2002,9.19
"ET","Ethiopia",2003,14.51
"ET","Ethiopia",2004,15.71
"ET","Ethiopia",2005,6.84
"ET","Ethiopia",2006,12.4
"ET","Ethiopia",2007,4.26
"ET","Ethiopia",2008,1.66
"ET","Ethiopia",2009,2.99
"ET","Ethiopia",2010,4.55
"ET","Ethiopia",2011,10.05
"ET","Ethiopia",2012,3.51
"ET","Ethiopia",2013,16.39
"ET","Ethiopia",2014,20.88
"ET","Ethiopia",2015,22.8
"ET","Ethiopia",2016,31.21
"FO","Faroe Islands",2000,0
"FO","Faroe Islands",2001,0
"FO","Faroe Islands",2002,0
"FO","Faroe Islands",2003,0
"FO","Faroe Islands",2004,0
"FO","Faroe Islands",2005,0
"FO","Faroe Islands",2006,0
"FO","Faroe Islands",2007,0
"FO","Faroe Islands",2008,0
"FO","Faroe Islands",2009,0
"FO","Faroe Islands",2010,0
"FO","Faroe Islands",2011,0
"FO","Faroe Islands",2012,0
"FO","Faroe Islands",2013,0
"FO","Faroe Islands",2014,0
"FO","Faroe Islands",2015,0
"FO","Faroe Islands",2016,0
"FJ","Fiji",2000,7.39
"FJ","Fiji",2001,105.86
"FJ","Fiji",2002,72.68
"FJ","Fiji",2003,76.15
"FJ","Fiji",2004,427.02
"FJ","Fiji",2005,282.32
"FJ","Fiji",2006,685.66
"FJ","Fiji",2007,500.05
"FJ","Fiji",2008,424.89
"FJ","Fiji",2009,244.56
"FJ","Fiji",2010,487.83
"FJ","Fiji",2011,491.86
"FJ","Fiji",2012,440.22
"FJ","Fiji",2013,304.23
"FJ","Fiji",2014,395.13
"FJ","Fiji",2015,367.97
"FJ","Fiji",2016,299.87
"FI","Finland",2000,2694.41
"FI","Finland",2001,1130.85
"FI","Finland",2002,2289.28
"FI","Finland",2003,784.14
"FI","Finland",2004,601.87
"FI","Finland",2005,998.43
"FI","Finland",2006,1572.06
"FI","Finland",2007,2272.75
"FI","Finland",2008,0
"FI","Finland",2009,121.47
"FI","Finland",2010,1299.08
"FI","Finland",2011,416.06
"FI","Finland",2012,708.79
"FI","Finland",2013,0
"FI","Finland",2014,2875.95
"FI","Finland",2015,287.94
"FI","Finland",2016,7.65
"FR","France",2000,678.58
"FR","France",2001,394.22
"FR","France",2002,491.51
"FR","France",2003,145.9
"FR","France",2004,0
"FR","France",2005,533.56
"FR","France",2006,391.32
"FR","France",2007,871.78
"FR","France",2008,475.78
"FR","France",2009,400.42
"FR","France",2010,187.31
"FR","France",2011,400.72
"FR","France",2012,216.46
"FR","France",2013,441.44
"FR","France",2014,34.04
"FR","France",2015,705.84
"FR","France",2016,423.82
"PF","French Polynesia",2000,0
"PF","French Polynesia",2001,0
"PF","French Polynesia",2002,0
"PF","French Polynesia",2003,0
"PF","French Polynesia",2004,0
"PF","French Polynesia",2005,0
"PF","French Polynesia",2006,0
"PF","French Polynesia",2007,0
"PF","French Polynesia",2008,0
"PF","French Polynesia",2009,0
"PF","French Polynesia",2010,0
"PF","French Polynesia",2011,0
"PF","French Polynesia",2012,0
"PF","French Polynesia",2013,0
"PF","French Polynesia",2014,0
"PF","French Polynesia",2015,0
"PF","French Polynesia",2016,0
"GA","Gabon",2000,0
"GA","Gabon",2001,0
"GA","Gabon",2002,50.92
"GA","Gabon",2003,229.96
"GA","Gabon",2004,178.28
"GA","Gabon",2005,237.4
"GA","Gabon",2006,172.97
"GA","Gabon",2007,146.5
"GA","Gabon",2008,332.54
"GA","Gabon",2009,297.67
"GA","Gabon",2010,225.54
"GA","Gabon",2011,256.84
"GA","Gabon",2012,330.92
"GA","Gabon",2013,305.34
"GA","Gabon",2014,391.5
"GA","Gabon",2015,308.63
"GA","Gabon",2016,355.19
"GM","Gambia",2000,33.84
"GM","Gambia",2001,28.47
"GM","Gambia",2002,36.45
"GM","Gambia",2003,9.48
"GM","Gambia",2004,46.67
"GM","Gambia",2005,40.13
"GM","Gambia",2006,57.39
"GM","Gambia",2007,43.93
"GM","Gambia",2008,34.12
"GM","Gambia",2009,21.23
"GM","Gambia",2010,19.52
"GM","Gambia",2011,18.65
"GM","Gambia",2012,21.34
"GM","Gambia",2013,13.34
"GM","Gambia",2014,19.89
"GM","Gambia",2015,5.67
"GM","Gambia",2016,0
"GE","Georgia",2000,58.02
"GE","Georgia",2001,48.66
"GE","Georgia",2002,71.49
"GE","Georgia",2003,143.1
"GE","Georgia",2004,175.7
"GE","Georgia",2005,143.43
"GE","Georgia",2006,340.13
"GE","Georgia",2007,441.84
"GE","Georgia",2008,325.72
"GE","Georgia",2009,159.14
"GE","Georgia",2010,195.77
"GE","Georgia",2011,220.85
"GE","Georgia",2012,188.43
"GE","Georgia",2013,201.96
"GE","Georgia",2014,388.31
"GE","Georgia",2015,422.5
"GE","Georgia",2016,446.7
"DE","Germany",2000,3551.3
"DE","Germany",2001,479.69
"DE","Germany",2002,910.23
"DE","Germany",2003,453.54
"DE","Germany",2004,0
"DE","Germany",2005,594.49
"DE","Germany",2006,689.08
"DE","Germany",2007,896.64
"DE","Germany",2008,85.67
"DE","Germany",2009,256.08
"DE","Germany",2010,737.99
"DE","Germany",2011,728.68
"DE","Germany",2012,323.45
"DE","Germany",2013,169.24
"DE","Germany",2014,42.07
"DE","Germany",2015,411.98
"DE","Germany",2016,115.26
"GH","Ghana",2000,12.21
"GH","Ghana",2001,9.04
"GH","Ghana",2002,5.24
"GH","Ghana",2003,8.11
"GH","Ghana",2004,9.07
"GH","Ghana",2005,8.06
"GH","Ghana",2006,31.32
"GH","Ghana",2007,35.29
"GH","Ghana",2008,46.46
"GH","Ghana",2009,125.65
"GH","Ghana",2010,91.74
"GH","Ghana",2011,106.33
"GH","Ghana",2012,108.89
"GH","Ghana",2013,98.08
"GH","Ghana",2014,127.85
"GH","Ghana",2015,129.7
"GH","Ghana",2016,123.56
"GR","Greece",2000,152.45
"GR","Greece",2001,221.53
"GR","Greece",2002,6.42
"GR","Greece",2003,130.98
"GR","Greece",2004,190
"GR","Greece",2005,54.93
"GR","Greece",2006,450.18
"GR","Greece",2007,156.96
"GR","Greece",2008,303.39
"GR","Greece",2009,165.48
"GR","Greece",2010,23.37
"GR","Greece",2011,76.65
"GR","Greece",2012,127.34
"GR","Greece",2013,205.95
"GR","Greece",2014,201.27
"GR","Greece",2015,104.05
"GR","Greece",2016,290.9
"GL","Greenland",2000,0
"GL","Greenland",2001,0
"GL","Greenland",2002,0
"GL","Greenland",2003,0
"GL","Greenland",2004,0
"GL","Greenland",2005,0
"GL","Greenland",2006,0
"GL","Greenland",2007,0
"GL","Greenland",2008,0
"GL","Greenland",2009,0
"GL","Greenland",2010,0
"GL","Greenland",2011,0
"GL","Greenland",2012,0
"GL","Greenland",2013,0
"GL","Greenland",2014,0
"GL","Greenland",2015,0
"GL","Greenland",2016,0
"GD","Grenada",2000,518.87
"GD","Grenada",2001,796.59
"GD","Grenada",2002,734.11
"GD","Grenada",2003,1198.31
"GD","Grenada",2004,854.13
"GD","Grenada",2005,897.26
"GD","Grenada",2006,1092.86
"GD","Grenada",2007,1856.48
"GD","Grenada",2008,1478.22
"GD","Grenada",2009,1120.95
"GD","Grenada",2010,654.64
"GD","Grenada",2011,459.09
"GD","Grenada",2012,325.01
"GD","Grenada",2013,1129.14
"GD","Grenada",2014,372.39
"GD","Grenada",2015,574.96
"GD","Grenada",2016,586.34
"GU","Guam",2000,0
"GU","Guam",2001,0
"GU","Guam",2002,0
"GU","Guam",2003,0
"GU","Guam",2004,0
"GU","Guam",2005,0
"GU","Guam",2006,0
"GU","Guam",2007,0
"GU","Guam",2008,0
"GU","Guam",2009,0
"GU","Guam",2010,0
"GU","Guam",2011,0
"GU","Guam",2012,0
"GU","Guam",2013,0
"GU","Guam",2014,0
"GU","Guam",2015,0
"GU","Guam",2016,0
"GT","Guatemala",2000,44.78
"GT","Guatemala",2001,89.38
"GT","Guatemala",2002,33.62
"GT","Guatemala",2003,40.93
"GT","Guatemala",2004,42.4
"GT","Guatemala",2005,64.7
"GT","Guatemala",2006,69.83
"GT","Guatemala",2007,81.03
"GT","Guatemala",2008,72.17
"GT","Guatemala",2009,58.6
"GT","Guatemala",2010,72.32
"GT","Guatemala",2011,81.43
"GT","Guatemala",2012,94.15
"GT","Guatemala",2013,93.11
"GT","Guatemala",2014,93.4
"GT","Guatemala",2015,77.14
"GT","Guatemala",2016,71.21
"GN","Guinea",2000,1.31
"GN","Guinea",2001,0.24
"GN","Guinea",2002,4.18
"GN","Guinea",2003,9.68
"GN","Guinea",2004,10.82
"GN","Guinea",2005,13.14
"GN","Guinea",2006,16.94
"GN","Guinea",2007,36.06
"GN","Guinea",2008,22.08
"GN","Guinea",2009,12.08
"GN","Guinea",2010,8.71
"GN","Guinea",2011,96.6
"GN","Guinea",2012,52.44
"GN","Guinea",2013,10.27
"GN","Guinea",2014,5.7
"GN","Guinea",2015,3.62
"GN","Guinea",2016,8.42
"GW","Guinea-Bissau",2000,1.14
"GW","Guinea-Bissau",2001,0.62
"GW","Guinea-Bissau",2002,4.96
"GW","Guinea-Bissau",2003,4.13
"GW","Guinea-Bissau",2004,9.79
"GW","Guinea-Bissau",2005,7.87
"GW","Guinea-Bissau",2006,16.93
"GW","Guinea-Bissau",2007,15.56
"GW","Guinea-Bissau",2008,3.48
"GW","Guinea-Bissau",2009,12.49
"GW","Guinea-Bissau",2010,23.63
"GW","Guinea-Bissau",2011,14.52
"GW","Guinea-Bissau",2012,4.09
"GW","Guinea-Bissau",2013,11.53
"GW","Guinea-Bissau",2014,16.53
"GW","Guinea-Bissau",2015,11.05
"GW","Guinea-Bissau",2016,10.78
"GY","Guyana",2000,167.36
"GY","Guyana",2001,142.52
"GY","Guyana",2002,109.1
"GY","Guyana",2003,62.88
"GY","Guyana",2004,69.75
"GY","Guyana",2005,168.45
"GY","Guyana",2006,213.13
"GY","Guyana",2007,284.36
"GY","Guyana",2008,308.4
"GY","Guyana",2009,278.27
"GY","Guyana",2010,313.24
"GY","Guyana",2011,359.42
"GY","Guyana",2012,403.39
"GY","Guyana",2013,293.33
"GY","Guyana",2014,350.41
"GY","Guyana",2015,165.55
"GY","Guyana",2016,75
"HT","Haiti",2000,2.67
"HT","Haiti",2001,1.07
"HT","Haiti",2002,1.25
"HT","Haiti",2003,3.51
"HT","Haiti",2004,1.19
"HT","Haiti",2005,4.32
"HT","Haiti",2006,24.36
"HT","Haiti",2007,9.29
"HT","Haiti",2008,3.32
"HT","Haiti",2009,6.24
"HT","Haiti",2010,18.53
"HT","Haiti",2011,11.35
"HT","Haiti",2012,14.38
"HT","Haiti",2013,14.19
"HT","Haiti",2014,8.56
"HT","Haiti",2015,9.23
"HT","Haiti",2016,9.62
"HN","Honduras",2000,95.46
"HN","Honduras",2001,71.55
"HN","Honduras",2002,63.71
"HN","Honduras",2003,90.87
"HN","Honduras",2004,118.7
"HN","Honduras",2005,122.39
"HN","Honduras",2006,126.91
"HN","Honduras",2007,161.44
"HN","Honduras",2008,159.11
"HN","Honduras",2009,73.24
"HN","Honduras",2010,130.6
"HN","Honduras",2011,124.13
"HN","Honduras",2012,126.6
"HN","Honduras",2013,128.19
"HN","Honduras",2014,162.62
"HN","Honduras",2015,133.62
"HN","Honduras",2016,109.97
"HK","Hong Kong",2000,8703.72
"HK","Hong Kong",2001,4687.61
"HK","Hong Kong",2002,608.85
"HK","Hong Kong",2003,3155.24
"HK","Hong Kong",2004,5310.36
"HK","Hong Kong",2005,6177.25
"HK","Hong Kong",2006,7566.25
"HK","Hong Kong",2007,10203.51
"HK","Hong Kong",2008,9980.57
"HK","Hong Kong",2009,9477.29
"HK","Hong Kong",2010,11944.5
"HK","Hong Kong",2011,15664.52
"HK","Hong Kong",2012,10826.88
"HK","Hong Kong",2013,11205.42
"HK","Hong Kong",2014,16448.08
"HK","Hong Kong",2015,24256.52
"HK","Hong Kong",2016,14717.63
"HU","Hungary",2000,524.12
"HU","Hungary",2001,682.57
"HU","Hungary",2002,431.82
"HU","Hungary",2003,255.24
"HU","Hungary",2004,439.25
"HU","Hungary",2005,764.71
"HU","Hungary",2006,689.87
"HU","Hungary",2007,331.45
"HU","Hungary",2008,484.37
"HU","Hungary",2009,168.68
"HU","Hungary",2010,187.29
"HU","Hungary",2011,510.23
"HU","Hungary",2012,1269.71
"HU","Hungary",2013,290.37
"HU","Hungary",2014,667.83
"HU","Hungary",2015,0
"HU","Hungary",2016,0
"IS","Iceland",2000,868.77
"IS","Iceland",2001,990.69
"IS","Iceland",2002,436.45
"IS","Iceland",2003,1376.61
"IS","Iceland",2004,2659.04
"IS","Iceland",2005,9668.48
"IS","Iceland",2006,12123.06
"IS","Iceland",2007,18447.89
"IS","Iceland",2008,3096.11
"IS","Iceland",2009,325.21
"IS","Iceland",2010,952.3
"IS","Iceland",2011,3954.79
"IS","Iceland",2012,3800.7
"IS","Iceland",2013,1396.64
"IS","Iceland",2014,1428.39
"IS","Iceland",2015,2387.8
"IS","Iceland",2016,0
"IN","India",2000,5.26
"IN","India",2001,7.99
"IN","India",2002,7.91
"IN","India",2003,5.46
"IN","India",2004,6.64
"IN","India",2005,8.15
"IN","India",2006,20.55
"IN","India",2007,21.24
"IN","India",2008,40.89
"IN","India",2009,29.66
"IN","India",2010,19.83
"IN","India",2011,25.82
"IN","India",2012,17.93
"IN","India",2013,21.62
"IN","India",2014,25.7
"IN","India",2015,34.04
"IN","India",2016,33.6
"ID","Indonesia",2000,0
"ID","Indonesia",2001,0
"ID","Indonesia",2002,1.37
"ID","Indonesia",2003,0
"ID","Indonesia",2004,14.5
"ID","Indonesia",2005,59.79
"ID","Indonesia",2006,28.77
"ID","Indonesia",2007,35.86
"ID","Indonesia",2008,43.03
"ID","Indonesia",2009,22.51
"ID","Indonesia",2010,51.01
"ID","Indonesia",2011,63.2
"ID","Indonesia",2012,63.91
"ID","Indonesia",2013,65.67
"ID","Indonesia",2014,81.23
"ID","Indonesia",2015,66.46
"ID","Indonesia",2016,10.18
"IR","Iran",2000,1.93
"IR","Iran",2001,4.44
"IR","Iran",2002,104.01
"IR","Iran",2003,77.15
"IR","Iran",2004,70.28
"IR","Iran",2005,57.16
"IR","Iran",2006,40.34
"IR","Iran",2007,28.82
"IR","Iran",2008,24.24
"IR","Iran",2009,35.87
"IR","Iran",2010,39.35
"IR","Iran",2011,37.76
"IR","Iran",2012,55.62
"IR","Iran",2013,35.16
"IR","Iran",2014,23.16
"IR","Iran",2015,24.73
"IR","Iran",2016,42
"IQ","Iraq",2000,0
"IQ","Iraq",2001,0
"IQ","Iraq",2002,0
"IQ","Iraq",2003,137.26
"IQ","Iraq",2004,26.52
"IQ","Iraq",2005,33.03
"IQ","Iraq",2006,19.44
"IQ","Iraq",2007,35.95
"IQ","Iraq",2008,48.9
"IQ","Iraq",2009,49.98
"IQ","Iraq",2010,36.39
"IQ","Iraq",2011,38.15
"IQ","Iraq",2012,64.76
"IQ","Iraq",2013,0
"IQ","Iraq",2014,0
"IQ","Iraq",2015,0
"IQ","Iraq",2016,0
"IE","Ireland",2000,10160.1
"IE","Ireland",2001,3622.18
"IE","Ireland",2002,9806.85
"IE","Ireland",2003,6023.5
"IE","Ireland",2004,0
"IE","Ireland",2005,0
"IE","Ireland",2006,0
"IE","Ireland",2007,4538.95
"IE","Ireland",2008,0
"IE","Ireland",2009,4783.27
"IE","Ireland",2010,8602.1
"IE","Ireland",2011,4506.9
"IE","Ireland",2012,9503.25
"IE","Ireland",2013,9031.48
"IE","Ireland",2014,7251.78
"IE","Ireland",2015,40159.26
"IE","Ireland",2016,4672.95
"IL","Israel",2000,1571.8
"IL","Israel",2001,396.18
"IL","Israel",2002,373.87
"IL","Israel",2003,743.74
"IL","Israel",2004,637.55
"IL","Israel",2005,1013.54
"IL","Israel",2006,2910.32
"IL","Israel",2007,1598.54
"IL","Israel",2008,1563.29
"IL","Israel",2009,722.57
"IL","Israel",2010,913.67
"IL","Israel",2011,1161
"IL","Israel",2012,1149.08
"IL","Israel",2013,1519.76
"IL","Israel",2014,791.95
"IL","Israel",2015,1403.56
"IL","Israel",2016,1441.86
"IT","Italy",2000,377.95
"IT","Italy",2001,419.67
"IT","Italy",2002,441.87
"IT","Italy",2003,405.05
"IT","Italy",2004,369.84
"IT","Italy",2005,417.87
"IT","Italy",2006,740.13
"IT","Italy",2007,678.8
"IT","Italy",2008,0
"IT","Italy",2009,289.15
"IT","Italy",2010,138.11
"IT","Italy",2011,484.04
"IT","Italy",2012,1.39
"IT","Italy",2013,344.41
"IT","Italy",2014,323.62
"IT","Italy",2015,319.76
"IT","Italy",2016,477.8
"JM","Jamaica",2000,255.8
"JM","Jamaica",2001,331.42
"JM","Jamaica",2002,244.68
"JM","Jamaica",2003,393.66
"JM","Jamaica",2004,305.53
"JM","Jamaica",2005,314.93
"JM","Jamaica",2006,390.67
"JM","Jamaica",2007,344.66
"JM","Jamaica",2008,528.4
"JM","Jamaica",2009,217.08
"JM","Jamaica",2010,82.26
"JM","Jamaica",2011,72.89
"JM","Jamaica",2012,133.54
"JM","Jamaica",2013,182.6
"JM","Jamaica",2014,200.25
"JM","Jamaica",2015,312.07
"JM","Jamaica",2016,297.04
"JP","Japan",2000,58.69
"JP","Japan",2001,50.04
"JP","Japan",2002,77.29
"JP","Japan",2003,49.67
"JP","Japan",2004,57.87
"JP","Japan",2005,21.15
"JP","Japan",2006,0
"JP","Japan",2007,186.5
"JP","Japan",2008,179.17
"JP","Japan",2009,79.52
"JP","Japan",2010,0
"JP","Japan",2011,0
"JP","Japan",2012,10.33
"JP","Japan",2013,16.88
"JP","Japan",2014,83.02
"JP","Japan",2015,0
"JP","Japan",2016,89.68
"JO","Jordan",2000,381.04
"JO","Jordan",2001,111.33
"JO","Jordan",2002,94.33
"JO","Jordan",2003,207.75
"JO","Jordan",2004,336.49
"JO","Jordan",2005,676.85
"JO","Jordan",2006,1051.89
"JO","Jordan",2007,709.87
"JO","Jordan",2008,609.99
"JO","Jordan",2009,481.92
"JO","Jordan",2010,295.36
"JO","Jordan",2011,231.65
"JO","Jordan",2012,218.6
"JO","Jordan",2013,247.26
"JO","Jordan",2014,255.45
"JO","Jordan",2015,176.46
"JO","Jordan",2016,162.74
"KZ","Kazakhstan",2000,222.73
"KZ","Kazakhstan",2001,462.21
"KZ","Kazakhstan",2002,416.92
"KZ","Kazakhstan",2003,293.09
"KZ","Kazakhstan",2004,452.95
"KZ","Kazakhstan",2005,176.4
"KZ","Kazakhstan",2006,433.99
"KZ","Kazakhstan",2007,639.31
"KZ","Kazakhstan",2008,660.28
"KZ","Kazakhstan",2009,696.4
"KZ","Kazakhstan",2010,500.53
"KZ","Kazakhstan",2011,493.17
"KZ","Kazakhstan",2012,451.32
"KZ","Kazakhstan",2013,320.76
"KZ","Kazakhstan",2014,286.93
"KZ","Kazakhstan",2015,164
"KZ","Kazakhstan",2016,509.6
"KE","Kenya",2000,8.41
"KE","Kenya",2001,0.4
"KE","Kenya",2002,1.98
"KE","Kenya",2003,5.17
"KE","Kenya",2004,2.76
"KE","Kenya",2005,1.12
"KE","Kenya",2006,2.25
"KE","Kenya",2007,41.28
"KE","Kenya",2008,15.79
"KE","Kenya",2009,47.03
"KE","Kenya",2010,36.87
"KE","Kenya",2011,44.27
"KE","Kenya",2012,35.44
"KE","Kenya",2013,27.09
"KE","Kenya",2014,18.27
"KE","Kenya",2015,13.66
"KE","Kenya",2016,8.13
"KI","Kiribati",2000,16.45
"KI","Kiribati",2001,0
"KI","Kiribati",2002,5.33
"KI","Kiribati",2003,11.34
"KI","Kiribati",2004,28.18
"KI","Kiribati",2005,35.58
"KI","Kiribati",2006,7.69
"KI","Kiribati",2007,12.98
"KI","Kiribati",2008,0
"KI","Kiribati",2009,53.26
"KI","Kiribati",2010,0
"KI","Kiribati",2011,5.19
"KI","Kiribati",2012,0
"KI","Kiribati",2013,8.6
"KI","Kiribati",2014,63.64
"KI","Kiribati",2015,15.1
"KI","Kiribati",2016,26.74
"XK","Kosovo",2000,0
"XK","Kosovo",2001,0
"XK","Kosovo",2002,0
"XK","Kosovo",2003,0
"XK","Kosovo",2004,0
"XK","Kosovo",2005,0
"XK","Kosovo",2006,0
"XK","Kosovo",2007,0
"XK","Kosovo",2008,0
"XK","Kosovo",2009,0
"XK","Kosovo",2010,0
"XK","Kosovo",2011,0
"XK","Kosovo",2012,0
"XK","Kosovo",2013,0
"XK","Kosovo",2014,0
"XK","Kosovo",2015,0
"XK","Kosovo",2016,0
"KW","Kuwait",2000,11.82
"KW","Kuwait",2001,0
"KW","Kuwait",2002,2.56
"KW","Kuwait",2003,0
"KW","Kuwait",2004,13.62
"KW","Kuwait",2005,105.29
"KW","Kuwait",2006,44.74
"KW","Kuwait",2007,36.67
"KW","Kuwait",2008,0
"KW","Kuwait",2009,334.96
"KW","Kuwait",2010,330.85
"KW","Kuwait",2011,645.41
"KW","Kuwait",2012,510.23
"KW","Kuwait",2013,241.01
"KW","Kuwait",2014,164.27
"KW","Kuwait",2015,70.4
"KW","Kuwait",2016,67.79
"KG","Kyrgyzstan",2000,0
"KG","Kyrgyzstan",2001,2.35
"KG","Kyrgyzstan",2002,2.06
"KG","Kyrgyzstan",2003,17.84
"KG","Kyrgyzstan",2004,63.02
"KG","Kyrgyzstan",2005,13.59
"KG","Kyrgyzstan",2006,51.37
"KG","Kyrgyzstan",2007,47.01
"KG","Kyrgyzstan",2008,67.28
"KG","Kyrgyzstan",2009,37.65
"KG","Kyrgyzstan",2010,83.7
"KG","Kyrgyzstan",2011,107.4
"KG","Kyrgyzstan",2012,41.8
"KG","Kyrgyzstan",2013,87.54
"KG","Kyrgyzstan",2014,34.72
"KG","Kyrgyzstan",2015,181.18
"KG","Kyrgyzstan",2016,76.74
"LA","Lao",2000,18.75
"LA","Lao",2001,13.35
"LA","Lao",2002,2.52
"LA","Lao",2003,9.27
"LA","Lao",2004,7.32
"LA","Lao",2005,10.9
"LA","Lao",2006,61.58
"LA","Lao",2007,92.76
"LA","Lao",2008,55.35
"LA","Lao",2009,45
"LA","Lao",2010,60.37
"LA","Lao",2011,58.06
"LA","Lao",2012,53.18
"LA","Lao",2013,70.03
"LA","Lao",2014,113.48
"LA","Lao",2015,172.2
"LA","Lao",2016,131.67
"LV","Latvia",2000,274.58
"LV","Latvia",2001,90.28
"LV","Latvia",2002,170.51
"LV","Latvia",2003,202.15
"LV","Latvia",2004,393.56
"LV","Latvia",2005,434.23
"LV","Latvia",2006,912.18
"LV","Latvia",2007,979.52
"LV","Latvia",2008,449.15
"LV","Latvia",2009,39.6
"LV","Latvia",2010,173.24
"LV","Latvia",2011,600.63
"LV","Latvia",2012,488.8
"LV","Latvia",2013,383.97
"LV","Latvia",2014,330.32
"LV","Latvia",2015,339.42
"LV","Latvia",2016,64.32
"LB","Lebanon",2000,472.54
"LB","Lebanon",2001,678.25
"LB","Lebanon",2002,566.44
"LB","Lebanon",2003,1134.63
"LB","Lebanon",2004,934.6
"LB","Lebanon",2005,1224.48
"LB","Lebanon",2006,1124.49
"LB","Lebanon",2007,1166.58
"LB","Lebanon",2008,1278.03
"LB","Lebanon",2009,1246.03
"LB","Lebanon",2010,1015.34
"LB","Lebanon",2011,785.48
"LB","Lebanon",2012,682.82
"LB","Lebanon",2013,532.51
"LB","Lebanon",2014,537.49
"LB","Lebanon",2015,406.22
"LB","Lebanon",2016,426.85
"LS","Lesotho",2000,22.99
"LS","Lesotho",2001,23.49
"LS","Lesotho",2002,24.85
"LS","Lesotho",2003,26.7
"LS","Lesotho",2004,27.45
"LS","Lesotho",2005,12.88
"LS","Lesotho",2006,12.21
"LS","Lesotho",2007,34.08
"LS","Lesotho",2008,26.11
"LS","Lesotho",2009,38.25
"LS","Lesotho",2010,17.54
"LS","Lesotho",2011,46.79
"LS","Lesotho",2012,47.62
"LS","Lesotho",2013,45.74
"LS","Lesotho",2014,62.82
"LS","Lesotho",2015,72.07
"LS","Lesotho",2016,60
"LR","Liberia",2000,16.88
"LR","Liberia",2001,6.4
"LR","Liberia",2002,2.11
"LR","Liberia",2003,247.94
"LR","Liberia",2004,44.68
"LR","Liberia",2005,43.81
"LR","Liberia",2006,53.19
"LR","Liberia",2007,56.5
"LR","Liberia",2008,107.61
"LR","Liberia",2009,79.17
"LR","Liberia",2010,148.06
"LR","Liberia",2011,225.92
"LR","Liberia",2012,263.23
"LR","Liberia",2013,267.65
"LR","Liberia",2014,66.79
"LR","Liberia",2015,146.03
"LR","Liberia",2016,98.22
"LY","Libya",2000,48.63
"LY","Libya",2001,0
"LY","Libya",2002,88.13
"LY","Libya",2003,75.58
"LY","Libya",2004,153.99
"LY","Libya",2005,343.85
"LY","Libya",2006,617.65
"LY","Libya",2007,980.11
"LY","Libya",2008,750.71
"LY","Libya",2009,1090.59
"LY","Libya",2010,474.31
"LY","Libya",2011,0
"LY","Libya",2012,228.33
"LY","Libya",2013,109.25
"LY","Libya",2014,7.81
"LY","Libya",2015,138.03
"LY","Libya",2016,78.27
"LI","Liechtenstein",2000,0
"LI","Liechtenstein",2001,0
"LI","Liechtenstein",2002,0
"LI","Liechtenstein",2003,0
"LI","Liechtenstein",2004,0
"LI","Liechtenstein",2005,0
"LI","Liechtenstein",2006,0
"LI","Liechtenstein",2007,0
"LI","Liechtenstein",2008,0
"LI","Liechtenstein",2009,0
"LI","Liechtenstein",2010,0
"LI","Liechtenstein",2011,0
"LI","Liechtenstein",2012,0
"LI","Liechtenstein",2013,0
"LI","Liechtenstein",2014,0
"LI","Liechtenstein",2015,0
"LI","Liechtenstein",2016,0
"LT","Lithuania",2000,213.5
"LT","Lithuania",2001,254.11
"LT","Lithuania",2002,381.73
"LT","Lithuania",2003,80.37
"LT","Lithuania",2004,308.34
"LT","Lithuania",2005,388.06
"LT","Lithuania",2006,648.08
"LT","Lithuania",2007,614.04
"LT","Lithuania",2008,513.19
"LT","Lithuania",2009,0
"LT","Lithuania",2010,241.53
"LT","Lithuania",2011,404.79
"LT","Lithuania",2012,209.43
"LT","Lithuania",2013,135.39
"LT","Lithuania",2014,0
"LT","Lithuania",2015,303.5
"LT","Lithuania",2016,0
"LU","Luxembourg",2000,0
"LU","Luxembourg",2001,0
"LU","Luxembourg",2002,16187.92
"LU","Luxembourg",2003,13142.32
"LU","Luxembourg",2004,13814.59
"LU","Luxembourg",2005,11708.07
"LU","Luxembourg",2006,73930.57
"LU","Luxembourg",2007,0
"LU","Luxembourg",2008,13029.48
"LU","Luxembourg",2009,50048.42
"LU","Luxembourg",2010,71595.5
"LU","Luxembourg",2011,14383.31
"LU","Luxembourg",2012,239515.27
"LU","Luxembourg",2013,16333.31
"LU","Luxembourg",2014,0
"LU","Luxembourg",2015,27641.46
"LU","Luxembourg",2016,46069.74
"MO","Macao",2000,0
"MO","Macao",2001,0
"MO","Macao",2002,0
"MO","Macao",2003,0
"MO","Macao",2004,0
"MO","Macao",2005,0
"MO","Macao",2006,0
"MO","Macao",2007,0
"MO","Macao",2008,0
"MO","Macao",2009,0
"MO","Macao",2010,0
"MO","Macao",2011,0
"MO","Macao",2012,0
"MO","Macao",2013,0
"MO","Macao",2014,0
"MO","Macao",2015,0
"MO","Macao",2016,0
"MK","Macedonia",2000,197.33
"MK","Macedonia",2001,403.06
"MK","Macedonia",2002,0
"MK","Macedonia",2003,79.07
"MK","Macedonia",2004,205.33
"MK","Macedonia",2005,57.86
"MK","Macedonia",2006,249.61
"MK","Macedonia",2007,349.7
"MK","Macedonia",2008,262.17
"MK","Macedonia",2009,94.63
"MK","Macedonia",2010,102.97
"MK","Macedonia",2011,209.51
"MK","Macedonia",2012,67.99
"MK","Macedonia",2013,147.61
"MK","Macedonia",2014,118.17
"MK","Macedonia",2015,122.53
"MK","Macedonia",2016,190.52
"MG","Madagascar",2000,8.86
"MG","Madagascar",2001,8.74
"MG","Madagascar",2002,5.03
"MG","Madagascar",2003,6.72
"MG","Madagascar",2004,8.58
"MG","Madagascar",2005,6.83
"MG","Madagascar",2006,21.88
"MG","Madagascar",2007,44.61
"MG","Madagascar",2008,54.83
"MG","Madagascar",2009,50.97
"MG","Madagascar",2010,36.9
"MG","Madagascar",2011,32.2
"MG","Madagascar",2012,32.3
"MG","Madagascar",2013,20.99
"MG","Madagascar",2014,12.96
"MG","Madagascar",2015,17.92
"MG","Madagascar",2016,21.72
"MW","Malawi",2000,3.15
"MW","Malawi",2001,3.13
"MW","Malawi",2002,1.06
"MW","Malawi",2003,4.69
"MW","Malawi",2004,7.27
"MW","Malawi",2005,8.99
"MW","Malawi",2006,2.13
"MW","Malawi",2007,7.14
"MW","Malawi",2008,9.76
"MW","Malawi",2009,2.21
"MW","Malawi",2010,4.03
"MW","Malawi",2011,4.75
"MW","Malawi",2012,6.31
"MW","Malawi",2013,24.4
"MW","Malawi",2014,30.2
"MW","Malawi",2015,13.72
"MW","Malawi",2016,18
"MY","Malaysia",2000,227.75
"MY","Malaysia",2001,33.11
"MY","Malaysia",2002,181.84
"MY","Malaysia",2003,133.2
"MY","Malaysia",2004,230.41
"MY","Malaysia",2005,188.53
"MY","Malaysia",2006,256.86
"MY","Malaysia",2007,319.6
"MY","Malaysia",2008,230.07
"MY","Malaysia",2009,51.5
"MY","Malaysia",2010,277.76
"MY","Malaysia",2011,330.86
"MY","Malaysia",2012,245.87
"MY","Malaysia",2013,322.4
"MY","Malaysia",2014,288.36
"MY","Malaysia",2015,347.45
"MY","Malaysia",2016,318.27
"MV","Maldives",2000,159.6
"MV","Maldives",2001,155.49
"MV","Maldives",2002,180.83
"MV","Maldives",2003,224.52
"MV","Maldives",2004,331.09
"MV","Maldives",2005,406.79
"MV","Maldives",2006,473.63
"MV","Maldives",2007,572.97
"MV","Maldives",2008,680.76
"MV","Maldives",2009,539.69
"MV","Maldives",2010,703.98
"MV","Maldives",2011,1431.21
"MV","Maldives",2012,703.46
"MV","Maldives",2013,1026.26
"MV","Maldives",2014,889.61
"MV","Maldives",2015,764.11
"MV","Maldives",2016,1073.09
"ML","Mali",2000,16.11
"ML","Mali",2001,22.78
"ML","Mali",2002,40.55
"ML","Mali",2003,19.27
"ML","Mali",2004,12.52
"ML","Mali",2005,24.94
"ML","Mali",2006,8.52
"ML","Mali",2007,6.31
"ML","Mali",2008,13.18
"ML","Mali",2009,53.2
"ML","Mali",2010,28.12
"ML","Mali",2011,31.77
"ML","Mali",2012,22.83
"ML","Mali",2013,16.5
"ML","Mali",2014,7.38
"ML","Mali",2015,15.97
"ML","Mali",2016,6.98
"MT","Malta",2000,2482.74
"MT","Malta",2001,1001
"MT","Malta",2002,0
"MT","Malta",2003,3186.74
"MT","Malta",2004,37454.92
"MT","Malta",2005,72631.52
"MT","Malta",2006,49044.8
"MT","Malta",2007,97200.55
"MT","Malta",2008,28143.46
"MT","Malta",2009,6585.83
"MT","Malta",2010,12328.94
"MT","Malta",2011,46344.76
"MT","Malta",2012,31627.28
"MT","Malta",2013,25282.17
"MT","Malta",2014,23344.41
"MT","Malta",2015,10997.23
"MT","Malta",2016,8181.82
"MH","Marshall Islands",2000,0
"MH","Marshall Islands",2001,0
"MH","Marshall Islands",2002,0
"MH","Marshall Islands",2003,0
"MH","Marshall Islands",2004,0
"MH","Marshall Islands",2005,0
"MH","Marshall Islands",2006,0
"MH","Marshall Islands",2007,148.53
"MH","Marshall Islands",2008,117.35
"MH","Marshall Islands",2009,320.7
"MH","Marshall Islands",2010,0
"MH","Marshall Islands",2011,0
"MH","Marshall Islands",2012,414.08
"MH","Marshall Islands",2013,604.63
"MH","Marshall Islands",2014,174.44
"MH","Marshall Islands",2015,418.52
"MH","Marshall Islands",2016,393.13
"MR","Mauritania",2000,26.43
"MR","Mauritania",2001,49.99
"MR","Mauritania",2002,42.01
"MR","Mauritania",2003,55.48
"MR","Mauritania",2004,192.9
"MR","Mauritania",2005,344.11
"MR","Mauritania",2006,54.38
"MR","Mauritania",2007,44.74
"MR","Mauritania",2008,91.25
"MR","Mauritania",2009,0
"MR","Mauritania",2010,31
"MR","Mauritania",2011,118.92
"MR","Mauritania",2012,284.81
"MR","Mauritania",2013,217.4
"MR","Mauritania",2014,105.33
"MR","Mauritania",2015,115.19
"MR","Mauritania",2016,63.16
"MU","Mauritius",2000,334.4
"MU","Mauritius",2001,0
"MU","Mauritius",2002,38.62
"MU","Mauritius",2003,65.38
"MU","Mauritius",2004,10.78
"MU","Mauritius",2005,41.02
"MU","Mauritius",2006,104.21
"MU","Mauritius",2007,305.57
"MU","Mauritius",2008,293.23
"MU","Mauritius",2009,212.85
"MU","Mauritius",2010,348.64
"MU","Mauritius",2011,314.49
"MU","Mauritius",2012,432.97
"MU","Mauritius",2013,212.97
"MU","Mauritius",2014,297.26
"MU","Mauritius",2015,167.59
"MU","Mauritius",2016,276.55
"MX","Mexico",2000,197.18
"MX","Mexico",2001,293.91
"MX","Mexico",2002,225.89
"MX","Mexico",2003,181.83
"MX","Mexico",2004,237.06
"MX","Mexico",2005,223.68
"MX","Mexico",2006,168.54
"MX","Mexico",2007,243.37
"MX","Mexico",2008,208.27
"MX","Mexico",2009,148.15
"MX","Mexico",2010,196.49
"MX","Mexico",2011,163.8
"MX","Mexico",2012,141.29
"MX","Mexico",2013,299.71
"MX","Mexico",2014,170.05
"MX","Mexico",2015,234.12
"MX","Mexico",2016,209.65
"FM","Micronesia",2000,0
"FM","Micronesia",2001,0
"FM","Micronesia",2002,0
"FM","Micronesia",2003,0
"FM","Micronesia",2004,0
"FM","Micronesia",2005,0
"FM","Micronesia",2006,0
"FM","Micronesia",2007,0
"FM","Micronesia",2008,0
"FM","Micronesia",2009,0
"FM","Micronesia",2010,0
"FM","Micronesia",2011,0
"FM","Micronesia",2012,0
"FM","Micronesia",2013,0
"FM","Micronesia",2014,184.69
"FM","Micronesia",2015,0
"FM","Micronesia",2016,0
"MD","Moldova",2000,86.64
"MD","Moldova",2001,66.38
"MD","Moldova",2002,51.93
"MD","Moldova",2003,40.88
"MD","Moldova",2004,66.5
"MD","Moldova",2005,81.28
"MD","Moldova",2006,101.49
"MD","Moldova",2007,169.91
"MD","Moldova",2008,175.38
"MD","Moldova",2009,53.83
"MD","Moldova",2010,53.87
"MD","Moldova",2011,66.11
"MD","Moldova",2012,49.8
"MD","Moldova",2013,53.16
"MD","Moldova",2014,46.08
"MD","Moldova",2015,51.34
"MD","Moldova",2016,40.3
"MC","Monaco",2000,0
"MC","Monaco",2001,0
"MC","Monaco",2002,0
"MC","Monaco",2003,0
"MC","Monaco",2004,0
"MC","Monaco",2005,0
"MC","Monaco",2006,0
"MC","Monaco",2007,0
"MC","Monaco",2008,0
"MC","Monaco",2009,0
"MC","Monaco",2010,0
"MC","Monaco",2011,0
"MC","Monaco",2012,0
"MC","Monaco",2013,0
"MC","Monaco",2014,0
"MC","Monaco",2015,0
"MC","Monaco",2016,0
"MN","Mongolia",2000,61.7
"MN","Mongolia",2001,67.17
"MN","Mongolia",2002,78.53
"MN","Mongolia",2003,123.73
"MN","Mongolia",2004,76.09
"MN","Mongolia",2005,127.89
"MN","Mongolia",2006,128.24
"MN","Mongolia",2007,158.98
"MN","Mongolia",2008,254.45
"MN","Mongolia",2009,245.11
"MN","Mongolia",2010,583.68
"MN","Mongolia",2011,1254.4
"MN","Mongolia",2012,1094.27
"MN","Mongolia",2013,564.45
"MN","Mongolia",2014,100.89
"MN","Mongolia",2015,29.51
"MN","Mongolia",2016,0
"ME","Montenegro",2000,0
"ME","Montenegro",2001,0
"ME","Montenegro",2002,0
"ME","Montenegro",2003,0
"ME","Montenegro",2004,0
"ME","Montenegro",2005,0
"ME","Montenegro",2006,0
"ME","Montenegro",2007,0
"ME","Montenegro",2008,1320.99
"ME","Montenegro",2009,2161.85
"ME","Montenegro",2010,1102.24
"ME","Montenegro",2011,761.42
"ME","Montenegro",2012,912.91
"ME","Montenegro",2013,624.28
"ME","Montenegro",2014,685.45
"ME","Montenegro",2015,1138.39
"ME","Montenegro",2016,363.3
"MA","Morocco",2000,19.54
"MA","Morocco",2001,135.83
"MA","Morocco",2002,22.16
"MA","Morocco",2003,90.69
"MA","Morocco",2004,31.72
"MA","Morocco",2005,57.29
"MA","Morocco",2006,81.96
"MA","Morocco",2007,83.4
"MA","Morocco",2008,66.15
"MA","Morocco",2009,53.23
"MA","Morocco",2010,43.83
"MA","Morocco",2011,68.28
"MA","Morocco",2012,75.98
"MA","Morocco",2013,87.04
"MA","Morocco",2014,92.29
"MA","Morocco",2015,94.6
"MA","Morocco",2016,65.82
"MZ","Mozambique",2000,5.81
"MZ","Mozambique",2001,11.93
"MZ","Mozambique",2002,15.74
"MZ","Mozambique",2003,14.13
"MZ","Mozambique",2004,17.17
"MZ","Mozambique",2005,3.65
"MZ","Mozambique",2006,3.72
"MZ","Mozambique",2007,12.06
"MZ","Mozambique",2008,15.21
"MZ","Mozambique",2009,24.52
"MZ","Mozambique",2010,30.96
"MZ","Mozambique",2011,89.67
"MZ","Mozambique",2012,127.77
"MZ","Mozambique",2013,138.26
"MZ","Mozambique",2014,108.72
"MZ","Mozambique",2015,101.26
"MZ","Mozambique",2016,107.3
"MM","Myanmar",2000,3.09
"MM","Myanmar",2001,0.79
"MM","Myanmar",2002,0.96
"MM","Myanmar",2003,73.63
"MM","Myanmar",2004,32.29
"MM","Myanmar",2005,4.85
"MM","Myanmar",2006,29.5
"MM","Myanmar",2007,0.07
"MM","Myanmar",2008,13.64
"MM","Myanmar",2009,0.58
"MM","Myanmar",2010,114.66
"MM","Myanmar",2011,16.63
"MM","Myanmar",2012,7.9
"MM","Myanmar",2013,9.91
"MM","Myanmar",2014,15.75
"MM","Myanmar",2015,54.95
"MM","Myanmar",2016,41.41
"NA","Namibia",2000,139.31
"NA","Namibia",2001,302.4
"NA","Namibia",2002,166.37
"NA","Namibia",2003,95.27
"NA","Namibia",2004,113.66
"NA","Namibia",2005,182.92
"NA","Namibia",2006,171.47
"NA","Namibia",2007,304.58
"NA","Namibia",2008,311.75
"NA","Namibia",2009,206.35
"NA","Namibia",2010,266.46
"NA","Namibia",2011,352.17
"NA","Namibia",2012,349.81
"NA","Namibia",2013,260.88
"NA","Namibia",2014,145.39
"NA","Namibia",2015,422.25
"NA","Namibia",2016,110.84
"NP","Nepal",2000,0
"NP","Nepal",2001,1.78
"NP","Nepal",2002,0
"NP","Nepal",2003,0.14
"NP","Nepal",2004,0
"NP","Nepal",2005,0.16
"NP","Nepal",2006,0
"NP","Nepal",2007,0.32
"NP","Nepal",2008,0.05
"NP","Nepal",2009,1.82
"NP","Nepal",2010,3.41
"NP","Nepal",2011,3.24
"NP","Nepal",2012,3.26
"NP","Nepal",2013,2.54
"NP","Nepal",2014,1.09
"NP","Nepal",2015,1.77
"NP","Nepal",2016,3.66
"NL","Netherlands",2000,6229.17
"NL","Netherlands",2001,4966.32
"NL","Netherlands",2002,2181.94
"NL","Netherlands",2003,2330.64
"NL","Netherlands",2004,787.79
"NL","Netherlands",2005,2416.89
"NL","Netherlands",2006,834.69
"NL","Netherlands",2007,6108.61
"NL","Netherlands",2008,0
"NL","Netherlands",2009,1963.32
"NL","Netherlands",2010,0
"NL","Netherlands",2011,1201.4
"NL","Netherlands",2012,1322.01
"NL","Netherlands",2013,2572.95
"NL","Netherlands",2014,2671.91
"NL","Netherlands",2015,4070.81
"NL","Netherlands",2016,5403.34
"NC","New Caledonia",2000,0
"NC","New Caledonia",2001,0
"NC","New Caledonia",2002,0
"NC","New Caledonia",2003,0
"NC","New Caledonia",2004,0
"NC","New Caledonia",2005,0
"NC","New Caledonia",2006,0
"NC","New Caledonia",2007,0
"NC","New Caledonia",2008,0
"NC","New Caledonia",2009,0
"NC","New Caledonia",2010,0
"NC","New Caledonia",2011,0
"NC","New Caledonia",2012,0
"NC","New Caledonia",2013,0
"NC","New Caledonia",2014,0
"NC","New Caledonia",2015,0
"NC","New Caledonia",2016,0
"NZ","New Zealand",2000,768.35
"NZ","New Zealand",2001,0
"NZ","New Zealand",2002,912.31
"NZ","New Zealand",2003,0
"NZ","New Zealand",2004,481.83
"NZ","New Zealand",2005,366.29
"NZ","New Zealand",2006,1180.26
"NZ","New Zealand",2007,958.23
"NZ","New Zealand",2008,845.14
"NZ","New Zealand",2009,205.96
"NZ","New Zealand",2010,0
"NZ","New Zealand",2011,914.16
"NZ","New Zealand",2012,767.94
"NZ","New Zealand",2013,371.07
"NZ","New Zealand",2014,479.6
"NZ","New Zealand",2015,0
"NZ","New Zealand",2016,488.34
"NI","Nicaragua",2000,75.5
"NI","Nicaragua",2001,41.35
"NI","Nicaragua",2002,56.96
"NI","Nicaragua",2003,55.85
"NI","Nicaragua",2004,66.23
"NI","Nicaragua",2005,60.25
"NI","Nicaragua",2006,68.63
"NI","Nicaragua",2007,86.31
"NI","Nicaragua",2008,126.52
"NI","Nicaragua",2009,85.57
"NI","Nicaragua",2010,94.37
"NI","Nicaragua",2011,169.76
"NI","Nicaragua",2012,135.94
"NI","Nicaragua",2013,143.62
"NI","Nicaragua",2014,149.12
"NI","Nicaragua",2015,154.81
"NI","Nicaragua",2016,144.36
"NE","Niger",2000,1.4
"NE","Niger",2001,3.64
"NE","Niger",2002,0.34
"NE","Niger",2003,1.31
"NE","Niger",2004,2.03
"NE","Niger",2005,2.71
"NE","Niger",2006,4.27
"NE","Niger",2007,9.22
"NE","Niger",2008,20.29
"NE","Niger",2009,45.22
"NE","Niger",2010,52.98
"NE","Niger",2011,52.76
"NE","Niger",2012,41.4
"NE","Niger",2013,32.47
"NE","Niger",2014,35.73
"NE","Niger",2015,26.28
"NE","Niger",2016,14.17
"NG","Nigeria",2000,22.08
"NG","Nigeria",2001,20.78
"NG","Nigeria",2002,28.85
"NG","Nigeria",2003,29.93
"NG","Nigeria",2004,24.93
"NG","Nigeria",2005,46.74
"NG","Nigeria",2006,36.41
"NG","Nigeria",2007,40.19
"NG","Nigeria",2008,45.14
"NG","Nigeria",2009,55.45
"NG","Nigeria",2010,34.14
"NG","Nigeria",2011,45.42
"NG","Nigeria",2012,33.12
"NG","Nigeria",2013,23.93
"NG","Nigeria",2014,18.78
"NG","Nigeria",2015,14.11
"NG","Nigeria",2016,23.92
"MP","Northern Mariana Islands",2000,0
"MP","Northern Mariana Islands",2001,0
"MP","Northern Mariana Islands",2002,0
"MP","Northern Mariana Islands",2003,0
"MP","Northern Mariana Islands",2004,0
"MP","Northern Mariana Islands",2005,0
"MP","Northern Mariana Islands",2006,0
"MP","Northern Mariana Islands",2007,0
"MP","Northern Mariana Islands",2008,0
"MP","Northern Mariana Islands",2009,0
"MP","Northern Mariana Islands",2010,0
"MP","Northern Mariana Islands",2011,0
"MP","Northern Mariana Islands",2012,0
"MP","Northern Mariana Islands",2013,0
"MP","Northern Mariana Islands",2014,0
"MP","Northern Mariana Islands",2015,0
"MP","Northern Mariana Islands",2016,0
"KP","North Korea",2000,0.64
"KP","North Korea",2001,0
"KP","North Korea",2002,0.33
"KP","North Korea",2003,0.29
"KP","North Korea",2004,3.01
"KP","North Korea",2005,0
"KP","North Korea",2006,0
"KP","North Korea",2007,0.83
"KP","North Korea",2008,6.49
"KP","North Korea",2009,0.5
"KP","North Korea",2010,0.74
"KP","North Korea",2011,4.26
"KP","North Korea",2012,8.31
"KP","North Korea",2013,4.28
"KP","North Korea",2014,2.81
"KP","North Korea",2015,3.22
"KP","North Korea",2016,3.67
"NO","Norway",2000,2652.8
"NO","Norway",2001,794.74
"NO","Norway",2002,266.11
"NO","Norway",2003,1000.25
"NO","Norway",2004,655.56
"NO","Norway",2005,490.5
"NO","Norway",2006,2150.38
"NO","Norway",2007,1431.4
"NO","Norway",2008,1600.32
"NO","Norway",2009,2977.08
"NO","Norway",2010,2736.25
"NO","Norway",2011,2099.11
"NO","Norway",2012,2560.26
"NO","Norway",2013,524.43
"NO","Norway",2014,1120.78
"NO","Norway",2015,2132.24
"NO","Norway",2016,0
"OM","Oman",2000,72.58
"OM","Oman",2001,4.7
"OM","Oman",2002,103.48
"OM","Oman",2003,18.81
"OM","Oman",2004,72.09
"OM","Oman",2005,794.07
"OM","Oman",2006,705.48
"OM","Oman",2007,1318.82
"OM","Oman",2008,843.11
"OM","Oman",2009,542.11
"OM","Oman",2010,371.96
"OM","Oman",2011,390.71
"OM","Oman",2012,296.47
"OM","Oman",2013,331.4
"OM","Oman",2014,289.79
"OM","Oman",2015,0
"OM","Oman",2016,32.09
"PK","Pakistan",2000,3.97
"PK","Pakistan",2001,5.02
"PK","Pakistan",2002,10.89
"PK","Pakistan",2003,6.3
"PK","Pakistan",2004,11.79
"PK","Pakistan",2005,22.09
"PK","Pakistan",2006,38.39
"PK","Pakistan",2007,46.77
"PK","Pakistan",2008,41.74
"PK","Pakistan",2009,17.96
"PK","Pakistan",2010,14.78
"PK","Pakistan",2011,7.15
"PK","Pakistan",2012,5.12
"PK","Pakistan",2013,7.82
"PK","Pakistan",2014,10.56
"PK","Pakistan",2015,6.71
"PK","Pakistan",2016,10.38
"PW","Palau",2000,282.77
"PW","Palau",2001,0
"PW","Palau",2002,176.81
"PW","Palau",2003,568.38
"PW","Palau",2004,596.94
"PW","Palau",2005,294.99
"PW","Palau",2006,2369.15
"PW","Palau",2007,307.05
"PW","Palau",2008,308.05
"PW","Palau",2009,172.57
"PW","Palau",2010,173.66
"PW","Palau",2011,514.58
"PW","Palau",2012,1282.09
"PW","Palau",2013,979.56
"PW","Palau",2014,2097.66
"PW","Palau",2015,1657.57
"PW","Palau",2016,1433.57
"PS","Palestine",2000,35.55
"PS","Palestine",2001,10.47
"PS","Palestine",2002,4.95
"PS","Palestine",2003,9.39
"PS","Palestine",2004,25.18
"PS","Palestine",2005,23.2
"PS","Palestine",2006,8.54
"PS","Palestine",2007,12.05
"PS","Palestine",2008,18.64
"PS","Palestine",2009,105.42
"PS","Palestine",2010,61.97
"PS","Palestine",2011,97.51
"PS","Palestine",2012,15.6
"PS","Palestine",2013,42.1
"PS","Palestine",2014,36.38
"PS","Palestine",2015,23.63
"PS","Palestine",2016,59.08
"PA","Panama",2000,343.74
"PA","Panama",2001,249.82
"PA","Panama",2002,50.89
"PA","Panama",2003,409.51
"PA","Panama",2004,491.37
"PA","Panama",2005,426.84
"PA","Panama",2006,1139.53
"PA","Panama",2007,809.62
"PA","Panama",2008,834.66
"PA","Panama",2009,450.61
"PA","Panama",2010,931.25
"PA","Panama",2011,996.37
"PA","Panama",2012,937.01
"PA","Panama",2013,971.92
"PA","Panama",2014,1155.68
"PA","Panama",2015,1142.97
"PA","Panama",2016,1291.31
"PG","Papua New Guinea",2000,33.51
"PG","Papua New Guinea",2001,24.18
"PG","Papua New Guinea",2002,6.94
"PG","Papua New Guinea",2003,32.02
"PG","Papua New Guinea",2004,7.13
"PG","Papua New Guinea",2005,8.07
"PG","Papua New Guinea",2006,0
"PG","Papua New Guinea",2007,19.13
"PG","Papua New Guinea",2008,0
"PG","Papua New Guinea",2009,70.55
"PG","Papua New Guinea",2010,4.25
"PG","Papua New Guinea",2011,0
"PG","Papua New Guinea",2012,2.48
"PG","Papua New Guinea",2013,1.84
"PG","Papua New Guinea",2014,0
"PG","Papua New Guinea",2015,3.4
"PG","Papua New Guinea",2016,0
"PY","Paraguay",2000,33.41
"PY","Paraguay",2001,24.74
"PY","Paraguay",2002,2.49
"PY","Paraguay",2003,10.4
"PY","Paraguay",2004,9.67
"PY","Paraguay",2005,11.42
"PY","Paraguay",2006,25.91
"PY","Paraguay",2007,44.15
"PY","Paraguay",2008,44.99
"PY","Paraguay",2009,13.43
"PY","Paraguay",2010,77.2
"PY","Paraguay",2011,79.87
"PY","Paraguay",2012,95.26
"PY","Paraguay",2013,32.92
"PY","Paraguay",2014,48.35
"PY","Paraguay",2015,37.88
"PY","Paraguay",2016,40.68
"PE","Peru",2000,52.94
"PE","Peru",2001,73.41
"PE","Peru",2002,136.48
"PE","Peru",2003,80.17
"PE","Peru",2004,88.11
"PE","Peru",2005,132.75
"PE","Peru",2006,161.69
"PE","Peru",2007,236.07
"PE","Peru",2008,269.8
"PE","Peru",2009,251.26
"PE","Peru",2010,289.2
"PE","Peru",2011,231.39
"PE","Peru",2012,346.85
"PE","Peru",2013,287.6
"PE","Peru",2014,128.34
"PE","Peru",2015,257.43
"PE","Peru",2016,215.99
"PH","Philippines",2000,47.62
"PH","Philippines",2001,4.44
"PH","Philippines",2002,33.38
"PH","Philippines",2003,10.6
"PH","Philippines",2004,14.27
"PH","Philippines",2005,35.05
"PH","Philippines",2006,48.17
"PH","Philippines",2007,41.25
"PH","Philippines",2008,19.25
"PH","Philippines",2009,25.11
"PH","Philippines",2010,14.84
"PH","Philippines",2011,19.23
"PH","Philippines",2012,23.92
"PH","Philippines",2013,22.99
"PH","Philippines",2014,54.17
"PH","Philippines",2015,47.27
"PH","Philippines",2016,76.58
"PL","Poland",2000,389.13
"PL","Poland",2001,209.07
"PL","Poland",2002,147.34
"PL","Poland",2003,137.74
"PL","Poland",2004,376.02
"PL","Poland",2005,219.52
"PL","Poland",2006,368.25
"PL","Poland",2007,430.71
"PL","Poland",2008,226.92
"PL","Poland",2009,227.2
"PL","Poland",2010,276.98
"PL","Poland",2011,327.94
"PL","Poland",2012,274.41
"PL","Poland",2013,77.63
"PL","Poland",2014,303.74
"PL","Poland",2015,340.44
"PL","Poland",2016,299.3
"PT","Portugal",2000,1054.13
"PT","Portugal",2001,980.91
"PT","Portugal",2002,235.03
"PT","Portugal",2003,920.97
"PT","Portugal",2004,183.2
"PT","Portugal",2005,341.84
"PT","Portugal",2006,1001.46
"PT","Portugal",2007,241.51
"PT","Portugal",2008,277.7
"PT","Portugal",2009,129.06
"PT","Portugal",2010,202.73
"PT","Portugal",2011,594.27
"PT","Portugal",2012,772.78
"PT","Portugal",2013,224.38
"PT","Portugal",2014,246.8
"PT","Portugal",2015,676.75
"PT","Portugal",2016,587.39
"PR","Puerto Rico",2000,0
"PR","Puerto Rico",2001,0
"PR","Puerto Rico",2002,0
"PR","Puerto Rico",2003,0
"PR","Puerto Rico",2004,0
"PR","Puerto Rico",2005,0
"PR","Puerto Rico",2006,0
"PR","Puerto Rico",2007,0
"PR","Puerto Rico",2008,0
"PR","Puerto Rico",2009,0
"PR","Puerto Rico",2010,0
"PR","Puerto Rico",2011,0
"PR","Puerto Rico",2012,0
"PR","Puerto Rico",2013,0
"PR","Puerto Rico",2014,0
"PR","Puerto Rico",2015,0
"PR","Puerto Rico",2016,0
"QA","Qatar",2000,796.68
"QA","Qatar",2001,945.24
"QA","Qatar",2002,1850.94
"QA","Qatar",2003,1483.52
"QA","Qatar",2004,2283.46
"QA","Qatar",2005,3200.29
"QA","Qatar",2006,3539.15
"QA","Qatar",2007,3637.45
"QA","Qatar",2008,2037.45
"QA","Qatar",2009,5048.93
"QA","Qatar",2010,2395.36
"QA","Qatar",2011,371.05
"QA","Qatar",2012,136.15
"QA","Qatar",2013,0
"QA","Qatar",2014,312.67
"QA","Qatar",2015,399.42
"QA","Qatar",2016,301.15
"RO","Romania",2000,130.53
"RO","Romania",2001,140.92
"RO","Romania",2002,131.14
"RO","Romania",2003,206.99
"RO","Romania",2004,519.19
"RO","Romania",2005,397.71
"RO","Romania",2006,615.76
"RO","Romania",2007,430.73
"RO","Romania",2008,539.17
"RO","Romania",2009,218.01
"RO","Romania",2010,141.85
"RO","Romania",2011,101.03
"RO","Romania",2012,149.89
"RO","Romania",2013,157.16
"RO","Romania",2014,139.19
"RO","Romania",2015,195.31
"RO","Romania",2016,232.07
"RU","Russian Federation",2000,47.91
"RU","Russian Federation",2001,45.37
"RU","Russian Federation",2002,51.67
"RU","Russian Federation",2003,101.29
"RU","Russian Federation",2004,156.4
"RU","Russian Federation",2005,121.56
"RU","Russian Federation",2006,265.04
"RU","Russian Federation",2007,321.94
"RU","Russian Federation",2008,366.38
"RU","Russian Federation",2009,167.79
"RU","Russian Federation",2010,160.36
"RU","Russian Federation",2011,156.52
"RU","Russian Federation",2012,123.11
"RU","Russian Federation",2013,212.8
"RU","Russian Federation",2014,129.99
"RU","Russian Federation",2015,77.48
"RU","Russian Federation",2016,260.96
"RW","Rwanda",2000,1.47
"RW","Rwanda",2001,3.61
"RW","Rwanda",2002,0.32
"RW","Rwanda",2003,0.93
"RW","Rwanda",2004,1.41
"RW","Rwanda",2005,1.27
"RW","Rwanda",2006,4.27
"RW","Rwanda",2007,9.9
"RW","Rwanda",2008,10.48
"RW","Rwanda",2009,11.36
"RW","Rwanda",2010,23.35
"RW","Rwanda",2011,10.37
"RW","Rwanda",2012,20.9
"RW","Rwanda",2013,20.69
"RW","Rwanda",2014,36.81
"RW","Rwanda",2015,31.31
"RW","Rwanda",2016,34.39
"KN","Saint Kitts and Nevis",2000,3228.03
"KN","Saint Kitts and Nevis",2001,2814.32
"KN","Saint Kitts and Nevis",2002,2441.4
"KN","Saint Kitts and Nevis",2003,2241.56
"KN","Saint Kitts and Nevis",2004,1551.14
"KN","Saint Kitts and Nevis",2005,2558.01
"KN","Saint Kitts and Nevis",2006,2575.44
"KN","Saint Kitts and Nevis",2007,2970.46
"KN","Saint Kitts and Nevis",2008,3753.96
"KN","Saint Kitts and Nevis",2009,2762.19
"KN","Saint Kitts and Nevis",2010,2420.13
"KN","Saint Kitts and Nevis",2011,2095.53
"KN","Saint Kitts and Nevis",2012,2085.13
"KN","Saint Kitts and Nevis",2013,2572.36
"KN","Saint Kitts and Nevis",2014,2148.21
"KN","Saint Kitts and Nevis",2015,1388.38
"KN","Saint Kitts and Nevis",2016,1213.02
"LC","Saint Lucia",2000,578.49
"LC","Saint Lucia",2001,632.4
"LC","Saint Lucia",2002,543.16
"LC","Saint Lucia",2003,1035.32
"LC","Saint Lucia",2004,724.61
"LC","Saint Lucia",2005,683.34
"LC","Saint Lucia",2006,1873.56
"LC","Saint Lucia",2007,1943.16
"LC","Saint Lucia",2008,1193.39
"LC","Saint Lucia",2009,1079.75
"LC","Saint Lucia",2010,811.27
"LC","Saint Lucia",2011,636.24
"LC","Saint Lucia",2012,479.77
"LC","Saint Lucia",2013,577.21
"LC","Saint Lucia",2014,538.44
"LC","Saint Lucia",2015,524.97
"LC","Saint Lucia",2016,531.35
"MF","Saint Martin",2000,0
"MF","Saint Martin",2001,0
"MF","Saint Martin",2002,0
"MF","Saint Martin",2003,0
"MF","Saint Martin",2004,0
"MF","Saint Martin",2005,0
"MF","Saint Martin",2006,0
"MF","Saint Martin",2007,0
"MF","Saint Martin",2008,0
"MF","Saint Martin",2009,0
"MF","Saint Martin",2010,0
"MF","Saint Martin",2011,0
"MF","Saint Martin",2012,0
"MF","Saint Martin",2013,0
"MF","Saint Martin",2014,0
"MF","Saint Martin",2015,0
"MF","Saint Martin",2016,0
"VC","Saint Vincent & the Grenadines",2000,493.69
"VC","Saint Vincent & the Grenadines",2001,257.44
"VC","Saint Vincent & the Grenadines",2002,410.9
"VC","Saint Vincent & the Grenadines",2003,683.68
"VC","Saint Vincent & the Grenadines",2004,784.83
"VC","Saint Vincent & the Grenadines",2005,466.69
"VC","Saint Vincent & the Grenadines",2006,1212.88
"VC","Saint Vincent & the Grenadines",2007,1280.31
"VC","Saint Vincent & the Grenadines",2008,1591.34
"VC","Saint Vincent & the Grenadines",2009,1110.52
"VC","Saint Vincent & the Grenadines",2010,947.7
"VC","Saint Vincent & the Grenadines",2011,842.73
"VC","Saint Vincent & the Grenadines",2012,1119.65
"VC","Saint Vincent & the Grenadines",2013,1529.06
"VC","Saint Vincent & the Grenadines",2014,1042.33
"VC","Saint Vincent & the Grenadines",2015,1112.4
"VC","Saint Vincent & the Grenadines",2016,944.03
"WS","Samoa",2000,0
"WS","Samoa",2001,17.37
"WS","Samoa",2002,19.46
"WS","Samoa",2003,29.36
"WS","Samoa",2004,19.93
"WS","Samoa",2005,30.87
"WS","Samoa",2006,171.74
"WS","Samoa",2007,49.19
"WS","Samoa",2008,300.99
"WS","Samoa",2009,61.94
"WS","Samoa",2010,2.35
"WS","Samoa",2011,77.66
"WS","Samoa",2012,126.93
"WS","Samoa",2013,64.84
"WS","Samoa",2014,106.71
"WS","Samoa",2015,126.05
"WS","Samoa",2016,11.99
"SM","San Marino",2000,0
"SM","San Marino",2001,0
"SM","San Marino",2002,0
"SM","San Marino",2003,0
"SM","San Marino",2004,0
"SM","San Marino",2005,0
"SM","San Marino",2006,0
"SM","San Marino",2007,0
"SM","San Marino",2008,0
"SM","San Marino",2009,0
"SM","San Marino",2010,0
"SM","San Marino",2011,0
"SM","San Marino",2012,0
"SM","San Marino",2013,0
"SM","San Marino",2014,0
"SM","San Marino",2015,0
"SM","San Marino",2016,0
"ST","Sao Tome & Principe",2000,80.05
"ST","Sao Tome & Principe",2001,51.35
"ST","Sao Tome & Principe",2002,54.79
"ST","Sao Tome & Principe",2003,44.52
"ST","Sao Tome & Principe",2004,42.15
"ST","Sao Tome & Principe",2005,164.28
"ST","Sao Tome & Principe",2006,393.49
"ST","Sao Tome & Principe",2007,346.49
"ST","Sao Tome & Principe",2008,632.84
"ST","Sao Tome & Principe",2009,126.04
"ST","Sao Tome & Principe",2010,400.89
"ST","Sao Tome & Principe",2011,220.89
"ST","Sao Tome & Principe",2012,145.22
"ST","Sao Tome & Principe",2013,66.83
"ST","Sao Tome & Principe",2014,132.05
"ST","Sao Tome & Principe",2015,154.96
"ST","Sao Tome & Principe",2016,110.8
"SA","Saudi Arabia",2000,16.51
"SA","Saudi Arabia",2001,45.06
"SA","Saudi Arabia",2002,37.17
"SA","Saudi Arabia",2003,60.63
"SA","Saudi Arabia",2004,132.25
"SA","Saudi Arabia",2005,666.26
"SA","Saudi Arabia",2006,878.28
"SA","Saudi Arabia",2007,1047.99
"SA","Saudi Arabia",2008,1406.42
"SA","Saudi Arabia",2009,1500.15
"SA","Saudi Arabia",2010,997.81
"SA","Saudi Arabia",2011,467.97
"SA","Saudi Arabia",2012,326.27
"SA","Saudi Arabia",2013,233.4
"SA","Saudi Arabia",2014,210.06
"SA","Saudi Arabia",2015,250.53
"SA","Saudi Arabia",2016,230.9
"SN","Senegal",2000,10.24
"SN","Senegal",2001,5.1
"SN","Senegal",2002,11.15
"SN","Senegal",2003,6.07
"SN","Senegal",2004,7.85
"SN","Senegal",2005,4.31
"SN","Senegal",2006,19.77
"SN","Senegal",2007,22.59
"SN","Senegal",2008,25.62
"SN","Senegal",2009,21.55
"SN","Senegal",2010,17.96
"SN","Senegal",2011,20.31
"SN","Senegal",2012,17
"SN","Senegal",2013,18.44
"SN","Senegal",2014,23.37
"SN","Senegal",2015,27.54
"SN","Senegal",2016,25.49
"RS","Serbia",2000,0
"RS","Serbia",2001,0
"RS","Serbia",2002,0
"RS","Serbia",2003,0
"RS","Serbia",2004,0
"RS","Serbia",2005,0
"RS","Serbia",2006,0
"RS","Serbia",2007,0
"RS","Serbia",2008,406.74
"RS","Serbia",2009,332.86
"RS","Serbia",2010,213.64
"RS","Serbia",2011,536.32
"RS","Serbia",2012,160.29
"RS","Serbia",2013,233.68
"RS","Serbia",2014,230.79
"RS","Serbia",2015,326.85
"RS","Serbia",2016,325.73
"SC","Seychelles",2000,429.66
"SC","Seychelles",2001,1103.93
"SC","Seychelles",2002,711.77
"SC","Seychelles",2003,820.12
"SC","Seychelles",2004,431.3
"SC","Seychelles",2005,979.81
"SC","Seychelles",2006,1609.9
"SC","Seychelles",2007,2168
"SC","Seychelles",2008,2155.15
"SC","Seychelles",2009,2354.38
"SC","Seychelles",2010,2605.14
"SC","Seychelles",2011,2641.43
"SC","Seychelles",2012,3282.75
"SC","Seychelles",2013,1776.45
"SC","Seychelles",2014,2441.91
"SC","Seychelles",2015,2068.44
"SC","Seychelles",2016,1639.64
"SL","Sierra Leone",2000,10.99
"SL","Sierra Leone",2001,2.75
"SL","Sierra Leone",2002,3.05
"SL","Sierra Leone",2003,2.38
"SL","Sierra Leone",2004,16.52
"SL","Sierra Leone",2005,19.7
"SL","Sierra Leone",2006,12.28
"SL","Sierra Leone",2007,18.5
"SL","Sierra Leone",2008,9.76
"SL","Sierra Leone",2009,19.37
"SL","Sierra Leone",2010,40.83
"SL","Sierra Leone",2011,148.1
"SL","Sierra Leone",2012,98.04
"SL","Sierra Leone",2013,53.21
"SL","Sierra Leone",2014,50.21
"SL","Sierra Leone",2015,29.94
"SL","Sierra Leone",2016,69.77
"SG","Singapore",2000,5442.65
"SG","Singapore",2001,6173.71
"SG","Singapore",2002,2241.51
"SG","Singapore",2003,6235.83
"SG","Singapore",2004,8197.87
"SG","Singapore",2005,5720.76
"SG","Singapore",2006,10621.15
"SG","Singapore",2007,11800.41
"SG","Singapore",2008,2725.52
"SG","Singapore",2009,5127.55
"SG","Singapore",2010,10923.16
"SG","Singapore",2011,8700.17
"SG","Singapore",2012,9614.95
"SG","Singapore",2013,10921.93
"SG","Singapore",2014,12537.98
"SG","Singapore",2015,12507.46
"SG","Singapore",2016,10985.12
"SX","Sint Maarten (Dutch part)",2000,0
"SX","Sint Maarten (Dutch part)",2001,0
"SX","Sint Maarten (Dutch part)",2002,0
"SX","Sint Maarten (Dutch part)",2003,0
"SX","Sint Maarten (Dutch part)",2004,0
"SX","Sint Maarten (Dutch part)",2005,0
"SX","Sint Maarten (Dutch part)",2006,0
"SX","Sint Maarten (Dutch part)",2007,0
"SX","Sint Maarten (Dutch part)",2008,0
"SX","Sint Maarten (Dutch part)",2009,0
"SX","Sint Maarten (Dutch part)",2010,0
"SX","Sint Maarten (Dutch part)",2011,0
"SX","Sint Maarten (Dutch part)",2012,0
"SX","Sint Maarten (Dutch part)",2013,0
"SX","Sint Maarten (Dutch part)",2014,0
"SX","Sint Maarten (Dutch part)",2015,0
"SX","Sint Maarten (Dutch part)",2016,0
"SK","Slovakia",2000,1166.01
"SK","Slovakia",2001,971.36
"SK","Slovakia",2002,2259.79
"SK","Slovakia",2003,883.59
"SK","Slovakia",2004,991.93
"SK","Slovakia",2005,719.67
"SK","Slovakia",2006,1246.55
"SK","Slovakia",2007,709.98
"SK","Slovakia",2008,734.06
"SK","Slovakia",2009,0
"SK","Slovakia",2010,281.37
"SK","Slovakia",2011,519.51
"SK","Slovakia",2012,473.17
"SK","Slovakia",2013,0
"SK","Slovakia",2014,0
"SK","Slovakia",2015,0
"SK","Slovakia",2016,0
"SI","Slovenia",2000,91.93
"SI","Slovenia",2001,251.76
"SI","Slovenia",2002,1062.2
"SI","Slovenia",2003,161.98
"SI","Slovenia",2004,371.29
"SI","Slovenia",2005,301.32
"SI","Slovenia",2006,366.16
"SI","Slovenia",2007,343.58
"SI","Slovenia",2008,501.19
"SI","Slovenia",2009,0
"SI","Slovenia",2010,45.51
"SI","Slovenia",2011,441.52
"SI","Slovenia",2012,148.05
"SI","Slovenia",2013,0
"SI","Slovenia",2014,432.29
"SI","Slovenia",2015,792.07
"SI","Slovenia",2016,445.17
"SB","Solomon Islands",2000,55.23
"SB","Solomon Islands",2001,0
"SB","Solomon Islands",2002,0
"SB","Solomon Islands",2003,0
"SB","Solomon Islands",2004,23.44
"SB","Solomon Islands",2005,71.41
"SB","Solomon Islands",2006,157.38
"SB","Solomon Islands",2007,289.88
"SB","Solomon Islands",2008,224.33
"SB","Solomon Islands",2009,137.64
"SB","Solomon Islands",2010,431.2
"SB","Solomon Islands",2011,252.37
"SB","Solomon Islands",2012,45.02
"SB","Solomon Islands",2013,95.44
"SB","Solomon Islands",2014,37.39
"SB","Solomon Islands",2015,55.46
"SB","Solomon Islands",2016,40.92
"SO","Somalia",2000,0.07
"SO","Somalia",2001,0.01
"SO","Somalia",2002,0.04
"SO","Somalia",2003,0
"SO","Somalia",2004,0
"SO","Somalia",2005,4.82
"SO","Somalia",2006,16.9
"SO","Somalia",2007,20.98
"SO","Somalia",2008,10.22
"SO","Somalia",2009,11.12
"SO","Somalia",2010,13.09
"SO","Somalia",2011,8.79
"SO","Somalia",2012,8.81
"SO","Somalia",2013,19.64
"SO","Somalia",2014,20.86
"SO","Somalia",2015,22.1
"SO","Somalia",2016,23.68
"ZA","South Africa",2000,27.18
"ZA","South Africa",2001,237.37
"ZA","South Africa",2002,59.09
"ZA","South Africa",2003,18.56
"ZA","South Africa",2004,15.96
"ZA","South Africa",2005,122.73
"ZA","South Africa",2006,5.68
"ZA","South Africa",2007,112.71
"ZA","South Africa",2008,168.32
"ZA","South Africa",2009,128.6
"ZA","South Africa",2010,50.13
"ZA","South Africa",2011,53.61
"ZA","South Africa",2012,61.02
"ZA","South Africa",2013,121.16
"ZA","South Africa",2014,88.12
"ZA","South Africa",2015,29.11
"ZA","South Africa",2016,40.61
"KR","South Korea",2000,334.62
"KR","South Korea",2001,207.21
"KR","South Korea",2002,162.68
"KR","South Korea",2003,190.75
"KR","South Korea",2004,336.51
"KR","South Korea",2005,305.05
"KR","South Korea",2006,189.64
"KR","South Korea",2007,173.36
"KR","South Korea",2008,252.96
"KR","South Korea",2009,224.93
"KR","South Korea",2010,207.14
"KR","South Korea",2011,199.55
"KR","South Korea",2012,194.09
"KR","South Korea",2013,250.41
"KR","South Korea",2014,172.85
"KR","South Korea",2015,79.84
"KR","South Korea",2016,211.27
"SS","South Sudan",2000,0
"SS","South Sudan",2001,0
"SS","South Sudan",2002,0
"SS","South Sudan",2003,0
"SS","South Sudan",2004,0
"SS","South Sudan",2005,0
"SS","South Sudan",2006,0
"SS","South Sudan",2007,0
"SS","South Sudan",2008,0
"SS","South Sudan",2009,0
"SS","South Sudan",2010,0
"SS","South Sudan",2011,0
"SS","South Sudan",2012,3.53
"SS","South Sudan",2013,0
"SS","South Sudan",2014,0.9
"SS","South Sudan",2015,0
"SS","South Sudan",2016,0
"ES","Spain",2000,1590.21
"ES","Spain",2001,1120.81
"ES","Spain",2002,1392.6
"ES","Spain",2003,722.64
"ES","Spain",2004,596.06
"ES","Spain",2005,568.41
"ES","Spain",2006,655.22
"ES","Spain",2007,1190.78
"ES","Spain",2008,1304.68
"ES","Spain",2009,180.59
"ES","Spain",2010,722.96
"ES","Spain",2011,488.29
"ES","Spain",2012,477.64
"ES","Spain",2013,673.5
"ES","Spain",2014,464.15
"ES","Spain",2015,256.35
"ES","Spain",2016,401.75
"LK","Sri Lanka",2000,16.89
"LK","Sri Lanka",2001,8
"LK","Sri Lanka",2002,18.34
"LK","Sri Lanka",2003,18.08
"LK","Sri Lanka",2004,19.41
"LK","Sri Lanka",2005,21.13
"LK","Sri Lanka",2006,34.41
"LK","Sri Lanka",2007,40.05
"LK","Sri Lanka",2008,41.73
"LK","Sri Lanka",2009,22.31
"LK","Sri Lanka",2010,23.99
"LK","Sri Lanka",2011,44.88
"LK","Sri Lanka",2012,45.66
"LK","Sri Lanka",2013,42.65
"LK","Sri Lanka",2014,39.9
"LK","Sri Lanka",2015,31.43
"LK","Sri Lanka",2016,42.36
"SD","Sudan",2000,55.97
"SD","Sudan",2001,80.2
"SD","Sudan",2002,91.42
"SD","Sudan",2003,153.01
"SD","Sudan",2004,146.5
"SD","Sudan",2005,124.38
"SD","Sudan",2006,111.74
"SD","Sudan",2007,75.66
"SD","Sudan",2008,70.64
"SD","Sudan",2009,77.59
"SD","Sudan",2010,75.36
"SD","Sudan",2011,59.74
"SD","Sudan",2012,80.94
"SD","Sudan",2013,58.1
"SD","Sudan",2014,39.38
"SD","Sudan",2015,48.62
"SD","Sudan",2016,26.88
"SR","Suriname",2000,0
"SR","Suriname",2001,0
"SR","Suriname",2002,0
"SR","Suriname",2003,0
"SR","Suriname",2004,0
"SR","Suriname",2005,74.22
"SR","Suriname",2006,0
"SR","Suriname",2007,0
"SR","Suriname",2008,0
"SR","Suriname",2009,0
"SR","Suriname",2010,0
"SR","Suriname",2011,116.5
"SR","Suriname",2012,261.74
"SR","Suriname",2013,278.72
"SR","Suriname",2014,237.9
"SR","Suriname",2015,417.89
"SR","Suriname",2016,397.21
"SZ","Swaziland",2000,124.19
"SZ","Swaziland",2001,37.24
"SZ","Swaziland",2002,142.19
"SZ","Swaziland",2003,0
"SZ","Swaziland",2004,56.63
"SZ","Swaziland",2005,0
"SZ","Swaziland",2006,91.14
"SZ","Swaziland",2007,27.45
"SZ","Swaziland",2008,82.11
"SZ","Swaziland",2009,48.17
"SZ","Swaziland",2010,81.95
"SZ","Swaziland",2011,51.97
"SZ","Swaziland",2012,52.12
"SZ","Swaziland",2013,18.93
"SZ","Swaziland",2014,17.87
"SZ","Swaziland",2015,23.15
"SZ","Swaziland",2016,0
"SE","Sweden",2000,3701.48
"SE","Sweden",2001,1894.21
"SE","Sweden",2002,1964.97
"SE","Sweden",2003,688.03
"SE","Sweden",2004,1419.13
"SE","Sweden",2005,1358.34
"SE","Sweden",2006,3121.7
"SE","Sweden",2007,2877.13
"SE","Sweden",2008,3527.97
"SE","Sweden",2009,1071.91
"SE","Sweden",2010,9.49
"SE","Sweden",2011,1117.67
"SE","Sweden",2012,1441.2
"SE","Sweden",2013,345.21
"SE","Sweden",2014,345.84
"SE","Sweden",2015,633.47
"SE","Sweden",2016,1977.55
"CH","Switzerland",2000,4997.99
"CH","Switzerland",2001,2260.39
"CH","Switzerland",2002,1471.01
"CH","Switzerland",2003,3279.74
"CH","Switzerland",2004,169.51
"CH","Switzerland",2005,0
"CH","Switzerland",2006,7696.64
"CH","Switzerland",2007,5288.96
"CH","Switzerland",2008,2196.49
"CH","Switzerland",2009,4052.17
"CH","Switzerland",2010,3826.14
"CH","Switzerland",2011,2889.91
"CH","Switzerland",2012,3390.27
"CH","Switzerland",2013,73.83
"CH","Switzerland",2014,904.14
"CH","Switzerland",2015,8258.76
"CH","Switzerland",2016,0
"SY","Syria",2000,21.9
"SY","Syria",2001,9.18
"SY","Syria",2002,9.08
"SY","Syria",2003,10.95
"SY","Syria",2004,19.73
"SY","Syria",2005,34.14
"SY","Syria",2006,36.16
"SY","Syria",2007,60.64
"SY","Syria",2008,66.02
"SY","Syria",2009,116.89
"SY","Syria",2010,65.61
"SY","Syria",2011,34.12
"SY","Syria",2012,0
"SY","Syria",2013,0
"SY","Syria",2014,0
"SY","Syria",2015,0
"SY","Syria",2016,0
"TJ","Tajikistan",2000,8.19
"TJ","Tajikistan",2001,3.35
"TJ","Tajikistan",2002,11.9
"TJ","Tajikistan",2003,8.79
"TJ","Tajikistan",2004,61.42
"TJ","Tajikistan",2005,3.01
"TJ","Tajikistan",2006,34.58
"TJ","Tajikistan",2007,58.03
"TJ","Tajikistan",2008,90.57
"TJ","Tajikistan",2009,15.31
"TJ","Tajikistan",2010,16.63
"TJ","Tajikistan",2011,22.05
"TJ","Tajikistan",2012,22.97
"TJ","Tajikistan",2013,13.85
"TJ","Tajikistan",2014,32.24
"TJ","Tajikistan",2015,52.56
"TJ","Tajikistan",2016,49.71
"TZ","Tanzania",2000,11.5
"TZ","Tanzania",2001,19.17
"TZ","Tanzania",2002,15.94
"TZ","Tanzania",2003,12.22
"TZ","Tanzania",2004,12.44
"TZ","Tanzania",2005,33.41
"TZ","Tanzania",2006,13.29
"TZ","Tanzania",2007,17.45
"TZ","Tanzania",2008,33.35
"TZ","Tanzania",2009,22.46
"TZ","Tanzania",2010,40.49
"TZ","Tanzania",2011,26.57
"TZ","Tanzania",2012,34.06
"TZ","Tanzania",2013,36.15
"TZ","Tanzania",2014,27.64
"TZ","Tanzania",2015,29.08
"TZ","Tanzania",2016,24.57
"TH","Thailand",2000,93.46
"TH","Thailand",2001,149.72
"TH","Thailand",2002,93.37
"TH","Thailand",2003,136.36
"TH","Thailand",2004,142.22
"TH","Thailand",2005,183.02
"TH","Thailand",2006,167.23
"TH","Thailand",2007,166.18
"TH","Thailand",2008,132.93
"TH","Thailand",2009,90.44
"TH","Thailand",2010,216.93
"TH","Thailand",2011,18.86
"TH","Thailand",2012,125.15
"TH","Thailand",2013,205.23
"TH","Thailand",2014,66.24
"TH","Thailand",2015,82
"TH","Thailand",2016,22.57
"TL","Timor-Leste",2000,0
"TL","Timor-Leste",2001,0
"TL","Timor-Leste",2002,0
"TL","Timor-Leste",2003,12.47
"TL","Timor-Leste",2004,0
"TL","Timor-Leste",2005,0.7
"TL","Timor-Leste",2006,3.95
"TL","Timor-Leste",2007,4.31
"TL","Timor-Leste",2008,14.38
"TL","Timor-Leste",2009,26.63
"TL","Timor-Leste",2010,13.11
"TL","Timor-Leste",2011,16.13
"TL","Timor-Leste",2012,11.55
"TL","Timor-Leste",2013,17.62
"TL","Timor-Leste",2014,24.91
"TL","Timor-Leste",2015,28.75
"TL","Timor-Leste",2016,4.32
"TG","Togo",2000,16.74
"TG","Togo",2001,23.99
"TG","Togo",2002,17.42
"TG","Togo",2003,9.94
"TG","Togo",2004,15.08
"TG","Togo",2005,17.68
"TG","Togo",2006,17.12
"TG","Togo",2007,9.5
"TG","Togo",2008,3.66
"TG","Togo",2009,7.51
"TG","Togo",2010,13.41
"TG","Togo",2011,95.9
"TG","Togo",2012,16.21
"TG","Togo",2013,22.94
"TG","Togo",2014,6.49
"TG","Togo",2015,35.24
"TG","Togo",2016,33.52
"TO","Tonga",2000,158.2
"TO","Tonga",2001,148.09
"TO","Tonga",2002,85.83
"TO","Tonga",2003,103.28
"TO","Tonga",2004,533.01
"TO","Tonga",2005,161.21
"TO","Tonga",2006,199.16
"TO","Tonga",2007,251.61
"TO","Tonga",2008,465.23
"TO","Tonga",2009,208.52
"TO","Tonga",2010,228.59
"TO","Tonga",2011,351.25
"TO","Tonga",2012,244.31
"TO","Tonga",2013,411.23
"TO","Tonga",2014,458.71
"TO","Tonga",2015,112.91
"TO","Tonga",2016,82.67
"TT","Trinidad & Tobago",2000,801.14
"TT","Trinidad & Tobago",2001,944.16
"TT","Trinidad & Tobago",2002,941.5
"TT","Trinidad & Tobago",2003,873.4
"TT","Trinidad & Tobago",2004,986.1
"TT","Trinidad & Tobago",2005,815.3
"TT","Trinidad & Tobago",2006,750.74
"TT","Trinidad & Tobago",2007,624.71
"TT","Trinidad & Tobago",2008,1684.65
"TT","Trinidad & Tobago",2009,589.89
"TT","Trinidad & Tobago",2010,406.66
"TT","Trinidad & Tobago",2011,34.9
"TT","Trinidad & Tobago",2012,0
"TT","Trinidad & Tobago",2013,0
"TT","Trinidad & Tobago",2014,425.31
"TT","Trinidad & Tobago",2015,282.91
"TT","Trinidad & Tobago",2016,0
"TN","Tunisia",2000,93.96
"TN","Tunisia",2001,59.31
"TN","Tunisia",2002,96.26
"TN","Tunisia",2003,60.39
"TN","Tunisia",2004,61.21
"TN","Tunisia",2005,74.73
"TN","Tunisia",2006,310.25
"TN","Tunisia",2007,140.89
"TN","Tunisia",2008,215.69
"TN","Tunisia",2009,138.35
"TN","Tunisia",2010,124.54
"TN","Tunisia",2011,88.15
"TN","Tunisia",2012,128.59
"TN","Tunisia",2013,88.31
"TN","Tunisia",2014,82.63
"TN","Tunisia",2015,85.77
"TN","Tunisia",2016,83.98
"TR","Turkey",2000,22.78
"TR","Turkey",2001,98.23
"TR","Turkey",2002,27.95
"TR","Turkey",2003,34.97
"TR","Turkey",2004,47.67
"TR","Turkey",2005,149.21
"TR","Turkey",2006,288.96
"TR","Turkey",2007,267.25
"TR","Turkey",2008,211.66
"TR","Turkey",2009,102.19
"TR","Turkey",2010,96.58
"TR","Turkey",2011,174.25
"TR","Turkey",2012,144.63
"TR","Turkey",2013,132.98
"TR","Turkey",2014,136.56
"TR","Turkey",2015,214.67
"TR","Turkey",2016,150.76
"TM","Turkmenistan",2000,34.43
"TM","Turkmenistan",2001,38.55
"TM","Turkmenistan",2002,57.17
"TM","Turkmenistan",2003,41.33
"TM","Turkmenistan",2004,59.1
"TM","Turkmenistan",2005,64.59
"TM","Turkmenistan",2006,99.4
"TM","Turkmenistan",2007,105.22
"TM","Turkmenistan",2008,214.44
"TM","Turkmenistan",2009,851.29
"TM","Turkmenistan",2010,653.24
"TM","Turkmenistan",2011,531.4
"TM","Turkmenistan",2012,444.71
"TM","Turkmenistan",2013,486.31
"TM","Turkmenistan",2014,515.12
"TM","Turkmenistan",2015,746.68
"TM","Turkmenistan",2016,798.67
"TC","Turks & Caicos Islands",2000,0
"TC","Turks & Caicos Islands",2001,0
"TC","Turks & Caicos Islands",2002,0
"TC","Turks & Caicos Islands",2003,0
"TC","Turks & Caicos Islands",2004,0
"TC","Turks & Caicos Islands",2005,0
"TC","Turks & Caicos Islands",2006,0
"TC","Turks & Caicos Islands",2007,0
"TC","Turks & Caicos Islands",2008,0
"TC","Turks & Caicos Islands",2009,0
"TC","Turks & Caicos Islands",2010,0
"TC","Turks & Caicos Islands",2011,0
"TC","Turks & Caicos Islands",2012,0
"TC","Turks & Caicos Islands",2013,0
"TC","Turks & Caicos Islands",2014,0
"TC","Turks & Caicos Islands",2015,0
"TC","Turks & Caicos Islands",2016,0
"TV","Tuvalu",2000,0
"TV","Tuvalu",2001,0
"TV","Tuvalu",2002,0
"TV","Tuvalu",2003,0
"TV","Tuvalu",2004,0
"TV","Tuvalu",2005,0
"TV","Tuvalu",2006,0
"TV","Tuvalu",2007,0
"TV","Tuvalu",2008,0
"TV","Tuvalu",2009,0
"TV","Tuvalu",2010,48.87
"TV","Tuvalu",2011,0
"TV","Tuvalu",2012,126.22
"TV","Tuvalu",2013,0
"TV","Tuvalu",2014,22.01
"TV","Tuvalu",2015,20.4
"TV","Tuvalu",2016,20.1
"AE","UAE",2000,0
"AE","UAE",2001,636.65
"AE","UAE",2002,46.86
"AE","UAE",2003,1884.81
"AE","UAE",2004,3737.84
"AE","UAE",2005,3120.31
"AE","UAE",2006,2860.31
"AE","UAE",2007,2443.2
"AE","UAE",2008,645.04
"AE","UAE",2009,153.24
"AE","UAE",2010,979.22
"AE","UAE",2011,667.1
"AE","UAE",2012,789.52
"AE","UAE",2013,851.9
"AE","UAE",2014,964.7
"AE","UAE",2015,908.47
"AE","UAE",2016,969.37
"UG","Uganda",2000,11.52
"UG","Uganda",2001,10.05
"UG","Uganda",2002,11.78
"UG","Uganda",2003,12.78
"UG","Uganda",2004,15.48
"UG","Uganda",2005,18.25
"UG","Uganda",2006,28.32
"UG","Uganda",2007,29.23
"UG","Uganda",2008,22.41
"UG","Uganda",2009,25.13
"UG","Uganda",2010,15.53
"UG","Uganda",2011,25.24
"UG","Uganda",2012,28.96
"UG","Uganda",2013,25.31
"UG","Uganda",2014,22.83
"UG","Uganda",2015,13.16
"UG","Uganda",2016,13.04
"UA","Ukraine",2000,26.04
"UA","Ukraine",2001,31.45
"UA","Ukraine",2002,26.18
"UA","Ukraine",2003,50.2
"UA","Ukraine",2004,52.69
"UA","Ukraine",2005,187.54
"UA","Ukraine",2006,116.33
"UA","Ukraine",2007,173.27
"UA","Ukraine",2008,147.74
"UA","Ukraine",2009,86.92
"UA","Ukraine",2010,105.78
"UA","Ukraine",2011,104.27
"UA","Ukraine",2012,110.36
"UA","Ukraine",2013,59.68
"UA","Ukraine",2014,14.28
"UA","Ukraine",2015,67.71
"UA","Ukraine",2016,74.13
"GB","United Kingdom",2000,2391.25
"GB","United Kingdom",2001,773.88
"GB","United Kingdom",2002,396.21
"GB","United Kingdom",2003,298.23
"GB","United Kingdom",2004,951.21
"GB","United Kingdom",2005,2772.24
"GB","United Kingdom",2006,2125.7
"GB","United Kingdom",2007,2268.87
"GB","United Kingdom",2008,1261.95
"GB","United Kingdom",2009,1391
"GB","United Kingdom",2010,891.6
"GB","United Kingdom",2011,605.79
"GB","United Kingdom",2012,787.36
"GB","United Kingdom",2013,724.94
"GB","United Kingdom",2014,582.64
"GB","United Kingdom",2015,456.54
"GB","United Kingdom",2016,3867.1
"UY","Uruguay",2000,115.15
"UY","Uruguay",2001,131.51
"UY","Uruguay",2002,122.36
"UY","Uruguay",2003,304.19
"UY","Uruguay",2004,223.75
"UY","Uruguay",2005,479.85
"UY","Uruguay",2006,779.4
"UY","Uruguay",2007,616.56
"UY","Uruguay",2008,805.95
"UY","Uruguay",2009,582.87
"UY","Uruguay",2010,736.98
"UY","Uruguay",2011,709.76
"UY","Uruguay",2012,693.89
"UY","Uruguay",2013,771.13
"UY","Uruguay",2014,575.4
"UY","Uruguay",2015,361.58
"UY","Uruguay",2016,276.75
"US","USA",2000,1514.16
"US","USA",2001,744.39
"US","USA",2002,339.16
"US","USA",2003,235.32
"US","USA",2004,579.93
"US","USA",2005,429.42
"US","USA",2006,933.91
"US","USA",2007,820.59
"US","USA",2008,1131.01
"US","USA",2009,521.55
"US","USA",2010,704.69
"US","USA",2011,795.39
"US","USA",2012,671.23
"US","USA",2013,663.73
"US","USA",2014,551.46
"US","USA",2015,1099.57
"US","USA",2016,1210.37
"UZ","Uzbekistan",2000,4.75
"UZ","Uzbekistan",2001,6.39
"UZ","Uzbekistan",2002,6.23
"UZ","Uzbekistan",2003,7.74
"UZ","Uzbekistan",2004,14.83
"UZ","Uzbekistan",2005,14.27
"UZ","Uzbekistan",2006,11.55
"UZ","Uzbekistan",2007,38.63
"UZ","Uzbekistan",2008,32.59
"UZ","Uzbekistan",2009,35.05
"UZ","Uzbekistan",2010,61.71
"UZ","Uzbekistan",2011,55.77
"UZ","Uzbekistan",2012,18.17
"UZ","Uzbekistan",2013,19.32
"UZ","Uzbekistan",2014,18.67
"UZ","Uzbekistan",2015,1.98
"UZ","Uzbekistan",2016,2.09
"VU","Vanuatu",2000,214.5
"VU","Vanuatu",2001,189.83
"VU","Vanuatu",2002,148.57
"VU","Vanuatu",2003,160.79
"VU","Vanuatu",2004,180.43
"VU","Vanuatu",2005,185.85
"VU","Vanuatu",2006,457.68
"VU","Vanuatu",2007,312.89
"VU","Vanuatu",2008,217.47
"VU","Vanuatu",2009,157.55
"VU","Vanuatu",2010,256.7
"VU","Vanuatu",2011,264.65
"VU","Vanuatu",2012,293.47
"VU","Vanuatu",2013,0
"VU","Vanuatu",2014,0
"VU","Vanuatu",2015,109.34
"VU","Vanuatu",2016,119.8
"VE","Venezuela",2000,337.59
"VE","Venezuela",2001,256.48
"VE","Venezuela",2002,62.8
"VE","Venezuela",2003,169.55
"VE","Venezuela",2004,106.84
"VE","Venezuela",2005,158.36
"VE","Venezuela",2006,0
"VE","Venezuela",2007,150.15
"VE","Venezuela",2008,95.14
"VE","Venezuela",2009,0
"VE","Venezuela",2010,51.89
"VE","Venezuela",2011,171.07
"VE","Venezuela",2012,186.79
"VE","Venezuela",2013,118.42
"VE","Venezuela",2014,14.8
"VE","Venezuela",2015,59.58
"VE","Venezuela",2016,56.13
"VN","Viet Nam",2000,39.15
"VN","Viet Nam",2001,39.95
"VN","Viet Nam",2002,42.2
"VN","Viet Nam",2003,41.14
"VN","Viet Nam",2004,38.87
"VN","Viet Nam",2005,43.07
"VN","Viet Nam",2006,48.6
"VN","Viet Nam",2007,128.31
"VN","Viet Nam",2008,145.2
"VN","Viet Nam",2009,116.16
"VN","Viet Nam",2010,116.05
"VN","Viet Nam",2011,96.06
"VN","Viet Nam",2012,96.32
"VN","Viet Nam",2013,97.45
"VN","Viet Nam",2014,96.91
"VN","Viet Nam",2015,127.37
"VN","Viet Nam",2016,135.92
"VI","Virgin Islands (US)",2000,0
"VI","Virgin Islands (US)",2001,0
"VI","Virgin Islands (US)",2002,0
"VI","Virgin Islands (US)",2003,0
"VI","Virgin Islands (US)",2004,0
"VI","Virgin Islands (US)",2005,0
"VI","Virgin Islands (US)",2006,0
"VI","Virgin Islands (US)",2007,0
"VI","Virgin Islands (US)",2008,0
"VI","Virgin Islands (US)",2009,0
"VI","Virgin Islands (US)",2010,0
"VI","Virgin Islands (US)",2011,0
"VI","Virgin Islands (US)",2012,0
"VI","Virgin Islands (US)",2013,0
"VI","Virgin Islands (US)",2014,0
"VI","Virgin Islands (US)",2015,0
"VI","Virgin Islands (US)",2016,0
"YE","Yemen",2000,1.1
"YE","Yemen",2001,26.35
"YE","Yemen",2002,18.07
"YE","Yemen",2003,0
"YE","Yemen",2004,17.84
"YE","Yemen",2005,0
"YE","Yemen",2006,104.45
"YE","Yemen",2007,75.65
"YE","Yemen",2008,104.03
"YE","Yemen",2009,9.36
"YE","Yemen",2010,11.64
"YE","Yemen",2011,0
"YE","Yemen",2012,0
"YE","Yemen",2013,0
"YE","Yemen",2014,0
"YE","Yemen",2015,0
"YE","Yemen",2016,0
"ZM","Zambia",2000,24.73
"ZM","Zambia",2001,26.55
"ZM","Zambia",2002,54.25
"ZM","Zambia",2003,56.15
"ZM","Zambia",2004,48.41
"ZM","Zambia",2005,37
"ZM","Zambia",2006,43.78
"ZM","Zambia",2007,90.07
"ZM","Zambia",2008,52.54
"ZM","Zambia",2009,48.26
"ZM","Zambia",2010,97.36
"ZM","Zambia",2011,55.25
"ZM","Zambia",2012,82.89
"ZM","Zambia",2013,93.16
"ZM","Zambia",2014,69.29
"ZM","Zambia",2015,94.02
"ZM","Zambia",2016,28.24
"ZW","Zimbabwe",2000,3.2
"ZW","Zimbabwe",2001,0.52
"ZW","Zimbabwe",2002,3.41
"ZW","Zimbabwe",2003,0.47
"ZW","Zimbabwe",2004,1
"ZW","Zimbabwe",2005,11.24
"ZW","Zimbabwe",2006,4.6
"ZW","Zimbabwe",2007,7.87
"ZW","Zimbabwe",2008,5.68
"ZW","Zimbabwe",2009,8.7
"ZW","Zimbabwe",2010,12.92
"ZW","Zimbabwe",2011,28.64
"ZW","Zimbabwe",2012,28.2
"ZW","Zimbabwe",2013,26.82
"ZW","Zimbabwe",2014,35.26
"ZW","Zimbabwe",2015,26.6
"ZW","Zimbabwe",2016,19.78
