"id","entity-name","year","value"
"AF","Afghanistan",2005,
"AF","Afghanistan",2006,
"AF","Afghanistan",2007,
"AF","Afghanistan",2008,23.21
"AF","Afghanistan",2009,
"AF","Afghanistan",2010,
"AF","Afghanistan",2011,
"AF","Afghanistan",2012,
"AL","Albania",2005,26.05
"AL","Albania",2006,
"AL","Albania",2007,
"AL","Albania",2008,28.99
"AL","Albania",2009,
"AL","Albania",2010,
"AL","Albania",2011,
"AL","Albania",2012,
"DZ","Algeria",2005,
"DZ","Algeria",2006,
"DZ","Algeria",2007,
"DZ","Algeria",2008,
"DZ","Algeria",2009,
"DZ","Algeria",2010,
"DZ","Algeria",2011,
"DZ","Algeria",2012,
"AS","American Samoa",2005,
"AS","American Samoa",2006,
"AS","American Samoa",2007,
"AS","American Samoa",2008,
"AS","American Samoa",2009,
"AS","American Samoa",2010,
"AS","American Samoa",2011,
"AS","American Samoa",2012,
"AD","Andorra",2005,
"AD","Andorra",2006,
"AD","Andorra",2007,
"AD","Andorra",2008,
"AD","Andorra",2009,
"AD","Andorra",2010,
"AD","Andorra",2011,
"AD","Andorra",2012,
"AO","Angola",2005,
"AO","Angola",2006,
"AO","Angola",2007,
"AO","Angola",2008,
"AO","Angola",2009,32.37
"AO","Angola",2010,
"AO","Angola",2011,
"AO","Angola",2012,
"AG","Antigua & Barbuda",2005,
"AG","Antigua & Barbuda",2006,
"AG","Antigua & Barbuda",2007,
"AG","Antigua & Barbuda",2008,
"AG","Antigua & Barbuda",2009,
"AG","Antigua & Barbuda",2010,
"AG","Antigua & Barbuda",2011,
"AG","Antigua & Barbuda",2012,
"AR","Argentina",2005,36.08
"AR","Argentina",2006,34.59
"AR","Argentina",2007,34.7
"AR","Argentina",2008,33.59
"AR","Argentina",2009,33.29
"AR","Argentina",2010,32.3
"AR","Argentina",2011,
"AR","Argentina",2012,
"AM","Armenia",2005,30.8
"AM","Armenia",2006,27.6
"AM","Armenia",2007,24.62
"AM","Armenia",2008,25.4
"AM","Armenia",2009,
"AM","Armenia",2010,26.37
"AM","Armenia",2011,
"AM","Armenia",2012,
"AW","Aruba",2005,
"AW","Aruba",2006,
"AW","Aruba",2007,
"AW","Aruba",2008,
"AW","Aruba",2009,
"AW","Aruba",2010,
"AW","Aruba",2011,
"AW","Aruba",2012,
"AU","Australia",2005,
"AU","Australia",2006,
"AU","Australia",2007,
"AU","Australia",2008,
"AU","Australia",2009,
"AU","Australia",2010,
"AU","Australia",2011,
"AU","Australia",2012,
"AT","Austria",2005,
"AT","Austria",2006,
"AT","Austria",2007,
"AT","Austria",2008,
"AT","Austria",2009,
"AT","Austria",2010,
"AT","Austria",2011,
"AT","Austria",2012,
"AZ","Azerbaijan",2005,
"AZ","Azerbaijan",2006,
"AZ","Azerbaijan",2007,
"AZ","Azerbaijan",2008,27.37
"AZ","Azerbaijan",2009,
"AZ","Azerbaijan",2010,
"AZ","Azerbaijan",2011,
"AZ","Azerbaijan",2012,
"BS","Bahamas",2005,
"BS","Bahamas",2006,
"BS","Bahamas",2007,
"BS","Bahamas",2008,
"BS","Bahamas",2009,
"BS","Bahamas",2010,
"BS","Bahamas",2011,
"BS","Bahamas",2012,
"BH","Bahrain",2005,
"BH","Bahrain",2006,
"BH","Bahrain",2007,
"BH","Bahrain",2008,
"BH","Bahrain",2009,
"BH","Bahrain",2010,
"BH","Bahrain",2011,
"BH","Bahrain",2012,
"BD","Bangladesh",2005,28.12
"BD","Bangladesh",2006,
"BD","Bangladesh",2007,
"BD","Bangladesh",2008,
"BD","Bangladesh",2009,
"BD","Bangladesh",2010,27.03
"BD","Bangladesh",2011,
"BD","Bangladesh",2012,
"BB","Barbados",2005,
"BB","Barbados",2006,
"BB","Barbados",2007,
"BB","Barbados",2008,
"BB","Barbados",2009,
"BB","Barbados",2010,
"BB","Barbados",2011,
"BB","Barbados",2012,
"BY","Belarus",2005,22.13
"BY","Belarus",2006,22.62
"BY","Belarus",2007,23.14
"BY","Belarus",2008,21.9
"BY","Belarus",2009,22.65
"BY","Belarus",2010,22.29
"BY","Belarus",2011,21.43
"BY","Belarus",2012,
"BE","Belgium",2005,
"BE","Belgium",2006,
"BE","Belgium",2007,
"BE","Belgium",2008,
"BE","Belgium",2009,
"BE","Belgium",2010,
"BE","Belgium",2011,
"BE","Belgium",2012,
"BZ","Belize",2005,
"BZ","Belize",2006,
"BZ","Belize",2007,
"BZ","Belize",2008,
"BZ","Belize",2009,
"BZ","Belize",2010,
"BZ","Belize",2011,
"BZ","Belize",2012,
"BJ","Benin",2005,
"BJ","Benin",2006,
"BJ","Benin",2007,
"BJ","Benin",2008,
"BJ","Benin",2009,
"BJ","Benin",2010,
"BJ","Benin",2011,
"BJ","Benin",2012,
"BM","Bermuda",2005,
"BM","Bermuda",2006,
"BM","Bermuda",2007,
"BM","Bermuda",2008,
"BM","Bermuda",2009,
"BM","Bermuda",2010,
"BM","Bermuda",2011,
"BM","Bermuda",2012,
"BT","Bhutan",2005,
"BT","Bhutan",2006,
"BT","Bhutan",2007,29.36
"BT","Bhutan",2008,
"BT","Bhutan",2009,
"BT","Bhutan",2010,
"BT","Bhutan",2011,
"BT","Bhutan",2012,30.75
"BO","Bolivia ",2005,44.33
"BO","Bolivia ",2006,43.3
"BO","Bolivia ",2007,45.37
"BO","Bolivia ",2008,43.28
"BO","Bolivia ",2009,
"BO","Bolivia ",2010,
"BO","Bolivia ",2011,
"BO","Bolivia ",2012,
"BA","Bosnia & Herzegovina",2005,
"BA","Bosnia & Herzegovina",2006,
"BA","Bosnia & Herzegovina",2007,27.25
"BA","Bosnia & Herzegovina",2008,
"BA","Bosnia & Herzegovina",2009,
"BA","Bosnia & Herzegovina",2010,
"BA","Bosnia & Herzegovina",2011,
"BA","Bosnia & Herzegovina",2012,
"BW","Botswana",2005,
"BW","Botswana",2006,
"BW","Botswana",2007,
"BW","Botswana",2008,
"BW","Botswana",2009,
"BW","Botswana",2010,
"BW","Botswana",2011,
"BW","Botswana",2012,
"BR","Brazil",2005,45.47
"BR","Brazil",2006,44.66
"BR","Brazil",2007,43.82
"BR","Brazil",2008,43.33
"BR","Brazil",2009,42.93
"BR","Brazil",2010,
"BR","Brazil",2011,
"BR","Brazil",2012,
"BN","Brunei",2005,
"BN","Brunei",2006,
"BN","Brunei",2007,
"BN","Brunei",2008,
"BN","Brunei",2009,
"BN","Brunei",2010,
"BN","Brunei",2011,
"BN","Brunei",2012,
"BG","Bulgaria",2005,
"BG","Bulgaria",2006,
"BG","Bulgaria",2007,22.17
"BG","Bulgaria",2008,
"BG","Bulgaria",2009,
"BG","Bulgaria",2010,
"BG","Bulgaria",2011,
"BG","Bulgaria",2012,
"BF","Burkina Faso",2005,
"BF","Burkina Faso",2006,
"BF","Burkina Faso",2007,
"BF","Burkina Faso",2008,
"BF","Burkina Faso",2009,32.16
"BF","Burkina Faso",2010,
"BF","Burkina Faso",2011,
"BF","Burkina Faso",2012,
"BI","Burundi",2005,
"BI","Burundi",2006,28.04
"BI","Burundi",2007,
"BI","Burundi",2008,
"BI","Burundi",2009,
"BI","Burundi",2010,
"BI","Burundi",2011,
"BI","Burundi",2012,
"KH","Cambodia",2005,
"KH","Cambodia",2006,
"KH","Cambodia",2007,37.25
"KH","Cambodia",2008,31.36
"KH","Cambodia",2009,29.81
"KH","Cambodia",2010,
"KH","Cambodia",2011,
"KH","Cambodia",2012,
"CM","Cameroon",2005,
"CM","Cameroon",2006,
"CM","Cameroon",2007,30.36
"CM","Cameroon",2008,
"CM","Cameroon",2009,
"CM","Cameroon",2010,
"CM","Cameroon",2011,
"CM","Cameroon",2012,
"CA","Canada",2005,
"CA","Canada",2006,
"CA","Canada",2007,
"CA","Canada",2008,
"CA","Canada",2009,
"CA","Canada",2010,
"CA","Canada",2011,
"CA","Canada",2012,
"CV","Cape Verde",2005,
"CV","Cape Verde",2006,
"CV","Cape Verde",2007,
"CV","Cape Verde",2008,
"CV","Cape Verde",2009,
"CV","Cape Verde",2010,
"CV","Cape Verde",2011,
"CV","Cape Verde",2012,
"CF","CAR",2005,
"CF","CAR",2006,
"CF","CAR",2007,
"CF","CAR",2008,46.13
"CF","CAR",2009,
"CF","CAR",2010,
"CF","CAR",2011,
"CF","CAR",2012,
"KY","Cayman Islands",2005,
"KY","Cayman Islands",2006,
"KY","Cayman Islands",2007,
"KY","Cayman Islands",2008,
"KY","Cayman Islands",2009,
"KY","Cayman Islands",2010,
"KY","Cayman Islands",2011,
"KY","Cayman Islands",2012,
"TD","Chad",2005,
"TD","Chad",2006,
"TD","Chad",2007,
"TD","Chad",2008,
"TD","Chad",2009,
"TD","Chad",2010,
"TD","Chad",2011,
"TD","Chad",2012,
"CL","Chile",2005,
"CL","Chile",2006,41.98
"CL","Chile",2007,
"CL","Chile",2008,
"CL","Chile",2009,42.77
"CL","Chile",2010,
"CL","Chile",2011,
"CL","Chile",2012,
"CN","China",2005,31.97
"CN","China",2006,
"CN","China",2007,
"CN","China",2008,31.05
"CN","China",2009,29.98
"CN","China",2010,
"CN","China",2011,
"CN","China",2012,
"CO","Colombia",2005,44.97
"CO","Colombia",2006,47.16
"CO","Colombia",2007,47.84
"CO","Colombia",2008,45.24
"CO","Colombia",2009,44.98
"CO","Colombia",2010,44.43
"CO","Colombia",2011,
"CO","Colombia",2012,
"KM","Comoros",2005,
"KM","Comoros",2006,
"KM","Comoros",2007,
"KM","Comoros",2008,
"KM","Comoros",2009,
"KM","Comoros",2010,
"KM","Comoros",2011,
"KM","Comoros",2012,
"CG","Congo",2005,37.05
"CG","Congo",2006,
"CG","Congo",2007,
"CG","Congo",2008,
"CG","Congo",2009,
"CG","Congo",2010,
"CG","Congo",2011,
"CG","Congo",2012,
"CR","Costa Rica",2005,35.8
"CR","Costa Rica",2006,37.88
"CR","Costa Rica",2007,38.72
"CR","Costa Rica",2008,38.04
"CR","Costa Rica",2009,39.5
"CR","Costa Rica",2010,
"CR","Costa Rica",2011,
"CR","Costa Rica",2012,
"CI","Cote d'Ivoire",2005,
"CI","Cote d'Ivoire",2006,
"CI","Cote d'Ivoire",2007,
"CI","Cote d'Ivoire",2008,31.75
"CI","Cote d'Ivoire",2009,
"CI","Cote d'Ivoire",2010,
"CI","Cote d'Ivoire",2011,
"CI","Cote d'Ivoire",2012,
"HR","Croatia",2005,
"HR","Croatia",2006,
"HR","Croatia",2007,
"HR","Croatia",2008,27.48
"HR","Croatia",2009,
"HR","Croatia",2010,
"HR","Croatia",2011,
"HR","Croatia",2012,
"CU","Cuba",2005,
"CU","Cuba",2006,
"CU","Cuba",2007,
"CU","Cuba",2008,
"CU","Cuba",2009,
"CU","Cuba",2010,
"CU","Cuba",2011,
"CU","Cuba",2012,
"CW","Curacao",2005,
"CW","Curacao",2006,
"CW","Curacao",2007,
"CW","Curacao",2008,
"CW","Curacao",2009,
"CW","Curacao",2010,
"CW","Curacao",2011,
"CW","Curacao",2012,
"CY","Cyprus",2005,
"CY","Cyprus",2006,
"CY","Cyprus",2007,
"CY","Cyprus",2008,
"CY","Cyprus",2009,
"CY","Cyprus",2010,
"CY","Cyprus",2011,
"CY","Cyprus",2012,
"CZ","Czech Republic",2005,
"CZ","Czech Republic",2006,
"CZ","Czech Republic",2007,
"CZ","Czech Republic",2008,
"CZ","Czech Republic",2009,
"CZ","Czech Republic",2010,
"CZ","Czech Republic",2011,
"CZ","Czech Republic",2012,
"DK","Denmark",2005,
"DK","Denmark",2006,
"DK","Denmark",2007,
"DK","Denmark",2008,
"DK","Denmark",2009,
"DK","Denmark",2010,
"DK","Denmark",2011,
"DK","Denmark",2012,
"DJ","Djibouti",2005,
"DJ","Djibouti",2006,
"DJ","Djibouti",2007,
"DJ","Djibouti",2008,
"DJ","Djibouti",2009,
"DJ","Djibouti",2010,
"DJ","Djibouti",2011,
"DJ","Djibouti",2012,
"DM","Dominica",2005,
"DM","Dominica",2006,
"DM","Dominica",2007,
"DM","Dominica",2008,
"DM","Dominica",2009,
"DM","Dominica",2010,
"DM","Dominica",2011,
"DM","Dominica",2012,
"DO","Dominican Republic",2005,39.7
"DO","Dominican Republic",2006,41.18
"DO","Dominican Republic",2007,38.35
"DO","Dominican Republic",2008,38.83
"DO","Dominican Republic",2009,38.68
"DO","Dominican Republic",2010,36.41
"DO","Dominican Republic",2011,
"DO","Dominican Republic",2012,
"CD","DRC",2005,
"CD","DRC",2006,34.69
"CD","DRC",2007,
"CD","DRC",2008,
"CD","DRC",2009,
"CD","DRC",2010,
"CD","DRC",2011,
"CD","DRC",2012,
"EC","Ecuador",2005,42.55
"EC","Ecuador",2006,42.45
"EC","Ecuador",2007,43.25
"EC","Ecuador",2008,39.28
"EC","Ecuador",2009,38.28
"EC","Ecuador",2010,38.32
"EC","Ecuador",2011,
"EC","Ecuador",2012,
"EG","Egypt",2005,27.62
"EG","Egypt",2006,
"EG","Egypt",2007,
"EG","Egypt",2008,26.58
"EG","Egypt",2009,
"EG","Egypt",2010,
"EG","Egypt",2011,
"EG","Egypt",2012,
"SV","El Salvador",2005,37.5
"SV","El Salvador",2006,35.94
"SV","El Salvador",2007,36.13
"SV","El Salvador",2008,35.77
"SV","El Salvador",2009,37
"SV","El Salvador",2010,
"SV","El Salvador",2011,
"SV","El Salvador",2012,
"GQ","Equatorial Guinea",2005,
"GQ","Equatorial Guinea",2006,
"GQ","Equatorial Guinea",2007,
"GQ","Equatorial Guinea",2008,
"GQ","Equatorial Guinea",2009,
"GQ","Equatorial Guinea",2010,
"GQ","Equatorial Guinea",2011,
"GQ","Equatorial Guinea",2012,
"ER","Eritrea",2005,
"ER","Eritrea",2006,
"ER","Eritrea",2007,
"ER","Eritrea",2008,
"ER","Eritrea",2009,
"ER","Eritrea",2010,
"ER","Eritrea",2011,
"ER","Eritrea",2012,
"EE","Estonia",2005,
"EE","Estonia",2006,
"EE","Estonia",2007,
"EE","Estonia",2008,
"EE","Estonia",2009,
"EE","Estonia",2010,
"EE","Estonia",2011,
"EE","Estonia",2012,
"ET","Ethiopia",2005,25.63
"ET","Ethiopia",2006,
"ET","Ethiopia",2007,
"ET","Ethiopia",2008,
"ET","Ethiopia",2009,
"ET","Ethiopia",2010,
"ET","Ethiopia",2011,27.51
"ET","Ethiopia",2012,
"FO","Faroe Islands",2005,
"FO","Faroe Islands",2006,
"FO","Faroe Islands",2007,
"FO","Faroe Islands",2008,
"FO","Faroe Islands",2009,
"FO","Faroe Islands",2010,
"FO","Faroe Islands",2011,
"FO","Faroe Islands",2012,
"FJ","Fiji",2005,
"FJ","Fiji",2006,
"FJ","Fiji",2007,
"FJ","Fiji",2008,
"FJ","Fiji",2009,34.87
"FJ","Fiji",2010,
"FJ","Fiji",2011,
"FJ","Fiji",2012,
"FI","Finland",2005,
"FI","Finland",2006,
"FI","Finland",2007,
"FI","Finland",2008,
"FI","Finland",2009,
"FI","Finland",2010,
"FI","Finland",2011,
"FI","Finland",2012,
"FR","France",2005,
"FR","France",2006,
"FR","France",2007,
"FR","France",2008,
"FR","France",2009,
"FR","France",2010,
"FR","France",2011,
"FR","France",2012,
"PF","French Polynesia",2005,
"PF","French Polynesia",2006,
"PF","French Polynesia",2007,
"PF","French Polynesia",2008,
"PF","French Polynesia",2009,
"PF","French Polynesia",2010,
"PF","French Polynesia",2011,
"PF","French Polynesia",2012,
"GA","Gabon",2005,32.95
"GA","Gabon",2006,
"GA","Gabon",2007,
"GA","Gabon",2008,
"GA","Gabon",2009,
"GA","Gabon",2010,
"GA","Gabon",2011,
"GA","Gabon",2012,
"GM","Gambia",2005,
"GM","Gambia",2006,
"GM","Gambia",2007,
"GM","Gambia",2008,
"GM","Gambia",2009,
"GM","Gambia",2010,
"GM","Gambia",2011,
"GM","Gambia",2012,
"GE","Georgia",2005,31.03
"GE","Georgia",2006,31.51
"GE","Georgia",2007,30
"GE","Georgia",2008,31.31
"GE","Georgia",2009,31.77
"GE","Georgia",2010,31.34
"GE","Georgia",2011,
"GE","Georgia",2012,
"DE","Germany",2005,
"DE","Germany",2006,
"DE","Germany",2007,
"DE","Germany",2008,
"DE","Germany",2009,
"DE","Germany",2010,
"DE","Germany",2011,
"DE","Germany",2012,
"GH","Ghana",2005,
"GH","Ghana",2006,32.75
"GH","Ghana",2007,
"GH","Ghana",2008,
"GH","Ghana",2009,
"GH","Ghana",2010,
"GH","Ghana",2011,
"GH","Ghana",2012,
"GR","Greece",2005,
"GR","Greece",2006,
"GR","Greece",2007,
"GR","Greece",2008,
"GR","Greece",2009,
"GR","Greece",2010,
"GR","Greece",2011,
"GR","Greece",2012,
"GL","Greenland",2005,
"GL","Greenland",2006,
"GL","Greenland",2007,
"GL","Greenland",2008,
"GL","Greenland",2009,
"GL","Greenland",2010,
"GL","Greenland",2011,
"GL","Greenland",2012,
"GD","Grenada",2005,
"GD","Grenada",2006,
"GD","Grenada",2007,
"GD","Grenada",2008,
"GD","Grenada",2009,
"GD","Grenada",2010,
"GD","Grenada",2011,
"GD","Grenada",2012,
"GU","Guam",2005,
"GU","Guam",2006,
"GU","Guam",2007,
"GU","Guam",2008,
"GU","Guam",2009,
"GU","Guam",2010,
"GU","Guam",2011,
"GU","Guam",2012,
"GT","Guatemala",2005,
"GT","Guatemala",2006,44.92
"GT","Guatemala",2007,
"GT","Guatemala",2008,
"GT","Guatemala",2009,
"GT","Guatemala",2010,
"GT","Guatemala",2011,
"GT","Guatemala",2012,
"GN","Guinea",2005,
"GN","Guinea",2006,
"GN","Guinea",2007,30.34
"GN","Guinea",2008,
"GN","Guinea",2009,
"GN","Guinea",2010,
"GN","Guinea",2011,
"GN","Guinea",2012,
"GW","Guinea-Bissau",2005,
"GW","Guinea-Bissau",2006,
"GW","Guinea-Bissau",2007,
"GW","Guinea-Bissau",2008,
"GW","Guinea-Bissau",2009,
"GW","Guinea-Bissau",2010,
"GW","Guinea-Bissau",2011,
"GW","Guinea-Bissau",2012,
"GY","Guyana",2005,
"GY","Guyana",2006,
"GY","Guyana",2007,
"GY","Guyana",2008,
"GY","Guyana",2009,
"GY","Guyana",2010,
"GY","Guyana",2011,
"GY","Guyana",2012,
"HT","Haiti",2005,
"HT","Haiti",2006,
"HT","Haiti",2007,
"HT","Haiti",2008,
"HT","Haiti",2009,
"HT","Haiti",2010,
"HT","Haiti",2011,
"HT","Haiti",2012,
"HN","Honduras",2005,46.35
"HN","Honduras",2006,44.06
"HN","Honduras",2007,43.81
"HN","Honduras",2008,47.67
"HN","Honduras",2009,42.4
"HN","Honduras",2010,
"HN","Honduras",2011,
"HN","Honduras",2012,
"HK","Hong Kong",2005,
"HK","Hong Kong",2006,
"HK","Hong Kong",2007,
"HK","Hong Kong",2008,
"HK","Hong Kong",2009,
"HK","Hong Kong",2010,
"HK","Hong Kong",2011,
"HK","Hong Kong",2012,
"HU","Hungary",2005,
"HU","Hungary",2006,
"HU","Hungary",2007,25.44
"HU","Hungary",2008,
"HU","Hungary",2009,
"HU","Hungary",2010,
"HU","Hungary",2011,
"HU","Hungary",2012,
"IS","Iceland",2005,
"IS","Iceland",2006,
"IS","Iceland",2007,
"IS","Iceland",2008,
"IS","Iceland",2009,
"IS","Iceland",2010,
"IS","Iceland",2011,
"IS","Iceland",2012,
"IN","India",2005,28.26
"IN","India",2006,
"IN","India",2007,
"IN","India",2008,
"IN","India",2009,
"IN","India",2010,28.79
"IN","India",2011,
"IN","India",2012,
"ID","Indonesia",2005,28.51
"ID","Indonesia",2006,
"ID","Indonesia",2007,
"ID","Indonesia",2008,27.84
"ID","Indonesia",2009,
"ID","Indonesia",2010,28.18
"ID","Indonesia",2011,30.62662806
"ID","Indonesia",2012,
"IR","Iran",2005,29.63
"IR","Iran",2006,
"IR","Iran",2007,
"IR","Iran",2008,
"IR","Iran",2009,
"IR","Iran",2010,
"IR","Iran",2011,
"IR","Iran",2012,
"IQ","Iraq",2005,
"IQ","Iraq",2006,
"IQ","Iraq",2007,25.24
"IQ","Iraq",2008,
"IQ","Iraq",2009,
"IQ","Iraq",2010,
"IQ","Iraq",2011,
"IQ","Iraq",2012,
"IE","Ireland",2005,
"IE","Ireland",2006,
"IE","Ireland",2007,
"IE","Ireland",2008,
"IE","Ireland",2009,
"IE","Ireland",2010,
"IE","Ireland",2011,
"IE","Ireland",2012,
"IL","Israel",2005,
"IL","Israel",2006,
"IL","Israel",2007,
"IL","Israel",2008,
"IL","Israel",2009,
"IL","Israel",2010,
"IL","Israel",2011,
"IL","Israel",2012,
"IT","Italy",2005,
"IT","Italy",2006,
"IT","Italy",2007,
"IT","Italy",2008,
"IT","Italy",2009,
"IT","Italy",2010,
"IT","Italy",2011,
"IT","Italy",2012,
"JM","Jamaica",2005,
"JM","Jamaica",2006,
"JM","Jamaica",2007,
"JM","Jamaica",2008,
"JM","Jamaica",2009,
"JM","Jamaica",2010,
"JM","Jamaica",2011,
"JM","Jamaica",2012,
"JP","Japan",2005,
"JP","Japan",2006,
"JP","Japan",2007,
"JP","Japan",2008,
"JP","Japan",2009,
"JP","Japan",2010,
"JP","Japan",2011,
"JP","Japan",2012,
"JO","Jordan",2005,
"JO","Jordan",2006,30.77
"JO","Jordan",2007,
"JO","Jordan",2008,27.4
"JO","Jordan",2009,
"JO","Jordan",2010,28.7
"JO","Jordan",2011,
"JO","Jordan",2012,
"KZ","Kazakhstan",2005,
"KZ","Kazakhstan",2006,25.38
"KZ","Kazakhstan",2007,25.23
"KZ","Kazakhstan",2008,24.37
"KZ","Kazakhstan",2009,23.75
"KZ","Kazakhstan",2010,
"KZ","Kazakhstan",2011,
"KZ","Kazakhstan",2012,
"KE","Kenya",2005,37.99
"KE","Kenya",2006,
"KE","Kenya",2007,
"KE","Kenya",2008,
"KE","Kenya",2009,
"KE","Kenya",2010,
"KE","Kenya",2011,
"KE","Kenya",2012,
"KI","Kiribati",2005,
"KI","Kiribati",2006,
"KI","Kiribati",2007,
"KI","Kiribati",2008,
"KI","Kiribati",2009,
"KI","Kiribati",2010,
"KI","Kiribati",2011,
"KI","Kiribati",2012,
"XK","Kosovo",2005,
"XK","Kosovo",2006,
"XK","Kosovo",2007,
"XK","Kosovo",2008,
"XK","Kosovo",2009,
"XK","Kosovo",2010,
"XK","Kosovo",2011,
"XK","Kosovo",2012,
"KW","Kuwait",2005,
"KW","Kuwait",2006,
"KW","Kuwait",2007,
"KW","Kuwait",2008,
"KW","Kuwait",2009,
"KW","Kuwait",2010,
"KW","Kuwait",2011,
"KW","Kuwait",2012,
"KG","Kyrgyzstan",2005,29.61
"KG","Kyrgyzstan",2006,32.82
"KG","Kyrgyzstan",2007,27.87
"KG","Kyrgyzstan",2008,28.4
"KG","Kyrgyzstan",2009,27.79
"KG","Kyrgyzstan",2010,28.2
"KG","Kyrgyzstan",2011,26.36
"KG","Kyrgyzstan",2012,
"LA","Lao",2005,
"LA","Lao",2006,
"LA","Lao",2007,
"LA","Lao",2008,30.33
"LA","Lao",2009,
"LA","Lao",2010,
"LA","Lao",2011,
"LA","Lao",2012,
"LV","Latvia",2005,
"LV","Latvia",2006,
"LV","Latvia",2007,27.89
"LV","Latvia",2008,28.1
"LV","Latvia",2009,26.68
"LV","Latvia",2010,
"LV","Latvia",2011,
"LV","Latvia",2012,
"LB","Lebanon",2005,
"LB","Lebanon",2006,
"LB","Lebanon",2007,
"LB","Lebanon",2008,
"LB","Lebanon",2009,
"LB","Lebanon",2010,
"LB","Lebanon",2011,
"LB","Lebanon",2012,
"LS","Lesotho",2005,
"LS","Lesotho",2006,
"LS","Lesotho",2007,
"LS","Lesotho",2008,
"LS","Lesotho",2009,
"LS","Lesotho",2010,
"LS","Lesotho",2011,
"LS","Lesotho",2012,
"LR","Liberia",2005,
"LR","Liberia",2006,
"LR","Liberia",2007,30.1
"LR","Liberia",2008,
"LR","Liberia",2009,
"LR","Liberia",2010,
"LR","Liberia",2011,
"LR","Liberia",2012,
"LY","Libya",2005,
"LY","Libya",2006,
"LY","Libya",2007,
"LY","Libya",2008,
"LY","Libya",2009,
"LY","Libya",2010,
"LY","Libya",2011,
"LY","Libya",2012,
"LI","Liechtenstein",2005,
"LI","Liechtenstein",2006,
"LI","Liechtenstein",2007,
"LI","Liechtenstein",2008,
"LI","Liechtenstein",2009,
"LI","Liechtenstein",2010,
"LI","Liechtenstein",2011,
"LI","Liechtenstein",2012,
"LT","Lithuania",2005,
"LT","Lithuania",2006,
"LT","Lithuania",2007,
"LT","Lithuania",2008,29.1
"LT","Lithuania",2009,
"LT","Lithuania",2010,
"LT","Lithuania",2011,
"LT","Lithuania",2012,
"LU","Luxembourg",2005,
"LU","Luxembourg",2006,
"LU","Luxembourg",2007,
"LU","Luxembourg",2008,
"LU","Luxembourg",2009,
"LU","Luxembourg",2010,
"LU","Luxembourg",2011,
"LU","Luxembourg",2012,
"MO","Macao",2005,
"MO","Macao",2006,
"MO","Macao",2007,
"MO","Macao",2008,
"MO","Macao",2009,
"MO","Macao",2010,
"MO","Macao",2011,
"MO","Macao",2012,
"MK","Macedonia",2005,28.93
"MK","Macedonia",2006,32.68
"MK","Macedonia",2007,
"MK","Macedonia",2008,34.48
"MK","Macedonia",2009,32.4
"MK","Macedonia",2010,31.93
"MK","Macedonia",2011,
"MK","Macedonia",2012,
"MG","Madagascar",2005,41.54
"MG","Madagascar",2006,
"MG","Madagascar",2007,
"MG","Madagascar",2008,
"MG","Madagascar",2009,
"MG","Madagascar",2010,34.68
"MG","Madagascar",2011,
"MG","Madagascar",2012,
"MW","Malawi",2005,
"MW","Malawi",2006,
"MW","Malawi",2007,
"MW","Malawi",2008,
"MW","Malawi",2009,
"MW","Malawi",2010,34.9
"MW","Malawi",2011,
"MW","Malawi",2012,
"MY","Malaysia",2005,
"MY","Malaysia",2006,
"MY","Malaysia",2007,34.76
"MY","Malaysia",2008,
"MY","Malaysia",2009,34.65
"MY","Malaysia",2010,
"MY","Malaysia",2011,
"MY","Malaysia",2012,
"MV","Maldives",2005,
"MV","Maldives",2006,
"MV","Maldives",2007,
"MV","Maldives",2008,
"MV","Maldives",2009,
"MV","Maldives",2010,
"MV","Maldives",2011,
"MV","Maldives",2012,
"ML","Mali",2005,
"ML","Mali",2006,30.54
"ML","Mali",2007,
"ML","Mali",2008,
"ML","Mali",2009,
"ML","Mali",2010,25.83
"ML","Mali",2011,
"ML","Mali",2012,
"MT","Malta",2005,
"MT","Malta",2006,
"MT","Malta",2007,
"MT","Malta",2008,
"MT","Malta",2009,
"MT","Malta",2010,
"MT","Malta",2011,
"MT","Malta",2012,
"MH","Marshall Islands",2005,
"MH","Marshall Islands",2006,
"MH","Marshall Islands",2007,
"MH","Marshall Islands",2008,
"MH","Marshall Islands",2009,
"MH","Marshall Islands",2010,
"MH","Marshall Islands",2011,
"MH","Marshall Islands",2012,
"MR","Mauritania",2005,
"MR","Mauritania",2006,
"MR","Mauritania",2007,
"MR","Mauritania",2008,31.62
"MR","Mauritania",2009,
"MR","Mauritania",2010,
"MR","Mauritania",2011,
"MR","Mauritania",2012,
"MU","Mauritius",2005,
"MU","Mauritius",2006,
"MU","Mauritius",2007,
"MU","Mauritius",2008,
"MU","Mauritius",2009,
"MU","Mauritius",2010,
"MU","Mauritius",2011,
"MU","Mauritius",2012,
"MX","Mexico",2005,40.22
"MX","Mexico",2006,38.28
"MX","Mexico",2007,
"MX","Mexico",2008,38.68
"MX","Mexico",2009,
"MX","Mexico",2010,37.51
"MX","Mexico",2011,
"MX","Mexico",2012,
"FM","Micronesia",2005,
"FM","Micronesia",2006,
"FM","Micronesia",2007,
"FM","Micronesia",2008,
"FM","Micronesia",2009,
"FM","Micronesia",2010,
"FM","Micronesia",2011,
"FM","Micronesia",2012,
"MD","Moldova",2005,28.52
"MD","Moldova",2006,27.9
"MD","Moldova",2007,27.41
"MD","Moldova",2008,27.71
"MD","Moldova",2009,25.76
"MD","Moldova",2010,25.97
"MD","Moldova",2011,
"MD","Moldova",2012,
"MC","Monaco",2005,
"MC","Monaco",2006,
"MC","Monaco",2007,
"MC","Monaco",2008,
"MC","Monaco",2009,
"MC","Monaco",2010,
"MC","Monaco",2011,
"MC","Monaco",2012,
"MN","Mongolia",2005,
"MN","Mongolia",2006,
"MN","Mongolia",2007,
"MN","Mongolia",2008,28.38
"MN","Mongolia",2009,
"MN","Mongolia",2010,
"MN","Mongolia",2011,
"MN","Mongolia",2012,
"ME","Montenegro",2005,23.99
"ME","Montenegro",2006,23.1
"ME","Montenegro",2007,23.88
"ME","Montenegro",2008,24.12
"ME","Montenegro",2009,24.36
"ME","Montenegro",2010,22.56
"ME","Montenegro",2011,
"ME","Montenegro",2012,
"MA","Morocco",2005,
"MA","Morocco",2006,
"MA","Morocco",2007,33.22
"MA","Morocco",2008,
"MA","Morocco",2009,
"MA","Morocco",2010,
"MA","Morocco",2011,
"MA","Morocco",2012,
"MZ","Mozambique",2005,
"MZ","Mozambique",2006,
"MZ","Mozambique",2007,
"MZ","Mozambique",2008,36.73
"MZ","Mozambique",2009,
"MZ","Mozambique",2010,
"MZ","Mozambique",2011,
"MZ","Mozambique",2012,
"MM","Myanmar",2005,
"MM","Myanmar",2006,
"MM","Myanmar",2007,
"MM","Myanmar",2008,
"MM","Myanmar",2009,
"MM","Myanmar",2010,
"MM","Myanmar",2011,
"MM","Myanmar",2012,
"NA","Namibia",2005,
"NA","Namibia",2006,
"NA","Namibia",2007,
"NA","Namibia",2008,
"NA","Namibia",2009,
"NA","Namibia",2010,
"NA","Namibia",2011,
"NA","Namibia",2012,
"NP","Nepal",2005,
"NP","Nepal",2006,
"NP","Nepal",2007,
"NP","Nepal",2008,
"NP","Nepal",2009,
"NP","Nepal",2010,26.52
"NP","Nepal",2011,
"NP","Nepal",2012,
"NL","Netherlands",2005,
"NL","Netherlands",2006,
"NL","Netherlands",2007,
"NL","Netherlands",2008,
"NL","Netherlands",2009,
"NL","Netherlands",2010,
"NL","Netherlands",2011,
"NL","Netherlands",2012,
"NC","New Caledonia",2005,
"NC","New Caledonia",2006,
"NC","New Caledonia",2007,
"NC","New Caledonia",2008,
"NC","New Caledonia",2009,
"NC","New Caledonia",2010,
"NC","New Caledonia",2011,
"NC","New Caledonia",2012,
"NZ","New Zealand",2005,
"NZ","New Zealand",2006,
"NZ","New Zealand",2007,
"NZ","New Zealand",2008,
"NZ","New Zealand",2009,
"NZ","New Zealand",2010,
"NZ","New Zealand",2011,
"NZ","New Zealand",2012,
"NI","Nicaragua",2005,31.51
"NI","Nicaragua",2006,
"NI","Nicaragua",2007,
"NI","Nicaragua",2008,
"NI","Nicaragua",2009,
"NI","Nicaragua",2010,
"NI","Nicaragua",2011,
"NI","Nicaragua",2012,
"NE","Niger",2005,35.67
"NE","Niger",2006,
"NE","Niger",2007,
"NE","Niger",2008,28.51
"NE","Niger",2009,
"NE","Niger",2010,
"NE","Niger",2011,
"NE","Niger",2012,
"NG","Nigeria",2005,
"NG","Nigeria",2006,
"NG","Nigeria",2007,
"NG","Nigeria",2008,
"NG","Nigeria",2009,
"NG","Nigeria",2010,38.23
"NG","Nigeria",2011,
"NG","Nigeria",2012,
"KP","North Korea",2005,
"KP","North Korea",2006,
"KP","North Korea",2007,
"KP","North Korea",2008,
"KP","North Korea",2009,
"KP","North Korea",2010,
"KP","North Korea",2011,
"KP","North Korea",2012,
"MP","Northern Mariana Islands",2005,
"MP","Northern Mariana Islands",2006,
"MP","Northern Mariana Islands",2007,
"MP","Northern Mariana Islands",2008,
"MP","Northern Mariana Islands",2009,
"MP","Northern Mariana Islands",2010,
"MP","Northern Mariana Islands",2011,
"MP","Northern Mariana Islands",2012,
"NO","Norway",2005,
"NO","Norway",2006,
"NO","Norway",2007,
"NO","Norway",2008,
"NO","Norway",2009,
"NO","Norway",2010,
"NO","Norway",2011,
"NO","Norway",2012,
"OM","Oman",2005,
"OM","Oman",2006,
"OM","Oman",2007,
"OM","Oman",2008,
"OM","Oman",2009,
"OM","Oman",2010,
"OM","Oman",2011,
"OM","Oman",2012,
"PK","Pakistan",2005,26.71
"PK","Pakistan",2006,28.29
"PK","Pakistan",2007,
"PK","Pakistan",2008,26.05
"PK","Pakistan",2009,
"PK","Pakistan",2010,
"PK","Pakistan",2011,
"PK","Pakistan",2012,
"PW","Palau",2005,
"PW","Palau",2006,
"PW","Palau",2007,
"PW","Palau",2008,
"PW","Palau",2009,
"PW","Palau",2010,
"PW","Palau",2011,
"PW","Palau",2012,
"PS","Palestine",2005,
"PS","Palestine",2006,
"PS","Palestine",2007,30.16
"PS","Palestine",2008,
"PS","Palestine",2009,28.18
"PS","Palestine",2010,
"PS","Palestine",2011,
"PS","Palestine",2012,
"PA","Panama",2005,40.52
"PA","Panama",2006,41.61
"PA","Panama",2007,
"PA","Panama",2008,
"PA","Panama",2009,40.49
"PA","Panama",2010,40.08
"PA","Panama",2011,
"PA","Panama",2012,
"PG","Papua New Guinea",2005,
"PG","Papua New Guinea",2006,
"PG","Papua New Guinea",2007,
"PG","Papua New Guinea",2008,
"PG","Papua New Guinea",2009,
"PG","Papua New Guinea",2010,
"PG","Papua New Guinea",2011,
"PG","Papua New Guinea",2012,
"PY","Paraguay",2005,40.71
"PY","Paraguay",2006,43.61
"PY","Paraguay",2007,42.21
"PY","Paraguay",2008,40.81
"PY","Paraguay",2009,38.95
"PY","Paraguay",2010,41.11
"PY","Paraguay",2011,
"PY","Paraguay",2012,
"PE","Peru",2005,39.68
"PE","Peru",2006,39.18
"PE","Peru",2007,39.34
"PE","Peru",2008,36.85
"PE","Peru",2009,36.78
"PE","Peru",2010,36.11
"PE","Peru",2011,
"PE","Peru",2012,
"PH","Philippines",2005,
"PH","Philippines",2006,33.9
"PH","Philippines",2007,
"PH","Philippines",2008,
"PH","Philippines",2009,33.62
"PH","Philippines",2010,
"PH","Philippines",2011,
"PH","Philippines",2012,
"PL","Poland",2005,27.2
"PL","Poland",2006,26.72
"PL","Poland",2007,26.89
"PL","Poland",2008,27.15
"PL","Poland",2009,27.05
"PL","Poland",2010,26.67
"PL","Poland",2011,25.88
"PL","Poland",2012,
"PT","Portugal",2005,
"PT","Portugal",2006,
"PT","Portugal",2007,
"PT","Portugal",2008,
"PT","Portugal",2009,
"PT","Portugal",2010,
"PT","Portugal",2011,
"PT","Portugal",2012,
"PR","Puerto Rico",2005,
"PR","Puerto Rico",2006,
"PR","Puerto Rico",2007,
"PR","Puerto Rico",2008,
"PR","Puerto Rico",2009,
"PR","Puerto Rico",2010,
"PR","Puerto Rico",2011,
"PR","Puerto Rico",2012,
"QA","Qatar",2005,
"QA","Qatar",2006,
"QA","Qatar",2007,35.9
"QA","Qatar",2008,
"QA","Qatar",2009,
"QA","Qatar",2010,
"QA","Qatar",2011,
"QA","Qatar",2012,
"RO","Romania",2005,25.2
"RO","Romania",2006,25.48
"RO","Romania",2007,25.63
"RO","Romania",2008,24.47
"RO","Romania",2009,23.5
"RO","Romania",2010,19.46
"RO","Romania",2011,21.44
"RO","Romania",2012,
"RU","Russian Federation",2005,28.59
"RU","Russian Federation",2006,32.41
"RU","Russian Federation",2007,34.45
"RU","Russian Federation",2008,33.5
"RU","Russian Federation",2009,31.68
"RU","Russian Federation",2010,
"RU","Russian Federation",2011,
"RU","Russian Federation",2012,
"RW","Rwanda",2005,
"RW","Rwanda",2006,45.15
"RW","Rwanda",2007,
"RW","Rwanda",2008,
"RW","Rwanda",2009,
"RW","Rwanda",2010,
"RW","Rwanda",2011,43.22
"RW","Rwanda",2012,
"KN","Saint Kitts and Nevis",2005,
"KN","Saint Kitts and Nevis",2006,
"KN","Saint Kitts and Nevis",2007,
"KN","Saint Kitts and Nevis",2008,
"KN","Saint Kitts and Nevis",2009,
"KN","Saint Kitts and Nevis",2010,
"KN","Saint Kitts and Nevis",2011,
"KN","Saint Kitts and Nevis",2012,
"LC","Saint Lucia",2005,
"LC","Saint Lucia",2006,
"LC","Saint Lucia",2007,
"LC","Saint Lucia",2008,
"LC","Saint Lucia",2009,
"LC","Saint Lucia",2010,
"LC","Saint Lucia",2011,
"LC","Saint Lucia",2012,
"MF","Saint Martin ",2005,
"MF","Saint Martin ",2006,
"MF","Saint Martin ",2007,
"MF","Saint Martin ",2008,
"MF","Saint Martin ",2009,
"MF","Saint Martin ",2010,
"MF","Saint Martin ",2011,
"MF","Saint Martin ",2012,
"VC","Saint Vincent & the Grenadines",2005,
"VC","Saint Vincent & the Grenadines",2006,
"VC","Saint Vincent & the Grenadines",2007,
"VC","Saint Vincent & the Grenadines",2008,
"VC","Saint Vincent & the Grenadines",2009,
"VC","Saint Vincent & the Grenadines",2010,
"VC","Saint Vincent & the Grenadines",2011,
"VC","Saint Vincent & the Grenadines",2012,
"WS","Samoa",2005,
"WS","Samoa",2006,
"WS","Samoa",2007,
"WS","Samoa",2008,
"WS","Samoa",2009,
"WS","Samoa",2010,
"WS","Samoa",2011,
"WS","Samoa",2012,
"SM","San Marino",2005,
"SM","San Marino",2006,
"SM","San Marino",2007,
"SM","San Marino",2008,
"SM","San Marino",2009,
"SM","San Marino",2010,
"SM","San Marino",2011,
"SM","San Marino",2012,
"ST","Sao Tome & Principe",2005,
"ST","Sao Tome & Principe",2006,
"ST","Sao Tome & Principe",2007,
"ST","Sao Tome & Principe",2008,
"ST","Sao Tome & Principe",2009,
"ST","Sao Tome & Principe",2010,
"ST","Sao Tome & Principe",2011,
"ST","Sao Tome & Principe",2012,
"SA","Saudi Arabia",2005,
"SA","Saudi Arabia",2006,
"SA","Saudi Arabia",2007,
"SA","Saudi Arabia",2008,
"SA","Saudi Arabia",2009,
"SA","Saudi Arabia",2010,
"SA","Saudi Arabia",2011,
"SA","Saudi Arabia",2012,
"SN","Senegal",2005,30.14
"SN","Senegal",2006,
"SN","Senegal",2007,
"SN","Senegal",2008,
"SN","Senegal",2009,
"SN","Senegal",2010,
"SN","Senegal",2011,31.1
"SN","Senegal",2012,
"RS","Serbia",2005,26.13
"RS","Serbia",2006,23.56
"RS","Serbia",2007,23.53
"RS","Serbia",2008,22.81
"RS","Serbia",2009,22.2
"RS","Serbia",2010,23.33
"RS","Serbia",2011,
"RS","Serbia",2012,
"SC","Seychelles",2005,
"SC","Seychelles",2006,
"SC","Seychelles",2007,60.16
"SC","Seychelles",2008,
"SC","Seychelles",2009,
"SC","Seychelles",2010,
"SC","Seychelles",2011,
"SC","Seychelles",2012,
"SL","Sierra Leone",2005,
"SL","Sierra Leone",2006,
"SL","Sierra Leone",2007,
"SL","Sierra Leone",2008,
"SL","Sierra Leone",2009,
"SL","Sierra Leone",2010,
"SL","Sierra Leone",2011,28.74
"SL","Sierra Leone",2012,
"SG","Singapore",2005,
"SG","Singapore",2006,
"SG","Singapore",2007,
"SG","Singapore",2008,
"SG","Singapore",2009,
"SG","Singapore",2010,
"SG","Singapore",2011,
"SG","Singapore",2012,
"SX","Sint Maarten (Dutch part)",2005,
"SX","Sint Maarten (Dutch part)",2006,
"SX","Sint Maarten (Dutch part)",2007,
"SX","Sint Maarten (Dutch part)",2008,
"SX","Sint Maarten (Dutch part)",2009,
"SX","Sint Maarten (Dutch part)",2010,
"SX","Sint Maarten (Dutch part)",2011,
"SX","Sint Maarten (Dutch part)",2012,
"SK","Slovakia",2005,24.65
"SK","Slovakia",2006,23.74
"SK","Slovakia",2007,24.27
"SK","Slovakia",2008,23.23
"SK","Slovakia",2009,22.41
"SK","Slovakia",2010,
"SK","Slovakia",2011,
"SK","Slovakia",2012,
"SI","Slovenia",2005,
"SI","Slovenia",2006,
"SI","Slovenia",2007,
"SI","Slovenia",2008,
"SI","Slovenia",2009,
"SI","Slovenia",2010,
"SI","Slovenia",2011,
"SI","Slovenia",2012,
"SB","Solomon Islands",2005,
"SB","Solomon Islands",2006,
"SB","Solomon Islands",2007,
"SB","Solomon Islands",2008,
"SB","Solomon Islands",2009,
"SB","Solomon Islands",2010,
"SB","Solomon Islands",2011,
"SB","Solomon Islands",2012,
"SO","Somalia",2005,
"SO","Somalia",2006,
"SO","Somalia",2007,
"SO","Somalia",2008,
"SO","Somalia",2009,
"SO","Somalia",2010,
"SO","Somalia",2011,
"SO","Somalia",2012,
"ZA","South Africa",2005,
"ZA","South Africa",2006,57.54
"ZA","South Africa",2007,
"ZA","South Africa",2008,
"ZA","South Africa",2009,51.69
"ZA","South Africa",2010,
"ZA","South Africa",2011,
"ZA","South Africa",2012,
"KR","South Korea",2005,
"KR","South Korea",2006,
"KR","South Korea",2007,
"KR","South Korea",2008,
"KR","South Korea",2009,
"KR","South Korea",2010,
"KR","South Korea",2011,
"KR","South Korea",2012,
"SS","South Sudan",2005,
"SS","South Sudan",2006,
"SS","South Sudan",2007,
"SS","South Sudan",2008,
"SS","South Sudan",2009,
"SS","South Sudan",2010,
"SS","South Sudan",2011,
"SS","South Sudan",2012,
"ES","Spain",2005,
"ES","Spain",2006,
"ES","Spain",2007,
"ES","Spain",2008,
"ES","Spain",2009,
"ES","Spain",2010,
"ES","Spain",2011,
"ES","Spain",2012,
"LK","Sri Lanka",2005,
"LK","Sri Lanka",2006,
"LK","Sri Lanka",2007,32.94
"LK","Sri Lanka",2008,
"LK","Sri Lanka",2009,
"LK","Sri Lanka",2010,30.03
"LK","Sri Lanka",2011,
"LK","Sri Lanka",2012,
"SD","Sudan",2005,
"SD","Sudan",2006,
"SD","Sudan",2007,
"SD","Sudan",2008,
"SD","Sudan",2009,26.72
"SD","Sudan",2010,
"SD","Sudan",2011,
"SD","Sudan",2012,
"SR","Suriname",2005,
"SR","Suriname",2006,
"SR","Suriname",2007,
"SR","Suriname",2008,
"SR","Suriname",2009,
"SR","Suriname",2010,
"SR","Suriname",2011,
"SR","Suriname",2012,
"SZ","Swaziland",2005,
"SZ","Swaziland",2006,
"SZ","Swaziland",2007,
"SZ","Swaziland",2008,
"SZ","Swaziland",2009,
"SZ","Swaziland",2010,40.12
"SZ","Swaziland",2011,
"SZ","Swaziland",2012,
"SE","Sweden",2005,
"SE","Sweden",2006,
"SE","Sweden",2007,
"SE","Sweden",2008,
"SE","Sweden",2009,
"SE","Sweden",2010,
"SE","Sweden",2011,
"SE","Sweden",2012,
"CH","Switzerland",2005,
"CH","Switzerland",2006,
"CH","Switzerland",2007,
"CH","Switzerland",2008,
"CH","Switzerland",2009,
"CH","Switzerland",2010,
"CH","Switzerland",2011,
"CH","Switzerland",2012,
"SY","Syria",2005,
"SY","Syria",2006,
"SY","Syria",2007,
"SY","Syria",2008,
"SY","Syria",2009,
"SY","Syria",2010,
"SY","Syria",2011,
"SY","Syria",2012,
"TJ","Tajikistan",2005,
"TJ","Tajikistan",2006,
"TJ","Tajikistan",2007,25.44
"TJ","Tajikistan",2008,
"TJ","Tajikistan",2009,24.31
"TJ","Tajikistan",2010,
"TJ","Tajikistan",2011,
"TJ","Tajikistan",2012,
"TZ","Tanzania",2005,
"TZ","Tanzania",2006,
"TZ","Tanzania",2007,29.61
"TZ","Tanzania",2008,
"TZ","Tanzania",2009,
"TZ","Tanzania",2010,
"TZ","Tanzania",2011,
"TZ","Tanzania",2012,
"TH","Thailand",2005,
"TH","Thailand",2006,33.3
"TH","Thailand",2007,
"TH","Thailand",2008,31.81
"TH","Thailand",2009,31.45
"TH","Thailand",2010,30.99
"TH","Thailand",2011,
"TH","Thailand",2012,
"TL","Timor-Leste",2005,
"TL","Timor-Leste",2006,
"TL","Timor-Leste",2007,
"TL","Timor-Leste",2008,
"TL","Timor-Leste",2009,
"TL","Timor-Leste",2010,
"TL","Timor-Leste",2011,
"TL","Timor-Leste",2012,
"TG","Togo",2005,
"TG","Togo",2006,27.06
"TG","Togo",2007,
"TG","Togo",2008,
"TG","Togo",2009,
"TG","Togo",2010,
"TG","Togo",2011,29.41
"TG","Togo",2012,
"TO","Tonga",2005,
"TO","Tonga",2006,
"TO","Tonga",2007,
"TO","Tonga",2008,
"TO","Tonga",2009,
"TO","Tonga",2010,
"TO","Tonga",2011,
"TO","Tonga",2012,
"TT","Trinidad & Tobago",2005,
"TT","Trinidad & Tobago",2006,
"TT","Trinidad & Tobago",2007,
"TT","Trinidad & Tobago",2008,
"TT","Trinidad & Tobago",2009,
"TT","Trinidad & Tobago",2010,
"TT","Trinidad & Tobago",2011,
"TT","Trinidad & Tobago",2012,
"TN","Tunisia",2005,32.45
"TN","Tunisia",2006,
"TN","Tunisia",2007,
"TN","Tunisia",2008,
"TN","Tunisia",2009,
"TN","Tunisia",2010,27.59
"TN","Tunisia",2011,
"TN","Tunisia",2012,
"TR","Turkey",2005,32.6
"TR","Turkey",2006,30.42
"TR","Turkey",2007,29.44
"TR","Turkey",2008,29.35
"TR","Turkey",2009,29
"TR","Turkey",2010,30.1
"TR","Turkey",2011,
"TR","Turkey",2012,
"TM","Turkmenistan",2005,
"TM","Turkmenistan",2006,
"TM","Turkmenistan",2007,
"TM","Turkmenistan",2008,
"TM","Turkmenistan",2009,
"TM","Turkmenistan",2010,
"TM","Turkmenistan",2011,
"TM","Turkmenistan",2012,
"TC","Turks & Caicos Islands",2005,
"TC","Turks & Caicos Islands",2006,
"TC","Turks & Caicos Islands",2007,
"TC","Turks & Caicos Islands",2008,
"TC","Turks & Caicos Islands",2009,
"TC","Turks & Caicos Islands",2010,
"TC","Turks & Caicos Islands",2011,
"TC","Turks & Caicos Islands",2012,
"TV","Tuvalu",2005,
"TV","Tuvalu",2006,
"TV","Tuvalu",2007,
"TV","Tuvalu",2008,
"TV","Tuvalu",2009,
"TV","Tuvalu",2010,
"TV","Tuvalu",2011,
"TV","Tuvalu",2012,
"AE","UAE",2005,
"AE","UAE",2006,
"AE","UAE",2007,
"AE","UAE",2008,
"AE","UAE",2009,
"AE","UAE",2010,
"AE","UAE",2011,
"AE","UAE",2012,
"UG","Uganda",2005,
"UG","Uganda",2006,34.07
"UG","Uganda",2007,
"UG","Uganda",2008,
"UG","Uganda",2009,36.1
"UG","Uganda",2010,
"UG","Uganda",2011,
"UG","Uganda",2012,
"GB","UK",2005,
"GB","UK",2006,
"GB","UK",2007,
"GB","UK",2008,
"GB","UK",2009,
"GB","UK",2010,
"GB","UK",2011,
"GB","UK",2012,
"UA","Ukraine",2005,22.73
"UA","Ukraine",2006,23.94
"UA","Ukraine",2007,23.88
"UA","Ukraine",2008,22.55
"UA","Ukraine",2009,22.04
"UA","Ukraine",2010,21.5
"UA","Ukraine",2011,
"UA","Ukraine",2012,
"UY","Uruguay",2005,34.32
"UY","Uruguay",2006,35.92
"UY","Uruguay",2007,36.31
"UY","Uruguay",2008,35.08
"UY","Uruguay",2009,35.24
"UY","Uruguay",2010,34.36
"UY","Uruguay",2011,
"UY","Uruguay",2012,
"US","USA",2005,
"US","USA",2006,
"US","USA",2007,
"US","USA",2008,
"US","USA",2009,
"US","USA",2010,
"US","USA",2011,
"US","USA",2012,
"UZ","Uzbekistan",2005,
"UZ","Uzbekistan",2006,
"UZ","Uzbekistan",2007,
"UZ","Uzbekistan",2008,
"UZ","Uzbekistan",2009,
"UZ","Uzbekistan",2010,
"UZ","Uzbekistan",2011,
"UZ","Uzbekistan",2012,
"VU","Vanuatu",2005,
"VU","Vanuatu",2006,
"VU","Vanuatu",2007,
"VU","Vanuatu",2008,
"VU","Vanuatu",2009,
"VU","Vanuatu",2010,
"VU","Vanuatu",2011,
"VU","Vanuatu",2012,
"VE","Venezuela",2005,36.26
"VE","Venezuela",2006,33.17
"VE","Venezuela",2007,
"VE","Venezuela",2008,
"VE","Venezuela",2009,
"VE","Venezuela",2010,
"VE","Venezuela",2011,
"VE","Venezuela",2012,
"VN","Viet Nam",2005,
"VN","Viet Nam",2006,27.79
"VN","Viet Nam",2007,
"VN","Viet Nam",2008,28.21
"VN","Viet Nam",2009,
"VN","Viet Nam",2010,
"VN","Viet Nam",2011,
"VN","Viet Nam",2012,
"VI","Virgin Islands (US)",2005,
"VI","Virgin Islands (US)",2006,
"VI","Virgin Islands (US)",2007,
"VI","Virgin Islands (US)",2008,
"VI","Virgin Islands (US)",2009,
"VI","Virgin Islands (US)",2010,
"VI","Virgin Islands (US)",2011,
"VI","Virgin Islands (US)",2012,
"YE","Yemen",2005,30.82
"YE","Yemen",2006,
"YE","Yemen",2007,
"YE","Yemen",2008,
"YE","Yemen",2009,
"YE","Yemen",2010,
"YE","Yemen",2011,
"YE","Yemen",2012,
"ZM","Zambia",2005,
"ZM","Zambia",2006,43.14
"ZM","Zambia",2007,
"ZM","Zambia",2008,
"ZM","Zambia",2009,
"ZM","Zambia",2010,47.39
"ZM","Zambia",2011,
"ZM","Zambia",2012,
"ZW","Zimbabwe",2005,
"ZW","Zimbabwe",2006,
"ZW","Zimbabwe",2007,
"ZW","Zimbabwe",2008,
"ZW","Zimbabwe",2009,
"ZW","Zimbabwe",2010,
"ZW","Zimbabwe",2011,
"ZW","Zimbabwe",2012,
