"id","entity-name","year","value"
"AF","Afghanistan",2006,6.240011777
"AF","Afghanistan",2007,6.995884708
"AF","Afghanistan",2008,5.744725259
"AF","Afghanistan",2009,6.191441932
"AF","Afghanistan",2010,4.693377516
"AF","Afghanistan",2011,6.131296163
"AF","Afghanistan",2012,5.097772344
"AF","Afghanistan",2013,8.085064016
"africa","Africa, regional",2006,13.42579193
"africa","Africa, regional",2007,10.45120228
"africa","Africa, regional",2008,10.34192002
"africa","Africa, regional",2009,5.067259202
"africa","Africa, regional",2010,10.71183277
"africa","Africa, regional",2011,6.901631203
"africa","Africa, regional",2012,11.4437326
"africa","Africa, regional",2013,8.978861197
"AL","Albania",2006,8.687798462
"AL","Albania",2007,5.971442532
"AL","Albania",2008,7.202165858
"AL","Albania",2009,4.83176763
"AL","Albania",2010,4.958312418
"AL","Albania",2011,4.982876032
"AL","Albania",2012,3.4707533
"AL","Albania",2013,1.138978865
"DZ","Algeria",2006,1.625361362
"DZ","Algeria",2007,1.660526104
"DZ","Algeria",2008,1.890502049
"DZ","Algeria",2009,1.061091843
"DZ","Algeria",2010,2.861218191
"DZ","Algeria",2011,3.539242795
"DZ","Algeria",2012,2.292385652
"DZ","Algeria",2013,4.107708803
"america","America, regional",2006,7.000370053
"america","America, regional",2007,7.475396344
"america","America, regional",2008,6.034737222
"america","America, regional",2009,13.69125528
"america","America, regional",2010,17.70797725
"america","America, regional",2011,13.70030354
"america","America, regional",2012,16.10455374
"america","America, regional",2013,10.93848985
"AO","Angola",2006,21.07240197
"AO","Angola",2007,23.40583471
"AO","Angola",2008,32.32399299
"AO","Angola",2009,28.33248809
"AO","Angola",2010,31.14118116
"AO","Angola",2011,27.84983593
"AO","Angola",2012,33.82876634
"AO","Angola",2013,36.48398146
"AI","Anguilla",2006,0
"AI","Anguilla",2007,0
"AI","Anguilla",2008,0
"AI","Anguilla",2009,3.64816642
"AI","Anguilla",2010,0
"AI","Anguilla",2011,0
"AI","Anguilla",2012,0
"AI","Anguilla",2013,0.107027815
"AG","Antigua & Barbuda",2006,2.087292746
"AG","Antigua & Barbuda",2007,3.28363057
"AG","Antigua & Barbuda",2008,0.561457804
"AG","Antigua & Barbuda",2009,2.090995242
"AG","Antigua & Barbuda",2010,0.174083244
"AG","Antigua & Barbuda",2011,0
"AG","Antigua & Barbuda",2012,8.229977944
"AG","Antigua & Barbuda",2013,0
"AR","Argentina",2006,24.1990365
"AR","Argentina",2007,20.44250564
"AR","Argentina",2008,31.78962432
"AR","Argentina",2009,18.71562115
"AR","Argentina",2010,16.33625059
"AR","Argentina",2011,10.30060801
"AR","Argentina",2012,2.343306839
"AR","Argentina",2013,6.428052426
"AM","Armenia",2006,10.85151465
"AM","Armenia",2007,10.86270272
"AM","Armenia",2008,6.602316491
"AM","Armenia",2009,8.823898881
"AM","Armenia",2010,6.728435171
"AM","Armenia",2011,5.068785188
"AM","Armenia",2012,6.628471508
"AM","Armenia",2013,6.220786904
"asia","Asia, regional",2006,5.39345184
"asia","Asia, regional",2007,10.76354059
"asia","Asia, regional",2008,10.57377078
"asia","Asia, regional",2009,17.58259317
"asia","Asia, regional",2010,18.27783134
"asia","Asia, regional",2011,17.7886066
"asia","Asia, regional",2012,12.1510586
"asia","Asia, regional",2013,10.99016881
"AZ","Azerbaijan",2006,7.395197492
"AZ","Azerbaijan",2007,7.324567759
"AZ","Azerbaijan",2008,8.110431312
"AZ","Azerbaijan",2009,10.08800515
"AZ","Azerbaijan",2010,14.20194406
"AZ","Azerbaijan",2011,13.15670535
"AZ","Azerbaijan",2012,5.385211022
"AZ","Azerbaijan",2013,9.573893503
"BD","Bangladesh",2006,21.97776575
"BD","Bangladesh",2007,10.23925046
"BD","Bangladesh",2008,11.88320927
"BD","Bangladesh",2009,19.88520359
"BD","Bangladesh",2010,14.33611948
"BD","Bangladesh",2011,14.52200533
"BD","Bangladesh",2012,12.66318419
"BD","Bangladesh",2013,15.52535298
"BB","Barbados",2006,26.21183429
"BB","Barbados",2007,34.65827643
"BB","Barbados",2008,73.30331524
"BB","Barbados",2009,9.493161726
"BB","Barbados",2010,21.43772442
"BY","Belarus",2006,11.49476188
"BY","Belarus",2007,16.75359233
"BY","Belarus",2008,20.41885931
"BY","Belarus",2009,7.312153358
"BY","Belarus",2010,16.67597289
"BY","Belarus",2011,16.72538811
"BY","Belarus",2012,21.71208224
"BY","Belarus",2013,17.48880399
"BZ","Belize",2006,9.065609202
"BZ","Belize",2007,6.277041104
"BZ","Belize",2008,3.294835047
"BZ","Belize",2009,3.572291626
"BZ","Belize",2010,6.090671891
"BZ","Belize",2011,4.574718962
"BZ","Belize",2012,8.227978132
"BZ","Belize",2013,22.10773317
"BJ","Benin",2006,16.09578215
"BJ","Benin",2007,13.92890036
"BJ","Benin",2008,13.64142196
"BJ","Benin",2009,15.78508713
"BJ","Benin",2010,16.38926858
"BJ","Benin",2011,17.20167735
"BJ","Benin",2012,15.7922743
"BJ","Benin",2013,14.801104
"BT","Bhutan",2006,10.65715523
"BT","Bhutan",2007,9.555904666
"BT","Bhutan",2008,6.617102185
"BT","Bhutan",2009,4.179543001
"BT","Bhutan",2010,3.161100863
"BT","Bhutan",2011,4.028961002
"BT","Bhutan",2012,4.279413604
"BT","Bhutan",2013,3.537989251
"bilateral-unspecified","Bilateral, unspecified",2006,19.86248908
"bilateral-unspecified","Bilateral, unspecified",2007,22.99871198
"bilateral-unspecified","Bilateral, unspecified",2008,17.91386078
"bilateral-unspecified","Bilateral, unspecified",2009,19.97289462
"bilateral-unspecified","Bilateral, unspecified",2010,19.23198973
"bilateral-unspecified","Bilateral, unspecified",2011,25.27332844
"bilateral-unspecified","Bilateral, unspecified",2012,23.72431674
"bilateral-unspecified","Bilateral, unspecified",2013,22.46453385
"BO","Bolivia ",2006,11.85360723
"BO","Bolivia ",2007,12.81626373
"BO","Bolivia ",2008,11.38396949
"BO","Bolivia ",2009,7.828894038
"BO","Bolivia ",2010,9.316337633
"BO","Bolivia ",2011,8.410454317
"BO","Bolivia ",2012,8.095740002
"BO","Bolivia ",2013,8.579716698
"BA","Bosnia & Herzegovina",2006,6.142276239
"BA","Bosnia & Herzegovina",2007,6.109124217
"BA","Bosnia & Herzegovina",2008,5.177750255
"BA","Bosnia & Herzegovina",2009,7.312783419
"BA","Bosnia & Herzegovina",2010,9.475908689
"BA","Bosnia & Herzegovina",2011,8.169716052
"BA","Bosnia & Herzegovina",2012,4.478104965
"BA","Bosnia & Herzegovina",2013,4.509327191
"BW","Botswana",2006,39.6016453
"BW","Botswana",2007,47.08948683
"BW","Botswana",2008,84.29826308
"BW","Botswana",2009,77.88847032
"BW","Botswana",2010,49.11138926
"BW","Botswana",2011,60.02075137
"BW","Botswana",2012,63.79376427
"BW","Botswana",2013,64.74406311
"BR","Brazil",2006,6.91795819
"BR","Brazil",2007,5.054042016
"BR","Brazil",2008,4.206892813
"BR","Brazil",2009,4.850218261
"BR","Brazil",2010,4.668306085
"BR","Brazil",2011,3.277680723
"BR","Brazil",2012,0.970778977
"BR","Brazil",2013,1.322790154
"BF","Burkina Faso",2006,10.73178106
"BF","Burkina Faso",2007,8.877741676
"BF","Burkina Faso",2008,11.79245437
"BF","Burkina Faso",2009,12.41559108
"BF","Burkina Faso",2010,15.72067354
"BF","Burkina Faso",2011,9.548549542
"BF","Burkina Faso",2012,11.9667735
"BF","Burkina Faso",2013,13.37971984
"BI","Burundi",2006,10.28670706
"BI","Burundi",2007,10.77959989
"BI","Burundi",2008,14.01902043
"BI","Burundi",2009,14.31871381
"BI","Burundi",2010,15.24121198
"BI","Burundi",2011,18.00151961
"BI","Burundi",2012,17.5974287
"BI","Burundi",2013,20.65364405
"KH","Cambodia",2006,20.61914843
"KH","Cambodia",2007,19.67625226
"KH","Cambodia",2008,21.51499217
"KH","Cambodia",2009,24.35717691
"KH","Cambodia",2010,27.48404102
"KH","Cambodia",2011,21.51168956
"KH","Cambodia",2012,18.28537671
"KH","Cambodia",2013,19.00452991
"CM","Cameroon",2006,13.61817878
"CM","Cameroon",2007,18.6669095
"CM","Cameroon",2008,11.07416877
"CM","Cameroon",2009,16.32288566
"CM","Cameroon",2010,10.82269086
"CM","Cameroon",2011,22.48305139
"CM","Cameroon",2012,15.25312346
"CM","Cameroon",2013,26.1036776
"CV","Cape Verde",2006,11.92204091
"CV","Cape Verde",2007,8.519042029
"CV","Cape Verde",2008,7.501927863
"CV","Cape Verde",2009,3.729387405
"CV","Cape Verde",2010,2.62655404
"CV","Cape Verde",2011,5.26132393
"CV","Cape Verde",2012,3.156686712
"CV","Cape Verde",2013,7.615661651
"CF","CAR",2006,11.62993789
"CF","CAR",2007,6.526675831
"CF","CAR",2008,14.90354999
"CF","CAR",2009,7.564266473
"CF","CAR",2010,13.97313039
"CF","CAR",2011,10.46496374
"CF","CAR",2012,12.48675057
"CF","CAR",2013,18.9415088
"central-asia","Central Asia, regional",2006,6.582215407
"central-asia","Central Asia, regional",2007,3.190788701
"central-asia","Central Asia, regional",2008,3.414385711
"central-asia","Central Asia, regional",2009,4.083169701
"central-asia","Central Asia, regional",2010,10.41293995
"central-asia","Central Asia, regional",2011,13.37056611
"central-asia","Central Asia, regional",2012,13.89879333
"central-asia","Central Asia, regional",2013,9.519490675
"TD","Chad",2006,13.81069075
"TD","Chad",2007,7.946796206
"TD","Chad",2008,7.644709635
"TD","Chad",2009,5.552863127
"TD","Chad",2010,13.75809529
"TD","Chad",2011,10.3321317
"TD","Chad",2012,7.209643387
"TD","Chad",2013,22.21535699
"CL","Chile",2006,5.136802506
"CL","Chile",2007,6.335836605
"CL","Chile",2008,3.531128309
"CL","Chile",2009,2.55472581
"CL","Chile",2010,1.939456936
"CL","Chile",2011,2.676264216
"CL","Chile",2012,1.754161522
"CL","Chile",2013,2.338532751
"CN","China",2006,10.47476965
"CN","China",2007,12.25423964
"CN","China",2008,9.118011836
"CN","China",2009,11.22416298
"CN","China",2010,12.3789912
"CN","China",2011,10.3508576
"CN","China",2012,13.1549681
"CN","China",2013,9.930456185
"CO","Colombia",2006,0.930960041
"CO","Colombia",2007,1.071630002
"CO","Colombia",2008,1.035537741
"CO","Colombia",2009,0.656165305
"CO","Colombia",2010,2.812803959
"CO","Colombia",2011,2.925823972
"CO","Colombia",2012,1.373878735
"CO","Colombia",2013,14.46771045
"KM","Comoros",2006,14.41569154
"KM","Comoros",2007,13.31514292
"KM","Comoros",2008,9.269320257
"KM","Comoros",2009,9.766682192
"KM","Comoros",2010,19.13508688
"KM","Comoros",2011,18.55733669
"KM","Comoros",2012,19.90702296
"KM","Comoros",2013,21.95328907
"CG","Congo",2006,9.422735255
"CG","Congo",2007,14.45189484
"CG","Congo",2008,16.43013726
"CG","Congo",2009,17.8203724
"CG","Congo",2010,32.71507863
"CG","Congo",2011,22.9998681
"CG","Congo",2012,20.96614508
"CG","Congo",2013,26.61622853
"CK","Cook Islands",2006,11.08527639
"CK","Cook Islands",2007,7.075393552
"CK","Cook Islands",2008,8.009250972
"CK","Cook Islands",2009,8.932933742
"CK","Cook Islands",2010,4.268347251
"CK","Cook Islands",2011,1.630815942
"CK","Cook Islands",2012,3.175095648
"CK","Cook Islands",2013,4.745672678
"CR","Costa Rica",2006,7.405400542
"CR","Costa Rica",2007,4.036134865
"CR","Costa Rica",2008,3.849364581
"CR","Costa Rica",2009,1.75528146
"CR","Costa Rica",2010,2.342203701
"CR","Costa Rica",2011,2.328249054
"CR","Costa Rica",2012,2.360891634
"CR","Costa Rica",2013,1.412560724
"CI","Cote d'Ivoire",2006,25.05622112
"CI","Cote d'Ivoire",2007,32.66911734
"CI","Cote d'Ivoire",2008,18.58395281
"CI","Cote d'Ivoire",2009,13.59319464
"CI","Cote d'Ivoire",2010,26.70388017
"CI","Cote d'Ivoire",2011,8.359107371
"CI","Cote d'Ivoire",2012,16.24043309
"CI","Cote d'Ivoire",2013,23.88153569
"HR","Croatia",2006,1.035772542
"HR","Croatia",2007,0.491023234
"HR","Croatia",2008,0.231599601
"HR","Croatia",2009,0.117688885
"HR","Croatia",2010,0.226594445
"CU","Cuba",2006,13.5587154
"CU","Cuba",2007,22.39680428
"CU","Cuba",2008,10.74563194
"CU","Cuba",2009,4.624688568
"CU","Cuba",2010,15.23312142
"CU","Cuba",2011,16.78015928
"CU","Cuba",2012,14.98127542
"CU","Cuba",2013,12.98513868
"DJ","Djibouti",2006,26.5013313
"DJ","Djibouti",2007,19.87513774
"DJ","Djibouti",2008,15.66809183
"DJ","Djibouti",2009,11.05537916
"DJ","Djibouti",2010,7.836307357
"DJ","Djibouti",2011,7.320494454
"DJ","Djibouti",2012,9.968494045
"DJ","Djibouti",2013,8.166170055
"DM","Dominica",2006,1.815137538
"DM","Dominica",2007,0.716777561
"DM","Dominica",2008,0.729074914
"DM","Dominica",2009,0.750668961
"DM","Dominica",2010,0.666058125
"DM","Dominica",2011,1.696615498
"DM","Dominica",2012,0.511753431
"DM","Dominica",2013,0.995312286
"DO","Dominican Republic",2006,13.1369059
"DO","Dominican Republic",2007,12.37784261
"DO","Dominican Republic",2008,17.67539704
"DO","Dominican Republic",2009,18.73161341
"DO","Dominican Republic",2010,19.69421313
"DO","Dominican Republic",2011,15.06374811
"DO","Dominican Republic",2012,14.37936951
"DO","Dominican Republic",2013,26.27445451
"CD","DRC",2006,14.2656296
"CD","DRC",2007,16.96999675
"CD","DRC",2008,22.38225091
"CD","DRC",2009,15.58698095
"CD","DRC",2010,20.60838016
"CD","DRC",2011,21.17138428
"CD","DRC",2012,25.58766874
"CD","DRC",2013,26.07665529
"EC","Ecuador",2006,9.564680769
"EC","Ecuador",2007,12.59475567
"EC","Ecuador",2008,9.16442859
"EC","Ecuador",2009,7.443816874
"EC","Ecuador",2010,8.727865468
"EC","Ecuador",2011,7.061527504
"EC","Ecuador",2012,4.790651856
"EC","Ecuador",2013,7.74163399
"EG","Egypt",2006,12.18099626
"EG","Egypt",2007,6.997623813
"EG","Egypt",2008,9.618893295
"EG","Egypt",2009,4.21095479
"EG","Egypt",2010,5.092667643
"EG","Egypt",2011,5.247634426
"EG","Egypt",2012,1.336213532
"EG","Egypt",2013,0.549361582
"SV","El Salvador",2006,13.54015304
"SV","El Salvador",2007,12.49352015
"SV","El Salvador",2008,10.69686723
"SV","El Salvador",2009,7.043540473
"SV","El Salvador",2010,8.183501641
"SV","El Salvador",2011,5.933124332
"SV","El Salvador",2012,6.033014517
"SV","El Salvador",2013,12.22033795
"GQ","Equatorial Guinea",2006,43.13653372
"GQ","Equatorial Guinea",2007,34.02525119
"GQ","Equatorial Guinea",2008,54.96533803
"GQ","Equatorial Guinea",2009,43.03974204
"GQ","Equatorial Guinea",2010,49.25116172
"GQ","Equatorial Guinea",2011,37.07818315
"GQ","Equatorial Guinea",2012,29.97189475
"GQ","Equatorial Guinea",2013,25.94982432
"ER","Eritrea",2006,17.21481097
"ER","Eritrea",2007,21.10074146
"ER","Eritrea",2008,25.69118807
"ER","Eritrea",2009,20.07539616
"ER","Eritrea",2010,38.96556025
"ER","Eritrea",2011,18.7171529
"ER","Eritrea",2012,25.22330723
"ER","Eritrea",2013,46.10299235
"ET","Ethiopia",2006,23.60582728
"ET","Ethiopia",2007,24.86671177
"ET","Ethiopia",2008,19.12096822
"ET","Ethiopia",2009,16.25014722
"ET","Ethiopia",2010,20.9001197
"ET","Ethiopia",2011,23.32844576
"ET","Ethiopia",2012,23.44269334
"ET","Ethiopia",2013,28.60785628
"europe","Europe, regional",2006,2.952975539
"europe","Europe, regional",2007,2.678773287
"europe","Europe, regional",2008,4.169249322
"europe","Europe, regional",2009,6.106443625
"europe","Europe, regional",2010,9.516906629
"europe","Europe, regional",2011,2.803541688
"europe","Europe, regional",2012,6.908255012
"europe","Europe, regional",2013,5.105061875
"east-asia","Far East Asia, regional",2006,14.75719757
"east-asia","Far East Asia, regional",2007,24.01824634
"east-asia","Far East Asia, regional",2008,9.827517647
"east-asia","Far East Asia, regional",2009,11.14224947
"east-asia","Far East Asia, regional",2010,7.019455927
"east-asia","Far East Asia, regional",2011,4.971895738
"east-asia","Far East Asia, regional",2012,10.62909632
"east-asia","Far East Asia, regional",2013,20.56913862
"FJ","Fiji",2006,15.49323203
"FJ","Fiji",2007,21.46202069
"FJ","Fiji",2008,17.02578894
"FJ","Fiji",2009,10.06233749
"FJ","Fiji",2010,14.6118907
"FJ","Fiji",2011,15.76198514
"FJ","Fiji",2012,16.56655611
"FJ","Fiji",2013,18.54399506
"GA","Gabon",2006,19.19855143
"GA","Gabon",2007,13.17882945
"GA","Gabon",2008,11.10746051
"GA","Gabon",2009,22.57896542
"GA","Gabon",2010,7.478965825
"GA","Gabon",2011,12.61994778
"GA","Gabon",2012,10.86483187
"GA","Gabon",2013,13.43180785
"GM","Gambia",2006,22.65707383
"GM","Gambia",2007,17.7248157
"GM","Gambia",2008,16.17580027
"GM","Gambia",2009,15.51097721
"GM","Gambia",2010,23.2867232
"GM","Gambia",2011,23.32808522
"GM","Gambia",2012,21.66269838
"GM","Gambia",2013,38.64428612
"GE","Georgia",2006,9.53258904
"GE","Georgia",2007,12.05518714
"GE","Georgia",2008,3.170958193
"GE","Georgia",2009,4.972125726
"GE","Georgia",2010,5.944172954
"GE","Georgia",2011,7.730648057
"GE","Georgia",2012,5.805288883
"GE","Georgia",2013,3.968395615
"GH","Ghana",2006,14.675469
"GH","Ghana",2007,17.52632084
"GH","Ghana",2008,17.45172617
"GH","Ghana",2009,15.28775547
"GH","Ghana",2010,14.1912211
"GH","Ghana",2011,12.34404224
"GH","Ghana",2012,16.50505856
"GH","Ghana",2013,21.90166451
"GD","Grenada",2006,5.915470209
"GD","Grenada",2007,12.21931096
"GD","Grenada",2008,2.640559173
"GD","Grenada",2009,1.601131162
"GD","Grenada",2010,0.013139494
"GD","Grenada",2011,0.106048007
"GD","Grenada",2012,1.149313128
"GD","Grenada",2013,0.993783724
"GT","Guatemala",2006,10.00620095
"GT","Guatemala",2007,14.62038962
"GT","Guatemala",2008,18.0044758
"GT","Guatemala",2009,12.32850602
"GT","Guatemala",2010,10.10738841
"GT","Guatemala",2011,13.81266947
"GT","Guatemala",2012,13.53969118
"GT","Guatemala",2013,11.21356086
"GN","Guinea",2006,18.18889151
"GN","Guinea",2007,13.93518305
"GN","Guinea",2008,13.86636521
"GN","Guinea",2009,17.16129456
"GN","Guinea",2010,22.17187219
"GN","Guinea",2011,12.44385989
"GN","Guinea",2012,17.32518095
"GN","Guinea",2013,15.87474337
"GW","Guinea-Bissau",2006,17.11616873
"GW","Guinea-Bissau",2007,18.04217586
"GW","Guinea-Bissau",2008,11.1183579
"GW","Guinea-Bissau",2009,13.0062406
"GW","Guinea-Bissau",2010,20.18525587
"GW","Guinea-Bissau",2011,16.2424458
"GW","Guinea-Bissau",2012,9.56725824
"GW","Guinea-Bissau",2013,45.48796499
"GY","Guyana",2006,20.77185371
"GY","Guyana",2007,33.36915967
"GY","Guyana",2008,27.8987491
"GY","Guyana",2009,21.20356932
"GY","Guyana",2010,17.98252964
"GY","Guyana",2011,12.72885985
"GY","Guyana",2012,13.18908151
"GY","Guyana",2013,10.65689008
"HT","Haiti",2006,22.71618616
"HT","Haiti",2007,27.3748602
"HT","Haiti",2008,20.10636209
"HT","Haiti",2009,15.05075889
"HT","Haiti",2010,6.30557535
"HT","Haiti",2011,15.13340036
"HT","Haiti",2012,16.57410262
"HT","Haiti",2013,19.94506028
"HN","Honduras",2006,9.954053132
"HN","Honduras",2007,14.19938343
"HN","Honduras",2008,15.419947
"HN","Honduras",2009,13.49874762
"HN","Honduras",2010,10.07821215
"HN","Honduras",2011,8.582237298
"HN","Honduras",2012,12.53552778
"HN","Honduras",2013,10.17222373
"IN","India",2006,16.25891113
"IN","India",2007,23.16470799
"IN","India",2008,16.67324781
"IN","India",2009,18.6294848
"IN","India",2010,16.91748062
"IN","India",2011,17.98934367
"IN","India",2012,19.59583023
"IN","India",2013,17.69426461
"ID","Indonesia",2006,8.817944201
"ID","Indonesia",2007,7.860186985
"ID","Indonesia",2008,6.741964542
"ID","Indonesia",2009,7.154111607
"ID","Indonesia",2010,7.093747353
"ID","Indonesia",2011,9.507513756
"ID","Indonesia",2012,14.55925856
"ID","Indonesia",2013,10.82024355
"IR","Iran",2006,6.829818313
"IR","Iran",2007,9.311743599
"IR","Iran",2008,22.15465216
"IR","Iran",2009,5.118855339
"IR","Iran",2010,21.20796059
"IR","Iran",2011,28.70453131
"IR","Iran",2012,31.48588306
"IR","Iran",2013,24.27317063
"IQ","Iraq",2006,6.272672792
"IQ","Iraq",2007,5.389832263
"IQ","Iraq",2008,2.506183247
"IQ","Iraq",2009,2.749937747
"IQ","Iraq",2010,3.775089572
"IQ","Iraq",2011,1.582025713
"IQ","Iraq",2012,1.987896625
"IQ","Iraq",2013,1.863742686
"JM","Jamaica",2006,10.38735304
"JM","Jamaica",2007,12.84106497
"JM","Jamaica",2008,9.869406325
"JM","Jamaica",2009,7.081553087
"JM","Jamaica",2010,9.29613723
"JM","Jamaica",2011,19.64639207
"JM","Jamaica",2012,13.13524021
"JM","Jamaica",2013,11.8277556
"JO","Jordan",2006,3.199432139
"JO","Jordan",2007,2.773498765
"JO","Jordan",2008,3.979040571
"JO","Jordan",2009,5.850028952
"JO","Jordan",2010,7.003910981
"JO","Jordan",2011,7.330770054
"JO","Jordan",2012,5.078428527
"JO","Jordan",2013,5.612054461
"KZ","Kazakhstan",2006,12.72766473
"KZ","Kazakhstan",2007,6.521896817
"KZ","Kazakhstan",2008,7.08684859
"KZ","Kazakhstan",2009,16.16479607
"KZ","Kazakhstan",2010,20.01093422
"KZ","Kazakhstan",2011,13.85614522
"KZ","Kazakhstan",2012,22.39584803
"KZ","Kazakhstan",2013,13.97062158
"KE","Kenya",2006,30.21971068
"KE","Kenya",2007,23.80245133
"KE","Kenya",2008,30.82014387
"KE","Kenya",2009,28.12831472
"KE","Kenya",2010,36.38278288
"KE","Kenya",2011,28.72284413
"KE","Kenya",2012,29.16010008
"KE","Kenya",2013,26.44787839
"KI","Kiribati",2006,10.71993896
"KI","Kiribati",2007,16.31747936
"KI","Kiribati",2008,23.69974211
"KI","Kiribati",2009,17.34298927
"KI","Kiribati",2010,2.89735178
"KI","Kiribati",2011,2.008927396
"KI","Kiribati",2012,5.457355151
"KI","Kiribati",2013,6.640575647
"XK","Kosovo",2009,1.198763481
"XK","Kosovo",2010,1.968113069
"XK","Kosovo",2011,1.151893999
"XK","Kosovo",2012,1.459374656
"XK","Kosovo",2013,0.996457473
"KG","Kyrgyzstan",2006,15.06213143
"KG","Kyrgyzstan",2007,18.38533566
"KG","Kyrgyzstan",2008,16.97746354
"KG","Kyrgyzstan",2009,14.60048885
"KG","Kyrgyzstan",2010,11.96970874
"KG","Kyrgyzstan",2011,11.62243024
"KG","Kyrgyzstan",2012,10.73815385
"KG","Kyrgyzstan",2013,11.34651845
"LA","Lao",2006,10.78341716
"LA","Lao",2007,11.68907221
"LA","Lao",2008,13.48007169
"LA","Lao",2009,10.87425942
"LA","Lao",2010,12.23096539
"LA","Lao",2011,12.84393133
"LA","Lao",2012,12.42364523
"LA","Lao",2013,16.29378326
"LB","Lebanon",2006,2.381803423
"LB","Lebanon",2007,2.894126237
"LB","Lebanon",2008,1.106328235
"LB","Lebanon",2009,1.740716861
"LB","Lebanon",2010,6.874533597
"LB","Lebanon",2011,5.720848788
"LB","Lebanon",2012,3.890111921
"LB","Lebanon",2013,4.71133248
"LS","Lesotho",2006,20.27369644
"LS","Lesotho",2007,22.874996
"LS","Lesotho",2008,30.35661368
"LS","Lesotho",2009,31.51840839
"LS","Lesotho",2010,26.5190891
"LS","Lesotho",2011,34.70238896
"LS","Lesotho",2012,32.49182899
"LS","Lesotho",2013,37.87255222
"LR","Liberia",2006,9.276520274
"LR","Liberia",2007,3.331662133
"LR","Liberia",2008,8.282360538
"LR","Liberia",2009,17.82045563
"LR","Liberia",2010,17.86635993
"LR","Liberia",2011,14.57417202
"LR","Liberia",2012,19.25671665
"LR","Liberia",2013,19.96501536
"LY","Libya",2006,1.663425308
"LY","Libya",2007,11.39258005
"LY","Libya",2008,57.36954311
"LY","Libya",2009,64.827243
"LY","Libya",2010,2.135548594
"LY","Libya",2011,2.177264914
"LY","Libya",2012,1.74212058
"LY","Libya",2013,3.865666322
"MK","Macedonia",2006,3.54580482
"MK","Macedonia",2007,6.19509799
"MK","Macedonia",2008,3.120894662
"MK","Macedonia",2009,1.636988619
"MK","Macedonia",2010,3.041646473
"MK","Macedonia",2011,4.655452362
"MK","Macedonia",2012,1.189241612
"MK","Macedonia",2013,2.617286077
"MG","Madagascar",2006,10.29544631
"MG","Madagascar",2007,11.80718124
"MG","Madagascar",2008,12.68221738
"MG","Madagascar",2009,19.77854909
"MG","Madagascar",2010,31.56630417
"MG","Madagascar",2011,23.96447645
"MG","Madagascar",2012,25.63976762
"MG","Madagascar",2013,31.0560382
"MW","Malawi",2006,27.7746
"MW","Malawi",2007,34.02439628
"MW","Malawi",2008,30.89454548
"MW","Malawi",2009,35.46308403
"MW","Malawi",2010,23.3390381
"MW","Malawi",2011,42.23707489
"MW","Malawi",2012,32.24019117
"MW","Malawi",2013,35.75605836
"MY","Malaysia",2006,0.445746853
"MY","Malaysia",2007,0.427057928
"MY","Malaysia",2008,0.407929378
"MY","Malaysia",2009,0.32251447
"MY","Malaysia",2010,0.392017946
"MY","Malaysia",2011,1.299565951
"MY","Malaysia",2012,1.329115098
"MY","Malaysia",2013,3.409383202
"MV","Maldives",2006,1.793483398
"MV","Maldives",2007,7.082022854
"MV","Maldives",2008,4.961720193
"MV","Maldives",2009,1.777554624
"MV","Maldives",2010,1.986378139
"MV","Maldives",2011,11.58709236
"MV","Maldives",2012,6.10808818
"MV","Maldives",2013,8.67678105
"ML","Mali",2006,10.22419683
"ML","Mali",2007,12.10886166
"ML","Mali",2008,14.21384902
"ML","Mali",2009,14.57291189
"ML","Mali",2010,16.19517517
"ML","Mali",2011,15.59236812
"ML","Mali",2012,16.84708748
"ML","Mali",2013,14.16368814
"MH","Marshall Islands",2006,12.64578477
"MH","Marshall Islands",2007,14.40264862
"MH","Marshall Islands",2008,15.94650202
"MH","Marshall Islands",2009,15.47637187
"MH","Marshall Islands",2010,0.232036405
"MH","Marshall Islands",2011,0.536599346
"MH","Marshall Islands",2012,11.47735529
"MH","Marshall Islands",2013,0.538514252
"MR","Mauritania",2006,6.805815146
"MR","Mauritania",2007,7.186903374
"MR","Mauritania",2008,8.278710541
"MR","Mauritania",2009,8.018128075
"MR","Mauritania",2010,4.906402723
"MR","Mauritania",2011,4.421072862
"MR","Mauritania",2012,3.486766654
"MR","Mauritania",2013,8.445829843
"MU","Mauritius",2006,1.416365904
"MU","Mauritius",2007,1.78961486
"MU","Mauritius",2008,0.06209096
"MU","Mauritius",2009,0.679260675
"MU","Mauritius",2010,1.678723377
"MU","Mauritius",2011,1.146953128
"MU","Mauritius",2012,1.294072605
"MU","Mauritius",2013,1.685714822
"YT","Mayotte",2006,9.68970956
"YT","Mayotte",2007,1.538646546
"YT","Mayotte",2008,2.884397866
"YT","Mayotte",2009,1.569820446
"YT","Mayotte",2010,1.273877545
"MX","Mexico",2006,4.748859544
"MX","Mexico",2007,7.776397461
"MX","Mexico",2008,3.88414547
"MX","Mexico",2009,4.687325247
"MX","Mexico",2010,2.982445401
"MX","Mexico",2011,1.936216927
"MX","Mexico",2012,4.419448123
"MX","Mexico",2013,2.287740429
"FM","Micronesia",2006,15.39389883
"FM","Micronesia",2007,15.46281277
"FM","Micronesia",2008,19.74183469
"FM","Micronesia",2009,19.71470284
"FM","Micronesia",2010,0.326082448
"FM","Micronesia",2011,0.330908501
"FM","Micronesia",2012,19.763112
"FM","Micronesia",2013,0.748063613
"middle-east","Middle East, regional",2006,0.365551082
"middle-east","Middle East, regional",2007,0.734774175
"middle-east","Middle East, regional",2008,0.145997909
"middle-east","Middle East, regional",2009,1.496927934
"middle-east","Middle East, regional",2010,4.098534323
"middle-east","Middle East, regional",2011,1.398644724
"middle-east","Middle East, regional",2012,2.026738706
"middle-east","Middle East, regional",2013,3.780125508
"MD","Moldova",2006,5.966941098
"MD","Moldova",2007,8.153577577
"MD","Moldova",2008,6.673068447
"MD","Moldova",2009,18.72879682
"MD","Moldova",2010,12.04926516
"MD","Moldova",2011,9.522404381
"MD","Moldova",2012,7.506360474
"MD","Moldova",2013,9.901447619
"MN","Mongolia",2006,3.425306658
"MN","Mongolia",2007,7.517608423
"MN","Mongolia",2008,5.818609443
"MN","Mongolia",2009,4.33006575
"MN","Mongolia",2010,8.590619898
"MN","Mongolia",2011,8.250328018
"MN","Mongolia",2012,6.19033567
"MN","Mongolia",2013,6.900412108
"ME","Montenegro",2006,8.3480607
"ME","Montenegro",2007,9.919884073
"ME","Montenegro",2008,7.332998496
"ME","Montenegro",2009,2.412206075
"ME","Montenegro",2010,3.488661242
"ME","Montenegro",2011,4.152595965
"ME","Montenegro",2012,1.37955249
"ME","Montenegro",2013,1.09834384
"MS","Montserrat",2006,0.581773485
"MS","Montserrat",2007,0
"MS","Montserrat",2008,0.904366003
"MS","Montserrat",2009,1.144475545
"MS","Montserrat",2010,0
"MS","Montserrat",2011,0.38350496
"MS","Montserrat",2012,0
"MS","Montserrat",2013,0.748686168
"MA","Morocco",2006,5.939088467
"MA","Morocco",2007,3.703574915
"MA","Morocco",2008,4.391769867
"MA","Morocco",2009,6.38503724
"MA","Morocco",2010,5.510156998
"MA","Morocco",2011,3.704429349
"MA","Morocco",2012,2.704452375
"MA","Morocco",2013,4.186590366
"MZ","Mozambique",2006,16.91685195
"MZ","Mozambique",2007,19.78567114
"MZ","Mozambique",2008,20.84065317
"MZ","Mozambique",2009,20.31019019
"MZ","Mozambique",2010,24.47087309
"MZ","Mozambique",2011,23.75948526
"MZ","Mozambique",2012,23.20863964
"MZ","Mozambique",2013,24.79644468
"MM","Myanmar",2006,21.59012186
"MM","Myanmar",2007,25.80141843
"MM","Myanmar",2008,10.9602881
"MM","Myanmar",2009,20.88436076
"MM","Myanmar",2010,28.9637009
"MM","Myanmar",2011,22.4295011
"MM","Myanmar",2012,32.51112289
"MM","Myanmar",2013,5.337929175
"NA","Namibia",2006,49.52786409
"NA","Namibia",2007,47.49968733
"NA","Namibia",2008,42.78667907
"NA","Namibia",2009,48.60689317
"NA","Namibia",2010,49.2549099
"NA","Namibia",2011,33.32518782
"NA","Namibia",2012,42.99979417
"NA","Namibia",2013,37.11957065
"NR","Nauru",2006,9.925324719
"NR","Nauru",2007,15.99946177
"NR","Nauru",2008,8.770016735
"NR","Nauru",2009,9.484737772
"NR","Nauru",2010,8.991576905
"NR","Nauru",2011,11.69147972
"NR","Nauru",2012,10.63202927
"NR","Nauru",2013,4.747813481
"NP","Nepal",2006,16.94429325
"NP","Nepal",2007,15.31060079
"NP","Nepal",2008,18.49568439
"NP","Nepal",2009,13.3479401
"NP","Nepal",2010,16.26268236
"NP","Nepal",2011,12.06214093
"NP","Nepal",2012,13.94305507
"NP","Nepal",2013,15.46888497
"NI","Nicaragua",2006,11.0275347
"NI","Nicaragua",2007,11.10009019
"NI","Nicaragua",2008,12.60478929
"NI","Nicaragua",2009,11.73910882
"NI","Nicaragua",2010,12.05394911
"NI","Nicaragua",2011,16.07924466
"NI","Nicaragua",2012,11.06518059
"NI","Nicaragua",2013,11.77657643
"NE","Niger",2006,16.60776551
"NE","Niger",2007,14.84018496
"NE","Niger",2008,18.95120881
"NE","Niger",2009,20.10324827
"NE","Niger",2010,14.05463565
"NE","Niger",2011,13.77181277
"NE","Niger",2012,6.976533698
"NE","Niger",2013,12.70186867
"NG","Nigeria",2006,40.05057748
"NG","Nigeria",2007,40.85629533
"NG","Nigeria",2008,51.18969491
"NG","Nigeria",2009,57.37223452
"NG","Nigeria",2010,35.54640732
"NG","Nigeria",2011,42.96459718
"NG","Nigeria",2012,47.62288603
"NG","Nigeria",2013,50.57294481
"NU","Niue",2006,8.402580723
"NU","Niue",2007,2.790231878
"NU","Niue",2008,2.296373291
"NU","Niue",2009,5.592970831
"NU","Niue",2010,3.279588829
"NU","Niue",2011,0.411190848
"NU","Niue",2012,2.140025944
"NU","Niue",2013,3.244633494
"north-central-america","North & Central America, regional",2006,13.04056674
"north-central-america","North & Central America, regional",2007,10.06308318
"north-central-america","North & Central America, regional",2008,8.131154132
"north-central-america","North & Central America, regional",2009,5.974695922
"north-central-america","North & Central America, regional",2010,8.741827315
"north-central-america","North & Central America, regional",2011,8.018414825
"north-central-america","North & Central America, regional",2012,6.678007395
"north-central-america","North & Central America, regional",2013,4.809624433
"KP","North Korea",2006,4.420110978
"KP","North Korea",2007,6.217945927
"KP","North Korea",2008,2.744191926
"KP","North Korea",2009,27.62925656
"KP","North Korea",2010,39.78020364
"KP","North Korea",2011,21.98997237
"KP","North Korea",2012,25.46028216
"KP","North Korea",2013,37.35547932
"north-of-sahara","North of Sahara, regional",2006,2.997571292
"north-of-sahara","North of Sahara, regional",2007,1.057052652
"north-of-sahara","North of Sahara, regional",2008,6.282088426
"north-of-sahara","North of Sahara, regional",2009,5.068408878
"north-of-sahara","North of Sahara, regional",2010,5.837654232
"north-of-sahara","North of Sahara, regional",2011,4.696871204
"north-of-sahara","North of Sahara, regional",2012,4.603272105
"north-of-sahara","North of Sahara, regional",2013,2.738328307
"oceania","Oceania, regional",2006,20.27100233
"oceania","Oceania, regional",2007,13.91394962
"oceania","Oceania, regional",2008,12.77410405
"oceania","Oceania, regional",2009,19.96288181
"oceania","Oceania, regional",2010,16.12080564
"oceania","Oceania, regional",2011,17.82944951
"oceania","Oceania, regional",2012,18.31599933
"oceania","Oceania, regional",2013,14.67173116
"OM","Oman",2006,6.017065952
"OM","Oman",2007,4.703010961
"OM","Oman",2008,10.28109412
"OM","Oman",2009,0.268749164
"OM","Oman",2010,1.790544358
"PK","Pakistan",2006,9.271267206
"PK","Pakistan",2007,16.6006311
"PK","Pakistan",2008,21.27872313
"PK","Pakistan",2009,11.02532989
"PK","Pakistan",2010,12.4817121
"PK","Pakistan",2011,5.857713483
"PK","Pakistan",2012,15.33319603
"PK","Pakistan",2013,19.54597334
"PW","Palau",2006,2.412598277
"PW","Palau",2007,0.496427883
"PW","Palau",2008,1.835105662
"PW","Palau",2009,3.164103907
"PW","Palau",2010,2.194374609
"PW","Palau",2011,1.873902229
"PW","Palau",2012,1.975091104
"PW","Palau",2013,2.428286
"PS","Palestine",2006,5.699248813
"PS","Palestine",2007,5.78835818
"PS","Palestine",2008,3.471504
"PS","Palestine",2009,2.077861446
"PS","Palestine",2010,4.921998024
"PS","Palestine",2011,5.878480901
"PS","Palestine",2012,6.908285324
"PS","Palestine",2013,3.760995267
"PA","Panama",2006,4.490606641
"PA","Panama",2007,9.127883694
"PA","Panama",2008,5.254989953
"PA","Panama",2009,3.479809761
"PA","Panama",2010,1.866316132
"PA","Panama",2011,1.611644441
"PA","Panama",2012,5.144166448
"PA","Panama",2013,17.46213581
"PG","Papua New Guinea",2006,20.33555839
"PG","Papua New Guinea",2007,14.75070829
"PG","Papua New Guinea",2008,15.62509258
"PG","Papua New Guinea",2009,18.30427525
"PG","Papua New Guinea",2010,18.75903862
"PG","Papua New Guinea",2011,25.41329001
"PG","Papua New Guinea",2012,23.66637944
"PG","Papua New Guinea",2013,24.02506258
"PY","Paraguay",2006,6.735813714
"PY","Paraguay",2007,9.152121978
"PY","Paraguay",2008,11.98054148
"PY","Paraguay",2009,9.702084516
"PY","Paraguay",2010,11.82748294
"PY","Paraguay",2011,8.27361997
"PY","Paraguay",2012,9.466033169
"PY","Paraguay",2013,7.323746374
"PE","Peru",2006,8.832836262
"PE","Peru",2007,6.129693121
"PE","Peru",2008,8.942313563
"PE","Peru",2009,16.64390405
"PE","Peru",2010,9.301909312
"PE","Peru",2011,5.766022631
"PE","Peru",2012,11.03496474
"PE","Peru",2013,10.20513727
"PH","Philippines",2006,5.233659185
"PH","Philippines",2007,6.570545879
"PH","Philippines",2008,7.456775565
"PH","Philippines",2009,6.77139539
"PH","Philippines",2010,9.313463979
"PH","Philippines",2011,12.68403917
"PH","Philippines",2012,9.136482503
"PH","Philippines",2013,9.329574809
"RW","Rwanda",2006,26.81662056
"RW","Rwanda",2007,25.10992772
"RW","Rwanda",2008,29.50950693
"RW","Rwanda",2009,28.28084899
"RW","Rwanda",2010,31.19121824
"RW","Rwanda",2011,25.80342154
"RW","Rwanda",2012,35.27506505
"RW","Rwanda",2013,26.0999871
"SH","Saint Helena, Ascension & Tristan da Cunha",2006,13.13704337
"SH","Saint Helena, Ascension & Tristan da Cunha",2007,6.382227433
"SH","Saint Helena, Ascension & Tristan da Cunha",2008,5.37852556
"SH","Saint Helena, Ascension & Tristan da Cunha",2009,2.89420467
"SH","Saint Helena, Ascension & Tristan da Cunha",2010,7.255419086
"SH","Saint Helena, Ascension & Tristan da Cunha",2011,2.33477744
"SH","Saint Helena, Ascension & Tristan da Cunha",2012,12.7127229
"SH","Saint Helena, Ascension & Tristan da Cunha",2013,15.31487852
"KN","Saint Kitts and Nevis",2006,0.041667889
"KN","Saint Kitts and Nevis",2007,0.349842341
"KN","Saint Kitts and Nevis",2008,0
"KN","Saint Kitts and Nevis",2009,2.422213896
"KN","Saint Kitts and Nevis",2010,0
"KN","Saint Kitts and Nevis",2011,0
"KN","Saint Kitts and Nevis",2012,0
"KN","Saint Kitts and Nevis",2013,0
"LC","Saint Lucia",2006,8.014761998
"LC","Saint Lucia",2007,5.423343049
"LC","Saint Lucia",2008,7.757980204
"LC","Saint Lucia",2009,2.357069928
"LC","Saint Lucia",2010,3.309176041
"LC","Saint Lucia",2011,34.41179016
"LC","Saint Lucia",2012,38.45561602
"LC","Saint Lucia",2013,22.75553017
"VC","Saint Vincent & the Grenadines",2006,13.98349171
"VC","Saint Vincent & the Grenadines",2007,4.923365263
"VC","Saint Vincent & the Grenadines",2008,3.502432975
"VC","Saint Vincent & the Grenadines",2009,4.22721993
"VC","Saint Vincent & the Grenadines",2010,1.419332736
"VC","Saint Vincent & the Grenadines",2011,0.083973071
"VC","Saint Vincent & the Grenadines",2012,4.629781081
"VC","Saint Vincent & the Grenadines",2013,6.587445714
"WS","Samoa",2006,11.21488641
"WS","Samoa",2007,9.604497511
"WS","Samoa",2008,8.761285965
"WS","Samoa",2009,4.702244732
"WS","Samoa",2010,5.762268408
"WS","Samoa",2011,3.406654552
"WS","Samoa",2012,9.649924396
"WS","Samoa",2013,10.50187031
"ST","Sao Tome & Principe",2006,19.50618623
"ST","Sao Tome & Principe",2007,13.28998988
"ST","Sao Tome & Principe",2008,14.96021542
"ST","Sao Tome & Principe",2009,16.84137998
"ST","Sao Tome & Principe",2010,11.48663477
"ST","Sao Tome & Principe",2011,12.97835645
"ST","Sao Tome & Principe",2012,11.79022326
"ST","Sao Tome & Principe",2013,23.49460285
"SA","Saudi Arabia",2006,3.267831652
"SA","Saudi Arabia",2007,2.027668274
"SN","Senegal",2006,18.30260621
"SN","Senegal",2007,12.16024129
"SN","Senegal",2008,11.44780249
"SN","Senegal",2009,13.84278216
"SN","Senegal",2010,13.19969655
"SN","Senegal",2011,14.12967791
"SN","Senegal",2012,14.17656575
"SN","Senegal",2013,14.36684505
"RS","Serbia",2006,3.330074552
"RS","Serbia",2007,2.740972089
"RS","Serbia",2008,2.691120673
"RS","Serbia",2009,4.55099239
"RS","Serbia",2010,2.0906805
"RS","Serbia",2011,7.043259286
"RS","Serbia",2012,2.177885235
"RS","Serbia",2013,1.269348235
"SC","Seychelles",2006,2.490609028
"SC","Seychelles",2007,3.857306334
"SC","Seychelles",2008,2.704168721
"SC","Seychelles",2009,0.781085095
"SC","Seychelles",2010,1.945465082
"SC","Seychelles",2011,4.220512518
"SC","Seychelles",2012,2.256249872
"SC","Seychelles",2013,3.128621498
"SL","Sierra Leone",2006,11.85903954
"SL","Sierra Leone",2007,14.63041034
"SL","Sierra Leone",2008,15.29142076
"SL","Sierra Leone",2009,16.04719835
"SL","Sierra Leone",2010,20.41928536
"SL","Sierra Leone",2011,16.5500729
"SL","Sierra Leone",2012,16.21955619
"SL","Sierra Leone",2013,22.01303175
"SB","Solomon Islands",2006,5.184630617
"SB","Solomon Islands",2007,4.947719195
"SB","Solomon Islands",2008,7.475588988
"SB","Solomon Islands",2009,8.937274572
"SB","Solomon Islands",2010,7.297463404
"SB","Solomon Islands",2011,11.60415733
"SB","Solomon Islands",2012,6.612206538
"SB","Solomon Islands",2013,12.34173132
"SO","Somalia",2006,6.878891428
"SO","Somalia",2007,8.42571288
"SO","Somalia",2008,3.839773587
"SO","Somalia",2009,5.494273146
"SO","Somalia",2010,9.582569287
"SO","Somalia",2011,5.28354099
"SO","Somalia",2012,10.81109691
"SO","Somalia",2013,12.39315615
"south-central-asia","South & Central Asia, regional",2006,5.621854581
"south-central-asia","South & Central Asia, regional",2007,7.55409658
"south-central-asia","South & Central Asia, regional",2008,8.157075534
"south-central-asia","South & Central Asia, regional",2009,40.35513866
"south-central-asia","South & Central Asia, regional",2010,47.62213098
"south-central-asia","South & Central Asia, regional",2011,30.64987254
"south-central-asia","South & Central Asia, regional",2012,17.49780514
"south-central-asia","South & Central Asia, regional",2013,52.73379749
"ZA","South Africa",2006,24.86346983
"ZA","South Africa",2007,34.18228335
"ZA","South Africa",2008,44.1055681
"ZA","South Africa",2009,56.50232087
"ZA","South Africa",2010,56.07768034
"ZA","South Africa",2011,57.45498452
"ZA","South Africa",2012,53.85392041
"ZA","South Africa",2013,46.62164569
"south-america","South America, regional",2006,3.163422639
"south-america","South America, regional",2007,6.494071418
"south-america","South America, regional",2008,7.548107032
"south-america","South America, regional",2009,4.694788753
"south-america","South America, regional",2010,6.133828829
"south-america","South America, regional",2011,3.404628408
"south-america","South America, regional",2012,3.388126927
"south-america","South America, regional",2013,3.730293957
"south-asia","South Asia, regional",2006,0.599507851
"south-asia","South Asia, regional",2007,2.821212453
"south-asia","South Asia, regional",2008,3.407480907
"south-asia","South Asia, regional",2009,2.448410674
"south-asia","South Asia, regional",2010,3.047659449
"south-asia","South Asia, regional",2011,1.02978394
"south-asia","South Asia, regional",2012,1.390303206
"south-asia","South Asia, regional",2013,10.26502722
"south-of-sahara","South of Sahara, regional",2006,17.64377755
"south-of-sahara","South of Sahara, regional",2007,15.82186856
"south-of-sahara","South of Sahara, regional",2008,13.17415587
"south-of-sahara","South of Sahara, regional",2009,19.54007471
"south-of-sahara","South of Sahara, regional",2010,12.11281517
"south-of-sahara","South of Sahara, regional",2011,18.6273749
"south-of-sahara","South of Sahara, regional",2012,13.55838974
"south-of-sahara","South of Sahara, regional",2013,17.08611942
"SS","South Sudan",2011,9.090690226
"SS","South Sudan",2012,12.9610163
"SS","South Sudan",2013,13.79626027
"LK","Sri Lanka",2006,4.835877013
"LK","Sri Lanka",2007,3.528500527
"LK","Sri Lanka",2008,3.551442445
"LK","Sri Lanka",2009,4.331749523
"LK","Sri Lanka",2010,5.802460508
"LK","Sri Lanka",2011,3.558366337
"LK","Sri Lanka",2012,3.704474368
"LK","Sri Lanka",2013,3.897146257
"ex-yugoslavia","States Ex-Yugoslavia unspecified",2006,12.46198991
"ex-yugoslavia","States Ex-Yugoslavia unspecified",2007,4.999337686
"ex-yugoslavia","States Ex-Yugoslavia unspecified",2008,2.313804483
"ex-yugoslavia","States Ex-Yugoslavia unspecified",2009,0.763710139
"ex-yugoslavia","States Ex-Yugoslavia unspecified",2010,0
"ex-yugoslavia","States Ex-Yugoslavia unspecified",2011,6.340739597
"ex-yugoslavia","States Ex-Yugoslavia unspecified",2012,0.827652963
"ex-yugoslavia","States Ex-Yugoslavia unspecified",2013,3.522025663
"SD","Sudan",2006,4.732077879
"SD","Sudan",2007,4.995001183
"SD","Sudan",2008,6.483404718
"SD","Sudan",2009,5.452618069
"SD","Sudan",2010,10.72544796
"SD","Sudan",2011,11.08429347
"SD","Sudan",2012,15.06599953
"SD","Sudan",2013,13.8899045
"SR","Suriname",2006,8.01431384
"SR","Suriname",2007,4.009613114
"SR","Suriname",2008,7.149429732
"SR","Suriname",2009,10.88119141
"SR","Suriname",2010,11.61098536
"SR","Suriname",2011,13.43667842
"SR","Suriname",2012,9.02086551
"SR","Suriname",2013,15.93830081
"SZ","Swaziland",2006,32.00171956
"SZ","Swaziland",2007,40.65469804
"SZ","Swaziland",2008,45.01815492
"SZ","Swaziland",2009,55.65512903
"SZ","Swaziland",2010,64.31777894
"SZ","Swaziland",2011,55.90227536
"SZ","Swaziland",2012,54.70983154
"SZ","Swaziland",2013,55.04062697
"SY","Syria",2006,5.706062995
"SY","Syria",2007,7.462940262
"SY","Syria",2008,11.45365348
"SY","Syria",2009,10.54051717
"SY","Syria",2010,11.88940136
"SY","Syria",2011,6.765637151
"SY","Syria",2012,2.558559912
"SY","Syria",2013,0.714655424
"TJ","Tajikistan",2006,10.80363593
"TJ","Tajikistan",2007,16.41525078
"TJ","Tajikistan",2008,16.71443267
"TJ","Tajikistan",2009,10.70561872
"TJ","Tajikistan",2010,13.20843255
"TJ","Tajikistan",2011,11.9903816
"TJ","Tajikistan",2012,12.91955345
"TJ","Tajikistan",2013,14.32658208
"TZ","Tanzania",2006,19.3038354
"TZ","Tanzania",2007,21.24957874
"TZ","Tanzania",2008,27.05886068
"TZ","Tanzania",2009,19.60905998
"TZ","Tanzania",2010,25.11657526
"TZ","Tanzania",2011,28.93868109
"TZ","Tanzania",2012,26.65980266
"TZ","Tanzania",2013,27.48769171
"TH","Thailand",2006,13.45539528
"TH","Thailand",2007,17.02256356
"TH","Thailand",2008,20.43674476
"TH","Thailand",2009,18.17484466
"TH","Thailand",2010,15.98520479
"TH","Thailand",2011,18.12231296
"TH","Thailand",2012,9.938053343
"TH","Thailand",2013,8.258155751
"TL","Timor-Leste",2006,9.081383249
"TL","Timor-Leste",2007,6.828381595
"TL","Timor-Leste",2008,10.04282046
"TL","Timor-Leste",2009,11.02082296
"TL","Timor-Leste",2010,10.72089623
"TL","Timor-Leste",2011,10.53304884
"TL","Timor-Leste",2012,12.68180683
"TL","Timor-Leste",2013,9.992504204
"TG","Togo",2006,23.43941455
"TG","Togo",2007,25.68064444
"TG","Togo",2008,9.673939308
"TG","Togo",2009,15.47170856
"TG","Togo",2010,16.47877869
"TG","Togo",2011,18.69639304
"TG","Togo",2012,12.54970236
"TG","Togo",2013,25.91853981
"TK","Tokelau",2006,0
"TK","Tokelau",2007,0
"TK","Tokelau",2008,0
"TK","Tokelau",2009,1.997988796
"TK","Tokelau",2010,0
"TK","Tokelau",2011,0.222680679
"TK","Tokelau",2012,0.149104773
"TK","Tokelau",2013,0.268017873
"TO","Tonga",2006,16.71565928
"TO","Tonga",2007,11.76751504
"TO","Tonga",2008,6.502350816
"TO","Tonga",2009,7.146696594
"TO","Tonga",2010,7.723006705
"TO","Tonga",2011,18.37026435
"TO","Tonga",2012,10.67011357
"TO","Tonga",2013,4.98780155
"TT","Trinidad & Tobago",2006,5.42384759
"TT","Trinidad & Tobago",2007,18.19221065
"TT","Trinidad & Tobago",2008,40.20601722
"TT","Trinidad & Tobago",2009,16.17939263
"TT","Trinidad & Tobago",2010,11.54792785
"TN","Tunisia",2006,5.09600967
"TN","Tunisia",2007,1.610931732
"TN","Tunisia",2008,6.678811759
"TN","Tunisia",2009,0.972603276
"TN","Tunisia",2010,1.394173885
"TN","Tunisia",2011,0.816758734
"TN","Tunisia",2012,0.512872724
"TN","Tunisia",2013,0.834729027
"TR","Turkey",2006,3.693008088
"TR","Turkey",2007,2.383268905
"TR","Turkey",2008,0.429138611
"TR","Turkey",2009,0.158332261
"TR","Turkey",2010,0.32433577
"TR","Turkey",2011,0.25086172
"TR","Turkey",2012,0.114168315
"TR","Turkey",2013,0.138264088
"TM","Turkmenistan",2006,23.64815522
"TM","Turkmenistan",2007,20.46055991
"TM","Turkmenistan",2008,10.67101568
"TM","Turkmenistan",2009,17.40063633
"TM","Turkmenistan",2010,26.57713208
"TM","Turkmenistan",2011,27.35282884
"TM","Turkmenistan",2012,14.54949395
"TM","Turkmenistan",2013,32.54265875
"TC","Turks & Caicos Islands",2006,0
"TC","Turks & Caicos Islands",2007,0
"TV","Tuvalu",2006,0.932572737
"TV","Tuvalu",2007,0.369112152
"TV","Tuvalu",2008,0.899991684
"TV","Tuvalu",2009,3.31893891
"TV","Tuvalu",2010,3.529293446
"TV","Tuvalu",2011,0.824317609
"TV","Tuvalu",2012,1.967699701
"TV","Tuvalu",2013,1.962956703
"UG","Uganda",2006,20.87348017
"UG","Uganda",2007,24.10247458
"UG","Uganda",2008,22.14496722
"UG","Uganda",2009,24.48777972
"UG","Uganda",2010,26.72023239
"UG","Uganda",2011,29.84414835
"UG","Uganda",2012,38.62335772
"UG","Uganda",2013,32.53234984
"UA","Ukraine",2006,13.78770597
"UA","Ukraine",2007,16.09582111
"UA","Ukraine",2008,13.60499824
"UA","Ukraine",2009,10.66804546
"UA","Ukraine",2010,10.14319785
"UA","Ukraine",2011,11.81126484
"UA","Ukraine",2012,13.81753749
"UA","Ukraine",2013,13.1889295
"UY","Uruguay",2006,5.712525022
"UY","Uruguay",2007,8.814571927
"UY","Uruguay",2008,4.154448809
"UY","Uruguay",2009,3.242986687
"UY","Uruguay",2010,11.92123045
"UY","Uruguay",2011,4.77879913
"UY","Uruguay",2012,18.25603618
"UY","Uruguay",2013,7.881010839
"UZ","Uzbekistan",2006,16.57362855
"UZ","Uzbekistan",2007,28.04870803
"UZ","Uzbekistan",2008,19.50581068
"UZ","Uzbekistan",2009,23.67809719
"UZ","Uzbekistan",2010,18.6149906
"UZ","Uzbekistan",2011,18.80497635
"UZ","Uzbekistan",2012,24.68933557
"UZ","Uzbekistan",2013,12.2207534
"VU","Vanuatu",2006,6.233836717
"VU","Vanuatu",2007,5.585692168
"VU","Vanuatu",2008,6.099680388
"VU","Vanuatu",2009,7.83734978
"VU","Vanuatu",2010,5.472867531
"VU","Vanuatu",2011,9.478305462
"VU","Vanuatu",2012,10.41041514
"VU","Vanuatu",2013,24.4727798
"VE","Venezuela",2006,4.356043351
"VE","Venezuela",2007,6.366541757
"VE","Venezuela",2008,6.051917467
"VE","Venezuela",2009,9.496238453
"VE","Venezuela",2010,12.61558883
"VE","Venezuela",2011,7.336264484
"VE","Venezuela",2012,7.164706808
"VE","Venezuela",2013,7.915131099
"VN","Viet Nam",2006,8.327636224
"VN","Viet Nam",2007,5.654028094
"VN","Viet Nam",2008,7.804825781
"VN","Viet Nam",2009,6.198819377
"VN","Viet Nam",2010,8.287472987
"VN","Viet Nam",2011,7.921515203
"VN","Viet Nam",2012,6.205228561
"VN","Viet Nam",2013,6.509359792
"WF","Wallis & Futuna",2006,67.29665791
"WF","Wallis & Futuna",2007,2.892080723
"WF","Wallis & Futuna",2008,0.651375347
"WF","Wallis & Futuna",2009,0.159984104
"WF","Wallis & Futuna",2010,0.196453959
"WF","Wallis & Futuna",2011,0.166334144
"WF","Wallis & Futuna",2012,0.233324529
"WF","Wallis & Futuna",2013,0.271483273
"west-indies","West Indies, regional",2006,28.12581156
"west-indies","West Indies, regional",2007,16.69133498
"west-indies","West Indies, regional",2008,23.37969377
"west-indies","West Indies, regional",2009,34.70371759
"west-indies","West Indies, regional",2010,16.12180076
"west-indies","West Indies, regional",2011,20.78259925
"west-indies","West Indies, regional",2012,13.24776064
"west-indies","West Indies, regional",2013,18.10179626
"YE","Yemen",2006,13.598846
"YE","Yemen",2007,15.23306863
"YE","Yemen",2008,14.80419279
"YE","Yemen",2009,9.00957315
"YE","Yemen",2010,8.580948296
"YE","Yemen",2011,12.30055546
"YE","Yemen",2012,11.78925918
"YE","Yemen",2013,12.49562065
"ZM","Zambia",2006,26.51064167
"ZM","Zambia",2007,32.03137996
"ZM","Zambia",2008,35.75727043
"ZM","Zambia",2009,27.02659375
"ZM","Zambia",2010,31.43016166
"ZM","Zambia",2011,41.5154973
"ZM","Zambia",2012,44.93424897
"ZM","Zambia",2013,49.67696111
"ZW","Zimbabwe",2006,38.11359781
"ZW","Zimbabwe",2007,34.30347557
"ZW","Zimbabwe",2008,19.12120528
"ZW","Zimbabwe",2009,21.36480035
"ZW","Zimbabwe",2010,31.30570548
"ZW","Zimbabwe",2011,26.08302344
"ZW","Zimbabwe",2012,43.29441401
"ZW","Zimbabwe",2013,39.28561895
