"series","country-year"
"id","university-college-enrolment"
"type","simple"
"parent",
"name","School enrolment, tertiary (% gross)"
"columns","id, year, value, original-value"
"description","School enrolment, tertiary (% gross)"
"default-scale","lin"
"themes","education"
"map-theme",
"theme-order",
"global-picture-color-ramp",
"uom","percent"
"uom_display","%"
"source","World Bank World Development Indicators"
"calculation",
"format",
"highorlow","highisbetter"
"range",
"interpolated","1"
"missing-donor","NA"
"missing-recipient","NA"
"laymans-decription",
"laymans-heading",
"source-link",
