"id","entity-name","year","value"
"d314","Abim",2014,63
"d301","Adjumani",2014,59
"d322","Agago",2014,56
"d323","Alebtong",2014,46
"d315","Amolatar",2014,49
"d324","Amudat",2014,55
"d216","Amuria",2014,51
"d316","Amuru",2014,51
"d302","Apac",2014,55
"d303","Arua",2014,56
"d217","Budaka",2014,53
"d218","Bududa",2014,43
"d201","Bugiri",2014,42
"d420","Buhweju",2014,61
"d117","Buikwe",2014,55
"d219","Bukedea",2014,57
"d118","Bukomansimbi",2014,52
"d220","Bukwo",2014,38
"d225","Bulambuli",2014,38
"d416","Buliisa",2014,53
"d401","Bundibugyo",2014,59
"d402","Bushenyi",2014,70
"d202","Busia",2014,61
"d221","Butaleja",2014,52
"d119","Butambala",2014,50
"d120","Buvuma",2014,49
"d226","Buyende",2014,40
"d317","Dokolo",2014,52
"d121","Gomba",2014,48
"d304","Gulu",2014,61
"d403","Hoima",2014,54
"d417","Ibanda",2014,61
"d203","Iganga",2014,45
"d418","Isingiro",2014,59
"d204","Jinja",2014,57
"d318","Kaabong",2014,61
"d404","Kabale",2014,59
"d405","Kabarole",2014,78
"d213","Kaberamaido",2014,56
"d101","Kalangala",2014,67
"d222","Kaliro",2014,39
"d122","Kalungu",2014,54
"d102","Kampala",2014,75
"d205","Kamuli",2014,48
"d413","Kamwenge",2014,59
"d414","Kanungu",2014,63
"d206","Kapchorwa",2014,45
"d406","Kasese",2014,58
"d207","Katakwi",2014,52
"d112","Kayunga",2014,45
"d407","Kibaale",2014,52
"d103","Kiboga",2014,48
"d227","Kibuku",2014,55
"d419","Kiruhura",2014,68
"d421","Kiryandongo",2014,62
"d408","Kisoro",2014,55
"d305","Kitgum",2014,51
"d319","Koboko",2014,60
"d325","Kole",2014,54
"d306","Kotido",2014,62
"d208","Kumi",2014,54
"d228","Kween",2014,34
"d123","Kyankwanzi",2014,46
"d422","Kyegegwa",2014,61
"d415","Kyenjojo",2014,62
"d326","Lamwo",2014,53
"d307","Lira",2014,61
"d229","Luuka",2014,39
"d104","Luwero",2014,56
"d124","Lwengo",2014,54
"d114","Lyantonde",2014,66
"d223","Manafwa",2014,46
"d320","Maracha",2014,57
"d105","Masaka",2014,64
"d409","Masindi",2014,68
"d214","Mayuge",2014,46
"d209","Mbale",2014,54
"d410","Mbarara",2014,75
"d423","Mitooma",2014,69
"d115","Mityana",2014,52
"d308","Moroto",2014,62
"d309","Moyo",2014,64
"d106","Mpigi",2014,58
"d107","Mubende",2014,51
"d108","Mukono",2014,62
"d311","Nakapiripirit",2014,60
"d116","Nakaseke",2014,53
"d109","Nakasongola",2014,51
"d230","Namayingo",2014,49
"d224","Namutumba",2014,42
"d327","Napak",2014,61
"d310","Nebbi",2014,55
"d231","Ngora",2014,52
"d424","Ntoroko",2014,65
"d411","Ntungamo",2014,67
"d328","Nwoya",2014,49
"d329","Otuke",2014,54
"d321","Oyam",2014,56
"d312","Pader",2014,51
"d210","Pallisa",2014,46
"d110","Rakai",2014,55
"d425","Rubirizi",2014,69
"d412","Rukungiri",2014,68
"d232","Serere",2014,46
"d426","Sheema",2014,71
"d215","Sironko",2014,47
"d211","Soroti",2014,51
"d111","Ssembabule",2014,55
"d212","Tororo",2014,49
"d113","Wakiso",2014,69
"d313","Yumbe",2014,51
"d330","Zombo",2014,53
