"id","entity-name","year","value"
"d314","Abim",2010,60
"d314","Abim",2011,65
"d314","Abim",2012,
"d314","Abim",2013,63
"d301","Adjumani",2010,49
"d301","Adjumani",2011,60
"d301","Adjumani",2012,
"d301","Adjumani",2013,59
"d322","Agago",2010,53
"d322","Agago",2011,63
"d322","Agago",2012,
"d322","Agago",2013,56
"d323","Alebtong",2010,55
"d323","Alebtong",2011,56
"d323","Alebtong",2012,
"d323","Alebtong",2013,46
"d315","Amolatar",2010,44
"d315","Amolatar",2011,54
"d315","Amolatar",2012,
"d315","Amolatar",2013,49
"d324","Amudat",2010,59
"d324","Amudat",2011,60
"d324","Amudat",2012,
"d324","Amudat",2013,55
"d216","Amuria",2010,57
"d216","Amuria",2011,61
"d216","Amuria",2012,
"d216","Amuria",2013,51
"d316","Amuru",2010,46
"d316","Amuru",2011,57
"d316","Amuru",2012,
"d316","Amuru",2013,51
"d302","Apac",2010,50
"d302","Apac",2011,61
"d302","Apac",2012,
"d302","Apac",2013,55
"d303","Arua",2010,57
"d303","Arua",2011,61
"d303","Arua",2012,
"d303","Arua",2013,56
"d217","Budaka",2010,53
"d217","Budaka",2011,59
"d217","Budaka",2012,
"d217","Budaka",2013,53
"d218","Bududa",2010,44
"d218","Bududa",2011,56
"d218","Bududa",2012,
"d218","Bududa",2013,43
"d201","Bugiri",2010,49
"d201","Bugiri",2011,55
"d201","Bugiri",2012,
"d201","Bugiri",2013,42
"d420","Buhweju",2010,69
"d420","Buhweju",2011,65
"d420","Buhweju",2012,
"d420","Buhweju",2013,61
"d117","Buikwe",2010,55
"d117","Buikwe",2011,64
"d117","Buikwe",2012,
"d117","Buikwe",2013,55
"d219","Bukedea",2010,49
"d219","Bukedea",2011,55
"d219","Bukedea",2012,
"d219","Bukedea",2013,57
"d118","Bukomansimbi",2010,56
"d118","Bukomansimbi",2011,56
"d118","Bukomansimbi",2012,
"d118","Bukomansimbi",2013,52
"d220","Bukwo",2010,41
"d220","Bukwo",2011,55
"d220","Bukwo",2012,
"d220","Bukwo",2013,38
"d225","Bulambuli",2010,44
"d225","Bulambuli",2011,52
"d225","Bulambuli",2012,
"d225","Bulambuli",2013,38
"d416","Buliisa",2010,56
"d416","Buliisa",2011,61
"d416","Buliisa",2012,
"d416","Buliisa",2013,53
"d401","Bundibugyo",2010,49
"d401","Bundibugyo",2011,60
"d401","Bundibugyo",2012,
"d401","Bundibugyo",2013,59
"d402","Bushenyi",2010,69
"d402","Bushenyi",2011,73
"d402","Bushenyi",2012,
"d402","Bushenyi",2013,70
"d202","Busia",2010,64
"d202","Busia",2011,66
"d202","Busia",2012,
"d202","Busia",2013,61
"d221","Butaleja",2010,48
"d221","Butaleja",2011,53
"d221","Butaleja",2012,
"d221","Butaleja",2013,52
"d119","Butambala",2010,49
"d119","Butambala",2011,53
"d119","Butambala",2012,
"d119","Butambala",2013,50
"d120","Buvuma",2010,61
"d120","Buvuma",2011,56
"d120","Buvuma",2012,
"d120","Buvuma",2013,49
"d226","Buyende",2010,41
"d226","Buyende",2011,51
"d226","Buyende",2012,
"d226","Buyende",2013,40
"d317","Dokolo",2010,50
"d317","Dokolo",2011,57
"d317","Dokolo",2012,
"d317","Dokolo",2013,52
"d121","Gomba",2010,49
"d121","Gomba",2011,56
"d121","Gomba",2012,
"d121","Gomba",2013,48
"d304","Gulu",2010,56
"d304","Gulu",2011,64
"d304","Gulu",2012,
"d304","Gulu",2013,61
"d403","Hoima",2010,54
"d403","Hoima",2011,62
"d403","Hoima",2012,
"d403","Hoima",2013,54
"d417","Ibanda",2010,63
"d417","Ibanda",2011,67
"d417","Ibanda",2012,
"d417","Ibanda",2013,61
"d203","Iganga",2010,43
"d203","Iganga",2011,60
"d203","Iganga",2012,
"d203","Iganga",2013,45
"d418","Isingiro",2010,59
"d418","Isingiro",2011,65
"d418","Isingiro",2012,
"d418","Isingiro",2013,59
"d204","Jinja",2010,57
"d204","Jinja",2011,65
"d204","Jinja",2012,
"d204","Jinja",2013,57
"d318","Kaabong",2010,55
"d318","Kaabong",2011,57
"d318","Kaabong",2012,
"d318","Kaabong",2013,61
"d404","Kabale",2010,58
"d404","Kabale",2011,61
"d404","Kabale",2012,
"d404","Kabale",2013,59
"d405","Kabarole",2010,69
"d405","Kabarole",2011,72
"d405","Kabarole",2012,
"d405","Kabarole",2013,78
"d213","Kaberamaido",2010,74
"d213","Kaberamaido",2011,59
"d213","Kaberamaido",2012,
"d213","Kaberamaido",2013,56
"d101","Kalangala",2010,56
"d101","Kalangala",2011,65
"d101","Kalangala",2012,
"d101","Kalangala",2013,67
"d222","Kaliro",2010,43
"d222","Kaliro",2011,55
"d222","Kaliro",2012,
"d222","Kaliro",2013,39
"d122","Kalungu",2010,56
"d122","Kalungu",2011,61
"d122","Kalungu",2012,
"d122","Kalungu",2013,54
"d102","Kampala",2010,75
"d102","Kampala",2011,78
"d102","Kampala",2012,
"d102","Kampala",2013,75
"d205","Kamuli",2010,47
"d205","Kamuli",2011,55
"d205","Kamuli",2012,
"d205","Kamuli",2013,48
"d413","Kamwenge",2010,58
"d413","Kamwenge",2011,64
"d413","Kamwenge",2012,
"d413","Kamwenge",2013,59
"d414","Kanungu",2010,68
"d414","Kanungu",2011,69
"d414","Kanungu",2012,
"d414","Kanungu",2013,63
"d206","Kapchorwa",2010,42
"d206","Kapchorwa",2011,56
"d206","Kapchorwa",2012,
"d206","Kapchorwa",2013,45
"d406","Kasese",2010,57
"d406","Kasese",2011,61
"d406","Kasese",2012,
"d406","Kasese",2013,58
"d207","Katakwi",2010,61
"d207","Katakwi",2011,62
"d207","Katakwi",2012,
"d207","Katakwi",2013,52
"d112","Kayunga",2010,51
"d112","Kayunga",2011,54
"d112","Kayunga",2012,
"d112","Kayunga",2013,45
"d407","Kibaale",2010,54
"d407","Kibaale",2011,58
"d407","Kibaale",2012,
"d407","Kibaale",2013,52
"d103","Kiboga",2010,45
"d103","Kiboga",2011,56
"d103","Kiboga",2012,
"d103","Kiboga",2013,48
"d227","Kibuku",2010,50
"d227","Kibuku",2011,57
"d227","Kibuku",2012,
"d227","Kibuku",2013,55
"d419","Kiruhura",2010,69
"d419","Kiruhura",2011,71
"d419","Kiruhura",2012,
"d419","Kiruhura",2013,68
"d421","Kiryandongo",2010,58
"d421","Kiryandongo",2011,65
"d421","Kiryandongo",2012,
"d421","Kiryandongo",2013,62
"d408","Kisoro",2010,58
"d408","Kisoro",2011,62
"d408","Kisoro",2012,
"d408","Kisoro",2013,55
"d305","Kitgum",2010,52
"d305","Kitgum",2011,62
"d305","Kitgum",2012,
"d305","Kitgum",2013,51
"d319","Koboko",2010,58
"d319","Koboko",2011,64
"d319","Koboko",2012,
"d319","Koboko",2013,60
"d325","Kole",2010,50
"d325","Kole",2011,58
"d325","Kole",2012,
"d325","Kole",2013,54
"d306","Kotido",2010,63
"d306","Kotido",2011,62
"d306","Kotido",2012,
"d306","Kotido",2013,62
"d208","Kumi",2010,59
"d208","Kumi",2011,62
"d208","Kumi",2012,
"d208","Kumi",2013,54
"d228","Kween",2010,42
"d228","Kween",2011,48
"d228","Kween",2012,
"d228","Kween",2013,34
"d123","Kyankwanzi",2010,45
"d123","Kyankwanzi",2011,55
"d123","Kyankwanzi",2012,
"d123","Kyankwanzi",2013,46
"d422","Kyegegwa",2010,56
"d422","Kyegegwa",2011,63
"d422","Kyegegwa",2012,
"d422","Kyegegwa",2013,61
"d415","Kyenjojo",2010,56
"d415","Kyenjojo",2011,58
"d415","Kyenjojo",2012,
"d415","Kyenjojo",2013,62
"d326","Lamwo",2010,49
"d326","Lamwo",2011,59
"d326","Lamwo",2012,
"d326","Lamwo",2013,53
"d307","Lira",2010,55
"d307","Lira",2011,69
"d307","Lira",2012,
"d307","Lira",2013,61
"d229","Luuka",2010,43
"d229","Luuka",2011,50
"d229","Luuka",2012,
"d229","Luuka",2013,39
"d104","Luwero",2010,58
"d104","Luwero",2011,63
"d104","Luwero",2012,
"d104","Luwero",2013,56
"d124","Lwengo",2010,56
"d124","Lwengo",2011,59
"d124","Lwengo",2012,
"d124","Lwengo",2013,54
"d114","Lyantonde",2010,63
"d114","Lyantonde",2011,67
"d114","Lyantonde",2012,
"d114","Lyantonde",2013,66
"d223","Manafwa",2010,42
"d223","Manafwa",2011,52
"d223","Manafwa",2012,
"d223","Manafwa",2013,46
"d320","Maracha",2010,57
"d320","Maracha",2011,60
"d320","Maracha",2012,
"d320","Maracha",2013,57
"d105","Masaka",2010,56
"d105","Masaka",2011,69
"d105","Masaka",2012,
"d105","Masaka",2013,64
"d409","Masindi",2010,58
"d409","Masindi",2011,70
"d409","Masindi",2012,
"d409","Masindi",2013,68
"d214","Mayuge",2010,48
"d214","Mayuge",2011,55
"d214","Mayuge",2012,
"d214","Mayuge",2013,46
"d209","Mbale",2010,56
"d209","Mbale",2011,65
"d209","Mbale",2012,
"d209","Mbale",2013,54
"d410","Mbarara",2010,74
"d410","Mbarara",2011,75
"d410","Mbarara",2012,
"d410","Mbarara",2013,75
"d423","Mitooma",2010,69
"d423","Mitooma",2011,70
"d423","Mitooma",2012,
"d423","Mitooma",2013,69
"d115","Mityana",2010,52
"d115","Mityana",2011,62
"d115","Mityana",2012,
"d115","Mityana",2013,52
"d308","Moroto",2010,65
"d308","Moroto",2011,64
"d308","Moroto",2012,
"d308","Moroto",2013,62
"d309","Moyo",2010,64
"d309","Moyo",2011,67
"d309","Moyo",2012,
"d309","Moyo",2013,64
"d106","Mpigi",2010,49
"d106","Mpigi",2011,62
"d106","Mpigi",2012,
"d106","Mpigi",2013,58
"d107","Mubende",2010,50
"d107","Mubende",2011,59
"d107","Mubende",2012,
"d107","Mubende",2013,51
"d108","Mukono",2010,61
"d108","Mukono",2011,69
"d108","Mukono",2012,
"d108","Mukono",2013,62
"d311","Nakapiripirit",2010,59
"d311","Nakapiripirit",2011,61
"d311","Nakapiripirit",2012,
"d311","Nakapiripirit",2013,60
"d116","Nakaseke",2010,51
"d116","Nakaseke",2011,60
"d116","Nakaseke",2012,
"d116","Nakaseke",2013,53
"d109","Nakasongola",2010,57
"d109","Nakasongola",2011,63
"d109","Nakasongola",2012,
"d109","Nakasongola",2013,51
"d230","Namayingo",2010,49
"d230","Namayingo",2011,57
"d230","Namayingo",2012,
"d230","Namayingo",2013,49
"d224","Namutumba",2010,43
"d224","Namutumba",2011,54
"d224","Namutumba",2012,
"d224","Namutumba",2013,42
"d327","Napak",2010,65
"d327","Napak",2011,64
"d327","Napak",2012,
"d327","Napak",2013,61
"d310","Nebbi",2010,52
"d310","Nebbi",2011,57
"d310","Nebbi",2012,
"d310","Nebbi",2013,55
"d231","Ngora",2010,59
"d231","Ngora",2011,60
"d231","Ngora",2012,
"d231","Ngora",2013,52
"d424","Ntoroko",2010,49
"d424","Ntoroko",2011,60
"d424","Ntoroko",2012,
"d424","Ntoroko",2013,65
"d411","Ntungamo",2010,65
"d411","Ntungamo",2011,69
"d411","Ntungamo",2012,
"d411","Ntungamo",2013,67
"d328","Nwoya",2010,46
"d328","Nwoya",2011,54
"d328","Nwoya",2012,
"d328","Nwoya",2013,49
"d329","Otuke",2010,55
"d329","Otuke",2011,58
"d329","Otuke",2012,
"d329","Otuke",2013,54
"d321","Oyam",2010,53
"d321","Oyam",2011,61
"d321","Oyam",2012,
"d321","Oyam",2013,56
"d312","Pader",2010,53
"d312","Pader",2011,59
"d312","Pader",2012,
"d312","Pader",2013,51
"d210","Pallisa",2010,50
"d210","Pallisa",2011,56
"d210","Pallisa",2012,
"d210","Pallisa",2013,46
"d110","Rakai",2010,48
"d110","Rakai",2011,61
"d110","Rakai",2012,
"d110","Rakai",2013,55
"d425","Rubirizi",2010,69
"d425","Rubirizi",2011,70
"d425","Rubirizi",2012,
"d425","Rubirizi",2013,69
"d412","Rukungiri",2010,70
"d412","Rukungiri",2011,70
"d412","Rukungiri",2012,
"d412","Rukungiri",2013,68
"d232","Serere",2010,53
"d232","Serere",2011,54
"d232","Serere",2012,
"d232","Serere",2013,46
"d426","Sheema",2010,69
"d426","Sheema",2011,72
"d426","Sheema",2012,
"d426","Sheema",2013,71
"d215","Sironko",2010,44
"d215","Sironko",2011,56
"d215","Sironko",2012,
"d215","Sironko",2013,47
"d211","Soroti",2010,53
"d211","Soroti",2011,62
"d211","Soroti",2012,
"d211","Soroti",2013,51
"d111","Ssembabule",2010,52
"d111","Ssembabule",2011,60
"d111","Ssembabule",2012,
"d111","Ssembabule",2013,55
"d212","Tororo",2010,48
"d212","Tororo",2011,55
"d212","Tororo",2012,
"d212","Tororo",2013,49
"d113","Wakiso",2010,68
"d113","Wakiso",2011,73
"d113","Wakiso",2012,
"d113","Wakiso",2013,69
"d313","Yumbe",2010,50
"d313","Yumbe",2011,57
"d313","Yumbe",2012,
"d313","Yumbe",2013,51
"d330","Zombo",2010,52
"d330","Zombo",2011,59
"d330","Zombo",2012,
"d330","Zombo",2013,53
