"di_id","entity_name","year","value"
"AU","Australia",1970,348210000
"AU","Australia",1971,1257280000
"AU","Australia",1972,221990000
"AU","Australia",1973,-282910000
"AU","Australia",1974,-141280000
"AU","Australia",1975,7570000
"AU","Australia",1976,90710000
"AU","Australia",1977,262200000
"AU","Australia",1978,34030000
"AU","Australia",1979,239630000
"AU","Australia",1980,67360000
"AU","Australia",1981,-112670000
"AU","Australia",1982,282960000
"AU","Australia",1983,-123760000
"AU","Australia",1984,579870000
"AU","Australia",1985,394060000
"AU","Australia",1986,187090000
"AU","Australia",1987,198280000
"AU","Australia",1988,159940000
"AU","Australia",1989,301460000
"AU","Australia",1990,99390000
"AU","Australia",1991,62080000
"AU","Australia",1992,516800000
"AU","Australia",1993,317260000
"AU","Australia",1994,303880000
"AU","Australia",1995,330660000
"AU","Australia",1996,350260000
"AU","Australia",1997,161260000
"AU","Australia",1998,102910000
"AU","Australia",1999,1171690000
"AU","Australia",2000,1007620000
"AU","Australia",2001,-58050000
"AU","Australia",2002,-69720000
"AU","Australia",2003,-13190000
"AU","Australia",2004,-109090000
"AU","Australia",2005,52590000
"AU","Australia",2006,392410000
"AU","Australia",2007,190480000
"AU","Australia",2008,-248630000
"AU","Australia",2009,396600000
"AU","Australia",2010,229630000
"AU","Australia",2011,192020000
"AU","Australia",2012,389510000
"AU","Australia",2013,3791300000
"AU","Australia",2014,120660000
"AU","Australia",2015,495240000
"AU","Australia",2016,377900000
"AT","Austria",1968,57480000
"AT","Austria",1969,396460000
"AT","Austria",1970,460380000
"AT","Austria",1971,168690000
"AT","Austria",1972,104400000
"AT","Austria",1973,234920000
"AT","Austria",1974,348430000
"AT","Austria",1975,357130000
"AT","Austria",1976,1161240000
"AT","Austria",1977,1250370000
"AT","Austria",1978,875170000
"AT","Austria",1979,235660000
"AT","Austria",1980,33630000
"AT","Austria",1981,109080000
"AT","Austria",1982,-409680000
"AT","Austria",1983,-196360000
"AT","Austria",1984,-443250000
"AT","Austria",1985,-351820000
"AT","Austria",1986,-216020000
"AT","Austria",1987,21260000
"AT","Austria",1988,-102560000
"AT","Austria",1989,-308770000
"AT","Austria",1990,100510000
"AT","Austria",1991,203940000
"AT","Austria",1992,347510000
"AT","Austria",1993,309030000
"AT","Austria",1994,521520000
"AT","Austria",1995,313100000
"AT","Austria",1996,1076530000
"AT","Austria",1997,1145200000
"AT","Austria",1998,313760000
"AT","Austria",1999,888020000
"AT","Austria",2000,336210000
"AT","Austria",2001,-209030000
"AT","Austria",2002,390920000
"AT","Austria",2003,128450000
"AT","Austria",2004,-375320000
"AT","Austria",2005,445710000
"AT","Austria",2006,-15820000
"AT","Austria",2007,2659170000
"AT","Austria",2008,1685320000
"AT","Austria",2009,-540100000
"AT","Austria",2010,-659850000
"AT","Austria",2011,-408590000
"AT","Austria",2012,-387950000
"AT","Austria",2013,169760000
"AT","Austria",2014,107240000
"AT","Austria",2015,-1090000
"AT","Austria",2016,70050000
"BE","Belgium",1968,911250000
"BE","Belgium",1969,671720000
"BE","Belgium",1970,755800000
"BE","Belgium",1971,470140000
"BE","Belgium",1972,449940000
"BE","Belgium",1973,676010000
"BE","Belgium",1974,833390000
"BE","Belgium",1975,1190230000
"BE","Belgium",1976,1881570000
"BE","Belgium",1977,1566690000
"BE","Belgium",1978,2071710000
"BE","Belgium",1979,910530000
"BE","Belgium",1980,1490840000
"BE","Belgium",1981,1806040000
"BE","Belgium",1982,258750000
"BE","Belgium",1983,932230000
"BE","Belgium",1984,291070000
"BE","Belgium",1985,437420000
"BE","Belgium",1986,-964290000
"BE","Belgium",1987,153220000
"BE","Belgium",1988,204140000
"BE","Belgium",1989,871330000
"BE","Belgium",1990,67070000
"BE","Belgium",1991,214190000
"BE","Belgium",1992,592500000
"BE","Belgium",1993,514750000
"BE","Belgium",1994,351020000
"BE","Belgium",1995,-116100000
"BE","Belgium",1996,-38500000
"BE","Belgium",1997,-443990000
"BE","Belgium",1998,-503900000
"BE","Belgium",1999,-309400000
"BE","Belgium",2000,687960000
"BE","Belgium",2001,235570000
"BE","Belgium",2002,-537880000
"BE","Belgium",2003,-965280000
"BE","Belgium",2004,-710610000
"BE","Belgium",2005,-520250000
"BE","Belgium",2006,-463010000
"BE","Belgium",2007,33610000
"BE","Belgium",2008,52770000
"BE","Belgium",2009,205740000
"BE","Belgium",2010,-249140000
"BE","Belgium",2011,-5910000
"BE","Belgium",2012,348930000
"BE","Belgium",2013,737590000
"BE","Belgium",2014,122710000
"BE","Belgium",2015,188800000
"BE","Belgium",2016,485380000
"CA","Canada",1968,166540000
"CA","Canada",1969,156330000
"CA","Canada",1970,756740000
"CA","Canada",1971,664140000
"CA","Canada",1972,450300000
"CA","Canada",1973,221510000
"CA","Canada",1974,878730000
"CA","Canada",1975,499920000
"CA","Canada",1976,926320000
"CA","Canada",1977,1116630000
"CA","Canada",1978,1072360000
"CA","Canada",1979,1001880000
"CA","Canada",1980,1524600000
"CA","Canada",1981,702750000
"CA","Canada",1982,869930000
"CA","Canada",1983,457850000
"CA","Canada",1984,316280000
"CA","Canada",1985,-325590000
"CA","Canada",1986,-364880000
"CA","Canada",1987,578220000
"CA","Canada",1988,201710000
"CA","Canada",1989,481720000
"CA","Canada",1990,978880000
"CA","Canada",1991,708200000
"CA","Canada",1992,777360000
"CA","Canada",1993,731220000
"CA","Canada",1994,827790000
"CA","Canada",1995,331510000
"CA","Canada",1996,716320000
"CA","Canada",1997,1634780000
"CA","Canada",1998,3261100000
"CA","Canada",1999,1007830000
"CA","Canada",2000,-14360000
"CA","Canada",2001,-220300000
"CA","Canada",2002,-718640000
"CA","Canada",2003,-478460000
"CA","Canada",2004,-962280000
"CA","Canada",2005,276710000
"CA","Canada",2006,1303850000
"CA","Canada",2007,1288540000
"CA","Canada",2008,1693430000
"CA","Canada",2009,-4365820000
"CA","Canada",2010,-412630000
"CA","Canada",2011,-3260400000
"CA","Canada",2012,401950000
"CA","Canada",2013,814480000
"CA","Canada",2014,456200000
"CA","Canada",2015,540900000
"CA","Canada",2016,347870000
"CZ","Czech Republic",2014,57980000
"CZ","Czech Republic",2015,51960000
"CZ","Czech Republic",2016,-37100000
"DK","Denmark",1968,412900000
"DK","Denmark",1969,822980000
"DK","Denmark",1970,1.41e+08
"DK","Denmark",1971,354670000
"DK","Denmark",1972,41350000
"DK","Denmark",1973,234150000
"DK","Denmark",1974,30900000
"DK","Denmark",1975,119240000
"DK","Denmark",1976,806980000
"DK","Denmark",1977,585420000
"DK","Denmark",1978,508030000
"DK","Denmark",1979,520020000
"DK","Denmark",1980,493650000
"DK","Denmark",1981,1.173e+09
"DK","Denmark",1982,602090000
"DK","Denmark",1983,1814260000
"DK","Denmark",1984,192780000
"DK","Denmark",1985,103220000
"DK","Denmark",1986,-594520000
"DK","Denmark",1987,-207320000
"DK","Denmark",1988,-388520000
"DK","Denmark",1989,-311130000
"DK","Denmark",1990,-383640000
"DK","Denmark",1991,-199670000
"DK","Denmark",1992,187840000
"DK","Denmark",1993,-114730000
"DK","Denmark",1994,-127520000
"DK","Denmark",1995,97440000
"DK","Denmark",1996,-17160000
"DK","Denmark",1997,-10770000
"DK","Denmark",1998,6410000
"DK","Denmark",1999,97630000
"DK","Denmark",2000,-4190000
"DK","Denmark",2001,-6370000
"DK","Denmark",2002,-4880000
"DK","Denmark",2003,50310000
"DK","Denmark",2004,22450000
"DK","Denmark",2005,-8710000
"DK","Denmark",2006,-79730000
"DK","Denmark",2007,-107380000
"DK","Denmark",2008,-65500000
"DK","Denmark",2009,5510000
"DK","Denmark",2010,-29800000
"DK","Denmark",2011,7260000
"DK","Denmark",2012,4760000
"DK","Denmark",2013,6800000
"DK","Denmark",2014,550190000
"DK","Denmark",2015,375140000
"DK","Denmark",2016,279030000
"FI","Finland",1970,107800000
"FI","Finland",1971,94050000
"FI","Finland",1972,120130000
"FI","Finland",1973,48590000
"FI","Finland",1974,116100000
"FI","Finland",1975,139790000
"FI","Finland",1976,46800000
"FI","Finland",1977,65290000
"FI","Finland",1978,195220000
"FI","Finland",1979,105750000
"FI","Finland",1980,92490000
"FI","Finland",1981,102550000
"FI","Finland",1982,60490000
"FI","Finland",1983,41750000
"FI","Finland",1984,-90430000
"FI","Finland",1985,-14360000
"FI","Finland",1986,83050000
"FI","Finland",1987,146010000
"FI","Finland",1988,53290000
"FI","Finland",1990,58880000
"FI","Finland",1991,68570000
"FI","Finland",1992,252370000
"FI","Finland",1993,101900000
"FI","Finland",1994,266800000
"FI","Finland",1995,238300000
"FI","Finland",1996,359820000
"FI","Finland",1997,465810000
"FI","Finland",1998,130410000
"FI","Finland",1999,3.3e+08
"FI","Finland",2000,1065490000
"FI","Finland",2001,574840000
"FI","Finland",2002,76430000
"FI","Finland",2003,-356540000
"FI","Finland",2004,103780000
"FI","Finland",2007,93090000
"FI","Finland",2008,19850000
"FI","Finland",2009,123400000
"FI","Finland",2010,40860000
"FI","Finland",2011,961310000
"FI","Finland",2012,10270000
"FI","Finland",2013,-26940000
"FI","Finland",2014,9430000
"FI","Finland",2015,21130000
"FI","Finland",2016,48460000
"FR","France",1968,127370000
"FR","France",1969,2330440000
"FR","France",1970,2030020000
"FR","France",1971,1568340000
"FR","France",1972,1446740000
"FR","France",1973,1499900000
"FR","France",1974,1470090000
"FR","France",1975,2335680000
"FR","France",1976,5027450000
"FR","France",1977,5285420000
"FR","France",1978,5595090000
"FR","France",1979,3924510000
"FR","France",1980,5593710000
"FR","France",1981,7007140000
"FR","France",1982,8588980000
"FR","France",1983,8159990000
"FR","France",1984,8322520000
"FR","France",1985,7000370000
"FR","France",1986,2787830000
"FR","France",1987,989450000
"FR","France",1988,-1563110000
"FR","France",1989,-237210000
"FR","France",1990,146570000
"FR","France",1991,-1029800000
"FR","France",1992,-209480000
"FR","France",1993,-2111520000
"FR","France",1994,1403450000
"FR","France",1995,983330000
"FR","France",1996,921020000
"FR","France",1997,-1096500000
"FR","France",1998,-802310000
"FR","France",1999,-873600000
"FR","France",2000,21080000
"FR","France",2001,366300000
"FR","France",2002,-1147120000
"FR","France",2003,532700000
"FR","France",2004,-247250000
"FR","France",2005,-2333890000
"FR","France",2006,-2795760000
"FR","France",2007,-2653380000
"FR","France",2008,-793250000
"FR","France",2009,71310000
"FR","France",2010,6852220000
"FR","France",2011,-78910000
"FR","France",2012,-467520000
"FR","France",2013,570250000
"FR","France",2014,572960000
"FR","France",2015,393330000
"FR","France",2016,122380000
"DE","Germany",1966,640610000
"DE","Germany",1967,363050000
"DE","Germany",1968,307800000
"DE","Germany",1969,1979970000
"DE","Germany",1970,1749350000
"DE","Germany",1971,3247200000
"DE","Germany",1972,276260000
"DE","Germany",1973,-352540000
"DE","Germany",1974,2198420000
"DE","Germany",1975,3.225e+09
"DE","Germany",1976,2767690000
"DE","Germany",1977,657620000
"DE","Germany",1978,2409200000
"DE","Germany",1979,2098020000
"DE","Germany",1980,3985320000
"DE","Germany",1981,3759600000
"DE","Germany",1982,1773870000
"DE","Germany",1983,1382570000
"DE","Germany",1984,3971840000
"DE","Germany",1985,3158140000
"DE","Germany",1986,3233280000
"DE","Germany",1987,2769660000
"DE","Germany",1988,2757080000
"DE","Germany",1989,2806720000
"DE","Germany",1990,4849290000
"DE","Germany",1991,4733270000
"DE","Germany",1992,3012400000
"DE","Germany",1993,4647050000
"DE","Germany",1994,7780040000
"DE","Germany",1995,4406350000
"DE","Germany",1996,2354480000
"DE","Germany",1997,1620380000
"DE","Germany",1998,2420610000
"DE","Germany",1999,1424690000
"DE","Germany",2000,1505200000
"DE","Germany",2001,-166530000
"DE","Germany",2002,5606560000
"DE","Germany",2003,-3832520000
"DE","Germany",2004,-106040000
"DE","Germany",2005,7154120000
"DE","Germany",2006,-5822890000
"DE","Germany",2007,1113620000
"DE","Germany",2008,2810040000
"DE","Germany",2009,1346590000
"DE","Germany",2010,3470910000
"DE","Germany",2011,8780590000
"DE","Germany",2012,5705540000
"DE","Germany",2013,4676210000
"DE","Germany",2014,-6350000
"DE","Germany",2015,3223490000
"DE","Germany",2016,2992650000
"GR","Greece",1997,13640000
"GR","Greece",1998,11530000
"GR","Greece",1999,970000
"GR","Greece",2000,3750000
"GR","Greece",2004,3520000
"GR","Greece",2006,7600000
"GR","Greece",2007,2910000
"IT","Italy",1966,-144740000
"IT","Italy",1967,388870000
"IT","Italy",1968,2414440000
"IT","Italy",1969,3505850000
"IT","Italy",1970,2632390000
"IT","Italy",1971,3013560000
"IT","Italy",1972,857590000
"IT","Italy",1973,763550000
"IT","Italy",1974,406140000
"IT","Italy",1975,5477950000
"IT","Italy",1976,4827850000
"IT","Italy",1977,6853530000
"IT","Italy",1978,9768320000
"IT","Italy",1979,9739600000
"IT","Italy",1980,7066390000
"IT","Italy",1981,7541610000
"IT","Italy",1982,10078660000
"IT","Italy",1983,2204640000
"IT","Italy",1984,1289100000
"IT","Italy",1985,1570920000
"IT","Italy",1986,-880320000
"IT","Italy",1987,-2129680000
"IT","Italy",1988,965100000
"IT","Italy",1989,1873940000
"IT","Italy",1990,-916110000
"IT","Italy",1991,3541540000
"IT","Italy",1992,1649920000
"IT","Italy",1993,-1940600000
"IT","Italy",1994,418870000
"IT","Italy",1995,125230000
"IT","Italy",1996,216700000
"IT","Italy",1997,-76960000
"IT","Italy",1998,1663930000
"IT","Italy",1999,-691200000
"IT","Italy",2000,1171870000
"IT","Italy",2001,881530000
"IT","Italy",2002,2480290000
"IT","Italy",2003,1623860000
"IT","Italy",2004,2320270000
"IT","Italy",2005,339220000
"IT","Italy",2006,1662550000
"IT","Italy",2007,2.336e+09
"IT","Italy",2008,343460000
"IT","Italy",2009,332630000
"IT","Italy",2010,652050000
"IT","Italy",2011,854040000
"IT","Italy",2012,823280000
"IT","Italy",2013,1873180000
"IT","Italy",2014,575890000
"IT","Italy",2015,1463900000
"IT","Italy",2016,853120000
"JP","Japan",1968,4878820000
"JP","Japan",1969,5276700000
"JP","Japan",1970,6225290000
"JP","Japan",1971,5841690000
"JP","Japan",1972,4024480000
"JP","Japan",1973,5465850000
"JP","Japan",1974,658470000
"JP","Japan",1975,1608100000
"JP","Japan",1976,2754990000
"JP","Japan",1977,5914020000
"JP","Japan",1978,3768500000
"JP","Japan",1979,910650000
"JP","Japan",1980,1.975e+09
"JP","Japan",1981,4418790000
"JP","Japan",1982,-1824770000
"JP","Japan",1983,-3264970000
"JP","Japan",1984,-70220000
"JP","Japan",1985,-2357040000
"JP","Japan",1986,-768950000
"JP","Japan",1987,-633750000
"JP","Japan",1988,113860000
"JP","Japan",1989,2019520000
"JP","Japan",1990,3122750000
"JP","Japan",1991,2988990000
"JP","Japan",1992,1254310000
"JP","Japan",1993,4602260000
"JP","Japan",1994,2325510000
"JP","Japan",1995,5755280000
"JP","Japan",1996,710120000
"JP","Japan",1997,3738610000
"JP","Japan",1998,6437090000
"JP","Japan",1999,5518030000
"JP","Japan",2000,-5140880000
"JP","Japan",2001,-1281890000
"JP","Japan",2002,-2932600000
"JP","Japan",2003,1112720000
"JP","Japan",2004,-320080000
"JP","Japan",2005,-4728310000
"JP","Japan",2006,3122730000
"JP","Japan",2007,2495360000
"JP","Japan",2008,-7006210000
"JP","Japan",2009,4683900000
"JP","Japan",2010,4856240000
"JP","Japan",2011,3863450000
"JP","Japan",2012,1716940000
"JP","Japan",2013,4461320000
"JP","Japan",2014,-1628120000
"JP","Japan",2015,1827160000
"JP","Japan",2016,-404390000
"KW","Kuwait",1971,109430000
"KW","Kuwait",1972,-3220000
"KW","Kuwait",1973,167680000
"KW","Kuwait",1974,1662950000
"KW","Kuwait",1975,2922290000
"KW","Kuwait",1976,3375870000
"KW","Kuwait",1977,913110000
"KW","Kuwait",1978,813870000
"KW","Kuwait",1979,-170430000
"KW","Kuwait",1980,1188130000
"KW","Kuwait",1981,2226210000
"KW","Kuwait",1982,2013960000
"KW","Kuwait",1983,351690000
"KW","Kuwait",1984,79760000
"KW","Kuwait",1985,152250000
"KW","Kuwait",1986,109480000
"KW","Kuwait",1987,-135550000
"KW","Kuwait",1988,-197850000
"KW","Kuwait",1989,261300000
"KW","Kuwait",1990,156810000
"KW","Kuwait",1991,-30210000
"LU","Luxembourg",1987,5840000
"LU","Luxembourg",1989,6610000
"NL","Netherlands",1968,94930000
"NL","Netherlands",1969,253750000
"NL","Netherlands",1970,124490000
"NL","Netherlands",1971,53670000
"NL","Netherlands",1972,407170000
"NL","Netherlands",1973,261250000
"NL","Netherlands",1974,236040000
"NL","Netherlands",1975,182400000
"NL","Netherlands",1976,328260000
"NL","Netherlands",1977,237350000
"NL","Netherlands",1978,483740000
"NL","Netherlands",1979,358540000
"NL","Netherlands",1980,757870000
"NL","Netherlands",1981,498170000
"NL","Netherlands",1982,659740000
"NL","Netherlands",1983,579580000
"NL","Netherlands",1984,269380000
"NL","Netherlands",1985,231050000
"NL","Netherlands",1986,-94050000
"NL","Netherlands",1987,-986680000
"NL","Netherlands",1988,-922160000
"NL","Netherlands",1989,-1021390000
"NL","Netherlands",1990,763280000
"NL","Netherlands",1991,45950000
"NL","Netherlands",1992,-103060000
"NL","Netherlands",1993,154980000
"NL","Netherlands",1994,-59980000
"NL","Netherlands",1995,207110000
"NL","Netherlands",1996,-532930000
"NL","Netherlands",1997,-162680000
"NL","Netherlands",1998,451770000
"NL","Netherlands",1999,572560000
"NL","Netherlands",2000,-391890000
"NL","Netherlands",2001,343900000
"NL","Netherlands",2002,1530390000
"NL","Netherlands",2003,3850240000
"NL","Netherlands",2004,3974710000
"NL","Netherlands",2005,10875280000
"NL","Netherlands",2006,5911580000
"NL","Netherlands",2011,-342670000
"NL","Netherlands",2012,-125040000
"NL","Netherlands",2013,-586530000
"NL","Netherlands",2016,-2147520000
"NZ","New Zealand",1970,39490000
"NZ","New Zealand",1971,33570000
"NZ","New Zealand",1972,37750000
"NZ","New Zealand",1973,27100000
"NZ","New Zealand",1974,9320000
"NZ","New Zealand",1978,50080000
"NZ","New Zealand",1979,1880000
"NZ","New Zealand",1980,14920000
"NZ","New Zealand",1981,7490000
"NZ","New Zealand",1982,38830000
"NZ","New Zealand",1983,45930000
"NZ","New Zealand",1984,2190000
"NZ","New Zealand",1985,4780000
"NZ","New Zealand",1986,5880000
"NZ","New Zealand",1987,1470000
"NZ","New Zealand",1988,3430000
"NZ","New Zealand",2002,4550000
"NZ","New Zealand",2003,4760000
"NZ","New Zealand",2004,7180000
"NZ","New Zealand",2005,8840000
"NZ","New Zealand",2006,9850000
"NZ","New Zealand",2007,9240000
"NZ","New Zealand",2008,9540000
"NZ","New Zealand",2009,9570000
"NZ","New Zealand",2010,8880000
"NZ","New Zealand",2011,9120000
"NZ","New Zealand",2012,10430000
"NZ","New Zealand",2013,9820000
"NZ","New Zealand",2014,14040000
"NZ","New Zealand",2015,16100000
"NZ","New Zealand",2016,16080000
"NO","Norway",1968,3130000
"NO","Norway",1969,-25870000
"NO","Norway",1970,2200000
"NO","Norway",1971,81050000
"NO","Norway",1972,-6e+06
"NO","Norway",1973,-26960000
"NO","Norway",1974,37430000
"NO","Norway",1975,4020000
"NO","Norway",1976,553550000
"NO","Norway",1977,323240000
"NO","Norway",1978,554740000
"NO","Norway",1979,693140000
"NO","Norway",1980,627550000
"NO","Norway",1981,261200000
"NO","Norway",1982,330010000
"NO","Norway",1983,28700000
"NO","Norway",1984,-12400000
"NO","Norway",1985,-89850000
"NO","Norway",1986,-296260000
"NO","Norway",1987,-75350000
"NO","Norway",1988,-287620000
"NO","Norway",1989,-110170000
"NO","Norway",1990,-265480000
"NO","Norway",1991,40180000
"NO","Norway",1992,-15700000
"NO","Norway",1993,21900000
"NO","Norway",1994,280050000
"NO","Norway",1995,-75180000
"NO","Norway",1996,142130000
"NO","Norway",1997,173190000
"NO","Norway",1998,255990000
"NO","Norway",1999,312860000
"NO","Norway",2000,51380000
"NO","Norway",2001,101570000
"NO","Norway",2002,165940000
"NO","Norway",2003,85890000
"NO","Norway",2004,-57780000
"NO","Norway",2005,-3160000
"NO","Norway",2006,-880000
"NO","Norway",2007,3860000
"NO","Norway",2008,-550000
"NO","Norway",2009,3050000
"NO","Norway",2010,520000
"NO","Norway",2013,-980000
"NO","Norway",2014,-34290000
"NO","Norway",2015,272360000
"NO","Norway",2016,-93120000
"PT","Portugal",1989,26980000
"PT","Portugal",1990,181850000
"PT","Portugal",1991,-114910000
"PT","Portugal",1992,127500000
"PT","Portugal",1993,25500000
"PT","Portugal",1994,-109560000
"PT","Portugal",1995,84510000
"PT","Portugal",1996,331850000
"PT","Portugal",1997,561400000
"PT","Portugal",1998,610060000
"PT","Portugal",1999,607920000
"PT","Portugal",2000,561780000
"PT","Portugal",2001,375690000
"PT","Portugal",2002,311940000
"PT","Portugal",2003,170820000
"PT","Portugal",2004,-583370000
"PT","Portugal",2005,175870000
"PT","Portugal",2006,221320000
"PT","Portugal",2007,171190000
"PT","Portugal",2011,71010000
"PT","Portugal",2012,-31640000
"PT","Portugal",2013,137520000
"PT","Portugal",2014,-89210000
"PT","Portugal",2015,-158420000
"PT","Portugal",2016,-103110000
"SA","Saudi Arabia",1972,47870000
"SA","Saudi Arabia",1973,42100000
"SA","Saudi Arabia",1974,336590000
"SA","Saudi Arabia",1975,156850000
"SA","Saudi Arabia",1976,731940000
"SA","Saudi Arabia",1977,519640000
"SA","Saudi Arabia",1978,426540000
"SA","Saudi Arabia",1979,424880000
"SA","Saudi Arabia",1980,248280000
"SA","Saudi Arabia",1981,38580000
"SA","Saudi Arabia",1982,685990000
"SA","Saudi Arabia",1983,357620000
"SA","Saudi Arabia",1984,376160000
"SA","Saudi Arabia",1985,-739770000
"SA","Saudi Arabia",1986,52970000
"SA","Saudi Arabia",1987,-43730000
"SA","Saudi Arabia",1988,-324160000
"SA","Saudi Arabia",1989,-182810000
"SA","Saudi Arabia",1990,-183950000
"SA","Saudi Arabia",1991,40690000
"KR","South Korea",1987,-151500000
"KR","South Korea",1988,83090000
"KR","South Korea",1989,214510000
"KR","South Korea",1990,-4560000
"KR","South Korea",1991,2930000
"KR","South Korea",1992,680000
"KR","South Korea",1993,25380000
"KR","South Korea",1994,837150000
"KR","South Korea",1995,623820000
"KR","South Korea",1996,12510000
"KR","South Korea",1997,209680000
"KR","South Korea",1998,-1019300000
"KR","South Korea",1999,-464970000
"KR","South Korea",2000,-945050000
"KR","South Korea",2001,-302220000
"KR","South Korea",2002,326400000
"KR","South Korea",2003,20890000
"KR","South Korea",2004,361830000
"KR","South Korea",2005,776560000
"KR","South Korea",2006,1026080000
"KR","South Korea",2007,961180000
"KR","South Korea",2008,2110760000
"KR","South Korea",2009,556060000
"KR","South Korea",2010,2052850000
"KR","South Korea",2011,2281680000
"KR","South Korea",2012,1277590000
"KR","South Korea",2013,1300920000
"KR","South Korea",2014,2067340000
"KR","South Korea",2015,3090980000
"KR","South Korea",2016,1141320000
"ES","Spain",1994,-312510000
"ES","Spain",1995,-492160000
"ES","Spain",1998,-53490000
"ES","Spain",1999,-64180000
"ES","Spain",2000,-17100000
"ES","Spain",2001,-602420000
"ES","Spain",2002,-119630000
"ES","Spain",2003,-36810000
"ES","Spain",2004,-184130000
"ES","Spain",2005,-372330000
"ES","Spain",2007,-88120000
"ES","Spain",2009,-53410000
"ES","Spain",2011,-8060000
"ES","Spain",2012,-52940000
"ES","Spain",2013,-190030000
"ES","Spain",2014,3150000
"ES","Spain",2015,5800000
"ES","Spain",2016,-206550000
"SE","Sweden",1977,820430000
"SE","Sweden",1978,463300000
"SE","Sweden",1979,109510000
"SE","Sweden",1981,651200000
"SE","Sweden",1982,1168990000
"SE","Sweden",1983,781370000
"SE","Sweden",1984,849610000
"SE","Sweden",1985,502390000
"SE","Sweden",1986,703350000
"SE","Sweden",1987,2.79e+08
"SE","Sweden",1990,466990000
"SE","Sweden",1991,-455160000
"SE","Sweden",1992,414400000
"SE","Sweden",1993,740140000
"SE","Sweden",1995,260640000
"SE","Sweden",1996,-383710000
"SE","Sweden",1997,-178840000
"SE","Sweden",1998,16380000
"SE","Sweden",1999,675710000
"SE","Sweden",2000,1760520000
"SE","Sweden",2001,1372480000
"SE","Sweden",2002,-136690000
"SE","Sweden",2003,-970090000
"SE","Sweden",2004,-413600000
"SE","Sweden",2005,-292860000
"SE","Sweden",2006,-129200000
"SE","Sweden",2007,241520000
"SE","Sweden",2008,1278650000
"SE","Sweden",2009,1627050000
"SE","Sweden",2010,277890000
"SE","Sweden",2011,-331070000
"SE","Sweden",2012,-268470000
"SE","Sweden",2013,-191630000
"SE","Sweden",2014,-358930000
"SE","Sweden",2015,-160110000
"SE","Sweden",2016,1258960000
"CH","Switzerland",1968,1.46e+09
"CH","Switzerland",1969,977060000
"CH","Switzerland",1970,309240000
"CH","Switzerland",1971,927090000
"CH","Switzerland",1972,-159810000
"CH","Switzerland",1973,883430000
"CH","Switzerland",1974,732820000
"CH","Switzerland",1975,188870000
"CH","Switzerland",1976,1110370000
"CH","Switzerland",1977,4375700000
"CH","Switzerland",1978,2815290000
"CH","Switzerland",1979,2075500000
"CH","Switzerland",1980,535230000
"CH","Switzerland",1981,-9600000
"CH","Switzerland",1982,-40230000
"CH","Switzerland",1983,274480000
"CH","Switzerland",1984,-368540000
"CH","Switzerland",1985,-397360000
"CH","Switzerland",1986,-870140000
"CH","Switzerland",1987,-1794370000
"CH","Switzerland",1988,-1188900000
"CH","Switzerland",1989,-800780000
"CH","Switzerland",1990,-1014630000
"CH","Switzerland",1991,-292160000
"CH","Switzerland",1992,197700000
"CH","Switzerland",1993,624600000
"CH","Switzerland",1994,-1558060000
"CH","Switzerland",1995,-455390000
"CH","Switzerland",1996,-466730000
"CH","Switzerland",1997,759710000
"CH","Switzerland",1998,57460000
"CH","Switzerland",1999,712630000
"CH","Switzerland",2000,946940000
"CH","Switzerland",2001,-253730000
"CH","Switzerland",2002,-221200000
"CH","Switzerland",2003,78470000
"CH","Switzerland",2004,319280000
"CH","Switzerland",2005,-975220000
"CH","Switzerland",2006,-663670000
"CH","Switzerland",2007,3440000
"CH","Switzerland",2008,-741060000
"CH","Switzerland",2009,-643910000
"CH","Switzerland",2010,23850000
"CH","Switzerland",2011,-244220000
"CH","Switzerland",2012,-181740000
"CH","Switzerland",2013,-31580000
"CH","Switzerland",2014,591590000
"CH","Switzerland",2015,-110670000
"CH","Switzerland",2016,218960000
"TR","Turkey",1991,124080000
"TR","Turkey",1992,-6990000
"TR","Turkey",1993,281540000
"TR","Turkey",1994,52770000
"TR","Turkey",1995,-25480000
"TR","Turkey",2003,55640000
"TR","Turkey",2004,907160000
"TR","Turkey",2005,396230000
"TR","Turkey",2006,-121600000
"TR","Turkey",2007,-34970000
"TR","Turkey",2008,-1930000
"TR","Turkey",2009,-9300000
"TR","Turkey",2010,-19420000
"TR","Turkey",2011,9260000
"TR","Turkey",2012,44540000
"TR","Turkey",2013,-10330000
"TR","Turkey",2014,61270000
"TR","Turkey",2015,109700000
"TR","Turkey",2016,207800000
"AE","UAE",1974,423020000
"AE","UAE",1975,350670000
"AE","UAE",1976,441060000
"AE","UAE",1977,548850000
"AE","UAE",1978,194390000
"AE","UAE",1979,294400000
"AE","UAE",1980,272210000
"AE","UAE",1981,-102660000
"AE","UAE",1982,-155470000
"AE","UAE",1983,-214750000
"AE","UAE",1984,-82850000
"AE","UAE",1985,-192980000
"AE","UAE",1986,-50890000
"AE","UAE",1987,-50120000
"AE","UAE",1988,-26680000
"AE","UAE",1989,21830000
"AE","UAE",1990,9050000
"AE","UAE",1991,22740000
"AE","UAE",1992,-10040000
"AE","UAE",1993,-17740000
"AE","UAE",1994,14310000
"AE","UAE",2009,8840000
"AE","UAE",2010,-1690000
"AE","UAE",2011,21730000
"AE","UAE",2012,54900000
"AE","UAE",2013,6670000
"AE","UAE",2014,449840000
"AE","UAE",2015,3819460000
"AE","UAE",2016,834100000
"GB","United Kingdom",1968,-306180000
"GB","United Kingdom",1969,2126780000
"GB","United Kingdom",1970,3176470000
"GB","United Kingdom",1971,3.875e+09
"GB","United Kingdom",1972,3352700000
"GB","United Kingdom",1973,2313170000
"GB","United Kingdom",1974,2859980000
"GB","United Kingdom",1975,2985960000
"GB","United Kingdom",1976,4141070000
"GB","United Kingdom",1977,2498320000
"GB","United Kingdom",1978,3352660000
"GB","United Kingdom",1979,3652530000
"GB","United Kingdom",1980,3092630000
"GB","United Kingdom",1981,2750600000
"GB","United Kingdom",1982,3585200000
"GB","United Kingdom",1983,3588030000
"GB","United Kingdom",1984,2597010000
"GB","United Kingdom",1985,236330000
"GB","United Kingdom",1986,1025150000
"GB","United Kingdom",1987,1501560000
"GB","United Kingdom",1988,-1544970000
"GB","United Kingdom",1989,5899750000
"GB","United Kingdom",1990,364060000
"GB","United Kingdom",1991,230550000
"GB","United Kingdom",1992,-217140000
"GB","United Kingdom",1993,-614010000
"GB","United Kingdom",1994,113570000
"GB","United Kingdom",1996,380200000
"GB","United Kingdom",1997,-132420000
"GB","United Kingdom",1998,-125150000
"GB","United Kingdom",1999,-1060450000
"GB","United Kingdom",2000,-2159750000
"GB","United Kingdom",2001,-599100000
"GB","United Kingdom",2002,-1477930000
"GB","United Kingdom",2003,-674360000
"GB","United Kingdom",2004,-476650000
"GB","United Kingdom",2005,-662360000
"GB","United Kingdom",2006,-4285120000
"GB","United Kingdom",2007,136530000
"GB","United Kingdom",2008,3309040000
"GB","United Kingdom",2009,3199040000
"GB","United Kingdom",2010,908570000
"GB","United Kingdom",2011,1414540000
"GB","United Kingdom",2012,1370410000
"GB","United Kingdom",2013,-87170000
"GB","United Kingdom",2014,-216250000
"US","USA",1966,379580000
"US","USA",1967,1171270000
"US","USA",1968,1606880000
"US","USA",1969,956990000
"US","USA",1970,1079360000
"US","USA",1971,1712990000
"US","USA",1972,2414860000
"US","USA",1973,3158280000
"US","USA",1974,4900870000
"US","USA",1975,4445120000
"US","USA",1976,4201350000
"US","USA",1977,4495470000
"US","USA",1978,3070040000
"US","USA",1979,3306030000
"US","USA",1980,4951300000
"US","USA",1981,4229750000
"US","USA",1982,4010800000
"US","USA",1983,3652480000
"US","USA",1984,4023490000
"US","USA",1985,580040000
"US","USA",1986,-3691930000
"US","USA",1987,-2593520000
"US","USA",1988,6287820000
"US","USA",1989,2655990000
"US","USA",1990,-221910000
"US","USA",1991,-2210640000
"US","USA",1992,2068230000
"US","USA",1993,-641520000
"US","USA",1994,8073970000
"US","USA",1995,1023590000
"US","USA",1996,2998260000
"US","USA",1997,4260260000
"US","USA",1998,3052290000
"US","USA",1999,9495870000
"US","USA",2000,5253890000
"US","USA",2001,2508590000
"US","USA",2002,1300240000
"US","USA",2003,1364900000
"US","USA",2004,-1215300000
"US","USA",2005,-1389910000
"US","USA",2006,-6009150000
"US","USA",2007,-1987210000
"US","USA",2008,-35260000
"US","USA",2009,1669290000
"US","USA",2010,14017160000
"US","USA",2011,2692380000
"US","USA",2012,7000210000
"US","USA",2013,2307160000
"US","USA",2014,483430000
"US","USA",2015,10590440000
"US","USA",2016,-1431670000
