"id","entity-name","year","value"
"AU","Australia",1960,0.37
"AU","Australia",1961,0.44
"AU","Australia",1962,0.43
"AU","Australia",1963,0.51
"AU","Australia",1964,0.48
"AU","Australia",1965,0.53
"AU","Australia",1966,0.56
"AU","Australia",1967,0.62
"AU","Australia",1968,0.56
"AU","Australia",1969,0.6
"AU","Australia",1970,0.62
"AU","Australia",1971,0.56
"AU","Australia",1972,0.62
"AU","Australia",1973,0.47
"AU","Australia",1974,0.55
"AU","Australia",1975,0.66
"AU","Australia",1976,0.41
"AU","Australia",1977,0.42
"AU","Australia",1978,0.55
"AU","Australia",1979,0.53
"AU","Australia",1980,0.48
"AU","Australia",1981,0.41
"AU","Australia",1982,0.56
"AU","Australia",1983,0.49
"AU","Australia",1984,0.45
"AU","Australia",1985,0.48
"AU","Australia",1986,0.47
"AU","Australia",1987,0.34
"AU","Australia",1988,0.46
"AU","Australia",1989,0.38
"AU","Australia",1990,0.34
"AU","Australia",1991,0.38
"AU","Australia",1992,0.37
"AU","Australia",1993,0.35
"AU","Australia",1994,0.34
"AU","Australia",1995,0.34
"AU","Australia",1996,0.27
"AU","Australia",1997,0.27
"AU","Australia",1998,0.27
"AU","Australia",1999,0.26
"AU","Australia",2000,0.27
"AU","Australia",2001,0.25
"AU","Australia",2002,0.26
"AU","Australia",2003,0.25
"AU","Australia",2004,0.25
"AU","Australia",2005,0.25
"AU","Australia",2006,0.3
"AU","Australia",2007,0.32
"AU","Australia",2008,0.32
"AU","Australia",2009,0.29
"AU","Australia",2010,0.32
"AU","Australia",2011,0.34
"AU","Australia",2012,0.36
"AU","Australia",2013,0.33
"AU","Australia",2014,0.31
"AT","Austria",1960,0
"AT","Austria",1961,0.04
"AT","Austria",1962,0.03
"AT","Austria",1963,0.05
"AT","Austria",1964,0.08
"AT","Austria",1965,0.11
"AT","Austria",1966,0.12
"AT","Austria",1967,0.14
"AT","Austria",1968,0.14
"AT","Austria",1969,0.11
"AT","Austria",1970,0.07
"AT","Austria",1971,0.07
"AT","Austria",1972,0.09
"AT","Austria",1973,0.15
"AT","Austria",1974,0.18
"AT","Austria",1975,0.21
"AT","Austria",1976,0.12
"AT","Austria",1977,0.23
"AT","Austria",1978,0.27
"AT","Austria",1979,0.19
"AT","Austria",1980,0.23
"AT","Austria",1981,0.33
"AT","Austria",1982,0.36
"AT","Austria",1983,0.24
"AT","Austria",1984,0.28
"AT","Austria",1985,0.38
"AT","Austria",1986,0.21
"AT","Austria",1987,0.17
"AT","Austria",1988,0.24
"AT","Austria",1989,0.23
"AT","Austria",1990,0.11
"AT","Austria",1991,0.18
"AT","Austria",1992,0.11
"AT","Austria",1993,0.11
"AT","Austria",1994,0.17
"AT","Austria",1995,0.27
"AT","Austria",1996,0.23
"AT","Austria",1997,0.24
"AT","Austria",1998,0.22
"AT","Austria",1999,0.24
"AT","Austria",2000,0.23
"AT","Austria",2001,0.34
"AT","Austria",2002,0.26
"AT","Austria",2003,0.2
"AT","Austria",2004,0.23
"AT","Austria",2005,0.52
"AT","Austria",2006,0.47
"AT","Austria",2007,0.5
"AT","Austria",2008,0.43
"AT","Austria",2009,0.3
"AT","Austria",2010,0.32
"AT","Austria",2011,0.27
"AT","Austria",2012,0.28
"AT","Austria",2013,0.27
"AT","Austria",2014,0.28
"BE","Belgium",1960,0.88
"BE","Belgium",1961,0.76
"BE","Belgium",1962,0.54
"BE","Belgium",1963,0.57
"BE","Belgium",1964,0.46
"BE","Belgium",1965,0.6
"BE","Belgium",1966,0.42
"BE","Belgium",1967,0.45
"BE","Belgium",1968,0.42
"BE","Belgium",1969,0.5
"BE","Belgium",1970,0.46
"BE","Belgium",1971,0.5
"BE","Belgium",1972,0.55
"BE","Belgium",1973,0.51
"BE","Belgium",1974,0.5
"BE","Belgium",1975,0.6
"BE","Belgium",1976,0.5
"BE","Belgium",1977,0.47
"BE","Belgium",1978,0.55
"BE","Belgium",1979,0.58
"BE","Belgium",1980,0.5
"BE","Belgium",1981,0.59
"BE","Belgium",1982,0.58
"BE","Belgium",1983,0.59
"BE","Belgium",1984,0.57
"BE","Belgium",1985,0.55
"BE","Belgium",1986,0.48
"BE","Belgium",1987,0.48
"BE","Belgium",1988,0.39
"BE","Belgium",1989,0.46
"BE","Belgium",1990,0.46
"BE","Belgium",1991,0.41
"BE","Belgium",1992,0.39
"BE","Belgium",1993,0.39
"BE","Belgium",1994,0.32
"BE","Belgium",1995,0.38
"BE","Belgium",1996,0.34
"BE","Belgium",1997,0.31
"BE","Belgium",1998,0.35
"BE","Belgium",1999,0.3
"BE","Belgium",2000,0.36
"BE","Belgium",2001,0.37
"BE","Belgium",2002,0.43
"BE","Belgium",2003,0.6
"BE","Belgium",2004,0.41
"BE","Belgium",2005,0.53
"BE","Belgium",2006,0.5
"BE","Belgium",2007,0.43
"BE","Belgium",2008,0.48
"BE","Belgium",2009,0.55
"BE","Belgium",2010,0.64
"BE","Belgium",2011,0.54
"BE","Belgium",2012,0.48
"BE","Belgium",2013,0.45
"BE","Belgium",2014,0.46
"CA","Canada",1960,0.16
"CA","Canada",1961,0.16
"CA","Canada",1962,0.1
"CA","Canada",1963,0.15
"CA","Canada",1964,0.17
"CA","Canada",1965,0.19
"CA","Canada",1966,0.34
"CA","Canada",1967,0.32
"CA","Canada",1968,0.29
"CA","Canada",1969,0.29
"CA","Canada",1970,0.41
"CA","Canada",1971,0.42
"CA","Canada",1972,0.44
"CA","Canada",1973,0.42
"CA","Canada",1974,0.47
"CA","Canada",1975,0.54
"CA","Canada",1976,0.46
"CA","Canada",1977,0.5
"CA","Canada",1978,0.53
"CA","Canada",1979,0.48
"CA","Canada",1980,0.43
"CA","Canada",1981,0.43
"CA","Canada",1982,0.41
"CA","Canada",1983,0.45
"CA","Canada",1984,0.5
"CA","Canada",1985,0.49
"CA","Canada",1986,0.48
"CA","Canada",1987,0.47
"CA","Canada",1988,0.5
"CA","Canada",1989,0.44
"CA","Canada",1990,0.44
"CA","Canada",1991,0.46
"CA","Canada",1992,0.46
"CA","Canada",1993,0.45
"CA","Canada",1994,0.43
"CA","Canada",1995,0.38
"CA","Canada",1996,0.32
"CA","Canada",1997,0.34
"CA","Canada",1998,0.3
"CA","Canada",1999,0.28
"CA","Canada",2000,0.26
"CA","Canada",2001,0.22
"CA","Canada",2002,0.28
"CA","Canada",2003,0.24
"CA","Canada",2004,0.27
"CA","Canada",2005,0.34
"CA","Canada",2006,0.29
"CA","Canada",2007,0.29
"CA","Canada",2008,0.33
"CA","Canada",2009,0.3
"CA","Canada",2010,0.34
"CA","Canada",2011,0.32
"CA","Canada",2012,0.32
"CA","Canada",2013,0.28
"CA","Canada",2014,0.24
"CZ","Czech Republic",1960,0
"CZ","Czech Republic",1961,0
"CZ","Czech Republic",1962,0
"CZ","Czech Republic",1963,0
"CZ","Czech Republic",1964,0
"CZ","Czech Republic",1965,0
"CZ","Czech Republic",1966,0
"CZ","Czech Republic",1967,0
"CZ","Czech Republic",1968,0
"CZ","Czech Republic",1969,0
"CZ","Czech Republic",1970,0
"CZ","Czech Republic",1971,0
"CZ","Czech Republic",1972,0
"CZ","Czech Republic",1973,0
"CZ","Czech Republic",1974,0
"CZ","Czech Republic",1975,0
"CZ","Czech Republic",1976,0
"CZ","Czech Republic",1977,0
"CZ","Czech Republic",1978,0
"CZ","Czech Republic",1979,0
"CZ","Czech Republic",1980,0
"CZ","Czech Republic",1981,0
"CZ","Czech Republic",1982,0
"CZ","Czech Republic",1983,0
"CZ","Czech Republic",1984,0
"CZ","Czech Republic",1985,0
"CZ","Czech Republic",1986,0
"CZ","Czech Republic",1987,0
"CZ","Czech Republic",1988,0
"CZ","Czech Republic",1989,0
"CZ","Czech Republic",1990,0
"CZ","Czech Republic",1991,0
"CZ","Czech Republic",1992,0
"CZ","Czech Republic",1993,0
"CZ","Czech Republic",1994,0
"CZ","Czech Republic",1995,0
"CZ","Czech Republic",1996,0
"CZ","Czech Republic",1997,0
"CZ","Czech Republic",1998,0.03
"CZ","Czech Republic",1999,0.03
"CZ","Czech Republic",2000,0.03
"CZ","Czech Republic",2001,0.05
"CZ","Czech Republic",2002,0.07
"CZ","Czech Republic",2003,0.11
"CZ","Czech Republic",2004,0.11
"CZ","Czech Republic",2005,0.11
"CZ","Czech Republic",2006,0.12
"CZ","Czech Republic",2007,0.11
"CZ","Czech Republic",2008,0.12
"CZ","Czech Republic",2009,0.12
"CZ","Czech Republic",2010,0.13
"CZ","Czech Republic",2011,0.13
"CZ","Czech Republic",2012,0.12
"CZ","Czech Republic",2013,0.11
"CZ","Czech Republic",2014,0.11
"DK","Denmark",1960,0.09
"DK","Denmark",1961,0.12
"DK","Denmark",1962,0.1
"DK","Denmark",1963,0.11
"DK","Denmark",1964,0.11
"DK","Denmark",1965,0.13
"DK","Denmark",1966,0.19
"DK","Denmark",1967,0.22
"DK","Denmark",1968,0.23
"DK","Denmark",1969,0.38
"DK","Denmark",1970,0.38
"DK","Denmark",1971,0.42
"DK","Denmark",1972,0.44
"DK","Denmark",1973,0.46
"DK","Denmark",1974,0.53
"DK","Denmark",1975,0.55
"DK","Denmark",1976,0.52
"DK","Denmark",1977,0.56
"DK","Denmark",1978,0.7
"DK","Denmark",1979,0.71
"DK","Denmark",1980,0.74
"DK","Denmark",1981,0.73
"DK","Denmark",1982,0.77
"DK","Denmark",1983,0.73
"DK","Denmark",1984,0.85
"DK","Denmark",1985,0.8
"DK","Denmark",1986,0.89
"DK","Denmark",1987,0.88
"DK","Denmark",1988,0.89
"DK","Denmark",1989,0.93
"DK","Denmark",1990,0.94
"DK","Denmark",1991,0.96
"DK","Denmark",1992,1.02
"DK","Denmark",1993,1.03
"DK","Denmark",1994,1.03
"DK","Denmark",1995,0.96
"DK","Denmark",1996,1.04
"DK","Denmark",1997,0.97
"DK","Denmark",1998,1
"DK","Denmark",1999,1.01
"DK","Denmark",2000,1.06
"DK","Denmark",2001,1.03
"DK","Denmark",2002,0.96
"DK","Denmark",2003,0.84
"DK","Denmark",2004,0.85
"DK","Denmark",2005,0.81
"DK","Denmark",2006,0.8
"DK","Denmark",2007,0.81
"DK","Denmark",2008,0.82
"DK","Denmark",2009,0.88
"DK","Denmark",2010,0.91
"DK","Denmark",2011,0.85
"DK","Denmark",2012,0.83
"DK","Denmark",2013,0.85
"DK","Denmark",2014,0.86
"FI","Finland",1960,0
"FI","Finland",1961,0.04
"FI","Finland",1962,0.04
"FI","Finland",1963,0.04
"FI","Finland",1964,0.04
"FI","Finland",1965,0.03
"FI","Finland",1966,0.04
"FI","Finland",1967,0.05
"FI","Finland",1968,0.06
"FI","Finland",1969,0.14
"FI","Finland",1970,0.06
"FI","Finland",1971,0.11
"FI","Finland",1972,0.15
"FI","Finland",1973,0.15
"FI","Finland",1974,0.16
"FI","Finland",1975,0.17
"FI","Finland",1976,0.17
"FI","Finland",1977,0.15
"FI","Finland",1978,0.16
"FI","Finland",1979,0.21
"FI","Finland",1980,0.22
"FI","Finland",1981,0.27
"FI","Finland",1982,0.29
"FI","Finland",1983,0.32
"FI","Finland",1984,0.36
"FI","Finland",1985,0.4
"FI","Finland",1986,0.46
"FI","Finland",1987,0.5
"FI","Finland",1988,0.6
"FI","Finland",1989,0.64
"FI","Finland",1990,0.65
"FI","Finland",1991,0.8
"FI","Finland",1992,0.64
"FI","Finland",1993,0.45
"FI","Finland",1994,0.31
"FI","Finland",1995,0.31
"FI","Finland",1996,0.33
"FI","Finland",1997,0.32
"FI","Finland",1998,0.32
"FI","Finland",1999,0.33
"FI","Finland",2000,0.31
"FI","Finland",2001,0.32
"FI","Finland",2002,0.35
"FI","Finland",2003,0.35
"FI","Finland",2004,0.37
"FI","Finland",2005,0.46
"FI","Finland",2006,0.4
"FI","Finland",2007,0.39
"FI","Finland",2008,0.44
"FI","Finland",2009,0.54
"FI","Finland",2010,0.55
"FI","Finland",2011,0.53
"FI","Finland",2012,0.53
"FI","Finland",2013,0.54
"FI","Finland",2014,0.6
"FR","France",1960,1.35
"FR","France",1961,1.36
"FR","France",1962,1.27
"FR","France",1963,0.98
"FR","France",1964,0.9
"FR","France",1965,0.76
"FR","France",1966,0.69
"FR","France",1967,0.71
"FR","France",1968,0.67
"FR","France",1969,0.67
"FR","France",1970,0.52
"FR","France",1971,0.51
"FR","France",1972,0.49
"FR","France",1973,0.43
"FR","France",1974,0.44
"FR","France",1975,0.44
"FR","France",1976,0.41
"FR","France",1977,0.38
"FR","France",1978,0.39
"FR","France",1979,0.42
"FR","France",1980,0.44
"FR","France",1981,0.52
"FR","France",1982,0.56
"FR","France",1983,0.56
"FR","France",1984,0.62
"FR","France",1985,0.61
"FR","France",1986,0.56
"FR","France",1987,0.6
"FR","France",1988,0.57
"FR","France",1989,0.61
"FR","France",1990,0.6
"FR","France",1991,0.62
"FR","France",1992,0.63
"FR","France",1993,0.63
"FR","France",1994,0.62
"FR","France",1995,0.55
"FR","France",1996,0.48
"FR","France",1997,0.44
"FR","France",1998,0.38
"FR","France",1999,0.38
"FR","France",2000,0.31
"FR","France",2001,0.31
"FR","France",2002,0.38
"FR","France",2003,0.4
"FR","France",2004,0.41
"FR","France",2005,0.47
"FR","France",2006,0.47
"FR","France",2007,0.38
"FR","France",2008,0.39
"FR","France",2009,0.47
"FR","France",2010,0.5
"FR","France",2011,0.46
"FR","France",2012,0.45
"FR","France",2013,0.41
"FR","France",2014,0.37
"DE","Germany",1960,0.31
"DE","Germany",1961,0.45
"DE","Germany",1962,0.45
"DE","Germany",1963,0.41
"DE","Germany",1964,0.44
"DE","Germany",1965,0.4
"DE","Germany",1966,0.34
"DE","Germany",1967,0.41
"DE","Germany",1968,0.42
"DE","Germany",1969,0.38
"DE","Germany",1970,0.32
"DE","Germany",1971,0.34
"DE","Germany",1972,0.32
"DE","Germany",1973,0.32
"DE","Germany",1974,0.38
"DE","Germany",1975,0.4
"DE","Germany",1976,0.36
"DE","Germany",1977,0.33
"DE","Germany",1978,0.37
"DE","Germany",1979,0.45
"DE","Germany",1980,0.44
"DE","Germany",1981,0.47
"DE","Germany",1982,0.48
"DE","Germany",1983,0.48
"DE","Germany",1984,0.45
"DE","Germany",1985,0.47
"DE","Germany",1986,0.43
"DE","Germany",1987,0.39
"DE","Germany",1988,0.39
"DE","Germany",1989,0.41
"DE","Germany",1990,0.42
"DE","Germany",1991,0.39
"DE","Germany",1992,0.37
"DE","Germany",1993,0.35
"DE","Germany",1994,0.33
"DE","Germany",1995,0.31
"DE","Germany",1996,0.32
"DE","Germany",1997,0.28
"DE","Germany",1998,0.26
"DE","Germany",1999,0.26
"DE","Germany",2000,0.27
"DE","Germany",2001,0.27
"DE","Germany",2002,0.27
"DE","Germany",2003,0.28
"DE","Germany",2004,0.28
"DE","Germany",2005,0.36
"DE","Germany",2006,0.36
"DE","Germany",2007,0.37
"DE","Germany",2008,0.38
"DE","Germany",2009,0.36
"DE","Germany",2010,0.39
"DE","Germany",2011,0.39
"DE","Germany",2012,0.37
"DE","Germany",2013,0.38
"DE","Germany",2014,0.42
"GR","Greece",1960,0
"GR","Greece",1961,0
"GR","Greece",1962,0
"GR","Greece",1963,0
"GR","Greece",1964,0
"GR","Greece",1965,0
"GR","Greece",1966,0
"GR","Greece",1967,0
"GR","Greece",1968,0
"GR","Greece",1969,0
"GR","Greece",1970,0
"GR","Greece",1971,0
"GR","Greece",1972,0
"GR","Greece",1973,0
"GR","Greece",1974,0
"GR","Greece",1975,0
"GR","Greece",1976,0
"GR","Greece",1977,0
"GR","Greece",1978,0
"GR","Greece",1979,0
"GR","Greece",1980,0
"GR","Greece",1981,0
"GR","Greece",1982,0
"GR","Greece",1983,0
"GR","Greece",1984,0
"GR","Greece",1985,0
"GR","Greece",1986,0
"GR","Greece",1987,0
"GR","Greece",1988,0
"GR","Greece",1989,0
"GR","Greece",1990,0
"GR","Greece",1991,0
"GR","Greece",1992,0
"GR","Greece",1993,0
"GR","Greece",1994,0
"GR","Greece",1995,0
"GR","Greece",1996,0.15
"GR","Greece",1997,0.14
"GR","Greece",1998,0.15
"GR","Greece",1999,0.16
"GR","Greece",2000,0.2
"GR","Greece",2001,0.17
"GR","Greece",2002,0.21
"GR","Greece",2003,0.21
"GR","Greece",2004,0.16
"GR","Greece",2005,0.17
"GR","Greece",2006,0.17
"GR","Greece",2007,0.16
"GR","Greece",2008,0.21
"GR","Greece",2009,0.19
"GR","Greece",2010,0.17
"GR","Greece",2011,0.15
"GR","Greece",2012,0.13
"GR","Greece",2013,0.1
"GR","Greece",2014,0.11
"IS","Iceland",1960,0
"IS","Iceland",1961,0
"IS","Iceland",1962,0
"IS","Iceland",1963,0
"IS","Iceland",1964,0
"IS","Iceland",1965,0
"IS","Iceland",1966,0
"IS","Iceland",1967,0
"IS","Iceland",1968,0
"IS","Iceland",1969,0
"IS","Iceland",1970,0
"IS","Iceland",1971,0
"IS","Iceland",1972,0
"IS","Iceland",1973,0
"IS","Iceland",1974,0
"IS","Iceland",1975,0
"IS","Iceland",1976,0
"IS","Iceland",1977,0
"IS","Iceland",1978,0
"IS","Iceland",1979,0
"IS","Iceland",1980,0
"IS","Iceland",1981,0
"IS","Iceland",1982,0
"IS","Iceland",1983,0
"IS","Iceland",1984,0
"IS","Iceland",1985,0
"IS","Iceland",1986,0
"IS","Iceland",1987,0
"IS","Iceland",1988,0
"IS","Iceland",1989,0
"IS","Iceland",1990,0
"IS","Iceland",1991,0
"IS","Iceland",1992,0
"IS","Iceland",1993,0
"IS","Iceland",1994,0
"IS","Iceland",1995,0
"IS","Iceland",1996,0
"IS","Iceland",1997,0
"IS","Iceland",1998,0
"IS","Iceland",1999,0.09
"IS","Iceland",2000,0.1
"IS","Iceland",2001,0.13
"IS","Iceland",2002,0.15
"IS","Iceland",2003,0.17
"IS","Iceland",2004,0.18
"IS","Iceland",2005,0.18
"IS","Iceland",2006,0.27
"IS","Iceland",2007,0.27
"IS","Iceland",2008,0.47
"IS","Iceland",2009,0.35
"IS","Iceland",2010,0.29
"IS","Iceland",2011,0.21
"IS","Iceland",2012,0.22
"IS","Iceland",2013,0.25
"IS","Iceland",2014,0.22
"IE","Ireland",1960,0
"IE","Ireland",1961,0
"IE","Ireland",1962,0
"IE","Ireland",1963,0
"IE","Ireland",1964,0
"IE","Ireland",1965,0
"IE","Ireland",1966,0
"IE","Ireland",1967,0
"IE","Ireland",1968,0
"IE","Ireland",1969,0
"IE","Ireland",1970,0
"IE","Ireland",1971,0
"IE","Ireland",1972,0
"IE","Ireland",1973,0
"IE","Ireland",1974,0.09
"IE","Ireland",1975,0.09
"IE","Ireland",1976,0.1
"IE","Ireland",1977,0.09
"IE","Ireland",1978,0.2
"IE","Ireland",1979,0.19
"IE","Ireland",1980,0.16
"IE","Ireland",1981,0.16
"IE","Ireland",1982,0.27
"IE","Ireland",1983,0.2
"IE","Ireland",1984,0.22
"IE","Ireland",1985,0.24
"IE","Ireland",1986,0.28
"IE","Ireland",1987,0.19
"IE","Ireland",1988,0.2
"IE","Ireland",1989,0.17
"IE","Ireland",1990,0.16
"IE","Ireland",1991,0.19
"IE","Ireland",1992,0.16
"IE","Ireland",1993,0.2
"IE","Ireland",1994,0.25
"IE","Ireland",1995,0.28
"IE","Ireland",1996,0.31
"IE","Ireland",1997,0.32
"IE","Ireland",1998,0.3
"IE","Ireland",1999,0.31
"IE","Ireland",2000,0.3
"IE","Ireland",2001,0.33
"IE","Ireland",2002,0.4
"IE","Ireland",2003,0.4
"IE","Ireland",2004,0.39
"IE","Ireland",2005,0.42
"IE","Ireland",2006,0.54
"IE","Ireland",2007,0.55
"IE","Ireland",2008,0.59
"IE","Ireland",2009,0.55
"IE","Ireland",2010,0.52
"IE","Ireland",2011,0.51
"IE","Ireland",2012,0.47
"IE","Ireland",2013,0.46
"IE","Ireland",2014,0.38
"IT","Italy",1960,0.22
"IT","Italy",1961,0.15
"IT","Italy",1962,0.18
"IT","Italy",1963,0.14
"IT","Italy",1964,0.09
"IT","Italy",1965,0.1
"IT","Italy",1966,0.12
"IT","Italy",1967,0.22
"IT","Italy",1968,0.19
"IT","Italy",1969,0.16
"IT","Italy",1970,0.15
"IT","Italy",1971,0.17
"IT","Italy",1972,0.08
"IT","Italy",1973,0.12
"IT","Italy",1974,0.13
"IT","Italy",1975,0.1
"IT","Italy",1976,0.12
"IT","Italy",1977,0.09
"IT","Italy",1978,0.14
"IT","Italy",1979,0.08
"IT","Italy",1980,0.15
"IT","Italy",1981,0.16
"IT","Italy",1982,0.2
"IT","Italy",1983,0.2
"IT","Italy",1984,0.28
"IT","Italy",1985,0.26
"IT","Italy",1986,0.4
"IT","Italy",1987,0.35
"IT","Italy",1988,0.39
"IT","Italy",1989,0.42
"IT","Italy",1990,0.31
"IT","Italy",1991,0.3
"IT","Italy",1992,0.34
"IT","Italy",1993,0.31
"IT","Italy",1994,0.27
"IT","Italy",1995,0.15
"IT","Italy",1996,0.2
"IT","Italy",1997,0.11
"IT","Italy",1998,0.2
"IT","Italy",1999,0.15
"IT","Italy",2000,0.13
"IT","Italy",2001,0.15
"IT","Italy",2002,0.2
"IT","Italy",2003,0.17
"IT","Italy",2004,0.15
"IT","Italy",2005,0.29
"IT","Italy",2006,0.2
"IT","Italy",2007,0.19
"IT","Italy",2008,0.22
"IT","Italy",2009,0.16
"IT","Italy",2010,0.15
"IT","Italy",2011,0.2
"IT","Italy",2012,0.14
"IT","Italy",2013,0.17
"IT","Italy",2014,0.19
"JP","Japan",1960,0.24
"JP","Japan",1961,0.2
"JP","Japan",1962,0.14
"JP","Japan",1963,0.2
"JP","Japan",1964,0.14
"JP","Japan",1965,0.28
"JP","Japan",1966,0.28
"JP","Japan",1967,0.32
"JP","Japan",1968,0.25
"JP","Japan",1969,0.26
"JP","Japan",1970,0.23
"JP","Japan",1971,0.22
"JP","Japan",1972,0.2
"JP","Japan",1973,0.25
"JP","Japan",1974,0.25
"JP","Japan",1975,0.23
"JP","Japan",1976,0.2
"JP","Japan",1977,0.21
"JP","Japan",1978,0.23
"JP","Japan",1979,0.27
"JP","Japan",1980,0.32
"JP","Japan",1981,0.28
"JP","Japan",1982,0.28
"JP","Japan",1983,0.33
"JP","Japan",1984,0.34
"JP","Japan",1985,0.28
"JP","Japan",1986,0.29
"JP","Japan",1987,0.31
"JP","Japan",1988,0.32
"JP","Japan",1989,0.31
"JP","Japan",1990,0.31
"JP","Japan",1991,0.32
"JP","Japan",1992,0.3
"JP","Japan",1993,0.27
"JP","Japan",1994,0.29
"JP","Japan",1995,0.27
"JP","Japan",1996,0.2
"JP","Japan",1997,0.21
"JP","Japan",1998,0.27
"JP","Japan",1999,0.27
"JP","Japan",2000,0.28
"JP","Japan",2001,0.23
"JP","Japan",2002,0.23
"JP","Japan",2003,0.2
"JP","Japan",2004,0.19
"JP","Japan",2005,0.28
"JP","Japan",2006,0.25
"JP","Japan",2007,0.17
"JP","Japan",2008,0.19
"JP","Japan",2009,0.18
"JP","Japan",2010,0.2
"JP","Japan",2011,0.18
"JP","Japan",2012,0.17
"JP","Japan",2013,0.23
"JP","Japan",2014,0.19
"LU","Luxembourg",1960,0
"LU","Luxembourg",1961,0
"LU","Luxembourg",1962,0
"LU","Luxembourg",1963,0
"LU","Luxembourg",1964,0
"LU","Luxembourg",1965,0
"LU","Luxembourg",1966,0
"LU","Luxembourg",1967,0
"LU","Luxembourg",1968,0
"LU","Luxembourg",1969,0
"LU","Luxembourg",1970,0
"LU","Luxembourg",1971,0
"LU","Luxembourg",1972,0
"LU","Luxembourg",1973,0
"LU","Luxembourg",1974,0
"LU","Luxembourg",1975,0
"LU","Luxembourg",1976,0
"LU","Luxembourg",1977,0
"LU","Luxembourg",1978,0
"LU","Luxembourg",1979,0
"LU","Luxembourg",1980,0.11
"LU","Luxembourg",1981,0.13
"LU","Luxembourg",1982,0.1
"LU","Luxembourg",1983,0.09
"LU","Luxembourg",1984,0.16
"LU","Luxembourg",1985,0.17
"LU","Luxembourg",1986,0.17
"LU","Luxembourg",1987,0.17
"LU","Luxembourg",1988,0.2
"LU","Luxembourg",1989,0.19
"LU","Luxembourg",1990,0.21
"LU","Luxembourg",1991,0.33
"LU","Luxembourg",1992,0.26
"LU","Luxembourg",1993,0.35
"LU","Luxembourg",1994,0.4
"LU","Luxembourg",1995,0.37
"LU","Luxembourg",1996,0.44
"LU","Luxembourg",1997,0.55
"LU","Luxembourg",1998,0.65
"LU","Luxembourg",1999,0.66
"LU","Luxembourg",2000,0.7
"LU","Luxembourg",2001,0.77
"LU","Luxembourg",2002,0.78
"LU","Luxembourg",2003,0.86
"LU","Luxembourg",2004,0.79
"LU","Luxembourg",2005,0.79
"LU","Luxembourg",2006,0.89
"LU","Luxembourg",2007,0.92
"LU","Luxembourg",2008,0.97
"LU","Luxembourg",2009,1.04
"LU","Luxembourg",2010,1.05
"LU","Luxembourg",2011,0.97
"LU","Luxembourg",2012,1
"LU","Luxembourg",2013,1
"LU","Luxembourg",2014,1.06
"NL","Netherlands",1960,0.31
"NL","Netherlands",1961,0.45
"NL","Netherlands",1962,0.49
"NL","Netherlands",1963,0.26
"NL","Netherlands",1964,0.29
"NL","Netherlands",1965,0.36
"NL","Netherlands",1966,0.45
"NL","Netherlands",1967,0.5
"NL","Netherlands",1968,0.49
"NL","Netherlands",1969,0.5
"NL","Netherlands",1970,0.62
"NL","Netherlands",1971,0.58
"NL","Netherlands",1972,0.67
"NL","Netherlands",1973,0.53
"NL","Netherlands",1974,0.61
"NL","Netherlands",1975,0.74
"NL","Netherlands",1976,0.8
"NL","Netherlands",1977,0.81
"NL","Netherlands",1978,0.78
"NL","Netherlands",1979,0.94
"NL","Netherlands",1980,0.97
"NL","Netherlands",1981,1.07
"NL","Netherlands",1982,1.07
"NL","Netherlands",1983,0.91
"NL","Netherlands",1984,1.02
"NL","Netherlands",1985,0.91
"NL","Netherlands",1986,1.01
"NL","Netherlands",1987,0.98
"NL","Netherlands",1988,0.98
"NL","Netherlands",1989,0.94
"NL","Netherlands",1990,0.92
"NL","Netherlands",1991,0.88
"NL","Netherlands",1992,0.86
"NL","Netherlands",1993,0.82
"NL","Netherlands",1994,0.76
"NL","Netherlands",1995,0.81
"NL","Netherlands",1996,0.81
"NL","Netherlands",1997,0.81
"NL","Netherlands",1998,0.8
"NL","Netherlands",1999,0.79
"NL","Netherlands",2000,0.84
"NL","Netherlands",2001,0.82
"NL","Netherlands",2002,0.81
"NL","Netherlands",2003,0.8
"NL","Netherlands",2004,0.73
"NL","Netherlands",2005,0.82
"NL","Netherlands",2006,0.81
"NL","Netherlands",2007,0.81
"NL","Netherlands",2008,0.81
"NL","Netherlands",2009,0.82
"NL","Netherlands",2010,0.82
"NL","Netherlands",2011,0.75
"NL","Netherlands",2012,0.71
"NL","Netherlands",2013,0.67
"NL","Netherlands",2014,0.64
"NZ","New Zealand",1960,0
"NZ","New Zealand",1961,0.23
"NZ","New Zealand",1962,0.18
"NZ","New Zealand",1963,0.18
"NZ","New Zealand",1964,0.19
"NZ","New Zealand",1965,0.18
"NZ","New Zealand",1966,0.17
"NZ","New Zealand",1967,0.17
"NZ","New Zealand",1968,0.21
"NZ","New Zealand",1969,0.22
"NZ","New Zealand",1970,0.23
"NZ","New Zealand",1971,0.23
"NZ","New Zealand",1972,0.25
"NZ","New Zealand",1973,0.22
"NZ","New Zealand",1974,0.32
"NZ","New Zealand",1975,0.52
"NZ","New Zealand",1976,0.41
"NZ","New Zealand",1977,0.39
"NZ","New Zealand",1978,0.34
"NZ","New Zealand",1979,0.34
"NZ","New Zealand",1980,0.33
"NZ","New Zealand",1981,0.29
"NZ","New Zealand",1982,0.28
"NZ","New Zealand",1983,0.28
"NZ","New Zealand",1984,0.25
"NZ","New Zealand",1985,0.25
"NZ","New Zealand",1986,0.3
"NZ","New Zealand",1987,0.26
"NZ","New Zealand",1988,0.27
"NZ","New Zealand",1989,0.22
"NZ","New Zealand",1990,0.23
"NZ","New Zealand",1991,0.25
"NZ","New Zealand",1992,0.26
"NZ","New Zealand",1993,0.25
"NZ","New Zealand",1994,0.24
"NZ","New Zealand",1995,0.23
"NZ","New Zealand",1996,0.21
"NZ","New Zealand",1997,0.26
"NZ","New Zealand",1998,0.27
"NZ","New Zealand",1999,0.27
"NZ","New Zealand",2000,0.25
"NZ","New Zealand",2001,0.25
"NZ","New Zealand",2002,0.22
"NZ","New Zealand",2003,0.23
"NZ","New Zealand",2004,0.23
"NZ","New Zealand",2005,0.27
"NZ","New Zealand",2006,0.27
"NZ","New Zealand",2007,0.27
"NZ","New Zealand",2008,0.3
"NZ","New Zealand",2009,0.28
"NZ","New Zealand",2010,0.26
"NZ","New Zealand",2011,0.28
"NZ","New Zealand",2012,0.28
"NZ","New Zealand",2013,0.26
"NZ","New Zealand",2014,0.27
"NO","Norway",1960,0.12
"NO","Norway",1961,0.14
"NO","Norway",1962,0.14
"NO","Norway",1963,0.17
"NO","Norway",1964,0.15
"NO","Norway",1965,0.16
"NO","Norway",1966,0.18
"NO","Norway",1967,0.17
"NO","Norway",1968,0.29
"NO","Norway",1969,0.3
"NO","Norway",1970,0.33
"NO","Norway",1971,0.34
"NO","Norway",1972,0.43
"NO","Norway",1973,0.45
"NO","Norway",1974,0.57
"NO","Norway",1975,0.65
"NO","Norway",1976,0.71
"NO","Norway",1977,0.84
"NO","Norway",1978,0.9
"NO","Norway",1979,0.95
"NO","Norway",1980,0.87
"NO","Norway",1981,0.85
"NO","Norway",1982,1.03
"NO","Norway",1983,1.1
"NO","Norway",1984,1.03
"NO","Norway",1985,1.01
"NO","Norway",1986,1.17
"NO","Norway",1987,1.09
"NO","Norway",1988,1.13
"NO","Norway",1989,1.05
"NO","Norway",1990,1.17
"NO","Norway",1991,1.13
"NO","Norway",1992,1.16
"NO","Norway",1993,1.01
"NO","Norway",1994,1.05
"NO","Norway",1995,0.86
"NO","Norway",1996,0.83
"NO","Norway",1997,0.84
"NO","Norway",1998,0.89
"NO","Norway",1999,0.88
"NO","Norway",2000,0.76
"NO","Norway",2001,0.8
"NO","Norway",2002,0.89
"NO","Norway",2003,0.92
"NO","Norway",2004,0.87
"NO","Norway",2005,0.94
"NO","Norway",2006,0.89
"NO","Norway",2007,0.95
"NO","Norway",2008,0.89
"NO","Norway",2009,1.06
"NO","Norway",2010,1.05
"NO","Norway",2011,0.96
"NO","Norway",2012,0.93
"NO","Norway",2013,1.07
"NO","Norway",2014,1
"PL","Poland",1960,0
"PL","Poland",1961,0
"PL","Poland",1962,0
"PL","Poland",1963,0
"PL","Poland",1964,0
"PL","Poland",1965,0
"PL","Poland",1966,0
"PL","Poland",1967,0
"PL","Poland",1968,0
"PL","Poland",1969,0
"PL","Poland",1970,0
"PL","Poland",1971,0
"PL","Poland",1972,0
"PL","Poland",1973,0
"PL","Poland",1974,0
"PL","Poland",1975,0
"PL","Poland",1976,0
"PL","Poland",1977,0
"PL","Poland",1978,0
"PL","Poland",1979,0
"PL","Poland",1980,0
"PL","Poland",1981,0
"PL","Poland",1982,0
"PL","Poland",1983,0
"PL","Poland",1984,0
"PL","Poland",1985,0
"PL","Poland",1986,0
"PL","Poland",1987,0
"PL","Poland",1988,0
"PL","Poland",1989,0
"PL","Poland",1990,0
"PL","Poland",1991,0
"PL","Poland",1992,0
"PL","Poland",1993,0
"PL","Poland",1994,0
"PL","Poland",1995,0
"PL","Poland",1996,0
"PL","Poland",1997,0
"PL","Poland",1998,0.01
"PL","Poland",1999,0.01
"PL","Poland",2000,0.02
"PL","Poland",2001,0.02
"PL","Poland",2002,0
"PL","Poland",2003,0.01
"PL","Poland",2004,0.05
"PL","Poland",2005,0.07
"PL","Poland",2006,0.09
"PL","Poland",2007,0.1
"PL","Poland",2008,0.08
"PL","Poland",2009,0.09
"PL","Poland",2010,0.08
"PL","Poland",2011,0.08
"PL","Poland",2012,0.09
"PL","Poland",2013,0.1
"PL","Poland",2014,0.09
"PT","Portugal",1960,0
"PT","Portugal",1961,0
"PT","Portugal",1962,0
"PT","Portugal",1963,0
"PT","Portugal",1964,0
"PT","Portugal",1965,0
"PT","Portugal",1966,0
"PT","Portugal",1967,0
"PT","Portugal",1968,0
"PT","Portugal",1969,0
"PT","Portugal",1970,0
"PT","Portugal",1971,0
"PT","Portugal",1972,0
"PT","Portugal",1973,0
"PT","Portugal",1974,0
"PT","Portugal",1975,0
"PT","Portugal",1976,0
"PT","Portugal",1977,0
"PT","Portugal",1978,0
"PT","Portugal",1979,0
"PT","Portugal",1980,0.02
"PT","Portugal",1981,0.03
"PT","Portugal",1982,0.02
"PT","Portugal",1983,0.06
"PT","Portugal",1984,0.04
"PT","Portugal",1985,0.05
"PT","Portugal",1986,0.08
"PT","Portugal",1987,0.11
"PT","Portugal",1988,0.21
"PT","Portugal",1989,0.25
"PT","Portugal",1990,0.24
"PT","Portugal",1991,0.3
"PT","Portugal",1992,0.35
"PT","Portugal",1993,0.28
"PT","Portugal",1994,0.34
"PT","Portugal",1995,0.25
"PT","Portugal",1996,0.21
"PT","Portugal",1997,0.25
"PT","Portugal",1998,0.24
"PT","Portugal",1999,0.26
"PT","Portugal",2000,0.26
"PT","Portugal",2001,0.25
"PT","Portugal",2002,0.27
"PT","Portugal",2003,0.22
"PT","Portugal",2004,0.63
"PT","Portugal",2005,0.21
"PT","Portugal",2006,0.21
"PT","Portugal",2007,0.22
"PT","Portugal",2008,0.27
"PT","Portugal",2009,0.23
"PT","Portugal",2010,0.29
"PT","Portugal",2011,0.31
"PT","Portugal",2012,0.28
"PT","Portugal",2013,0.23
"PT","Portugal",2014,0.19
"SK","Slovakia",1960,0
"SK","Slovakia",1961,0
"SK","Slovakia",1962,0
"SK","Slovakia",1963,0
"SK","Slovakia",1964,0
"SK","Slovakia",1965,0
"SK","Slovakia",1966,0
"SK","Slovakia",1967,0
"SK","Slovakia",1968,0
"SK","Slovakia",1969,0
"SK","Slovakia",1970,0
"SK","Slovakia",1971,0
"SK","Slovakia",1972,0
"SK","Slovakia",1973,0
"SK","Slovakia",1974,0
"SK","Slovakia",1975,0
"SK","Slovakia",1976,0
"SK","Slovakia",1977,0
"SK","Slovakia",1978,0
"SK","Slovakia",1979,0
"SK","Slovakia",1980,0
"SK","Slovakia",1981,0
"SK","Slovakia",1982,0
"SK","Slovakia",1983,0
"SK","Slovakia",1984,0
"SK","Slovakia",1985,0
"SK","Slovakia",1986,0
"SK","Slovakia",1987,0
"SK","Slovakia",1988,0
"SK","Slovakia",1989,0
"SK","Slovakia",1990,0
"SK","Slovakia",1991,0
"SK","Slovakia",1992,0
"SK","Slovakia",1993,0
"SK","Slovakia",1994,0
"SK","Slovakia",1995,0
"SK","Slovakia",1996,0
"SK","Slovakia",1997,0
"SK","Slovakia",1998,0
"SK","Slovakia",1999,0.04
"SK","Slovakia",2000,0.03
"SK","Slovakia",2001,0.04
"SK","Slovakia",2002,0.02
"SK","Slovakia",2003,0.05
"SK","Slovakia",2004,0.07
"SK","Slovakia",2005,0
"SK","Slovakia",2006,0.1
"SK","Slovakia",2007,0.09
"SK","Slovakia",2008,0.1
"SK","Slovakia",2009,0.09
"SK","Slovakia",2010,0.09
"SK","Slovakia",2011,0.09
"SK","Slovakia",2012,0.09
"SK","Slovakia",2013,0.09
"SK","Slovakia",2014,0.09
"SI","Slovenia",1960,0
"SI","Slovenia",1961,0
"SI","Slovenia",1962,0
"SI","Slovenia",1963,0
"SI","Slovenia",1964,0
"SI","Slovenia",1965,0
"SI","Slovenia",1966,0
"SI","Slovenia",1967,0
"SI","Slovenia",1968,0
"SI","Slovenia",1969,0
"SI","Slovenia",1970,0
"SI","Slovenia",1971,0
"SI","Slovenia",1972,0
"SI","Slovenia",1973,0
"SI","Slovenia",1974,0
"SI","Slovenia",1975,0
"SI","Slovenia",1976,0
"SI","Slovenia",1977,0
"SI","Slovenia",1978,0
"SI","Slovenia",1979,0
"SI","Slovenia",1980,0
"SI","Slovenia",1981,0
"SI","Slovenia",1982,0
"SI","Slovenia",1983,0
"SI","Slovenia",1984,0
"SI","Slovenia",1985,0
"SI","Slovenia",1986,0
"SI","Slovenia",1987,0
"SI","Slovenia",1988,0
"SI","Slovenia",1989,0
"SI","Slovenia",1990,0
"SI","Slovenia",1991,0
"SI","Slovenia",1992,0
"SI","Slovenia",1993,0
"SI","Slovenia",1994,0
"SI","Slovenia",1995,0
"SI","Slovenia",1996,0
"SI","Slovenia",1997,0
"SI","Slovenia",1998,0
"SI","Slovenia",1999,0
"SI","Slovenia",2000,0
"SI","Slovenia",2001,0
"SI","Slovenia",2002,0
"SI","Slovenia",2003,0
"SI","Slovenia",2004,0
"SI","Slovenia",2005,0.11
"SI","Slovenia",2006,0.12
"SI","Slovenia",2007,0.12
"SI","Slovenia",2008,0.13
"SI","Slovenia",2009,0.15
"SI","Slovenia",2010,0.13
"SI","Slovenia",2011,0.13
"SI","Slovenia",2012,0.13
"SI","Slovenia",2013,0.13
"SI","Slovenia",2014,0.13
"KR","South Korea",1960,0
"KR","South Korea",1961,0
"KR","South Korea",1962,0
"KR","South Korea",1963,0
"KR","South Korea",1964,0
"KR","South Korea",1965,0
"KR","South Korea",1966,0
"KR","South Korea",1967,0
"KR","South Korea",1968,0
"KR","South Korea",1969,0
"KR","South Korea",1970,0
"KR","South Korea",1971,0
"KR","South Korea",1972,0
"KR","South Korea",1973,0
"KR","South Korea",1974,0
"KR","South Korea",1975,0
"KR","South Korea",1976,0
"KR","South Korea",1977,0
"KR","South Korea",1978,0
"KR","South Korea",1979,0
"KR","South Korea",1980,0
"KR","South Korea",1981,0
"KR","South Korea",1982,0
"KR","South Korea",1983,0
"KR","South Korea",1984,0
"KR","South Korea",1985,0
"KR","South Korea",1986,0
"KR","South Korea",1987,0.02
"KR","South Korea",1988,0.02
"KR","South Korea",1989,0.02
"KR","South Korea",1990,0.02
"KR","South Korea",1991,0.02
"KR","South Korea",1992,0.02
"KR","South Korea",1993,0.03
"KR","South Korea",1994,0.03
"KR","South Korea",1995,0.02
"KR","South Korea",1996,0.03
"KR","South Korea",1997,0.04
"KR","South Korea",1998,0.05
"KR","South Korea",1999,0.07
"KR","South Korea",2000,0.04
"KR","South Korea",2001,0.06
"KR","South Korea",2002,0.05
"KR","South Korea",2003,0.06
"KR","South Korea",2004,0.06
"KR","South Korea",2005,0.1
"KR","South Korea",2006,0.05
"KR","South Korea",2007,0.07
"KR","South Korea",2008,0.09
"KR","South Korea",2009,0.1
"KR","South Korea",2010,0.12
"KR","South Korea",2011,0.12
"KR","South Korea",2012,0.14
"KR","South Korea",2013,0.13
"KR","South Korea",2014,0.13
"ES","Spain",1960,0
"ES","Spain",1961,0
"ES","Spain",1962,0
"ES","Spain",1963,0
"ES","Spain",1964,0
"ES","Spain",1965,0
"ES","Spain",1966,0
"ES","Spain",1967,0
"ES","Spain",1968,0
"ES","Spain",1969,0
"ES","Spain",1970,0
"ES","Spain",1971,0
"ES","Spain",1972,0
"ES","Spain",1973,0
"ES","Spain",1974,0
"ES","Spain",1975,0
"ES","Spain",1976,0
"ES","Spain",1977,0
"ES","Spain",1978,0
"ES","Spain",1979,0
"ES","Spain",1980,0.08
"ES","Spain",1981,0.13
"ES","Spain",1982,0.13
"ES","Spain",1983,0.04
"ES","Spain",1984,0.09
"ES","Spain",1985,0.1
"ES","Spain",1986,0.09
"ES","Spain",1987,0.08
"ES","Spain",1988,0.07
"ES","Spain",1989,0.14
"ES","Spain",1990,0.2
"ES","Spain",1991,0.24
"ES","Spain",1992,0.27
"ES","Spain",1993,0.28
"ES","Spain",1994,0.28
"ES","Spain",1995,0.24
"ES","Spain",1996,0.22
"ES","Spain",1997,0.24
"ES","Spain",1998,0.24
"ES","Spain",1999,0.23
"ES","Spain",2000,0.22
"ES","Spain",2001,0.3
"ES","Spain",2002,0.26
"ES","Spain",2003,0.23
"ES","Spain",2004,0.24
"ES","Spain",2005,0.27
"ES","Spain",2006,0.32
"ES","Spain",2007,0.37
"ES","Spain",2008,0.45
"ES","Spain",2009,0.46
"ES","Spain",2010,0.43
"ES","Spain",2011,0.29
"ES","Spain",2012,0.16
"ES","Spain",2013,0.17
"ES","Spain",2014,0.13
"SE","Sweden",1960,0.05
"SE","Sweden",1961,0.06
"SE","Sweden",1962,0.12
"SE","Sweden",1963,0.14
"SE","Sweden",1964,0.18
"SE","Sweden",1965,0.19
"SE","Sweden",1966,0.25
"SE","Sweden",1967,0.25
"SE","Sweden",1968,0.28
"SE","Sweden",1969,0.43
"SE","Sweden",1970,0.35
"SE","Sweden",1971,0.44
"SE","Sweden",1972,0.46
"SE","Sweden",1973,0.53
"SE","Sweden",1974,0.69
"SE","Sweden",1975,0.78
"SE","Sweden",1976,0.78
"SE","Sweden",1977,0.95
"SE","Sweden",1978,0.86
"SE","Sweden",1979,0.92
"SE","Sweden",1980,0.78
"SE","Sweden",1981,0.83
"SE","Sweden",1982,1.02
"SE","Sweden",1983,0.84
"SE","Sweden",1984,0.8
"SE","Sweden",1985,0.86
"SE","Sweden",1986,0.85
"SE","Sweden",1987,0.88
"SE","Sweden",1988,0.86
"SE","Sweden",1989,0.96
"SE","Sweden",1990,0.91
"SE","Sweden",1991,0.9
"SE","Sweden",1992,1.03
"SE","Sweden",1993,0.99
"SE","Sweden",1994,0.97
"SE","Sweden",1995,0.77
"SE","Sweden",1996,0.84
"SE","Sweden",1997,0.79
"SE","Sweden",1998,0.72
"SE","Sweden",1999,0.7
"SE","Sweden",2000,0.8
"SE","Sweden",2001,0.77
"SE","Sweden",2002,0.84
"SE","Sweden",2003,0.8
"SE","Sweden",2004,0.78
"SE","Sweden",2005,0.94
"SE","Sweden",2006,1.02
"SE","Sweden",2007,0.94
"SE","Sweden",2008,0.98
"SE","Sweden",2009,1.12
"SE","Sweden",2010,0.97
"SE","Sweden",2011,1.02
"SE","Sweden",2012,0.97
"SE","Sweden",2013,1.01
"SE","Sweden",2014,1.09
"CH","Switzerland",1960,0.04
"CH","Switzerland",1961,0.08
"CH","Switzerland",1962,0.05
"CH","Switzerland",1963,0.05
"CH","Switzerland",1964,0.07
"CH","Switzerland",1965,0.09
"CH","Switzerland",1966,0.09
"CH","Switzerland",1967,0.08
"CH","Switzerland",1968,0.14
"CH","Switzerland",1969,0.16
"CH","Switzerland",1970,0.14
"CH","Switzerland",1971,0.11
"CH","Switzerland",1972,0.21
"CH","Switzerland",1973,0.15
"CH","Switzerland",1974,0.14
"CH","Switzerland",1975,0.19
"CH","Switzerland",1976,0.19
"CH","Switzerland",1977,0.19
"CH","Switzerland",1978,0.2
"CH","Switzerland",1979,0.21
"CH","Switzerland",1980,0.24
"CH","Switzerland",1981,0.24
"CH","Switzerland",1982,0.25
"CH","Switzerland",1983,0.31
"CH","Switzerland",1984,0.3
"CH","Switzerland",1985,0.31
"CH","Switzerland",1986,0.3
"CH","Switzerland",1987,0.31
"CH","Switzerland",1988,0.32
"CH","Switzerland",1989,0.3
"CH","Switzerland",1990,0.3
"CH","Switzerland",1991,0.34
"CH","Switzerland",1992,0.43
"CH","Switzerland",1993,0.31
"CH","Switzerland",1994,0.35
"CH","Switzerland",1995,0.33
"CH","Switzerland",1996,0.32
"CH","Switzerland",1997,0.32
"CH","Switzerland",1998,0.31
"CH","Switzerland",1999,0.34
"CH","Switzerland",2000,0.32
"CH","Switzerland",2001,0.33
"CH","Switzerland",2002,0.32
"CH","Switzerland",2003,0.36
"CH","Switzerland",2004,0.39
"CH","Switzerland",2005,0.42
"CH","Switzerland",2006,0.38
"CH","Switzerland",2007,0.37
"CH","Switzerland",2008,0.42
"CH","Switzerland",2009,0.44
"CH","Switzerland",2010,0.39
"CH","Switzerland",2011,0.46
"CH","Switzerland",2012,0.47
"CH","Switzerland",2013,0.46
"CH","Switzerland",2014,0.51
"GB","UK",1960,0.56
"GB","UK",1961,0.59
"GB","UK",1962,0.52
"GB","UK",1963,0.48
"GB","UK",1964,0.53
"GB","UK",1965,0.47
"GB","UK",1966,0.45
"GB","UK",1967,0.44
"GB","UK",1968,0.4
"GB","UK",1969,0.43
"GB","UK",1970,0.39
"GB","UK",1971,0.44
"GB","UK",1972,0.42
"GB","UK",1973,0.36
"GB","UK",1974,0.4
"GB","UK",1975,0.38
"GB","UK",1976,0.39
"GB","UK",1977,0.44
"GB","UK",1978,0.46
"GB","UK",1979,0.52
"GB","UK",1980,0.35
"GB","UK",1981,0.43
"GB","UK",1982,0.37
"GB","UK",1983,0.35
"GB","UK",1984,0.33
"GB","UK",1985,0.33
"GB","UK",1986,0.31
"GB","UK",1987,0.28
"GB","UK",1988,0.32
"GB","UK",1989,0.31
"GB","UK",1990,0.27
"GB","UK",1991,0.32
"GB","UK",1992,0.31
"GB","UK",1993,0.31
"GB","UK",1994,0.31
"GB","UK",1995,0.29
"GB","UK",1996,0.27
"GB","UK",1997,0.26
"GB","UK",1998,0.27
"GB","UK",1999,0.24
"GB","UK",2000,0.32
"GB","UK",2001,0.32
"GB","UK",2002,0.31
"GB","UK",2003,0.34
"GB","UK",2004,0.36
"GB","UK",2005,0.47
"GB","UK",2006,0.51
"GB","UK",2007,0.36
"GB","UK",2008,0.43
"GB","UK",2009,0.51
"GB","UK",2010,0.57
"GB","UK",2011,0.56
"GB","UK",2012,0.56
"GB","UK",2013,0.71
"GB","UK",2014,0.7
"US","USA",1960,0.54
"US","USA",1961,0.57
"US","USA",1962,0.58
"US","USA",1963,0.6
"US","USA",1964,0.56
"US","USA",1965,0.58
"US","USA",1966,0.5
"US","USA",1967,0.41
"US","USA",1968,0.44
"US","USA",1969,0.36
"US","USA",1970,0.32
"US","USA",1971,0.29
"US","USA",1972,0.33
"US","USA",1973,0.2
"US","USA",1974,0.26
"US","USA",1975,0.27
"US","USA",1976,0.25
"US","USA",1977,0.24
"US","USA",1978,0.26
"US","USA",1979,0.19
"US","USA",1980,0.27
"US","USA",1981,0.19
"US","USA",1982,0.27
"US","USA",1983,0.24
"US","USA",1984,0.24
"US","USA",1985,0.24
"US","USA",1986,0.23
"US","USA",1987,0.2
"US","USA",1988,0.21
"US","USA",1989,0.15
"US","USA",1990,0.21
"US","USA",1991,0.2
"US","USA",1992,0.2
"US","USA",1993,0.15
"US","USA",1994,0.14
"US","USA",1995,0.1
"US","USA",1996,0.12
"US","USA",1997,0.09
"US","USA",1998,0.1
"US","USA",1999,0.1
"US","USA",2000,0.1
"US","USA",2001,0.11
"US","USA",2002,0.13
"US","USA",2003,0.15
"US","USA",2004,0.17
"US","USA",2005,0.23
"US","USA",2006,0.18
"US","USA",2007,0.16
"US","USA",2008,0.18
"US","USA",2009,0.21
"US","USA",2010,0.2
"US","USA",2011,0.2
"US","USA",2012,0.19
"US","USA",2013,0.18
"US","USA",2014,0.19
