"id","entity-name","year","budget-type","value"
"d314","Abim",2012,"budget",11.8733461862
"d314","Abim",2013,"budget",8.8922098912
"d314","Abim",2014,"budget",5.9528841129
"d314","Abim",2015,"budget",2.9559526605
"d314","Abim",2016,"budget",2.6291486883
"d301","Adjumani",2012,"budget",8.188506523
"d301","Adjumani",2013,"budget",8.6834036212
"d301","Adjumani",2014,"budget",7.2503439728
"d301","Adjumani",2015,"budget",4.005327384
"d301","Adjumani",2016,"budget",4.003640323
"d322","Agago",2013,"budget",10.79292382
"d322","Agago",2014,"budget",9.3759768137
"d322","Agago",2015,"budget",3.582558737
"d322","Agago",2016,"budget",3.7119441578
"d323","Alebtong",2012,"budget",10.4333389727
"d323","Alebtong",2013,"budget",7.7999872619
"d323","Alebtong",2014,"budget",7.8121130973
"d323","Alebtong",2015,"budget",3.247486469
"d323","Alebtong",2016,"budget",3.9226872321
"d315","Amolatar",2012,"budget",9.5188614111
"d315","Amolatar",2013,"budget",15.2069806029
"d315","Amolatar",2014,"budget",8.4795016755
"d315","Amolatar",2015,"budget",3.5958349056
"d315","Amolatar",2016,"budget",3.4687653005
"d324","Amudat",2013,"budget",8.9735449092
"d324","Amudat",2014,"budget",10.2293977721
"d324","Amudat",2015,"budget",4.5320120137
"d324","Amudat",2016,"budget",4.374069295
"d216","Amuria",2012,"budget",10.7700257052
"d216","Amuria",2013,"budget",11.1416565552
"d216","Amuria",2014,"budget",9.844253154
"d216","Amuria",2015,"budget",4.7842770384
"d216","Amuria",2016,"budget",4.7747353841
"d316","Amuru",2013,"budget",4.5777938285
"d316","Amuru",2014,"budget",4.6506229551
"d316","Amuru",2015,"budget",2.5981629704
"d316","Amuru",2016,"budget",2.8722364409
"d302","Apac",2012,"budget",7.1859545659
"d302","Apac",2013,"budget",7.3400056012
"d302","Apac",2014,"budget",5.0278434783
"d302","Apac",2015,"budget",2.4715471017
"d302","Apac",2016,"budget",2.5618290986
"d303","Arua",2012,"budget",5.6118398488
"d303","Arua",2013,"budget",6.8145866884
"d303","Arua",2014,"budget",5.1777449387
"d303","Arua",2015,"budget",2.2547798879
"d303","Arua",2016,"budget",2.364409314
"d217","Budaka",2012,"budget",7.1296116299
"d217","Budaka",2013,"budget",9.9102123236
"d217","Budaka",2014,"budget",8.6152999842
"d217","Budaka",2015,"budget",3.5665979754
"d217","Budaka",2016,"budget",3.7222634422
"d218","Bududa",2012,"budget",9.7678327083
"d218","Bududa",2013,"budget",13.1241993219
"d218","Bududa",2014,"budget",15.4429583155
"d218","Bududa",2015,"budget",4.4283996886
"d218","Bududa",2016,"budget",4.5796358311
"d201","Bugiri",2012,"budget",9.5850093142
"d201","Bugiri",2013,"budget",7.109693889
"d201","Bugiri",2014,"budget",6.7387549602
"d201","Bugiri",2015,"budget",3.4994573742
"d201","Bugiri",2016,"budget",4.2979102726
"d420","Buhweju",2012,"budget",11.060959275
"d420","Buhweju",2013,"budget",11.2466654938
"d420","Buhweju",2014,"budget",11.3484807761
"d420","Buhweju",2015,"budget",4.7375428169
"d420","Buhweju",2016,"budget",5.1524625642
"d117","Buikwe",2012,"budget",6.3962600473
"d117","Buikwe",2013,"budget",7.7786964599
"d117","Buikwe",2014,"budget",6.3754634928
"d117","Buikwe",2015,"budget",2.6348392653
"d117","Buikwe",2016,"budget",2.7001841435
"d219","Bukedea",2012,"budget",7.4737101761
"d219","Bukedea",2013,"budget",7.0374540072
"d219","Bukedea",2014,"budget",7.0821472983
"d219","Bukedea",2015,"budget",3.6562532343
"d219","Bukedea",2016,"budget",3.7999534128
"d118","Bukomansimbi",2012,"budget",8.9502621899
"d118","Bukomansimbi",2013,"budget",6.5178004886
"d118","Bukomansimbi",2014,"budget",5.8350642386
"d118","Bukomansimbi",2015,"budget",2.9585468284
"d220","Bukwo",2012,"budget",8.6382885043
"d220","Bukwo",2013,"budget",8.5813372523
"d220","Bukwo",2014,"budget",10.37349718
"d220","Bukwo",2015,"budget",3.4775157001
"d220","Bukwo",2016,"budget",3.1961290672
"d225","Bulambuli",2012,"budget",14.6294114743
"d225","Bulambuli",2013,"budget",18.1485692125
"d225","Bulambuli",2014,"budget",15.5507605256
"d225","Bulambuli",2015,"budget",5.7884224821
"d225","Bulambuli",2016,"budget",6.2429095641
"d416","Buliisa",2012,"budget",9.2403404496
"d416","Buliisa",2013,"budget",11.2693001912
"d416","Buliisa",2014,"budget",7.3566546587
"d416","Buliisa",2015,"budget",3.1862667799
"d416","Buliisa",2016,"budget",3.6849310829
"d401","Bundibugyo",2012,"budget",9.3127861731
"d401","Bundibugyo",2013,"budget",11.5949247489
"d401","Bundibugyo",2014,"budget",10.5430706134
"d401","Bundibugyo",2015,"budget",4.6008699742
"d401","Bundibugyo",2016,"budget",3.7271565299
"d402","Bushenyi",2012,"budget",7.2754698377
"d402","Bushenyi",2013,"budget",7.00401986
"d402","Bushenyi",2014,"budget",6.0513580317
"d402","Bushenyi",2015,"budget",2.3526616422
"d402","Bushenyi",2016,"budget",2.383544741
"d202","Busia",2012,"budget",7.9961090749
"d202","Busia",2013,"budget",10.5982989181
"d202","Busia",2014,"budget",6.6627112454
"d202","Busia",2015,"budget",2.9368511334
"d202","Busia",2016,"budget",3.0196079619
"d221","Butaleja",2012,"budget",7.3166629839
"d221","Butaleja",2013,"budget",9.1397725546
"d221","Butaleja",2014,"budget",7.7790183894
"d221","Butaleja",2015,"budget",3.0163071545
"d221","Butaleja",2016,"budget",2.9766958538
"d119","Butambala",2012,"budget",9.3105241105
"d119","Butambala",2013,"budget",6.1903532609
"d119","Butambala",2014,"budget",5.0887135803
"d119","Butambala",2015,"budget",1.6713968024
"d119","Butambala",2016,"budget",1.6748626991
"d120","Buvuma",2013,"budget",16.9205024303
"d120","Buvuma",2014,"budget",14.6687930345
"d120","Buvuma",2015,"budget",6.7036233726
"d120","Buvuma",2016,"budget",7.1972556143
"d226","Buyende",2012,"budget",11.1768355873
"d226","Buyende",2013,"budget",8.6778192792
"d226","Buyende",2014,"budget",7.9231328491
"d226","Buyende",2015,"budget",3.2368321909
"d226","Buyende",2016,"budget",3.2856271842
"d317","Dokolo",2013,"budget",9.450783712
"d317","Dokolo",2014,"budget",7.6829685381
"d317","Dokolo",2015,"budget",3.2099012111
"d317","Dokolo",2016,"budget",3.3159084789
"d121","Gomba",2012,"budget",10.0781210284
"d121","Gomba",2013,"budget",7.6315496049
"d121","Gomba",2014,"budget",7.9423693859
"d121","Gomba",2015,"budget",3.0021716188
"d121","Gomba",2016,"budget",2.7327889703
"d304","Gulu",2012,"budget",6.4135002767
"d304","Gulu",2013,"budget",4.9696141412
"d304","Gulu",2014,"budget",5.4073506881
"d304","Gulu",2015,"budget",1.7262667069
"d304","Gulu",2016,"budget",2.1162099333
"d403","Hoima",2012,"budget",8.6728173875
"d403","Hoima",2013,"budget",8.0874417986
"d403","Hoima",2014,"budget",6.2989361187
"d403","Hoima",2015,"budget",2.0956520758
"d403","Hoima",2016,"budget",2.4625199432
"d417","Ibanda",2012,"budget",8.4017209974
"d417","Ibanda",2013,"budget",9.5242889642
"d417","Ibanda",2014,"budget",9.1551322441
"d417","Ibanda",2015,"budget",4.3272104415
"d417","Ibanda",2016,"budget",3.6832593278
"d203","Iganga",2012,"budget",6.0944234253
"d203","Iganga",2013,"budget",5.744751533
"d203","Iganga",2015,"budget",2.3155316675
"d203","Iganga",2016,"budget",2.3542088206
"d418","Isingiro",2012,"budget",10.243690773
"d418","Isingiro",2013,"budget",10.4062491731
"d418","Isingiro",2014,"budget",8.5715704389
"d418","Isingiro",2015,"budget",3.2608952248
"d418","Isingiro",2016,"budget",3.3931360173
"d204","Jinja",2012,"budget",4.5151786302
"d204","Jinja",2013,"budget",6.0416291829
"d204","Jinja",2015,"budget",1.4990796377
"d204","Jinja",2016,"budget",1.8595613007
"d318","Kaabong",2012,"budget",9.7795810249
"d318","Kaabong",2013,"budget",12.1275186195
"d318","Kaabong",2014,"budget",9.1979133384
"d318","Kaabong",2015,"budget",6.1121697614
"d318","Kaabong",2016,"budget",6.3149624849
"d404","Kabale",2013,"budget",6.3713723748
"d404","Kabale",2014,"budget",7.4573501411
"d404","Kabale",2015,"budget",5.8850421145
"d404","Kabale",2016,"budget",6.0903558114
"d405","Kabarole",2012,"budget",7.3550125034
"d405","Kabarole",2013,"budget",7.1856186531
"d405","Kabarole",2014,"budget",7.0790300064
"d405","Kabarole",2015,"budget",2.457319284
"d405","Kabarole",2016,"budget",2.6303882313
"d213","Kaberamaido",2012,"budget",7.7569134587
"d213","Kaberamaido",2013,"budget",8.1980189765
"d213","Kaberamaido",2014,"budget",9.3387977897
"d213","Kaberamaido",2015,"budget",5.6123944214
"d213","Kaberamaido",2016,"budget",5.2268154886
"d101","Kalangala",2012,"budget",19.4286001497
"d101","Kalangala",2013,"budget",14.7211621314
"d101","Kalangala",2014,"budget",19.634605851
"d101","Kalangala",2015,"budget",12.4496856368
"d101","Kalangala",2016,"budget",16.1122376939
"d222","Kaliro",2012,"budget",8.7588458979
"d222","Kaliro",2013,"budget",6.7177755028
"d222","Kaliro",2014,"budget",6.2501848216
"d222","Kaliro",2015,"budget",2.6800568957
"d222","Kaliro",2016,"budget",2.5698900722
"d122","Kalungu",2012,"budget",7.3746937033
"d122","Kalungu",2013,"budget",5.8273738288
"d122","Kalungu",2014,"budget",5.3083274749
"d122","Kalungu",2015,"budget",1.6479605751
"d122","Kalungu",2016,"budget",1.6284100442
"d205","Kamuli",2012,"budget",7.6399693665
"d205","Kamuli",2013,"budget",7.0947080953
"d205","Kamuli",2014,"budget",6.329421772
"d205","Kamuli",2015,"budget",2.6610069428
"d205","Kamuli",2016,"budget",2.7786140667
"d413","Kamwenge",2012,"budget",13.0536543651
"d413","Kamwenge",2013,"budget",11.6357403754
"d413","Kamwenge",2014,"budget",8.8756071755
"d413","Kamwenge",2015,"budget",3.5156283773
"d413","Kamwenge",2016,"budget",3.8423517174
"d414","Kanungu",2012,"budget",9.3258823462
"d414","Kanungu",2013,"budget",8.5212854995
"d414","Kanungu",2014,"budget",7.6134721791
"d414","Kanungu",2015,"budget",3.0573297568
"d414","Kanungu",2016,"budget",3.1098435126
"d206","Kapchorwa",2012,"budget",13.3034218561
"d206","Kapchorwa",2013,"budget",11.7309862975
"d206","Kapchorwa",2014,"budget",11.1486499498
"d206","Kapchorwa",2015,"budget",4.4568187397
"d206","Kapchorwa",2016,"budget",4.6514623199
"d406","Kasese",2012,"budget",9.2737050951
"d406","Kasese",2013,"budget",7.3086487038
"d406","Kasese",2014,"budget",6.2159912117
"d406","Kasese",2015,"budget",4.3821209272
"d406","Kasese",2016,"budget",4.1609321606
"d207","Katakwi",2012,"budget",8.2681208926
"d207","Katakwi",2013,"budget",10.0725961775
"d207","Katakwi",2014,"budget",7.7392729165
"d207","Katakwi",2015,"budget",3.649594552
"d207","Katakwi",2016,"budget",3.8955935389
"d112","Kayunga",2012,"budget",0
"d112","Kayunga",2013,"budget",5.4296971151
"d112","Kayunga",2014,"budget",5.9113793778
"d112","Kayunga",2015,"budget",3.0440563239
"d112","Kayunga",2016,"budget",3.1073596049
"d407","Kibaale",2012,"budget",12.5566374076
"d407","Kibaale",2013,"budget",13.4947693954
"d407","Kibaale",2014,"budget",10.5923314638
"d407","Kibaale",2015,"budget",3.937115595
"d407","Kibaale",2016,"budget",4.1290189216
"d103","Kiboga",2012,"budget",9.5277498738
"d103","Kiboga",2013,"budget",10.3282270124
"d103","Kiboga",2014,"budget",9.6110306118
"d103","Kiboga",2015,"budget",5.2586002191
"d103","Kiboga",2016,"budget",5.3111099925
"d227","Kibuku",2012,"budget",8.8101016079
"d227","Kibuku",2013,"budget",10.4078741685
"d227","Kibuku",2014,"budget",9.1998998973
"d227","Kibuku",2015,"budget",3.3190072266
"d227","Kibuku",2016,"budget",3.3888277649
"d419","Kiruhura",2012,"budget",11.2271463038
"d419","Kiruhura",2013,"budget",11.4294006221
"d419","Kiruhura",2014,"budget",10.8176769849
"d419","Kiruhura",2015,"budget",4.0394940318
"d419","Kiruhura",2016,"budget",4.1062813707
"d421","Kiryandongo",2012,"budget",9.2526675712
"d421","Kiryandongo",2013,"budget",8.2828612025
"d421","Kiryandongo",2014,"budget",8.1578964938
"d421","Kiryandongo",2015,"budget",4.7336677792
"d421","Kiryandongo",2016,"budget",4.9352431641
"d408","Kisoro",2012,"budget",8.2787646268
"d408","Kisoro",2013,"budget",6.6053969374
"d408","Kisoro",2014,"budget",5.9483566656
"d408","Kisoro",2015,"budget",2.7323315693
"d408","Kisoro",2016,"budget",2.7775026706
"d305","Kitgum",2012,"budget",7.3203291564
"d305","Kitgum",2013,"budget",6.6371182127
"d305","Kitgum",2014,"budget",6.0831405756
"d305","Kitgum",2015,"budget",4.090159435
"d305","Kitgum",2016,"budget",3.2175795441
"d319","Koboko",2012,"budget",6.6601091781
"d319","Koboko",2013,"budget",7.9561237137
"d319","Koboko",2014,"budget",7.1209922467
"d319","Koboko",2015,"budget",2.8808500134
"d319","Koboko",2016,"budget",3.5218317138
"d325","Kole",2012,"budget",8.3082826777
"d325","Kole",2013,"budget",8.8563528731
"d325","Kole",2014,"budget",7.9977934872
"d325","Kole",2015,"budget",2.5606681409
"d325","Kole",2016,"budget",2.9532781762
"d306","Kotido",2012,"budget",6.808096671
"d306","Kotido",2013,"budget",9.5380883665
"d306","Kotido",2014,"budget",8.6017488994
"d306","Kotido",2015,"budget",5.3178799457
"d306","Kotido",2016,"budget",5.3133721099
"d208","Kumi",2012,"budget",7.329428945
"d208","Kumi",2013,"budget",6.8574078931
"d208","Kumi",2014,"budget",7.4979149087
"d208","Kumi",2015,"budget",3.9652959404
"d208","Kumi",2016,"budget",3.8691434507
"d228","Kween",2012,"budget",15.6116262138
"d228","Kween",2013,"budget",12.2835974255
"d228","Kween",2014,"budget",12.5234181486
"d228","Kween",2015,"budget",6.6741319891
"d228","Kween",2016,"budget",5.4881065014
"d123","Kyankwanzi",2012,"budget",10.5644178772
"d123","Kyankwanzi",2013,"budget",12.4383404695
"d123","Kyankwanzi",2014,"budget",12.9885969671
"d123","Kyankwanzi",2015,"budget",4.7878444518
"d123","Kyankwanzi",2016,"budget",5.4593133954
"d422","Kyegegwa",2012,"budget",8.9949886265
"d422","Kyegegwa",2013,"budget",9.0077430467
"d422","Kyegegwa",2014,"budget",9.9895457291
"d422","Kyegegwa",2015,"budget",6.0623590846
"d422","Kyegegwa",2016,"budget",5.9577150559
"d415","Kyenjojo",2012,"budget",9.7530114332
"d415","Kyenjojo",2013,"budget",13.5311667224
"d415","Kyenjojo",2014,"budget",10.8726612672
"d415","Kyenjojo",2015,"budget",8.498934221
"d415","Kyenjojo",2016,"budget",10.1533657044
"d326","Lamwo",2012,"budget",13.4982933476
"d326","Lamwo",2013,"budget",8.0107812486
"d326","Lamwo",2014,"budget",8.7539115751
"d326","Lamwo",2015,"budget",4.250874486
"d326","Lamwo",2016,"budget",5.4818432206
"d307","Lira",2012,"budget",4.7355298871
"d307","Lira",2013,"budget",5.6636595139
"d307","Lira",2015,"budget",2.8547747939
"d307","Lira",2016,"budget",2.7682886931
"d229","Luuka",2012,"budget",8.1940102573
"d229","Luuka",2013,"budget",7.6768161679
"d229","Luuka",2014,"budget",7.0690997926
"d229","Luuka",2015,"budget",2.6367126122
"d104","Luwero",2012,"budget",7.7981411334
"d104","Luwero",2013,"budget",7.0681707735
"d104","Luwero",2014,"budget",5.1825479879
"d104","Luwero",2015,"budget",2.0445568845
"d104","Luwero",2016,"budget",2.0613561044
"d124","Lwengo",2012,"budget",7.7465258591
"d124","Lwengo",2013,"budget",6.8929395805
"d124","Lwengo",2014,"budget",6.2389190095
"d124","Lwengo",2015,"budget",3.2070149997
"d124","Lwengo",2016,"budget",3.0858096039
"d114","Lyantonde",2012,"budget",11.5814927511
"d114","Lyantonde",2013,"budget",9.734074213
"d114","Lyantonde",2014,"budget",9.0381599582
"d114","Lyantonde",2015,"budget",3.778379705
"d114","Lyantonde",2016,"budget",3.5734999787
"d223","Manafwa",2012,"budget",10.4385673114
"d223","Manafwa",2013,"budget",11.7000588437
"d223","Manafwa",2014,"budget",10.5403348498
"d223","Manafwa",2015,"budget",4.0499758177
"d223","Manafwa",2016,"budget",3.8447845554
"d320","Maracha",2012,"budget",11.689420675
"d320","Maracha",2013,"budget",10.1157087998
"d320","Maracha",2014,"budget",9.119456667
"d320","Maracha",2015,"budget",5.0366322088
"d320","Maracha",2016,"budget",5.2171762874
"d105","Masaka",2012,"budget",6.9414907813
"d105","Masaka",2013,"budget",6.2790484213
"d105","Masaka",2015,"budget",3.067347184
"d105","Masaka",2016,"budget",2.8866295571
"d409","Masindi",2012,"budget",9.6218045864
"d409","Masindi",2013,"budget",3.0060936874
"d409","Masindi",2015,"budget",4.3059161894
"d409","Masindi",2016,"budget",3.4782401732
"d214","Mayuge",2012,"budget",10.3165899701
"d214","Mayuge",2013,"budget",10.5917906567
"d214","Mayuge",2014,"budget",6.6722317817
"d214","Mayuge",2015,"budget",2.772729953
"d214","Mayuge",2016,"budget",3.1014190559
"d209","Mbale",2012,"budget",7.4470377878
"d209","Mbale",2013,"budget",6.2406895696
"d209","Mbale",2015,"budget",2.8558108704
"d209","Mbale",2016,"budget",2.5847400875
"d410","Mbarara",2012,"budget",5.8144973651
"d410","Mbarara",2013,"budget",5.9750040833
"d410","Mbarara",2015,"budget",1.9212885911
"d410","Mbarara",2016,"budget",1.8616388924
"d423","Mitooma",2012,"budget",8.5638462255
"d423","Mitooma",2013,"budget",10.1836044972
"d423","Mitooma",2014,"budget",8.7146673462
"d423","Mitooma",2015,"budget",3.0661074903
"d423","Mitooma",2016,"budget",3.6169335237
"d115","Mityana",2012,"budget",10.6037187463
"d115","Mityana",2013,"budget",7.9748510185
"d115","Mityana",2014,"budget",6.8903483517
"d115","Mityana",2015,"budget",4.9023062506
"d115","Mityana",2016,"budget",2.3115829936
"d308","Moroto",2012,"budget",7.175135313
"d308","Moroto",2013,"budget",6.2660405748
"d308","Moroto",2014,"budget",18.8012206824
"d309","Moyo",2012,"budget",9.3159803715
"d309","Moyo",2013,"budget",9.3411052799
"d309","Moyo",2014,"budget",9.1525444765
"d309","Moyo",2015,"budget",4.9001833024
"d309","Moyo",2016,"budget",5.2763644288
"d106","Mpigi",2012,"budget",8.9636314104
"d106","Mpigi",2013,"budget",9.7915445325
"d106","Mpigi",2014,"budget",10.5047466778
"d106","Mpigi",2015,"budget",6.750096741
"d106","Mpigi",2016,"budget",4.7211463044
"d107","Mubende",2012,"budget",10.2311129323
"d107","Mubende",2013,"budget",9.8902400881
"d107","Mubende",2014,"budget",10.19203418
"d107","Mubende",2015,"budget",4.0053207008
"d107","Mubende",2016,"budget",5.3721627561
"d108","Mukono",2012,"budget",8.1863330893
"d108","Mukono",2015,"budget",1.9820329841
"d108","Mukono",2016,"budget",0.0923461719
"d311","Nakapiripirit",2012,"budget",7.4543835334
"d311","Nakapiripirit",2013,"budget",6.8365626008
"d311","Nakapiripirit",2014,"budget",7.2069644274
"d311","Nakapiripirit",2015,"budget",3.8659648887
"d311","Nakapiripirit",2016,"budget",3.9889243503
"d116","Nakaseke",2012,"budget",13.0646523931
"d116","Nakaseke",2013,"budget",11.7449363535
"d116","Nakaseke",2014,"budget",7.3225506362
"d116","Nakaseke",2015,"budget",4.1428920618
"d116","Nakaseke",2016,"budget",3.9371463185
"d109","Nakasongola",2012,"budget",9.7235469156
"d109","Nakasongola",2013,"budget",8.9862689928
"d109","Nakasongola",2015,"budget",4.0472765815
"d109","Nakasongola",2016,"budget",4.369618618
"d230","Namayingo",2012,"budget",8.9739255037
"d230","Namayingo",2013,"budget",14.5487706062
"d230","Namayingo",2014,"budget",13.946060174
"d230","Namayingo",2015,"budget",6.1006664567
"d230","Namayingo",2016,"budget",6.4082026598
"d224","Namutumba",2012,"budget",7.8515907098
"d224","Namutumba",2013,"budget",6.5427056265
"d224","Namutumba",2014,"budget",6.4481433631
"d224","Namutumba",2015,"budget",2.2414289192
"d224","Namutumba",2016,"budget",2.9783608873
"d327","Napak",2012,"budget",11.6959819053
"d327","Napak",2013,"budget",11.181374346
"d327","Napak",2014,"budget",11.2928946365
"d327","Napak",2015,"budget",4.7707030957
"d327","Napak",2016,"budget",5.0441613616
"d310","Nebbi",2012,"budget",7.7543045292
"d310","Nebbi",2013,"budget",6.4327675675
"d310","Nebbi",2014,"budget",7.1601114593
"d310","Nebbi",2015,"budget",4.5763130051
"d310","Nebbi",2016,"budget",3.8534770633
"d231","Ngora",2012,"budget",8.3599726922
"d231","Ngora",2013,"budget",7.7430558838
"d231","Ngora",2014,"budget",7.2578926152
"d231","Ngora",2015,"budget",5.7279467177
"d231","Ngora",2016,"budget",5.8726677697
"d424","Ntoroko",2012,"budget",17.9650710114
"d424","Ntoroko",2013,"budget",15.0370386381
"d424","Ntoroko",2014,"budget",15.6392244051
"d424","Ntoroko",2015,"budget",6.462080132
"d424","Ntoroko",2016,"budget",6.2696052303
"d411","Ntungamo",2012,"budget",8.0074993526
"d411","Ntungamo",2015,"budget",3.0282794866
"d411","Ntungamo",2016,"budget",3.0160389833
"d328","Nwoya",2012,"budget",13.7310751755
"d328","Nwoya",2014,"budget",2.8443117896
"d328","Nwoya",2015,"budget",2.387232164
"d328","Nwoya",2016,"budget",3.0204798416
"d329","Otuke",2012,"budget",10.0824774871
"d329","Otuke",2013,"budget",7.844016651
"d329","Otuke",2014,"budget",8.5376023208
"d329","Otuke",2015,"budget",4.3147155161
"d329","Otuke",2016,"budget",4.5043963544
"d321","Oyam",2012,"budget",5.0489070981
"d321","Oyam",2013,"budget",5.7525968908
"d321","Oyam",2014,"budget",6.0134708028
"d321","Oyam",2015,"budget",3.5694261953
"d321","Oyam",2016,"budget",3.3467601833
"d312","Pader",2012,"budget",10.3460110666
"d312","Pader",2013,"budget",7.3202660847
"d312","Pader",2014,"budget",8.5914239809
"d312","Pader",2015,"budget",4.7655113896
"d312","Pader",2016,"budget",4.1068639221
"d210","Pallisa",2012,"budget",8.4449452996
"d210","Pallisa",2013,"budget",9.4812245554
"d210","Pallisa",2014,"budget",8.3062989841
"d210","Pallisa",2015,"budget",4.1193905489
"d210","Pallisa",2016,"budget",4.2194138579
"d110","Rakai",2012,"budget",8.2804179459
"d110","Rakai",2013,"budget",6.7653086448
"d110","Rakai",2014,"budget",5.9422657284
"d110","Rakai",2015,"budget",2.4307331964
"d110","Rakai",2016,"budget",2.4919957357
"d425","Rubirizi",2012,"budget",11.6389639218
"d425","Rubirizi",2013,"budget",15.3191680916
"d425","Rubirizi",2014,"budget",12.4710062615
"d425","Rubirizi",2015,"budget",4.2586467265
"d425","Rubirizi",2016,"budget",4.5137430302
"d412","Rukungiri",2012,"budget",5.8684804612
"d412","Rukungiri",2013,"budget",5.8665741361
"d412","Rukungiri",2015,"budget",2.2737148885
"d412","Rukungiri",2016,"budget",2.2788288739
"d232","Serere",2012,"budget",10.4724094407
"d232","Serere",2013,"budget",7.8185480664
"d232","Serere",2014,"budget",7.9503554885
"d232","Serere",2015,"budget",2.9493714063
"d232","Serere",2016,"budget",2.8795172445
"d426","Sheema",2012,"budget",7.0944085124
"d426","Sheema",2013,"budget",7.4373964025
"d426","Sheema",2015,"budget",3.4194858086
"d426","Sheema",2016,"budget",3.1426257994
"d215","Sironko",2012,"budget",11.1230097076
"d215","Sironko",2013,"budget",14.6885296725
"d215","Sironko",2014,"budget",12.1025809414
"d215","Sironko",2015,"budget",5.7820393328
"d215","Sironko",2016,"budget",4.941844669
"d211","Soroti",2012,"budget",4.5918428317
"d211","Soroti",2013,"budget",4.0197950639
"d211","Soroti",2014,"budget",4.3778787994
"d211","Soroti",2015,"budget",19.0517760341
"d211","Soroti",2016,"budget",20.5895236247
"d111","Ssembabule",2012,"budget",7.2829719004
"d111","Ssembabule",2013,"budget",7.1904544117
"d111","Ssembabule",2014,"budget",7.5919954239
"d111","Ssembabule",2015,"budget",4.1761423284
"d111","Ssembabule",2016,"budget",4.206445922
"d212","Tororo",2012,"budget",7.946626479
"d212","Tororo",2013,"budget",8.2347209526
"d212","Tororo",2014,"budget",6.7141824478
"d212","Tororo",2015,"budget",2.7716020138
"d212","Tororo",2016,"budget",2.739042362
"d113","Wakiso",2012,"budget",8.1255080809
"d113","Wakiso",2013,"budget",6.092128273
"d113","Wakiso",2014,"budget",5.1645426525
"d113","Wakiso",2015,"budget",2.4888386449
"d113","Wakiso",2016,"budget",2.5474724469
"d313","Yumbe",2012,"budget",9.0077405713
"d313","Yumbe",2013,"budget",10.1078022649
"d313","Yumbe",2014,"budget",10.3442640826
"d313","Yumbe",2015,"budget",4.1133641625
"d313","Yumbe",2016,"budget",3.5318980586
"d330","Zombo",2013,"budget",10.409951313
"d330","Zombo",2014,"budget",10.0458184439
"d330","Zombo",2015,"budget",3.9171964677
"d330","Zombo",2016,"budget",3.7326372325
