"id-to","entity-to-name","year","value"
"africa","Africa, regional",2001,3499302.38
"africa","Africa, regional",2002,2021350.66
"africa","Africa, regional",2003,88344.51
"africa","Africa, regional",2004,2650355.14
"africa","Africa, regional",2010,3568616.46
"africa","Africa, regional",2012,3498972.28
"africa","Africa, regional",2013,3281880.75
"africa","Africa, regional",2014,3829625.62
"africa","Africa, regional",2015,4755452
"AL","Albania",2004,80489.64
"AL","Albania",2005,79705.14
"AL","Albania",2006,58929.51
"AL","Albania",2007,92627.35
"AL","Albania",2008,89306.3
"AL","Albania",2010,70495.47
"DZ","Algeria",2002,71806.83
"DZ","Algeria",2004,54754.86
"DZ","Algeria",2005,90869.17
"DZ","Algeria",2006,93628.62
"DZ","Algeria",2007,682909.8
"DZ","Algeria",2008,115528.54
"DZ","Algeria",2009,46999.16
"DZ","Algeria",2010,140885.66
"DZ","Algeria",2011,338730.44
"DZ","Algeria",2012,211237.54
"DZ","Algeria",2013,196607
"DZ","Algeria",2014,145026.04
"DZ","Algeria",2015,197423
"america","America, regional",2002,812716.25
"america","America, regional",2004,472531.12
"america","America, regional",2006,91501.22
"AO","Angola",2001,666685.25
"AO","Angola",2002,422525.65
"AO","Angola",2003,859794.78
"AO","Angola",2004,445301.53
"AO","Angola",2005,460472.53
"AO","Angola",2006,471372.84
"AO","Angola",2007,779964.71
"AO","Angola",2008,425537.16
"AO","Angola",2009,568936.69
"AO","Angola",2010,653809.72
"AO","Angola",2011,697065.88
"AO","Angola",2012,458972.11
"AO","Angola",2013,687210.53
"AO","Angola",2014,666530.65
"AO","Angola",2015,1060262
"AG","Antigua & Barbuda",2006,1828.13
"AG","Antigua & Barbuda",2007,40735.07
"AR","Argentina",2001,482876.82
"AR","Argentina",2002,351108.07
"AR","Argentina",2003,35813.89
"AR","Argentina",2005,479164.98
"AR","Argentina",2006,343825.02
"AR","Argentina",2007,424505.92
"AR","Argentina",2008,814864.85
"AR","Argentina",2009,281007.5
"AR","Argentina",2010,490013.04
"AR","Argentina",2011,649672.03
"AR","Argentina",2012,590041.13
"AR","Argentina",2013,738680.8
"AR","Argentina",2014,703805.16
"AR","Argentina",2015,846262
"AM","Armenia",2004,81310.96
"AM","Armenia",2005,351015.05
"AM","Armenia",2006,148549.61
"AM","Armenia",2007,317232.38
"AM","Armenia",2008,241025.94
"AM","Armenia",2009,223022.88
"AM","Armenia",2010,296551.3
"AM","Armenia",2011,214823.28
"AM","Armenia",2012,336687.63
"AM","Armenia",2013,50105.23
"asia","Asia, regional",2001,1679699.94
"asia","Asia, regional",2002,14399283.89
"asia","Asia, regional",2003,1439723.12
"asia","Asia, regional",2004,1376636.73
"asia","Asia, regional",2009,5041538.1
"asia","Asia, regional",2011,4421050.69
"asia","Asia, regional",2012,3602480.43
"asia","Asia, regional",2013,3477148.43
"asia","Asia, regional",2014,3590072.42
"asia","Asia, regional",2015,3968824
"AZ","Azerbaijan",2003,28651.11
"AZ","Azerbaijan",2005,79451.14
"AZ","Azerbaijan",2006,12937.94
"AZ","Azerbaijan",2007,65367.04
"AZ","Azerbaijan",2008,86733.69
"AZ","Azerbaijan",2009,81113.9
"AZ","Azerbaijan",2010,121261.98
"AZ","Azerbaijan",2011,194410.97
"AZ","Azerbaijan",2012,212475.12
"AZ","Azerbaijan",2013,90791.15
"BD","Bangladesh",2001,189811.64
"BD","Bangladesh",2002,280234.35
"BD","Bangladesh",2003,546585.61
"BD","Bangladesh",2005,427560.68
"BD","Bangladesh",2006,147248.06
"BD","Bangladesh",2007,767712.38
"BD","Bangladesh",2008,341072.88
"BD","Bangladesh",2009,337976.18
"BD","Bangladesh",2010,390695.27
"BD","Bangladesh",2011,518944.24
"BD","Bangladesh",2012,354534.67
"BD","Bangladesh",2013,442946.25
"BD","Bangladesh",2014,463306.58
"BD","Bangladesh",2015,500462
"BB","Barbados",2005,53136.76
"BB","Barbados",2006,104076.15
"BB","Barbados",2007,1060378.34
"BB","Barbados",2008,378917.81
"BB","Barbados",2009,448049.16
"BB","Barbados",2010,418737.52
"BY","Belarus",2005,117176.12
"BY","Belarus",2006,32526.28
"BY","Belarus",2007,123393.29
"BY","Belarus",2008,100046.94
"BY","Belarus",2009,246351.55
"BY","Belarus",2010,163629.37
"BY","Belarus",2011,211702.81
"BY","Belarus",2012,179584.31
"BY","Belarus",2013,127444.16
"BY","Belarus",2014,72605.6
"BY","Belarus",2015,112388
"BZ","Belize",2001,140557.49
"BZ","Belize",2002,33906.97
"BZ","Belize",2003,89534.72
"BZ","Belize",2004,82132.28
"BZ","Belize",2006,6599.81
"BZ","Belize",2007,94737.13
"BZ","Belize",2010,8609.75
"BZ","Belize",2011,73253.53
"BZ","Belize",2012,66739.16
"BZ","Belize",2013,61711.9
"BJ","Benin",2001,145496.68
"BJ","Benin",2002,113955.91
"BJ","Benin",2004,82132.28
"BJ","Benin",2005,106255.45
"BJ","Benin",2006,249429.36
"BJ","Benin",2007,161294.5
"BJ","Benin",2008,430131.11
"BJ","Benin",2009,466943.77
"BJ","Benin",2010,445313.46
"BJ","Benin",2011,530902.78
"BJ","Benin",2012,349395.82
"BJ","Benin",2013,341524.57
"BJ","Benin",2014,331346.84
"BJ","Benin",2015,482244
"BT","Bhutan",2006,53506.74
"BT","Bhutan",2007,12128.38
"BT","Bhutan",2011,57227.95
"BT","Bhutan",2012,9056.51
"bilateral-unspecified","Bilateral, unspecified",2001,75935258.58
"bilateral-unspecified","Bilateral, unspecified",2002,43821209.67
"bilateral-unspecified","Bilateral, unspecified",2003,117304465.03
"bilateral-unspecified","Bilateral, unspecified",2004,137434550.56
"bilateral-unspecified","Bilateral, unspecified",2005,96487075.73
"bilateral-unspecified","Bilateral, unspecified",2006,151507207.17
"bilateral-unspecified","Bilateral, unspecified",2007,104311697.39
"bilateral-unspecified","Bilateral, unspecified",2008,153290228.74
"bilateral-unspecified","Bilateral, unspecified",2009,169774645.32
"bilateral-unspecified","Bilateral, unspecified",2010,162508233.68
"bilateral-unspecified","Bilateral, unspecified",2011,152128032.73
"bilateral-unspecified","Bilateral, unspecified",2012,146149458.46
"bilateral-unspecified","Bilateral, unspecified",2013,142131722.78
"bilateral-unspecified","Bilateral, unspecified",2014,144067282.67
"bilateral-unspecified","Bilateral, unspecified",2015,161233434
"BO","Bolivia",2003,119379.63
"BO","Bolivia",2004,82132.28
"BO","Bolivia",2005,131203.16
"BO","Bolivia",2006,196561.43
"BO","Bolivia",2007,49549.75
"BO","Bolivia",2009,47473.9
"BO","Bolivia",2010,84790.35
"BO","Bolivia",2011,63419.64
"BO","Bolivia",2013,5670.37
"BO","Bolivia",2015,36531
"BA","Bosnia & Herzegovina",2002,67813.95
"BA","Bosnia & Herzegovina",2004,79942.09
"BA","Bosnia & Herzegovina",2005,79705.14
"BA","Bosnia & Herzegovina",2006,6079.71
"BA","Bosnia & Herzegovina",2007,120536.17
"BA","Bosnia & Herzegovina",2009,71210.85
"BA","Bosnia & Herzegovina",2010,110776.76
"BW","Botswana",2001,397857.81
"BW","Botswana",2002,581609.03
"BW","Botswana",2003,735040.68
"BW","Botswana",2004,985488.85
"BW","Botswana",2005,562223.04
"BW","Botswana",2006,713652.87
"BW","Botswana",2007,932521.96
"BW","Botswana",2008,433383.62
"BW","Botswana",2009,632656.16
"BW","Botswana",2010,613613.68
"BW","Botswana",2011,647034.57
"BW","Botswana",2012,666291.9
"BW","Botswana",2013,961823.68
"BW","Botswana",2014,843480.99
"BW","Botswana",2015,899360
"BR","Brazil",2001,346146.71
"BR","Brazil",2002,116257.52
"BR","Brazil",2003,672170.59
"BR","Brazil",2004,82132.28
"BR","Brazil",2005,631656.85
"BR","Brazil",2006,653740.81
"BR","Brazil",2007,670329.58
"BR","Brazil",2008,441211.71
"BR","Brazil",2009,235840.83
"BR","Brazil",2010,591564.39
"BR","Brazil",2011,724988.82
"BR","Brazil",2012,771929.14
"BR","Brazil",2013,657756.38
"BR","Brazil",2014,608743.69
"BR","Brazil",2015,793323
"BF","Burkina Faso",2001,842931.7
"BF","Burkina Faso",2002,194041.47
"BF","Burkina Faso",2003,286135.07
"BF","Burkina Faso",2004,102087.14
"BF","Burkina Faso",2005,283083.96
"BF","Burkina Faso",2006,290420.54
"BF","Burkina Faso",2007,516331.3
"BF","Burkina Faso",2008,260513.46
"BF","Burkina Faso",2009,327171.12
"BF","Burkina Faso",2010,567443.85
"BF","Burkina Faso",2011,687114.53
"BF","Burkina Faso",2012,604590.42
"BF","Burkina Faso",2013,564853.48
"BF","Burkina Faso",2014,548745.33
"BF","Burkina Faso",2015,647435
"BI","Burundi",2001,1249325.56
"BI","Burundi",2002,205832.96
"BI","Burundi",2003,436968.84
"BI","Burundi",2004,273768.8
"BI","Burundi",2005,406387.81
"BI","Burundi",2006,409165.08
"BI","Burundi",2007,326237.53
"BI","Burundi",2008,350481.28
"BI","Burundi",2009,418311.51
"BI","Burundi",2010,601198.49
"BI","Burundi",2011,997543.06
"BI","Burundi",2012,397775.89
"BI","Burundi",2013,564919.93
"BI","Burundi",2014,454284.48
"BI","Burundi",2015,554946
"CI","Côte d'Ivoire",2001,869054.3
"CI","Côte d'Ivoire",2002,345878.25
"CI","Côte d'Ivoire",2003,352193.79
"CI","Côte d'Ivoire",2004,640571.58
"CI","Côte d'Ivoire",2005,349178.65
"CI","Côte d'Ivoire",2006,400628.73
"CI","Côte d'Ivoire",2007,599736.84
"CI","Côte d'Ivoire",2008,665083.85
"CI","Côte d'Ivoire",2009,753800.05
"CI","Côte d'Ivoire",2010,677917.29
"CI","Côte d'Ivoire",2011,837453.24
"CI","Côte d'Ivoire",2012,770972.6
"CI","Côte d'Ivoire",2013,728197.19
"CI","Côte d'Ivoire",2014,612684.18
"CI","Côte d'Ivoire",2015,1055442
"KH","Cambodia",2001,318638.21
"KH","Cambodia",2002,555164.3
"KH","Cambodia",2003,760184.42
"KH","Cambodia",2005,579835.75
"KH","Cambodia",2006,530825.58
"KH","Cambodia",2007,1036864.48
"KH","Cambodia",2008,544162.02
"KH","Cambodia",2009,862344.37
"KH","Cambodia",2010,623037.04
"KH","Cambodia",2011,1158567.23
"KH","Cambodia",2012,770562.79
"KH","Cambodia",2013,713970.43
"KH","Cambodia",2014,646315.41
"KH","Cambodia",2015,657652
"CM","Cameroon",2001,543084.62
"CM","Cameroon",2002,227145.53
"CM","Cameroon",2003,503216.18
"CM","Cameroon",2004,82132.28
"CM","Cameroon",2005,376077.54
"CM","Cameroon",2006,460133.83
"CM","Cameroon",2007,414524.99
"CM","Cameroon",2008,519887.62
"CM","Cameroon",2009,649851.2
"CM","Cameroon",2010,511545.27
"CM","Cameroon",2011,627227.58
"CM","Cameroon",2012,651349.01
"CM","Cameroon",2013,1234385.49
"CM","Cameroon",2014,909025.04
"CM","Cameroon",2015,958592
"CV","Cape Verde",2004,82132.28
"CV","Cape Verde",2006,101384.54
"CV","Cape Verde",2007,26663.77
"CV","Cape Verde",2011,66385.62
"CF","CAR",2001,343394.6
"CF","CAR",2002,65527.26
"CF","CAR",2003,214294.79
"CF","CAR",2005,351942.82
"CF","CAR",2006,244293.94
"CF","CAR",2007,412782.49
"CF","CAR",2008,549555.31
"CF","CAR",2009,544012.9
"CF","CAR",2010,390463.1
"CF","CAR",2011,487280.88
"CF","CAR",2012,438290.93
"CF","CAR",2013,768651.79
"CF","CAR",2014,806229.8
"CF","CAR",2015,904138
"TD","Chad",2003,484514.17
"TD","Chad",2004,82132.28
"TD","Chad",2005,306076.23
"TD","Chad",2006,82662.98
"TD","Chad",2007,560272.71
"TD","Chad",2008,147805.6
"TD","Chad",2009,358551.36
"TD","Chad",2010,592677
"TD","Chad",2011,790367.14
"TD","Chad",2012,654484.11
"TD","Chad",2013,635193.34
"TD","Chad",2014,564940.78
"TD","Chad",2015,636437
"CL","Chile",2001,70278.74
"CL","Chile",2003,59689.82
"CL","Chile",2005,79705.14
"CL","Chile",2006,28674.35
"CL","Chile",2007,64672.8
"CL","Chile",2008,127068.53
"CL","Chile",2009,302209.34
"CL","Chile",2010,330475.22
"CL","Chile",2011,227864.74
"CL","Chile",2012,108724.88
"CL","Chile",2013,111788.26
"CL","Chile",2015,10467
"CN","China",2001,1458624.1
"CN","China",2002,1578631.37
"CN","China",2003,1301175.89
"CN","China",2005,1162408.05
"CN","China",2006,472904.28
"CN","China",2007,1861250.18
"CN","China",2008,1426153.6
"CN","China",2009,809591.38
"CN","China",2010,1268085.21
"CN","China",2011,1924532.45
"CN","China",2012,1339250.47
"CN","China",2013,1244044.31
"CN","China",2014,1084374.12
"CN","China",2015,1319169
"CO","Colombia",2001,366360.28
"CO","Colombia",2002,264473.04
"CO","Colombia",2004,82132.28
"CO","Colombia",2005,223278.54
"CO","Colombia",2006,202904.61
"CO","Colombia",2007,324858.44
"CO","Colombia",2008,183408.68
"CO","Colombia",2009,236590.92
"CO","Colombia",2010,160465.54
"CO","Colombia",2011,320596.54
"CO","Colombia",2012,319170.44
"CO","Colombia",2013,295537.29
"CO","Colombia",2014,161673.36
"CO","Colombia",2015,174350
"KM","Comoros",2005,53840.29
"KM","Comoros",2006,16827.65
"KM","Comoros",2007,130376.95
"CG","Congo",2001,112445.99
"CG","Congo",2002,189918.38
"CG","Congo",2003,393802.36
"CG","Congo",2005,419861.16
"CG","Congo",2006,773238.37
"CG","Congo",2007,440366.36
"CG","Congo",2008,419555.85
"CG","Congo",2009,562546.7
"CG","Congo",2010,1618870.84
"CG","Congo",2011,636072.58
"CG","Congo",2012,622784.23
"CG","Congo",2013,652925.44
"CG","Congo",2014,610551.91
"CG","Congo",2015,648152
"CR","Costa Rica",2003,59689.82
"CR","Costa Rica",2004,82132.28
"CR","Costa Rica",2006,17935.24
"CR","Costa Rica",2007,114588.04
"CR","Costa Rica",2008,79052.61
"CR","Costa Rica",2009,14802.36
"CR","Costa Rica",2010,58320.24
"CR","Costa Rica",2011,58648.23
"CR","Costa Rica",2012,9053.34
"CR","Costa Rica",2013,13080.87
"CR","Costa Rica",2015,3971
"HR","Croatia",2004,49279.37
"HR","Croatia",2005,53136.76
"HR","Croatia",2006,77937.04
"HR","Croatia",2007,173089.65
"HR","Croatia",2008,76966.96
"HR","Croatia",2009,68362.41
"HR","Croatia",2010,70485.69
"CU","Cuba",2001,351393.72
"CU","Cuba",2002,135627.89
"CU","Cuba",2004,109509.71
"CU","Cuba",2006,110871.67
"CU","Cuba",2007,155111.83
"CU","Cuba",2009,94947.8
"CU","Cuba",2010,93993.95
"CU","Cuba",2012,13855.83
"DJ","Djibouti",2002,85947.4
"DJ","Djibouti",2003,75650.87
"DJ","Djibouti",2007,3529.49
"DJ","Djibouti",2009,89782.64
"DJ","Djibouti",2010,276409.9
"DJ","Djibouti",2011,410531.17
"DJ","Djibouti",2012,315396.77
"DJ","Djibouti",2013,295588.46
"DJ","Djibouti",2014,375215.33
"DJ","Djibouti",2015,425773
"DM","Dominica",2006,154910.29
"DM","Dominica",2007,1959.92
"DO","Dominican Republic",2001,477227.81
"DO","Dominican Republic",2002,285031.51
"DO","Dominican Republic",2003,392005.7
"DO","Dominican Republic",2004,136887.14
"DO","Dominican Republic",2005,288781.28
"DO","Dominican Republic",2006,173746.72
"DO","Dominican Republic",2007,526218.55
"DO","Dominican Republic",2008,299222.04
"DO","Dominican Republic",2009,304763.44
"DO","Dominican Republic",2010,352945.42
"DO","Dominican Republic",2011,595350.8
"DO","Dominican Republic",2012,588987.23
"DO","Dominican Republic",2013,429203.5
"DO","Dominican Republic",2014,352707.25
"DO","Dominican Republic",2015,403608
"CD","DRC",2001,415071.89
"CD","DRC",2003,377860.41
"CD","DRC",2004,66821.73
"CD","DRC",2005,857446.63
"CD","DRC",2006,493674.65
"CD","DRC",2007,294654.62
"CD","DRC",2008,639679.34
"CD","DRC",2009,885055.89
"CD","DRC",2011,1290821.29
"CD","DRC",2012,825667.14
"CD","DRC",2013,1896898.08
"CD","DRC",2014,1689181.99
"CD","DRC",2015,1635132
"EC","Ecuador",2004,82132.28
"EC","Ecuador",2005,53136.76
"EC","Ecuador",2006,87041.07
"EC","Ecuador",2007,79594.01
"EC","Ecuador",2009,52477.65
"EC","Ecuador",2010,129836.67
"EC","Ecuador",2011,255808.83
"EC","Ecuador",2012,283135.93
"EC","Ecuador",2013,206754.84
"EC","Ecuador",2015,17376
"EG","Egypt",2001,97298.11
"EG","Egypt",2002,860256.53
"EG","Egypt",2003,662271.63
"EG","Egypt",2004,110080.26
"EG","Egypt",2005,252552.64
"EG","Egypt",2006,301644.08
"EG","Egypt",2007,536596.95
"EG","Egypt",2008,291329.64
"EG","Egypt",2009,432639.13
"EG","Egypt",2010,425626.24
"EG","Egypt",2011,406095.94
"EG","Egypt",2012,206374.11
"EG","Egypt",2013,106786.17
"EG","Egypt",2014,82666.3
"EG","Egypt",2015,145508
"SV","El Salvador",2004,82132.28
"SV","El Salvador",2006,110112.06
"SV","El Salvador",2007,312512.7
"SV","El Salvador",2008,86265.11
"SV","El Salvador",2009,210755.62
"SV","El Salvador",2010,186216.12
"SV","El Salvador",2011,210048.81
"SV","El Salvador",2012,170919.76
"SV","El Salvador",2013,162068.66
"SV","El Salvador",2014,92644.29
"SV","El Salvador",2015,140344
"GQ","Equatorial Guinea",2002,67813.95
"GQ","Equatorial Guinea",2003,59689.82
"GQ","Equatorial Guinea",2005,79705.14
"GQ","Equatorial Guinea",2006,29693.18
"GQ","Equatorial Guinea",2015,80204
"ER","Eritrea",2001,354262.5
"ER","Eritrea",2002,323148.38
"ER","Eritrea",2003,363020.32
"ER","Eritrea",2005,134031.1
"ER","Eritrea",2006,182987.9
"ER","Eritrea",2007,929968.88
"ER","Eritrea",2008,258142.98
"ER","Eritrea",2009,198830.18
"ER","Eritrea",2010,326227.64
"ER","Eritrea",2011,392661.23
"ER","Eritrea",2012,299199.38
"ER","Eritrea",2013,313126.35
"ER","Eritrea",2014,39343.8
"ER","Eritrea",2015,93927
"ET","Ethiopia",2001,865330.94
"ET","Ethiopia",2002,678980.36
"ET","Ethiopia",2003,526008.14
"ET","Ethiopia",2005,800818.78
"ET","Ethiopia",2006,795065.31
"ET","Ethiopia",2007,2250281.49
"ET","Ethiopia",2008,1459404.58
"ET","Ethiopia",2009,1890334.67
"ET","Ethiopia",2010,1503517.88
"ET","Ethiopia",2011,1551722.83
"ET","Ethiopia",2012,1603793.84
"ET","Ethiopia",2013,1577203.96
"ET","Ethiopia",2014,1131761.19
"ET","Ethiopia",2015,882627
"europe","Europe, regional",2002,544262.53
"europe","Europe, regional",2003,707866.29
"europe","Europe, regional",2004,307412.38
"europe","Europe, regional",2006,505451.86
"europe","Europe, regional",2007,1047037.4
"europe","Europe, regional",2009,1306329.76
"europe","Europe, regional",2010,2597199.57
"europe","Europe, regional",2011,3402483.66
"europe","Europe, regional",2012,2462064.69
"europe","Europe, regional",2013,2605913
"europe","Europe, regional",2014,3027931.81
"europe","Europe, regional",2015,2995378
"east-asia","Far East Asia, regional",2010,3714041.37
"FJ","Fiji",2003,35813.89
"FJ","Fiji",2004,81639.49
"FJ","Fiji",2005,170838.93
"FJ","Fiji",2006,356304.11
"FJ","Fiji",2007,952699.04
"FJ","Fiji",2008,444271.27
"FJ","Fiji",2009,521139.97
"FJ","Fiji",2010,541079.01
"FJ","Fiji",2011,644237.7
"FJ","Fiji",2012,651056.13
"FJ","Fiji",2013,573792.86
"FJ","Fiji",2014,540956.49
"FJ","Fiji",2015,622320
"GA","Gabon",2001,109471.79
"GA","Gabon",2003,226821.3
"GA","Gabon",2005,389123.67
"GA","Gabon",2006,163377.31
"GA","Gabon",2007,319098.63
"GA","Gabon",2008,451024.37
"GA","Gabon",2009,555444.61
"GA","Gabon",2010,455549.22
"GA","Gabon",2011,455142.89
"GA","Gabon",2012,488931.42
"GA","Gabon",2013,472218.63
"GA","Gabon",2014,433989.22
"GA","Gabon",2015,503580
"GM","Gambia",2002,74595.34
"GM","Gambia",2004,79996.84
"GM","Gambia",2005,2125.47
"GM","Gambia",2006,90383.78
"GM","Gambia",2007,189089.69
"GM","Gambia",2008,157719.33
"GM","Gambia",2009,73204.75
"GM","Gambia",2010,193988.48
"GM","Gambia",2011,218379.57
"GM","Gambia",2012,130007.6
"GM","Gambia",2013,117354.41
"GM","Gambia",2014,23332.35
"GM","Gambia",2015,138865
"GE","Georgia",2002,67813.95
"GE","Georgia",2005,79226.91
"GE","Georgia",2006,6736.36
"GE","Georgia",2007,130444.18
"GE","Georgia",2009,6883.72
"GE","Georgia",2010,81215.66
"GE","Georgia",2011,137431.15
"GE","Georgia",2012,207188.83
"GE","Georgia",2013,65445.98
"GH","Ghana",2001,1482558.23
"GH","Ghana",2002,268092.94
"GH","Ghana",2003,428909.52
"GH","Ghana",2004,273774.28
"GH","Ghana",2005,587222.83
"GH","Ghana",2006,300662.05
"GH","Ghana",2007,633225.24
"GH","Ghana",2008,396907.7
"GH","Ghana",2009,603051.43
"GH","Ghana",2010,749301.56
"GH","Ghana",2011,829083.69
"GH","Ghana",2012,532980.12
"GH","Ghana",2013,657601.24
"GH","Ghana",2014,517112.96
"GH","Ghana",2015,835939
"GD","Grenada",2006,5445.35
"GD","Grenada",2007,4600.46
"GT","Guatemala",2001,407965.3
"GT","Guatemala",2002,265852.37
"GT","Guatemala",2003,355072.03
"GT","Guatemala",2005,548123.74
"GT","Guatemala",2006,266891.68
"GT","Guatemala",2007,511869.46
"GT","Guatemala",2008,553653.11
"GT","Guatemala",2009,561131.98
"GT","Guatemala",2010,595086.44
"GT","Guatemala",2011,675863.23
"GT","Guatemala",2012,615284.98
"GT","Guatemala",2013,1013987.45
"GT","Guatemala",2014,961984.81
"GT","Guatemala",2015,1123978
"GN","Guinea",2001,112445.99
"GN","Guinea",2002,225219.61
"GN","Guinea",2003,301132.73
"GN","Guinea",2004,109509.71
"GN","Guinea",2005,226076.72
"GN","Guinea",2006,106502.36
"GN","Guinea",2007,454010.44
"GN","Guinea",2008,478156.22
"GN","Guinea",2009,513506.17
"GN","Guinea",2010,522456.93
"GN","Guinea",2011,209852.15
"GN","Guinea",2012,464743.55
"GN","Guinea",2013,479928.49
"GN","Guinea",2014,438870.42
"GN","Guinea",2015,602681
"GW","Guinea-Bissau",2003,59689.82
"GW","Guinea-Bissau",2004,82132.28
"GW","Guinea-Bissau",2006,86669.26
"GW","Guinea-Bissau",2007,29360.87
"GW","Guinea-Bissau",2008,68909.18
"GW","Guinea-Bissau",2009,95897.27
"GW","Guinea-Bissau",2011,66385.62
"GW","Guinea-Bissau",2012,31345.68
"GW","Guinea-Bissau",2015,15981
"GY","Guyana",2001,254567.89
"GY","Guyana",2002,139288.49
"GY","Guyana",2003,129867.13
"GY","Guyana",2005,306185.7
"GY","Guyana",2007,749694.22
"GY","Guyana",2008,384393.79
"GY","Guyana",2009,538439.46
"GY","Guyana",2010,608113.81
"GY","Guyana",2011,599147.75
"GY","Guyana",2012,547850.55
"GY","Guyana",2013,523408.41
"GY","Guyana",2014,496977.83
"GY","Guyana",2015,539643
"HT","Haiti",2001,609080.58
"HT","Haiti",2002,196009.43
"HT","Haiti",2003,656907.9
"HT","Haiti",2005,653078.4
"HT","Haiti",2006,306345.8
"HT","Haiti",2007,1397044.59
"HT","Haiti",2008,777010.74
"HT","Haiti",2009,468216.07
"HT","Haiti",2010,899286.21
"HT","Haiti",2011,899948.93
"HT","Haiti",2012,944272.14
"HT","Haiti",2013,809433.69
"HT","Haiti",2014,949170.15
"HT","Haiti",2015,905120
"HN","Honduras",2001,410453.17
"HN","Honduras",2002,274224.68
"HN","Honduras",2003,374336.32
"HN","Honduras",2005,301414.01
"HN","Honduras",2006,389205.55
"HN","Honduras",2007,459720.9
"HN","Honduras",2008,550363.85
"HN","Honduras",2009,606763.89
"HN","Honduras",2010,622512.46
"HN","Honduras",2011,723968.78
"HN","Honduras",2012,672003.75
"HN","Honduras",2013,643214.12
"HN","Honduras",2014,557739.63
"HN","Honduras",2015,558425
"IN","India",2001,1053780.58
"IN","India",2002,1912990.75
"IN","India",2003,1981235.09
"IN","India",2005,1594171.85
"IN","India",2006,1106298.54
"IN","India",2007,2081823.7
"IN","India",2008,875284.42
"IN","India",2009,856229.73
"IN","India",2010,1036809.71
"IN","India",2011,1260997.59
"IN","India",2012,1156029.71
"IN","India",2013,1129625.92
"IN","India",2014,1223654.23
"IN","India",2015,1325722
"ID","Indonesia",2001,273395.56
"ID","Indonesia",2002,228436.7
"ID","Indonesia",2003,566123.28
"ID","Indonesia",2005,600163.75
"ID","Indonesia",2006,678112.21
"ID","Indonesia",2007,662596.37
"ID","Indonesia",2008,1076122.53
"ID","Indonesia",2009,493747.53
"ID","Indonesia",2010,913734.96
"ID","Indonesia",2011,960389.32
"ID","Indonesia",2012,662041.77
"ID","Indonesia",2013,1103207.54
"ID","Indonesia",2014,845929.94
"ID","Indonesia",2015,927990
"IR","Iran",2003,131317.59
"IR","Iran",2005,136389.31
"IR","Iran",2006,143222.68
"IR","Iran",2008,171473.61
"IR","Iran",2009,231720.1
"IR","Iran",2010,141353.75
"IR","Iran",2011,446792.69
"IR","Iran",2012,327472.27
"IR","Iran",2013,460584.64
"IR","Iran",2014,286188.75
"IR","Iran",2015,367868
"IQ","Iraq",2009,81208.85
"JM","Jamaica",2001,140557.49
"JM","Jamaica",2003,119379.63
"JM","Jamaica",2005,519814.6
"JM","Jamaica",2006,298926.99
"JM","Jamaica",2007,1001219.02
"JM","Jamaica",2008,548480.33
"JM","Jamaica",2009,183477.12
"JM","Jamaica",2010,400639.73
"JM","Jamaica",2011,634038.66
"JM","Jamaica",2012,520556.67
"JM","Jamaica",2013,743040.28
"JM","Jamaica",2014,456240.9
"JM","Jamaica",2015,660839
"JO","Jordan",2006,10619.49
"JO","Jordan",2007,164133.68
"JO","Jordan",2010,56396.37
"KZ","Kazakhstan",2001,508251.66
"KZ","Kazakhstan",2002,405869.18
"KZ","Kazakhstan",2003,365157.22
"KZ","Kazakhstan",2005,372802.19
"KZ","Kazakhstan",2006,224387.8
"KZ","Kazakhstan",2007,211954.94
"KZ","Kazakhstan",2008,464227.37
"KZ","Kazakhstan",2009,425309.16
"KZ","Kazakhstan",2010,475246.21
"KZ","Kazakhstan",2011,636084.24
"KZ","Kazakhstan",2012,621158.49
"KZ","Kazakhstan",2013,566045.19
"KZ","Kazakhstan",2014,532417.03
"KZ","Kazakhstan",2015,719533
"KE","Kenya",2001,824642.35
"KE","Kenya",2002,273417.7
"KE","Kenya",2003,479959.84
"KE","Kenya",2005,331689.21
"KE","Kenya",2006,907990.71
"KE","Kenya",2007,1617044.77
"KE","Kenya",2008,600079.53
"KE","Kenya",2009,993676.16
"KE","Kenya",2010,773304.24
"KE","Kenya",2011,933244.58
"KE","Kenya",2012,921197.14
"KE","Kenya",2013,1683746.82
"KE","Kenya",2014,1499581.78
"KE","Kenya",2015,1315504
"XK","Kosovo",2009,52553.61
"XK","Kosovo",2010,70495.47
"KG","Kyrgyzstan",2003,59689.82
"KG","Kyrgyzstan",2005,79705.14
"KG","Kyrgyzstan",2006,104301.48
"KG","Kyrgyzstan",2007,78414.17
"KG","Kyrgyzstan",2008,68909.18
"KG","Kyrgyzstan",2009,24790.87
"KG","Kyrgyzstan",2011,215043.79
"KG","Kyrgyzstan",2012,109563.97
"KG","Kyrgyzstan",2013,86796.16
"KG","Kyrgyzstan",2014,56732.76
"KG","Kyrgyzstan",2015,84042
"LA","Lao",2001,247999.63
"LA","Lao",2002,260996.89
"LA","Lao",2003,180115.21
"LA","Lao",2005,302678.67
"LA","Lao",2006,118214.63
"LA","Lao",2007,194844.28
"LA","Lao",2008,648775.35
"LA","Lao",2009,27420.92
"LA","Lao",2010,308073.64
"LA","Lao",2011,417196.02
"LA","Lao",2012,444952.9
"LA","Lao",2013,246044.84
"LA","Lao",2015,78315
"LB","Lebanon",2002,40688.37
"LB","Lebanon",2003,11937.96
"LB","Lebanon",2005,79705.14
"LB","Lebanon",2006,1103.03
"LB","Lebanon",2007,115454.62
"LB","Lebanon",2009,9998
"LB","Lebanon",2011,35405.67
"LS","Lesotho",2003,364500.63
"LS","Lesotho",2005,543942.94
"LS","Lesotho",2006,342033.05
"LS","Lesotho",2007,688220.73
"LS","Lesotho",2008,556437.05
"LS","Lesotho",2009,816911.85
"LS","Lesotho",2010,681281.34
"LS","Lesotho",2011,936351.53
"LS","Lesotho",2012,805922.58
"LS","Lesotho",2013,961598.03
"LS","Lesotho",2014,503734.28
"LS","Lesotho",2015,573308
"LR","Liberia",2001,285393.55
"LR","Liberia",2002,88158.13
"LR","Liberia",2003,77596.76
"LR","Liberia",2006,5975.17
"LR","Liberia",2007,173979.5
"LR","Liberia",2009,42346.72
"LR","Liberia",2010,311439.57
"LR","Liberia",2011,340260.85
"LR","Liberia",2012,457784.98
"LR","Liberia",2013,679419.54
"LR","Liberia",2014,634526.33
"LR","Liberia",2015,693574
"LY","Libya",2006,1104.69
"LY","Libya",2011,44257.08
"MK","Macedonia",2002,67813.95
"MK","Macedonia",2003,57302.22
"MK","Macedonia",2005,79705.14
"MK","Macedonia",2006,91600.86
"MK","Macedonia",2007,25152.86
"MK","Macedonia",2008,36751.56
"MK","Macedonia",2009,33231.73
"MG","Madagascar",2001,519739.43
"MG","Madagascar",2002,440033.85
"MG","Madagascar",2003,449354.48
"MG","Madagascar",2005,371803.22
"MG","Madagascar",2006,216848.95
"MG","Madagascar",2007,572310.54
"MG","Madagascar",2008,487243.04
"MG","Madagascar",2009,567056.73
"MG","Madagascar",2010,523719.27
"MG","Madagascar",2011,505463.33
"MG","Madagascar",2012,560732.72
"MG","Madagascar",2013,617800.08
"MG","Madagascar",2014,504165.25
"MG","Madagascar",2015,624375
"MW","Malawi",2001,1076875.58
"MW","Malawi",2002,371612.29
"MW","Malawi",2003,625765.34
"MW","Malawi",2004,167904.67
"MW","Malawi",2005,1073701.55
"MW","Malawi",2006,601375.45
"MW","Malawi",2007,987576.15
"MW","Malawi",2008,662842.01
"MW","Malawi",2009,793630.65
"MW","Malawi",2010,817418.32
"MW","Malawi",2011,991927.53
"MW","Malawi",2012,994602.62
"MW","Malawi",2013,1034987.54
"MW","Malawi",2014,788983.03
"MW","Malawi",2015,1173855
"MY","Malaysia",2003,71627.78
"MY","Malaysia",2005,79705.14
"MY","Malaysia",2006,88781.19
"MY","Malaysia",2007,230383.25
"MY","Malaysia",2010,52279.44
"MY","Malaysia",2011,34141
"MY","Malaysia",2012,1205.15
"MY","Malaysia",2013,11860.18
"MY","Malaysia",2014,10657.46
"MY","Malaysia",2015,9622
"MV","Maldives",2006,1514.41
"MV","Maldives",2007,14992.53
"MV","Maldives",2011,8716.01
"ML","Mali",2001,97292.49
"ML","Mali",2003,359748.13
"ML","Mali",2005,77824.1
"ML","Mali",2006,288884.19
"ML","Mali",2007,770108.12
"ML","Mali",2008,516111.39
"ML","Mali",2009,392884.49
"ML","Mali",2010,565078.49
"ML","Mali",2011,567434.22
"ML","Mali",2012,374477.83
"ML","Mali",2013,355224.67
"ML","Mali",2014,459137.06
"ML","Mali",2015,466037
"MR","Mauritania",2001,7124.86
"MR","Mauritania",2002,67813.95
"MR","Mauritania",2003,119379.63
"MR","Mauritania",2006,65352.78
"MR","Mauritania",2007,184114.05
"MR","Mauritania",2008,297145.58
"MR","Mauritania",2009,202865.46
"MR","Mauritania",2010,126339.34
"MR","Mauritania",2011,95297.09
"MR","Mauritania",2012,143016.19
"MR","Mauritania",2013,185014.27
"MR","Mauritania",2014,143557.11
"MR","Mauritania",2015,151847
"MU","Mauritius",2006,16875.08
"MU","Mauritius",2007,468458.65
"MX","Mexico",2001,140557.49
"MX","Mexico",2002,135627.89
"MX","Mexico",2006,154943.5
"MX","Mexico",2007,126076.8
"MX","Mexico",2009,37979.12
"MX","Mexico",2010,47911.63
"MX","Mexico",2011,85832.48
"MX","Mexico",2012,5144.73
"MX","Mexico",2013,12082.71
"MX","Mexico",2015,22500
"middle-east","Middle East, regional",2009,994217.37
"middle-east","Middle East, regional",2010,2445955.59
"middle-east","Middle East, regional",2011,106217
"middle-east","Middle East, regional",2012,2259382.39
"middle-east","Middle East, regional",2013,2211004.53
"middle-east","Middle East, regional",2014,1715729.06
"middle-east","Middle East, regional",2015,1824526
"MD","Moldova",2001,19250.75
"MD","Moldova",2002,1072.82
"MD","Moldova",2003,174192.79
"MD","Moldova",2005,86809.52
"MD","Moldova",2007,251097.69
"MD","Moldova",2008,284613.29
"MD","Moldova",2009,381680.65
"MD","Moldova",2010,178044.29
"MD","Moldova",2011,380620.28
"MD","Moldova",2012,243458.17
"MD","Moldova",2013,138402.12
"MD","Moldova",2014,37214.94
"MD","Moldova",2015,60471
"MN","Mongolia",2002,40688.37
"MN","Mongolia",2003,59689.82
"MN","Mongolia",2005,79705.14
"MN","Mongolia",2006,31163.66
"MN","Mongolia",2007,219502.7
"MN","Mongolia",2008,344545.91
"MN","Mongolia",2011,74628.66
"MN","Mongolia",2012,18573.91
"MN","Mongolia",2015,7492
"ME","Montenegro",2009,51328.78
"ME","Montenegro",2010,32897.88
"MA","Morocco",2005,239090.97
"MA","Morocco",2006,115233.96
"MA","Morocco",2007,661886.91
"MA","Morocco",2008,189206.24
"MA","Morocco",2009,284805.41
"MA","Morocco",2010,345861.09
"MA","Morocco",2011,476529.49
"MA","Morocco",2012,411177.45
"MA","Morocco",2013,437167.9
"MA","Morocco",2014,442996.16
"MA","Morocco",2015,476623
"MZ","Mozambique",2001,1845161.41
"MZ","Mozambique",2002,1020206.58
"MZ","Mozambique",2003,562729.31
"MZ","Mozambique",2005,696461.38
"MZ","Mozambique",2006,904298.69
"MZ","Mozambique",2007,1482369.68
"MZ","Mozambique",2008,592462.77
"MZ","Mozambique",2009,1114421.28
"MZ","Mozambique",2010,801821.06
"MZ","Mozambique",2011,662590.71
"MZ","Mozambique",2012,1035423.4
"MZ","Mozambique",2013,1139251.42
"MZ","Mozambique",2014,1003670.35
"MZ","Mozambique",2015,1280335
"MM","Myanmar",2001,732726.19
"MM","Myanmar",2002,500883.31
"MM","Myanmar",2003,640671.08
"MM","Myanmar",2005,832029.19
"MM","Myanmar",2006,350542.74
"MM","Myanmar",2007,1218281.38
"MM","Myanmar",2008,888496.61
"MM","Myanmar",2009,552092.95
"MM","Myanmar",2010,602240.88
"MM","Myanmar",2011,1040350.19
"MM","Myanmar",2012,767970
"MM","Myanmar",2013,1327573.73
"MM","Myanmar",2014,863717.58
"MM","Myanmar",2015,955240
"NA","Namibia",2001,433908
"NA","Namibia",2002,459885.71
"NA","Namibia",2003,375846.47
"NA","Namibia",2005,312864.99
"NA","Namibia",2006,233481.77
"NA","Namibia",2007,923205.7
"NA","Namibia",2008,404239.63
"NA","Namibia",2009,726360.14
"NA","Namibia",2010,520263.11
"NA","Namibia",2011,1448173.46
"NA","Namibia",2012,760509.33
"NA","Namibia",2013,942616.42
"NA","Namibia",2014,645951.19
"NA","Namibia",2015,640319
"NP","Nepal",2001,493942.91
"NP","Nepal",2002,348844.44
"NP","Nepal",2003,330186.15
"NP","Nepal",2005,267138.68
"NP","Nepal",2006,125569.35
"NP","Nepal",2007,736910.36
"NP","Nepal",2008,502926.77
"NP","Nepal",2009,562204.89
"NP","Nepal",2010,538127.32
"NP","Nepal",2011,833305.91
"NP","Nepal",2012,551006.84
"NP","Nepal",2013,664825.12
"NP","Nepal",2014,540652.82
"NP","Nepal",2015,634045
"NI","Nicaragua",2003,59689.82
"NI","Nicaragua",2006,127006.69
"NI","Nicaragua",2007,368413.21
"NI","Nicaragua",2010,91398.4
"NI","Nicaragua",2011,29727.93
"NI","Nicaragua",2015,7991
"NE","Niger",2001,168668.99
"NE","Niger",2003,131317.59
"NE","Niger",2006,341973.92
"NE","Niger",2007,186802.18
"NE","Niger",2008,243102.4
"NE","Niger",2009,302712.56
"NE","Niger",2010,425130.89
"NE","Niger",2011,500366.66
"NE","Niger",2012,387164.56
"NE","Niger",2013,441141.74
"NE","Niger",2014,329515.11
"NE","Niger",2015,369164
"NG","Nigeria",2001,1550221.2
"NG","Nigeria",2002,373412.07
"NG","Nigeria",2003,1055734.96
"NG","Nigeria",2005,1195933.1
"NG","Nigeria",2006,866720.81
"NG","Nigeria",2007,1110186.2
"NG","Nigeria",2008,953353.93
"NG","Nigeria",2009,789671.33
"NG","Nigeria",2010,1717626.71
"NG","Nigeria",2011,1887709.14
"NG","Nigeria",2012,1613759.62
"NG","Nigeria",2013,2335694.04
"NG","Nigeria",2014,1989572.61
"NG","Nigeria",2015,2637373
"NU","Niue",2007,26644.84
"north-central-america","North & Central America, regional",2001,73572.01
"north-central-america","North & Central America, regional",2003,319126.82
"north-central-america","North & Central America, regional",2004,273572.78
"north-central-america","North & Central America, regional",2005,181690.52
"north-central-america","North & Central America, regional",2010,1797084.69
"KP","North Korea",2002,40688.37
"KP","North Korea",2007,11756.73
"north-of-sahara","North of Sahara, regional",2011,6391989.36
"OM","Oman",2001,70278.74
"OM","Oman",2005,79673.26
"OM","Oman",2006,2991.01
"PK","Pakistan",2001,455066.12
"PK","Pakistan",2002,53653.04
"PK","Pakistan",2003,411878.83
"PK","Pakistan",2005,275049.68
"PK","Pakistan",2006,629269.51
"PK","Pakistan",2007,1087500.94
"PK","Pakistan",2008,455131.36
"PK","Pakistan",2009,956883.89
"PK","Pakistan",2010,678956.87
"PK","Pakistan",2011,715329.98
"PK","Pakistan",2012,827944.85
"PK","Pakistan",2013,517994.54
"PK","Pakistan",2014,566556.39
"PK","Pakistan",2015,729389
"PA","Panama",2002,67813.95
"PA","Panama",2003,53720.83
"PA","Panama",2005,395732.82
"PA","Panama",2006,683746.17
"PA","Panama",2007,1974821.42
"PA","Panama",2008,276252.31
"PA","Panama",2009,326402.04
"PA","Panama",2010,395425.8
"PA","Panama",2011,296818.98
"PA","Panama",2012,362074.49
"PA","Panama",2013,246956.15
"PA","Panama",2015,19067
"PG","Papua New Guinea",2003,46187.98
"PG","Papua New Guinea",2005,353345.63
"PG","Papua New Guinea",2006,369671.64
"PG","Papua New Guinea",2007,752840.87
"PG","Papua New Guinea",2008,407161.38
"PG","Papua New Guinea",2009,733443.24
"PG","Papua New Guinea",2010,630403.44
"PG","Papua New Guinea",2011,934025.69
"PG","Papua New Guinea",2012,925333.61
"PG","Papua New Guinea",2013,453885.32
"PG","Papua New Guinea",2014,931217.34
"PG","Papua New Guinea",2015,1083671
"PY","Paraguay",2002,67813.95
"PY","Paraguay",2005,79705.14
"PY","Paraguay",2006,85865.57
"PY","Paraguay",2007,64035.7
"PY","Paraguay",2009,47473.9
"PY","Paraguay",2010,60156.13
"PY","Paraguay",2011,20951.66
"PY","Paraguay",2012,9028.17
"PY","Paraguay",2013,3475.31
"PY","Paraguay",2015,6363
"PE","Peru",2001,448658.1
"PE","Peru",2002,350325.49
"PE","Peru",2003,79867.36
"PE","Peru",2005,364535.17
"PE","Peru",2006,193089.23
"PE","Peru",2007,297623.27
"PE","Peru",2008,403624.04
"PE","Peru",2009,491649.19
"PE","Peru",2010,515715.12
"PE","Peru",2011,606382
"PE","Peru",2012,580984.26
"PE","Peru",2013,747884.1
"PE","Peru",2014,672201.86
"PE","Peru",2015,871442
"PH","Philippines",2001,182915.89
"PH","Philippines",2002,50335.58
"PH","Philippines",2003,257435.01
"PH","Philippines",2004,54754.86
"PH","Philippines",2005,248414.35
"PH","Philippines",2006,199488.58
"PH","Philippines",2007,1040223.99
"PH","Philippines",2008,317450.82
"PH","Philippines",2009,583340.27
"PH","Philippines",2010,301035.38
"PH","Philippines",2011,552771.56
"PH","Philippines",2012,368403.09
"PH","Philippines",2013,376764.02
"PH","Philippines",2014,379309.14
"PH","Philippines",2015,349802
"RW","Rwanda",2001,449965.28
"RW","Rwanda",2002,65888.03
"RW","Rwanda",2003,417704.55
"RW","Rwanda",2005,304419.43
"RW","Rwanda",2006,148990.83
"RW","Rwanda",2007,911171.22
"RW","Rwanda",2008,489071.43
"RW","Rwanda",2009,658567.41
"RW","Rwanda",2010,766888.21
"RW","Rwanda",2011,829067.49
"RW","Rwanda",2012,737737.19
"RW","Rwanda",2013,729731.15
"RW","Rwanda",2014,750894.21
"RW","Rwanda",2015,780741
"KN","Saint Kitts and Nevis",2007,6875.13
"LC","Saint Lucia",2006,4717.85
"LC","Saint Lucia",2007,2731.22
"VC","Saint Vincent & the Grenadines",2006,1345.55
"VC","Saint Vincent & the Grenadines",2007,2101.9
"WS","Samoa",2002,40688.37
"WS","Samoa",2005,79705.14
"WS","Samoa",2007,140415.35
"WS","Samoa",2011,66288.97
"ST","Sao Tome & Principe",2005,79692.39
"ST","Sao Tome & Principe",2006,7274.12
"ST","Sao Tome & Principe",2007,90212.76
"SA","Saudi Arabia",2006,3193.87
"SN","Senegal",2001,168668.99
"SN","Senegal",2002,52325.24
"SN","Senegal",2003,123653.42
"SN","Senegal",2005,159410.28
"SN","Senegal",2006,1147364.66
"SN","Senegal",2007,2706110.13
"SN","Senegal",2008,40426.72
"SN","Senegal",2009,190845.07
"SN","Senegal",2010,203600.3
"SN","Senegal",2011,265048.01
"SN","Senegal",2012,121267.52
"SN","Senegal",2013,203504.41
"SN","Senegal",2014,105067.45
"SN","Senegal",2015,138054
"RS","Serbia",2003,63927.79
"RS","Serbia",2005,238357.69
"RS","Serbia",2007,115460.96
"RS","Serbia",2008,52968.19
"RS","Serbia",2009,38985.57
"RS","Serbia",2010,32897.88
"RS","Serbia",2012,36226.05
"SC","Seychelles",2006,16003.07
"SC","Seychelles",2007,36795.25
"SL","Sierra Leone",2001,84334.49
"SL","Sierra Leone",2002,110597.77
"SL","Sierra Leone",2003,104336.6
"SL","Sierra Leone",2005,303129.27
"SL","Sierra Leone",2006,273588.18
"SL","Sierra Leone",2007,339692.96
"SL","Sierra Leone",2008,512408.67
"SL","Sierra Leone",2009,696195.22
"SL","Sierra Leone",2010,654158.63
"SL","Sierra Leone",2011,686146.58
"SL","Sierra Leone",2012,412563.37
"SL","Sierra Leone",2013,644994.64
"SL","Sierra Leone",2014,589222.37
"SL","Sierra Leone",2015,865560
"SB","Solomon Islands",2006,2209.97
"SO","Somalia",2002,40688.37
"SO","Somalia",2003,47751.85
"SO","Somalia",2005,371379.19
"SO","Somalia",2006,489977.38
"SO","Somalia",2007,566769.83
"SO","Somalia",2008,375527.47
"SO","Somalia",2009,436408.56
"SO","Somalia",2010,80928.61
"SO","Somalia",2011,99726.64
"SO","Somalia",2012,212780.59
"SO","Somalia",2013,233616.23
"SO","Somalia",2014,270123.75
"SO","Somalia",2015,373076
"south-central-asia","South & Central Asia, regional",2002,19394.79
"south-central-asia","South & Central Asia, regional",2003,179069.45
"south-central-asia","South & Central Asia, regional",2004,243330.58
"south-central-asia","South & Central Asia, regional",2005,79705.14
"ZA","South Africa",2001,1448182.08
"ZA","South Africa",2002,2363610.36
"ZA","South Africa",2003,2880425.15
"ZA","South Africa",2004,581180.09
"ZA","South Africa",2005,817382.57
"ZA","South Africa",2006,2769939.77
"ZA","South Africa",2007,3949777.36
"ZA","South Africa",2008,440568.55
"ZA","South Africa",2009,647088.22
"ZA","South Africa",2010,1397671.29
"ZA","South Africa",2011,2624048.31
"ZA","South Africa",2012,3104311.91
"ZA","South Africa",2013,2387953.62
"ZA","South Africa",2014,1808222.82
"ZA","South Africa",2015,1794944
"south-america","South America, regional",2007,471837.07
"south-america","South America, regional",2009,1244357.34
"south-america","South America, regional",2010,2191205.66
"south-america","South America, regional",2011,2170146.14
"south-america","South America, regional",2012,2380534.62
"south-america","South America, regional",2013,2452311.26
"south-america","South America, regional",2014,2343418.57
"south-america","South America, regional",2015,2639142
"south-of-sahara","South of Sahara, regional",2001,1479704.91
"south-of-sahara","South of Sahara, regional",2002,580884.77
"south-of-sahara","South of Sahara, regional",2003,74134.75
"south-of-sahara","South of Sahara, regional",2006,171774.48
"south-of-sahara","South of Sahara, regional",2007,8802125.45
"south-of-sahara","South of Sahara, regional",2009,5486890.74
"south-of-sahara","South of Sahara, regional",2010,4255278.95
"south-of-sahara","South of Sahara, regional",2011,4785727.28
"south-of-sahara","South of Sahara, regional",2012,4481106.07
"south-of-sahara","South of Sahara, regional",2013,4745651.98
"south-of-sahara","South of Sahara, regional",2014,3929505.14
"south-of-sahara","South of Sahara, regional",2015,4614291
"SS","South Sudan",2011,17815.51
"SS","South Sudan",2012,412239.69
"SS","South Sudan",2013,1362800.12
"SS","South Sudan",2014,1240906.93
"SS","South Sudan",2015,1298985
"LK","Sri Lanka",2001,78192.13
"LK","Sri Lanka",2002,5438.68
"LK","Sri Lanka",2003,52709.69
"LK","Sri Lanka",2005,34953.36
"LK","Sri Lanka",2006,90178.44
"LK","Sri Lanka",2007,592506.74
"LK","Sri Lanka",2008,235595.9
"LK","Sri Lanka",2009,428689.3
"LK","Sri Lanka",2010,285654.21
"LK","Sri Lanka",2011,520134.02
"LK","Sri Lanka",2012,239645.47
"LK","Sri Lanka",2013,94683.87
"LK","Sri Lanka",2014,70217.93
"LK","Sri Lanka",2015,96802
"SD","Sudan",2001,314356.82
"SD","Sudan",2002,179335.34
"SD","Sudan",2003,163232.54
"SD","Sudan",2005,448418.98
"SD","Sudan",2006,339837.69
"SD","Sudan",2007,1822816.81
"SD","Sudan",2008,695367.14
"SD","Sudan",2009,842889.57
"SD","Sudan",2010,873118.3
"SD","Sudan",2011,981244.55
"SD","Sudan",2012,943114.53
"SD","Sudan",2013,804480.2
"SD","Sudan",2014,546623.3
"SD","Sudan",2015,496049
"SR","Suriname",2001,140557.49
"SR","Suriname",2002,6847.85
"SR","Suriname",2003,53720.83
"SR","Suriname",2005,53136.76
"SR","Suriname",2006,27284.95
"SR","Suriname",2007,21885.24
"SR","Suriname",2015,9907
"SZ","Swaziland",2001,402029.56
"SZ","Swaziland",2002,555797.68
"SZ","Swaziland",2003,286648.4
"SZ","Swaziland",2005,338340.87
"SZ","Swaziland",2006,272622.54
"SZ","Swaziland",2008,463657.72
"SZ","Swaziland",2009,949544.43
"SZ","Swaziland",2010,634469.53
"SZ","Swaziland",2011,513308.96
"SZ","Swaziland",2012,501407.67
"SZ","Swaziland",2013,1061508.65
"SZ","Swaziland",2014,998269.72
"SZ","Swaziland",2015,1023050
"SY","Syria",2001,98390.24
"SY","Syria",2003,35813.89
"TJ","Tajikistan",2002,67813.95
"TJ","Tajikistan",2004,38244.08
"TJ","Tajikistan",2005,95290.15
"TJ","Tajikistan",2006,156215.85
"TJ","Tajikistan",2007,118724.14
"TJ","Tajikistan",2008,178924.99
"TJ","Tajikistan",2009,191585.66
"TJ","Tajikistan",2010,151796.38
"TJ","Tajikistan",2011,224890.14
"TJ","Tajikistan",2012,209227.63
"TJ","Tajikistan",2013,146266.22
"TJ","Tajikistan",2014,35438.66
"TJ","Tajikistan",2015,89081
"TZ","Tanzania",2001,2813409.95
"TZ","Tanzania",2002,202971.21
"TZ","Tanzania",2003,532784.13
"TZ","Tanzania",2005,706050.44
"TZ","Tanzania",2006,447482.46
"TZ","Tanzania",2007,1085953.43
"TZ","Tanzania",2008,497579.42
"TZ","Tanzania",2009,818440.51
"TZ","Tanzania",2010,675756.65
"TZ","Tanzania",2011,866965.72
"TZ","Tanzania",2012,1017589.59
"TZ","Tanzania",2013,887096.6
"TZ","Tanzania",2014,1223586.86
"TZ","Tanzania",2015,1023388
"TH","Thailand",2001,345755.96
"TH","Thailand",2002,110260.05
"TH","Thailand",2003,304418.06
"TH","Thailand",2004,277915.94
"TH","Thailand",2005,491687.18
"TH","Thailand",2006,2006561.51
"TH","Thailand",2007,2975309.2
"TH","Thailand",2008,609781.94
"TH","Thailand",2009,916815.92
"TH","Thailand",2010,667035.61
"TH","Thailand",2011,960493.83
"TH","Thailand",2012,804977.63
"TH","Thailand",2013,904479.96
"TH","Thailand",2014,749024.98
"TH","Thailand",2015,829373
"TL","Timor-Leste",2003,19697.64
"TL","Timor-Leste",2005,79705.14
"TL","Timor-Leste",2006,3885.54
"TL","Timor-Leste",2007,124901.23
"TL","Timor-Leste",2009,53465.1
"TG","Togo",2001,364614.56
"TG","Togo",2002,499250.35
"TG","Togo",2003,426796.5
"TG","Togo",2005,256580.41
"TG","Togo",2006,212250.29
"TG","Togo",2007,222962.04
"TG","Togo",2008,280102.04
"TG","Togo",2009,302503.68
"TG","Togo",2010,403136.31
"TG","Togo",2011,340021.86
"TG","Togo",2012,315201.51
"TG","Togo",2013,421683.09
"TG","Togo",2014,328174.73
"TG","Togo",2015,498896
"TO","Tonga",2006,1563.96
"TT","Trinidad & Tobago",2001,745640.61
"TT","Trinidad & Tobago",2002,501631.97
"TT","Trinidad & Tobago",2003,673351.25
"TT","Trinidad & Tobago",2004,423304.32
"TT","Trinidad & Tobago",2005,106273.52
"TT","Trinidad & Tobago",2006,442412.97
"TT","Trinidad & Tobago",2007,1870357.31
"TT","Trinidad & Tobago",2008,268084.28
"TT","Trinidad & Tobago",2009,372024.46
"TT","Trinidad & Tobago",2010,134413.8
"TN","Tunisia",2001,84529.87
"TN","Tunisia",2002,8137.67
"TN","Tunisia",2003,63533.84
"TN","Tunisia",2006,4629.96
"TN","Tunisia",2007,264951.82
"TN","Tunisia",2009,65438.02
"TN","Tunisia",2010,1036.94
"TN","Tunisia",2011,240472.67
"TN","Tunisia",2012,45774.51
"TN","Tunisia",2013,53194.4
"TN","Tunisia",2014,49497.89
"TN","Tunisia",2015,64398
"TR","Turkey",2003,36440.63
"TR","Turkey",2005,79705.14
"TR","Turkey",2006,87679.31
"TR","Turkey",2007,109280.13
"TR","Turkey",2008,57424.32
"TR","Turkey",2009,21382.24
"TR","Turkey",2010,117492.44
"TM","Turkmenistan",2003,95503.7
"TM","Turkmenistan",2006,81789.86
"TM","Turkmenistan",2007,113935.02
"TM","Turkmenistan",2008,144461.21
"TM","Turkmenistan",2009,111687.09
"TM","Turkmenistan",2011,35526.05
"UG","Uganda",2001,1707060.87
"UG","Uganda",2002,336438.55
"UG","Uganda",2003,695713.45
"UG","Uganda",2004,68807.14
"UG","Uganda",2005,550012.22
"UG","Uganda",2006,484596.84
"UG","Uganda",2007,955849.19
"UG","Uganda",2008,599996.84
"UG","Uganda",2009,972104.03
"UG","Uganda",2010,960901.88
"UG","Uganda",2011,885466.33
"UG","Uganda",2012,870438.37
"UG","Uganda",2013,1377249.1
"UG","Uganda",2014,889341.53
"UG","Uganda",2015,1061607
"UA","Ukraine",2005,558284.55
"UA","Ukraine",2006,677422.33
"UA","Ukraine",2007,731417.65
"UA","Ukraine",2008,457768.29
"UA","Ukraine",2009,455236.71
"UA","Ukraine",2010,670393.73
"UA","Ukraine",2011,882867.11
"UA","Ukraine",2012,946561.44
"UA","Ukraine",2013,1315743.27
"UA","Ukraine",2014,831028.05
"UA","Ukraine",2015,1097489
"UY","Uruguay",2001,70278.74
"UY","Uruguay",2002,67813.95
"UY","Uruguay",2005,79705.14
"UY","Uruguay",2006,63488.19
"UY","Uruguay",2007,85804
"UY","Uruguay",2009,71210.85
"UY","Uruguay",2010,108093.05
"UY","Uruguay",2011,40207.12
"UY","Uruguay",2012,35499.18
"UY","Uruguay",2013,21830.91
"UY","Uruguay",2014,9846.74
"UY","Uruguay",2015,12400
"UZ","Uzbekistan",2005,148965.72
"UZ","Uzbekistan",2006,191830.7
"UZ","Uzbekistan",2007,371451.38
"UZ","Uzbekistan",2008,237323.22
"UZ","Uzbekistan",2009,260194.94
"UZ","Uzbekistan",2010,357729.05
"UZ","Uzbekistan",2011,471627.54
"UZ","Uzbekistan",2012,427378.83
"UZ","Uzbekistan",2013,455228.8
"UZ","Uzbekistan",2014,417156.55
"UZ","Uzbekistan",2015,370110
"VE","Venezuela",2001,252042.07
"VE","Venezuela",2002,147257.99
"VE","Venezuela",2003,54105.24
"VE","Venezuela",2005,127873.61
"VE","Venezuela",2006,184359.3
"VE","Venezuela",2007,320906.53
"VE","Venezuela",2008,173357.12
"VE","Venezuela",2009,389456.87
"VE","Venezuela",2010,307723.99
"VE","Venezuela",2011,360961.71
"VE","Venezuela",2012,234411.89
"VE","Venezuela",2013,301808.86
"VE","Venezuela",2014,203961.68
"VE","Venezuela",2015,258406
"VN","Viet Nam",2001,518626.21
"VN","Viet Nam",2002,401006.92
"VN","Viet Nam",2003,414107.64
"VN","Viet Nam",2005,364444.84
"VN","Viet Nam",2006,161198.65
"VN","Viet Nam",2007,849547.92
"VN","Viet Nam",2008,491634.85
"VN","Viet Nam",2009,685333.2
"VN","Viet Nam",2010,662122.36
"VN","Viet Nam",2011,763013.82
"VN","Viet Nam",2012,825353.6
"VN","Viet Nam",2013,903646.35
"VN","Viet Nam",2014,720741.27
"VN","Viet Nam",2015,683911
"west-indies","West Indies, regional",2009,1858849.98
"west-indies","West Indies, regional",2011,2554646.21
"west-indies","West Indies, regional",2012,1984013.05
"west-indies","West Indies, regional",2013,1942788.18
"west-indies","West Indies, regional",2014,1907753.01
"west-indies","West Indies, regional",2015,1994331
"YE","Yemen",2001,5148.62
"YE","Yemen",2005,81937.95
"YE","Yemen",2006,107387.52
"YE","Yemen",2007,157278.89
"YE","Yemen",2008,115703.11
"YE","Yemen",2009,103682.99
"YE","Yemen",2010,234764.94
"YE","Yemen",2012,210879.36
"YE","Yemen",2013,195119.23
"YE","Yemen",2014,121942.01
"YE","Yemen",2015,151327
"ZM","Zambia",2001,1370013.85
"ZM","Zambia",2002,444985.62
"ZM","Zambia",2003,533924.2
"ZM","Zambia",2005,828954.7
"ZM","Zambia",2006,1274184.51
"ZM","Zambia",2007,1935054.41
"ZM","Zambia",2008,726109.83
"ZM","Zambia",2009,827470.05
"ZM","Zambia",2010,892129.51
"ZM","Zambia",2011,1212901.17
"ZM","Zambia",2012,1201460.52
"ZM","Zambia",2013,1388678.07
"ZM","Zambia",2014,1155878.43
"ZM","Zambia",2015,1196109
"ZW","Zimbabwe",2001,404870.22
"ZW","Zimbabwe",2002,536326.94
"ZW","Zimbabwe",2003,327815.27
"ZW","Zimbabwe",2005,295797.46
"ZW","Zimbabwe",2006,597849.11
"ZW","Zimbabwe",2007,939852.7
"ZW","Zimbabwe",2008,708358.82
"ZW","Zimbabwe",2009,1054585.18
"ZW","Zimbabwe",2010,847941.73
"ZW","Zimbabwe",2011,1189456.2
"ZW","Zimbabwe",2012,1036077.37
"ZW","Zimbabwe",2013,1266325.07
"ZW","Zimbabwe",2014,1324426.48
"ZW","Zimbabwe",2015,1584727
