"series","country-year"
"id","long-debt-net-official-in"
"type","multi"
"parent",
"name","Disbursements of long-term debt from official creditors"
"columns","id-to, year, destination-institution-type, creditor-type, creditor-institution, financing-type, value"
"description","Disbursements on long-term debt from official sources (excluding disbursements reported as ODA or OOFs)"
"default-scale","lin"
"themes",
"map-theme",
"theme-order",
"global-picture-color-ramp",
"uom","constant 2012 US$"
"uom_display",
"source","Development Initiatives based on World Bank International Debt Statistics and OECD DAC"
"calculation","To avoid double counting disbursments on ODA loans and OOFs are removed from the reported disbursements of long-term debt from official creditors. ODA loans are subtracted from disbursements of concessional debt to each country; OOFs are subtracted from non-concessional sources (distinguishing between bilateral and multilateral providers in both calculations). Any negative values, where reported disbursements of ODA loans or OOFs exceed reported disbursements of long-term debt, are set to zero."
"format",
"highorlow","highisbetter"
"range",
"interpolated",
"missing-donor","NR"
"missing-recipient","NA"
"laymans-decription",
"laymans-heading",
"source-link",
