"series","country-year"
"id","oof"
"type","multi"
"parent",
"name","Other official flows"
"columns","year, id-from, id-to, sector, oof-bundle, channel, value"
"description","Gross OOF"
"default-scale","lin"
"themes","official"
"map-theme",
"theme-order",
"global-picture-color-ramp",
"uom","USD"
"uom_display","USD"
"source","Development Initiatives based on OECD-DAC data"
"calculation",
"format",
"highorlow",
"range",
"interpolated",
"missing-donor","NA"
"missing-recipient","NA"
"laymans-decription",
"laymans-heading",
