"id-to","entity-to-name","year","value"
"AF","Afghanistan",2000,0
"AF","Afghanistan",2001,0
"AF","Afghanistan",2002,8452127.06
"AF","Afghanistan",2003,5458109.02
"AF","Afghanistan",2004,4188984.93
"AF","Afghanistan",2005,2792393.24
"AF","Afghanistan",2006,3983888.02
"AF","Afghanistan",2007,5840486.24
"AF","Afghanistan",2008,4865851.6
"AF","Afghanistan",2009,6024734.68
"AF","Afghanistan",2010,8070931.36
"AF","Afghanistan",2011,7615373.13
"AF","Afghanistan",2012,6393718.48
"AF","Afghanistan",2013,4207634.62
"AF","Afghanistan",2014,2907717.8
"AF","Afghanistan",2015,2757057.6
"africa","Africa, regional",2000,20677.68
"africa","Africa, regional",2001,135370.79
"africa","Africa, regional",2002,464816.64
"africa","Africa, regional",2004,161461.39
"africa","Africa, regional",2008,15828463.78
"africa","Africa, regional",2009,7088376.21
"africa","Africa, regional",2010,3215710.14
"africa","Africa, regional",2011,1910269.37
"africa","Africa, regional",2012,5468348.31
"africa","Africa, regional",2013,4241606.25
"africa","Africa, regional",2014,3309758.11
"africa","Africa, regional",2015,3346519.73
"AL","Albania",2000,5169.4
"AL","Albania",2002,175952.23
"AL","Albania",2003,435390.69
"AL","Albania",2004,593081.17
"AL","Albania",2005,634603.48
"AL","Albania",2006,867718.74
"AL","Albania",2007,723139.13
"AL","Albania",2008,712882.17
"AL","Albania",2009,816719.89
"AL","Albania",2010,65101.84
"AL","Albania",2011,8339.66
"AL","Albania",2012,64004.65
"AL","Albania",2013,63079.51
"DZ","Algeria",2003,587557.16
"DZ","Algeria",2011,291392.14
"AO","Angola",2000,0
"AO","Angola",2001,360136.88
"AO","Angola",2002,3827136.7
"AO","Angola",2003,6746226.06
"AO","Angola",2004,3763604.73
"AO","Angola",2005,3197284.36
"AO","Angola",2006,2516513.16
"AO","Angola",2007,2380969.92
"AO","Angola",2008,2663539.98
"AO","Angola",2009,1994928.09
"AO","Angola",2010,1040844.83
"AO","Angola",2011,953847.96
"AO","Angola",2012,402363.58
"AO","Angola",2013,642466.92
"AO","Angola",2014,517115.52
"AO","Angola",2015,676053.2
"AR","Argentina",2000,0
"AR","Argentina",2001,0
"AR","Argentina",2002,284992.47
"AR","Argentina",2003,159988.4
"AR","Argentina",2004,149377.08
"AR","Argentina",2005,154700.69
"AR","Argentina",2006,196873.94
"AR","Argentina",2007,388118.98
"AR","Argentina",2008,255530.51
"AR","Argentina",2009,163378.07
"AR","Argentina",2010,198979.79
"AR","Argentina",2011,215748.66
"AR","Argentina",2012,19515.13
"AR","Argentina",2013,120903.96
"AR","Argentina",2014,325703.4
"AM","Armenia",2000,0
"AM","Armenia",2002,106264.7
"AM","Armenia",2003,127576.2
"AM","Armenia",2004,57832.4
"AM","Armenia",2005,183974.89
"AM","Armenia",2006,213058.37
"AM","Armenia",2007,32199.49
"AM","Armenia",2008,26248.29
"asia","Asia, regional",2008,4060580.27
"asia","Asia, regional",2009,3557869.32
"asia","Asia, regional",2011,36729.13
"asia","Asia, regional",2012,30212.78
"asia","Asia, regional",2013,29850.26
"asia","Asia, regional",2014,57346.99
"asia","Asia, regional",2015,40643.4
"AZ","Azerbaijan",2003,50646.34
"AZ","Azerbaijan",2004,213656.62
"AZ","Azerbaijan",2005,18534.97
"AZ","Azerbaijan",2006,1093.76
"AZ","Azerbaijan",2008,51935.93
"BD","Bangladesh",2000,192991.1
"BD","Bangladesh",2001,118768.56
"BD","Bangladesh",2002,797205.78
"BD","Bangladesh",2003,1342536.13
"BD","Bangladesh",2004,1627046.99
"BD","Bangladesh",2005,1418926.99
"BD","Bangladesh",2006,1926540.82
"BD","Bangladesh",2007,4865246.36
"BD","Bangladesh",2008,2462447.9
"BD","Bangladesh",2009,1939318.63
"BD","Bangladesh",2010,2023677.31
"BD","Bangladesh",2011,1939444.82
"BD","Bangladesh",2012,1596204.5
"BD","Bangladesh",2013,1400668.31
"BD","Bangladesh",2014,1462347.09
"BD","Bangladesh",2015,1306501.33
"BY","Belarus",2005,25065.43
"BY","Belarus",2006,234595.41
"BY","Belarus",2007,140517.91
"BY","Belarus",2008,493890.21
"BY","Belarus",2009,438872.1
"BY","Belarus",2011,323651.59
"BZ","Belize",2000,0
"BZ","Belize",2002,295638.37
"BZ","Belize",2003,406921.12
"BZ","Belize",2004,274859.71
"BZ","Belize",2005,268697.93
"BZ","Belize",2006,267313.21
"BZ","Belize",2007,219113.91
"BZ","Belize",2008,222497.07
"BZ","Belize",2009,232406.39
"BJ","Benin",2000,0
"BJ","Benin",2001,0
"BJ","Benin",2004,8004.56
"BJ","Benin",2005,22696.53
"BJ","Benin",2006,98254.37
"BJ","Benin",2007,74944.39
"BJ","Benin",2008,46820.13
"BJ","Benin",2009,30212.76
"BJ","Benin",2010,99483.11
"BJ","Benin",2011,215638.63
"BJ","Benin",2012,139429.47
"BJ","Benin",2013,137666.07
"BJ","Benin",2014,130158.09
"BJ","Benin",2015,33240.2
"BT","Bhutan",2002,2543.75
"bilateral-unspecified","Bilateral, unspecified",2000,2405495.87
"bilateral-unspecified","Bilateral, unspecified",2001,2232337.37
"bilateral-unspecified","Bilateral, unspecified",2002,83545060.77
"bilateral-unspecified","Bilateral, unspecified",2003,46809249.21
"bilateral-unspecified","Bilateral, unspecified",2004,78317962.69
"bilateral-unspecified","Bilateral, unspecified",2005,99361888.35
"bilateral-unspecified","Bilateral, unspecified",2006,138143306.35
"bilateral-unspecified","Bilateral, unspecified",2007,177000297.53
"bilateral-unspecified","Bilateral, unspecified",2008,152100926.39
"bilateral-unspecified","Bilateral, unspecified",2009,106153354.83
"bilateral-unspecified","Bilateral, unspecified",2010,95816818.8
"bilateral-unspecified","Bilateral, unspecified",2011,105692278.05
"bilateral-unspecified","Bilateral, unspecified",2012,106612982.62
"bilateral-unspecified","Bilateral, unspecified",2013,99012733.23
"bilateral-unspecified","Bilateral, unspecified",2014,92815451.4
"bilateral-unspecified","Bilateral, unspecified",2015,90357482.17
"BO","Bolivia",2002,313190.73
"BO","Bolivia",2003,149119.52
"BO","Bolivia",2004,139189.78
"BO","Bolivia",2005,107759
"BO","Bolivia",2006,471812.63
"BO","Bolivia",2007,987898.36
"BO","Bolivia",2008,929658.59
"BO","Bolivia",2009,938975.22
"BO","Bolivia",2010,715041.46
"BO","Bolivia",2011,1048125.93
"BO","Bolivia",2012,361105.35
"BO","Bolivia",2013,619826.63
"BO","Bolivia",2014,223447.8
"BO","Bolivia",2015,276859.5
"BA","Bosnia & Herzegovina",2000,1840308.21
"BA","Bosnia & Herzegovina",2001,1278359.13
"BA","Bosnia & Herzegovina",2002,987412.12
"BA","Bosnia & Herzegovina",2003,1090436.56
"BA","Bosnia & Herzegovina",2004,680390.3
"BA","Bosnia & Herzegovina",2005,1312072.75
"BA","Bosnia & Herzegovina",2006,1527657.26
"BA","Bosnia & Herzegovina",2007,964892.82
"BA","Bosnia & Herzegovina",2008,1026538.49
"BA","Bosnia & Herzegovina",2009,228279.68
"BA","Bosnia & Herzegovina",2010,30234.53
"BA","Bosnia & Herzegovina",2011,283188.61
"BA","Bosnia & Herzegovina",2012,104582.84
"BA","Bosnia & Herzegovina",2013,22387.65
"BW","Botswana",2002,42950.15
"BW","Botswana",2003,56831.99
"BW","Botswana",2004,25081.63
"BW","Botswana",2005,75731.15
"BW","Botswana",2006,206449.41
"BW","Botswana",2007,113859.48
"BW","Botswana",2008,177310.14
"BW","Botswana",2010,15117.26
"BW","Botswana",2011,35176.58
"BW","Botswana",2015,83194.7
"BR","Brazil",2000,12061.95
"BR","Brazil",2001,185176.9
"BR","Brazil",2002,2068509.96
"BR","Brazil",2003,1077325.56
"BR","Brazil",2004,1038126.89
"BR","Brazil",2005,1204308.8
"BR","Brazil",2006,1356421.22
"BR","Brazil",2007,1139668.16
"BR","Brazil",2008,1559014.99
"BR","Brazil",2009,922161.04
"BR","Brazil",2010,886980.15
"BR","Brazil",2011,714656.05
"BR","Brazil",2012,829696.39
"BR","Brazil",2013,459828.12
"BR","Brazil",2014,475018.17
"BR","Brazil",2015,276764.2
"BF","Burkina Faso",2000,0
"BF","Burkina Faso",2001,0
"BF","Burkina Faso",2002,287548.31
"BF","Burkina Faso",2003,338088.71
"BF","Burkina Faso",2004,143071.07
"BF","Burkina Faso",2006,69555.02
"BF","Burkina Faso",2007,837242.27
"BF","Burkina Faso",2008,546798.01
"BF","Burkina Faso",2009,755804.55
"BF","Burkina Faso",2010,17443
"BF","Burkina Faso",2011,58278.51
"BF","Burkina Faso",2012,696973.33
"BF","Burkina Faso",2013,901301.86
"BF","Burkina Faso",2014,350635.45
"BF","Burkina Faso",2015,243230.28
"BI","Burundi",2000,86156.71
"BI","Burundi",2001,57468.67
"BI","Burundi",2002,1595403.01
"BI","Burundi",2003,1194928.82
"BI","Burundi",2004,2654895.81
"BI","Burundi",2005,1763086.63
"BI","Burundi",2006,3210383.72
"BI","Burundi",2007,4649494.17
"BI","Burundi",2008,5727104.51
"BI","Burundi",2009,4626442.23
"BI","Burundi",2010,1959876.57
"BI","Burundi",2011,1403567.49
"BI","Burundi",2012,1194021.01
"BI","Burundi",2013,1033277.22
"BI","Burundi",2014,1039891.82
"BI","Burundi",2015,1552966.6
"CI","Côte d'Ivoire",2003,587557.16
"CI","Côte d'Ivoire",2004,228930.45
"CI","Côte d'Ivoire",2005,935525.34
"CI","Côte d'Ivoire",2006,1722961.77
"CI","Côte d'Ivoire",2007,2151165.8
"CI","Côte d'Ivoire",2008,383665.7
"CI","Côte d'Ivoire",2010,339425.34
"CI","Côte d'Ivoire",2011,672954.82
"CI","Côte d'Ivoire",2012,23240.58
"CI","Côte d'Ivoire",2013,6797.82
"CI","Côte d'Ivoire",2015,6722.13
"KH","Cambodia",2000,460077.06
"KH","Cambodia",2001,579794.79
"KH","Cambodia",2002,310759.8
"KH","Cambodia",2003,720775.14
"KH","Cambodia",2004,1123040.16
"KH","Cambodia",2005,965296.31
"KH","Cambodia",2006,3652882.6
"KH","Cambodia",2007,2705971.9
"KH","Cambodia",2008,3123917.62
"KH","Cambodia",2009,2049116.39
"KH","Cambodia",2010,2756961.91
"KH","Cambodia",2011,2504864.34
"KH","Cambodia",2012,581015.88
"KH","Cambodia",2013,605369.67
"KH","Cambodia",2014,575654.77
"KH","Cambodia",2015,583510.63
"CM","Cameroon",2000,0
"CM","Cameroon",2002,240069.15
"CM","Cameroon",2003,269120.94
"CM","Cameroon",2004,253213.07
"CM","Cameroon",2005,302238.53
"CM","Cameroon",2006,445023.11
"CM","Cameroon",2007,365188.33
"CM","Cameroon",2008,546442.3
"CM","Cameroon",2009,227066.55
"CM","Cameroon",2010,268680.1
"CM","Cameroon",2011,433626.37
"CM","Cameroon",2012,608617.91
"CM","Cameroon",2013,548679.39
"CM","Cameroon",2014,657333.85
"CM","Cameroon",2015,549147.8
"CV","Cape Verde",2010,2974309.98
"CF","CAR",2000,0
"CF","CAR",2005,447596.69
"CF","CAR",2006,1464650.93
"CF","CAR",2007,3834490.72
"CF","CAR",2008,3893708.43
"CF","CAR",2009,3371614.6
"CF","CAR",2011,2913923.88
"CF","CAR",2012,2846979.96
"CF","CAR",2013,2410984.2
"CF","CAR",2014,6658613.87
"CF","CAR",2015,5411540.7
"central-asia","Central Asia, regional",2009,13421.45
"central-asia","Central Asia, regional",2012,35210.7
"TD","Chad",2002,128525.04
"TD","Chad",2003,134703.25
"TD","Chad",2004,951778.83
"TD","Chad",2005,161502.98
"TD","Chad",2006,1559328.21
"TD","Chad",2007,7424633.4
"TD","Chad",2008,4980562.84
"TD","Chad",2009,4371550.46
"TD","Chad",2011,1861263.83
"TD","Chad",2012,2188493.19
"TD","Chad",2013,1192769.63
"TD","Chad",2014,1835105.44
"TD","Chad",2015,1198285
"CL","Chile",2002,207713.89
"CL","Chile",2003,106621.6
"CL","Chile",2004,239567.27
"CL","Chile",2005,151726.42
"CL","Chile",2006,194966.16
"CL","Chile",2007,340202.44
"CL","Chile",2008,183728.45
"CL","Chile",2009,104008.56
"CL","Chile",2010,293042.36
"CL","Chile",2011,27098.03
"CN","China",2000,0
"CN","China",2001,0
"CN","China",2002,718481.18
"CN","China",2003,286105.15
"CN","China",2004,524025.84
"CN","China",2005,630943.82
"CN","China",2006,687602.25
"CN","China",2007,409848.72
"CN","China",2008,1441044.35
"CN","China",2009,65878
"CN","China",2010,3508210.23
"CN","China",2011,42543.31
"CN","China",2012,50134.65
"CN","China",2013,53025
"CN","China",2014,20071.36
"CO","Colombia",2000,213668.62
"CO","Colombia",2001,210718.52
"CO","Colombia",2002,541568.9
"CO","Colombia",2003,1280771.67
"CO","Colombia",2004,1473051.03
"CO","Colombia",2005,1456725.22
"CO","Colombia",2006,1526453.98
"CO","Colombia",2007,2306038.23
"CO","Colombia",2008,1663942.22
"CO","Colombia",2009,1380973.94
"CO","Colombia",2010,1293833.06
"CO","Colombia",2011,1588172.83
"CO","Colombia",2012,710164.65
"CO","Colombia",2013,690923.16
"CO","Colombia",2014,978101.54
"CO","Colombia",2015,786455.4
"KM","Comoros",2000,0
"KM","Comoros",2015,110926
"CG","Congo",2007,328670.47
"CG","Congo",2008,5546.86
"CG","Congo",2012,424140.85
"CG","Congo",2013,50539.92
"CG","Congo",2014,7646.25
"CG","Congo",2015,1920463
"CR","Costa Rica",2013,22809.04
"CU","Cuba",2001,0
"CU","Cuba",2008,55624.38
"CU","Cuba",2009,116202.78
"CU","Cuba",2012,174304.58
"DJ","Djibouti",2006,334141.51
"DJ","Djibouti",2013,51467.61
"DJ","Djibouti",2014,158814.21
"DJ","Djibouti",2015,110795
"DO","Dominican Republic",2003,64121.35
"DO","Dominican Republic",2004,143779.75
"DO","Dominican Republic",2007,532515.08
"DO","Dominican Republic",2008,155376.42
"DO","Dominican Republic",2014,298262.73
"DO","Dominican Republic",2015,78479.2
"CD","DRC",2000,0
"CD","DRC",2001,160912.97
"CD","DRC",2002,2878543.38
"CD","DRC",2003,2502398.88
"CD","DRC",2004,3763083.27
"CD","DRC",2005,5302155.65
"CD","DRC",2006,11112349.52
"CD","DRC",2007,12356659.58
"CD","DRC",2008,13756650.66
"CD","DRC",2009,7770257.7
"CD","DRC",2010,7868385.72
"CD","DRC",2011,8664783.34
"CD","DRC",2012,11675585.87
"CD","DRC",2013,9694404.16
"CD","DRC",2014,8485340.2
"CD","DRC",2015,5462530.75
"EC","Ecuador",2000,0
"EC","Ecuador",2002,178612.51
"EC","Ecuador",2003,175162.53
"EC","Ecuador",2004,139885.85
"EC","Ecuador",2005,95114.42
"EC","Ecuador",2006,44874.14
"EC","Ecuador",2007,163614.69
"EC","Ecuador",2008,215382.02
"EC","Ecuador",2009,32536.88
"EC","Ecuador",2010,32560.26
"EC","Ecuador",2011,19440.66
"EC","Ecuador",2014,22938.83
"EG","Egypt",2000,31016.44
"EG","Egypt",2001,0
"EG","Egypt",2002,89053.26
"EG","Egypt",2003,155016.41
"EG","Egypt",2004,22335.64
"EG","Egypt",2005,296259.26
"EG","Egypt",2006,347168.91
"EG","Egypt",2007,282489.4
"EG","Egypt",2008,261531.07
"EG","Egypt",2009,174369.84
"EG","Egypt",2010,102316.53
"EG","Egypt",2011,641264.89
"EG","Egypt",2012,451104.08
"EG","Egypt",2013,250718.03
"EG","Egypt",2014,705806.91
"EG","Egypt",2015,86489.1
"SV","El Salvador",2000,34462.74
"SV","El Salvador",2001,652588.58
"SV","El Salvador",2002,1095490.52
"SV","El Salvador",2003,1676764.01
"SV","El Salvador",2004,1845070.61
"SV","El Salvador",2005,2430278.11
"SV","El Salvador",2006,2569078.31
"SV","El Salvador",2007,1958764.52
"SV","El Salvador",2008,2387265.73
"SV","El Salvador",2009,2223151.61
"SV","El Salvador",2010,778341.87
"SV","El Salvador",2011,1261446.59
"SV","El Salvador",2012,139735.22
"SV","El Salvador",2014,68624.84
"SV","El Salvador",2015,92728.8
"ER","Eritrea",2000,0
"ER","Eritrea",2001,404835.67
"ER","Eritrea",2002,1652073.63
"ER","Eritrea",2003,2020886.16
"ER","Eritrea",2004,2303888.05
"ER","Eritrea",2005,2518400.43
"ER","Eritrea",2006,1765982.41
"ER","Eritrea",2007,1187330.89
"ER","Eritrea",2008,848547.61
"ER","Eritrea",2009,507676.62
"ER","Eritrea",2010,1139531.83
"ER","Eritrea",2011,289379.01
"ER","Eritrea",2012,198707.06
"ER","Eritrea",2013,192878.29
"ER","Eritrea",2014,149102.16
"ER","Eritrea",2015,765489.62
"ET","Ethiopia",2000,3015484.39
"ET","Ethiopia",2001,3536240.76
"ET","Ethiopia",2002,27999463.7
"ET","Ethiopia",2003,32916395.11
"ET","Ethiopia",2004,36931873.33
"ET","Ethiopia",2005,37772310.45
"ET","Ethiopia",2006,44085954.87
"ET","Ethiopia",2007,42868007.74
"ET","Ethiopia",2008,53988774.53
"ET","Ethiopia",2009,43588064.73
"ET","Ethiopia",2010,43863301.97
"ET","Ethiopia",2011,41368414.98
"ET","Ethiopia",2012,38078364.88
"ET","Ethiopia",2013,40285635.13
"ET","Ethiopia",2014,41377251.17
"ET","Ethiopia",2015,38775789.94
"europe","Europe, regional",2001,1114892.64
"europe","Europe, regional",2002,3108326.9
"europe","Europe, regional",2008,677148.51
"europe","Europe, regional",2009,873520.2
"europe","Europe, regional",2010,71383.62
"europe","Europe, regional",2011,55793.52
"europe","Europe, regional",2012,157463.66
"europe","Europe, regional",2013,599119.99
"europe","Europe, regional",2014,533013.89
"europe","Europe, regional",2015,468089.9
"east-asia","Far East Asia, regional",2009,4806154.25
"east-asia","Far East Asia, regional",2011,1165566.87
"FJ","Fiji",2001,31927.06
"FJ","Fiji",2002,20211.62
"FJ","Fiji",2003,93264.15
"FJ","Fiji",2004,34339.66
"FJ","Fiji",2005,29373.55
"FJ","Fiji",2008,33374.6
"GA","Gabon",2012,22808.35
"GA","Gabon",2013,49921.11
"GA","Gabon",2014,7646.25
"GM","Gambia",2000,63755.96
"GM","Gambia",2001,0
"GM","Gambia",2002,591705.57
"GM","Gambia",2003,686240.35
"GM","Gambia",2004,445382.35
"GM","Gambia",2005,144732.78
"GM","Gambia",2006,257127.68
"GM","Gambia",2007,71408.77
"GM","Gambia",2008,56721.27
"GM","Gambia",2009,154032.77
"GM","Gambia",2010,29071.66
"GM","Gambia",2011,210330.74
"GM","Gambia",2012,111438.78
"GM","Gambia",2013,74689.87
"GM","Gambia",2014,58248.13
"GM","Gambia",2015,175279.8
"GE","Georgia",2000,0
"GE","Georgia",2003,259035.57
"GE","Georgia",2004,259611.68
"GE","Georgia",2005,301954.62
"GE","Georgia",2006,425365.75
"GE","Georgia",2007,908006.49
"GE","Georgia",2008,1283924.9
"GE","Georgia",2009,520116.42
"GE","Georgia",2011,234493.87
"GE","Georgia",2012,24820.97
"GE","Georgia",2013,126174.9
"GE","Georgia",2014,192734.73
"GE","Georgia",2015,95760.4
"GH","Ghana",2000,0
"GH","Ghana",2001,121322.79
"GH","Ghana",2002,1454018.58
"GH","Ghana",2003,1378916.14
"GH","Ghana",2004,1043062.25
"GH","Ghana",2005,1198649.2
"GH","Ghana",2006,2004148.63
"GH","Ghana",2007,2953019.15
"GH","Ghana",2008,603423.29
"GH","Ghana",2009,1396696.48
"GH","Ghana",2010,1086679.79
"GH","Ghana",2011,502943.52
"GH","Ghana",2012,733312.11
"GH","Ghana",2013,156047.9
"GH","Ghana",2014,904753.07
"GH","Ghana",2015,430923.68
"GD","Grenada",2001,75347.88
"GD","Grenada",2004,286163.52
"GD","Grenada",2005,42745.51
"GD","Grenada",2006,27132.3
"GD","Grenada",2007,114588.62
"GD","Grenada",2008,30593.42
"GD","Grenada",2009,87733.7
"GT","Guatemala",2000,98218.55
"GT","Guatemala",2001,58745.79
"GT","Guatemala",2002,659687.22
"GT","Guatemala",2003,827285.54
"GT","Guatemala",2004,513873.28
"GT","Guatemala",2005,681611.93
"GT","Guatemala",2006,1086477.69
"GT","Guatemala",2007,1506253.4
"GT","Guatemala",2008,1916370.24
"GT","Guatemala",2009,1319194.52
"GT","Guatemala",2010,1516790.75
"GT","Guatemala",2011,1712475.94
"GT","Guatemala",2012,952487.36
"GT","Guatemala",2013,851152.16
"GT","Guatemala",2014,843542.54
"GT","Guatemala",2015,970770.5
"GN","Guinea",2001,0
"GN","Guinea",2002,161695.8
"GN","Guinea",2003,883134.74
"GN","Guinea",2004,140203.86
"GN","Guinea",2005,166616.75
"GN","Guinea",2006,984050.86
"GN","Guinea",2007,273892.19
"GN","Guinea",2008,424306.96
"GN","Guinea",2009,117784.9
"GN","Guinea",2010,48037.63
"GN","Guinea",2011,295318.14
"GN","Guinea",2012,269071.95
"GN","Guinea",2013,693603.09
"GN","Guinea",2014,415409.94
"GN","Guinea",2015,380962.4
"GW","Guinea-Bissau",2010,501208.4
"GW","Guinea-Bissau",2012,224528.1
"GW","Guinea-Bissau",2013,283511.95
"GW","Guinea-Bissau",2014,271295.05
"GW","Guinea-Bissau",2015,273402.02
"GY","Guyana",2002,35371.08
"GY","Guyana",2003,74100.32
"GY","Guyana",2006,8296.74
"HT","Haiti",2000,236069.38
"HT","Haiti",2002,113693.35
"HT","Haiti",2003,678151.05
"HT","Haiti",2004,1737230.7
"HT","Haiti",2005,1199349.9
"HT","Haiti",2006,1493519.79
"HT","Haiti",2007,1667683.59
"HT","Haiti",2008,2447535.34
"HT","Haiti",2009,1165010.55
"HT","Haiti",2010,6472008.52
"HT","Haiti",2011,3549214.11
"HT","Haiti",2012,2871311.74
"HT","Haiti",2013,2454175.48
"HT","Haiti",2014,2512580.73
"HT","Haiti",2015,2296731.47
"HN","Honduras",2000,432507.07
"HN","Honduras",2001,333317.86
"HN","Honduras",2002,1579170.74
"HN","Honduras",2003,2829709.46
"HN","Honduras",2004,2659837.33
"HN","Honduras",2005,2890233.88
"HN","Honduras",2006,4989000.92
"HN","Honduras",2007,4459213.22
"HN","Honduras",2008,3914262.23
"HN","Honduras",2009,3344275.37
"HN","Honduras",2010,1744594.56
"HN","Honduras",2011,1407105.77
"HN","Honduras",2012,1535300.06
"HN","Honduras",2013,1200570.36
"HN","Honduras",2014,1239300.31
"HN","Honduras",2015,1190428.2
"IN","India",2000,301547.97
"IN","India",2001,393340.62
"IN","India",2002,1404300.1
"IN","India",2003,1850364.52
"IN","India",2004,2900805.63
"IN","India",2005,5935989.4
"IN","India",2006,5142586.65
"IN","India",2007,5559349.62
"IN","India",2008,4849653.15
"IN","India",2009,3868936.22
"IN","India",2010,3542304.88
"IN","India",2011,3746195.9
"IN","India",2012,3877513.11
"IN","India",2013,3279972.18
"IN","India",2014,3076142.09
"IN","India",2015,1852456.75
"ID","Indonesia",2000,0
"ID","Indonesia",2002,83375.84
"ID","Indonesia",2004,27757.83
"ID","Indonesia",2005,7377442.33
"ID","Indonesia",2006,558239.37
"ID","Indonesia",2007,323692.69
"ID","Indonesia",2008,65113.84
"ID","Indonesia",2009,989545.57
"ID","Indonesia",2012,23240.58
"ID","Indonesia",2013,101563.57
"ID","Indonesia",2014,20125.4
"IR","Iran",2000,0
"IR","Iran",2002,364086.03
"IR","Iran",2003,1175118.47
"IR","Iran",2004,662468.13
"IR","Iran",2005,111898.95
"IR","Iran",2013,29076.41
"IR","Iran",2015,82831.9
"IQ","Iraq",2000,0
"IQ","Iraq",2001,0
"IQ","Iraq",2002,197202.95
"IQ","Iraq",2003,6319699.3
"IQ","Iraq",2004,1144652.23
"IQ","Iraq",2005,369267.24
"IQ","Iraq",2006,1503638.97
"IQ","Iraq",2007,5463709.01
"IQ","Iraq",2008,4272895.5
"IQ","Iraq",2009,2207807.75
"IQ","Iraq",2010,892294.79
"IQ","Iraq",2011,281336.95
"IQ","Iraq",2012,35883.59
"IQ","Iraq",2013,169934.22
"IQ","Iraq",2014,767471.35
"IQ","Iraq",2015,1752594
"JM","Jamaica",2007,32867.05
"JM","Jamaica",2008,170014.84
"JM","Jamaica",2009,290506.95
"JO","Jordan",2003,64121.35
"JO","Jordan",2004,4292.44
"JO","Jordan",2005,30772.32
"JO","Jordan",2006,217821.15
"JO","Jordan",2007,109556.56
"JO","Jordan",2008,130887.67
"JO","Jordan",2009,79919.87
"JO","Jordan",2010,35691.81
"JO","Jordan",2011,81589.93
"JO","Jordan",2012,697219.23
"JO","Jordan",2013,513224.19
"JO","Jordan",2014,1076810.47
"JO","Jordan",2015,1904006
"KZ","Kazakhstan",2003,53189.22
"KZ","Kazakhstan",2004,4292.44
"KZ","Kazakhstan",2005,26002.02
"KZ","Kazakhstan",2006,3351.44
"KZ","Kazakhstan",2007,44003.43
"KZ","Kazakhstan",2011,18262.16
"KZ","Kazakhstan",2012,19317.59
"KE","Kenya",2000,959787.13
"KE","Kenya",2001,864584.07
"KE","Kenya",2002,3983502.1
"KE","Kenya",2003,6689744.82
"KE","Kenya",2004,8277302.02
"KE","Kenya",2005,6154176.07
"KE","Kenya",2006,13159126.75
"KE","Kenya",2007,10681777.8
"KE","Kenya",2008,15448254.37
"KE","Kenya",2009,9320644.15
"KE","Kenya",2010,11518821.64
"KE","Kenya",2011,10271256.63
"KE","Kenya",2012,8173024.16
"KE","Kenya",2013,7995100.67
"KE","Kenya",2014,7138014.67
"KE","Kenya",2015,7947353.85
"XK","Kosovo",2015,61193.9
"KG","Kyrgyzstan",2002,303406.09
"KG","Kyrgyzstan",2004,15452.84
"KG","Kyrgyzstan",2005,272735.6
"KG","Kyrgyzstan",2006,5569.03
"KG","Kyrgyzstan",2007,20000.69
"KG","Kyrgyzstan",2008,1067.99
"KG","Kyrgyzstan",2010,386661.38
"KG","Kyrgyzstan",2011,70663.11
"LA","Lao",2000,0
"LA","Lao",2002,41038.62
"LA","Lao",2003,332085.97
"LA","Lao",2004,268630.5
"LA","Lao",2005,200428.27
"LA","Lao",2006,2113441.94
"LA","Lao",2007,1726996.66
"LA","Lao",2008,1878991.55
"LA","Lao",2009,1173846.17
"LA","Lao",2010,1084262.08
"LA","Lao",2011,582785.11
"LA","Lao",2013,574042.99
"LA","Lao",2014,573469.86
"LA","Lao",2015,554631
"LB","Lebanon",2000,0
"LB","Lebanon",2001,0
"LB","Lebanon",2006,1774936.18
"LB","Lebanon",2007,1161302.87
"LB","Lebanon",2008,374403.1
"LB","Lebanon",2009,137119.38
"LB","Lebanon",2010,547273.49
"LB","Lebanon",2011,1588180.86
"LB","Lebanon",2012,1392620.04
"LB","Lebanon",2013,1133810.97
"LB","Lebanon",2014,3111928.86
"LB","Lebanon",2015,1578326.1
"LS","Lesotho",2000,163697.87
"LS","Lesotho",2001,2099524.15
"LS","Lesotho",2002,12489228.7
"LS","Lesotho",2003,12004219.01
"LS","Lesotho",2004,12546112.59
"LS","Lesotho",2005,11024574.68
"LS","Lesotho",2006,12046979.57
"LS","Lesotho",2007,14002779.64
"LS","Lesotho",2008,14778616.21
"LS","Lesotho",2009,14286516.47
"LS","Lesotho",2010,14063520.36
"LS","Lesotho",2011,13074084.74
"LS","Lesotho",2012,10022510.39
"LS","Lesotho",2013,2234963.67
"LS","Lesotho",2014,1397589.35
"LS","Lesotho",2015,456841.76
"LR","Liberia",2000,0
"LR","Liberia",2001,0
"LR","Liberia",2002,555847.65
"LR","Liberia",2003,3166035.19
"LR","Liberia",2004,2522083.12
"LR","Liberia",2005,3903978.17
"LR","Liberia",2006,6315886.43
"LR","Liberia",2007,10457407.18
"LR","Liberia",2008,9980734.57
"LR","Liberia",2009,8174206.31
"LR","Liberia",2010,9480215.89
"LR","Liberia",2011,8681852.78
"LR","Liberia",2012,7508852.75
"LR","Liberia",2013,8387634.4
"LR","Liberia",2014,7536385.4
"LR","Liberia",2015,7659083.6
"LY","Libya",2011,1304312.19
"LY","Libya",2015,1220173
"MK","Macedonia",2000,0
"MK","Macedonia",2001,0
"MK","Macedonia",2002,422195.47
"MK","Macedonia",2003,35253.45
"MK","Macedonia",2004,176747.35
"MK","Macedonia",2005,8786.33
"MK","Macedonia",2006,14163.17
"MK","Macedonia",2008,106146.01
"MK","Macedonia",2011,9138.09
"MK","Macedonia",2015,16304.2
"MG","Madagascar",2000,0
"MG","Madagascar",2002,5053.52
"MG","Madagascar",2004,114465.22
"MG","Madagascar",2006,64712.08
"MG","Madagascar",2008,30219.65
"MG","Madagascar",2009,11852.67
"MG","Madagascar",2011,94784.26
"MG","Madagascar",2013,21957.19
"MW","Malawi",2000,17231.37
"MW","Malawi",2001,84287.41
"MW","Malawi",2002,3581304.79
"MW","Malawi",2003,4350398.12
"MW","Malawi",2004,4218808.04
"MW","Malawi",2005,6799320.16
"MW","Malawi",2006,6829486.92
"MW","Malawi",2007,7696822.44
"MW","Malawi",2008,16416970.63
"MW","Malawi",2009,18357407.68
"MW","Malawi",2010,18149841.15
"MW","Malawi",2011,20901786.13
"MW","Malawi",2012,21580614.71
"MW","Malawi",2013,23294912.62
"MW","Malawi",2014,22124402.9
"MW","Malawi",2015,21941362.97
"MY","Malaysia",2011,11678.97
"MV","Maldives",2002,37897.81
"MV","Maldives",2003,68976.81
"MV","Maldives",2004,4768.62
"MV","Maldives",2006,8404.78
"MV","Maldives",2008,154597.58
"ML","Mali",2003,86927.86
"ML","Mali",2004,134868.84
"ML","Mali",2005,105592.95
"ML","Mali",2006,76489.53
"ML","Mali",2007,506327.85
"ML","Mali",2008,343416.69
"ML","Mali",2010,178458.6
"ML","Mali",2012,1239977.1
"ML","Mali",2013,3920079.45
"ML","Mali",2014,1249795.94
"ML","Mali",2015,1369575.03
"MR","Mauritania",2002,86276.37
"MR","Mauritania",2003,129262.82
"MR","Mauritania",2004,114465.22
"MR","Mauritania",2005,185898.02
"MR","Mauritania",2006,660336.14
"MR","Mauritania",2007,142766.85
"MR","Mauritania",2008,151250.27
"MR","Mauritania",2010,202253.98
"MR","Mauritania",2011,208379.14
"MR","Mauritania",2012,336825.01
"MR","Mauritania",2013,846415.12
"MR","Mauritania",2014,263726.25
"MR","Mauritania",2015,256797.5
"MU","Mauritius",2004,2861.64
"MU","Mauritius",2006,22276.13
"MX","Mexico",2000,101664.86
"MX","Mexico",2002,60635.12
"MX","Mexico",2003,82331.9
"MX","Mexico",2004,43233.45
"MX","Mexico",2005,61684.47
"MX","Mexico",2006,102191.68
"MX","Mexico",2007,583265.34
"MX","Mexico",2008,63616.45
"MX","Mexico",2009,40020.27
"MX","Mexico",2010,57678.21
"MX","Mexico",2011,71806.38
"MX","Mexico",2012,80134.71
"MX","Mexico",2013,23266.07
"MX","Mexico",2014,24078.72
"MX","Mexico",2015,29387.67
"FM","Micronesia",2010,15117.26
"middle-east","Middle East, regional",2008,778737.83
"middle-east","Middle East, regional",2009,1162031.13
"middle-east","Middle East, regional",2012,3377877.37
"middle-east","Middle East, regional",2013,2755407.06
"middle-east","Middle East, regional",2014,4703853.39
"middle-east","Middle East, regional",2015,1820297.6
"MD","Moldova",2002,121362.18
"MD","Moldova",2003,67576.14
"MD","Moldova",2004,18963.48
"MD","Moldova",2005,132062.45
"MD","Moldova",2006,52924.72
"MD","Moldova",2007,221947.9
"MD","Moldova",2008,99708.92
"MD","Moldova",2010,631720.53
"MD","Moldova",2011,87418.14
"MD","Moldova",2014,45877.57
"MN","Mongolia",2000,0
"MN","Mongolia",2001,0
"MN","Mongolia",2002,75795.58
"MN","Mongolia",2003,93653.05
"MN","Mongolia",2004,26109.49
"MN","Mongolia",2005,58490.87
"MN","Mongolia",2006,16311.67
"MN","Mongolia",2008,222497.07
"MN","Mongolia",2013,7123.86
"MN","Mongolia",2015,12940.7
"ME","Montenegro",2015,27731.6
"MS","Montserrat",2001,0
"MA","Morocco",2004,246100.28
"MA","Morocco",2005,13987.41
"MA","Morocco",2006,149560.89
"MA","Morocco",2007,135149.51
"MA","Morocco",2008,131163.47
"MZ","Mozambique",2000,2918991.26
"MZ","Mozambique",2001,9140071.68
"MZ","Mozambique",2002,32742187.02
"MZ","Mozambique",2003,36532159.46
"MZ","Mozambique",2004,42699624.78
"MZ","Mozambique",2005,41647070.86
"MZ","Mozambique",2006,46696941.48
"MZ","Mozambique",2007,53877326.05
"MZ","Mozambique",2008,54495132.47
"MZ","Mozambique",2009,53022832.79
"MZ","Mozambique",2010,51131720.8
"MZ","Mozambique",2011,49096040.07
"MZ","Mozambique",2012,47529690.42
"MZ","Mozambique",2013,47698230.67
"MZ","Mozambique",2014,45841413.84
"MZ","Mozambique",2015,40921147.26
"MM","Myanmar",2000,43078.43
"MM","Myanmar",2001,80456.2
"MM","Myanmar",2002,96968.38
"MM","Myanmar",2003,542654.37
"MM","Myanmar",2004,578593.05
"MM","Myanmar",2005,1241682.21
"MM","Myanmar",2006,1476157.96
"MM","Myanmar",2007,1385776.9
"MM","Myanmar",2008,3800927.98
"MM","Myanmar",2009,661406.23
"MM","Myanmar",2010,13334.61
"MM","Myanmar",2011,411124.14
"MM","Myanmar",2012,1461090.65
"MM","Myanmar",2013,1727850.96
"MM","Myanmar",2014,1541889.69
"MM","Myanmar",2015,1262797.6
"NA","Namibia",2000,0
"NA","Namibia",2002,353710.04
"NA","Namibia",2003,170852.18
"NA","Namibia",2004,41016.31
"NA","Namibia",2005,60544.19
"NA","Namibia",2006,1126431.01
"NA","Namibia",2014,22938.83
"NP","Nepal",2000,0
"NP","Nepal",2001,0
"NP","Nepal",2002,431735.97
"NP","Nepal",2003,323385.43
"NP","Nepal",2004,513338.96
"NP","Nepal",2005,465036.03
"NP","Nepal",2006,823587.43
"NP","Nepal",2007,1325938.94
"NP","Nepal",2008,1820856.39
"NP","Nepal",2009,1008852.68
"NP","Nepal",2010,420651.64
"NP","Nepal",2011,745439.63
"NP","Nepal",2012,596594.1
"NP","Nepal",2013,456303.46
"NP","Nepal",2014,197273.6
"NP","Nepal",2015,556658.25
"NI","Nicaragua",2000,0
"NI","Nicaragua",2002,553593.62
"NI","Nicaragua",2003,1020312.98
"NI","Nicaragua",2004,889356.8
"NI","Nicaragua",2005,894815.5
"NI","Nicaragua",2006,1633358.67
"NI","Nicaragua",2007,2561854.3
"NI","Nicaragua",2008,2493049.03
"NI","Nicaragua",2009,1426701.12
"NI","Nicaragua",2010,1932292.31
"NI","Nicaragua",2011,1372459.07
"NI","Nicaragua",2012,1841857.86
"NI","Nicaragua",2013,1376984.59
"NI","Nicaragua",2014,1437407.98
"NI","Nicaragua",2015,1379196.25
"NE","Niger",2001,0
"NE","Niger",2003,115567.78
"NE","Niger",2004,157735.16
"NE","Niger",2005,2419260.54
"NE","Niger",2006,3510346.14
"NE","Niger",2007,3575317.66
"NE","Niger",2008,2326411.04
"NE","Niger",2009,824906.8
"NE","Niger",2010,2042216.61
"NE","Niger",2011,2031662.53
"NE","Niger",2012,3081453.81
"NE","Niger",2013,2816614.13
"NE","Niger",2014,2613993.38
"NE","Niger",2015,2161112.4
"NG","Nigeria",2000,65479.04
"NG","Nigeria",2001,77902.05
"NG","Nigeria",2002,1648122.57
"NG","Nigeria",2003,2289152.91
"NG","Nigeria",2004,1579422.57
"NG","Nigeria",2005,1676875.2
"NG","Nigeria",2006,2013283.25
"NG","Nigeria",2007,1475168.08
"NG","Nigeria",2008,2547188.34
"NG","Nigeria",2009,1141616.45
"NG","Nigeria",2010,1320837.51
"NG","Nigeria",2011,1740535.15
"NG","Nigeria",2012,1556265.66
"NG","Nigeria",2013,1115257.31
"NG","Nigeria",2014,530601.15
"NG","Nigeria",2015,1299153.04
"north-central-america","North & Central America, regional",2001,0
"north-central-america","North & Central America, regional",2002,104150.56
"north-central-america","North & Central America, regional",2009,4348662.63
"north-central-america","North & Central America, regional",2010,1291786.05
"north-central-america","North & Central America, regional",2011,67180.44
"north-central-america","North & Central America, regional",2012,199352.2
"north-central-america","North & Central America, regional",2013,1488774.99
"north-central-america","North & Central America, regional",2014,1491297.56
"north-central-america","North & Central America, regional",2015,1444378.9
"KP","North Korea",2003,53189.14
"KP","North Korea",2004,114465.22
"KP","North Korea",2005,279747.82
"KP","North Korea",2006,1314290.52
"KP","North Korea",2007,387831.48
"KP","North Korea",2008,895171.34
"KP","North Korea",2011,291392.14
"KP","North Korea",2012,764473.16
"KP","North Korea",2013,746257.45
"KP","North Korea",2014,745509.77
"KP","North Korea",2015,721021
"north-of-sahara","North of Sahara, regional",2011,174835.45
"PK","Pakistan",2001,0
"PK","Pakistan",2002,707736.1
"PK","Pakistan",2003,595360.83
"PK","Pakistan",2004,705726.83
"PK","Pakistan",2005,9752057.25
"PK","Pakistan",2006,3457849.17
"PK","Pakistan",2007,2159948.82
"PK","Pakistan",2008,2080506.03
"PK","Pakistan",2009,2679235.42
"PK","Pakistan",2010,4394574.19
"PK","Pakistan",2011,1687019.45
"PK","Pakistan",2012,2184390.12
"PK","Pakistan",2013,722424.56
"PK","Pakistan",2014,630853.61
"PK","Pakistan",2015,567715.79
"PS","Palestine",2000,322226.24
"PS","Palestine",2001,297560.16
"PS","Palestine",2002,5962420.83
"PS","Palestine",2003,5800672.02
"PS","Palestine",2004,5709427.76
"PS","Palestine",2005,5022558.97
"PS","Palestine",2006,6883066.26
"PS","Palestine",2007,6876225.45
"PS","Palestine",2008,5156344.74
"PS","Palestine",2009,7376581.82
"PS","Palestine",2010,5571432.01
"PS","Palestine",2011,9787281.89
"PS","Palestine",2012,5226721.54
"PS","Palestine",2013,6631506.25
"PS","Palestine",2014,6511201.42
"PS","Palestine",2015,6380369.83
"PG","Papua New Guinea",2000,0
"PG","Papua New Guinea",2003,66551.53
"PG","Papua New Guinea",2004,22950.32
"PG","Papua New Guinea",2006,29657.25
"PG","Papua New Guinea",2007,17188.29
"PG","Papua New Guinea",2008,16687.34
"PG","Papua New Guinea",2009,15106.38
"PG","Papua New Guinea",2010,15117.26
"PG","Papua New Guinea",2012,134990.81
"PG","Papua New Guinea",2013,18484.22
"PY","Paraguay",2000,1723.14
"PY","Paraguay",2001,0
"PY","Paraguay",2005,21959.13
"PY","Paraguay",2006,86617.37
"PY","Paraguay",2007,26202.97
"PY","Paraguay",2008,98509.56
"PY","Paraguay",2009,14670.63
"PY","Paraguay",2010,14512.57
"PY","Paraguay",2011,76344.88
"PY","Paraguay",2012,38230.8
"PY","Paraguay",2013,39723.75
"PE","Peru",2000,332565
"PE","Peru",2001,0
"PE","Peru",2002,582064.51
"PE","Peru",2003,856817.26
"PE","Peru",2004,1150748.62
"PE","Peru",2005,857816.87
"PE","Peru",2006,569761.19
"PE","Peru",2007,1685833.79
"PE","Peru",2008,938304.72
"PE","Peru",2009,641363.14
"PE","Peru",2010,267679.37
"PE","Peru",2011,376630.89
"PE","Peru",2012,567345.58
"PE","Peru",2013,647741.22
"PE","Peru",2014,440357.17
"PE","Peru",2015,516391.5
"PH","Philippines",2000,0
"PH","Philippines",2001,0
"PH","Philippines",2002,272532.86
"PH","Philippines",2003,898728.56
"PH","Philippines",2004,1232655.1
"PH","Philippines",2005,994986.42
"PH","Philippines",2006,1593501.32
"PH","Philippines",2007,833964.22
"PH","Philippines",2008,684226.01
"PH","Philippines",2009,786762.81
"PH","Philippines",2010,663515.49
"PH","Philippines",2011,486704.2
"PH","Philippines",2012,292392.99
"PH","Philippines",2013,3597712.25
"PH","Philippines",2014,3937331.72
"PH","Philippines",2015,502172.33
"RW","Rwanda",2000,851229.67
"RW","Rwanda",2001,390788.24
"RW","Rwanda",2002,663206.2
"RW","Rwanda",2003,2019289.69
"RW","Rwanda",2004,2664414.92
"RW","Rwanda",2005,2367098.28
"RW","Rwanda",2006,3249226.03
"RW","Rwanda",2007,2742437.56
"RW","Rwanda",2008,2570218.21
"RW","Rwanda",2009,1678806.23
"RW","Rwanda",2010,2134353.26
"RW","Rwanda",2011,1917179.74
"RW","Rwanda",2012,3174993.55
"RW","Rwanda",2013,2854711.41
"RW","Rwanda",2014,2707805.81
"RW","Rwanda",2015,2372601.53
"LC","Saint Lucia",2002,151589.75
"LC","Saint Lucia",2003,122405.66
"LC","Saint Lucia",2004,83034.21
"LC","Saint Lucia",2005,90638.35
"LC","Saint Lucia",2006,179806.07
"LC","Saint Lucia",2007,74421.93
"LC","Saint Lucia",2008,5546.86
"WS","Samoa",2002,7579.07
"WS","Samoa",2013,22922.67
"WS","Samoa",2014,114694.14
"WS","Samoa",2015,110926
"SN","Senegal",2000,32739.52
"SN","Senegal",2001,0
"SN","Senegal",2002,201382.45
"SN","Senegal",2003,257745.03
"SN","Senegal",2004,163112.87
"SN","Senegal",2005,193020.98
"SN","Senegal",2006,225352.02
"SN","Senegal",2007,194331.33
"SN","Senegal",2008,206859.59
"SN","Senegal",2009,162633.49
"SN","Senegal",2010,13954.4
"SN","Senegal",2011,45949.71
"SN","Senegal",2012,131244.84
"SN","Senegal",2013,146362.92
"SN","Senegal",2014,290122.96
"SN","Senegal",2015,242438
"RS","Serbia",2000,1283736.44
"RS","Serbia",2001,1252817.23
"RS","Serbia",2002,926594.73
"RS","Serbia",2003,2024985.19
"RS","Serbia",2004,1423026.36
"RS","Serbia",2005,2119922.82
"RS","Serbia",2006,1725677.82
"RS","Serbia",2007,871657.82
"RS","Serbia",2008,1070584.25
"RS","Serbia",2009,244027
"RS","Serbia",2010,35691.81
"RS","Serbia",2012,14525.44
"RS","Serbia",2013,91846.5
"SL","Sierra Leone",2000,0
"SL","Sierra Leone",2001,288621.2
"SL","Sierra Leone",2002,1276589.44
"SL","Sierra Leone",2003,6074922.04
"SL","Sierra Leone",2004,3076482.64
"SL","Sierra Leone",2005,6547801.48
"SL","Sierra Leone",2006,9901715.66
"SL","Sierra Leone",2007,13138549.72
"SL","Sierra Leone",2008,12456179.35
"SL","Sierra Leone",2009,10786884.89
"SL","Sierra Leone",2010,10630310.26
"SL","Sierra Leone",2011,10692669.57
"SL","Sierra Leone",2012,13119881.89
"SL","Sierra Leone",2013,10294396.16
"SL","Sierra Leone",2014,13622815.71
"SL","Sierra Leone",2015,11450625.7
"SB","Solomon Islands",2011,135282.51
"SO","Somalia",2000,0
"SO","Somalia",2001,242645.01
"SO","Somalia",2002,2112052.96
"SO","Somalia",2003,1163489.82
"SO","Somalia",2004,1878834.48
"SO","Somalia",2005,2751551.96
"SO","Somalia",2006,5815072.6
"SO","Somalia",2007,9074913.79
"SO","Somalia",2008,7994605.03
"SO","Somalia",2009,6239393.06
"SO","Somalia",2010,5909229.45
"SO","Somalia",2011,9401999.29
"SO","Somalia",2012,9649639.69
"SO","Somalia",2013,7488474.01
"SO","Somalia",2014,6586983.42
"SO","Somalia",2015,7146250
"south-central-asia","South & Central Asia, regional",2008,9522893.25
"south-central-asia","South & Central Asia, regional",2009,246757.51
"south-central-asia","South & Central Asia, regional",2010,3360980.61
"south-central-asia","South & Central Asia, regional",2011,3496.71
"ZA","South Africa",2000,754732.84
"ZA","South Africa",2001,964195.57
"ZA","South Africa",2002,15074794.01
"ZA","South Africa",2003,18363344.61
"ZA","South Africa",2004,14738426.01
"ZA","South Africa",2005,14852813.76
"ZA","South Africa",2006,16452594.23
"ZA","South Africa",2007,14707192.67
"ZA","South Africa",2008,21414581.1
"ZA","South Africa",2009,12243088.9
"ZA","South Africa",2010,7303541.51
"ZA","South Africa",2011,7136931.94
"ZA","South Africa",2012,6082028.24
"ZA","South Africa",2013,5414844.99
"ZA","South Africa",2014,5179879.01
"ZA","South Africa",2015,6316681.14
"south-america","South America, regional",2001,0
"south-america","South America, regional",2002,84776.38
"south-america","South America, regional",2009,131236.56
"south-america","South America, regional",2010,2571408.09
"south-america","South America, regional",2011,671256.13
"south-america","South America, regional",2012,1508386.28
"south-america","South America, regional",2013,31803.15
"south-america","South America, regional",2014,53863.76
"south-america","South America, regional",2015,62804.75
"south-asia","South Asia, regional",2015,146139
"south-of-sahara","South of Sahara, regional",2007,7642033.87
"south-of-sahara","South of Sahara, regional",2008,22849946.1
"south-of-sahara","South of Sahara, regional",2009,28041728.5
"south-of-sahara","South of Sahara, regional",2010,8710449.46
"south-of-sahara","South of Sahara, regional",2011,1922636.93
"south-of-sahara","South of Sahara, regional",2012,2989208.58
"south-of-sahara","South of Sahara, regional",2013,8212725.14
"south-of-sahara","South of Sahara, regional",2014,2584225.6
"south-of-sahara","South of Sahara, regional",2015,456485.47
"SS","South Sudan",2011,10274047.9
"SS","South Sudan",2012,7411687.63
"SS","South Sudan",2013,8621593.01
"SS","South Sudan",2014,11085617.01
"SS","South Sudan",2015,12212434
"LK","Sri Lanka",2002,98533.96
"LK","Sri Lanka",2003,403384.67
"LK","Sri Lanka",2004,58061.31
"LK","Sri Lanka",2005,4527055.41
"LK","Sri Lanka",2006,334302.92
"LK","Sri Lanka",2007,821675.79
"LK","Sri Lanka",2008,388163.08
"LK","Sri Lanka",2009,230082.27
"LK","Sri Lanka",2010,215588.59
"LK","Sri Lanka",2011,152143.93
"LK","Sri Lanka",2012,129153.02
"LK","Sri Lanka",2013,216573.82
"ex-yugoslavia","States Ex-Yugoslavia unspecified",2001,0
"ex-yugoslavia","States Ex-Yugoslavia unspecified",2008,1501856.6
"ex-yugoslavia","States Ex-Yugoslavia unspecified",2010,155848
"ex-yugoslavia","States Ex-Yugoslavia unspecified",2011,99511.66
"ex-yugoslavia","States Ex-Yugoslavia unspecified",2012,82574.04
"ex-yugoslavia","States Ex-Yugoslavia unspecified",2013,223702.73
"ex-yugoslavia","States Ex-Yugoslavia unspecified",2014,167112.74
"ex-yugoslavia","States Ex-Yugoslavia unspecified",2015,50806.6
"SD","Sudan",2000,0
"SD","Sudan",2001,0
"SD","Sudan",2002,2747410.11
"SD","Sudan",2003,5360389.77
"SD","Sudan",2004,10546310.53
"SD","Sudan",2005,11860166.18
"SD","Sudan",2006,16734042.3
"SD","Sudan",2007,20256795.57
"SD","Sudan",2008,18626806.83
"SD","Sudan",2009,12406716.56
"SD","Sudan",2010,12543391.74
"SD","Sudan",2011,669329.78
"SD","Sudan",2012,5990921.59
"SD","Sudan",2013,5938233.96
"SD","Sudan",2014,6817318.5
"SD","Sudan",2015,5776209.72
"SZ","Swaziland",2000,0
"SZ","Swaziland",2001,0
"SZ","Swaziland",2002,404985.36
"SZ","Swaziland",2003,70075.55
"SZ","Swaziland",2004,276124.43
"SZ","Swaziland",2005,20561.49
"SZ","Swaziland",2006,130798.62
"SZ","Swaziland",2007,1324920.11
"SZ","Swaziland",2008,257099.89
"SZ","Swaziland",2009,136091.17
"SZ","Swaziland",2010,27443.6
"SZ","Swaziland",2013,44294.38
"SZ","Swaziland",2014,22938.83
"SZ","Swaziland",2015,181117.5
"SY","Syria",2004,114465.22
"SY","Syria",2007,109556.8
"SY","Syria",2008,66749.2
"SY","Syria",2011,72848.12
"SY","Syria",2012,1362023.84
"SY","Syria",2013,8981399.4
"SY","Syria",2014,8987553.68
"SY","Syria",2015,9962012.96
"TJ","Tajikistan",2000,0
"TJ","Tajikistan",2001,323102.21
"TJ","Tajikistan",2002,710806.41
"TJ","Tajikistan",2006,90974.56
"TJ","Tajikistan",2007,526.41
"TJ","Tajikistan",2008,369456.52
"TJ","Tajikistan",2009,149292.23
"TJ","Tajikistan",2010,101126.81
"TJ","Tajikistan",2012,34860.92
"TZ","Tanzania",2000,3279125.11
"TZ","Tanzania",2001,2831290.32
"TZ","Tanzania",2002,27877452.03
"TZ","Tanzania",2003,26096231.58
"TZ","Tanzania",2004,28192565.79
"TZ","Tanzania",2005,29999046.73
"TZ","Tanzania",2006,34059081.36
"TZ","Tanzania",2007,40098401.63
"TZ","Tanzania",2008,48213138.6
"TZ","Tanzania",2009,45444083.7
"TZ","Tanzania",2010,44459724.31
"TZ","Tanzania",2011,41305936.23
"TZ","Tanzania",2012,40169339.11
"TZ","Tanzania",2013,37478052.99
"TZ","Tanzania",2014,28528279.39
"TZ","Tanzania",2015,31592259.62
"TH","Thailand",2000,0
"TH","Thailand",2001,121322.79
"TH","Thailand",2002,308498.08
"TH","Thailand",2003,54405.41
"TH","Thailand",2004,41493.66
"TH","Thailand",2005,849106.15
"TH","Thailand",2006,299759.66
"TH","Thailand",2007,141791.44
"TH","Thailand",2008,267727.12
"TH","Thailand",2010,323611.66
"TH","Thailand",2011,337513.77
"TH","Thailand",2012,424267.24
"TH","Thailand",2013,141768.07
"TH","Thailand",2014,269282.04
"TH","Thailand",2015,283043.66
"TL","Timor-Leste",2000,192991.38
"TL","Timor-Leste",2001,1231106.67
"TL","Timor-Leste",2002,2940478.17
"TL","Timor-Leste",2003,3945848.99
"TL","Timor-Leste",2004,4687105.29
"TL","Timor-Leste",2005,4760278.86
"TL","Timor-Leste",2006,8090380.73
"TL","Timor-Leste",2007,6254393.97
"TL","Timor-Leste",2008,7892741.93
"TL","Timor-Leste",2009,6205180.77
"TL","Timor-Leste",2010,5229741.03
"TL","Timor-Leste",2011,4089880.13
"TL","Timor-Leste",2012,4967782.56
"TL","Timor-Leste",2013,13644.19
"TG","Togo",2002,77049.22
"TG","Togo",2006,195161.47
"TG","Togo",2007,219113.91
"TG","Togo",2008,407926.47
"TG","Togo",2009,116202.78
"TG","Togo",2010,58143.24
"TG","Togo",2011,112382.9
"TN","Tunisia",2011,61224.47
"TR","Turkey",2001,0
"TR","Turkey",2003,170701.07
"TR","Turkey",2013,1262894.76
"TR","Turkey",2014,162796.11
"TR","Turkey",2015,471436
"TM","Turkmenistan",2002,424767.24
"UG","Uganda",2000,3251555.08
"UG","Uganda",2001,9427424.63
"UG","Uganda",2002,44298616.19
"UG","Uganda",2003,44738078.26
"UG","Uganda",2004,42050468.55
"UG","Uganda",2005,41298818.63
"UG","Uganda",2006,50013132.8
"UG","Uganda",2007,49946719.9
"UG","Uganda",2008,59380161.64
"UG","Uganda",2009,52730836
"UG","Uganda",2010,51840310.35
"UG","Uganda",2011,49708375.76
"UG","Uganda",2012,26961981.54
"UG","Uganda",2013,27134640.18
"UG","Uganda",2014,31595616.4
"UG","Uganda",2015,25445802.15
"UA","Ukraine",2005,154559.56
"UA","Ukraine",2006,284312.85
"UA","Ukraine",2007,1479967.93
"UA","Ukraine",2008,354052.83
"UA","Ukraine",2009,185232.68
"UA","Ukraine",2010,264227.41
"UA","Ukraine",2011,87418.14
"UA","Ukraine",2014,363548.37
"UA","Ukraine",2015,726494.1
"UY","Uruguay",2013,4018.3
"UZ","Uzbekistan",2002,364086.03
"UZ","Uzbekistan",2010,118972.4
"UZ","Uzbekistan",2012,14640.44
"VU","Vanuatu",2002,30317.56
"VE","Venezuela",2000,0
"VE","Venezuela",2002,50530.34
"VE","Venezuela",2003,60477.23
"VE","Venezuela",2004,22893.09
"VE","Venezuela",2005,19470.47
"VE","Venezuela",2006,19232.07
"VE","Venezuela",2007,83197.12
"VN","Viet Nam",2001,315438.94
"VN","Viet Nam",2002,78504.31
"VN","Viet Nam",2003,95842.33
"VN","Viet Nam",2004,224689.19
"VN","Viet Nam",2005,3503546.77
"VN","Viet Nam",2006,6636217.3
"VN","Viet Nam",2007,20099588.21
"VN","Viet Nam",2008,22701575.43
"VN","Viet Nam",2009,17096784.6
"VN","Viet Nam",2010,15097444.32
"VN","Viet Nam",2011,13788271.56
"VN","Viet Nam",2012,16617712.03
"VN","Viet Nam",2013,14706623.99
"VN","Viet Nam",2014,14455608.1
"VN","Viet Nam",2015,12565020.72
"west-indies","West Indies, regional",2007,16711.58
"west-indies","West Indies, regional",2008,60074.25
"YE","Yemen",2004,34339.57
"YE","Yemen",2006,213325.93
"YE","Yemen",2007,80411.74
"YE","Yemen",2008,189275.07
"YE","Yemen",2009,232405.56
"YE","Yemen",2010,80009.1
"YE","Yemen",2011,233114.21
"YE","Yemen",2012,481776.12
"YE","Yemen",2013,236415.37
"YE","Yemen",2014,573469.86
"YE","Yemen",2015,1949439.73
"ZM","Zambia",2000,113727.01
"ZM","Zambia",2001,676854.28
"ZM","Zambia",2002,24631455.39
"ZM","Zambia",2003,20045035.93
"ZM","Zambia",2004,22230012.04
"ZM","Zambia",2005,23228659.12
"ZM","Zambia",2006,26996659.71
"ZM","Zambia",2007,27494852.22
"ZM","Zambia",2008,26511655.82
"ZM","Zambia",2009,28387501.19
"ZM","Zambia",2010,29373633.7
"ZM","Zambia",2011,23873957.04
"ZM","Zambia",2012,23492254.75
"ZM","Zambia",2013,22780851.69
"ZM","Zambia",2014,19966606.96
"ZM","Zambia",2015,19290618.37
"ZW","Zimbabwe",2000,0
"ZW","Zimbabwe",2001,369076.41
"ZW","Zimbabwe",2002,4114742.45
"ZW","Zimbabwe",2003,4397950.54
"ZW","Zimbabwe",2004,5004975.08
"ZW","Zimbabwe",2005,4656562.82
"ZW","Zimbabwe",2006,9298992.71
"ZW","Zimbabwe",2007,10389221.84
"ZW","Zimbabwe",2008,11641548.97
"ZW","Zimbabwe",2009,8968250.4
"ZW","Zimbabwe",2010,6037371.94
"ZW","Zimbabwe",2011,8432867.46
"ZW","Zimbabwe",2012,7082287.67
"ZW","Zimbabwe",2013,7433792.98
"ZW","Zimbabwe",2014,7628221.11
"ZW","Zimbabwe",2015,7226415.8
