"di_id","entity_name","year","value"
"AF","Afghanistan",2000,
"AF","Afghanistan",2001,
"AF","Afghanistan",2002,
"AF","Afghanistan",2003,
"AF","Afghanistan",2004,
"AF","Afghanistan",2005,
"AF","Afghanistan",2006,
"AF","Afghanistan",2007,
"AF","Afghanistan",2008,
"AF","Afghanistan",2009,
"AF","Afghanistan",2010,
"AF","Afghanistan",2011,
"AF","Afghanistan",2012,
"AF","Afghanistan",2013,
"AF","Afghanistan",2014,
"AF","Afghanistan",2015,
"AF","Afghanistan",2016,
"africa","Africa, regional",2000,
"africa","Africa, regional",2001,
"africa","Africa, regional",2002,
"africa","Africa, regional",2003,
"africa","Africa, regional",2004,
"africa","Africa, regional",2005,
"africa","Africa, regional",2006,
"africa","Africa, regional",2007,
"africa","Africa, regional",2008,
"africa","Africa, regional",2009,
"africa","Africa, regional",2010,
"africa","Africa, regional",2011,
"africa","Africa, regional",2012,
"africa","Africa, regional",2013,
"africa","Africa, regional",2014,
"africa","Africa, regional",2015,
"africa","Africa, regional",2016,
"AL","Albania",2000,3809.149447
"AL","Albania",2001,4432.458419
"AL","Albania",2002,7137.840017
"AL","Albania",2003,8260.118768
"AL","Albania",2004,8219.733686
"AL","Albania",2005,10689.95629
"AL","Albania",2006,14072.87487
"AL","Albania",2007,17316.923
"AL","Albania",2008,32268.15486
"AL","Albania",2009,22210.95738
"AL","Albania",2010,17907.10035
"AL","Albania",2011,14645.59134
"AL","Albania",2012,11699.41479
"AL","Albania",2013,10142.98174
"AL","Albania",2014,11007.40777
"AL","Albania",2015,14313.0432
"AL","Albania",2016,10194.34717
"DZ","Algeria",1997,
"DZ","Algeria",2000,233.6586295
"DZ","Algeria",2001,284.6171393
"DZ","Algeria",2002,294.4245977
"DZ","Algeria",2003,338.3400999
"DZ","Algeria",2004,477.2294462
"DZ","Algeria",2005,622.4881331
"DZ","Algeria",2006,793.768231
"DZ","Algeria",2007,894.867499
"DZ","Algeria",2008,971.6103411
"DZ","Algeria",2009,1079.716415
"DZ","Algeria",2010,1109.533764
"DZ","Algeria",2011,1462.979505
"DZ","Algeria",2012,1430.538841
"DZ","Algeria",2013,1878.622235
"DZ","Algeria",2014,1491.743073
"DZ","Algeria",2015,1287.128761
"DZ","Algeria",2016,1426.429277
"america","America, regional",2000,
"america","America, regional",2001,
"america","America, regional",2002,
"america","America, regional",2003,
"america","America, regional",2004,
"america","America, regional",2005,
"america","America, regional",2006,
"america","America, regional",2007,
"america","America, regional",2008,
"america","America, regional",2009,
"america","America, regional",2010,
"america","America, regional",2011,
"america","America, regional",2012,
"america","America, regional",2013,
"america","America, regional",2014,
"america","America, regional",2015,
"america","America, regional",2016,
"AO","Angola",2000,46.32344791
"AO","Angola",2001,41.87402653
"AO","Angola",2002,53.60264613
"AO","Angola",2003,58.19609808
"AO","Angola",2004,124.6247267
"AO","Angola",2005,46.41660995
"AO","Angola",2006,46.90419725
"AO","Angola",2007,48.85430364
"AO","Angola",2008,55.92236685
"AO","Angola",2009,41.86700679
"AO","Angola",2010,38.76274035
"AO","Angola",2011,31.3711001
"AO","Angola",2012,36.99580997
"AO","Angola",2013,42.06496356
"AO","Angola",2014,36.08425914
"AO","Angola",2015,64.25506643
"AO","Angola",2016,38.14270272
"AI","Anguilla",2000,
"AI","Anguilla",2001,
"AI","Anguilla",2002,
"AI","Anguilla",2003,
"AI","Anguilla",2004,
"AI","Anguilla",2005,
"AI","Anguilla",2006,
"AI","Anguilla",2007,
"AI","Anguilla",2008,
"AI","Anguilla",2009,
"AI","Anguilla",2010,
"AI","Anguilla",2011,
"AI","Anguilla",2012,
"AI","Anguilla",2013,
"AG","Antigua & Barbuda",2000,
"AG","Antigua & Barbuda",2001,
"AG","Antigua & Barbuda",2002,
"AG","Antigua & Barbuda",2003,
"AG","Antigua & Barbuda",2004,
"AG","Antigua & Barbuda",2005,
"AG","Antigua & Barbuda",2006,
"AG","Antigua & Barbuda",2007,
"AG","Antigua & Barbuda",2008,
"AG","Antigua & Barbuda",2009,
"AG","Antigua & Barbuda",2010,
"AG","Antigua & Barbuda",2011,
"AG","Antigua & Barbuda",2012,
"AG","Antigua & Barbuda",2013,
"AG","Antigua & Barbuda",2014,
"AG","Antigua & Barbuda",2015,
"AG","Antigua & Barbuda",2016,
"AR","Argentina",1999,
"AR","Argentina",2000,
"AR","Argentina",2001,
"AR","Argentina",2002,
"AR","Argentina",2003,
"AR","Argentina",2004,
"AR","Argentina",2005,
"AR","Argentina",2006,
"AR","Argentina",2007,
"AR","Argentina",2008,
"AR","Argentina",2009,
"AR","Argentina",2010,
"AR","Argentina",2011,
"AR","Argentina",2012,
"AR","Argentina",2013,
"AR","Argentina",2014,
"AR","Argentina",2015,
"AR","Argentina",2016,
"AM","Armenia",2000,587.1423291
"AM","Armenia",2001,624.7223871
"AM","Armenia",2002,904.5308396
"AM","Armenia",2003,934.5348489
"AM","Armenia",2004,1331.22532
"AM","Armenia",2005,1725.797905
"AM","Armenia",2006,2664.202576
"AM","Armenia",2007,5494.33033
"AM","Armenia",2008,8404.473623
"AM","Armenia",2009,11356.04508
"AM","Armenia",2010,6696.737404
"AM","Armenia",2011,6365.824403
"AM","Armenia",2012,6889.050674
"AM","Armenia",2013,4635.735826
"AM","Armenia",2014,4376.590518
"AM","Armenia",2015,6298.095836
"AM","Armenia",2016,6300.875703
"AW","Aruba",1999,
"asia","Asia, regional",1999,
"asia","Asia, regional",2000,
"asia","Asia, regional",2001,
"asia","Asia, regional",2002,
"asia","Asia, regional",2003,
"asia","Asia, regional",2004,
"asia","Asia, regional",2005,
"asia","Asia, regional",2006,
"asia","Asia, regional",2007,
"asia","Asia, regional",2008,
"asia","Asia, regional",2009,
"asia","Asia, regional",2010,
"asia","Asia, regional",2011,
"asia","Asia, regional",2012,
"asia","Asia, regional",2013,
"asia","Asia, regional",2014,
"asia","Asia, regional",2015,
"asia","Asia, regional",2016,
"AZ","Azerbaijan",2000,819.1392752
"AZ","Azerbaijan",2001,2640.460621
"AZ","Azerbaijan",2002,
"AZ","Azerbaijan",2003,
"AZ","Azerbaijan",2004,
"AZ","Azerbaijan",2005,
"AZ","Azerbaijan",2006,
"AZ","Azerbaijan",2007,
"AZ","Azerbaijan",2008,
"AZ","Azerbaijan",2009,
"AZ","Azerbaijan",2010,
"AZ","Azerbaijan",2011,
"AZ","Azerbaijan",2012,
"AZ","Azerbaijan",2013,
"AZ","Azerbaijan",2014,
"AZ","Azerbaijan",2015,
"AZ","Azerbaijan",2016,
"BH","Bahrain",2000,
"BH","Bahrain",2001,
"BH","Bahrain",2002,
"BH","Bahrain",2003,
"BH","Bahrain",2004,
"BD","Bangladesh",2000,44.30244386
"BD","Bangladesh",2001,43.03609076
"BD","Bangladesh",2002,37.99572907
"BD","Bangladesh",2003,48.28582534
"BD","Bangladesh",2004,55.243058
"BD","Bangladesh",2005,51.32745532
"BD","Bangladesh",2006,56.70379146
"BD","Bangladesh",2007,60.49583269
"BD","Bangladesh",2008,98.11535134
"BD","Bangladesh",2009,58.07449559
"BD","Bangladesh",2010,65.43635242
"BD","Bangladesh",2011,70.31795041
"BD","Bangladesh",2012,95.05725787
"BD","Bangladesh",2013,116.7942979
"BD","Bangladesh",2014,109.3129333
"BD","Bangladesh",2015,120.9675684
"BD","Bangladesh",2016,123.0694648
"BB","Barbados",2000,
"BB","Barbados",2001,
"BB","Barbados",2002,
"BB","Barbados",2003,
"BB","Barbados",2004,
"BB","Barbados",2005,
"BB","Barbados",2006,
"BB","Barbados",2007,
"BB","Barbados",2008,
"BB","Barbados",2009,
"BB","Barbados",2010,
"BY","Belarus",2005,1861.712414
"BY","Belarus",2006,3434.471257
"BY","Belarus",2007,7157.756963
"BY","Belarus",2008,
"BY","Belarus",2009,
"BY","Belarus",2010,
"BY","Belarus",2011,
"BY","Belarus",2012,
"BY","Belarus",2013,
"BY","Belarus",2014,
"BY","Belarus",2015,
"BY","Belarus",2016,
"BZ","Belize",2000,1114.900889
"BZ","Belize",2001,1578.522445
"BZ","Belize",2002,1732.564891
"BZ","Belize",2003,713.1255917
"BZ","Belize",2004,449.8760191
"BZ","Belize",2005,530.1111049
"BZ","Belize",2006,383.383222
"BZ","Belize",2007,667.5417598
"BZ","Belize",2008,574.5284777
"BZ","Belize",2009,660.561605
"BZ","Belize",2010,598.8155711
"BZ","Belize",2011,571.1860907
"BZ","Belize",2012,648.4707329
"BZ","Belize",2013,1231.670349
"BZ","Belize",2014,918.9059647
"BZ","Belize",2015,810.0574188
"BZ","Belize",2016,1072.835561
"BJ","Benin",2000,115.6660138
"BJ","Benin",2001,133.4558113
"BJ","Benin",2002,105.1255046
"BJ","Benin",2003,112.3047948
"BJ","Benin",2004,132.5415421
"BJ","Benin",2005,108.4277762
"BJ","Benin",2006,387.3501407
"BJ","Benin",2007,110.5835353
"BJ","Benin",2008,134.1929541
"BJ","Benin",2009,138.733592
"BJ","Benin",2010,138.3063856
"BJ","Benin",2011,128.1927943
"BJ","Benin",2012,96.26345574
"BJ","Benin",2013,119.4778648
"BJ","Benin",2014,110.0851831
"BJ","Benin",2015,91.00836287
"BJ","Benin",2016,102.8628832
"BT","Bhutan",2000,302.7577662
"BT","Bhutan",2001,351.4573573
"BT","Bhutan",2002,401.5103899
"BT","Bhutan",2003,444.9261325
"BT","Bhutan",2004,545.8633772
"BT","Bhutan",2005,874.0457196
"BT","Bhutan",2006,1060.912274
"BT","Bhutan",2007,1244.070611
"BT","Bhutan",2008,1158.477123
"BT","Bhutan",2009,2415.945388
"BT","Bhutan",2010,3907.358665
"BT","Bhutan",2011,5835.104155
"BT","Bhutan",2012,8989.937623
"BT","Bhutan",2013,56286.0911
"BT","Bhutan",2014,58819.33645
"BT","Bhutan",2015,47616.27727
"BT","Bhutan",2016,27463.87374
"bilateral-unspecified","Bilateral, unspecified",2000,
"bilateral-unspecified","Bilateral, unspecified",2001,
"bilateral-unspecified","Bilateral, unspecified",2002,
"bilateral-unspecified","Bilateral, unspecified",2003,
"bilateral-unspecified","Bilateral, unspecified",2004,
"bilateral-unspecified","Bilateral, unspecified",2005,
"bilateral-unspecified","Bilateral, unspecified",2006,
"bilateral-unspecified","Bilateral, unspecified",2007,
"bilateral-unspecified","Bilateral, unspecified",2008,
"bilateral-unspecified","Bilateral, unspecified",2009,
"bilateral-unspecified","Bilateral, unspecified",2010,
"bilateral-unspecified","Bilateral, unspecified",2011,
"bilateral-unspecified","Bilateral, unspecified",2012,
"bilateral-unspecified","Bilateral, unspecified",2013,
"bilateral-unspecified","Bilateral, unspecified",2014,
"bilateral-unspecified","Bilateral, unspecified",2015,
"bilateral-unspecified","Bilateral, unspecified",2016,
"BO","Bolivia",2000,383.9602918
"BO","Bolivia",2001,578.1803577
"BO","Bolivia",2002,684.3445833
"BO","Bolivia",2003,660.0244062
"BO","Bolivia",2004,750.9689438
"BO","Bolivia",2005,465.4610896
"BO","Bolivia",2006,1708.204784
"BO","Bolivia",2007,1322.310831
"BO","Bolivia",2008,556.9864086
"BO","Bolivia",2009,690.6514916
"BO","Bolivia",2010,879.44409
"BO","Bolivia",2011,879.6720651
"BO","Bolivia",2012,743.6758285
"BO","Bolivia",2013,910.1403695
"BO","Bolivia",2014,899.6664151
"BO","Bolivia",2015,1177.373432
"BO","Bolivia",2016,1053.957439
"BA","Bosnia & Herzegovina",2000,83929.14468
"BA","Bosnia & Herzegovina",2001,75034.60404
"BA","Bosnia & Herzegovina",2002,63965.79753
"BA","Bosnia & Herzegovina",2003,66010.32912
"BA","Bosnia & Herzegovina",2004,102306.6113
"BA","Bosnia & Herzegovina",2005,118151.7848
"BA","Bosnia & Herzegovina",2006,141722.2952
"BA","Bosnia & Herzegovina",2007,185673.225
"BA","Bosnia & Herzegovina",2008,191588.3094
"BA","Bosnia & Herzegovina",2009,184552.067
"BA","Bosnia & Herzegovina",2010,229463.6627
"BA","Bosnia & Herzegovina",2011,264549.9911
"BA","Bosnia & Herzegovina",2012,158534.0226
"BA","Bosnia & Herzegovina",2013,106100.6517
"BA","Bosnia & Herzegovina",2014,131466.731
"BA","Bosnia & Herzegovina",2015,104340.6549
"BA","Bosnia & Herzegovina",2016,112350.1488
"BW","Botswana",2000,115.8950451
"BW","Botswana",2001,117.3357064
"BW","Botswana",2002,129.2974837
"BW","Botswana",2003,98.89042137
"BW","Botswana",2004,146.248473
"BW","Botswana",2005,158.0846464
"BW","Botswana",2006,212.4615002
"BW","Botswana",2007,317.4453417
"BW","Botswana",2008,2142.656612
"BW","Botswana",2009,925.6161951
"BW","Botswana",2010,474.0994009
"BW","Botswana",2011,416.6637982
"BW","Botswana",2012,321.7467718
"BW","Botswana",2013,468.4353159
"BW","Botswana",2014,419.3771133
"BW","Botswana",2015,312.3791532
"BW","Botswana",2016,386.3666988
"BR","Brazil",2000,23.00651943
"BR","Brazil",2001,30.09344778
"BR","Brazil",2002,28.6894551
"BR","Brazil",2003,29.26885528
"BR","Brazil",2004,25.35938101
"BR","Brazil",2005,26.45962447
"BR","Brazil",2006,26.86890726
"BR","Brazil",2007,35.1502985
"BR","Brazil",2008,50.98633757
"BR","Brazil",2009,52.47807382
"BR","Brazil",2010,56.65143581
"BR","Brazil",2011,88.22282027
"BR","Brazil",2012,190.2110111
"BR","Brazil",2013,140.788936
"BR","Brazil",2014,125.8861085
"BR","Brazil",2015,153.1402012
"BR","Brazil",2016,113.6355119
"BF","Burkina Faso",2000,65.34324876
"BF","Burkina Faso",2001,79.38973417
"BF","Burkina Faso",2002,86.43127221
"BF","Burkina Faso",2003,91.0583201
"BF","Burkina Faso",2004,100.2456842
"BF","Burkina Faso",2005,107.221371
"BF","Burkina Faso",2006,305.3514437
"BF","Burkina Faso",2007,116.2201979
"BF","Burkina Faso",2008,114.936306
"BF","Burkina Faso",2009,125.6689623
"BF","Burkina Faso",2010,120.9654485
"BF","Burkina Faso",2011,110.943181
"BF","Burkina Faso",2012,137.6168024
"BF","Burkina Faso",2013,128.5594309
"BF","Burkina Faso",2014,138.4981497
"BF","Burkina Faso",2015,138.0787673
"BF","Burkina Faso",2016,140.8299161
"BI","Burundi",2000,31.01062604
"BI","Burundi",2001,44.81635445
"BI","Burundi",2002,49.12006873
"BI","Burundi",2003,53.54778154
"BI","Burundi",2004,79.35917161
"BI","Burundi",2005,72.65682148
"BI","Burundi",2006,80.91962325
"BI","Burundi",2007,80.03818024
"BI","Burundi",2008,79.1565203
"BI","Burundi",2009,137.3425987
"BI","Burundi",2010,89.99395233
"BI","Burundi",2011,75.68985206
"BI","Burundi",2012,70.78460937
"BI","Burundi",2013,74.24493436
"BI","Burundi",2014,69.34643608
"BI","Burundi",2015,57.25425838
"BI","Burundi",2016,112.3760429
"KH","Cambodia",2000,
"KH","Cambodia",2001,
"KH","Cambodia",2002,
"KH","Cambodia",2003,
"KH","Cambodia",2004,
"KH","Cambodia",2005,
"KH","Cambodia",2006,
"KH","Cambodia",2007,
"KH","Cambodia",2008,
"KH","Cambodia",2009,
"KH","Cambodia",2010,
"KH","Cambodia",2011,
"KH","Cambodia",2012,
"KH","Cambodia",2013,
"KH","Cambodia",2014,
"KH","Cambodia",2015,
"KH","Cambodia",2016,
"CM","Cameroon",2000,175.3680648
"CM","Cameroon",2001,213.9464731
"CM","Cameroon",2002,278.5478789
"CM","Cameroon",2003,298.2868461
"CM","Cameroon",2004,233.5499934
"CM","Cameroon",2005,145.6901433
"CM","Cameroon",2006,706.0600679
"CM","Cameroon",2007,374.3650994
"CM","Cameroon",2008,187.1171947
"CM","Cameroon",2009,125.367912
"CM","Cameroon",2010,100.4116033
"CM","Cameroon",2011,99.51915926
"CM","Cameroon",2012,105.6393708
"CM","Cameroon",2013,124.0249751
"CM","Cameroon",2014,146.29603
"CM","Cameroon",2015,128.5041979
"CM","Cameroon",2016,149.3044894
"CV","Cape Verde",2000,1766.341729
"CV","Cape Verde",2001,1610.534988
"CV","Cape Verde",2002,1980.167235
"CV","Cape Verde",2003,2776.090687
"CV","Cape Verde",2004,2822.247915
"CV","Cape Verde",2005,3467.692678
"CV","Cape Verde",2006,3263.797625
"CV","Cape Verde",2007,4057.866532
"CV","Cape Verde",2008,5988.101824
"CV","Cape Verde",2009,5350.311845
"CV","Cape Verde",2010,8226.896389
"CV","Cape Verde",2011,6715.026399
"CV","Cape Verde",2012,6763.279844
"CV","Cape Verde",2013,6398.262091
"CV","Cape Verde",2014,6121.969199
"CV","Cape Verde",2015,4808.091067
"CV","Cape Verde",2016,3647.769062
"CF","CAR",2000,47.57374655
"CF","CAR",2001,50.90503178
"CF","CAR",2002,36.1345333
"CF","CAR",2003,26.62513335
"CF","CAR",2004,48.48991938
"CF","CAR",2005,39.38507165
"CF","CAR",2006,72.16590464
"CF","CAR",2007,77.56234534
"CF","CAR",2008,88.7765242
"CF","CAR",2009,134.2805811
"CF","CAR",2010,87.48881365
"CF","CAR",2011,82.24601588
"CF","CAR",2012,76.07859574
"CF","CAR",2013,52.76733719
"CF","CAR",2014,153.4227345
"CF","CAR",2015,141.2441484
"CF","CAR",2016,147.1905924
"central-asia","Central Asia, regional",2000,
"central-asia","Central Asia, regional",2001,
"central-asia","Central Asia, regional",2002,
"central-asia","Central Asia, regional",2003,
"central-asia","Central Asia, regional",2004,
"central-asia","Central Asia, regional",2005,
"central-asia","Central Asia, regional",2006,
"central-asia","Central Asia, regional",2007,
"central-asia","Central Asia, regional",2008,
"central-asia","Central Asia, regional",2009,
"central-asia","Central Asia, regional",2010,
"central-asia","Central Asia, regional",2011,
"central-asia","Central Asia, regional",2012,
"central-asia","Central Asia, regional",2013,
"central-asia","Central Asia, regional",2014,
"central-asia","Central Asia, regional",2015,
"central-asia","Central Asia, regional",2016,
"TD","Chad",2000,35.76600757
"TD","Chad",2001,50.96751315
"TD","Chad",2002,59.09366309
"TD","Chad",2003,64.67237189
"TD","Chad",2004,86.52337435
"TD","Chad",2005,118.2947919
"TD","Chad",2006,83.56574879
"TD","Chad",2007,86.6416836
"TD","Chad",2008,99.83005196
"TD","Chad",2009,128.3881062
"TD","Chad",2010,118.500663
"TD","Chad",2011,99.00365088
"TD","Chad",2012,107.4495572
"TD","Chad",2013,104.2810332
"TD","Chad",2014,88.4595197
"TD","Chad",2015,256.3909968
"TD","Chad",2016,140.4953014
"CL","Chile",2000,171.190711
"CL","Chile",2001,216.056506
"CL","Chile",2002,174.69341
"CL","Chile",2003,189.2570159
"CL","Chile",2004,227.2933744
"CL","Chile",2005,421.8074333
"CL","Chile",2006,269.6388111
"CL","Chile",2007,290.0336164
"CL","Chile",2008,283.500599
"CL","Chile",2009,250.9540185
"CL","Chile",2010,542.1881035
"CL","Chile",2011,606.8135102
"CL","Chile",2012,600.5715948
"CL","Chile",2013,518.1797844
"CL","Chile",2014,1436.382116
"CL","Chile",2015,542.0486712
"CL","Chile",2016,1401.078657
"CN","China",2000,5.96248958
"CN","China",2001,6.342366157
"CN","China",2002,7.24104567
"CN","China",2003,7.320201487
"CN","China",2004,8.790260711
"CN","China",2005,10.3895845
"CN","China",2006,10.33847801
"CN","China",2007,12.48905486
"CN","China",2008,14.49820673
"CN","China",2009,15.20228006
"CN","China",2010,15.70674598
"CN","China",2011,21.44011837
"CN","China",2012,24.15390901
"CN","China",2013,63.48989527
"CN","China",2014,50.97117507
"CN","China",2015,59.91941801
"CN","China",2016,59.21859216
"CO","Colombia",2000,53.87628805
"CO","Colombia",2001,99.33275262
"CO","Colombia",2002,122.4424485
"CO","Colombia",2003,206.7728493
"CO","Colombia",2004,154.3826935
"CO","Colombia",2005,199.9375007
"CO","Colombia",2006,269.5661326
"CO","Colombia",2007,179.0137375
"CO","Colombia",2008,224.1368209
"CO","Colombia",2009,272.7473432
"CO","Colombia",2010,196.4229703
"CO","Colombia",2011,340.7348552
"CO","Colombia",2012,258.3305322
"CO","Colombia",2013,305.309596
"CO","Colombia",2014,424.1434872
"CO","Colombia",2015,522.4152088
"CO","Colombia",2016,429.3998987
"KM","Comoros",2000,424.3125065
"KM","Comoros",2001,599.9499283
"KM","Comoros",2002,576.5618784
"KM","Comoros",2003,428.1744031
"KM","Comoros",2004,393.0180638
"KM","Comoros",2005,342.7200548
"KM","Comoros",2006,400.2008334
"KM","Comoros",2007,473.0808759
"KM","Comoros",2008,406.7186707
"KM","Comoros",2009,476.9986347
"KM","Comoros",2010,575.2239486
"KM","Comoros",2011,410.1839622
"KM","Comoros",2012,805.5511094
"KM","Comoros",2013,1213.322616
"KM","Comoros",2014,518.2816132
"KM","Comoros",2015,534.6060414
"KM","Comoros",2016,437.7224583
"CG","Congo",2000,41.69872065
"CG","Congo",2001,73.04882066
"CG","Congo",2002,67.94903637
"CG","Congo",2003,56.97079815
"CG","Congo",2004,92.36242809
"CG","Congo",2005,821.6872873
"CG","Congo",2006,222.2520677
"CG","Congo",2007,70.22078553
"CG","Congo",2008,225.6100451
"CG","Congo",2009,158.6396913
"CG","Congo",2010,760.2411047
"CG","Congo",2011,181.546456
"CG","Congo",2012,102.7466618
"CG","Congo",2013,91.52437252
"CG","Congo",2014,70.86019279
"CG","Congo",2015,76.12753272
"CG","Congo",2016,69.38417995
"CK","Cook Islands",2000,
"CK","Cook Islands",2001,
"CK","Cook Islands",2002,
"CK","Cook Islands",2003,
"CK","Cook Islands",2004,
"CK","Cook Islands",2005,
"CK","Cook Islands",2006,
"CK","Cook Islands",2007,
"CK","Cook Islands",2008,
"CK","Cook Islands",2009,
"CK","Cook Islands",2010,
"CK","Cook Islands",2011,
"CK","Cook Islands",2012,
"CK","Cook Islands",2013,
"CK","Cook Islands",2014,
"CK","Cook Islands",2015,
"CK","Cook Islands",2016,
"CR","Costa Rica",2000,480.6646159
"CR","Costa Rica",2001,475.6170901
"CR","Costa Rica",2002,448.6763601
"CR","Costa Rica",2003,570.0737156
"CR","Costa Rica",2004,562.9621667
"CR","Costa Rica",2005,541.3803135
"CR","Costa Rica",2006,530.8397342
"CR","Costa Rica",2007,1188.514001
"CR","Costa Rica",2008,1097.442235
"CR","Costa Rica",2009,1492.350026
"CR","Costa Rica",2010,1827.306273
"CR","Costa Rica",2011,824.5646422
"CR","Costa Rica",2012,764.7678018
"CR","Costa Rica",2013,880.2793856
"CR","Costa Rica",2014,1040.104089
"CR","Costa Rica",2015,1891.062644
"CR","Costa Rica",2016,1667.753108
"CI","Côte d'Ivoire",2000,171.1311837
"CI","Côte d'Ivoire",2001,115.9387171
"CI","Côte d'Ivoire",2002,474.6119547
"CI","Côte d'Ivoire",2003,120.138712
"CI","Côte d'Ivoire",2004,81.33586071
"CI","Côte d'Ivoire",2005,49.0748112
"CI","Côte d'Ivoire",2006,68.61768486
"CI","Côte d'Ivoire",2007,53.97216586
"CI","Côte d'Ivoire",2008,133.2236715
"CI","Côte d'Ivoire",2009,381.4980803
"CI","Côte d'Ivoire",2010,136.920592
"CI","Côte d'Ivoire",2011,177.7502336
"CI","Côte d'Ivoire",2012,387.5478723
"CI","Côte d'Ivoire",2013,271.3576512
"CI","Côte d'Ivoire",2014,155.6060136
"CI","Côte d'Ivoire",2015,140.60733
"CI","Côte d'Ivoire",2016,139.8171776
"HR","Croatia",2000,13853.85554
"HR","Croatia",2001,32616.73807
"HR","Croatia",2002,64186.39168
"HR","Croatia",2003,84555.45083
"HR","Croatia",2004,153918.3745
"HR","Croatia",2005,
"HR","Croatia",2006,
"HR","Croatia",2007,
"HR","Croatia",2008,
"HR","Croatia",2009,
"HR","Croatia",2010,
"CU","Cuba",2000,
"CU","Cuba",2001,
"CU","Cuba",2002,
"CU","Cuba",2003,
"CU","Cuba",2004,
"CU","Cuba",2005,
"CU","Cuba",2006,
"CU","Cuba",2007,
"CU","Cuba",2008,
"CU","Cuba",2009,
"CU","Cuba",2010,
"CU","Cuba",2011,
"CU","Cuba",2012,
"CU","Cuba",2013,
"CU","Cuba",2014,
"CU","Cuba",2015,
"CU","Cuba",2016,
"DJ","Djibouti",2000,728.3286392
"DJ","Djibouti",2001,641.207523
"DJ","Djibouti",2002,713.5285373
"DJ","Djibouti",2003,625.0936293
"DJ","Djibouti",2004,500.8562615
"DJ","Djibouti",2005,545.0621647
"DJ","Djibouti",2006,827.9175203
"DJ","Djibouti",2007,752.0298927
"DJ","Djibouti",2008,903.2214419
"DJ","Djibouti",2009,1048.336564
"DJ","Djibouti",2010,850.5049794
"DJ","Djibouti",2011,863.3607539
"DJ","Djibouti",2012,924.1048215
"DJ","Djibouti",2013,721.7909929
"DJ","Djibouti",2014,819.3356503
"DJ","Djibouti",2015,965.3319281
"DJ","Djibouti",2016,1007.270703
"DM","Dominica",2000,
"DM","Dominica",2001,
"DM","Dominica",2002,
"DM","Dominica",2003,
"DM","Dominica",2004,
"DM","Dominica",2005,
"DM","Dominica",2006,
"DM","Dominica",2007,
"DM","Dominica",2008,
"DM","Dominica",2009,
"DM","Dominica",2010,
"DM","Dominica",2011,
"DM","Dominica",2012,
"DM","Dominica",2013,
"DM","Dominica",2014,
"DM","Dominica",2015,
"DM","Dominica",2016,
"DO","Dominican Republic",2000,376.8197001
"DO","Dominican Republic",2001,447.5345033
"DO","Dominican Republic",2002,506.7027419
"DO","Dominican Republic",2003,328.901047
"DO","Dominican Republic",2004,317.4450712
"DO","Dominican Republic",2005,289.4768239
"DO","Dominican Republic",2006,478.1031515
"DO","Dominican Republic",2007,548.162714
"DO","Dominican Republic",2008,589.8427891
"DO","Dominican Republic",2009,613.2254242
"DO","Dominican Republic",2010,894.6856096
"DO","Dominican Republic",2011,950.8898032
"DO","Dominican Republic",2012,1169.461425
"DO","Dominican Republic",2013,797.3289259
"DO","Dominican Republic",2014,857.5783096
"DO","Dominican Republic",2015,1433.007154
"DO","Dominican Republic",2016,1028.428641
"CD","DRC",2000,6.190175949
"CD","DRC",2001,8.146647758
"CD","DRC",2002,44.47778727
"CD","DRC",2003,138.6483648
"CD","DRC",2004,42.71235215
"CD","DRC",2005,39.79869631
"CD","DRC",2006,46.36704845
"CD","DRC",2007,25.61959353
"CD","DRC",2008,32.36442829
"CD","DRC",2009,43.78218954
"CD","DRC",2010,71.13915094
"CD","DRC",2011,120.8540382
"CD","DRC",2012,47.71555939
"CD","DRC",2013,43.6843693
"CD","DRC",2014,41.27058254
"CD","DRC",2015,49.93805311
"CD","DRC",2016,41.48407432
"EC","Ecuador",2000,116.8433385
"EC","Ecuador",2001,146.047716
"EC","Ecuador",2002,193.1436998
"EC","Ecuador",2003,166.1013629
"EC","Ecuador",2004,174.444754
"EC","Ecuador",2005,228.2431612
"EC","Ecuador",2006,192.8933437
"EC","Ecuador",2007,215.8012472
"EC","Ecuador",2008,273.1178653
"EC","Ecuador",2009,289.4590471
"EC","Ecuador",2010,277.2305567
"EC","Ecuador",2011,328.393158
"EC","Ecuador",2012,308.8259988
"EC","Ecuador",2013,409.1381726
"EC","Ecuador",2014,411.640366
"EC","Ecuador",2015,765.789391
"EC","Ecuador",2016,603.8364015
"EG","Egypt",2000,1230.625927
"EG","Egypt",2001,1104.698104
"EG","Egypt",2002,1008.805026
"EG","Egypt",2003,673.4878677
"EG","Egypt",2004,752.0248245
"EG","Egypt",2005,545.7859203
"EG","Egypt",2006,474.0296275
"EG","Egypt",2007,550.2697008
"EG","Egypt",2008,710.0435933
"EG","Egypt",2009,552.4741746
"EG","Egypt",2010,499.1544395
"EG","Egypt",2011,445.6274433
"EG","Egypt",2012,1086.355864
"EG","Egypt",2013,2998.678606
"EG","Egypt",2014,2094.774228
"EG","Egypt",2015,1854.430132
"EG","Egypt",2016,1844.633413
"SV","El Salvador",2000,309.6777259
"SV","El Salvador",2001,449.0076892
"SV","El Salvador",2002,457.5907639
"SV","El Salvador",2003,390.6001394
"SV","El Salvador",2004,448.3721397
"SV","El Salvador",2005,438.8877921
"SV","El Salvador",2006,425.4949645
"SV","El Salvador",2007,490.1939194
"SV","El Salvador",2008,664.6623177
"SV","El Salvador",2009,844.7503806
"SV","El Salvador",2010,1136.509097
"SV","El Salvador",2011,1195.30243
"SV","El Salvador",2012,1133.807412
"SV","El Salvador",2013,1070.864969
"SV","El Salvador",2014,724.107747
"SV","El Salvador",2015,751.1748748
"SV","El Salvador",2016,991.4515058
"GQ","Equatorial Guinea",2000,
"GQ","Equatorial Guinea",2001,
"GQ","Equatorial Guinea",2002,
"GQ","Equatorial Guinea",2003,
"GQ","Equatorial Guinea",2004,
"GQ","Equatorial Guinea",2005,
"GQ","Equatorial Guinea",2006,
"GQ","Equatorial Guinea",2007,
"GQ","Equatorial Guinea",2008,
"GQ","Equatorial Guinea",2009,
"GQ","Equatorial Guinea",2010,
"GQ","Equatorial Guinea",2011,
"GQ","Equatorial Guinea",2012,
"GQ","Equatorial Guinea",2013,
"GQ","Equatorial Guinea",2014,
"GQ","Equatorial Guinea",2015,
"GQ","Equatorial Guinea",2016,
"ER","Eritrea",2000,
"ER","Eritrea",2001,
"ER","Eritrea",2002,
"ER","Eritrea",2003,
"ER","Eritrea",2004,
"ER","Eritrea",2005,
"ER","Eritrea",2006,
"ER","Eritrea",2007,
"ER","Eritrea",2008,
"ER","Eritrea",2009,
"ER","Eritrea",2010,
"ER","Eritrea",2011,
"ER","Eritrea",2012,
"ER","Eritrea",2013,
"ER","Eritrea",2014,
"ER","Eritrea",2015,
"ER","Eritrea",2016,
"ET","Ethiopia",2000,28.55117788
"ET","Ethiopia",2001,46.77268862
"ET","Ethiopia",2002,56.6699012
"ET","Ethiopia",2003,66.50339388
"ET","Ethiopia",2004,72.04203681
"ET","Ethiopia",2005,82.98152613
"ET","Ethiopia",2006,229.322378
"ET","Ethiopia",2007,86.77293518
"ET","Ethiopia",2008,107.2330436
"ET","Ethiopia",2009,125.9133485
"ET","Ethiopia",2010,112.9230602
"ET","Ethiopia",2011,110.2100723
"ET","Ethiopia",2012,106.4302318
"ET","Ethiopia",2013,130.2511759
"ET","Ethiopia",2014,119.1977463
"ET","Ethiopia",2015,118.7858173
"ET","Ethiopia",2016,151.3796138
"europe","Europe, regional",2000,
"europe","Europe, regional",2001,
"europe","Europe, regional",2002,
"europe","Europe, regional",2003,
"europe","Europe, regional",2004,
"europe","Europe, regional",2005,
"europe","Europe, regional",2006,
"europe","Europe, regional",2007,
"europe","Europe, regional",2008,
"europe","Europe, regional",2009,
"europe","Europe, regional",2010,
"europe","Europe, regional",2011,
"europe","Europe, regional",2012,
"europe","Europe, regional",2013,
"europe","Europe, regional",2014,
"europe","Europe, regional",2015,
"europe","Europe, regional",2016,
"east-asia","Far East Asia, regional",2000,
"east-asia","Far East Asia, regional",2001,
"east-asia","Far East Asia, regional",2002,
"east-asia","Far East Asia, regional",2003,
"east-asia","Far East Asia, regional",2004,
"east-asia","Far East Asia, regional",2005,
"east-asia","Far East Asia, regional",2006,
"east-asia","Far East Asia, regional",2007,
"east-asia","Far East Asia, regional",2008,
"east-asia","Far East Asia, regional",2009,
"east-asia","Far East Asia, regional",2010,
"east-asia","Far East Asia, regional",2011,
"east-asia","Far East Asia, regional",2012,
"east-asia","Far East Asia, regional",2013,
"east-asia","Far East Asia, regional",2014,
"east-asia","Far East Asia, regional",2015,
"east-asia","Far East Asia, regional",2016,
"FJ","Fiji",2000,1078.525506
"FJ","Fiji",2001,1031.947846
"FJ","Fiji",2002,1258.938129
"FJ","Fiji",2003,1700.90068
"FJ","Fiji",2004,2193.647721
"FJ","Fiji",2005,2458.41759
"FJ","Fiji",2006,2168.457153
"FJ","Fiji",2007,1789.991714
"FJ","Fiji",2008,1582.312377
"FJ","Fiji",2009,2444.561771
"FJ","Fiji",2010,2621.742476
"FJ","Fiji",2011,2716.004334
"FJ","Fiji",2012,4337.037349
"FJ","Fiji",2013,5602.17025
"FJ","Fiji",2014,5964.535726
"FJ","Fiji",2015,7580.685746
"FJ","Fiji",2016,8592.410154
"GA","Gabon",2000,1345.113191
"GA","Gabon",2001,1507.245252
"GA","Gabon",2002,1456.219905
"GA","Gabon",2003,1833.570845
"GA","Gabon",2004,964.8809583
"GA","Gabon",2005,986.4315047
"GA","Gabon",2006,734.1697372
"GA","Gabon",2007,657.5873584
"GA","Gabon",2008,539.4666164
"GA","Gabon",2009,624.2484415
"GA","Gabon",2010,708.4462244
"GA","Gabon",2011,578.6789955
"GA","Gabon",2012,549.3856474
"GA","Gabon",2013,595.1042232
"GA","Gabon",2014,745.1992156
"GA","Gabon",2015,771.5120021
"GA","Gabon",2016,392.2517641
"GM","Gambia",2000,108.3954598
"GM","Gambia",2001,109.4405059
"GM","Gambia",2002,120.8982676
"GM","Gambia",2003,114.7251933
"GM","Gambia",2004,135.1063625
"GM","Gambia",2005,131.7400536
"GM","Gambia",2006,160.2337103
"GM","Gambia",2007,538.0270546
"GM","Gambia",2008,182.6279705
"GM","Gambia",2009,273.0219562
"GM","Gambia",2010,292.073708
"GM","Gambia",2011,281.3492188
"GM","Gambia",2012,363.2551989
"GM","Gambia",2013,358.1076832
"GM","Gambia",2014,320.9659506
"GM","Gambia",2015,397.2536914
"GM","Gambia",2016,339.0044312
"GE","Georgia",2000,311.4271956
"GE","Georgia",2001,656.8591261
"GE","Georgia",2002,896.3722653
"GE","Georgia",2003,626.6451467
"GE","Georgia",2004,792.9274108
"GE","Georgia",2005,753.1317102
"GE","Georgia",2006,868.7086751
"GE","Georgia",2007,847.1486171
"GE","Georgia",2008,1851.096614
"GE","Georgia",2009,1806.427645
"GE","Georgia",2010,1247.412244
"GE","Georgia",2011,1319.787269
"GE","Georgia",2012,1976.142606
"GE","Georgia",2013,2549.941859
"GE","Georgia",2014,2428.451939
"GE","Georgia",2015,2172.045885
"GE","Georgia",2016,2162.466724
"GH","Ghana",2000,146.5157717
"GH","Ghana",2001,174.5981952
"GH","Ghana",2002,175.864961
"GH","Ghana",2003,213.9777653
"GH","Ghana",2004,436.1058693
"GH","Ghana",2005,312.071659
"GH","Ghana",2006,1153.458584
"GH","Ghana",2007,212.1822769
"GH","Ghana",2008,240.4678945
"GH","Ghana",2009,321.9183192
"GH","Ghana",2010,356.2845705
"GH","Ghana",2011,449.6941125
"GH","Ghana",2012,519.2855339
"GH","Ghana",2013,413.2679781
"GH","Ghana",2014,349.3454318
"GH","Ghana",2015,607.4508511
"GH","Ghana",2016,464.8578976
"GD","Grenada",2000,
"GD","Grenada",2001,
"GD","Grenada",2002,
"GD","Grenada",2003,
"GD","Grenada",2004,
"GD","Grenada",2005,
"GD","Grenada",2006,
"GD","Grenada",2007,
"GD","Grenada",2008,
"GD","Grenada",2009,
"GD","Grenada",2010,
"GD","Grenada",2011,
"GD","Grenada",2012,
"GD","Grenada",2013,
"GD","Grenada",2014,
"GD","Grenada",2015,
"GD","Grenada",2016,
"GT","Guatemala",2000,323.5481999
"GT","Guatemala",2001,309.0982147
"GT","Guatemala",2002,340.3912063
"GT","Guatemala",2003,280.2883076
"GT","Guatemala",2004,228.4111211
"GT","Guatemala",2005,234.8937838
"GT","Guatemala",2006,393.6397343
"GT","Guatemala",2007,362.836257
"GT","Guatemala",2008,364.9055316
"GT","Guatemala",2009,274.8269036
"GT","Guatemala",2010,275.7800003
"GT","Guatemala",2011,263.0362625
"GT","Guatemala",2012,219.3619579
"GT","Guatemala",2013,348.3156678
"GT","Guatemala",2014,210.6172658
"GT","Guatemala",2015,318.5087035
"GT","Guatemala",2016,216.7810947
"GN","Guinea",2000,58.36656176
"GN","Guinea",2001,96.23110551
"GN","Guinea",2002,79.18199055
"GN","Guinea",2003,66.85006151
"GN","Guinea",2004,66.67863675
"GN","Guinea",2005,51.40982796
"GN","Guinea",2006,49.01206739
"GN","Guinea",2007,54.75985916
"GN","Guinea",2008,80.92527982
"GN","Guinea",2009,44.28329008
"GN","Guinea",2010,40.93470181
"GN","Guinea",2011,62.40112447
"GN","Guinea",2012,174.6704683
"GN","Guinea",2013,154.9050793
"GN","Guinea",2014,137.6128781
"GN","Guinea",2015,152.9412083
"GN","Guinea",2016,151.2586143
"GW","Guinea-Bissau",2000,175.0682386
"GW","Guinea-Bissau",2001,145.8600431
"GW","Guinea-Bissau",2002,142.645985
"GW","Guinea-Bissau",2003,257.1132999
"GW","Guinea-Bissau",2004,128.7361939
"GW","Guinea-Bissau",2005,105.8967158
"GW","Guinea-Bissau",2006,126.0543958
"GW","Guinea-Bissau",2007,136.9879848
"GW","Guinea-Bissau",2008,128.6822707
"GW","Guinea-Bissau",2009,142.0174117
"GW","Guinea-Bissau",2010,251.9332689
"GW","Guinea-Bissau",2011,106.1329518
"GW","Guinea-Bissau",2012,68.26770934
"GW","Guinea-Bissau",2013,87.61292432
"GW","Guinea-Bissau",2014,92.56062559
"GW","Guinea-Bissau",2015,89.4806591
"GW","Guinea-Bissau",2016,180.3800783
"GY","Guyana",2000,1966.736288
"GY","Guyana",2001,1937.374452
"GY","Guyana",2002,1337.203421
"GY","Guyana",2003,1570.996037
"GY","Guyana",2004,2110.882251
"GY","Guyana",2005,2381.217012
"GY","Guyana",2006,5498.84471
"GY","Guyana",2007,6340.035395
"GY","Guyana",2008,2015.744119
"GY","Guyana",2009,2325.375281
"GY","Guyana",2010,2368.504375
"GY","Guyana",2011,2367.671932
"GY","Guyana",2012,2113.895595
"GY","Guyana",2013,2041.205678
"GY","Guyana",2014,2738.081747
"GY","Guyana",2015,1122.938713
"GY","Guyana",2016,1612.019677
"HT","Haiti",2000,62.48275929
"HT","Haiti",2001,51.6204606
"HT","Haiti",2002,44.85022223
"HT","Haiti",2003,59.29644303
"HT","Haiti",2004,71.64658309
"HT","Haiti",2005,107.2449316
"HT","Haiti",2006,127.3730266
"HT","Haiti",2007,144.1734251
"HT","Haiti",2008,167.8002177
"HT","Haiti",2009,292.1674189
"HT","Haiti",2010,761.307903
"HT","Haiti",2011,305.9298556
"HT","Haiti",2012,496.0940297
"HT","Haiti",2013,447.4231789
"HT","Haiti",2014,411.7201661
"HT","Haiti",2015,434.3359141
"HT","Haiti",2016,446.9130183
"HN","Honduras",2000,428.1871587
"HN","Honduras",2001,589.8851437
"HN","Honduras",2002,402.0436496
"HN","Honduras",2003,300.2197616
"HN","Honduras",2004,427.8912996
"HN","Honduras",2005,706.0425084
"HN","Honduras",2006,1125.83049
"HN","Honduras",2007,1056.268055
"HN","Honduras",2008,488.3243103
"HN","Honduras",2009,348.9012978
"HN","Honduras",2010,499.9348777
"HN","Honduras",2011,415.2992839
"HN","Honduras",2012,321.5520993
"HN","Honduras",2013,398.9266778
"HN","Honduras",2014,410.6349101
"HN","Honduras",2015,400.493554
"HN","Honduras",2016,319.5693995
"IN","India",2000,6.931182335
"IN","India",2001,8.31117172
"IN","India",2002,9.073849335
"IN","India",2003,6.502815699
"IN","India",2004,7.540242078
"IN","India",2005,8.218625069
"IN","India",2006,7.204689828
"IN","India",2007,7.032823077
"IN","India",2008,9.0213518
"IN","India",2009,10.57742091
"IN","India",2010,12.28484637
"IN","India",2011,16.44445443
"IN","India",2012,12.90780535
"IN","India",2013,19.80107267
"IN","India",2014,22.6912428
"IN","India",2015,26.11227699
"IN","India",2016,25.16474333
"ID","Indonesia",2000,31.9551566
"ID","Indonesia",2001,34.43093793
"ID","Indonesia",2002,39.08161471
"ID","Indonesia",2003,48.31413936
"ID","Indonesia",2004,34.57826943
"ID","Indonesia",2005,61.68807331
"ID","Indonesia",2006,64.36196651
"ID","Indonesia",2007,58.52269639
"ID","Indonesia",2008,64.88643734
"ID","Indonesia",2009,76.17520342
"ID","Indonesia",2010,80.99719822
"ID","Indonesia",2011,67.19333224
"ID","Indonesia",2012,65.75107202
"ID","Indonesia",2013,92.21463529
"ID","Indonesia",2014,81.41886839
"ID","Indonesia",2015,88.47902166
"ID","Indonesia",2016,89.64922917
"IR","Iran",2000,148.7105529
"IR","Iran",2001,194.6041591
"IR","Iran",2002,320.1534792
"IR","Iran",2003,371.4619093
"IR","Iran",2004,566.315256
"IR","Iran",2005,396.4370491
"IR","Iran",2006,345.8055037
"IR","Iran",2007,237.9723258
"IR","Iran",2008,191.3927122
"IR","Iran",2009,191.8912616
"IR","Iran",2010,235.8960221
"IR","Iran",2011,326.5027456
"IR","Iran",2012,579.7902814
"IR","Iran",2013,1431.967069
"IR","Iran",2014,1411.735375
"IR","Iran",2015,1418.05778
"IR","Iran",2016,1749.351758
"IQ","Iraq",2000,327.0761742
"IQ","Iraq",2001,327.6006378
"IQ","Iraq",2002,240.5355768
"IQ","Iraq",2003,4143.210064
"IQ","Iraq",2004,7464.786555
"IQ","Iraq",2005,32527.08417
"IQ","Iraq",2006,13734.00948
"IQ","Iraq",2007,14003.80381
"IQ","Iraq",2008,14976.2899
"IQ","Iraq",2009,4348.78468
"IQ","Iraq",2010,3029.737726
"IQ","Iraq",2011,2356.622162
"IQ","Iraq",2012,1507.37581
"IQ","Iraq",2013,2110.543084
"IQ","Iraq",2014,1847.727196
"IQ","Iraq",2015,2177.965785
"IQ","Iraq",2016,3291.203449
"JM","Jamaica",2000,2120.627006
"JM","Jamaica",2001,2988.080002
"JM","Jamaica",2002,2346.652576
"JM","Jamaica",2003,1569.375777
"JM","Jamaica",2004,3401.539265
"JM","Jamaica",2005,3607.388665
"JM","Jamaica",2006,2956.907696
"JM","Jamaica",2007,2405.512697
"JM","Jamaica",2008,3323.195092
"JM","Jamaica",2009,3937.57976
"JM","Jamaica",2010,3369.397909
"JM","Jamaica",2011,2064.79536
"JM","Jamaica",2012,1736.786828
"JM","Jamaica",2013,2625.16863
"JM","Jamaica",2014,2538.893741
"JM","Jamaica",2015,1929.774466
"JM","Jamaica",2016,1552.576938
"JO","Jordan",2000,12343.30156
"JO","Jordan",2001,14131.46749
"JO","Jordan",2002,17537.45631
"JO","Jordan",2003,43004.91025
"JO","Jordan",2004,25448.28682
"JO","Jordan",2005,38896.8026
"JO","Jordan",2006,42136.96914
"JO","Jordan",2007,63280.81619
"JO","Jordan",2008,111645.4624
"JO","Jordan",2009,122135.6855
"JO","Jordan",2010,152976.0769
"JO","Jordan",2011,118599.7901
"JO","Jordan",2012,100368.2304
"JO","Jordan",2013,91440.88017
"JO","Jordan",2014,164801.7236
"JO","Jordan",2015,142612.5876
"JO","Jordan",2016,176688.3183
"KZ","Kazakhstan",2000,165.3901881
"KZ","Kazakhstan",2001,167.5198526
"KZ","Kazakhstan",2002,247.9680759
"KZ","Kazakhstan",2003,319.4449208
"KZ","Kazakhstan",2004,294.3993498
"KZ","Kazakhstan",2005,231.3138155
"KZ","Kazakhstan",2006,277.1561459
"KZ","Kazakhstan",2007,784.5772497
"KZ","Kazakhstan",2008,27633.06286
"KZ","Kazakhstan",2009,19025.16286
"KZ","Kazakhstan",2010,11567.17504
"KZ","Kazakhstan",2011,31687.64538
"KZ","Kazakhstan",2012,29200.99682
"KZ","Kazakhstan",2013,44215.08086
"KZ","Kazakhstan",2014,34308.68486
"KZ","Kazakhstan",2015,35664.67256
"KZ","Kazakhstan",2016,35047.06683
"KE","Kenya",2000,74.80334584
"KE","Kenya",2001,67.87249863
"KE","Kenya",2002,53.91321433
"KE","Kenya",2003,59.09156813
"KE","Kenya",2004,58.1917095
"KE","Kenya",2005,61.8798033
"KE","Kenya",2006,73.60633163
"KE","Kenya",2007,95.56138966
"KE","Kenya",2008,94.73765228
"KE","Kenya",2009,123.3899162
"KE","Kenya",2010,116.1306317
"KE","Kenya",2011,163.1565207
"KE","Kenya",2012,190.407882
"KE","Kenya",2013,221.7061751
"KE","Kenya",2014,181.389049
"KE","Kenya",2015,183.0248227
"KE","Kenya",2016,171.4507654
"KI","Kiribati",2000,2492.951881
"KI","Kiribati",2001,2114.708483
"KI","Kiribati",2002,2980.403704
"KI","Kiribati",2003,2367.901486
"KI","Kiribati",2004,1947.92693
"KI","Kiribati",2005,2920.946632
"KI","Kiribati",2006,2439.595036
"KI","Kiribati",2007,2230.772972
"KI","Kiribati",2008,1901.306034
"KI","Kiribati",2009,1843.231199
"KI","Kiribati",2010,1440.886784
"KI","Kiribati",2011,3149.425148
"KI","Kiribati",2012,3367.429759
"KI","Kiribati",2013,3628.016218
"KI","Kiribati",2014,4605.986292
"KI","Kiribati",2015,4257.313064
"KI","Kiribati",2016,3965.671889
"XK","Kosovo",2009,18242.77681
"XK","Kosovo",2010,12448.47528
"XK","Kosovo",2011,19672.63159
"XK","Kosovo",2012,57729.01182
"XK","Kosovo",2013,95193.89119
"XK","Kosovo",2014,96243.29928
"XK","Kosovo",2015,82901.36142
"XK","Kosovo",2016,70702.69642
"KG","Kyrgyzstan",2000,213.8382889
"KG","Kyrgyzstan",2001,180.7057645
"KG","Kyrgyzstan",2002,162.1521529
"KG","Kyrgyzstan",2003,191.8916961
"KG","Kyrgyzstan",2004,301.1359358
"KG","Kyrgyzstan",2005,410.6603122
"KG","Kyrgyzstan",2006,617.5298371
"KG","Kyrgyzstan",2007,752.9603359
"KG","Kyrgyzstan",2008,1736.597882
"KG","Kyrgyzstan",2009,1599.99724
"KG","Kyrgyzstan",2010,1823.78201
"KG","Kyrgyzstan",2011,5188.807991
"KG","Kyrgyzstan",2012,2836.635464
"KG","Kyrgyzstan",2013,2732.791035
"KG","Kyrgyzstan",2014,3068.638098
"KG","Kyrgyzstan",2015,4383.032356
"KG","Kyrgyzstan",2016,3285.609797
"LA","Lao",2000,166.895812
"LA","Lao",2001,176.1405843
"LA","Lao",2002,207.3051148
"LA","Lao",2003,204.0964975
"LA","Lao",2004,176.3476409
"LA","Lao",2005,198.8349431
"LA","Lao",2006,241.1536377
"LA","Lao",2007,256.4496145
"LA","Lao",2008,311.9305194
"LA","Lao",2009,283.373804
"LA","Lao",2010,280.6354046
"LA","Lao",2011,271.1676431
"LA","Lao",2012,288.4279616
"LA","Lao",2013,351.684544
"LA","Lao",2014,389.3030436
"LA","Lao",2015,425.1161652
"LA","Lao",2016,370.900585
"LB","Lebanon",2000,
"LB","Lebanon",2001,
"LB","Lebanon",2002,
"LB","Lebanon",2003,
"LB","Lebanon",2004,
"LB","Lebanon",2005,
"LB","Lebanon",2006,
"LB","Lebanon",2007,
"LB","Lebanon",2008,
"LB","Lebanon",2009,
"LB","Lebanon",2010,
"LB","Lebanon",2011,
"LB","Lebanon",2012,
"LB","Lebanon",2013,
"LB","Lebanon",2014,
"LB","Lebanon",2015,
"LB","Lebanon",2016,
"LS","Lesotho",2000,61.34229451
"LS","Lesotho",2001,87.21529408
"LS","Lesotho",2002,106.1749678
"LS","Lesotho",2003,90.32132912
"LS","Lesotho",2004,97.05232371
"LS","Lesotho",2005,70.87504264
"LS","Lesotho",2006,73.24699113
"LS","Lesotho",2007,118.5983037
"LS","Lesotho",2008,121.5458915
"LS","Lesotho",2009,115.1136876
"LS","Lesotho",2010,221.0206527
"LS","Lesotho",2011,224.9844795
"LS","Lesotho",2012,252.0557975
"LS","Lesotho",2013,282.3037188
"LS","Lesotho",2014,108.6766114
"LS","Lesotho",2015,87.8751957
"LS","Lesotho",2016,116.0446606
"LR","Liberia",2000,56.41921667
"LR","Liberia",2001,40.2157393
"LR","Liberia",2002,58.57812892
"LR","Liberia",2003,74.64442129
"LR","Liberia",2004,120.8276077
"LR","Liberia",2005,103.9314224
"LR","Liberia",2006,116.0743455
"LR","Liberia",2007,472.6245957
"LR","Liberia",2008,646.7647288
"LR","Liberia",2009,215.0299856
"LR","Liberia",2010,709.4033677
"LR","Liberia",2011,408.526706
"LR","Liberia",2012,288.0468379
"LR","Liberia",2013,290.3899172
"LR","Liberia",2014,406.0556713
"LR","Liberia",2015,664.8903267
"LR","Liberia",2016,477.5498809
"LY","Libya",2005,
"LY","Libya",2006,
"LY","Libya",2007,
"LY","Libya",2008,
"LY","Libya",2009,
"LY","Libya",2010,
"LY","Libya",2011,
"LY","Libya",2012,
"LY","Libya",2013,
"LY","Libya",2014,
"LY","Libya",2015,
"LY","Libya",2016,
"MK","Macedonia",2000,5578.53701
"MK","Macedonia",2001,7640.617519
"MK","Macedonia",2002,13041.91778
"MK","Macedonia",2003,11540.81487
"MK","Macedonia",2004,10889.95112
"MK","Macedonia",2005,9308.127785
"MK","Macedonia",2006,9969.056462
"MK","Macedonia",2007,12122.25307
"MK","Macedonia",2008,14960.83847
"MK","Macedonia",2009,1698.022254
"MK","Macedonia",2010,903.5519819
"MK","Macedonia",2011,969.5462185
"MK","Macedonia",2012,1266.297621
"MK","Macedonia",2013,1882.256932
"MK","Macedonia",2014,2155.153367
"MK","Macedonia",2015,2282.0354
"MK","Macedonia",2016,1921.082033
"MG","Madagascar",2000,48.9385505
"MG","Madagascar",2001,52.39338629
"MG","Madagascar",2002,45.66966574
"MG","Madagascar",2003,59.57535703
"MG","Madagascar",2004,107.788011
"MG","Madagascar",2005,92.69652753
"MG","Madagascar",2006,254.0976159
"MG","Madagascar",2007,62.85424778
"MG","Madagascar",2008,54.92447806
"MG","Madagascar",2009,27.10374028
"MG","Madagascar",2010,28.65744757
"MG","Madagascar",2011,25.06150329
"MG","Madagascar",2012,21.48174822
"MG","Madagascar",2013,34.52076832
"MG","Madagascar",2014,32.10260087
"MG","Madagascar",2015,40.92908005
"MG","Madagascar",2016,37.4765552
"MW","Malawi",2000,85.19315281
"MW","Malawi",2001,79.78974599
"MW","Malawi",2002,66.09000899
"MW","Malawi",2003,75.22380903
"MW","Malawi",2004,68.05516603
"MW","Malawi",2005,71.86732261
"MW","Malawi",2006,329.58289
"MW","Malawi",2007,93.59772779
"MW","Malawi",2008,81.93317863
"MW","Malawi",2009,69.87254515
"MW","Malawi",2010,88.39113748
"MW","Malawi",2011,65.92843506
"MW","Malawi",2012,94.0989383
"MW","Malawi",2013,90.18998332
"MW","Malawi",2014,79.3036862
"MW","Malawi",2015,93.51906332
"MW","Malawi",2016,110.1987131
"MY","Malaysia",2000,781.5057311
"MY","Malaysia",2001,925.6335294
"MY","Malaysia",2002,1751.024736
"MY","Malaysia",2003,1844.738138
"MY","Malaysia",2004,3269.261892
"MY","Malaysia",2005,1685.013641
"MY","Malaysia",2006,3068.856626
"MY","Malaysia",2007,3683.351159
"MY","Malaysia",2008,2840.189894
"MY","Malaysia",2009,3481.956757
"MY","Malaysia",2010,2969.30146
"MY","Malaysia",2011,4529.910071
"MY","Malaysia",2012,6260.527631
"MY","Malaysia",2013,6008.992837
"MY","Malaysia",2014,4747.83821
"MY","Malaysia",2015,4298.78828
"MY","Malaysia",2016,2925.128703
"MV","Maldives",2000,209.92382
"MV","Maldives",2001,341.3582598
"MV","Maldives",2002,307.719954
"MV","Maldives",2003,299.3344169
"MV","Maldives",2004,561.2928828
"MV","Maldives",2005,2920.876238
"MV","Maldives",2006,1750.860074
"MV","Maldives",2007,1848.504694
"MV","Maldives",2008,2855.491729
"MV","Maldives",2009,2054.552503
"MV","Maldives",2010,4303.967198
"MV","Maldives",2011,3005.745387
"MV","Maldives",2012,3170.755034
"MV","Maldives",2013,1786.252721
"MV","Maldives",2014,1891.114924
"MV","Maldives",2015,2375.278694
"MV","Maldives",2016,2532.272391
"ML","Mali",2000,84.66264929
"ML","Mali",2001,90.70414703
"ML","Mali",2002,104.9477477
"ML","Mali",2003,113.9000264
"ML","Mali",2004,121.983617
"ML","Mali",2005,130.0810868
"ML","Mali",2006,435.2541056
"ML","Mali",2007,140.2602788
"ML","Mali",2008,124.3460549
"ML","Mali",2009,130.3599523
"ML","Mali",2010,141.7059233
"ML","Mali",2011,153.0210202
"ML","Mali",2012,118.1248924
"ML","Mali",2013,151.1673539
"ML","Mali",2014,135.0980385
"ML","Mali",2015,149.9616008
"ML","Mali",2016,147.9971454
"MT","Malta",2000,19736.2326
"MT","Malta",2001,3899.690172
"MT","Malta",2002,9696.005022
"MH","Marshall Islands",2000,
"MH","Marshall Islands",2001,
"MH","Marshall Islands",2002,
"MH","Marshall Islands",2003,
"MH","Marshall Islands",2004,
"MH","Marshall Islands",2005,
"MH","Marshall Islands",2006,
"MH","Marshall Islands",2007,
"MH","Marshall Islands",2008,
"MH","Marshall Islands",2009,
"MH","Marshall Islands",2010,
"MH","Marshall Islands",2011,
"MH","Marshall Islands",2012,
"MH","Marshall Islands",2013,
"MH","Marshall Islands",2014,
"MH","Marshall Islands",2015,
"MH","Marshall Islands",2016,
"MR","Mauritania",2000,713.5781517
"MR","Mauritania",2001,898.4855225
"MR","Mauritania",2002,1078.884977
"MR","Mauritania",2003,732.8237206
"MR","Mauritania",2004,737.1988217
"MR","Mauritania",2005,597.4886134
"MR","Mauritania",2006,3091.674208
"MR","Mauritania",2007,882.0367597
"MR","Mauritania",2008,1213.368339
"MR","Mauritania",2009,969.7739243
"MR","Mauritania",2010,1025.51503
"MR","Mauritania",2011,1076.86374
"MR","Mauritania",2012,1365.74428
"MR","Mauritania",2013,1132.221066
"MR","Mauritania",2014,1059.915768
"MR","Mauritania",2015,1427.855548
"MR","Mauritania",2016,1345.142392
"MU","Mauritius",2000,3971.072715
"MU","Mauritius",2001,5146.909435
"MU","Mauritius",2002,6767.504839
"MU","Mauritius",2003,4803.991983
"MU","Mauritius",2004,7193.455407
"MU","Mauritius",2005,8191.457494
"MU","Mauritius",2006,8663.332112
"MU","Mauritius",2007,13998.28052
"MU","Mauritius",2008,26271.93906
"MU","Mauritius",2009,27993.18537
"MU","Mauritius",2010,21674.04259
"MU","Mauritius",2011,28723.35518
"MU","Mauritius",2012,26376.67792
"MU","Mauritius",2013,24407.03389
"MU","Mauritius",2014,16230.76566
"MU","Mauritius",2015,19496.14576
"MU","Mauritius",2016,13244.1766
"YT","Mayotte",2000,
"YT","Mayotte",2001,
"YT","Mayotte",2002,
"YT","Mayotte",2003,
"YT","Mayotte",2004,
"YT","Mayotte",2005,
"YT","Mayotte",2006,
"YT","Mayotte",2007,
"YT","Mayotte",2008,
"YT","Mayotte",2009,
"YT","Mayotte",2010,
"MX","Mexico",2000,20.77686864
"MX","Mexico",2001,31.38466195
"MX","Mexico",2002,46.10130424
"MX","Mexico",2003,39.99281718
"MX","Mexico",2004,38.11431824
"MX","Mexico",2005,50.49428293
"MX","Mexico",2006,62.41805697
"MX","Mexico",2007,49.1524584
"MX","Mexico",2008,60.84880586
"MX","Mexico",2009,61.65645832
"MX","Mexico",2010,123.521652
"MX","Mexico",2011,227.9173991
"MX","Mexico",2012,122.9343278
"MX","Mexico",2013,163.349262
"MX","Mexico",2014,190.2265589
"MX","Mexico",2015,113.8235589
"MX","Mexico",2016,195.3645052
"FM","Micronesia",2000,13743.82539
"FM","Micronesia",2001,19299.62999
"FM","Micronesia",2002,16068.88514
"FM","Micronesia",2003,16279.80508
"FM","Micronesia",2004,12017.84993
"FM","Micronesia",2005,14502.60231
"FM","Micronesia",2006,13196.15423
"FM","Micronesia",2007,12438.58596
"FM","Micronesia",2008,9141.183549
"FM","Micronesia",2009,11129.99971
"FM","Micronesia",2010,5275.388707
"FM","Micronesia",2011,10891.78796
"FM","Micronesia",2012,10647.77503
"FM","Micronesia",2013,9219.347159
"FM","Micronesia",2014,7598.521396
"FM","Micronesia",2015,5453.2924
"FM","Micronesia",2016,3294.279807
"middle-east","Middle East, regional",2000,
"middle-east","Middle East, regional",2001,
"middle-east","Middle East, regional",2002,
"middle-east","Middle East, regional",2003,
"middle-east","Middle East, regional",2004,
"middle-east","Middle East, regional",2005,
"middle-east","Middle East, regional",2006,
"middle-east","Middle East, regional",2007,
"middle-east","Middle East, regional",2008,
"middle-east","Middle East, regional",2009,
"middle-east","Middle East, regional",2010,
"middle-east","Middle East, regional",2011,
"middle-east","Middle East, regional",2012,
"middle-east","Middle East, regional",2013,
"middle-east","Middle East, regional",2014,
"middle-east","Middle East, regional",2015,
"middle-east","Middle East, regional",2016,
"MD","Moldova",2000,148.8978019
"MD","Moldova",2001,192.8920326
"MD","Moldova",2002,327.2804121
"MD","Moldova",2003,258.4193965
"MD","Moldova",2004,253.2601674
"MD","Moldova",2005,365.7915064
"MD","Moldova",2006,683.6229189
"MD","Moldova",2007,1344.435943
"MD","Moldova",2008,6104.681307
"MD","Moldova",2009,7447.310577
"MD","Moldova",2010,24104.65746
"MD","Moldova",2011,42413.35031
"MD","Moldova",2012,37799.87735
"MD","Moldova",2013,116447.0891
"MD","Moldova",2014,168096.0996
"MD","Moldova",2015,124323.2817
"MD","Moldova",2016,132901.6411
"MN","Mongolia",2000,627.7679393
"MN","Mongolia",2001,852.3534845
"MN","Mongolia",2002,1100.32644
"MN","Mongolia",2003,1491.126642
"MN","Mongolia",2004,1861.674729
"MN","Mongolia",2005,2362.284857
"MN","Mongolia",2006,2895.51372
"MN","Mongolia",2007,4455.308436
"MN","Mongolia",2008,8564.061162
"MN","Mongolia",2009,15302.57386
"MN","Mongolia",2010,15891.99559
"MN","Mongolia",2011,22869.49146
"MN","Mongolia",2012,43310.46393
"MN","Mongolia",2013,59171.49189
"MN","Mongolia",2014,44855.28994
"MN","Mongolia",2015,39222.66482
"MN","Mongolia",2016,49728.06995
"ME","Montenegro",2000,0
"ME","Montenegro",2001,0
"ME","Montenegro",2002,0
"ME","Montenegro",2003,4693.739771
"ME","Montenegro",2004,12774.8168
"ME","Montenegro",2005,2964.079803
"ME","Montenegro",2006,76689.25161
"ME","Montenegro",2007,81061.89769
"ME","Montenegro",2008,84230.11596
"ME","Montenegro",2009,127526.1305
"ME","Montenegro",2010,
"ME","Montenegro",2011,87684.17571
"ME","Montenegro",2012,13486.99905
"ME","Montenegro",2013,19482.83951
"ME","Montenegro",2014,20289.05811
"ME","Montenegro",2015,21794.31018
"ME","Montenegro",2016,18987.30245
"MS","Montserrat",2000,
"MS","Montserrat",2001,
"MS","Montserrat",2002,
"MS","Montserrat",2003,
"MS","Montserrat",2004,
"MS","Montserrat",2005,
"MS","Montserrat",2006,
"MS","Montserrat",2007,
"MS","Montserrat",2008,
"MS","Montserrat",2009,
"MS","Montserrat",2010,
"MS","Montserrat",2011,
"MS","Montserrat",2012,
"MS","Montserrat",2013,
"MS","Montserrat",2014,
"MS","Montserrat",2015,
"MS","Montserrat",2016,
"MA","Morocco",2000,495.4976116
"MA","Morocco",2001,548.3701864
"MA","Morocco",2002,479.9588284
"MA","Morocco",2003,620.4999509
"MA","Morocco",2004,810.1858214
"MA","Morocco",2005,926.3091284
"MA","Morocco",2006,1245.961974
"MA","Morocco",2007,1696.31405
"MA","Morocco",2008,2229.83945
"MA","Morocco",2009,1865.683889
"MA","Morocco",2010,2025.729619
"MA","Morocco",2011,2855.292259
"MA","Morocco",2012,3689.945957
"MA","Morocco",2013,4919.385806
"MA","Morocco",2014,5211.010351
"MA","Morocco",2015,4322.423024
"MA","Morocco",2016,5700.55278
"MZ","Mozambique",2000,112.2964367
"MZ","Mozambique",2001,97.62633652
"MZ","Mozambique",2002,212.6451847
"MZ","Mozambique",2003,84.5214135
"MZ","Mozambique",2004,89.73516583
"MZ","Mozambique",2005,89.7059052
"MZ","Mozambique",2006,227.8138772
"MZ","Mozambique",2007,105.1836206
"MZ","Mozambique",2008,112.5280161
"MZ","Mozambique",2009,117.1078629
"MZ","Mozambique",2010,113.7145961
"MZ","Mozambique",2011,114.6618357
"MZ","Mozambique",2012,117.4571385
"MZ","Mozambique",2013,131.7100007
"MZ","Mozambique",2014,118.4318857
"MZ","Mozambique",2015,115.4604806
"MZ","Mozambique",2016,106.9173211
"MM","Myanmar",2000,3.393645929
"MM","Myanmar",2001,4.484486753
"MM","Myanmar",2002,5.070390958
"MM","Myanmar",2003,4.907203237
"MM","Myanmar",2004,5.098404016
"MM","Myanmar",2005,6.603488843
"MM","Myanmar",2006,7.753418574
"MM","Myanmar",2007,11.35175695
"MM","Myanmar",2008,36.18784387
"MM","Myanmar",2009,30.46962545
"MM","Myanmar",2010,42.37979513
"MM","Myanmar",2011,46.35748691
"MM","Myanmar",2012,72.97394929
"MM","Myanmar",2013,1388.736653
"MM","Myanmar",2014,374.176036
"MM","Myanmar",2015,246.3351143
"MM","Myanmar",2016,317.8165068
"NA","Namibia",2000,322.9006879
"NA","Namibia",2001,242.0974268
"NA","Namibia",2002,280.7164713
"NA","Namibia",2003,279.9619568
"NA","Namibia",2004,323.0981429
"NA","Namibia",2005,232.3857632
"NA","Namibia",2006,315.911666
"NA","Namibia",2007,415.5281697
"NA","Namibia",2008,405.5222812
"NA","Namibia",2009,660.702675
"NA","Namibia",2010,572.0252001
"NA","Namibia",2011,631.0895403
"NA","Namibia",2012,660.0837486
"NA","Namibia",2013,708.058816
"NA","Namibia",2014,631.9558807
"NA","Namibia",2015,439.4914365
"NA","Namibia",2016,494.5605336
"NR","Nauru",2000,
"NR","Nauru",2001,
"NR","Nauru",2002,
"NR","Nauru",2003,
"NR","Nauru",2004,
"NR","Nauru",2005,
"NR","Nauru",2006,
"NR","Nauru",2007,
"NR","Nauru",2008,
"NR","Nauru",2009,
"NR","Nauru",2010,
"NR","Nauru",2011,
"NR","Nauru",2012,
"NR","Nauru",2013,
"NR","Nauru",2014,
"NR","Nauru",2015,
"NR","Nauru",2016,
"NP","Nepal",2000,47.08206866
"NP","Nepal",2001,52.44529208
"NP","Nepal",2002,47.28176952
"NP","Nepal",2003,56.34273282
"NP","Nepal",2004,49.81195032
"NP","Nepal",2005,53.61549769
"NP","Nepal",2006,70.10746374
"NP","Nepal",2007,82.30941295
"NP","Nepal",2008,112.5571875
"NP","Nepal",2009,158.4069236
"NP","Nepal",2010,212.9002062
"NP","Nepal",2011,216.790964
"NP","Nepal",2012,321.9761564
"NP","Nepal",2013,375.9225569
"NP","Nepal",2014,375.6413371
"NP","Nepal",2015,543.4813399
"NP","Nepal",2016,495.8427082
"NI","Nicaragua",2000,957.6587676
"NI","Nicaragua",2001,1752.957581
"NI","Nicaragua",2002,887.792174
"NI","Nicaragua",2003,1266.828576
"NI","Nicaragua",2004,2015.281323
"NI","Nicaragua",2005,1095.622892
"NI","Nicaragua",2006,2907.792463
"NI","Nicaragua",2007,3546.323185
"NI","Nicaragua",2008,1785.367405
"NI","Nicaragua",2009,1879.276933
"NI","Nicaragua",2010,1657.917619
"NI","Nicaragua",2011,1825.43031
"NI","Nicaragua",2012,1707.720085
"NI","Nicaragua",2013,1873.37696
"NI","Nicaragua",2014,1659.542369
"NI","Nicaragua",2015,1983.214023
"NI","Nicaragua",2016,1920.746354
"NE","Niger",2000,38.11901791
"NE","Niger",2001,46.93232588
"NE","Niger",2002,49.24799523
"NE","Niger",2003,63.67034195
"NE","Niger",2004,66.17081545
"NE","Niger",2005,59.8733596
"NE","Niger",2006,194.1634634
"NE","Niger",2007,55.86765188
"NE","Niger",2008,55.71746742
"NE","Niger",2009,46.48696071
"NE","Niger",2010,78.08567682
"NE","Niger",2011,69.73245507
"NE","Niger",2012,101.6505907
"NE","Niger",2013,86.62502138
"NE","Niger",2014,99.81146987
"NE","Niger",2015,105.8640931
"NE","Niger",2016,116.7850542
"NG","Nigeria",2000,3.18443887
"NG","Nigeria",2001,3.386885777
"NG","Nigeria",2002,5.12952144
"NG","Nigeria",2003,5.189094232
"NG","Nigeria",2004,8.628880048
"NG","Nigeria",2005,86.7861287
"NG","Nigeria",2006,157.8849599
"NG","Nigeria",2007,24.35522821
"NG","Nigeria",2008,17.22021189
"NG","Nigeria",2009,20.02965092
"NG","Nigeria",2010,24.14072879
"NG","Nigeria",2011,20.92667842
"NG","Nigeria",2012,21.97886417
"NG","Nigeria",2013,28.95670718
"NG","Nigeria",2014,27.91715984
"NG","Nigeria",2015,29.1309035
"NG","Nigeria",2016,31.25738895
"NU","Niue",2000,
"NU","Niue",2001,
"NU","Niue",2002,
"NU","Niue",2003,
"NU","Niue",2004,
"NU","Niue",2005,
"NU","Niue",2006,
"NU","Niue",2007,
"NU","Niue",2008,
"NU","Niue",2009,
"NU","Niue",2010,
"NU","Niue",2011,
"NU","Niue",2012,
"NU","Niue",2013,
"NU","Niue",2014,
"NU","Niue",2015,
"NU","Niue",2016,
"north-central-america","North & Central America, regional",2000,
"north-central-america","North & Central America, regional",2001,
"north-central-america","North & Central America, regional",2002,
"north-central-america","North & Central America, regional",2003,
"north-central-america","North & Central America, regional",2004,
"north-central-america","North & Central America, regional",2005,
"north-central-america","North & Central America, regional",2006,
"north-central-america","North & Central America, regional",2007,
"north-central-america","North & Central America, regional",2008,
"north-central-america","North & Central America, regional",2009,
"north-central-america","North & Central America, regional",2010,
"north-central-america","North & Central America, regional",2011,
"north-central-america","North & Central America, regional",2012,
"north-central-america","North & Central America, regional",2013,
"north-central-america","North & Central America, regional",2014,
"north-central-america","North & Central America, regional",2015,
"north-central-america","North & Central America, regional",2016,
"KP","North Korea",2000,
"KP","North Korea",2001,
"KP","North Korea",2002,
"KP","North Korea",2003,
"KP","North Korea",2004,
"KP","North Korea",2005,
"KP","North Korea",2006,
"KP","North Korea",2007,
"KP","North Korea",2008,
"KP","North Korea",2009,
"KP","North Korea",2010,
"KP","North Korea",2011,
"KP","North Korea",2012,
"KP","North Korea",2013,
"KP","North Korea",2014,
"KP","North Korea",2015,
"KP","North Korea",2016,
"north-of-sahara","North of Sahara, regional",2000,
"north-of-sahara","North of Sahara, regional",2001,
"north-of-sahara","North of Sahara, regional",2002,
"north-of-sahara","North of Sahara, regional",2003,
"north-of-sahara","North of Sahara, regional",2004,
"north-of-sahara","North of Sahara, regional",2005,
"north-of-sahara","North of Sahara, regional",2006,
"north-of-sahara","North of Sahara, regional",2007,
"north-of-sahara","North of Sahara, regional",2008,
"north-of-sahara","North of Sahara, regional",2009,
"north-of-sahara","North of Sahara, regional",2010,
"north-of-sahara","North of Sahara, regional",2011,
"north-of-sahara","North of Sahara, regional",2012,
"north-of-sahara","North of Sahara, regional",2013,
"north-of-sahara","North of Sahara, regional",2014,
"north-of-sahara","North of Sahara, regional",2015,
"north-of-sahara","North of Sahara, regional",2016,
"oceania","Oceania, regional",2000,
"oceania","Oceania, regional",2001,
"oceania","Oceania, regional",2002,
"oceania","Oceania, regional",2003,
"oceania","Oceania, regional",2004,
"oceania","Oceania, regional",2005,
"oceania","Oceania, regional",2006,
"oceania","Oceania, regional",2007,
"oceania","Oceania, regional",2008,
"oceania","Oceania, regional",2009,
"oceania","Oceania, regional",2010,
"oceania","Oceania, regional",2011,
"oceania","Oceania, regional",2012,
"oceania","Oceania, regional",2013,
"oceania","Oceania, regional",2014,
"oceania","Oceania, regional",2015,
"oceania","Oceania, regional",2016,
"OM","Oman",2000,
"OM","Oman",2001,
"OM","Oman",2002,
"OM","Oman",2003,
"OM","Oman",2004,
"OM","Oman",2005,
"OM","Oman",2006,
"OM","Oman",2007,
"OM","Oman",2008,
"OM","Oman",2009,
"OM","Oman",2010,
"PK","Pakistan",2000,36.99488413
"PK","Pakistan",2001,80.82541493
"PK","Pakistan",2002,76.02357538
"PK","Pakistan",2003,99.09870356
"PK","Pakistan",2004,65.70207419
"PK","Pakistan",2005,90.32194802
"PK","Pakistan",2006,123.6784836
"PK","Pakistan",2007,127.7943511
"PK","Pakistan",2008,101.4809301
"PK","Pakistan",2009,187.1968638
"PK","Pakistan",2010,225.2280996
"PK","Pakistan",2011,281.7975991
"PK","Pakistan",2012,216.1068277
"PK","Pakistan",2013,222.7150555
"PK","Pakistan",2014,314.4170496
"PK","Pakistan",2015,339.473819
"PK","Pakistan",2016,283.6884131
"PW","Palau",2000,
"PW","Palau",2001,
"PW","Palau",2002,
"PW","Palau",2003,
"PW","Palau",2004,
"PW","Palau",2005,
"PW","Palau",2006,
"PW","Palau",2007,
"PW","Palau",2008,
"PW","Palau",2009,
"PW","Palau",2010,
"PW","Palau",2011,
"PW","Palau",2012,
"PW","Palau",2013,
"PW","Palau",2014,
"PW","Palau",2015,
"PW","Palau",2016,
"PS","Palestine",2000,30620.72551
"PS","Palestine",2001,32833.8159
"PS","Palestine",2002,23841.5003
"PS","Palestine",2003,26397.97208
"PS","Palestine",2004,33218.97514
"PS","Palestine",2005,35796.08059
"PS","Palestine",2006,43277.07852
"PS","Palestine",2007,46779.17176
"PS","Palestine",2008,61291.98203
"PS","Palestine",2009,125732.7891
"PS","Palestine",2010,360218.1058
"PS","Palestine",2011,277022.3409
"PS","Palestine",2012,236485.3215
"PS","Palestine",2013,287129.744
"PS","Palestine",2014,265616.6868
"PS","Palestine",2015,222997.2869
"PS","Palestine",2016,290372.7571
"PA","Panama",2000,186.9210862
"PA","Panama",2001,206.452419
"PA","Panama",2002,166.4678136
"PA","Panama",2003,198.9829
"PA","Panama",2004,144.1659677
"PA","Panama",2005,130.6788252
"PA","Panama",2006,296.4813083
"PA","Panama",2007,167.2557413
"PA","Panama",2008,196.8827078
"PA","Panama",2009,372.6668646
"PA","Panama",2010,772.9399
"PA","Panama",2011,938.8670564
"PA","Panama",2012,380.1739192
"PA","Panama",2013,463.4564583
"PA","Panama",2014,352.9770542
"PA","Panama",2015,298.2943911
"PA","Panama",2016,424.0923681
"PG","Papua New Guinea",2000,169.405549
"PG","Papua New Guinea",2001,144.0958151
"PG","Papua New Guinea",2002,136.705803
"PG","Papua New Guinea",2003,124.5844127
"PG","Papua New Guinea",2004,127.7243083
"PG","Papua New Guinea",2005,117.7208825
"PG","Papua New Guinea",2006,122.4485363
"PG","Papua New Guinea",2007,123.700766
"PG","Papua New Guinea",2008,137.1829305
"PG","Papua New Guinea",2009,159.1560452
"PG","Papua New Guinea",2010,183.4483115
"PG","Papua New Guinea",2011,185.4434295
"PG","Papua New Guinea",2012,206.598945
"PG","Papua New Guinea",2013,210.7253083
"PG","Papua New Guinea",2014,195.4051021
"PG","Papua New Guinea",2015,231.9057228
"PG","Papua New Guinea",2016,210.3106536
"PY","Paraguay",2000,247.1982495
"PY","Paraguay",2001,197.9306075
"PY","Paraguay",2002,169.5615771
"PY","Paraguay",2003,183.1699468
"PY","Paraguay",2004,221.8700493
"PY","Paraguay",2005,333.9085495
"PY","Paraguay",2006,381.0543543
"PY","Paraguay",2007,578.9561797
"PY","Paraguay",2008,723.7524995
"PY","Paraguay",2009,651.9704086
"PY","Paraguay",2010,526.0878242
"PY","Paraguay",2011,456.1604875
"PY","Paraguay",2012,749.0418289
"PY","Paraguay",2013,1490.71669
"PY","Paraguay",2014,1090.477286
"PY","Paraguay",2015,1139.329147
"PY","Paraguay",2016,1365.690512
"PE","Peru",2000,138.9157446
"PE","Peru",2001,193.4888415
"PE","Peru",2002,199.720379
"PE","Peru",2003,188.7230787
"PE","Peru",2004,172.9382465
"PE","Peru",2005,178.2723824
"PE","Peru",2006,195.0633903
"PE","Peru",2007,242.5796116
"PE","Peru",2008,251.273939
"PE","Peru",2009,305.2046653
"PE","Peru",2010,400.5866468
"PE","Peru",2011,446.5099808
"PE","Peru",2012,357.0256889
"PE","Peru",2013,366.3874481
"PE","Peru",2014,364.8596046
"PE","Peru",2015,400.8244343
"PE","Peru",2016,358.0523813
"PH","Philippines",2000,98.13630286
"PH","Philippines",2001,103.2787848
"PH","Philippines",2002,107.1073603
"PH","Philippines",2003,121.176336
"PH","Philippines",2004,88.59838574
"PH","Philippines",2005,96.69407249
"PH","Philippines",2006,107.0847643
"PH","Philippines",2007,115.4876569
"PH","Philippines",2008,85.28986702
"PH","Philippines",2009,101.7659486
"PH","Philippines",2010,115.6246143
"PH","Philippines",2011,67.60465044
"PH","Philippines",2012,72.55298874
"PH","Philippines",2013,89.04970419
"PH","Philippines",2014,135.841667
"PH","Philippines",2015,118.7038313
"PH","Philippines",2016,90.87221894
"RW","Rwanda",2000,80.28989179
"RW","Rwanda",2001,79.11141168
"RW","Rwanda",2002,85.24832783
"RW","Rwanda",2003,70.94408144
"RW","Rwanda",2004,93.27531867
"RW","Rwanda",2005,107.0989445
"RW","Rwanda",2006,324.686384
"RW","Rwanda",2007,120.7074621
"RW","Rwanda",2008,138.7728737
"RW","Rwanda",2009,142.0676537
"RW","Rwanda",2010,156.1753094
"RW","Rwanda",2011,182.1194492
"RW","Rwanda",2012,130.6974239
"RW","Rwanda",2013,152.2069393
"RW","Rwanda",2014,144.8256132
"RW","Rwanda",2015,166.36583
"RW","Rwanda",2016,177.970461
"SH","Saint Helena, Ascension & Tristan da Cunha",2000,
"SH","Saint Helena, Ascension & Tristan da Cunha",2001,
"SH","Saint Helena, Ascension & Tristan da Cunha",2002,
"SH","Saint Helena, Ascension & Tristan da Cunha",2003,
"SH","Saint Helena, Ascension & Tristan da Cunha",2004,
"SH","Saint Helena, Ascension & Tristan da Cunha",2005,
"SH","Saint Helena, Ascension & Tristan da Cunha",2006,
"SH","Saint Helena, Ascension & Tristan da Cunha",2007,
"SH","Saint Helena, Ascension & Tristan da Cunha",2008,
"SH","Saint Helena, Ascension & Tristan da Cunha",2009,
"SH","Saint Helena, Ascension & Tristan da Cunha",2010,
"SH","Saint Helena, Ascension & Tristan da Cunha",2011,
"SH","Saint Helena, Ascension & Tristan da Cunha",2012,
"SH","Saint Helena, Ascension & Tristan da Cunha",2013,
"SH","Saint Helena, Ascension & Tristan da Cunha",2014,
"SH","Saint Helena, Ascension & Tristan da Cunha",2015,
"SH","Saint Helena, Ascension & Tristan da Cunha",2016,
"KN","Saint Kitts and Nevis",2000,
"KN","Saint Kitts and Nevis",2001,
"KN","Saint Kitts and Nevis",2002,
"KN","Saint Kitts and Nevis",2003,
"KN","Saint Kitts and Nevis",2004,
"KN","Saint Kitts and Nevis",2005,
"KN","Saint Kitts and Nevis",2006,
"KN","Saint Kitts and Nevis",2007,
"KN","Saint Kitts and Nevis",2008,
"KN","Saint Kitts and Nevis",2009,
"KN","Saint Kitts and Nevis",2010,
"KN","Saint Kitts and Nevis",2011,
"KN","Saint Kitts and Nevis",2012,
"KN","Saint Kitts and Nevis",2013,
"LC","Saint Lucia",2000,429.5186283
"LC","Saint Lucia",2001,660.1527666
"LC","Saint Lucia",2002,1065.967054
"LC","Saint Lucia",2003,470.8480145
"LC","Saint Lucia",2004,267.5164355
"LC","Saint Lucia",2005,379.5963192
"LC","Saint Lucia",2006,578.8208319
"LC","Saint Lucia",2007,503.9304103
"LC","Saint Lucia",2008,502.6945062
"LC","Saint Lucia",2009,870.6246742
"LC","Saint Lucia",2010,914.2116144
"LC","Saint Lucia",2011,832.3744239
"LC","Saint Lucia",2012,638.6211946
"LC","Saint Lucia",2013,567.1751077
"LC","Saint Lucia",2014,474.7668748
"LC","Saint Lucia",2015,466.3483281
"LC","Saint Lucia",2016,652.339475
"VC","Saint Vincent & the Grenadines",2000,
"VC","Saint Vincent & the Grenadines",2001,
"VC","Saint Vincent & the Grenadines",2002,
"VC","Saint Vincent & the Grenadines",2003,
"VC","Saint Vincent & the Grenadines",2004,
"VC","Saint Vincent & the Grenadines",2005,
"VC","Saint Vincent & the Grenadines",2006,
"VC","Saint Vincent & the Grenadines",2007,
"VC","Saint Vincent & the Grenadines",2008,
"VC","Saint Vincent & the Grenadines",2009,
"VC","Saint Vincent & the Grenadines",2010,
"VC","Saint Vincent & the Grenadines",2011,
"VC","Saint Vincent & the Grenadines",2012,
"VC","Saint Vincent & the Grenadines",2013,
"VC","Saint Vincent & the Grenadines",2014,
"VC","Saint Vincent & the Grenadines",2015,
"VC","Saint Vincent & the Grenadines",2016,
"WS","Samoa",2000,7305.235195
"WS","Samoa",2001,13283.04684
"WS","Samoa",2002,14566.75874
"WS","Samoa",2003,13817.50427
"WS","Samoa",2004,15617.55982
"WS","Samoa",2005,25838.3219
"WS","Samoa",2006,33765.7787
"WS","Samoa",2007,30707.32207
"WS","Samoa",2008,40103.8437
"WS","Samoa",2009,48358.65467
"WS","Samoa",2010,64997.57936
"WS","Samoa",2011,61753.03784
"WS","Samoa",2012,71159.48095
"WS","Samoa",2013,48597.18284
"WS","Samoa",2014,41450.5383
"WS","Samoa",2015,47785.69288
"WS","Samoa",2016,45521.82032
"ST","Sao Tome & Principe",2000,1179.196545
"ST","Sao Tome & Principe",2001,1342.579199
"ST","Sao Tome & Principe",2002,928.4181632
"ST","Sao Tome & Principe",2003,1033.385159
"ST","Sao Tome & Principe",2004,826.7668234
"ST","Sao Tome & Principe",2005,743.4792906
"ST","Sao Tome & Principe",2006,647.2301818
"ST","Sao Tome & Principe",2007,3069.316095
"ST","Sao Tome & Principe",2008,1035.547096
"ST","Sao Tome & Principe",2009,507.1293894
"ST","Sao Tome & Principe",2010,841.0156115
"ST","Sao Tome & Principe",2011,1135.595293
"ST","Sao Tome & Principe",2012,846.2085387
"ST","Sao Tome & Principe",2013,904.0198063
"ST","Sao Tome & Principe",2014,709.1941662
"ST","Sao Tome & Principe",2015,968.9016105
"ST","Sao Tome & Principe",2016,893.9270811
"SA","Saudi Arabia",2000,
"SA","Saudi Arabia",2001,
"SA","Saudi Arabia",2002,
"SA","Saudi Arabia",2003,
"SA","Saudi Arabia",2004,
"SA","Saudi Arabia",2005,
"SA","Saudi Arabia",2006,
"SA","Saudi Arabia",2007,
"SN","Senegal",2000,151.5181517
"SN","Senegal",2001,155.6443698
"SN","Senegal",2002,151.4701802
"SN","Senegal",2003,141.7814217
"SN","Senegal",2004,294.250368
"SN","Senegal",2005,205.7838444
"SN","Senegal",2006,780.657866
"SN","Senegal",2007,189.5922297
"SN","Senegal",2008,230.0722137
"SN","Senegal",2009,208.2539442
"SN","Senegal",2010,188.9755701
"SN","Senegal",2011,193.3573357
"SN","Senegal",2012,202.2794743
"SN","Senegal",2013,182.6090613
"SN","Senegal",2014,205.9610722
"SN","Senegal",2015,186.0607858
"SN","Senegal",2016,157.933386
"RS","Serbia",2000,57000.39196
"RS","Serbia",2001,92935.28182
"RS","Serbia",2002,225149.0424
"RS","Serbia",2003,52482.26583
"RS","Serbia",2004,27126.70204
"RS","Serbia",2005,17556.21413
"RS","Serbia",2006,35080.50586
"RS","Serbia",2007,29913.39536
"RS","Serbia",2008,105816.1911
"RS","Serbia",2009,50449.13817
"RS","Serbia",2010,43183.6082
"RS","Serbia",2011,99133.43196
"RS","Serbia",2012,2790.311739
"RS","Serbia",2013,41304.48949
"RS","Serbia",2014,30464.32165
"RS","Serbia",2015,34875.87915
"RS","Serbia",2016,45320.9394
"SC","Seychelles",2000,73269.8879
"SC","Seychelles",2001,37266.68331
"SC","Seychelles",2002,150715.6014
"SC","Seychelles",2003,23589.79621
"SC","Seychelles",2004,26563.60143
"SC","Seychelles",2005,44551.74589
"SC","Seychelles",2006,38852.64702
"SC","Seychelles",2007,26278.72551
"SC","Seychelles",2008,20851.11943
"SC","Seychelles",2009,28037.40389
"SC","Seychelles",2010,55957.02178
"SC","Seychelles",2011,19677.21811
"SC","Seychelles",2012,31744.37918
"SC","Seychelles",2013,29206.14575
"SC","Seychelles",2014,16042.95995
"SC","Seychelles",2015,11979.86043
"SC","Seychelles",2016,23718.86702
"SL","Sierra Leone",2000,87.68957193
"SL","Sierra Leone",2001,161.936577
"SL","Sierra Leone",2002,174.9256291
"SL","Sierra Leone",2003,141.1074869
"SL","Sierra Leone",2004,133.8177333
"SL","Sierra Leone",2005,109.5677827
"SL","Sierra Leone",2006,230.425974
"SL","Sierra Leone",2007,157.4213477
"SL","Sierra Leone",2008,96.80446649
"SL","Sierra Leone",2009,119.1906417
"SL","Sierra Leone",2010,124.2615416
"SL","Sierra Leone",2011,111.0720476
"SL","Sierra Leone",2012,137.7178159
"SL","Sierra Leone",2013,220.6986473
"SL","Sierra Leone",2014,371.6347694
"SL","Sierra Leone",2015,446.0151985
"SL","Sierra Leone",2016,328.872707
"SI","Slovenia",2000,514104.6461
"SI","Slovenia",2001,2083734.902
"SI","Slovenia",2002,
"SB","Solomon Islands",2000,743.3975849
"SB","Solomon Islands",2001,599.0434748
"SB","Solomon Islands",2002,251.7652559
"SB","Solomon Islands",2003,603.9140899
"SB","Solomon Islands",2004,774.4716351
"SB","Solomon Islands",2005,1141.86142
"SB","Solomon Islands",2006,1215.808686
"SB","Solomon Islands",2007,1382.906659
"SB","Solomon Islands",2008,1274.345401
"SB","Solomon Islands",2009,1246.121329
"SB","Solomon Islands",2010,1680.070517
"SB","Solomon Islands",2011,1674.308764
"SB","Solomon Islands",2012,1619.713659
"SB","Solomon Islands",2013,1710.677708
"SB","Solomon Islands",2014,1251.722326
"SB","Solomon Islands",2015,1410.460376
"SB","Solomon Islands",2016,1304.208867
"SO","Somalia",2000,
"SO","Somalia",2001,
"SO","Somalia",2002,
"SO","Somalia",2003,
"SO","Somalia",2004,
"SO","Somalia",2005,
"SO","Somalia",2006,
"SO","Somalia",2007,
"SO","Somalia",2008,
"SO","Somalia",2009,
"SO","Somalia",2010,
"SO","Somalia",2011,
"SO","Somalia",2012,
"SO","Somalia",2013,
"SO","Somalia",2014,
"SO","Somalia",2015,
"SO","Somalia",2016,
"ZA","South Africa",2000,48.61295974
"ZA","South Africa",2001,46.49654836
"ZA","South Africa",2002,51.71898118
"ZA","South Africa",2003,57.63751446
"ZA","South Africa",2004,55.91964254
"ZA","South Africa",2005,65.48650926
"ZA","South Africa",2006,78.65884158
"ZA","South Africa",2007,98.94447191
"ZA","South Africa",2008,127.8003998
"ZA","South Africa",2009,131.6073408
"ZA","South Africa",2010,135.595846
"ZA","South Africa",2011,158.6488148
"ZA","South Africa",2012,134.3153286
"ZA","South Africa",2013,143.5744216
"ZA","South Africa",2014,130.6962505
"ZA","South Africa",2015,166.1569965
"ZA","South Africa",2016,140.716532
"south-america","South America, regional",2000,
"south-america","South America, regional",2001,
"south-america","South America, regional",2002,
"south-america","South America, regional",2003,
"south-america","South America, regional",2004,
"south-america","South America, regional",2005,
"south-america","South America, regional",2006,
"south-america","South America, regional",2007,
"south-america","South America, regional",2008,
"south-america","South America, regional",2009,
"south-america","South America, regional",2010,
"south-america","South America, regional",2011,
"south-america","South America, regional",2012,
"south-america","South America, regional",2013,
"south-america","South America, regional",2014,
"south-america","South America, regional",2015,
"south-america","South America, regional",2016,
"south-asia","South Asia, regional",2005,
"south-asia","South Asia, regional",2006,
"south-asia","South Asia, regional",2007,
"south-asia","South Asia, regional",2008,
"south-asia","South Asia, regional",2009,
"south-asia","South Asia, regional",2010,
"south-asia","South Asia, regional",2011,
"south-asia","South Asia, regional",2012,
"south-asia","South Asia, regional",2013,
"south-asia","South Asia, regional",2014,
"south-asia","South Asia, regional",2015,
"south-asia","South Asia, regional",2016,
"south-central-asia","South & Central Asia, regional",2000,
"south-central-asia","South & Central Asia, regional",2001,
"south-central-asia","South & Central Asia, regional",2002,
"south-central-asia","South & Central Asia, regional",2003,
"south-central-asia","South & Central Asia, regional",2004,
"south-central-asia","South & Central Asia, regional",2005,
"south-central-asia","South & Central Asia, regional",2006,
"south-central-asia","South & Central Asia, regional",2007,
"south-central-asia","South & Central Asia, regional",2008,
"south-central-asia","South & Central Asia, regional",2009,
"south-central-asia","South & Central Asia, regional",2010,
"south-central-asia","South & Central Asia, regional",2011,
"south-central-asia","South & Central Asia, regional",2012,
"south-central-asia","South & Central Asia, regional",2013,
"south-central-asia","South & Central Asia, regional",2014,
"south-central-asia","South & Central Asia, regional",2015,
"south-central-asia","South & Central Asia, regional",2016,
"south-of-sahara","South of Sahara, regional",2000,
"south-of-sahara","South of Sahara, regional",2001,
"south-of-sahara","South of Sahara, regional",2002,
"south-of-sahara","South of Sahara, regional",2003,
"south-of-sahara","South of Sahara, regional",2004,
"south-of-sahara","South of Sahara, regional",2005,
"south-of-sahara","South of Sahara, regional",2006,
"south-of-sahara","South of Sahara, regional",2007,
"south-of-sahara","South of Sahara, regional",2008,
"south-of-sahara","South of Sahara, regional",2009,
"south-of-sahara","South of Sahara, regional",2010,
"south-of-sahara","South of Sahara, regional",2011,
"south-of-sahara","South of Sahara, regional",2012,
"south-of-sahara","South of Sahara, regional",2013,
"south-of-sahara","South of Sahara, regional",2014,
"south-of-sahara","South of Sahara, regional",2015,
"south-of-sahara","South of Sahara, regional",2016,
"SS","South Sudan",2011,78.92961084
"SS","South Sudan",2012,137.9350345
"SS","South Sudan",2013,163.9652609
"SS","South Sudan",2014,232.6656742
"SS","South Sudan",2015,215.6266948
"SS","South Sudan",2016,205.8399334
"LK","Sri Lanka",2000,416.2364108
"LK","Sri Lanka",2001,485.5013025
"LK","Sri Lanka",2002,489.3381754
"LK","Sri Lanka",2003,790.4734925
"LK","Sri Lanka",2004,691.7683099
"LK","Sri Lanka",2005,1334.681751
"LK","Sri Lanka",2006,1405.710013
"LK","Sri Lanka",2007,1447.576299
"LK","Sri Lanka",2008,2064.979753
"LK","Sri Lanka",2009,2270.565506
"LK","Sri Lanka",2010,2068.524192
"LK","Sri Lanka",2011,2329.449057
"LK","Sri Lanka",2012,2048.883771
"LK","Sri Lanka",2013,2618.11793
"LK","Sri Lanka",2014,2859.428858
"LK","Sri Lanka",2015,2699.557967
"LK","Sri Lanka",2016,2702.567151
"ex-yugoslavia","States Ex-Yugoslavia unspecified",2000,
"ex-yugoslavia","States Ex-Yugoslavia unspecified",2001,
"ex-yugoslavia","States Ex-Yugoslavia unspecified",2002,
"ex-yugoslavia","States Ex-Yugoslavia unspecified",2003,
"ex-yugoslavia","States Ex-Yugoslavia unspecified",2004,
"ex-yugoslavia","States Ex-Yugoslavia unspecified",2005,
"ex-yugoslavia","States Ex-Yugoslavia unspecified",2006,
"ex-yugoslavia","States Ex-Yugoslavia unspecified",2007,
"ex-yugoslavia","States Ex-Yugoslavia unspecified",2008,
"ex-yugoslavia","States Ex-Yugoslavia unspecified",2009,
"ex-yugoslavia","States Ex-Yugoslavia unspecified",2010,
"ex-yugoslavia","States Ex-Yugoslavia unspecified",2011,
"ex-yugoslavia","States Ex-Yugoslavia unspecified",2012,
"ex-yugoslavia","States Ex-Yugoslavia unspecified",2013,
"ex-yugoslavia","States Ex-Yugoslavia unspecified",2014,
"ex-yugoslavia","States Ex-Yugoslavia unspecified",2015,
"ex-yugoslavia","States Ex-Yugoslavia unspecified",2016,
"SD","Sudan",2000,40.40979005
"SD","Sudan",2001,36.65887104
"SD","Sudan",2002,53.4369231
"SD","Sudan",2003,100.1282822
"SD","Sudan",2004,153.3011674
"SD","Sudan",2005,277.6532543
"SD","Sudan",2006,332.3387786
"SD","Sudan",2007,362.7308111
"SD","Sudan",2008,490.7653988
"SD","Sudan",2009,479.3601888
"SD","Sudan",2010,403.5391006
"SD","Sudan",2011,405.3244192
"SD","Sudan",2012,436.1410968
"SD","Sudan",2013,495.0360307
"SD","Sudan",2014,287.5625247
"SD","Sudan",2015,345.061825
"SD","Sudan",2016,277.424716
"SR","Suriname",2000,463.5641148
"SR","Suriname",2001,361.5959029
"SR","Suriname",2002,394.1612373
"SR","Suriname",2003,407.1775285
"SR","Suriname",2004,502.0336924
"SR","Suriname",2005,433.8741985
"SR","Suriname",2006,621.2609117
"SR","Suriname",2007,1407.000412
"SR","Suriname",2008,852.5560596
"SR","Suriname",2009,1346.726394
"SR","Suriname",2010,937.4706665
"SR","Suriname",2011,776.5839503
"SR","Suriname",2012,395.660206
"SR","Suriname",2013,290.9266221
"SR","Suriname",2014,130.1896634
"SR","Suriname",2015,181.5174317
"SR","Suriname",2016,195.7520557
"SZ","Swaziland",2000,67.66309728
"SZ","Swaziland",2001,120.7784329
"SZ","Swaziland",2002,87.98414975
"SZ","Swaziland",2003,95.3494365
"SZ","Swaziland",2004,68.6188055
"SZ","Swaziland",2005,139.8205668
"SZ","Swaziland",2006,101.4173227
"SZ","Swaziland",2007,126.0717738
"SZ","Swaziland",2008,145.0878106
"SZ","Swaziland",2009,133.7564615
"SZ","Swaziland",2010,190.3642318
"SZ","Swaziland",2011,250.3574673
"SZ","Swaziland",2012,194.8671859
"SZ","Swaziland",2013,246.5863897
"SZ","Swaziland",2014,190.7710189
"SZ","Swaziland",2015,217.5484225
"SZ","Swaziland",2016,327.2679603
"SY","Syria",2000,702.6447706
"SY","Syria",2001,1092.3048
"SY","Syria",2002,722.8680694
"SY","Syria",2003,950.7251212
"SY","Syria",2004,962.2138655
"SY","Syria",2005,923.2553232
"SY","Syria",2006,959.9569675
"SY","Syria",2007,1287.347414
"SY","Syria",2008,2418.165423
"SY","Syria",2009,3012.478801
"SY","Syria",2010,3355.616558
"SY","Syria",2011,3092.202437
"SY","Syria",2012,2409.846897
"SY","Syria",2013,2369.8255
"SY","Syria",2014,2733.238666
"SY","Syria",2015,3566.019591
"SY","Syria",2016,6605.985753
"TJ","Tajikistan",2000,59.32082685
"TJ","Tajikistan",2001,94.61995692
"TJ","Tajikistan",2002,120.799075
"TJ","Tajikistan",2003,116.3358287
"TJ","Tajikistan",2004,229.0743071
"TJ","Tajikistan",2005,331.1751016
"TJ","Tajikistan",2006,473.7312624
"TJ","Tajikistan",2007,358.0442131
"TJ","Tajikistan",2008,563.3518248
"TJ","Tajikistan",2009,909.4011295
"TJ","Tajikistan",2010,1184.799007
"TJ","Tajikistan",2011,876.8582364
"TJ","Tajikistan",2012,964.2540206
"TJ","Tajikistan",2013,915.0152613
"TJ","Tajikistan",2014,859.4031122
"TJ","Tajikistan",2015,1141.736114
"TJ","Tajikistan",2016,941.6683123
"TZ","Tanzania",2000,54.16078404
"TZ","Tanzania",2001,65.22384391
"TZ","Tanzania",2002,65.8093462
"TZ","Tanzania",2003,77.9087246
"TZ","Tanzania",2004,79.02452764
"TZ","Tanzania",2005,65.49974131
"TZ","Tanzania",2006,250.2182527
"TZ","Tanzania",2007,107.2526556
"TZ","Tanzania",2008,83.88239629
"TZ","Tanzania",2009,118.4648279
"TZ","Tanzania",2010,112.0101248
"TZ","Tanzania",2011,93.80997122
"TZ","Tanzania",2012,109.5488477
"TZ","Tanzania",2013,143.7566499
"TZ","Tanzania",2014,106.2805874
"TZ","Tanzania",2015,115.423933
"TZ","Tanzania",2016,105.3413528
"TH","Thailand",2000,821.0542986
"TH","Thailand",2001,1020.387588
"TH","Thailand",2002,1304.580977
"TH","Thailand",2003,1246.699394
"TH","Thailand",2004,1914.263681
"TH","Thailand",2005,2117.502299
"TH","Thailand",2006,1917.696419
"TH","Thailand",2007,1799.016865
"TH","Thailand",2008,3059.649405
"TH","Thailand",2009,2755.717854
"TH","Thailand",2010,4024.95254
"TH","Thailand",2011,15337.76133
"TH","Thailand",2012,10720.69851
"TH","Thailand",2013,29982.96545
"TH","Thailand",2014,22861.41245
"TH","Thailand",2015,12977.60093
"TH","Thailand",2016,21747.45369
"TL","Timor-Leste",2000,667.5786456
"TL","Timor-Leste",2001,670.9918
"TL","Timor-Leste",2002,848.3720818
"TL","Timor-Leste",2003,529.4950258
"TL","Timor-Leste",2004,415.9953541
"TL","Timor-Leste",2005,421.4333991
"TL","Timor-Leste",2006,457.2105224
"TL","Timor-Leste",2007,543.0038466
"TL","Timor-Leste",2008,506.7496512
"TL","Timor-Leste",2009,469.2584265
"TL","Timor-Leste",2010,675.5316405
"TL","Timor-Leste",2011,575.5342322
"TL","Timor-Leste",2012,589.5595679
"TL","Timor-Leste",2013,571.2136182
"TL","Timor-Leste",2014,574.0343623
"TL","Timor-Leste",2015,556.7476003
"TL","Timor-Leste",2016,579.1324043
"TG","Togo",2000,51.95869818
"TG","Togo",2001,44.86384684
"TG","Togo",2002,33.01547197
"TG","Togo",2003,28.15529812
"TG","Togo",2004,30.54860537
"TG","Togo",2005,32.57341263
"TG","Togo",2006,31.00796678
"TG","Togo",2007,37.9518582
"TG","Togo",2008,117.7953071
"TG","Togo",2009,144.9810404
"TG","Togo",2010,138.6739872
"TG","Togo",2011,163.2458426
"TG","Togo",2012,61.80880855
"TG","Togo",2013,57.21893489
"TG","Togo",2014,58.50395831
"TG","Togo",2015,62.24740578
"TG","Togo",2016,53.63883785
"TK","Tokelau",2000,
"TK","Tokelau",2001,
"TK","Tokelau",2002,
"TK","Tokelau",2003,
"TK","Tokelau",2004,
"TK","Tokelau",2005,
"TK","Tokelau",2006,
"TK","Tokelau",2007,
"TK","Tokelau",2008,
"TK","Tokelau",2009,
"TK","Tokelau",2010,
"TK","Tokelau",2011,
"TK","Tokelau",2012,
"TK","Tokelau",2013,
"TK","Tokelau",2014,
"TK","Tokelau",2015,
"TK","Tokelau",2016,
"TO","Tonga",2000,11243.45217
"TO","Tonga",2001,13799.76395
"TO","Tonga",2002,17916.47371
"TO","Tonga",2003,19088.59738
"TO","Tonga",2004,14241.79378
"TO","Tonga",2005,22282.3191
"TO","Tonga",2006,17021.05289
"TO","Tonga",2007,23431.40814
"TO","Tonga",2008,18907.47639
"TO","Tonga",2009,32804.19585
"TO","Tonga",2010,66322.38687
"TO","Tonga",2011,80328.54713
"TO","Tonga",2012,68120.40598
"TO","Tonga",2013,58784.29768
"TO","Tonga",2014,60862.32302
"TO","Tonga",2015,59441.38079
"TO","Tonga",2016,70127.19486
"TT","Trinidad & Tobago",2000,1925.511926
"TT","Trinidad & Tobago",2001,2387.600236
"TT","Trinidad & Tobago",2002,4372.268153
"TT","Trinidad & Tobago",2003,1194.314958
"TT","Trinidad & Tobago",2004,983.5438742
"TT","Trinidad & Tobago",2005,798.1104476
"TT","Trinidad & Tobago",2006,2126.803097
"TT","Trinidad & Tobago",2007,1979.429919
"TT","Trinidad & Tobago",2008,1196.029778
"TT","Trinidad & Tobago",2009,919.3228072
"TT","Trinidad & Tobago",2010,604.3083768
"TN","Tunisia",2000,1023.837278
"TN","Tunisia",2001,1589.801979
"TN","Tunisia",2002,1293.926022
"TN","Tunisia",2003,1417.454744
"TN","Tunisia",2004,1557.776826
"TN","Tunisia",2005,1730.97833
"TN","Tunisia",2006,2181.3833
"TN","Tunisia",2007,1928.774809
"TN","Tunisia",2008,2239.417338
"TN","Tunisia",2009,2871.876988
"TN","Tunisia",2010,3412.644968
"TN","Tunisia",2011,5393.654654
"TN","Tunisia",2012,8321.776049
"TN","Tunisia",2013,7692.543834
"TN","Tunisia",2014,9305.072737
"TN","Tunisia",2015,7368.204332
"TN","Tunisia",2016,8517.718539
"TR","Turkey",2000,884.2523401
"TR","Turkey",2001,632.8555682
"TR","Turkey",2002,806.7032328
"TR","Turkey",2003,464.634602
"TR","Turkey",2004,482.3328187
"TR","Turkey",2005,469.8969664
"TR","Turkey",2006,748.8510818
"TR","Turkey",2007,1279.537232
"TR","Turkey",2008,3082.523691
"TR","Turkey",2009,3035.903175
"TR","Turkey",2010,2201.618779
"TR","Turkey",2011,15607.64233
"TR","Turkey",2012,17049.55349
"TR","Turkey",2013,12429.27615
"TR","Turkey",2014,14976.59032
"TR","Turkey",2015,12798.53853
"TR","Turkey",2016,18898.76092
"TM","Turkmenistan",2000,25.30185476
"TM","Turkmenistan",2001,52.99432218
"TM","Turkmenistan",2002,31.0778267
"TM","Turkmenistan",2003,20.29481781
"TM","Turkmenistan",2004,39.94546812
"TM","Turkmenistan",2005,24.74120145
"TM","Turkmenistan",2006,39.17394839
"TM","Turkmenistan",2007,38.06756647
"TM","Turkmenistan",2008,50.85234459
"TM","Turkmenistan",2009,56.36685247
"TM","Turkmenistan",2010,67.57480687
"TM","Turkmenistan",2011,86.609483
"TM","Turkmenistan",2012,107.8607064
"TM","Turkmenistan",2013,132.6077315
"TM","Turkmenistan",2014,132.6456844
"TM","Turkmenistan",2015,102.5489669
"TM","Turkmenistan",2016,137.3139017
"TC","Turks & Caicos Islands",2000,
"TC","Turks & Caicos Islands",2001,
"TC","Turks & Caicos Islands",2002,
"TC","Turks & Caicos Islands",2003,
"TC","Turks & Caicos Islands",2004,
"TC","Turks & Caicos Islands",2005,
"TC","Turks & Caicos Islands",2006,
"TC","Turks & Caicos Islands",2007,
"TV","Tuvalu",2000,27900.26395
"TV","Tuvalu",2001,55309.76437
"TV","Tuvalu",2002,66607.61132
"TV","Tuvalu",2003,30571.37467
"TV","Tuvalu",2004,30660.14639
"TV","Tuvalu",2005,28852.38667
"TV","Tuvalu",2006,53006.73627
"TV","Tuvalu",2007,44090.55568
"TV","Tuvalu",2008,70696.05806
"TV","Tuvalu",2009,61335.47294
"TV","Tuvalu",2010,38553.31522
"TV","Tuvalu",2011,113747.7792
"TV","Tuvalu",2012,75598.41063
"TV","Tuvalu",2013,89531.22351
"TV","Tuvalu",2014,113895.2164
"TV","Tuvalu",2015,191004.8581
"TV","Tuvalu",2016,91595.34393
"UG","Uganda",2000,83.41119526
"UG","Uganda",2001,82.64953816
"UG","Uganda",2002,69.31302391
"UG","Uganda",2003,80.22026294
"UG","Uganda",2004,93.29885677
"UG","Uganda",2005,87.20752481
"UG","Uganda",2006,343.9368038
"UG","Uganda",2007,111.3897353
"UG","Uganda",2008,105.63661
"UG","Uganda",2009,119.5242726
"UG","Uganda",2010,113.7631328
"UG","Uganda",2011,109.8927624
"UG","Uganda",2012,117.9131409
"UG","Uganda",2013,126.7725219
"UG","Uganda",2014,118.9246531
"UG","Uganda",2015,125.2261439
"UG","Uganda",2016,134.752725
"UA","Ukraine",2005,3833.708824
"UA","Ukraine",2006,6430.249646
"UA","Ukraine",2007,9714.659919
"UA","Ukraine",2008,122807.8523
"UA","Ukraine",2009,189412.4793
"UA","Ukraine",2010,331694.3948
"UA","Ukraine",2011,
"UA","Ukraine",2012,
"UA","Ukraine",2013,
"UA","Ukraine",2014,
"UA","Ukraine",2015,
"UA","Ukraine",2016,
"UY","Uruguay",2000,1929.128001
"UY","Uruguay",2001,1520.770318
"UY","Uruguay",2002,1144.79877
"UY","Uruguay",2003,1509.212476
"UY","Uruguay",2004,1590.667488
"UY","Uruguay",2005,2435.685373
"UY","Uruguay",2006,2644.156497
"UY","Uruguay",2007,4795.102042
"UY","Uruguay",2008,7723.390621
"UY","Uruguay",2009,11304.58293
"UY","Uruguay",2010,10930.52544
"UY","Uruguay",2011,9713.583609
"UY","Uruguay",2012,5106.817601
"UY","Uruguay",2013,7740.801056
"UY","Uruguay",2014,16182.27807
"UY","Uruguay",2015,9468.393629
"UY","Uruguay",2016,4630.392969
"UZ","Uzbekistan",2000,16.71750011
"UZ","Uzbekistan",2001,14.89085233
"UZ","Uzbekistan",2002,17.06768418
"UZ","Uzbekistan",2003,16.09464535
"UZ","Uzbekistan",2004,18.93676537
"UZ","Uzbekistan",2005,13.63227804
"UZ","Uzbekistan",2006,13.96462952
"UZ","Uzbekistan",2007,16.4941918
"UZ","Uzbekistan",2008,19.14926175
"UZ","Uzbekistan",2009,22.36469524
"UZ","Uzbekistan",2010,30.80336673
"UZ","Uzbekistan",2011,29.40063473
"UZ","Uzbekistan",2012,42.19597306
"UZ","Uzbekistan",2013,54.33012029
"UZ","Uzbekistan",2014,60.66401441
"UZ","Uzbekistan",2015,89.66029067
"UZ","Uzbekistan",2016,90.22853937
"VU","Vanuatu",2000,3370.170877
"VU","Vanuatu",2001,2372.775497
"VU","Vanuatu",2002,1817.113726
"VU","Vanuatu",2003,1853.970003
"VU","Vanuatu",2004,1885.800088
"VU","Vanuatu",2005,1835.760433
"VU","Vanuatu",2006,2105.771779
"VU","Vanuatu",2007,2055.130847
"VU","Vanuatu",2008,3128.905023
"VU","Vanuatu",2009,3496.463063
"VU","Vanuatu",2010,3237.417821
"VU","Vanuatu",2011,2397.662167
"VU","Vanuatu",2012,2623.188178
"VU","Vanuatu",2013,2593.726278
"VU","Vanuatu",2014,2928.716605
"VU","Vanuatu",2015,6275.354866
"VU","Vanuatu",2016,4301.654545
"VE","Venezuela",2000,42.18767354
"VE","Venezuela",2001,20.96180837
"VE","Venezuela",2002,21.45930619
"VE","Venezuela",2003,24.56974411
"VE","Venezuela",2004,12.87154559
"VE","Venezuela",2005,15.19006058
"VE","Venezuela",2006,16.72420988
"VE","Venezuela",2007,22.46784346
"VE","Venezuela",2008,23.22950805
"VE","Venezuela",2009,22.61174741
"VE","Venezuela",2010,20.26561154
"VE","Venezuela",2011,18.65449686
"VE","Venezuela",2012,18.98931726
"VE","Venezuela",2013,15.49145817
"VE","Venezuela",2014,15.67883842
"VE","Venezuela",2015,16.55463739
"VE","Venezuela",2016,19.12500555
"VN","Viet Nam",2000,69.95150077
"VN","Viet Nam",2001,69.06109374
"VN","Viet Nam",2002,59.77289776
"VN","Viet Nam",2003,82.39467411
"VN","Viet Nam",2004,92.85722954
"VN","Viet Nam",2005,113.3725196
"VN","Viet Nam",2006,128.0271931
"VN","Viet Nam",2007,181.9594232
"VN","Viet Nam",2008,210.7272438
"VN","Viet Nam",2009,471.1890716
"VN","Viet Nam",2010,862.606551
"VN","Viet Nam",2011,1165.595388
"VN","Viet Nam",2012,1625.670731
"VN","Viet Nam",2013,1738.4207
"VN","Viet Nam",2014,1850.449072
"VN","Viet Nam",2015,1625.240294
"VN","Viet Nam",2016,1512.653968
"WF","Wallis & Futuna",2000,
"WF","Wallis & Futuna",2001,
"WF","Wallis & Futuna",2002,
"WF","Wallis & Futuna",2003,
"WF","Wallis & Futuna",2004,
"WF","Wallis & Futuna",2005,
"WF","Wallis & Futuna",2006,
"WF","Wallis & Futuna",2007,
"WF","Wallis & Futuna",2008,
"WF","Wallis & Futuna",2009,
"WF","Wallis & Futuna",2010,
"WF","Wallis & Futuna",2011,
"WF","Wallis & Futuna",2012,
"WF","Wallis & Futuna",2013,
"WF","Wallis & Futuna",2014,
"WF","Wallis & Futuna",2015,
"WF","Wallis & Futuna",2016,
"west-indies","West Indies, regional",2000,
"west-indies","West Indies, regional",2001,
"west-indies","West Indies, regional",2002,
"west-indies","West Indies, regional",2003,
"west-indies","West Indies, regional",2004,
"west-indies","West Indies, regional",2005,
"west-indies","West Indies, regional",2006,
"west-indies","West Indies, regional",2007,
"west-indies","West Indies, regional",2008,
"west-indies","West Indies, regional",2009,
"west-indies","West Indies, regional",2010,
"west-indies","West Indies, regional",2011,
"west-indies","West Indies, regional",2012,
"west-indies","West Indies, regional",2013,
"west-indies","West Indies, regional",2014,
"west-indies","West Indies, regional",2015,
"west-indies","West Indies, regional",2016,
"YE","Yemen",2000,306.4943112
"YE","Yemen",2001,370.4893482
"YE","Yemen",2002,209.9323754
"YE","Yemen",2003,196.0191414
"YE","Yemen",2004,205.2563874
"YE","Yemen",2005,242.5775764
"YE","Yemen",2006,194.1425483
"YE","Yemen",2007,158.6273642
"YE","Yemen",2008,228.6553035
"YE","Yemen",2009,275.9918088
"YE","Yemen",2010,329.738097
"YE","Yemen",2011,134.5524978
"YE","Yemen",2012,174.7907207
"YE","Yemen",2013,256.0209107
"YE","Yemen",2014,275.6965831
"YE","Yemen",2015,383.7824556
"YE","Yemen",2016,476.064858
"ZM","Zambia",2000,236.9736677
"ZM","Zambia",2001,224.863051
"ZM","Zambia",2002,266.6392427
"ZM","Zambia",2003,208.0404903
"ZM","Zambia",2004,233.975289
"ZM","Zambia",2005,309.9266606
"ZM","Zambia",2006,692.1105206
"ZM","Zambia",2007,128.4896964
"ZM","Zambia",2008,127.2588529
"ZM","Zambia",2009,141.0585307
"ZM","Zambia",2010,99.9680913
"ZM","Zambia",2011,109.4702209
"ZM","Zambia",2012,106.9525871
"ZM","Zambia",2013,122.6046956
"ZM","Zambia",2014,108.8831629
"ZM","Zambia",2015,98.76180652
"ZM","Zambia",2016,117.867326
"ZW","Zimbabwe",2000,399.6883126
"ZW","Zimbabwe",2001,273.9524444
"ZW","Zimbabwe",2002,258.3099512
"ZW","Zimbabwe",2003,140.4326839
"ZW","Zimbabwe",2004,102.0756457
"ZW","Zimbabwe",2005,145.461306
"ZW","Zimbabwe",2006,82.07692923
"ZW","Zimbabwe",2007,108.5926215
"ZW","Zimbabwe",2008,119.2153275
"ZW","Zimbabwe",2009,166.5288584
"ZW","Zimbabwe",2010,181.1998594
"ZW","Zimbabwe",2011,213.0690887
"ZW","Zimbabwe",2012,370.9444682
"ZW","Zimbabwe",2013,325.7712871
"ZW","Zimbabwe",2014,291.108101
"ZW","Zimbabwe",2015,339.5400279
"ZW","Zimbabwe",2016,318.8784488
