"id-to","entity-to-name","year","value"
"AF","Afghanistan",1973,0
"AF","Afghanistan",1975,0
"AF","Afghanistan",1977,0
"AF","Afghanistan",1978,0
"AF","Afghanistan",1995,0
"AF","Afghanistan",1996,0
"AF","Afghanistan",1997,0
"AF","Afghanistan",1998,1108903.96
"AF","Afghanistan",1999,144291.92
"AF","Afghanistan",2000,4286769.69
"AF","Afghanistan",2001,13338001.01
"AF","Afghanistan",2002,25471756.26
"AF","Afghanistan",2003,13457715.41
"AF","Afghanistan",2004,28879225.89
"AF","Afghanistan",2005,20201131.94
"AF","Afghanistan",2006,25958651.53
"AF","Afghanistan",2007,53164419.64
"AF","Afghanistan",2008,139644066.35
"AF","Afghanistan",2009,102861498.4
"AF","Afghanistan",2010,85138878.52
"AF","Afghanistan",2011,116536120.03
"AF","Afghanistan",2012,165852694.56
"AF","Afghanistan",2013,80949010.11
"AF","Afghanistan",2014,123039895.66
"AF","Afghanistan",2015,79126534.94
"africa","Africa, regional",1985,0
"africa","Africa, regional",1989,0
"africa","Africa, regional",1990,0
"africa","Africa, regional",1996,0
"africa","Africa, regional",1997,0
"africa","Africa, regional",1998,381833.77
"africa","Africa, regional",2000,151488.18
"africa","Africa, regional",2001,24538.96
"africa","Africa, regional",2002,432276.18
"africa","Africa, regional",2003,117060.62
"africa","Africa, regional",2005,44647.66
"africa","Africa, regional",2006,4820281.77
"africa","Africa, regional",2007,8381441.44
"africa","Africa, regional",2008,4459780.62
"africa","Africa, regional",2009,5604441.68
"africa","Africa, regional",2010,30119703.81
"africa","Africa, regional",2011,29279184.86
"africa","Africa, regional",2012,9368568.77
"africa","Africa, regional",2013,1736033.92
"africa","Africa, regional",2014,12654945.6
"africa","Africa, regional",2015,10778253.86
"AL","Albania",2001,26769.6
"AL","Albania",2008,6017.9
"AL","Albania",2009,13066.7
"AL","Albania",2010,9611.06
"AL","Albania",2011,10521.82
"AL","Albania",2012,13422.71
"AL","Albania",2013,8671.01
"AL","Albania",2015,123480.4
"DZ","Algeria",1979,0
"DZ","Algeria",1980,0
"DZ","Algeria",2011,54338.03
"DZ","Algeria",2012,43566.97
"DZ","Algeria",2013,57622.02
"DZ","Algeria",2014,201221.75
"DZ","Algeria",2015,31377.29
"AO","Angola",1990,0
"AO","Angola",1995,0
"AO","Angola",1996,0
"AO","Angola",1997,0
"AO","Angola",1998,0
"AO","Angola",1999,125053.13
"AO","Angola",2000,1156397.35
"AO","Angola",2004,0
"AO","Angola",2005,0
"AO","Angola",2006,58269.56
"AO","Angola",2007,946116.2
"AO","Angola",2011,161937.66
"AO","Angola",2012,137507.76
"AO","Angola",2013,178475
"AO","Angola",2014,99505.46
"AO","Angola",2015,49552.96
"AI","Anguilla",2005,2911.8
"AI","Anguilla",2006,18753.84
"AG","Antigua & Barbuda",2000,11563.97
"AG","Antigua & Barbuda",2004,2533.99
"AG","Antigua & Barbuda",2005,8735.42
"AG","Antigua & Barbuda",2011,679659.84
"AG","Antigua & Barbuda",2012,104229.21
"AG","Antigua & Barbuda",2013,39451.8
"AG","Antigua & Barbuda",2014,46999.87
"AG","Antigua & Barbuda",2015,61755.23
"AR","Argentina",1999,0
"AR","Argentina",2000,42786.78
"AR","Argentina",2001,54654.85
"AR","Argentina",2002,55253.25
"AR","Argentina",2004,43848.05
"AR","Argentina",2008,29766.57
"AR","Argentina",2009,78214.44
"AR","Argentina",2010,154720.39
"AR","Argentina",2011,271632.65
"AR","Argentina",2012,1007993.34
"AR","Argentina",2013,639092.7
"AR","Argentina",2014,831990.43
"AR","Argentina",2015,368247.25
"AM","Armenia",2003,26256.24
"AM","Armenia",2009,4.49
"asia","Asia, regional",1975,0
"asia","Asia, regional",1980,0
"asia","Asia, regional",1993,0
"asia","Asia, regional",1994,0
"asia","Asia, regional",1996,0
"asia","Asia, regional",1997,0
"asia","Asia, regional",1998,1500497.1
"asia","Asia, regional",1999,2788443.66
"asia","Asia, regional",2004,331425.73
"asia","Asia, regional",2005,2579858.16
"asia","Asia, regional",2006,21940581.47
"asia","Asia, regional",2007,20866411.45
"asia","Asia, regional",2008,16656230.23
"asia","Asia, regional",2009,22585653.97
"asia","Asia, regional",2010,27429118.6
"asia","Asia, regional",2011,40749639.51
"asia","Asia, regional",2012,28142030.66
"asia","Asia, regional",2013,40076426.41
"asia","Asia, regional",2014,39529885.89
"asia","Asia, regional",2015,25699132.96
"AZ","Azerbaijan",2005,0
"AZ","Azerbaijan",2006,65600.94
"AZ","Azerbaijan",2009,30.55
"AZ","Azerbaijan",2011,42970.12
"AZ","Azerbaijan",2012,448849.44
"AZ","Azerbaijan",2013,4296.52
"BD","Bangladesh",1973,0
"BD","Bangladesh",1974,0
"BD","Bangladesh",1975,0
"BD","Bangladesh",1976,0
"BD","Bangladesh",1977,0
"BD","Bangladesh",1978,0
"BD","Bangladesh",1979,0
"BD","Bangladesh",1980,0
"BD","Bangladesh",1981,0
"BD","Bangladesh",1982,0
"BD","Bangladesh",1983,0
"BD","Bangladesh",1984,0
"BD","Bangladesh",1985,0
"BD","Bangladesh",1986,0
"BD","Bangladesh",1987,0
"BD","Bangladesh",1988,0
"BD","Bangladesh",1989,0
"BD","Bangladesh",1990,0
"BD","Bangladesh",1991,0
"BD","Bangladesh",1992,0
"BD","Bangladesh",1993,0
"BD","Bangladesh",1994,0
"BD","Bangladesh",1995,0
"BD","Bangladesh",1996,0
"BD","Bangladesh",1997,0
"BD","Bangladesh",1998,25257135.99
"BD","Bangladesh",1999,12743378.74
"BD","Bangladesh",2000,36006795.21
"BD","Bangladesh",2001,35066054.17
"BD","Bangladesh",2002,45667391.64
"BD","Bangladesh",2003,19361935.3
"BD","Bangladesh",2004,32985908.71
"BD","Bangladesh",2005,19222763.42
"BD","Bangladesh",2006,11118073.79
"BD","Bangladesh",2007,37195834.03
"BD","Bangladesh",2008,45528882.44
"BD","Bangladesh",2009,43974546.73
"BD","Bangladesh",2010,43152143.96
"BD","Bangladesh",2011,57995901.26
"BD","Bangladesh",2012,88417234.6
"BD","Bangladesh",2013,71238323.29
"BD","Bangladesh",2014,70900620.99
"BD","Bangladesh",2015,48951973.33
"BB","Barbados",2000,41630.39
"BB","Barbados",2001,58000.91
"BB","Barbados",2003,19429.59
"BB","Barbados",2004,69167.73
"BB","Barbados",2005,20382.58
"BB","Barbados",2006,129233.71
"BB","Barbados",2009,1329.16
"BB","Barbados",2010,202537.58
"BZ","Belize",2005,3882.4
"BZ","Belize",2006,29693.59
"BZ","Belize",2010,613714.5
"BZ","Belize",2011,1056139.76
"BZ","Belize",2012,130638.35
"BZ","Belize",2013,42273.36
"BZ","Belize",2014,458361.24
"BZ","Belize",2015,180366.59
"BJ","Benin",1973,0
"BJ","Benin",2009,173067.06
"BJ","Benin",2010,328088.45
"BJ","Benin",2011,385013.17
"BJ","Benin",2012,81761.95
"BJ","Benin",2013,241634.43
"BJ","Benin",2014,43299.25
"BJ","Benin",2015,29100.58
"BT","Bhutan",1973,0
"BT","Bhutan",1974,0
"BT","Bhutan",1976,0
"BT","Bhutan",1977,0
"BT","Bhutan",1978,0
"BT","Bhutan",1979,0
"BT","Bhutan",1980,0
"BT","Bhutan",1981,0
"BT","Bhutan",1982,0
"BT","Bhutan",1983,0
"BT","Bhutan",1984,0
"BT","Bhutan",1985,0
"BT","Bhutan",1986,0
"BT","Bhutan",1987,0
"BT","Bhutan",1988,0
"BT","Bhutan",1989,0
"BT","Bhutan",1991,0
"BT","Bhutan",1992,0
"BT","Bhutan",1993,0
"BT","Bhutan",1994,0
"BT","Bhutan",1995,0
"BT","Bhutan",1996,0
"BT","Bhutan",1998,54896.22
"BT","Bhutan",1999,1058141.42
"BT","Bhutan",2000,1292853.22
"BT","Bhutan",2001,1051824.28
"BT","Bhutan",2002,1461502.01
"BT","Bhutan",2003,918210.88
"BT","Bhutan",2004,1029001.53
"BT","Bhutan",2005,1095808.89
"BT","Bhutan",2006,1345209.18
"BT","Bhutan",2007,1346946.52
"BT","Bhutan",2008,2345012.5
"BT","Bhutan",2009,3309040.8
"BT","Bhutan",2010,6478520.42
"BT","Bhutan",2011,5668538.67
"BT","Bhutan",2012,11413297.42
"BT","Bhutan",2013,9347122.88
"BT","Bhutan",2014,9243527.01
"BT","Bhutan",2015,7122200
"bilateral-unspecified","Bilateral, unspecified",1978,0
"bilateral-unspecified","Bilateral, unspecified",1986,0
"bilateral-unspecified","Bilateral, unspecified",1989,0
"bilateral-unspecified","Bilateral, unspecified",1990,0
"bilateral-unspecified","Bilateral, unspecified",1991,0
"bilateral-unspecified","Bilateral, unspecified",1992,0
"bilateral-unspecified","Bilateral, unspecified",1993,0
"bilateral-unspecified","Bilateral, unspecified",1994,0
"bilateral-unspecified","Bilateral, unspecified",1996,0
"bilateral-unspecified","Bilateral, unspecified",1997,0
"bilateral-unspecified","Bilateral, unspecified",1998,33403717.75
"bilateral-unspecified","Bilateral, unspecified",1999,25360499.29
"bilateral-unspecified","Bilateral, unspecified",2000,20662509.49
"bilateral-unspecified","Bilateral, unspecified",2001,195032754.68
"bilateral-unspecified","Bilateral, unspecified",2002,232792860.68
"bilateral-unspecified","Bilateral, unspecified",2003,256545581.4
"bilateral-unspecified","Bilateral, unspecified",2004,176073733.83
"bilateral-unspecified","Bilateral, unspecified",2005,402290075
"bilateral-unspecified","Bilateral, unspecified",2006,279954582.1
"bilateral-unspecified","Bilateral, unspecified",2007,382638833.47
"bilateral-unspecified","Bilateral, unspecified",2008,506448112.61
"bilateral-unspecified","Bilateral, unspecified",2009,453773678.23
"bilateral-unspecified","Bilateral, unspecified",2010,591440590.03
"bilateral-unspecified","Bilateral, unspecified",2011,634784375.05
"bilateral-unspecified","Bilateral, unspecified",2012,701755035.02
"bilateral-unspecified","Bilateral, unspecified",2013,860747919.19
"bilateral-unspecified","Bilateral, unspecified",2014,679853663.18
"bilateral-unspecified","Bilateral, unspecified",2015,594802555.68
"BO","Bolivia",2000,6938.39
"BO","Bolivia",2001,68039.52
"BO","Bolivia",2003,40602.63
"BO","Bolivia",2010,26094.6
"BO","Bolivia",2011,5630.89
"BO","Bolivia",2012,406038.41
"BO","Bolivia",2013,163959.26
"BO","Bolivia",2014,120287.24
"BO","Bolivia",2015,203628.92
"BA","Bosnia & Herzegovina",2001,23423.54
"BA","Bosnia & Herzegovina",2007,24787.28
"BA","Bosnia & Herzegovina",2008,6017.9
"BA","Bosnia & Herzegovina",2009,13066.7
"BA","Bosnia & Herzegovina",2010,9611.06
"BA","Bosnia & Herzegovina",2011,7923.94
"BA","Bosnia & Herzegovina",2012,6032.17
"BA","Bosnia & Herzegovina",2013,5541.84
"BA","Bosnia & Herzegovina",2014,861.99
"BA","Bosnia & Herzegovina",2015,11300.6
"BW","Botswana",1973,0
"BW","Botswana",1979,0
"BW","Botswana",1982,0
"BW","Botswana",1983,0
"BW","Botswana",1985,0
"BW","Botswana",1988,0
"BW","Botswana",1989,0
"BW","Botswana",1990,0
"BW","Botswana",1991,0
"BW","Botswana",1992,0
"BW","Botswana",1993,0
"BW","Botswana",1994,0
"BW","Botswana",1995,0
"BW","Botswana",1996,0
"BW","Botswana",2002,113756.69
"BW","Botswana",2003,84975.48
"BW","Botswana",2004,3851.66
"BW","Botswana",2005,894895.18
"BW","Botswana",2006,130783.1
"BW","Botswana",2007,44240.95
"BW","Botswana",2008,222155.54
"BW","Botswana",2009,554645.06
"BW","Botswana",2010,584386.57
"BW","Botswana",2011,2110360.77
"BW","Botswana",2012,1106051.47
"BW","Botswana",2013,1944475.44
"BW","Botswana",2014,1055800.54
"BW","Botswana",2015,1145495.83
"BR","Brazil",1983,0
"BR","Brazil",1999,0
"BR","Brazil",2000,126047.4
"BR","Brazil",2001,130502.18
"BR","Brazil",2002,222096.38
"BR","Brazil",2003,804300.97
"BR","Brazil",2004,775136.99
"BR","Brazil",2005,533830.57
"BR","Brazil",2006,295721.29
"BR","Brazil",2007,286881.05
"BR","Brazil",2008,277589.5
"BR","Brazil",2009,81999.3
"BR","Brazil",2010,94024.42
"BR","Brazil",2011,257708
"BR","Brazil",2012,1945622.24
"BR","Brazil",2013,604176.05
"BR","Brazil",2014,293773.25
"BR","Brazil",2015,669314.17
"BF","Burkina Faso",2000,0
"BF","Burkina Faso",2010,361721.48
"BF","Burkina Faso",2011,657862.09
"BF","Burkina Faso",2012,340637.73
"BF","Burkina Faso",2013,1945594.36
"BF","Burkina Faso",2014,93555.2
"BF","Burkina Faso",2015,118889.33
"BI","Burundi",1973,0
"BI","Burundi",2009,166741.85
"BI","Burundi",2010,385812.29
"BI","Burundi",2011,678104.71
"BI","Burundi",2012,858010.31
"BI","Burundi",2013,1647988.8
"BI","Burundi",2014,790910.65
"BI","Burundi",2015,602058.89
"CI","Côte d'Ivoire",2000,16189.57
"CI","Côte d'Ivoire",2006,13504.5
"CI","Côte d'Ivoire",2007,14019.04
"CI","Côte d'Ivoire",2010,28121.87
"CI","Côte d'Ivoire",2011,580260.45
"CI","Côte d'Ivoire",2012,360769.52
"CI","Côte d'Ivoire",2013,436785.84
"CI","Côte d'Ivoire",2014,100680.01
"CI","Côte d'Ivoire",2015,185198.02
"KH","Cambodia",1973,0
"KH","Cambodia",1974,0
"KH","Cambodia",1979,0
"KH","Cambodia",1980,0
"KH","Cambodia",1981,0
"KH","Cambodia",1982,0
"KH","Cambodia",1983,0
"KH","Cambodia",1987,0
"KH","Cambodia",1990,0
"KH","Cambodia",1991,0
"KH","Cambodia",1992,0
"KH","Cambodia",1993,0
"KH","Cambodia",1994,0
"KH","Cambodia",1995,0
"KH","Cambodia",1996,0
"KH","Cambodia",1997,0
"KH","Cambodia",1998,19641885.73
"KH","Cambodia",1999,18227683.21
"KH","Cambodia",2000,38715050.91
"KH","Cambodia",2001,33997494.8
"KH","Cambodia",2002,43105153.11
"KH","Cambodia",2003,32278199.05
"KH","Cambodia",2004,32265724.4
"KH","Cambodia",2005,36182083.15
"KH","Cambodia",2006,40630128.35
"KH","Cambodia",2007,29289948.72
"KH","Cambodia",2008,39367107.25
"KH","Cambodia",2009,51569512.35
"KH","Cambodia",2010,46275378.02
"KH","Cambodia",2011,51927611.31
"KH","Cambodia",2012,73844517.36
"KH","Cambodia",2013,55769490.99
"KH","Cambodia",2014,65378539.23
"KH","Cambodia",2015,49177573.23
"CM","Cameroon",2005,16500.2
"CM","Cameroon",2006,141044.38
"CM","Cameroon",2009,154074.98
"CM","Cameroon",2010,273112.88
"CM","Cameroon",2011,501840.25
"CM","Cameroon",2012,1939738.04
"CM","Cameroon",2013,1115290.75
"CM","Cameroon",2014,683141.13
"CM","Cameroon",2015,1151874.58
"CV","Cape Verde",2010,172432.44
"CV","Cape Verde",2011,159870.22
"CV","Cape Verde",2012,120177.69
"CV","Cape Verde",2013,317604.67
"CV","Cape Verde",2014,102603.55
"CV","Cape Verde",2015,114997.38
"CF","CAR",2007,885261.51
"CF","CAR",2010,28121.87
"CF","CAR",2011,882103.96
"CF","CAR",2012,238079.86
"CF","CAR",2013,212802.09
"CF","CAR",2014,3066417.2
"CF","CAR",2015,1546003.98
"TD","Chad",1973,0
"TD","Chad",2000,0
"TD","Chad",2003,0
"TD","Chad",2004,0
"TD","Chad",2005,5011222.41
"TD","Chad",2006,87691.04
"TD","Chad",2007,1208145.48
"TD","Chad",2009,154126.06
"TD","Chad",2010,187434.82
"TD","Chad",2011,1599972.87
"TD","Chad",2012,1966282.89
"TD","Chad",2013,124020.65
"TD","Chad",2014,43243.6
"TD","Chad",2015,29100.58
"CL","Chile",1998,3659.75
"CL","Chile",2000,34691.96
"CL","Chile",2001,21192.66
"CL","Chile",2003,20248.78
"CL","Chile",2004,58342.46
"CL","Chile",2005,69883.31
"CL","Chile",2006,152571.87
"CL","Chile",2007,92616.92
"CL","Chile",2008,71502.94
"CL","Chile",2009,146411.16
"CL","Chile",2010,5202545.49
"CL","Chile",2011,622490.96
"CL","Chile",2012,1704775.34
"CL","Chile",2013,968228.73
"CL","Chile",2014,773163.13
"CL","Chile",2015,982628.74
"CN","China",1981,0
"CN","China",1985,0
"CN","China",1986,0
"CN","China",1987,0
"CN","China",1988,0
"CN","China",1989,0
"CN","China",1990,0
"CN","China",1991,0
"CN","China",1992,0
"CN","China",1993,0
"CN","China",1994,0
"CN","China",1995,0
"CN","China",1996,0
"CN","China",1997,0
"CN","China",1998,30291751.58
"CN","China",1999,35769958.05
"CN","China",2000,46684965.86
"CN","China",2001,60142539.54
"CN","China",2002,52684532.87
"CN","China",2003,51556504.19
"CN","China",2004,51052373.39
"CN","China",2005,44268148.58
"CN","China",2006,42398971.25
"CN","China",2007,49525909.78
"CN","China",2008,32385318.39
"CN","China",2009,31395895.32
"CN","China",2010,27703161.7
"CN","China",2011,25145251.12
"CN","China",2012,23892673.77
"CN","China",2013,8282068.78
"CN","China",2014,9888591.47
"CN","China",2015,7501282.99
"CO","Colombia",1985,0
"CO","Colombia",1998,275700.96
"CO","Colombia",1999,601216.48
"CO","Colombia",2000,95980.98
"CO","Colombia",2001,94809.18
"CO","Colombia",2002,48752.97
"CO","Colombia",2003,1127272.79
"CO","Colombia",2004,1470801.36
"CO","Colombia",2005,1220045.67
"CO","Colombia",2006,326940.95
"CO","Colombia",2007,515379.89
"CO","Colombia",2008,394558.64
"CO","Colombia",2009,60395.63
"CO","Colombia",2010,77873.76
"CO","Colombia",2011,478762.71
"CO","Colombia",2012,1810329.74
"CO","Colombia",2013,794163.52
"CO","Colombia",2014,486162.93
"CO","Colombia",2015,328612.46
"KM","Comoros",1984,0
"KM","Comoros",1985,0
"KM","Comoros",1986,0
"KM","Comoros",1988,0
"KM","Comoros",1991,0
"KM","Comoros",2000,9251.18
"KM","Comoros",2009,35870.9
"KM","Comoros",2010,1896.45
"KM","Comoros",2011,110029.01
"KM","Comoros",2012,333929.61
"KM","Comoros",2013,292197.02
"KM","Comoros",2014,80425.46
"KM","Comoros",2015,100706.28
"CG","Congo",1973,0
"CG","Congo",2011,180633.09
"CG","Congo",2012,401331.02
"CG","Congo",2013,445267.53
"CG","Congo",2014,129718.46
"CG","Congo",2015,104838.85
"CK","Cook Islands",1977,0
"CK","Cook Islands",1978,0
"CK","Cook Islands",1979,0
"CK","Cook Islands",1980,0
"CK","Cook Islands",1981,0
"CK","Cook Islands",1982,0
"CK","Cook Islands",1983,0
"CK","Cook Islands",1984,0
"CK","Cook Islands",1985,0
"CK","Cook Islands",1986,0
"CK","Cook Islands",1987,0
"CK","Cook Islands",1988,0
"CK","Cook Islands",1989,0
"CK","Cook Islands",1990,0
"CK","Cook Islands",1991,0
"CK","Cook Islands",1992,0
"CK","Cook Islands",1993,0
"CK","Cook Islands",1994,0
"CK","Cook Islands",1996,0
"CK","Cook Islands",1997,0
"CK","Cook Islands",1998,1912828.66
"CK","Cook Islands",1999,539892.19
"CK","Cook Islands",2000,1721877.66
"CK","Cook Islands",2001,2926818.78
"CK","Cook Islands",2002,1417084.52
"CK","Cook Islands",2003,1562360.23
"CK","Cook Islands",2004,2745543.85
"CK","Cook Islands",2005,2630331.49
"CK","Cook Islands",2006,2050340.74
"CK","Cook Islands",2007,2885432.24
"CK","Cook Islands",2008,647251.91
"CK","Cook Islands",2009,3160733.11
"CK","Cook Islands",2010,3060349.91
"CK","Cook Islands",2011,4056167.84
"CK","Cook Islands",2012,3226533.43
"CK","Cook Islands",2013,4075431.59
"CK","Cook Islands",2014,2263072.71
"CK","Cook Islands",2015,3150181.9
"CR","Costa Rica",1980,0
"CR","Costa Rica",1996,0
"CR","Costa Rica",2000,0
"CR","Costa Rica",2011,13297.73
"CR","Costa Rica",2012,1106861.28
"CR","Costa Rica",2013,338237.95
"CR","Costa Rica",2014,295515.42
"CR","Costa Rica",2015,599451.63
"HR","Croatia",2000,4625.6
"HR","Croatia",2001,120463.75
"HR","Croatia",2002,210179.24
"HR","Croatia",2003,237618.35
"HR","Croatia",2004,99413.4
"HR","Croatia",2005,970.6
"HR","Croatia",2007,882707.34
"HR","Croatia",2008,7221.48
"HR","Croatia",2009,14382.51
"HR","Croatia",2010,9611.06
"CU","Cuba",1998,0
"CU","Cuba",1999,0
"CU","Cuba",2001,17846.44
"CU","Cuba",2011,519697.17
"CU","Cuba",2012,47240.94
"CU","Cuba",2013,32836.81
"CU","Cuba",2014,12520.89
"DJ","Djibouti",2011,135860.97
"DJ","Djibouti",2012,127578.69
"DJ","Djibouti",2013,155438.22
"DJ","Djibouti",2014,51929.57
"DJ","Djibouti",2015,34923.78
"DM","Dominica",1998,0
"DM","Dominica",2001,0
"DM","Dominica",2004,2533.99
"DM","Dominica",2005,2911.8
"DM","Dominica",2006,18399.26
"DM","Dominica",2010,203320.44
"DM","Dominica",2011,773951.74
"DM","Dominica",2012,137628.77
"DM","Dominica",2013,146821.79
"DM","Dominica",2014,261810.49
"DM","Dominica",2015,60658.25
"DO","Dominican Republic",2011,616546.7
"DO","Dominican Republic",2012,60732.4
"DO","Dominican Republic",2013,35496.12
"DO","Dominican Republic",2014,309198.51
"DO","Dominican Republic",2015,101412.6
"CD","DRC",1981,0
"CD","DRC",1996,0
"CD","DRC",1998,0
"CD","DRC",1999,0
"CD","DRC",2000,0
"CD","DRC",2002,541698.23
"CD","DRC",2003,0
"CD","DRC",2004,0
"CD","DRC",2005,0
"CD","DRC",2006,1890158.93
"CD","DRC",2007,574837.89
"CD","DRC",2008,1513586.9
"CD","DRC",2009,7295766.49
"CD","DRC",2010,7049217.07
"CD","DRC",2011,7623202.51
"CD","DRC",2012,1965973.01
"CD","DRC",2013,5742266.71
"CD","DRC",2014,3818844.68
"CD","DRC",2015,522450.88
"EC","Ecuador",1983,0
"EC","Ecuador",2001,10038.63
"EC","Ecuador",2005,0
"EC","Ecuador",2007,28570.07
"EC","Ecuador",2009,80.77
"EC","Ecuador",2010,12251.38
"EC","Ecuador",2011,40186.02
"EC","Ecuador",2012,315056.19
"EC","Ecuador",2013,364430.76
"EC","Ecuador",2014,163772.58
"EC","Ecuador",2015,271320.24
"EG","Egypt",1975,0
"EG","Egypt",1977,0
"EG","Egypt",1978,0
"EG","Egypt",1979,0
"EG","Egypt",1980,0
"EG","Egypt",1981,0
"EG","Egypt",1982,0
"EG","Egypt",1983,0
"EG","Egypt",1984,0
"EG","Egypt",1985,0
"EG","Egypt",1986,0
"EG","Egypt",1987,0
"EG","Egypt",1988,0
"EG","Egypt",1989,0
"EG","Egypt",1990,0
"EG","Egypt",1991,0
"EG","Egypt",1997,0
"EG","Egypt",1998,0
"EG","Egypt",1999,0
"EG","Egypt",2000,16742337.28
"EG","Egypt",2001,15102556.73
"EG","Egypt",2002,6513394.39
"EG","Egypt",2003,8418392.79
"EG","Egypt",2004,7527575
"EG","Egypt",2005,8604385.04
"EG","Egypt",2006,12134996.91
"EG","Egypt",2007,13323987.57
"EG","Egypt",2008,7290380.53
"EG","Egypt",2009,3200362.44
"EG","Egypt",2010,3619605.96
"EG","Egypt",2011,6196900.62
"EG","Egypt",2012,9195684.42
"EG","Egypt",2013,3779529.49
"EG","Egypt",2014,2996082.84
"EG","Egypt",2015,1526241.33
"SV","El Salvador",2000,5781.99
"SV","El Salvador",2001,12269.44
"SV","El Salvador",2006,14397.34
"SV","El Salvador",2007,47684.54
"SV","El Salvador",2009,850.64
"SV","El Salvador",2011,67867
"SV","El Salvador",2012,695666.24
"SV","El Salvador",2013,659172.38
"SV","El Salvador",2014,152985.3
"SV","El Salvador",2015,334367.63
"GQ","Equatorial Guinea",2011,15655.73
"GQ","Equatorial Guinea",2012,19408.86
"GQ","Equatorial Guinea",2013,26165.02
"GQ","Equatorial Guinea",2014,11528.47
"GQ","Equatorial Guinea",2015,26545.96
"ER","Eritrea",1993,0
"ER","Eritrea",1994,0
"ER","Eritrea",1995,0
"ER","Eritrea",1996,0
"ER","Eritrea",1997,0
"ER","Eritrea",1998,724629.67
"ER","Eritrea",1999,8417.03
"ER","Eritrea",2000,1185307.38
"ER","Eritrea",2001,99270.96
"ER","Eritrea",2002,1264325.87
"ER","Eritrea",2003,2679726.72
"ER","Eritrea",2004,1117417.42
"ER","Eritrea",2005,10676.62
"ER","Eritrea",2006,-921060.66
"ER","Eritrea",2007,58058.12
"ER","Eritrea",2009,1267.66
"ER","Eritrea",2010,1939.25
"ER","Eritrea",2011,-82446.89
"ER","Eritrea",2012,222169.9
"ER","Eritrea",2015,32136.1
"ET","Ethiopia",1974,0
"ET","Ethiopia",1976,0
"ET","Ethiopia",1977,0
"ET","Ethiopia",1978,0
"ET","Ethiopia",1979,0
"ET","Ethiopia",1980,0
"ET","Ethiopia",1981,0
"ET","Ethiopia",1982,0
"ET","Ethiopia",1983,0
"ET","Ethiopia",1984,0
"ET","Ethiopia",1985,0
"ET","Ethiopia",1986,0
"ET","Ethiopia",1987,0
"ET","Ethiopia",1991,0
"ET","Ethiopia",1992,0
"ET","Ethiopia",1993,0
"ET","Ethiopia",1994,0
"ET","Ethiopia",1995,0
"ET","Ethiopia",1996,0
"ET","Ethiopia",1997,0
"ET","Ethiopia",1998,5005317.21
"ET","Ethiopia",1999,15631.63
"ET","Ethiopia",2000,2926843.76
"ET","Ethiopia",2001,3372972.16
"ET","Ethiopia",2002,3071433.23
"ET","Ethiopia",2003,5044778.08
"ET","Ethiopia",2004,2590430.08
"ET","Ethiopia",2005,2382829.9
"ET","Ethiopia",2006,1640066.48
"ET","Ethiopia",2007,1955805.13
"ET","Ethiopia",2008,10217275.44
"ET","Ethiopia",2009,4424646.9
"ET","Ethiopia",2010,2001355.85
"ET","Ethiopia",2011,13744000.17
"ET","Ethiopia",2012,20427428.99
"ET","Ethiopia",2013,10565411.42
"ET","Ethiopia",2014,8224087.24
"ET","Ethiopia",2015,3877991.46
"europe","Europe, regional",1998,0
"europe","Europe, regional",1999,277762.06
"europe","Europe, regional",2002,4161337.69
"europe","Europe, regional",2003,48246015.42
"europe","Europe, regional",2004,47649.05
"europe","Europe, regional",2005,53383.11
"europe","Europe, regional",2006,259217.33
"europe","Europe, regional",2007,659135.11
"europe","Europe, regional",2008,933665.9
"europe","Europe, regional",2009,187647.22
"europe","Europe, regional",2010,62238.71
"europe","Europe, regional",2011,46602.36
"europe","Europe, regional",2012,86355.4
"europe","Europe, regional",2014,87698.55
"europe","Europe, regional",2015,69824.9
"east-asia","Far East Asia, regional",1989,0
"east-asia","Far East Asia, regional",1990,0
"east-asia","Far East Asia, regional",1991,0
"east-asia","Far East Asia, regional",1992,0
"east-asia","Far East Asia, regional",1993,0
"east-asia","Far East Asia, regional",1994,0
"east-asia","Far East Asia, regional",1995,0
"east-asia","Far East Asia, regional",1997,0
"east-asia","Far East Asia, regional",1998,6602190.13
"east-asia","Far East Asia, regional",1999,18941931.32
"east-asia","Far East Asia, regional",2000,5687168.28
"east-asia","Far East Asia, regional",2001,12080944.53
"east-asia","Far East Asia, regional",2002,9811246.74
"east-asia","Far East Asia, regional",2003,11777180.73
"east-asia","Far East Asia, regional",2004,11501001.04
"east-asia","Far East Asia, regional",2005,30545810.35
"east-asia","Far East Asia, regional",2006,36150704.97
"east-asia","Far East Asia, regional",2007,24656024.02
"east-asia","Far East Asia, regional",2008,26085844.51
"east-asia","Far East Asia, regional",2009,26604314.15
"east-asia","Far East Asia, regional",2010,12972670.69
"east-asia","Far East Asia, regional",2011,24923234.63
"east-asia","Far East Asia, regional",2012,26987802
"east-asia","Far East Asia, regional",2013,14969554.55
"east-asia","Far East Asia, regional",2014,14930014.84
"east-asia","Far East Asia, regional",2015,13022509.85
"FJ","Fiji",1973,0
"FJ","Fiji",1974,0
"FJ","Fiji",1975,0
"FJ","Fiji",1976,0
"FJ","Fiji",1977,0
"FJ","Fiji",1978,0
"FJ","Fiji",1979,0
"FJ","Fiji",1980,0
"FJ","Fiji",1981,0
"FJ","Fiji",1982,0
"FJ","Fiji",1983,0
"FJ","Fiji",1984,0
"FJ","Fiji",1985,0
"FJ","Fiji",1986,0
"FJ","Fiji",1987,0
"FJ","Fiji",1988,0
"FJ","Fiji",1989,0
"FJ","Fiji",1990,0
"FJ","Fiji",1991,0
"FJ","Fiji",1992,0
"FJ","Fiji",1993,0
"FJ","Fiji",1994,0
"FJ","Fiji",1995,0
"FJ","Fiji",1996,0
"FJ","Fiji",1997,0
"FJ","Fiji",1998,11492826.19
"FJ","Fiji",1999,12970647.56
"FJ","Fiji",2000,19573199.15
"FJ","Fiji",2001,18395237.69
"FJ","Fiji",2002,17243346.44
"FJ","Fiji",2003,20965003.61
"FJ","Fiji",2004,21684180.41
"FJ","Fiji",2005,26066483.83
"FJ","Fiji",2006,26822246.19
"FJ","Fiji",2007,19687162.49
"FJ","Fiji",2008,18466980.54
"FJ","Fiji",2009,21337051.72
"FJ","Fiji",2010,28949214.15
"FJ","Fiji",2011,25860518.11
"FJ","Fiji",2012,41731444.42
"FJ","Fiji",2013,36627481.43
"FJ","Fiji",2014,41081905.48
"FJ","Fiji",2015,42747550.7
"PF","French Polynesia",1983,0
"PF","French Polynesia",1993,0
"PF","French Polynesia",1996,0
"PF","French Polynesia",1997,0
"PF","French Polynesia",1998,21958.49
"PF","French Polynesia",1999,613241.07
"GA","Gabon",2011,54901.59
"GA","Gabon",2012,19408.86
"GA","Gabon",2013,121196.08
"GA","Gabon",2014,11540.4
"GA","Gabon",2015,19017.16
"GM","Gambia",1992,0
"GM","Gambia",1994,0
"GM","Gambia",1995,0
"GM","Gambia",1996,0
"GM","Gambia",2001,11154.03
"GM","Gambia",2005,4853
"GM","Gambia",2006,37462.14
"GM","Gambia",2011,950895.48
"GM","Gambia",2012,999620.7
"GM","Gambia",2013,1549615.41
"GM","Gambia",2014,348787.86
"GM","Gambia",2015,395220.82
"GE","Georgia",2012,3528.64
"GE","Georgia",2013,3815.27
"GE","Georgia",2014,6178.13
"GH","Ghana",1973,0
"GH","Ghana",1977,0
"GH","Ghana",1978,0
"GH","Ghana",1979,0
"GH","Ghana",1980,0
"GH","Ghana",1981,0
"GH","Ghana",1984,0
"GH","Ghana",1990,0
"GH","Ghana",1994,0
"GH","Ghana",1995,0
"GH","Ghana",1996,0
"GH","Ghana",1998,103692.82
"GH","Ghana",1999,1202.43
"GH","Ghana",2000,18502.37
"GH","Ghana",2001,126040.58
"GH","Ghana",2002,104006.21
"GH","Ghana",2003,93808.19
"GH","Ghana",2004,354990.84
"GH","Ghana",2005,260120.98
"GH","Ghana",2006,235207.42
"GH","Ghana",2007,369814.01
"GH","Ghana",2008,165403.16
"GH","Ghana",2009,500722.4
"GH","Ghana",2010,445599.59
"GH","Ghana",2011,2381068.39
"GH","Ghana",2012,3882077.79
"GH","Ghana",2013,6200982.51
"GH","Ghana",2014,2553672.02
"GH","Ghana",2015,2977054.88
"GD","Grenada",2004,2533.99
"GD","Grenada",2005,2911.8
"GD","Grenada",2006,17196.59
"GD","Grenada",2010,367128.17
"GD","Grenada",2011,798213.5
"GD","Grenada",2012,538756.19
"GD","Grenada",2013,486612.77
"GD","Grenada",2014,108107.39
"GD","Grenada",2015,124622.44
"GT","Guatemala",2000,30066.42
"GT","Guatemala",2001,27885.03
"GT","Guatemala",2003,30457.11
"GT","Guatemala",2004,0
"GT","Guatemala",2006,42238.2
"GT","Guatemala",2007,147982.08
"GT","Guatemala",2009,27.92
"GT","Guatemala",2010,394662.07
"GT","Guatemala",2011,624899.52
"GT","Guatemala",2012,621813.01
"GT","Guatemala",2013,283599.01
"GT","Guatemala",2014,217155.94
"GT","Guatemala",2015,401434.71
"GN","Guinea",1973,0
"GN","Guinea",2004,304311.17
"GN","Guinea",2011,146677.39
"GN","Guinea",2012,177581.59
"GN","Guinea",2013,228101.83
"GN","Guinea",2014,60548.11
"GN","Guinea",2015,63257.97
"GW","Guinea-Bissau",2010,137399.64
"GW","Guinea-Bissau",2011,274296.79
"GW","Guinea-Bissau",2013,425836.69
"GW","Guinea-Bissau",2015,5853.18
"GY","Guyana",2000,10407.59
"GY","Guyana",2004,2533.99
"GY","Guyana",2005,5823.61
"GY","Guyana",2006,39002.69
"GY","Guyana",2010,137943.03
"GY","Guyana",2011,713687.27
"GY","Guyana",2012,266862.12
"GY","Guyana",2013,121204.2
"GY","Guyana",2014,208143.47
"GY","Guyana",2015,262844.54
"HT","Haiti",2000,0
"HT","Haiti",2004,0
"HT","Haiti",2005,132001.36
"HT","Haiti",2006,40397.93
"HT","Haiti",2007,338786.47
"HT","Haiti",2009,91.22
"HT","Haiti",2010,15795830.13
"HT","Haiti",2011,1909080.86
"HT","Haiti",2012,1414464.14
"HT","Haiti",2013,1594562.04
"HT","Haiti",2014,47302.03
"HT","Haiti",2015,156608.61
"HN","Honduras",2000,20815.14
"HN","Honduras",2005,0
"HN","Honduras",2006,32941
"HN","Honduras",2007,228415.63
"HN","Honduras",2009,78.73
"HN","Honduras",2010,26534.34
"HN","Honduras",2012,641210.51
"HN","Honduras",2013,706094.27
"HN","Honduras",2014,172763.76
"HN","Honduras",2015,366924.6
"HK","Hong Kong",1996,0
"IN","India",1973,0
"IN","India",1974,0
"IN","India",1975,0
"IN","India",1976,0
"IN","India",1977,0
"IN","India",1978,0
"IN","India",1979,0
"IN","India",1980,0
"IN","India",1981,0
"IN","India",1982,0
"IN","India",1983,0
"IN","India",1984,0
"IN","India",1985,0
"IN","India",1986,0
"IN","India",1987,0
"IN","India",1988,0
"IN","India",1989,0
"IN","India",1990,0
"IN","India",1991,0
"IN","India",1992,0
"IN","India",1993,0
"IN","India",1994,0
"IN","India",1995,0
"IN","India",1996,0
"IN","India",1997,0
"IN","India",1998,16444463.04
"IN","India",1999,7102769.59
"IN","India",2000,18151973.43
"IN","India",2001,24267827.8
"IN","India",2002,15062481.01
"IN","India",2003,12928587.73
"IN","India",2004,15814935.8
"IN","India",2005,16290575.32
"IN","India",2006,1207258.95
"IN","India",2007,6111497.29
"IN","India",2008,8339601.56
"IN","India",2009,10181420.4
"IN","India",2010,14119458.55
"IN","India",2011,17694475.6
"IN","India",2012,20320686.96
"IN","India",2013,14478929.41
"IN","India",2014,10191060.88
"IN","India",2015,4171266.16
"ID","Indonesia",1973,0
"ID","Indonesia",1974,0
"ID","Indonesia",1975,0
"ID","Indonesia",1976,0
"ID","Indonesia",1977,0
"ID","Indonesia",1978,0
"ID","Indonesia",1979,0
"ID","Indonesia",1980,0
"ID","Indonesia",1981,0
"ID","Indonesia",1982,0
"ID","Indonesia",1983,0
"ID","Indonesia",1984,0
"ID","Indonesia",1985,0
"ID","Indonesia",1986,0
"ID","Indonesia",1987,0
"ID","Indonesia",1988,0
"ID","Indonesia",1989,0
"ID","Indonesia",1990,0
"ID","Indonesia",1991,0
"ID","Indonesia",1992,0
"ID","Indonesia",1993,0
"ID","Indonesia",1994,0
"ID","Indonesia",1995,0
"ID","Indonesia",1996,0
"ID","Indonesia",1997,0
"ID","Indonesia",1998,109023838.18
"ID","Indonesia",1999,97484878.78
"ID","Indonesia",2000,122089031.59
"ID","Indonesia",2001,127826350.12
"ID","Indonesia",2002,141870936.58
"ID","Indonesia",2003,140098472.06
"ID","Indonesia",2004,145189338.58
"ID","Indonesia",2005,222246369.23
"ID","Indonesia",2006,294845271.52
"ID","Indonesia",2007,354513904.2
"ID","Indonesia",2008,328089546.73
"ID","Indonesia",2009,363805330.28
"ID","Indonesia",2010,305772525.55
"ID","Indonesia",2011,322830573.03
"ID","Indonesia",2012,443675051.83
"ID","Indonesia",2013,432356050.2
"ID","Indonesia",2014,375809726.67
"ID","Indonesia",2015,372961314.04
"IR","Iran",1980,0
"IR","Iran",1997,0
"IR","Iran",1999,3607.3
"IR","Iran",2000,38161.12
"IR","Iran",2001,63578.07
"IR","Iran",2002,605618.69
"IR","Iran",2004,3219491.64
"IR","Iran",2005,368829.09
"IR","Iran",2007,137281.98
"IR","Iran",2008,281565.86
"IR","Iran",2009,169458.55
"IR","Iran",2010,243329.86
"IR","Iran",2011,281095.46
"IR","Iran",2012,363286.99
"IR","Iran",2013,245335.88
"IR","Iran",2014,446491.39
"IR","Iran",2015,337441.3
"IQ","Iraq",1995,0
"IQ","Iraq",1996,0
"IQ","Iraq",2003,66565429.16
"IQ","Iraq",2004,42340078.16
"IQ","Iraq",2005,31292207.18
"IQ","Iraq",2006,337037115.23
"IQ","Iraq",2007,318074130.53
"IQ","Iraq",2008,272280180.61
"IQ","Iraq",2009,55487348.44
"IQ","Iraq",2010,44825519.05
"IQ","Iraq",2011,27186153.17
"IQ","Iraq",2012,23172532.87
"IQ","Iraq",2013,10526535.97
"IQ","Iraq",2014,8059391.04
"IQ","Iraq",2015,13750113.78
"JM","Jamaica",2004,2533.99
"JM","Jamaica",2005,21353.27
"JM","Jamaica",2006,134966.61
"JM","Jamaica",2010,320523.6
"JM","Jamaica",2011,999654.24
"JM","Jamaica",2012,306555.03
"JM","Jamaica",2013,215743.26
"JM","Jamaica",2014,148821.1
"JM","Jamaica",2015,320106.83
"JO","Jordan",1973,0
"JO","Jordan",1980,0
"JO","Jordan",1983,0
"JO","Jordan",1984,0
"JO","Jordan",1985,0
"JO","Jordan",1986,0
"JO","Jordan",1987,0
"JO","Jordan",1988,0
"JO","Jordan",1989,0
"JO","Jordan",1990,0
"JO","Jordan",1999,0
"JO","Jordan",2000,55507.1
"JO","Jordan",2001,36808.32
"JO","Jordan",2002,2166.8
"JO","Jordan",2003,0
"JO","Jordan",2004,44537.3
"JO","Jordan",2005,41735.85
"JO","Jordan",2007,30025.44
"JO","Jordan",2008,65515.97
"JO","Jordan",2009,223576.78
"JO","Jordan",2010,978110.36
"JO","Jordan",2011,505172.04
"JO","Jordan",2012,3077254.41
"JO","Jordan",2013,557132.92
"JO","Jordan",2014,8179653.25
"JO","Jordan",2015,1058945.3
"KZ","Kazakhstan",1998,0
"KZ","Kazakhstan",2000,56663.48
"KZ","Kazakhstan",2001,52423.99
"KZ","Kazakhstan",2002,49836.19
"KZ","Kazakhstan",2013,109045.14
"KE","Kenya",1973,0
"KE","Kenya",1976,0
"KE","Kenya",1977,0
"KE","Kenya",1978,0
"KE","Kenya",1979,0
"KE","Kenya",1980,0
"KE","Kenya",1981,0
"KE","Kenya",1982,0
"KE","Kenya",1983,0
"KE","Kenya",1984,0
"KE","Kenya",1985,0
"KE","Kenya",1986,0
"KE","Kenya",1987,0
"KE","Kenya",1988,0
"KE","Kenya",1990,0
"KE","Kenya",1991,0
"KE","Kenya",1992,0
"KE","Kenya",1993,0
"KE","Kenya",1994,0
"KE","Kenya",1995,0
"KE","Kenya",1996,0
"KE","Kenya",1997,0
"KE","Kenya",1998,2151931.88
"KE","Kenya",1999,468949.71
"KE","Kenya",2000,1336796.26
"KE","Kenya",2001,3404211.69
"KE","Kenya",2002,3661885.12
"KE","Kenya",2003,1436023.86
"KE","Kenya",2004,1395578.47
"KE","Kenya",2005,87354.1
"KE","Kenya",2006,1551221.93
"KE","Kenya",2007,1692405.67
"KE","Kenya",2008,4313424.67
"KE","Kenya",2009,10001871.95
"KE","Kenya",2010,6265278.99
"KE","Kenya",2011,8124299.84
"KE","Kenya",2012,15593362.29
"KE","Kenya",2013,31127527.24
"KE","Kenya",2014,7171820.31
"KE","Kenya",2015,7707112.13
"KI","Kiribati",1973,0
"KI","Kiribati",1976,0
"KI","Kiribati",1977,0
"KI","Kiribati",1978,0
"KI","Kiribati",1979,0
"KI","Kiribati",1980,0
"KI","Kiribati",1981,0
"KI","Kiribati",1982,0
"KI","Kiribati",1983,0
"KI","Kiribati",1984,0
"KI","Kiribati",1985,0
"KI","Kiribati",1986,0
"KI","Kiribati",1987,0
"KI","Kiribati",1988,0
"KI","Kiribati",1989,0
"KI","Kiribati",1990,0
"KI","Kiribati",1991,0
"KI","Kiribati",1992,0
"KI","Kiribati",1993,0
"KI","Kiribati",1994,0
"KI","Kiribati",1996,0
"KI","Kiribati",1997,0
"KI","Kiribati",1998,4472212.35
"KI","Kiribati",1999,5620166.82
"KI","Kiribati",2000,8505300.98
"KI","Kiribati",2001,11640349.31
"KI","Kiribati",2002,14297592.14
"KI","Kiribati",2003,9778000.18
"KI","Kiribati",2004,7445909.56
"KI","Kiribati",2005,8926627.36
"KI","Kiribati",2006,8232906.56
"KI","Kiribati",2007,6102786.78
"KI","Kiribati",2008,8188150.12
"KI","Kiribati",2009,10710163.05
"KI","Kiribati",2010,12468963.16
"KI","Kiribati",2011,29902740.72
"KI","Kiribati",2012,22205960.93
"KI","Kiribati",2013,22905757.96
"KI","Kiribati",2014,20285665.2
"KI","Kiribati",2015,22787641.29
"KR","Korea",1973,0
"XK","Kosovo",2015,4959.05
"KG","Kyrgyzstan",2000,56663.48
"KG","Kyrgyzstan",2001,52423.99
"KG","Kyrgyzstan",2002,49836.19
"KG","Kyrgyzstan",2010,787412.1
"KG","Kyrgyzstan",2012,95462.52
"KG","Kyrgyzstan",2013,468702.6
"KG","Kyrgyzstan",2015,107371
"LA","Lao",1973,0
"LA","Lao",1974,0
"LA","Lao",1975,0
"LA","Lao",1977,0
"LA","Lao",1978,0
"LA","Lao",1981,0
"LA","Lao",1982,0
"LA","Lao",1983,0
"LA","Lao",1984,0
"LA","Lao",1985,0
"LA","Lao",1986,0
"LA","Lao",1987,0
"LA","Lao",1988,0
"LA","Lao",1989,0
"LA","Lao",1990,0
"LA","Lao",1991,0
"LA","Lao",1992,0
"LA","Lao",1993,0
"LA","Lao",1994,0
"LA","Lao",1995,0
"LA","Lao",1996,0
"LA","Lao",1997,0
"LA","Lao",1998,7051116.94
"LA","Lao",1999,8972561.21
"LA","Lao",2000,20367656.08
"LA","Lao",2001,24623633.53
"LA","Lao",2002,17151264.44
"LA","Lao",2003,16111995.05
"LA","Lao",2004,17358005.73
"LA","Lao",2005,13511745.55
"LA","Lao",2006,15668237.51
"LA","Lao",2007,21514955.88
"LA","Lao",2008,28341935.11
"LA","Lao",2009,31488509.63
"LA","Lao",2010,28051895.22
"LA","Lao",2011,39333994.6
"LA","Lao",2012,39397058.63
"LA","Lao",2013,38153460.49
"LA","Lao",2014,43676899.97
"LA","Lao",2015,36382268.88
"LB","Lebanon",1976,0
"LB","Lebanon",1977,0
"LB","Lebanon",1978,0
"LB","Lebanon",1980,0
"LB","Lebanon",1982,0
"LB","Lebanon",1983,0
"LB","Lebanon",1995,0
"LB","Lebanon",1996,0
"LB","Lebanon",1998,9759.33
"LB","Lebanon",1999,14429.19
"LB","Lebanon",2000,49725.07
"LB","Lebanon",2001,59116.42
"LB","Lebanon",2002,42252.52
"LB","Lebanon",2003,833403.38
"LB","Lebanon",2004,777974.78
"LB","Lebanon",2005,770657.8
"LB","Lebanon",2006,12957356.07
"LB","Lebanon",2007,6699681.73
"LB","Lebanon",2008,1580604.89
"LB","Lebanon",2009,529222.19
"LB","Lebanon",2010,1373481.67
"LB","Lebanon",2011,669877.27
"LB","Lebanon",2012,2038141.79
"LB","Lebanon",2013,302701.57
"LB","Lebanon",2014,8338712.7
"LB","Lebanon",2015,6422308
"LS","Lesotho",1973,0
"LS","Lesotho",1974,0
"LS","Lesotho",1988,0
"LS","Lesotho",1989,0
"LS","Lesotho",1990,0
"LS","Lesotho",1991,0
"LS","Lesotho",1992,0
"LS","Lesotho",1993,0
"LS","Lesotho",1994,0
"LS","Lesotho",1995,0
"LS","Lesotho",1998,108572.56
"LS","Lesotho",1999,133470.16
"LS","Lesotho",2000,181554.5
"LS","Lesotho",2001,186272.43
"LS","Lesotho",2002,188511.27
"LS","Lesotho",2003,833476.07
"LS","Lesotho",2004,261254.04
"LS","Lesotho",2005,33971.07
"LS","Lesotho",2006,317884.08
"LS","Lesotho",2007,339251.87
"LS","Lesotho",2008,593683.49
"LS","Lesotho",2009,723345.41
"LS","Lesotho",2010,541470.78
"LS","Lesotho",2011,970385.15
"LS","Lesotho",2012,836001.9
"LS","Lesotho",2013,981698.7
"LS","Lesotho",2014,950220.52
"LS","Lesotho",2015,1039416.71
"LR","Liberia",1973,0
"LR","Liberia",2001,287774.57
"LR","Liberia",2009,10697.3
"LR","Liberia",2010,223949.69
"LR","Liberia",2011,2216114.55
"LR","Liberia",2012,1161541.1
"LR","Liberia",2013,5607138.03
"LR","Liberia",2014,1644719.79
"LR","Liberia",2015,1562731.46
"LY","Libya",2011,29941154.44
"LY","Libya",2012,757402.74
"LY","Libya",2013,37382.61
"MK","Macedonia",2011,4297.9
"MK","Macedonia",2012,6058.87
"MK","Macedonia",2013,1947.57
"MK","Macedonia",2014,1886.82
"MK","Macedonia",2015,6206.33
"MG","Madagascar",1982,0
"MG","Madagascar",1983,0
"MG","Madagascar",1984,0
"MG","Madagascar",2000,13876.78
"MG","Madagascar",2005,1941.2
"MG","Madagascar",2006,1677.55
"MG","Madagascar",2007,13444.51
"MG","Madagascar",2009,92524.21
"MG","Madagascar",2010,63387.01
"MG","Madagascar",2011,573124.86
"MG","Madagascar",2012,385156.61
"MG","Madagascar",2013,912713.45
"MG","Madagascar",2014,167662.76
"MG","Madagascar",2015,454744.44
"MW","Malawi",1988,0
"MW","Malawi",1989,0
"MW","Malawi",1990,0
"MW","Malawi",1991,0
"MW","Malawi",1992,0
"MW","Malawi",1993,0
"MW","Malawi",1994,0
"MW","Malawi",1995,0
"MW","Malawi",1996,0
"MW","Malawi",1998,741707.89
"MW","Malawi",1999,223652.17
"MW","Malawi",2000,1044227.17
"MW","Malawi",2001,1183443.06
"MW","Malawi",2002,2478812.37
"MW","Malawi",2003,1785978.01
"MW","Malawi",2004,1240518.29
"MW","Malawi",2005,345533.85
"MW","Malawi",2006,3513229.24
"MW","Malawi",2007,2369505.77
"MW","Malawi",2008,1855033.15
"MW","Malawi",2009,4667362.6
"MW","Malawi",2010,3383861.09
"MW","Malawi",2011,4910143.93
"MW","Malawi",2012,5264198.04
"MW","Malawi",2013,17444217.86
"MW","Malawi",2014,4643561.22
"MW","Malawi",2015,5444145.82
"MY","Malaysia",1973,0
"MY","Malaysia",1974,0
"MY","Malaysia",1975,0
"MY","Malaysia",1976,0
"MY","Malaysia",1978,0
"MY","Malaysia",1979,0
"MY","Malaysia",1980,0
"MY","Malaysia",1981,0
"MY","Malaysia",1982,0
"MY","Malaysia",1983,0
"MY","Malaysia",1984,0
"MY","Malaysia",1985,0
"MY","Malaysia",1986,0
"MY","Malaysia",1987,0
"MY","Malaysia",1989,0
"MY","Malaysia",1990,0
"MY","Malaysia",1991,0
"MY","Malaysia",1992,0
"MY","Malaysia",1993,0
"MY","Malaysia",1994,0
"MY","Malaysia",1996,0
"MY","Malaysia",1997,0
"MY","Malaysia",1998,78074.58
"MY","Malaysia",1999,845310.01
"MY","Malaysia",2000,4874223.51
"MY","Malaysia",2001,1358561.46
"MY","Malaysia",2002,600202.05
"MY","Malaysia",2003,2337305.53
"MY","Malaysia",2004,3016698.79
"MY","Malaysia",2005,1126867.97
"MY","Malaysia",2006,787521.2
"MY","Malaysia",2007,1309691.65
"MY","Malaysia",2008,1248737.13
"MY","Malaysia",2009,1547198.53
"MY","Malaysia",2010,1940599.96
"MY","Malaysia",2011,2556720.47
"MY","Malaysia",2012,2593494.66
"MY","Malaysia",2013,1864437.17
"MY","Malaysia",2014,1735892.92
"MY","Malaysia",2015,2076279.81
"MV","Maldives",1976,0
"MV","Maldives",1977,0
"MV","Maldives",1978,0
"MV","Maldives",1979,0
"MV","Maldives",1980,0
"MV","Maldives",1981,0
"MV","Maldives",1982,0
"MV","Maldives",1983,0
"MV","Maldives",1984,0
"MV","Maldives",1985,0
"MV","Maldives",1986,0
"MV","Maldives",1987,0
"MV","Maldives",1988,0
"MV","Maldives",1989,0
"MV","Maldives",1990,0
"MV","Maldives",1991,0
"MV","Maldives",1992,0
"MV","Maldives",1993,0
"MV","Maldives",1994,0
"MV","Maldives",1995,0
"MV","Maldives",1996,0
"MV","Maldives",1997,0
"MV","Maldives",1998,2264161.34
"MV","Maldives",1999,529070.06
"MV","Maldives",2000,3277233.28
"MV","Maldives",2001,2618965.62
"MV","Maldives",2002,2571984.27
"MV","Maldives",2003,1965423.79
"MV","Maldives",2004,1696832.83
"MV","Maldives",2005,1570438.46
"MV","Maldives",2006,4072847.58
"MV","Maldives",2007,1907948.15
"MV","Maldives",2008,2355435.62
"MV","Maldives",2009,1822354.48
"MV","Maldives",2010,4249522.13
"MV","Maldives",2011,3018420.72
"MV","Maldives",2012,5501168.51
"MV","Maldives",2013,5727027.72
"MV","Maldives",2014,4542612.57
"MV","Maldives",2015,3456615.97
"ML","Mali",2010,8337.13
"ML","Mali",2011,659598.92
"ML","Mali",2012,7262145.34
"ML","Mali",2013,4666532.1
"ML","Mali",2014,249836.31
"ML","Mali",2015,221451.33
"MT","Malta",1980,0
"MT","Malta",1981,0
"MT","Malta",1983,0
"MT","Malta",1984,0
"MT","Malta",1985,0
"MT","Malta",1986,0
"MT","Malta",1996,0
"MH","Marshall Islands",1993,0
"MH","Marshall Islands",1994,0
"MH","Marshall Islands",1996,0
"MH","Marshall Islands",1997,0
"MH","Marshall Islands",1998,314738.83
"MH","Marshall Islands",1999,595205.31
"MH","Marshall Islands",2000,921649.74
"MH","Marshall Islands",2001,1178981.7
"MH","Marshall Islands",2002,1367246.34
"MH","Marshall Islands",2003,1066336.65
"MH","Marshall Islands",2004,1280311.72
"MH","Marshall Islands",2005,1210340.27
"MH","Marshall Islands",2006,993809.14
"MH","Marshall Islands",2007,702680.71
"MH","Marshall Islands",2008,534808.21
"MH","Marshall Islands",2009,1729900.65
"MH","Marshall Islands",2010,1426431.93
"MH","Marshall Islands",2011,1892315.54
"MH","Marshall Islands",2012,5930490.04
"MH","Marshall Islands",2013,3729885.75
"MH","Marshall Islands",2014,2403797.23
"MH","Marshall Islands",2015,3581131.96
"MR","Mauritania",2000,0
"MR","Mauritania",2003,0
"MR","Mauritania",2011,56380.62
"MR","Mauritania",2012,422369.85
"MR","Mauritania",2013,57611.32
"MR","Mauritania",2014,25974.79
"MR","Mauritania",2015,54173.89
"MU","Mauritius",1973,0
"MU","Mauritius",1974,0
"MU","Mauritius",1975,0
"MU","Mauritius",1976,0
"MU","Mauritius",1977,0
"MU","Mauritius",1978,0
"MU","Mauritius",1979,0
"MU","Mauritius",1980,0
"MU","Mauritius",1981,0
"MU","Mauritius",1982,0
"MU","Mauritius",1983,0
"MU","Mauritius",1984,0
"MU","Mauritius",1985,0
"MU","Mauritius",1986,0
"MU","Mauritius",1987,0
"MU","Mauritius",1988,0
"MU","Mauritius",1989,0
"MU","Mauritius",1990,0
"MU","Mauritius",1991,0
"MU","Mauritius",1992,0
"MU","Mauritius",1993,0
"MU","Mauritius",1995,0
"MU","Mauritius",1996,0
"MU","Mauritius",1997,0
"MU","Mauritius",1999,0
"MU","Mauritius",2000,564322.81
"MU","Mauritius",2001,516432.97
"MU","Mauritius",2002,279515.69
"MU","Mauritius",2004,32789.73
"MU","Mauritius",2005,50471.3
"MU","Mauritius",2006,112809.99
"MU","Mauritius",2008,133658.88
"MU","Mauritius",2009,228391.23
"MU","Mauritius",2010,113899.06
"MU","Mauritius",2011,728768.91
"MU","Mauritius",2012,467382.51
"MU","Mauritius",2013,1280115.63
"MU","Mauritius",2014,425548.28
"MU","Mauritius",2015,591171.19
"MX","Mexico",1985,0
"MX","Mexico",1998,0
"MX","Mexico",1999,104611.7
"MX","Mexico",2000,67071.15
"MX","Mexico",2001,54654.85
"MX","Mexico",2002,28168.42
"MX","Mexico",2003,0
"MX","Mexico",2004,97700.34
"MX","Mexico",2005,54353.69
"MX","Mexico",2006,77761.48
"MX","Mexico",2007,36867.56
"MX","Mexico",2008,126512.54
"MX","Mexico",2009,184748.96
"MX","Mexico",2010,356872.4
"MX","Mexico",2011,973765.91
"MX","Mexico",2012,2160981.63
"MX","Mexico",2013,1483667.71
"MX","Mexico",2014,1460259.62
"MX","Mexico",2015,1117153.8
"FM","Micronesia",1992,0
"FM","Micronesia",1993,0
"FM","Micronesia",1994,0
"FM","Micronesia",1996,0
"FM","Micronesia",1997,0
"FM","Micronesia",1998,586779.77
"FM","Micronesia",1999,1061748.98
"FM","Micronesia",2000,760910.76
"FM","Micronesia",2001,1457831.59
"FM","Micronesia",2002,2461478.75
"FM","Micronesia",2003,1766338.4
"FM","Micronesia",2004,2174332.49
"FM","Micronesia",2005,2226559.91
"FM","Micronesia",2006,2227501.26
"FM","Micronesia",2007,1158334.98
"FM","Micronesia",2008,1311865.48
"FM","Micronesia",2009,2244287.85
"FM","Micronesia",2010,1238339.29
"FM","Micronesia",2011,1441974.02
"FM","Micronesia",2012,5601474.49
"FM","Micronesia",2013,2880383.31
"FM","Micronesia",2014,3023860.79
"FM","Micronesia",2015,2829656.15
"middle-east","Middle East, regional",1995,0
"middle-east","Middle East, regional",1997,0
"middle-east","Middle East, regional",1998,1219915.49
"middle-east","Middle East, regional",1999,0
"middle-east","Middle East, regional",2000,1503318.95
"middle-east","Middle East, regional",2001,1619565.97
"middle-east","Middle East, regional",2002,269766.9
"middle-east","Middle East, regional",2003,140313.05
"middle-east","Middle East, regional",2004,3016325.49
"middle-east","Middle East, regional",2005,1055044.15
"middle-east","Middle East, regional",2006,7954655.68
"middle-east","Middle East, regional",2007,1274068.78
"middle-east","Middle East, regional",2008,6604432.26
"middle-east","Middle East, regional",2009,430184.77
"middle-east","Middle East, regional",2010,55746.09
"middle-east","Middle East, regional",2011,583.61
"middle-east","Middle East, regional",2012,2393538.13
"middle-east","Middle East, regional",2013,2189912.47
"middle-east","Middle East, regional",2014,1127505.31
"middle-east","Middle East, regional",2015,19290214
"MD","Moldova",2012,378699.91
"MN","Mongolia",1993,0
"MN","Mongolia",1994,0
"MN","Mongolia",1995,0
"MN","Mongolia",1996,0
"MN","Mongolia",1997,0
"MN","Mongolia",1998,1635907.64
"MN","Mongolia",1999,325860.25
"MN","Mongolia",2000,2519793.83
"MN","Mongolia",2001,3267018.05
"MN","Mongolia",2002,4348764.75
"MN","Mongolia",2003,2290180.44
"MN","Mongolia",2004,1964984.47
"MN","Mongolia",2005,1931496.22
"MN","Mongolia",2006,2430434.43
"MN","Mongolia",2007,3136065.62
"MN","Mongolia",2008,1755419.2
"MN","Mongolia",2009,8138593.38
"MN","Mongolia",2010,5700704.66
"MN","Mongolia",2011,5351261.69
"MN","Mongolia",2012,9903181.84
"MN","Mongolia",2013,11563615.88
"MN","Mongolia",2014,11455775.94
"MN","Mongolia",2015,10408535.15
"ME","Montenegro",2011,4751.54
"ME","Montenegro",2012,4801.25
"ME","Montenegro",2013,1941.62
"ME","Montenegro",2014,3088.26
"ME","Montenegro",2015,8715.91
"MS","Montserrat",2005,970.6
"MS","Montserrat",2006,8774.52
"MA","Morocco",2000,3469.2
"MA","Morocco",2011,118952.67
"MA","Morocco",2012,753052.69
"MA","Morocco",2013,472954.62
"MA","Morocco",2014,290962.22
"MA","Morocco",2015,61950.6
"MZ","Mozambique",1976,0
"MZ","Mozambique",1979,0
"MZ","Mozambique",1981,0
"MZ","Mozambique",1982,0
"MZ","Mozambique",1983,0
"MZ","Mozambique",1984,0
"MZ","Mozambique",1985,0
"MZ","Mozambique",1986,0
"MZ","Mozambique",1987,0
"MZ","Mozambique",1988,0
"MZ","Mozambique",1989,0
"MZ","Mozambique",1990,0
"MZ","Mozambique",1992,0
"MZ","Mozambique",1993,0
"MZ","Mozambique",1994,0
"MZ","Mozambique",1995,0
"MZ","Mozambique",1996,0
"MZ","Mozambique",1997,0
"MZ","Mozambique",1998,10437598.42
"MZ","Mozambique",1999,15801172.87
"MZ","Mozambique",2000,16316789.94
"MZ","Mozambique",2001,12528211.74
"MZ","Mozambique",2002,13618308.18
"MZ","Mozambique",2003,7436897.21
"MZ","Mozambique",2004,2750987.49
"MZ","Mozambique",2005,874512.39
"MZ","Mozambique",2006,2096520.18
"MZ","Mozambique",2007,2995651.88
"MZ","Mozambique",2008,2943448.06
"MZ","Mozambique",2009,4850207
"MZ","Mozambique",2010,17920765.53
"MZ","Mozambique",2011,4887420.91
"MZ","Mozambique",2012,11774306.64
"MZ","Mozambique",2013,8587131.42
"MZ","Mozambique",2014,3671148.16
"MZ","Mozambique",2015,3381139.55
"MM","Myanmar",1973,0
"MM","Myanmar",1974,0
"MM","Myanmar",1975,0
"MM","Myanmar",1976,0
"MM","Myanmar",1977,0
"MM","Myanmar",1978,0
"MM","Myanmar",1979,0
"MM","Myanmar",1980,0
"MM","Myanmar",1981,0
"MM","Myanmar",1982,0
"MM","Myanmar",1983,0
"MM","Myanmar",1984,0
"MM","Myanmar",1985,0
"MM","Myanmar",1986,0
"MM","Myanmar",1987,0
"MM","Myanmar",1988,0
"MM","Myanmar",1989,0
"MM","Myanmar",1990,0
"MM","Myanmar",1991,0
"MM","Myanmar",1992,0
"MM","Myanmar",1993,0
"MM","Myanmar",1994,0
"MM","Myanmar",1995,0
"MM","Myanmar",1996,0
"MM","Myanmar",1997,0
"MM","Myanmar",1998,2653316.31
"MM","Myanmar",1999,989602.75
"MM","Myanmar",2000,1599299.55
"MM","Myanmar",2001,5668480.59
"MM","Myanmar",2002,5454905
"MM","Myanmar",2003,8691912.02
"MM","Myanmar",2004,14168545.59
"MM","Myanmar",2005,13967934.69
"MM","Myanmar",2006,7945179.14
"MM","Myanmar",2007,13690111.17
"MM","Myanmar",2008,47545398.63
"MM","Myanmar",2009,19017811.98
"MM","Myanmar",2010,38113341.1
"MM","Myanmar",2011,32438362.97
"MM","Myanmar",2012,42239994.67
"MM","Myanmar",2013,54262451.65
"MM","Myanmar",2014,73598541.81
"MM","Myanmar",2015,55429897.59
"NA","Namibia",1989,0
"NA","Namibia",1990,0
"NA","Namibia",1991,0
"NA","Namibia",1992,0
"NA","Namibia",1993,0
"NA","Namibia",1994,0
"NA","Namibia",1995,0
"NA","Namibia",1996,0
"NA","Namibia",1998,531884.14
"NA","Namibia",1999,361933.28
"NA","Namibia",2000,193118.55
"NA","Namibia",2001,219735.03
"NA","Namibia",2002,275183.15
"NA","Namibia",2003,243962.12
"NA","Namibia",2004,137392.77
"NA","Namibia",2005,16500.2
"NA","Namibia",2006,121051.79
"NA","Namibia",2007,60748.44
"NA","Namibia",2008,150858.46
"NA","Namibia",2009,269196.35
"NA","Namibia",2010,81548.32
"NA","Namibia",2011,880840.01
"NA","Namibia",2012,641992.1
"NA","Namibia",2013,1041983.84
"NA","Namibia",2014,734120.87
"NA","Namibia",2015,406048.97
"NR","Nauru",1993,0
"NR","Nauru",1994,0
"NR","Nauru",1996,0
"NR","Nauru",1997,0
"NR","Nauru",1998,198846.25
"NR","Nauru",1999,3703491.53
"NR","Nauru",2000,238218.18
"NR","Nauru",2001,15162792.06
"NR","Nauru",2002,22679848.25
"NR","Nauru",2003,25514788
"NR","Nauru",2004,18320325.92
"NR","Nauru",2005,9247897.99
"NR","Nauru",2006,20341795.99
"NR","Nauru",2007,22896355.98
"NR","Nauru",2008,26992017.17
"NR","Nauru",2009,19470925.08
"NR","Nauru",2010,20030751.15
"NR","Nauru",2011,24735475.5
"NR","Nauru",2012,17047784.91
"NR","Nauru",2013,19205460.02
"NR","Nauru",2014,12732370.57
"NR","Nauru",2015,23431674.65
"NP","Nepal",1977,0
"NP","Nepal",1978,0
"NP","Nepal",1979,0
"NP","Nepal",1980,0
"NP","Nepal",1981,0
"NP","Nepal",1982,0
"NP","Nepal",1983,0
"NP","Nepal",1984,0
"NP","Nepal",1985,0
"NP","Nepal",1986,0
"NP","Nepal",1987,0
"NP","Nepal",1988,0
"NP","Nepal",1989,0
"NP","Nepal",1990,0
"NP","Nepal",1991,0
"NP","Nepal",1993,0
"NP","Nepal",1994,0
"NP","Nepal",1995,0
"NP","Nepal",1996,0
"NP","Nepal",1997,0
"NP","Nepal",1998,1005211.63
"NP","Nepal",1999,7718412.34
"NP","Nepal",2000,6877107.82
"NP","Nepal",2001,9773169.72
"NP","Nepal",2002,6944576.39
"NP","Nepal",2003,5241706.07
"NP","Nepal",2004,5181837.32
"NP","Nepal",2005,3980445.91
"NP","Nepal",2006,2938691.44
"NP","Nepal",2007,5186675.72
"NP","Nepal",2008,5437693.86
"NP","Nepal",2009,8577055.6
"NP","Nepal",2010,20227913.23
"NP","Nepal",2011,20729129.25
"NP","Nepal",2012,31902205.34
"NP","Nepal",2013,25612259.32
"NP","Nepal",2014,11257046.56
"NP","Nepal",2015,36309366.34
"NC","New Caledonia",1990,0
"NC","New Caledonia",1992,0
"NC","New Caledonia",1993,0
"NC","New Caledonia",1996,0
"NC","New Caledonia",1997,0
"NC","New Caledonia",1998,0
"NC","New Caledonia",1999,1147121.34
"NI","Nicaragua",2001,228657.15
"NI","Nicaragua",2002,217762.9
"NI","Nicaragua",2004,5244351.83
"NI","Nicaragua",2010,826800.61
"NI","Nicaragua",2011,34522.32
"NI","Nicaragua",2012,518150.67
"NI","Nicaragua",2013,697112.9
"NI","Nicaragua",2014,111674.85
"NI","Nicaragua",2015,226155.32
"NE","Niger",1999,131065.24
"NE","Niger",2000,0
"NE","Niger",2004,0
"NE","Niger",2005,0
"NE","Niger",2006,98615.82
"NE","Niger",2007,102370.71
"NE","Niger",2009,173067.06
"NE","Niger",2010,328088.45
"NE","Niger",2011,2745280.85
"NE","Niger",2012,11829466.7
"NE","Niger",2013,3466686.3
"NE","Niger",2014,274993
"NE","Niger",2015,272732.71
"NG","Nigeria",1973,0
"NG","Nigeria",1983,0
"NG","Nigeria",1990,0
"NG","Nigeria",1994,0
"NG","Nigeria",1995,0
"NG","Nigeria",1996,0
"NG","Nigeria",1997,0
"NG","Nigeria",1998,121991.55
"NG","Nigeria",1999,9619.47
"NG","Nigeria",2000,41630.28
"NG","Nigeria",2001,81424.45
"NG","Nigeria",2003,0
"NG","Nigeria",2004,348190.62
"NG","Nigeria",2005,25235.65
"NG","Nigeria",2006,371666.23
"NG","Nigeria",2007,777906.04
"NG","Nigeria",2008,116350.64
"NG","Nigeria",2009,359230.77
"NG","Nigeria",2010,341651.57
"NG","Nigeria",2011,2416814.68
"NG","Nigeria",2012,3656183.72
"NG","Nigeria",2013,2847460.14
"NG","Nigeria",2014,1966538.66
"NG","Nigeria",2015,2090059
"NU","Niue",1978,0
"NU","Niue",1980,0
"NU","Niue",1981,0
"NU","Niue",1982,0
"NU","Niue",1983,0
"NU","Niue",1984,0
"NU","Niue",1985,0
"NU","Niue",1986,0
"NU","Niue",1987,0
"NU","Niue",1988,0
"NU","Niue",1989,0
"NU","Niue",1990,0
"NU","Niue",1991,0
"NU","Niue",1992,0
"NU","Niue",1993,0
"NU","Niue",1994,0
"NU","Niue",1995,0
"NU","Niue",1996,0
"NU","Niue",1997,0
"NU","Niue",1998,589220.3
"NU","Niue",1999,590394.43
"NU","Niue",2000,930901.19
"NU","Niue",2001,875592.38
"NU","Niue",2002,815799.15
"NU","Niue",2003,942155.59
"NU","Niue",2004,5859086.15
"NU","Niue",2005,1516079.59
"NU","Niue",2006,958396.05
"NU","Niue",2007,787164.59
"NU","Niue",2008,925839.23
"NU","Niue",2009,1347950.09
"NU","Niue",2010,1247795.72
"NU","Niue",2011,2365229.12
"NU","Niue",2012,4713543.48
"NU","Niue",2013,3775108.91
"NU","Niue",2014,1703159.52
"NU","Niue",2015,2392640.79
"north-central-america","North & Central America, regional",1998,18298.75
"north-central-america","North & Central America, regional",2007,18413.39
"north-central-america","North & Central America, regional",2008,29877.66
"north-central-america","North & Central America, regional",2009,358930.33
"north-central-america","North & Central America, regional",2010,1259.86
"north-central-america","North & Central America, regional",2011,659685.56
"north-central-america","North & Central America, regional",2013,148.04
"KP","North Korea",1996,0
"KP","North Korea",1997,0
"KP","North Korea",1998,2452021.94
"KP","North Korea",1999,2469800.29
"KP","North Korea",2000,13291650.33
"KP","North Korea",2001,9824486.86
"KP","North Korea",2002,4054074.53
"KP","North Korea",2003,3400525.58
"KP","North Korea",2004,4413039.79
"KP","North Korea",2005,5898342.66
"KP","North Korea",2006,3321645.37
"KP","North Korea",2007,5876847.47
"KP","North Korea",2008,5345641.36
"KP","North Korea",2009,2710397.07
"KP","North Korea",2010,193336.05
"KP","North Korea",2011,4903427.74
"KP","North Korea",2012,1514798.16
"KP","North Korea",2013,73421.56
"KP","North Korea",2014,2279750.65
"KP","North Korea",2015,4508220
"north-of-sahara","North of Sahara, regional",2009,28900.94
"north-of-sahara","North of Sahara, regional",2013,95984.1
"north-of-sahara","North of Sahara, regional",2014,28709.89
"MP","Northern Mariana Islands",1988,0
"MP","Northern Mariana Islands",1989,0
"MP","Northern Mariana Islands",1990,0
"MP","Northern Mariana Islands",1991,0
"MP","Northern Mariana Islands",1992,0
"MP","Northern Mariana Islands",1993,0
"MP","Northern Mariana Islands",1994,0
"oceania","Oceania, regional",1979,0
"oceania","Oceania, regional",1984,0
"oceania","Oceania, regional",1985,0
"oceania","Oceania, regional",1986,0
"oceania","Oceania, regional",1987,0
"oceania","Oceania, regional",1988,0
"oceania","Oceania, regional",1989,0
"oceania","Oceania, regional",1990,0
"oceania","Oceania, regional",1991,0
"oceania","Oceania, regional",1992,0
"oceania","Oceania, regional",1993,0
"oceania","Oceania, regional",1994,0
"oceania","Oceania, regional",1995,0
"oceania","Oceania, regional",1996,0
"oceania","Oceania, regional",1997,0
"oceania","Oceania, regional",1998,20195706.97
"oceania","Oceania, regional",1999,25741692.76
"oceania","Oceania, regional",2000,14671229.06
"oceania","Oceania, regional",2001,28287752.24
"oceania","Oceania, regional",2002,20466463.82
"oceania","Oceania, regional",2003,44312523.07
"oceania","Oceania, regional",2004,18922869.42
"oceania","Oceania, regional",2005,27841728.77
"oceania","Oceania, regional",2006,75514006.65
"oceania","Oceania, regional",2007,69041820.58
"oceania","Oceania, regional",2008,104305534.46
"oceania","Oceania, regional",2009,104082764.17
"oceania","Oceania, regional",2010,109963922.15
"oceania","Oceania, regional",2011,133750298.15
"oceania","Oceania, regional",2012,83535337.48
"oceania","Oceania, regional",2013,88649885.48
"oceania","Oceania, regional",2014,62678890.7
"oceania","Oceania, regional",2015,63966337.33
"OM","Oman",2003,314118.41
"OM","Oman",2004,612211.18
"OM","Oman",2005,229061.44
"OM","Oman",2008,41243.51
"PK","Pakistan",1973,0
"PK","Pakistan",1974,0
"PK","Pakistan",1975,0
"PK","Pakistan",1976,0
"PK","Pakistan",1977,0
"PK","Pakistan",1978,0
"PK","Pakistan",1979,0
"PK","Pakistan",1980,0
"PK","Pakistan",1981,0
"PK","Pakistan",1982,0
"PK","Pakistan",1983,0
"PK","Pakistan",1985,0
"PK","Pakistan",1986,0
"PK","Pakistan",1987,0
"PK","Pakistan",1989,0
"PK","Pakistan",1990,0
"PK","Pakistan",1991,0
"PK","Pakistan",1992,0
"PK","Pakistan",1993,0
"PK","Pakistan",1994,0
"PK","Pakistan",1995,0
"PK","Pakistan",1996,0
"PK","Pakistan",1997,0
"PK","Pakistan",1998,1834754.48
"PK","Pakistan",1999,793605.68
"PK","Pakistan",2000,3266825.83
"PK","Pakistan",2001,4654580.03
"PK","Pakistan",2002,3047596.77
"PK","Pakistan",2003,5277305.94
"PK","Pakistan",2004,6647668.2
"PK","Pakistan",2005,22058859.79
"PK","Pakistan",2006,36085344.02
"PK","Pakistan",2007,10258129.04
"PK","Pakistan",2008,27370338.37
"PK","Pakistan",2009,44878248.16
"PK","Pakistan",2010,97421488.77
"PK","Pakistan",2011,54355939.73
"PK","Pakistan",2012,64361885.93
"PK","Pakistan",2013,48882830.38
"PK","Pakistan",2014,61688212.56
"PK","Pakistan",2015,52826972.01
"PW","Palau",1994,0
"PW","Palau",1996,0
"PW","Palau",1997,0
"PW","Palau",1998,161029.03
"PW","Palau",1999,339085.44
"PW","Palau",2000,237061
"PW","Palau",2001,581126.14
"PW","Palau",2002,351020.46
"PW","Palau",2003,817469.91
"PW","Palau",2004,1030359.96
"PW","Palau",2005,1103574.05
"PW","Palau",2006,634230.94
"PW","Palau",2007,614149.62
"PW","Palau",2008,295255.68
"PW","Palau",2009,1069838.61
"PW","Palau",2010,637257.84
"PW","Palau",2011,1144453.21
"PW","Palau",2012,4802054.36
"PW","Palau",2013,3428123.31
"PW","Palau",2014,2693176.97
"PW","Palau",2015,2017641.66
"PS","Palestine",1995,0
"PS","Palestine",1996,0
"PS","Palestine",1997,0
"PS","Palestine",1998,685593.94
"PS","Palestine",1999,788795.44
"PS","Palestine",2000,3550141.82
"PS","Palestine",2001,1622912.79
"PS","Palestine",2002,7007417.26
"PS","Palestine",2003,5305419.29
"PS","Palestine",2004,3998645.85
"PS","Palestine",2005,10909566.56
"PS","Palestine",2006,355722.51
"PS","Palestine",2007,12355104.42
"PS","Palestine",2008,27053453.72
"PS","Palestine",2009,30046847.47
"PS","Palestine",2010,32708723.12
"PS","Palestine",2011,28060711.47
"PS","Palestine",2012,27277037.49
"PS","Palestine",2013,23631507.05
"PS","Palestine",2014,49504902.39
"PS","Palestine",2015,28912972.33
"PA","Panama",2011,4517.66
"PA","Panama",2012,48663.65
"PA","Panama",2013,55204.39
"PA","Panama",2014,59763.8
"PA","Panama",2015,205695.8
"PG","Papua New Guinea",1973,0
"PG","Papua New Guinea",1974,0
"PG","Papua New Guinea",1975,0
"PG","Papua New Guinea",1976,0
"PG","Papua New Guinea",1977,0
"PG","Papua New Guinea",1978,0
"PG","Papua New Guinea",1979,0
"PG","Papua New Guinea",1980,0
"PG","Papua New Guinea",1981,0
"PG","Papua New Guinea",1982,0
"PG","Papua New Guinea",1983,0
"PG","Papua New Guinea",1984,0
"PG","Papua New Guinea",1985,0
"PG","Papua New Guinea",1986,0
"PG","Papua New Guinea",1987,0
"PG","Papua New Guinea",1988,0
"PG","Papua New Guinea",1989,0
"PG","Papua New Guinea",1990,0
"PG","Papua New Guinea",1991,0
"PG","Papua New Guinea",1992,0
"PG","Papua New Guinea",1993,0
"PG","Papua New Guinea",1994,0
"PG","Papua New Guinea",1995,0
"PG","Papua New Guinea",1996,0
"PG","Papua New Guinea",1997,0
"PG","Papua New Guinea",1998,212480073.21
"PG","Papua New Guinea",1999,123747222.54
"PG","Papua New Guinea",2000,326216445.82
"PG","Papua New Guinea",2001,341575586.49
"PG","Papua New Guinea",2002,359858945.39
"PG","Papua New Guinea",2003,338315955.1
"PG","Papua New Guinea",2004,302130941.36
"PG","Papua New Guinea",2005,297800076.22
"PG","Papua New Guinea",2006,297220496.12
"PG","Papua New Guinea",2007,297686987.51
"PG","Papua New Guinea",2008,324100836.21
"PG","Papua New Guinea",2009,320960174.59
"PG","Papua New Guinea",2010,332141784.73
"PG","Papua New Guinea",2011,373039926.79
"PG","Papua New Guinea",2012,364775004.84
"PG","Papua New Guinea",2013,367584121.89
"PG","Papua New Guinea",2014,345934868.1
"PG","Papua New Guinea",2015,416449234.37
"PY","Paraguay",1983,0
"PY","Paraguay",2001,42385.36
"PY","Paraguay",2011,1218675.27
"PY","Paraguay",2012,450546.73
"PY","Paraguay",2013,294044.71
"PY","Paraguay",2014,134360.76
"PY","Paraguay",2015,323389.57
"PE","Peru",1999,0
"PE","Peru",2000,11563.97
"PE","Peru",2001,33462.16
"PE","Peru",2003,0
"PE","Peru",2004,0
"PE","Peru",2005,0
"PE","Peru",2006,225766.58
"PE","Peru",2007,250641.95
"PE","Peru",2008,31941.6
"PE","Peru",2009,75837.7
"PE","Peru",2010,1626804.56
"PE","Peru",2011,532803.48
"PE","Peru",2012,1290859.63
"PE","Peru",2013,2215423.78
"PE","Peru",2014,1375195.73
"PE","Peru",2015,1393726.7
"PH","Philippines",1973,0
"PH","Philippines",1974,0
"PH","Philippines",1975,0
"PH","Philippines",1976,0
"PH","Philippines",1977,0
"PH","Philippines",1978,0
"PH","Philippines",1979,0
"PH","Philippines",1980,0
"PH","Philippines",1982,0
"PH","Philippines",1983,0
"PH","Philippines",1984,0
"PH","Philippines",1985,0
"PH","Philippines",1986,0
"PH","Philippines",1987,0
"PH","Philippines",1988,0
"PH","Philippines",1989,0
"PH","Philippines",1990,0
"PH","Philippines",1991,0
"PH","Philippines",1992,0
"PH","Philippines",1993,0
"PH","Philippines",1994,0
"PH","Philippines",1995,0
"PH","Philippines",1996,0
"PH","Philippines",1997,0
"PH","Philippines",1998,63523454.93
"PH","Philippines",1999,32750645.25
"PH","Philippines",2000,62668694.49
"PH","Philippines",2001,69594509.76
"PH","Philippines",2002,63244418.41
"PH","Philippines",2003,51939767.91
"PH","Philippines",2004,46128220.81
"PH","Philippines",2005,54915683
"PH","Philippines",2006,64043587.75
"PH","Philippines",2007,71539236.23
"PH","Philippines",2008,74926971.93
"PH","Philippines",2009,100767223.44
"PH","Philippines",2010,91139362.63
"PH","Philippines",2011,83347163.55
"PH","Philippines",2012,127025051.87
"PH","Philippines",2013,111069044.94
"PH","Philippines",2014,109200859.63
"PH","Philippines",2015,92503776.1
"RW","Rwanda",1983,0
"RW","Rwanda",1994,0
"RW","Rwanda",1995,0
"RW","Rwanda",1996,0
"RW","Rwanda",1997,0
"RW","Rwanda",1999,30060.92
"RW","Rwanda",2004,0
"RW","Rwanda",2005,0
"RW","Rwanda",2006,89757.64
"RW","Rwanda",2007,488870.23
"RW","Rwanda",2008,248616.29
"RW","Rwanda",2009,312132.33
"RW","Rwanda",2010,398553.52
"RW","Rwanda",2011,1515251.06
"RW","Rwanda",2012,1258369.13
"RW","Rwanda",2013,3425460.73
"RW","Rwanda",2014,1156634.46
"RW","Rwanda",2015,1545766.81
"SH","Saint Helena, Ascension & Tristan da Cunha",2005,2911.8
"SH","Saint Helena, Ascension & Tristan da Cunha",2006,17230.96
"KN","Saint Kitts and Nevis",2004,2533.99
"KN","Saint Kitts and Nevis",2005,970.6
"KN","Saint Kitts and Nevis",2006,8075.88
"KN","Saint Kitts and Nevis",2010,220321.69
"KN","Saint Kitts and Nevis",2011,745416.7
"KN","Saint Kitts and Nevis",2012,148266.46
"KN","Saint Kitts and Nevis",2013,201927.53
"LC","Saint Lucia",2001,0
"LC","Saint Lucia",2004,2533.99
"LC","Saint Lucia",2005,4853
"LC","Saint Lucia",2006,29137.36
"LC","Saint Lucia",2010,572225.25
"LC","Saint Lucia",2011,1460642.27
"LC","Saint Lucia",2012,216477.38
"LC","Saint Lucia",2013,162331.81
"LC","Saint Lucia",2014,212465.23
"LC","Saint Lucia",2015,169276.48
"VC","Saint Vincent & the Grenadines",2004,2533.99
"VC","Saint Vincent & the Grenadines",2005,4853
"VC","Saint Vincent & the Grenadines",2006,70920.34
"VC","Saint Vincent & the Grenadines",2010,418733.94
"VC","Saint Vincent & the Grenadines",2011,757480.13
"VC","Saint Vincent & the Grenadines",2012,186513.54
"VC","Saint Vincent & the Grenadines",2013,160374.54
"VC","Saint Vincent & the Grenadines",2014,411015.57
"VC","Saint Vincent & the Grenadines",2015,197895.86
"WS","Samoa",1973,0
"WS","Samoa",1975,0
"WS","Samoa",1976,0
"WS","Samoa",1977,0
"WS","Samoa",1978,0
"WS","Samoa",1979,0
"WS","Samoa",1980,0
"WS","Samoa",1981,0
"WS","Samoa",1982,0
"WS","Samoa",1983,0
"WS","Samoa",1984,0
"WS","Samoa",1985,0
"WS","Samoa",1986,0
"WS","Samoa",1987,0
"WS","Samoa",1988,0
"WS","Samoa",1989,0
"WS","Samoa",1990,0
"WS","Samoa",1991,0
"WS","Samoa",1992,0
"WS","Samoa",1993,0
"WS","Samoa",1994,0
"WS","Samoa",1996,0
"WS","Samoa",1997,0
"WS","Samoa",1998,10493728.17
"WS","Samoa",1999,5406141.05
"WS","Samoa",2000,11712003.14
"WS","Samoa",2001,17139290.95
"WS","Samoa",2002,18156672.32
"WS","Samoa",2003,15239710.6
"WS","Samoa",2004,17501418.5
"WS","Samoa",2005,15354922.46
"WS","Samoa",2006,16364721.16
"WS","Samoa",2007,13634031.65
"WS","Samoa",2008,12542477.52
"WS","Samoa",2009,18934567.82
"WS","Samoa",2010,36703691.1
"WS","Samoa",2011,21109766.76
"WS","Samoa",2012,37670355.42
"WS","Samoa",2013,27719491.89
"WS","Samoa",2014,22430250.84
"WS","Samoa",2015,28547223.32
"ST","Sao Tome & Principe",2011,98606.53
"ST","Sao Tome & Principe",2012,84749.98
"ST","Sao Tome & Principe",2013,249926.99
"ST","Sao Tome & Principe",2014,47514.41
"ST","Sao Tome & Principe",2015,36186.01
"SA","Saudi Arabia",2001,5577.03
"SN","Senegal",2000,0
"SN","Senegal",2003,0
"SN","Senegal",2004,0
"SN","Senegal",2005,0
"SN","Senegal",2007,66841.65
"SN","Senegal",2009,173117.99
"SN","Senegal",2010,366221.49
"SN","Senegal",2011,770756.65
"SN","Senegal",2012,1658428.12
"SN","Senegal",2013,1373420.18
"SN","Senegal",2014,42341.71
"SN","Senegal",2015,201254.6
"RS","Serbia",1999,76062333.73
"RS","Serbia",2000,10792671.85
"RS","Serbia",2001,1442218.01
"RS","Serbia",2003,370087.07
"RS","Serbia",2004,628266.23
"RS","Serbia",2005,400858.8
"RS","Serbia",2006,0
"RS","Serbia",2007,212901.01
"RS","Serbia",2008,192389.6
"RS","Serbia",2009,19247.52
"RS","Serbia",2010,16819.35
"RS","Serbia",2011,9965.21
"RS","Serbia",2012,10387.58
"RS","Serbia",2013,8776.58
"RS","Serbia",2014,14095.6
"RS","Serbia",2015,37027.6
"SC","Seychelles",1976,0
"SC","Seychelles",1977,0
"SC","Seychelles",1978,0
"SC","Seychelles",1979,0
"SC","Seychelles",1980,0
"SC","Seychelles",1981,0
"SC","Seychelles",1982,0
"SC","Seychelles",1984,0
"SC","Seychelles",1985,0
"SC","Seychelles",1986,0
"SC","Seychelles",1988,0
"SC","Seychelles",1989,0
"SC","Seychelles",1991,0
"SC","Seychelles",1993,0
"SC","Seychelles",1994,0
"SC","Seychelles",1995,0
"SC","Seychelles",1996,0
"SC","Seychelles",1997,0
"SC","Seychelles",2000,189649.4
"SC","Seychelles",2001,50193.14
"SC","Seychelles",2002,22751.38
"SC","Seychelles",2005,9706.02
"SC","Seychelles",2006,64967.26
"SC","Seychelles",2010,1772.01
"SC","Seychelles",2011,644307.91
"SC","Seychelles",2012,369963.71
"SC","Seychelles",2013,1412673.33
"SC","Seychelles",2014,610859.83
"SC","Seychelles",2015,738762.87
"SL","Sierra Leone",1990,0
"SL","Sierra Leone",1994,0
"SL","Sierra Leone",1995,0
"SL","Sierra Leone",1996,0
"SL","Sierra Leone",1999,389587.98
"SL","Sierra Leone",2000,867299.01
"SL","Sierra Leone",2001,65808.9
"SL","Sierra Leone",2002,410607.01
"SL","Sierra Leone",2003,195115.06
"SL","Sierra Leone",2004,0
"SL","Sierra Leone",2005,13588.39
"SL","Sierra Leone",2006,378436.71
"SL","Sierra Leone",2007,177052.3
"SL","Sierra Leone",2009,166144.8
"SL","Sierra Leone",2010,278536.02
"SL","Sierra Leone",2011,1050968.2
"SL","Sierra Leone",2012,1018529.36
"SL","Sierra Leone",2013,2846492.2
"SL","Sierra Leone",2014,1334929.86
"SL","Sierra Leone",2015,10818162.36
"SG","Singapore",1973,0
"SG","Singapore",1975,0
"SG","Singapore",1980,0
"SG","Singapore",1983,0
"SG","Singapore",1984,0
"SG","Singapore",1985,0
"SI","Slovenia",2002,50919.6
"SB","Solomon Islands",1974,0
"SB","Solomon Islands",1975,0
"SB","Solomon Islands",1976,0
"SB","Solomon Islands",1977,0
"SB","Solomon Islands",1978,0
"SB","Solomon Islands",1979,0
"SB","Solomon Islands",1980,0
"SB","Solomon Islands",1981,0
"SB","Solomon Islands",1982,0
"SB","Solomon Islands",1983,0
"SB","Solomon Islands",1984,0
"SB","Solomon Islands",1985,0
"SB","Solomon Islands",1986,0
"SB","Solomon Islands",1987,0
"SB","Solomon Islands",1988,0
"SB","Solomon Islands",1989,0
"SB","Solomon Islands",1990,0
"SB","Solomon Islands",1991,0
"SB","Solomon Islands",1992,0
"SB","Solomon Islands",1993,0
"SB","Solomon Islands",1994,0
"SB","Solomon Islands",1995,0
"SB","Solomon Islands",1996,0
"SB","Solomon Islands",1997,0
"SB","Solomon Islands",1998,9209147.61
"SB","Solomon Islands",1999,6552058.33
"SB","Solomon Islands",2000,23850716.98
"SB","Solomon Islands",2001,42838205.59
"SB","Solomon Islands",2002,39619851.82
"SB","Solomon Islands",2003,111728587.52
"SB","Solomon Islands",2004,140509956.15
"SB","Solomon Islands",2005,182401401.59
"SB","Solomon Islands",2006,177055901.05
"SB","Solomon Islands",2007,213533707.92
"SB","Solomon Islands",2008,187456370.32
"SB","Solomon Islands",2009,179465259.75
"SB","Solomon Islands",2010,218045345.16
"SB","Solomon Islands",2011,183933556.25
"SB","Solomon Islands",2012,165110187.59
"SB","Solomon Islands",2013,153877625.03
"SB","Solomon Islands",2014,114902828.34
"SB","Solomon Islands",2015,121998286.34
"SO","Somalia",1978,0
"SO","Somalia",1979,0
"SO","Somalia",1980,0
"SO","Somalia",1981,0
"SO","Somalia",1982,0
"SO","Somalia",1983,0
"SO","Somalia",1984,0
"SO","Somalia",1986,0
"SO","Somalia",1995,0
"SO","Somalia",1996,0
"SO","Somalia",1999,126255.41
"SO","Somalia",2000,45099.63
"SO","Somalia",2001,6692.41
"SO","Somalia",2002,105089.62
"SO","Somalia",2003,99426.94
"SO","Somalia",2004,0
"SO","Somalia",2005,0
"SO","Somalia",2006,2922008.08
"SO","Somalia",2007,3249375.7
"SO","Somalia",2009,1661447.98
"SO","Somalia",2010,4402340.87
"SO","Somalia",2011,46119878.62
"SO","Somalia",2012,11886578.55
"SO","Somalia",2013,5458000.41
"SO","Somalia",2014,10808836.06
"SO","Somalia",2015,7182785.17
"south-central-asia","South & Central Asia, regional",1991,0
"south-central-asia","South & Central Asia, regional",1995,0
"south-central-asia","South & Central Asia, regional",1998,70755.15
"south-central-asia","South & Central Asia, regional",1999,266940.19
"south-central-asia","South & Central Asia, regional",2000,180398.13
"south-central-asia","South & Central Asia, regional",2001,3285977.07
"south-central-asia","South & Central Asia, regional",2002,1309827.03
"south-central-asia","South & Central Asia, regional",2003,2072852.41
"south-central-asia","South & Central Asia, regional",2004,4357588.31
"south-central-asia","South & Central Asia, regional",2005,3550455.39
"south-central-asia","South & Central Asia, regional",2006,5685507.66
"south-central-asia","South & Central Asia, regional",2007,6700554.06
"south-central-asia","South & Central Asia, regional",2008,6239058.17
"south-central-asia","South & Central Asia, regional",2009,4256141.58
"south-central-asia","South & Central Asia, regional",2010,1711005.64
"south-central-asia","South & Central Asia, regional",2011,10125891.4
"south-central-asia","South & Central Asia, regional",2012,16042464.74
"south-central-asia","South & Central Asia, regional",2013,5044917.36
"south-central-asia","South & Central Asia, regional",2014,13940516.25
"south-central-asia","South & Central Asia, regional",2015,16045017.16
"ZA","South Africa",1994,0
"ZA","South Africa",1995,0
"ZA","South Africa",1996,0
"ZA","South Africa",1997,0
"ZA","South Africa",1998,5681141.09
"ZA","South Africa",1999,7001775.22
"ZA","South Africa",2000,9794699.44
"ZA","South Africa",2001,10766997.18
"ZA","South Africa",2002,11455853.17
"ZA","South Africa",2003,16672684.03
"ZA","South Africa",2004,10312747.43
"ZA","South Africa",2005,6092460.8
"ZA","South Africa",2006,3872888.08
"ZA","South Africa",2007,2376236.72
"ZA","South Africa",2008,2388105.95
"ZA","South Africa",2009,3060527.17
"ZA","South Africa",2010,3006395.17
"ZA","South Africa",2011,3496840.04
"ZA","South Africa",2012,4994269.32
"ZA","South Africa",2013,4386843.75
"ZA","South Africa",2014,2021956.31
"ZA","South Africa",2015,2001262.3
"south-america","South America, regional",1998,241543.55
"south-america","South America, regional",1999,0
"south-america","South America, regional",2000,0
"south-america","South America, regional",2001,29000.46
"south-america","South America, regional",2003,0
"south-america","South America, regional",2004,202718.98
"south-america","South America, regional",2005,388240.47
"south-america","South America, regional",2007,80104.7
"south-america","South America, regional",2008,247759.65
"south-america","South America, regional",2009,181877.81
"south-america","South America, regional",2010,618117.8
"south-america","South America, regional",2011,6021587.74
"south-america","South America, regional",2012,10861776.78
"south-america","South America, regional",2013,5406378.63
"south-america","South America, regional",2014,2699783.74
"south-america","South America, regional",2015,1209857.52
"south-asia","South Asia, regional",2006,661798.67
"south-asia","South Asia, regional",2012,16657.67
"south-of-sahara","South of Sahara, regional",1974,0
"south-of-sahara","South of Sahara, regional",1977,0
"south-of-sahara","South of Sahara, regional",1987,0
"south-of-sahara","South of Sahara, regional",1989,0
"south-of-sahara","South of Sahara, regional",1990,0
"south-of-sahara","South of Sahara, regional",1991,0
"south-of-sahara","South of Sahara, regional",1992,0
"south-of-sahara","South of Sahara, regional",1993,0
"south-of-sahara","South of Sahara, regional",1994,0
"south-of-sahara","South of Sahara, regional",1995,0
"south-of-sahara","South of Sahara, regional",1996,0
"south-of-sahara","South of Sahara, regional",1997,0
"south-of-sahara","South of Sahara, regional",1998,2702116.25
"south-of-sahara","South of Sahara, regional",1999,2795657.86
"south-of-sahara","South of Sahara, regional",2000,2866711.69
"south-of-sahara","South of Sahara, regional",2001,3571520.13
"south-of-sahara","South of Sahara, regional",2002,1980452.21
"south-of-sahara","South of Sahara, regional",2003,15883306.68
"south-of-sahara","South of Sahara, regional",2004,28188258.55
"south-of-sahara","South of Sahara, regional",2005,31653245.01
"south-of-sahara","South of Sahara, regional",2006,17598661.79
"south-of-sahara","South of Sahara, regional",2007,15231728.09
"south-of-sahara","South of Sahara, regional",2008,10545247.02
"south-of-sahara","South of Sahara, regional",2009,6669260.59
"south-of-sahara","South of Sahara, regional",2010,23011043.47
"south-of-sahara","South of Sahara, regional",2011,15553739.18
"south-of-sahara","South of Sahara, regional",2012,67346266.25
"south-of-sahara","South of Sahara, regional",2013,34411508.46
"south-of-sahara","South of Sahara, regional",2014,32014707.24
"south-of-sahara","South of Sahara, regional",2015,2426884.97
"SS","South Sudan",2011,1939723.49
"SS","South Sudan",2012,16939601.66
"SS","South Sudan",2013,20806015.37
"SS","South Sudan",2014,19010898.93
"SS","South Sudan",2015,8027046.37
"LK","Sri Lanka",1973,0
"LK","Sri Lanka",1974,0
"LK","Sri Lanka",1975,0
"LK","Sri Lanka",1976,0
"LK","Sri Lanka",1977,0
"LK","Sri Lanka",1978,0
"LK","Sri Lanka",1979,0
"LK","Sri Lanka",1980,0
"LK","Sri Lanka",1981,0
"LK","Sri Lanka",1982,0
"LK","Sri Lanka",1983,0
"LK","Sri Lanka",1984,0
"LK","Sri Lanka",1985,0
"LK","Sri Lanka",1986,0
"LK","Sri Lanka",1987,0
"LK","Sri Lanka",1988,0
"LK","Sri Lanka",1989,0
"LK","Sri Lanka",1991,0
"LK","Sri Lanka",1992,0
"LK","Sri Lanka",1993,0
"LK","Sri Lanka",1994,0
"LK","Sri Lanka",1995,0
"LK","Sri Lanka",1996,0
"LK","Sri Lanka",1997,0
"LK","Sri Lanka",1998,5571349.44
"LK","Sri Lanka",1999,9283995.73
"LK","Sri Lanka",2000,11191620.97
"LK","Sri Lanka",2001,8626531.67
"LK","Sri Lanka",2002,8496003.18
"LK","Sri Lanka",2003,10229520.29
"LK","Sri Lanka",2004,25724017.18
"LK","Sri Lanka",2005,55130097.47
"LK","Sri Lanka",2006,28177103.48
"LK","Sri Lanka",2007,18645435.31
"LK","Sri Lanka",2008,22147629.4
"LK","Sri Lanka",2009,46336781.01
"LK","Sri Lanka",2010,52549581.02
"LK","Sri Lanka",2011,42529963.36
"LK","Sri Lanka",2012,32323624.49
"LK","Sri Lanka",2013,21791446.31
"LK","Sri Lanka",2014,42093112.54
"LK","Sri Lanka",2015,25488343.44
"ex-yugoslavia","States Ex-Yugoslavia unspecified",1996,0
"ex-yugoslavia","States Ex-Yugoslavia unspecified",1997,0
"ex-yugoslavia","States Ex-Yugoslavia unspecified",1998,0
"ex-yugoslavia","States Ex-Yugoslavia unspecified",1999,6042223.89
"ex-yugoslavia","States Ex-Yugoslavia unspecified",2006,194942.9
"ex-yugoslavia","States Ex-Yugoslavia unspecified",2013,1820.89
"SD","Sudan",1974,0
"SD","Sudan",1977,0
"SD","Sudan",1978,0
"SD","Sudan",1979,0
"SD","Sudan",1980,0
"SD","Sudan",1981,0
"SD","Sudan",1982,0
"SD","Sudan",1983,0
"SD","Sudan",1984,0
"SD","Sudan",1986,0
"SD","Sudan",1995,0
"SD","Sudan",1996,0
"SD","Sudan",1997,0
"SD","Sudan",1998,1219915.49
"SD","Sudan",1999,3050575.08
"SD","Sudan",2000,19658.77
"SD","Sudan",2001,622396.21
"SD","Sudan",2003,0
"SD","Sudan",2004,14190321.99
"SD","Sudan",2005,17556253.79
"SD","Sudan",2006,11965274.31
"SD","Sudan",2007,22031223.72
"SD","Sudan",2008,5537305.05
"SD","Sudan",2009,9995317.85
"SD","Sudan",2010,8728004.76
"SD","Sudan",2011,22756939.46
"SD","Sudan",2012,14307127.78
"SD","Sudan",2013,2926017.32
"SD","Sudan",2014,1619306.47
"SD","Sudan",2015,198504.81
"SR","Suriname",2010,93082.6
"SR","Suriname",2011,652528.05
"SR","Suriname",2012,17957.18
"SR","Suriname",2013,38603.99
"SR","Suriname",2014,205451.37
"SR","Suriname",2015,131955.76
"SZ","Swaziland",1990,0
"SZ","Swaziland",1991,0
"SZ","Swaziland",1992,0
"SZ","Swaziland",1993,0
"SZ","Swaziland",1994,0
"SZ","Swaziland",1995,0
"SZ","Swaziland",1998,136630.6
"SZ","Swaziland",1999,222450.27
"SZ","Swaziland",2000,64758.38
"SZ","Swaziland",2001,148348.56
"SZ","Swaziland",2002,210179.04
"SZ","Swaziland",2003,126491.85
"SZ","Swaziland",2004,69927.85
"SZ","Swaziland",2005,8735.42
"SZ","Swaziland",2006,424053.52
"SZ","Swaziland",2007,748802.87
"SZ","Swaziland",2008,250189.31
"SZ","Swaziland",2009,430914.46
"SZ","Swaziland",2010,297445.91
"SZ","Swaziland",2011,1059961.58
"SZ","Swaziland",2012,1045933.28
"SZ","Swaziland",2013,1188740
"SZ","Swaziland",2014,840464.56
"SZ","Swaziland",2015,799609.25
"SY","Syria",2008,415819.3
"SY","Syria",2009,893867.82
"SY","Syria",2010,84174.85
"SY","Syria",2011,3810011.63
"SY","Syria",2012,18211234.33
"SY","Syria",2013,43927059.69
"SY","Syria",2014,8204079.27
"SY","Syria",2015,9458440
"TJ","Tajikistan",2000,56663.48
"TJ","Tajikistan",2001,51308.56
"TJ","Tajikistan",2002,49836.19
"TJ","Tajikistan",2010,39370.56
"TJ","Tajikistan",2011,96715.8
"TJ","Tajikistan",2012,410613.47
"TJ","Tajikistan",2013,792529.95
"TZ","Tanzania",1973,0
"TZ","Tanzania",1974,0
"TZ","Tanzania",1976,0
"TZ","Tanzania",1977,0
"TZ","Tanzania",1978,0
"TZ","Tanzania",1979,0
"TZ","Tanzania",1980,0
"TZ","Tanzania",1981,0
"TZ","Tanzania",1982,0
"TZ","Tanzania",1983,0
"TZ","Tanzania",1984,0
"TZ","Tanzania",1985,0
"TZ","Tanzania",1987,0
"TZ","Tanzania",1988,0
"TZ","Tanzania",1990,0
"TZ","Tanzania",1991,0
"TZ","Tanzania",1992,0
"TZ","Tanzania",1993,0
"TZ","Tanzania",1994,0
"TZ","Tanzania",1995,0
"TZ","Tanzania",1996,0
"TZ","Tanzania",1997,0
"TZ","Tanzania",1998,1096704.46
"TZ","Tanzania",1999,887396.52
"TZ","Tanzania",2000,2296607.92
"TZ","Tanzania",2001,4058954.59
"TZ","Tanzania",2002,1914361.55
"TZ","Tanzania",2003,755360.27
"TZ","Tanzania",2004,1291026.46
"TZ","Tanzania",2005,1208398.06
"TZ","Tanzania",2006,1609999.07
"TZ","Tanzania",2007,2765556.72
"TZ","Tanzania",2008,1937568.04
"TZ","Tanzania",2009,1533029.34
"TZ","Tanzania",2010,5128148.17
"TZ","Tanzania",2011,9905518.85
"TZ","Tanzania",2012,6455380.6
"TZ","Tanzania",2013,9375540.29
"TZ","Tanzania",2014,4781222.31
"TZ","Tanzania",2015,5684432.78
"TH","Thailand",1973,0
"TH","Thailand",1974,0
"TH","Thailand",1975,0
"TH","Thailand",1977,0
"TH","Thailand",1978,0
"TH","Thailand",1979,0
"TH","Thailand",1980,0
"TH","Thailand",1981,0
"TH","Thailand",1982,0
"TH","Thailand",1983,0
"TH","Thailand",1984,0
"TH","Thailand",1985,0
"TH","Thailand",1986,0
"TH","Thailand",1987,0
"TH","Thailand",1988,0
"TH","Thailand",1989,0
"TH","Thailand",1990,0
"TH","Thailand",1991,0
"TH","Thailand",1992,0
"TH","Thailand",1993,0
"TH","Thailand",1994,0
"TH","Thailand",1996,0
"TH","Thailand",1997,0
"TH","Thailand",1998,19147819.11
"TH","Thailand",1999,14685321.22
"TH","Thailand",2000,21806202.9
"TH","Thailand",2001,25829385.23
"TH","Thailand",2002,15475263.47
"TH","Thailand",2003,17015351.39
"TH","Thailand",2004,13742475.81
"TH","Thailand",2005,7858971.24
"TH","Thailand",2006,3892387.35
"TH","Thailand",2007,4471644.39
"TH","Thailand",2008,4631686.19
"TH","Thailand",2009,4390840.41
"TH","Thailand",2010,6951713.99
"TH","Thailand",2011,7525289.45
"TH","Thailand",2012,9967748.66
"TH","Thailand",2013,4776832.65
"TH","Thailand",2014,4960756.07
"TH","Thailand",2015,4375236.61
"TL","Timor-Leste",1998,23178.36
"TL","Timor-Leste",1999,90184920.56
"TL","Timor-Leste",2000,149013534.01
"TL","Timor-Leste",2001,80413982.65
"TL","Timor-Leste",2002,74843341.99
"TL","Timor-Leste",2003,46736047.37
"TL","Timor-Leste",2004,39724267.05
"TL","Timor-Leste",2005,48443689.7
"TL","Timor-Leste",2006,56555291.29
"TL","Timor-Leste",2007,88187798.83
"TL","Timor-Leste",2008,75131716.16
"TL","Timor-Leste",2009,64550706.28
"TL","Timor-Leste",2010,106454981.92
"TL","Timor-Leste",2011,75423082.24
"TL","Timor-Leste",2012,78635525.76
"TL","Timor-Leste",2013,84151047.82
"TL","Timor-Leste",2014,74127569.04
"TL","Timor-Leste",2015,62982895.16
"TG","Togo",2010,78572.87
"TG","Togo",2011,538939.01
"TG","Togo",2012,318949.85
"TG","Togo",2013,1860181.52
"TG","Togo",2014,100634.35
"TG","Togo",2015,192043.01
"TK","Tokelau",1992,0
"TK","Tokelau",1993,0
"TK","Tokelau",1997,0
"TK","Tokelau",1998,60995.77
"TK","Tokelau",1999,101004.32
"TK","Tokelau",2000,28910.03
"TK","Tokelau",2001,102617.13
"TK","Tokelau",2002,66087.32
"TK","Tokelau",2003,133875.08
"TK","Tokelau",2004,635108.38
"TK","Tokelau",2005,537713.82
"TK","Tokelau",2006,4859231.71
"TK","Tokelau",2007,259287.73
"TK","Tokelau",2008,445463.83
"TK","Tokelau",2009,872606.18
"TK","Tokelau",2010,1182162.79
"TK","Tokelau",2011,1563047.95
"TK","Tokelau",2012,907751.43
"TK","Tokelau",2013,650186.52
"TK","Tokelau",2014,499574.1
"TK","Tokelau",2015,237207.81
"TO","Tonga",1973,0
"TO","Tonga",1974,0
"TO","Tonga",1976,0
"TO","Tonga",1977,0
"TO","Tonga",1978,0
"TO","Tonga",1979,0
"TO","Tonga",1980,0
"TO","Tonga",1981,0
"TO","Tonga",1982,0
"TO","Tonga",1983,0
"TO","Tonga",1984,0
"TO","Tonga",1985,0
"TO","Tonga",1986,0
"TO","Tonga",1987,0
"TO","Tonga",1988,0
"TO","Tonga",1989,0
"TO","Tonga",1990,0
"TO","Tonga",1991,0
"TO","Tonga",1992,0
"TO","Tonga",1993,0
"TO","Tonga",1994,0
"TO","Tonga",1996,0
"TO","Tonga",1997,0
"TO","Tonga",1998,5254181.16
"TO","Tonga",1999,4666643.64
"TO","Tonga",2000,9298603.73
"TO","Tonga",2001,11744076.41
"TO","Tonga",2002,15005061.03
"TO","Tonga",2003,10065206.47
"TO","Tonga",2004,10815503.55
"TO","Tonga",2005,11200744.62
"TO","Tonga",2006,9383084
"TO","Tonga",2007,11119910.25
"TO","Tonga",2008,11826802.94
"TO","Tonga",2009,15329415.56
"TO","Tonga",2010,17951877.72
"TO","Tonga",2011,22857494.83
"TO","Tonga",2012,21692703.63
"TO","Tonga",2013,24504143.47
"TO","Tonga",2014,18958442.29
"TO","Tonga",2015,19766465.88
"TT","Trinidad & Tobago",2004,2533.99
"TT","Trinidad & Tobago",2005,18441.45
"TT","Trinidad & Tobago",2006,0
"TT","Trinidad & Tobago",2008,36508.6
"TT","Trinidad & Tobago",2009,126318.64
"TT","Trinidad & Tobago",2010,412788.57
"TN","Tunisia",2011,468970.23
"TN","Tunisia",2012,503857.36
"TN","Tunisia",2013,222137.86
"TN","Tunisia",2014,280786.81
"TN","Tunisia",2015,67938.97
"TR","Turkey",1983,0
"TR","Turkey",1998,0
"TR","Turkey",1999,4325152.98
"TR","Turkey",2000,47412.32
"TR","Turkey",2001,72501.25
"TR","Turkey",2004,43148.78
"TR","Turkey",2008,101326.22
"TR","Turkey",2009,54574.5
"TR","Turkey",2010,93571.12
"TR","Turkey",2011,147087.33
"TR","Turkey",2012,661420.38
"TR","Turkey",2013,139966.63
"TR","Turkey",2014,52201.01
"TR","Turkey",2015,210308.53
"TM","Turkmenistan",2000,56663.48
"TM","Turkmenistan",2001,51308.56
"TM","Turkmenistan",2002,49836.19
"TC","Turks & Caicos Islands",2005,2911.8
"TC","Turks & Caicos Islands",2006,0
"TV","Tuvalu",1976,0
"TV","Tuvalu",1977,0
"TV","Tuvalu",1978,0
"TV","Tuvalu",1980,0
"TV","Tuvalu",1981,0
"TV","Tuvalu",1982,0
"TV","Tuvalu",1983,0
"TV","Tuvalu",1984,0
"TV","Tuvalu",1985,0
"TV","Tuvalu",1986,0
"TV","Tuvalu",1987,0
"TV","Tuvalu",1988,0
"TV","Tuvalu",1989,0
"TV","Tuvalu",1990,0
"TV","Tuvalu",1991,0
"TV","Tuvalu",1992,0
"TV","Tuvalu",1993,0
"TV","Tuvalu",1994,0
"TV","Tuvalu",1996,0
"TV","Tuvalu",1997,0
"TV","Tuvalu",1998,2954637.68
"TV","Tuvalu",1999,1933511.86
"TV","Tuvalu",2000,1554200.91
"TV","Tuvalu",2001,2924588.61
"TV","Tuvalu",2002,4213330.76
"TV","Tuvalu",2003,3075368.11
"TV","Tuvalu",2004,3989997.34
"TV","Tuvalu",2005,3711584.85
"TV","Tuvalu",2006,3680521.24
"TV","Tuvalu",2007,3747065.92
"TV","Tuvalu",2008,4306653.36
"TV","Tuvalu",2009,4866335.7
"TV","Tuvalu",2010,5482429.16
"TV","Tuvalu",2011,6961728.34
"TV","Tuvalu",2012,10708168.89
"TV","Tuvalu",2013,6971905.31
"TV","Tuvalu",2014,5965148.32
"TV","Tuvalu",2015,7897484.49
"UG","Uganda",1979,0
"UG","Uganda",1980,0
"UG","Uganda",1981,0
"UG","Uganda",1982,0
"UG","Uganda",1983,0
"UG","Uganda",1990,0
"UG","Uganda",1993,0
"UG","Uganda",1994,0
"UG","Uganda",1995,0
"UG","Uganda",1996,0
"UG","Uganda",1997,0
"UG","Uganda",1998,2398354.92
"UG","Uganda",1999,177960.21
"UG","Uganda",2000,1261631.41
"UG","Uganda",2001,582241.31
"UG","Uganda",2002,1204738.61
"UG","Uganda",2003,762395.45
"UG","Uganda",2004,740462.48
"UG","Uganda",2005,424152.85
"UG","Uganda",2006,3409434.44
"UG","Uganda",2007,3216298.55
"UG","Uganda",2008,1088843.19
"UG","Uganda",2009,1898044.14
"UG","Uganda",2010,2166770.44
"UG","Uganda",2011,7962429.71
"UG","Uganda",2012,5799001.16
"UG","Uganda",2013,5163403.99
"UG","Uganda",2014,2956673.94
"UG","Uganda",2015,3719085.35
"UA","Ukraine",2012,1463516.58
"UA","Ukraine",2013,118166.73
"UA","Ukraine",2014,18457.72
"UA","Ukraine",2015,150980.61
"UY","Uruguay",2002,14084.17
"UY","Uruguay",2003,19356.09
"UY","Uruguay",2007,10054.8
"UY","Uruguay",2008,12777.08
"UY","Uruguay",2011,19269.75
"UY","Uruguay",2012,147290.54
"UY","Uruguay",2013,123474.52
"UY","Uruguay",2014,98996.53
"UY","Uruguay",2015,160019.43
"UZ","Uzbekistan",2000,56663.48
"UZ","Uzbekistan",2001,51308.56
"UZ","Uzbekistan",2002,49836.19
"UZ","Uzbekistan",2013,28720.59
"VU","Vanuatu",1973,0
"VU","Vanuatu",1977,0
"VU","Vanuatu",1978,0
"VU","Vanuatu",1979,0
"VU","Vanuatu",1980,0
"VU","Vanuatu",1981,0
"VU","Vanuatu",1982,0
"VU","Vanuatu",1983,0
"VU","Vanuatu",1984,0
"VU","Vanuatu",1985,0
"VU","Vanuatu",1986,0
"VU","Vanuatu",1987,0
"VU","Vanuatu",1988,0
"VU","Vanuatu",1989,0
"VU","Vanuatu",1990,0
"VU","Vanuatu",1991,0
"VU","Vanuatu",1992,0
"VU","Vanuatu",1993,0
"VU","Vanuatu",1994,0
"VU","Vanuatu",1996,0
"VU","Vanuatu",1997,0
"VU","Vanuatu",1998,8999330.75
"VU","Vanuatu",1999,13165456.66
"VU","Vanuatu",2000,14483886.52
"VU","Vanuatu",2001,21887559.34
"VU","Vanuatu",2002,19778501.92
"VU","Vanuatu",2003,25101229.29
"VU","Vanuatu",2004,25956903.78
"VU","Vanuatu",2005,24322303.21
"VU","Vanuatu",2006,26398761.55
"VU","Vanuatu",2007,23387539.74
"VU","Vanuatu",2008,27047542.75
"VU","Vanuatu",2009,42573220.88
"VU","Vanuatu",2010,48036128.47
"VU","Vanuatu",2011,44014474.56
"VU","Vanuatu",2012,49416819.19
"VU","Vanuatu",2013,40259474.82
"VU","Vanuatu",2014,45690602.99
"VU","Vanuatu",2015,89982100.65
"VE","Venezuela",1999,0
"VE","Venezuela",2000,52037.84
"VE","Venezuela",2001,20077.26
"VE","Venezuela",2011,63953.17
"VE","Venezuela",2012,143180.88
"VE","Venezuela",2013,140843.44
"VE","Venezuela",2014,75041.55
"VE","Venezuela",2015,131174.43
"VN","Viet Nam",1975,0
"VN","Viet Nam",1976,0
"VN","Viet Nam",1977,0
"VN","Viet Nam",1978,0
"VN","Viet Nam",1983,0
"VN","Viet Nam",1985,0
"VN","Viet Nam",1987,0
"VN","Viet Nam",1990,0
"VN","Viet Nam",1991,0
"VN","Viet Nam",1992,0
"VN","Viet Nam",1993,0
"VN","Viet Nam",1994,0
"VN","Viet Nam",1995,0
"VN","Viet Nam",1996,0
"VN","Viet Nam",1997,0
"VN","Viet Nam",1998,38894559.8
"VN","Viet Nam",1999,39995321.71
"VN","Viet Nam",2000,64181246.64
"VN","Viet Nam",2001,83900640.09
"VN","Viet Nam",2002,69965819.24
"VN","Viet Nam",2003,64819971.13
"VN","Viet Nam",2004,66370324.51
"VN","Viet Nam",2005,65205050.93
"VN","Viet Nam",2006,59467359.49
"VN","Viet Nam",2007,66774970.7
"VN","Viet Nam",2008,79061933.81
"VN","Viet Nam",2009,68184299.65
"VN","Viet Nam",2010,102865444.7
"VN","Viet Nam",2011,100021049.35
"VN","Viet Nam",2012,105726339.73
"VN","Viet Nam",2013,114072347.95
"VN","Viet Nam",2014,104032640.86
"VN","Viet Nam",2015,103884795.74
"WF","Wallis & Futuna",2009,17260.16
"WF","Wallis & Futuna",2010,3143.37
"WF","Wallis & Futuna",2011,38287.42
"WF","Wallis & Futuna",2012,92426.1
"WF","Wallis & Futuna",2013,106395.26
"WF","Wallis & Futuna",2014,46356.38
"WF","Wallis & Futuna",2015,328213.92
"west-indies","West Indies, regional",1980,0
"west-indies","West Indies, regional",1995,0
"west-indies","West Indies, regional",1998,237883.73
"west-indies","West Indies, regional",2001,167310.6
"west-indies","West Indies, regional",2002,162509.67
"west-indies","West Indies, regional",2003,297219.44
"west-indies","West Indies, regional",2010,995947.83
"west-indies","West Indies, regional",2011,6150146.18
"west-indies","West Indies, regional",2012,9203431.12
"west-indies","West Indies, regional",2013,4249132.14
"west-indies","West Indies, regional",2014,1206187.78
"west-indies","West Indies, regional",2015,64212.22
"YE","Yemen",1973,0
"YE","Yemen",1983,0
"YE","Yemen",1996,0
"YE","Yemen",2009,1054226.11
"YE","Yemen",2010,1591647.04
"YE","Yemen",2011,3780342.91
"YE","Yemen",2012,2724762.2
"YE","Yemen",2013,1916409.26
"YE","Yemen",2014,1518601.89
"YE","Yemen",2015,48613.7
"ZM","Zambia",1973,0
"ZM","Zambia",1974,0
"ZM","Zambia",1978,0
"ZM","Zambia",1979,0
"ZM","Zambia",1980,0
"ZM","Zambia",1981,0
"ZM","Zambia",1982,0
"ZM","Zambia",1983,0
"ZM","Zambia",1984,0
"ZM","Zambia",1985,0
"ZM","Zambia",1987,0
"ZM","Zambia",1988,0
"ZM","Zambia",1990,0
"ZM","Zambia",1991,0
"ZM","Zambia",1992,0
"ZM","Zambia",1993,0
"ZM","Zambia",1994,0
"ZM","Zambia",1995,0
"ZM","Zambia",1996,0
"ZM","Zambia",1997,0
"ZM","Zambia",1998,1138181.04
"ZM","Zambia",1999,331872.55
"ZM","Zambia",2000,829138.09
"ZM","Zambia",2001,1422141.23
"ZM","Zambia",2002,1224239.98
"ZM","Zambia",2003,1812842.71
"ZM","Zambia",2004,960178.82
"ZM","Zambia",2005,342622.42
"ZM","Zambia",2006,603355.83
"ZM","Zambia",2007,1199975.17
"ZM","Zambia",2008,1141172.49
"ZM","Zambia",2009,1589346.47
"ZM","Zambia",2010,1677267.72
"ZM","Zambia",2011,6624289.67
"ZM","Zambia",2012,2928471.24
"ZM","Zambia",2013,5477468.89
"ZM","Zambia",2014,2727811.18
"ZM","Zambia",2015,2929311.03
"ZW","Zimbabwe",1980,0
"ZW","Zimbabwe",1982,0
"ZW","Zimbabwe",1983,0
"ZW","Zimbabwe",1984,0
"ZW","Zimbabwe",1985,0
"ZW","Zimbabwe",1986,0
"ZW","Zimbabwe",1988,0
"ZW","Zimbabwe",1989,0
"ZW","Zimbabwe",1990,0
"ZW","Zimbabwe",1991,0
"ZW","Zimbabwe",1992,0
"ZW","Zimbabwe",1993,0
"ZW","Zimbabwe",1994,0
"ZW","Zimbabwe",1995,0
"ZW","Zimbabwe",1996,0
"ZW","Zimbabwe",1997,0
"ZW","Zimbabwe",1998,2200728.35
"ZW","Zimbabwe",1999,1684610.48
"ZW","Zimbabwe",2000,4186163.96
"ZW","Zimbabwe",2001,5676287.31
"ZW","Zimbabwe",2002,6765819.67
"ZW","Zimbabwe",2003,2430470.71
"ZW","Zimbabwe",2004,727304.8
"ZW","Zimbabwe",2005,990984.75
"ZW","Zimbabwe",2006,5088764.54
"ZW","Zimbabwe",2007,3910560.96
"ZW","Zimbabwe",2008,20394916.19
"ZW","Zimbabwe",2009,31680496.64
"ZW","Zimbabwe",2010,38432410.4
"ZW","Zimbabwe",2011,34697278.32
"ZW","Zimbabwe",2012,38010208.37
"ZW","Zimbabwe",2013,27728871.06
"ZW","Zimbabwe",2014,12436947.02
"ZW","Zimbabwe",2015,8149849.03
