"id-to","entity-to-name","year","value"
"AF","Afghanistan",1997,0
"AF","Afghanistan",1999,178759.5
"AF","Afghanistan",2001,9533334.6
"AF","Afghanistan",2002,26211726.61
"AF","Afghanistan",2003,6082783.67
"AF","Afghanistan",2004,17124419.3
"AF","Afghanistan",2005,18846041.02
"AF","Afghanistan",2006,23433422.87
"AF","Afghanistan",2007,36277127.02
"AF","Afghanistan",2008,55927301.42
"AF","Afghanistan",2009,78626252.88
"AF","Afghanistan",2010,51404758.89
"AF","Afghanistan",2011,46382889.46
"AF","Afghanistan",2012,27136445.26
"AF","Afghanistan",2013,16113444.29
"AF","Afghanistan",2014,4661368.68
"AF","Afghanistan",2015,911292.4
"africa","Africa, regional",1998,0
"africa","Africa, regional",1999,5319040.4
"africa","Africa, regional",2000,692220.55
"africa","Africa, regional",2001,3061761.56
"africa","Africa, regional",2002,1155156.76
"africa","Africa, regional",2003,11454972.45
"africa","Africa, regional",2004,362881.13
"africa","Africa, regional",2005,18797900.39
"africa","Africa, regional",2006,6934646.09
"africa","Africa, regional",2007,54569123.32
"africa","Africa, regional",2008,102240120.66
"africa","Africa, regional",2009,106770898.66
"africa","Africa, regional",2010,60839651.76
"africa","Africa, regional",2011,13592991.25
"africa","Africa, regional",2012,12397213.41
"africa","Africa, regional",2013,1298046.72
"africa","Africa, regional",2014,2429484.48
"africa","Africa, regional",2015,2526994.38
"AL","Albania",1997,0
"AL","Albania",1998,0
"AL","Albania",1999,15973530.28
"AL","Albania",2000,2482994.67
"AL","Albania",2001,2317984.88
"AL","Albania",2002,1956587.03
"AL","Albania",2003,2103121.91
"AL","Albania",2004,1662884.78
"AL","Albania",2005,2412373.33
"AL","Albania",2006,1727910.57
"AL","Albania",2007,9998016.12
"AL","Albania",2008,13189309.07
"AL","Albania",2009,11438389.71
"AL","Albania",2010,4071760.34
"AL","Albania",2011,577445.52
"AL","Albania",2012,44218.25
"AL","Albania",2013,59451.36
"AL","Albania",2014,13391.38
"AL","Albania",2015,101337.13
"DZ","Algeria",1989,0
"DZ","Algeria",1990,0
"DZ","Algeria",1993,0
"DZ","Algeria",1997,0
"DZ","Algeria",1998,0
"DZ","Algeria",1999,6715252.31
"DZ","Algeria",2000,1888929.66
"DZ","Algeria",2001,5121228.05
"DZ","Algeria",2002,43165904.75
"DZ","Algeria",2003,23866501.18
"DZ","Algeria",2004,30854369.95
"DZ","Algeria",2005,12284354.4
"DZ","Algeria",2006,73830372.24
"DZ","Algeria",2007,53634989.38
"DZ","Algeria",2008,54923576.34
"DZ","Algeria",2009,48339248.61
"DZ","Algeria",2010,13662355.32
"DZ","Algeria",2011,12042508.37
"DZ","Algeria",2012,1747217.08
"DZ","Algeria",2013,6411111.84
"DZ","Algeria",2014,965463.94
"DZ","Algeria",2015,2047747.62
"america","America, regional",1997,0
"america","America, regional",1998,0
"america","America, regional",1999,89713668.45
"america","America, regional",2000,86024638.68
"america","America, regional",2001,56727786.58
"america","America, regional",2002,42158208.18
"america","America, regional",2003,61439997.43
"america","America, regional",2004,55592497.91
"america","America, regional",2005,70262894.53
"america","America, regional",2007,94537196.79
"america","America, regional",2008,536754019.64
"america","America, regional",2009,206215399.2
"america","America, regional",2010,249371485.82
"america","America, regional",2011,137543392.47
"america","America, regional",2012,11657470.1
"america","America, regional",2013,12721020.04
"america","America, regional",2014,12148515.06
"america","America, regional",2015,15341425.19
"AO","Angola",1988,0
"AO","Angola",1989,0
"AO","Angola",1990,0
"AO","Angola",1991,0
"AO","Angola",1992,0
"AO","Angola",1996,0
"AO","Angola",1997,56672514.18
"AO","Angola",1998,38418788.01
"AO","Angola",1999,51890366.44
"AO","Angola",2000,26868736.97
"AO","Angola",2001,16548048.82
"AO","Angola",2002,19689871.56
"AO","Angola",2003,12797123.62
"AO","Angola",2004,9591005.73
"AO","Angola",2005,15996446.98
"AO","Angola",2006,15272678.39
"AO","Angola",2007,21736621.01
"AO","Angola",2008,18327244.5
"AO","Angola",2009,21861489.67
"AO","Angola",2010,11304918.74
"AO","Angola",2011,8584756.62
"AO","Angola",2012,5140772.71
"AO","Angola",2013,5753668.83
"AO","Angola",2014,1469707.04
"AO","Angola",2015,99082.03
"AG","Antigua & Barbuda",2006,10362.55
"AG","Antigua & Barbuda",2009,22216.7
"AG","Antigua & Barbuda",2010,23302.48
"AG","Antigua & Barbuda",2011,167753.66
"AR","Argentina",1989,0
"AR","Argentina",1990,0
"AR","Argentina",1992,0
"AR","Argentina",1993,0
"AR","Argentina",1995,59648768.52
"AR","Argentina",1996,0
"AR","Argentina",1997,55729338.16
"AR","Argentina",1998,18688364.24
"AR","Argentina",1999,4148305.09
"AR","Argentina",2000,3995211.34
"AR","Argentina",2001,4992693.55
"AR","Argentina",2002,17005709.86
"AR","Argentina",2003,51699458.58
"AR","Argentina",2004,36844119.49
"AR","Argentina",2005,14162387.65
"AR","Argentina",2006,15253396.45
"AR","Argentina",2007,23743392.05
"AR","Argentina",2008,33680795.6
"AR","Argentina",2009,30160575.29
"AR","Argentina",2010,30028794.78
"AR","Argentina",2011,14693397.42
"AR","Argentina",2012,2006605.17
"AR","Argentina",2013,1434753.31
"AR","Argentina",2014,1494885.42
"AR","Argentina",2015,1023337.49
"AM","Armenia",1997,0
"AM","Armenia",1998,0
"AM","Armenia",1999,92309.26
"AM","Armenia",2000,65462.34
"AM","Armenia",2001,167530.36
"AM","Armenia",2002,668268.83
"AM","Armenia",2003,89442.42
"AM","Armenia",2004,1468339.1
"AM","Armenia",2005,390575.32
"AM","Armenia",2006,270783.67
"AM","Armenia",2007,44200.44
"AM","Armenia",2008,542426.56
"AM","Armenia",2009,108065.09
"AM","Armenia",2010,215571.85
"AM","Armenia",2011,104516.61
"AM","Armenia",2012,5372.59
"AM","Armenia",2013,55908.12
"AM","Armenia",2014,25612.71
"AM","Armenia",2015,170015.02
"asia","Asia, regional",1999,3809837.58
"asia","Asia, regional",2000,4331934.55
"asia","Asia, regional",2001,2147564.77
"asia","Asia, regional",2002,3216030.95
"asia","Asia, regional",2003,313889.33
"asia","Asia, regional",2004,3163940.65
"asia","Asia, regional",2005,1493055.99
"asia","Asia, regional",2007,5013072.95
"asia","Asia, regional",2008,52451080.1
"asia","Asia, regional",2009,16787950.66
"asia","Asia, regional",2010,6046952.81
"asia","Asia, regional",2011,5856128.63
"asia","Asia, regional",2012,10207.38
"asia","Asia, regional",2013,0
"asia","Asia, regional",2014,292405.83
"asia","Asia, regional",2015,497121.57
"AZ","Azerbaijan",1997,0
"AZ","Azerbaijan",2002,28924.01
"AZ","Azerbaijan",2003,57266.93
"AZ","Azerbaijan",2004,70334.39
"AZ","Azerbaijan",2005,68978.56
"AZ","Azerbaijan",2006,104381.52
"AZ","Azerbaijan",2007,9270.76
"AZ","Azerbaijan",2008,280934.96
"AZ","Azerbaijan",2009,51504.42
"AZ","Azerbaijan",2010,51949.7
"AZ","Azerbaijan",2011,38963.12
"AZ","Azerbaijan",2013,39891.13
"AZ","Azerbaijan",2014,542.87
"AZ","Azerbaijan",2015,11871.18
"BD","Bangladesh",1997,0
"BD","Bangladesh",1998,0
"BD","Bangladesh",1999,54747.48
"BD","Bangladesh",2000,38672.41
"BD","Bangladesh",2001,134313
"BD","Bangladesh",2002,2294869.11
"BD","Bangladesh",2003,6343475.21
"BD","Bangladesh",2004,96322.33
"BD","Bangladesh",2005,205520.39
"BD","Bangladesh",2006,1318125.93
"BD","Bangladesh",2007,10075468.81
"BD","Bangladesh",2008,7688231.94
"BD","Bangladesh",2009,2889266.93
"BD","Bangladesh",2010,5053616.81
"BD","Bangladesh",2011,3583066.5
"BD","Bangladesh",2012,540721.08
"BD","Bangladesh",2013,569421.84
"BD","Bangladesh",2014,30214.31
"BD","Bangladesh",2015,111027.5
"BB","Barbados",2000,10492.05
"BB","Barbados",2001,24551.87
"BB","Barbados",2002,25016.64
"BB","Barbados",2003,24159.9
"BB","Barbados",2004,25202.95
"BB","Barbados",2005,28369.77
"BB","Barbados",2006,22070.74
"BB","Barbados",2007,3236.05
"BB","Barbados",2008,121628.32
"BB","Barbados",2009,22770.45
"BB","Barbados",2010,35904.08
"BY","Belarus",2005,39367.42
"BY","Belarus",2007,309.29
"BY","Belarus",2008,102611.01
"BY","Belarus",2009,194203.06
"BY","Belarus",2010,215711.66
"BY","Belarus",2011,146823.21
"BY","Belarus",2012,92873.98
"BY","Belarus",2013,125838.13
"BY","Belarus",2014,77393.31
"BY","Belarus",2015,27637.75
"BZ","Belize",1993,0
"BZ","Belize",1998,0
"BZ","Belize",1999,132110.35
"BZ","Belize",2000,90292.95
"BZ","Belize",2001,122759.36
"BZ","Belize",2002,198986.62
"BZ","Belize",2003,185725.22
"BZ","Belize",2004,188456.07
"BZ","Belize",2005,247402.58
"BZ","Belize",2006,22048.21
"BZ","Belize",2007,2562.71
"BZ","Belize",2008,2067.45
"BZ","Belize",2009,209897.16
"BZ","Belize",2010,172369.95
"BZ","Belize",2011,36377.26
"BZ","Belize",2012,0
"BZ","Belize",2013,8739.9
"BZ","Belize",2014,0
"BZ","Belize",2015,0
"BJ","Benin",1997,0
"BJ","Benin",1998,0
"BJ","Benin",1999,772248.16
"BJ","Benin",2000,788184.61
"BJ","Benin",2001,947412.36
"BJ","Benin",2002,475257.94
"BJ","Benin",2003,1971120.34
"BJ","Benin",2004,318860.4
"BJ","Benin",2005,450424.84
"BJ","Benin",2006,2073065.33
"BJ","Benin",2007,1324941.65
"BJ","Benin",2008,1567321.7
"BJ","Benin",2009,1812117.83
"BJ","Benin",2010,921572.25
"BJ","Benin",2011,982853.61
"BJ","Benin",2012,476939.8
"BJ","Benin",2013,519420.76
"BJ","Benin",2014,516203.46
"BJ","Benin",2015,209256.25
"BT","Bhutan",2006,1585.95
"BT","Bhutan",2011,5596.23
"BT","Bhutan",2015,893.74
"bilateral-unspecified","Bilateral, unspecified",1997,0
"bilateral-unspecified","Bilateral, unspecified",1998,0
"bilateral-unspecified","Bilateral, unspecified",1999,96964237.52
"bilateral-unspecified","Bilateral, unspecified",2000,145834704.52
"bilateral-unspecified","Bilateral, unspecified",2001,193779152.98
"bilateral-unspecified","Bilateral, unspecified",2002,180108470.44
"bilateral-unspecified","Bilateral, unspecified",2003,187959132.49
"bilateral-unspecified","Bilateral, unspecified",2004,201728612.89
"bilateral-unspecified","Bilateral, unspecified",2005,217051542.88
"bilateral-unspecified","Bilateral, unspecified",2006,280667036.94
"bilateral-unspecified","Bilateral, unspecified",2007,818250948.39
"bilateral-unspecified","Bilateral, unspecified",2008,618109114.76
"bilateral-unspecified","Bilateral, unspecified",2009,594660689.88
"bilateral-unspecified","Bilateral, unspecified",2010,802918147.81
"bilateral-unspecified","Bilateral, unspecified",2011,414700826.44
"bilateral-unspecified","Bilateral, unspecified",2012,257267836.81
"bilateral-unspecified","Bilateral, unspecified",2013,210580184.24
"bilateral-unspecified","Bilateral, unspecified",2014,182346258.05
"bilateral-unspecified","Bilateral, unspecified",2015,239748472.74
"BO","Bolivia",1988,0
"BO","Bolivia",1992,0
"BO","Bolivia",1993,4113696.48
"BO","Bolivia",1994,0
"BO","Bolivia",1995,2145452.63
"BO","Bolivia",1996,0
"BO","Bolivia",1997,1741137.45
"BO","Bolivia",1998,25915505.1
"BO","Bolivia",1999,28255445.53
"BO","Bolivia",2000,51874647.36
"BO","Bolivia",2001,57396482.23
"BO","Bolivia",2002,53340616.52
"BO","Bolivia",2003,64955615.31
"BO","Bolivia",2004,56308038.37
"BO","Bolivia",2005,51194766.86
"BO","Bolivia",2006,46317387.58
"BO","Bolivia",2007,56084929.26
"BO","Bolivia",2008,74909443.01
"BO","Bolivia",2009,79681567.97
"BO","Bolivia",2010,124735876.49
"BO","Bolivia",2011,43028716.94
"BO","Bolivia",2012,26377831.13
"BO","Bolivia",2013,19213905.51
"BO","Bolivia",2014,18826009.39
"BO","Bolivia",2015,11625143.84
"BA","Bosnia & Herzegovina",1997,0
"BA","Bosnia & Herzegovina",1998,17019923.88
"BA","Bosnia & Herzegovina",1999,44108357.39
"BA","Bosnia & Herzegovina",2000,56664075.2
"BA","Bosnia & Herzegovina",2001,40519950.34
"BA","Bosnia & Herzegovina",2002,40942184.7
"BA","Bosnia & Herzegovina",2003,36188577.86
"BA","Bosnia & Herzegovina",2004,25575288.18
"BA","Bosnia & Herzegovina",2005,7763313.43
"BA","Bosnia & Herzegovina",2006,19318216.86
"BA","Bosnia & Herzegovina",2007,19379877.36
"BA","Bosnia & Herzegovina",2008,33034014.23
"BA","Bosnia & Herzegovina",2009,29390029.35
"BA","Bosnia & Herzegovina",2010,17634973.75
"BA","Bosnia & Herzegovina",2011,30154414.48
"BA","Bosnia & Herzegovina",2012,65205.89
"BA","Bosnia & Herzegovina",2013,704815.89
"BA","Bosnia & Herzegovina",2014,727308.72
"BA","Bosnia & Herzegovina",2015,31394.3
"BW","Botswana",2000,3765.22
"BW","Botswana",2001,11553.82
"BW","Botswana",2002,11456.24
"BW","Botswana",2003,11032.44
"BW","Botswana",2004,15370.62
"BW","Botswana",2005,150518.97
"BW","Botswana",2006,144778.95
"BW","Botswana",2013,1733.74
"BW","Botswana",2014,8681.41
"BW","Botswana",2015,43.37
"BR","Brazil",1997,0
"BR","Brazil",1998,0
"BR","Brazil",1999,7849740.55
"BR","Brazil",2000,9097436.07
"BR","Brazil",2001,10480752.21
"BR","Brazil",2002,9080065.67
"BR","Brazil",2003,8369272.28
"BR","Brazil",2004,10183161.01
"BR","Brazil",2005,10077713.01
"BR","Brazil",2006,16264310.18
"BR","Brazil",2007,26223166.04
"BR","Brazil",2008,28687828.96
"BR","Brazil",2009,51750382.3
"BR","Brazil",2010,22296836.94
"BR","Brazil",2011,16982665.68
"BR","Brazil",2012,9159227.1
"BR","Brazil",2013,6237075.23
"BR","Brazil",2014,4461219.96
"BR","Brazil",2015,4371647.01
"BF","Burkina Faso",1997,0
"BF","Burkina Faso",1998,2165522.8
"BF","Burkina Faso",1999,7898059.88
"BF","Burkina Faso",2000,3990152.53
"BF","Burkina Faso",2001,1760512.18
"BF","Burkina Faso",2002,4022682.46
"BF","Burkina Faso",2003,6577217.64
"BF","Burkina Faso",2004,2648892.33
"BF","Burkina Faso",2005,3314836.39
"BF","Burkina Faso",2006,3468657.19
"BF","Burkina Faso",2007,3654400.12
"BF","Burkina Faso",2008,9449126.26
"BF","Burkina Faso",2009,6684287.05
"BF","Burkina Faso",2010,10379986.66
"BF","Burkina Faso",2011,2439407.88
"BF","Burkina Faso",2012,1253109.23
"BF","Burkina Faso",2013,2377178.57
"BF","Burkina Faso",2014,1705689.02
"BF","Burkina Faso",2015,798440.51
"BI","Burundi",1997,0
"BI","Burundi",1998,0
"BI","Burundi",1999,178339.66
"BI","Burundi",2000,129669.73
"BI","Burundi",2001,815988.43
"BI","Burundi",2002,281952.95
"BI","Burundi",2003,393213.9
"BI","Burundi",2004,822661.26
"BI","Burundi",2005,680112.37
"BI","Burundi",2006,205963.82
"BI","Burundi",2007,1935697.15
"BI","Burundi",2008,1467369.12
"BI","Burundi",2009,2045588.63
"BI","Burundi",2010,1045451.09
"BI","Burundi",2011,164049.46
"BI","Burundi",2012,1740711.38
"BI","Burundi",2013,181262.93
"BI","Burundi",2014,187053.1
"BI","Burundi",2015,373197.2
"CI","Côte d'Ivoire",1996,0
"CI","Côte d'Ivoire",1997,3560374.47
"CI","Côte d'Ivoire",1998,16318895.51
"CI","Côte d'Ivoire",1999,22775883.92
"CI","Côte d'Ivoire",2000,20006663.12
"CI","Côte d'Ivoire",2001,11464270.95
"CI","Côte d'Ivoire",2002,63788847.89
"CI","Côte d'Ivoire",2003,1322121.64
"CI","Côte d'Ivoire",2004,4053168.9
"CI","Côte d'Ivoire",2005,3581501.75
"CI","Côte d'Ivoire",2006,4048930.69
"CI","Côte d'Ivoire",2007,2016781.87
"CI","Côte d'Ivoire",2008,4073527.02
"CI","Côte d'Ivoire",2009,39661390.16
"CI","Côte d'Ivoire",2010,4188917.89
"CI","Côte d'Ivoire",2011,3597965.03
"CI","Côte d'Ivoire",2012,18420270.68
"CI","Côte d'Ivoire",2013,196879472.96
"CI","Côte d'Ivoire",2014,411596.68
"CI","Côte d'Ivoire",2015,449470.13
"KH","Cambodia",1999,36153.07
"KH","Cambodia",2000,41688.31
"KH","Cambodia",2001,89541.96
"KH","Cambodia",2002,99516.75
"KH","Cambodia",2003,147126.38
"KH","Cambodia",2004,61501.11
"KH","Cambodia",2005,640728.2
"KH","Cambodia",2006,1862534.73
"KH","Cambodia",2007,7110816.25
"KH","Cambodia",2008,9198747.51
"KH","Cambodia",2009,20598501.52
"KH","Cambodia",2010,19503145.34
"KH","Cambodia",2011,17028936.54
"KH","Cambodia",2012,16316500.39
"KH","Cambodia",2013,4478779.04
"KH","Cambodia",2014,218896.25
"KH","Cambodia",2015,42843.58
"CM","Cameroon",1990,0
"CM","Cameroon",1997,31630903.21
"CM","Cameroon",1998,14314004.48
"CM","Cameroon",1999,2003376.62
"CM","Cameroon",2000,1043579.6
"CM","Cameroon",2001,1354685.78
"CM","Cameroon",2002,2218973.75
"CM","Cameroon",2003,1509865.65
"CM","Cameroon",2004,1613167.96
"CM","Cameroon",2005,1558169.81
"CM","Cameroon",2006,2821796.46
"CM","Cameroon",2007,14061424.25
"CM","Cameroon",2008,13878499.81
"CM","Cameroon",2009,10616517.72
"CM","Cameroon",2010,7641882.12
"CM","Cameroon",2011,3355581.01
"CM","Cameroon",2012,960307.11
"CM","Cameroon",2013,1389914.52
"CM","Cameroon",2014,897135.56
"CM","Cameroon",2015,757091.58
"CV","Cape Verde",1995,1096271.85
"CV","Cape Verde",1997,0
"CV","Cape Verde",1998,0
"CV","Cape Verde",1999,2550074.78
"CV","Cape Verde",2000,2085765.85
"CV","Cape Verde",2001,3146970.85
"CV","Cape Verde",2002,2969237.39
"CV","Cape Verde",2003,2599058.54
"CV","Cape Verde",2004,9520175.52
"CV","Cape Verde",2005,4459918.82
"CV","Cape Verde",2006,5425583.61
"CV","Cape Verde",2007,17442459.59
"CV","Cape Verde",2008,15828960.17
"CV","Cape Verde",2009,16873884
"CV","Cape Verde",2010,17943481.97
"CV","Cape Verde",2011,12829016.06
"CV","Cape Verde",2012,4809130.63
"CV","Cape Verde",2013,4949665.53
"CV","Cape Verde",2014,460851.58
"CV","Cape Verde",2015,691365.72
"CF","CAR",1997,0
"CF","CAR",1999,316112.65
"CF","CAR",2000,271114.4
"CF","CAR",2002,174139.91
"CF","CAR",2003,263565.31
"CF","CAR",2004,99487.04
"CF","CAR",2005,567115.53
"CF","CAR",2006,610324.63
"CF","CAR",2007,814967.14
"CF","CAR",2008,1674623.38
"CF","CAR",2009,1836480.63
"CF","CAR",2010,2770336.57
"CF","CAR",2011,1149969.47
"CF","CAR",2012,55011.9
"CF","CAR",2013,99041.64
"CF","CAR",2014,1196110.32
"CF","CAR",2015,1819083.5
"central-asia","Central Asia, regional",2006,18439.86
"central-asia","Central Asia, regional",2010,7631582.98
"central-asia","Central Asia, regional",2012,93858.87
"central-asia","Central Asia, regional",2013,61191.39
"central-asia","Central Asia, regional",2014,992386.34
"central-asia","Central Asia, regional",2015,893.74
"TD","Chad",1989,0
"TD","Chad",1991,0
"TD","Chad",1997,0
"TD","Chad",1998,0
"TD","Chad",1999,737578.94
"TD","Chad",2000,378976.92
"TD","Chad",2001,447710.77
"TD","Chad",2002,740549.75
"TD","Chad",2003,1178193.08
"TD","Chad",2004,3710946.92
"TD","Chad",2005,2867854.97
"TD","Chad",2006,4639129.55
"TD","Chad",2007,3700075.36
"TD","Chad",2008,9320487.79
"TD","Chad",2009,10664380.66
"TD","Chad",2010,6683582.84
"TD","Chad",2011,8099706.39
"TD","Chad",2012,992778.5
"TD","Chad",2013,803592.45
"TD","Chad",2014,714554.59
"TD","Chad",2015,320840.2
"CL","Chile",1991,0
"CL","Chile",1993,0
"CL","Chile",1997,0
"CL","Chile",1998,0
"CL","Chile",1999,3854496.19
"CL","Chile",2000,2405730.95
"CL","Chile",2001,3177297.68
"CL","Chile",2002,4156030.06
"CL","Chile",2003,2497851.75
"CL","Chile",2004,3500108.97
"CL","Chile",2005,4097837.79
"CL","Chile",2006,4070900.05
"CL","Chile",2007,5368559.43
"CL","Chile",2008,5562291.39
"CL","Chile",2009,7580345.55
"CL","Chile",2010,9513372.61
"CL","Chile",2011,6619186.61
"CL","Chile",2012,724021.81
"CL","Chile",2013,730268.89
"CL","Chile",2014,1006995.85
"CL","Chile",2015,873366.05
"CN","China",1988,0
"CN","China",1989,0
"CN","China",1990,0
"CN","China",1991,0
"CN","China",1992,0
"CN","China",1993,28816083
"CN","China",1994,72471886.03
"CN","China",1995,13527370.52
"CN","China",1996,0
"CN","China",1997,46375217.42
"CN","China",1998,22301218.97
"CN","China",1999,67509410.85
"CN","China",2000,75880872.38
"CN","China",2001,63162776.56
"CN","China",2002,74477544.63
"CN","China",2003,67883212.49
"CN","China",2004,60116762.41
"CN","China",2005,52401639.48
"CN","China",2006,54803967.53
"CN","China",2007,86119251.47
"CN","China",2008,61169157.74
"CN","China",2009,66214458.77
"CN","China",2010,33064197.68
"CN","China",2011,14530214.15
"CN","China",2012,3163372.24
"CN","China",2013,2508643.16
"CN","China",2014,1987283.51
"CN","China",2015,2526453.49
"CO","Colombia",1990,0
"CO","Colombia",1991,0
"CO","Colombia",1995,16424703.83
"CO","Colombia",1996,0
"CO","Colombia",1997,19563713.64
"CO","Colombia",1998,7619344.58
"CO","Colombia",1999,29029840.84
"CO","Colombia",2000,25056188.31
"CO","Colombia",2001,43383175.69
"CO","Colombia",2002,36269500.97
"CO","Colombia",2003,22512929.34
"CO","Colombia",2004,25124637.25
"CO","Colombia",2005,45991822.6
"CO","Colombia",2006,51134592.92
"CO","Colombia",2007,53033621.51
"CO","Colombia",2008,72269702.97
"CO","Colombia",2009,125314972.78
"CO","Colombia",2010,54304367.24
"CO","Colombia",2011,46079836.62
"CO","Colombia",2012,22648686.67
"CO","Colombia",2013,33284811.32
"CO","Colombia",2014,22910422.98
"CO","Colombia",2015,14901373.6
"KM","Comoros",2008,41983.57
"KM","Comoros",2013,12450.67
"CG","Congo",1988,0
"CG","Congo",1990,0
"CG","Congo",1997,0
"CG","Congo",1998,0
"CG","Congo",1999,109028.35
"CG","Congo",2000,42979.38
"CG","Congo",2001,1338797.73
"CG","Congo",2002,0
"CG","Congo",2003,158461.84
"CG","Congo",2004,192218.64
"CG","Congo",2005,134522996.35
"CG","Congo",2006,416166.69
"CG","Congo",2007,793743.19
"CG","Congo",2008,533104.85
"CG","Congo",2009,34690399.05
"CG","Congo",2010,412386.79
"CG","Congo",2011,418991.77
"CG","Congo",2012,1311189.49
"CG","Congo",2013,1227983.29
"CG","Congo",2014,256314.54
"CG","Congo",2015,122568.62
"CR","Costa Rica",1988,0
"CR","Costa Rica",1989,0
"CR","Costa Rica",1990,0
"CR","Costa Rica",1997,0
"CR","Costa Rica",1998,0
"CR","Costa Rica",1999,16084280.35
"CR","Costa Rica",2000,19112136.51
"CR","Costa Rica",2001,6208463.05
"CR","Costa Rica",2002,15337581.42
"CR","Costa Rica",2003,13271478.4
"CR","Costa Rica",2004,11130014.1
"CR","Costa Rica",2005,3095120.33
"CR","Costa Rica",2006,3695755
"CR","Costa Rica",2007,9547476.54
"CR","Costa Rica",2008,13592834.25
"CR","Costa Rica",2009,9028202.09
"CR","Costa Rica",2010,5976704.98
"CR","Costa Rica",2011,5251437.73
"CR","Costa Rica",2012,1097813.96
"CR","Costa Rica",2013,1229009.52
"CR","Costa Rica",2014,1882636.94
"CR","Costa Rica",2015,945977.22
"HR","Croatia",1997,0
"HR","Croatia",1998,0
"HR","Croatia",1999,419925.86
"HR","Croatia",2000,440394.59
"HR","Croatia",2001,876645.11
"HR","Croatia",2002,917158.8
"HR","Croatia",2003,561273.56
"HR","Croatia",2004,589417.8
"HR","Croatia",2005,339094.02
"HR","Croatia",2006,1112796.66
"HR","Croatia",2008,733334.57
"HR","Croatia",2009,563855.16
"HR","Croatia",2010,372783.39
"CU","Cuba",1988,0
"CU","Cuba",1989,0
"CU","Cuba",1990,0
"CU","Cuba",1997,0
"CU","Cuba",1998,0
"CU","Cuba",1999,18441184.33
"CU","Cuba",2000,17267612.1
"CU","Cuba",2001,15515327.2
"CU","Cuba",2002,19604137.2
"CU","Cuba",2003,17151095.97
"CU","Cuba",2004,17135278.94
"CU","Cuba",2005,15099399.67
"CU","Cuba",2006,16593584.1
"CU","Cuba",2007,17241445.49
"CU","Cuba",2008,35705273.64
"CU","Cuba",2009,30142866.27
"CU","Cuba",2010,36178380.59
"CU","Cuba",2011,15814872.56
"CU","Cuba",2012,6725630.66
"CU","Cuba",2013,11188549.93
"CU","Cuba",2014,4572483.82
"CU","Cuba",2015,125847733.83
"DJ","Djibouti",1997,1539849.88
"DJ","Djibouti",1998,2011117.63
"DJ","Djibouti",1999,0
"DJ","Djibouti",2000,0
"DJ","Djibouti",2001,0
"DJ","Djibouti",2002,0
"DJ","Djibouti",2003,0
"DJ","Djibouti",2004,3279.56
"DJ","Djibouti",2005,0
"DJ","Djibouti",2006,0
"DJ","Djibouti",2007,1253081.7
"DJ","Djibouti",2008,438726.43
"DJ","Djibouti",2009,1488450.59
"DJ","Djibouti",2010,16993.9
"DJ","Djibouti",2011,651689.5
"DJ","Djibouti",2012,5563.81
"DJ","Djibouti",2013,0
"DJ","Djibouti",2014,0
"DJ","Djibouti",2015,0
"DM","Dominica",1999,152197.59
"DM","Dominica",2005,1765.51
"DM","Dominica",2011,35364.78
"DM","Dominica",2014,99053.61
"DM","Dominica",2015,121294.49
"DO","Dominican Republic",1995,4262385.65
"DO","Dominican Republic",1996,0
"DO","Dominican Republic",1997,2888476.57
"DO","Dominican Republic",1998,14741993.21
"DO","Dominican Republic",1999,37203900.69
"DO","Dominican Republic",2000,25830213.35
"DO","Dominican Republic",2001,27452100.95
"DO","Dominican Republic",2002,56007130.97
"DO","Dominican Republic",2003,30585371.05
"DO","Dominican Republic",2004,32797640.53
"DO","Dominican Republic",2005,23508157.62
"DO","Dominican Republic",2006,19826592.52
"DO","Dominican Republic",2007,23813572.55
"DO","Dominican Republic",2008,41377690.28
"DO","Dominican Republic",2009,26857879.82
"DO","Dominican Republic",2010,46021920.2
"DO","Dominican Republic",2011,45006124.04
"DO","Dominican Republic",2012,13216435.93
"DO","Dominican Republic",2013,16521059.13
"DO","Dominican Republic",2014,6794380.26
"DO","Dominican Republic",2015,11776943.98
"CD","DRC",1990,0
"CD","DRC",1998,0
"CD","DRC",1999,1502054.51
"CD","DRC",2000,1385862.11
"CD","DRC",2001,3113754.66
"CD","DRC",2002,4931701.55
"CD","DRC",2003,6661941.5
"CD","DRC",2004,6541618.11
"CD","DRC",2005,10108240.83
"CD","DRC",2006,18067041.11
"CD","DRC",2007,13174097.52
"CD","DRC",2008,33673077.92
"CD","DRC",2009,27050814.53
"CD","DRC",2010,258750025.65
"CD","DRC",2011,24403657.43
"CD","DRC",2012,14469037.07
"CD","DRC",2013,7985082.59
"CD","DRC",2014,4469082.62
"CD","DRC",2015,4324835.95
"EC","Ecuador",1989,0
"EC","Ecuador",1990,0
"EC","Ecuador",1991,0
"EC","Ecuador",1992,0
"EC","Ecuador",1994,26502758.51
"EC","Ecuador",1996,0
"EC","Ecuador",1997,15816889.38
"EC","Ecuador",1998,20093999.48
"EC","Ecuador",1999,23558405.66
"EC","Ecuador",2000,48808483.17
"EC","Ecuador",2001,37810747.72
"EC","Ecuador",2002,57799537.29
"EC","Ecuador",2003,35537557.02
"EC","Ecuador",2004,28859833.48
"EC","Ecuador",2005,38381823.65
"EC","Ecuador",2006,39066100.61
"EC","Ecuador",2007,53433758.87
"EC","Ecuador",2008,72859641.92
"EC","Ecuador",2009,52371057.78
"EC","Ecuador",2010,64216041.77
"EC","Ecuador",2011,34392761.7
"EC","Ecuador",2012,21166693.85
"EC","Ecuador",2013,21104633.81
"EC","Ecuador",2014,9024764.28
"EC","Ecuador",2015,7503237.96
"EG","Egypt",1997,0
"EG","Egypt",1998,0
"EG","Egypt",1999,3398955.8
"EG","Egypt",2000,8053115.17
"EG","Egypt",2001,8714472.32
"EG","Egypt",2002,14424393.3
"EG","Egypt",2003,11100179.55
"EG","Egypt",2004,20485868.11
"EG","Egypt",2005,28249319
"EG","Egypt",2006,31323992.11
"EG","Egypt",2007,12236090.39
"EG","Egypt",2008,12710001.51
"EG","Egypt",2009,16691173.53
"EG","Egypt",2010,6625762.81
"EG","Egypt",2011,13573543.91
"EG","Egypt",2012,3467613.56
"EG","Egypt",2013,3018507.5
"EG","Egypt",2014,1438348.85
"EG","Egypt",2015,868402.53
"SV","El Salvador",1993,997390.97
"SV","El Salvador",1997,4109141.88
"SV","El Salvador",1998,5691248.18
"SV","El Salvador",1999,29159213.68
"SV","El Salvador",2000,34755698.88
"SV","El Salvador",2001,74104103.31
"SV","El Salvador",2002,45369461.45
"SV","El Salvador",2003,32000800.56
"SV","El Salvador",2004,28543308.64
"SV","El Salvador",2005,42284130.3
"SV","El Salvador",2006,42179759.52
"SV","El Salvador",2007,45916545.23
"SV","El Salvador",2008,66099874.12
"SV","El Salvador",2009,102430834.98
"SV","El Salvador",2010,74188559.84
"SV","El Salvador",2011,37782856.93
"SV","El Salvador",2012,16135045.86
"SV","El Salvador",2013,29523948.37
"SV","El Salvador",2014,17990436.81
"SV","El Salvador",2015,13999155.77
"GQ","Equatorial Guinea",1988,0
"GQ","Equatorial Guinea",1997,0
"GQ","Equatorial Guinea",1998,0
"GQ","Equatorial Guinea",1999,12225241.55
"GQ","Equatorial Guinea",2000,16464419.02
"GQ","Equatorial Guinea",2001,13125139.42
"GQ","Equatorial Guinea",2002,12708142.28
"GQ","Equatorial Guinea",2003,14038156.23
"GQ","Equatorial Guinea",2004,18602026
"GQ","Equatorial Guinea",2005,23699176.01
"GQ","Equatorial Guinea",2006,14197155.61
"GQ","Equatorial Guinea",2007,16350106.79
"GQ","Equatorial Guinea",2008,10743219.55
"GQ","Equatorial Guinea",2009,16988300.9
"GQ","Equatorial Guinea",2010,16645287.92
"GQ","Equatorial Guinea",2011,12356798.75
"GQ","Equatorial Guinea",2012,8064471.95
"GQ","Equatorial Guinea",2013,1523734.24
"GQ","Equatorial Guinea",2014,1615015.8
"GQ","Equatorial Guinea",2015,2194195.4
"ER","Eritrea",1997,0
"ER","Eritrea",1998,0
"ER","Eritrea",1999,333288.85
"ER","Eritrea",2000,562263.22
"ER","Eritrea",2001,366833.5
"ER","Eritrea",2002,122338.86
"ER","Eritrea",2003,981398.03
"ER","Eritrea",2004,208873.4
"ER","Eritrea",2005,314218.69
"ER","Eritrea",2006,1105392.22
"ER","Eritrea",2007,181150.28
"ER","Eritrea",2008,1366158.19
"ER","Eritrea",2010,151098.21
"ER","Eritrea",2011,25182.44
"ER","Eritrea",2013,123622.91
"ER","Eritrea",2015,120232.74
"ET","Ethiopia",1990,0
"ET","Ethiopia",1997,0
"ET","Ethiopia",1998,0
"ET","Ethiopia",1999,1013563.46
"ET","Ethiopia",2000,778460.68
"ET","Ethiopia",2001,709115.06
"ET","Ethiopia",2002,4143087.66
"ET","Ethiopia",2003,4084373.97
"ET","Ethiopia",2004,2536776.74
"ET","Ethiopia",2005,6002204.32
"ET","Ethiopia",2006,9182342.05
"ET","Ethiopia",2007,23093337.29
"ET","Ethiopia",2008,47169797.13
"ET","Ethiopia",2009,67701539.22
"ET","Ethiopia",2010,33344985.12
"ET","Ethiopia",2011,31250746.49
"ET","Ethiopia",2012,12818105.92
"ET","Ethiopia",2013,6891481.98
"ET","Ethiopia",2014,6705641.72
"ET","Ethiopia",2015,6953589.63
"europe","Europe, regional",1997,0
"europe","Europe, regional",1999,72641.98
"europe","Europe, regional",2000,1066469.09
"europe","Europe, regional",2001,2421967.83
"europe","Europe, regional",2005,3348812.81
"europe","Europe, regional",2006,177846.3
"europe","Europe, regional",2007,6197294.36
"europe","Europe, regional",2008,23359670.27
"europe","Europe, regional",2009,3529499.67
"europe","Europe, regional",2010,5574634.49
"europe","Europe, regional",2011,490732.08
"europe","Europe, regional",2012,682862.78
"europe","Europe, regional",2013,445904.12
"europe","Europe, regional",2014,1947463.74
"europe","Europe, regional",2015,1569553.01
"east-asia","Far East Asia, regional",1997,0
"east-asia","Far East Asia, regional",2000,23765.11
"east-asia","Far East Asia, regional",2001,1155380.61
"east-asia","Far East Asia, regional",2002,245898.61
"east-asia","Far East Asia, regional",2003,4282960.82
"east-asia","Far East Asia, regional",2004,419546.84
"east-asia","Far East Asia, regional",2005,154595.96
"east-asia","Far East Asia, regional",2007,957700.54
"east-asia","Far East Asia, regional",2008,8701196.55
"east-asia","Far East Asia, regional",2009,225189
"east-asia","Far East Asia, regional",2010,16731581.89
"east-asia","Far East Asia, regional",2011,286526.29
"east-asia","Far East Asia, regional",2012,28476.63
"east-asia","Far East Asia, regional",2014,24130.55
"east-asia","Far East Asia, regional",2015,2785.81
"FJ","Fiji",2001,17330.71
"GA","Gabon",1997,0
"GA","Gabon",1998,0
"GA","Gabon",1999,571179.88
"GA","Gabon",2000,781170.15
"GA","Gabon",2001,415937.87
"GA","Gabon",2002,152066.81
"GA","Gabon",2003,278937.08
"GA","Gabon",2004,227592.02
"GA","Gabon",2005,184129.5
"GA","Gabon",2006,167497.24
"GA","Gabon",2007,131009.64
"GA","Gabon",2008,347482.16
"GA","Gabon",2009,118684.85
"GA","Gabon",2010,127903.98
"GA","Gabon",2011,81404.02
"GA","Gabon",2012,0
"GA","Gabon",2013,74955.4
"GA","Gabon",2014,7607.38
"GA","Gabon",2015,18820.77
"GM","Gambia",1999,28754.52
"GM","Gambia",2001,181973.29
"GM","Gambia",2002,94863.95
"GM","Gambia",2003,8904.11
"GM","Gambia",2005,229915.03
"GM","Gambia",2006,281565.44
"GM","Gambia",2007,3865316.36
"GM","Gambia",2008,1711501.31
"GM","Gambia",2009,1675928.11
"GM","Gambia",2010,3357985.21
"GM","Gambia",2011,4604338.52
"GM","Gambia",2012,2223405.96
"GM","Gambia",2013,1616015.74
"GM","Gambia",2014,221251.85
"GM","Gambia",2015,207042.87
"GE","Georgia",1997,0
"GE","Georgia",1998,0
"GE","Georgia",1999,481894.81
"GE","Georgia",2000,87141.77
"GE","Georgia",2001,83765.04
"GE","Georgia",2002,575457.7
"GE","Georgia",2003,96852.98
"GE","Georgia",2004,90984.82
"GE","Georgia",2005,97110.66
"GE","Georgia",2006,166202.4
"GE","Georgia",2008,2097044.26
"GE","Georgia",2009,123635.49
"GE","Georgia",2010,107555.76
"GE","Georgia",2011,85510.69
"GE","Georgia",2013,38356.91
"GE","Georgia",2014,24915.37
"GE","Georgia",2015,215132.4
"GH","Ghana",1989,0
"GH","Ghana",1996,0
"GH","Ghana",1997,2386695.42
"GH","Ghana",1998,11697404.46
"GH","Ghana",1999,21049950.76
"GH","Ghana",2000,9248423.25
"GH","Ghana",2001,5991562.11
"GH","Ghana",2002,13298245.53
"GH","Ghana",2003,15370936.46
"GH","Ghana",2004,20154666.04
"GH","Ghana",2005,38873075.3
"GH","Ghana",2006,1998735.23
"GH","Ghana",2007,5025995.89
"GH","Ghana",2008,13660916.98
"GH","Ghana",2009,82291649.28
"GH","Ghana",2010,15826213.64
"GH","Ghana",2011,4831354.64
"GH","Ghana",2012,606263.31
"GH","Ghana",2013,1024840.15
"GH","Ghana",2014,121421.47
"GH","Ghana",2015,1132400.22
"GD","Grenada",2004,384866.44
"GD","Grenada",2010,54283.41
"GD","Grenada",2014,427256.67
"GT","Guatemala",1993,0
"GT","Guatemala",1997,0
"GT","Guatemala",1998,0
"GT","Guatemala",1999,26923488.1
"GT","Guatemala",2000,23700325.3
"GT","Guatemala",2001,30693865.2
"GT","Guatemala",2002,25766164.85
"GT","Guatemala",2003,28717908.95
"GT","Guatemala",2004,23159416.22
"GT","Guatemala",2005,38785031.12
"GT","Guatemala",2006,211992016.47
"GT","Guatemala",2007,207675927.88
"GT","Guatemala",2008,199365156.14
"GT","Guatemala",2009,89354301.37
"GT","Guatemala",2010,78463085.59
"GT","Guatemala",2011,36965175.07
"GT","Guatemala",2012,20320512.1
"GT","Guatemala",2013,12641621.73
"GT","Guatemala",2014,14146880.51
"GT","Guatemala",2015,13285262.41
"GN","Guinea",1997,0
"GN","Guinea",1998,0
"GN","Guinea",1999,677681.8
"GN","Guinea",2000,10365.63
"GN","Guinea",2001,720668.6
"GN","Guinea",2002,584213.8
"GN","Guinea",2003,8904.11
"GN","Guinea",2005,549920.71
"GN","Guinea",2006,1107663.08
"GN","Guinea",2007,1839069.27
"GN","Guinea",2008,2249583.99
"GN","Guinea",2009,3708507.78
"GN","Guinea",2010,1751204.08
"GN","Guinea",2011,2086107.58
"GN","Guinea",2012,2783239.37
"GN","Guinea",2013,9083392.4
"GN","Guinea",2014,3588293.01
"GN","Guinea",2015,1215237.47
"GW","Guinea-Bissau",1991,0
"GW","Guinea-Bissau",1994,0
"GW","Guinea-Bissau",1997,0
"GW","Guinea-Bissau",1998,0
"GW","Guinea-Bissau",1999,211862.25
"GW","Guinea-Bissau",2000,1236796.22
"GW","Guinea-Bissau",2001,1227592.01
"GW","Guinea-Bissau",2002,1262999.51
"GW","Guinea-Bissau",2003,2377018.77
"GW","Guinea-Bissau",2004,1507823.29
"GW","Guinea-Bissau",2005,2236384.14
"GW","Guinea-Bissau",2006,4844111.35
"GW","Guinea-Bissau",2007,10128165.56
"GW","Guinea-Bissau",2008,12738779.62
"GW","Guinea-Bissau",2009,10355788.91
"GW","Guinea-Bissau",2010,7005777.86
"GW","Guinea-Bissau",2011,5108099.22
"GW","Guinea-Bissau",2012,3606248.47
"GW","Guinea-Bissau",2013,4161503.22
"GW","Guinea-Bissau",2014,393408.71
"GW","Guinea-Bissau",2015,1565352.18
"GY","Guyana",2004,1949.37
"GY","Guyana",2007,1652459.03
"GY","Guyana",2008,60869.32
"GY","Guyana",2010,4304.79
"GY","Guyana",2011,30213.56
"GY","Guyana",2012,2907.13
"GY","Guyana",2013,10309.18
"HT","Haiti",1997,0
"HT","Haiti",1998,0
"HT","Haiti",1999,1608732.09
"HT","Haiti",2000,1156778.81
"HT","Haiti",2001,4192583.76
"HT","Haiti",2002,3311232.16
"HT","Haiti",2003,1568752.33
"HT","Haiti",2004,4664329.69
"HT","Haiti",2005,10229806.23
"HT","Haiti",2006,11336106.83
"HT","Haiti",2007,11409753.95
"HT","Haiti",2008,35448633.22
"HT","Haiti",2009,115699298.27
"HT","Haiti",2010,131631123.92
"HT","Haiti",2011,74512255.72
"HT","Haiti",2012,13688293.03
"HT","Haiti",2013,5252649
"HT","Haiti",2014,11080165.92
"HT","Haiti",2015,4666428.02
"HN","Honduras",1988,0
"HN","Honduras",1989,0
"HN","Honduras",1991,0
"HN","Honduras",1992,0
"HN","Honduras",1993,964192.72
"HN","Honduras",1995,17954392.11
"HN","Honduras",1996,0
"HN","Honduras",1997,28886203.48
"HN","Honduras",1998,14271062.46
"HN","Honduras",1999,66998106.59
"HN","Honduras",2000,56823275.35
"HN","Honduras",2001,53058072.99
"HN","Honduras",2002,53519997.63
"HN","Honduras",2003,68702875.73
"HN","Honduras",2004,48020322.36
"HN","Honduras",2005,81115505.57
"HN","Honduras",2006,40714505.55
"HN","Honduras",2007,92241935.58
"HN","Honduras",2008,201462690.17
"HN","Honduras",2009,46491296.8
"HN","Honduras",2010,58548879.09
"HN","Honduras",2011,31520874.24
"HN","Honduras",2012,11634130.87
"HN","Honduras",2013,6376851.2
"HN","Honduras",2014,7966023.29
"HN","Honduras",2015,8378504.67
"IN","India",1989,0
"IN","India",1994,4189650.62
"IN","India",1997,0
"IN","India",1998,0
"IN","India",1999,5749292.58
"IN","India",2000,4396094.48
"IN","India",2001,8314414.45
"IN","India",2002,5508122.15
"IN","India",2003,7712218.29
"IN","India",2004,9773060.52
"IN","India",2005,11336965.56
"IN","India",2006,8597854.95
"IN","India",2007,8536819.77
"IN","India",2008,11083618.89
"IN","India",2009,10896457.63
"IN","India",2010,9801456.05
"IN","India",2011,6460929.28
"IN","India",2012,4941678.98
"IN","India",2013,4751916.47
"IN","India",2014,4193311.85
"IN","India",2015,2450176.17
"ID","Indonesia",1989,0
"ID","Indonesia",1990,0
"ID","Indonesia",1991,0
"ID","Indonesia",1992,0
"ID","Indonesia",1993,11281632.17
"ID","Indonesia",1994,0
"ID","Indonesia",1995,0
"ID","Indonesia",1997,62453780.63
"ID","Indonesia",1998,3442518.08
"ID","Indonesia",1999,19726094.65
"ID","Indonesia",2000,106476136.56
"ID","Indonesia",2001,65459538.5
"ID","Indonesia",2002,11397586.91
"ID","Indonesia",2003,11618774.67
"ID","Indonesia",2004,20061875.61
"ID","Indonesia",2005,33137854.3
"ID","Indonesia",2006,11060071.58
"ID","Indonesia",2007,8784748.72
"ID","Indonesia",2008,24544228
"ID","Indonesia",2009,16342185.16
"ID","Indonesia",2010,9497016.6
"ID","Indonesia",2011,4861775.22
"ID","Indonesia",2012,287525.15
"ID","Indonesia",2013,194655.84
"ID","Indonesia",2014,255782.5
"ID","Indonesia",2015,61697.38
"IR","Iran",1997,0
"IR","Iran",1998,0
"IR","Iran",1999,153606.23
"IR","Iran",2000,234183.69
"IR","Iran",2001,374054.63
"IR","Iran",2002,303518.46
"IR","Iran",2003,1397652.57
"IR","Iran",2004,3844763.31
"IR","Iran",2005,357261.7
"IR","Iran",2006,22545878.13
"IR","Iran",2007,9009032.95
"IR","Iran",2008,536957.25
"IR","Iran",2009,3578625.99
"IR","Iran",2010,167092.28
"IR","Iran",2011,241476.84
"IR","Iran",2012,188036.28
"IR","Iran",2013,804375.39
"IR","Iran",2014,216534.63
"IR","Iran",2015,358069.33
"IQ","Iraq",1997,0
"IQ","Iraq",1998,0
"IQ","Iraq",1999,1789805.3
"IQ","Iraq",2000,1213456.88
"IQ","Iraq",2001,776993.13
"IQ","Iraq",2002,1954654.55
"IQ","Iraq",2003,26482948.45
"IQ","Iraq",2004,87067073.46
"IQ","Iraq",2005,192227432.27
"IQ","Iraq",2006,184950920.9
"IQ","Iraq",2007,30154745.91
"IQ","Iraq",2008,100525492.54
"IQ","Iraq",2009,1570499.72
"IQ","Iraq",2010,328954.64
"IQ","Iraq",2011,253463.08
"IQ","Iraq",2012,110768.35
"IQ","Iraq",2013,236393.99
"IQ","Iraq",2014,604740.69
"IQ","Iraq",2015,3134248.85
"JM","Jamaica",1997,0
"JM","Jamaica",1998,0
"JM","Jamaica",1999,165137.93
"JM","Jamaica",2000,173398.55
"JM","Jamaica",2001,186305.25
"JM","Jamaica",2002,54317.16
"JM","Jamaica",2003,43402.92
"JM","Jamaica",2004,409705.18
"JM","Jamaica",2005,158871.77
"JM","Jamaica",2006,70066.7
"JM","Jamaica",2007,439519.84
"JM","Jamaica",2008,1576035.52
"JM","Jamaica",2009,372096.15
"JM","Jamaica",2010,433943.78
"JM","Jamaica",2011,201941.8
"JM","Jamaica",2012,16890.3
"JM","Jamaica",2013,165441.38
"JM","Jamaica",2014,8928.09
"JM","Jamaica",2015,39230.24
"JO","Jordan",1997,0
"JO","Jordan",1998,0
"JO","Jordan",1999,7691397.59
"JO","Jordan",2000,2523877.24
"JO","Jordan",2001,26235535.63
"JO","Jordan",2002,6611854.44
"JO","Jordan",2003,37033868.58
"JO","Jordan",2004,3873692.45
"JO","Jordan",2005,3192160.97
"JO","Jordan",2006,7575181.28
"JO","Jordan",2007,8600635.27
"JO","Jordan",2008,9853896.23
"JO","Jordan",2009,8081573.91
"JO","Jordan",2010,7786960.16
"JO","Jordan",2011,6032031.21
"JO","Jordan",2012,3506670.75
"JO","Jordan",2013,6352551.16
"JO","Jordan",2014,581348.92
"JO","Jordan",2015,4601393.91
"KZ","Kazakhstan",1998,0
"KZ","Kazakhstan",1999,178946.46
"KZ","Kazakhstan",2000,2761797.48
"KZ","Kazakhstan",2001,11516379.21
"KZ","Kazakhstan",2002,25594980.54
"KZ","Kazakhstan",2003,19832493.39
"KZ","Kazakhstan",2004,4633235.24
"KZ","Kazakhstan",2005,1123531.31
"KZ","Kazakhstan",2006,520657.76
"KZ","Kazakhstan",2007,211388.4
"KZ","Kazakhstan",2008,49868.81
"KZ","Kazakhstan",2009,109517.68
"KZ","Kazakhstan",2010,94595.09
"KZ","Kazakhstan",2011,106517.09
"KZ","Kazakhstan",2013,20341.92
"KZ","Kazakhstan",2014,10232.01
"KZ","Kazakhstan",2015,54852.41
"KE","Kenya",1997,3009249.11
"KE","Kenya",1998,4385810.97
"KE","Kenya",1999,8137569.84
"KE","Kenya",2000,4328684.58
"KE","Kenya",2001,13030251.08
"KE","Kenya",2002,5414460.97
"KE","Kenya",2003,2825027.39
"KE","Kenya",2004,2450564.19
"KE","Kenya",2005,1446337.05
"KE","Kenya",2006,7736371.65
"KE","Kenya",2007,37201552.54
"KE","Kenya",2008,30446893.54
"KE","Kenya",2009,36234230.05
"KE","Kenya",2010,7630760.01
"KE","Kenya",2011,9149622.08
"KE","Kenya",2012,978757.56
"KE","Kenya",2013,674857.33
"KE","Kenya",2014,547097.08
"KE","Kenya",2015,369005.48
"KR","Korea",1997,0
"KR","Korea",1999,108552.47
"XK","Kosovo",1999,54419236.37
"XK","Kosovo",2009,749568.09
"XK","Kosovo",2010,62180.3
"XK","Kosovo",2011,588912.01
"XK","Kosovo",2012,387296.59
"XK","Kosovo",2013,1317.19
"XK","Kosovo",2014,33510.32
"XK","Kosovo",2015,41919.51
"KG","Kyrgyzstan",1998,0
"KG","Kyrgyzstan",1999,21244.08
"KG","Kyrgyzstan",2000,30022.44
"KG","Kyrgyzstan",2001,24551.87
"KG","Kyrgyzstan",2002,18603.89
"KG","Kyrgyzstan",2003,31137.77
"KG","Kyrgyzstan",2004,65525.38
"KG","Kyrgyzstan",2005,60127.77
"KG","Kyrgyzstan",2006,50755.93
"KG","Kyrgyzstan",2007,206556.54
"KG","Kyrgyzstan",2008,2579451.22
"KG","Kyrgyzstan",2009,80143.05
"KG","Kyrgyzstan",2010,743217.67
"KG","Kyrgyzstan",2011,67384.05
"KG","Kyrgyzstan",2013,33912.58
"KG","Kyrgyzstan",2014,34850.74
"KG","Kyrgyzstan",2015,3574.96
"LA","Lao",2008,159147.4
"LA","Lao",2014,71693.73
"LA","Lao",2015,31072.28
"LB","Lebanon",1997,0
"LB","Lebanon",1998,0
"LB","Lebanon",1999,3360062.01
"LB","Lebanon",2000,3846534.6
"LB","Lebanon",2001,3505137.56
"LB","Lebanon",2002,3304613.26
"LB","Lebanon",2003,3383171.08
"LB","Lebanon",2004,3414451.62
"LB","Lebanon",2005,2484512.33
"LB","Lebanon",2006,14215522.93
"LB","Lebanon",2007,30978169.99
"LB","Lebanon",2008,40363282.79
"LB","Lebanon",2009,19458702.41
"LB","Lebanon",2010,19768442.26
"LB","Lebanon",2011,19920548.06
"LB","Lebanon",2012,12481203.76
"LB","Lebanon",2013,8727761.66
"LB","Lebanon",2014,8389519.3
"LB","Lebanon",2015,12432599.73
"LS","Lesotho",2002,0
"LS","Lesotho",2003,0
"LS","Lesotho",2004,5123.54
"LS","Lesotho",2007,991470.39
"LS","Lesotho",2008,1191332.94
"LS","Lesotho",2009,6393288.24
"LS","Lesotho",2010,0
"LS","Lesotho",2011,0
"LS","Lesotho",2012,0
"LS","Lesotho",2014,0
"LS","Lesotho",2015,0
"LR","Liberia",1997,0
"LR","Liberia",1998,0
"LR","Liberia",1999,1030124.95
"LR","Liberia",2001,180528.38
"LR","Liberia",2003,547696.07
"LR","Liberia",2005,1517565.42
"LR","Liberia",2006,1186310.02
"LR","Liberia",2007,2798589.64
"LR","Liberia",2008,18923110.13
"LR","Liberia",2009,3518111.72
"LR","Liberia",2010,1545843.92
"LR","Liberia",2011,679650.81
"LR","Liberia",2012,334455.36
"LR","Liberia",2013,56507.1
"LR","Liberia",2014,2137958.88
"LR","Liberia",2015,733859.35
"LY","Libya",1997,0
"LY","Libya",1998,0
"LY","Libya",1999,173385.46
"LY","Libya",2005,120035.74
"LY","Libya",2006,34388.38
"LY","Libya",2007,81446.94
"LY","Libya",2008,4166.83
"LY","Libya",2009,29661.38
"LY","Libya",2010,190706.67
"LY","Libya",2011,7916735.61
"LY","Libya",2012,27953.21
"LY","Libya",2013,115884.49
"LY","Libya",2015,255507.26
"MK","Macedonia",1998,0
"MK","Macedonia",1999,897288
"MK","Macedonia",2000,5950.3
"MK","Macedonia",2001,33217.24
"MK","Macedonia",2002,23228.72
"MK","Macedonia",2003,1258374.16
"MK","Macedonia",2004,2386399.12
"MK","Macedonia",2005,840283.06
"MK","Macedonia",2006,3605030.44
"MK","Macedonia",2007,1160426.14
"MK","Macedonia",2008,3172438
"MK","Macedonia",2009,1173767.73
"MK","Macedonia",2010,298094.37
"MK","Macedonia",2011,43757.72
"MK","Macedonia",2012,519.15
"MK","Macedonia",2013,92019.57
"MK","Macedonia",2014,39877.29
"MK","Macedonia",2015,26124.07
"MG","Madagascar",1997,0
"MG","Madagascar",1998,0
"MG","Madagascar",1999,321617.52
"MG","Madagascar",2000,1731349.19
"MG","Madagascar",2001,8588821.41
"MG","Madagascar",2002,4897873.14
"MG","Madagascar",2003,6212065.76
"MG","Madagascar",2004,8225861.44
"MG","Madagascar",2005,134332311.42
"MG","Madagascar",2006,151975.04
"MG","Madagascar",2007,4397943.22
"MG","Madagascar",2008,11351446.84
"MG","Madagascar",2009,1455668.55
"MG","Madagascar",2010,283667.86
"MG","Madagascar",2011,132565.82
"MG","Madagascar",2012,192750.19
"MG","Madagascar",2013,34457.2
"MG","Madagascar",2014,679417.87
"MG","Madagascar",2015,36962.17
"MW","Malawi",1990,0
"MW","Malawi",1997,0
"MW","Malawi",1998,0
"MW","Malawi",1999,265611.1
"MW","Malawi",2000,98229.7
"MW","Malawi",2001,187749.48
"MW","Malawi",2002,622188.77
"MW","Malawi",2003,321141.81
"MW","Malawi",2004,86707.44
"MW","Malawi",2005,1164774.46
"MW","Malawi",2006,1343521.21
"MW","Malawi",2007,405205.5
"MW","Malawi",2008,8067253.28
"MW","Malawi",2009,1059036.3
"MW","Malawi",2010,535320.78
"MW","Malawi",2011,566770.08
"MW","Malawi",2012,171206.88
"MW","Malawi",2013,145203.44
"MW","Malawi",2014,268674.18
"MW","Malawi",2015,102469.09
"MY","Malaysia",1997,0
"MY","Malaysia",1998,0
"MY","Malaysia",1999,93326.16
"MY","Malaysia",2000,165299.41
"MY","Malaysia",2001,98207.49
"MY","Malaysia",2002,2051905.73
"MY","Malaysia",2003,6328247.52
"MY","Malaysia",2004,926434.02
"MY","Malaysia",2005,500376.93
"MY","Malaysia",2006,336851.79
"MY","Malaysia",2007,3236.05
"MY","Malaysia",2008,0
"MY","Malaysia",2009,106001.58
"MY","Malaysia",2010,87121.06
"MY","Malaysia",2011,190058.99
"MY","Malaysia",2012,363.36
"MY","Malaysia",2013,30175.53
"MY","Malaysia",2014,48322.08
"MY","Malaysia",2015,23042.27
"MV","Maldives",2002,55315.08
"MV","Maldives",2006,177846.58
"MV","Maldives",2014,418879.01
"ML","Mali",1997,0
"ML","Mali",1998,0
"ML","Mali",1999,1660858.17
"ML","Mali",2000,100577.39
"ML","Mali",2001,1101946.26
"ML","Mali",2002,590577.98
"ML","Mali",2003,1502878.15
"ML","Mali",2004,1309326.46
"ML","Mali",2005,5205848.76
"ML","Mali",2006,8168786.72
"ML","Mali",2007,14007003.03
"ML","Mali",2008,24268835.38
"ML","Mali",2009,18031446.64
"ML","Mali",2010,23996931.84
"ML","Mali",2011,16729488.69
"ML","Mali",2012,12713144.84
"ML","Mali",2013,17679692.59
"ML","Mali",2014,10655066.03
"ML","Mali",2015,9586955.74
"MT","Malta",1997,0
"MT","Malta",1998,0
"MT","Malta",1999,78137.34
"MT","Malta",2000,52189.33
"MT","Malta",2001,47659.45
"MT","Malta",2002,35614.38
"MR","Mauritania",1992,0
"MR","Mauritania",1997,0
"MR","Mauritania",1998,0
"MR","Mauritania",1999,9420108.15
"MR","Mauritania",2000,9306731.45
"MR","Mauritania",2001,12246146.95
"MR","Mauritania",2002,25845701.24
"MR","Mauritania",2003,20630871.3
"MR","Mauritania",2004,12461850.23
"MR","Mauritania",2005,16104738.34
"MR","Mauritania",2006,12248216.85
"MR","Mauritania",2007,32179164.88
"MR","Mauritania",2008,48426211.25
"MR","Mauritania",2009,35288820.21
"MR","Mauritania",2010,29312024.97
"MR","Mauritania",2011,29168803.22
"MR","Mauritania",2012,7880824.15
"MR","Mauritania",2013,13333186.91
"MR","Mauritania",2014,6963150.55
"MR","Mauritania",2015,16124955.73
"MU","Mauritius",1998,0
"MU","Mauritius",2007,8374.25
"MU","Mauritius",2009,13952.65
"MU","Mauritius",2010,23480.44
"MU","Mauritius",2011,26162.73
"MU","Mauritius",2013,439.06
"MU","Mauritius",2015,893.74
"MX","Mexico",1988,0
"MX","Mexico",1989,0
"MX","Mexico",1990,0
"MX","Mexico",1991,0
"MX","Mexico",1992,0
"MX","Mexico",1993,9181481.87
"MX","Mexico",1996,0
"MX","Mexico",1997,0
"MX","Mexico",1998,0
"MX","Mexico",1999,9304854
"MX","Mexico",2000,5991743.73
"MX","Mexico",2001,9527561.22
"MX","Mexico",2002,21307338
"MX","Mexico",2003,9338998.46
"MX","Mexico",2004,8615117.95
"MX","Mexico",2005,9847190.01
"MX","Mexico",2006,10501550.09
"MX","Mexico",2007,17706249.67
"MX","Mexico",2008,17841556.31
"MX","Mexico",2009,18586956.14
"MX","Mexico",2010,38225089.14
"MX","Mexico",2011,13279282.85
"MX","Mexico",2012,4071669.46
"MX","Mexico",2013,4563729.13
"MX","Mexico",2014,4361350.91
"MX","Mexico",2015,3123174.66
"FM","Micronesia",2001,67878.72
"FM","Micronesia",2002,217913.48
"FM","Micronesia",2003,121917.82
"middle-east","Middle East, regional",1997,0
"middle-east","Middle East, regional",1998,0
"middle-east","Middle East, regional",1999,505676.67
"middle-east","Middle East, regional",2000,5038.35
"middle-east","Middle East, regional",2001,239742.24
"middle-east","Middle East, regional",2002,1652182.48
"middle-east","Middle East, regional",2003,959734.84
"middle-east","Middle East, regional",2005,17697617.87
"middle-east","Middle East, regional",2006,8532313.5
"middle-east","Middle East, regional",2007,3073401.37
"middle-east","Middle East, regional",2008,27772258.72
"middle-east","Middle East, regional",2009,7649033.37
"middle-east","Middle East, regional",2010,9859297.13
"middle-east","Middle East, regional",2011,8851162.53
"middle-east","Middle East, regional",2012,946201.37
"middle-east","Middle East, regional",2013,3698.27
"middle-east","Middle East, regional",2014,6306830.89
"middle-east","Middle East, regional",2015,120245.91
"MD","Moldova",1997,0
"MD","Moldova",1998,0
"MD","Moldova",1999,33951.17
"MD","Moldova",2000,45101.36
"MD","Moldova",2001,17330.71
"MD","Moldova",2002,16422.76
"MD","Moldova",2003,41357.56
"MD","Moldova",2004,15253.12
"MD","Moldova",2005,54576.83
"MD","Moldova",2006,9337.23
"MD","Moldova",2007,537047.51
"MD","Moldova",2008,1403664.49
"MD","Moldova",2009,78721.5
"MD","Moldova",2010,49321.67
"MD","Moldova",2011,32891.29
"MD","Moldova",2012,16498.2
"MD","Moldova",2013,26407.78
"MD","Moldova",2014,24073.47
"MD","Moldova",2015,17058.25
"MN","Mongolia",1998,0
"MN","Mongolia",1999,13686.86
"MN","Mongolia",2001,4332.68
"MN","Mongolia",2002,2138929.55
"MN","Mongolia",2003,7711847.19
"MN","Mongolia",2004,2918326.5
"MN","Mongolia",2005,1765.51
"MN","Mongolia",2006,842940.83
"MN","Mongolia",2007,8211664.19
"MN","Mongolia",2008,3153816.8
"MN","Mongolia",2009,22429.79
"MN","Mongolia",2010,395047.54
"MN","Mongolia",2011,0
"MN","Mongolia",2012,4193.65
"MN","Mongolia",2013,40542.33
"MN","Mongolia",2014,0
"MN","Mongolia",2015,893.74
"ME","Montenegro",2006,52286.82
"ME","Montenegro",2007,148399.09
"ME","Montenegro",2008,92814.95
"ME","Montenegro",2009,1328860.71
"ME","Montenegro",2010,3810590.28
"ME","Montenegro",2011,10532.12
"ME","Montenegro",2012,0
"ME","Montenegro",2013,0
"ME","Montenegro",2014,0
"ME","Montenegro",2015,0
"MA","Morocco",1990,0
"MA","Morocco",1991,0
"MA","Morocco",1993,4087859.58
"MA","Morocco",1994,1423369.43
"MA","Morocco",1996,0
"MA","Morocco",1997,17040870.18
"MA","Morocco",1998,40053913.96
"MA","Morocco",1999,36221402.09
"MA","Morocco",2000,96564740.49
"MA","Morocco",2001,61963173.6
"MA","Morocco",2002,56944227.94
"MA","Morocco",2003,41370642.88
"MA","Morocco",2004,57290558.17
"MA","Morocco",2005,49505555.82
"MA","Morocco",2006,71347491.68
"MA","Morocco",2007,89386655.86
"MA","Morocco",2008,106557109.68
"MA","Morocco",2009,176827250.81
"MA","Morocco",2010,101237184.36
"MA","Morocco",2011,50207940.98
"MA","Morocco",2012,33761145.57
"MA","Morocco",2013,34537371.72
"MA","Morocco",2014,20370978.93
"MA","Morocco",2015,26512360.29
"MZ","Mozambique",1990,0
"MZ","Mozambique",1991,0
"MZ","Mozambique",1992,0
"MZ","Mozambique",1995,6222460.8
"MZ","Mozambique",1997,0
"MZ","Mozambique",1998,0
"MZ","Mozambique",1999,14725866.46
"MZ","Mozambique",2000,67259327.81
"MZ","Mozambique",2001,18754727.24
"MZ","Mozambique",2002,49636435.15
"MZ","Mozambique",2003,26379490.24
"MZ","Mozambique",2004,32966425.57
"MZ","Mozambique",2005,28830164.78
"MZ","Mozambique",2006,32929380.51
"MZ","Mozambique",2007,43713793.84
"MZ","Mozambique",2008,61294023.41
"MZ","Mozambique",2009,51492841.75
"MZ","Mozambique",2010,51485126.34
"MZ","Mozambique",2011,33226481.47
"MZ","Mozambique",2012,15542464.79
"MZ","Mozambique",2013,16181276.37
"MZ","Mozambique",2014,9692387.98
"MZ","Mozambique",2015,11816963.68
"MM","Myanmar",2003,2428.15
"MM","Myanmar",2008,7159979.05
"MM","Myanmar",2009,588691.36
"MM","Myanmar",2010,4476.98
"MM","Myanmar",2011,1455.02
"MM","Myanmar",2013,5510.37
"MM","Myanmar",2015,18750.71
"NA","Namibia",1997,0
"NA","Namibia",1998,0
"NA","Namibia",1999,1562886.17
"NA","Namibia",2000,1849984.05
"NA","Namibia",2001,3256732.2
"NA","Namibia",2002,8120454.64
"NA","Namibia",2003,5144894.69
"NA","Namibia",2004,11496017.38
"NA","Namibia",2005,6947088.07
"NA","Namibia",2006,7094101.56
"NA","Namibia",2007,23814479.28
"NA","Namibia",2008,11734666.97
"NA","Namibia",2009,8451996.89
"NA","Namibia",2010,7215493.7
"NA","Namibia",2011,3472429.02
"NA","Namibia",2012,822214.95
"NA","Namibia",2013,575414.63
"NA","Namibia",2014,37641.05
"NA","Namibia",2015,15729.94
"NP","Nepal",1997,0
"NP","Nepal",1998,0
"NP","Nepal",1999,122631.12
"NP","Nepal",2000,64992.85
"NP","Nepal",2001,46215.21
"NP","Nepal",2002,25323.13
"NP","Nepal",2003,42190.55
"NP","Nepal",2004,93918.33
"NP","Nepal",2005,103874.55
"NP","Nepal",2006,183214.8
"NP","Nepal",2007,59309.69
"NP","Nepal",2008,2216792.38
"NP","Nepal",2009,38552652.66
"NP","Nepal",2010,201382.63
"NP","Nepal",2011,173459.72
"NP","Nepal",2012,58811.4
"NP","Nepal",2013,69246.71
"NP","Nepal",2014,39901.85
"NP","Nepal",2015,1354229.6
"NI","Nicaragua",1989,0
"NI","Nicaragua",1990,0
"NI","Nicaragua",1993,0
"NI","Nicaragua",1994,10144981.52
"NI","Nicaragua",1995,8807374.73
"NI","Nicaragua",1997,3259420.8
"NI","Nicaragua",1998,986234.91
"NI","Nicaragua",1999,31633952.9
"NI","Nicaragua",2000,31180730.92
"NI","Nicaragua",2001,644185585.77
"NI","Nicaragua",2002,36841048.95
"NI","Nicaragua",2003,89806815.36
"NI","Nicaragua",2004,215027450.43
"NI","Nicaragua",2005,60201321.27
"NI","Nicaragua",2006,35606650.55
"NI","Nicaragua",2007,88508371.22
"NI","Nicaragua",2008,142240446.21
"NI","Nicaragua",2009,117138662.01
"NI","Nicaragua",2010,90065930.48
"NI","Nicaragua",2011,52360731.33
"NI","Nicaragua",2012,16856855.33
"NI","Nicaragua",2013,23443650.69
"NI","Nicaragua",2014,12624167.11
"NI","Nicaragua",2015,10305474.32
"NE","Niger",1992,0
"NE","Niger",1997,0
"NE","Niger",1998,0
"NE","Niger",1999,54747.48
"NE","Niger",2000,54907.17
"NE","Niger",2001,3444476.21
"NE","Niger",2002,1296450.76
"NE","Niger",2003,484386.8
"NE","Niger",2004,1544845.39
"NE","Niger",2005,16035120.35
"NE","Niger",2006,3293603.73
"NE","Niger",2007,5548275.76
"NE","Niger",2008,18679999.7
"NE","Niger",2009,15389976.07
"NE","Niger",2010,21857820.98
"NE","Niger",2011,22408571.77
"NE","Niger",2012,5811694.1
"NE","Niger",2013,4929422.23
"NE","Niger",2014,14679914.72
"NE","Niger",2015,7445126.69
"NG","Nigeria",1997,0
"NG","Nigeria",1998,0
"NG","Nigeria",1999,548854.72
"NG","Nigeria",2000,330923.91
"NG","Nigeria",2001,649903.03
"NG","Nigeria",2002,669378.6
"NG","Nigeria",2003,479135.36
"NG","Nigeria",2004,575509.93
"NG","Nigeria",2005,1833257.42
"NG","Nigeria",2006,128978057.14
"NG","Nigeria",2007,262902.96
"NG","Nigeria",2008,19803143.29
"NG","Nigeria",2009,484054.18
"NG","Nigeria",2010,416039.33
"NG","Nigeria",2011,159222.45
"NG","Nigeria",2012,11902.56
"NG","Nigeria",2013,475841.65
"NG","Nigeria",2014,125458.22
"NG","Nigeria",2015,327166.91
"north-central-america","North & Central America, regional",1997,0
"north-central-america","North & Central America, regional",1998,0
"north-central-america","North & Central America, regional",1999,63398294.88
"north-central-america","North & Central America, regional",2000,36919354.98
"north-central-america","North & Central America, regional",2001,24095434.26
"north-central-america","North & Central America, regional",2002,3945791.42
"north-central-america","North & Central America, regional",2003,10658905.84
"north-central-america","North & Central America, regional",2005,378161.8
"north-central-america","North & Central America, regional",2006,28022057.29
"north-central-america","North & Central America, regional",2007,10707598.76
"north-central-america","North & Central America, regional",2008,20256152.27
"north-central-america","North & Central America, regional",2009,17251701.06
"north-central-america","North & Central America, regional",2010,27171260.45
"north-central-america","North & Central America, regional",2011,23405893.98
"north-central-america","North & Central America, regional",2012,36595864.68
"north-central-america","North & Central America, regional",2013,8758864.54
"north-central-america","North & Central America, regional",2014,24705469.29
"north-central-america","North & Central America, regional",2015,24754567
"KP","North Korea",2003,13460.59
"KP","North Korea",2004,53685.26
"KP","North Korea",2006,37599.06
"KP","North Korea",2007,1328146.76
"KP","North Korea",2008,269387.1
"KP","North Korea",2013,202098.13
"KP","North Korea",2014,94944.93
"north-of-sahara","North of Sahara, regional",1997,0
"north-of-sahara","North of Sahara, regional",1998,0
"north-of-sahara","North of Sahara, regional",1999,14970727.54
"north-of-sahara","North of Sahara, regional",2000,22539663.29
"north-of-sahara","North of Sahara, regional",2001,14713774.85
"north-of-sahara","North of Sahara, regional",2002,14862169.75
"north-of-sahara","North of Sahara, regional",2003,3079770.11
"north-of-sahara","North of Sahara, regional",2004,4049418.41
"north-of-sahara","North of Sahara, regional",2005,7846780.7
"north-of-sahara","North of Sahara, regional",2006,98987215.37
"north-of-sahara","North of Sahara, regional",2007,28236266.09
"north-of-sahara","North of Sahara, regional",2008,31189571.28
"north-of-sahara","North of Sahara, regional",2009,29206993.7
"north-of-sahara","North of Sahara, regional",2010,40279248.15
"north-of-sahara","North of Sahara, regional",2011,118695843.34
"north-of-sahara","North of Sahara, regional",2012,2819131.72
"north-of-sahara","North of Sahara, regional",2013,1212473.4
"north-of-sahara","North of Sahara, regional",2014,2081207.17
"north-of-sahara","North of Sahara, regional",2015,384280.31
"oceania","Oceania, regional",2001,46215.26
"oceania","Oceania, regional",2008,749160.68
"oceania","Oceania, regional",2009,55778.32
"oceania","Oceania, regional",2010,4285584.04
"OM","Oman",2005,7062.03
"OM","Oman",2010,7218.6
"PK","Pakistan",1995,13956461.04
"PK","Pakistan",1996,0
"PK","Pakistan",1997,0
"PK","Pakistan",1998,0
"PK","Pakistan",1999,6534532.41
"PK","Pakistan",2000,183926.81
"PK","Pakistan",2001,993628.35
"PK","Pakistan",2002,142292.25
"PK","Pakistan",2003,1118055.53
"PK","Pakistan",2004,71814.18
"PK","Pakistan",2005,5019196.89
"PK","Pakistan",2006,966571.39
"PK","Pakistan",2007,4731567.2
"PK","Pakistan",2008,2556628.46
"PK","Pakistan",2009,9590075.35
"PK","Pakistan",2010,19182729.1
"PK","Pakistan",2011,4624151.56
"PK","Pakistan",2012,249288.58
"PK","Pakistan",2013,520447.98
"PK","Pakistan",2014,128946.11
"PK","Pakistan",2015,722395.42
"PW","Palau",2006,284779.91
"PS","Palestine",1995,4579938.57
"PS","Palestine",1996,0
"PS","Palestine",1997,15783645.3
"PS","Palestine",1998,45373562
"PS","Palestine",1999,25357100.02
"PS","Palestine",2000,21036576.1
"PS","Palestine",2001,16077136.5
"PS","Palestine",2002,16576738.65
"PS","Palestine",2003,16726325.3
"PS","Palestine",2004,24631099.45
"PS","Palestine",2005,39023904.32
"PS","Palestine",2006,37762992.51
"PS","Palestine",2007,58967849.48
"PS","Palestine",2008,80386964.75
"PS","Palestine",2009,79251547.59
"PS","Palestine",2010,82470197.56
"PS","Palestine",2011,50807769.51
"PS","Palestine",2012,20023625.98
"PS","Palestine",2013,14145850.27
"PS","Palestine",2014,17442484.87
"PS","Palestine",2015,18687962.58
"PA","Panama",1996,0
"PA","Panama",1997,5370064.7
"PA","Panama",1998,21382259.89
"PA","Panama",1999,27565558.21
"PA","Panama",2000,22009016.03
"PA","Panama",2001,9406225.1
"PA","Panama",2002,5478384.37
"PA","Panama",2003,10417409.63
"PA","Panama",2004,7300321.25
"PA","Panama",2005,4506548.2
"PA","Panama",2006,6366326.32
"PA","Panama",2007,9247243.15
"PA","Panama",2008,7201918.89
"PA","Panama",2009,6805058.93
"PA","Panama",2010,7578801.16
"PA","Panama",2011,4577725.76
"PA","Panama",2012,1419303.8
"PA","Panama",2013,7278936.82
"PA","Panama",2014,1507484.51
"PA","Panama",2015,509743.01
"PG","Papua New Guinea",2004,77928.3
"PG","Papua New Guinea",2007,116298.38
"PG","Papua New Guinea",2010,124360.6
"PG","Papua New Guinea",2015,61009.4
"PY","Paraguay",1997,8938605.69
"PY","Paraguay",1998,19633088.54
"PY","Paraguay",1999,18860811.53
"PY","Paraguay",2000,8806705.39
"PY","Paraguay",2001,13445796.62
"PY","Paraguay",2002,6029743.88
"PY","Paraguay",2003,8747495.98
"PY","Paraguay",2004,7201961.7
"PY","Paraguay",2005,6988881.17
"PY","Paraguay",2006,9270513.33
"PY","Paraguay",2007,10464557.2
"PY","Paraguay",2008,18903628.75
"PY","Paraguay",2009,32318271.39
"PY","Paraguay",2010,19801520.81
"PY","Paraguay",2011,14539751.93
"PY","Paraguay",2012,6495876.2
"PY","Paraguay",2013,6112095.92
"PY","Paraguay",2014,4742310.54
"PY","Paraguay",2015,3678106.99
"PE","Peru",1989,0
"PE","Peru",1996,0
"PE","Peru",1997,1771330.58
"PE","Peru",1998,198964.66
"PE","Peru",1999,35454927.8
"PE","Peru",2000,35445984.73
"PE","Peru",2001,48859635.75
"PE","Peru",2002,49211001.27
"PE","Peru",2003,45540300.2
"PE","Peru",2004,52548558.33
"PE","Peru",2005,52799010.02
"PE","Peru",2006,61523595.83
"PE","Peru",2007,76166967.93
"PE","Peru",2008,104669365.92
"PE","Peru",2009,84294202.08
"PE","Peru",2010,102764944.74
"PE","Peru",2011,52464157.77
"PE","Peru",2012,30668493.33
"PE","Peru",2013,48544913.83
"PE","Peru",2014,19842345.98
"PE","Peru",2015,18209578.4
"PH","Philippines",1990,0
"PH","Philippines",1993,40770326.2
"PH","Philippines",1997,25711611.01
"PH","Philippines",1998,13937546.16
"PH","Philippines",1999,22806672.1
"PH","Philippines",2000,11809391.46
"PH","Philippines",2001,18516702.8
"PH","Philippines",2002,30000705.33
"PH","Philippines",2003,36212057.65
"PH","Philippines",2004,20122268.05
"PH","Philippines",2005,15999647.76
"PH","Philippines",2006,17206280.39
"PH","Philippines",2007,29069824.39
"PH","Philippines",2008,32338360.07
"PH","Philippines",2009,32961809.11
"PH","Philippines",2010,28030770.15
"PH","Philippines",2011,21891821.59
"PH","Philippines",2012,9583003.46
"PH","Philippines",2013,9685279.9
"PH","Philippines",2014,7438756.68
"PH","Philippines",2015,5558137.57
"RW","Rwanda",1997,0
"RW","Rwanda",1998,0
"RW","Rwanda",1999,219670.85
"RW","Rwanda",2000,487121.78
"RW","Rwanda",2001,1233369.43
"RW","Rwanda",2002,1070286.14
"RW","Rwanda",2003,805301.07
"RW","Rwanda",2004,360757.79
"RW","Rwanda",2005,748326.32
"RW","Rwanda",2006,1893197.15
"RW","Rwanda",2007,6687052.36
"RW","Rwanda",2008,19371379.05
"RW","Rwanda",2009,14098926.75
"RW","Rwanda",2010,1501066.02
"RW","Rwanda",2011,1390156.97
"RW","Rwanda",2012,1150915.78
"RW","Rwanda",2013,608400.39
"RW","Rwanda",2014,675999.67
"RW","Rwanda",2015,568191.65
"KN","Saint Kitts and Nevis",2009,22755.31
"KN","Saint Kitts and Nevis",2010,23301.21
"KN","Saint Kitts and Nevis",2011,23188.77
"LC","Saint Lucia",1998,0
"LC","Saint Lucia",2006,8536.62
"LC","Saint Lucia",2007,20924.75
"LC","Saint Lucia",2010,69348.44
"LC","Saint Lucia",2011,19649.83
"LC","Saint Lucia",2014,414690.59
"VC","Saint Vincent & the Grenadines",2004,8418.12
"VC","Saint Vincent & the Grenadines",2005,11652.24
"VC","Saint Vincent & the Grenadines",2012,440.16
"WS","Samoa",2006,16006.16
"WS","Samoa",2009,10396.23
"WS","Samoa",2010,7160.69
"WS","Samoa",2013,39010.18
"WS","Samoa",2014,17783.24
"WS","Samoa",2015,867.44
"ST","Sao Tome & Principe",1997,0
"ST","Sao Tome & Principe",1998,0
"ST","Sao Tome & Principe",1999,1064971.02
"ST","Sao Tome & Principe",2000,3146401.56
"ST","Sao Tome & Principe",2001,1881828.39
"ST","Sao Tome & Principe",2002,1401154.83
"ST","Sao Tome & Principe",2003,1457242.85
"ST","Sao Tome & Principe",2004,491032.61
"ST","Sao Tome & Principe",2005,218840.69
"ST","Sao Tome & Principe",2006,518129.69
"ST","Sao Tome & Principe",2007,1087400.91
"ST","Sao Tome & Principe",2008,6259153.42
"ST","Sao Tome & Principe",2009,962720.06
"ST","Sao Tome & Principe",2010,1076085.74
"ST","Sao Tome & Principe",2011,1281538.35
"ST","Sao Tome & Principe",2012,139989.62
"ST","Sao Tome & Principe",2013,80950.8
"ST","Sao Tome & Principe",2014,0
"ST","Sao Tome & Principe",2015,0
"SA","Saudi Arabia",1997,0
"SA","Saudi Arabia",1999,3078.85
"SA","Saudi Arabia",2000,5869.04
"SN","Senegal",1990,0
"SN","Senegal",1997,0
"SN","Senegal",1998,0
"SN","Senegal",1999,54245704
"SN","Senegal",2000,2757725.85
"SN","Senegal",2001,15536259.92
"SN","Senegal",2002,11263569.42
"SN","Senegal",2003,42395402.07
"SN","Senegal",2004,19423742.47
"SN","Senegal",2005,82908599.4
"SN","Senegal",2006,17116322.57
"SN","Senegal",2007,33026237.29
"SN","Senegal",2008,105735488.81
"SN","Senegal",2009,46805324.16
"SN","Senegal",2010,38506782.52
"SN","Senegal",2011,29653673.13
"SN","Senegal",2012,11439246.73
"SN","Senegal",2013,17091169.77
"SN","Senegal",2014,10576129.3
"SN","Senegal",2015,13002968.38
"RS","Serbia",1997,0
"RS","Serbia",1998,0
"RS","Serbia",1999,164867.37
"RS","Serbia",2000,46338604.02
"RS","Serbia",2001,39792793.1
"RS","Serbia",2002,36007387.83
"RS","Serbia",2003,47162273.64
"RS","Serbia",2004,12919844.5
"RS","Serbia",2005,3829983.74
"RS","Serbia",2006,5201779
"RS","Serbia",2007,771878.14
"RS","Serbia",2008,13554967.09
"RS","Serbia",2009,2832935.4
"RS","Serbia",2010,1490802.47
"RS","Serbia",2011,1439375.05
"RS","Serbia",2012,907052.27
"RS","Serbia",2013,623562.4
"RS","Serbia",2014,602578.17
"RS","Serbia",2015,534857.71
"SC","Seychelles",1989,0
"SC","Seychelles",1997,0
"SC","Seychelles",1998,0
"SC","Seychelles",1999,259714.41
"SC","Seychelles",2000,248477.16
"SC","Seychelles",2001,236853.47
"SC","Seychelles",2002,0
"SC","Seychelles",2003,11753.42
"SC","Seychelles",2010,898529.39
"SC","Seychelles",2011,1339457.56
"SC","Seychelles",2012,0
"SC","Seychelles",2014,0
"SC","Seychelles",2015,0
"SL","Sierra Leone",1997,0
"SL","Sierra Leone",1998,0
"SL","Sierra Leone",2001,10109.59
"SL","Sierra Leone",2002,121051.88
"SL","Sierra Leone",2003,240942.81
"SL","Sierra Leone",2004,1641677.57
"SL","Sierra Leone",2005,2423272.81
"SL","Sierra Leone",2006,1670131.67
"SL","Sierra Leone",2007,2611483.76
"SL","Sierra Leone",2008,2615098.79
"SL","Sierra Leone",2009,1660231.8
"SL","Sierra Leone",2010,1641537.49
"SL","Sierra Leone",2011,577381.16
"SL","Sierra Leone",2012,562717.99
"SL","Sierra Leone",2013,510342.14
"SL","Sierra Leone",2014,6508708.32
"SL","Sierra Leone",2015,1322747.13
"SI","Slovenia",1997,0
"SI","Slovenia",1998,0
"SI","Slovenia",1999,75413.01
"SI","Slovenia",2000,111403.4
"SI","Slovenia",2001,86653.63
"SI","Slovenia",2002,46407.1
"SB","Solomon Islands",2008,240480.75
"SB","Solomon Islands",2009,1121.49
"SO","Somalia",1990,0
"SO","Somalia",2002,0
"SO","Somalia",2003,0
"SO","Somalia",2005,64631.69
"SO","Somalia",2006,2136365.96
"SO","Somalia",2007,1902816.77
"SO","Somalia",2008,11386173.39
"SO","Somalia",2009,36378777.4
"SO","Somalia",2010,4977817.83
"SO","Somalia",2011,12921553.66
"SO","Somalia",2012,4300657.9
"SO","Somalia",2013,681838.54
"SO","Somalia",2014,22340.27
"SO","Somalia",2015,777498.24
"south-central-asia","South & Central Asia, regional",2004,674361.04
"south-central-asia","South & Central Asia, regional",2006,878150.26
"south-central-asia","South & Central Asia, regional",2007,451830.85
"ZA","South Africa",1997,0
"ZA","South Africa",1998,0
"ZA","South Africa",1999,2983415.48
"ZA","South Africa",2000,1705275.16
"ZA","South Africa",2001,1760513.26
"ZA","South Africa",2002,92139.02
"ZA","South Africa",2003,301145.37
"ZA","South Africa",2004,502747.06
"ZA","South Africa",2005,395831.93
"ZA","South Africa",2006,993487.26
"ZA","South Africa",2007,784368.1
"ZA","South Africa",2008,482540.29
"ZA","South Africa",2009,916168.78
"ZA","South Africa",2010,944523.61
"ZA","South Africa",2011,286010.95
"ZA","South Africa",2012,41455.38
"ZA","South Africa",2013,119363.2
"ZA","South Africa",2014,25855.47
"ZA","South Africa",2015,51141.38
"south-america","South America, regional",1998,0
"south-america","South America, regional",1999,2508607.41
"south-america","South America, regional",2000,3802334.28
"south-america","South America, regional",2001,3558574.62
"south-america","South America, regional",2002,1595257.55
"south-america","South America, regional",2003,1591543.7
"south-america","South America, regional",2004,903009.2
"south-america","South America, regional",2005,4919017.87
"south-america","South America, regional",2007,11224397.65
"south-america","South America, regional",2008,25264322.68
"south-america","South America, regional",2009,12970630.37
"south-america","South America, regional",2010,24974255.21
"south-america","South America, regional",2011,11469017.72
"south-america","South America, regional",2012,3610951.42
"south-america","South America, regional",2013,1925844.97
"south-america","South America, regional",2014,1538892.56
"south-america","South America, regional",2015,1549221.64
"south-asia","South Asia, regional",2006,1570643.65
"south-asia","South Asia, regional",2010,7460175.22
"south-asia","South Asia, regional",2012,390282.97
"south-asia","South Asia, regional",2013,80303.93
"south-asia","South Asia, regional",2014,732645.05
"south-asia","South Asia, regional",2015,11308.9
"south-of-sahara","South of Sahara, regional",1997,0
"south-of-sahara","South of Sahara, regional",1998,0
"south-of-sahara","South of Sahara, regional",1999,14394693.89
"south-of-sahara","South of Sahara, regional",2000,14691568.99
"south-of-sahara","South of Sahara, regional",2001,517034.07
"south-of-sahara","South of Sahara, regional",2002,2883744.3
"south-of-sahara","South of Sahara, regional",2003,2194954.23
"south-of-sahara","South of Sahara, regional",2004,19193577.13
"south-of-sahara","South of Sahara, regional",2005,4846797.47
"south-of-sahara","South of Sahara, regional",2006,9311363.05
"south-of-sahara","South of Sahara, regional",2007,9061212.89
"south-of-sahara","South of Sahara, regional",2008,38215974.9
"south-of-sahara","South of Sahara, regional",2009,115935339.71
"south-of-sahara","South of Sahara, regional",2010,151174847.4
"south-of-sahara","South of Sahara, regional",2011,12836258.91
"south-of-sahara","South of Sahara, regional",2012,24578460.05
"south-of-sahara","South of Sahara, regional",2013,9345250.38
"south-of-sahara","South of Sahara, regional",2014,14877005.34
"south-of-sahara","South of Sahara, regional",2015,11031421.89
"SS","South Sudan",2012,1772233.54
"SS","South Sudan",2013,101766.83
"SS","South Sudan",2014,2107384.78
"SS","South Sudan",2015,800903.9
"LK","Sri Lanka",2004,619661.54
"LK","Sri Lanka",2005,3504195.81
"LK","Sri Lanka",2006,6749522.62
"LK","Sri Lanka",2007,12349123.55
"LK","Sri Lanka",2008,20277558.7
"LK","Sri Lanka",2009,12719330.36
"LK","Sri Lanka",2010,746140.77
"LK","Sri Lanka",2011,874086.09
"LK","Sri Lanka",2012,355743.01
"LK","Sri Lanka",2013,117440.83
"LK","Sri Lanka",2014,23813.9
"LK","Sri Lanka",2015,131105.1
"ex-yugoslavia","States Ex-Yugoslavia unspecified",1999,594403.85
"ex-yugoslavia","States Ex-Yugoslavia unspecified",2000,31963.76
"ex-yugoslavia","States Ex-Yugoslavia unspecified",2001,8665.37
"ex-yugoslavia","States Ex-Yugoslavia unspecified",2002,56792109.04
"ex-yugoslavia","States Ex-Yugoslavia unspecified",2003,402430.59
"ex-yugoslavia","States Ex-Yugoslavia unspecified",2004,25700.24
"ex-yugoslavia","States Ex-Yugoslavia unspecified",2007,5728746.5
"ex-yugoslavia","States Ex-Yugoslavia unspecified",2012,1867.32
"ex-yugoslavia","States Ex-Yugoslavia unspecified",2013,208.27
"ex-yugoslavia","States Ex-Yugoslavia unspecified",2015,2778.7
"SD","Sudan",1997,0
"SD","Sudan",1998,0
"SD","Sudan",1999,76066.01
"SD","Sudan",2000,63503.01
"SD","Sudan",2001,158865.04
"SD","Sudan",2002,18862.15
"SD","Sudan",2003,366265.96
"SD","Sudan",2004,8142652.52
"SD","Sudan",2005,9639320.72
"SD","Sudan",2006,12522145.9
"SD","Sudan",2007,23753084.56
"SD","Sudan",2008,29354573.62
"SD","Sudan",2009,14510009.85
"SD","Sudan",2010,19421648.19
"SD","Sudan",2011,25586211.9
"SD","Sudan",2012,7787828.55
"SD","Sudan",2013,1286165.28
"SD","Sudan",2014,24125.27
"SD","Sudan",2015,120638.2
"SR","Suriname",2004,24419.56
"SR","Suriname",2015,7402.48
"SZ","Swaziland",2004,5123.54
"SZ","Swaziland",2008,2083.42
"SZ","Swaziland",2009,2242.98
"SZ","Swaziland",2014,14270.78
"SY","Syria",1997,0
"SY","Syria",1998,0
"SY","Syria",1999,1222627.33
"SY","Syria",2000,1119027.81
"SY","Syria",2001,1164047.88
"SY","Syria",2002,704383.16
"SY","Syria",2003,827262.44
"SY","Syria",2004,717361.03
"SY","Syria",2005,1069249.74
"SY","Syria",2006,2417896.9
"SY","Syria",2007,2479047.15
"SY","Syria",2008,5802009.63
"SY","Syria",2009,4681742.14
"SY","Syria",2010,5141239.68
"SY","Syria",2011,3068646.98
"SY","Syria",2012,8094735.42
"SY","Syria",2013,9534801.25
"SY","Syria",2014,10157073.06
"SY","Syria",2015,13724871.07
"TJ","Tajikistan",2005,20629.62
"TJ","Tajikistan",2006,44677.44
"TJ","Tajikistan",2007,2478680.16
"TJ","Tajikistan",2008,1943458.84
"TJ","Tajikistan",2009,4375974.62
"TJ","Tajikistan",2010,20079.28
"TJ","Tajikistan",2011,53262.14
"TJ","Tajikistan",2012,2644.73
"TJ","Tajikistan",2013,63907.61
"TJ","Tajikistan",2014,15638.14
"TJ","Tajikistan",2015,26430.42
"TZ","Tanzania",1988,0
"TZ","Tanzania",1990,0
"TZ","Tanzania",1996,0
"TZ","Tanzania",1997,5460069
"TZ","Tanzania",1998,1911520.79
"TZ","Tanzania",1999,2720157.79
"TZ","Tanzania",2000,1879380.21
"TZ","Tanzania",2001,4033726.49
"TZ","Tanzania",2002,2102498.31
"TZ","Tanzania",2003,4434061.63
"TZ","Tanzania",2004,7738832
"TZ","Tanzania",2005,5450292.07
"TZ","Tanzania",2006,3655115.5
"TZ","Tanzania",2007,6125942.67
"TZ","Tanzania",2008,3368283.39
"TZ","Tanzania",2009,29882503.48
"TZ","Tanzania",2010,2711827.93
"TZ","Tanzania",2011,10813437.56
"TZ","Tanzania",2012,1376186.22
"TZ","Tanzania",2013,524840.36
"TZ","Tanzania",2014,847302.97
"TZ","Tanzania",2015,431214
"TH","Thailand",1997,0
"TH","Thailand",1998,0
"TH","Thailand",1999,247174.93
"TH","Thailand",2000,186256.36
"TH","Thailand",2001,83765.25
"TH","Thailand",2002,83403.39
"TH","Thailand",2003,144235.81
"TH","Thailand",2004,745349.11
"TH","Thailand",2005,752696.62
"TH","Thailand",2006,589092.78
"TH","Thailand",2007,526461.95
"TH","Thailand",2008,47547.66
"TH","Thailand",2009,423325.45
"TH","Thailand",2010,486517.04
"TH","Thailand",2011,926929.56
"TH","Thailand",2012,24297.98
"TH","Thailand",2013,40911.79
"TH","Thailand",2014,164260.27
"TH","Thailand",2015,65873.82
"TL","Timor-Leste",1999,917158.79
"TL","Timor-Leste",2000,1171948.75
"TL","Timor-Leste",2001,1390789.57
"TL","Timor-Leste",2002,1542381.01
"TL","Timor-Leste",2003,1221527.15
"TL","Timor-Leste",2004,708805.8
"TL","Timor-Leste",2005,1570550.15
"TL","Timor-Leste",2006,745622.78
"TL","Timor-Leste",2007,9547110.14
"TL","Timor-Leste",2008,10878620.55
"TL","Timor-Leste",2009,8641499.48
"TL","Timor-Leste",2010,5091073.13
"TL","Timor-Leste",2011,4576982.36
"TL","Timor-Leste",2012,1341533.15
"TL","Timor-Leste",2013,1291576.58
"TL","Timor-Leste",2014,1001.2
"TG","Togo",1997,0
"TG","Togo",1998,0
"TG","Togo",1999,215145.77
"TG","Togo",2000,515554.52
"TG","Togo",2001,1883271.33
"TG","Togo",2002,460896.73
"TG","Togo",2003,288611.36
"TG","Togo",2004,765069.33
"TG","Togo",2005,1992195.28
"TG","Togo",2006,1651886.16
"TG","Togo",2007,1057315.34
"TG","Togo",2008,2684442.8
"TG","Togo",2009,2302824.86
"TG","Togo",2010,1340413.01
"TG","Togo",2011,21329212.78
"TG","Togo",2012,44940928.74
"TG","Togo",2013,350841.77
"TG","Togo",2014,633501.08
"TG","Togo",2015,255210.99
"TO","Tonga",2000,5878.07
"TO","Tonga",2009,56074.45
"TT","Trinidad & Tobago",2000,10492.05
"TT","Trinidad & Tobago",2001,60657.55
"TT","Trinidad & Tobago",2002,25016.64
"TT","Trinidad & Tobago",2003,30776.54
"TT","Trinidad & Tobago",2004,49918.83
"TT","Trinidad & Tobago",2005,69180.14
"TT","Trinidad & Tobago",2006,69362.41
"TT","Trinidad & Tobago",2007,20006.35
"TT","Trinidad & Tobago",2009,70803.69
"TT","Trinidad & Tobago",2010,91275.89
"TN","Tunisia",1989,0
"TN","Tunisia",1994,436586.76
"TN","Tunisia",1995,0
"TN","Tunisia",1997,10682546.79
"TN","Tunisia",1998,6139276.52
"TN","Tunisia",1999,5559616.45
"TN","Tunisia",2000,7249359.87
"TN","Tunisia",2001,6616031.72
"TN","Tunisia",2002,14553682.05
"TN","Tunisia",2003,17503335.87
"TN","Tunisia",2004,12602560.06
"TN","Tunisia",2005,9755437.39
"TN","Tunisia",2006,19245992.99
"TN","Tunisia",2007,21531972.95
"TN","Tunisia",2008,16610398.15
"TN","Tunisia",2009,104975085.69
"TN","Tunisia",2010,138594960.39
"TN","Tunisia",2011,71390157.07
"TN","Tunisia",2012,1368725.93
"TN","Tunisia",2013,26041480.16
"TN","Tunisia",2014,366901.1
"TN","Tunisia",2015,3194027.97
"TR","Turkey",1997,0
"TR","Turkey",1998,0
"TR","Turkey",1999,3997218.98
"TR","Turkey",2000,6869600.64
"TR","Turkey",2001,13365333.12
"TR","Turkey",2002,19285325.58
"TR","Turkey",2003,49161021.28
"TR","Turkey",2004,51399907.3
"TR","Turkey",2005,12808347.01
"TR","Turkey",2006,89712438.67
"TR","Turkey",2007,81850895.52
"TR","Turkey",2008,72530588.08
"TR","Turkey",2009,109754285.72
"TR","Turkey",2010,48542989.18
"TR","Turkey",2011,5708123.27
"TR","Turkey",2012,1555405.81
"TR","Turkey",2013,1068303.41
"TR","Turkey",2014,1114590.41
"TR","Turkey",2015,1111100.23
"TM","Turkmenistan",1998,0
"TM","Turkmenistan",2005,3472.37
"TM","Turkmenistan",2009,3140.17
"TM","Turkmenistan",2013,9639.32
"TM","Turkmenistan",2014,15638.14
"UG","Uganda",1990,0
"UG","Uganda",1991,0
"UG","Uganda",1997,0
"UG","Uganda",1998,0
"UG","Uganda",1999,915329.63
"UG","Uganda",2000,1042324.73
"UG","Uganda",2001,1610313.35
"UG","Uganda",2002,9155134.89
"UG","Uganda",2003,15239840.86
"UG","Uganda",2004,6709489.66
"UG","Uganda",2005,2747518.88
"UG","Uganda",2006,2591396.3
"UG","Uganda",2007,3930533.59
"UG","Uganda",2008,29722597.93
"UG","Uganda",2009,11240593.63
"UG","Uganda",2010,4586642.96
"UG","Uganda",2011,2408564.95
"UG","Uganda",2012,399419.26
"UG","Uganda",2013,440676.84
"UG","Uganda",2014,162640.48
"UG","Uganda",2015,178448.35
"UA","Ukraine",2005,492007.19
"UA","Ukraine",2006,342142.97
"UA","Ukraine",2007,20663.03
"UA","Ukraine",2008,204969.73
"UA","Ukraine",2009,522647.15
"UA","Ukraine",2010,229210.58
"UA","Ukraine",2011,258412.77
"UA","Ukraine",2012,127122.62
"UA","Ukraine",2013,322735.21
"UA","Ukraine",2014,177167.22
"UA","Ukraine",2015,11874528
"UY","Uruguay",1990,0
"UY","Uruguay",1992,0
"UY","Uruguay",1993,17361242.55
"UY","Uruguay",1994,12250046.9
"UY","Uruguay",1997,0
"UY","Uruguay",1998,0
"UY","Uruguay",1999,4571812.83
"UY","Uruguay",2000,4822656.7
"UY","Uruguay",2001,3092091.62
"UY","Uruguay",2002,2930391.76
"UY","Uruguay",2003,5226362.47
"UY","Uruguay",2004,2798532.99
"UY","Uruguay",2005,4433940.32
"UY","Uruguay",2006,3829317.71
"UY","Uruguay",2007,12241416.69
"UY","Uruguay",2008,10685870.13
"UY","Uruguay",2009,13396463.64
"UY","Uruguay",2010,10771085.41
"UY","Uruguay",2011,7896374.15
"UY","Uruguay",2012,1316740.61
"UY","Uruguay",2013,2288493.59
"UY","Uruguay",2014,762033.3
"UY","Uruguay",2015,524316.49
"UZ","Uzbekistan",1998,0
"UZ","Uzbekistan",1999,349709.16
"UZ","Uzbekistan",2000,49588.83
"UZ","Uzbekistan",2001,4477100.94
"UZ","Uzbekistan",2002,6503560.06
"UZ","Uzbekistan",2003,4853726.49
"UZ","Uzbekistan",2004,1324795.57
"UZ","Uzbekistan",2005,83408.12
"UZ","Uzbekistan",2006,76286.91
"UZ","Uzbekistan",2007,0
"UZ","Uzbekistan",2008,280934.96
"UZ","Uzbekistan",2009,67978.97
"UZ","Uzbekistan",2010,195755.42
"UZ","Uzbekistan",2011,1311984.98
"UZ","Uzbekistan",2013,26248.24
"UZ","Uzbekistan",2014,3142.34
"UZ","Uzbekistan",2015,29788.71
"VU","Vanuatu",2006,6817.44
"VU","Vanuatu",2007,7723.55
"VU","Vanuatu",2008,23434.46
"VU","Vanuatu",2010,27900.88
"VU","Vanuatu",2011,32666.3
"VU","Vanuatu",2012,43477.42
"VU","Vanuatu",2015,55463.1
"VE","Venezuela",1993,0
"VE","Venezuela",1997,0
"VE","Venezuela",1998,0
"VE","Venezuela",1999,21221539.79
"VE","Venezuela",2000,43889646.61
"VE","Venezuela",2001,19729327.83
"VE","Venezuela",2002,26510014.79
"VE","Venezuela",2003,42348327.55
"VE","Venezuela",2004,3597402.22
"VE","Venezuela",2005,6407861.29
"VE","Venezuela",2006,9456116.01
"VE","Venezuela",2007,12907251.63
"VE","Venezuela",2008,12062491.34
"VE","Venezuela",2009,10383729.97
"VE","Venezuela",2010,8355641.29
"VE","Venezuela",2011,3045685.56
"VE","Venezuela",2012,1310009.32
"VE","Venezuela",2013,978772.99
"VE","Venezuela",2014,552202.29
"VE","Venezuela",2015,1184774.55
"VN","Viet Nam",1996,0
"VN","Viet Nam",1997,5421824.36
"VN","Viet Nam",1998,15391849.01
"VN","Viet Nam",1999,4316275.52
"VN","Viet Nam",2000,7541276.38
"VN","Viet Nam",2001,10469528.3
"VN","Viet Nam",2002,11976363.61
"VN","Viet Nam",2003,10222899.18
"VN","Viet Nam",2004,6461805.15
"VN","Viet Nam",2005,9706831.32
"VN","Viet Nam",2006,14861565.36
"VN","Viet Nam",2007,22173360.48
"VN","Viet Nam",2008,40006726.86
"VN","Viet Nam",2009,26990278.76
"VN","Viet Nam",2010,15925052.89
"VN","Viet Nam",2011,11078331.16
"VN","Viet Nam",2012,3577666.72
"VN","Viet Nam",2013,2376092.16
"VN","Viet Nam",2014,268901.88
"VN","Viet Nam",2015,166052.23
"west-indies","West Indies, regional",2010,1128198.54
"YE","Yemen",2000,2934346.76
"YE","Yemen",2001,5577993.83
"YE","Yemen",2002,6679875.97
"YE","Yemen",2003,10053030.63
"YE","Yemen",2004,2681273.82
"YE","Yemen",2005,115977.87
"YE","Yemen",2006,0
"YE","Yemen",2007,123776.78
"YE","Yemen",2008,1475693.8
"YE","Yemen",2009,1755479.64
"YE","Yemen",2010,1298668.57
"YE","Yemen",2011,2564789.04
"YE","Yemen",2012,0
"YE","Yemen",2013,61669.25
"YE","Yemen",2014,0
"YE","Yemen",2015,50244.01
"ZM","Zambia",1997,0
"ZM","Zambia",1998,0
"ZM","Zambia",1999,216479.99
"ZM","Zambia",2000,234608.2
"ZM","Zambia",2001,132868.9
"ZM","Zambia",2004,973612.25
"ZM","Zambia",2005,201743.62
"ZM","Zambia",2006,326878.13
"ZM","Zambia",2007,781392.01
"ZM","Zambia",2008,781607.37
"ZM","Zambia",2009,1910293.61
"ZM","Zambia",2010,136235.82
"ZM","Zambia",2011,46504.64
"ZM","Zambia",2012,37071.54
"ZM","Zambia",2013,10517.45
"ZM","Zambia",2015,1892.08
"ZW","Zimbabwe",1992,0
"ZW","Zimbabwe",1997,0
"ZW","Zimbabwe",1998,8575520.08
"ZW","Zimbabwe",1999,5142093.42
"ZW","Zimbabwe",2000,2080602.11
"ZW","Zimbabwe",2001,423157.86
"ZW","Zimbabwe",2002,392017.27
"ZW","Zimbabwe",2003,43107.22
"ZW","Zimbabwe",2004,163920.5
"ZW","Zimbabwe",2005,766463.05
"ZW","Zimbabwe",2006,235053.84
"ZW","Zimbabwe",2007,573837.98
"ZW","Zimbabwe",2008,3730688.45
"ZW","Zimbabwe",2009,4301908.71
"ZW","Zimbabwe",2010,3060777.05
"ZW","Zimbabwe",2011,4277393.28
"ZW","Zimbabwe",2012,95488.12
"ZW","Zimbabwe",2013,603684.84
"ZW","Zimbabwe",2014,189047.51
"ZW","Zimbabwe",2015,251131.97
