"id-to","entity-to-name","year","value"
"africa","Africa, regional",2012,2240372.95
"BJ","Benin",2011,1255794.91
"BJ","Benin",2012,705321.21
"BJ","Benin",2013,3525151.18
"BJ","Benin",2014,6957606.24
"BJ","Benin",2015,7102910.96
"BW","Botswana",2011,733389.43
"BW","Botswana",2012,1399856.11
"BW","Botswana",2013,1311014.08
"BW","Botswana",2014,0
"BW","Botswana",2015,0
"BF","Burkina Faso",2011,1552285.32
"BF","Burkina Faso",2012,4362051.24
"BF","Burkina Faso",2013,6229117.71
"BF","Burkina Faso",2014,3552911.75
"BF","Burkina Faso",2015,3661851.6
"BI","Burundi",2011,173422.27
"BI","Burundi",2012,4265046.93
"BI","Burundi",2013,2208734.57
"BI","Burundi",2014,3579827.36
"BI","Burundi",2015,222961
"CM","Cameroon",2011,0
"CM","Cameroon",2012,1591935.69
"CM","Cameroon",2013,7405068.53
"CM","Cameroon",2014,3969385.54
"CM","Cameroon",2015,4442234.8
"CV","Cape Verde",2011,1494411.04
"CV","Cape Verde",2012,2337956.87
"CV","Cape Verde",2013,4047395.8
"CV","Cape Verde",2014,6984930.22
"CV","Cape Verde",2015,7758380.54
"CF","CAR",2012,24108.44
"CF","CAR",2013,99946.81
"CF","CAR",2014,0
"TD","Chad",2011,9184697.23
"TD","Chad",2012,5900970.1
"TD","Chad",2013,2878648.36
"TD","Chad",2014,1527259.22
"TD","Chad",2015,694686.8
"KM","Comoros",2011,0
"KM","Comoros",2012,0
"KM","Comoros",2013,0
"CG","Congo",2011,749716.85
"CG","Congo",2012,625306.92
"CG","Congo",2013,589776.25
"CG","Congo",2014,368547.44
"CG","Congo",2015,2567842
"CI","Côte d'Ivoire",2011,466112.94
"CI","Côte d'Ivoire",2012,7388529.49
"CI","Côte d'Ivoire",2013,2833627.27
"CI","Côte d'Ivoire",2014,6625942.89
"CI","Côte d'Ivoire",2015,8906958.5
"CD","DRC",2011,2144495.55
"CD","DRC",2012,2481855.8
"CD","DRC",2013,6666722.69
"CD","DRC",2014,3278352.75
"CD","DRC",2015,3538242.5
"GQ","Equatorial Guinea",2011,0
"GQ","Equatorial Guinea",2012,877340.61
"GQ","Equatorial Guinea",2013,0
"GQ","Equatorial Guinea",2014,0
"GQ","Equatorial Guinea",2015,0
"ER","Eritrea",2011,118540.65
"ER","Eritrea",2012,463059.5
"ER","Eritrea",2013,906724.71
"ER","Eritrea",2014,92797.52
"ER","Eritrea",2015,144943
"ET","Ethiopia",2011,6318769.01
"ET","Ethiopia",2012,4204504.14
"ET","Ethiopia",2013,6483036.65
"ET","Ethiopia",2014,3492774.34
"ET","Ethiopia",2015,5746037.7
"GA","Gabon",2011,0
"GA","Gabon",2012,0
"GM","Gambia",2011,2071754.61
"GM","Gambia",2012,1059249.73
"GM","Gambia",2013,4733517.18
"GM","Gambia",2014,3838433.41
"GM","Gambia",2015,2738276
"GH","Ghana",2011,4210590.03
"GH","Ghana",2012,6558020.1
"GH","Ghana",2013,1139033.52
"GH","Ghana",2014,1969543.68
"GH","Ghana",2015,4904846.5
"GN","Guinea",2011,3260692.82
"GN","Guinea",2012,7067856.48
"GN","Guinea",2013,13526135.63
"GN","Guinea",2014,5643840.18
"GN","Guinea",2015,3903115.6
"GW","Guinea-Bissau",2012,0
"GW","Guinea-Bissau",2015,0
"KE","Kenya",2011,1845945.78
"KE","Kenya",2012,629346.13
"KE","Kenya",2013,282732.43
"KE","Kenya",2014,927618.12
"KE","Kenya",2015,1404054.9
"LS","Lesotho",2011,1931621.81
"LS","Lesotho",2012,3417782.99
"LS","Lesotho",2013,2875046.67
"LS","Lesotho",2014,6425611.66
"LS","Lesotho",2015,2625430.6
"LR","Liberia",2011,0
"LR","Liberia",2012,144442.32
"LR","Liberia",2013,0
"LR","Liberia",2014,0
"MG","Madagascar",2011,5020706.9
"MG","Madagascar",2012,9742163.18
"MG","Madagascar",2013,5907667.15
"MG","Madagascar",2014,3470999.47
"MG","Madagascar",2015,1917369
"MW","Malawi",2011,1931648.19
"MW","Malawi",2012,923103.17
"MW","Malawi",2013,402488.53
"MW","Malawi",2014,2927389.41
"MW","Malawi",2015,2994055.9
"ML","Mali",2011,4041973.11
"ML","Mali",2012,3875471.98
"ML","Mali",2013,1102116.23
"ML","Mali",2014,6142408.51
"ML","Mali",2015,8177275
"MU","Mauritius",2011,221746.93
"MU","Mauritius",2012,3108992.14
"MU","Mauritius",2013,3553964.67
"MU","Mauritius",2014,1569691.61
"MU","Mauritius",2015,0
"MZ","Mozambique",2011,4938290.3
"MZ","Mozambique",2012,3088125.93
"MZ","Mozambique",2013,6653216.36
"MZ","Mozambique",2014,9117800.13
"MZ","Mozambique",2015,9721002.2
"NA","Namibia",2011,0
"NA","Namibia",2012,0
"NA","Namibia",2013,0
"NA","Namibia",2014,0
"NA","Namibia",2015,0
"NE","Niger",2011,265950.55
"NE","Niger",2012,4422041.58
"NE","Niger",2013,2888553
"NE","Niger",2014,3038319.33
"NE","Niger",2015,1405745.98
"NG","Nigeria",2012,1926954.21
"NG","Nigeria",2013,573568.66
"NG","Nigeria",2014,1557428.05
"NG","Nigeria",2015,181259
"RW","Rwanda",2011,5494676.45
"RW","Rwanda",2012,266252.42
"RW","Rwanda",2013,2983997.7
"RW","Rwanda",2014,2015859.79
"RW","Rwanda",2015,5858308.9
"ST","Sao Tome & Principe",2011,501889.48
"ST","Sao Tome & Principe",2012,286910.32
"ST","Sao Tome & Principe",2013,100847.24
"ST","Sao Tome & Principe",2014,278071.02
"ST","Sao Tome & Principe",2015,2524135.9
"SN","Senegal",2011,7888457.99
"SN","Senegal",2012,11012909.65
"SN","Senegal",2013,6845906.62
"SN","Senegal",2014,7472350
"SN","Senegal",2015,6058932.7
"SC","Seychelles",2011,2693388.71
"SC","Seychelles",2012,1697344.44
"SC","Seychelles",2013,2111489.02
"SC","Seychelles",2014,1985622.34
"SC","Seychelles",2015,116055.2
"SL","Sierra Leone",2011,3139257.14
"SL","Sierra Leone",2012,5524255.4
"SL","Sierra Leone",2013,7035895.61
"SL","Sierra Leone",2014,2150007.6
"SL","Sierra Leone",2015,681741.2
"south-of-sahara","South of Sahara, regional",2011,1774029.84
"south-of-sahara","South of Sahara, regional",2012,0
"south-of-sahara","South of Sahara, regional",2013,1425367.64
"south-of-sahara","South of Sahara, regional",2014,2480906.16
"south-of-sahara","South of Sahara, regional",2015,2593317.6
"SZ","Swaziland",2011,123954.35
"SZ","Swaziland",2012,1845970.87
"SZ","Swaziland",2013,1090410.75
"SZ","Swaziland",2014,1381221.14
"SZ","Swaziland",2015,2112650
"TZ","Tanzania",2011,4137005.19
"TZ","Tanzania",2012,4546242.59
"TZ","Tanzania",2013,7885893.75
"TZ","Tanzania",2014,3417766.62
"TZ","Tanzania",2015,6396128.5
"TG","Togo",2011,5118755.73
"TG","Togo",2012,407796.65
"TG","Togo",2013,722138.25
"TG","Togo",2014,1537127.85
"TG","Togo",2015,2552886.34
"UG","Uganda",2011,26536.55
"UG","Uganda",2012,42393.54
"UG","Uganda",2013,301641.29
"UG","Uganda",2014,3246623.49
"UG","Uganda",2015,8097536.7
"ZM","Zambia",2011,91740.51
"ZM","Zambia",2012,38100.75
"ZM","Zambia",2013,0
"ZM","Zambia",2014,0
"ZM","Zambia",2015,3817720
"ZW","Zimbabwe",2011,77115.31
"ZW","Zimbabwe",2012,0
"ZW","Zimbabwe",2013,0
"ZW","Zimbabwe",2014,0
"ZW","Zimbabwe",2015,0
