"id-to","entity-to-name","year","value"
"AF","Afghanistan",1999,0
"AF","Afghanistan",2004,6470374.69
"AF","Afghanistan",2005,7450850.97
"AF","Afghanistan",2006,8082404.48
"AF","Afghanistan",2007,10882577.82
"AF","Afghanistan",2008,11052150.45
"AF","Afghanistan",2009,18269684.1
"AF","Afghanistan",2010,12476590.36
"AF","Afghanistan",2011,12990411.41
"AF","Afghanistan",2012,13048129.91
"AF","Afghanistan",2013,11879166.99
"AF","Afghanistan",2014,10005087.42
"AF","Afghanistan",2015,8389141.26
"africa","Africa, regional",1999,0
"africa","Africa, regional",2009,40096.45
"africa","Africa, regional",2010,179206.62
"africa","Africa, regional",2011,718948.44
"africa","Africa, regional",2012,1406826.01
"africa","Africa, regional",2013,300434.72
"africa","Africa, regional",2015,9892781
"AL","Albania",1999,0
"AL","Albania",2004,2398903.95
"AL","Albania",2005,1744965.45
"AL","Albania",2006,2374928.13
"AL","Albania",2007,1956723.41
"AL","Albania",2008,973352.36
"AL","Albania",2009,613372.26
"AL","Albania",2010,706080.29
"AL","Albania",2011,420118.31
"AL","Albania",2012,465299.99
"AL","Albania",2013,391397.13
"AL","Albania",2014,407760.77
"AL","Albania",2015,536179.33
"DZ","Algeria",1999,0
"DZ","Algeria",2004,1103613.72
"DZ","Algeria",2005,1344409.24
"DZ","Algeria",2006,1554781.99
"DZ","Algeria",2007,686475.75
"DZ","Algeria",2008,733254.29
"DZ","Algeria",2009,552947.48
"DZ","Algeria",2010,684377.86
"DZ","Algeria",2011,376789.19
"DZ","Algeria",2012,654656.47
"DZ","Algeria",2013,1136370.98
"DZ","Algeria",2014,501414.15
"DZ","Algeria",2015,994879.06
"america","America, regional",2009,71210.85
"america","America, regional",2010,16919.1
"america","America, regional",2015,667724
"AO","Angola",1999,0
"AO","Angola",2004,4285145.4
"AO","Angola",2005,6749787.37
"AO","Angola",2006,6234994.72
"AO","Angola",2007,6478972.86
"AO","Angola",2008,4901411.53
"AO","Angola",2009,3687240.71
"AO","Angola",2010,2365783.39
"AO","Angola",2011,1876288.09
"AO","Angola",2012,2387762
"AO","Angola",2013,1362494.79
"AO","Angola",2014,2623014.82
"AO","Angola",2015,2779456.77
"AI","Anguilla",1999,0
"AG","Antigua & Barbuda",2014,20869.08
"AG","Antigua & Barbuda",2015,213.64
"AR","Argentina",1999,0
"AR","Argentina",2004,14877.72
"AR","Argentina",2005,629807.64
"AR","Argentina",2006,862425.18
"AR","Argentina",2007,1064199.62
"AR","Argentina",2008,781612.85
"AR","Argentina",2009,636843.36
"AR","Argentina",2010,775892.74
"AR","Argentina",2011,404420.54
"AR","Argentina",2012,289907.85
"AR","Argentina",2013,327973.22
"AR","Argentina",2014,239938.83
"AR","Argentina",2015,451508.54
"AM","Armenia",1999,0
"AM","Armenia",2004,1212765.66
"AM","Armenia",2005,1540252.96
"AM","Armenia",2006,2108078.96
"AM","Armenia",2007,2133190.51
"AM","Armenia",2008,1351131.82
"AM","Armenia",2009,1215891.99
"AM","Armenia",2010,1332998.14
"AM","Armenia",2011,951802.06
"AM","Armenia",2012,774704.27
"AM","Armenia",2013,845298.84
"AM","Armenia",2014,646205.71
"AM","Armenia",2015,480668.03
"AW","Aruba",1999,0
"asia","Asia, regional",2009,62893.42
"asia","Asia, regional",2010,24438.43
"asia","Asia, regional",2015,2245360
"AZ","Azerbaijan",1999,0
"AZ","Azerbaijan",2004,2766791.89
"AZ","Azerbaijan",2005,3241219.9
"AZ","Azerbaijan",2006,3270077.62
"AZ","Azerbaijan",2007,2191650.22
"AZ","Azerbaijan",2008,2543108.12
"AZ","Azerbaijan",2009,1353395.39
"AZ","Azerbaijan",2010,1281326.72
"AZ","Azerbaijan",2011,918288.17
"AZ","Azerbaijan",2012,794009.6
"AZ","Azerbaijan",2013,992934.69
"AZ","Azerbaijan",2014,1031015.94
"AZ","Azerbaijan",2015,607991.48
"BH","Bahrain",1999,0
"BD","Bangladesh",1999,0
"BD","Bangladesh",2004,20805071.6
"BD","Bangladesh",2005,18076206.57
"BD","Bangladesh",2006,11997329.44
"BD","Bangladesh",2007,15328986.53
"BD","Bangladesh",2008,5422823.26
"BD","Bangladesh",2009,12230985.25
"BD","Bangladesh",2010,18571761.2
"BD","Bangladesh",2011,14950033.14
"BD","Bangladesh",2012,13761038.52
"BD","Bangladesh",2013,14347951.47
"BD","Bangladesh",2014,11327612.35
"BD","Bangladesh",2015,11221618.52
"BB","Barbados",2004,732564.66
"BB","Barbados",2005,453642.89
"BB","Barbados",2006,207966.37
"BB","Barbados",2007,216076.55
"BB","Barbados",2008,220923.58
"BB","Barbados",2009,211173.39
"BB","Barbados",2010,233056.94
"BY","Belarus",2005,777441.97
"BY","Belarus",2006,497151.43
"BY","Belarus",2007,624006.79
"BY","Belarus",2008,1517235.25
"BY","Belarus",2009,803191.9
"BY","Belarus",2010,794010.68
"BY","Belarus",2011,222804.13
"BY","Belarus",2012,151741.06
"BY","Belarus",2013,197302.22
"BY","Belarus",2014,645072.1
"BY","Belarus",2015,456957.96
"BZ","Belize",1999,0
"BZ","Belize",2009,380959.04
"BZ","Belize",2010,571479.32
"BZ","Belize",2011,315602.39
"BZ","Belize",2012,218701
"BZ","Belize",2013,137406.16
"BZ","Belize",2014,74343.94
"BZ","Belize",2015,107455.43
"BJ","Benin",1999,0
"BJ","Benin",2004,2426335.66
"BJ","Benin",2005,3374763.71
"BJ","Benin",2006,3224946.07
"BJ","Benin",2007,3105473.05
"BJ","Benin",2008,5367131.04
"BJ","Benin",2009,5557664.83
"BJ","Benin",2010,4702778.77
"BJ","Benin",2011,3472793.98
"BJ","Benin",2012,3616866.47
"BJ","Benin",2013,3562107.19
"BJ","Benin",2014,3806729.62
"BJ","Benin",2015,3781037.7
"BT","Bhutan",1999,0
"BT","Bhutan",2004,1962809.88
"BT","Bhutan",2005,2319516
"BT","Bhutan",2006,2568517.22
"BT","Bhutan",2007,2035946.93
"BT","Bhutan",2008,1542993.71
"BT","Bhutan",2009,1571452.5
"BT","Bhutan",2010,1359589.07
"BT","Bhutan",2011,1172862.61
"BT","Bhutan",2012,1160368.4
"BT","Bhutan",2013,1033468.98
"BT","Bhutan",2014,1104831.67
"BT","Bhutan",2015,686211.17
"bilateral-unspecified","Bilateral, unspecified",1999,0
"bilateral-unspecified","Bilateral, unspecified",2004,881137.04
"bilateral-unspecified","Bilateral, unspecified",2005,541567.72
"bilateral-unspecified","Bilateral, unspecified",2006,316615.21
"bilateral-unspecified","Bilateral, unspecified",2007,245292.16
"bilateral-unspecified","Bilateral, unspecified",2008,264355.77
"bilateral-unspecified","Bilateral, unspecified",2009,96326106.22
"bilateral-unspecified","Bilateral, unspecified",2010,91508989.31
"bilateral-unspecified","Bilateral, unspecified",2011,67696023.08
"bilateral-unspecified","Bilateral, unspecified",2012,68397157.15
"bilateral-unspecified","Bilateral, unspecified",2013,71604048.47
"bilateral-unspecified","Bilateral, unspecified",2014,58520974.3
"bilateral-unspecified","Bilateral, unspecified",2015,40927073.67
"BO","Bolivia",1999,0
"BO","Bolivia",2004,1739637.93
"BO","Bolivia",2005,1146533.51
"BO","Bolivia",2006,1296077.87
"BO","Bolivia",2007,1736306.04
"BO","Bolivia",2008,1502506.36
"BO","Bolivia",2009,1948737.06
"BO","Bolivia",2010,1449556.64
"BO","Bolivia",2011,1333034.58
"BO","Bolivia",2012,1737357.97
"BO","Bolivia",2013,1834346.41
"BO","Bolivia",2014,2016602.71
"BO","Bolivia",2015,850952.96
"BA","Bosnia & Herzegovina",1999,0
"BA","Bosnia & Herzegovina",2004,1058419.89
"BA","Bosnia & Herzegovina",2005,1049905.13
"BA","Bosnia & Herzegovina",2006,951899.23
"BA","Bosnia & Herzegovina",2007,942422.68
"BA","Bosnia & Herzegovina",2008,1040764.72
"BA","Bosnia & Herzegovina",2009,952915.08
"BA","Bosnia & Herzegovina",2010,561724.14
"BA","Bosnia & Herzegovina",2011,535995.33
"BA","Bosnia & Herzegovina",2012,533214.34
"BA","Bosnia & Herzegovina",2013,547463.63
"BA","Bosnia & Herzegovina",2014,561735.26
"BA","Bosnia & Herzegovina",2015,410542.56
"BW","Botswana",1999,0
"BW","Botswana",2004,552873.79
"BW","Botswana",2005,814342.35
"BW","Botswana",2006,413428.31
"BW","Botswana",2007,1178743.13
"BW","Botswana",2008,1002803.26
"BW","Botswana",2009,1064583.18
"BW","Botswana",2010,1144644.27
"BW","Botswana",2011,419941.22
"BW","Botswana",2012,596363.2
"BW","Botswana",2013,368802.85
"BW","Botswana",2014,661227.14
"BW","Botswana",2015,362056.15
"BR","Brazil",1999,0
"BR","Brazil",2004,2313921.65
"BR","Brazil",2005,939088.1
"BR","Brazil",2006,1125477.69
"BR","Brazil",2007,440900.98
"BR","Brazil",2008,460756.47
"BR","Brazil",2009,873177.92
"BR","Brazil",2010,1302757.29
"BR","Brazil",2011,850240.23
"BR","Brazil",2012,863466.67
"BR","Brazil",2013,844040.05
"BR","Brazil",2014,398598.11
"BR","Brazil",2015,429041.02
"BF","Burkina Faso",1999,0
"BF","Burkina Faso",2004,7684893.82
"BF","Burkina Faso",2005,6737378.06
"BF","Burkina Faso",2006,6391881.38
"BF","Burkina Faso",2007,5443502.57
"BF","Burkina Faso",2008,7003897.15
"BF","Burkina Faso",2009,8036049.18
"BF","Burkina Faso",2010,6987024.59
"BF","Burkina Faso",2011,3757914.06
"BF","Burkina Faso",2012,5299199.43
"BF","Burkina Faso",2013,5005509.38
"BF","Burkina Faso",2014,4688778.82
"BF","Burkina Faso",2015,5536527.31
"BI","Burundi",1999,0
"BI","Burundi",2004,10234185.39
"BI","Burundi",2005,7447356.19
"BI","Burundi",2006,5573520.4
"BI","Burundi",2007,4051476.94
"BI","Burundi",2008,7386009.02
"BI","Burundi",2009,10881985.95
"BI","Burundi",2010,12239383.7
"BI","Burundi",2011,7209363.43
"BI","Burundi",2012,6756287.34
"BI","Burundi",2013,6222566.24
"BI","Burundi",2014,7929058.44
"BI","Burundi",2015,7289008.67
"CI","Côte d'Ivoire",1999,0
"CI","Côte d'Ivoire",2004,5393710.68
"CI","Côte d'Ivoire",2005,3959187.77
"CI","Côte d'Ivoire",2006,4568965.67
"CI","Côte d'Ivoire",2007,4329898.91
"CI","Côte d'Ivoire",2008,7206222.92
"CI","Côte d'Ivoire",2009,7223599.88
"CI","Côte d'Ivoire",2010,6734985.95
"CI","Côte d'Ivoire",2011,3309512.96
"CI","Côte d'Ivoire",2012,2174013.35
"CI","Côte d'Ivoire",2013,2112888.27
"CI","Côte d'Ivoire",2014,2762366.49
"CI","Côte d'Ivoire",2015,2226413.75
"KH","Cambodia",1999,0
"KH","Cambodia",2004,7052784.75
"KH","Cambodia",2005,5118750.49
"KH","Cambodia",2006,6154155.72
"KH","Cambodia",2007,7255245.1
"KH","Cambodia",2008,6978766.28
"KH","Cambodia",2009,8943189.92
"KH","Cambodia",2010,9327438.44
"KH","Cambodia",2011,4864779.45
"KH","Cambodia",2012,5671423.28
"KH","Cambodia",2013,5435458.96
"KH","Cambodia",2014,4868579.87
"KH","Cambodia",2015,4403334.97
"CM","Cameroon",1999,0
"CM","Cameroon",2004,4020450.27
"CM","Cameroon",2005,5289087.9
"CM","Cameroon",2006,4290802.52
"CM","Cameroon",2007,3920359.43
"CM","Cameroon",2008,3025467.85
"CM","Cameroon",2009,3132631.64
"CM","Cameroon",2010,3637062.87
"CM","Cameroon",2011,2026425.94
"CM","Cameroon",2012,1671746.11
"CM","Cameroon",2013,1989644.85
"CM","Cameroon",2014,1683323.61
"CM","Cameroon",2015,1970343.13
"CV","Cape Verde",1999,0
"CV","Cape Verde",2004,763020.73
"CV","Cape Verde",2005,711348.49
"CV","Cape Verde",2006,1007178.53
"CV","Cape Verde",2007,1044025.97
"CV","Cape Verde",2008,1027457.21
"CV","Cape Verde",2009,681820.13
"CV","Cape Verde",2010,826047.02
"CV","Cape Verde",2011,485525.68
"CV","Cape Verde",2012,577016.24
"CV","Cape Verde",2013,531500.05
"CV","Cape Verde",2014,813608.82
"CV","Cape Verde",2015,631030.57
"CF","CAR",1999,0
"CF","CAR",2004,4128590.43
"CF","CAR",2005,3044003.12
"CF","CAR",2006,3427644.69
"CF","CAR",2007,3604829.26
"CF","CAR",2008,3568671.48
"CF","CAR",2009,5691161.43
"CF","CAR",2010,4133598.26
"CF","CAR",2011,3803313.99
"CF","CAR",2012,3181329.85
"CF","CAR",2013,2659860.28
"CF","CAR",2014,3688748.18
"CF","CAR",2015,4355676.37
"TD","Chad",1999,0
"TD","Chad",2004,6748982.17
"TD","Chad",2005,5862376.26
"TD","Chad",2006,5411962.42
"TD","Chad",2007,5426127.14
"TD","Chad",2008,4206864.18
"TD","Chad",2009,5751823.58
"TD","Chad",2010,7419467.52
"TD","Chad",2011,6510716.69
"TD","Chad",2012,4834854.08
"TD","Chad",2013,4315604.43
"TD","Chad",2014,3478363.84
"TD","Chad",2015,3473930.78
"CL","Chile",1999,0
"CL","Chile",2004,644712.96
"CL","Chile",2005,1065303.03
"CL","Chile",2006,100310.72
"CL","Chile",2007,569343.92
"CL","Chile",2008,594306.39
"CL","Chile",2009,830280.5
"CL","Chile",2010,893678.5
"CL","Chile",2011,1463853.05
"CL","Chile",2012,1126015.04
"CL","Chile",2013,924334.26
"CL","Chile",2014,817559.4
"CL","Chile",2015,748273.71
"CN","China",1999,0
"CN","China",2004,10663511.56
"CN","China",2005,10895253.75
"CN","China",2006,8926226.79
"CN","China",2007,9738206.36
"CN","China",2008,7108715.38
"CN","China",2009,7296035.55
"CN","China",2010,5951777.32
"CN","China",2011,5155731.09
"CN","China",2012,4218941.97
"CN","China",2013,3291805.08
"CN","China",2014,3126924.43
"CN","China",2015,2182770.11
"CO","Colombia",1999,0
"CO","Colombia",2004,1781422.59
"CO","Colombia",2005,1521757.83
"CO","Colombia",2006,1589166.22
"CO","Colombia",2007,1139502.92
"CO","Colombia",2008,1102124.88
"CO","Colombia",2009,979538.44
"CO","Colombia",2010,866737.75
"CO","Colombia",2011,559279.82
"CO","Colombia",2012,725065.59
"CO","Colombia",2013,1015409.22
"CO","Colombia",2014,919503.39
"CO","Colombia",2015,2049652.81
"KM","Comoros",1999,0
"KM","Comoros",2004,1007900.34
"KM","Comoros",2005,997454.41
"KM","Comoros",2006,1311817.44
"KM","Comoros",2007,1586942.58
"KM","Comoros",2008,2155961.68
"KM","Comoros",2009,1718669.05
"KM","Comoros",2010,1434298.12
"KM","Comoros",2011,653072.87
"KM","Comoros",2012,684762.81
"KM","Comoros",2013,817238.99
"KM","Comoros",2014,1318000
"KM","Comoros",2015,1217913.32
"CG","Congo",1999,0
"CG","Congo",2004,1249270.48
"CG","Congo",2005,1551926.09
"CG","Congo",2006,1119125.07
"CG","Congo",2007,1595918.37
"CG","Congo",2008,1847211.9
"CG","Congo",2009,2287719.68
"CG","Congo",2010,1558006.44
"CG","Congo",2011,827126.45
"CG","Congo",2012,1153805.64
"CG","Congo",2013,980549.39
"CG","Congo",2014,1370639.07
"CG","Congo",2015,1299728.6
"CK","Cook Islands",1999,0
"CK","Cook Islands",2009,64080.27
"CK","Cook Islands",2010,61052.83
"CK","Cook Islands",2011,71540.78
"CK","Cook Islands",2012,39014.64
"CR","Costa Rica",1999,0
"CR","Costa Rica",2004,712361.07
"CR","Costa Rica",2005,602780.82
"CR","Costa Rica",2006,579221.79
"CR","Costa Rica",2007,803262.05
"CR","Costa Rica",2008,670533.07
"CR","Costa Rica",2009,1144624.17
"CR","Costa Rica",2010,912126.23
"CR","Costa Rica",2011,527226.11
"CR","Costa Rica",2012,420260.15
"CR","Costa Rica",2013,444043.89
"CR","Costa Rica",2014,440510.36
"CR","Costa Rica",2015,392056.31
"HR","Croatia",1999,0
"HR","Croatia",2004,432959.32
"HR","Croatia",2005,628371.74
"HR","Croatia",2006,1024096.32
"HR","Croatia",2007,976493.18
"HR","Croatia",2008,1402386.09
"HR","Croatia",2009,1215654.62
"HR","Croatia",2010,843541.61
"CU","Cuba",1999,0
"CU","Cuba",2004,962007.2
"CU","Cuba",2005,1064372.97
"CU","Cuba",2006,1309824.54
"CU","Cuba",2007,872367.46
"CU","Cuba",2008,732327.93
"CU","Cuba",2009,1174798.58
"CU","Cuba",2010,632768.74
"CU","Cuba",2011,431459.2
"CU","Cuba",2012,484503.21
"CU","Cuba",2013,559899.36
"CU","Cuba",2014,410874.23
"CU","Cuba",2015,422695.25
"DJ","Djibouti",1999,0
"DJ","Djibouti",2004,1009571.47
"DJ","Djibouti",2005,1183197.05
"DJ","Djibouti",2006,982958.74
"DJ","Djibouti",2007,761938.56
"DJ","Djibouti",2008,906634.69
"DJ","Djibouti",2009,1157261.72
"DJ","Djibouti",2010,1103843.74
"DJ","Djibouti",2011,960174.84
"DJ","Djibouti",2012,706469.33
"DJ","Djibouti",2013,808072.7
"DJ","Djibouti",2014,964636.9
"DJ","Djibouti",2015,767214.88
"DM","Dominica",1999,0
"DM","Dominica",2009,69587.24
"DM","Dominica",2010,100386.52
"DM","Dominica",2011,38227.91
"DM","Dominica",2012,37468.91
"DM","Dominica",2013,55160.74
"DM","Dominica",2014,48289.06
"DM","Dominica",2015,3549.7
"DO","Dominican Republic",1999,0
"DO","Dominican Republic",2004,846354.41
"DO","Dominican Republic",2005,976404.54
"DO","Dominican Republic",2006,915552.65
"DO","Dominican Republic",2007,901307.22
"DO","Dominican Republic",2008,969783.05
"DO","Dominican Republic",2009,1343891.11
"DO","Dominican Republic",2010,1203207.16
"DO","Dominican Republic",2011,591816.96
"DO","Dominican Republic",2012,470994.78
"DO","Dominican Republic",2013,616363
"DO","Dominican Republic",2014,323211.07
"DO","Dominican Republic",2015,619828.68
"CD","DRC",2004,11395910.78
"CD","DRC",2005,17722284.14
"CD","DRC",2006,15877315.3
"CD","DRC",2007,14888290.73
"CD","DRC",2008,21672665.23
"CD","DRC",2009,20156686.11
"CD","DRC",2010,14905726.3
"CD","DRC",2011,16477371.1
"CD","DRC",2012,13671460.83
"CD","DRC",2013,13673501.36
"CD","DRC",2014,15420938.48
"CD","DRC",2015,14766391.84
"EC","Ecuador",1999,0
"EC","Ecuador",2004,1112001.6
"EC","Ecuador",2005,1578330.79
"EC","Ecuador",2006,1950779.4
"EC","Ecuador",2007,1216377.21
"EC","Ecuador",2008,1360803.38
"EC","Ecuador",2009,1045109.39
"EC","Ecuador",2010,820800.96
"EC","Ecuador",2011,642766.53
"EC","Ecuador",2012,724383.53
"EC","Ecuador",2013,557512.34
"EC","Ecuador",2014,536827.04
"EC","Ecuador",2015,554158
"EG","Egypt",1999,0
"EG","Egypt",2004,1501687.07
"EG","Egypt",2005,1619590.79
"EG","Egypt",2006,1837318.3
"EG","Egypt",2007,2021619.85
"EG","Egypt",2008,2406374.53
"EG","Egypt",2009,2832909.93
"EG","Egypt",2010,2502030.62
"EG","Egypt",2011,1608981.39
"EG","Egypt",2012,1113951.53
"EG","Egypt",2013,2205112.17
"EG","Egypt",2014,1527782.74
"EG","Egypt",2015,1711432.48
"SV","El Salvador",1999,0
"SV","El Salvador",2004,683999.07
"SV","El Salvador",2005,958304.11
"SV","El Salvador",2006,1025768.81
"SV","El Salvador",2007,676188.33
"SV","El Salvador",2008,666153.6
"SV","El Salvador",2009,934761.06
"SV","El Salvador",2010,751809.1
"SV","El Salvador",2011,450638.32
"SV","El Salvador",2012,773558.78
"SV","El Salvador",2013,577769.13
"SV","El Salvador",2014,465131.57
"SV","El Salvador",2015,341947.04
"GQ","Equatorial Guinea",1999,0
"GQ","Equatorial Guinea",2004,597892.68
"GQ","Equatorial Guinea",2005,968123.59
"GQ","Equatorial Guinea",2006,713734.13
"GQ","Equatorial Guinea",2007,795738.25
"GQ","Equatorial Guinea",2008,516093.25
"GQ","Equatorial Guinea",2009,390653.21
"GQ","Equatorial Guinea",2010,596422.84
"GQ","Equatorial Guinea",2011,377052.72
"GQ","Equatorial Guinea",2012,459467.22
"GQ","Equatorial Guinea",2013,537926.36
"GQ","Equatorial Guinea",2014,540392.8
"GQ","Equatorial Guinea",2015,510767.2
"ER","Eritrea",1999,0
"ER","Eritrea",2004,2636938.73
"ER","Eritrea",2005,3745376.87
"ER","Eritrea",2006,4403721.38
"ER","Eritrea",2007,5753378.34
"ER","Eritrea",2008,4736280.2
"ER","Eritrea",2009,8016793.77
"ER","Eritrea",2010,6670654.43
"ER","Eritrea",2011,4415228.19
"ER","Eritrea",2012,4721579.4
"ER","Eritrea",2013,4247297.53
"ER","Eritrea",2014,6087603.26
"ER","Eritrea",2015,5946612.45
"ET","Ethiopia",1999,0
"ET","Ethiopia",2004,12292486.96
"ET","Ethiopia",2005,11639543.78
"ET","Ethiopia",2006,18997984.22
"ET","Ethiopia",2007,9236052.26
"ET","Ethiopia",2008,20160102.27
"ET","Ethiopia",2009,16472749.58
"ET","Ethiopia",2010,16650709.54
"ET","Ethiopia",2011,14177284.26
"ET","Ethiopia",2012,14049935.93
"ET","Ethiopia",2013,12477465.73
"ET","Ethiopia",2014,13633931.02
"ET","Ethiopia",2015,11319893.81
"europe","Europe, regional",1999,0
"east-asia","Far East Asia, regional",2015,2424704.48
"FJ","Fiji",1999,0
"FJ","Fiji",2004,2622604.46
"FJ","Fiji",2005,2362708.07
"FJ","Fiji",2006,3084243.44
"FJ","Fiji",2007,2418467.78
"FJ","Fiji",2008,2070274.88
"FJ","Fiji",2009,3095687.45
"FJ","Fiji",2010,2607850.49
"FJ","Fiji",2011,65659.46
"FJ","Fiji",2012,254362.76
"FJ","Fiji",2013,120905.93
"FJ","Fiji",2014,384735.74
"FJ","Fiji",2015,606057.35
"GA","Gabon",1999,0
"GA","Gabon",2004,660824.26
"GA","Gabon",2005,876907.44
"GA","Gabon",2006,735892.05
"GA","Gabon",2007,666805.29
"GA","Gabon",2008,737315.37
"GA","Gabon",2009,710969.1
"GA","Gabon",2010,801277.45
"GA","Gabon",2011,562236.42
"GA","Gabon",2012,669467.94
"GA","Gabon",2013,632618.32
"GA","Gabon",2014,644811
"GA","Gabon",2015,349082.46
"GM","Gambia",1999,0
"GM","Gambia",2004,2444502.45
"GM","Gambia",2005,2642895.25
"GM","Gambia",2006,1909904.45
"GM","Gambia",2007,2046891.9
"GM","Gambia",2008,2581382.82
"GM","Gambia",2009,2742861.44
"GM","Gambia",2010,2807977.64
"GM","Gambia",2011,2412560.52
"GM","Gambia",2012,1765982.67
"GM","Gambia",2013,2435065.48
"GM","Gambia",2014,3129867.61
"GM","Gambia",2015,3034304.9
"GE","Georgia",1999,0
"GE","Georgia",2004,2177020.75
"GE","Georgia",2005,2219196.88
"GE","Georgia",2006,1707671.86
"GE","Georgia",2007,1342134.35
"GE","Georgia",2008,2470098.01
"GE","Georgia",2009,2506289.51
"GE","Georgia",2010,1606072.54
"GE","Georgia",2011,1104557.87
"GE","Georgia",2012,1162113.35
"GE","Georgia",2013,1014523.2
"GE","Georgia",2014,703729.61
"GE","Georgia",2015,549346.51
"GH","Ghana",1999,0
"GH","Ghana",2004,4690296.93
"GH","Ghana",2005,4469830.42
"GH","Ghana",2006,6957670.08
"GH","Ghana",2007,6007861.11
"GH","Ghana",2008,7143718.63
"GH","Ghana",2009,7273343.03
"GH","Ghana",2010,6297989.79
"GH","Ghana",2011,5304199.19
"GH","Ghana",2012,5008356.8
"GH","Ghana",2013,4573996.66
"GH","Ghana",2014,4868307.2
"GH","Ghana",2015,4633454.05
"GD","Grenada",1999,0
"GD","Grenada",2009,53322.68
"GD","Grenada",2010,147935.93
"GD","Grenada",2011,40834.84
"GD","Grenada",2012,47209.2
"GD","Grenada",2013,64020.89
"GD","Grenada",2014,60556.99
"GD","Grenada",2015,33410
"GT","Guatemala",1999,0
"GT","Guatemala",2004,977949.42
"GT","Guatemala",2005,1265838.5
"GT","Guatemala",2006,1263358.49
"GT","Guatemala",2007,818847.31
"GT","Guatemala",2008,1028452.8
"GT","Guatemala",2009,869389.5
"GT","Guatemala",2010,721425.72
"GT","Guatemala",2011,420210.1
"GT","Guatemala",2012,595706.1
"GT","Guatemala",2013,833882.39
"GT","Guatemala",2014,980919.86
"GT","Guatemala",2015,461106.15
"GN","Guinea",1999,0
"GN","Guinea",2004,1520262.14
"GN","Guinea",2005,2513618.67
"GN","Guinea",2006,4315102.37
"GN","Guinea",2007,4665432.73
"GN","Guinea",2008,6771104.41
"GN","Guinea",2009,5864232.27
"GN","Guinea",2010,5023881.18
"GN","Guinea",2011,4119744.13
"GN","Guinea",2012,4709526.28
"GN","Guinea",2013,4034992.49
"GN","Guinea",2014,5816880.71
"GN","Guinea",2015,5947636.87
"GW","Guinea-Bissau",1999,0
"GW","Guinea-Bissau",2004,3164198.62
"GW","Guinea-Bissau",2005,3056836.6
"GW","Guinea-Bissau",2006,3550034.04
"GW","Guinea-Bissau",2007,4103133.47
"GW","Guinea-Bissau",2008,2963814.15
"GW","Guinea-Bissau",2009,3647343.65
"GW","Guinea-Bissau",2010,3686356.14
"GW","Guinea-Bissau",2011,3415320.48
"GW","Guinea-Bissau",2012,2994787.13
"GW","Guinea-Bissau",2013,2893600.76
"GW","Guinea-Bissau",2014,2737404.76
"GW","Guinea-Bissau",2015,2824470.14
"GY","Guyana",1999,0
"GY","Guyana",2004,1351978.29
"GY","Guyana",2005,1390264.49
"GY","Guyana",2006,1047722.55
"GY","Guyana",2007,711861.22
"GY","Guyana",2008,629216.55
"GY","Guyana",2009,776074.8
"GY","Guyana",2010,845097.48
"GY","Guyana",2011,860071.32
"GY","Guyana",2012,748375.56
"GY","Guyana",2013,830843.47
"GY","Guyana",2014,553892
"GY","Guyana",2015,422846.49
"HT","Haiti",1999,0
"HT","Haiti",2004,4012379.22
"HT","Haiti",2005,5671615.36
"HT","Haiti",2006,5609218.26
"HT","Haiti",2007,3526568.93
"HT","Haiti",2008,5910341.75
"HT","Haiti",2009,8077949.64
"HT","Haiti",2010,9919397.6
"HT","Haiti",2011,6086413.64
"HT","Haiti",2012,6565885.22
"HT","Haiti",2013,5308205.06
"HT","Haiti",2014,4366805.53
"HT","Haiti",2015,4200704.97
"HN","Honduras",1999,0
"HN","Honduras",2004,1302387.86
"HN","Honduras",2005,1352821.04
"HN","Honduras",2006,1762773.06
"HN","Honduras",2007,1108629.68
"HN","Honduras",2008,1452780.53
"HN","Honduras",2009,1678999.87
"HN","Honduras",2010,1899071.5
"HN","Honduras",2011,1465219.29
"HN","Honduras",2012,1255777.57
"HN","Honduras",2013,1811310.02
"HN","Honduras",2014,836748
"HN","Honduras",2015,1159488.91
"IN","India",1999,0
"IN","India",2004,22642178.9
"IN","India",2005,19636398.53
"IN","India",2006,16686809.45
"IN","India",2007,17141208.8
"IN","India",2008,13861753.41
"IN","India",2009,19518257.12
"IN","India",2010,15674186.11
"IN","India",2011,11760844.79
"IN","India",2012,11449387.28
"IN","India",2013,7854347.47
"IN","India",2014,10341082.71
"IN","India",2015,10433806.67
"ID","Indonesia",1999,0
"ID","Indonesia",2004,8760939.99
"ID","Indonesia",2005,9512528.87
"ID","Indonesia",2006,11054926.26
"ID","Indonesia",2007,7908946.87
"ID","Indonesia",2008,5331587.96
"ID","Indonesia",2009,4078539.57
"ID","Indonesia",2010,5205193.7
"ID","Indonesia",2011,4199067.98
"ID","Indonesia",2012,3007727.1
"ID","Indonesia",2013,2823435.39
"ID","Indonesia",2014,2323122.34
"ID","Indonesia",2015,2065255.52
"IR","Iran",1999,0
"IR","Iran",2004,1385724.41
"IR","Iran",2005,862452.29
"IR","Iran",2006,845752.09
"IR","Iran",2007,946789.23
"IR","Iran",2008,1211094.89
"IR","Iran",2009,1015457.19
"IR","Iran",2010,770035.47
"IR","Iran",2011,584697.9
"IR","Iran",2012,490122.71
"IR","Iran",2013,685235.36
"IR","Iran",2014,913161.87
"IR","Iran",2015,712447.06
"IQ","Iraq",1999,0
"IQ","Iraq",2004,2046244.72
"IQ","Iraq",2005,2052245.68
"IQ","Iraq",2006,2234800.55
"IQ","Iraq",2007,1879755.1
"IQ","Iraq",2008,3853654.57
"IQ","Iraq",2009,3885263.83
"IQ","Iraq",2010,1908848.77
"IQ","Iraq",2011,2660521.08
"IQ","Iraq",2012,2545883.53
"IQ","Iraq",2013,2357533.77
"IQ","Iraq",2014,2322390.07
"IQ","Iraq",2015,2020850.6
"JM","Jamaica",1999,0
"JM","Jamaica",2004,623592.44
"JM","Jamaica",2005,885441.83
"JM","Jamaica",2006,965576.35
"JM","Jamaica",2007,1004670.09
"JM","Jamaica",2008,633350.12
"JM","Jamaica",2009,785835.44
"JM","Jamaica",2010,752610.13
"JM","Jamaica",2011,563428.28
"JM","Jamaica",2012,548429.94
"JM","Jamaica",2013,512638.92
"JM","Jamaica",2014,375750.97
"JM","Jamaica",2015,580555.55
"JO","Jordan",1999,0
"JO","Jordan",2004,955903.96
"JO","Jordan",2005,880486.06
"JO","Jordan",2006,925554.45
"JO","Jordan",2007,897453.44
"JO","Jordan",2008,667851.6
"JO","Jordan",2009,537053.22
"JO","Jordan",2010,1193939.43
"JO","Jordan",2011,1384079.8
"JO","Jordan",2012,581707.27
"JO","Jordan",2013,481843.6
"JO","Jordan",2014,645765.57
"JO","Jordan",2015,687496.92
"KZ","Kazakhstan",1999,0
"KZ","Kazakhstan",2004,923367.21
"KZ","Kazakhstan",2005,1027786.78
"KZ","Kazakhstan",2006,1202851.36
"KZ","Kazakhstan",2007,694467.62
"KZ","Kazakhstan",2008,771113.92
"KZ","Kazakhstan",2009,642179.42
"KZ","Kazakhstan",2010,781715.73
"KZ","Kazakhstan",2011,397721.81
"KZ","Kazakhstan",2012,460782.54
"KZ","Kazakhstan",2013,367077.64
"KZ","Kazakhstan",2014,351281.43
"KZ","Kazakhstan",2015,374906.46
"KE","Kenya",1999,0
"KE","Kenya",2004,5475326.1
"KE","Kenya",2005,6300405.39
"KE","Kenya",2006,5542478.27
"KE","Kenya",2007,4246946.93
"KE","Kenya",2008,8530576.43
"KE","Kenya",2009,7450601.07
"KE","Kenya",2010,8212741.58
"KE","Kenya",2011,6534303.53
"KE","Kenya",2012,7385119.11
"KE","Kenya",2013,6844025.64
"KE","Kenya",2014,4971588.65
"KE","Kenya",2015,4832216.89
"KI","Kiribati",1999,0
"KI","Kiribati",2011,183719.33
"KI","Kiribati",2012,125625.7
"KI","Kiribati",2013,19070.93
"KI","Kiribati",2014,134332.07
"KI","Kiribati",2015,30407.6
"KR","Korea",1999,0
"XK","Kosovo",2009,1891806.36
"XK","Kosovo",2010,806809.18
"XK","Kosovo",2011,340540.22
"XK","Kosovo",2012,619984.01
"XK","Kosovo",2013,744217.49
"XK","Kosovo",2014,377443.79
"XK","Kosovo",2015,166843.44
"KG","Kyrgyzstan",1999,0
"KG","Kyrgyzstan",2004,2396189.85
"KG","Kyrgyzstan",2005,2718008.21
"KG","Kyrgyzstan",2006,3589285.45
"KG","Kyrgyzstan",2007,3400137.41
"KG","Kyrgyzstan",2008,5281768.98
"KG","Kyrgyzstan",2009,4299084.31
"KG","Kyrgyzstan",2010,5374885.9
"KG","Kyrgyzstan",2011,2915425.96
"KG","Kyrgyzstan",2012,1892938.84
"KG","Kyrgyzstan",2013,2411116.97
"KG","Kyrgyzstan",2014,2093536.75
"KG","Kyrgyzstan",2015,2111542.79
"LA","Lao",1999,0
"LA","Lao",2004,3046701.71
"LA","Lao",2005,5428382.04
"LA","Lao",2006,5121515.32
"LA","Lao",2007,4764712.69
"LA","Lao",2008,4773417.3
"LA","Lao",2009,5767281.08
"LA","Lao",2010,5626846.31
"LA","Lao",2011,3405456.59
"LA","Lao",2012,3764044.22
"LA","Lao",2013,3735106.12
"LA","Lao",2014,3259084.58
"LA","Lao",2015,2476666.96
"LB","Lebanon",1999,0
"LB","Lebanon",2004,1089118.93
"LB","Lebanon",2005,1319477.41
"LB","Lebanon",2006,1356020.82
"LB","Lebanon",2007,1337902.98
"LB","Lebanon",2008,1331629.86
"LB","Lebanon",2009,828751.84
"LB","Lebanon",2010,2245746.66
"LB","Lebanon",2011,1627756.86
"LB","Lebanon",2012,827044.42
"LB","Lebanon",2013,733559.2
"LB","Lebanon",2014,329050.54
"LB","Lebanon",2015,389486.82
"LS","Lesotho",1999,0
"LS","Lesotho",2004,1890960.74
"LS","Lesotho",2005,1308361.36
"LS","Lesotho",2006,2686598.88
"LS","Lesotho",2007,2840134.49
"LS","Lesotho",2008,1450801.67
"LS","Lesotho",2009,1808480.18
"LS","Lesotho",2010,2075574.75
"LS","Lesotho",2011,812020.3
"LS","Lesotho",2012,734481.55
"LS","Lesotho",2013,789084.61
"LS","Lesotho",2014,1365473.35
"LS","Lesotho",2015,823708.57
"LR","Liberia",1999,0
"LR","Liberia",2004,6005035.69
"LR","Liberia",2005,4651798.17
"LR","Liberia",2006,4604275.5
"LR","Liberia",2007,5468469.83
"LR","Liberia",2008,6608906.52
"LR","Liberia",2009,7209262.76
"LR","Liberia",2010,8227369.65
"LR","Liberia",2011,3941557.34
"LR","Liberia",2012,3850623.26
"LR","Liberia",2013,3589698.81
"LR","Liberia",2014,4922206.7
"LR","Liberia",2015,5573247.97
"LY","Libya",1999,0
"LY","Libya",2005,129119.57
"LY","Libya",2006,84754.35
"LY","Libya",2007,51067.81
"LY","Libya",2008,82118.98
"LY","Libya",2009,181454.73
"LY","Libya",2010,217121.64
"LY","Libya",2012,107772.68
"LY","Libya",2013,461302.27
"LY","Libya",2014,64988.93
"LY","Libya",2015,250374.32
"MK","Macedonia",1999,0
"MK","Macedonia",2004,1339285.56
"MK","Macedonia",2005,1491919.15
"MK","Macedonia",2006,1484615.18
"MK","Macedonia",2007,1041122.17
"MK","Macedonia",2008,764751.35
"MK","Macedonia",2009,776549.54
"MK","Macedonia",2010,646981.8
"MK","Macedonia",2011,421677.09
"MK","Macedonia",2012,475762.88
"MK","Macedonia",2013,436284.96
"MK","Macedonia",2014,544891.7
"MK","Macedonia",2015,584069.85
"MG","Madagascar",1999,0
"MG","Madagascar",2004,4291027.08
"MG","Madagascar",2005,6473276.76
"MG","Madagascar",2006,11906910.64
"MG","Madagascar",2007,6772632.41
"MG","Madagascar",2008,7193312.71
"MG","Madagascar",2009,6706799.02
"MG","Madagascar",2010,4243967.11
"MG","Madagascar",2011,5587135.09
"MG","Madagascar",2012,6971872.96
"MG","Madagascar",2013,6987458.32
"MG","Madagascar",2014,8425860.36
"MG","Madagascar",2015,9877512.5
"MW","Malawi",1999,0
"MW","Malawi",2004,5924597.6
"MW","Malawi",2005,8478209.09
"MW","Malawi",2006,6786822
"MW","Malawi",2007,7941048.83
"MW","Malawi",2008,9225488.45
"MW","Malawi",2009,11185676.48
"MW","Malawi",2010,9123408.34
"MW","Malawi",2011,8038920.68
"MW","Malawi",2012,7363599.25
"MW","Malawi",2013,6495105.9
"MW","Malawi",2014,8408167.93
"MW","Malawi",2015,8861532.05
"MY","Malaysia",1999,0
"MY","Malaysia",2004,1575651.76
"MY","Malaysia",2005,1079851.73
"MY","Malaysia",2006,731818.96
"MY","Malaysia",2007,974483.71
"MY","Malaysia",2008,598763.73
"MY","Malaysia",2009,466630.44
"MY","Malaysia",2010,494655.3
"MY","Malaysia",2011,367457.72
"MY","Malaysia",2012,446053.81
"MY","Malaysia",2013,500472.42
"MY","Malaysia",2014,427124.65
"MY","Malaysia",2015,248205.86
"MV","Maldives",1999,0
"MV","Maldives",2004,917933.51
"MV","Maldives",2005,1517027.76
"MV","Maldives",2006,1058699.6
"MV","Maldives",2007,1148852.93
"MV","Maldives",2008,638200.25
"MV","Maldives",2009,1227304.71
"MV","Maldives",2010,741890.09
"MV","Maldives",2011,759514
"MV","Maldives",2012,847987.78
"MV","Maldives",2013,502333.59
"MV","Maldives",2014,523960
"MV","Maldives",2015,411768.37
"ML","Mali",1999,0
"ML","Mali",2004,9304483.23
"ML","Mali",2005,4399673.47
"ML","Mali",2006,8223806.89
"ML","Mali",2007,6230109.57
"ML","Mali",2008,6146683.65
"ML","Mali",2009,10523064.29
"ML","Mali",2010,7651074.35
"ML","Mali",2011,4584747.31
"ML","Mali",2012,2737336.93
"ML","Mali",2013,2884412.86
"ML","Mali",2014,4238527.89
"ML","Mali",2015,3913956.68
"MT","Malta",1999,0
"MH","Marshall Islands",1999,0
"MH","Marshall Islands",2011,25332.73
"MH","Marshall Islands",2012,0
"MH","Marshall Islands",2013,33642.46
"MH","Marshall Islands",2014,24070.58
"MH","Marshall Islands",2015,84494.6
"MR","Mauritania",2004,2504956.31
"MR","Mauritania",2005,2652004.89
"MR","Mauritania",2006,3576967.28
"MR","Mauritania",2007,2891211.6
"MR","Mauritania",2008,1966485.58
"MR","Mauritania",2009,1779701.5
"MR","Mauritania",2010,2314732.77
"MR","Mauritania",2011,1503049.05
"MR","Mauritania",2012,2015723.04
"MR","Mauritania",2013,1812177.12
"MR","Mauritania",2014,1854095.27
"MR","Mauritania",2015,1843843.27
"MU","Mauritius",2004,243007.73
"MU","Mauritius",2005,301909.02
"MU","Mauritius",2006,512650.82
"MU","Mauritius",2007,1280508.55
"MU","Mauritius",2008,1395925.84
"MU","Mauritius",2009,1328566.54
"MU","Mauritius",2010,1015823.86
"MU","Mauritius",2011,505969.12
"MU","Mauritius",2012,460085.32
"MU","Mauritius",2013,359734.7
"MU","Mauritius",2014,614975.98
"MU","Mauritius",2015,523878.1
"MX","Mexico",1999,0
"MX","Mexico",2004,1003646.81
"MX","Mexico",2005,1174605.93
"MX","Mexico",2006,1344935.98
"MX","Mexico",2007,1172131.1
"MX","Mexico",2008,259618.64
"MX","Mexico",2009,181492.71
"MX","Mexico",2010,137374.7
"MX","Mexico",2011,25446.76
"MX","Mexico",2012,9322.68
"MX","Mexico",2014,14457.73
"MX","Mexico",2015,139436.4
"FM","Micronesia",1999,0
"FM","Micronesia",2011,71320.47
"FM","Micronesia",2012,1689.72
"FM","Micronesia",2013,14898.38
"middle-east","Middle East, regional",2015,2315126.7
"MD","Moldova",1999,0
"MD","Moldova",2004,1779983.86
"MD","Moldova",2005,2097094.23
"MD","Moldova",2006,2572266.59
"MD","Moldova",2007,2419092.44
"MD","Moldova",2008,1598337.04
"MD","Moldova",2009,1664795.67
"MD","Moldova",2010,2194485.28
"MD","Moldova",2011,1643938.62
"MD","Moldova",2012,1671233.95
"MD","Moldova",2013,1712366.27
"MD","Moldova",2014,586854.01
"MD","Moldova",2015,355448.98
"MN","Mongolia",1999,0
"MN","Mongolia",2004,1772186.98
"MN","Mongolia",2005,1687910.87
"MN","Mongolia",2006,2062181.61
"MN","Mongolia",2007,2306035.31
"MN","Mongolia",2008,2244201.79
"MN","Mongolia",2009,2329439.75
"MN","Mongolia",2010,2315910.45
"MN","Mongolia",2011,1835663.16
"MN","Mongolia",2012,1767340.2
"MN","Mongolia",2013,1939099.67
"MN","Mongolia",2014,1524136.82
"MN","Mongolia",2015,932051.91
"ME","Montenegro",2007,1109926.71
"ME","Montenegro",2008,1343542.81
"ME","Montenegro",2009,1111250.02
"ME","Montenegro",2010,993648.08
"ME","Montenegro",2011,750291.8
"ME","Montenegro",2012,631588.6
"ME","Montenegro",2013,393027.79
"ME","Montenegro",2014,296470.62
"ME","Montenegro",2015,185086.53
"MS","Montserrat",2009,18059.07
"MS","Montserrat",2010,61209.41
"MA","Morocco",1999,0
"MA","Morocco",2004,1030993.66
"MA","Morocco",2005,1357363.38
"MA","Morocco",2006,1168504.18
"MA","Morocco",2007,1336391.75
"MA","Morocco",2008,1262414.45
"MA","Morocco",2009,1218322.65
"MA","Morocco",2010,1163843.22
"MA","Morocco",2011,949344.3
"MA","Morocco",2012,904189.51
"MA","Morocco",2013,739053.57
"MA","Morocco",2014,633227.91
"MA","Morocco",2015,717880.92
"MZ","Mozambique",1999,0
"MZ","Mozambique",2004,9483701.61
"MZ","Mozambique",2005,8271924.56
"MZ","Mozambique",2006,7445401
"MZ","Mozambique",2007,8002649.02
"MZ","Mozambique",2008,8327501.12
"MZ","Mozambique",2009,7602394.11
"MZ","Mozambique",2010,7673843.72
"MZ","Mozambique",2011,6061143.97
"MZ","Mozambique",2012,6491394.36
"MZ","Mozambique",2013,5952012.02
"MZ","Mozambique",2014,6174448.1
"MZ","Mozambique",2015,7117366.6
"MM","Myanmar",1999,0
"MM","Myanmar",2004,7825156.64
"MM","Myanmar",2005,12646154.02
"MM","Myanmar",2006,12713190.54
"MM","Myanmar",2007,12566550.83
"MM","Myanmar",2008,13594391.62
"MM","Myanmar",2009,8130968.49
"MM","Myanmar",2010,9676682.71
"MM","Myanmar",2011,7672859.27
"MM","Myanmar",2012,10120342.86
"MM","Myanmar",2013,7353019.65
"MM","Myanmar",2014,7113493.75
"MM","Myanmar",2015,9345226.06
"NA","Namibia",1999,0
"NA","Namibia",2004,1147917.3
"NA","Namibia",2005,1221474.18
"NA","Namibia",2006,1316351.66
"NA","Namibia",2007,1362527.5
"NA","Namibia",2008,1568306.55
"NA","Namibia",2009,1574101.54
"NA","Namibia",2010,1067940.15
"NA","Namibia",2011,602714.46
"NA","Namibia",2012,574630.75
"NA","Namibia",2013,539375.14
"NA","Namibia",2014,712310.89
"NA","Namibia",2015,488076.89
"NR","Nauru",2009,873.52
"NR","Nauru",2011,28665.22
"NR","Nauru",2012,34826.55
"NR","Nauru",2014,25950.32
"NR","Nauru",2015,21203.3
"NP","Nepal",1999,0
"NP","Nepal",2004,8219511.78
"NP","Nepal",2005,6786862.67
"NP","Nepal",2006,8278887.41
"NP","Nepal",2007,6936422.36
"NP","Nepal",2008,9115437.29
"NP","Nepal",2009,13408299.95
"NP","Nepal",2010,9513253.06
"NP","Nepal",2011,8990338.2
"NP","Nepal",2012,8807785.34
"NP","Nepal",2013,8195560.49
"NP","Nepal",2014,8041226.9
"NP","Nepal",2015,8071241.32
"ANHH","Netherlands Antilles",1999,0
"NI","Nicaragua",1999,0
"NI","Nicaragua",2004,3297182.91
"NI","Nicaragua",2005,3652932.44
"NI","Nicaragua",2006,3436895.32
"NI","Nicaragua",2007,2096166.29
"NI","Nicaragua",2008,2521472.28
"NI","Nicaragua",2009,2288089.98
"NI","Nicaragua",2010,2232648.55
"NI","Nicaragua",2011,1551478.81
"NI","Nicaragua",2012,1554091.51
"NI","Nicaragua",2013,1416580.42
"NI","Nicaragua",2014,1576619.58
"NI","Nicaragua",2015,1469111.99
"NE","Niger",1999,0
"NE","Niger",2004,6940628.48
"NE","Niger",2005,7342857
"NE","Niger",2006,8285045.26
"NE","Niger",2007,7578598.11
"NE","Niger",2008,6386012.08
"NE","Niger",2009,8309726.71
"NE","Niger",2010,9219543.73
"NE","Niger",2011,7965968.52
"NE","Niger",2012,8634576.84
"NE","Niger",2013,7931624.37
"NE","Niger",2014,8305665.94
"NE","Niger",2015,8164485.72
"NG","Nigeria",1999,0
"NG","Nigeria",2004,3501749.65
"NG","Nigeria",2005,8815286.8
"NG","Nigeria",2006,14497546.34
"NG","Nigeria",2007,14855378.57
"NG","Nigeria",2008,13354844.19
"NG","Nigeria",2009,14084755.53
"NG","Nigeria",2010,14509260.71
"NG","Nigeria",2011,10462981.57
"NG","Nigeria",2012,13514492.84
"NG","Nigeria",2013,11246432.52
"NG","Nigeria",2014,10173724.66
"NG","Nigeria",2015,9862655.21
"NU","Niue",2009,64279.66
"NU","Niue",2010,29639.02
"NU","Niue",2011,28339.14
"NU","Niue",2012,17444.93
"NU","Niue",2014,8927.44
"NU","Niue",2015,31.44
"north-central-america","North & Central America, regional",1999,0
"north-central-america","North & Central America, regional",2015,1601044.1
"KP","North Korea",1999,0
"KP","North Korea",2004,978298.09
"KP","North Korea",2005,2876366.2
"KP","North Korea",2006,3280700.34
"KP","North Korea",2007,723161.25
"KP","North Korea",2008,-5298.99
"KP","North Korea",2009,-550.7
"KP","North Korea",2010,848246.26
"KP","North Korea",2011,1078980.94
"KP","North Korea",2012,3290205.55
"KP","North Korea",2013,2211697.86
"KP","North Korea",2014,1350039.88
"KP","North Korea",2015,1661946.61
"oceania","Oceania, regional",1999,0
"oceania","Oceania, regional",2015,433137.91
"PK","Pakistan",1999,0
"PK","Pakistan",2004,8447034.73
"PK","Pakistan",2005,12770130.55
"PK","Pakistan",2006,10349250.78
"PK","Pakistan",2007,12065279.3
"PK","Pakistan",2008,9068235.09
"PK","Pakistan",2009,9012663.23
"PK","Pakistan",2010,11919472.09
"PK","Pakistan",2011,9736092.48
"PK","Pakistan",2012,8588678.57
"PK","Pakistan",2013,5935445.16
"PK","Pakistan",2014,6248276.89
"PK","Pakistan",2015,7416653.71
"PW","Palau",2011,4223.94
"PW","Palau",2013,18027.34
"PW","Palau",2014,16319.51
"PW","Palau",2015,1225.48
"PS","Palestine",1999,0
"PS","Palestine",2004,4365301.06
"PS","Palestine",2006,5636.81
"PS","Palestine",2007,3004241.76
"PS","Palestine",2008,3763824.55
"PS","Palestine",2009,4334556.81
"PS","Palestine",2010,3923356.59
"PS","Palestine",2011,2684532.87
"PS","Palestine",2012,2778859.1
"PS","Palestine",2013,2426165.71
"PS","Palestine",2014,2470850.92
"PS","Palestine",2015,1798403.89
"PA","Panama",1999,0
"PA","Panama",2004,1204768.68
"PA","Panama",2005,1499384.11
"PA","Panama",2006,1528647.64
"PA","Panama",2007,1502592.61
"PA","Panama",2008,851547.71
"PA","Panama",2009,548598.87
"PA","Panama",2010,499512.63
"PA","Panama",2011,336571.93
"PA","Panama",2012,316977.9
"PA","Panama",2013,483171.72
"PA","Panama",2014,339589.45
"PA","Panama",2015,335570.3
"PG","Papua New Guinea",1999,0
"PG","Papua New Guinea",2004,2358259.93
"PG","Papua New Guinea",2005,2554720.65
"PG","Papua New Guinea",2006,2301574.94
"PG","Papua New Guinea",2007,2248223.62
"PG","Papua New Guinea",2008,3339317.3
"PG","Papua New Guinea",2009,4429172.29
"PG","Papua New Guinea",2010,3739431.04
"PG","Papua New Guinea",2011,2444508.58
"PG","Papua New Guinea",2012,1976886.17
"PG","Papua New Guinea",2013,1836153.55
"PG","Papua New Guinea",2014,1415938.79
"PG","Papua New Guinea",2015,1445292.05
"PY","Paraguay",1999,0
"PY","Paraguay",2004,464180.92
"PY","Paraguay",2005,600011.03
"PY","Paraguay",2006,665609.73
"PY","Paraguay",2007,708221.64
"PY","Paraguay",2008,1602020
"PY","Paraguay",2009,1587508.17
"PY","Paraguay",2010,1276269.23
"PY","Paraguay",2011,1092166.67
"PY","Paraguay",2012,765817.09
"PY","Paraguay",2013,547520.36
"PY","Paraguay",2014,874147.68
"PY","Paraguay",2015,697589.09
"PE","Peru",1999,0
"PE","Peru",2004,1013694.44
"PE","Peru",2005,846157.3
"PE","Peru",2006,1055804.94
"PE","Peru",2007,935921.04
"PE","Peru",2008,1011208.51
"PE","Peru",2009,1733196.07
"PE","Peru",2010,781954.64
"PE","Peru",2011,390874.49
"PE","Peru",2012,576137.23
"PE","Peru",2013,622321.09
"PE","Peru",2014,572070.51
"PE","Peru",2015,381322.15
"PH","Philippines",1999,0
"PH","Philippines",2004,2629871.75
"PH","Philippines",2005,2621330.13
"PH","Philippines",2006,3235182.19
"PH","Philippines",2007,2567037.65
"PH","Philippines",2008,1881105.47
"PH","Philippines",2009,3258333.03
"PH","Philippines",2010,2280617.4
"PH","Philippines",2011,1707659.9
"PH","Philippines",2012,1977267.96
"PH","Philippines",2013,1876870.62
"PH","Philippines",2014,4117544.93
"PH","Philippines",2015,1780168.77
"RW","Rwanda",1999,0
"RW","Rwanda",2004,5585008.35
"RW","Rwanda",2005,4571883.76
"RW","Rwanda",2006,5872827.98
"RW","Rwanda",2007,5401286.89
"RW","Rwanda",2008,5451167.43
"RW","Rwanda",2009,7585882.69
"RW","Rwanda",2010,7517345.23
"RW","Rwanda",2011,5293569.99
"RW","Rwanda",2012,7474332.95
"RW","Rwanda",2013,7497358.16
"RW","Rwanda",2014,7057349.13
"RW","Rwanda",2015,6643068.3
"SH","Saint Helena, Ascension & Tristan da Cunha",1999,0
"KN","Saint Kitts and Nevis",1999,0
"LC","Saint Lucia",1999,0
"LC","Saint Lucia",2009,76290.55
"LC","Saint Lucia",2010,102787.25
"LC","Saint Lucia",2011,20116.08
"LC","Saint Lucia",2012,33844.71
"LC","Saint Lucia",2013,37245.05
"LC","Saint Lucia",2014,40577.09
"VC","Saint Vincent & the Grenadines",1999,0
"VC","Saint Vincent & the Grenadines",2009,119634.22
"VC","Saint Vincent & the Grenadines",2010,142896.8
"VC","Saint Vincent & the Grenadines",2011,39012.72
"VC","Saint Vincent & the Grenadines",2012,108201.6
"VC","Saint Vincent & the Grenadines",2013,65493.98
"VC","Saint Vincent & the Grenadines",2014,94725.89
"WS","Samoa",1999,0
"WS","Samoa",2004,805415.71
"WS","Samoa",2005,773107.05
"WS","Samoa",2006,1012423.65
"WS","Samoa",2007,677744.51
"WS","Samoa",2008,438136.71
"WS","Samoa",2009,565736.95
"WS","Samoa",2010,711983.05
"WS","Samoa",2011,594081.6
"WS","Samoa",2012,346632.69
"WS","Samoa",2013,539195.06
"WS","Samoa",2014,440342.34
"WS","Samoa",2015,618611.65
"ST","Sao Tome & Principe",1999,0
"ST","Sao Tome & Principe",2004,428216.18
"ST","Sao Tome & Principe",2005,795219.07
"ST","Sao Tome & Principe",2006,532648.96
"ST","Sao Tome & Principe",2007,677060.53
"ST","Sao Tome & Principe",2008,859998.73
"ST","Sao Tome & Principe",2009,1076613.06
"ST","Sao Tome & Principe",2010,1265907.63
"ST","Sao Tome & Principe",2011,520352.25
"ST","Sao Tome & Principe",2012,415589.92
"ST","Sao Tome & Principe",2013,344718.37
"ST","Sao Tome & Principe",2014,561909.96
"ST","Sao Tome & Principe",2015,445185
"SA","Saudi Arabia",1999,0
"SN","Senegal",1999,0
"SN","Senegal",2004,5310528.92
"SN","Senegal",2005,4657701.13
"SN","Senegal",2006,4973089.6
"SN","Senegal",2007,5874474.47
"SN","Senegal",2008,2636790.05
"SN","Senegal",2009,5055846.73
"SN","Senegal",2010,4308856.32
"SN","Senegal",2011,3361863.24
"SN","Senegal",2012,2203516.99
"SN","Senegal",2013,1755663.95
"SN","Senegal",2014,3204210.75
"SN","Senegal",2015,4019619.72
"RS","Serbia",2004,767349.77
"RS","Serbia",2005,800035.06
"RS","Serbia",2006,966341.59
"RS","Serbia",2007,2717028.69
"RS","Serbia",2008,1743504.6
"RS","Serbia",2009,1349379.09
"RS","Serbia",2010,1012076.28
"RS","Serbia",2011,730552.38
"RS","Serbia",2012,786120.25
"RS","Serbia",2013,554823.68
"RS","Serbia",2014,500268.09
"RS","Serbia",2015,309467.05
"SC","Seychelles",1999,0
"SC","Seychelles",2011,61200.64
"SC","Seychelles",2012,14496.4
"SC","Seychelles",2013,34216.03
"SC","Seychelles",2015,13838.4
"SL","Sierra Leone",1999,0
"SL","Sierra Leone",2004,6960795.11
"SL","Sierra Leone",2005,5704226.33
"SL","Sierra Leone",2006,5817504.11
"SL","Sierra Leone",2007,6196801.32
"SL","Sierra Leone",2008,5472920.12
"SL","Sierra Leone",2009,5594001.35
"SL","Sierra Leone",2010,5434938.91
"SL","Sierra Leone",2011,4740036.5
"SL","Sierra Leone",2012,4820943.5
"SL","Sierra Leone",2013,4287603.11
"SL","Sierra Leone",2014,4697863.69
"SL","Sierra Leone",2015,5816253.77
"SI","Slovenia",1999,0
"SB","Solomon Islands",1999,0
"SB","Solomon Islands",2009,375746.41
"SB","Solomon Islands",2010,862674.25
"SB","Solomon Islands",2011,1700594.99
"SB","Solomon Islands",2012,1608912.28
"SB","Solomon Islands",2013,1114392.58
"SB","Solomon Islands",2014,880576.53
"SB","Solomon Islands",2015,908301.32
"SO","Somalia",1999,0
"SO","Somalia",2004,5379068.26
"SO","Somalia",2005,6999144.06
"SO","Somalia",2006,7258217.31
"SO","Somalia",2007,9610144.2
"SO","Somalia",2008,9306070.79
"SO","Somalia",2009,9082174.51
"SO","Somalia",2010,8350123.28
"SO","Somalia",2011,4072827.54
"SO","Somalia",2012,5304018.79
"SO","Somalia",2013,5368678.28
"SO","Somalia",2014,7596847.3
"SO","Somalia",2015,8962723.79
"ZA","South Africa",1999,0
"ZA","South Africa",2004,3752244.55
"ZA","South Africa",2005,2087231.13
"ZA","South Africa",2006,2035777.72
"ZA","South Africa",2007,1280787.28
"ZA","South Africa",2008,877629.08
"ZA","South Africa",2009,1345941.98
"ZA","South Africa",2010,1023186.46
"ZA","South Africa",2011,672539.11
"ZA","South Africa",2012,444739.33
"ZA","South Africa",2013,435751.01
"ZA","South Africa",2014,767553.29
"ZA","South Africa",2015,617374.91
"south-america","South America, regional",1999,0
"south-america","South America, regional",2011,2127346.46
"south-america","South America, regional",2012,2266829.81
"south-america","South America, regional",2013,38768.56
"south-america","South America, regional",2014,3871.05
"south-of-sahara","South of Sahara, regional",2009,54310.14
"south-of-sahara","South of Sahara, regional",2010,441267.59
"south-of-sahara","South of Sahara, regional",2015,8468418.11
"SS","South Sudan",2011,3541218.34
"SS","South Sudan",2012,3614367.7
"SS","South Sudan",2013,3383610.28
"SS","South Sudan",2014,3514934.2
"SS","South Sudan",2015,3299463.67
"LK","Sri Lanka",1999,0
"LK","Sri Lanka",2004,2682268.03
"LK","Sri Lanka",2005,2758369.98
"LK","Sri Lanka",2006,3117515.18
"LK","Sri Lanka",2007,2929037.58
"LK","Sri Lanka",2008,3072089.7
"LK","Sri Lanka",2009,3380587.81
"LK","Sri Lanka",2010,3184490.17
"LK","Sri Lanka",2011,2713995.55
"LK","Sri Lanka",2012,1953236.49
"LK","Sri Lanka",2013,803952.37
"LK","Sri Lanka",2014,1444220.79
"LK","Sri Lanka",2015,1631097.93
"ex-yugoslavia","States Ex-Yugoslavia unspecified",2004,1220088.15
"ex-yugoslavia","States Ex-Yugoslavia unspecified",2005,1620031.33
"ex-yugoslavia","States Ex-Yugoslavia unspecified",2006,1674647.6
"ex-yugoslavia","States Ex-Yugoslavia unspecified",2007,7486.13
"SD","Sudan",1999,0
"SD","Sudan",2004,11645898.75
"SD","Sudan",2005,12907841.1
"SD","Sudan",2006,9440576.99
"SD","Sudan",2007,8188131.98
"SD","Sudan",2008,7852100.73
"SD","Sudan",2009,7165947.57
"SD","Sudan",2010,8292984.1
"SD","Sudan",2011,4062784.88
"SD","Sudan",2012,2845292.32
"SD","Sudan",2013,3255578.41
"SD","Sudan",2014,3132397.57
"SD","Sudan",2015,3567579.44
"SR","Suriname",1999,0
"SR","Suriname",2009,303120.84
"SR","Suriname",2010,474861.02
"SR","Suriname",2011,190517.04
"SR","Suriname",2012,198096.92
"SR","Suriname",2013,175910
"SR","Suriname",2014,182074.97
"SR","Suriname",2015,166430.4
"SZ","Swaziland",1999,0
"SZ","Swaziland",2004,554151.56
"SZ","Swaziland",2005,601479.51
"SZ","Swaziland",2006,673551.44
"SZ","Swaziland",2007,692310.79
"SZ","Swaziland",2008,1117168.7
"SZ","Swaziland",2009,1186173.33
"SZ","Swaziland",2010,1141170.83
"SZ","Swaziland",2011,442692.25
"SZ","Swaziland",2012,530859.99
"SZ","Swaziland",2013,508238.56
"SZ","Swaziland",2014,862917.17
"SZ","Swaziland",2015,614955.21
"SY","Syria",1999,0
"SY","Syria",2004,1589353.67
"SY","Syria",2005,1752580.03
"SY","Syria",2006,1450821.99
"SY","Syria",2007,1188499.89
"SY","Syria",2008,1512665.68
"SY","Syria",2009,1469535.53
"SY","Syria",2010,1565629.45
"SY","Syria",2011,1499824.47
"SY","Syria",2012,490097.93
"SY","Syria",2013,943242.21
"SY","Syria",2014,332442.15
"SY","Syria",2015,1056601
"TJ","Tajikistan",1999,0
"TJ","Tajikistan",2004,3956557.37
"TJ","Tajikistan",2005,3989767.34
"TJ","Tajikistan",2006,3207759.38
"TJ","Tajikistan",2007,3005309.94
"TJ","Tajikistan",2008,3783962.44
"TJ","Tajikistan",2009,6035413.66
"TJ","Tajikistan",2010,5250148.47
"TJ","Tajikistan",2011,3836009.88
"TJ","Tajikistan",2012,4069678.75
"TJ","Tajikistan",2013,4181112.03
"TJ","Tajikistan",2014,3711557.44
"TJ","Tajikistan",2015,3730646.66
"TZ","Tanzania",1999,0
"TZ","Tanzania",2004,7887161.5
"TZ","Tanzania",2005,7970709.67
"TZ","Tanzania",2006,9034757.23
"TZ","Tanzania",2007,9139773.83
"TZ","Tanzania",2008,9937550
"TZ","Tanzania",2009,10034386.97
"TZ","Tanzania",2010,9621401.58
"TZ","Tanzania",2011,5814202.05
"TZ","Tanzania",2012,7307761.3
"TZ","Tanzania",2013,10224015.32
"TZ","Tanzania",2014,7505136.78
"TZ","Tanzania",2015,7704961.7
"TH","Thailand",1999,0
"TH","Thailand",2004,3206352.89
"TH","Thailand",2005,3251940.63
"TH","Thailand",2006,2315995.1
"TH","Thailand",2007,1104462.38
"TH","Thailand",2008,846292.16
"TH","Thailand",2009,1292533.85
"TH","Thailand",2010,1779830.35
"TH","Thailand",2011,889263.02
"TH","Thailand",2012,821692.37
"TH","Thailand",2013,1055567.13
"TH","Thailand",2014,626704.83
"TH","Thailand",2015,353043.56
"TL","Timor-Leste",2004,2077805.05
"TL","Timor-Leste",2005,3105833.67
"TL","Timor-Leste",2006,2961595.19
"TL","Timor-Leste",2007,1989983.7
"TL","Timor-Leste",2008,2304555.22
"TL","Timor-Leste",2009,2461274.76
"TL","Timor-Leste",2010,2054991.94
"TL","Timor-Leste",2011,1571075.53
"TL","Timor-Leste",2012,2317023.83
"TL","Timor-Leste",2013,1681520.52
"TL","Timor-Leste",2014,2048085.15
"TL","Timor-Leste",2015,1059078.69
"TG","Togo",1999,0
"TG","Togo",2004,2308844.88
"TG","Togo",2005,1743776.58
"TG","Togo",2006,4760064.62
"TG","Togo",2007,4347552.07
"TG","Togo",2008,5119027.88
"TG","Togo",2009,6439454.51
"TG","Togo",2010,5511575.9
"TG","Togo",2011,4063459.9
"TG","Togo",2012,4265516.6
"TG","Togo",2013,4150377.93
"TG","Togo",2014,5045738.59
"TG","Togo",2015,4978050.61
"TK","Tokelau",1999,0
"TK","Tokelau",2009,149656.72
"TK","Tokelau",2010,95337.41
"TK","Tokelau",2011,12419.6
"TK","Tokelau",2012,8152.52
"TK","Tokelau",2013,861.7
"TK","Tokelau",2014,41698.19
"TO","Tonga",1999,0
"TO","Tonga",2011,164861.95
"TO","Tonga",2012,112997.75
"TO","Tonga",2013,19692.22
"TO","Tonga",2014,159564.14
"TO","Tonga",2015,62741.39
"TT","Trinidad & Tobago",1999,0
"TT","Trinidad & Tobago",2004,656729.56
"TT","Trinidad & Tobago",2005,886905.84
"TT","Trinidad & Tobago",2006,636728.77
"TT","Trinidad & Tobago",2007,474725.97
"TT","Trinidad & Tobago",2008,234637.86
"TT","Trinidad & Tobago",2009,323211.79
"TT","Trinidad & Tobago",2010,157148.38
"TN","Tunisia",1999,0
"TN","Tunisia",2004,599519.88
"TN","Tunisia",2005,918996.93
"TN","Tunisia",2006,882951.65
"TN","Tunisia",2007,660201.89
"TN","Tunisia",2008,787300.15
"TN","Tunisia",2009,777043.27
"TN","Tunisia",2010,868946.59
"TN","Tunisia",2011,991084.91
"TN","Tunisia",2012,839660.64
"TN","Tunisia",2013,980956.38
"TN","Tunisia",2014,935035.54
"TN","Tunisia",2015,873001.54
"TR","Turkey",1999,0
"TR","Turkey",2004,257976.39
"TR","Turkey",2005,949839.12
"TR","Turkey",2006,1399264.13
"TR","Turkey",2007,1001935.92
"TR","Turkey",2008,1044197.82
"TR","Turkey",2009,1113737.65
"TR","Turkey",2010,948154.31
"TR","Turkey",2011,474425.12
"TR","Turkey",2012,483570.21
"TR","Turkey",2013,345526.04
"TR","Turkey",2014,218991.66
"TR","Turkey",2015,2709915.44
"TM","Turkmenistan",1999,0
"TM","Turkmenistan",2004,713274.13
"TM","Turkmenistan",2005,1209815.17
"TM","Turkmenistan",2006,1278470.55
"TM","Turkmenistan",2007,1217655.09
"TM","Turkmenistan",2008,1343695.75
"TM","Turkmenistan",2009,761623.75
"TM","Turkmenistan",2010,769652.46
"TM","Turkmenistan",2011,401509.06
"TM","Turkmenistan",2012,380284.56
"TM","Turkmenistan",2013,461255.45
"TM","Turkmenistan",2014,688470.23
"TM","Turkmenistan",2015,565258.7
"TC","Turks & Caicos Islands",1999,0
"TV","Tuvalu",1999,0
"TV","Tuvalu",2011,219964.9
"TV","Tuvalu",2012,69836.52
"TV","Tuvalu",2013,7301.52
"TV","Tuvalu",2014,76653.75
"TV","Tuvalu",2015,32290.72
"UG","Uganda",1999,0
"UG","Uganda",2004,6217172.86
"UG","Uganda",2005,6676406.97
"UG","Uganda",2006,7740901.42
"UG","Uganda",2007,7786443.69
"UG","Uganda",2008,11498454.36
"UG","Uganda",2009,10612979.85
"UG","Uganda",2010,4676605.53
"UG","Uganda",2011,3225624.86
"UG","Uganda",2012,6763435.14
"UG","Uganda",2013,7976057.48
"UG","Uganda",2014,9694173.75
"UG","Uganda",2015,8546320.56
"UA","Ukraine",2005,3188166
"UA","Ukraine",2006,3599948.85
"UA","Ukraine",2007,4327820.17
"UA","Ukraine",2008,1719194.18
"UA","Ukraine",2009,2126308.43
"UA","Ukraine",2010,1853039.01
"UA","Ukraine",2011,1352763.28
"UA","Ukraine",2012,1113227.51
"UA","Ukraine",2013,1246409.72
"UA","Ukraine",2014,947614.03
"UA","Ukraine",2015,899407.52
"UY","Uruguay",2004,302852.28
"UY","Uruguay",2005,727549.28
"UY","Uruguay",2006,1073153.36
"UY","Uruguay",2007,1058819.67
"UY","Uruguay",2008,837067.89
"UY","Uruguay",2009,819845.74
"UY","Uruguay",2010,928810.93
"UY","Uruguay",2011,656620.39
"UY","Uruguay",2012,414418.92
"UY","Uruguay",2013,509222.72
"UY","Uruguay",2014,332285.5
"UY","Uruguay",2015,398805.92
"UZ","Uzbekistan",2004,2662042.2
"UZ","Uzbekistan",2005,3254440.88
"UZ","Uzbekistan",2006,3819528.61
"UZ","Uzbekistan",2007,3925600.15
"UZ","Uzbekistan",2008,3999541.82
"UZ","Uzbekistan",2009,6235288.26
"UZ","Uzbekistan",2010,6477097.09
"UZ","Uzbekistan",2011,5083828.33
"UZ","Uzbekistan",2012,5161718.94
"UZ","Uzbekistan",2013,5076413.99
"UZ","Uzbekistan",2014,3743174.59
"UZ","Uzbekistan",2015,3344577.96
"VU","Vanuatu",2011,139141.13
"VU","Vanuatu",2012,110739.42
"VU","Vanuatu",2013,101324.46
"VU","Vanuatu",2014,109430.12
"VU","Vanuatu",2015,596556.99
"VE","Venezuela",2004,644351.42
"VE","Venezuela",2005,678386.28
"VE","Venezuela",2006,534330.16
"VE","Venezuela",2007,591627.75
"VE","Venezuela",2008,509706.16
"VE","Venezuela",2009,606773.39
"VE","Venezuela",2010,610919.36
"VE","Venezuela",2011,425805.72
"VE","Venezuela",2012,193096.62
"VE","Venezuela",2013,86164.06
"VE","Venezuela",2014,333424.01
"VE","Venezuela",2015,341692.91
"VN","Viet Nam",2004,7188399.07
"VN","Viet Nam",2005,7361630.25
"VN","Viet Nam",2006,5989797.7
"VN","Viet Nam",2007,5704022.64
"VN","Viet Nam",2008,5164587.59
"VN","Viet Nam",2009,6276457.63
"VN","Viet Nam",2010,7133249.71
"VN","Viet Nam",2011,8285480.4
"VN","Viet Nam",2012,8086020.96
"VN","Viet Nam",2013,8542812.65
"VN","Viet Nam",2014,9434799.67
"VN","Viet Nam",2015,9155680.53
"west-indies","West Indies, regional",2011,201232.35
"west-indies","West Indies, regional",2012,84468.28
"YE","Yemen",2004,6096618.21
"YE","Yemen",2005,6912622.26
"YE","Yemen",2006,4512074.54
"YE","Yemen",2007,3832120.73
"YE","Yemen",2008,2456598.54
"YE","Yemen",2009,4008002.85
"YE","Yemen",2010,7271635.36
"YE","Yemen",2011,5558495.22
"YE","Yemen",2012,5180609.78
"YE","Yemen",2013,7770595.64
"YE","Yemen",2014,4416406.07
"YE","Yemen",2015,3774558.61
"ZM","Zambia",2004,4531250.09
"ZM","Zambia",2005,6236885.28
"ZM","Zambia",2006,8511917.91
"ZM","Zambia",2007,4329381.37
"ZM","Zambia",2008,11587476.44
"ZM","Zambia",2009,-232099.89
"ZM","Zambia",2010,5711761.06
"ZM","Zambia",2011,3555131.29
"ZM","Zambia",2012,4024327.85
"ZM","Zambia",2013,3862432.96
"ZM","Zambia",2014,3554940.11
"ZM","Zambia",2015,3914204.99
"ZW","Zimbabwe",2004,3278756.78
"ZW","Zimbabwe",2005,3513593.7
"ZW","Zimbabwe",2006,3722385.53
"ZW","Zimbabwe",2007,3238331.86
"ZW","Zimbabwe",2008,2439705.55
"ZW","Zimbabwe",2009,7058058.39
"ZW","Zimbabwe",2010,9129078.45
"ZW","Zimbabwe",2011,6132932.07
"ZW","Zimbabwe",2012,6876941.22
"ZW","Zimbabwe",2013,6268404.01
"ZW","Zimbabwe",2014,6409402.13
"ZW","Zimbabwe",2015,5864305.24
