"id-to","entity-to-name","year","value"
"america","America, regional",1978,0
"america","America, regional",1980,0
"america","America, regional",1982,0
"america","America, regional",2010,548924689.89
"america","America, regional",2011,547017546.65
"america","America, regional",2012,548825485.64
"america","America, regional",2013,753653010.39
"america","America, regional",2014,616421827.92
"america","America, regional",2015,7.91e+08
"AR","Argentina",1978,0
"AR","Argentina",1979,0
"AR","Argentina",1982,0
"AR","Argentina",1984,0
"AR","Argentina",1991,0
"AR","Argentina",1992,0
"AR","Argentina",1994,0
"AR","Argentina",1995,0
"AR","Argentina",1998,0
"AR","Argentina",2009,6816455
"AR","Argentina",2010,6241448.55
"AR","Argentina",2011,5839621.2
"AR","Argentina",2012,5305207.34
"AR","Argentina",2013,5419737.6
"AR","Argentina",2014,4870345.66
"AR","Argentina",2015,570560
"BB","Barbados",1977,0
"BB","Barbados",1979,0
"BB","Barbados",1980,0
"BB","Barbados",1981,0
"BB","Barbados",1984,0
"BB","Barbados",1985,0
"BB","Barbados",2009,366116.52
"BB","Barbados",2010,1772717.51
"BZ","Belize",2009,695354.46
"BZ","Belize",2010,763865.36
"BZ","Belize",2011,821625.67
"BZ","Belize",2012,1248556.2
"BZ","Belize",2013,1276212.78
"BZ","Belize",2014,1862867.99
"BZ","Belize",2015,393670
"BO","Bolivia",1977,0
"BO","Bolivia",1978,0
"BO","Bolivia",1979,0
"BO","Bolivia",1980,0
"BO","Bolivia",1982,0
"BO","Bolivia",1983,0
"BO","Bolivia",1984,0
"BO","Bolivia",1987,0
"BO","Bolivia",1988,0
"BO","Bolivia",1989,0
"BO","Bolivia",1990,0
"BO","Bolivia",1992,0
"BO","Bolivia",1993,0
"BO","Bolivia",1994,0
"BO","Bolivia",1995,0
"BO","Bolivia",1996,0
"BO","Bolivia",1997,0
"BO","Bolivia",1998,0
"BO","Bolivia",1999,0
"BO","Bolivia",2000,0
"BO","Bolivia",2001,0
"BO","Bolivia",2002,0
"BO","Bolivia",2003,0
"BO","Bolivia",2004,0
"BO","Bolivia",2005,0
"BO","Bolivia",2006,0
"BO","Bolivia",2007,0
"BO","Bolivia",2008,0
"BO","Bolivia",2009,99686976.37
"BO","Bolivia",2010,156586824.76
"BO","Bolivia",2011,164305853.91
"BO","Bolivia",2012,189735529.9
"BO","Bolivia",2013,245192434.92
"BO","Bolivia",2014,278866447.43
"BO","Bolivia",2015,337151630
"BR","Brazil",1977,0
"BR","Brazil",1978,0
"BR","Brazil",1979,0
"BR","Brazil",1980,0
"BR","Brazil",1981,0
"BR","Brazil",1982,0
"BR","Brazil",1983,0
"BR","Brazil",1984,0
"BR","Brazil",1985,0
"BR","Brazil",1986,0
"BR","Brazil",1987,0
"BR","Brazil",1988,0
"BR","Brazil",1989,0
"BR","Brazil",1990,0
"BR","Brazil",1991,0
"BR","Brazil",1992,0
"BR","Brazil",1993,0
"BR","Brazil",1995,0
"BR","Brazil",1999,0
"BR","Brazil",2009,14918157.54
"BR","Brazil",2010,13936695.01
"BR","Brazil",2011,14311521.82
"BR","Brazil",2012,12898744.57
"BR","Brazil",2013,9405193.38
"BR","Brazil",2014,12030896.61
"BR","Brazil",2015,4030140
"CL","Chile",1977,0
"CL","Chile",2009,3064208.56
"CL","Chile",2010,6244083.2
"CL","Chile",2011,5507485.96
"CL","Chile",2012,5701766.67
"CL","Chile",2013,2922453.87
"CL","Chile",2014,2490884.59
"CL","Chile",2015,736310
"CO","Colombia",1977,0
"CO","Colombia",1978,0
"CO","Colombia",1979,0
"CO","Colombia",1980,0
"CO","Colombia",1981,0
"CO","Colombia",1982,0
"CO","Colombia",1983,0
"CO","Colombia",1984,0
"CO","Colombia",1985,0
"CO","Colombia",1987,0
"CO","Colombia",1989,0
"CO","Colombia",1990,0
"CO","Colombia",1991,0
"CO","Colombia",1992,0
"CO","Colombia",1994,0
"CO","Colombia",2009,9141317.61
"CO","Colombia",2010,11132067.7
"CO","Colombia",2011,10236367.67
"CO","Colombia",2012,7581330.87
"CO","Colombia",2013,7833867.38
"CO","Colombia",2014,8631355.33
"CO","Colombia",2015,2305360
"CR","Costa Rica",1977,0
"CR","Costa Rica",1978,0
"CR","Costa Rica",1980,0
"CR","Costa Rica",1982,0
"CR","Costa Rica",1985,0
"CR","Costa Rica",2009,2525345.88
"CR","Costa Rica",2010,2803941.15
"CR","Costa Rica",2011,2224361.88
"CR","Costa Rica",2012,3861339.29
"CR","Costa Rica",2013,2756983.37
"CR","Costa Rica",2014,3327487.67
"CR","Costa Rica",2015,988920
"DO","Dominican Republic",1977,0
"DO","Dominican Republic",1978,0
"DO","Dominican Republic",1979,0
"DO","Dominican Republic",1980,0
"DO","Dominican Republic",1981,0
"DO","Dominican Republic",1982,0
"DO","Dominican Republic",1983,0
"DO","Dominican Republic",1984,0
"DO","Dominican Republic",1990,0
"DO","Dominican Republic",1991,0
"DO","Dominican Republic",1993,0
"DO","Dominican Republic",1994,0
"DO","Dominican Republic",2009,2565824.68
"DO","Dominican Republic",2010,4539404.16
"DO","Dominican Republic",2011,3843006.27
"DO","Dominican Republic",2012,3630289.54
"DO","Dominican Republic",2013,4205788.99
"DO","Dominican Republic",2014,3793629.67
"DO","Dominican Republic",2015,1378210
"EC","Ecuador",1977,0
"EC","Ecuador",1978,0
"EC","Ecuador",1979,0
"EC","Ecuador",1980,0
"EC","Ecuador",1981,0
"EC","Ecuador",1982,0
"EC","Ecuador",1983,0
"EC","Ecuador",1984,0
"EC","Ecuador",1986,0
"EC","Ecuador",1987,0
"EC","Ecuador",1988,0
"EC","Ecuador",1989,0
"EC","Ecuador",1990,0
"EC","Ecuador",1991,0
"EC","Ecuador",1992,0
"EC","Ecuador",1994,0
"EC","Ecuador",1998,0
"EC","Ecuador",2007,0
"EC","Ecuador",2009,7188784.29
"EC","Ecuador",2010,13650271.93
"EC","Ecuador",2011,9384097.52
"EC","Ecuador",2012,4165062.12
"EC","Ecuador",2013,4956605.67
"EC","Ecuador",2014,5882255.84
"EC","Ecuador",2015,936870
"SV","El Salvador",1977,0
"SV","El Salvador",1978,0
"SV","El Salvador",1979,0
"SV","El Salvador",1980,0
"SV","El Salvador",1981,0
"SV","El Salvador",1982,0
"SV","El Salvador",1983,0
"SV","El Salvador",1984,0
"SV","El Salvador",1985,0
"SV","El Salvador",1987,0
"SV","El Salvador",1988,0
"SV","El Salvador",1990,0
"SV","El Salvador",1991,0
"SV","El Salvador",1992,0
"SV","El Salvador",1993,0
"SV","El Salvador",1996,0
"SV","El Salvador",1998,0
"SV","El Salvador",2008,0
"SV","El Salvador",2009,5009024.78
"SV","El Salvador",2010,3465855.04
"SV","El Salvador",2011,3810874.75
"SV","El Salvador",2012,3929754.9
"SV","El Salvador",2013,2028254.03
"SV","El Salvador",2014,3176059.09
"SV","El Salvador",2015,1382330
"GT","Guatemala",1977,0
"GT","Guatemala",1978,0
"GT","Guatemala",1981,0
"GT","Guatemala",1982,0
"GT","Guatemala",1983,0
"GT","Guatemala",1984,0
"GT","Guatemala",1987,0
"GT","Guatemala",1989,0
"GT","Guatemala",1991,0
"GT","Guatemala",1992,0
"GT","Guatemala",1993,0
"GT","Guatemala",1997,0
"GT","Guatemala",1998,0
"GT","Guatemala",2008,0
"GT","Guatemala",2009,15472214.08
"GT","Guatemala",2010,6003898.57
"GT","Guatemala",2011,39424241.46
"GT","Guatemala",2012,8496884.53
"GT","Guatemala",2013,160676732.84
"GT","Guatemala",2014,10837166.28
"GT","Guatemala",2015,163953340
"GY","Guyana",1978,0
"GY","Guyana",1981,0
"GY","Guyana",1985,0
"GY","Guyana",1987,0
"GY","Guyana",1990,0
"GY","Guyana",1991,0
"GY","Guyana",1992,0
"GY","Guyana",1993,0
"GY","Guyana",1996,0
"GY","Guyana",1997,0
"GY","Guyana",1998,0
"GY","Guyana",1999,0
"GY","Guyana",2000,0
"GY","Guyana",2002,0
"GY","Guyana",2003,0
"GY","Guyana",2004,0
"GY","Guyana",2005,0
"GY","Guyana",2007,0
"GY","Guyana",2008,0
"GY","Guyana",2009,60439051.08
"GY","Guyana",2010,58701749.73
"GY","Guyana",2011,48689714.06
"GY","Guyana",2012,49090838.95
"GY","Guyana",2013,55675589.4
"GY","Guyana",2014,25287819.69
"GY","Guyana",2015,20294440
"HT","Haiti",1977,0
"HT","Haiti",1978,0
"HT","Haiti",1979,0
"HT","Haiti",1980,0
"HT","Haiti",1981,0
"HT","Haiti",1982,0
"HT","Haiti",1983,0
"HT","Haiti",1984,0
"HT","Haiti",1985,0
"HT","Haiti",1986,0
"HT","Haiti",1987,0
"HT","Haiti",1990,0
"HT","Haiti",1991,0
"HT","Haiti",1995,0
"HT","Haiti",1996,0
"HT","Haiti",1997,0
"HT","Haiti",1998,0
"HT","Haiti",2003,0
"HT","Haiti",2005,0
"HT","Haiti",2006,0
"HT","Haiti",2007,0
"HT","Haiti",2009,528178193.66
"HT","Haiti",2010,628583475.37
"HT","Haiti",2011,164040596.43
"HT","Haiti",2012,140590898.89
"HT","Haiti",2013,179477025.88
"HT","Haiti",2014,190698938.99
"HT","Haiti",2015,193309350
"HN","Honduras",1977,0
"HN","Honduras",1978,0
"HN","Honduras",1979,0
"HN","Honduras",1980,0
"HN","Honduras",1981,0
"HN","Honduras",1982,0
"HN","Honduras",1983,0
"HN","Honduras",1984,0
"HN","Honduras",1985,0
"HN","Honduras",1986,0
"HN","Honduras",1987,0
"HN","Honduras",1990,0
"HN","Honduras",1992,0
"HN","Honduras",1993,0
"HN","Honduras",1995,0
"HN","Honduras",1996,0
"HN","Honduras",1998,0
"HN","Honduras",1999,0
"HN","Honduras",2000,0
"HN","Honduras",2001,0
"HN","Honduras",2002,0
"HN","Honduras",2003,0
"HN","Honduras",2004,0
"HN","Honduras",2005,0
"HN","Honduras",2006,0
"HN","Honduras",2007,0
"HN","Honduras",2008,0
"HN","Honduras",2009,35031471.36
"HN","Honduras",2010,158311816.84
"HN","Honduras",2011,233799620.7
"HN","Honduras",2012,194115221.41
"HN","Honduras",2013,207478926.94
"HN","Honduras",2014,276018894.92
"HN","Honduras",2015,217280460
"JM","Jamaica",1977,0
"JM","Jamaica",1978,0
"JM","Jamaica",1979,0
"JM","Jamaica",1980,0
"JM","Jamaica",1981,0
"JM","Jamaica",1983,0
"JM","Jamaica",1984,0
"JM","Jamaica",1985,0
"JM","Jamaica",1986,0
"JM","Jamaica",1988,0
"JM","Jamaica",2009,2361052.59
"JM","Jamaica",2010,2493406.75
"JM","Jamaica",2011,2145846.27
"JM","Jamaica",2012,1530614.95
"JM","Jamaica",2013,1891957.19
"JM","Jamaica",2014,2155460.36
"JM","Jamaica",2015,642550
"MX","Mexico",1977,0
"MX","Mexico",1980,0
"MX","Mexico",1981,0
"MX","Mexico",1983,0
"MX","Mexico",1985,0
"MX","Mexico",1986,0
"MX","Mexico",2009,6335953.79
"MX","Mexico",2010,10128360.78
"MX","Mexico",2011,7768829.06
"MX","Mexico",2012,7639521.68
"MX","Mexico",2013,9279125.33
"MX","Mexico",2014,11993621.47
"MX","Mexico",2015,4763750
"NI","Nicaragua",1977,0
"NI","Nicaragua",1978,0
"NI","Nicaragua",1979,0
"NI","Nicaragua",1980,0
"NI","Nicaragua",1981,0
"NI","Nicaragua",1982,0
"NI","Nicaragua",1991,0
"NI","Nicaragua",1992,0
"NI","Nicaragua",1993,0
"NI","Nicaragua",1994,0
"NI","Nicaragua",1995,0
"NI","Nicaragua",1996,0
"NI","Nicaragua",1998,0
"NI","Nicaragua",1999,0
"NI","Nicaragua",2000,0
"NI","Nicaragua",2001,0
"NI","Nicaragua",2002,0
"NI","Nicaragua",2003,0
"NI","Nicaragua",2004,0
"NI","Nicaragua",2005,0
"NI","Nicaragua",2006,0
"NI","Nicaragua",2007,0
"NI","Nicaragua",2008,0
"NI","Nicaragua",2009,109619263.61
"NI","Nicaragua",2010,142843420.8
"NI","Nicaragua",2011,140919748.25
"NI","Nicaragua",2012,158043930.96
"NI","Nicaragua",2013,146650926.16
"NI","Nicaragua",2014,158169723.91
"NI","Nicaragua",2015,208827780
"north-central-america","North & Central America, regional",2005,0
"north-central-america","North & Central America, regional",2009,27049411.59
"north-central-america","North & Central America, regional",2010,45430382.47
"north-central-america","North & Central America, regional",2011,41318332.2
"north-central-america","North & Central America, regional",2012,40138184.51
"north-central-america","North & Central America, regional",2013,50515965.63
"north-central-america","North & Central America, regional",2014,54525762.74
"north-central-america","North & Central America, regional",2015,17230550
"PA","Panama",1977,0
"PA","Panama",1978,0
"PA","Panama",1979,0
"PA","Panama",1980,0
"PA","Panama",1981,0
"PA","Panama",1982,0
"PA","Panama",1984,0
"PA","Panama",1985,0
"PA","Panama",1986,0
"PA","Panama",1987,0
"PA","Panama",2009,1474973.86
"PA","Panama",2010,3014947.24
"PA","Panama",2011,3107651.82
"PA","Panama",2012,3528936.29
"PA","Panama",2013,2070753.94
"PA","Panama",2014,2484262.98
"PA","Panama",2015,1341180
"PY","Paraguay",1977,0
"PY","Paraguay",1978,0
"PY","Paraguay",1979,0
"PY","Paraguay",1980,0
"PY","Paraguay",1981,0
"PY","Paraguay",1982,0
"PY","Paraguay",1983,0
"PY","Paraguay",1984,0
"PY","Paraguay",1988,0
"PY","Paraguay",1990,0
"PY","Paraguay",1992,0
"PY","Paraguay",1993,0
"PY","Paraguay",2008,0
"PY","Paraguay",2009,3023794.6
"PY","Paraguay",2010,22525710.23
"PY","Paraguay",2011,25286747.34
"PY","Paraguay",2012,44302458.71
"PY","Paraguay",2013,75942165.24
"PY","Paraguay",2014,44797719.85
"PY","Paraguay",2015,28043380
"PE","Peru",1977,0
"PE","Peru",1979,0
"PE","Peru",1980,0
"PE","Peru",1981,0
"PE","Peru",1982,0
"PE","Peru",1983,0
"PE","Peru",1995,0
"PE","Peru",2009,4687441.92
"PE","Peru",2010,9068317.65
"PE","Peru",2011,8163870.44
"PE","Peru",2012,8678841.64
"PE","Peru",2013,8377830.17
"PE","Peru",2014,7058853.06
"PE","Peru",2015,3270210
"south-america","South America, regional",1984,0
"south-america","South America, regional",1985,0
"south-america","South America, regional",1996,0
"south-america","South America, regional",2009,19803479.17
"south-america","South America, regional",2010,9692881.16
"south-america","South America, regional",2011,10524367.1
"south-america","South America, regional",2012,10867230.21
"south-america","South America, regional",2013,10165725.62
"south-america","South America, regional",2014,9734296.69
"south-america","South America, regional",2015,5317200
"SR","Suriname",1986,0
"SR","Suriname",1988,0
"SR","Suriname",2009,2087103.56
"SR","Suriname",2010,2874021.17
"SR","Suriname",2011,12059958.65
"SR","Suriname",2012,8701601.57
"SR","Suriname",2013,1389314.75
"SR","Suriname",2014,1128566.56
"SR","Suriname",2015,256300
"TT","Trinidad & Tobago",1987,0
"TT","Trinidad & Tobago",1988,0
"TT","Trinidad & Tobago",2009,574200.01
"TT","Trinidad & Tobago",2010,380454.63
"UY","Uruguay",1982,0
"UY","Uruguay",1984,0
"UY","Uruguay",1986,0
"UY","Uruguay",1988,0
"UY","Uruguay",2009,4461349.22
"UY","Uruguay",2010,3820383.31
"UY","Uruguay",2011,2374283.63
"UY","Uruguay",2012,2710731.08
"UY","Uruguay",2013,2774937.78
"UY","Uruguay",2014,1944895.73
"UY","Uruguay",2015,1356660
"VE","Venezuela",2009,362299.51
"VE","Venezuela",2010,219459.9
"VE","Venezuela",2011,737231.83
"VE","Venezuela",2012,1148901.05
"VE","Venezuela",2013,1127580.16
"VE","Venezuela",2014,772914.17
"west-indies","West Indies, regional",1985,0
