"district_id","district_name","year","value"
"d314","Abim",2010,
"d314","Abim",2011,
"d314","Abim",2012,
"d314","Abim",2013,65
"d314","Abim",2014,103.1
"d314","Abim",2015,
"d314","Abim",2016,85.9
"d301","Adjumani",2010,
"d301","Adjumani",2011,
"d301","Adjumani",2012,
"d301","Adjumani",2013,54
"d301","Adjumani",2014,142.86
"d301","Adjumani",2015,
"d301","Adjumani",2016,66.61
"d322","Agago",2010,
"d322","Agago",2011,
"d322","Agago",2012,
"d322","Agago",2013,65
"d322","Agago",2014,398.11
"d322","Agago",2015,
"d322","Agago",2016,76.77
"d323","Alebtong",2010,
"d323","Alebtong",2011,
"d323","Alebtong",2012,
"d323","Alebtong",2013,58
"d323","Alebtong",2014,188.61
"d323","Alebtong",2015,
"d323","Alebtong",2016,85.42
"d315","Amolatar",2010,
"d315","Amolatar",2011,
"d315","Amolatar",2012,
"d315","Amolatar",2013,69
"d315","Amolatar",2014,89.15
"d315","Amolatar",2015,
"d315","Amolatar",2016,93.76
"d324","Amudat",2010,
"d324","Amudat",2011,
"d324","Amudat",2012,
"d324","Amudat",2013,100
"d324","Amudat",2014,707.73
"d324","Amudat",2015,
"d324","Amudat",2016,100
"d216","Amuria",2010,
"d216","Amuria",2011,
"d216","Amuria",2012,
"d216","Amuria",2013,51
"d216","Amuria",2014,68.46
"d216","Amuria",2015,
"d216","Amuria",2016,86.18
"d316","Amuru",2010,
"d316","Amuru",2011,
"d316","Amuru",2012,
"d316","Amuru",2013,77
"d316","Amuru",2014,57.53
"d316","Amuru",2015,
"d316","Amuru",2016,66.19
"d302","Apac",2010,
"d302","Apac",2011,
"d302","Apac",2012,
"d302","Apac",2013,84
"d302","Apac",2014,253.88
"d302","Apac",2015,
"d302","Apac",2016,90.59
"d303","Arua",2010,
"d303","Arua",2011,
"d303","Arua",2012,
"d303","Arua",2013,51
"d303","Arua",2014,58.38
"d303","Arua",2015,
"d303","Arua",2016,88.45
"d217","Budaka",2010,
"d217","Budaka",2011,
"d217","Budaka",2012,
"d217","Budaka",2013,38
"d217","Budaka",2014,119.98
"d217","Budaka",2015,
"d217","Budaka",2016,44.29
"d218","Bududa",2010,
"d218","Bududa",2011,
"d218","Bududa",2012,
"d218","Bududa",2013,67
"d218","Bududa",2014,123.58
"d218","Bududa",2015,
"d218","Bududa",2016,94.29
"d201","Bugiri",2010,
"d201","Bugiri",2011,
"d201","Bugiri",2012,
"d201","Bugiri",2013,36
"d201","Bugiri",2014,349.34
"d201","Bugiri",2015,
"d201","Bugiri",2016,85.76
"d420","Buhweju",2010,
"d420","Buhweju",2011,
"d420","Buhweju",2012,
"d420","Buhweju",2013,33
"d420","Buhweju",2014,487.45
"d420","Buhweju",2015,
"d420","Buhweju",2016,96.89
"d117","Buikwe",2010,
"d117","Buikwe",2011,
"d117","Buikwe",2012,
"d117","Buikwe",2013,22
"d117","Buikwe",2014,238.09
"d117","Buikwe",2015,
"d117","Buikwe",2016,63.67
"d219","Bukedea",2010,
"d219","Bukedea",2011,
"d219","Bukedea",2012,
"d219","Bukedea",2013,51
"d219","Bukedea",2014,62.9
"d219","Bukedea",2015,
"d219","Bukedea",2016,88.78
"d118","Bukomansimbi",2010,
"d118","Bukomansimbi",2011,
"d118","Bukomansimbi",2012,
"d118","Bukomansimbi",2013,60
"d118","Bukomansimbi",2014,307.07
"d118","Bukomansimbi",2015,
"d118","Bukomansimbi",2016,86.01
"d220","Bukwo",2010,
"d220","Bukwo",2011,
"d220","Bukwo",2012,
"d220","Bukwo",2013,77
"d220","Bukwo",2014,168.73
"d220","Bukwo",2015,
"d220","Bukwo",2016,80.76
"d225","Bulambuli",2010,
"d225","Bulambuli",2011,
"d225","Bulambuli",2012,
"d225","Bulambuli",2013,31
"d225","Bulambuli",2014,145.95
"d225","Bulambuli",2015,
"d225","Bulambuli",2016,91.26
"d416","Buliisa",2010,
"d416","Buliisa",2011,
"d416","Buliisa",2012,
"d416","Buliisa",2013,32
"d416","Buliisa",2014,1145.12
"d416","Buliisa",2015,
"d416","Buliisa",2016,74.51
"d401","Bundibugyo",2010,
"d401","Bundibugyo",2011,
"d401","Bundibugyo",2012,
"d401","Bundibugyo",2013,59
"d401","Bundibugyo",2014,6.16
"d401","Bundibugyo",2015,
"d401","Bundibugyo",2016,63.52
"d402","Bushenyi",2010,
"d402","Bushenyi",2011,
"d402","Bushenyi",2012,
"d402","Bushenyi",2013,37
"d402","Bushenyi",2014,33.58
"d402","Bushenyi",2015,
"d402","Bushenyi",2016,95.7
"d202","Busia",2010,
"d202","Busia",2011,
"d202","Busia",2012,
"d202","Busia",2013,43
"d202","Busia",2014,6.21
"d202","Busia",2015,
"d202","Busia",2016,87.54
"d221","Butaleja",2010,
"d221","Butaleja",2011,
"d221","Butaleja",2012,
"d221","Butaleja",2013,59
"d221","Butaleja",2014,104.02
"d221","Butaleja",2015,
"d221","Butaleja",2016,81.03
"d119","Butambala",2010,
"d119","Butambala",2011,
"d119","Butambala",2012,
"d119","Butambala",2013,61
"d119","Butambala",2014,454.2
"d119","Butambala",2015,
"d119","Butambala",2016,91.78
"d120","Buvuma",2010,
"d120","Buvuma",2011,
"d120","Buvuma",2012,
"d120","Buvuma",2013,32
"d120","Buvuma",2014,4390.97
"d120","Buvuma",2015,
"d120","Buvuma",2016,74.91
"d226","Buyende",2010,
"d226","Buyende",2011,
"d226","Buyende",2012,
"d226","Buyende",2013,28
"d226","Buyende",2014,119.55
"d226","Buyende",2015,
"d226","Buyende",2016,90.69
"d317","Dokolo",2010,
"d317","Dokolo",2011,
"d317","Dokolo",2012,
"d317","Dokolo",2013,62
"d317","Dokolo",2014,73.34
"d317","Dokolo",2015,
"d317","Dokolo",2016,70.62
"d121","Gomba",2010,
"d121","Gomba",2011,
"d121","Gomba",2012,
"d121","Gomba",2013,53
"d121","Gomba",2014,602.27
"d121","Gomba",2015,
"d121","Gomba",2016,84.37
"d304","Gulu",2010,
"d304","Gulu",2011,
"d304","Gulu",2012,
"d304","Gulu",2013,56
"d304","Gulu",2014,43.43
"d304","Gulu",2015,
"d304","Gulu",2016,92.32
"d403","Hoima",2010,
"d403","Hoima",2011,
"d403","Hoima",2012,
"d403","Hoima",2013,47
"d403","Hoima",2014,33.3
"d403","Hoima",2015,
"d403","Hoima",2016,81.52
"d417","Ibanda",2010,
"d417","Ibanda",2011,
"d417","Ibanda",2012,
"d417","Ibanda",2013,44
"d417","Ibanda",2014,155.08
"d417","Ibanda",2015,
"d417","Ibanda",2016,81.45
"d203","Iganga",2010,
"d203","Iganga",2011,
"d203","Iganga",2012,
"d203","Iganga",2013,32
"d203","Iganga",2014,48.95
"d203","Iganga",2015,
"d203","Iganga",2016,85.65
"d418","Isingiro",2010,
"d418","Isingiro",2011,
"d418","Isingiro",2012,
"d418","Isingiro",2013,59
"d418","Isingiro",2014,119.56
"d418","Isingiro",2015,
"d418","Isingiro",2016,73.36
"d204","Jinja",2010,
"d204","Jinja",2011,
"d204","Jinja",2012,
"d204","Jinja",2013,45
"d204","Jinja",2014,62.48
"d204","Jinja",2015,
"d204","Jinja",2016,94.23
"d318","Kaabong",2010,
"d318","Kaabong",2011,
"d318","Kaabong",2012,
"d318","Kaabong",2013,70
"d318","Kaabong",2014,1274.5
"d318","Kaabong",2015,
"d318","Kaabong",2016,76.82
"d404","Kabale",2010,
"d404","Kabale",2011,
"d404","Kabale",2012,
"d404","Kabale",2013,56
"d404","Kabale",2014,24.6
"d404","Kabale",2015,
"d404","Kabale",2016,70.33
"d405","Kabarole",2010,
"d405","Kabarole",2011,
"d405","Kabarole",2012,
"d405","Kabarole",2013,60
"d405","Kabarole",2014,32.6
"d405","Kabarole",2015,
"d405","Kabarole",2016,95.79
"d213","Kaberamaido",2010,
"d213","Kaberamaido",2011,
"d213","Kaberamaido",2012,
"d213","Kaberamaido",2013,56
"d213","Kaberamaido",2014,397.08
"d213","Kaberamaido",2015,
"d213","Kaberamaido",2016,97.22
"d101","Kalangala",2010,
"d101","Kalangala",2011,
"d101","Kalangala",2012,
"d101","Kalangala",2013,95
"d101","Kalangala",2014,664.24
"d101","Kalangala",2015,
"d101","Kalangala",2016,99.43
"d222","Kaliro",2010,
"d222","Kaliro",2011,
"d222","Kaliro",2012,
"d222","Kaliro",2013,64
"d222","Kaliro",2014,275.65
"d222","Kaliro",2015,
"d222","Kaliro",2016,91.53
"d122","Kalungu",2010,
"d122","Kalungu",2011,
"d122","Kalungu",2012,
"d122","Kalungu",2013,30
"d122","Kalungu",2014,113.11
"d122","Kalungu",2015,
"d122","Kalungu",2016,90.37
"d102","Kampala",2010,
"d102","Kampala",2011,
"d102","Kampala",2012,
"d102","Kampala",2013,34
"d102","Kampala",2014,31.19
"d102","Kampala",2015,
"d102","Kampala",2016,78
"d205","Kamuli",2010,
"d205","Kamuli",2011,
"d205","Kamuli",2012,
"d205","Kamuli",2013,34
"d205","Kamuli",2014,69.83
"d205","Kamuli",2015,
"d205","Kamuli",2016,86.02
"d413","Kamwenge",2010,
"d413","Kamwenge",2011,
"d413","Kamwenge",2012,
"d413","Kamwenge",2013,34
"d413","Kamwenge",2014,67.13
"d413","Kamwenge",2015,
"d413","Kamwenge",2016,50.23
"d414","Kanungu",2010,
"d414","Kanungu",2011,
"d414","Kanungu",2012,
"d414","Kanungu",2013,53
"d414","Kanungu",2014,116.77
"d414","Kanungu",2015,
"d414","Kanungu",2016,84.8
"d206","Kapchorwa",2010,
"d206","Kapchorwa",2011,
"d206","Kapchorwa",2012,
"d206","Kapchorwa",2013,53
"d206","Kapchorwa",2014,289.47
"d206","Kapchorwa",2015,
"d206","Kapchorwa",2016,96.66
"d406","Kasese",2010,
"d406","Kasese",2011,
"d406","Kasese",2012,
"d406","Kasese",2013,36
"d406","Kasese",2014,9.44
"d406","Kasese",2015,
"d406","Kasese",2016,90.89
"d207","Katakwi",2010,
"d207","Katakwi",2011,
"d207","Katakwi",2012,
"d207","Katakwi",2013,55
"d207","Katakwi",2014,369.47
"d207","Katakwi",2015,
"d207","Katakwi",2016,92.48
"d112","Kayunga",2010,
"d112","Kayunga",2011,
"d112","Kayunga",2012,
"d112","Kayunga",2013,34
"d112","Kayunga",2014,155.01
"d112","Kayunga",2015,
"d112","Kayunga",2016,93.49
"d407","Kibaale",2010,
"d407","Kibaale",2011,
"d407","Kibaale",2012,
"d407","Kibaale",2013,41
"d407","Kibaale",2014,34.06
"d407","Kibaale",2015,
"d407","Kibaale",2016,95.26
"d103","Kiboga",2010,
"d103","Kiboga",2011,
"d103","Kiboga",2012,
"d103","Kiboga",2013,27
"d103","Kiboga",2014,256.08
"d103","Kiboga",2015,
"d103","Kiboga",2016,97.61
"d227","Kibuku",2010,
"d227","Kibuku",2011,
"d227","Kibuku",2012,
"d227","Kibuku",2013,21
"d227","Kibuku",2014,368.62
"d227","Kibuku",2015,
"d227","Kibuku",2016,81.37
"d419","Kiruhura",2010,
"d419","Kiruhura",2011,
"d419","Kiruhura",2012,
"d419","Kiruhura",2013,64
"d419","Kiruhura",2014,73.24
"d419","Kiruhura",2015,
"d419","Kiruhura",2016,75.69
"d421","Kiryandongo",2010,
"d421","Kiryandongo",2011,
"d421","Kiryandongo",2012,
"d421","Kiryandongo",2013,21
"d421","Kiryandongo",2014,536.06
"d421","Kiryandongo",2015,
"d421","Kiryandongo",2016,78.05
"d408","Kisoro",2010,
"d408","Kisoro",2011,
"d408","Kisoro",2012,
"d408","Kisoro",2013,58
"d408","Kisoro",2014,317.47
"d408","Kisoro",2015,
"d408","Kisoro",2016,97.73
"d305","Kitgum",2010,
"d305","Kitgum",2011,
"d305","Kitgum",2012,
"d305","Kitgum",2013,16
"d305","Kitgum",2014,267.07
"d305","Kitgum",2015,
"d305","Kitgum",2016,91.01
"d319","Koboko",2010,
"d319","Koboko",2011,
"d319","Koboko",2012,
"d319","Koboko",2013,35
"d319","Koboko",2014,375.77
"d319","Koboko",2015,
"d319","Koboko",2016,99.75
"d325","Kole",2010,
"d325","Kole",2011,
"d325","Kole",2012,
"d325","Kole",2013,51
"d325","Kole",2014,131.7
"d325","Kole",2015,
"d325","Kole",2016,80.66
"d306","Kotido",2010,
"d306","Kotido",2011,
"d306","Kotido",2012,
"d306","Kotido",2013,41
"d306","Kotido",2014,467.12
"d306","Kotido",2015,
"d306","Kotido",2016,46.38
"d208","Kumi",2010,
"d208","Kumi",2011,
"d208","Kumi",2012,
"d208","Kumi",2013,60
"d208","Kumi",2014,62.14
"d208","Kumi",2015,
"d208","Kumi",2016,97.39
"d228","Kween",2010,
"d228","Kween",2011,
"d228","Kween",2012,
"d228","Kween",2013,37
"d228","Kween",2014,145.38
"d228","Kween",2015,
"d228","Kween",2016,76.66
"d123","Kyankwanzi",2010,
"d123","Kyankwanzi",2011,
"d123","Kyankwanzi",2012,
"d123","Kyankwanzi",2013,42
"d123","Kyankwanzi",2014,334.27
"d123","Kyankwanzi",2015,
"d123","Kyankwanzi",2016,75.45
"d422","Kyegegwa",2010,
"d422","Kyegegwa",2011,
"d422","Kyegegwa",2012,
"d422","Kyegegwa",2013,57
"d422","Kyegegwa",2014,188.93
"d422","Kyegegwa",2015,
"d422","Kyegegwa",2016,99.6
"d415","Kyenjojo",2010,
"d415","Kyenjojo",2011,
"d415","Kyenjojo",2012,
"d415","Kyenjojo",2013,43
"d415","Kyenjojo",2014,56.97
"d415","Kyenjojo",2015,
"d415","Kyenjojo",2016,72.44
"d326","Lamwo",2010,
"d326","Lamwo",2011,
"d326","Lamwo",2012,
"d326","Lamwo",2013,94
"d326","Lamwo",2014,416.01
"d326","Lamwo",2015,
"d326","Lamwo",2016,79.25
"d307","Lira",2010,
"d307","Lira",2011,
"d307","Lira",2012,
"d307","Lira",2013,33
"d307","Lira",2014,57.14
"d307","Lira",2015,
"d307","Lira",2016,87.17
"d229","Luuka",2010,
"d229","Luuka",2011,
"d229","Luuka",2012,
"d229","Luuka",2013,24
"d229","Luuka",2014,321.94
"d229","Luuka",2015,
"d229","Luuka",2016,31.02
"d104","Luwero",2010,
"d104","Luwero",2011,
"d104","Luwero",2012,
"d104","Luwero",2013,39
"d104","Luwero",2014,147.54
"d104","Luwero",2015,
"d104","Luwero",2016,70.65
"d124","Lwengo",2010,
"d124","Lwengo",2011,
"d124","Lwengo",2012,
"d124","Lwengo",2013,42
"d124","Lwengo",2014,140.86
"d124","Lwengo",2015,
"d124","Lwengo",2016,49.04
"d114","Lyantonde",2010,
"d114","Lyantonde",2011,
"d114","Lyantonde",2012,
"d114","Lyantonde",2013,71
"d114","Lyantonde",2014,102.04
"d114","Lyantonde",2015,
"d114","Lyantonde",2016,60.12
"d223","Manafwa",2010,
"d223","Manafwa",2011,
"d223","Manafwa",2012,
"d223","Manafwa",2013,44
"d223","Manafwa",2014,3.2
"d223","Manafwa",2015,
"d223","Manafwa",2016,61.32
"d320","Maracha",2010,
"d320","Maracha",2011,
"d320","Maracha",2012,
"d320","Maracha",2013,49
"d320","Maracha",2014,53.11
"d320","Maracha",2015,
"d320","Maracha",2016,86.21
"d105","Masaka",2010,
"d105","Masaka",2011,
"d105","Masaka",2012,
"d105","Masaka",2013,34
"d105","Masaka",2014,26.9
"d105","Masaka",2015,
"d105","Masaka",2016,95.98
"d409","Masindi",2010,
"d409","Masindi",2011,
"d409","Masindi",2012,
"d409","Masindi",2013,50
"d409","Masindi",2014,24.05
"d409","Masindi",2015,
"d409","Masindi",2016,99.94
"d214","Mayuge",2010,
"d214","Mayuge",2011,
"d214","Mayuge",2012,
"d214","Mayuge",2013,26
"d214","Mayuge",2014,22.45
"d214","Mayuge",2015,
"d214","Mayuge",2016,66.71
"d209","Mbale",2010,
"d209","Mbale",2011,
"d209","Mbale",2012,
"d209","Mbale",2013,43
"d209","Mbale",2014,5.76
"d209","Mbale",2015,
"d209","Mbale",2016,83.14
"d410","Mbarara",2010,
"d410","Mbarara",2011,
"d410","Mbarara",2012,
"d410","Mbarara",2013,58
"d410","Mbarara",2014,140.36
"d410","Mbarara",2015,
"d410","Mbarara",2016,96.03
"d423","Mitooma",2010,
"d423","Mitooma",2011,
"d423","Mitooma",2012,
"d423","Mitooma",2013,43
"d423","Mitooma",2014,161.38
"d423","Mitooma",2015,
"d423","Mitooma",2016,69.17
"d115","Mityana",2010,
"d115","Mityana",2011,
"d115","Mityana",2012,
"d115","Mityana",2013,29
"d115","Mityana",2014,139.09
"d115","Mityana",2015,
"d115","Mityana",2016,75.26
"d308","Moroto",2010,
"d308","Moroto",2011,
"d308","Moroto",2012,
"d308","Moroto",2013,69
"d308","Moroto",2014,976.27
"d308","Moroto",2015,
"d308","Moroto",2016,74.59
"d309","Moyo",2010,
"d309","Moyo",2011,
"d309","Moyo",2012,
"d309","Moyo",2013,40
"d309","Moyo",2014,131.16
"d309","Moyo",2015,
"d309","Moyo",2016,38.02
"d106","Mpigi",2010,
"d106","Mpigi",2011,
"d106","Mpigi",2012,
"d106","Mpigi",2013,22
"d106","Mpigi",2014,49.01
"d106","Mpigi",2015,
"d106","Mpigi",2016,86.1
"d107","Mubende",2010,
"d107","Mubende",2011,
"d107","Mubende",2012,
"d107","Mubende",2013,47
"d107","Mubende",2014,47.03
"d107","Mubende",2015,
"d107","Mubende",2016,86.43
"d108","Mukono",2010,
"d108","Mukono",2011,
"d108","Mukono",2012,
"d108","Mukono",2013,39
"d108","Mukono",2014,26.22
"d108","Mukono",2015,
"d108","Mukono",2016,82.15
"d311","Nakapiripirit",2010,
"d311","Nakapiripirit",2011,
"d311","Nakapiripirit",2012,
"d311","Nakapiripirit",2013,79
"d311","Nakapiripirit",2014,407.56
"d311","Nakapiripirit",2015,
"d311","Nakapiripirit",2016,59.41
"d116","Nakaseke",2010,
"d116","Nakaseke",2011,
"d116","Nakaseke",2012,
"d116","Nakaseke",2013,43
"d116","Nakaseke",2014,241.71
"d116","Nakaseke",2015,
"d116","Nakaseke",2016,91.48
"d109","Nakasongola",2010,
"d109","Nakasongola",2011,
"d109","Nakasongola",2012,
"d109","Nakasongola",2013,53
"d109","Nakasongola",2014,46.12
"d109","Nakasongola",2015,
"d109","Nakasongola",2016,87.19
"d230","Namayingo",2010,
"d230","Namayingo",2011,
"d230","Namayingo",2012,
"d230","Namayingo",2013,49
"d230","Namayingo",2014,183.05
"d230","Namayingo",2015,
"d230","Namayingo",2016,99.69
"d224","Namutumba",2010,
"d224","Namutumba",2011,
"d224","Namutumba",2012,
"d224","Namutumba",2013,26
"d224","Namutumba",2014,112.57
"d224","Namutumba",2015,
"d224","Namutumba",2016,97.67
"d327","Napak",2010,
"d327","Napak",2011,
"d327","Napak",2012,
"d327","Napak",2013,54
"d327","Napak",2014,440.32
"d327","Napak",2015,
"d327","Napak",2016,99.11
"d310","Nebbi",2010,
"d310","Nebbi",2011,
"d310","Nebbi",2012,
"d310","Nebbi",2013,54
"d310","Nebbi",2014,79.89
"d310","Nebbi",2015,
"d310","Nebbi",2016,96.9
"d231","Ngora",2010,
"d231","Ngora",2011,
"d231","Ngora",2012,
"d231","Ngora",2013,46
"d231","Ngora",2014,83.18
"d231","Ngora",2015,
"d231","Ngora",2016,92.49
"d424","Ntoroko",2010,
"d424","Ntoroko",2011,
"d424","Ntoroko",2012,
"d424","Ntoroko",2013,96
"d424","Ntoroko",2014,391.71
"d424","Ntoroko",2015,
"d424","Ntoroko",2016,87.34
"d411","Ntungamo",2010,
"d411","Ntungamo",2011,
"d411","Ntungamo",2012,
"d411","Ntungamo",2013,39
"d411","Ntungamo",2014,47.03
"d411","Ntungamo",2015,
"d411","Ntungamo",2016,80.86
"d328","Nwoya",2010,
"d328","Nwoya",2011,
"d328","Nwoya",2012,
"d328","Nwoya",2013,85
"d328","Nwoya",2014,355.01
"d328","Nwoya",2015,
"d328","Nwoya",2016,96.35
"d329","Otuke",2010,
"d329","Otuke",2011,
"d329","Otuke",2012,
"d329","Otuke",2013,81
"d329","Otuke",2014,418.22
"d329","Otuke",2015,
"d329","Otuke",2016,69.38
"d321","Oyam",2010,
"d321","Oyam",2011,
"d321","Oyam",2012,
"d321","Oyam",2013,77
"d321","Oyam",2014,94.25
"d321","Oyam",2015,
"d321","Oyam",2016,98.54
"d312","Pader",2010,
"d312","Pader",2011,
"d312","Pader",2012,
"d312","Pader",2013,56
"d312","Pader",2014,793.29
"d312","Pader",2015,
"d312","Pader",2016,95.23
"d210","Pallisa",2010,
"d210","Pallisa",2011,
"d210","Pallisa",2012,
"d210","Pallisa",2013,45
"d210","Pallisa",2014,89.82
"d210","Pallisa",2015,
"d210","Pallisa",2016,86.14
"d110","Rakai",2010,
"d110","Rakai",2011,
"d110","Rakai",2012,
"d110","Rakai",2013,54
"d110","Rakai",2014,107.49
"d110","Rakai",2015,
"d110","Rakai",2016,86.36
"d425","Rubirizi",2010,
"d425","Rubirizi",2011,
"d425","Rubirizi",2012,
"d425","Rubirizi",2013,29
"d425","Rubirizi",2014,192.82
"d425","Rubirizi",2015,
"d425","Rubirizi",2016,98.88
"d412","Rukungiri",2010,
"d412","Rukungiri",2011,
"d412","Rukungiri",2012,
"d412","Rukungiri",2013,66
"d412","Rukungiri",2014,45.42
"d412","Rukungiri",2015,
"d412","Rukungiri",2016,79.77
"d111","Sembabule",2010,
"d111","Sembabule",2011,
"d111","Sembabule",2012,
"d111","Sembabule",2013,41
"d111","Sembabule",2014,97.79
"d111","Sembabule",2015,
"d111","Sembabule",2016,89.07
"d232","Serere",2010,
"d232","Serere",2011,
"d232","Serere",2012,
"d232","Serere",2013,54
"d232","Serere",2014,23.77
"d232","Serere",2015,
"d232","Serere",2016,83.38
"d426","Sheema",2010,
"d426","Sheema",2011,
"d426","Sheema",2012,
"d426","Sheema",2013,58
"d426","Sheema",2014,35.7
"d426","Sheema",2015,
"d426","Sheema",2016,92.31
"d215","Sironko",2010,
"d215","Sironko",2011,
"d215","Sironko",2012,
"d215","Sironko",2013,51
"d215","Sironko",2014,305.15
"d215","Sironko",2015,
"d215","Sironko",2016,92.19
"d211","Soroti",2010,
"d211","Soroti",2011,
"d211","Soroti",2012,
"d211","Soroti",2013,32
"d211","Soroti",2014,36.19
"d211","Soroti",2015,
"d211","Soroti",2016,93.28
"d212","Tororo",2010,
"d212","Tororo",2011,
"d212","Tororo",2012,
"d212","Tororo",2013,54
"d212","Tororo",2014,14.23
"d212","Tororo",2015,
"d212","Tororo",2016,86.38
"d113","Wakiso",2010,
"d113","Wakiso",2011,
"d113","Wakiso",2012,
"d113","Wakiso",2013,26
"d113","Wakiso",2014,22.47
"d113","Wakiso",2015,
"d113","Wakiso",2016,89.39
"d313","Yumbe",2010,
"d313","Yumbe",2011,
"d313","Yumbe",2012,
"d313","Yumbe",2013,25
"d313","Yumbe",2014,117.93
"d313","Yumbe",2015,
"d313","Yumbe",2016,86.21
"d330","Zombo",2010,
"d330","Zombo",2011,
"d330","Zombo",2012,
"d330","Zombo",2013,42
"d330","Zombo",2014,112.44
"d330","Zombo",2015,
"d330","Zombo",2016,87.17
