"id","entity-name","year","value","original-value"
"AF","Afghanistan",2005,,
"AF","Afghanistan",2006,,
"AF","Afghanistan",2007,,
"AF","Afghanistan",2008,,
"AF","Afghanistan",2009,,
"AF","Afghanistan",2010,,
"AF","Afghanistan",2011,,
"AF","Afghanistan",2012,,
"AL","Albania",2005,27.79999924,27.79999924
"AL","Albania",2006,28.39999962,28.39999962
"AL","Albania",2007,33.70000076,33.70000076
"AL","Albania",2008,38.09999847,38.09999847
"AL","Albania",2009,36.90000153,36.90000153
"AL","Albania",2010,37.70000076,37.70000076
"AL","Albania",2011,,
"AL","Albania",2012,,
"DZ","Algeria",2005,,
"DZ","Algeria",2006,,
"DZ","Algeria",2007,,
"DZ","Algeria",2008,56.59999847,56.59999847
"DZ","Algeria",2009,56.09999847,56.09999847
"DZ","Algeria",2010,55.20000076,55.20000076
"DZ","Algeria",2011,58.40000153,58.40000153
"DZ","Algeria",2012,,
"AS","American Samoa",2005,,
"AS","American Samoa",2006,,
"AS","American Samoa",2007,,
"AS","American Samoa",2008,,
"AS","American Samoa",2009,,
"AS","American Samoa",2010,,
"AS","American Samoa",2011,,
"AS","American Samoa",2012,,
"AD","Andorra",2005,,
"AD","Andorra",2006,,
"AD","Andorra",2007,,
"AD","Andorra",2008,,
"AD","Andorra",2009,,
"AD","Andorra",2010,,
"AD","Andorra",2011,,
"AD","Andorra",2012,,
"AO","Angola",2005,,
"AO","Angola",2006,,
"AO","Angola",2007,,
"AO","Angola",2008,,
"AO","Angola",2009,,
"AO","Angola",2010,,
"AO","Angola",2011,,
"AO","Angola",2012,,
"AG","Antigua and Barbuda",2005,81.59999847,81.59999847
"AG","Antigua and Barbuda",2006,81.59999847,81.59999847
"AG","Antigua and Barbuda",2007,81.59999847,81.59999847
"AG","Antigua and Barbuda",2008,81.59999847,81.59999847
"AG","Antigua and Barbuda",2009,,
"AG","Antigua and Barbuda",2010,,
"AG","Antigua and Barbuda",2011,,
"AG","Antigua and Barbuda",2012,,
"AR","Argentina",2005,75.09999847,75.09999847
"AR","Argentina",2006,75.09999847,75.09999847
"AR","Argentina",2007,74.5,74.5
"AR","Argentina",2008,74.30000305,74.30000305
"AR","Argentina",2009,75.19999695,75.19999695
"AR","Argentina",2010,75,75
"AR","Argentina",2011,74.40000153,74.40000153
"AR","Argentina",2012,75.30000305,75.30000305
"AM","Armenia",2005,37.79999924,37.79999924
"AM","Armenia",2006,38.20000076,38.20000076
"AM","Armenia",2007,38.90000153,38.90000153
"AM","Armenia",2008,42.5,42.5
"AM","Armenia",2009,43.5,43.5
"AM","Armenia",2010,44,44
"AM","Armenia",2011,44.40000153,44.40000153
"AM","Armenia",2012,,
"AW","Aruba",2005,,
"AW","Aruba",2006,,
"AW","Aruba",2007,78.90000153,78.90000153
"AW","Aruba",2008,,
"AW","Aruba",2009,,
"AW","Aruba",2010,,
"AW","Aruba",2011,,
"AW","Aruba",2012,,
"AU","Australia",2005,75.09999847,75.09999847
"AU","Australia",2006,75.09999847,75.09999847
"AU","Australia",2007,75.30000305,75.30000305
"AU","Australia",2008,75.09999847,75.09999847
"AU","Australia",2009,75.5,75.5
"AU","Australia",2010,,
"AU","Australia",2011,,
"AU","Australia",2012,,
"AT","Austria",2005,66.90000153,66.90000153
"AT","Austria",2006,66.30000305,66.30000305
"AT","Austria",2007,67,67
"AT","Austria",2008,68.40000153,68.40000153
"AT","Austria",2009,69.80000305,69.80000305
"AT","Austria",2010,69.90000153,69.90000153
"AT","Austria",2011,68.69999695,68.69999695
"AT","Austria",2012,68.90000153,68.90000153
"AZ","Azerbaijan",2005,48.59999847,48.59999847
"AZ","Azerbaijan",2006,48.29999924,48.29999924
"AZ","Azerbaijan",2007,48.5,48.5
"AZ","Azerbaijan",2008,48.90000153,48.90000153
"AZ","Azerbaijan",2009,49.20000076,49.20000076
"AZ","Azerbaijan",2010,48.09999847,48.09999847
"AZ","Azerbaijan",2011,48,48
"AZ","Azerbaijan",2012,48,48
"BS","Bahamas",2005,78.40000153,78.40000153
"BS","Bahamas",2006,79.5,79.5
"BS","Bahamas",2007,79.59999847,79.59999847
"BS","Bahamas",2008,80.5,80.5
"BS","Bahamas",2009,80.80000305,80.80000305
"BS","Bahamas",2010,81.900001525,
"BS","Bahamas",2011,83,83
"BS","Bahamas",2012,,
"BH","Bahrain",2005,,
"BH","Bahrain",2006,,
"BH","Bahrain",2007,,
"BH","Bahrain",2008,,
"BH","Bahrain",2009,,
"BH","Bahrain",2010,62.40000153,62.40000153
"BH","Bahrain",2011,,
"BH","Bahrain",2012,,
"BD","Bangladesh",2005,37.40000153,37.40000153
"BD","Bangladesh",2006,,
"BD","Bangladesh",2007,,
"BD","Bangladesh",2008,,
"BD","Bangladesh",2009,,
"BD","Bangladesh",2010,,
"BD","Bangladesh",2011,,
"BD","Bangladesh",2012,,
"BB","Barbados",2005,,
"BB","Barbados",2006,,
"BB","Barbados",2007,,
"BB","Barbados",2008,,
"BB","Barbados",2009,,
"BB","Barbados",2010,77.59999847,77.59999847
"BB","Barbados",2011,76.40000153,76.40000153
"BB","Barbados",2012,72.59999847,72.59999847
"BY","Belarus",2005,,
"BY","Belarus",2006,,
"BY","Belarus",2007,,
"BY","Belarus",2008,,
"BY","Belarus",2009,49.90000153,49.90000153
"BY","Belarus",2010,,
"BY","Belarus",2011,,
"BY","Belarus",2012,,
"BE","Belgium",2005,73.30000305,73.30000305
"BE","Belgium",2006,73.30000305,73.30000305
"BE","Belgium",2007,73.69999695,73.69999695
"BE","Belgium",2008,73.80000305,73.80000305
"BE","Belgium",2009,75,75
"BE","Belgium",2010,75.30000305,75.30000305
"BE","Belgium",2011,75.5,75.5
"BE","Belgium",2012,77.09999847,77.09999847
"BZ","Belize",2005,61.90000153,61.90000153
"BZ","Belize",2006,,
"BZ","Belize",2007,,
"BZ","Belize",2008,,
"BZ","Belize",2009,,
"BZ","Belize",2010,,
"BZ","Belize",2011,,
"BZ","Belize",2012,,
"BJ","Benin",2005,,
"BJ","Benin",2006,,
"BJ","Benin",2007,,
"BJ","Benin",2008,,
"BJ","Benin",2009,,
"BJ","Benin",2010,,
"BJ","Benin",2011,,
"BJ","Benin",2012,,
"BM","Bermuda",2005,,
"BM","Bermuda",2006,,
"BM","Bermuda",2007,,
"BM","Bermuda",2008,,
"BM","Bermuda",2009,,
"BM","Bermuda",2010,,
"BM","Bermuda",2011,,
"BM","Bermuda",2012,,
"BT","Bhutan",2005,39.20000076,39.20000076
"BT","Bhutan",2006,29.79999924,29.79999924
"BT","Bhutan",2007,29.2666664133,
"BT","Bhutan",2008,28.7333335867,
"BT","Bhutan",2009,28.20000076,28.20000076
"BT","Bhutan",2010,33.79999924,33.79999924
"BT","Bhutan",2011,30.60000038,30.60000038
"BT","Bhutan",2012,29.10000038,29.10000038
"BO","Bolivia ",2005,42,42
"BO","Bolivia ",2006,43,43
"BO","Bolivia ",2007,44.20000076,44.20000076
"BO","Bolivia ",2008,46.5,46.5
"BO","Bolivia ",2009,47.90000153,47.90000153
"BO","Bolivia ",2010,,
"BO","Bolivia ",2011,,
"BO","Bolivia ",2012,,
"BA","Bosnia and Herzegovina",2005,,
"BA","Bosnia and Herzegovina",2006,48.70000076,48.70000076
"BA","Bosnia and Herzegovina",2007,47.5,47.5
"BA","Bosnia and Herzegovina",2008,47,47
"BA","Bosnia and Herzegovina",2009,47.29999924,47.29999924
"BA","Bosnia and Herzegovina",2010,49.29999924,49.29999924
"BA","Bosnia and Herzegovina",2011,51.5,51.5
"BA","Bosnia and Herzegovina",2012,49,49
"BW","Botswana",2005,,
"BW","Botswana",2006,54.90000153,54.90000153
"BW","Botswana",2007,,
"BW","Botswana",2008,,
"BW","Botswana",2009,,
"BW","Botswana",2010,,
"BW","Botswana",2011,,
"BW","Botswana",2012,,
"BR","Brazil",2005,57.90000153,57.90000153
"BR","Brazil",2006,59.09999847,59.09999847
"BR","Brazil",2007,59.5,59.5
"BR","Brazil",2008,59.70000076,59.70000076
"BR","Brazil",2009,60.70000076,60.70000076
"BR","Brazil",2010,61.70000076,
"BR","Brazil",2011,62.70000076,62.70000076
"BR","Brazil",2012,,
"BN","Brunei",2005,,
"BN","Brunei",2006,,
"BN","Brunei",2007,,
"BN","Brunei",2008,,
"BN","Brunei",2009,,
"BN","Brunei",2010,,
"BN","Brunei",2011,,
"BN","Brunei",2012,,
"BG","Bulgaria",2005,56.59999847,56.59999847
"BG","Bulgaria",2006,57.20000076,57.20000076
"BG","Bulgaria",2007,56.90000153,56.90000153
"BG","Bulgaria",2008,56.09999847,56.09999847
"BG","Bulgaria",2009,57.59999847,57.59999847
"BG","Bulgaria",2010,59.90000153,59.90000153
"BG","Bulgaria",2011,61.70000076,61.70000076
"BG","Bulgaria",2012,62.20000076,62.20000076
"BF","Burkina Faso",2005,12.19999981,12.19999981
"BF","Burkina Faso",2006,,
"BF","Burkina Faso",2007,,
"BF","Burkina Faso",2008,,
"BF","Burkina Faso",2009,,
"BF","Burkina Faso",2010,,
"BF","Burkina Faso",2011,,
"BF","Burkina Faso",2012,,
"BI","Burundi",2005,,
"BI","Burundi",2006,,
"BI","Burundi",2007,,
"BI","Burundi",2008,,
"BI","Burundi",2009,,
"BI","Burundi",2010,,
"BI","Burundi",2011,,
"BI","Burundi",2012,,
"CI","Côte d'Ivoire",2005,,
"CI","Côte d'Ivoire",2006,,
"CI","Côte d'Ivoire",2007,,
"CI","Côte d'Ivoire",2008,,
"CI","Côte d'Ivoire",2009,,
"CI","Côte d'Ivoire",2010,,
"CI","Côte d'Ivoire",2011,,
"CI","Côte d'Ivoire",2012,,
"KH","Cambodia",2005,,
"KH","Cambodia",2006,,
"KH","Cambodia",2007,,
"KH","Cambodia",2008,19.20000076,19.20000076
"KH","Cambodia",2009,26.5,26.5
"KH","Cambodia",2010,29.60000038,29.60000038
"KH","Cambodia",2011,27.29999924,27.29999924
"KH","Cambodia",2012,30.39999962,30.39999962
"CM","Cameroon",2005,30.20000076,30.20000076
"CM","Cameroon",2006,30.980000302,
"CM","Cameroon",2007,31.759999844,
"CM","Cameroon",2008,32.539999386,
"CM","Cameroon",2009,33.319998928,
"CM","Cameroon",2010,34.09999847,34.09999847
"CM","Cameroon",2011,,
"CM","Cameroon",2012,,
"CA","Canada",2005,75.30000305,75.30000305
"CA","Canada",2006,75.69999695,75.69999695
"CA","Canada",2007,76.30000305,76.30000305
"CA","Canada",2008,76.5,76.5
"CA","Canada",2009,,
"CA","Canada",2010,,
"CA","Canada",2011,,
"CA","Canada",2012,,
"CV","Cape Verde",2005,,
"CV","Cape Verde",2006,,
"CV","Cape Verde",2007,,
"CV","Cape Verde",2008,,
"CV","Cape Verde",2009,,
"CV","Cape Verde",2010,,
"CV","Cape Verde",2011,,
"CV","Cape Verde",2012,,
"CF","CAR",2005,,
"CF","CAR",2006,,
"CF","CAR",2007,,
"CF","CAR",2008,,
"CF","CAR",2009,,
"CF","CAR",2010,,
"CF","CAR",2011,,
"CF","CAR",2012,,
"KY","Cayman Islands",2005,75.5,75.5
"KY","Cayman Islands",2006,76.40000153,76.40000153
"KY","Cayman Islands",2007,76.40000153,76.40000153
"KY","Cayman Islands",2008,78.09999847,78.09999847
"KY","Cayman Islands",2009,,
"KY","Cayman Islands",2010,,
"KY","Cayman Islands",2011,,
"KY","Cayman Islands",2012,,
"TD","Chad",2005,,
"TD","Chad",2006,,
"TD","Chad",2007,,
"TD","Chad",2008,,
"TD","Chad",2009,,
"TD","Chad",2010,,
"TD","Chad",2011,,
"TD","Chad",2012,,
"CL","Chile",2005,63.90000153,63.90000153
"CL","Chile",2006,63.90000153,63.90000153
"CL","Chile",2007,64.30000305,64.30000305
"CL","Chile",2008,64.69999695,64.69999695
"CL","Chile",2009,65.59999847,65.59999847
"CL","Chile",2010,66.40000153,66.40000153
"CL","Chile",2011,66.40000153,66.40000153
"CL","Chile",2012,,
"CN","China",2005,31.39999962,31.39999962
"CN","China",2006,32.20000076,32.20000076
"CN","China",2007,32.40000153,32.40000153
"CN","China",2008,33.20000076,33.20000076
"CN","China",2009,34.09999847,34.09999847
"CN","China",2010,34.59999847,34.59999847
"CN","China",2011,35.70000076,35.70000076
"CN","China",2012,,
"CO","Colombia",2005,58.29999924,58.29999924
"CO","Colombia",2006,59,59
"CO","Colombia",2007,61.09999847,61.09999847
"CO","Colombia",2008,61.90000153,61.90000153
"CO","Colombia",2009,61.70000076,61.70000076
"CO","Colombia",2010,62,62
"CO","Colombia",2011,61.70000076,61.70000076
"CO","Colombia",2012,62.20000076,62.20000076
"KM","Comoros",2005,,
"KM","Comoros",2006,,
"KM","Comoros",2007,,
"KM","Comoros",2008,,
"KM","Comoros",2009,,
"KM","Comoros",2010,,
"KM","Comoros",2011,,
"KM","Comoros",2012,,
"CG","Congo",2005,42.20000076,42.20000076
"CG","Congo",2006,,
"CG","Congo",2007,,
"CG","Congo",2008,,
"CG","Congo",2009,,
"CG","Congo",2010,,
"CG","Congo",2011,,
"CG","Congo",2012,,
"CR","Costa Rica",2005,59.70000076,59.70000076
"CR","Costa Rica",2006,60.40000153,60.40000153
"CR","Costa Rica",2007,60.70000076,60.70000076
"CR","Costa Rica",2008,62.20000076,62.20000076
"CR","Costa Rica",2009,62.20000076,62.20000076
"CR","Costa Rica",2010,64.69999695,64.69999695
"CR","Costa Rica",2011,65.80000305,65.80000305
"CR","Costa Rica",2012,66.90000153,66.90000153
"HR","Croatia",2005,54,54
"HR","Croatia",2006,56.29999924,56.29999924
"HR","Croatia",2007,56.29999924,56.29999924
"HR","Croatia",2008,55.79999924,55.79999924
"HR","Croatia",2009,57.20000076,57.20000076
"HR","Croatia",2010,57.79999924,57.79999924
"HR","Croatia",2011,57.09999847,57.09999847
"HR","Croatia",2012,58.70000076,58.70000076
"CU","Cuba",2005,60.59999847,60.59999847
"CU","Cuba",2006,61.79999924,61.79999924
"CU","Cuba",2007,63.20000076,63.20000076
"CU","Cuba",2008,63.29999924,63.29999924
"CU","Cuba",2009,63.90000153,63.90000153
"CU","Cuba",2010,64.5,64.5
"CU","Cuba",2011,63.20000076,63.20000076
"CU","Cuba",2012,,
"CW","Curaçao",2005,,
"CW","Curaçao",2006,,
"CW","Curaçao",2007,,
"CW","Curaçao",2008,,
"CW","Curaçao",2009,,
"CW","Curaçao",2010,,
"CW","Curaçao",2011,,
"CW","Curaçao",2012,,
"CY","Cyprus",2005,71.19999695,71.19999695
"CY","Cyprus",2006,73.09999847,73.09999847
"CY","Cyprus",2007,73.09999847,73.09999847
"CY","Cyprus",2008,72.69999695,72.69999695
"CY","Cyprus",2009,74.19999695,74.19999695
"CY","Cyprus",2010,75.80000305,75.80000305
"CY","Cyprus",2011,75.30000305,75.30000305
"CY","Cyprus",2012,76.90000153,76.90000153
"CZ","Czech Republic",2005,56.5,56.5
"CZ","Czech Republic",2006,56.29999924,56.29999924
"CZ","Czech Republic",2007,56.20000076,56.20000076
"CZ","Czech Republic",2008,56.29999924,56.29999924
"CZ","Czech Republic",2009,58.29999924,58.29999924
"CZ","Czech Republic",2010,58.90000153,58.90000153
"CZ","Czech Republic",2011,58.59999847,58.59999847
"CZ","Czech Republic",2012,58.79999924,58.79999924
"DK","Denmark",2005,73.5,73.5
"DK","Denmark",2006,73.80000305,73.80000305
"DK","Denmark",2007,74.40000153,74.40000153
"DK","Denmark",2008,74.40000153,74.40000153
"DK","Denmark",2009,77,77
"DK","Denmark",2010,77.90000153,77.90000153
"DK","Denmark",2011,77.59999847,77.59999847
"DK","Denmark",2012,77.5,77.5
"DJ","Djibouti",2005,,
"DJ","Djibouti",2006,,
"DJ","Djibouti",2007,,
"DJ","Djibouti",2008,,
"DJ","Djibouti",2009,,
"DJ","Djibouti",2010,,
"DJ","Djibouti",2011,,
"DJ","Djibouti",2012,,
"DM","Dominica",2005,,
"DM","Dominica",2006,,
"DM","Dominica",2007,,
"DM","Dominica",2008,,
"DM","Dominica",2009,,
"DM","Dominica",2010,,
"DM","Dominica",2011,,
"DM","Dominica",2012,,
"DO","Dominican Republic",2005,58.79999924,58.79999924
"DO","Dominican Republic",2006,59,59
"DO","Dominican Republic",2007,59.79999924,59.79999924
"DO","Dominican Republic",2008,59,59
"DO","Dominican Republic",2009,59.79999924,59.79999924
"DO","Dominican Republic",2010,52.40000153,52.40000153
"DO","Dominican Republic",2011,67.80000305,67.80000305
"DO","Dominican Republic",2012,,
"CD","DRC",2005,,
"CD","DRC",2006,,
"CD","DRC",2007,,
"CD","DRC",2008,,
"CD","DRC",2009,,
"CD","DRC",2010,,
"CD","DRC",2011,,
"CD","DRC",2012,,
"EC","Ecuador",2005,51.29999924,51.29999924
"EC","Ecuador",2006,50.5,50.5
"EC","Ecuador",2007,52.09999847,52.09999847
"EC","Ecuador",2008,52.5,52.5
"EC","Ecuador",2009,52.5,52.5
"EC","Ecuador",2010,53.09999847,53.09999847
"EC","Ecuador",2011,54.09999847,54.09999847
"EC","Ecuador",2012,54.40000153,54.40000153
"EG","Egypt",2005,47.5,47.5
"EG","Egypt",2006,46.59999847,46.59999847
"EG","Egypt",2007,46,46
"EG","Egypt",2008,45.29999924,45.29999924
"EG","Egypt",2009,46.20000076,46.20000076
"EG","Egypt",2010,46.29999924,46.29999924
"EG","Egypt",2011,47.09999847,47.09999847
"EG","Egypt",2012,,
"SV","El Salvador",2005,57.79999924,57.79999924
"SV","El Salvador",2006,58.20000076,58.20000076
"SV","El Salvador",2007,58.59999847,58.59999847
"SV","El Salvador",2008,57.79999924,57.79999924
"SV","El Salvador",2009,58.40000153,58.40000153
"SV","El Salvador",2010,57.79999924,57.79999924
"SV","El Salvador",2011,57.09999847,57.09999847
"SV","El Salvador",2012,57.90000153,57.90000153
"GQ","Equatorial Guinea",2005,,
"GQ","Equatorial Guinea",2006,,
"GQ","Equatorial Guinea",2007,,
"GQ","Equatorial Guinea",2008,,
"GQ","Equatorial Guinea",2009,,
"GQ","Equatorial Guinea",2010,,
"GQ","Equatorial Guinea",2011,,
"GQ","Equatorial Guinea",2012,,
"ER","Eritrea",2005,,
"ER","Eritrea",2006,,
"ER","Eritrea",2007,,
"ER","Eritrea",2008,,
"ER","Eritrea",2009,,
"ER","Eritrea",2010,,
"ER","Eritrea",2011,,
"ER","Eritrea",2012,,
"EE","Estonia",2005,61.09999847,61.09999847
"EE","Estonia",2006,61.90000153,61.90000153
"EE","Estonia",2007,60.40000153,60.40000153
"EE","Estonia",2008,60.5,60.5
"EE","Estonia",2009,64.09999847,64.09999847
"EE","Estonia",2010,65.09999847,65.09999847
"EE","Estonia",2011,62.90000153,62.90000153
"EE","Estonia",2012,64.09999847,64.09999847
"ET","Ethiopia",2005,13,13
"ET","Ethiopia",2006,,
"ET","Ethiopia",2007,,
"ET","Ethiopia",2008,,
"ET","Ethiopia",2009,,
"ET","Ethiopia",2010,,
"ET","Ethiopia",2011,,
"ET","Ethiopia",2012,,
"FO","Faroe Islands",2005,66.69999695,66.69999695
"FO","Faroe Islands",2006,,
"FO","Faroe Islands",2007,,
"FO","Faroe Islands",2008,,
"FO","Faroe Islands",2009,,
"FO","Faroe Islands",2010,,
"FO","Faroe Islands",2011,,
"FO","Faroe Islands",2012,,
"FJ","Fiji",2005,,
"FJ","Fiji",2006,,
"FJ","Fiji",2007,,
"FJ","Fiji",2008,,
"FJ","Fiji",2009,,
"FJ","Fiji",2010,,
"FJ","Fiji",2011,,
"FJ","Fiji",2012,,
"FI","Finland",2005,69.5,69.5
"FI","Finland",2006,69.80000305,69.80000305
"FI","Finland",2007,69.80000305,69.80000305
"FI","Finland",2008,70,70
"FI","Finland",2009,71.09999847,71.09999847
"FI","Finland",2010,71.90000153,71.90000153
"FI","Finland",2011,72.40000153,72.40000153
"FI","Finland",2012,72.69999695,72.69999695
"FR","France",2005,72.30000305,72.30000305
"FR","France",2006,72.30000305,72.30000305
"FR","France",2007,73.09999847,73.09999847
"FR","France",2008,73.59999847,73.59999847
"FR","France",2009,74,74
"FR","France",2010,74.40000153,74.40000153
"FR","France",2011,74.59999847,74.59999847
"FR","France",2012,74.90000153,74.90000153
"PF","French Polynesia",2005,85.5,85.5
"PF","French Polynesia",2006,85.90000153,85.90000153
"PF","French Polynesia",2007,73.40000153,73.40000153
"PF","French Polynesia",2008,86.19999695,86.19999695
"PF","French Polynesia",2009,87,87
"PF","French Polynesia",2010,87.09999847,87.09999847
"PF","French Polynesia",2011,87,87
"PF","French Polynesia",2012,,
"GA","Gabon",2005,64,64
"GA","Gabon",2006,,
"GA","Gabon",2007,,
"GA","Gabon",2008,,
"GA","Gabon",2009,,
"GA","Gabon",2010,,
"GA","Gabon",2011,,
"GA","Gabon",2012,,
"GM","Gambia",2005,,
"GM","Gambia",2006,,
"GM","Gambia",2007,,
"GM","Gambia",2008,,
"GM","Gambia",2009,,
"GM","Gambia",2010,,
"GM","Gambia",2011,,
"GM","Gambia",2012,,
"GE","Georgia",2005,36.40000153,36.40000153
"GE","Georgia",2006,35.59999847,35.59999847
"GE","Georgia",2007,36.20000076,36.20000076
"GE","Georgia",2008,,
"GE","Georgia",2009,,
"GE","Georgia",2010,,
"GE","Georgia",2011,,
"GE","Georgia",2012,,
"DE","Germany",2005,67.80000305,67.80000305
"DE","Germany",2006,68.09999847,68.09999847
"DE","Germany",2007,67.80000305,67.80000305
"DE","Germany",2008,68.90000153,68.90000153
"DE","Germany",2009,69.5,69.5
"DE","Germany",2010,70,70
"DE","Germany",2011,70.09999847,70.09999847
"DE","Germany",2012,70.19999695,70.19999695
"GH","Ghana",2005,,
"GH","Ghana",2006,29.10000038,29.10000038
"GH","Ghana",2007,32.5999999025,
"GH","Ghana",2008,36.099999425,
"GH","Ghana",2009,39.5999989475,
"GH","Ghana",2010,43.09999847,43.09999847
"GH","Ghana",2011,,
"GH","Ghana",2012,,
"GR","Greece",2005,65.09999847,65.09999847
"GR","Greece",2006,65.90000153,65.90000153
"GR","Greece",2007,65.90000153,65.90000153
"GR","Greece",2008,66.40000153,66.40000153
"GR","Greece",2009,66.90000153,66.90000153
"GR","Greece",2010,67.80000305,67.80000305
"GR","Greece",2011,69.80000305,69.80000305
"GR","Greece",2012,70.30000305,70.30000305
"GL","Greenland",2005,,
"GL","Greenland",2006,,
"GL","Greenland",2007,,
"GL","Greenland",2008,,
"GL","Greenland",2009,,
"GL","Greenland",2010,,
"GL","Greenland",2011,,
"GL","Greenland",2012,,
"GD","Grenada",2005,,
"GD","Grenada",2006,,
"GD","Grenada",2007,,
"GD","Grenada",2008,,
"GD","Grenada",2009,,
"GD","Grenada",2010,,
"GD","Grenada",2011,,
"GD","Grenada",2012,,
"GU","Guam",2005,,
"GU","Guam",2006,,
"GU","Guam",2007,,
"GU","Guam",2008,,
"GU","Guam",2009,,
"GU","Guam",2010,85.69999695,85.69999695
"GU","Guam",2011,,
"GU","Guam",2012,,
"GT","Guatemala",2005,,
"GT","Guatemala",2006,44,44
"GT","Guatemala",2007,44.05000019,
"GT","Guatemala",2008,44.10000038,
"GT","Guatemala",2009,44.15000057,
"GT","Guatemala",2010,44.20000076,44.20000076
"GT","Guatemala",2011,42.5,42.5
"GT","Guatemala",2012,48.20000076,48.20000076
"GN","Guinea",2005,,
"GN","Guinea",2006,,
"GN","Guinea",2007,,
"GN","Guinea",2008,,
"GN","Guinea",2009,,
"GN","Guinea",2010,,
"GN","Guinea",2011,,
"GN","Guinea",2012,,
"GW","Guinea-Bissau",2005,,
"GW","Guinea-Bissau",2006,,
"GW","Guinea-Bissau",2007,,
"GW","Guinea-Bissau",2008,,
"GW","Guinea-Bissau",2009,,
"GW","Guinea-Bissau",2010,,
"GW","Guinea-Bissau",2011,,
"GW","Guinea-Bissau",2012,,
"GY","Guyana",2005,,
"GY","Guyana",2006,,
"GY","Guyana",2007,,
"GY","Guyana",2008,,
"GY","Guyana",2009,,
"GY","Guyana",2010,,
"GY","Guyana",2011,,
"GY","Guyana",2012,,
"HT","Haiti",2005,,
"HT","Haiti",2006,,
"HT","Haiti",2007,,
"HT","Haiti",2008,,
"HT","Haiti",2009,,
"HT","Haiti",2010,,
"HT","Haiti",2011,,
"HT","Haiti",2012,,
"HN","Honduras",2005,39.70000076,39.70000076
"HN","Honduras",2006,42,42
"HN","Honduras",2007,43.20000076,43.20000076
"HN","Honduras",2008,42.90000153,42.90000153
"HN","Honduras",2009,42.59999847,42.59999847
"HN","Honduras",2010,44.20000076,44.20000076
"HN","Honduras",2011,44.90000153,44.90000153
"HN","Honduras",2012,,
"HK","Hong Kong",2005,84.69999695,84.69999695
"HK","Hong Kong",2006,85,85
"HK","Hong Kong",2007,85.69999695,85.69999695
"HK","Hong Kong",2008,87,87
"HK","Hong Kong",2009,87.5,87.5
"HK","Hong Kong",2010,87.90000153,87.90000153
"HK","Hong Kong",2011,88,88
"HK","Hong Kong",2012,87.69999695,87.69999695
"HU","Hungary",2005,62.59999847,62.59999847
"HU","Hungary",2006,62.79999924,62.79999924
"HU","Hungary",2007,62.70000076,62.70000076
"HU","Hungary",2008,63.40000153,63.40000153
"HU","Hungary",2009,64.19999695,64.19999695
"HU","Hungary",2010,64.90000153,64.90000153
"HU","Hungary",2011,64.40000153,64.40000153
"HU","Hungary",2012,64.90000153,64.90000153
"IS","Iceland",2005,71.59999847,71.59999847
"IS","Iceland",2006,72.30000305,72.30000305
"IS","Iceland",2007,73.30000305,73.30000305
"IS","Iceland",2008,73.19999695,73.19999695
"IS","Iceland",2009,75.09999847,75.09999847
"IS","Iceland",2010,75.69999695,75.69999695
"IS","Iceland",2011,75.69999695,75.69999695
"IS","Iceland",2012,75.80000305,75.80000305
"IN","India",2005,25.20000076,25.20000076
"IN","India",2006,25.480000684,
"IN","India",2007,25.760000608,
"IN","India",2008,26.040000532,
"IN","India",2009,26.320000456,
"IN","India",2010,26.60000038,26.60000038
"IN","India",2011,27.35000038,
"IN","India",2012,28.10000038,28.10000038
"ID","Indonesia",2005,37.20000076,37.20000076
"ID","Indonesia",2006,39.29999924,39.29999924
"ID","Indonesia",2007,39.90000153,39.90000153
"ID","Indonesia",2008,40.79999924,40.79999924
"ID","Indonesia",2009,41.5,41.5
"ID","Indonesia",2010,42.33254994,42.33254994
"ID","Indonesia",2011,40.76400908,40.76400908
"ID","Indonesia",2012,43.24336095,43.24336095
"IR","Iran",2005,44.79999924,44.79999924
"IR","Iran",2006,45.09999847,45.09999847
"IR","Iran",2007,45.09999847,45.09999847
"IR","Iran",2008,46.5,46.5
"IR","Iran",2009,,
"IR","Iran",2010,,
"IR","Iran",2011,,
"IR","Iran",2012,,
"IQ","Iraq",2005,,
"IQ","Iraq",2006,52.59999847,52.59999847
"IQ","Iraq",2007,59.70000076,59.70000076
"IQ","Iraq",2008,58.29999924,58.29999924
"IQ","Iraq",2009,,
"IQ","Iraq",2010,,
"IQ","Iraq",2011,,
"IQ","Iraq",2012,,
"IE","Ireland",2005,65.5,65.5
"IE","Ireland",2006,66.30000305,66.30000305
"IE","Ireland",2007,66.69999695,66.69999695
"IE","Ireland",2008,69.40000153,69.40000153
"IE","Ireland",2009,73.5,73.5
"IE","Ireland",2010,75.59999847,75.59999847
"IE","Ireland",2011,76.5,76.5
"IE","Ireland",2012,76.90000153,76.90000153
"IL","Israel",2005,75.69999695,75.69999695
"IL","Israel",2006,75.90000153,75.90000153
"IL","Israel",2007,75.59999847,75.59999847
"IL","Israel",2008,75.69999695,75.69999695
"IL","Israel",2009,77.09999847,77.09999847
"IL","Israel",2010,,
"IL","Israel",2011,,
"IL","Israel",2012,,
"IT","Italy",2005,65,65
"IT","Italy",2006,65.59999847,65.59999847
"IT","Italy",2007,65.90000153,65.90000153
"IT","Italy",2008,66.40000153,66.40000153
"IT","Italy",2009,67,67
"IT","Italy",2010,67.5,67.5
"IT","Italy",2011,67.80000305,67.80000305
"IT","Italy",2012,68.5,68.5
"JM","Jamaica",2005,64,64
"JM","Jamaica",2006,63.90000153,63.90000153
"JM","Jamaica",2007,64.19999695,64.19999695
"JM","Jamaica",2008,63.09999847,63.09999847
"JM","Jamaica",2009,63.20000076,63.20000076
"JM","Jamaica",2010,63.79999924,63.79999924
"JM","Jamaica",2011,66.30000305,66.30000305
"JM","Jamaica",2012,66.5,66.5
"JP","Japan",2005,66.40000153,66.40000153
"JP","Japan",2006,66.59999847,66.59999847
"JP","Japan",2007,67.19999695,67.19999695
"JP","Japan",2008,67.80000305,67.80000305
"JP","Japan",2009,69,69
"JP","Japan",2010,69.69999695,69.69999695
"JP","Japan",2011,,
"JP","Japan",2012,,
"JO","Jordan",2005,75.90000153,75.90000153
"JO","Jordan",2006,76.90000153,76.90000153
"JO","Jordan",2007,77.30000305,77.30000305
"JO","Jordan",2008,78.09999847,78.09999847
"JO","Jordan",2009,77.5,77.5
"JO","Jordan",2010,79.19999695,79.19999695
"JO","Jordan",2011,80.09999847,80.09999847
"JO","Jordan",2012,80.5,80.5
"KZ","Kazakhstan",2005,49.59999847,49.59999847
"KZ","Kazakhstan",2006,50,50
"KZ","Kazakhstan",2007,49.90000153,49.90000153
"KZ","Kazakhstan",2008,50.90000153,50.90000153
"KZ","Kazakhstan",2009,51.70000076,51.70000076
"KZ","Kazakhstan",2010,53,53
"KZ","Kazakhstan",2011,54.59999847,54.59999847
"KZ","Kazakhstan",2012,55.09999847,55.09999847
"KE","Kenya",2005,32.20000076,32.20000076
"KE","Kenya",2006,,
"KE","Kenya",2007,,
"KE","Kenya",2008,,
"KE","Kenya",2009,,
"KE","Kenya",2010,,
"KE","Kenya",2011,,
"KE","Kenya",2012,,
"KI","Kiribati",2005,,
"KI","Kiribati",2006,,
"KI","Kiribati",2007,,
"KI","Kiribati",2008,,
"KI","Kiribati",2009,,
"KI","Kiribati",2010,,
"KI","Kiribati",2011,,
"KI","Kiribati",2012,,
"XK","Kosovo",2005,,
"XK","Kosovo",2006,,
"XK","Kosovo",2007,,
"XK","Kosovo",2008,,
"XK","Kosovo",2009,,
"XK","Kosovo",2010,,
"XK","Kosovo",2011,,
"XK","Kosovo",2012,67.09999847,67.09999847
"KW","Kuwait",2005,76,76
"KW","Kuwait",2006,,
"KW","Kuwait",2007,,
"KW","Kuwait",2008,,
"KW","Kuwait",2009,,
"KW","Kuwait",2010,,
"KW","Kuwait",2011,,
"KW","Kuwait",2012,,
"KG","Kyrgyzstan",2005,43.90000153,43.90000153
"KG","Kyrgyzstan",2006,44.29999924,44.29999924
"KG","Kyrgyzstan",2007,45.20000076,45.20000076
"KG","Kyrgyzstan",2008,45.29999924,45.29999924
"KG","Kyrgyzstan",2009,,
"KG","Kyrgyzstan",2010,,
"KG","Kyrgyzstan",2011,,
"KG","Kyrgyzstan",2012,,
"LA","Lao",2005,,
"LA","Lao",2006,,
"LA","Lao",2007,,
"LA","Lao",2008,,
"LA","Lao",2009,,
"LA","Lao",2010,,
"LA","Lao",2011,,
"LA","Lao",2012,,
"LV","Latvia",2005,61.79999924,61.79999924
"LV","Latvia",2006,61.29999924,61.29999924
"LV","Latvia",2007,61.5,61.5
"LV","Latvia",2008,63,63
"LV","Latvia",2009,66.30000305,66.30000305
"LV","Latvia",2010,67.19999695,67.19999695
"LV","Latvia",2011,68.19999695,68.19999695
"LV","Latvia",2012,68.09999847,68.09999847
"LB","Lebanon",2005,,
"LB","Lebanon",2006,,
"LB","Lebanon",2007,,
"LB","Lebanon",2008,,
"LB","Lebanon",2009,72.59999847,72.59999847
"LB","Lebanon",2010,,
"LB","Lebanon",2011,,
"LB","Lebanon",2012,,
"LS","Lesotho",2005,,
"LS","Lesotho",2006,,
"LS","Lesotho",2007,,
"LS","Lesotho",2008,,
"LS","Lesotho",2009,,
"LS","Lesotho",2010,,
"LS","Lesotho",2011,,
"LS","Lesotho",2012,,
"LR","Liberia",2005,,
"LR","Liberia",2006,,
"LR","Liberia",2007,14.89999962,14.89999962
"LR","Liberia",2008,23.9000002567,
"LR","Liberia",2009,32.9000008933,
"LR","Liberia",2010,41.90000153,41.90000153
"LR","Liberia",2011,,
"LR","Liberia",2012,,
"LY","Libya",2005,,
"LY","Libya",2006,,
"LY","Libya",2007,,
"LY","Libya",2008,,
"LY","Libya",2009,,
"LY","Libya",2010,,
"LY","Libya",2011,,
"LY","Libya",2012,,
"LI","Liechtenstein",2005,,
"LI","Liechtenstein",2006,,
"LI","Liechtenstein",2007,,
"LI","Liechtenstein",2008,,
"LI","Liechtenstein",2009,,
"LI","Liechtenstein",2010,,
"LI","Liechtenstein",2011,,
"LI","Liechtenstein",2012,,
"LT","Lithuania",2005,56.90000153,56.90000153
"LT","Lithuania",2006,57.90000153,57.90000153
"LT","Lithuania",2007,59,59
"LT","Lithuania",2008,61.20000076,61.20000076
"LT","Lithuania",2009,63.59999847,63.59999847
"LT","Lithuania",2010,66.19999695,66.19999695
"LT","Lithuania",2011,66.69999695,66.69999695
"LT","Lithuania",2012,65.90000153,65.90000153
"LU","Luxembourg",2005,80.80000305,80.80000305
"LU","Luxembourg",2006,81.40000153,81.40000153
"LU","Luxembourg",2007,81.19999695,81.19999695
"LU","Luxembourg",2008,83,83
"LU","Luxembourg",2009,83.69999695,83.69999695
"LU","Luxembourg",2010,81.09999847,81.09999847
"LU","Luxembourg",2011,82.69999695,82.69999695
"LU","Luxembourg",2012,84.09999847,84.09999847
"MO","Macao",2005,74.69999695,74.69999695
"MO","Macao",2006,76.5,76.5
"MO","Macao",2007,78.59999847,78.59999847
"MO","Macao",2008,80.09999847,80.09999847
"MO","Macao",2009,84,84
"MO","Macao",2010,,
"MO","Macao",2011,,
"MO","Macao",2012,,
"MK","Macedonia",2005,48.20000076,48.20000076
"MK","Macedonia",2006,47.29999924,47.29999924
"MK","Macedonia",2007,50.40000153,50.40000153
"MK","Macedonia",2008,49.09999847,49.09999847
"MK","Macedonia",2009,49.7999992333,
"MK","Macedonia",2010,50.4999999967,
"MK","Macedonia",2011,51.20000076,51.20000076
"MK","Macedonia",2012,52.79999924,52.79999924
"MG","Madagascar",2005,15.80000019,15.80000019
"MG","Madagascar",2006,,
"MG","Madagascar",2007,,
"MG","Madagascar",2008,,
"MG","Madagascar",2009,,
"MG","Madagascar",2010,,
"MG","Madagascar",2011,,
"MG","Madagascar",2012,,
"MW","Malawi",2005,,
"MW","Malawi",2006,,
"MW","Malawi",2007,,
"MW","Malawi",2008,,
"MW","Malawi",2009,,
"MW","Malawi",2010,,
"MW","Malawi",2011,,
"MW","Malawi",2012,,
"MY","Malaysia",2005,55.59999847,55.59999847
"MY","Malaysia",2006,55.09999847,55.09999847
"MY","Malaysia",2007,56.70000076,56.70000076
"MY","Malaysia",2008,57.40000153,57.40000153
"MY","Malaysia",2009,59.5,59.5
"MY","Malaysia",2010,59.20000076,59.20000076
"MY","Malaysia",2011,59.59999847,59.59999847
"MY","Malaysia",2012,59,59
"MV","Maldives",2005,,
"MV","Maldives",2006,60,60
"MV","Maldives",2007,,
"MV","Maldives",2008,,
"MV","Maldives",2009,,
"MV","Maldives",2010,,
"MV","Maldives",2011,,
"MV","Maldives",2012,,
"ML","Mali",2005,,
"ML","Mali",2006,28.29999924,28.29999924
"ML","Mali",2007,,
"ML","Mali",2008,,
"ML","Mali",2009,,
"ML","Mali",2010,,
"ML","Mali",2011,,
"ML","Mali",2012,,
"MT","Malta",2005,67.69999695,67.69999695
"MT","Malta",2006,69.30000305,69.30000305
"MT","Malta",2007,71.59999847,71.59999847
"MT","Malta",2008,72.30000305,72.30000305
"MT","Malta",2009,73.30000305,73.30000305
"MT","Malta",2010,73.19999695,73.19999695
"MT","Malta",2011,74.30000305,74.30000305
"MT","Malta",2012,76.40000153,76.40000153
"MH","Marshall Islands",2005,,
"MH","Marshall Islands",2006,,
"MH","Marshall Islands",2007,,
"MH","Marshall Islands",2008,,
"MH","Marshall Islands",2009,,
"MH","Marshall Islands",2010,,
"MH","Marshall Islands",2011,,
"MH","Marshall Islands",2012,,
"MR","Mauritania",2005,,
"MR","Mauritania",2006,,
"MR","Mauritania",2007,,
"MR","Mauritania",2008,,
"MR","Mauritania",2009,,
"MR","Mauritania",2010,,
"MR","Mauritania",2011,,
"MR","Mauritania",2012,,
"MU","Mauritius",2005,57.5,57.5
"MU","Mauritius",2006,58,58
"MU","Mauritius",2007,58,58
"MU","Mauritius",2008,59.09999847,59.09999847
"MU","Mauritius",2009,61.29999924,61.29999924
"MU","Mauritius",2010,63.09999847,63.09999847
"MU","Mauritius",2011,64,64
"MU","Mauritius",2012,64.69999695,64.69999695
"MX","Mexico",2005,59,59
"MX","Mexico",2006,59.40000153,59.40000153
"MX","Mexico",2007,60.09999847,60.09999847
"MX","Mexico",2008,60.59999847,60.59999847
"MX","Mexico",2009,60.09999847,60.09999847
"MX","Mexico",2010,60.59999847,60.59999847
"MX","Mexico",2011,61.90000153,61.90000153
"MX","Mexico",2012,,
"FM","Micronesia",2005,,
"FM","Micronesia",2006,,
"FM","Micronesia",2007,,
"FM","Micronesia",2008,,
"FM","Micronesia",2009,,
"FM","Micronesia",2010,,
"FM","Micronesia",2011,,
"FM","Micronesia",2012,,
"MD","Moldova",2005,37.40000153,37.40000153
"MD","Moldova",2006,41.20000076,41.20000076
"MD","Moldova",2007,41.5,41.5
"MD","Moldova",2008,42.20000076,42.20000076
"MD","Moldova",2009,45.09999847,45.09999847
"MD","Moldova",2010,46.20000076,46.20000076
"MD","Moldova",2011,46,46
"MD","Moldova",2012,54.29999924,54.29999924
"MC","Monaco",2005,,
"MC","Monaco",2006,,
"MC","Monaco",2007,,
"MC","Monaco",2008,,
"MC","Monaco",2009,,
"MC","Monaco",2010,,
"MC","Monaco",2011,,
"MC","Monaco",2012,,
"MN","Mongolia",2005,43.29999924,43.29999924
"MN","Mongolia",2006,43.90000153,43.90000153
"MN","Mongolia",2007,47.29999924,47.29999924
"MN","Mongolia",2008,44.20000076,44.20000076
"MN","Mongolia",2009,45,45
"MN","Mongolia",2010,50.20000076,50.20000076
"MN","Mongolia",2011,49.59999847,49.59999847
"MN","Mongolia",2012,,
"ME","Montenegro",2005,72.09999847,72.09999847
"ME","Montenegro",2006,72.95000076,
"ME","Montenegro",2007,73.80000305,73.80000305
"ME","Montenegro",2008,71,71
"ME","Montenegro",2009,72.80000305,72.80000305
"ME","Montenegro",2010,73.90000153,73.90000153
"ME","Montenegro",2011,75.5,75.5
"ME","Montenegro",2012,76.19999695,76.19999695
"MA","Morocco",2005,35,35
"MA","Morocco",2006,36.29999924,36.29999924
"MA","Morocco",2007,36.70000076,36.70000076
"MA","Morocco",2008,37.20000076,37.20000076
"MA","Morocco",2009,37.70000076,37.70000076
"MA","Morocco",2010,37.59999847,37.59999847
"MA","Morocco",2011,38.20000076,38.20000076
"MA","Morocco",2012,39.29999924,39.29999924
"MZ","Mozambique",2005,,
"MZ","Mozambique",2006,,
"MZ","Mozambique",2007,,
"MZ","Mozambique",2008,,
"MZ","Mozambique",2009,,
"MZ","Mozambique",2010,,
"MZ","Mozambique",2011,,
"MZ","Mozambique",2012,,
"MM","Myanmar",2005,,
"MM","Myanmar",2006,,
"MM","Myanmar",2007,,
"MM","Myanmar",2008,,
"MM","Myanmar",2009,,
"MM","Myanmar",2010,,
"MM","Myanmar",2011,,
"MM","Myanmar",2012,,
"NA","Namibia",2005,,
"NA","Namibia",2006,,
"NA","Namibia",2007,,
"NA","Namibia",2008,65.90000153,65.90000153
"NA","Namibia",2009,61.60000102,
"NA","Namibia",2010,57.30000051,
"NA","Namibia",2011,53,53
"NA","Namibia",2012,58.70000076,58.70000076
"NP","Nepal",2005,,
"NP","Nepal",2006,,
"NP","Nepal",2007,,
"NP","Nepal",2008,,
"NP","Nepal",2009,,
"NP","Nepal",2010,,
"NP","Nepal",2011,,
"NP","Nepal",2012,,
"NL","Netherlands",2005,72.40000153,72.40000153
"NL","Netherlands",2006,73.19999695,73.19999695
"NL","Netherlands",2007,74.69999695,74.69999695
"NL","Netherlands",2008,74.09999847,74.09999847
"NL","Netherlands",2009,72.80000305,72.80000305
"NL","Netherlands",2010,71.69999695,71.69999695
"NL","Netherlands",2011,71.5,71.5
"NL","Netherlands",2012,,
"NC","New Caledonia",2005,42.70000076,42.70000076
"NC","New Caledonia",2006,43.20000076,43.20000076
"NC","New Caledonia",2007,42.70000076,42.70000076
"NC","New Caledonia",2008,43,43
"NC","New Caledonia",2009,,
"NC","New Caledonia",2010,,
"NC","New Caledonia",2011,,
"NC","New Caledonia",2012,,
"NZ","New Zealand",2005,70.69999695,70.69999695
"NZ","New Zealand",2006,70.09999847,70.09999847
"NZ","New Zealand",2007,70.30000305,70.30000305
"NZ","New Zealand",2008,70.90000153,70.90000153
"NZ","New Zealand",2009,72.5,72.5
"NZ","New Zealand",2010,,
"NZ","New Zealand",2011,,
"NZ","New Zealand",2012,,
"NI","Nicaragua",2005,51.40000153,51.40000153
"NI","Nicaragua",2006,51.59999847,51.59999847
"NI","Nicaragua",2007,49.79999924,49.79999924
"NI","Nicaragua",2008,52.20000076,52.20000076
"NI","Nicaragua",2009,51.70000076,
"NI","Nicaragua",2010,51.20000076,51.20000076
"NI","Nicaragua",2011,,
"NI","Nicaragua",2012,,
"NE","Niger",2005,31.10000038,31.10000038
"NE","Niger",2006,,
"NE","Niger",2007,,
"NE","Niger",2008,,
"NE","Niger",2009,,
"NE","Niger",2010,,
"NE","Niger",2011,,
"NE","Niger",2012,,
"NG","Nigeria",2005,,
"NG","Nigeria",2006,,
"NG","Nigeria",2007,,
"NG","Nigeria",2008,,
"NG","Nigeria",2009,,
"NG","Nigeria",2010,,
"NG","Nigeria",2011,,
"NG","Nigeria",2012,,
"KP","North Korea",2005,,
"KP","North Korea",2006,,
"KP","North Korea",2007,,
"KP","North Korea",2008,,
"KP","North Korea",2009,,
"KP","North Korea",2010,,
"KP","North Korea",2011,,
"KP","North Korea",2012,,
"MP","Northern Mariana Islands",2005,,
"MP","Northern Mariana Islands",2006,,
"MP","Northern Mariana Islands",2007,,
"MP","Northern Mariana Islands",2008,,
"MP","Northern Mariana Islands",2009,,
"MP","Northern Mariana Islands",2010,,
"MP","Northern Mariana Islands",2011,,
"MP","Northern Mariana Islands",2012,,
"NO","Norway",2005,75.69999695,75.69999695
"NO","Norway",2006,75.80000305,75.80000305
"NO","Norway",2007,75.80000305,75.80000305
"NO","Norway",2008,74.19999695,74.19999695
"NO","Norway",2009,77,77
"NO","Norway",2010,77.69999695,77.69999695
"NO","Norway",2011,77.30000305,77.30000305
"NO","Norway",2012,77.40000153,77.40000153
"OM","Oman",2005,,
"OM","Oman",2006,,
"OM","Oman",2007,,
"OM","Oman",2008,,
"OM","Oman",2009,,
"OM","Oman",2010,57.90000153,57.90000153
"OM","Oman",2011,,
"OM","Oman",2012,,
"PK","Pakistan",2005,36.59999847,36.59999847
"PK","Pakistan",2006,35.90000153,35.90000153
"PK","Pakistan",2007,35.40000153,35.40000153
"PK","Pakistan",2008,35.20000076,35.20000076
"PK","Pakistan",2009,34.1666671733,
"PK","Pakistan",2010,33.1333335867,
"PK","Pakistan",2011,32.1,32.1
"PK","Pakistan",2012,,
"PW","Palau",2005,,
"PW","Palau",2006,,
"PW","Palau",2007,,
"PW","Palau",2008,,
"PW","Palau",2009,,
"PW","Palau",2010,,
"PW","Palau",2011,,
"PW","Palau",2012,,
"PS","Palestine",2005,59.09999847,59.09999847
"PS","Palestine",2006,60,60
"PS","Palestine",2007,60.59999847,60.59999847
"PS","Palestine",2008,60.90000153,60.90000153
"PS","Palestine",2009,64.40000153,64.40000153
"PS","Palestine",2010,63.59999847,63.59999847
"PS","Palestine",2011,62.40000153,62.40000153
"PS","Palestine",2012,62.20000076,62.20000076
"PA","Panama",2005,63.70000076,63.70000076
"PA","Panama",2006,62.5,62.5
"PA","Panama",2007,62.20000076,62.20000076
"PA","Panama",2008,63,63
"PA","Panama",2009,63,63
"PA","Panama",2010,63.90000153,63.90000153
"PA","Panama",2011,64.40000153,64.40000153
"PA","Panama",2012,65.19999695,65.19999695
"PG","Papua New Guinea",2005,,
"PG","Papua New Guinea",2006,,
"PG","Papua New Guinea",2007,,
"PG","Papua New Guinea",2008,,
"PG","Papua New Guinea",2009,,
"PG","Papua New Guinea",2010,,
"PG","Papua New Guinea",2011,,
"PG","Papua New Guinea",2012,,
"PY","Paraguay",2005,51.90000153,51.90000153
"PY","Paraguay",2006,51.5,51.5
"PY","Paraguay",2007,52.40000153,52.40000153
"PY","Paraguay",2008,54.5,54.5
"PY","Paraguay",2009,53.09999847,53.09999847
"PY","Paraguay",2010,54.29999924,54.29999924
"PY","Paraguay",2011,56.29999924,56.29999924
"PY","Paraguay",2012,56.70000076,56.70000076
"PE","Peru",2005,52.5,52.5
"PE","Peru",2006,52.70000076,52.70000076
"PE","Peru",2007,55,55
"PE","Peru",2008,55.40000153,55.40000153
"PE","Peru",2009,55.40000153,55.40000153
"PE","Peru",2010,56.59999847,56.59999847
"PE","Peru",2011,56.79999924,56.79999924
"PE","Peru",2012,,
"PH","Philippines",2005,48.5,48.5
"PH","Philippines",2006,48.90000153,48.90000153
"PH","Philippines",2007,49.59999847,49.59999847
"PH","Philippines",2008,49.90000153,49.90000153
"PH","Philippines",2009,50.29999924,50.29999924
"PH","Philippines",2010,51.79999924,51.79999924
"PH","Philippines",2011,52.20000076,52.20000076
"PH","Philippines",2012,52.5,52.5
"PL","Poland",2005,53.40000153,53.40000153
"PL","Poland",2006,54.20000076,54.20000076
"PL","Poland",2007,54.5,54.5
"PL","Poland",2008,54.09999847,54.09999847
"PL","Poland",2009,55.59999847,55.59999847
"PL","Poland",2010,56.90000153,56.90000153
"PL","Poland",2011,56.70000076,56.70000076
"PL","Poland",2012,57,57
"PT","Portugal",2005,57.5,57.5
"PT","Portugal",2006,57.70000076,57.70000076
"PT","Portugal",2007,57.79999924,57.79999924
"PT","Portugal",2008,59.40000153,59.40000153
"PT","Portugal",2009,60.59999847,60.59999847
"PT","Portugal",2010,61.40000153,61.40000153
"PT","Portugal",2011,62.70000076,62.70000076
"PT","Portugal",2012,63.79999924,63.79999924
"PR","Puerto Rico",2005,79,79
"PR","Puerto Rico",2006,79.09999847,79.09999847
"PR","Puerto Rico",2007,79.69999695,79.69999695
"PR","Puerto Rico",2008,80.40000153,80.40000153
"PR","Puerto Rico",2009,84.09999847,84.09999847
"PR","Puerto Rico",2010,84.69999695,84.69999695
"PR","Puerto Rico",2011,84.90000153,84.90000153
"PR","Puerto Rico",2012,84.40000153,84.40000153
"QA","Qatar",2005,,
"QA","Qatar",2006,55.40000153,55.40000153
"QA","Qatar",2007,45.70000076,45.70000076
"QA","Qatar",2008,38.90000153,38.90000153
"QA","Qatar",2009,40,40
"QA","Qatar",2010,42.25,
"QA","Qatar",2011,44.5,44.5
"QA","Qatar",2012,46.79999924,46.79999924
"RO","Romania",2005,37.5,37.5
"RO","Romania",2006,38.79999924,38.79999924
"RO","Romania",2007,39.09999847,39.09999847
"RO","Romania",2008,39.70000076,39.70000076
"RO","Romania",2009,40.90000153,40.90000153
"RO","Romania",2010,41.20000076,41.20000076
"RO","Romania",2011,42.59999847,42.59999847
"RO","Romania",2012,42.40000153,42.40000153
"RU","Russian Federation",2005,60,60
"RU","Russian Federation",2006,60.70000076,60.70000076
"RU","Russian Federation",2007,61.79999924,61.79999924
"RU","Russian Federation",2008,62.40000153,62.40000153
"RU","Russian Federation",2009,62.29999924,62.29999924
"RU","Russian Federation",2010,,
"RU","Russian Federation",2011,,
"RU","Russian Federation",2012,,
"RW","Rwanda",2005,16.60000038,16.60000038
"RW","Rwanda",2006,,
"RW","Rwanda",2007,,
"RW","Rwanda",2008,,
"RW","Rwanda",2009,,
"RW","Rwanda",2010,,
"RW","Rwanda",2011,,
"RW","Rwanda",2012,,
"KN","Saint Kitts and Nevis",2005,,
"KN","Saint Kitts and Nevis",2006,,
"KN","Saint Kitts and Nevis",2007,,
"KN","Saint Kitts and Nevis",2008,,
"KN","Saint Kitts and Nevis",2009,,
"KN","Saint Kitts and Nevis",2010,,
"KN","Saint Kitts and Nevis",2011,,
"KN","Saint Kitts and Nevis",2012,,
"LC","Saint Lucia",2005,,
"LC","Saint Lucia",2006,,
"LC","Saint Lucia",2007,,
"LC","Saint Lucia",2008,,
"LC","Saint Lucia",2009,,
"LC","Saint Lucia",2010,,
"LC","Saint Lucia",2011,,
"LC","Saint Lucia",2012,,
"MF","Saint Martin ",2005,,
"MF","Saint Martin ",2006,,
"MF","Saint Martin ",2007,,
"MF","Saint Martin ",2008,,
"MF","Saint Martin ",2009,,
"MF","Saint Martin ",2010,,
"MF","Saint Martin ",2011,,
"MF","Saint Martin ",2012,,
"VC","Saint Vincent and the Grenadines",2005,,
"VC","Saint Vincent and the Grenadines",2006,,
"VC","Saint Vincent and the Grenadines",2007,,
"VC","Saint Vincent and the Grenadines",2008,,
"VC","Saint Vincent and the Grenadines",2009,,
"VC","Saint Vincent and the Grenadines",2010,,
"VC","Saint Vincent and the Grenadines",2011,,
"VC","Saint Vincent and the Grenadines",2012,,
"WS","Samoa",2005,,
"WS","Samoa",2006,,
"WS","Samoa",2007,,
"WS","Samoa",2008,,
"WS","Samoa",2009,,
"WS","Samoa",2010,,
"WS","Samoa",2011,,
"WS","Samoa",2012,,
"SM","San Marino",2005,60.20000076,60.20000076
"SM","San Marino",2006,60.70000076,60.70000076
"SM","San Marino",2007,61.79999924,61.79999924
"SM","San Marino",2008,62.70000076,62.70000076
"SM","San Marino",2009,,
"SM","San Marino",2010,,
"SM","San Marino",2011,,
"SM","San Marino",2012,,
"ST","Sao Tome and Principe",2005,,
"ST","Sao Tome and Principe",2006,,
"ST","Sao Tome and Principe",2007,,
"ST","Sao Tome and Principe",2008,,
"ST","Sao Tome and Principe",2009,,
"ST","Sao Tome and Principe",2010,,
"ST","Sao Tome and Principe",2011,,
"ST","Sao Tome and Principe",2012,,
"SA","Saudi Arabia",2005,,
"SA","Saudi Arabia",2006,75.80000305,75.80000305
"SA","Saudi Arabia",2007,74.90000153,74.90000153
"SA","Saudi Arabia",2008,75.90000153,75.90000153
"SA","Saudi Arabia",2009,75.5,75.5
"SA","Saudi Arabia",2010,74.349998475,
"SA","Saudi Arabia",2011,73.19999695,73.19999695
"SA","Saudi Arabia",2012,70.69999695,70.69999695
"SN","Senegal",2005,,
"SN","Senegal",2006,36.09999847,36.09999847
"SN","Senegal",2007,,
"SN","Senegal",2008,,
"SN","Senegal",2009,,
"SN","Senegal",2010,,
"SN","Senegal",2011,,
"SN","Senegal",2012,,
"RS","Serbia",2005,49.09999847,49.09999847
"RS","Serbia",2006,50.20000076,50.20000076
"RS","Serbia",2007,49.70000076,49.70000076
"RS","Serbia",2008,48.70000076,48.70000076
"RS","Serbia",2009,50.90000153,50.90000153
"RS","Serbia",2010,51.79999924,51.79999924
"RS","Serbia",2011,52,52
"RS","Serbia",2012,52.59999847,52.59999847
"SC","Seychelles",2005,,
"SC","Seychelles",2006,,
"SC","Seychelles",2007,,
"SC","Seychelles",2008,,
"SC","Seychelles",2009,,
"SC","Seychelles",2010,,
"SC","Seychelles",2011,,
"SC","Seychelles",2012,,
"SL","Sierra Leone",2005,,
"SL","Sierra Leone",2006,,
"SL","Sierra Leone",2007,,
"SL","Sierra Leone",2008,,
"SL","Sierra Leone",2009,,
"SL","Sierra Leone",2010,,
"SL","Sierra Leone",2011,,
"SL","Sierra Leone",2012,,
"SG","Singapore",2005,77.30000305,77.30000305
"SG","Singapore",2006,76.69999695,76.69999695
"SG","Singapore",2007,76.40000153,76.40000153
"SG","Singapore",2008,76.19999695,76.19999695
"SG","Singapore",2009,77.09999847,77.09999847
"SG","Singapore",2010,,
"SG","Singapore",2011,,
"SG","Singapore",2012,,
"SX","Sint Maarten (Dutch part)",2005,,
"SX","Sint Maarten (Dutch part)",2006,,
"SX","Sint Maarten (Dutch part)",2007,,
"SX","Sint Maarten (Dutch part)",2008,,
"SX","Sint Maarten (Dutch part)",2009,,
"SX","Sint Maarten (Dutch part)",2010,,
"SX","Sint Maarten (Dutch part)",2011,,
"SX","Sint Maarten (Dutch part)",2012,,
"SK","Slovakia",2005,56.29999924,56.29999924
"SK","Slovakia",2006,56.79999924,56.79999924
"SK","Slovakia",2007,56.40000153,56.40000153
"SK","Slovakia",2008,55.90000153,55.90000153
"SK","Slovakia",2009,58.40000153,58.40000153
"SK","Slovakia",2010,59.59999847,59.59999847
"SK","Slovakia",2011,59.5,59.5
"SK","Slovakia",2012,59.20000076,59.20000076
"SI","Slovenia",2005,53.29999924,53.29999924
"SI","Slovenia",2006,55.20000076,55.20000076
"SI","Slovenia",2007,54.70000076,54.70000076
"SI","Slovenia",2008,56,56
"SI","Slovenia",2009,57.40000153,57.40000153
"SI","Slovenia",2010,58.29999924,58.29999924
"SI","Slovenia",2011,59.5,59.5
"SI","Slovenia",2012,60.29999924,60.29999924
"SB","Solomon Islands",2005,,
"SB","Solomon Islands",2006,,
"SB","Solomon Islands",2007,,
"SB","Solomon Islands",2008,,
"SB","Solomon Islands",2009,,
"SB","Solomon Islands",2010,,
"SB","Solomon Islands",2011,,
"SB","Solomon Islands",2012,,
"SO","Somalia",2005,,
"SO","Somalia",2006,,
"SO","Somalia",2007,,
"SO","Somalia",2008,,
"SO","Somalia",2009,,
"SO","Somalia",2010,,
"SO","Somalia",2011,,
"SO","Somalia",2012,,
"ZA","South Africa",2005,66.59999847,66.59999847
"ZA","South Africa",2006,65.59999847,65.59999847
"ZA","South Africa",2007,64.90000153,64.90000153
"ZA","South Africa",2008,68.59999847,68.59999847
"ZA","South Africa",2009,60.79999924,60.79999924
"ZA","South Africa",2010,61.90000153,61.90000153
"ZA","South Africa",2011,62.70000076,62.70000076
"ZA","South Africa",2012,,
"KR","South Korea",2005,65.19999695,65.19999695
"KR","South Korea",2006,66,66
"KR","South Korea",2007,66.90000153,66.90000153
"KR","South Korea",2008,67.90000153,67.90000153
"KR","South Korea",2009,76.59999847,76.59999847
"KR","South Korea",2010,76.40000153,76.40000153
"KR","South Korea",2011,,
"KR","South Korea",2012,,
"SS","South Sudan",2005,,
"SS","South Sudan",2006,,
"SS","South Sudan",2007,,
"SS","South Sudan",2008,,
"SS","South Sudan",2009,,
"SS","South Sudan",2010,,
"SS","South Sudan",2011,,
"SS","South Sudan",2012,,
"ES","Spain",2005,65,65
"ES","Spain",2006,65.69999695,65.69999695
"ES","Spain",2007,66.19999695,66.19999695
"ES","Spain",2008,68.09999847,68.09999847
"ES","Spain",2009,71.09999847,71.09999847
"ES","Spain",2010,72.59999847,72.59999847
"ES","Spain",2011,74,74
"ES","Spain",2012,74.90000153,74.90000153
"LK","Sri Lanka",2005,38.40000153,38.40000153
"LK","Sri Lanka",2006,38.40000153,38.40000153
"LK","Sri Lanka",2007,38.70000076,38.70000076
"LK","Sri Lanka",2008,38.79999924,38.79999924
"LK","Sri Lanka",2009,39.59999847,39.59999847
"LK","Sri Lanka",2010,40.40000153,40.40000153
"LK","Sri Lanka",2011,40,40
"LK","Sri Lanka",2012,41.5,41.5
"SD","Sudan",2005,,
"SD","Sudan",2006,,
"SD","Sudan",2007,,
"SD","Sudan",2008,,
"SD","Sudan",2009,,
"SD","Sudan",2010,,
"SD","Sudan",2011,,
"SD","Sudan",2012,,
"SR","Suriname",2005,,
"SR","Suriname",2006,,
"SR","Suriname",2007,,
"SR","Suriname",2008,,
"SR","Suriname",2009,,
"SR","Suriname",2010,,
"SR","Suriname",2011,,
"SR","Suriname",2012,,
"SZ","Swaziland",2005,,
"SZ","Swaziland",2006,,
"SZ","Swaziland",2007,,
"SZ","Swaziland",2008,,
"SZ","Swaziland",2009,,
"SZ","Swaziland",2010,,
"SZ","Swaziland",2011,,
"SZ","Swaziland",2012,,
"SE","Sweden",2005,75.69999695,75.69999695
"SE","Sweden",2006,75.69999695,75.69999695
"SE","Sweden",2007,76,76
"SE","Sweden",2008,76.19999695,76.19999695
"SE","Sweden",2009,77.40000153,77.40000153
"SE","Sweden",2010,77.80000305,77.80000305
"SE","Sweden",2011,77.69999695,77.69999695
"SE","Sweden",2012,77.90000153,77.90000153
"CH","Switzerland",2005,72.5,72.5
"CH","Switzerland",2006,72.5,72.5
"CH","Switzerland",2007,72.40000153,72.40000153
"CH","Switzerland",2008,67.90000153,67.90000153
"CH","Switzerland",2009,70.59999847,70.59999847
"CH","Switzerland",2010,70.90000153,70.90000153
"CH","Switzerland",2011,71.09999847,71.09999847
"CH","Switzerland",2012,72.5,72.5
"SY","Syria",2005,,
"SY","Syria",2006,52.09999847,52.09999847
"SY","Syria",2007,51.79999924,51.79999924
"SY","Syria",2008,52.29999924,52.29999924
"SY","Syria",2009,52.29999924,52.29999924
"SY","Syria",2010,53,53
"SY","Syria",2011,53,53
"SY","Syria",2012,,
"TJ","Tajikistan",2005,,
"TJ","Tajikistan",2006,,
"TJ","Tajikistan",2007,,
"TJ","Tajikistan",2008,,
"TJ","Tajikistan",2009,,
"TJ","Tajikistan",2010,,
"TJ","Tajikistan",2011,,
"TJ","Tajikistan",2012,,
"TZ","Tanzania",2005,,
"TZ","Tanzania",2006,19.20000076,19.20000076
"TZ","Tanzania",2007,,
"TZ","Tanzania",2008,,
"TZ","Tanzania",2009,,
"TZ","Tanzania",2010,,
"TZ","Tanzania",2011,,
"TZ","Tanzania",2012,,
"TH","Thailand",2005,37.09999847,37.09999847
"TH","Thailand",2006,37,37
"TH","Thailand",2007,37.40000153,37.40000153
"TH","Thailand",2008,37.90000153,37.90000153
"TH","Thailand",2009,40.20000076,40.20000076
"TH","Thailand",2010,41,41
"TH","Thailand",2011,40.70000076,40.70000076
"TH","Thailand",2012,39.40000153,39.40000153
"TL","Timor-Leste",2005,,
"TL","Timor-Leste",2006,,
"TL","Timor-Leste",2007,,
"TL","Timor-Leste",2008,,
"TL","Timor-Leste",2009,,
"TL","Timor-Leste",2010,39.79999924,39.79999924
"TL","Timor-Leste",2011,,
"TL","Timor-Leste",2012,,
"TG","Togo",2005,,
"TG","Togo",2006,37.5,37.5
"TG","Togo",2007,,
"TG","Togo",2008,,
"TG","Togo",2009,,
"TG","Togo",2010,,
"TG","Togo",2011,,
"TG","Togo",2012,,
"TO","Tonga",2005,,
"TO","Tonga",2006,,
"TO","Tonga",2007,,
"TO","Tonga",2008,,
"TO","Tonga",2009,,
"TO","Tonga",2010,,
"TO","Tonga",2011,,
"TO","Tonga",2012,,
"TT","Trinidad and Tobago",2005,64.30000305,64.30000305
"TT","Trinidad and Tobago",2006,64.59999847,64.59999847
"TT","Trinidad and Tobago",2007,64.30000305,64.30000305
"TT","Trinidad and Tobago",2008,63.79999924,63.79999924
"TT","Trinidad and Tobago",2009,,
"TT","Trinidad and Tobago",2010,,
"TT","Trinidad and Tobago",2011,,
"TT","Trinidad and Tobago",2012,,
"TN","Tunisia",2005,49,49
"TN","Tunisia",2006,48.59999847,48.59999847
"TN","Tunisia",2007,48.5,48.5
"TN","Tunisia",2008,48.5,48.5
"TN","Tunisia",2009,49.29999924,49.29999924
"TN","Tunisia",2010,48.79999924,48.79999924
"TN","Tunisia",2011,49.59999847,49.59999847
"TN","Tunisia",2012,,
"TR","Turkey",2005,45.79999924,45.79999924
"TR","Turkey",2006,47.29999924,47.29999924
"TR","Turkey",2007,49.79999924,49.79999924
"TR","Turkey",2008,49.5,49.5
"TR","Turkey",2009,51.70000076,51.70000076
"TR","Turkey",2010,50.09999847,50.09999847
"TR","Turkey",2011,49.40000153,49.40000153
"TR","Turkey",2012,50.40000153,50.40000153
"TM","Turkmenistan",2005,,
"TM","Turkmenistan",2006,,
"TM","Turkmenistan",2007,,
"TM","Turkmenistan",2008,,
"TM","Turkmenistan",2009,,
"TM","Turkmenistan",2010,,
"TM","Turkmenistan",2011,,
"TM","Turkmenistan",2012,,
"TC","Turks and Caicos Islands",2005,70.90000153,70.90000153
"TC","Turks and Caicos Islands",2006,76.40000153,76.40000153
"TC","Turks and Caicos Islands",2007,72.40000153,72.40000153
"TC","Turks and Caicos Islands",2008,,
"TC","Turks and Caicos Islands",2009,,
"TC","Turks and Caicos Islands",2010,,
"TC","Turks and Caicos Islands",2011,,
"TC","Turks and Caicos Islands",2012,,
"TV","Tuvalu",2005,,
"TV","Tuvalu",2006,,
"TV","Tuvalu",2007,,
"TV","Tuvalu",2008,,
"TV","Tuvalu",2009,,
"TV","Tuvalu",2010,,
"TV","Tuvalu",2011,,
"TV","Tuvalu",2012,,
"AE","UAE",2005,54.5,54.5
"AE","UAE",2006,60.06666565,
"AE","UAE",2007,65.6333313,
"AE","UAE",2008,71.19999695,71.19999695
"AE","UAE",2009,73.09999847,73.09999847
"AE","UAE",2010,,
"AE","UAE",2011,,
"AE","UAE",2012,,
"UG","Uganda",2005,23.20000076,23.20000076
"UG","Uganda",2006,24.500000475,
"UG","Uganda",2007,25.80000019,
"UG","Uganda",2008,27.099999905,
"UG","Uganda",2009,28.39999962,28.39999962
"UG","Uganda",2010,,
"UG","Uganda",2011,,
"UG","Uganda",2012,,
"UA","Ukraine",2005,56.40000153,56.40000153
"UA","Ukraine",2006,58.20000076,58.20000076
"UA","Ukraine",2007,59.40000153,59.40000153
"UA","Ukraine",2008,60.70000076,60.70000076
"UA","Ukraine",2009,62,62
"UA","Ukraine",2010,62.10000038,
"UA","Ukraine",2011,62.20000076,62.20000076
"UA","Ukraine",2012,62.09999847,62.09999847
"GB","United Kingdom",2005,76.30000305,76.30000305
"GB","United Kingdom",2006,76.40000153,76.40000153
"GB","United Kingdom",2007,76,76
"GB","United Kingdom",2008,76.59999847,76.59999847
"GB","United Kingdom",2009,78.69999695,78.69999695
"GB","United Kingdom",2010,78.90000153,78.90000153
"GB","United Kingdom",2011,79,79
"GB","United Kingdom",2012,78.90000153,78.90000153
"UY","Uruguay",2005,73.5,73.5
"UY","Uruguay",2006,67.5,67.5
"UY","Uruguay",2007,67.19999695,67.19999695
"UY","Uruguay",2008,67.80000305,67.80000305
"UY","Uruguay",2009,68.09999847,68.09999847
"UY","Uruguay",2010,67,67
"UY","Uruguay",2011,68,68
"UY","Uruguay",2012,,
"US","USA",2005,77.80000305,77.80000305
"US","USA",2006,77.69999695,77.69999695
"US","USA",2007,78,78
"US","USA",2008,78.59999847,78.59999847
"US","USA",2009,80.90000153,80.90000153
"US","USA",2010,81.19999695,81.19999695
"US","USA",2011,,
"US","USA",2012,,
"UZ","Uzbekistan",2005,,
"UZ","Uzbekistan",2006,,
"UZ","Uzbekistan",2007,,
"UZ","Uzbekistan",2008,,
"UZ","Uzbekistan",2009,,
"UZ","Uzbekistan",2010,,
"UZ","Uzbekistan",2011,,
"UZ","Uzbekistan",2012,,
"VU","Vanuatu",2005,,
"VU","Vanuatu",2006,,
"VU","Vanuatu",2007,,
"VU","Vanuatu",2008,,
"VU","Vanuatu",2009,31.10000038,31.10000038
"VU","Vanuatu",2010,,
"VU","Vanuatu",2011,,
"VU","Vanuatu",2012,,
"VE","Venezuela",2005,68.69999695,68.69999695
"VE","Venezuela",2006,67.80000305,67.80000305
"VE","Venezuela",2007,67.69999695,67.69999695
"VE","Venezuela",2008,68.30000305,68.30000305
"VE","Venezuela",2009,68.30000305,68.30000305
"VE","Venezuela",2010,68.90000153,68.90000153
"VE","Venezuela",2011,69.79999924,
"VE","Venezuela",2012,70.69999695,70.69999695
"VN","Viet Nam",2005,,
"VN","Viet Nam",2006,28.20000076,28.20000076
"VN","Viet Nam",2007,28.620000456,
"VN","Viet Nam",2008,29.040000152,
"VN","Viet Nam",2009,29.459999848,
"VN","Viet Nam",2010,29.879999544,
"VN","Viet Nam",2011,30.29999924,30.29999924
"VN","Viet Nam",2012,31.5,31.5
"VI","Virgin Islands (US)",2005,,
"VI","Virgin Islands (US)",2006,,
"VI","Virgin Islands (US)",2007,,
"VI","Virgin Islands (US)",2008,,
"VI","Virgin Islands (US)",2009,,
"VI","Virgin Islands (US)",2010,,
"VI","Virgin Islands (US)",2011,,
"VI","Virgin Islands (US)",2012,,
"YE","Yemen",2005,,
"YE","Yemen",2006,,
"YE","Yemen",2007,,
"YE","Yemen",2008,,
"YE","Yemen",2009,,
"YE","Yemen",2010,56.20000076,56.20000076
"YE","Yemen",2011,,
"YE","Yemen",2012,,
"ZM","Zambia",2005,20.60000038,20.60000038
"ZM","Zambia",2006,,
"ZM","Zambia",2007,,
"ZM","Zambia",2008,,
"ZM","Zambia",2009,,
"ZM","Zambia",2010,,
"ZM","Zambia",2011,,
"ZM","Zambia",2012,,
"ZW","Zimbabwe",2005,,
"ZW","Zimbabwe",2006,,
"ZW","Zimbabwe",2007,,
"ZW","Zimbabwe",2008,,
"ZW","Zimbabwe",2009,,
"ZW","Zimbabwe",2010,,
"ZW","Zimbabwe",2011,,
"ZW","Zimbabwe",2012,,
