"id-to","entity-to-name","year","value"
"AF","Afghanistan",2004,359556.96
"AF","Afghanistan",2005,348931.46
"AF","Afghanistan",2006,341191.13
"AF","Afghanistan",2007,188149.31
"AF","Afghanistan",2008,179163.87
"AF","Afghanistan",2009,0
"AF","Afghanistan",2010,123445.08
"AF","Afghanistan",2011,1072201.3
"AF","Afghanistan",2012,1006480.14
"AF","Afghanistan",2013,2441667.37
"AF","Afghanistan",2014,4530504.03
"AF","Afghanistan",2015,4950080
"africa","Africa, regional",2001,0
"africa","Africa, regional",2002,5221673.9
"africa","Africa, regional",2003,11102305.63
"africa","Africa, regional",2004,9636854.65
"africa","Africa, regional",2005,9724026.91
"africa","Africa, regional",2006,9378424.24
"africa","Africa, regional",2007,5330897.09
"africa","Africa, regional",2008,4938181.7
"africa","Africa, regional",2009,5782000.83
"africa","Africa, regional",2010,6005896.88
"africa","Africa, regional",2011,5091511.86
"africa","Africa, regional",2012,5209487.24
"africa","Africa, regional",2013,4906938.41
"africa","Africa, regional",2014,3926016.08
"africa","Africa, regional",2015,5042934
"AL","Albania",1996,111401.91
"AL","Albania",1997,161117.65
"AL","Albania",1998,163318.23
"AL","Albania",1999,41229.96
"AL","Albania",2000,6226.69
"AL","Albania",2001,6559.35
"AL","Albania",2002,51538.56
"AL","Albania",2003,39793.17
"AL","Albania",2004,1685354.8
"AL","Albania",2005,1342943.38
"AL","Albania",2006,2352313.52
"AL","Albania",2007,2338519.34
"AL","Albania",2008,2426124.14
"AL","Albania",2009,1735329.54
"AL","Albania",2010,1764893.45
"AL","Albania",2011,444931.5
"AL","Albania",2012,353204.27
"AL","Albania",2013,1201735.56
"AL","Albania",2014,1764598.25
"AL","Albania",2015,1960302.7
"DZ","Algeria",1992,3004659.71
"DZ","Algeria",1993,2434874.97
"DZ","Algeria",1994,2328291.69
"DZ","Algeria",1995,2098692
"DZ","Algeria",1996,2212008.33
"DZ","Algeria",1997,99298.38
"DZ","Algeria",1998,185663.04
"DZ","Algeria",1999,188614.16
"DZ","Algeria",2000,448619.67
"DZ","Algeria",2001,393092.87
"DZ","Algeria",2002,641520.75
"DZ","Algeria",2003,1336404.35
"DZ","Algeria",2004,1064570.52
"DZ","Algeria",2005,822688.81
"DZ","Algeria",2006,804439.15
"DZ","Algeria",2007,683246.37
"DZ","Algeria",2008,0
"DZ","Algeria",2009,0
"DZ","Algeria",2010,2714009.62
"DZ","Algeria",2011,2412391.64
"DZ","Algeria",2012,2534703.54
"DZ","Algeria",2013,2574570.53
"DZ","Algeria",2014,3145251.25
"DZ","Algeria",2015,707197.7
"america","America, regional",1994,1743688.02
"america","America, regional",1995,1254652.83
"america","America, regional",1996,1322396.29
"america","America, regional",1997,1421625.95
"america","America, regional",1998,1777286.61
"america","America, regional",1999,1368405.71
"america","America, regional",2000,6639069.07
"america","America, regional",2001,3119064.86
"america","America, regional",2002,5138505.52
"america","America, regional",2003,5288531.95
"america","America, regional",2004,3876218.91
"america","America, regional",2005,4259030.27
"america","America, regional",2006,7714426.8
"america","America, regional",2007,10834513.32
"america","America, regional",2008,10906805.56
"america","America, regional",2009,10212585
"america","America, regional",2010,8982062.22
"america","America, regional",2011,6334073.73
"america","America, regional",2012,1282402.2
"america","America, regional",2013,2617526.05
"america","America, regional",2014,6513533.45
"america","America, regional",2015,10785134
"AO","Angola",2003,134898.98
"AO","Angola",2004,123745.97
"AO","Angola",2005,120089.08
"AO","Angola",2008,205686.28
"AO","Angola",2009,212556.5
"AO","Angola",2010,210421.16
"AO","Angola",2011,354056.66
"AO","Angola",2012,1503381.11
"AO","Angola",2013,2067752.83
"AO","Angola",2014,3546051.87
"AO","Angola",2015,4835967
"AG","Antigua & Barbuda",1997,59880.57
"AG","Antigua & Barbuda",1998,131222.15
"AG","Antigua & Barbuda",1999,129058.29
"AG","Antigua & Barbuda",2000,122532.16
"AG","Antigua & Barbuda",2001,53411.8
"AG","Antigua & Barbuda",2002,51538.56
"AG","Antigua & Barbuda",2003,319332.15
"AG","Antigua & Barbuda",2004,292930.81
"AG","Antigua & Barbuda",2005,284274.22
"AG","Antigua & Barbuda",2007,768311.08
"AG","Antigua & Barbuda",2008,550525.56
"AG","Antigua & Barbuda",2009,568913.9
"AG","Antigua & Barbuda",2010,563198.61
"AG","Antigua & Barbuda",2011,530364.49
"AG","Antigua & Barbuda",2012,0
"AG","Antigua & Barbuda",2013,45021.09
"AG","Antigua & Barbuda",2014,559447.38
"AG","Antigua & Barbuda",2015,623607
"AR","Argentina",1992,720619.04
"AR","Argentina",1993,741048.91
"AR","Argentina",1994,708610.52
"AR","Argentina",1995,638732.35
"AR","Argentina",1996,913655.62
"AR","Argentina",1997,408778.2
"AR","Argentina",1998,8489441.46
"AR","Argentina",1999,10747767.43
"AR","Argentina",2000,10508085.32
"AR","Argentina",2001,10788373.41
"AR","Argentina",2002,10592538.49
"AR","Argentina",2003,3063997.59
"AR","Argentina",2004,1027493.16
"AR","Argentina",2005,1483577.99
"AR","Argentina",2006,913837.5
"AR","Argentina",2007,6966853.41
"AR","Argentina",2008,5483140.31
"AR","Argentina",2009,7388704.6
"AR","Argentina",2010,9780244.78
"AR","Argentina",2011,8856917.77
"AR","Argentina",2012,3192742.24
"AR","Argentina",2013,6702310.06
"AR","Argentina",2014,6875811.93
"AR","Argentina",2015,5848109
"AM","Armenia",1995,133069.62
"AM","Armenia",1996,140254.55
"AM","Armenia",1997,226082.08
"AM","Armenia",1998,76331.65
"AM","Armenia",1999,75072.93
"AM","Armenia",2001,113912.43
"AM","Armenia",2002,2058031.22
"AM","Armenia",2003,2210867.78
"AM","Armenia",2004,2969816.55
"AM","Armenia",2005,2418311.29
"AM","Armenia",2006,3247952.51
"AM","Armenia",2007,1809662.51
"AM","Armenia",2008,2128527.43
"AM","Armenia",2009,1930604.88
"AM","Armenia",2010,2093981.32
"AM","Armenia",2011,1159240.82
"AM","Armenia",2012,564220.74
"AM","Armenia",2013,2414675.16
"AM","Armenia",2014,3722935.55
"AM","Armenia",2015,3840896.4
"asia","Asia, regional",1992,4074933.41
"asia","Asia, regional",1993,4190459.53
"asia","Asia, regional",1994,4007027.97
"asia","Asia, regional",2001,0
"asia","Asia, regional",2002,0
"asia","Asia, regional",2003,2805421.31
"asia","Asia, regional",2004,2190194.24
"asia","Asia, regional",2005,2125470.36
"asia","Asia, regional",2006,5316574.15
"asia","Asia, regional",2007,4261263.45
"asia","Asia, regional",2008,4293477.5
"asia","Asia, regional",2009,3962146.86
"asia","Asia, regional",2010,3922343.25
"asia","Asia, regional",2011,1554799.13
"asia","Asia, regional",2012,1590825.36
"AZ","Azerbaijan",1998,141702.98
"AZ","Azerbaijan",1999,2030017.77
"AZ","Azerbaijan",2000,1988847.73
"AZ","Azerbaijan",2001,2107620.19
"AZ","Azerbaijan",2002,2033702.29
"AZ","Azerbaijan",2003,1830852.21
"AZ","Azerbaijan",2004,73006.51
"AZ","Azerbaijan",2005,245491.51
"AZ","Azerbaijan",2006,1573635.16
"AZ","Azerbaijan",2007,1123427.95
"AZ","Azerbaijan",2008,918789.08
"AZ","Azerbaijan",2009,1452701.29
"AZ","Azerbaijan",2010,1338473.9
"AZ","Azerbaijan",2011,941790.73
"AZ","Azerbaijan",2012,2055828.39
"AZ","Azerbaijan",2013,2896697.04
"AZ","Azerbaijan",2014,3135336.07
"AZ","Azerbaijan",2015,3324908.7
"BD","Bangladesh",1999,75158.74
"BD","Bangladesh",2000,1988491.47
"BD","Bangladesh",2001,1764418.16
"BD","Bangladesh",2002,4532672.95
"BD","Bangladesh",2003,3552369.75
"BD","Bangladesh",2004,3258671.41
"BD","Bangladesh",2005,1910266.49
"BD","Bangladesh",2006,1772634.72
"BD","Bangladesh",2007,978215.56
"BD","Bangladesh",2008,1249553.15
"BD","Bangladesh",2009,1196342.24
"BD","Bangladesh",2010,1484819.67
"BD","Bangladesh",2011,1376127.09
"BD","Bangladesh",2012,3776083.72
"BD","Bangladesh",2013,3641799.65
"BD","Bangladesh",2014,3524890.44
"BD","Bangladesh",2015,4674353
"BB","Barbados",2003,0
"BB","Barbados",2005,0
"BB","Barbados",2006,0
"BB","Barbados",2009,0
"BY","Belarus",2005,1275513.89
"BY","Belarus",2006,2338337.84
"BY","Belarus",2007,1610736.59
"BY","Belarus",2008,659966.2
"BY","Belarus",2009,2331886.55
"BY","Belarus",2010,2013319.47
"BY","Belarus",2011,2109882.97
"BY","Belarus",2012,2422780.17
"BY","Belarus",2013,3092619.81
"BY","Belarus",2014,2649033.19
"BY","Belarus",2015,3358289.7
"BZ","Belize",1992,772091.83
"BZ","Belize",1993,793980.97
"BZ","Belize",1994,759225.55
"BZ","Belize",1995,684356.09
"BZ","Belize",1996,721307.07
"BZ","Belize",1997,79481.81
"BZ","Belize",1998,161396.8
"BZ","Belize",1999,2206615.15
"BZ","Belize",2000,2169821.84
"BZ","Belize",2001,2612111
"BZ","Belize",2002,1897289.11
"BZ","Belize",2003,1669993.29
"BZ","Belize",2004,136887.14
"BZ","Belize",2005,195614.48
"BZ","Belize",2006,554981.37
"BZ","Belize",2007,427501.28
"BZ","Belize",2008,466285.46
"BZ","Belize",2009,481860.07
"BZ","Belize",2010,453520.83
"BZ","Belize",2011,287671.04
"BZ","Belize",2012,1210964.43
"BZ","Belize",2013,1754429.74
"BZ","Belize",2014,1680703.62
"BZ","Belize",2015,1873453.3
"BJ","Benin",1993,661650.81
"BJ","Benin",1994,632687.96
"BJ","Benin",1995,570296.74
"BJ","Benin",1996,601089.22
"BJ","Benin",1997,646193.62
"BJ","Benin",1998,108196.12
"BJ","Benin",1999,2010044.43
"BJ","Benin",2000,1756011.56
"BJ","Benin",2001,3976570.39
"BJ","Benin",2002,3391601.44
"BJ","Benin",2003,3179875.34
"BJ","Benin",2004,2890691.4
"BJ","Benin",2005,2530726.78
"BJ","Benin",2006,1032232.91
"BJ","Benin",2007,894111.28
"BJ","Benin",2008,790158.61
"BJ","Benin",2009,664634.58
"BJ","Benin",2010,1626474.2
"BJ","Benin",2011,1487394.7
"BJ","Benin",2012,2537193.81
"BJ","Benin",2013,3422364.43
"BJ","Benin",2014,4340404.41
"BJ","Benin",2015,4443271
"BT","Bhutan",1992,2573639.44
"BT","Bhutan",1993,2646603.23
"BT","Bhutan",1994,2530751.84
"BT","Bhutan",1995,2281186.96
"BT","Bhutan",1996,2523212.3
"BT","Bhutan",1997,565098.13
"BT","Bhutan",1998,572816.36
"BT","Bhutan",1999,435987.14
"BT","Bhutan",2000,399667.71
"BT","Bhutan",2001,421020.28
"BT","Bhutan",2002,119804.59
"BT","Bhutan",2003,420614.19
"BT","Bhutan",2004,558536
"BT","Bhutan",2005,632362.5
"BT","Bhutan",2006,2221551.78
"BT","Bhutan",2007,1957519.89
"BT","Bhutan",2008,2649149.16
"BT","Bhutan",2009,2818024.02
"BT","Bhutan",2010,2508520.04
"BT","Bhutan",2011,1234132.66
"BT","Bhutan",2012,1834496.27
"BT","Bhutan",2013,3245876.37
"BT","Bhutan",2014,3443283.72
"BT","Bhutan",2015,3788173
"bilateral-unspecified","Bilateral, unspecified",1992,7347663.41
"bilateral-unspecified","Bilateral, unspecified",1993,12873983.26
"bilateral-unspecified","Bilateral, unspecified",1994,16157181.48
"bilateral-unspecified","Bilateral, unspecified",1995,15765292.18
"bilateral-unspecified","Bilateral, unspecified",1996,23574728.88
"bilateral-unspecified","Bilateral, unspecified",1997,31803596.13
"bilateral-unspecified","Bilateral, unspecified",1998,42227537.35
"bilateral-unspecified","Bilateral, unspecified",1999,60976851.16
"bilateral-unspecified","Bilateral, unspecified",2000,63252863.67
"bilateral-unspecified","Bilateral, unspecified",2001,88109942.07
"bilateral-unspecified","Bilateral, unspecified",2002,87022217.39
"bilateral-unspecified","Bilateral, unspecified",2003,72007999.97
"bilateral-unspecified","Bilateral, unspecified",2004,76911910.02
"bilateral-unspecified","Bilateral, unspecified",2005,97136225.2
"bilateral-unspecified","Bilateral, unspecified",2006,94698459.55
"bilateral-unspecified","Bilateral, unspecified",2007,82493794.44
"bilateral-unspecified","Bilateral, unspecified",2008,103608984.2
"bilateral-unspecified","Bilateral, unspecified",2009,100487113.94
"bilateral-unspecified","Bilateral, unspecified",2010,105245561.36
"bilateral-unspecified","Bilateral, unspecified",2011,115515370.01
"bilateral-unspecified","Bilateral, unspecified",2012,114525714.62
"bilateral-unspecified","Bilateral, unspecified",2013,97080258.41
"bilateral-unspecified","Bilateral, unspecified",2014,117573018.55
"bilateral-unspecified","Bilateral, unspecified",2015,136422111.3
"BO","Bolivia",1993,1243903.52
"BO","Bolivia",1994,1138838.33
"BO","Bolivia",1995,1026534.13
"BO","Bolivia",1996,1081960.6
"BO","Bolivia",1997,1163148.51
"BO","Bolivia",1998,1495448.76
"BO","Bolivia",1999,1273835.78
"BO","Bolivia",2000,5766800.46
"BO","Bolivia",2001,5566443.84
"BO","Bolivia",2002,5561968.76
"BO","Bolivia",2003,4150702.01
"BO","Bolivia",2004,3853164.59
"BO","Bolivia",2005,311736.04
"BO","Bolivia",2006,69277.41
"BO","Bolivia",2009,0
"BO","Bolivia",2010,2349848.84
"BO","Bolivia",2011,2035825.82
"BO","Bolivia",2012,3403739.06
"BO","Bolivia",2013,3351069.31
"BO","Bolivia",2014,4068418.15
"BO","Bolivia",2015,2869702.3
"BA","Bosnia & Herzegovina",2004,73006.51
"BA","Bosnia & Herzegovina",2005,172837.62
"BA","Bosnia & Herzegovina",2006,1935576.56
"BA","Bosnia & Herzegovina",2007,2388982.92
"BA","Bosnia & Herzegovina",2008,2523607.66
"BA","Bosnia & Herzegovina",2009,2866426.5
"BA","Bosnia & Herzegovina",2010,2837630.47
"BA","Bosnia & Herzegovina",2011,887162.44
"BA","Bosnia & Herzegovina",2012,144306.47
"BA","Bosnia & Herzegovina",2013,1188506.93
"BA","Bosnia & Herzegovina",2014,1868940.3
"BA","Bosnia & Herzegovina",2015,2923937.7
"BW","Botswana",1995,133069.62
"BW","Botswana",1996,140254.55
"BW","Botswana",1997,150778.94
"BW","Botswana",2001,168199.95
"BW","Botswana",2002,162300.88
"BW","Botswana",2003,364107.4
"BW","Botswana",2004,202957.96
"BW","Botswana",2005,1611329.71
"BW","Botswana",2006,2157439.42
"BW","Botswana",2007,3107721.67
"BW","Botswana",2008,2603235.43
"BW","Botswana",2009,3022504.54
"BW","Botswana",2010,2404678.34
"BW","Botswana",2011,1502616.48
"BW","Botswana",2012,721030.64
"BW","Botswana",2013,1280035.97
"BW","Botswana",2014,1463675.01
"BW","Botswana",2015,1879868
"BR","Brazil",1992,8074793.76
"BR","Brazil",1993,10087528.22
"BR","Brazil",1994,9645960.64
"BR","Brazil",1995,8694744.09
"BR","Brazil",1996,9765295.49
"BR","Brazil",1997,4119053.93
"BR","Brazil",1998,7289275.48
"BR","Brazil",1999,10105163.67
"BR","Brazil",2000,12943541.05
"BR","Brazil",2001,24706281.8
"BR","Brazil",2002,21968192.44
"BR","Brazil",2003,18350284.69
"BR","Brazil",2004,15831337.22
"BR","Brazil",2005,15552226.05
"BR","Brazil",2006,16709707.03
"BR","Brazil",2007,18178897.2
"BR","Brazil",2008,22055192.66
"BR","Brazil",2009,26177739.86
"BR","Brazil",2010,25872095.19
"BR","Brazil",2011,18682050.4
"BR","Brazil",2012,21234334.42
"BR","Brazil",2013,21372050.65
"BR","Brazil",2014,23614287.88
"BR","Brazil",2015,26908347
"BF","Burkina Faso",1993,661650.81
"BF","Burkina Faso",1994,632687.96
"BF","Burkina Faso",1995,570296.74
"BF","Burkina Faso",1996,601089.22
"BF","Burkina Faso",1997,846421.88
"BF","Burkina Faso",1998,209069.55
"BF","Burkina Faso",1999,205621.98
"BF","Burkina Faso",2000,6219.56
"BF","Burkina Faso",2001,5589549.67
"BF","Burkina Faso",2002,5156165.63
"BF","Burkina Faso",2003,6206546.98
"BF","Burkina Faso",2004,5282712.04
"BF","Burkina Faso",2005,5126599.13
"BF","Burkina Faso",2006,1099778.35
"BF","Burkina Faso",2007,2233016.5
"BF","Burkina Faso",2008,1299464.26
"BF","Burkina Faso",2009,2553135.8
"BF","Burkina Faso",2010,2883724.16
"BF","Burkina Faso",2011,2926912.09
"BF","Burkina Faso",2012,2494351.07
"BF","Burkina Faso",2013,5407921.1
"BF","Burkina Faso",2014,4562716.48
"BF","Burkina Faso",2015,5085986.7
"BI","Burundi",1999,235955.21
"BI","Burundi",2000,249282.62
"BI","Burundi",2001,318355.16
"BI","Burundi",2002,144256.04
"BI","Burundi",2003,282173.61
"BI","Burundi",2004,388248.51
"BI","Burundi",2005,1718478.28
"BI","Burundi",2006,1177715.39
"BI","Burundi",2007,964868.25
"BI","Burundi",2008,918789.08
"BI","Burundi",2009,1268847.22
"BI","Burundi",2010,269163.91
"BI","Burundi",2011,1231771.1
"BI","Burundi",2012,1647955.66
"BI","Burundi",2013,3270904.49
"BI","Burundi",2014,3196095.26
"BI","Burundi",2015,3562636
"KH","Cambodia",1997,140214.97
"KH","Cambodia",1998,294968.37
"KH","Cambodia",1999,290104.33
"KH","Cambodia",2000,889526.7
"KH","Cambodia",2001,773066.19
"KH","Cambodia",2002,3113229.8
"KH","Cambodia",2003,3923057.83
"KH","Cambodia",2004,3188050.79
"KH","Cambodia",2005,3151448.4
"KH","Cambodia",2006,2777336.43
"KH","Cambodia",2007,1276563.15
"KH","Cambodia",2008,1277509.15
"KH","Cambodia",2009,1705487.45
"KH","Cambodia",2010,2471323.81
"KH","Cambodia",2011,1613232.64
"KH","Cambodia",2012,2375819.43
"KH","Cambodia",2013,3358562.98
"KH","Cambodia",2014,4981663.95
"KH","Cambodia",2015,4966980.7
"CM","Cameroon",1994,1681684.6
"CM","Cameroon",1995,1359587.43
"CM","Cameroon",1996,1432996.7
"CM","Cameroon",1997,1669764.3
"CM","Cameroon",1998,1813967.21
"CM","Cameroon",1999,248238.69
"CM","Cameroon",2000,568406.79
"CM","Cameroon",2001,468524.49
"CM","Cameroon",2002,603995.77
"CM","Cameroon",2003,411859.37
"CM","Cameroon",2004,377808.18
"CM","Cameroon",2005,2776023.39
"CM","Cameroon",2006,3805406.05
"CM","Cameroon",2007,3087578.41
"CM","Cameroon",2008,2940125.07
"CM","Cameroon",2009,3582380.36
"CM","Cameroon",2010,2714861.2
"CM","Cameroon",2011,1360140.54
"CM","Cameroon",2012,1453768.9
"CM","Cameroon",2013,3245751.48
"CM","Cameroon",2014,3896762.32
"CM","Cameroon",2015,3495380
"CV","Cape Verde",1997,227223.26
"CV","Cape Verde",1998,236440.24
"CV","Cape Verde",1999,1740011.85
"CV","Cape Verde",2000,1260458.71
"CV","Cape Verde",2001,1377463.35
"CV","Cape Verde",2002,1329153.32
"CV","Cape Verde",2003,2439069.07
"CV","Cape Verde",2004,858322.56
"CV","Cape Verde",2005,930375.13
"CV","Cape Verde",2006,988747.16
"CV","Cape Verde",2007,853734.44
"CV","Cape Verde",2008,92828.02
"CV","Cape Verde",2009,1383769.19
"CV","Cape Verde",2010,1181879.97
"CV","Cape Verde",2011,1470252.16
"CV","Cape Verde",2012,1449980.29
"CV","Cape Verde",2013,1482722.71
"CV","Cape Verde",2014,1631278.31
"CV","Cape Verde",2015,1818359.7
"CF","CAR",1996,601089.22
"CF","CAR",1997,717145.67
"CF","CAR",1998,879778.93
"CF","CAR",1999,865271.33
"CF","CAR",2000,828861.01
"CF","CAR",2001,133342.15
"CF","CAR",2002,345218.6
"CF","CAR",2003,298449.43
"CF","CAR",2004,247857.38
"CF","CAR",2005,70849.05
"CF","CAR",2006,164533.83
"CF","CAR",2007,64324.58
"CF","CAR",2008,61252.64
"CF","CAR",2009,0
"CF","CAR",2011,0
"CF","CAR",2012,566937.7
"CF","CAR",2013,557661.18
"CF","CAR",2014,555613.38
"CF","CAR",2015,2047333.3
"central-asia","Central Asia, regional",1998,6943206.42
"central-asia","Central Asia, regional",1999,5707772.97
"central-asia","Central Asia, regional",2000,5910901.98
"central-asia","Central Asia, regional",2001,6226696.76
"central-asia","Central Asia, regional",2002,6008315.69
"central-asia","Central Asia, regional",2003,328293.98
"central-asia","Central Asia, regional",2004,273774.28
"central-asia","Central Asia, regional",2005,2251521.38
"central-asia","Central Asia, regional",2006,1526121.62
"central-asia","Central Asia, regional",2007,4158527.17
"central-asia","Central Asia, regional",2008,2940072.7
"central-asia","Central Asia, regional",2009,4275758.49
"central-asia","Central Asia, regional",2010,2216377.43
"central-asia","Central Asia, regional",2011,2087164.04
"central-asia","Central Asia, regional",2012,525277.74
"central-asia","Central Asia, regional",2013,867405.99
"central-asia","Central Asia, regional",2014,299038.13
"central-asia","Central Asia, regional",2015,1033333
"TD","Chad",1997,126292.08
"TD","Chad",1998,95266.03
"TD","Chad",1999,99694.91
"TD","Chad",2000,50878.68
"TD","Chad",2001,53596.92
"TD","Chad",2002,268282.82
"TD","Chad",2003,235973.3
"TD","Chad",2004,955654.35
"TD","Chad",2005,2016362.85
"TD","Chad",2006,1772461.6
"TD","Chad",2007,1492329.6
"TD","Chad",2008,1421060.48
"TD","Chad",2009,1139373.56
"TD","Chad",2010,386912.95
"TD","Chad",2011,311247.67
"TD","Chad",2012,1995589.9
"TD","Chad",2013,1984066.74
"TD","Chad",2014,3486497.77
"TD","Chad",2015,3661373.7
"CL","Chile",1993,449922.55
"CL","Chile",1994,430227.81
"CL","Chile",1995,387801.78
"CL","Chile",1996,408740.67
"CL","Chile",1997,590190.6
"CL","Chile",1998,152838.31
"CL","Chile",1999,150318
"CL","Chile",2000,120708.76
"CL","Chile",2001,2813617.97
"CL","Chile",2002,3062960.67
"CL","Chile",2003,2528328.42
"CL","Chile",2004,4715655.42
"CL","Chile",2005,4365695.61
"CL","Chile",2006,2998997.38
"CL","Chile",2007,3649820.65
"CL","Chile",2008,4064618.17
"CL","Chile",2009,2344071.2
"CL","Chile",2010,2833217.45
"CL","Chile",2011,5009711.5
"CL","Chile",2012,4174072.72
"CL","Chile",2013,5738280.08
"CL","Chile",2014,6616863.46
"CL","Chile",2015,6684226
"CN","China",1992,10809285.67
"CN","China",1993,15614959.07
"CN","China",1994,13159909.57
"CN","China",1995,11862172.18
"CN","China",1996,19066550.1
"CN","China",1997,17375112.4
"CN","China",1998,23986289.11
"CN","China",1999,35751102.42
"CN","China",2000,49730749.39
"CN","China",2001,50245372.34
"CN","China",2002,65818341.03
"CN","China",2003,57584436.87
"CN","China",2004,48769420.57
"CN","China",2005,50200691.38
"CN","China",2006,56375500.68
"CN","China",2007,38360125.27
"CN","China",2008,55366651.94
"CN","China",2009,61177029.17
"CN","China",2010,56856092.92
"CN","China",2011,46724698.69
"CN","China",2012,62057962
"CN","China",2013,55929249.28
"CN","China",2014,53920377.95
"CN","China",2015,54629422.3
"CO","Colombia",1992,1544183.67
"CO","Colombia",1993,1587961.94
"CO","Colombia",1994,1518451.1
"CO","Colombia",1995,1368712.17
"CO","Colombia",1996,1442614.13
"CO","Colombia",1997,108991.28
"CO","Colombia",1998,110479.91
"CO","Colombia",1999,600411.72
"CO","Colombia",2000,942898.28
"CO","Colombia",2001,6041630.34
"CO","Colombia",2002,6182372.39
"CO","Colombia",2003,5916157.23
"CO","Colombia",2004,5107624.96
"CO","Colombia",2005,4779563.27
"CO","Colombia",2006,5694599.98
"CO","Colombia",2007,3917365.1
"CO","Colombia",2008,4051859.86
"CO","Colombia",2009,7771477.15
"CO","Colombia",2010,9448955.57
"CO","Colombia",2011,6798199.53
"CO","Colombia",2012,8561619.58
"CO","Colombia",2013,11436437.72
"CO","Colombia",2014,12436137.94
"CO","Colombia",2015,14344588
"KM","Comoros",1996,587143.95
"KM","Comoros",1997,687937.72
"KM","Comoros",1998,697333.73
"KM","Comoros",1999,824985.36
"KM","Comoros",2000,795769.75
"KM","Comoros",2001,151801.62
"KM","Comoros",2003,79586.46
"KM","Comoros",2004,351891.17
"KM","Comoros",2005,341492.2
"KM","Comoros",2006,358233.26
"KM","Comoros",2007,64324.58
"KM","Comoros",2008,367515.36
"KM","Comoros",2009,316492.34
"KM","Comoros",2010,1046465.71
"KM","Comoros",2011,601896.33
"KM","Comoros",2012,615842.86
"KM","Comoros",2013,3175625.46
"KM","Comoros",2014,3044851.22
"KM","Comoros",2015,2714046.7
"CG","Congo",1992,2717763.25
"CG","Congo",1993,2646603.23
"CG","Congo",1994,2530751.84
"CG","Congo",1995,2281186.96
"CG","Congo",1996,2404356.89
"CG","Congo",1997,106777.03
"CG","Congo",1998,108235.42
"CG","Congo",1999,249445.14
"CG","Congo",2000,148083.44
"CG","Congo",2001,155994.92
"CG","Congo",2002,355579.72
"CG","Congo",2003,392567.62
"CG","Congo",2004,360111.41
"CG","Congo",2005,70849.05
"CG","Congo",2007,0
"CG","Congo",2009,0
"CG","Congo",2010,354044.21
"CG","Congo",2011,280295.15
"CG","Congo",2012,286789.87
"CG","Congo",2013,66030.9
"CG","Congo",2014,408187.46
"CG","Congo",2015,1395282
"CK","Cook Islands",1999,87707.34
"CK","Cook Islands",2000,90828.68
"CK","Cook Islands",2001,95681.28
"CK","Cook Islands",2003,79984.35
"CK","Cook Islands",2004,173755.45
"CK","Cook Islands",2005,142052.3
"CK","Cook Islands",2006,69277.41
"CK","Cook Islands",2008,89046.01
"CK","Cook Islands",2009,92020.27
"CK","Cook Islands",2010,91095.84
"CK","Cook Islands",2013,0
"CK","Cook Islands",2014,1244181.67
"CK","Cook Islands",2015,1236865.3
"CR","Costa Rica",1992,2058911.56
"CR","Costa Rica",1993,2990661.65
"CR","Costa Rica",1994,2859749.58
"CR","Costa Rica",1995,2756434.62
"CR","Costa Rica",1996,2905264.97
"CR","Costa Rica",1997,1139756.69
"CR","Costa Rica",1998,2290253.71
"CR","Costa Rica",1999,1887859.83
"CR","Costa Rica",2000,4776756
"CR","Costa Rica",2001,4942938.83
"CR","Costa Rica",2002,4735674.4
"CR","Costa Rica",2003,3187751.29
"CR","Costa Rica",2004,2523804.3
"CR","Costa Rica",2005,908609.57
"CR","Costa Rica",2006,429490.99
"CR","Costa Rica",2007,2264197.47
"CR","Costa Rica",2008,3027410.03
"CR","Costa Rica",2009,3045948.1
"CR","Costa Rica",2010,4132941.4
"CR","Costa Rica",2011,3577768.26
"CR","Costa Rica",2012,2908379.78
"CR","Costa Rica",2013,3396918.15
"CR","Costa Rica",2014,4725484.24
"CR","Costa Rica",2015,4199899
"CI","Côte d'Ivoire",1993,793980.97
"CI","Côte d'Ivoire",1994,759225.55
"CI","Côte d'Ivoire",1995,684356.09
"CI","Côte d'Ivoire",1996,721307.07
"CI","Côte d'Ivoire",1997,877789.41
"CI","Côte d'Ivoire",1998,252575.51
"CI","Côte d'Ivoire",1999,546898.71
"CI","Côte d'Ivoire",2000,460686.09
"CI","Côte d'Ivoire",2001,369900.93
"CI","Côte d'Ivoire",2002,215637.5
"CI","Côte d'Ivoire",2003,269390.52
"CI","Côte d'Ivoire",2004,212622.63
"CI","Côte d'Ivoire",2005,70849.05
"CI","Côte d'Ivoire",2009,482334.81
"CI","Côte d'Ivoire",2010,1095587.89
"CI","Côte d'Ivoire",2011,965330.18
"CI","Côte d'Ivoire",2012,1054112.24
"CI","Côte d'Ivoire",2013,1528615.67
"CI","Côte d'Ivoire",2014,2546610.7
"CI","Côte d'Ivoire",2015,3190674.7
"HR","Croatia",2001,0
"HR","Croatia",2002,0
"HR","Croatia",2003,0
"HR","Croatia",2006,0
"HR","Croatia",2008,0
"CU","Cuba",1992,514727.89
"CU","Cuba",1993,529320.65
"CU","Cuba",1994,506150.37
"CU","Cuba",1995,456237.39
"CU","Cuba",1996,480871.38
"CU","Cuba",1997,88864.55
"CU","Cuba",1998,90078.28
"CU","Cuba",1999,1156663.7
"CU","Cuba",2000,1439653.82
"CU","Cuba",2001,1606395.98
"CU","Cuba",2002,1656027.43
"CU","Cuba",2003,1813001.73
"CU","Cuba",2004,2286198.12
"CU","Cuba",2005,1873248.23
"CU","Cuba",2006,3162408.5
"CU","Cuba",2007,3614653.8
"CU","Cuba",2008,3136317.5
"CU","Cuba",2009,3598993.38
"CU","Cuba",2010,4509695.49
"CU","Cuba",2011,3224753.41
"CU","Cuba",2012,2191020.39
"CU","Cuba",2013,3681706.88
"CU","Cuba",2014,3090117.51
"CU","Cuba",2015,2390864.3
"DJ","Djibouti",1995,212249.62
"DJ","Djibouti",1996,223709.78
"DJ","Djibouti",1997,240496.46
"DJ","Djibouti",1999,133137.99
"DJ","Djibouti",2000,137876.13
"DJ","Djibouti",2001,145242.27
"DJ","Djibouti",2003,149821.44
"DJ","Djibouti",2004,210441.2
"DJ","Djibouti",2005,301639.74
"DJ","Djibouti",2006,138554.81
"DJ","Djibouti",2007,64324.58
"DJ","Djibouti",2009,1122441.52
"DJ","Djibouti",2010,983803.7
"DJ","Djibouti",2011,926448.57
"DJ","Djibouti",2012,362260.51
"DJ","Djibouti",2013,2843324.81
"DJ","Djibouti",2014,3368811.49
"DJ","Djibouti",2015,3755160
"DM","Dominica",1998,115807.44
"DM","Dominica",1999,116968.54
"DM","Dominica",2000,121131.23
"DM","Dominica",2001,3349.95
"DM","Dominica",2003,118810.55
"DM","Dominica",2004,209371.62
"DM","Dominica",2005,268365.4
"DM","Dominica",2006,158991.57
"DM","Dominica",2007,83300.26
"DM","Dominica",2014,551514.19
"DM","Dominica",2015,1290259
"DO","Dominican Republic",1993,793980.97
"DO","Dominican Republic",1994,759225.55
"DO","Dominican Republic",1995,684356.09
"DO","Dominican Republic",1996,721307.07
"DO","Dominican Republic",1997,775432.34
"DO","Dominican Republic",1998,100436.36
"DO","Dominican Republic",1999,249098.16
"DO","Dominican Republic",2000,257963.1
"DO","Dominican Republic",2001,163984.21
"DO","Dominican Republic",2003,39793.17
"DO","Dominican Republic",2004,36503.2
"DO","Dominican Republic",2005,35424.47
"DO","Dominican Republic",2006,1341376.22
"DO","Dominican Republic",2007,1064834.1
"DO","Dominican Republic",2008,1013980.87
"DO","Dominican Republic",2009,1600761.93
"DO","Dominican Republic",2010,1435230.34
"DO","Dominican Republic",2011,566490.66
"DO","Dominican Republic",2012,579616.81
"DO","Dominican Republic",2013,864404.89
"DO","Dominican Republic",2014,811796.05
"DO","Dominican Republic",2015,827758
"CD","DRC",1996,59315.48
"CD","DRC",1997,355225.55
"CD","DRC",1998,2045429.31
"CD","DRC",1999,1984947.85
"CD","DRC",2000,1754679.5
"CD","DRC",2001,1779073.63
"CD","DRC",2002,1758729.89
"CD","DRC",2003,42071.41
"CD","DRC",2004,148102.8
"CD","DRC",2005,106273.52
"CD","DRC",2006,199172.48
"CD","DRC",2007,1846050.3
"CD","DRC",2008,1500627.62
"CD","DRC",2009,3291460.31
"CD","DRC",2010,3007806.52
"CD","DRC",2011,2832453.32
"CD","DRC",2012,1638238.63
"CD","DRC",2013,3784292.53
"CD","DRC",2014,4053884.59
"CD","DRC",2015,4409893.3
"EC","Ecuador",1993,2322394.34
"EC","Ecuador",1994,1822141.33
"EC","Ecuador",1995,1642454.61
"EC","Ecuador",1996,1731136.96
"EC","Ecuador",1997,1861037.61
"EC","Ecuador",1998,126331.38
"EC","Ecuador",1999,963766.61
"EC","Ecuador",2000,1431559.88
"EC","Ecuador",2001,7678844.82
"EC","Ecuador",2002,12135421.47
"EC","Ecuador",2003,8500944.69
"EC","Ecuador",2004,7303494.75
"EC","Ecuador",2005,7087664.36
"EC","Ecuador",2006,3073421.33
"EC","Ecuador",2007,14473.02
"EC","Ecuador",2008,1695165.86
"EC","Ecuador",2009,3121825.63
"EC","Ecuador",2010,4419538.37
"EC","Ecuador",2011,4006982.31
"EC","Ecuador",2012,4771372.1
"EC","Ecuador",2013,6854466.3
"EC","Ecuador",2014,6845646.7
"EC","Ecuador",2015,6166918.3
"EG","Egypt",1993,3453817.22
"EG","Egypt",1994,2340945.45
"EG","Egypt",1995,2262937.46
"EG","Egypt",1996,2385122.03
"EG","Egypt",1997,2688165.44
"EG","Egypt",1998,131877.26
"EG","Egypt",1999,129702.6
"EG","Egypt",2000,360524.55
"EG","Egypt",2001,2158400.8
"EG","Egypt",2002,1852134.51
"EG","Egypt",2003,1569723.12
"EG","Egypt",2004,1209972.81
"EG","Egypt",2005,12874930.45
"EG","Egypt",2006,10733870.7
"EG","Egypt",2007,12409990.73
"EG","Egypt",2008,13052348.05
"EG","Egypt",2009,14464853.4
"EG","Egypt",2010,9425744.7
"EG","Egypt",2011,8470540.16
"EG","Egypt",2012,6940035.85
"EG","Egypt",2013,5612358.79
"EG","Egypt",2014,7546510.85
"EG","Egypt",2015,5085804
"SV","El Salvador",1997,223109.59
"SV","El Salvador",1998,575501.03
"SV","El Salvador",1999,533800.08
"SV","El Salvador",2000,366929.98
"SV","El Salvador",2001,152270.57
"SV","El Salvador",2002,146930.17
"SV","El Salvador",2003,89534.72
"SV","El Salvador",2004,67531.03
"SV","El Salvador",2005,65535.37
"SV","El Salvador",2006,1616171.85
"SV","El Salvador",2007,1103423.33
"SV","El Salvador",2008,1050727.2
"SV","El Salvador",2009,1242953.06
"SV","El Salvador",2010,2087520.18
"SV","El Salvador",2011,970034.71
"SV","El Salvador",2012,1105197.31
"SV","El Salvador",2013,764022.54
"SV","El Salvador",2014,1015997.7
"SV","El Salvador",2015,588274
"GQ","Equatorial Guinea",1997,127515.58
"GQ","Equatorial Guinea",1998,129257.22
"GQ","Equatorial Guinea",1999,127125.76
"GQ","Equatorial Guinea",2009,383243.49
"GQ","Equatorial Guinea",2010,332396.46
"GQ","Equatorial Guinea",2011,313017.96
"GQ","Equatorial Guinea",2012,320270.89
"GQ","Equatorial Guinea",2013,378449.7
"GQ","Equatorial Guinea",2014,59807.72
"GQ","Equatorial Guinea",2015,917260.7
"ER","Eritrea",1997,249365.73
"ER","Eritrea",1998,1967612.6
"ER","Eritrea",1999,1533432.12
"ER","Eritrea",2000,1330553.38
"ER","Eritrea",2001,1401639.28
"ER","Eritrea",2002,1429337.21
"ER","Eritrea",2003,255870.42
"ER","Eritrea",2004,979504.58
"ER","Eritrea",2005,555575.32
"ER","Eritrea",2006,405389.01
"ER","Eritrea",2007,487848.97
"ER","Eritrea",2008,1782094.33
"ER","Eritrea",2009,1281320.51
"ER","Eritrea",2010,1611056.37
"ER","Eritrea",2011,1472875.72
"ER","Eritrea",2012,2707535.04
"ER","Eritrea",2013,1511748.07
"ER","Eritrea",2014,1557033.31
"ER","Eritrea",2015,1305600
"ET","Ethiopia",1993,650085.15
"ET","Ethiopia",1994,621628.57
"ET","Ethiopia",1995,560327.95
"ET","Ethiopia",1996,590582.18
"ET","Ethiopia",1997,726748.11
"ET","Ethiopia",1998,93104.47
"ET","Ethiopia",1999,234125.63
"ET","Ethiopia",2000,774745.79
"ET","Ethiopia",2001,661523.98
"ET","Ethiopia",2002,488260.42
"ET","Ethiopia",2003,825708.67
"ET","Ethiopia",2004,2118647.49
"ET","Ethiopia",2005,1375887.43
"ET","Ethiopia",2006,1024612.33
"ET","Ethiopia",2007,3314792.34
"ET","Ethiopia",2008,5969985.51
"ET","Ethiopia",2009,5444674.1
"ET","Ethiopia",2010,5149038.6
"ET","Ethiopia",2011,6342511.78
"ET","Ethiopia",2012,6993097.69
"ET","Ethiopia",2013,5695428.46
"ET","Ethiopia",2014,6220791.9
"ET","Ethiopia",2015,6934216.7
"europe","Europe, regional",1993,2644949.11
"europe","Europe, regional",1994,2529170.12
"europe","Europe, regional",1995,2279761.21
"europe","Europe, regional",1996,2402854.16
"europe","Europe, regional",1997,4492014.91
"europe","Europe, regional",1998,2937107.32
"europe","Europe, regional",1999,2489259
"europe","Europe, regional",2000,2577847.1
"europe","Europe, regional",2001,2715570.69
"europe","Europe, regional",2002,4467474.31
"europe","Europe, regional",2003,2148833.35
"europe","Europe, regional",2004,4599407.9
"europe","Europe, regional",2005,5738769.98
"europe","Europe, regional",2006,6861577.32
"europe","Europe, regional",2007,6230154.3
"europe","Europe, regional",2008,7093357.69
"europe","Europe, regional",2009,6275416.05
"europe","Europe, regional",2010,4238500.37
"europe","Europe, regional",2011,2964339.42
"europe","Europe, regional",2012,2580200.47
"europe","Europe, regional",2013,2646339.54
"europe","Europe, regional",2014,3010046.11
"europe","Europe, regional",2015,3355250
"east-asia","Far East Asia, regional",1994,2562386.24
"east-asia","Far East Asia, regional",1995,2281186.96
"east-asia","Far East Asia, regional",1996,2404356.89
"east-asia","Far East Asia, regional",1997,2584774.46
"east-asia","Far East Asia, regional",1998,2620077.89
"east-asia","Far East Asia, regional",1999,6092384.1
"east-asia","Far East Asia, regional",2000,9321665.89
"east-asia","Far East Asia, regional",2001,18950705.63
"east-asia","Far East Asia, regional",2002,18709162.66
"east-asia","Far East Asia, regional",2003,16894842.86
"east-asia","Far East Asia, regional",2004,13320990.24
"east-asia","Far East Asia, regional",2005,11860346.74
"east-asia","Far East Asia, regional",2006,6282764.87
"east-asia","Far East Asia, regional",2007,4365063.97
"east-asia","Far East Asia, regional",2008,9262526.84
"east-asia","Far East Asia, regional",2009,10411245.22
"east-asia","Far East Asia, regional",2010,10591142.83
"east-asia","Far East Asia, regional",2011,8646306.28
"east-asia","Far East Asia, regional",2012,9220230.92
"east-asia","Far East Asia, regional",2013,5753282.63
"east-asia","Far East Asia, regional",2014,8175350.73
"east-asia","Far East Asia, regional",2015,8842932
"FJ","Fiji",1997,85265.25
"FJ","Fiji",1998,86429.82
"FJ","Fiji",1999,426277.45
"FJ","Fiji",2000,334084.27
"FJ","Fiji",2001,351933
"FJ","Fiji",2002,173603.7
"FJ","Fiji",2003,152805.93
"FJ","Fiji",2004,226867.66
"FJ","Fiji",2005,181550.66
"FJ","Fiji",2006,151544.32
"FJ","Fiji",2007,64324.58
"FJ","Fiji",2009,0
"FJ","Fiji",2010,328978.84
"FJ","Fiji",2011,287671.04
"FJ","Fiji",2012,294336.66
"FJ","Fiji",2013,590185.31
"FJ","Fiji",2014,2129425.44
"FJ","Fiji",2015,2123636.3
"GA","Gabon",1992,257363.94
"GA","Gabon",1993,264660.32
"GA","Gabon",1994,253075.18
"GA","Gabon",1995,228118.7
"GA","Gabon",1996,240435.69
"GA","Gabon",1998,106964.68
"GA","Gabon",1999,242397.39
"GA","Gabon",2000,251023.87
"GA","Gabon",2001,149669.83
"GA","Gabon",2003,207919.09
"GA","Gabon",2004,190729.01
"GA","Gabon",2005,185092.65
"GA","Gabon",2006,2454150.94
"GA","Gabon",2007,1994061.09
"GA","Gabon",2008,1898830.8
"GA","Gabon",2009,2218326.14
"GA","Gabon",2010,2149043.92
"GA","Gabon",2011,253472.71
"GA","Gabon",2012,66414.4
"GA","Gabon",2013,66030.9
"GA","Gabon",2014,1765104.23
"GA","Gabon",2015,2315947
"GM","Gambia",1997,164090.14
"GM","Gambia",1998,172423
"GM","Gambia",1999,169579.74
"GM","Gambia",2000,6204.45
"GM","Gambia",2001,90425.27
"GM","Gambia",2002,630217.52
"GM","Gambia",2003,583348.44
"GM","Gambia",2004,536980.76
"GM","Gambia",2005,326277.34
"GM","Gambia",2006,268138.03
"GM","Gambia",2008,1051400.67
"GM","Gambia",2009,1314393.68
"GM","Gambia",2010,2003602.38
"GM","Gambia",2011,1652237.29
"GM","Gambia",2012,1409769.37
"GM","Gambia",2013,2063438.91
"GM","Gambia",2014,4376084.47
"GM","Gambia",2015,4426315
"GE","Georgia",1997,191703.67
"GE","Georgia",1998,194322.01
"GE","Georgia",1999,3218943.02
"GE","Georgia",2000,3736010.68
"GE","Georgia",2001,3900470.74
"GE","Georgia",2002,3763674.45
"GE","Georgia",2003,4739052.58
"GE","Georgia",2004,1944580.38
"GE","Georgia",2005,1329178.83
"GE","Georgia",2006,1093697.81
"GE","Georgia",2007,1015506.47
"GE","Georgia",2008,506752.33
"GE","Georgia",2009,619434.39
"GE","Georgia",2010,1286834.28
"GE","Georgia",2011,863012.23
"GE","Georgia",2012,622291.74
"GE","Georgia",2013,1379609.74
"GE","Georgia",2014,2001028.6
"GE","Georgia",2015,2538549.7
"GH","Ghana",1992,1853020.4
"GH","Ghana",1993,1905554.33
"GH","Ghana",1994,1822141.33
"GH","Ghana",1995,1642454.61
"GH","Ghana",1996,1731136.96
"GH","Ghana",1997,715207.09
"GH","Ghana",1998,3053683.36
"GH","Ghana",1999,2971117.06
"GH","Ghana",2000,3308129.96
"GH","Ghana",2001,6087638.04
"GH","Ghana",2002,4980708.3
"GH","Ghana",2003,2131722.66
"GH","Ghana",2004,2311677.42
"GH","Ghana",2005,2067303.36
"GH","Ghana",2006,372642.98
"GH","Ghana",2007,3095876.27
"GH","Ghana",2008,5303189.04
"GH","Ghana",2009,5865039.33
"GH","Ghana",2010,6593958.78
"GH","Ghana",2011,6476553.21
"GH","Ghana",2012,5233016.97
"GH","Ghana",2013,3456581.63
"GH","Ghana",2014,2806936.78
"GH","Ghana",2015,2440666.3
"GD","Grenada",1998,58305.51
"GD","Grenada",1999,136527.09
"GD","Grenada",2000,496240.1
"GD","Grenada",2001,425125.54
"GD","Grenada",2002,419994.42
"GD","Grenada",2003,121767.22
"GD","Grenada",2004,212083.85
"GD","Grenada",2005,106273.52
"GD","Grenada",2006,69277.41
"GD","Grenada",2009,0
"GD","Grenada",2012,0
"GD","Grenada",2013,635997.6
"GD","Grenada",2014,543950.61
"GD","Grenada",2015,606333
"GT","Guatemala",1996,961742.75
"GT","Guatemala",1997,1266841.52
"GT","Guatemala",1998,1284144.32
"GT","Guatemala",1999,1262968.72
"GT","Guatemala",2000,1625890.33
"GT","Guatemala",2001,518016.19
"GT","Guatemala",2002,999502.03
"GT","Guatemala",2003,499484.73
"GT","Guatemala",2004,697905.72
"GT","Guatemala",2005,510715.14
"GT","Guatemala",2006,1055336.88
"GT","Guatemala",2007,743495.35
"GT","Guatemala",2008,1921514.15
"GT","Guatemala",2009,1450284.87
"GT","Guatemala",2010,1435715.35
"GT","Guatemala",2011,1008418
"GT","Guatemala",2012,2161130.27
"GT","Guatemala",2013,2400595.81
"GT","Guatemala",2014,3051839.39
"GT","Guatemala",2015,3025336.3
"GN","Guinea",1997,148883.01
"GN","Guinea",1998,254178.12
"GN","Guinea",1999,249986.71
"GN","Guinea",2000,638888.89
"GN","Guinea",2001,562229.96
"GN","Guinea",2002,587720.83
"GN","Guinea",2003,600877.43
"GN","Guinea",2004,1787198.5
"GN","Guinea",2005,2455272.58
"GN","Guinea",2006,3782890.97
"GN","Guinea",2007,3978795.08
"GN","Guinea",2008,3727527.31
"GN","Guinea",2009,4113043.6
"GN","Guinea",2010,2990793.61
"GN","Guinea",2011,1577233.93
"GN","Guinea",2012,627341.92
"GN","Guinea",2013,1617130.46
"GN","Guinea",2014,1495052.52
"GN","Guinea",2015,1507814
"GW","Guinea-Bissau",1997,233094.96
"GW","Guinea-Bissau",1998,236278.62
"GW","Guinea-Bissau",1999,232382.38
"GW","Guinea-Bissau",2001,6559.35
"GW","Guinea-Bissau",2002,115057.71
"GW","Guinea-Bissau",2003,101273.76
"GW","Guinea-Bissau",2004,1595374.06
"GW","Guinea-Bissau",2005,1250768.85
"GW","Guinea-Bissau",2006,1223023.11
"GW","Guinea-Bissau",2007,1071261.38
"GW","Guinea-Bissau",2008,1303149.52
"GW","Guinea-Bissau",2009,1718555.78
"GW","Guinea-Bissau",2010,2575434.99
"GW","Guinea-Bissau",2011,1970915.73
"GW","Guinea-Bissau",2012,1729793.93
"GW","Guinea-Bissau",2013,2240597.79
"GW","Guinea-Bissau",2014,1765169.72
"GW","Guinea-Bissau",2015,1097606.3
"GY","Guyana",1992,772091.83
"GY","Guyana",1993,793980.97
"GY","Guyana",1994,759225.55
"GY","Guyana",1995,684356.09
"GY","Guyana",1996,721307.07
"GY","Guyana",1998,121964.63
"GY","Guyana",1999,119953.42
"GY","Guyana",2000,124222.34
"GY","Guyana",2005,70849.05
"GY","Guyana",2006,69277.41
"GY","Guyana",2007,64324.58
"GY","Guyana",2008,781583.28
"GY","Guyana",2009,807689.29
"GY","Guyana",2010,915500.83
"GY","Guyana",2011,781874.84
"GY","Guyana",2012,799991.65
"GY","Guyana",2013,900421.76
"GY","Guyana",2014,1178402.21
"GY","Guyana",2015,1380212.7
"HT","Haiti",1998,267248.34
"HT","Haiti",1999,262841.4
"HT","Haiti",2000,272195.44
"HT","Haiti",2003,267475.67
"HT","Haiti",2004,245361.66
"HT","Haiti",2005,238110.81
"HT","Haiti",2006,90060.62
"HT","Haiti",2007,59500.24
"HT","Haiti",2008,56658.69
"HT","Haiti",2009,2528201.56
"HT","Haiti",2010,2416641.89
"HT","Haiti",2011,2275753.2
"HT","Haiti",2012,2528090.2
"HT","Haiti",2013,2213351.93
"HT","Haiti",2014,2516477.49
"HT","Haiti",2015,2805077
"HN","Honduras",1997,140008.19
"HN","Honduras",1998,2478156.53
"HN","Honduras",1999,2050760.7
"HN","Honduras",2000,1979195.88
"HN","Honduras",2001,2014657.3
"HN","Honduras",2002,1943999.76
"HN","Honduras",2003,39793.17
"HN","Honduras",2004,2707237.12
"HN","Honduras",2005,1928482.19
"HN","Honduras",2006,2737814.45
"HN","Honduras",2007,1935821.93
"HN","Honduras",2008,1843372.97
"HN","Honduras",2009,963397.31
"HN","Honduras",2010,1748310.1
"HN","Honduras",2011,1071042.65
"HN","Honduras",2012,2481850.37
"HN","Honduras",2013,2730035.55
"HN","Honduras",2014,3279080.22
"HN","Honduras",2015,3006350
"IN","India",1992,8621692.14
"IN","India",1993,10983403.42
"IN","India",1994,10502620.14
"IN","India",1995,9466925.87
"IN","India",1996,14441769.63
"IN","India",1997,6591174.87
"IN","India",1998,8081717.16
"IN","India",1999,9236885.56
"IN","India",2000,14120962.48
"IN","India",2001,8205840.38
"IN","India",2002,7918047.3
"IN","India",2003,5726322.13
"IN","India",2004,6015806.19
"IN","India",2005,4147557.53
"IN","India",2006,4734817.45
"IN","India",2007,16309862.77
"IN","India",2008,22847610.21
"IN","India",2009,27523172.26
"IN","India",2010,36198274.99
"IN","India",2011,34522411.03
"IN","India",2012,25419156.05
"IN","India",2013,34909609.93
"IN","India",2014,32690833.09
"IN","India",2015,31607334
"ID","Indonesia",1993,3969904.85
"ID","Indonesia",1994,1822141.33
"ID","Indonesia",1995,1642454.61
"ID","Indonesia",1996,11901566.58
"ID","Indonesia",1997,11631485.07
"ID","Indonesia",1998,13409646.05
"ID","Indonesia",1999,12827758.11
"ID","Indonesia",2000,13831592.97
"ID","Indonesia",2001,7003200.01
"ID","Indonesia",2002,9358521.73
"ID","Indonesia",2003,4530397.64
"ID","Indonesia",2004,3925047.1
"ID","Indonesia",2005,4003961.07
"ID","Indonesia",2006,2352243.89
"ID","Indonesia",2007,2606705.44
"ID","Indonesia",2008,5449134.09
"ID","Indonesia",2009,5970873.84
"ID","Indonesia",2010,5872857.84
"ID","Indonesia",2011,5646639.96
"ID","Indonesia",2012,7317871.48
"ID","Indonesia",2013,9157983.49
"ID","Indonesia",2014,11428676.56
"ID","Indonesia",2015,14676887
"IR","Iran",1993,529320.65
"IR","Iran",1994,506150.37
"IR","Iran",1995,456237.39
"IR","Iran",1996,480871.38
"IR","Iran",1997,818510.19
"IR","Iran",1998,305674.01
"IR","Iran",1999,300633.43
"IR","Iran",2001,748506.58
"IR","Iran",2002,970689.65
"IR","Iran",2003,854400.73
"IR","Iran",2004,1300281.74
"IR","Iran",2005,1706221.33
"IR","Iran",2006,1464696.84
"IR","Iran",2007,1359981.8
"IR","Iran",2008,1908012.54
"IR","Iran",2009,2167335.37
"IR","Iran",2010,1548387.78
"IR","Iran",2011,3308063.83
"IR","Iran",2012,3638297.31
"IR","Iran",2013,2863036.84
"IR","Iran",2014,2077415.81
"IR","Iran",2015,2315662
"IQ","Iraq",2011,0
"IQ","Iraq",2012,111203.11
"IQ","Iraq",2013,583692.1
"IQ","Iraq",2014,937513.93
"IQ","Iraq",2015,922243.7
"JM","Jamaica",1994,1121123.07
"JM","Jamaica",1995,866851.04
"JM","Jamaica",1996,913655.62
"JM","Jamaica",1997,982214.29
"JM","Jamaica",1998,1181485.61
"JM","Jamaica",1999,182791.24
"JM","Jamaica",2000,189296.44
"JM","Jamaica",2003,245338.27
"JM","Jamaica",2004,197677.08
"JM","Jamaica",2005,191835.39
"JM","Jamaica",2008,66955.19
"JM","Jamaica",2009,886328.47
"JM","Jamaica",2010,736668.5
"JM","Jamaica",2011,1073736.14
"JM","Jamaica",2012,1749220.15
"JM","Jamaica",2013,1602795.75
"JM","Jamaica",2014,1461336.5
"JM","Jamaica",2015,2147257.3
"JO","Jordan",1993,1667360.04
"JO","Jordan",1994,1594373.66
"JO","Jordan",1995,1529155.69
"JO","Jordan",1996,2615539.6
"JO","Jordan",1997,3885519.17
"JO","Jordan",1998,1911303.2
"JO","Jordan",1999,1879785.71
"JO","Jordan",2000,1946683.78
"JO","Jordan",2001,1250680.54
"JO","Jordan",2002,292278.11
"JO","Jordan",2003,2346406.28
"JO","Jordan",2004,1769129.07
"JO","Jordan",2005,1487828.94
"JO","Jordan",2006,1039160.58
"JO","Jordan",2007,3984905.88
"JO","Jordan",2008,2538920.2
"JO","Jordan",2009,5045525.91
"JO","Jordan",2010,6108354.05
"JO","Jordan",2011,5187225.77
"JO","Jordan",2012,3611234.36
"JO","Jordan",2013,2763704.39
"JO","Jordan",2014,1895016.39
"JO","Jordan",2015,1782010.6
"KZ","Kazakhstan",1996,53161.89
"KZ","Kazakhstan",1997,57151.04
"KZ","Kazakhstan",1998,57931.63
"KZ","Kazakhstan",2001,5616241.53
"KZ","Kazakhstan",2002,4833358.09
"KZ","Kazakhstan",2003,5947919.37
"KZ","Kazakhstan",2004,5956588.05
"KZ","Kazakhstan",2005,5272608.31
"KZ","Kazakhstan",2006,3612018.26
"KZ","Kazakhstan",2007,3587515.24
"KZ","Kazakhstan",2008,2472590.06
"KZ","Kazakhstan",2009,3590742.42
"KZ","Kazakhstan",2010,4296000.24
"KZ","Kazakhstan",2011,5413408.68
"KZ","Kazakhstan",2012,7653055.1
"KZ","Kazakhstan",2013,8236303.95
"KZ","Kazakhstan",2014,9125901.17
"KZ","Kazakhstan",2015,9035462
"KE","Kenya",1992,2296973.2
"KE","Kenya",1993,1640894
"KE","Kenya",1994,1569066.14
"KE","Kenya",1995,1414335.91
"KE","Kenya",1996,1490701.27
"KE","Kenya",1997,67634.89
"KE","Kenya",1998,68558.66
"KE","Kenya",1999,1005667.47
"KE","Kenya",2000,1607641.25
"KE","Kenya",2001,1658391.43
"KE","Kenya",2002,1853233.1
"KE","Kenya",2003,1629646.44
"KE","Kenya",2004,1034095.72
"KE","Kenya",2005,3635257.74
"KE","Kenya",2006,6547032.76
"KE","Kenya",2007,6394953.8
"KE","Kenya",2008,8188741.71
"KE","Kenya",2009,8343762.65
"KE","Kenya",2010,6214006.08
"KE","Kenya",2011,2837894.28
"KE","Kenya",2012,3586988
"KE","Kenya",2013,2658681.98
"KE","Kenya",2014,2712693.12
"KE","Kenya",2015,4180718
"KI","Kiribati",1998,86807.5
"KI","Kiribati",1999,85376.04
"KI","Kiribati",2000,94107.39
"KI","Kiribati",2001,5997.12
"KI","Kiribati",2002,5786.79
"KI","Kiribati",2003,237565.46
"KI","Kiribati",2004,290930.84
"KI","Kiribati",2005,379750.78
"KI","Kiribati",2006,615633.44
"KI","Kiribati",2007,411677.15
"KI","Kiribati",2008,330764.07
"KI","Kiribati",2009,642480.41
"KI","Kiribati",2010,1494503.86
"KI","Kiribati",2011,1088724.24
"KI","Kiribati",2012,845274.22
"KI","Kiribati",2013,711933.77
"KI","Kiribati",2014,1526505.38
"KI","Kiribati",2015,1101571
"XK","Kosovo",2015,333333
"KG","Kyrgyzstan",1997,46525.94
"KG","Kyrgyzstan",1998,47161.4
"KG","Kyrgyzstan",1999,46383.71
"KG","Kyrgyzstan",2001,155550.76
"KG","Kyrgyzstan",2002,150095.32
"KG","Kyrgyzstan",2003,248309.99
"KG","Kyrgyzstan",2004,288375.54
"KG","Kyrgyzstan",2005,634098.27
"KG","Kyrgyzstan",2006,518887.17
"KG","Kyrgyzstan",2007,804056.56
"KG","Kyrgyzstan",2008,1690572.83
"KG","Kyrgyzstan",2009,2163228.88
"KG","Kyrgyzstan",2010,2075701.38
"KG","Kyrgyzstan",2011,848261.35
"KG","Kyrgyzstan",2012,443769.39
"KG","Kyrgyzstan",2013,3139309.02
"KG","Kyrgyzstan",2014,3263027.51
"KG","Kyrgyzstan",2015,3197244
"LA","Lao",1992,1286819.72
"LA","Lao",1993,1323301.62
"LA","Lao",1994,1265375.92
"LA","Lao",1995,1140593.48
"LA","Lao",1996,1327605.33
"LA","Lao",1997,134838.64
"LA","Lao",1998,461569.95
"LA","Lao",1999,319532.21
"LA","Lao",2000,330903.77
"LA","Lao",2002,270283.74
"LA","Lao",2003,237903.67
"LA","Lao",2004,391625.02
"LA","Lao",2005,1926747.81
"LA","Lao",2006,1515104.86
"LA","Lao",2007,1278136.85
"LA","Lao",2008,918789.08
"LA","Lao",2009,1422635.12
"LA","Lao",2010,2206948.9
"LA","Lao",2011,2210219.97
"LA","Lao",2012,2770106.49
"LA","Lao",2013,3969806.45
"LA","Lao",2014,4282537.78
"LA","Lao",2015,4525106
"LB","Lebanon",1996,753204.83
"LB","Lebanon",1997,834709.75
"LB","Lebanon",1998,850258.86
"LB","Lebanon",1999,710572.6
"LB","Lebanon",2000,1578686.73
"LB","Lebanon",2001,1049495.82
"LB","Lebanon",2002,1012688.18
"LB","Lebanon",2003,1211901.78
"LB","Lebanon",2004,1011321.86
"LB","Lebanon",2005,258775.7
"LB","Lebanon",2008,600276.15
"LB","Lebanon",2009,620326.24
"LB","Lebanon",2010,936180.72
"LB","Lebanon",2011,791712.3
"LB","Lebanon",2012,801000.55
"LB","Lebanon",2013,913868.66
"LB","Lebanon",2014,1568274.17
"LB","Lebanon",2015,3017660
"LS","Lesotho",1997,200096.44
"LS","Lesotho",1998,885883.71
"LS","Lesotho",1999,839064.53
"LS","Lesotho",2000,662341.25
"LS","Lesotho",2001,744579.83
"LS","Lesotho",2002,939516.53
"LS","Lesotho",2003,309968.73
"LS","Lesotho",2004,348222.27
"LS","Lesotho",2005,1009598.42
"LS","Lesotho",2006,588857.7
"LS","Lesotho",2007,482434.13
"LS","Lesotho",2008,834076.73
"LS","Lesotho",2009,814462.2
"LS","Lesotho",2010,960369.12
"LS","Lesotho",2011,860123.13
"LS","Lesotho",2012,1811782.27
"LS","Lesotho",2013,1152949.27
"LS","Lesotho",2014,3353976.52
"LS","Lesotho",2015,3314169
"LR","Liberia",2002,115735.76
"LR","Liberia",2003,249901.32
"LR","Liberia",2004,398980.35
"LR","Liberia",2005,641892.05
"LR","Liberia",2006,472818.06
"LR","Liberia",2007,608831.87
"LR","Liberia",2008,229697.27
"LR","Liberia",2009,782268.91
"LR","Liberia",2010,1565497.22
"LR","Liberia",2011,1820585.66
"LR","Liberia",2012,1538560.23
"LR","Liberia",2013,2879708.42
"LR","Liberia",2014,2779422.26
"LR","Liberia",2015,2487872.3
"LY","Libya",2005,70849.05
"LY","Libya",2009,0
"LY","Libya",2010,0
"LY","Libya",2013,0
"MK","Macedonia",1999,148170.18
"MK","Macedonia",2000,887302.44
"MK","Macedonia",2001,1092366.42
"MK","Macedonia",2002,1122773.82
"MK","Macedonia",2003,807365.16
"MK","Macedonia",2004,617781.08
"MK","Macedonia",2005,104643.92
"MK","Macedonia",2006,1506782.84
"MK","Macedonia",2007,1061355.08
"MK","Macedonia",2008,1649532.36
"MK","Macedonia",2009,1663801.57
"MK","Macedonia",2010,1774605.85
"MK","Macedonia",2011,120084.51
"MK","Macedonia",2012,236073.4
"MK","Macedonia",2013,547290.75
"MK","Macedonia",2014,1146348.28
"MK","Macedonia",2015,1052816
"MG","Madagascar",1997,6033294.38
"MG","Madagascar",1998,5465045.8
"MG","Madagascar",1999,5525244.91
"MG","Madagascar",2000,5710759.02
"MG","Madagascar",2001,6011175.75
"MG","Madagascar",2002,11302.32
"MG","Madagascar",2003,596499.82
"MG","Madagascar",2004,3576951.89
"MG","Madagascar",2005,3530051.74
"MG","Madagascar",2006,2941170.9
"MG","Madagascar",2007,2666574.26
"MG","Madagascar",2008,4271900.38
"MG","Madagascar",2009,2948135.44
"MG","Madagascar",2010,4657040.13
"MG","Madagascar",2011,4058035.51
"MG","Madagascar",2012,3966752.57
"MG","Madagascar",2013,4045239.02
"MG","Madagascar",2014,5119511.72
"MG","Madagascar",2015,3577547.4
"MW","Malawi",1992,1286819.72
"MW","Malawi",1993,1323301.62
"MW","Malawi",1994,1265375.92
"MW","Malawi",1995,1140593.48
"MW","Malawi",1996,1202178.44
"MW","Malawi",1997,207919.26
"MW","Malawi",1998,215562.55
"MW","Malawi",1999,212007.91
"MW","Malawi",2000,2720705.02
"MW","Malawi",2001,2348153.41
"MW","Malawi",2002,2311008.84
"MW","Malawi",2003,2311309.02
"MW","Malawi",2004,2219579.31
"MW","Malawi",2005,316588.81
"MW","Malawi",2006,68307.45
"MW","Malawi",2008,1564625.5
"MW","Malawi",2009,2648154.15
"MW","Malawi",2010,2311864.29
"MW","Malawi",2011,2138727.96
"MW","Malawi",2012,3124667.15
"MW","Malawi",2013,5055183.84
"MW","Malawi",2014,4632918.72
"MW","Malawi",2015,5164240
"MY","Malaysia",1995,178693.36
"MY","Malaysia",1996,188341.69
"MY","Malaysia",1997,218306.17
"MY","Malaysia",1998,16047.98
"MY","Malaysia",1999,1897055.01
"MY","Malaysia",2000,3972739.91
"MY","Malaysia",2001,3736186.73
"MY","Malaysia",2002,4724082.29
"MY","Malaysia",2003,4345891.29
"MY","Malaysia",2004,3097839.21
"MY","Malaysia",2005,3261891.35
"MY","Malaysia",2006,2931998.54
"MY","Malaysia",2007,1950487.64
"MY","Malaysia",2008,1689865.09
"MY","Malaysia",2009,2212629.27
"MY","Malaysia",2010,1799984.21
"MY","Malaysia",2011,3487458.15
"MY","Malaysia",2012,3544115.28
"MY","Malaysia",2013,6654416.89
"MY","Malaysia",2014,8362573.57
"MY","Malaysia",2015,8663293.3
"MV","Maldives",1995,380197.45
"MV","Maldives",1996,400725.75
"MV","Maldives",1997,495707.66
"MV","Maldives",1998,65798.93
"MV","Maldives",1999,64713.91
"MV","Maldives",2000,5428.78
"MV","Maldives",2001,5718.82
"MV","Maldives",2002,5518.25
"MV","Maldives",2003,995649.99
"MV","Maldives",2004,878654.9
"MV","Maldives",2005,799552.43
"MV","Maldives",2006,781816
"MV","Maldives",2007,597272.75
"MV","Maldives",2008,133224.42
"MV","Maldives",2010,855344.98
"MV","Maldives",2011,1239327.56
"MV","Maldives",2012,1268044.01
"MV","Maldives",2013,2150638.46
"MV","Maldives",2014,1588192.82
"MV","Maldives",2015,920333
"ML","Mali",1993,661650.81
"ML","Mali",1994,632687.96
"ML","Mali",1995,570296.74
"ML","Mali",1996,601089.22
"ML","Mali",1997,754831.69
"ML","Mali",1998,157239.65
"ML","Mali",1999,154646.76
"ML","Mali",2000,47989.99
"ML","Mali",2001,46852.45
"ML","Mali",2002,1857876.05
"ML","Mali",2003,3158824.77
"ML","Mali",2004,4154981.03
"ML","Mali",2005,3717801.98
"ML","Mali",2006,3639989.04
"ML","Mali",2007,2254076.97
"ML","Mali",2008,3031529.24
"ML","Mali",2009,1935131.04
"ML","Mali",2010,3324219.31
"ML","Mali",2011,2940112.8
"ML","Mali",2012,4534432.6
"ML","Mali",2013,2764432.26
"ML","Mali",2014,4193804.1
"ML","Mali",2015,4419262
"MH","Marshall Islands",1997,99083.06
"MH","Marshall Islands",1998,100436.36
"MH","Marshall Islands",1999,98780.16
"MH","Marshall Islands",2002,99460.41
"MH","Marshall Islands",2003,225389.1
"MH","Marshall Islands",2004,206754.66
"MH","Marshall Islands",2005,220128.27
"MH","Marshall Islands",2006,69277.41
"MH","Marshall Islands",2007,64324.58
"MH","Marshall Islands",2008,321576.18
"MH","Marshall Islands",2009,308580.34
"MH","Marshall Islands",2010,305480.35
"MH","Marshall Islands",2013,0
"MH","Marshall Islands",2014,0
"MR","Mauritania",1993,529320.65
"MR","Mauritania",1994,506150.37
"MR","Mauritania",1995,456237.39
"MR","Mauritania",1996,480871.38
"MR","Mauritania",1997,617330.34
"MR","Mauritania",1998,326200.18
"MR","Mauritania",1999,320821.12
"MR","Mauritania",2000,228608.7
"MR","Mauritania",2001,69472.93
"MR","Mauritania",2002,258723.36
"MR","Mauritania",2003,346311.95
"MR","Mauritania",2004,263552.97
"MR","Mauritania",2005,105564.99
"MR","Mauritania",2006,95256.42
"MR","Mauritania",2007,1559870.37
"MR","Mauritania",2008,2417640.68
"MR","Mauritania",2009,2235704.43
"MR","Mauritania",2010,2965196.24
"MR","Mauritania",2011,2432027.03
"MR","Mauritania",2012,3540746.28
"MR","Mauritania",2013,2765747.47
"MR","Mauritania",2014,4919224.99
"MR","Mauritania",2015,4465381
"MU","Mauritius",1992,849301.02
"MU","Mauritius",1993,873379.07
"MU","Mauritius",1994,885763.14
"MU","Mauritius",1995,798415.43
"MU","Mauritius",1996,1130047.74
"MU","Mauritius",1997,463294.97
"MU","Mauritius",1998,536129.12
"MU","Mauritius",1999,475750.87
"MU","Mauritius",2000,721539.27
"MU","Mauritius",2001,351393.72
"MU","Mauritius",2002,339069.73
"MU","Mauritius",2003,261003.63
"MU","Mauritius",2004,450340.4
"MU","Mauritius",2005,413651.92
"MU","Mauritius",2006,351444.11
"MU","Mauritius",2007,326318.44
"MU","Mauritius",2008,933569.64
"MU","Mauritius",2009,1476330.95
"MU","Mauritius",2010,1320508.84
"MU","Mauritius",2011,1133866.47
"MU","Mauritius",2012,1087687.18
"MU","Mauritius",2013,1147437.43
"MU","Mauritius",2014,485264.29
"MU","Mauritius",2015,1024916.3
"MX","Mexico",1992,9007738.06
"MX","Mexico",1993,9263111.32
"MX","Mexico",1994,8857631.44
"MX","Mexico",1995,8100494.88
"MX","Mexico",1996,8537871.3
"MX","Mexico",1997,217121.05
"MX","Mexico",1998,86462.57
"MX","Mexico",1999,767835.9
"MX","Mexico",2000,16598485.25
"MX","Mexico",2001,38098872.03
"MX","Mexico",2002,34562544.39
"MX","Mexico",2003,33295647.44
"MX","Mexico",2004,36712284.43
"MX","Mexico",2005,22987911.74
"MX","Mexico",2006,12158484
"MX","Mexico",2007,13796843.82
"MX","Mexico",2008,14818197.28
"MX","Mexico",2009,15971134.67
"MX","Mexico",2010,17459030.07
"MX","Mexico",2011,18244422.2
"MX","Mexico",2012,16513063.86
"MX","Mexico",2013,25606567.59
"MX","Mexico",2014,26150611.36
"MX","Mexico",2015,26085540
"FM","Micronesia",2000,457770.27
"FM","Micronesia",2001,482227.02
"FM","Micronesia",2002,540361.87
"FM","Micronesia",2003,66056.69
"FM","Micronesia",2004,60595.34
"FM","Micronesia",2005,97417.43
"FM","Micronesia",2006,69277.41
"FM","Micronesia",2007,64324.58
"FM","Micronesia",2009,0
"FM","Micronesia",2013,66030.9
"FM","Micronesia",2014,907249.38
"FM","Micronesia",2015,1011296.3
"middle-east","Middle East, regional",1997,150778.94
"middle-east","Middle East, regional",1998,2369642.56
"middle-east","Middle East, regional",1999,2263568.34
"middle-east","Middle East, regional",2000,2630551.09
"middle-east","Middle East, regional",2001,2765233.87
"middle-east","Middle East, regional",2002,2668252.31
"middle-east","Middle East, regional",2006,0
"middle-east","Middle East, regional",2008,0
"MD","Moldova",1998,196505.45
"MD","Moldova",1999,193265.06
"MD","Moldova",2000,200143.01
"MD","Moldova",2001,187175.77
"MD","Moldova",2002,2414629.1
"MD","Moldova",2003,1816958.45
"MD","Moldova",2004,1520907.78
"MD","Moldova",2005,1701411.08
"MD","Moldova",2006,3672487.02
"MD","Moldova",2007,1948155.84
"MD","Moldova",2008,1894037.76
"MD","Moldova",2009,2079990.05
"MD","Moldova",2010,2500866.11
"MD","Moldova",2011,712539.04
"MD","Moldova",2012,2180295.03
"MD","Moldova",2013,2076162.14
"MD","Moldova",2014,2610860.3
"MD","Moldova",2015,2836950.7
"MN","Mongolia",1997,14022.4
"MN","Mongolia",1998,14213.92
"MN","Mongolia",1999,1589758.6
"MN","Mongolia",2000,1987202.06
"MN","Mongolia",2001,2994739.41
"MN","Mongolia",2002,2562870.38
"MN","Mongolia",2003,2970522.99
"MN","Mongolia",2004,1944892.16
"MN","Mongolia",2005,1515460.05
"MN","Mongolia",2006,634580.76
"MN","Mongolia",2007,1200296.11
"MN","Mongolia",2008,1142973.62
"MN","Mongolia",2009,2027135.46
"MN","Mongolia",2010,2144935.44
"MN","Mongolia",2011,2845370.19
"MN","Mongolia",2012,2424509.33
"MN","Mongolia",2013,3167187.61
"MN","Mongolia",2014,3809650.36
"MN","Mongolia",2015,4301055.7
"ME","Montenegro",2008,636535.24
"ME","Montenegro",2009,1386541.95
"ME","Montenegro",2010,1897412.99
"ME","Montenegro",2011,1151442.11
"ME","Montenegro",2012,1225648.66
"ME","Montenegro",2013,824481.99
"ME","Montenegro",2014,853152.16
"ME","Montenegro",2015,780995
"MA","Morocco",1997,82368.1
"MA","Morocco",1998,89606.62
"MA","Morocco",1999,3012879.49
"MA","Morocco",2000,17308579.88
"MA","Morocco",2001,17077828.67
"MA","Morocco",2002,16703479.33
"MA","Morocco",2003,15024722.39
"MA","Morocco",2004,11570431.17
"MA","Morocco",2005,336532.84
"MA","Morocco",2006,368259.81
"MA","Morocco",2007,1154736.96
"MA","Morocco",2008,2008732.04
"MA","Morocco",2009,3272154.58
"MA","Morocco",2010,4985133.54
"MA","Morocco",2011,5487909.9
"MA","Morocco",2012,6403590.26
"MA","Morocco",2013,5665668.26
"MA","Morocco",2014,5465521.83
"MA","Morocco",2015,5922451
"MZ","Mozambique",1993,1888351.41
"MZ","Mozambique",1994,1265375.92
"MZ","Mozambique",1995,1140593.48
"MZ","Mozambique",1996,1202178.44
"MZ","Mozambique",1997,1385439.11
"MZ","Mozambique",1998,194453.44
"MZ","Mozambique",1999,191246.9
"MZ","Mozambique",2000,1564365.35
"MZ","Mozambique",2001,1048558.87
"MZ","Mozambique",2002,2389265.73
"MZ","Mozambique",2003,1854323.44
"MZ","Mozambique",2004,1796104.92
"MZ","Mozambique",2005,3250375.55
"MZ","Mozambique",2006,2745289.03
"MZ","Mozambique",2007,3772634.87
"MZ","Mozambique",2008,3270889.14
"MZ","Mozambique",2009,4443556.88
"MZ","Mozambique",2010,2782284.01
"MZ","Mozambique",2011,3441136.03
"MZ","Mozambique",2012,2315448.72
"MZ","Mozambique",2013,2076912.82
"MZ","Mozambique",2014,3947782.79
"MZ","Mozambique",2015,4177197
"MM","Myanmar",2008,122505.27
"MM","Myanmar",2009,126597.13
"MM","Myanmar",2010,125325.33
"MM","Myanmar",2013,150070.59
"MM","Myanmar",2014,3117670.34
"MM","Myanmar",2015,3154757
"NA","Namibia",1999,104019.72
"NA","Namibia",2000,107721.59
"NA","Namibia",2001,113476.7
"NA","Namibia",2002,1086017.71
"NA","Namibia",2003,2999691.73
"NA","Namibia",2004,2428633.35
"NA","Namibia",2005,2384317.58
"NA","Namibia",2006,7116760.86
"NA","Namibia",2007,5817351.83
"NA","Namibia",2008,4808329.23
"NA","Namibia",2009,6558992.84
"NA","Namibia",2010,6305113.48
"NA","Namibia",2011,2149359.4
"NA","Namibia",2012,1192682.32
"NA","Namibia",2013,3316733.53
"NA","Namibia",2014,2970228.81
"NA","Namibia",2015,3354866
"NR","Nauru",2004,80708.66
"NR","Nauru",2005,127209.4
"NR","Nauru",2006,124387.52
"NR","Nauru",2007,44383.94
"NR","Nauru",2009,0
"NR","Nauru",2013,0
"NR","Nauru",2014,550713.96
"NR","Nauru",2015,528872
"NP","Nepal",1992,977982.99
"NP","Nepal",1993,1005709.23
"NP","Nepal",1994,961685.7
"NP","Nepal",1995,866851.04
"NP","Nepal",1996,913655.62
"NP","Nepal",1998,135370.25
"NP","Nepal",1999,138807.11
"NP","Nepal",2000,467312.17
"NP","Nepal",2001,991257.8
"NP","Nepal",2002,1162782.69
"NP","Nepal",2003,1848023.3
"NP","Nepal",2004,933339.56
"NP","Nepal",2005,1493605.22
"NP","Nepal",2006,1166043.85
"NP","Nepal",2007,1082680.31
"NP","Nepal",2008,422317.45
"NP","Nepal",2009,436423.46
"NP","Nepal",2010,385374.93
"NP","Nepal",2011,758538.96
"NP","Nepal",2012,2481909.23
"NP","Nepal",2013,2707240.47
"NP","Nepal",2014,4473596.42
"NP","Nepal",2015,4903312.7
"NI","Nicaragua",1997,2261677.65
"NI","Nicaragua",1998,1990866.19
"NI","Nicaragua",1999,1958036.7
"NI","Nicaragua",2000,2139909.7
"NI","Nicaragua",2001,2535773.2
"NI","Nicaragua",2002,576418.95
"NI","Nicaragua",2003,2977588.23
"NI","Nicaragua",2004,2038925.63
"NI","Nicaragua",2005,2276013.92
"NI","Nicaragua",2006,3177084.56
"NI","Nicaragua",2007,3496399.84
"NI","Nicaragua",2008,1915675.24
"NI","Nicaragua",2009,2155314.98
"NI","Nicaragua",2010,2058467.59
"NI","Nicaragua",2011,2202391.78
"NI","Nicaragua",2012,2144745.23
"NI","Nicaragua",2013,1874239.86
"NI","Nicaragua",2014,3255045.61
"NI","Nicaragua",2015,3548347
"NE","Niger",1997,98867.62
"NE","Niger",1998,256085.54
"NE","Niger",1999,251862.67
"NE","Niger",2000,158752.86
"NE","Niger",2001,46852.45
"NE","Niger",2002,259952.97
"NE","Niger",2003,1684844.12
"NE","Niger",2004,1198766.02
"NE","Niger",2005,995074.45
"NE","Niger",2006,2068276.01
"NE","Niger",2007,1608113.79
"NE","Niger",2008,2903986.06
"NE","Niger",2009,3196546.7
"NE","Niger",2010,4136929.57
"NE","Niger",2011,3152220.48
"NE","Niger",2012,4043701.23
"NE","Niger",2013,3539526.41
"NE","Niger",2014,4360458.79
"NE","Niger",2015,3806897.3
"NG","Nigeria",1997,111817.34
"NG","Nigeria",1998,250348.44
"NG","Nigeria",1999,246220.18
"NG","Nigeria",2000,139539.98
"NG","Nigeria",2001,0
"NG","Nigeria",2002,2870202.24
"NG","Nigeria",2003,2188108.89
"NG","Nigeria",2004,2007203.18
"NG","Nigeria",2005,4563384.55
"NG","Nigeria",2006,4091521.25
"NG","Nigeria",2007,2255218.41
"NG","Nigeria",2008,3274564.3
"NG","Nigeria",2009,3194043.88
"NG","Nigeria",2010,5245315.67
"NG","Nigeria",2011,5721097.19
"NG","Nigeria",2012,7476454.91
"NG","Nigeria",2013,5986605.59
"NG","Nigeria",2014,7290501.05
"NG","Nigeria",2015,4658789
"NU","Niue",1998,188178.45
"NU","Niue",1999,185075.38
"NU","Niue",2000,191661.86
"NU","Niue",2001,53411.8
"NU","Niue",2002,178124.55
"NU","Niue",2003,256268.16
"NU","Niue",2004,293851.02
"NU","Niue",2005,159410.28
"NU","Niue",2006,69277.41
"NU","Niue",2009,0
"NU","Niue",2013,0
"NU","Niue",2014,0
"north-central-america","North & Central America, regional",1993,3993724.28
"north-central-america","North & Central America, regional",1994,3163439.8
"north-central-america","North & Central America, regional",1995,5693466.25
"north-central-america","North & Central America, regional",1996,5610170.07
"north-central-america","North & Central America, regional",1997,6031144.71
"north-central-america","North & Central America, regional",1998,3222695.81
"north-central-america","North & Central America, regional",1999,2731485.03
"north-central-america","North & Central America, regional",2000,3236872.64
"north-central-america","North & Central America, regional",2001,10492061.35
"north-central-america","North & Central America, regional",2002,11368590.45
"north-central-america","North & Central America, regional",2003,8864582.21
"north-central-america","North & Central America, regional",2004,7742927.99
"north-central-america","North & Central America, regional",2005,17868011.03
"north-central-america","North & Central America, regional",2006,17013950.7
"north-central-america","North & Central America, regional",2007,16059788.22
"north-central-america","North & Central America, regional",2008,13103347.28
"north-central-america","North & Central America, regional",2009,20890905.07
"north-central-america","North & Central America, regional",2010,14123979.84
"north-central-america","North & Central America, regional",2011,9729722.32
"north-central-america","North & Central America, regional",2012,8193677.92
"north-central-america","North & Central America, regional",2013,13396922.41
"north-central-america","North & Central America, regional",2014,10077051.25
"north-central-america","North & Central America, regional",2015,10354227
"KP","North Korea",1997,195344.33
"KP","North Korea",1998,198012.39
"KP","North Korea",1999,194747.15
"KP","North Korea",2000,333572.35
"KP","North Korea",2001,351393.72
"KP","North Korea",2002,549164.12
"KP","North Korea",2003,184925.02
"KP","North Korea",2004,407490.79
"KP","North Korea",2005,678845.16
"KP","North Korea",2006,682837.61
"KP","North Korea",2007,274987.74
"KP","North Korea",2008,39814.16
"north-of-sahara","North of Sahara, regional",1993,7047021.77
"north-of-sahara","North of Sahara, regional",1994,5675632.37
"north-of-sahara","North of Sahara, regional",1995,5115941.57
"north-of-sahara","North of Sahara, regional",1996,4390355.67
"north-of-sahara","North of Sahara, regional",1997,4719798.16
"north-of-sahara","North of Sahara, regional",1999,1102583.26
"north-of-sahara","North of Sahara, regional",2000,741535.33
"north-of-sahara","North of Sahara, regional",2001,781152.46
"north-of-sahara","North of Sahara, regional",2002,753756.09
"north-of-sahara","North of Sahara, regional",2003,902215.14
"north-of-sahara","North of Sahara, regional",2004,219019.42
"north-of-sahara","North of Sahara, regional",2005,212547.04
"north-of-sahara","North of Sahara, regional",2008,330764.07
"north-of-sahara","North of Sahara, regional",2009,303832.95
"north-of-sahara","North of Sahara, regional",2010,300780.65
"north-of-sahara","North of Sahara, regional",2014,605996.9
"north-of-sahara","North of Sahara, regional",2015,575495
"oceania","Oceania, regional",1992,2573639.44
"oceania","Oceania, regional",1993,2646603.23
"oceania","Oceania, regional",1994,2530751.84
"oceania","Oceania, regional",1995,2281186.96
"oceania","Oceania, regional",1996,3382128.28
"oceania","Oceania, regional",1997,1051141.18
"oceania","Oceania, regional",1998,1065497.91
"oceania","Oceania, regional",1999,3465893.75
"oceania","Oceania, regional",2000,3202294.53
"oceania","Oceania, regional",2001,3841904.23
"oceania","Oceania, regional",2002,3897041.02
"oceania","Oceania, regional",2003,3430174.32
"oceania","Oceania, regional",2004,153313.6
"oceania","Oceania, regional",2005,148782.93
"oceania","Oceania, regional",2006,4231784.03
"oceania","Oceania, regional",2007,4950005.7
"oceania","Oceania, regional",2008,4871946.19
"oceania","Oceania, regional",2009,14071370.74
"oceania","Oceania, regional",2010,16342130
"oceania","Oceania, regional",2011,12852177.26
"oceania","Oceania, regional",2012,11159353.46
"oceania","Oceania, regional",2013,13075843.71
"oceania","Oceania, regional",2014,7969135.32
"oceania","Oceania, regional",2015,9255899
"OM","Oman",2002,0
"OM","Oman",2004,0
"PK","Pakistan",1993,1852622.26
"PK","Pakistan",1994,1771526.29
"PK","Pakistan",1995,1596830.87
"PK","Pakistan",1996,1683049.82
"PK","Pakistan",1997,1809342.12
"PK","Pakistan",1998,3289245.79
"PK","Pakistan",1999,8225678.17
"PK","Pakistan",2000,5182691.27
"PK","Pakistan",2001,5441589.44
"PK","Pakistan",2002,5126734.38
"PK","Pakistan",2003,2463060.83
"PK","Pakistan",2004,1601200.2
"PK","Pakistan",2005,2247774.82
"PK","Pakistan",2006,1733253.97
"PK","Pakistan",2007,2203054.73
"PK","Pakistan",2008,2443921.08
"PK","Pakistan",2009,1577716.2
"PK","Pakistan",2010,2511490.25
"PK","Pakistan",2011,2026357.46
"PK","Pakistan",2012,2150794.07
"PK","Pakistan",2013,4444834.76
"PK","Pakistan",2014,5071553.64
"PK","Pakistan",2015,7179310.3
"PW","Palau",2001,144774.21
"PW","Palau",2002,288887.41
"PW","Palau",2003,392361.45
"PW","Palau",2004,247127.28
"PW","Palau",2005,220340.82
"PW","Palau",2006,69277.41
"PW","Palau",2007,64324.58
"PW","Palau",2009,332317.29
"PW","Palau",2010,305480.35
"PW","Palau",2011,287671.04
"PW","Palau",2013,0
"PW","Palau",2014,164470.84
"PW","Palau",2015,183333
"PA","Panama",1992,772091.83
"PA","Panama",1993,793980.97
"PA","Panama",1994,759225.55
"PA","Panama",1995,684356.09
"PA","Panama",1996,721307.07
"PA","Panama",1997,92621.13
"PA","Panama",1998,2778461.7
"PA","Panama",1999,2709023.81
"PA","Panama",2000,2676451.57
"PA","Panama",2001,2823238.15
"PA","Panama",2002,2396454.42
"PA","Panama",2003,127656.58
"PA","Panama",2004,73006.51
"PA","Panama",2005,202663.28
"PA","Panama",2006,1730929.47
"PA","Panama",2007,1277517.41
"PA","Panama",2008,1102546.9
"PA","Panama",2009,1933781.83
"PA","Panama",2010,2591703.75
"PA","Panama",2011,1626278.74
"PA","Panama",2012,1605115.64
"PA","Panama",2013,2256259.46
"PA","Panama",2014,3689165.98
"PA","Panama",2015,3115587.7
"PG","Papua New Guinea",1992,1286819.72
"PG","Papua New Guinea",1993,1323301.62
"PG","Papua New Guinea",1994,1265375.92
"PG","Papua New Guinea",1995,1140593.48
"PG","Papua New Guinea",1996,1340669.4
"PG","Papua New Guinea",1997,148883.01
"PG","Papua New Guinea",1998,150916.49
"PG","Papua New Guinea",1999,78165.18
"PG","Papua New Guinea",2000,80946.93
"PG","Papua New Guinea",2001,85271.59
"PG","Papua New Guinea",2002,0
"PG","Papua New Guinea",2003,1181142.06
"PG","Papua New Guinea",2004,700862.16
"PG","Papua New Guinea",2005,1128979.4
"PG","Papua New Guinea",2006,1077956.29
"PG","Papua New Guinea",2007,1000890.35
"PG","Papua New Guinea",2009,0
"PG","Papua New Guinea",2010,1790613.02
"PG","Papua New Guinea",2011,1489719.97
"PG","Papua New Guinea",2012,1524238.26
"PG","Papua New Guinea",2013,1415163.16
"PG","Papua New Guinea",2014,3348516.05
"PG","Papua New Guinea",2015,2636537
"PY","Paraguay",1998,83209.35
"PY","Paraguay",1999,2827037.66
"PY","Paraguay",2000,2520688.41
"PY","Paraguay",2001,2566080.77
"PY","Paraguay",2002,2459385.76
"PY","Paraguay",2003,2581987.17
"PY","Paraguay",2004,659070.29
"PY","Paraguay",2005,604169.2
"PY","Paraguay",2006,322832.59
"PY","Paraguay",2007,64324.58
"PY","Paraguay",2008,1175743.8
"PY","Paraguay",2009,854530.17
"PY","Paraguay",2010,845945.58
"PY","Paraguay",2011,796627.5
"PY","Paraguay",2012,815086.14
"PY","Paraguay",2013,1343753.41
"PY","Paraguay",2014,1815127.11
"PY","Paraguay",2015,2023293
"PE","Peru",1992,1544183.67
"PE","Peru",1993,1561495.91
"PE","Peru",1994,1493143.59
"PE","Peru",1995,1345900.3
"PE","Peru",1996,1418570.56
"PE","Peru",1997,84306.68
"PE","Peru",1998,184649.9
"PE","Peru",1999,3430303.18
"PE","Peru",2000,6280291.5
"PE","Peru",2001,6923551.28
"PE","Peru",2002,6514671.58
"PE","Peru",2003,10117471.43
"PE","Peru",2004,8956838.77
"PE","Peru",2005,6476346.45
"PE","Peru",2006,8771605.38
"PE","Peru",2007,7271247.15
"PE","Peru",2008,5755478.58
"PE","Peru",2009,5089141.13
"PE","Peru",2010,6296467.91
"PE","Peru",2011,3948617.84
"PE","Peru",2012,3869002.91
"PE","Peru",2013,7690409.48
"PE","Peru",2014,7186664.18
"PE","Peru",2015,7305458
"PH","Philippines",1992,12868197.22
"PH","Philippines",1993,13233016.16
"PH","Philippines",1994,12653759.21
"PH","Philippines",1995,11405934.78
"PH","Philippines",1996,12021784.43
"PH","Philippines",1998,83318.48
"PH","Philippines",1999,81944.55
"PH","Philippines",2000,4557125.3
"PH","Philippines",2001,5291358.78
"PH","Philippines",2002,6940443.21
"PH","Philippines",2003,8116656.88
"PH","Philippines",2004,9775136.62
"PH","Philippines",2005,10549982.25
"PH","Philippines",2006,10846478.61
"PH","Philippines",2007,11452147.68
"PH","Philippines",2008,8452061.15
"PH","Philippines",2009,12912327.79
"PH","Philippines",2010,10792212.82
"PH","Philippines",2011,8946672.02
"PH","Philippines",2012,9015109.33
"PH","Philippines",2013,10947522.48
"PH","Philippines",2014,6616213.94
"PH","Philippines",2015,5620654
"RW","Rwanda",1997,73510.99
"RW","Rwanda",1998,80606.7
"RW","Rwanda",1999,79277.49
"RW","Rwanda",2000,6204.45
"RW","Rwanda",2001,154613.24
"RW","Rwanda",2002,1790288.2
"RW","Rwanda",2003,1305615.62
"RW","Rwanda",2004,1157518.02
"RW","Rwanda",2005,1123311.44
"RW","Rwanda",2006,2411198.93
"RW","Rwanda",2007,1920087.82
"RW","Rwanda",2008,1828390.28
"RW","Rwanda",2009,1889461.15
"RW","Rwanda",2010,3152387.08
"RW","Rwanda",2011,1826772.18
"RW","Rwanda",2012,1054014.16
"RW","Rwanda",2013,2448201.74
"RW","Rwanda",2014,3407602.76
"RW","Rwanda",2015,3066400
"KN","Saint Kitts and Nevis",1998,114680.81
"KN","Saint Kitts and Nevis",1999,112789.72
"KN","Saint Kitts and Nevis",2000,116803.69
"KN","Saint Kitts and Nevis",2003,39793.17
"KN","Saint Kitts and Nevis",2004,118635.48
"KN","Saint Kitts and Nevis",2005,115129.61
"KN","Saint Kitts and Nevis",2006,77937.04
"KN","Saint Kitts and Nevis",2008,53596
"KN","Saint Kitts and Nevis",2009,55386.18
"KN","Saint Kitts and Nevis",2010,54829.78
"KN","Saint Kitts and Nevis",2012,0
"KN","Saint Kitts and Nevis",2013,665457.6
"LC","Saint Lucia",1998,148252.65
"LC","Saint Lucia",1999,145807.96
"LC","Saint Lucia",2000,150996.99
"LC","Saint Lucia",2001,131374.45
"LC","Saint Lucia",2002,171976.17
"LC","Saint Lucia",2003,151373.37
"LC","Saint Lucia",2004,261326.64
"LC","Saint Lucia",2005,204363.98
"LC","Saint Lucia",2006,199830.58
"LC","Saint Lucia",2009,0
"LC","Saint Lucia",2012,0
"LC","Saint Lucia",2013,911608.6
"LC","Saint Lucia",2014,1057422.63
"LC","Saint Lucia",2015,1178692
"VC","Saint Vincent & the Grenadines",1997,50403.1
"VC","Saint Vincent & the Grenadines",1998,203711.06
"VC","Saint Vincent & the Grenadines",1999,200351.85
"VC","Saint Vincent & the Grenadines",2000,155444.71
"VC","Saint Vincent & the Grenadines",2003,121767.22
"VC","Saint Vincent & the Grenadines",2004,212083.85
"VC","Saint Vincent & the Grenadines",2005,179248.04
"VC","Saint Vincent & the Grenadines",2006,69277.41
"VC","Saint Vincent & the Grenadines",2009,0
"VC","Saint Vincent & the Grenadines",2012,0
"VC","Saint Vincent & the Grenadines",2013,608230.39
"VC","Saint Vincent & the Grenadines",2014,516285.37
"VC","Saint Vincent & the Grenadines",2015,575495
"WS","Samoa",1998,75113.31
"WS","Samoa",1999,492607.48
"WS","Samoa",2000,476781.23
"WS","Samoa",2001,428221.98
"WS","Samoa",2002,271934.43
"WS","Samoa",2003,318943.06
"WS","Samoa",2004,387847.37
"WS","Samoa",2005,141698.1
"WS","Samoa",2006,69277.41
"WS","Samoa",2008,658465.82
"WS","Samoa",2009,632985.63
"WS","Samoa",2010,626626.67
"WS","Samoa",2011,469125.08
"WS","Samoa",2012,2050068.44
"WS","Samoa",2013,2043002.94
"WS","Samoa",2014,4444481.44
"WS","Samoa",2015,4104192
"ST","Sao Tome & Principe",2000,72496.35
"ST","Sao Tome & Principe",2001,240353.73
"ST","Sao Tome & Principe",2002,231924.1
"ST","Sao Tome & Principe",2003,287665.51
"ST","Sao Tome & Principe",2004,309511.02
"ST","Sao Tome & Principe",2005,273796.08
"ST","Sao Tome & Principe",2006,138554.81
"ST","Sao Tome & Principe",2010,876493.62
"ST","Sao Tome & Principe",2011,1037607.31
"ST","Sao Tome & Principe",2012,1476787.57
"ST","Sao Tome & Principe",2013,2239621.47
"ST","Sao Tome & Principe",2014,3962749.1
"ST","Sao Tome & Principe",2015,3592212.7
"SN","Senegal",1997,1796676.73
"SN","Senegal",1998,1355279.01
"SN","Senegal",1999,1332930.39
"SN","Senegal",2000,1289101.5
"SN","Senegal",2001,1368092.85
"SN","Senegal",2002,2961208.97
"SN","Senegal",2003,2385722.29
"SN","Senegal",2004,2223156.66
"SN","Senegal",2005,3585243.41
"SN","Senegal",2006,4490981.85
"SN","Senegal",2007,3165877.47
"SN","Senegal",2008,4606942.34
"SN","Senegal",2009,4737083.91
"SN","Senegal",2010,5237167.05
"SN","Senegal",2011,4267987.57
"SN","Senegal",2012,4686172.05
"SN","Senegal",2013,2863071.06
"SN","Senegal",2014,3772257.43
"SN","Senegal",2015,5654780.7
"RS","Serbia",2003,198567.72
"RS","Serbia",2004,2719925.24
"RS","Serbia",2005,2267589.62
"RS","Serbia",2006,2044441.1
"RS","Serbia",2007,2937058.96
"RS","Serbia",2008,2484405.68
"RS","Serbia",2009,1562707.14
"RS","Serbia",2010,1453014.28
"RS","Serbia",2011,1368304.47
"RS","Serbia",2012,217356.58
"RS","Serbia",2013,854343.21
"RS","Serbia",2014,1526627.03
"RS","Serbia",2015,1846706.3
"SC","Seychelles",1992,463255.1
"SC","Seychelles",1993,476388.58
"SC","Seychelles",1994,455535.33
"SC","Seychelles",1995,410613.65
"SC","Seychelles",1996,432784.24
"SC","Seychelles",1997,187951.87
"SC","Seychelles",1998,518072.81
"SC","Seychelles",1999,509529.76
"SC","Seychelles",2000,665855.33
"SC","Seychelles",2001,396840.6
"SC","Seychelles",2002,382922.71
"SC","Seychelles",2003,546360.34
"SC","Seychelles",2004,533859.52
"SC","Seychelles",2005,495234.28
"SC","Seychelles",2006,69277.41
"SC","Seychelles",2007,1003462.98
"SC","Seychelles",2008,1047419.56
"SC","Seychelles",2009,1232738.58
"SC","Seychelles",2010,1196856.03
"SC","Seychelles",2011,1811776.99
"SC","Seychelles",2012,1013121.92
"SC","Seychelles",2013,1665311.49
"SC","Seychelles",2014,2075454.18
"SC","Seychelles",2015,2313175.4
"SL","Sierra Leone",1997,133115.88
"SL","Sierra Leone",1998,134934.01
"SL","Sierra Leone",1999,132708.94
"SL","Sierra Leone",2001,128844.41
"SL","Sierra Leone",2002,124325.61
"SL","Sierra Leone",2003,109431.37
"SL","Sierra Leone",2004,170433.69
"SL","Sierra Leone",2005,138828.71
"SL","Sierra Leone",2006,272432.99
"SL","Sierra Leone",2007,1429484.16
"SL","Sierra Leone",2008,1039640.17
"SL","Sierra Leone",2009,1546661.63
"SL","Sierra Leone",2010,1824042.91
"SL","Sierra Leone",2011,1983244.87
"SL","Sierra Leone",2012,1123547.34
"SL","Sierra Leone",2013,2883359.36
"SL","Sierra Leone",2014,2200867.85
"SL","Sierra Leone",2015,3101636
"SB","Solomon Islands",1997,52987.88
"SB","Solomon Islands",1998,53711.6
"SB","Solomon Islands",1999,56510.82
"SB","Solomon Islands",2000,3816.07
"SB","Solomon Islands",2001,4019.94
"SB","Solomon Islands",2005,168266.47
"SB","Solomon Islands",2006,138554.81
"SB","Solomon Islands",2007,128649.16
"SB","Solomon Islands",2009,0
"SB","Solomon Islands",2011,268224.48
"SB","Solomon Islands",2012,274439.5
"SB","Solomon Islands",2013,1919125.62
"SB","Solomon Islands",2014,1483230.33
"SB","Solomon Islands",2015,4427153
"SO","Somalia",2012,0
"SO","Somalia",2013,159824.59
"SO","Somalia",2014,159237.7
"SO","Somalia",2015,1844166.4
"ZA","South Africa",1998,3485306.22
"ZA","South Africa",1999,3645363.91
"ZA","South Africa",2000,4863186.87
"ZA","South Africa",2001,4960718.93
"ZA","South Africa",2002,5115726.41
"ZA","South Africa",2003,2887872.05
"ZA","South Africa",2004,6575858.57
"ZA","South Africa",2005,6551621.79
"ZA","South Africa",2006,8573710.45
"ZA","South Africa",2007,7221590.2
"ZA","South Africa",2008,9915319.13
"ZA","South Africa",2009,8421746.12
"ZA","South Africa",2010,9959075.79
"ZA","South Africa",2011,7288093.57
"ZA","South Africa",2012,7456965.93
"ZA","South Africa",2013,7414437.69
"ZA","South Africa",2014,9577585.27
"ZA","South Africa",2015,8568700.3
"south-america","South America, regional",1992,1158137.75
"south-america","South America, regional",1993,1190971.45
"south-america","South America, regional",1994,1138838.33
"south-america","South America, regional",1995,1026534.13
"south-america","South America, regional",1996,1829715.59
"south-america","South America, regional",1997,1875253.87
"south-america","South America, regional",1998,1598247.52
"south-america","South America, regional",1999,1571892.33
"south-america","South America, regional",2000,3935709.37
"south-america","South America, regional",2001,5880457.28
"south-america","South America, regional",2002,9233909.12
"south-america","South America, regional",2003,7191428.94
"south-america","South America, regional",2004,6596865.05
"south-america","South America, regional",2005,5194649.57
"south-america","South America, regional",2006,5181317.01
"south-america","South America, regional",2007,1580676.12
"south-america","South America, regional",2008,7882502.88
"south-america","South America, regional",2009,11906225.81
"south-america","South America, regional",2010,11119259.14
"south-america","South America, regional",2011,8976690.71
"south-america","South America, regional",2012,9260130.29
"south-america","South America, regional",2013,5751984.22
"south-america","South America, regional",2014,2597064.46
"south-america","South America, regional",2015,3995926
"south-asia","South Asia, regional",2012,0
"south-of-sahara","South of Sahara, regional",1992,6691462.56
"south-of-sahara","South of Sahara, regional",1993,11734651.01
"south-of-sahara","South of Sahara, regional",1994,10080828.59
"south-of-sahara","South of Sahara, regional",1995,9086728.42
"south-of-sahara","South of Sahara, regional",1996,8775902.63
"south-of-sahara","South of Sahara, regional",1997,15308326.74
"south-of-sahara","South of Sahara, regional",1998,18522694.39
"south-of-sahara","South of Sahara, regional",1999,23054678.11
"south-of-sahara","South of Sahara, regional",2000,23616886.12
"south-of-sahara","South of Sahara, regional",2001,40805975.54
"south-of-sahara","South of Sahara, regional",2002,32614900.71
"south-of-sahara","South of Sahara, regional",2003,22481142.23
"south-of-sahara","South of Sahara, regional",2004,28307236.85
"south-of-sahara","South of Sahara, regional",2005,38533181.66
"south-of-sahara","South of Sahara, regional",2006,44358126.27
"south-of-sahara","South of Sahara, regional",2007,46759346.05
"south-of-sahara","South of Sahara, regional",2008,43293451.17
"south-of-sahara","South of Sahara, regional",2009,49482996.49
"south-of-sahara","South of Sahara, regional",2010,46236011.22
"south-of-sahara","South of Sahara, regional",2011,32606795.41
"south-of-sahara","South of Sahara, regional",2012,27089723.1
"south-of-sahara","South of Sahara, regional",2013,27285225.68
"south-of-sahara","South of Sahara, regional",2014,25587302.79
"south-of-sahara","South of Sahara, regional",2015,27455880
"SS","South Sudan",2013,0
"SS","South Sudan",2014,334923.37
"SS","South Sudan",2015,373333.7
"LK","Sri Lanka",1992,1051879.9
"LK","Sri Lanka",1993,1081701.15
"LK","Sri Lanka",1994,1034351.18
"LK","Sri Lanka",1995,932350.76
"LK","Sri Lanka",1996,982691.92
"LK","Sri Lanka",1997,2606831.25
"LK","Sri Lanka",1998,4006710.5
"LK","Sri Lanka",1999,3496129.09
"LK","Sri Lanka",2000,4282193.64
"LK","Sri Lanka",2001,7825787.41
"LK","Sri Lanka",2002,4936688.91
"LK","Sri Lanka",2003,4582188.11
"LK","Sri Lanka",2004,4239851.05
"LK","Sri Lanka",2005,3939205.11
"LK","Sri Lanka",2006,1731934.34
"LK","Sri Lanka",2007,3911556.6
"LK","Sri Lanka",2008,1933113.86
"LK","Sri Lanka",2009,2467674.24
"LK","Sri Lanka",2010,2857397.4
"LK","Sri Lanka",2011,3362052.16
"LK","Sri Lanka",2012,2061598.92
"LK","Sri Lanka",2013,2324023.4
"LK","Sri Lanka",2014,4358544.7
"LK","Sri Lanka",2015,4170733
"SD","Sudan",1993,396990.48
"SD","Sudan",1994,379612.78
"SD","Sudan",1995,452435.45
"SD","Sudan",1996,476864.16
"SD","Sudan",1997,512646.98
"SD","Sudan",1998,473360.3
"SD","Sudan",1999,815150.73
"SD","Sudan",2000,855279.46
"SD","Sudan",2001,440882.42
"SD","Sudan",2002,91322.74
"SD","Sudan",2003,319141.98
"SD","Sudan",2004,355907
"SD","Sudan",2005,318820.98
"SD","Sudan",2006,69277.41
"SD","Sudan",2009,1484983.54
"SD","Sudan",2010,1282077.53
"SD","Sudan",2011,1942000.8
"SD","Sudan",2012,3296842.32
"SD","Sudan",2013,4519787.03
"SD","Sudan",2014,3914029.99
"SD","Sudan",2015,6252106.3
"SR","Suriname",1997,39633.25
"SR","Suriname",1998,40174.57
"SR","Suriname",1999,189830.09
"SR","Suriname",2000,3088435.61
"SR","Suriname",2001,2761486.6
"SR","Suriname",2002,2506403.47
"SR","Suriname",2003,2206135.57
"SR","Suriname",2004,2023739.48
"SR","Suriname",2005,70849.05
"SR","Suriname",2006,210533.62
"SR","Suriname",2007,195482.02
"SR","Suriname",2008,124893.76
"SR","Suriname",2009,0
"SR","Suriname",2010,334896.7
"SR","Suriname",2011,284884.61
"SR","Suriname",2012,1088458.79
"SR","Suriname",2013,1104517.66
"SR","Suriname",2014,1082519.43
"SR","Suriname",2015,1206667
"SZ","Swaziland",1997,203942.58
"SZ","Swaziland",1998,206728.08
"SZ","Swaziland",1999,203319.12
"SZ","Swaziland",2000,6226.69
"SZ","Swaziland",2001,6559.35
"SZ","Swaziland",2002,99912.55
"SZ","Swaziland",2003,154039.48
"SZ","Swaziland",2004,141304
"SZ","Swaziland",2005,63799.5
"SZ","Swaziland",2008,109029.94
"SZ","Swaziland",2009,582162.92
"SZ","Swaziland",2010,751855.76
"SZ","Swaziland",2011,917653.8
"SZ","Swaziland",2012,958690.1
"SZ","Swaziland",2013,1887191.53
"SZ","Swaziland",2014,1391724.84
"SZ","Swaziland",2015,1478000
"SY","Syria",1997,1833466.73
"SY","Syria",1998,1151087.6
"SY","Syria",1999,1132106.1
"SY","Syria",2000,1092338.25
"SY","Syria",2001,1206920.31
"SY","Syria",2002,60580.46
"SY","Syria",2003,234183.44
"SY","Syria",2004,1177452.48
"SY","Syria",2005,936486.17
"SY","Syria",2006,753429.56
"SY","Syria",2007,635240.31
"SY","Syria",2008,903509.62
"SY","Syria",2009,308580.34
"SY","Syria",2010,610647.7
"SY","Syria",2011,258166.61
"SY","Syria",2012,264148.59
"SY","Syria",2013,0
"TJ","Tajikistan",2000,737737.94
"TJ","Tajikistan",2001,626521.37
"TJ","Tajikistan",2002,604548.18
"TJ","Tajikistan",2003,193792.89
"TJ","Tajikistan",2004,368800.24
"TJ","Tajikistan",2005,1824476.13
"TJ","Tajikistan",2006,1806865.4
"TJ","Tajikistan",2007,2436292.34
"TJ","Tajikistan",2008,2067275.44
"TJ","Tajikistan",2009,3085803.39
"TJ","Tajikistan",2010,1729488.75
"TJ","Tajikistan",2011,2004845.86
"TJ","Tajikistan",2012,2244879.74
"TJ","Tajikistan",2013,2514664.57
"TJ","Tajikistan",2014,2146584.3
"TJ","Tajikistan",2015,2319429.7
"TZ","Tanzania",1998,110916.67
"TZ","Tanzania",1999,109087.65
"TZ","Tanzania",2000,445430.76
"TZ","Tanzania",2001,939278.23
"TZ","Tanzania",2002,4747295.41
"TZ","Tanzania",2003,3515413.76
"TZ","Tanzania",2004,4681395.96
"TZ","Tanzania",2005,3945282.15
"TZ","Tanzania",2006,6609303.42
"TZ","Tanzania",2007,4701223.78
"TZ","Tanzania",2008,5786024.37
"TZ","Tanzania",2009,4310673.64
"TZ","Tanzania",2010,6785382.16
"TZ","Tanzania",2011,4868240.19
"TZ","Tanzania",2012,3749356.42
"TZ","Tanzania",2013,6453220.71
"TZ","Tanzania",2014,6833021.05
"TZ","Tanzania",2015,6144741.7
"TH","Thailand",1992,3210615.21
"TH","Thailand",1993,2514273.07
"TH","Thailand",1994,2404214.25
"TH","Thailand",1995,2167127.61
"TH","Thailand",1996,2284139.04
"TH","Thailand",1998,82750.84
"TH","Thailand",1999,725604.44
"TH","Thailand",2000,2600752.44
"TH","Thailand",2001,2662627.32
"TH","Thailand",2002,2569244.35
"TH","Thailand",2003,2460414.54
"TH","Thailand",2004,1672943.73
"TH","Thailand",2005,177122.88
"TH","Thailand",2008,803907.1
"TH","Thailand",2009,2566116.78
"TH","Thailand",2010,3464495.6
"TH","Thailand",2011,4475805.55
"TH","Thailand",2012,4122434.93
"TH","Thailand",2013,4369729.68
"TH","Thailand",2014,5698442.92
"TH","Thailand",2015,6372629.7
"TL","Timor-Leste",2005,97417.43
"TL","Timor-Leste",2006,69277.41
"TL","Timor-Leste",2007,64324.58
"TL","Timor-Leste",2008,146148.75
"TL","Timor-Leste",2009,151030.33
"TL","Timor-Leste",2010,149513.08
"TL","Timor-Leste",2011,0
"TL","Timor-Leste",2012,941877.32
"TL","Timor-Leste",2013,1191798.24
"TL","Timor-Leste",2014,2486743.5
"TL","Timor-Leste",2015,3563933
"TG","Togo",1997,145626.19
"TG","Togo",1998,147615.19
"TG","Togo",1999,145181.01
"TG","Togo",2000,106209.44
"TG","Togo",2001,158736.21
"TG","Togo",2002,378989.5
"TG","Togo",2003,238560.25
"TG","Togo",2004,255340.18
"TG","Togo",2005,70849.05
"TG","Togo",2006,164533.83
"TG","Togo",2007,64324.58
"TG","Togo",2008,61252.64
"TG","Togo",2009,0
"TG","Togo",2010,619047
"TG","Togo",2011,547084.82
"TG","Togo",2012,3278879.64
"TG","Togo",2013,3477335.45
"TG","Togo",2014,3538428.45
"TG","Togo",2015,3336153.3
"TO","Tonga",2000,144547.57
"TO","Tonga",2001,152270.14
"TO","Tonga",2002,290695.33
"TO","Tonga",2003,319937.77
"TO","Tonga",2004,293486.36
"TO","Tonga",2005,269580.85
"TO","Tonga",2006,69277.41
"TO","Tonga",2007,64324.58
"TO","Tonga",2009,0
"TO","Tonga",2013,0
"TO","Tonga",2014,525374.94
"TO","Tonga",2015,585627
"TT","Trinidad & Tobago",2003,0
"TT","Trinidad & Tobago",2004,0
"TT","Trinidad & Tobago",2006,0
"TN","Tunisia",1994,1265375.92
"TN","Tunisia",1995,1127439.01
"TN","Tunisia",1996,1188313.72
"TN","Tunisia",1997,1315822.99
"TN","Tunisia",1998,1396938.68
"TN","Tunisia",1999,1466670.5
"TN","Tunisia",2000,1479282.61
"TN","Tunisia",2001,1225661.3
"TN","Tunisia",2002,3108261.75
"TN","Tunisia",2003,2517028.42
"TN","Tunisia",2004,7472311.64
"TN","Tunisia",2005,6500715.72
"TN","Tunisia",2006,6581281.42
"TN","Tunisia",2007,5120813.43
"TN","Tunisia",2008,6142074.71
"TN","Tunisia",2009,4173145.55
"TN","Tunisia",2010,6297275.32
"TN","Tunisia",2011,5753119.85
"TN","Tunisia",2012,5886425.34
"TN","Tunisia",2013,6074539.25
"TN","Tunisia",2014,5841840.43
"TN","Tunisia",2015,4157345.6
"TR","Turkey",1993,1349767.65
"TR","Turkey",1994,1290683.44
"TR","Turkey",1995,1163405.35
"TR","Turkey",1996,1226222.01
"TR","Turkey",1997,1318234.97
"TR","Turkey",1999,2563988.31
"TR","Turkey",2000,2188234.59
"TR","Turkey",2001,2305142.82
"TR","Turkey",2002,2224297.46
"TR","Turkey",2003,4174188.76
"TR","Turkey",2004,3894786.28
"TR","Turkey",2005,3909094.95
"TR","Turkey",2006,3659681.44
"TR","Turkey",2007,3398041.17
"TR","Turkey",2008,2218875.64
"TR","Turkey",2009,2009570.11
"TR","Turkey",2010,3349991.51
"TR","Turkey",2011,2702824.32
"TR","Turkey",2012,4236229.11
"TR","Turkey",2013,5641729.38
"TR","Turkey",2014,6695167
"TR","Turkey",2015,6813995
"TM","Turkmenistan",1997,150778.94
"TM","Turkmenistan",1998,152838.31
"TM","Turkmenistan",1999,471446.59
"TM","Turkmenistan",2000,312561.29
"TM","Turkmenistan",2001,727506.31
"TM","Turkmenistan",2002,521507.29
"TM","Turkmenistan",2003,338242.25
"TM","Turkmenistan",2004,121198.12
"TM","Turkmenistan",2005,117616.52
"TM","Turkmenistan",2006,411916.4
"TM","Turkmenistan",2007,275682.16
"TM","Turkmenistan",2008,920982.23
"TM","Turkmenistan",2009,880533.52
"TM","Turkmenistan",2010,871687.71
"TM","Turkmenistan",2011,604660.36
"TM","Turkmenistan",2012,608104.98
"TM","Turkmenistan",2013,604593.59
"TM","Turkmenistan",2014,1626998.71
"TM","Turkmenistan",2015,1740256
"TV","Tuvalu",2003,79586.46
"TV","Tuvalu",2004,73006.51
"TV","Tuvalu",2005,149030.97
"TV","Tuvalu",2006,76447.61
"TV","Tuvalu",2007,70982.17
"TV","Tuvalu",2008,71052.99
"TV","Tuvalu",2009,700081.72
"TV","Tuvalu",2010,636652.35
"TV","Tuvalu",2011,531085
"TV","Tuvalu",2012,1417344.24
"TV","Tuvalu",2013,1296607.33
"TV","Tuvalu",2014,1494506.44
"TV","Tuvalu",2015,1665902.3
"UG","Uganda",1992,1582788.26
"UG","Uganda",1993,1058641.29
"UG","Uganda",1994,1012300.74
"UG","Uganda",1995,912474.78
"UG","Uganda",1996,1427959.58
"UG","Uganda",1997,501200.69
"UG","Uganda",1998,3561310.35
"UG","Uganda",1999,3416503.73
"UG","Uganda",2000,3538090.73
"UG","Uganda",2001,9632873.2
"UG","Uganda",2002,11047343.98
"UG","Uganda",2003,7388007.31
"UG","Uganda",2004,6813617.62
"UG","Uganda",2005,7890790.66
"UG","Uganda",2006,2911654.9
"UG","Uganda",2007,813705.24
"UG","Uganda",2008,2560493.36
"UG","Uganda",2009,2878639.64
"UG","Uganda",2010,2277297.73
"UG","Uganda",2011,1908494.65
"UG","Uganda",2012,3061069.6
"UG","Uganda",2013,2032661.33
"UG","Uganda",2014,4201395.85
"UG","Uganda",2015,5097228.4
"UA","Ukraine",2005,638721.59
"UA","Ukraine",2006,1177853.91
"UA","Ukraine",2007,674249.93
"UA","Ukraine",2008,1275407.88
"UA","Ukraine",2009,2737031.65
"UA","Ukraine",2010,4948593.68
"UA","Ukraine",2011,3875150.19
"UA","Ukraine",2012,5010615.28
"UA","Ukraine",2013,7996866.86
"UA","Ukraine",2014,6052160.24
"UA","Ukraine",2015,6018245.7
"UY","Uruguay",1993,793980.97
"UY","Uruguay",1994,759225.55
"UY","Uruguay",1995,684356.09
"UY","Uruguay",1996,889612.05
"UY","Uruguay",1997,1008622.03
"UY","Uruguay",1998,891394.12
"UY","Uruguay",1999,882637.68
"UY","Uruguay",2000,1592002.48
"UY","Uruguay",2001,1445417.78
"UY","Uruguay",2002,1614062.8
"UY","Uruguay",2003,276164.48
"UY","Uruguay",2004,2131423.66
"UY","Uruguay",2005,3374715.57
"UY","Uruguay",2006,2883670.61
"UY","Uruguay",2007,3844678.68
"UY","Uruguay",2008,4292138.83
"UY","Uruguay",2009,3016032.9
"UY","Uruguay",2010,1716815.54
"UY","Uruguay",2011,722865.99
"UY","Uruguay",2012,610889.22
"UY","Uruguay",2013,2056987.66
"UY","Uruguay",2014,1870703.67
"UY","Uruguay",2015,2383180
"UZ","Uzbekistan",1997,219059.64
"UZ","Uzbekistan",1998,222051.6
"UZ","Uzbekistan",1999,1217339.13
"UZ","Uzbekistan",2000,923087.68
"UZ","Uzbekistan",2001,1347224.84
"UZ","Uzbekistan",2002,1266068.35
"UZ","Uzbekistan",2003,1075395.59
"UZ","Uzbekistan",2004,73006.51
"UZ","Uzbekistan",2005,516276.43
"UZ","Uzbekistan",2006,478844.88
"UZ","Uzbekistan",2007,959207.37
"UZ","Uzbekistan",2008,1209518.76
"UZ","Uzbekistan",2009,2460843.7
"UZ","Uzbekistan",2010,2224635.74
"UZ","Uzbekistan",2011,1526869.37
"UZ","Uzbekistan",2012,2955260.82
"UZ","Uzbekistan",2013,3399860.46
"UZ","Uzbekistan",2014,3128959.91
"UZ","Uzbekistan",2015,3414468
"VU","Vanuatu",1997,89329.81
"VU","Vanuatu",1998,96270.4
"VU","Vanuatu",1999,94682.9
"VU","Vanuatu",2000,5826.4
"VU","Vanuatu",2001,61722.03
"VU","Vanuatu",2002,59557.33
"VU","Vanuatu",2003,288396.12
"VU","Vanuatu",2004,507299.03
"VU","Vanuatu",2005,439280.21
"VU","Vanuatu",2006,224128.23
"VU","Vanuatu",2007,143940.98
"VU","Vanuatu",2008,137066.79
"VU","Vanuatu",2009,631833.91
"VU","Vanuatu",2010,484495.59
"VU","Vanuatu",2011,456249.81
"VU","Vanuatu",2012,466821.57
"VU","Vanuatu",2013,464126
"VU","Vanuatu",2014,1829516.84
"VU","Vanuatu",2015,2919333
"VE","Venezuela",1997,117766.59
"VE","Venezuela",1998,119375.07
"VE","Venezuela",1999,552855.53
"VE","Venezuela",2000,3337360.64
"VE","Venezuela",2001,3274137.72
"VE","Venezuela",2002,2734837.47
"VE","Venezuela",2003,2594191
"VE","Venezuela",2004,2251950.05
"VE","Venezuela",2005,874949.56
"VE","Venezuela",2006,2555863.98
"VE","Venezuela",2007,2037846.81
"VE","Venezuela",2008,1350969.09
"VE","Venezuela",2009,2848101.58
"VE","Venezuela",2010,4225347.8
"VE","Venezuela",2011,3321016.11
"VE","Venezuela",2012,3307402.22
"VE","Venezuela",2013,3288304.24
"VE","Venezuela",2014,3468202.89
"VE","Venezuela",2015,2996860
"VN","Viet Nam",1992,1286801.71
"VN","Viet Nam",1993,1323283.09
"VN","Viet Nam",1994,1265358.21
"VN","Viet Nam",1996,1452471.99
"VN","Viet Nam",1997,1561462.25
"VN","Viet Nam",1998,1588029.21
"VN","Viet Nam",1999,1653106.72
"VN","Viet Nam",2000,2177803.52
"VN","Viet Nam",2001,929942.82
"VN","Viet Nam",2002,2962444.13
"VN","Viet Nam",2003,4281915.75
"VN","Viet Nam",2004,6047419.78
"VN","Viet Nam",2005,9022941.57
"VN","Viet Nam",2006,9119974.62
"VN","Viet Nam",2007,9316275.76
"VN","Viet Nam",2008,9343593.44
"VN","Viet Nam",2009,11143890.9
"VN","Viet Nam",2010,9405298.2
"VN","Viet Nam",2011,7348857.66
"VN","Viet Nam",2012,7004425.57
"VN","Viet Nam",2013,8910110.89
"VN","Viet Nam",2014,8263172.66
"VN","Viet Nam",2015,7577914.7
"west-indies","West Indies, regional",2012,0
"YE","Yemen",1993,741048.91
"YE","Yemen",1994,708610.52
"YE","Yemen",1995,638732.35
"YE","Yemen",1996,673219.93
"YE","Yemen",1997,2243377.45
"YE","Yemen",1998,1513758.74
"YE","Yemen",1999,2182405.87
"YE","Yemen",2000,2021813.98
"YE","Yemen",2001,2170124.14
"YE","Yemen",2002,302902.66
"YE","Yemen",2003,306408.12
"YE","Yemen",2004,344956.03
"YE","Yemen",2005,495670.74
"YE","Yemen",2006,415397.9
"YE","Yemen",2007,321375.42
"YE","Yemen",2008,1546627.99
"YE","Yemen",2009,1384655.05
"YE","Yemen",2010,1370744.85
"YE","Yemen",2011,708113.33
"YE","Yemen",2012,790935.41
"YE","Yemen",2013,66030.9
"YE","Yemen",2014,1426926.48
"YE","Yemen",2015,4959794.7
"ZM","Zambia",1997,234973.19
"ZM","Zambia",1998,238182.5
"ZM","Zambia",1999,234254.86
"ZM","Zambia",2002,202628.07
"ZM","Zambia",2003,178353.17
"ZM","Zambia",2004,1374602.37
"ZM","Zambia",2005,3778980.03
"ZM","Zambia",2006,3056669.34
"ZM","Zambia",2007,3730418.02
"ZM","Zambia",2008,3585953.22
"ZM","Zambia",2009,3568454.37
"ZM","Zambia",2010,1756120.06
"ZM","Zambia",2011,1407375.24
"ZM","Zambia",2012,3142401.61
"ZM","Zambia",2013,3850596.65
"ZM","Zambia",2014,3824794.29
"ZM","Zambia",2015,4263436.7
"ZW","Zimbabwe",1992,1801547.61
"ZW","Zimbabwe",1993,4320579.78
"ZW","Zimbabwe",1994,3036902.21
"ZW","Zimbabwe",1995,2737424.35
"ZW","Zimbabwe",1996,2885228.26
"ZW","Zimbabwe",1997,1461714.12
"ZW","Zimbabwe",1998,171639.6
"ZW","Zimbabwe",1999,168809.25
"ZW","Zimbabwe",2001,536461.55
"ZW","Zimbabwe",2002,524428.31
"ZW","Zimbabwe",2003,722047.76
"ZW","Zimbabwe",2004,271766.2
"ZW","Zimbabwe",2005,231853
"ZW","Zimbabwe",2007,316155.49
"ZW","Zimbabwe",2008,301056.86
"ZW","Zimbabwe",2009,311112.6
"ZW","Zimbabwe",2012,1270024.94
"ZW","Zimbabwe",2013,1930500.01
"ZW","Zimbabwe",2014,1866470.81
"ZW","Zimbabwe",2015,2007191.7
