"di_id","entity_name","year","value"
"AL","Albania",1981,3119
"AL","Albania",1984,9104
"AL","Albania",1987,14324
"AL","Albania",1990,13406
"AL","Albania",1993,14992
"AL","Albania",1996,12923
"AL","Albania",1999,60445
"AL","Albania",2002,30386
"AL","Albania",2005,32570
"AL","Albania",2008,13805
"AL","Albania",2010,36331
"AL","Albania",2011,50926
"AL","Albania",2012,72247
"AL","Albania",2013,87135
"AL","Albania",2015,95641
"DZ","Algeria",1981,0
"DZ","Algeria",1984,0
"DZ","Algeria",1987,0
"DZ","Algeria",1990,47502
"DZ","Algeria",1993,341835
"DZ","Algeria",1996,820591
"DZ","Algeria",1999,839680
"DZ","Algeria",2002,682003
"DZ","Algeria",2005,645056
"DZ","Algeria",2008,468870
"DZ","Algeria",2010,363592
"DZ","Algeria",2011,347869
"DZ","Algeria",2012,349380
"DZ","Algeria",2013,406806
"DZ","Algeria",2015,458940
"AO","Angola",1981,1122759
"AO","Angola",1984,1558289
"AO","Angola",1987,1793853
"AO","Angola",1990,1980280
"AO","Angola",1993,3967285
"AO","Angola",1996,4134017
"AO","Angola",1999,4088359
"AO","Angola",2002,6325744
"AO","Angola",2005,7825129
"AO","Angola",2008,6894818
"AO","Angola",2010,8434169
"AO","Angola",2011,9563616
"AO","Angola",2012,10076654
"AO","Angola",2013,10781665
"AO","Angola",2015,12335136
"AM","Armenia",1981,32910
"AM","Armenia",1984,53380
"AM","Armenia",1987,93429
"AM","Armenia",1990,118922
"AM","Armenia",1993,495479
"AM","Armenia",1996,339358
"AM","Armenia",1999,288035
"AM","Armenia",2002,272139
"AM","Armenia",2005,121657
"AM","Armenia",2008,47878
"AM","Armenia",2010,109661
"AM","Armenia",2011,143461
"AM","Armenia",2012,160435
"AM","Armenia",2013,207597
"AM","Armenia",2015,226406
"AU","Australia",1981,74031
"AU","Australia",1984,104371
"AU","Australia",1987,99875
"AU","Australia",1990,92178
"AU","Australia",1993,117650
"AU","Australia",1996,137220
"AU","Australia",1999,141605
"AU","Australia",2002,171433
"AU","Australia",2005,162771
"AU","Australia",2008,106087
"AU","Australia",2010,109726
"AU","Australia",2011,111261
"AU","Australia",2012,113195
"AU","Australia",2013,115133
"AU","Australia",2015,118479
"AT","Austria",1981,17381
"AT","Austria",1984,17365
"AT","Austria",1987,17395
"AT","Austria",1990,17632
"AT","Austria",1993,18155
"AT","Austria",1996,18278
"AT","Austria",1999,18354
"AT","Austria",2002,18560
"AT","Austria",2005,19506
"AT","Austria",2008,41022
"AT","Austria",2010,41421
"AT","Austria",2011,41472
"AT","Austria",2012,63011
"AT","Austria",2013,40215
"AT","Austria",2015,64574
"AZ","Azerbaijan",1981,12645
"AZ","Azerbaijan",1984,19721
"AZ","Azerbaijan",1987,23154
"AZ","Azerbaijan",1990,31416
"AZ","Azerbaijan",1993,104388
"AZ","Azerbaijan",1996,291015
"AZ","Azerbaijan",1999,161468
"AZ","Azerbaijan",2002,0
"AZ","Azerbaijan",2005,0
"AZ","Azerbaijan",2008,0
"AZ","Azerbaijan",2010,0
"AZ","Azerbaijan",2011,0
"AZ","Azerbaijan",2012,0
"AZ","Azerbaijan",2013,0
"AZ","Azerbaijan",2015,0
"BD","Bangladesh",1981,2131277
"BD","Bangladesh",1984,4414086
"BD","Bangladesh",1987,9251277
"BD","Bangladesh",1990,14059461
"BD","Bangladesh",1993,16573363
"BD","Bangladesh",1996,23907692
"BD","Bangladesh",1999,27593012
"BD","Bangladesh",2002,31515823
"BD","Bangladesh",2005,34811115
"BD","Bangladesh",2008,37119566
"BD","Bangladesh",2010,42534499
"BD","Bangladesh",2011,49039938
"BD","Bangladesh",2012,52048108
"BD","Bangladesh",2013,58434022
"BD","Bangladesh",2015,63371389
"BY","Belarus",1981,0
"BY","Belarus",1984,0
"BY","Belarus",1987,0
"BY","Belarus",1990,1641
"BY","Belarus",1993,2103
"BY","Belarus",1996,43377
"BY","Belarus",1999,575457
"BY","Belarus",2002,138756
"BY","Belarus",2005,35955
"BY","Belarus",2008,0
"BY","Belarus",2010,0
"BY","Belarus",2011,0
"BY","Belarus",2012,1141
"BY","Belarus",2013,0
"BY","Belarus",2015,0
"BE","Belgium",1981,23212
"BE","Belgium",1984,23204
"BE","Belgium",1987,23239
"BE","Belgium",1990,23467
"BE","Belgium",1993,23743
"BE","Belgium",1996,23913
"BE","Belgium",1999,24077
"BE","Belgium",2002,24328
"BE","Belgium",2005,24242
"BE","Belgium",2008,0
"BE","Belgium",2010,23616
"BE","Belgium",2011,26156
"BE","Belgium",2012,27066
"BE","Belgium",2013,27661
"BE","Belgium",2015,27319
"BZ","Belize",1981,10260
"BZ","Belize",1984,16133
"BZ","Belize",1987,19502
"BZ","Belize",1990,16792
"BZ","Belize",1993,14750
"BZ","Belize",1996,20167
"BZ","Belize",1999,27907
"BZ","Belize",2002,26711
"BZ","Belize",2005,39223
"BZ","Belize",2008,52857
"BZ","Belize",2010,56761
"BZ","Belize",2011,60124
"BZ","Belize",2012,62252
"BZ","Belize",2013,67855
"BZ","Belize",2015,74076
"BJ","Benin",1981,727718
"BJ","Benin",1984,1262480
"BJ","Benin",1987,1681795
"BJ","Benin",1990,1831705
"BJ","Benin",1993,2091352
"BJ","Benin",1996,2620118
"BJ","Benin",1999,2683936
"BJ","Benin",2002,2935594
"BJ","Benin",2005,3919126
"BJ","Benin",2008,4582073
"BJ","Benin",2010,5432920
"BJ","Benin",2011,5966604
"BJ","Benin",2012,6254026
"BJ","Benin",2013,6613485
"BJ","Benin",2015,7140655
"BT","Bhutan",1981,198330
"BT","Bhutan",1984,230926
"BT","Bhutan",1987,195441
"BT","Bhutan",1990,158034
"BT","Bhutan",1993,139272
"BT","Bhutan",1996,121214
"BT","Bhutan",1999,103244
"BT","Bhutan",2002,102751
"BT","Bhutan",2005,61878
"BT","Bhutan",2008,80325
"BT","Bhutan",2010,50212
"BT","Bhutan",2011,43961
"BT","Bhutan",2012,42122
"BT","Bhutan",2013,41334
"BT","Bhutan",2015,52645
"BO","Bolivia",1981,0
"BO","Bolivia",1984,20517
"BO","Bolivia",1987,39540
"BO","Bolivia",1990,36897
"BO","Bolivia",1993,456010
"BO","Bolivia",1996,1090868
"BO","Bolivia",1999,1827661
"BO","Bolivia",2002,1856833
"BO","Bolivia",2005,1725572
"BO","Bolivia",2008,1111891
"BO","Bolivia",2010,991683
"BO","Bolivia",2011,900529
"BO","Bolivia",2012,1045294
"BO","Bolivia",2013,966472
"BO","Bolivia",2015,996476
"BA","Bosnia & Herzegovina",1984,28022
"BA","Bosnia & Herzegovina",1987,29486
"BA","Bosnia & Herzegovina",1990,64891
"BA","Bosnia & Herzegovina",1993,341583
"BA","Bosnia & Herzegovina",1996,27281
"BA","Bosnia & Herzegovina",1999,11201
"BA","Bosnia & Herzegovina",2002,9552
"BA","Bosnia & Herzegovina",2005,4883
"BA","Bosnia & Herzegovina",2008,2350
"BA","Bosnia & Herzegovina",2010,3955
"BA","Bosnia & Herzegovina",2011,5069
"BA","Bosnia & Herzegovina",2012,8382
"BA","Bosnia & Herzegovina",2013,11165
"BA","Bosnia & Herzegovina",2015,14479
"BW","Botswana",1981,308100
"BW","Botswana",1984,318272
"BW","Botswana",1987,339726
"BW","Botswana",1990,287061
"BW","Botswana",1993,342592
"BW","Botswana",1996,398597
"BW","Botswana",1999,383949
"BW","Botswana",2002,461257
"BW","Botswana",2005,458726
"BW","Botswana",2008,362680
"BW","Botswana",2010,413255
"BW","Botswana",2011,432124
"BW","Botswana",2012,447815
"BW","Botswana",2013,440674
"BW","Botswana",2015,494391
"BR","Brazil",1981,10313589
"BR","Brazil",1984,17972820
"BR","Brazil",1987,14680025
"BR","Brazil",1990,19545312
"BR","Brazil",1993,20156368
"BR","Brazil",1996,17349770
"BR","Brazil",1999,16531190
"BR","Brazil",2002,14690896
"BR","Brazil",2005,15612116
"BR","Brazil",2008,11935245
"BR","Brazil",2010,11752437
"BR","Brazil",2011,12310478
"BR","Brazil",2012,10572097
"BR","Brazil",2013,11644856
"BR","Brazil",2015,12134554
"BG","Bulgaria",1981,3209
"BG","Bulgaria",1984,3331
"BG","Bulgaria",1987,3386
"BG","Bulgaria",1990,4760
"BG","Bulgaria",1993,11891
"BG","Bulgaria",1996,30467
"BG","Bulgaria",1999,113093
"BG","Bulgaria",2002,62818
"BG","Bulgaria",2005,47128
"BG","Bulgaria",2008,91068
"BG","Bulgaria",2010,165747
"BG","Bulgaria",2011,218267
"BG","Bulgaria",2012,200173
"BG","Bulgaria",2013,233733
"BG","Bulgaria",2015,195300
"BF","Burkina Faso",1981,4683239
"BF","Burkina Faso",1984,5535968
"BF","Burkina Faso",1987,6023381
"BF","Burkina Faso",1990,6520391
"BF","Burkina Faso",1993,7051377
"BF","Burkina Faso",1996,7857418
"BF","Burkina Faso",1999,7522583
"BF","Burkina Faso",2002,7144227
"BF","Burkina Faso",2005,7435936
"BF","Burkina Faso",2008,8438269
"BF","Burkina Faso",2010,9543188
"BF","Burkina Faso",2011,10114471
"BF","Burkina Faso",2012,10408409
"BF","Burkina Faso",2013,11047088
"BF","Burkina Faso",2015,12116127
"BI","Burundi",1981,2060783
"BI","Burundi",1984,2911701
"BI","Burundi",1987,3126249
"BI","Burundi",1990,3312956
"BI","Burundi",1993,3726744
"BI","Burundi",1996,4541011
"BI","Burundi",1999,4748076
"BI","Burundi",2002,5040575
"BI","Burundi",2005,5843050
"BI","Burundi",2008,6381581
"BI","Burundi",2010,7020102
"BI","Burundi",2011,7388135
"BI","Burundi",2012,7668163
"BI","Burundi",2013,7988227
"BI","Burundi",2015,8841954
"CM","Cameroon",1981,367706
"CM","Cameroon",1984,484443
"CM","Cameroon",1987,711482
"CM","Cameroon",1990,1578599
"CM","Cameroon",1993,3597245
"CM","Cameroon",1996,4594108
"CM","Cameroon",1999,2724731
"CM","Cameroon",2002,2815756
"CM","Cameroon",2005,4533281
"CM","Cameroon",2008,5961555
"CM","Cameroon",2010,7166206
"CM","Cameroon",2011,7709899
"CM","Cameroon",2012,7895285
"CM","Cameroon",2013,8141133
"CM","Cameroon",2015,8249197
"CA","Canada",1981,123186
"CA","Canada",1984,63577
"CA","Canada",1987,0
"CA","Canada",1990,45349
"CA","Canada",1993,68610
"CA","Canada",1996,72246
"CA","Canada",1999,75784
"CA","Canada",2002,77365
"CA","Canada",2005,79204
"CA","Canada",2008,82598
"CA","Canada",2010,84616
"CA","Canada",2011,113947
"CA","Canada",2012,144130
"CA","Canada",2013,174976
"CA","Canada",2015,178426
"CV","Cape Verde",1981,109156
"CV","Cape Verde",1984,125486
"CV","Cape Verde",1987,130718
"CV","Cape Verde",1990,124883
"CV","Cape Verde",1993,119504
"CV","Cape Verde",1996,91204
"CV","Cape Verde",1999,59097
"CV","Cape Verde",2002,50394
"CV","Cape Verde",2005,52452
"CV","Cape Verde",2008,42183
"CV","Cape Verde",2010,53889
"CV","Cape Verde",2011,58571
"CV","Cape Verde",2012,66307
"CV","Cape Verde",2013,77890
"CV","Cape Verde",2015,92780
"CF","CAR",1981,1459925
"CF","CAR",1984,1727719
"CF","CAR",1987,1967627
"CF","CAR",1990,2133662
"CF","CAR",1993,2411218
"CF","CAR",1996,2449039
"CF","CAR",1999,2274026
"CF","CAR",2002,2247199
"CF","CAR",2005,2666802
"CF","CAR",2008,2965225
"CF","CAR",2010,3099112
"CF","CAR",2011,3182852
"CF","CAR",2012,3182334
"CF","CAR",2013,3870053
"CF","CAR",2015,3928917
"TD","Chad",1981,2276140
"TD","Chad",1984,2478548
"TD","Chad",1987,2837748
"TD","Chad",1990,2957911
"TD","Chad",1993,3720917
"TD","Chad",1996,4439603
"TD","Chad",1999,4938556
"TD","Chad",2002,5483688
"TD","Chad",2005,3888673
"TD","Chad",2008,5041696
"TD","Chad",2010,5143985
"TD","Chad",2011,5872600
"TD","Chad",2012,5925554
"TD","Chad",2013,6438730
"TD","Chad",2015,7129306
"CL","Chile",1981,275041
"CL","Chile",1984,638731
"CL","Chile",1987,720785
"CL","Chile",1990,480224
"CL","Chile",1993,323479
"CL","Chile",1996,320445
"CL","Chile",1999,434872
"CL","Chile",2002,526105
"CL","Chile",2005,448044
"CL","Chile",2008,421738
"CL","Chile",2010,435592
"CL","Chile",2011,397653
"CL","Chile",2012,305252
"CL","Chile",2013,266542
"CL","Chile",2015,398770
"CN","China",1981,531534071
"CN","China",1984,428723301
"CN","China",1987,376883738
"CN","China",1990,454295815
"CN","China",1993,429524410
"CN","China",1996,348940942
"CN","China",1999,366107294
"CN","China",2002,326461923
"CN","China",2005,233916962
"CN","China",2008,214924082
"CN","China",2010,193556416
"CN","China",2011,168001599
"CN","China",2012,152910560
"CN","China",2013,79299416
"CN","China",2015,49137600
"CO","Colombia",1981,1316721
"CO","Colombia",1984,1665920
"CO","Colombia",1987,1873313
"CO","Colombia",1990,1896377
"CO","Colombia",1993,2455919
"CO","Colombia",1996,5024843
"CO","Colombia",1999,6426915
"CO","Colombia",2002,4753320
"CO","Colombia",2005,4011788
"CO","Colombia",2008,5068141
"CO","Colombia",2010,4438235
"CO","Colombia",2011,4217155
"CO","Colombia",2012,4431937
"CO","Colombia",2013,4487123
"CO","Colombia",2015,4113008
"KM","Comoros",1981,4770
"KM","Comoros",1984,6403
"KM","Comoros",1987,12524
"KM","Comoros",1990,15761
"KM","Comoros",1993,20954
"KM","Comoros",1996,46738
"KM","Comoros",1999,54241
"KM","Comoros",2002,55995
"KM","Comoros",2005,80883
"KM","Comoros",2008,113962
"KM","Comoros",2010,144135
"KM","Comoros",2011,169845
"KM","Comoros",2012,187009
"KM","Comoros",2013,208058
"KM","Comoros",2015,241035
"CG","Congo",1981,399332
"CG","Congo",1984,366919
"CG","Congo",1987,623907
"CG","Congo",1990,704118
"CG","Congo",1993,881815
"CG","Congo",1996,1217520
"CG","Congo",1999,1464544
"CG","Congo",2002,1574411
"CG","Congo",2005,1882441
"CG","Congo",2008,2008145
"CG","Congo",2010,1885084
"CG","Congo",2011,2031242
"CG","Congo",2012,2150021
"CG","Congo",2013,2324642
"CG","Congo",2015,2510393
"CR","Costa Rica",1981,296721
"CR","Costa Rica",1984,274616
"CR","Costa Rica",1987,244548
"CR","Costa Rica",1990,203583
"CR","Costa Rica",1993,190674
"CR","Costa Rica",1996,228472
"CR","Costa Rica",1999,182822
"CR","Costa Rica",2002,149377
"CR","Costa Rica",2005,125787
"CR","Costa Rica",2008,108581
"CR","Costa Rica",2010,83492
"CR","Costa Rica",2011,109556
"CR","Costa Rica",2012,111966
"CR","Costa Rica",2013,127088
"CR","Costa Rica",2015,131752
"CI","Côte d'Ivoire",1981,103863
"CI","Côte d'Ivoire",1984,197197
"CI","Côte d'Ivoire",1987,203366
"CI","Côte d'Ivoire",1990,670948
"CI","Côte d'Ivoire",1993,1432639
"CI","Côte d'Ivoire",1996,1739816
"CI","Côte d'Ivoire",1999,2707273
"CI","Côte d'Ivoire",2002,3039583
"CI","Côte d'Ivoire",2005,4740626
"CI","Côte d'Ivoire",2008,6104880
"CI","Côte d'Ivoire",2010,7993068
"CI","Côte d'Ivoire",2011,9910867
"CI","Côte d'Ivoire",2012,10018710
"CI","Côte d'Ivoire",2013,10591029
"CI","Côte d'Ivoire",2015,10988494
"HR","Croatia",1981,1098
"HR","Croatia",1984,1415
"HR","Croatia",1987,1512
"HR","Croatia",1990,4606
"HR","Croatia",1993,12196
"HR","Croatia",1996,18039
"HR","Croatia",1999,8954
"HR","Croatia",2002,1443
"HR","Croatia",2005,0
"HR","Croatia",2008,0
"HR","Croatia",2010,0
"HR","Croatia",2011,42498
"HR","Croatia",2012,53214
"HR","Croatia",2013,71966
"HR","Croatia",2015,41837
"CY","Cyprus",1981,0
"CY","Cyprus",1984,0
"CY","Cyprus",1987,0
"CY","Cyprus",1990,0
"CY","Cyprus",1993,0
"CY","Cyprus",1996,0
"CY","Cyprus",1999,0
"CY","Cyprus",2002,0
"CY","Cyprus",2005,0
"CY","Cyprus",2008,0
"CY","Cyprus",2010,0
"CY","Cyprus",2011,0
"CY","Cyprus",2012,0
"CY","Cyprus",2013,0
"CY","Cyprus",2015,0
"CZ","Czech Republic",1981,0
"CZ","Czech Republic",1984,0
"CZ","Czech Republic",1987,0
"CZ","Czech Republic",1990,0
"CZ","Czech Republic",1993,0
"CZ","Czech Republic",1996,13306
"CZ","Czech Republic",1999,8162
"CZ","Czech Republic",2002,3250
"CZ","Czech Republic",2005,0
"CZ","Czech Republic",2008,0
"CZ","Czech Republic",2010,0
"CZ","Czech Republic",2011,0
"CZ","Czech Republic",2012,16999
"CZ","Czech Republic",2013,0
"CZ","Czech Republic",2015,0
"DK","Denmark",1981,11465
"DK","Denmark",1984,11443
"DK","Denmark",1987,11477
"DK","Denmark",1990,11508
"DK","Denmark",1993,11615
"DK","Denmark",1996,11782
"DK","Denmark",1999,11913
"DK","Denmark",2002,12034
"DK","Denmark",2005,12167
"DK","Denmark",2008,13690
"DK","Denmark",2010,0
"DK","Denmark",2011,0
"DK","Denmark",2012,0
"DK","Denmark",2013,13620
"DK","Denmark",2015,12034
"DJ","Djibouti",1990,17585
"DJ","Djibouti",1993,34340
"DJ","Djibouti",1996,65754
"DJ","Djibouti",1999,90422
"DJ","Djibouti",2002,113968
"DJ","Djibouti",2005,152582
"DJ","Djibouti",2008,168786
"DJ","Djibouti",2010,190017
"DJ","Djibouti",2011,213937
"DJ","Djibouti",2012,224526
"DJ","Djibouti",2013,291509
"DJ","Djibouti",2015,291266
"DO","Dominican Republic",1981,82470
"DO","Dominican Republic",1984,118628
"DO","Dominican Republic",1987,241314
"DO","Dominican Republic",1990,413469
"DO","Dominican Republic",1993,168618
"DO","Dominican Republic",1996,260040
"DO","Dominican Republic",1999,301347
"DO","Dominican Republic",2002,395940
"DO","Dominican Republic",2005,507596
"DO","Dominican Republic",2008,430669
"DO","Dominican Republic",2010,387055
"DO","Dominican Republic",2011,501364
"DO","Dominican Republic",2012,563333
"DO","Dominican Republic",2013,580216
"DO","Dominican Republic",2015,504127
"CD","DRC",1981,7842303
"CD","DRC",1984,11130358
"CD","DRC",1987,13726616
"CD","DRC",1990,18202624
"CD","DRC",1993,29517835
"CD","DRC",1996,36221172
"CD","DRC",1999,41115255
"CD","DRC",2002,46448714
"CD","DRC",2005,51244447
"CD","DRC",2008,54058782
"CD","DRC",2010,57241071
"CD","DRC",2011,58521854
"CD","DRC",2012,59121849
"CD","DRC",2013,60688411
"CD","DRC",2015,64185662
"EC","Ecuador",1981,608984
"EC","Ecuador",1984,902131
"EC","Ecuador",1987,1060731
"EC","Ecuador",1990,1156930
"EC","Ecuador",1993,1237753
"EC","Ecuador",1996,1539971
"EC","Ecuador",1999,2091853
"EC","Ecuador",2002,1662675
"EC","Ecuador",2005,1594048
"EC","Ecuador",2008,1154298
"EC","Ecuador",2010,1055206
"EC","Ecuador",2011,1012659
"EC","Ecuador",2012,1033814
"EC","Ecuador",2013,915447
"EC","Ecuador",2015,1098927
"EG","Egypt",1981,213696
"EG","Egypt",1984,439769
"EG","Egypt",1987,703736
"EG","Egypt",1990,449247
"EG","Egypt",1993,461641
"EG","Egypt",1996,667445
"EG","Egypt",1999,556679
"EG","Egypt",2002,1064648
"EG","Egypt",2005,2944097
"EG","Egypt",2008,4284419
"EG","Egypt",2010,5092565
"EG","Egypt",2011,6157032
"EG","Egypt",2012,6265183
"EG","Egypt",2013,7584426
"EG","Egypt",2015,7243939
"SV","El Salvador",1981,425225
"SV","El Salvador",1984,555020
"SV","El Salvador",1987,642866
"SV","El Salvador",1990,625318
"SV","El Salvador",1993,592538
"SV","El Salvador",1996,597949
"SV","El Salvador",1999,773685
"SV","El Salvador",2002,687169
"SV","El Salvador",2005,606961
"SV","El Salvador",2008,477751
"SV","El Salvador",2010,464203
"SV","El Salvador",2011,482224
"SV","El Salvador",2012,449032
"SV","El Salvador",2013,429691
"SV","El Salvador",2015,391259
"EE","Estonia",1981,4050
"EE","Estonia",1984,4598
"EE","Estonia",1987,5412
"EE","Estonia",1990,4989
"EE","Estonia",1993,9208
"EE","Estonia",1996,2140
"EE","Estonia",1999,5349
"EE","Estonia",2002,10974
"EE","Estonia",2005,10057
"EE","Estonia",2008,6590
"EE","Estonia",2010,13299
"EE","Estonia",2011,13213
"EE","Estonia",2012,13127
"EE","Estonia",2013,15638
"EE","Estonia",2015,9750
"ET","Ethiopia",1981,5958128
"ET","Ethiopia",1984,10616402
"ET","Ethiopia",1987,14266206
"ET","Ethiopia",1990,17749772
"ET","Ethiopia",1993,26444649
"ET","Ethiopia",1996,27698156
"ET","Ethiopia",1999,26276499
"ET","Ethiopia",2002,25381957
"ET","Ethiopia",2005,26680147
"ET","Ethiopia",2008,32070097
"ET","Ethiopia",2010,37426115
"ET","Ethiopia",2011,41813238
"ET","Ethiopia",2012,43870912
"ET","Ethiopia",2013,47022143
"ET","Ethiopia",2015,48774094
"FJ","Fiji",1981,3528
"FJ","Fiji",1984,12890
"FJ","Fiji",1987,29295
"FJ","Fiji",1990,14769
"FJ","Fiji",1993,17759
"FJ","Fiji",1996,19967
"FJ","Fiji",1999,18508
"FJ","Fiji",2002,20761
"FJ","Fiji",2005,28161
"FJ","Fiji",2008,34830
"FJ","Fiji",2010,40273
"FJ","Fiji",2011,47635
"FJ","Fiji",2012,50465
"FJ","Fiji",2013,53509
"FJ","Fiji",2015,50502
"FI","Finland",1981,0
"FI","Finland",1984,0
"FI","Finland",1987,0
"FI","Finland",1990,0
"FI","Finland",1993,0
"FI","Finland",1996,0
"FI","Finland",1999,0
"FI","Finland",2002,0
"FI","Finland",2005,0
"FI","Finland",2008,0
"FI","Finland",2010,0
"FI","Finland",2011,0
"FI","Finland",2012,0
"FI","Finland",2013,0
"FI","Finland",2015,0
"FR","France",1981,0
"FR","France",1984,0
"FR","France",1987,0
"FR","France",1990,0
"FR","France",1993,0
"FR","France",1996,0
"FR","France",1999,0
"FR","France",2002,0
"FR","France",2005,0
"FR","France",2008,0
"FR","France",2010,0
"FR","France",2011,0
"FR","France",2012,0
"FR","France",2013,0
"FR","France",2015,164830
"GA","Gabon",1981,3201
"GA","Gabon",1984,5611
"GA","Gabon",1987,22972
"GA","Gabon",1990,12514
"GA","Gabon",1993,16678
"GA","Gabon",1996,21921
"GA","Gabon",1999,34891
"GA","Gabon",2002,60702
"GA","Gabon",2005,105195
"GA","Gabon",2008,148090
"GA","Gabon",2010,166004
"GA","Gabon",2011,173193
"GA","Gabon",2012,174982
"GA","Gabon",2013,180172
"GA","Gabon",2015,170458
"GM","Gambia",1981,240431
"GM","Gambia",1984,320056
"GM","Gambia",1987,437060
"GM","Gambia",1990,493001
"GM","Gambia",1993,559970
"GM","Gambia",1996,693492
"GM","Gambia",1999,565722
"GM","Gambia",2002,743085
"GM","Gambia",2005,586345
"GM","Gambia",2008,579563
"GM","Gambia",2010,530841
"GM","Gambia",2011,612881
"GM","Gambia",2012,577706
"GM","Gambia",2013,572481
"GM","Gambia",2015,538956
"GE","Georgia",1981,0
"GE","Georgia",1984,0
"GE","Georgia",1987,0
"GE","Georgia",1990,0
"GE","Georgia",1993,135717
"GE","Georgia",1996,141784
"GE","Georgia",1999,617144
"GE","Georgia",2002,357558
"GE","Georgia",2005,482182
"GE","Georgia",2008,553109
"GE","Georgia",2010,654483
"GE","Georgia",2011,654326
"GE","Georgia",2012,564993
"GE","Georgia",2013,496705
"GE","Georgia",2015,406943
"DE","Germany",1981,0
"DE","Germany",1984,0
"DE","Germany",1987,0
"DE","Germany",1990,0
"DE","Germany",1993,93854
"DE","Germany",1996,94731
"DE","Germany",1999,23736
"DE","Germany",2002,0
"DE","Germany",2005,0
"DE","Germany",2008,0
"DE","Germany",2010,0
"DE","Germany",2011,0
"DE","Germany",2012,0
"DE","Germany",2013,0
"DE","Germany",2015,0
"GH","Ghana",1981,1246632
"GH","Ghana",1984,2690549
"GH","Ghana",1987,3175908
"GH","Ghana",1990,3678940
"GH","Ghana",1993,4359488
"GH","Ghana",1996,4971394
"GH","Ghana",1999,4573495
"GH","Ghana",2002,4982607
"GH","Ghana",2005,5424125
"GH","Ghana",2008,5415336
"GH","Ghana",2010,5677692
"GH","Ghana",2011,5477262
"GH","Ghana",2012,5333429
"GH","Ghana",2013,5617361
"GH","Ghana",2015,6184868
"GR","Greece",1981,48481
"GR","Greece",1984,49311
"GR","Greece",1987,49833
"GR","Greece",1990,50810
"GR","Greece",1993,52124
"GR","Greece",1996,52863
"GR","Greece",1999,53625
"GR","Greece",2002,54325
"GR","Greece",2005,26788
"GR","Greece",2008,54946
"GR","Greece",2010,110925
"GR","Greece",2011,166215
"GR","Greece",2012,243968
"GR","Greece",2013,187792
"GR","Greece",2015,270510
"GT","Guatemala",1981,1692029
"GT","Guatemala",1984,2483623
"GT","Guatemala",1987,2769130
"GT","Guatemala",1990,2219442
"GT","Guatemala",1993,1741693
"GT","Guatemala",1996,1399998
"GT","Guatemala",1999,883579
"GT","Guatemala",2002,917717
"GT","Guatemala",2005,1371420
"GT","Guatemala",2008,1552981
"GT","Guatemala",2010,1895924
"GT","Guatemala",2011,2153780
"GT","Guatemala",2012,2311447
"GT","Guatemala",2013,2604482
"GT","Guatemala",2015,2754242
"GN","Guinea",1981,3406433
"GN","Guinea",1984,3994910
"GN","Guinea",1987,4458153
"GN","Guinea",1990,4940454
"GN","Guinea",1993,3676936
"GN","Guinea",1996,3432983
"GN","Guinea",1999,4085775
"GN","Guinea",2002,4948495
"GN","Guinea",2005,5808541
"GN","Guinea",2008,5894079
"GN","Guinea",2010,6867983
"GN","Guinea",2011,6474438
"GN","Guinea",2012,5741795
"GN","Guinea",2013,6225175
"GN","Guinea",2015,6803105
"GW","Guinea-Bissau",1981,230277
"GW","Guinea-Bissau",1984,281529
"GW","Guinea-Bissau",1987,332538
"GW","Guinea-Bissau",1990,326670
"GW","Guinea-Bissau",1993,511545
"GW","Guinea-Bissau",1996,440279
"GW","Guinea-Bissau",1999,586721
"GW","Guinea-Bissau",2002,578392
"GW","Guinea-Bissau",2005,792581
"GW","Guinea-Bissau",2008,978200
"GW","Guinea-Bissau",2010,1130148
"GW","Guinea-Bissau",2011,1168467
"GW","Guinea-Bissau",2012,1234569
"GW","Guinea-Bissau",2013,1299488
"GW","Guinea-Bissau",2015,1396958
"GY","Guyana",1981,63431
"GY","Guyana",1984,146201
"GY","Guyana",1987,168181
"GY","Guyana",1990,189698
"GY","Guyana",1993,127673
"GY","Guyana",1996,84630
"GY","Guyana",1999,73033
"GY","Guyana",2002,77450
"GY","Guyana",2005,92845
"GY","Guyana",2008,82575
"GY","Guyana",2010,81632
"GY","Guyana",2011,84602
"GY","Guyana",2012,83490
"GY","Guyana",2013,86596
"GY","Guyana",2015,88742
"HT","Haiti",1996,4344829
"HT","Haiti",1999,4304881
"HT","Haiti",2002,4537472
"HT","Haiti",2005,5053631
"HT","Haiti",2008,5481773
"HT","Haiti",2010,5318271
"HT","Haiti",2011,5786453
"HT","Haiti",2012,3348829
"HT","Haiti",2013,3693560
"HT","Haiti",2015,4267932
"HN","Honduras",1981,812070
"HN","Honduras",1984,1106842
"HN","Honduras",1987,1368046
"HN","Honduras",1990,1552072
"HN","Honduras",1993,736418
"HN","Honduras",1996,1427131
"HN","Honduras",1999,1328104
"HN","Honduras",2002,1371235
"HN","Honduras",2005,1921341
"HN","Honduras",2008,1386947
"HN","Honduras",2010,1462717
"HN","Honduras",2011,1805417
"HN","Honduras",2012,2203149
"HN","Honduras",2013,2176866
"HN","Honduras",2015,2342018
"HU","Hungary",1981,4539
"HU","Hungary",1984,4811
"HU","Hungary",1987,4816
"HU","Hungary",1990,4921
"HU","Hungary",1993,12609
"HU","Hungary",1996,17532
"HU","Hungary",1999,1921
"HU","Hungary",2002,0
"HU","Hungary",2005,0
"HU","Hungary",2008,0
"HU","Hungary",2010,0
"HU","Hungary",2011,24248
"HU","Hungary",2012,47204
"HU","Hungary",2013,24141
"HU","Hungary",2015,96875
"IS","Iceland",1981,0
"IS","Iceland",1984,0
"IS","Iceland",1987,0
"IS","Iceland",1990,0
"IS","Iceland",1993,0
"IS","Iceland",1996,0
"IS","Iceland",1999,0
"IS","Iceland",2002,0
"IS","Iceland",2005,0
"IS","Iceland",2008,0
"IS","Iceland",2010,794
"IS","Iceland",2011,796
"IS","Iceland",2012,0
"IS","Iceland",2013,0
"IS","Iceland",2015,0
"IN","India",1981,109824242
"IN","India",1984,165091026
"IN","India",1987,194713098
"IN","India",1990,169334501
"IN","India",1993,187163013
"IN","India",1996,256456220
"IN","India",1999,265611012
"IN","India",2002,320467916
"IN","India",2005,409438542
"IN","India",2008,448358093
"IN","India",2010,462054511
"IN","India",2011,449152269
"IN","India",2012,461195486
"IN","India",2013,487441485
"IN","India",2015,477894111
"ID","Indonesia",1981,50610689
"ID","Indonesia",1984,63045225
"ID","Indonesia",1987,76118087
"ID","Indonesia",1990,52899574
"ID","Indonesia",1993,60668537
"ID","Indonesia",1996,60518617
"ID","Indonesia",1999,50939118
"ID","Indonesia",2002,28774141
"ID","Indonesia",2005,44490129
"ID","Indonesia",2008,57943757
"ID","Indonesia",2010,54881342
"ID","Indonesia",2011,59472545
"ID","Indonesia",2012,60811457
"ID","Indonesia",2013,63892875
"ID","Indonesia",2015,60980783
"IR","Iran",1981,588750
"IR","Iran",1984,525886
"IR","Iran",1987,1694199
"IR","Iran",1990,1023597
"IR","Iran",1993,452981
"IR","Iran",1996,777386
"IR","Iran",1999,580028
"IR","Iran",2002,279146
"IR","Iran",2005,291211
"IR","Iran",2008,634651
"IR","Iran",2010,684672
"IR","Iran",2011,564424
"IR","Iran",2012,436735
"IR","Iran",2013,314003
"IR","Iran",2015,1316265
"IQ","Iraq",1981,37847
"IQ","Iraq",1984,301295
"IQ","Iraq",1987,351936
"IQ","Iraq",1990,55353
"IQ","Iraq",1993,1209903
"IQ","Iraq",1996,1627805
"IQ","Iraq",1999,139540
"IQ","Iraq",2002,356139
"IQ","Iraq",2005,701261
"IQ","Iraq",2008,828925
"IQ","Iraq",2010,1298794
"IQ","Iraq",2011,1815016
"IQ","Iraq",2012,2034351
"IQ","Iraq",2013,2411165
"IQ","Iraq",2015,3358340
"IE","Ireland",1981,8376
"IE","Ireland",1984,8569
"IE","Ireland",1987,8588
"IE","Ireland",1990,8524
"IE","Ireland",1993,8675
"IE","Ireland",1996,8824
"IE","Ireland",1999,9109
"IE","Ireland",2002,0
"IE","Ireland",2005,0
"IE","Ireland",2008,9011
"IE","Ireland",2010,22281
"IE","Ireland",2011,21601
"IE","Ireland",2012,21352
"IE","Ireland",2013,34074
"IE","Ireland",2015,22693
"IL","Israel",1981,2662
"IL","Israel",1984,6996
"IL","Israel",1987,8574
"IL","Israel",1990,3658
"IL","Israel",1993,2584
"IL","Israel",1996,11184
"IL","Israel",1999,7522
"IL","Israel",2002,7919
"IL","Israel",2005,33410
"IL","Israel",2008,35929
"IL","Israel",2010,37673
"IL","Israel",2011,48145
"IL","Israel",2012,58993
"IL","Israel",2013,60104
"IL","Israel",2015,62495
"IT","Italy",1981,418505
"IT","Italy",1984,419061
"IT","Italy",1987,419248
"IT","Italy",1990,420116
"IT","Italy",1993,420950
"IT","Italy",1996,421161
"IT","Italy",1999,421576
"IT","Italy",2002,422633
"IT","Italy",2005,430800
"IT","Italy",2008,440558
"IT","Italy",2010,738785
"IT","Italy",2011,735230
"IT","Italy",2012,891779
"IT","Italy",2013,1049495
"IT","Italy",2015,1359625
"JM","Jamaica",1981,27039
"JM","Jamaica",1984,47284
"JM","Jamaica",1987,57869
"JM","Jamaica",1990,27529
"JM","Jamaica",1993,93399
"JM","Jamaica",1996,46091
"JM","Jamaica",1999,42662
"JM","Jamaica",2002,50699
"JM","Jamaica",2005,43747
"JM","Jamaica",2008,51239
"JM","Jamaica",2010,90792
"JM","Jamaica",2011,106996
"JM","Jamaica",2012,117537
"JM","Jamaica",2013,139831
"JM","Jamaica",2015,179744
"JP","Japan",1981,259753
"JP","Japan",1984,264985
"JP","Japan",1987,269562
"JP","Japan",1990,272755
"JP","Japan",1993,274961
"JP","Japan",1996,277656
"JP","Japan",1999,279586
"JP","Japan",2002,281383
"JP","Japan",2005,282107
"JP","Japan",2008,282748
"JP","Japan",2010,609028
"JP","Japan",2011,607901
"JP","Japan",2012,606931
"JP","Japan",2013,606056
"JP","Japan",2015,604611
"JO","Jordan",1981,0
"JO","Jordan",1984,0
"JO","Jordan",1987,529
"JO","Jordan",1990,15152
"JO","Jordan",1993,22366
"JO","Jordan",1996,29989
"JO","Jordan",1999,26840
"JO","Jordan",2002,22099
"JO","Jordan",2005,21261
"JO","Jordan",2008,12877
"JO","Jordan",2010,18858
"JO","Jordan",2011,28836
"JO","Jordan",2012,46863
"JO","Jordan",2013,88735
"JO","Jordan",2015,139928
"KZ","Kazakhstan",1981,0
"KZ","Kazakhstan",1984,0
"KZ","Kazakhstan",1987,0
"KZ","Kazakhstan",1990,0
"KZ","Kazakhstan",1993,88570
"KZ","Kazakhstan",1996,602775
"KZ","Kazakhstan",1999,854425
"KZ","Kazakhstan",2002,601317
"KZ","Kazakhstan",2005,985246
"KZ","Kazakhstan",2008,26552
"KZ","Kazakhstan",2010,38810
"KZ","Kazakhstan",2011,20874
"KZ","Kazakhstan",2012,13163
"KZ","Kazakhstan",2013,11864
"KZ","Kazakhstan",2015,20942
"KE","Kenya",1981,1868658
"KE","Kenya",1984,3242273
"KE","Kenya",1987,3836972
"KE","Kenya",1990,3885516
"KE","Kenya",1993,6189836
"KE","Kenya",1996,5850833
"KE","Kenya",1999,7711006
"KE","Kenya",2002,11404319
"KE","Kenya",2005,15369278
"KE","Kenya",2008,17627040
"KE","Kenya",2010,19541309
"KE","Kenya",2011,21303538
"KE","Kenya",2012,22438103
"KE","Kenya",2013,24400635
"KE","Kenya",2015,26831329
"KI","Kiribati",1981,517
"KI","Kiribati",1984,727
"KI","Kiribati",1987,2421
"KI","Kiribati",1990,2673
"KI","Kiribati",1993,3687
"KI","Kiribati",1996,5683
"KI","Kiribati",1999,5893
"KI","Kiribati",2002,6669
"KI","Kiribati",2005,10308
"KI","Kiribati",2008,14422
"KI","Kiribati",2010,19470
"KI","Kiribati",2011,23465
"KI","Kiribati",2012,23952
"KI","Kiribati",2013,26362
"KI","Kiribati",2015,26047
"XK","Kosovo",1996,56322
"XK","Kosovo",1999,56180
"XK","Kosovo",2002,16485
"XK","Kosovo",2005,49303
"XK","Kosovo",2008,49823
"XK","Kosovo",2010,55083
"XK","Kosovo",2011,44669
"XK","Kosovo",2012,31878
"XK","Kosovo",2013,19523
"XK","Kosovo",2015,28234
"KG","Kyrgyzstan",1981,87727
"KG","Kyrgyzstan",1984,119532
"KG","Kyrgyzstan",1987,164072
"KG","Kyrgyzstan",1990,202409
"KG","Kyrgyzstan",1993,473259
"KG","Kyrgyzstan",1996,1101325
"KG","Kyrgyzstan",1999,746372
"KG","Kyrgyzstan",2002,1226766
"KG","Kyrgyzstan",2005,753802
"KG","Kyrgyzstan",2008,289631
"KG","Kyrgyzstan",2010,361165
"KG","Kyrgyzstan",2011,275684
"KG","Kyrgyzstan",2012,392393
"KG","Kyrgyzstan",2013,667194
"KG","Kyrgyzstan",2015,727047
"LA","Lao",1984,412711
"LA","Lao",1987,642486
"LA","Lao",1990,488012
"LA","Lao",1993,688011
"LA","Lao",1996,1570566
"LA","Lao",1999,1576186
"LA","Lao",2002,1338439
"LA","Lao",2005,1663900
"LA","Lao",2008,1817387
"LA","Lao",2010,2029347
"LA","Lao",2011,2273618
"LA","Lao",2012,2363827
"LA","Lao",2013,2432297
"LA","Lao",2015,2237681
"LV","Latvia",1981,0
"LV","Latvia",1984,0
"LV","Latvia",1987,0
"LV","Latvia",1990,0
"LV","Latvia",1993,0
"LV","Latvia",1996,8384
"LV","Latvia",1999,17836
"LV","Latvia",2002,11373
"LV","Latvia",2005,49073
"LV","Latvia",2008,591
"LV","Latvia",2010,41588
"LV","Latvia",2011,30802
"LV","Latvia",2012,30498
"LV","Latvia",2013,29463
"LV","Latvia",2015,23986
"LB","Lebanon",1990,0
"LB","Lebanon",1993,0
"LB","Lebanon",1996,0
"LB","Lebanon",1999,0
"LB","Lebanon",2002,0
"LB","Lebanon",2005,0
"LB","Lebanon",2008,0
"LB","Lebanon",2010,0
"LB","Lebanon",2011,0
"LB","Lebanon",2012,0
"LB","Lebanon",2013,3225
"LB","Lebanon",2015,3577
"LS","Lesotho",1981,403412
"LS","Lesotho",1984,487302
"LS","Lesotho",1987,564019
"LS","Lesotho",1990,593690
"LS","Lesotho",1993,675727
"LS","Lesotho",1996,805701
"LS","Lesotho",1999,919136
"LS","Lesotho",2002,1044813
"LS","Lesotho",2005,1180656
"LS","Lesotho",2008,1246397
"LS","Lesotho",2010,1322528
"LS","Lesotho",2011,1349514
"LS","Lesotho",2012,1356452
"LS","Lesotho",2013,1422607
"LS","Lesotho",2015,1485998
"LR","Liberia",1981,29973
"LR","Liberia",1984,47040
"LR","Liberia",1987,75368
"LR","Liberia",1990,558820
"LR","Liberia",1993,1679492
"LR","Liberia",1996,2039696
"LR","Liberia",1999,1415244
"LR","Liberia",2002,1288473
"LR","Liberia",2005,2368782
"LR","Liberia",2008,2486471
"LR","Liberia",2010,2653909
"LR","Liberia",2011,2652624
"LR","Liberia",2012,2538788
"LR","Liberia",2013,2565014
"LR","Liberia",2015,2922597
"LT","Lithuania",1981,0
"LT","Lithuania",1984,0
"LT","Lithuania",1987,0
"LT","Lithuania",1990,0
"LT","Lithuania",1993,0
"LT","Lithuania",1996,0
"LT","Lithuania",1999,4534
"LT","Lithuania",2002,5663
"LT","Lithuania",2005,56871
"LT","Lithuania",2008,5492
"LT","Lithuania",2010,53248
"LT","Lithuania",2011,28460
"LT","Lithuania",2012,29313
"LT","Lithuania",2013,44250
"LT","Lithuania",2015,33668
"LU","Luxembourg",1981,0
"LU","Luxembourg",1984,0
"LU","Luxembourg",1987,0
"LU","Luxembourg",1990,0
"LU","Luxembourg",1993,0
"LU","Luxembourg",1996,0
"LU","Luxembourg",1999,0
"LU","Luxembourg",2002,0
"LU","Luxembourg",2005,0
"LU","Luxembourg",2008,0
"LU","Luxembourg",2010,0
"LU","Luxembourg",2011,0
"LU","Luxembourg",2012,0
"LU","Luxembourg",2013,728
"LU","Luxembourg",2015,1146
"MK","Macedonia",1984,0
"MK","Macedonia",1987,0
"MK","Macedonia",1990,0
"MK","Macedonia",1993,0
"MK","Macedonia",1996,0
"MK","Macedonia",1999,33008
"MK","Macedonia",2002,16232
"MK","Macedonia",2005,26248
"MK","Macedonia",2008,13360
"MK","Macedonia",2010,228260
"MK","Macedonia",2011,249116
"MK","Macedonia",2012,208167
"MK","Macedonia",2013,188110
"MK","Macedonia",2015,146569
"MG","Madagascar",1981,2140760
"MG","Madagascar",1984,3321475
"MG","Madagascar",1987,4350534
"MG","Madagascar",1990,4425453
"MG","Madagascar",1993,6215324
"MG","Madagascar",1996,7625214
"MG","Madagascar",1999,8059338
"MG","Madagascar",2002,11709628
"MG","Madagascar",2005,13053666
"MG","Madagascar",2008,14805238
"MG","Madagascar",2010,17366952
"MG","Madagascar",2011,18278051
"MG","Madagascar",2012,18856858
"MG","Madagascar",2013,19763159
"MG","Madagascar",2015,21182735
"MW","Malawi",1981,1664072
"MW","Malawi",1984,2435183
"MW","Malawi",1987,3910312
"MW","Malawi",1990,4814258
"MW","Malawi",1993,4775521
"MW","Malawi",1996,5150481
"MW","Malawi",1999,5754233
"MW","Malawi",2002,7885532
"MW","Malawi",2005,9367307
"MW","Malawi",2008,10616601
"MW","Malawi",2010,11636726
"MW","Malawi",2011,12279174
"MW","Malawi",2012,12940005
"MW","Malawi",2013,13547463
"MW","Malawi",2015,14568039
"MY","Malaysia",1981,42229
"MY","Malaysia",1984,68918
"MY","Malaysia",1987,41321
"MY","Malaysia",1990,18852
"MY","Malaysia",1993,12715
"MY","Malaysia",1996,16583
"MY","Malaysia",1999,61294
"MY","Malaysia",2002,70090
"MY","Malaysia",2005,118191
"MY","Malaysia",2008,169144
"MY","Malaysia",2010,118390
"MY","Malaysia",2011,66744
"MY","Malaysia",2012,47167
"MY","Malaysia",2013,35112
"MY","Malaysia",2015,30083
"MV","Maldives",1996,25711
"MV","Maldives",1999,19500
"MV","Maldives",2002,24930
"MV","Maldives",2005,40310
"MV","Maldives",2008,24188
"MV","Maldives",2010,38924
"MV","Maldives",2011,40935
"MV","Maldives",2012,43776
"MV","Maldives",2013,46552
"MV","Maldives",2015,50127
"ML","Mali",1981,5082729
"ML","Mali",1984,6123488
"ML","Mali",1987,6250014
"ML","Mali",1990,6439276
"ML","Mali",1993,6927291
"ML","Mali",1996,7403263
"ML","Mali",1999,6534963
"ML","Mali",2002,5911778
"ML","Mali",2005,6571573
"ML","Mali",2008,7673539
"ML","Mali",2010,8594927
"ML","Mali",2011,9504749
"ML","Mali",2012,10469010
"ML","Mali",2013,11395813
"ML","Mali",2015,12016621
"MT","Malta",1981,1565
"MT","Malta",1984,1622
"MT","Malta",1987,1690
"MT","Malta",1990,1738
"MT","Malta",1993,1822
"MT","Malta",1996,1864
"MT","Malta",1999,1902
"MT","Malta",2002,1943
"MT","Malta",2005,1981
"MT","Malta",2008,982
"MT","Malta",2010,913
"MT","Malta",2011,986
"MT","Malta",2012,1035
"MT","Malta",2013,0
"MT","Malta",2015,0
"MR","Mauritania",1981,261301
"MR","Mauritania",1984,407422
"MR","Mauritania",1987,487423
"MR","Mauritania",1990,498589
"MR","Mauritania",1993,512183
"MR","Mauritania",1996,283625
"MR","Mauritania",1999,300834
"MR","Mauritania",2002,389677
"MR","Mauritania",2005,397263
"MR","Mauritania",2008,424625
"MR","Mauritania",2010,512976
"MR","Mauritania",2011,576006
"MR","Mauritania",2012,576349
"MR","Mauritania",2013,602180
"MR","Mauritania",2015,685343
"MU","Mauritius",1981,27162
"MU","Mauritius",1984,37955
"MU","Mauritius",1987,25227
"MU","Mauritius",1990,13771
"MU","Mauritius",1993,10116
"MU","Mauritius",1996,10453
"MU","Mauritius",1999,7649
"MU","Mauritius",2002,6653
"MU","Mauritius",2005,7420
"MU","Mauritius",2008,6629
"MU","Mauritius",2010,9742
"MU","Mauritius",2011,12415
"MU","Mauritius",2012,13487
"MU","Mauritius",2013,16948
"MU","Mauritius",2015,16834
"MX","Mexico",1981,688623
"MX","Mexico",1984,2030871
"MX","Mexico",1987,3491770
"MX","Mexico",1990,2785798
"MX","Mexico",1993,2670601
"MX","Mexico",1996,6646604
"MX","Mexico",1999,6895913
"MX","Mexico",2002,4824104
"MX","Mexico",2005,6483806
"MX","Mexico",2008,5414767
"MX","Mexico",2010,6473288
"MX","Mexico",2011,7257988
"MX","Mexico",2012,7592461
"MX","Mexico",2013,9365342
"MX","Mexico",2015,10235462
"FM","Micronesia",1987,4403
"FM","Micronesia",1990,4049
"FM","Micronesia",1993,2832
"FM","Micronesia",1996,5299
"FM","Micronesia",1999,5870
"FM","Micronesia",2002,5382
"FM","Micronesia",2005,8453
"FM","Micronesia",2008,13182
"FM","Micronesia",2010,16239
"FM","Micronesia",2011,18536
"FM","Micronesia",2012,21890
"FM","Micronesia",2013,28822
"FM","Micronesia",2015,30529
"MD","Moldova",1984,74454
"MD","Moldova",1987,90200
"MD","Moldova",1990,52295
"MD","Moldova",1993,187411
"MD","Moldova",1996,429752
"MD","Moldova",1999,997319
"MD","Moldova",2002,407592
"MD","Moldova",2005,473358
"MD","Moldova",2008,52858
"MD","Moldova",2010,32901
"MD","Moldova",2011,32602
"MD","Moldova",2012,29565
"MD","Moldova",2013,13980
"MD","Moldova",2015,16067
"MN","Mongolia",1981,18552
"MN","Mongolia",1984,25917
"MN","Mongolia",1987,27924
"MN","Mongolia",1990,31005
"MN","Mongolia",1993,136458
"MN","Mongolia",1996,253531
"MN","Mongolia",1999,316120
"MN","Mongolia",2002,164645
"MN","Mongolia",2005,97420
"MN","Mongolia",2008,40526
"MN","Mongolia",2010,46407
"MN","Mongolia",2011,43692
"MN","Mongolia",2012,27328
"MN","Mongolia",2013,31859
"MN","Mongolia",2015,39644
"ME","Montenegro",1984,0
"ME","Montenegro",1987,0
"ME","Montenegro",1990,0
"ME","Montenegro",1993,1394
"ME","Montenegro",1996,1396
"ME","Montenegro",1999,1384
"ME","Montenegro",2002,1393
"ME","Montenegro",2005,1403
"ME","Montenegro",2008,1159
"ME","Montenegro",2010,0
"ME","Montenegro",2011,2235
"ME","Montenegro",2012,9321
"ME","Montenegro",2013,12018
"ME","Montenegro",2015,463
"MA","Morocco",1981,265792
"MA","Morocco",1984,417150
"MA","Morocco",1987,305573
"MA","Morocco",1990,104567
"MA","Morocco",1993,354258
"MA","Morocco",1996,533961
"MA","Morocco",1999,857914
"MA","Morocco",2002,1037619
"MA","Morocco",2005,1206753
"MA","Morocco",2008,911209
"MA","Morocco",2010,901805
"MA","Morocco",2011,971519
"MA","Morocco",2012,997972
"MA","Morocco",2013,1160797
"MA","Morocco",2015,1326623
"MZ","Mozambique",1981,7850388
"MZ","Mozambique",1984,10520788
"MZ","Mozambique",1987,10593067
"MZ","Mozambique",1990,10274704
"MZ","Mozambique",1993,11596609
"MZ","Mozambique",1996,12358824
"MZ","Mozambique",1999,13025183
"MZ","Mozambique",2002,14290509
"MZ","Mozambique",2005,15681469
"MZ","Mozambique",2008,16509910
"MZ","Mozambique",2010,17589739
"MZ","Mozambique",2011,18496612
"MZ","Mozambique",2012,19071392
"MZ","Mozambique",2013,19964039
"MZ","Mozambique",2015,21217667
"MM","Myanmar",1981,25653791
"MM","Myanmar",1984,28715548
"MM","Myanmar",1987,33315752
"MM","Myanmar",1990,36445780
"MM","Myanmar",1993,36828728
"MM","Myanmar",1996,37341001
"MM","Myanmar",1999,35586067
"MM","Myanmar",2002,30403896
"MM","Myanmar",2005,23686026
"MM","Myanmar",2008,15280832
"MM","Myanmar",2010,12088539
"MM","Myanmar",2011,12720639
"MM","Myanmar",2012,11985777
"MM","Myanmar",2013,11753726
"MM","Myanmar",2015,9797060
"NA","Namibia",1981,273108
"NA","Namibia",1984,383828
"NA","Namibia",1987,478535
"NA","Namibia",1990,575324
"NA","Namibia",1993,635835
"NA","Namibia",1996,755079
"NA","Namibia",1999,526892
"NA","Namibia",2002,578880
"NA","Namibia",2005,575398
"NA","Namibia",2008,556822
"NA","Namibia",2010,576876
"NA","Namibia",2011,590313
"NA","Namibia",2012,578920
"NA","Namibia",2013,590741
"NA","Namibia",2015,565085
"NP","Nepal",1981,4897517
"NP","Nepal",1984,6914653
"NP","Nepal",1987,7967253
"NP","Nepal",1990,8292465
"NP","Nepal",1993,8625855
"NP","Nepal",1996,9512416
"NP","Nepal",1999,9213025
"NP","Nepal",2002,9108158
"NP","Nepal",2005,9932216
"NP","Nepal",2008,8385026
"NP","Nepal",2010,6421695
"NP","Nepal",2011,7669867
"NP","Nepal",2012,5922694
"NP","Nepal",2013,6844059
"NP","Nepal",2015,7283670
"NL","Netherlands",1981,33606
"NL","Netherlands",1984,34023
"NL","Netherlands",1987,34591
"NL","Netherlands",1990,35267
"NL","Netherlands",1993,36066
"NL","Netherlands",1996,36633
"NL","Netherlands",1999,37297
"NL","Netherlands",2002,38091
"NL","Netherlands",2005,0
"NL","Netherlands",2008,40932
"NL","Netherlands",2010,0
"NL","Netherlands",2011,40563
"NL","Netherlands",2012,0
"NL","Netherlands",2013,0
"NL","Netherlands",2015,33112
"NI","Nicaragua",1981,53674
"NI","Nicaragua",1984,104673
"NI","Nicaragua",1987,191536
"NI","Nicaragua",1990,363239
"NI","Nicaragua",1993,500486
"NI","Nicaragua",1996,565665
"NI","Nicaragua",1999,518399
"NI","Nicaragua",2002,618352
"NI","Nicaragua",2005,794878
"NI","Nicaragua",2008,470910
"NI","Nicaragua",2010,496799
"NI","Nicaragua",2011,533115
"NI","Nicaragua",2012,493304
"NI","Nicaragua",2013,490969
"NI","Nicaragua",2015,406822
"NE","Niger",1981,905526
"NE","Niger",1984,2862182
"NE","Niger",1987,3347935
"NE","Niger",1990,3773357
"NE","Niger",1993,5285088
"NE","Niger",1996,7171898
"NE","Niger",1999,7668210
"NE","Niger",2002,8602296
"NE","Niger",2005,10089014
"NE","Niger",2008,10489298
"NE","Niger",2010,10322605
"NE","Niger",2011,10942734
"NE","Niger",2012,10931043
"NE","Niger",2013,12096373
"NE","Niger",2015,13371240
"NG","Nigeria",1981,13788088
"NG","Nigeria",1984,25706098
"NG","Nigeria",1987,41045738
"NG","Nigeria",1990,36703058
"NG","Nigeria",1993,44999920
"NG","Nigeria",1996,58817687
"NG","Nigeria",1999,67376934
"NG","Nigeria",2002,75637536
"NG","Nigeria",2005,72378062
"NG","Nigeria",2008,84641762
"NG","Nigeria",2010,94218735
"NG","Nigeria",2011,100669695
"NG","Nigeria",2012,104945754
"NG","Nigeria",2013,110908341
"NG","Nigeria",2015,119274624
"NO","Norway",1981,9517
"NO","Norway",1984,9611
"NO","Norway",1987,9719
"NO","Norway",1990,9846
"NO","Norway",1993,10010
"NO","Norway",1996,10171
"NO","Norway",1999,10358
"NO","Norway",2002,10535
"NO","Norway",2005,9805
"NO","Norway",2008,11451
"NO","Norway",2010,0
"NO","Norway",2011,0
"NO","Norway",2012,12474
"NO","Norway",2013,12504
"NO","Norway",2015,12369
"PK","Pakistan",1981,20686412
"PK","Pakistan",1984,28118335
"PK","Pakistan",1987,33418437
"PK","Pakistan",1990,33241734
"PK","Pakistan",1993,20540135
"PK","Pakistan",1996,8635014
"PK","Pakistan",1999,14379694
"PK","Pakistan",2002,25262240
"PK","Pakistan",2005,22436028
"PK","Pakistan",2008,24563759
"PK","Pakistan",2010,27975588
"PK","Pakistan",2011,32803060
"PK","Pakistan",2012,33167353
"PK","Pakistan",2013,42428673
"PK","Pakistan",2015,45502986
"PS","Palestine",1996,15260
"PS","Palestine",1999,6479
"PS","Palestine",2002,40743
"PS","Palestine",2005,25439
"PS","Palestine",2008,49349
"PS","Palestine",2010,23913
"PS","Palestine",2011,20210
"PS","Palestine",2012,22170
"PS","Palestine",2013,48874
"PS","Palestine",2015,79425
"PA","Panama",1981,75796
"PA","Panama",1984,213813
"PA","Panama",1987,376831
"PA","Panama",1990,494439
"PA","Panama",1993,387058
"PA","Panama",1996,391754
"PA","Panama",1999,338026
"PA","Panama",2002,291230
"PA","Panama",2005,326873
"PA","Panama",2008,268396
"PA","Panama",2010,204500
"PA","Panama",2011,172924
"PA","Panama",2012,227203
"PA","Panama",2013,206057
"PA","Panama",2015,196268
"PG","Papua New Guinea",1981,1369868
"PG","Papua New Guinea",1984,1742673
"PG","Papua New Guinea",1987,1999908
"PG","Papua New Guinea",1990,2270722
"PG","Papua New Guinea",1993,1996400
"PG","Papua New Guinea",1996,2280404
"PG","Papua New Guinea",1999,2575390
"PG","Papua New Guinea",2002,2909069
"PG","Papua New Guinea",2005,3145248
"PG","Papua New Guinea",2008,3226055
"PG","Papua New Guinea",2010,3029206
"PG","Papua New Guinea",2011,3416646
"PG","Papua New Guinea",2012,3524706
"PG","Papua New Guinea",2013,3770191
"PG","Papua New Guinea",2015,3564905
"PY","Paraguay",1981,8992
"PY","Paraguay",1984,11274
"PY","Paraguay",1987,12278
"PY","Paraguay",1990,11582
"PY","Paraguay",1993,244284
"PY","Paraguay",1996,443770
"PY","Paraguay",1999,398874
"PY","Paraguay",2002,603279
"PY","Paraguay",2005,344153
"PY","Paraguay",2008,295219
"PY","Paraguay",2010,421053
"PY","Paraguay",2011,466907
"PY","Paraguay",2012,355677
"PY","Paraguay",2013,264814
"PY","Paraguay",2015,326829
"PE","Peru",1981,56257
"PE","Peru",1984,137831
"PE","Peru",1987,189944
"PE","Peru",1990,1013026
"PE","Peru",1993,1687843
"PE","Peru",1996,3360640
"PE","Peru",1999,3455494
"PE","Peru",2002,3250127
"PE","Peru",2005,4146109
"PE","Peru",2008,2813652
"PE","Peru",2010,2022450
"PE","Peru",2011,2226410
"PE","Peru",2012,2234543
"PE","Peru",2013,2311695
"PE","Peru",2015,2405114
"PH","Philippines",1981,1196433
"PH","Philippines",1984,4186995
"PH","Philippines",1987,6023572
"PH","Philippines",1990,6399762
"PH","Philippines",1993,8443473
"PH","Philippines",1996,8617894
"PH","Philippines",1999,6332314
"PH","Philippines",2002,7056529
"PH","Philippines",2005,11441646
"PH","Philippines",2008,12340865
"PH","Philippines",2010,15924978
"PH","Philippines",2011,19661013
"PH","Philippines",2012,21543994
"PH","Philippines",2013,23331683
"PH","Philippines",2015,23816418
"PL","Poland",1981,30375
"PL","Poland",1984,38328
"PL","Poland",1987,29396
"PL","Poland",1990,102905
"PL","Poland",1993,13760
"PL","Poland",1996,363211
"PL","Poland",1999,4522
"PL","Poland",2002,6345
"PL","Poland",2005,52692
"PL","Poland",2008,4816
"PL","Poland",2010,4578
"PL","Poland",2011,17508
"PL","Poland",2012,25179
"PL","Poland",2013,10839
"PL","Poland",2015,22494
"PT","Portugal",1981,71038
"PT","Portugal",1984,99678
"PT","Portugal",1987,100015
"PT","Portugal",1990,71989
"PT","Portugal",1993,71855
"PT","Portugal",1996,72571
"PT","Portugal",1999,73681
"PT","Portugal",2002,75136
"PT","Portugal",2005,50925
"PT","Portugal",2008,23161
"PT","Portugal",2010,25461
"PT","Portugal",2011,49424
"PT","Portugal",2012,77513
"PT","Portugal",2013,128096
"PT","Portugal",2015,77641
"RO","Romania",1981,36818
"RO","Romania",1984,43020
"RO","Romania",1987,48922
"RO","Romania",1990,50447
"RO","Romania",1993,468033
"RO","Romania",1996,1091369
"RO","Romania",1999,670212
"RO","Romania",2002,745218
"RO","Romania",2005,418403
"RO","Romania",2008,0
"RO","Romania",2010,191508
"RO","Romania",2011,213800
"RO","Romania",2012,263453
"RO","Romania",2013,398303
"RO","Romania",2015,2028810
"RU","Russian Federation",1981,0
"RU","Russian Federation",1984,0
"RU","Russian Federation",1987,0
"RU","Russian Federation",1990,0
"RU","Russian Federation",1993,0
"RU","Russian Federation",1996,2254652
"RU","Russian Federation",1999,2748549
"RU","Russian Federation",2002,557317
"RU","Russian Federation",2005,717708
"RU","Russian Federation",2008,116445
"RU","Russian Federation",2010,134924
"RU","Russian Federation",2011,94969
"RU","Russian Federation",2012,98842
"RU","Russian Federation",2013,86752
"RU","Russian Federation",2015,158638
"RW","Rwanda",1981,479276
"RW","Rwanda",1984,1387520
"RW","Rwanda",1987,2444964
"RW","Rwanda",1990,3049457
"RW","Rwanda",1993,2844336
"RW","Rwanda",1996,4181971
"RW","Rwanda",1999,5190049
"RW","Rwanda",2002,5600765
"RW","Rwanda",2005,6078309
"RW","Rwanda",2008,6542511
"RW","Rwanda",2010,7091812
"RW","Rwanda",2011,7518808
"RW","Rwanda",2012,7652350
"RW","Rwanda",2013,8040930
"RW","Rwanda",2015,8225155
"LC","Saint Lucia",1981,42688
"LC","Saint Lucia",1984,48188
"LC","Saint Lucia",1987,43319
"LC","Saint Lucia",1990,32014
"LC","Saint Lucia",1993,32814
"LC","Saint Lucia",1996,38300
"LC","Saint Lucia",1999,38308
"LC","Saint Lucia",2002,47846
"LC","Saint Lucia",2005,51140
"LC","Saint Lucia",2008,50588
"LC","Saint Lucia",2010,58881
"LC","Saint Lucia",2011,62725
"LC","Saint Lucia",2012,67078
"LC","Saint Lucia",2013,73119
"LC","Saint Lucia",2015,79253
"WS","Samoa",1981,380
"WS","Samoa",1984,1818
"WS","Samoa",1987,1838
"WS","Samoa",1990,1859
"WS","Samoa",1993,2435
"WS","Samoa",1996,3410
"WS","Samoa",1999,2781
"WS","Samoa",2002,2016
"WS","Samoa",2005,2054
"WS","Samoa",2008,2095
"WS","Samoa",2010,3915
"WS","Samoa",2011,4538
"WS","Samoa",2012,5583
"WS","Samoa",2013,8607
"WS","Samoa",2015,10153
"ST","Sao Tome & Principe",2002,35590
"ST","Sao Tome & Principe",2005,50262
"ST","Sao Tome & Principe",2008,58642
"ST","Sao Tome & Principe",2010,72995
"ST","Sao Tome & Principe",2011,80634
"ST","Sao Tome & Principe",2012,85978
"ST","Sao Tome & Principe",2013,93420
"ST","Sao Tome & Principe",2015,98262
"SN","Senegal",1981,2323259
"SN","Senegal",1984,3038940
"SN","Senegal",1987,3515730
"SN","Senegal",1990,4035640
"SN","Senegal",1993,3708453
"SN","Senegal",1996,3886144
"SN","Senegal",1999,3694301
"SN","Senegal",2002,4183301
"SN","Senegal",2005,4252065
"SN","Senegal",2008,4896891
"SN","Senegal",2010,5684090
"SN","Senegal",2011,6429487
"SN","Senegal",2012,6857469
"SN","Senegal",2013,7508801
"SN","Senegal",2015,8108258
"RS","Serbia",1984,271
"RS","Serbia",1987,274
"RS","Serbia",1990,275
"RS","Serbia",1993,14064
"RS","Serbia",1996,13544
"RS","Serbia",1999,13406
"RS","Serbia",2002,6370
"RS","Serbia",2005,62857
"RS","Serbia",2008,9243
"RS","Serbia",2010,22201
"RS","Serbia",2011,27722
"RS","Serbia",2012,520764
"RS","Serbia",2013,58169
"RS","Serbia",2015,35813
"SC","Seychelles",1981,369
"SC","Seychelles",1984,726
"SC","Seychelles",1987,769
"SC","Seychelles",1990,401
"SC","Seychelles",1993,88
"SC","Seychelles",1996,440
"SC","Seychelles",1999,98
"SC","Seychelles",2002,423
"SC","Seychelles",2005,415
"SC","Seychelles",2008,324
"SC","Seychelles",2010,1415
"SC","Seychelles",2011,1325
"SC","Seychelles",2012,1265
"SC","Seychelles",2013,1363
"SC","Seychelles",2015,1473
"SL","Sierra Leone",1981,1702977
"SL","Sierra Leone",1984,1950760
"SL","Sierra Leone",1987,2260059
"SL","Sierra Leone",1990,2480585
"SL","Sierra Leone",1993,2483313
"SL","Sierra Leone",1996,2591428
"SL","Sierra Leone",1999,2788876
"SL","Sierra Leone",2002,2843177
"SL","Sierra Leone",2005,3333469
"SL","Sierra Leone",2008,3650890
"SL","Sierra Leone",2010,3986266
"SL","Sierra Leone",2011,4271320
"SL","Sierra Leone",2012,4016303
"SL","Sierra Leone",2013,3611687
"SL","Sierra Leone",2015,5072885
"SK","Slovakia",1981,0
"SK","Slovakia",1984,0
"SK","Slovakia",1987,0
"SK","Slovakia",1990,0
"SK","Slovakia",1993,9711
"SK","Slovakia",1996,7337
"SK","Slovakia",1999,4437
"SK","Slovakia",2002,2711
"SK","Slovakia",2005,2447
"SK","Slovakia",2008,0
"SK","Slovakia",2010,26693
"SK","Slovakia",2011,25005
"SK","Slovakia",2012,23629
"SK","Slovakia",2013,23803
"SK","Slovakia",2015,40155
"SI","Slovenia",1984,459
"SI","Slovenia",1987,522
"SI","Slovenia",1990,581
"SI","Slovenia",1993,623
"SI","Slovenia",1996,435
"SI","Slovenia",1999,311
"SI","Slovenia",2002,0
"SI","Slovenia",2005,0
"SI","Slovenia",2008,0
"SI","Slovenia",2010,0
"SI","Slovenia",2011,0
"SI","Slovenia",2012,0
"SI","Slovenia",2013,0
"SI","Slovenia",2015,0
"SB","Solomon Islands",1990,68840
"SB","Solomon Islands",1993,62946
"SB","Solomon Islands",1996,69523
"SB","Solomon Islands",1999,92028
"SB","Solomon Islands",2002,185521
"SB","Solomon Islands",2005,209393
"SB","Solomon Islands",2008,197392
"SB","Solomon Islands",2010,218419
"SB","Solomon Islands",2011,215852
"SB","Solomon Islands",2012,219493
"SB","Solomon Islands",2013,235262
"SB","Solomon Islands",2015,267608
"ZA","South Africa",1981,526118
"ZA","South Africa",1984,2683941
"ZA","South Africa",1987,4618738
"ZA","South Africa",1990,4884752
"ZA","South Africa",1993,7027187
"ZA","South Africa",1996,10823598
"ZA","South Africa",1999,11695381
"ZA","South Africa",2002,11959550
"ZA","South Africa",2005,11454365
"ZA","South Africa",2008,9330690
"ZA","South Africa",2010,10503277
"ZA","South Africa",2011,11873561
"ZA","South Africa",2012,12934208
"ZA","South Africa",2013,14422761
"ZA","South Africa",2015,16890602
"KR","South Korea",1981,290183
"KR","South Korea",1984,302793
"KR","South Korea",1987,204862
"KR","South Korea",1990,211003
"KR","South Korea",1993,217526
"KR","South Korea",1996,113558
"KR","South Korea",1999,116282
"KR","South Korea",2002,118846
"KR","South Korea",2005,120193
"KR","South Korea",2008,119085
"KR","South Korea",2010,245739
"KR","South Korea",2011,247899
"KR","South Korea",2012,249471
"KR","South Korea",2013,250609
"KR","South Korea",2015,253522
"SS","South Sudan",2008,4162244
"SS","South Sudan",2010,4703687
"SS","South Sudan",2011,5530358
"SS","South Sudan",2012,8817767
"SS","South Sudan",2013,8981660
"SS","South Sudan",2015,10088004
"ES","Spain",1981,281739
"ES","Spain",1984,286005
"ES","Spain",1987,288649
"ES","Spain",1990,290011
"ES","Spain",1993,293697
"ES","Spain",1996,297641
"ES","Spain",1999,301349
"ES","Spain",2002,309144
"ES","Spain",2005,324626
"ES","Spain",2008,226957
"ES","Spain",2010,349100
"ES","Spain",2011,582311
"ES","Spain",2012,466814
"ES","Spain",2013,694832
"ES","Spain",2015,572518
"LK","Sri Lanka",1981,292539
"LK","Sri Lanka",1984,345985
"LK","Sri Lanka",1987,395514
"LK","Sri Lanka",1990,332627
"LK","Sri Lanka",1993,347433
"LK","Sri Lanka",1996,746737
"LK","Sri Lanka",1999,623790
"LK","Sri Lanka",2002,818317
"LK","Sri Lanka",2005,900495
"LK","Sri Lanka",2008,666590
"LK","Sri Lanka",2010,772456
"LK","Sri Lanka",2011,944452
"LK","Sri Lanka",2012,1192844
"LK","Sri Lanka",2013,1240363
"LK","Sri Lanka",2015,1019076
"SD","Sudan",1981,1914872
"SD","Sudan",1984,3737601
"SD","Sudan",1987,4595606
"SD","Sudan",1990,5497633
"SD","Sudan",1993,5500256
"SD","Sudan",1996,6756440
"SD","Sudan",1999,6352274
"SD","Sudan",2002,6291915
"SD","Sudan",2005,7043258
"SD","Sudan",2008,5558307
"SD","Sudan",2010,6545736
"SD","Sudan",2011,6555099
"SD","Sudan",2012,5595176
"SD","Sudan",2013,6230861
"SD","Sudan",2015,7028791
"SR","Suriname",1981,54918
"SR","Suriname",1984,61970
"SR","Suriname",1987,74303
"SR","Suriname",1990,72624
"SR","Suriname",1993,84455
"SR","Suriname",1996,95087
"SR","Suriname",1999,97453
"SR","Suriname",2002,102061
"SR","Suriname",2005,101460
"SR","Suriname",2008,101170
"SR","Suriname",2010,106983
"SR","Suriname",2011,110931
"SR","Suriname",2012,112076
"SR","Suriname",2013,114632
"SR","Suriname",2015,118450
"SZ","Swaziland",1981,480258
"SZ","Swaziland",1984,557782
"SZ","Swaziland",1987,613519
"SZ","Swaziland",1990,617430
"SZ","Swaziland",1993,671011
"SZ","Swaziland",1996,565319
"SZ","Swaziland",1999,419722
"SZ","Swaziland",2002,426308
"SZ","Swaziland",2005,482732
"SZ","Swaziland",2008,525249
"SZ","Swaziland",2010,561088
"SZ","Swaziland",2011,608956
"SZ","Swaziland",2012,625889
"SZ","Swaziland",2013,649211
"SZ","Swaziland",2015,717035
"SE","Sweden",1981,19797
"SE","Sweden",1984,19836
"SE","Sweden",1987,19981
"SE","Sweden",1990,20364
"SE","Sweden",1993,20744
"SE","Sweden",1996,21036
"SE","Sweden",1999,21076
"SE","Sweden",2002,21236
"SE","Sweden",2005,78357
"SE","Sweden",2008,45041
"SE","Sweden",2010,46032
"SE","Sweden",2011,70294
"SE","Sweden",2012,45193
"SE","Sweden",2013,70490
"SE","Sweden",2015,68788
"CH","Switzerland",1981,0
"CH","Switzerland",1984,0
"CH","Switzerland",1987,0
"CH","Switzerland",1990,0
"CH","Switzerland",1993,0
"CH","Switzerland",1996,0
"CH","Switzerland",1999,0
"CH","Switzerland",2002,0
"CH","Switzerland",2005,0
"CH","Switzerland",2008,0
"CH","Switzerland",2010,0
"CH","Switzerland",2011,0
"CH","Switzerland",2012,0
"CH","Switzerland",2013,0
"CH","Switzerland",2015,0
"SY","Syria",1981,4873
"SY","Syria",1984,61203
"SY","Syria",1987,169146
"SY","Syria",1990,163749
"SY","Syria",1993,90494
"SY","Syria",1996,102938
"SY","Syria",1999,157712
"SY","Syria",2002,157104
"SY","Syria",2005,227196
"SY","Syria",2008,243499
"SY","Syria",2010,215160
"SY","Syria",2011,443452
"SY","Syria",2012,1549532
"SY","Syria",2013,3493607
"SY","Syria",2015,8263463
"TJ","Tajikistan",1984,14404
"TJ","Tajikistan",1987,17935
"TJ","Tajikistan",1990,23702
"TJ","Tajikistan",1993,604662
"TJ","Tajikistan",1996,3481651
"TJ","Tajikistan",1999,2272400
"TJ","Tajikistan",2002,1556340
"TJ","Tajikistan",2005,845735
"TJ","Tajikistan",2008,614589
"TJ","Tajikistan",2010,552579
"TJ","Tajikistan",2011,705148
"TJ","Tajikistan",2012,820092
"TJ","Tajikistan",2013,977010
"TJ","Tajikistan",2015,1085176
"TZ","Tanzania",1981,5199460
"TZ","Tanzania",1984,7571177
"TZ","Tanzania",1987,9144518
"TZ","Tanzania",1990,11925653
"TZ","Tanzania",1993,15876652
"TZ","Tanzania",1996,21840200
"TZ","Tanzania",1999,25558874
"TZ","Tanzania",2002,26861620
"TZ","Tanzania",2005,25878844
"TZ","Tanzania",2008,26576644
"TZ","Tanzania",2010,28513366
"TZ","Tanzania",2011,29849913
"TZ","Tanzania",2012,31228595
"TZ","Tanzania",2013,32849818
"TZ","Tanzania",2015,34608740
"TH","Thailand",1981,1023650
"TH","Thailand",1984,1714403
"TH","Thailand",1987,1758516
"TH","Thailand",1990,1004673
"TH","Thailand",1993,553314
"TH","Thailand",1996,414082
"TH","Thailand",1999,510430
"TH","Thailand",2002,371209
"TH","Thailand",2005,385335
"TH","Thailand",2008,158734
"TH","Thailand",2010,208933
"TH","Thailand",2011,104310
"TH","Thailand",2012,203027
"TH","Thailand",2013,150398
"TH","Thailand",2015,156900
"TL","Timor-Leste",1981,304208
"TL","Timor-Leste",1984,351461
"TL","Timor-Leste",1987,495355
"TL","Timor-Leste",1990,517794
"TL","Timor-Leste",1993,550762
"TL","Timor-Leste",1996,616712
"TL","Timor-Leste",1999,587032
"TL","Timor-Leste",2002,331850
"TL","Timor-Leste",2005,471648
"TL","Timor-Leste",2008,561445
"TL","Timor-Leste",2010,498821
"TL","Timor-Leste",2011,588337
"TL","Timor-Leste",2012,629789
"TL","Timor-Leste",2013,686320
"TL","Timor-Leste",2015,762120
"TG","Togo",1981,272541
"TG","Togo",1984,709551
"TG","Togo",1987,1021085
"TG","Togo",1990,1064703
"TG","Togo",1993,1859564
"TG","Togo",1996,1728343
"TG","Togo",1999,1815169
"TG","Togo",2002,2515896
"TG","Togo",2005,3123610
"TG","Togo",2008,3596958
"TG","Togo",2010,3942059
"TG","Togo",2011,4148087
"TG","Togo",2012,4298744
"TG","Togo",2013,4543059
"TG","Togo",2015,4821415
"TO","Tonga",1981,1501
"TO","Tonga",1984,1895
"TO","Tonga",1987,1906
"TO","Tonga",1990,1921
"TO","Tonga",1993,1931
"TO","Tonga",1996,1946
"TO","Tonga",1999,1904
"TO","Tonga",2002,1687
"TO","Tonga",2005,1659
"TO","Tonga",2008,1645
"TO","Tonga",2010,1431
"TO","Tonga",2011,2211
"TO","Tonga",2012,2390
"TO","Tonga",2013,3834
"TO","Tonga",2015,3872
"TT","Trinidad & Tobago",1981,0
"TT","Trinidad & Tobago",1984,0
"TT","Trinidad & Tobago",1987,0
"TT","Trinidad & Tobago",1990,9464
"TT","Trinidad & Tobago",1993,12387
"TT","Trinidad & Tobago",1996,18790
"TT","Trinidad & Tobago",1999,5270
"TT","Trinidad & Tobago",2002,3706
"TT","Trinidad & Tobago",2005,14405
"TT","Trinidad & Tobago",2008,8328
"TT","Trinidad & Tobago",2010,10789
"TT","Trinidad & Tobago",2011,11292
"TT","Trinidad & Tobago",2012,11244
"TT","Trinidad & Tobago",2013,21946
"TT","Trinidad & Tobago",2015,21732
"TN","Tunisia",1981,133574
"TN","Tunisia",1984,240836
"TN","Tunisia",1987,349289
"TN","Tunisia",1990,265090
"TN","Tunisia",1993,333119
"TN","Tunisia",1996,464634
"TN","Tunisia",1999,275010
"TN","Tunisia",2002,249668
"TN","Tunisia",2005,305477
"TN","Tunisia",2008,304736
"TN","Tunisia",2010,322536
"TN","Tunisia",2011,334992
"TN","Tunisia",2012,309407
"TN","Tunisia",2013,308020
"TN","Tunisia",2015,361125
"TR","Turkey",1981,259704
"TR","Turkey",1984,305394
"TR","Turkey",1987,233580
"TR","Turkey",1990,269091
"TR","Turkey",1993,308607
"TR","Turkey",1996,455340
"TR","Turkey",1999,287408
"TR","Turkey",2002,485761
"TR","Turkey",2005,1610015
"TR","Turkey",2008,646416
"TR","Turkey",2010,1035130
"TR","Turkey",2011,858529
"TR","Turkey",2012,826770
"TR","Turkey",2013,942600
"TR","Turkey",2015,1137039
"TM","Turkmenistan",1984,525296
"TM","Turkmenistan",1987,564999
"TM","Turkmenistan",1990,265157
"TM","Turkmenistan",1993,700818
"TM","Turkmenistan",1996,1497224
"TM","Turkmenistan",1999,1452530
"TM","Turkmenistan",2002,1489678
"TM","Turkmenistan",2005,1405086
"TM","Turkmenistan",2008,936111
"TM","Turkmenistan",2010,865307
"TM","Turkmenistan",2011,777911
"TM","Turkmenistan",2012,693079
"TM","Turkmenistan",2013,674588
"TM","Turkmenistan",2015,586529
"TV","Tuvalu",1990,146
"TV","Tuvalu",1993,53
"TV","Tuvalu",1996,251
"TV","Tuvalu",1999,26
"TV","Tuvalu",2002,27
"TV","Tuvalu",2005,327
"TV","Tuvalu",2008,281
"TV","Tuvalu",2010,601
"TV","Tuvalu",2011,607
"TV","Tuvalu",2012,686
"TV","Tuvalu",2013,823
"TV","Tuvalu",2015,930
"UG","Uganda",1984,4771655
"UG","Uganda",1987,6652511
"UG","Uganda",1990,6760138
"UG","Uganda",1993,8220060
"UG","Uganda",1996,10232299
"UG","Uganda",1999,12194198
"UG","Uganda",2002,14472641
"UG","Uganda",2005,15976460
"UG","Uganda",2008,15512887
"UG","Uganda",2010,16765685
"UG","Uganda",2011,17436644
"UG","Uganda",2012,18309365
"UG","Uganda",2013,20515349
"UG","Uganda",2015,23920947
"UA","Ukraine",1981,76685
"UA","Ukraine",1984,137985
"UA","Ukraine",1987,200580
"UA","Ukraine",1990,237709
"UA","Ukraine",1993,195502
"UA","Ukraine",1996,1735086
"UA","Ukraine",1999,1770753
"UA","Ukraine",2002,422395
"UA","Ukraine",2005,120432
"UA","Ukraine",2008,12407
"UA","Ukraine",2010,11722
"UA","Ukraine",2011,7421
"UA","Ukraine",2012,58098
"UA","Ukraine",2013,20104
"UA","Ukraine",2015,123307
"GB","United Kingdom",1981,277905
"GB","United Kingdom",1984,278341
"GB","United Kingdom",1987,280215
"GB","United Kingdom",1990,282413
"GB","United Kingdom",1993,284737
"GB","United Kingdom",1996,286949
"GB","United Kingdom",1999,141172
"GB","United Kingdom",2002,142827
"GB","United Kingdom",2005,301257
"GB","United Kingdom",2008,144091
"GB","United Kingdom",2010,151132
"GB","United Kingdom",2011,313799
"GB","United Kingdom",2012,157844
"GB","United Kingdom",2013,153947
"GB","United Kingdom",2015,149278
"UY","Uruguay",1981,0
"UY","Uruguay",1984,3898
"UY","Uruguay",1987,4428
"UY","Uruguay",1990,8100
"UY","Uruguay",1993,5670
"UY","Uruguay",1996,6839
"UY","Uruguay",1999,5567
"UY","Uruguay",2002,18003
"UY","Uruguay",2005,17730
"UY","Uruguay",2008,7293
"UY","Uruguay",2010,6443
"UY","Uruguay",2011,8309
"UY","Uruguay",2012,10152
"UY","Uruguay",2013,13734
"UY","Uruguay",2015,12128
"US","USA",1981,1145720
"US","USA",1984,1177330
"US","USA",1987,1209428
"US","USA",1990,1245797
"US","USA",1993,1297857
"US","USA",1996,1789497
"US","USA",1999,2087591
"US","USA",2002,2510972
"US","USA",2005,2949351
"US","USA",2008,3037700
"US","USA",2010,3862840
"US","USA",2011,3890703
"US","USA",2012,3918800
"US","USA",2013,3945279
"US","USA",2015,4004844
"UZ","Uzbekistan",1981,2229598
"UZ","Uzbekistan",1984,3261817
"UZ","Uzbekistan",1987,3717190
"UZ","Uzbekistan",1990,3612311
"UZ","Uzbekistan",1993,5516486
"UZ","Uzbekistan",1996,7640463
"UZ","Uzbekistan",1999,9645837
"UZ","Uzbekistan",2002,11700498
"UZ","Uzbekistan",2005,13619989
"UZ","Uzbekistan",2008,11420182
"UZ","Uzbekistan",2010,10951855
"UZ","Uzbekistan",2011,11593291
"UZ","Uzbekistan",2012,11061343
"UZ","Uzbekistan",2013,11237684
"UZ","Uzbekistan",2015,10344747
"VU","Vanuatu",1981,4236
"VU","Vanuatu",1984,2817
"VU","Vanuatu",1987,6909
"VU","Vanuatu",1990,6634
"VU","Vanuatu",1993,8530
"VU","Vanuatu",1996,11204
"VU","Vanuatu",1999,11213
"VU","Vanuatu",2002,18230
"VU","Vanuatu",2005,25165
"VU","Vanuatu",2008,35038
"VU","Vanuatu",2010,42479
"VU","Vanuatu",2011,51156
"VU","Vanuatu",2012,56082
"VU","Vanuatu",2013,63985
"VU","Vanuatu",2015,76021
"VE","Venezuela",1981,0
"VE","Venezuela",1984,55806
"VE","Venezuela",1987,0
"VE","Venezuela",1990,1022993
"VE","Venezuela",1993,891714
"VE","Venezuela",1996,2025188
"VE","Venezuela",1999,2164840
"VE","Venezuela",2002,3941746
"VE","Venezuela",2005,4989766
"VE","Venezuela",2008,2564888
"VE","Venezuela",2010,3019255
"VE","Venezuela",2011,3175739
"VE","Venezuela",2012,3187496
"VE","Venezuela",2013,3295589
"VE","Venezuela",2015,3680331
"VN","Viet Nam",1981,23464591
"VN","Viet Nam",1984,23411916
"VN","Viet Nam",1987,27879514
"VN","Viet Nam",1990,24308867
"VN","Viet Nam",1993,19701245
"VN","Viet Nam",1996,18159629
"VN","Viet Nam",1999,16213943
"VN","Viet Nam",2002,22226770
"VN","Viet Nam",2005,18110270
"VN","Viet Nam",2008,14367577
"VN","Viet Nam",2010,5393516
"VN","Viet Nam",2011,5640151
"VN","Viet Nam",2012,5071897
"VN","Viet Nam",2013,5835928
"VN","Viet Nam",2015,5557234
"YE","Yemen",1981,326864
"YE","Yemen",1984,645860
"YE","Yemen",1987,334906
"YE","Yemen",1990,373161
"YE","Yemen",1993,444538
"YE","Yemen",1996,675726
"YE","Yemen",1999,671886
"YE","Yemen",2002,1013837
"YE","Yemen",2005,1875973
"YE","Yemen",2008,2807567
"YE","Yemen",2010,3333794
"YE","Yemen",2011,6594672
"YE","Yemen",2012,7440824
"YE","Yemen",2013,8163057
"YE","Yemen",2015,17196205
"ZM","Zambia",1981,2073454
"ZM","Zambia",1984,2722615
"ZM","Zambia",1987,3226483
"ZM","Zambia",1990,3571082
"ZM","Zambia",1993,3635602
"ZM","Zambia",1996,2912323
"ZM","Zambia",1999,3530517
"ZM","Zambia",2002,4584470
"ZM","Zambia",2005,6832719
"ZM","Zambia",2008,8420679
"ZM","Zambia",2010,9500188
"ZM","Zambia",2011,9834198
"ZM","Zambia",2012,9932884
"ZM","Zambia",2013,10303783
"ZM","Zambia",2015,10977395
"ZW","Zimbabwe",1981,0
"ZW","Zimbabwe",1984,14045
"ZW","Zimbabwe",1987,73472
"ZW","Zimbabwe",1990,16071
"ZW","Zimbabwe",1993,121999
"ZW","Zimbabwe",1996,97462
"ZW","Zimbabwe",1999,119110
"ZW","Zimbabwe",2002,630162
"ZW","Zimbabwe",2005,2667328
"ZW","Zimbabwe",2008,5295080
"ZW","Zimbabwe",2010,4594472
"ZW","Zimbabwe",2011,4306003
"ZW","Zimbabwe",2012,3838737
"ZW","Zimbabwe",2013,4143015
"ZW","Zimbabwe",2015,4876200
