"id","entity-name","year","value"
"AF","Afghanistan",2000,
"AF","Afghanistan",2001,
"AF","Afghanistan",2002,5150441047
"AF","Afghanistan",2003,5585352695
"AF","Afghanistan",2004,5644309209
"AF","Afghanistan",2005,6275076016
"AF","Afghanistan",2006,6623602374
"AF","Afghanistan",2007,7533698918
"AF","Afghanistan",2008,7805768540
"AF","Afghanistan",2009,9446591726
"AF","Afghanistan",2010,10243250247
"AF","Afghanistan",2011,10869490318
"AF","Afghanistan",2012,12438473124
"AF","Afghanistan",2013,12679050960
"AL","Albania",2000,6442279085
"AL","Albania",2001,6893238620
"AL","Albania",2002,7093142540
"AL","Albania",2003,7497451665
"AL","Albania",2004,7939801314
"AL","Albania",2005,8376483394
"AL","Albania",2006,8795308419
"AL","Albania",2007,9314240754
"AL","Albania",2008,10016189785
"AL","Albania",2009,10352156761
"AL","Albania",2010,10735901447
"AL","Albania",2011,11009168733
"AL","Albania",2012,11187924452
"AL","Albania",2013,11346504697
"DZ","Algeria",2000,78895342484
"DZ","Algeria",2001,82534408887
"DZ","Algeria",2002,87156335785
"DZ","Algeria",2003,93431591961
"DZ","Algeria",2004,97449150416
"DZ","Algeria",2005,1.03e+11
"DZ","Algeria",2006,1.05e+11
"DZ","Algeria",2007,1.09e+11
"DZ","Algeria",2008,1.11e+11
"DZ","Algeria",2009,1.12e+11
"DZ","Algeria",2010,1.17e+11
"DZ","Algeria",2011,1.2e+11
"DZ","Algeria",2012,1.24e+11
"DZ","Algeria",2013,1.27e+11
"AS","American Samoa",2000,
"AS","American Samoa",2001,
"AS","American Samoa",2002,
"AS","American Samoa",2003,
"AS","American Samoa",2004,
"AS","American Samoa",2005,
"AS","American Samoa",2006,
"AS","American Samoa",2007,
"AS","American Samoa",2008,
"AS","American Samoa",2009,
"AS","American Samoa",2010,
"AS","American Samoa",2011,
"AS","American Samoa",2012,
"AS","American Samoa",2013,
"AD","Andorra",2000,1782514579
"AD","Andorra",2001,1992321406
"AD","Andorra",2002,2109356389
"AD","Andorra",2003,2251830450
"AD","Andorra",2004,2397857379
"AD","Andorra",2005,2539759286
"AD","Andorra",2006,2712207294
"AD","Andorra",2007,2750939554
"AD","Andorra",2008,2849168375
"AD","Andorra",2009,
"AD","Andorra",2010,
"AD","Andorra",2011,
"AD","Andorra",2012,
"AD","Andorra",2013,
"AO","Angola",2000,17245698514
"AO","Angola",2001,17973633439
"AO","Angola",2002,20457911760
"AO","Angola",2003,21531454923
"AO","Angola",2004,23873962039
"AO","Angola",2005,28233699334
"AO","Angola",2006,34087992150
"AO","Angola",2007,41789510725
"AO","Angola",2008,47563628355
"AO","Angola",2009,48711276728
"AO","Angola",2010,50371188885
"AO","Angola",2011,52345032774
"AO","Angola",2012,55043649817
"AO","Angola",2013,58786650195
"AG","Antigua & Barbuda",2000,846190664.1
"AG","Antigua & Barbuda",2001,819161287.5
"AG","Antigua & Barbuda",2002,843115623.1
"AG","Antigua & Barbuda",2003,892974373.5
"AG","Antigua & Barbuda",2004,940180750.8
"AG","Antigua & Barbuda",2005,997374093.5
"AG","Antigua & Barbuda",2006,1130786844
"AG","Antigua & Barbuda",2007,1238199658
"AG","Antigua & Barbuda",2008,1239080154
"AG","Antigua & Barbuda",2009,1089944280
"AG","Antigua & Barbuda",2010,1012089655
"AG","Antigua & Barbuda",2011,993938478.8
"AG","Antigua & Barbuda",2012,1033890252
"AG","Antigua & Barbuda",2013,1033152428
"AR","Argentina",2000,2.02e+11
"AR","Argentina",2001,1.93e+11
"AR","Argentina",2002,1.72e+11
"AR","Argentina",2003,1.87e+11
"AR","Argentina",2004,2.04e+11
"AR","Argentina",2005,2.23e+11
"AR","Argentina",2006,2.42e+11
"AR","Argentina",2007,2.61e+11
"AR","Argentina",2008,2.69e+11
"AR","Argentina",2009,2.69e+11
"AR","Argentina",2010,2.94e+11
"AR","Argentina",2011,3.19e+11
"AR","Argentina",2012,3.22e+11
"AR","Argentina",2013,3.31e+11
"AM","Armenia",2000,2754946339
"AM","Armenia",2001,3018226684
"AM","Armenia",2002,3416219125
"AM","Armenia",2003,3895883451
"AM","Armenia",2004,4303698370
"AM","Armenia",2005,4900436759
"AM","Armenia",2006,5547196574
"AM","Armenia",2007,6309891834
"AM","Armenia",2008,6745274371
"AM","Armenia",2009,5790818814
"AM","Armenia",2010,5918216827
"AM","Armenia",2011,6196373018
"AM","Armenia",2012,6642511876
"AM","Armenia",2013,6874999791
"AW","Aruba",2000,2171771586
"AW","Aruba",2001,2124764472
"AW","Aruba",2002,2134650786
"AW","Aruba",2003,2295165262
"AW","Aruba",2004,2322172253
"AW","Aruba",2005,2331005587
"AW","Aruba",2006,2385903552
"AW","Aruba",2007,2298707695
"AW","Aruba",2008,2140526675
"AW","Aruba",2009,2019511955
"AW","Aruba",2010,
"AW","Aruba",2011,
"AW","Aruba",2012,
"AW","Aruba",2013,
"AU","Australia",2000,5.91e+11
"AU","Australia",2001,6.02e+11
"AU","Australia",2002,6.26e+11
"AU","Australia",2003,6.45e+11
"AU","Australia",2004,6.72e+11
"AU","Australia",2005,6.93e+11
"AU","Australia",2006,7.14e+11
"AU","Australia",2007,7.41e+11
"AU","Australia",2008,7.68e+11
"AU","Australia",2009,7.82e+11
"AU","Australia",2010,7.97e+11
"AU","Australia",2011,8.16e+11
"AU","Australia",2012,8.46e+11
"AU","Australia",2013,8.67e+11
"AT","Austria",2000,2.89e+11
"AT","Austria",2001,2.93e+11
"AT","Austria",2002,2.98e+11
"AT","Austria",2003,3e+11
"AT","Austria",2004,3.08e+11
"AT","Austria",2005,3.15e+11
"AT","Austria",2006,3.25e+11
"AT","Austria",2007,3.37e+11
"AT","Austria",2008,3.42e+11
"AT","Austria",2009,3.29e+11
"AT","Austria",2010,3.35e+11
"AT","Austria",2011,3.46e+11
"AT","Austria",2012,3.49e+11
"AT","Austria",2013,3.5e+11
"AZ","Azerbaijan",2000,7035249733
"AZ","Azerbaijan",2001,7731739456
"AZ","Azerbaijan",2002,8551303777
"AZ","Azerbaijan",2003,9509049820
"AZ","Azerbaijan",2004,10478972940
"AZ","Azerbaijan",2005,13245421881
"AZ","Azerbaijan",2006,17815092365
"AZ","Azerbaijan",2007,22277594766
"AZ","Azerbaijan",2008,24677431015
"AZ","Azerbaijan",2009,26999738606
"AZ","Azerbaijan",2010,28310397534
"AZ","Azerbaijan",2011,28329060532
"AZ","Azerbaijan",2012,28952299917
"AZ","Azerbaijan",2013,30630571631
"BS","Bahamas",2000,7099130519
"BS","Bahamas",2001,7285527215
"BS","Bahamas",2002,7482573735
"BS","Bahamas",2003,7387938285
"BS","Bahamas",2004,7453165227
"BS","Bahamas",2005,7706222000
"BS","Bahamas",2006,7900177115
"BS","Bahamas",2007,8014454932
"BS","Bahamas",2008,7828204029
"BS","Bahamas",2009,7501356222
"BS","Bahamas",2010,7616785505
"BS","Bahamas",2011,7697864200
"BS","Bahamas",2012,7777415541
"BS","Bahamas",2013,7829325741
"BH","Bahrain",2000,12417139192
"BH","Bahrain",2001,12726454402
"BH","Bahrain",2002,13186407218
"BH","Bahrain",2003,13980750122
"BH","Bahrain",2004,14956738763
"BH","Bahrain",2005,15969151306
"BH","Bahrain",2006,17002126760
"BH","Bahrain",2007,18412018570
"BH","Bahrain",2008,19561872760
"BH","Bahrain",2009,20058699819
"BH","Bahrain",2010,20928125526
"BH","Bahrain",2011,21367654693
"BH","Bahrain",2012,22134476693
"BH","Bahrain",2013,23315912910
"BD","Bangladesh",2000,46268661601
"BD","Bangladesh",2001,48708877344
"BD","Bangladesh",2002,50859574435
"BD","Bangladesh",2003,53532750754
"BD","Bangladesh",2004,56889523443
"BD","Bangladesh",2005,60277560976
"BD","Bangladesh",2006,64273569906
"BD","Bangladesh",2007,68810378851
"BD","Bangladesh",2008,72948477042
"BD","Bangladesh",2009,76628819416
"BD","Bangladesh",2010,80898426462
"BD","Bangladesh",2011,86128012163
"BD","Bangladesh",2012,91744808755
"BD","Bangladesh",2013,97261984291
"BB","Barbados",2000,3687558812
"BB","Barbados",2001,3593519264
"BB","Barbados",2002,3617690072
"BB","Barbados",2003,3689069488
"BB","Barbados",2004,3741943129
"BB","Barbados",2005,3891500000
"BB","Barbados",2006,4113569293
"BB","Barbados",2007,4182305027
"BB","Barbados",2008,4196656444
"BB","Barbados",2009,4022928766
"BB","Barbados",2010,4033125825
"BB","Barbados",2011,4063717003
"BB","Barbados",2012,4064094672
"BB","Barbados",2013,
"BY","Belarus",2000,21041101430
"BY","Belarus",2001,22035357859
"BY","Belarus",2002,23147100568
"BY","Belarus",2003,24777395460
"BY","Belarus",2004,27614343544
"BY","Belarus",2005,30210091837
"BY","Belarus",2006,33231101021
"BY","Belarus",2007,36088975708
"BY","Belarus",2008,39770051231
"BY","Belarus",2009,39849591333
"BY","Belarus",2010,42934261013
"BY","Belarus",2011,45314412562
"BY","Belarus",2012,46098982324
"BY","Belarus",2013,46511359845
"BE","Belgium",2000,3.55e+11
"BE","Belgium",2001,3.58e+11
"BE","Belgium",2002,3.64e+11
"BE","Belgium",2003,3.67e+11
"BE","Belgium",2004,3.8e+11
"BE","Belgium",2005,3.87e+11
"BE","Belgium",2006,3.97e+11
"BE","Belgium",2007,4.09e+11
"BE","Belgium",2008,4.13e+11
"BE","Belgium",2009,4.02e+11
"BE","Belgium",2010,4.12e+11
"BE","Belgium",2011,4.19e+11
"BE","Belgium",2012,4.19e+11
"BE","Belgium",2013,4.2e+11
"BZ","Belize",2000,860020516.5
"BZ","Belize",2001,903156250.8
"BZ","Belize",2002,949384839.3
"BZ","Belize",2003,1037955273
"BZ","Belize",2004,1086200377
"BZ","Belize",2005,1114202700
"BZ","Belize",2006,1165251015
"BZ","Belize",2007,1178133869
"BZ","Belize",2008,1216177005
"BZ","Belize",2009,1224851396
"BZ","Belize",2010,1265563878
"BZ","Belize",2011,1292190719
"BZ","Belize",2012,1341613768
"BZ","Belize",2013,1362082438
"BJ","Benin",2000,3564714018
"BJ","Benin",2001,3787451985
"BJ","Benin",2002,3954899568
"BJ","Benin",2003,4108448873
"BJ","Benin",2004,4236626607
"BJ","Benin",2005,4358015993
"BJ","Benin",2006,4521535485
"BJ","Benin",2007,4730719643
"BJ","Benin",2008,4967948127
"BJ","Benin",2009,5100255644
"BJ","Benin",2010,5233448161
"BJ","Benin",2011,5404253182
"BJ","Benin",2012,5695860719
"BJ","Benin",2013,6017115760
"BM","Bermuda",2000,4283518863
"BM","Bermuda",2001,4592893272
"BM","Bermuda",2002,4525019938
"BM","Bermuda",2003,4679355073
"BM","Bermuda",2004,4787975374
"BM","Bermuda",2005,4868136000
"BM","Bermuda",2006,5138018933
"BM","Bermuda",2007,5284241306
"BM","Bermuda",2008,5364978907
"BM","Bermuda",2009,5081483918
"BM","Bermuda",2010,4975071875
"BM","Bermuda",2011,4808929628
"BM","Bermuda",2012,4574802067
"BM","Bermuda",2013,
"BT","Bhutan",2000,559604552.6
"BT","Bhutan",2001,605513244.6
"BT","Bhutan",2002,670471740.3
"BT","Bhutan",2003,721858934.2
"BT","Bhutan",2004,764422683.5
"BT","Bhutan",2005,818869145.1
"BT","Bhutan",2006,874956489.4
"BT","Bhutan",2007,1031799658
"BT","Bhutan",2008,1080999521
"BT","Bhutan",2009,1152964078
"BT","Bhutan",2010,1288216615
"BT","Bhutan",2011,1389868679
"BT","Bhutan",2012,1460358785
"BT","Bhutan",2013,1490216420
"BO","Bolivia ",2000,8201398323
"BO","Bolivia ",2001,8339493389
"BO","Bolivia ",2002,8546776986
"BO","Bolivia ",2003,8778509155
"BO","Bolivia ",2004,9144862288
"BO","Bolivia ",2005,9549196256
"BO","Bolivia ",2006,10007272035
"BO","Bolivia ",2007,10464042407
"BO","Bolivia ",2008,11107423825
"BO","Bolivia ",2009,11480299979
"BO","Bolivia ",2010,11954060130
"BO","Bolivia ",2011,12572554884
"BO","Bolivia ",2012,13223364505
"BO","Bolivia ",2013,14119326924
"BA","Bosnia & Herzegovina",2000,8560717579
"BA","Bosnia & Herzegovina",2001,8937389110
"BA","Bosnia & Herzegovina",2002,9411070757
"BA","Bosnia & Herzegovina",2003,9787513593
"BA","Bosnia & Herzegovina",2004,10384551900
"BA","Bosnia & Herzegovina",2005,10903779488
"BA","Bosnia & Herzegovina",2006,11579813862
"BA","Bosnia & Herzegovina",2007,12371641516
"BA","Bosnia & Herzegovina",2008,13042184499
"BA","Bosnia & Herzegovina",2009,12662656896
"BA","Bosnia & Herzegovina",2010,12751295510
"BA","Bosnia & Herzegovina",2011,12873422744
"BA","Bosnia & Herzegovina",2012,12717780085
"BA","Bosnia & Herzegovina",2013,13033181037
"BW","Botswana",2000,8312647242
"BW","Botswana",2001,8333476563
"BW","Botswana",2002,8839279496
"BW","Botswana",2003,9248175263
"BW","Botswana",2004,9498414393
"BW","Botswana",2005,9931223489
"BW","Botswana",2006,10721702308
"BW","Botswana",2007,11652597027
"BW","Botswana",2008,12107219221
"BW","Botswana",2009,11157891936
"BW","Botswana",2010,12116816295
"BW","Botswana",2011,12865977223
"BW","Botswana",2012,13421036803
"BW","Botswana",2013,14203084753
"BR","Brazil",2000,7.69e+11
"BR","Brazil",2001,7.79e+11
"BR","Brazil",2002,8e+11
"BR","Brazil",2003,8.09e+11
"BR","Brazil",2004,8.55e+11
"BR","Brazil",2005,8.82e+11
"BR","Brazil",2006,9.17e+11
"BR","Brazil",2007,9.73e+11
"BR","Brazil",2008,1.02e+12
"BR","Brazil",2009,1.02e+12
"BR","Brazil",2010,1.1e+12
"BR","Brazil",2011,1.13e+12
"BR","Brazil",2012,1.14e+12
"BR","Brazil",2013,1.17e+12
"BN","Brunei",2000,8602106665
"BN","Brunei",2001,8838152034
"BN","Brunei",2002,9180373875
"BN","Brunei",2003,9446967804
"BN","Brunei",2004,9494610558
"BN","Brunei",2005,9531402830
"BN","Brunei",2006,9950567280
"BN","Brunei",2007,9965949012
"BN","Brunei",2008,9772638053
"BN","Brunei",2009,9600196363
"BN","Brunei",2010,9849702194
"BN","Brunei",2011,10187529100
"BN","Brunei",2012,10284143007
"BN","Brunei",2013,10103968879
"BG","Bulgaria",2000,22712754600
"BG","Bulgaria",2001,23575583113
"BG","Bulgaria",2002,24631821956
"BG","Bulgaria",2003,25951391108
"BG","Bulgaria",2004,27653728343
"BG","Bulgaria",2005,29300588273
"BG","Bulgaria",2006,31196453087
"BG","Bulgaria",2007,33351310952
"BG","Bulgaria",2008,35270579507
"BG","Bulgaria",2009,33502840583
"BG","Bulgaria",2010,33722393111
"BG","Bulgaria",2011,34390771534
"BG","Bulgaria",2012,34560039458
"BG","Bulgaria",2013,34928402389
"BF","Burkina Faso",2000,3982851579
"BF","Burkina Faso",2001,4245137265
"BF","Burkina Faso",2002,4463498007
"BF","Burkina Faso",2003,4811762166
"BF","Burkina Faso",2004,5027254632
"BF","Burkina Faso",2005,5462709055
"BF","Burkina Faso",2006,5832414795
"BF","Burkina Faso",2007,6042743720
"BF","Burkina Faso",2008,6393223162
"BF","Burkina Faso",2009,6582810304
"BF","Burkina Faso",2010,7105465610
"BF","Burkina Faso",2011,7404611235
"BF","Burkina Faso",2012,8110820116
"BF","Burkina Faso",2013,8640399196
"BI","Burundi",2000,1003173008
"BI","Burundi",2001,1023796310
"BI","Burundi",2002,1069319612
"BI","Burundi",2003,1056234049
"BI","Burundi",2004,1107288788
"BI","Burundi",2005,1117254387
"BI","Burundi",2006,1177414708
"BI","Burundi",2007,1233763797
"BI","Burundi",2008,1296045659
"BI","Burundi",2009,1340998037
"BI","Burundi",2010,1391766915
"BI","Burundi",2011,1450104575
"BI","Burundi",2012,1508389578
"BI","Burundi",2013,1577685813
"KH","Cambodia",2000,4026612205
"KH","Cambodia",2001,4350296727
"KH","Cambodia",2002,4641239389
"KH","Cambodia",2003,5036018514
"KH","Cambodia",2004,5556769455
"KH","Cambodia",2005,6293046162
"KH","Cambodia",2006,6970875649
"KH","Cambodia",2007,7682781331
"KH","Cambodia",2008,8196880596
"KH","Cambodia",2009,8203987042
"KH","Cambodia",2010,8693197236
"KH","Cambodia",2011,9307768895
"KH","Cambodia",2012,9988478193
"KH","Cambodia",2013,10728239024
"CM","Cameroon",2000,13827130250
"CM","Cameroon",2001,14451324393
"CM","Cameroon",2002,15030684429
"CM","Cameroon",2003,15636570313
"CM","Cameroon",2004,16215413325
"CM","Cameroon",2005,16587857509
"CM","Cameroon",2006,17122650531
"CM","Cameroon",2007,17680106584
"CM","Cameroon",2008,18190009032
"CM","Cameroon",2009,18541412829
"CM","Cameroon",2010,19147466511
"CM","Cameroon",2011,19940284948
"CM","Cameroon",2012,20855292520
"CM","Cameroon",2013,22015198849
"CA","Canada",2000,1.03e+12
"CA","Canada",2001,1.04e+12
"CA","Canada",2002,1.07e+12
"CA","Canada",2003,1.09e+12
"CA","Canada",2004,1.13e+12
"CA","Canada",2005,1.16e+12
"CA","Canada",2006,1.19e+12
"CA","Canada",2007,1.22e+12
"CA","Canada",2008,1.23e+12
"CA","Canada",2009,1.2e+12
"CA","Canada",2010,1.24e+12
"CA","Canada",2011,1.27e+12
"CA","Canada",2012,1.29e+12
"CA","Canada",2013,1.32e+12
"CV","Cape Verde",2000,735999746.1
"CV","Cape Verde",2001,752424717.5
"CV","Cape Verde",2002,791933721.2
"CV","Cape Verde",2003,825006926.9
"CV","Cape Verde",2004,909133482.2
"CV","Cape Verde",2005,971976952.2
"CV","Cape Verde",2006,1049577167
"CV","Cape Verde",2007,1208805243
"CV","Cape Verde",2008,1289197084
"CV","Cape Verde",2009,1272819077
"CV","Cape Verde",2010,1291490222
"CV","Cape Verde",2011,1342746677
"CV","Cape Verde",2012,1359346553
"CV","Cape Verde",2013,1366640589
"CF","CAR",2000,1232871264
"CF","CAR",2001,1287916287
"CF","CAR",2002,1334493625
"CF","CAR",2003,1262464742
"CF","CAR",2004,1338149399
"CF","CAR",2005,1350300947
"CF","CAR",2006,1452928387
"CF","CAR",2007,1570946904
"CF","CAR",2008,1632089450
"CF","CAR",2009,1777461809
"CF","CAR",2010,1895403785
"CF","CAR",2011,1957951366
"CF","CAR",2012,2038226859
"CF","CAR",2013,1304465871
"KY","Cayman Islands",2000,
"KY","Cayman Islands",2001,
"KY","Cayman Islands",2002,
"KY","Cayman Islands",2003,
"KY","Cayman Islands",2004,
"KY","Cayman Islands",2005,
"KY","Cayman Islands",2006,
"KY","Cayman Islands",2007,
"KY","Cayman Islands",2008,
"KY","Cayman Islands",2009,
"KY","Cayman Islands",2010,
"KY","Cayman Islands",2011,
"KY","Cayman Islands",2012,
"KY","Cayman Islands",2013,
"TD","Chad",2000,3050372770
"TD","Chad",2001,3405989335
"TD","Chad",2002,3695199036
"TD","Chad",2003,4239193933
"TD","Chad",2004,5664808225
"TD","Chad",2005,6646663021
"TD","Chad",2006,6689750813
"TD","Chad",2007,6908605983
"TD","Chad",2008,7119504412
"TD","Chad",2009,7419783433
"TD","Chad",2010,8425171572
"TD","Chad",2011,8432153495
"TD","Chad",2012,9181145944
"TD","Chad",2013,9545225487
"CL","Chile",2000,1.01e+11
"CL","Chile",2001,1.05e+11
"CL","Chile",2002,1.07e+11
"CL","Chile",2003,1.11e+11
"CL","Chile",2004,1.18e+11
"CL","Chile",2005,1.24e+11
"CL","Chile",2006,1.3e+11
"CL","Chile",2007,1.37e+11
"CL","Chile",2008,1.41e+11
"CL","Chile",2009,1.4e+11
"CL","Chile",2010,1.48e+11
"CL","Chile",2011,1.56e+11
"CL","Chile",2012,1.65e+11
"CL","Chile",2013,1.71e+11
"CN","China",2000,1.42e+12
"CN","China",2001,1.53e+12
"CN","China",2002,1.67e+12
"CN","China",2003,1.84e+12
"CN","China",2004,2.03e+12
"CN","China",2005,2.26e+12
"CN","China",2006,2.54e+12
"CN","China",2007,2.9e+12
"CN","China",2008,3.18e+12
"CN","China",2009,3.48e+12
"CN","China",2010,3.84e+12
"CN","China",2011,4.2e+12
"CN","China",2012,4.52e+12
"CN","China",2013,4.86e+12
"CO","Colombia",2000,1.23e+11
"CO","Colombia",2001,1.25e+11
"CO","Colombia",2002,1.28e+11
"CO","Colombia",2003,1.33e+11
"CO","Colombia",2004,1.4e+11
"CO","Colombia",2005,1.47e+11
"CO","Colombia",2006,1.56e+11
"CO","Colombia",2007,1.67e+11
"CO","Colombia",2008,1.73e+11
"CO","Colombia",2009,1.76e+11
"CO","Colombia",2010,1.83e+11
"CO","Colombia",2011,1.95e+11
"CO","Colombia",2012,2.03e+11
"CO","Colombia",2013,2.12e+11
"KM","Comoros",2000,310561432.6
"KM","Comoros",2001,347357517.7
"KM","Comoros",2002,355432813.2
"KM","Comoros",2003,362911481.9
"KM","Comoros",2004,369877939.4
"KM","Comoros",2005,380372884.8
"KM","Comoros",2006,390443622.9
"KM","Comoros",2007,393566144.7
"KM","Comoros",2008,395140409.2
"KM","Comoros",2009,402845647.1
"KM","Comoros",2010,411708251.2
"KM","Comoros",2011,422412666.1
"KM","Comoros",2012,435085046
"KM","Comoros",2013,450313022.6
"CG","Congo",2000,4988137317
"CG","Congo",2001,5177816322
"CG","Congo",2002,5415057137
"CG","Congo",2003,5459095852
"CG","Congo",2004,5648888504
"CG","Congo",2005,6087002682
"CG","Congo",2006,6466587987
"CG","Congo",2007,6364272161
"CG","Congo",2008,6718906218
"CG","Congo",2009,7220733129
"CG","Congo",2010,7852666838
"CG","Congo",2011,8121276831
"CG","Congo",2012,8429885013
"CG","Congo",2013,8719932510
"CR","Costa Rica",2000,16340941962
"CR","Costa Rica",2001,16516835260
"CR","Costa Rica",2002,16996184390
"CR","Costa Rica",2003,18084706852
"CR","Costa Rica",2004,18855016400
"CR","Costa Rica",2005,19964893807
"CR","Costa Rica",2006,21717739802
"CR","Costa Rica",2007,23441116407
"CR","Costa Rica",2008,24081438730
"CR","Costa Rica",2009,23836839014
"CR","Costa Rica",2010,25017792423
"CR","Costa Rica",2011,26146150050
"CR","Costa Rica",2012,27488454360
"CR","Costa Rica",2013,28449804625
"CI","Cote d'Ivoire",2000,17085587280
"CI","Cote d'Ivoire",2001,17081959929
"CI","Cote d'Ivoire",2002,16837549854
"CI","Cote d'Ivoire",2003,16575664554
"CI","Cote d'Ivoire",2004,16873007966
"CI","Cote d'Ivoire",2005,17084927540
"CI","Cote d'Ivoire",2006,17343908109
"CI","Cote d'Ivoire",2007,17650034467
"CI","Cote d'Ivoire",2008,18098846864
"CI","Cote d'Ivoire",2009,18687322494
"CI","Cote d'Ivoire",2010,19064365124
"CI","Cote d'Ivoire",2011,18227961889
"CI","Cote d'Ivoire",2012,20173630104
"CI","Cote d'Ivoire",2013,21928892763
"HR","Croatia",2000,36454652841
"HR","Croatia",2001,37706653030
"HR","Croatia",2002,39684922977
"HR","Croatia",2003,41890574103
"HR","Croatia",2004,43600886940
"HR","Croatia",2005,45416358502
"HR","Croatia",2006,47589617859
"HR","Croatia",2007,50040522650
"HR","Croatia",2008,51067909965
"HR","Croatia",2009,47297232699
"HR","Croatia",2010,46492642026
"HR","Croatia",2011,46361826949
"HR","Croatia",2012,45347620352
"HR","Croatia",2013,44921727280
"CU","Cuba",2000,33377657730
"CU","Cuba",2001,34439811630
"CU","Cuba",2002,34931815614
"CU","Cuba",2003,36256208104
"CU","Cuba",2004,38348509946
"CU","Cuba",2005,42644200000
"CU","Cuba",2006,47789566449
"CU","Cuba",2007,51260110221
"CU","Cuba",2008,53370400812
"CU","Cuba",2009,54143800237
"CU","Cuba",2010,55436887631
"CU","Cuba",2011,56939415466
"CU","Cuba",2012,
"CU","Cuba",2013,
"CW","Curacao",2000,
"CW","Curacao",2001,
"CW","Curacao",2002,
"CW","Curacao",2003,
"CW","Curacao",2004,
"CW","Curacao",2005,
"CW","Curacao",2006,
"CW","Curacao",2007,
"CW","Curacao",2008,
"CW","Curacao",2009,
"CW","Curacao",2010,
"CW","Curacao",2011,
"CW","Curacao",2012,
"CW","Curacao",2013,
"CY","Cyprus",2000,14498299779
"CY","Cyprus",2001,15081936318
"CY","Cyprus",2002,15397335239
"CY","Cyprus",2003,15695130499
"CY","Cyprus",2004,16358201720
"CY","Cyprus",2005,16997801392
"CY","Cyprus",2006,17699013878
"CY","Cyprus",2007,18607069376
"CY","Cyprus",2008,19281876370
"CY","Cyprus",2009,18960609562
"CY","Cyprus",2010,19207097486
"CY","Cyprus",2011,19283925876
"CY","Cyprus",2012,18821111655
"CY","Cyprus",2013,17804771626
"CZ","Czech Republic",2000,1.12e+11
"CZ","Czech Republic",2001,1.16e+11
"CZ","Czech Republic",2002,1.18e+11
"CZ","Czech Republic",2003,1.22e+11
"CZ","Czech Republic",2004,1.28e+11
"CZ","Czech Republic",2005,1.36e+11
"CZ","Czech Republic",2006,1.45e+11
"CZ","Czech Republic",2007,1.53e+11
"CZ","Czech Republic",2008,1.58e+11
"CZ","Czech Republic",2009,1.5e+11
"CZ","Czech Republic",2010,1.53e+11
"CZ","Czech Republic",2011,1.56e+11
"CZ","Czech Republic",2012,1.55e+11
"CZ","Czech Republic",2013,1.54e+11
"DK","Denmark",2000,2.47e+11
"DK","Denmark",2001,2.49e+11
"DK","Denmark",2002,2.51e+11
"DK","Denmark",2003,2.52e+11
"DK","Denmark",2004,2.58e+11
"DK","Denmark",2005,2.65e+11
"DK","Denmark",2006,2.75e+11
"DK","Denmark",2007,2.77e+11
"DK","Denmark",2008,2.75e+11
"DK","Denmark",2009,2.61e+11
"DK","Denmark",2010,2.65e+11
"DK","Denmark",2011,2.68e+11
"DK","Denmark",2012,2.66e+11
"DK","Denmark",2013,2.65e+11
"DJ","Djibouti",2000,612142706.5
"DJ","Djibouti",2001,624677946.7
"DJ","Djibouti",2002,641035528.6
"DJ","Djibouti",2003,661548404.8
"DJ","Djibouti",2004,686862396.3
"DJ","Djibouti",2005,708633194.7
"DJ","Djibouti",2006,742646629.2
"DJ","Djibouti",2007,780522063.1
"DJ","Djibouti",2008,825792051
"DJ","Djibouti",2009,867077550.6
"DJ","Djibouti",2010,905664174.7
"DJ","Djibouti",2011,954435406.4
"DJ","Djibouti",2012,983101839.8
"DJ","Djibouti",2013,1032256020
"DM","Dominica",2000,337750831.9
"DM","Dominica",2001,339348741.3
"DM","Dominica",2002,333399414.1
"DM","Dominica",2003,359028537.3
"DM","Dominica",2004,370697482.6
"DM","Dominica",2005,370370370.4
"DM","Dominica",2006,388454861.1
"DM","Dominica",2007,411964699.1
"DM","Dominica",2008,442708333.3
"DM","Dominica",2009,437644675.9
"DM","Dominica",2010,442346643.5
"DM","Dominica",2011,441984953.7
"DM","Dominica",2012,435836226.9
"DM","Dominica",2013,431857638.9
"DO","Dominican Republic",2000,28565149660
"DO","Dominican Republic",2001,29081958770
"DO","Dominican Republic",2002,30765282834
"DO","Dominican Republic",2003,30687336281
"DO","Dominican Republic",2004,31089941311
"DO","Dominican Republic",2005,33969724872
"DO","Dominican Republic",2006,37594686814
"DO","Dominican Republic",2007,40780695459
"DO","Dominican Republic",2008,42062722849
"DO","Dominican Republic",2009,42456337944
"DO","Dominican Republic",2010,45981128000
"DO","Dominican Republic",2011,47327142627
"DO","Dominican Republic",2012,48585278187
"DO","Dominican Republic",2013,50812660856
"CD","DRC",2000,9925276570
"CD","DRC",2001,9716828589
"CD","DRC",2002,10003257879
"CD","DRC",2003,10561221829
"CD","DRC",2004,11272876448
"CD","DRC",2005,11964484458
"CD","DRC",2006,12601116451
"CD","DRC",2007,13389700280
"CD","DRC",2008,14223583421
"CD","DRC",2009,14629707395
"CD","DRC",2010,15669475019
"CD","DRC",2011,16746594732
"CD","DRC",2012,17933521553
"CD","DRC",2013,19454635074
"EC","Ecuador",2000,32753307083
"EC","Ecuador",2001,34068558675
"EC","Ecuador",2002,35464271435
"EC","Ecuador",2003,36429920044
"EC","Ecuador",2004,39421188399
"EC","Ecuador",2005,41507085000
"EC","Ecuador",2006,43334860460
"EC","Ecuador",2007,44283921626
"EC","Ecuador",2008,47099108359
"EC","Ecuador",2009,47365920848
"EC","Ecuador",2010,49035711025
"EC","Ecuador",2011,52893909869
"EC","Ecuador",2012,55655154854
"EC","Ecuador",2013,58238429058
"EG","Egypt",2000,75403544184
"EG","Egypt",2001,78069229640
"EG","Egypt",2002,79919852219
"EG","Egypt",2003,82472056526
"EG","Egypt",2004,85846872138
"EG","Egypt",2005,89685724897
"EG","Egypt",2006,95823670792
"EG","Egypt",2007,1.03e+11
"EG","Egypt",2008,1.1e+11
"EG","Egypt",2009,1.15e+11
"EG","Egypt",2010,1.21e+11
"EG","Egypt",2011,1.23e+11
"EG","Egypt",2012,1.26e+11
"EG","Egypt",2013,1.29e+11
"SV","El Salvador",2000,15219053495
"SV","El Salvador",2001,15479137440
"SV","El Salvador",2002,15841476610
"SV","El Salvador",2003,16205836634
"SV","El Salvador",2004,16505731408
"SV","El Salvador",2005,17093800000
"SV","El Salvador",2006,17762500677
"SV","El Salvador",2007,18444538993
"SV","El Salvador",2008,18679564344
"SV","El Salvador",2009,18094324948
"SV","El Salvador",2010,18341273340
"SV","El Salvador",2011,18747869219
"SV","El Salvador",2012,19100508289
"SV","El Salvador",2013,19420611605
"GQ","Equatorial Guinea",2000,2293189319
"GQ","Equatorial Guinea",2001,3746609852
"GQ","Equatorial Guinea",2002,4475806310
"GQ","Equatorial Guinea",2003,5100416284
"GQ","Equatorial Guinea",2004,7038509536
"GQ","Equatorial Guinea",2005,8217368425
"GQ","Equatorial Guinea",2006,7821986031
"GQ","Equatorial Guinea",2007,8849467734
"GQ","Equatorial Guinea",2008,9935268084
"GQ","Equatorial Guinea",2009,9133300301
"GQ","Equatorial Guinea",2010,9013792493
"GQ","Equatorial Guinea",2011,9464283562
"GQ","Equatorial Guinea",2012,9768981050
"GQ","Equatorial Guinea",2013,9296149993
"ER","Eritrea",2000,967942712.5
"ER","Eritrea",2001,1052690320
"ER","Eritrea",2002,1084328177
"ER","Eritrea",2003,1055533675
"ER","Eritrea",2004,1070857220
"ER","Eritrea",2005,1098425900
"ER","Eritrea",2006,1087779776
"ER","Eritrea",2007,1103300455
"ER","Eritrea",2008,995364243
"ER","Eritrea",2009,1033949557
"ER","Eritrea",2010,1056636372
"ER","Eritrea",2011,1148350300
"ER","Eritrea",2012,1228931291
"ER","Eritrea",2013,1245303754
"EE","Estonia",2000,9921578744
"EE","Estonia",2001,10532558449
"EE","Estonia",2002,11177325648
"EE","Estonia",2003,12013445754
"EE","Estonia",2004,12791598891
"EE","Estonia",2005,14003096553
"EE","Estonia",2006,15461202432
"EE","Estonia",2007,16682767870
"EE","Estonia",2008,15793869572
"EE","Estonia",2009,13466240860
"EE","Estonia",2010,13799780630
"EE","Estonia",2011,14941798737
"EE","Estonia",2012,15636623141
"EE","Estonia",2013,15891516316
"ET","Ethiopia",2000,9078129786
"ET","Ethiopia",2001,9831733147
"ET","Ethiopia",2002,9980656936
"ET","Ethiopia",2003,9764939037
"ET","Ethiopia",2004,11090295460
"ET","Ethiopia",2005,12401031522
"ET","Ethiopia",2006,13744649442
"ET","Ethiopia",2007,15319259435
"ET","Ethiopia",2008,16971981060
"ET","Ethiopia",2009,18465948723
"ET","Ethiopia",2010,20783524697
"ET","Ethiopia",2011,23106768656
"ET","Ethiopia",2012,25104998350
"ET","Ethiopia",2013,27738622153
"FO","Faroe Islands",2000,
"FO","Faroe Islands",2001,
"FO","Faroe Islands",2002,
"FO","Faroe Islands",2003,
"FO","Faroe Islands",2004,
"FO","Faroe Islands",2005,1730894295
"FO","Faroe Islands",2006,
"FO","Faroe Islands",2007,
"FO","Faroe Islands",2008,
"FO","Faroe Islands",2009,
"FO","Faroe Islands",2010,
"FO","Faroe Islands",2011,
"FO","Faroe Islands",2012,
"FO","Faroe Islands",2013,
"FJ","Fiji",2000,2667071319
"FJ","Fiji",2001,2720412714
"FJ","Fiji",2002,2807465937
"FJ","Fiji",2003,2835540568
"FJ","Fiji",2004,2985824246
"FJ","Fiji",2005,3006725015
"FJ","Fiji",2006,3062424069
"FJ","Fiji",2007,3036373448
"FJ","Fiji",2008,3067732939
"FJ","Fiji",2009,3025213010
"FJ","Fiji",2010,3114598167
"FJ","Fiji",2011,3198852454
"FJ","Fiji",2012,3257404140
"FJ","Fiji",2013,3370450917
"FI","Finland",2000,1.8e+11
"FI","Finland",2001,1.85e+11
"FI","Finland",2002,1.88e+11
"FI","Finland",2003,1.91e+11
"FI","Finland",2004,1.99e+11
"FI","Finland",2005,2.04e+11
"FI","Finland",2006,2.13e+11
"FI","Finland",2007,2.24e+11
"FI","Finland",2008,2.25e+11
"FI","Finland",2009,2.07e+11
"FI","Finland",2010,2.13e+11
"FI","Finland",2011,2.18e+11
"FI","Finland",2012,2.15e+11
"FI","Finland",2013,2.13e+11
"FR","France",2000,2.03e+12
"FR","France",2001,2.07e+12
"FR","France",2002,2.09e+12
"FR","France",2003,2.11e+12
"FR","France",2004,2.17e+12
"FR","France",2005,2.2e+12
"FR","France",2006,2.26e+12
"FR","France",2007,2.31e+12
"FR","France",2008,2.31e+12
"FR","France",2009,2.25e+12
"FR","France",2010,2.29e+12
"FR","France",2011,2.34e+12
"FR","France",2012,2.35e+12
"FR","France",2013,2.35e+12
"PF","French Polynesia",2000,
"PF","French Polynesia",2001,
"PF","French Polynesia",2002,
"PF","French Polynesia",2003,
"PF","French Polynesia",2004,
"PF","French Polynesia",2005,
"PF","French Polynesia",2006,
"PF","French Polynesia",2007,
"PF","French Polynesia",2008,
"PF","French Polynesia",2009,
"PF","French Polynesia",2010,
"PF","French Polynesia",2011,
"PF","French Polynesia",2012,
"PF","French Polynesia",2013,
"GA","Gabon",2000,7951573993
"GA","Gabon",2001,8121076102
"GA","Gabon",2002,8099380302
"GA","Gabon",2003,8299855530
"GA","Gabon",2004,8411572880
"GA","Gabon",2005,8665736618
"GA","Gabon",2006,8768095232
"GA","Gabon",2007,9255018589
"GA","Gabon",2008,9347550944
"GA","Gabon",2009,9076471967
"GA","Gabon",2010,9684595588
"GA","Gabon",2011,10372201875
"GA","Gabon",2012,10953045180
"GA","Gabon",2013,11597850950
"GM","Gambia",2000,538066029.6
"GM","Gambia",2001,569273860.6
"GM","Gambia",2002,550772458.3
"GM","Gambia",2003,588610525.1
"GM","Gambia",2004,630107566.8
"GM","Gambia",2005,624173995.6
"GM","Gambia",2006,631190333.6
"GM","Gambia",2007,654109015.8
"GM","Gambia",2008,691619825.8
"GM","Gambia",2009,736227201.1
"GM","Gambia",2010,784263321.1
"GM","Gambia",2011,750315061
"GM","Gambia",2012,794300241.9
"GM","Gambia",2013,832443850.1
"GE","Georgia",2000,4501184537
"GE","Georgia",2001,4717486805
"GE","Georgia",2002,4975714395
"GE","Georgia",2003,5525933974
"GE","Georgia",2004,5849606150
"GE","Georgia",2005,6411147328
"GE","Georgia",2006,7012722996
"GE","Georgia",2007,7878373514
"GE","Georgia",2008,8060682814
"GE","Georgia",2009,7756329603
"GE","Georgia",2010,8241335114
"GE","Georgia",2011,8834711165
"GE","Georgia",2012,9380883374
"GE","Georgia",2013,9692322210
"DE","Germany",2000,2.78e+12
"DE","Germany",2001,2.82e+12
"DE","Germany",2002,2.82e+12
"DE","Germany",2003,2.8e+12
"DE","Germany",2004,2.84e+12
"DE","Germany",2005,2.86e+12
"DE","Germany",2006,2.96e+12
"DE","Germany",2007,3.06e+12
"DE","Germany",2008,3.09e+12
"DE","Germany",2009,2.92e+12
"DE","Germany",2010,3.04e+12
"DE","Germany",2011,3.15e+12
"DE","Germany",2012,3.16e+12
"DE","Germany",2013,3.16e+12
"GH","Ghana",2000,8393646451
"GH","Ghana",2001,8729392309
"GH","Ghana",2002,9122214936
"GH","Ghana",2003,9596570111
"GH","Ghana",2004,10133978037
"GH","Ghana",2005,10731883141
"GH","Ghana",2006,11418714263
"GH","Ghana",2007,12156316526
"GH","Ghana",2008,13181171561
"GH","Ghana",2009,13707307334
"GH","Ghana",2010,14805069843
"GH","Ghana",2011,17027145862
"GH","Ghana",2012,18522987186
"GH","Ghana",2013,19927956039
"GR","Greece",2000,2.05e+11
"GR","Greece",2001,2.13e+11
"GR","Greece",2002,2.19e+11
"GR","Greece",2003,2.34e+11
"GR","Greece",2004,2.45e+11
"GR","Greece",2005,2.48e+11
"GR","Greece",2006,2.62e+11
"GR","Greece",2007,2.71e+11
"GR","Greece",2008,2.7e+11
"GR","Greece",2009,2.58e+11
"GR","Greece",2010,2.44e+11
"GR","Greece",2011,2.23e+11
"GR","Greece",2012,2.08e+11
"GR","Greece",2013,2.01e+11
"GL","Greenland",2000,1627666678
"GL","Greenland",2001,1648322347
"GL","Greenland",2002,1632314204
"GL","Greenland",2003,1626117503
"GL","Greenland",2004,1669494407
"GL","Greenland",2005,1702543477
"GL","Greenland",2006,1778629819
"GL","Greenland",2007,1876686744
"GL","Greenland",2008,1883178374
"GL","Greenland",2009,1781261019
"GL","Greenland",2010,
"GL","Greenland",2011,
"GL","Greenland",2012,
"GL","Greenland",2013,
"GD","Grenada",2000,556982861.5
"GD","Grenada",2001,545710085.1
"GD","Grenada",2002,564467906.3
"GD","Grenada",2003,617888999
"GD","Grenada",2004,613888474.7
"GD","Grenada",2005,695370284
"GD","Grenada",2006,667606373
"GD","Grenada",2007,708486921.8
"GD","Grenada",2008,715204914.9
"GD","Grenada",2009,667904028
"GD","Grenada",2010,664489258.8
"GD","Grenada",2011,669571441
"GD","Grenada",2012,661835914.5
"GD","Grenada",2013,677873577.3
"GU","Guam",2000,
"GU","Guam",2001,
"GU","Guam",2002,
"GU","Guam",2003,
"GU","Guam",2004,
"GU","Guam",2005,
"GU","Guam",2006,
"GU","Guam",2007,
"GU","Guam",2008,
"GU","Guam",2009,
"GU","Guam",2010,
"GU","Guam",2011,
"GU","Guam",2012,
"GU","Guam",2013,
"GT","Guatemala",2000,23441934442
"GT","Guatemala",2001,23988727948
"GT","Guatemala",2002,24916285306
"GT","Guatemala",2003,25546876111
"GT","Guatemala",2004,26352121441
"GT","Guatemala",2005,27211243473
"GT","Guatemala",2006,28675103328
"GT","Guatemala",2007,30482853551
"GT","Guatemala",2008,31483024494
"GT","Guatemala",2009,31648685968
"GT","Guatemala",2010,32556804624
"GT","Guatemala",2011,33911801225
"GT","Guatemala",2012,34918990339
"GT","Guatemala",2013,36207607449
"GN","Guinea",2000,2524527100
"GN","Guinea",2001,2616883048
"GN","Guinea",2002,2752034838
"GN","Guinea",2003,2786396779
"GN","Guinea",2004,2851601733
"GN","Guinea",2005,2937072009
"GN","Guinea",2006,3010402725
"GN","Guinea",2007,3063316042
"GN","Guinea",2008,3214549894
"GN","Guinea",2009,3205542973
"GN","Guinea",2010,3267609255
"GN","Guinea",2011,3395332306
"GN","Guinea",2012,3529248014
"GN","Guinea",2013,3610420692
"GW","Guinea-Bissau",2000,538205015.5
"GW","Guinea-Bissau",2001,549985821.8
"GW","Guinea-Bissau",2002,544567485.1
"GW","Guinea-Bissau",2003,547663406.6
"GW","Guinea-Bissau",2004,562786594.8
"GW","Guinea-Bissau",2005,586791836.1
"GW","Guinea-Bissau",2006,600345261.2
"GW","Guinea-Bissau",2007,619584337.8
"GW","Guinea-Bissau",2008,639441461.2
"GW","Guinea-Bissau",2009,660635158.2
"GW","Guinea-Bissau",2010,689914651.6
"GW","Guinea-Bissau",2011,752204669.4
"GW","Guinea-Bissau",2012,735405550.6
"GW","Guinea-Bissau",2013,737822758.2
"GY","Guyana",2000,796311937.4
"GY","Guyana",2001,814228950.4
"GY","Guyana",2002,822786502.9
"GY","Guyana",2003,814515398.4
"GY","Guyana",2004,841344923
"GY","Guyana",2005,824880550.3
"GY","Guyana",2006,780808181.5
"GY","Guyana",2007,835623363.3
"GY","Guyana",2008,852140688
"GY","Guyana",2009,880420034.8
"GY","Guyana",2010,918902044.8
"GY","Guyana",2011,968863907.4
"GY","Guyana",2012,1015528839
"GY","Guyana",2013,1068555956
"HT","Haiti",2000,4269984676
"HT","Haiti",2001,4225461660
"HT","Haiti",2002,4214412153
"HT","Haiti",2003,4229686472
"HT","Haiti",2004,4081168092
"HT","Haiti",2005,4154289832
"HT","Haiti",2006,4247885661
"HT","Haiti",2007,4389904330
"HT","Haiti",2008,4426952679
"HT","Haiti",2009,4563446595
"HT","Haiti",2010,4312557778
"HT","Haiti",2011,4550772160
"HT","Haiti",2012,4682066308
"HT","Haiti",2013,4883232342
"HN","Honduras",2000,7704758600
"HN","Honduras",2001,7914574068
"HN","Honduras",2002,8211713918
"HN","Honduras",2003,8585103675
"HN","Honduras",2004,9120153346
"HN","Honduras",2005,9672006169
"HN","Honduras",2006,10307166801
"HN","Honduras",2007,10945000333
"HN","Honduras",2008,11408177875
"HN","Honduras",2009,11130745248
"HN","Honduras",2010,11546063423
"HN","Honduras",2011,11988919697
"HN","Honduras",2012,12452068343
"HN","Honduras",2013,12771306579
"HK","Hong Kong",2000,1.48e+11
"HK","Hong Kong",2001,1.48e+11
"HK","Hong Kong",2002,1.51e+11
"HK","Hong Kong",2003,1.56e+11
"HK","Hong Kong",2004,1.69e+11
"HK","Hong Kong",2005,1.82e+11
"HK","Hong Kong",2006,1.94e+11
"HK","Hong Kong",2007,2.07e+11
"HK","Hong Kong",2008,2.11e+11
"HK","Hong Kong",2009,2.06e+11
"HK","Hong Kong",2010,2.2e+11
"HK","Hong Kong",2011,2.31e+11
"HK","Hong Kong",2012,2.34e+11
"HK","Hong Kong",2013,2.41e+11
"HU","Hungary",2000,91042897048
"HU","Hungary",2001,94443450703
"HU","Hungary",2002,98685045032
"HU","Hungary",2003,1.02e+11
"HU","Hungary",2004,1.07e+11
"HU","Hungary",2005,1.12e+11
"HU","Hungary",2006,1.16e+11
"HU","Hungary",2007,1.17e+11
"HU","Hungary",2008,1.18e+11
"HU","Hungary",2009,1.1e+11
"HU","Hungary",2010,1.11e+11
"HU","Hungary",2011,1.13e+11
"HU","Hungary",2012,1.11e+11
"HU","Hungary",2013,1.13e+11
"IS","Iceland",2000,13676932441
"IS","Iceland",2001,14191590145
"IS","Iceland",2002,14255942205
"IS","Iceland",2003,14642483262
"IS","Iceland",2004,15847357697
"IS","Iceland",2005,16798507502
"IS","Iceland",2006,17509571568
"IS","Iceland",2007,19211939983
"IS","Iceland",2008,19432686761
"IS","Iceland",2009,18432427426
"IS","Iceland",2010,17891476356
"IS","Iceland",2011,18273015957
"IS","Iceland",2012,18482473736
"IS","Iceland",2013,19121850274
"IN","India",2000,6.03e+11
"IN","India",2001,6.32e+11
"IN","India",2002,6.56e+11
"IN","India",2003,7.07e+11
"IN","India",2004,7.63e+11
"IN","India",2005,8.34e+11
"IN","India",2006,9.11e+11
"IN","India",2007,1e+12
"IN","India",2008,1.04e+12
"IN","India",2009,1.13e+12
"IN","India",2010,1.24e+12
"IN","India",2011,1.33e+12
"IN","India",2012,1.39e+12
"IN","India",2013,1.46e+12
"ID","Indonesia",2000,2.27e+11
"ID","Indonesia",2001,2.35e+11
"ID","Indonesia",2002,2.46e+11
"ID","Indonesia",2003,2.58e+11
"ID","Indonesia",2004,2.7e+11
"ID","Indonesia",2005,2.86e+11
"ID","Indonesia",2006,3.02e+11
"ID","Indonesia",2007,3.21e+11
"ID","Indonesia",2008,3.4e+11
"ID","Indonesia",2009,3.56e+11
"ID","Indonesia",2010,3.78e+11
"ID","Indonesia",2011,4.02e+11
"ID","Indonesia",2012,4.28e+11
"ID","Indonesia",2013,4.52e+11
"IR","Iran",2000,1.46e+11
"IR","Iran",2001,1.52e+11
"IR","Iran",2002,1.63e+11
"IR","Iran",2003,1.75e+11
"IR","Iran",2004,1.84e+11
"IR","Iran",2005,1.92e+11
"IR","Iran",2006,2.03e+11
"IR","Iran",2007,2.19e+11
"IR","Iran",2008,2.21e+11
"IR","Iran",2009,2.29e+11
"IR","Iran",2010,2.43e+11
"IR","Iran",2011,2.5e+11
"IR","Iran",2012,2.57e+11
"IR","Iran",2013,2.43e+11
"IQ","Iraq",2000,48712653630
"IQ","Iraq",2001,49835634708
"IQ","Iraq",2002,46396886098
"IQ","Iraq",2003,31039127982
"IQ","Iraq",2004,47849228958
"IQ","Iraq",2005,49954890353
"IQ","Iraq",2006,55029407816
"IQ","Iraq",2007,55787491919
"IQ","Iraq",2008,59474411872
"IQ","Iraq",2009,62929720572
"IQ","Iraq",2010,66414699433
"IQ","Iraq",2011,73198356146
"IQ","Iraq",2012,80731931917
"IQ","Iraq",2013,84132155319
"IE","Ireland",2000,1.66e+11
"IE","Ireland",2001,1.75e+11
"IE","Ireland",2002,1.85e+11
"IE","Ireland",2003,1.9e+11
"IE","Ireland",2004,1.99e+11
"IE","Ireland",2005,2.1e+11
"IE","Ireland",2006,2.22e+11
"IE","Ireland",2007,2.33e+11
"IE","Ireland",2008,2.27e+11
"IE","Ireland",2009,2.12e+11
"IE","Ireland",2010,2.12e+11
"IE","Ireland",2011,2.18e+11
"IE","Ireland",2012,2.17e+11
"IE","Ireland",2013,2.17e+11
"IL","Israel",2000,1.27e+11
"IL","Israel",2001,1.28e+11
"IL","Israel",2002,1.27e+11
"IL","Israel",2003,1.29e+11
"IL","Israel",2004,1.35e+11
"IL","Israel",2005,1.41e+11
"IL","Israel",2006,1.49e+11
"IL","Israel",2007,1.59e+11
"IL","Israel",2008,1.64e+11
"IL","Israel",2009,1.67e+11
"IL","Israel",2010,1.77e+11
"IL","Israel",2011,1.84e+11
"IL","Israel",2012,1.9e+11
"IL","Israel",2013,1.96e+11
"IT","Italy",2000,1.77e+12
"IT","Italy",2001,1.8e+12
"IT","Italy",2002,1.8e+12
"IT","Italy",2003,1.81e+12
"IT","Italy",2004,1.84e+12
"IT","Italy",2005,1.85e+12
"IT","Italy",2006,1.89e+12
"IT","Italy",2007,1.92e+12
"IT","Italy",2008,1.9e+12
"IT","Italy",2009,1.79e+12
"IT","Italy",2010,1.83e+12
"IT","Italy",2011,1.84e+12
"IT","Italy",2012,1.79e+12
"IT","Italy",2013,1.76e+12
"JM","Jamaica",2000,
"JM","Jamaica",2001,
"JM","Jamaica",2002,
"JM","Jamaica",2003,
"JM","Jamaica",2004,
"JM","Jamaica",2005,11075778481
"JM","Jamaica",2006,
"JM","Jamaica",2007,
"JM","Jamaica",2008,
"JM","Jamaica",2009,
"JM","Jamaica",2010,
"JM","Jamaica",2011,
"JM","Jamaica",2012,
"JM","Jamaica",2013,
"JP","Japan",2000,4.31e+12
"JP","Japan",2001,4.32e+12
"JP","Japan",2002,4.34e+12
"JP","Japan",2003,4.41e+12
"JP","Japan",2004,4.51e+12
"JP","Japan",2005,4.57e+12
"JP","Japan",2006,4.65e+12
"JP","Japan",2007,4.75e+12
"JP","Japan",2008,4.7e+12
"JP","Japan",2009,4.44e+12
"JP","Japan",2010,4.65e+12
"JP","Japan",2011,4.63e+12
"JP","Japan",2012,4.71e+12
"JP","Japan",2013,4.78e+12
"JO","Jordan",2000,9241357060
"JO","Jordan",2001,9728503194
"JO","Jordan",2002,10292015596
"JO","Jordan",2003,10720549509
"JO","Jordan",2004,11638522125
"JO","Jordan",2005,12588665456
"JO","Jordan",2006,13607507840
"JO","Jordan",2007,14720019447
"JO","Jordan",2008,15784631381
"JO","Jordan",2009,16649089512
"JO","Jordan",2010,17038150481
"JO","Jordan",2011,17474464938
"JO","Jordan",2012,17937816943
"JO","Jordan",2013,18445245251
"KZ","Kazakhstan",2000,34880328744
"KZ","Kazakhstan",2001,39589173124
"KZ","Kazakhstan",2002,43468912091
"KZ","Kazakhstan",2003,47511520915
"KZ","Kazakhstan",2004,52072626923
"KZ","Kazakhstan",2005,57123671734
"KZ","Kazakhstan",2006,63235904609
"KZ","Kazakhstan",2007,68863900120
"KZ","Kazakhstan",2008,71136408824
"KZ","Kazakhstan",2009,71990045729
"KZ","Kazakhstan",2010,77245319068
"KZ","Kazakhstan",2011,83038717998
"KZ","Kazakhstan",2012,87190653898
"KZ","Kazakhstan",2013,92422093131
"KE","Kenya",2000,15672664145
"KE","Kenya",2001,16265076195
"KE","Kenya",2002,16354023315
"KE","Kenya",2003,16833601049
"KE","Kenya",2004,17692838510
"KE","Kenya",2005,18737895401
"KE","Kenya",2006,19924122754
"KE","Kenya",2007,21317473473
"KE","Kenya",2008,21366990285
"KE","Kenya",2009,22073583794
"KE","Kenya",2010,23929022856
"KE","Kenya",2011,25393969743
"KE","Kenya",2012,26524577939
"KE","Kenya",2013,28047921366
"KI","Kiribati",2000,97813219.68
"KI","Kiribati",2001,98501100.85
"KI","Kiribati",2002,99070052.01
"KI","Kiribati",2003,103062810.7
"KI","Kiribati",2004,106332502.5
"KI","Kiribati",2005,106147384.5
"KI","Kiribati",2006,101362333.3
"KI","Kiribati",2007,108981176.1
"KI","Kiribati",2008,111982777.2
"KI","Kiribati",2009,111238067.9
"KI","Kiribati",2010,110681524.1
"KI","Kiribati",2011,113714206.4
"KI","Kiribati",2012,116909591
"KI","Kiribati",2013,120385071.5
"XK","Kosovo",2000,2574593022
"XK","Kosovo",2001,3269061628
"XK","Kosovo",2002,3246147197
"XK","Kosovo",2003,3440271525
"XK","Kosovo",2004,3530135778
"XK","Kosovo",2005,3743116980
"XK","Kosovo",2006,3978933291
"XK","Kosovo",2007,4157985278
"XK","Kosovo",2008,4307672832
"XK","Kosovo",2009,4449825935
"XK","Kosovo",2010,4645618263
"XK","Kosovo",2011,4775695653
"XK","Kosovo",2012,4938069317
"XK","Kosovo",2013,5086211351
"KW","Kuwait",2000,54444297998
"KW","Kuwait",2001,54841211342
"KW","Kuwait",2002,56486447682
"KW","Kuwait",2003,66269900421
"KW","Kuwait",2004,73401995834
"KW","Kuwait",2005,80797945205
"KW","Kuwait",2006,86874151933
"KW","Kuwait",2007,92079356886
"KW","Kuwait",2008,94362781189
"KW","Kuwait",2009,87685573780
"KW","Kuwait",2010,85606896366
"KW","Kuwait",2011,94347372142
"KW","Kuwait",2012,1.02e+11
"KW","Kuwait",2013,
"KG","Kyrgyzstan",2000,2042842031
"KG","Kyrgyzstan",2001,2151553593
"KG","Kyrgyzstan",2002,2151180233
"KG","Kyrgyzstan",2003,2302414572
"KG","Kyrgyzstan",2004,2464202013
"KG","Kyrgyzstan",2005,2459876152
"KG","Kyrgyzstan",2006,2536203617
"KG","Kyrgyzstan",2007,2752868319
"KG","Kyrgyzstan",2008,2984153743
"KG","Kyrgyzstan",2009,3070285214
"KG","Kyrgyzstan",2010,3055806767
"KG","Kyrgyzstan",2011,3237819003
"KG","Kyrgyzstan",2012,3234964859
"KG","Kyrgyzstan",2013,3575739740
"LA","Lao",2000,2021232686
"LA","Lao",2001,2137482123
"LA","Lao",2002,2263994326
"LA","Lao",2003,2401350792
"LA","Lao",2004,2554021362
"LA","Lao",2005,2735550177
"LA","Lao",2006,2971334529
"LA","Lao",2007,3197061726
"LA","Lao",2008,3447228698
"LA","Lao",2009,3705832035
"LA","Lao",2010,4021824832
"LA","Lao",2011,4345125361
"LA","Lao",2012,4693787390
"LA","Lao",2013,5093624036
"LV","Latvia",2000,10822812606
"LV","Latvia",2001,11693345404
"LV","Latvia",2002,12450199800
"LV","Latvia",2003,13346108625
"LV","Latvia",2004,14504256891
"LV","Latvia",2005,16041840426
"LV","Latvia",2006,18004275915
"LV","Latvia",2007,19800672593
"LV","Latvia",2008,18960420623
"LV","Latvia",2009,15556078264
"LV","Latvia",2010,15502642580
"LV","Latvia",2011,16324282637
"LV","Latvia",2012,17140496769
"LV","Latvia",2013,17844952420
"LB","Lebanon",2000,17383441662
"LB","Lebanon",2001,18070698831
"LB","Lebanon",2002,18680381901
"LB","Lebanon",2003,19285138788
"LB","Lebanon",2004,20727436194
"LB","Lebanon",2005,21287562189
"LB","Lebanon",2006,21628753523
"LB","Lebanon",2007,23662740235
"LB","Lebanon",2008,25815594485
"LB","Lebanon",2009,28474836324
"LB","Lebanon",2010,30751708804
"LB","Lebanon",2011,31368153346
"LB","Lebanon",2012,32058252720
"LB","Lebanon",2013,32346844998
"LS","Lesotho",2000,1187300143
"LS","Lesotho",2001,1237513481
"LS","Lesotho",2002,1244101707
"LS","Lesotho",2003,1302464439
"LS","Lesotho",2004,1332314032
"LS","Lesotho",2005,1368346468
"LS","Lesotho",2006,1427287227
"LS","Lesotho",2007,1494847370
"LS","Lesotho",2008,1580554053
"LS","Lesotho",2009,1633627996
"LS","Lesotho",2010,1749472870
"LS","Lesotho",2011,1799104284
"LS","Lesotho",2012,1916251863
"LS","Lesotho",2013,2021442598
"LR","Liberia",2000,482341824.2
"LR","Liberia",2001,588919365.4
"LR","Liberia",2002,776740913.3
"LR","Liberia",2003,521720470.5
"LR","Liberia",2004,495061641.4
"LR","Liberia",2005,5.42e+08
"LR","Liberia",2006,595004024.7
"LR","Liberia",2007,688348492.1
"LR","Liberia",2008,760839799.1
"LR","Liberia",2009,865543488.9
"LR","Liberia",2010,960255604.2
"LR","Liberia",2011,1047942871
"LR","Liberia",2012,1155237990
"LR","Liberia",2013,1285857805
"LY","Libya",2000,35929150681
"LY","Libya",2001,34384197201
"LY","Libya",2002,33937202638
"LY","Libya",2003,38349038981
"LY","Libya",2004,40036396696
"LY","Libya",2005,4.4e+10
"LY","Libya",2006,46596000038
"LY","Libya",2007,49391760026
"LY","Libya",2008,51268646817
"LY","Libya",2009,52345288444
"LY","Libya",2010,54963979187
"LY","Libya",2011,20844260464
"LY","Libya",2012,42623274134
"LY","Libya",2013,37986309412
"LI","Liechtenstein",2000,3514285118
"LI","Liechtenstein",2001,3488522187
"LI","Liechtenstein",2002,3453849096
"LI","Liechtenstein",2003,3386928539
"LI","Liechtenstein",2004,3489863115
"LI","Liechtenstein",2005,3658356378
"LI","Liechtenstein",2006,3974620150
"LI","Liechtenstein",2007,4106814515
"LI","Liechtenstein",2008,4180658707
"LI","Liechtenstein",2009,4132268347
"LI","Liechtenstein",2010,
"LI","Liechtenstein",2011,
"LI","Liechtenstein",2012,
"LI","Liechtenstein",2013,
"LT","Lithuania",2000,17924960438
"LT","Lithuania",2001,19132334492
"LT","Lithuania",2002,20445486537
"LT","Lithuania",2003,22540470795
"LT","Lithuania",2004,24197371918
"LT","Lithuania",2005,26085307222
"LT","Lithuania",2006,28131654768
"LT","Lithuania",2007,30899753882
"LT","Lithuania",2008,31804328149
"LT","Lithuania",2009,27115825491
"LT","Lithuania",2010,27476518251
"LT","Lithuania",2011,29125109346
"LT","Lithuania",2012,30202738392
"LT","Lithuania",2013,31184663159
"LU","Luxembourg",2000,31791026215
"LU","Luxembourg",2001,32426876586
"LU","Luxembourg",2002,33489155847
"LU","Luxembourg",2003,33887728200
"LU","Luxembourg",2004,35557130777
"LU","Luxembourg",2005,37023578570
"LU","Luxembourg",2006,38830771527
"LU","Luxembourg",2007,41340471571
"LU","Luxembourg",2008,41541934040
"LU","Luxembourg",2009,39326219967
"LU","Luxembourg",2010,41349425459
"LU","Luxembourg",2011,42428244541
"LU","Luxembourg",2012,42359100632
"LU","Luxembourg",2013,43202134010
"MO","Macao",2000,6785840351
"MO","Macao",2001,6982629721
"MO","Macao",2002,7604317315
"MO","Macao",2003,8561385962
"MO","Macao",2004,10862857121
"MO","Macao",2005,11792570016
"MO","Macao",2006,13493330843
"MO","Macao",2007,15426747127
"MO","Macao",2008,15949863116
"MO","Macao",2009,16222998072
"MO","Macao",2010,20684154509
"MO","Macao",2011,25088071962
"MO","Macao",2012,27380972023
"MO","Macao",2013,30636091364
"MK","Macedonia",2000,5537765608
"MK","Macedonia",2001,5287163002
"MK","Macedonia",2002,5332288418
"MK","Macedonia",2003,5482471530
"MK","Macedonia",2004,5736161749
"MK","Macedonia",2005,5985809060
"MK","Macedonia",2006,6286933486
"MK","Macedonia",2007,6673508621
"MK","Macedonia",2008,7003848111
"MK","Macedonia",2009,6939393956
"MK","Macedonia",2010,7140636380
"MK","Macedonia",2011,7340574199
"MK","Macedonia",2012,7311211902
"MK","Macedonia",2013,7537859472
"MG","Madagascar",2000,4503070950
"MG","Madagascar",2001,4774057852
"MG","Madagascar",2002,4169003874
"MG","Madagascar",2003,4576936407
"MG","Madagascar",2004,4817546118
"MG","Madagascar",2005,5039292947
"MG","Madagascar",2006,5292396827
"MG","Madagascar",2007,5622673003
"MG","Madagascar",2008,6023486010
"MG","Madagascar",2009,5781711679
"MG","Madagascar",2010,5796923990
"MG","Madagascar",2011,5881233999
"MG","Madagascar",2012,6059290478
"MG","Madagascar",2013,6205579788
"MW","Malawi",2000,2505954305
"MW","Malawi",2001,2381283984
"MW","Malawi",2002,2421765812
"MW","Malawi",2003,2554962932
"MW","Malawi",2004,2678920476
"MW","Malawi",2005,2754995877
"MW","Malawi",2006,2811804032
"MW","Malawi",2007,3078684118
"MW","Malawi",2008,3335412862
"MW","Malawi",2009,3636795274
"MW","Malawi",2010,3874400290
"MW","Malawi",2011,4042839656
"MW","Malawi",2012,4119079507
"MW","Malawi",2013,4323776331
"MY","Malaysia",2000,1.14e+11
"MY","Malaysia",2001,1.14e+11
"MY","Malaysia",2002,1.21e+11
"MY","Malaysia",2003,1.28e+11
"MY","Malaysia",2004,1.36e+11
"MY","Malaysia",2005,1.44e+11
"MY","Malaysia",2006,1.52e+11
"MY","Malaysia",2007,1.61e+11
"MY","Malaysia",2008,1.69e+11
"MY","Malaysia",2009,1.66e+11
"MY","Malaysia",2010,1.79e+11
"MY","Malaysia",2011,1.88e+11
"MY","Malaysia",2012,1.99e+11
"MY","Malaysia",2013,2.08e+11
"MV","Maldives",2000,
"MV","Maldives",2001,797726905.4
"MV","Maldives",2002,846371840.2
"MV","Maldives",2003,966162135
"MV","Maldives",2004,1086749513
"MV","Maldives",2005,992473987.3
"MV","Maldives",2006,1186855729
"MV","Maldives",2007,1312144503
"MV","Maldives",2008,1472207441
"MV","Maldives",2009,1418692085
"MV","Maldives",2010,1518834121
"MV","Maldives",2011,1617196137
"MV","Maldives",2012,1638731204
"MV","Maldives",2013,1699601542
"ML","Mali",2000,3901566287
"ML","Mali",2001,4373655808
"ML","Mali",2002,4555307683
"ML","Mali",2003,4894286121
"ML","Mali",2004,5001251734
"ML","Mali",2005,5305317555
"ML","Mali",2006,5760422916
"ML","Mali",2007,6008016157
"ML","Mali",2008,6307126993
"ML","Mali",2009,6588262258
"ML","Mali",2010,6971653981
"ML","Mali",2011,7161987874
"ML","Mali",2012,7132745221
"ML","Mali",2013,7286050698
"MT","Malta",2000,5721155308
"MT","Malta",2001,5632483775
"MT","Malta",2002,5790846034
"MT","Malta",2003,5798495016
"MT","Malta",2004,5769315566
"MT","Malta",2005,5980795756
"MT","Malta",2006,6113803055
"MT","Malta",2007,6375426572
"MT","Malta",2008,6624068209
"MT","Malta",2009,6438594299
"MT","Malta",2010,6715453854
"MT","Malta",2011,6809470208
"MT","Malta",2012,6884374380
"MT","Malta",2013,7084021237
"MH","Marshall Islands",2000,123848240
"MH","Marshall Islands",2001,130490691.8
"MH","Marshall Islands",2002,133904201.3
"MH","Marshall Islands",2003,134131925.4
"MH","Marshall Islands",2004,134057599.6
"MH","Marshall Islands",2005,137744500
"MH","Marshall Islands",2006,140392903.7
"MH","Marshall Islands",2007,145692676.5
"MH","Marshall Islands",2008,142729544.1
"MH","Marshall Islands",2009,140365398.2
"MH","Marshall Islands",2010,148989454
"MH","Marshall Islands",2011,149024628.3
"MH","Marshall Islands",2012,156060214.4
"MH","Marshall Islands",2013,160724190.3
"MR","Mauritania",2000,1525081452
"MR","Mauritania",2001,1569192219
"MR","Mauritania",2002,1586406124
"MR","Mauritania",2003,1675152716
"MR","Mauritania",2004,1761902260
"MR","Mauritania",2005,1857835410
"MR","Mauritania",2006,2070458321
"MR","Mauritania",2007,2091638794
"MR","Mauritania",2008,2165201811
"MR","Mauritania",2009,2138782215
"MR","Mauritania",2010,2231437108
"MR","Mauritania",2011,2320390557
"MR","Mauritania",2012,2482142859
"MR","Mauritania",2013,2648818876
"MU","Mauritius",2000,5406113153
"MU","Mauritius",2001,5545243277
"MU","Mauritius",2002,5662431639
"MU","Mauritius",2003,5869498634
"MU","Mauritius",2004,6206746378
"MU","Mauritius",2005,6283796155
"MU","Mauritius",2006,6531858625
"MU","Mauritius",2007,6917238284
"MU","Mauritius",2008,7297686390
"MU","Mauritius",2009,7516616980
"MU","Mauritius",2010,7824798277
"MU","Mauritius",2011,8129965409
"MU","Mauritius",2012,8390124303
"MU","Mauritius",2013,8658608282
"MX","Mexico",2000,7.99e+11
"MX","Mexico",2001,7.94e+11
"MX","Mexico",2002,7.95e+11
"MX","Mexico",2003,8.06e+11
"MX","Mexico",2004,8.41e+11
"MX","Mexico",2005,8.66e+11
"MX","Mexico",2006,9.1e+11
"MX","Mexico",2007,9.38e+11
"MX","Mexico",2008,9.51e+11
"MX","Mexico",2009,9.07e+11
"MX","Mexico",2010,9.53e+11
"MX","Mexico",2011,9.92e+11
"MX","Mexico",2012,1.03e+12
"MX","Mexico",2013,1.04e+12
"FM","Micronesia",2000,242479653.1
"FM","Micronesia",2001,246716241.5
"FM","Micronesia",2002,248196291.1
"FM","Micronesia",2003,252728011.4
"FM","Micronesia",2004,244561706.6
"FM","Micronesia",2005,249845600
"FM","Micronesia",2006,249437356.2
"FM","Micronesia",2007,244299752.7
"FM","Micronesia",2008,238046548.4
"FM","Micronesia",2009,240336449.9
"FM","Micronesia",2010,246418353.2
"FM","Micronesia",2011,251471327
"FM","Micronesia",2012,252561916.7
"FM","Micronesia",2013,242459440
"MD","Moldova",2000,2122817827
"MD","Moldova",2001,2252309715
"MD","Moldova",2002,2427989875
"MD","Moldova",2003,2588237217
"MD","Moldova",2004,2780027212
"MD","Moldova",2005,2988172424
"MD","Moldova",2006,3131711629
"MD","Moldova",2007,3225564186
"MD","Moldova",2008,3477193641
"MD","Moldova",2009,3268567834
"MD","Moldova",2010,3500729421
"MD","Moldova",2011,3738702313
"MD","Moldova",2012,3712551446
"MD","Moldova",2013,4042924068
"MC","Monaco",2000,3927950920
"MC","Monaco",2001,4013883856
"MC","Monaco",2002,4055086247
"MC","Monaco",2003,4099186749
"MC","Monaco",2004,4200456593
"MC","Monaco",2005,4280072626
"MC","Monaco",2006,4496188311
"MC","Monaco",2007,5151842377
"MC","Monaco",2008,5667026615
"MC","Monaco",2009,
"MC","Monaco",2010,
"MC","Monaco",2011,
"MC","Monaco",2012,
"MC","Monaco",2013,
"MN","Mongolia",2000,1843267456
"MN","Mongolia",2001,1897693809
"MN","Mongolia",2002,1987511248
"MN","Mongolia",2003,2126729148
"MN","Mongolia",2004,2352702754
"MN","Mongolia",2005,2523359941
"MN","Mongolia",2006,2739264542
"MN","Mongolia",2007,3019984821
"MN","Mongolia",2008,3288774582
"MN","Mongolia",2009,3247053222
"MN","Mongolia",2010,3453733410
"MN","Mongolia",2011,4058608091
"MN","Mongolia",2012,4561920167
"MN","Mongolia",2013,5097631522
"ME","Montenegro",2000,1965064919
"ME","Montenegro",2001,1986680633
"ME","Montenegro",2002,2024427565
"ME","Montenegro",2003,2075038254
"ME","Montenegro",2004,2166339937
"ME","Montenegro",2005,2257174481
"ME","Montenegro",2006,2450533399
"ME","Montenegro",2007,2711708787
"ME","Montenegro",2008,2899429548
"ME","Montenegro",2009,2735411287
"ME","Montenegro",2010,2802804392
"ME","Montenegro",2011,2893286709
"ME","Montenegro",2012,2819629066
"ME","Montenegro",2013,2913735057
"MA","Morocco",2000,46686017639
"MA","Morocco",2001,50211723276
"MA","Morocco",2002,51876762054
"MA","Morocco",2003,55153800019
"MA","Morocco",2004,57802211816
"MA","Morocco",2005,59523857868
"MA","Morocco",2006,64142821236
"MA","Morocco",2007,65878381261
"MA","Morocco",2008,69559043368
"MA","Morocco",2009,72868904039
"MA","Morocco",2010,75523499824
"MA","Morocco",2011,79288834997
"MA","Morocco",2012,81405185978
"MA","Morocco",2013,84971919998
"MZ","Mozambique",2000,4310941606
"MZ","Mozambique",2001,4823897318
"MZ","Mozambique",2002,5249218336
"MZ","Mozambique",2003,5565417082
"MZ","Mozambique",2004,6053514256
"MZ","Mozambique",2005,6578515331
"MZ","Mozambique",2006,6994357706
"MZ","Mozambique",2007,7503686868
"MZ","Mozambique",2008,7937095189
"MZ","Mozambique",2009,8451207640
"MZ","Mozambique",2010,9052659880
"MZ","Mozambique",2011,9725802786
"MZ","Mozambique",2012,10414195269
"MZ","Mozambique",2013,11189445321
"MM","Myanmar",2000,
"MM","Myanmar",2001,
"MM","Myanmar",2002,
"MM","Myanmar",2003,
"MM","Myanmar",2004,
"MM","Myanmar",2005,
"MM","Myanmar",2006,
"MM","Myanmar",2007,
"MM","Myanmar",2008,
"MM","Myanmar",2009,
"MM","Myanmar",2010,
"MM","Myanmar",2011,
"MM","Myanmar",2012,
"MM","Myanmar",2013,
"NA","Namibia",2000,5707828950
"NA","Namibia",2001,5775064256
"NA","Namibia",2002,6051612515
"NA","Namibia",2003,6308188441
"NA","Namibia",2004,7082174655
"NA","Namibia",2005,7261301442
"NA","Namibia",2006,7774906029
"NA","Namibia",2007,8289293397
"NA","Namibia",2008,8508741648
"NA","Namibia",2009,8533940399
"NA","Namibia",2010,9049419192
"NA","Namibia",2011,9512747526
"NA","Namibia",2012,10003027568
"NA","Namibia",2013,10515657806
"NP","Nepal",2000,6881622155
"NP","Nepal",2001,7211923684
"NP","Nepal",2002,7220597241
"NP","Nepal",2003,7505452529
"NP","Nepal",2004,7856903093
"NP","Nepal",2005,8130258976
"NP","Nepal",2006,8403810872
"NP","Nepal",2007,8690511945
"NP","Nepal",2008,9221036339
"NP","Nepal",2009,9639033175
"NP","Nepal",2010,10103288981
"NP","Nepal",2011,10449006177
"NP","Nepal",2012,10956041729
"NP","Nepal",2013,11370379664
"NL","Netherlands",2000,6.34e+11
"NL","Netherlands",2001,6.44e+11
"NL","Netherlands",2002,6.44e+11
"NL","Netherlands",2003,6.46e+11
"NL","Netherlands",2004,6.58e+11
"NL","Netherlands",2005,6.72e+11
"NL","Netherlands",2006,6.98e+11
"NL","Netherlands",2007,7.27e+11
"NL","Netherlands",2008,7.42e+11
"NL","Netherlands",2009,7.18e+11
"NL","Netherlands",2010,7.26e+11
"NL","Netherlands",2011,7.38e+11
"NL","Netherlands",2012,7.26e+11
"NL","Netherlands",2013,7.21e+11
"NC","New Caledonia",2000,
"NC","New Caledonia",2001,
"NC","New Caledonia",2002,
"NC","New Caledonia",2003,
"NC","New Caledonia",2004,
"NC","New Caledonia",2005,
"NC","New Caledonia",2006,
"NC","New Caledonia",2007,
"NC","New Caledonia",2008,
"NC","New Caledonia",2009,
"NC","New Caledonia",2010,
"NC","New Caledonia",2011,
"NC","New Caledonia",2012,
"NC","New Caledonia",2013,
"NZ","New Zealand",2000,93980935909
"NZ","New Zealand",2001,97381225746
"NZ","New Zealand",2002,1.02e+11
"NZ","New Zealand",2003,1.06e+11
"NZ","New Zealand",2004,1.1e+11
"NZ","New Zealand",2005,1.14e+11
"NZ","New Zealand",2006,1.16e+11
"NZ","New Zealand",2007,1.2e+11
"NZ","New Zealand",2008,1.18e+11
"NZ","New Zealand",2009,1.2e+11
"NZ","New Zealand",2010,1.21e+11
"NZ","New Zealand",2011,1.24e+11
"NZ","New Zealand",2012,1.27e+11
"NZ","New Zealand",2013,1.3e+11
"NI","Nicaragua",2000,5413262686
"NI","Nicaragua",2001,5573540924
"NI","Nicaragua",2002,5615562020
"NI","Nicaragua",2003,5757115341
"NI","Nicaragua",2004,6062943125
"NI","Nicaragua",2005,6322582499
"NI","Nicaragua",2006,6585100501
"NI","Nicaragua",2007,6933305390
"NI","Nicaragua",2008,7131023222
"NI","Nicaragua",2009,6934263306
"NI","Nicaragua",2010,7163259786
"NI","Nicaragua",2011,7570949040
"NI","Nicaragua",2012,7945974499
"NI","Nicaragua",2013,8311989787
"NE","Niger",2000,2802302048
"NE","Niger",2001,3001387130
"NE","Niger",2002,3091402393
"NE","Niger",2003,3255246720
"NE","Niger",2004,3258501967
"NE","Niger",2005,3405134555
"NE","Niger",2006,3602632360
"NE","Niger",2007,3715991723
"NE","Niger",2008,4072268866
"NE","Niger",2009,4043246979
"NE","Niger",2010,4381636015
"NE","Niger",2011,4482913159
"NE","Niger",2012,4977881704
"NE","Niger",2013,5182221403
"NG","Nigeria",2000,67850915773
"NG","Nigeria",2001,70843863904
"NG","Nigeria",2002,73525054912
"NG","Nigeria",2003,81137974799
"NG","Nigeria",2004,1.09e+11
"NG","Nigeria",2005,1.12e+11
"NG","Nigeria",2006,1.21e+11
"NG","Nigeria",2007,1.3e+11
"NG","Nigeria",2008,1.38e+11
"NG","Nigeria",2009,1.47e+11
"NG","Nigeria",2010,1.59e+11
"NG","Nigeria",2011,1.67e+11
"NG","Nigeria",2012,1.74e+11
"NG","Nigeria",2013,1.83e+11
"KP","North Korea",2000,
"KP","North Korea",2001,
"KP","North Korea",2002,
"KP","North Korea",2003,
"KP","North Korea",2004,
"KP","North Korea",2005,
"KP","North Korea",2006,
"KP","North Korea",2007,
"KP","North Korea",2008,
"KP","North Korea",2009,
"KP","North Korea",2010,
"KP","North Korea",2011,
"KP","North Korea",2012,
"KP","North Korea",2013,
"MP","Northern Mariana Islands",2000,
"MP","Northern Mariana Islands",2001,
"MP","Northern Mariana Islands",2002,
"MP","Northern Mariana Islands",2003,
"MP","Northern Mariana Islands",2004,
"MP","Northern Mariana Islands",2005,
"MP","Northern Mariana Islands",2006,
"MP","Northern Mariana Islands",2007,
"MP","Northern Mariana Islands",2008,
"MP","Northern Mariana Islands",2009,
"MP","Northern Mariana Islands",2010,
"MP","Northern Mariana Islands",2011,
"MP","Northern Mariana Islands",2012,
"MP","Northern Mariana Islands",2013,
"NO","Norway",2000,2.73e+11
"NO","Norway",2001,2.78e+11
"NO","Norway",2002,2.82e+11
"NO","Norway",2003,2.85e+11
"NO","Norway",2004,2.96e+11
"NO","Norway",2005,3.04e+11
"NO","Norway",2006,3.11e+11
"NO","Norway",2007,3.19e+11
"NO","Norway",2008,3.2e+11
"NO","Norway",2009,3.14e+11
"NO","Norway",2010,3.16e+11
"NO","Norway",2011,3.2e+11
"NO","Norway",2012,3.29e+11
"NO","Norway",2013,3.31e+11
"OM","Oman",2000,29768732628
"OM","Oman",2001,31103102403
"OM","Oman",2002,30760792466
"OM","Oman",2003,29939796313
"OM","Oman",2004,30326652183
"OM","Oman",2005,31081924828
"OM","Oman",2006,32751667058
"OM","Oman",2007,34209998672
"OM","Oman",2008,37015114501
"OM","Oman",2009,39277646259
"OM","Oman",2010,41164093500
"OM","Oman",2011,41524842532
"OM","Oman",2012,43918091045
"OM","Oman",2013,
"PK","Pakistan",2000,85822303910
"PK","Pakistan",2001,87523717381
"PK","Pakistan",2002,90345858358
"PK","Pakistan",2003,94724308606
"PK","Pakistan",2004,1.02e+11
"PK","Pakistan",2005,1.1e+11
"PK","Pakistan",2006,1.16e+11
"PK","Pakistan",2007,1.22e+11
"PK","Pakistan",2008,1.24e+11
"PK","Pakistan",2009,1.27e+11
"PK","Pakistan",2010,1.3e+11
"PK","Pakistan",2011,1.33e+11
"PK","Pakistan",2012,1.38e+11
"PK","Pakistan",2013,1.44e+11
"PW","Palau",2000,176721528.6
"PW","Palau",2001,180367825.1
"PW","Palau",2002,189096116.6
"PW","Palau",2003,189375516.3
"PW","Palau",2004,204677301.5
"PW","Palau",2005,206232600
"PW","Palau",2006,203119103
"PW","Palau",2007,206875499.4
"PW","Palau",2008,195439610.5
"PW","Palau",2009,174427430.8
"PW","Palau",2010,180183625.3
"PW","Palau",2011,189785416
"PW","Palau",2012,200599005.5
"PW","Palau",2013,199935406.1
"PS","Palestine",2000,3970836427
"PS","Palestine",2001,3715867944
"PS","Palestine",2002,3661155812
"PS","Palestine",2003,3998167802
"PS","Palestine",2004,4353396668
"PS","Palestine",2005,4834276371
"PS","Palestine",2006,4614670285
"PS","Palestine",2007,4532799613
"PS","Palestine",2008,4141508703
"PS","Palestine",2009,5008773253
"PS","Palestine",2010,5125851442
"PS","Palestine",2011,5530433862
"PS","Palestine",2012,6321290694
"PS","Palestine",2013,6041327484
"PA","Panama",2000,12523684362
"PA","Panama",2001,12595604491
"PA","Panama",2002,12876346309
"PA","Panama",2003,13417894964
"PA","Panama",2004,14427199799
"PA","Panama",2005,15464700000
"PA","Panama",2006,16783492678
"PA","Panama",2007,18816420258
"PA","Panama",2008,20537540231
"PA","Panama",2009,21353735944
"PA","Panama",2010,22603329622
"PA","Panama",2011,25037752265
"PA","Panama",2012,27603396944
"PA","Panama",2013,29908913760
"PG","Papua New Guinea",2000,4521187133
"PG","Papua New Guinea",2001,4515703442
"PG","Papua New Guinea",2002,4508527973
"PG","Papua New Guinea",2003,4606097122
"PG","Papua New Guinea",2004,4731437107
"PG","Papua New Guinea",2005,4901584516
"PG","Papua New Guinea",2006,5028265993
"PG","Papua New Guinea",2007,5390301145
"PG","Papua New Guinea",2008,5751451321
"PG","Papua New Guinea",2009,6067781144
"PG","Papua New Guinea",2010,6553203636
"PG","Papua New Guinea",2011,7142991963
"PG","Papua New Guinea",2012,7714431320
"PG","Papua New Guinea",2013,8131031376
"PY","Paraguay",2000,7946284059
"PY","Paraguay",2001,7880007448
"PY","Paraguay",2002,7878320971
"PY","Paraguay",2003,8218723518
"PY","Paraguay",2004,8552191582
"PY","Paraguay",2005,8734651406
"PY","Paraguay",2006,9154536603
"PY","Paraguay",2007,9650861016
"PY","Paraguay",2008,10264570562
"PY","Paraguay",2009,9857508909
"PY","Paraguay",2010,11148152913
"PY","Paraguay",2011,11632251095
"PY","Paraguay",2012,11488131168
"PY","Paraguay",2013,13122272186
"PE","Peru",2000,60800068649
"PE","Peru",2001,61175710374
"PE","Peru",2002,64512089612
"PE","Peru",2003,67198921737
"PE","Peru",2004,70530831291
"PE","Peru",2005,74963815413
"PE","Peru",2006,80607703774
"PE","Peru",2007,87474224225
"PE","Peru",2008,95472122187
"PE","Peru",2009,96473846597
"PE","Peru",2010,1.05e+11
"PE","Peru",2011,1.11e+11
"PE","Peru",2012,1.18e+11
"PE","Peru",2013,1.25e+11
"PH","Philippines",2000,82353669774
"PH","Philippines",2001,84736978727
"PH","Philippines",2002,87826402660
"PH","Philippines",2003,92191694324
"PH","Philippines",2004,98366358824
"PH","Philippines",2005,1.03e+11
"PH","Philippines",2006,1.08e+11
"PH","Philippines",2007,1.16e+11
"PH","Philippines",2008,1.2e+11
"PH","Philippines",2009,1.22e+11
"PH","Philippines",2010,1.31e+11
"PH","Philippines",2011,1.36e+11
"PH","Philippines",2012,1.45e+11
"PH","Philippines",2013,1.56e+11
"PL","Poland",2000,2.63e+11
"PL","Poland",2001,2.66e+11
"PL","Poland",2002,2.7e+11
"PL","Poland",2003,2.8e+11
"PL","Poland",2004,2.94e+11
"PL","Poland",2005,3.04e+11
"PL","Poland",2006,3.23e+11
"PL","Poland",2007,3.47e+11
"PL","Poland",2008,3.6e+11
"PL","Poland",2009,3.7e+11
"PL","Poland",2010,3.83e+11
"PL","Poland",2011,4.02e+11
"PL","Poland",2012,4.09e+11
"PL","Poland",2013,4.15e+11
"PT","Portugal",2000,1.89e+11
"PT","Portugal",2001,1.93e+11
"PT","Portugal",2002,1.94e+11
"PT","Portugal",2003,1.92e+11
"PT","Portugal",2004,1.96e+11
"PT","Portugal",2005,1.97e+11
"PT","Portugal",2006,2e+11
"PT","Portugal",2007,2.05e+11
"PT","Portugal",2008,2.06e+11
"PT","Portugal",2009,2e+11
"PT","Portugal",2010,2.03e+11
"PT","Portugal",2011,2e+11
"PT","Portugal",2012,1.93e+11
"PT","Portugal",2013,1.9e+11
"PR","Puerto Rico",2000,72478965487
"PR","Puerto Rico",2001,79617746426
"PR","Puerto Rico",2002,81029582145
"PR","Puerto Rico",2003,81996196606
"PR","Puerto Rico",2004,83440081770
"PR","Puerto Rico",2005,83914521341
"PR","Puerto Rico",2006,83168043609
"PR","Puerto Rico",2007,80402122497
"PR","Puerto Rico",2008,78955842408
"PR","Puerto Rico",2009,77091605341
"PR","Puerto Rico",2010,75077563801
"PR","Puerto Rico",2011,73658250212
"PR","Puerto Rico",2012,71616075905
"PR","Puerto Rico",2013,71202605721
"QA","Qatar",2000,30084361823
"QA","Qatar",2001,31257094617
"QA","Qatar",2002,33502142718
"QA","Qatar",2003,34748395458
"QA","Qatar",2004,41426516974
"QA","Qatar",2005,44530493222
"QA","Qatar",2006,56184301217
"QA","Qatar",2007,66289169475
"QA","Qatar",2008,77997848453
"QA","Qatar",2009,87324481188
"QA","Qatar",2010,1.02e+11
"QA","Qatar",2011,1.15e+11
"QA","Qatar",2012,1.22e+11
"QA","Qatar",2013,1.3e+11
"RO","Romania",2000,74659324662
"RO","Romania",2001,78899950997
"RO","Romania",2002,82871199517
"RO","Romania",2003,87142617156
"RO","Romania",2004,95094333148
"RO","Romania",2005,99172613716
"RO","Romania",2006,1.08e+11
"RO","Romania",2007,1.15e+11
"RO","Romania",2008,1.24e+11
"RO","Romania",2009,1.15e+11
"RO","Romania",2010,1.14e+11
"RO","Romania",2011,1.17e+11
"RO","Romania",2012,1.17e+11
"RO","Romania",2013,1.21e+11
"RU","Russian Federation",2000,5.67e+11
"RU","Russian Federation",2001,5.96e+11
"RU","Russian Federation",2002,6.25e+11
"RU","Russian Federation",2003,6.7e+11
"RU","Russian Federation",2004,7.18e+11
"RU","Russian Federation",2005,7.64e+11
"RU","Russian Federation",2006,8.26e+11
"RU","Russian Federation",2007,8.97e+11
"RU","Russian Federation",2008,9.44e+11
"RU","Russian Federation",2009,8.7e+11
"RU","Russian Federation",2010,9.09e+11
"RU","Russian Federation",2011,9.48e+11
"RU","Russian Federation",2012,9.81e+11
"RU","Russian Federation",2013,9.94e+11
"RW","Rwanda",2000,1804157124
"RW","Rwanda",2001,1960558679
"RW","Rwanda",2002,2225440545
"RW","Rwanda",2003,2257739151
"RW","Rwanda",2004,2414570526
"RW","Rwanda",2005,2581465675
"RW","Rwanda",2006,2819870988
"RW","Rwanda",2007,3034543646
"RW","Rwanda",2008,3373273367
"RW","Rwanda",2009,3584709753
"RW","Rwanda",2010,3846847722
"RW","Rwanda",2011,4148899702
"RW","Rwanda",2012,4513519593
"RW","Rwanda",2013,4724955979
"KN","Saint Kitts and Nevis",2000,456167435.2
"KN","Saint Kitts and Nevis",2001,478885577.6
"KN","Saint Kitts and Nevis",2002,487685171.1
"KN","Saint Kitts and Nevis",2003,475254972.1
"KN","Saint Kitts and Nevis",2004,497141148.3
"KN","Saint Kitts and Nevis",2005,543169953.4
"KN","Saint Kitts and Nevis",2006,575136675.8
"KN","Saint Kitts and Nevis",2007,591426712.2
"KN","Saint Kitts and Nevis",2008,615844854.9
"KN","Saint Kitts and Nevis",2009,581367833.3
"KN","Saint Kitts and Nevis",2010,562607048.1
"KN","Saint Kitts and Nevis",2011,572143901.1
"KN","Saint Kitts and Nevis",2012,565131144.8
"KN","Saint Kitts and Nevis",2013,588930009.6
"LC","Saint Lucia",2000,872009037.6
"LC","Saint Lucia",2001,839727575.2
"LC","Saint Lucia",2002,839617021.9
"LC","Saint Lucia",2003,879970753.8
"LC","Saint Lucia",2004,951447529.3
"LC","Saint Lucia",2005,935463205.7
"LC","Saint Lucia",2006,1012284974
"LC","Saint Lucia",2007,1007554879
"LC","Saint Lucia",2008,1042691883
"LC","Saint Lucia",2009,1049435635
"LC","Saint Lucia",2010,1038524543
"LC","Saint Lucia",2011,1051418723
"LC","Saint Lucia",2012,1034621172
"LC","Saint Lucia",2013,1030152069
"MF","Saint Martin ",2000,
"MF","Saint Martin ",2001,
"MF","Saint Martin ",2002,
"MF","Saint Martin ",2003,
"MF","Saint Martin ",2004,
"MF","Saint Martin ",2005,
"MF","Saint Martin ",2006,
"MF","Saint Martin ",2007,
"MF","Saint Martin ",2008,
"MF","Saint Martin ",2009,
"MF","Saint Martin ",2010,
"MF","Saint Martin ",2011,
"MF","Saint Martin ",2012,
"MF","Saint Martin ",2013,
"VC","Saint Vincent & the Grenadines",2000,443019064.3
"VC","Saint Vincent & the Grenadines",2001,450591427.9
"VC","Saint Vincent & the Grenadines",2002,479076230
"VC","Saint Vincent & the Grenadines",2003,515916191.9
"VC","Saint Vincent & the Grenadines",2004,537359135.6
"VC","Saint Vincent & the Grenadines",2005,550728656.9
"VC","Saint Vincent & the Grenadines",2006,592923323.5
"VC","Saint Vincent & the Grenadines",2007,612539215.2
"VC","Saint Vincent & the Grenadines",2008,622605546.4
"VC","Saint Vincent & the Grenadines",2009,609536674.6
"VC","Saint Vincent & the Grenadines",2010,589025341.9
"VC","Saint Vincent & the Grenadines",2011,586194051.4
"VC","Saint Vincent & the Grenadines",2012,593026512.2
"VC","Saint Vincent & the Grenadines",2013,602894483.7
"WS","Samoa",2000,364031047.3
"WS","Samoa",2001,389293949.5
"WS","Samoa",2002,406204861.6
"WS","Samoa",2003,424546957.4
"WS","Samoa",2004,444182262.4
"WS","Samoa",2005,462644663.1
"WS","Samoa",2006,471753247.9
"WS","Samoa",2007,501580515.8
"WS","Samoa",2008,506641897.8
"WS","Samoa",2009,482281176.3
"WS","Samoa",2010,484592068.6
"WS","Samoa",2011,509553740.5
"WS","Samoa",2012,517053840.6
"WS","Samoa",2013,511164248.9
"SM","San Marino",2000,1168012513
"SM","San Marino",2001,1233508542
"SM","San Marino",2002,1236627401
"SM","San Marino",2003,1284969708
"SM","San Marino",2004,1344228019
"SM","San Marino",2005,1375416604
"SM","San Marino",2006,1428437199
"SM","San Marino",2007,1478338935
"SM","San Marino",2008,1506408662
"SM","San Marino",2009,
"SM","San Marino",2010,
"SM","San Marino",2011,
"SM","San Marino",2012,
"SM","San Marino",2013,
"ST","Sao Tome & Principe",2000,103268067.5
"ST","Sao Tome & Principe",2001,106562250
"ST","Sao Tome & Principe",2002,108682555.2
"ST","Sao Tome & Principe",2003,116002765.7
"ST","Sao Tome & Principe",2004,121278809
"ST","Sao Tome & Principe",2005,123258507.1
"ST","Sao Tome & Principe",2006,138841864.5
"ST","Sao Tome & Principe",2007,141612780.8
"ST","Sao Tome & Principe",2008,154463526.6
"ST","Sao Tome & Principe",2009,160677411.7
"ST","Sao Tome & Principe",2010,167926229.9
"ST","Sao Tome & Principe",2011,176227578
"ST","Sao Tome & Principe",2012,183276681.2
"ST","Sao Tome & Principe",2013,190607748.4
"SA","Saudi Arabia",2000,2.59e+11
"SA","Saudi Arabia",2001,2.6e+11
"SA","Saudi Arabia",2002,2.6e+11
"SA","Saudi Arabia",2003,2.8e+11
"SA","Saudi Arabia",2004,3.06e+11
"SA","Saudi Arabia",2005,3.28e+11
"SA","Saudi Arabia",2006,3.47e+11
"SA","Saudi Arabia",2007,3.68e+11
"SA","Saudi Arabia",2008,3.99e+11
"SA","Saudi Arabia",2009,4.06e+11
"SA","Saudi Arabia",2010,4.36e+11
"SA","Saudi Arabia",2011,4.73e+11
"SA","Saudi Arabia",2012,5.01e+11
"SA","Saudi Arabia",2013,5.21e+11
"SN","Senegal",2000,6933511418
"SN","Senegal",2001,7251129781
"SN","Senegal",2002,7298610447
"SN","Senegal",2003,7786393234
"SN","Senegal",2004,8243514644
"SN","Senegal",2005,8707015064
"SN","Senegal",2006,8921344357
"SN","Senegal",2007,9361923617
"SN","Senegal",2008,9706678739
"SN","Senegal",2009,9941888640
"SN","Senegal",2010,10366034228
"SN","Senegal",2011,10580263387
"SN","Senegal",2012,10945589574
"SN","Senegal",2013,11252482802
"RS","Serbia",2000,19424713892
"RS","Serbia",2001,20394534308
"RS","Serbia",2002,21845766151
"RS","Serbia",2003,22810347181
"RS","Serbia",2004,24873888218
"RS","Serbia",2005,26252007830
"RS","Serbia",2006,27539497876
"RS","Serbia",2007,29161232833
"RS","Serbia",2008,30726223881
"RS","Serbia",2009,29768803443
"RS","Serbia",2010,29942795577
"RS","Serbia",2011,30362433597
"RS","Serbia",2012,30054172800
"RS","Serbia",2013,30835581292
"SC","Seychelles",2000,930129484.4
"SC","Seychelles",2001,909004726.7
"SC","Seychelles",2002,920029431.9
"SC","Seychelles",2003,865866122.1
"SC","Seychelles",2004,841185007.9
"SC","Seychelles",2005,916940120.7
"SC","Seychelles",2006,1006405796
"SC","Seychelles",2007,1107697640
"SC","Seychelles",2008,1083987203
"SC","Seychelles",2009,1071985501
"SC","Seychelles",2010,1135719656
"SC","Seychelles",2011,1225613099
"SC","Seychelles",2012,1259999131
"SC","Seychelles",2013,1326475081
"SL","Sierra Leone",2000,1143174686
"SL","Sierra Leone",2001,1061548359
"SL","Sierra Leone",2002,1340402002
"SL","Sierra Leone",2003,1466163678
"SL","Sierra Leone",2004,1560255270
"SL","Sierra Leone",2005,1627853086
"SL","Sierra Leone",2006,1719916790
"SL","Sierra Leone",2007,1858242120
"SL","Sierra Leone",2008,1957187442
"SL","Sierra Leone",2009,2018803005
"SL","Sierra Leone",2010,2126748407
"SL","Sierra Leone",2011,2249457405
"SL","Sierra Leone",2012,2369586027
"SL","Sierra Leone",2013,2500361080
"SG","Singapore",2000,1e+11
"SG","Singapore",2001,99424345537
"SG","Singapore",2002,1.04e+11
"SG","Singapore",2003,1.08e+11
"SG","Singapore",2004,1.19e+11
"SG","Singapore",2005,1.27e+11
"SG","Singapore",2006,1.39e+11
"SG","Singapore",2007,1.51e+11
"SG","Singapore",2008,1.54e+11
"SG","Singapore",2009,1.53e+11
"SG","Singapore",2010,1.76e+11
"SG","Singapore",2011,1.87e+11
"SG","Singapore",2012,1.92e+11
"SG","Singapore",2013,1.99e+11
"SX","Sint Maarten (Dutch part)",2000,
"SX","Sint Maarten (Dutch part)",2001,
"SX","Sint Maarten (Dutch part)",2002,
"SX","Sint Maarten (Dutch part)",2003,
"SX","Sint Maarten (Dutch part)",2004,
"SX","Sint Maarten (Dutch part)",2005,
"SX","Sint Maarten (Dutch part)",2006,
"SX","Sint Maarten (Dutch part)",2007,
"SX","Sint Maarten (Dutch part)",2008,
"SX","Sint Maarten (Dutch part)",2009,
"SX","Sint Maarten (Dutch part)",2010,
"SX","Sint Maarten (Dutch part)",2011,
"SX","Sint Maarten (Dutch part)",2012,
"SX","Sint Maarten (Dutch part)",2013,
"SK","Slovakia",2000,49013895535
"SK","Slovakia",2001,50642800522
"SK","Slovakia",2002,53030284542
"SK","Slovakia",2003,55899980973
"SK","Slovakia",2004,58829975501
"SK","Slovakia",2005,62676556398
"SK","Slovakia",2006,67853102350
"SK","Slovakia",2007,75100608755
"SK","Slovakia",2008,79191093769
"SK","Slovakia",2009,75001680512
"SK","Slovakia",2010,78622268499
"SK","Slovakia",2011,80748473075
"SK","Slovakia",2012,82042069394
"SK","Slovakia",2013,83210918791
"SI","Slovenia",2000,30461692313
"SI","Slovenia",2001,31360118885
"SI","Slovenia",2002,32563188784
"SI","Slovenia",2003,33488661701
"SI","Slovenia",2004,34946019745
"SI","Slovenia",2005,36344911638
"SI","Slovenia",2006,38400579470
"SI","Slovenia",2007,41066211571
"SI","Slovenia",2008,42421450052
"SI","Slovenia",2009,39113732262
"SI","Slovenia",2010,39591576805
"SI","Slovenia",2011,39834177639
"SI","Slovenia",2012,38782736245
"SI","Slovenia",2013,38395581122
"SB","Solomon Islands",2000,392920101.1
"SB","Solomon Islands",2001,361570715.3
"SB","Solomon Islands",2002,351446735.2
"SB","Solomon Islands",2003,374290773
"SB","Solomon Islands",2004,392624923.5
"SB","Solomon Islands",2005,413909879.3
"SB","Solomon Islands",2006,442662749.9
"SB","Solomon Islands",2007,475065668.8
"SB","Solomon Islands",2008,508769179.6
"SB","Solomon Islands",2009,484715221.7
"SB","Solomon Islands",2010,522614190.2
"SB","Solomon Islands",2011,578553627.3
"SB","Solomon Islands",2012,606663194.4
"SB","Solomon Islands",2013,624563814.2
"SO","Somalia",2000,
"SO","Somalia",2001,
"SO","Somalia",2002,
"SO","Somalia",2003,
"SO","Somalia",2004,
"SO","Somalia",2005,
"SO","Somalia",2006,
"SO","Somalia",2007,
"SO","Somalia",2008,
"SO","Somalia",2009,
"SO","Somalia",2010,
"SO","Somalia",2011,
"SO","Somalia",2012,
"SO","Somalia",2013,
"ZA","South Africa",2000,2.05e+11
"ZA","South Africa",2001,2.1e+11
"ZA","South Africa",2002,2.18e+11
"ZA","South Africa",2003,2.24e+11
"ZA","South Africa",2004,2.35e+11
"ZA","South Africa",2005,2.47e+11
"ZA","South Africa",2006,2.61e+11
"ZA","South Africa",2007,2.75e+11
"ZA","South Africa",2008,2.85e+11
"ZA","South Africa",2009,2.81e+11
"ZA","South Africa",2010,2.9e+11
"ZA","South Africa",2011,3e+11
"ZA","South Africa",2012,3.08e+11
"ZA","South Africa",2013,3.13e+11
"KR","South Korea",2000,7.13e+11
"KR","South Korea",2001,7.45e+11
"KR","South Korea",2002,8e+11
"KR","South Korea",2003,8.24e+11
"KR","South Korea",2004,8.64e+11
"KR","South Korea",2005,8.98e+11
"KR","South Korea",2006,9.45e+11
"KR","South Korea",2007,9.96e+11
"KR","South Korea",2008,1.02e+12
"KR","South Korea",2009,1.03e+12
"KR","South Korea",2010,1.1e+12
"KR","South Korea",2011,1.14e+12
"KR","South Korea",2012,1.17e+12
"KR","South Korea",2013,1.2e+12
"SS","South Sudan",2000,
"SS","South Sudan",2001,
"SS","South Sudan",2002,
"SS","South Sudan",2003,
"SS","South Sudan",2004,
"SS","South Sudan",2005,
"SS","South Sudan",2006,
"SS","South Sudan",2007,
"SS","South Sudan",2008,
"SS","South Sudan",2009,
"SS","South Sudan",2010,
"SS","South Sudan",2011,
"SS","South Sudan",2012,
"SS","South Sudan",2013,
"ES","Spain",2000,9.8e+11
"ES","Spain",2001,1.02e+12
"ES","Spain",2002,1.05e+12
"ES","Spain",2003,1.08e+12
"ES","Spain",2004,1.12e+12
"ES","Spain",2005,1.16e+12
"ES","Spain",2006,1.21e+12
"ES","Spain",2007,1.25e+12
"ES","Spain",2008,1.26e+12
"ES","Spain",2009,1.22e+12
"ES","Spain",2010,1.22e+12
"ES","Spain",2011,1.21e+12
"ES","Spain",2012,1.19e+12
"ES","Spain",2013,1.17e+12
"LK","Sri Lanka",2000,20090396639
"LK","Sri Lanka",2001,19779925100
"LK","Sri Lanka",2002,20564131186
"LK","Sri Lanka",2003,21785695912
"LK","Sri Lanka",2004,22971940404
"LK","Sri Lanka",2005,24405791045
"LK","Sri Lanka",2006,26277298342
"LK","Sri Lanka",2007,28063320620
"LK","Sri Lanka",2008,29733112933
"LK","Sri Lanka",2009,30785341651
"LK","Sri Lanka",2010,33253082140
"LK","Sri Lanka",2011,35995101211
"LK","Sri Lanka",2012,38277680719
"LK","Sri Lanka",2013,41053159740
"SD","Sudan",2000,19452853110
"SD","Sudan",2001,20717358674
"SD","Sudan",2002,22048920061
"SD","Sudan",2003,23754314006
"SD","Sudan",2004,24676767014
"SD","Sudan",2005,26524992245
"SD","Sudan",2006,29194549162
"SD","Sudan",2007,32556515709
"SD","Sudan",2008,33534615460
"SD","Sudan",2009,34618501355
"SD","Sudan",2010,35822262365
"SD","Sudan",2011,34642158898
"SD","Sudan",2012,31143300850
"SD","Sudan",2013,29273457009
"SR","Suriname",2000,1357974202
"SR","Suriname",2001,1419803818
"SR","Suriname",2002,1480854593
"SR","Suriname",2003,1569856243
"SR","Suriname",2004,1715162638
"SR","Suriname",2005,1793557833
"SR","Suriname",2006,1862468790
"SR","Suriname",2007,1957668655
"SR","Suriname",2008,2038782826
"SR","Suriname",2009,2100225596
"SR","Suriname",2010,2208539728
"SR","Suriname",2011,2324868135
"SR","Suriname",2012,2394810893
"SR","Suriname",2013,2463782223
"SZ","Swaziland",2000,2328209675
"SZ","Swaziland",2001,2355167498
"SZ","Swaziland",2002,2397023645
"SZ","Swaziland",2003,2450719228
"SZ","Swaziland",2004,2521953902
"SZ","Swaziland",2005,2584077931
"SZ","Swaziland",2006,2669418698
"SZ","Swaziland",2007,2762945840
"SZ","Swaziland",2008,2828524872
"SZ","Swaziland",2009,2863891336
"SZ","Swaziland",2010,2917336046
"SZ","Swaziland",2011,2897957222
"SZ","Swaziland",2012,2953772020
"SZ","Swaziland",2013,3036027492
"SE","Sweden",2000,3.42e+11
"SE","Sweden",2001,3.47e+11
"SE","Sweden",2002,3.54e+11
"SE","Sweden",2003,3.63e+11
"SE","Sweden",2004,3.78e+11
"SE","Sweden",2005,3.89e+11
"SE","Sweden",2006,4.07e+11
"SE","Sweden",2007,4.21e+11
"SE","Sweden",2008,4.19e+11
"SE","Sweden",2009,3.97e+11
"SE","Sweden",2010,4.21e+11
"SE","Sweden",2011,4.32e+11
"SE","Sweden",2012,4.31e+11
"SE","Sweden",2013,4.37e+11
"CH","Switzerland",2000,3.78e+11
"CH","Switzerland",2001,3.84e+11
"CH","Switzerland",2002,3.84e+11
"CH","Switzerland",2003,3.85e+11
"CH","Switzerland",2004,3.96e+11
"CH","Switzerland",2005,4.08e+11
"CH","Switzerland",2006,4.24e+11
"CH","Switzerland",2007,4.41e+11
"CH","Switzerland",2008,4.52e+11
"CH","Switzerland",2009,4.42e+11
"CH","Switzerland",2010,4.55e+11
"CH","Switzerland",2011,4.63e+11
"CH","Switzerland",2012,4.68e+11
"CH","Switzerland",2013,4.77e+11
"SY","Syria",2000,22681144450
"SY","Syria",2001,23860777801
"SY","Syria",2002,25268563691
"SY","Syria",2003,25420175074
"SY","Syria",2004,27174167154
"SY","Syria",2005,28858965517
"SY","Syria",2006,30301913793
"SY","Syria",2007,32029122879
"SY","Syria",2008,
"SY","Syria",2009,
"SY","Syria",2010,
"SY","Syria",2011,
"SY","Syria",2012,
"SY","Syria",2013,
"TJ","Tajikistan",2000,1449651439
"TJ","Tajikistan",2001,1597515886
"TJ","Tajikistan",2002,1770047601
"TJ","Tajikistan",2003,1964752837
"TJ","Tajikistan",2004,2167122380
"TJ","Tajikistan",2005,2312319579
"TJ","Tajikistan",2006,2474181950
"TJ","Tajikistan",2007,2667168142
"TJ","Tajikistan",2008,2877874425
"TJ","Tajikistan",2009,2987233653
"TJ","Tajikistan",2010,3181403840
"TJ","Tajikistan",2011,3416827725
"TJ","Tajikistan",2012,3673089804
"TJ","Tajikistan",2013,3944898449
"TZ","Tanzania",2000,10060678389
"TZ","Tanzania",2001,10664100660
"TZ","Tanzania",2002,11428029221
"TZ","Tanzania",2003,12214989201
"TZ","Tanzania",2004,13171215003
"TZ","Tanzania",2005,14141916592
"TZ","Tanzania",2006,15094712407
"TZ","Tanzania",2007,16173696879
"TZ","Tanzania",2008,17376505548
"TZ","Tanzania",2009,18422910392
"TZ","Tanzania",2010,19720449299
"TZ","Tanzania",2011,20992181081
"TZ","Tanzania",2012,22447566446
"TZ","Tanzania",2013,24010085636
"TH","Thailand",2000,1.38e+11
"TH","Thailand",2001,1.4e+11
"TH","Thailand",2002,1.48e+11
"TH","Thailand",2003,1.59e+11
"TH","Thailand",2004,1.69e+11
"TH","Thailand",2005,1.76e+11
"TH","Thailand",2006,1.85e+11
"TH","Thailand",2007,1.95e+11
"TH","Thailand",2008,2e+11
"TH","Thailand",2009,1.95e+11
"TH","Thailand",2010,2.1e+11
"TH","Thailand",2011,2.1e+11
"TH","Thailand",2012,2.26e+11
"TH","Thailand",2013,2.3e+11
"TL","Timor-Leste",2000,433326984.1
"TL","Timor-Leste",2001,504249206.3
"TL","Timor-Leste",2002,470736507.9
"TL","Timor-Leste",2003,459825396.8
"TL","Timor-Leste",2004,462163492.1
"TL","Timor-Leste",2005,4.91e+08
"TL","Timor-Leste",2006,462942857.1
"TL","Timor-Leste",2007,515939682.5
"TL","Timor-Leste",2008,589200000
"TL","Timor-Leste",2009,665577777.8
"TL","Timor-Leste",2010,727926984.1
"TL","Timor-Leste",2011,834700000
"TL","Timor-Leste",2012,900166666.7
"TL","Timor-Leste",2013,
"TG","Togo",2000,2001173658
"TG","Togo",2001,1968618439
"TG","Togo",2002,1950464804
"TG","Togo",2003,2047098587
"TG","Togo",2004,2090477943
"TG","Togo",2005,2115154090
"TG","Togo",2006,2200868860
"TG","Togo",2007,2251278746
"TG","Togo",2008,2301380510
"TG","Togo",2009,2382165793
"TG","Togo",2010,2477349486
"TG","Togo",2011,2598337387
"TG","Togo",2012,2751963855
"TG","Togo",2013,2892798975
"TO","Tonga",2000,233999795.3
"TO","Tonga",2001,242427945.4
"TO","Tonga",2002,250709545.5
"TO","Tonga",2003,256116210.5
"TO","Tonga",2004,258649064.4
"TO","Tonga",2005,264812953.8
"TO","Tonga",2006,260554490.5
"TO","Tonga",2007,249773954.7
"TO","Tonga",2008,252028444.5
"TO","Tonga",2009,260189359
"TO","Tonga",2010,268854243
"TO","Tonga",2011,276605845.5
"TO","Tonga",2012,278947200.8
"TO","Tonga",2013,280341936.8
"TT","Trinidad & Tobago",2000,10957013663
"TT","Trinidad & Tobago",2001,11405664804
"TT","Trinidad & Tobago",2002,12319670537
"TT","Trinidad & Tobago",2003,14097835427
"TT","Trinidad & Tobago",2004,15211564428
"TT","Trinidad & Tobago",2005,16088526686
"TT","Trinidad & Tobago",2006,18299528656
"TT","Trinidad & Tobago",2007,19169553452
"TT","Trinidad & Tobago",2008,19819885790
"TT","Trinidad & Tobago",2009,18949434406
"TT","Trinidad & Tobago",2010,18988893731
"TT","Trinidad & Tobago",2011,18684736987
"TT","Trinidad & Tobago",2012,18969057422
"TT","Trinidad & Tobago",2013,19272574285
"TN","Tunisia",2000,26358982267
"TN","Tunisia",2001,27467386276
"TN","Tunisia",2002,27939013107
"TN","Tunisia",2003,29442020046
"TN","Tunisia",2004,31095373940
"TN","Tunisia",2005,32282960678
"TN","Tunisia",2006,34107642097
"TN","Tunisia",2007,36231443177
"TN","Tunisia",2008,37947658751
"TN","Tunisia",2009,39316865227
"TN","Tunisia",2010,40594426985
"TN","Tunisia",2011,40388084348
"TN","Tunisia",2012,42270708173
"TN","Tunisia",2013,43336496916
"TR","Turkey",2000,3.87e+11
"TR","Turkey",2001,3.65e+11
"TR","Turkey",2002,3.87e+11
"TR","Turkey",2003,4.07e+11
"TR","Turkey",2004,4.46e+11
"TR","Turkey",2005,4.83e+11
"TR","Turkey",2006,5.16e+11
"TR","Turkey",2007,5.4e+11
"TR","Turkey",2008,5.44e+11
"TR","Turkey",2009,5.18e+11
"TR","Turkey",2010,5.65e+11
"TR","Turkey",2011,6.15e+11
"TR","Turkey",2012,6.28e+11
"TR","Turkey",2013,6.54e+11
"TM","Turkmenistan",2000,6320368378
"TM","Turkmenistan",2001,6594915418
"TM","Turkmenistan",2002,6611876244
"TM","Turkmenistan",2003,6828007144
"TM","Turkmenistan",2004,7169435312
"TM","Turkmenistan",2005,8104355717
"TM","Turkmenistan",2006,8993168136
"TM","Turkmenistan",2007,9987749546
"TM","Turkmenistan",2008,11455535390
"TM","Turkmenistan",2009,12154718693
"TM","Turkmenistan",2010,13272686025
"TM","Turkmenistan",2011,15223684211
"TM","Turkmenistan",2012,16913793103
"TM","Turkmenistan",2013,18638838475
"TC","Turks & Caicos Islands",2000,
"TC","Turks & Caicos Islands",2001,
"TC","Turks & Caicos Islands",2002,
"TC","Turks & Caicos Islands",2003,
"TC","Turks & Caicos Islands",2004,
"TC","Turks & Caicos Islands",2005,
"TC","Turks & Caicos Islands",2006,
"TC","Turks & Caicos Islands",2007,
"TC","Turks & Caicos Islands",2008,
"TC","Turks & Caicos Islands",2009,
"TC","Turks & Caicos Islands",2010,
"TC","Turks & Caicos Islands",2011,
"TC","Turks & Caicos Islands",2012,
"TC","Turks & Caicos Islands",2013,
"TV","Tuvalu",2000,21707429.45
"TV","Tuvalu",2001,22062152.21
"TV","Tuvalu",2002,23802012
"TV","Tuvalu",2003,23008563.24
"TV","Tuvalu",2004,22697445.79
"TV","Tuvalu",2005,21839543.63
"TV","Tuvalu",2006,22306678
"TV","Tuvalu",2007,23723278.06
"TV","Tuvalu",2008,25617169.24
"TV","Tuvalu",2009,24481598.2
"TV","Tuvalu",2010,23813390.63
"TV","Tuvalu",2011,25826413.67
"TV","Tuvalu",2012,25871469.95
"TV","Tuvalu",2013,26207330.17
"AE","UAE",2000,1.39e+11
"AE","UAE",2001,1.41e+11
"AE","UAE",2002,1.44e+11
"AE","UAE",2003,1.57e+11
"AE","UAE",2004,1.72e+11
"AE","UAE",2005,1.81e+11
"AE","UAE",2006,1.98e+11
"AE","UAE",2007,2.05e+11
"AE","UAE",2008,2.11e+11
"AE","UAE",2009,2e+11
"AE","UAE",2010,2.03e+11
"AE","UAE",2011,2.13e+11
"AE","UAE",2012,2.23e+11
"AE","UAE",2013,2.35e+11
"UG","Uganda",2000,6517689669
"UG","Uganda",2001,6855544615
"UG","Uganda",2002,7454217784
"UG","Uganda",2003,7936748583
"UG","Uganda",2004,8477021579
"UG","Uganda",2005,9013834490
"UG","Uganda",2006,9985953500
"UG","Uganda",2007,10826014445
"UG","Uganda",2008,11768825183
"UG","Uganda",2009,12622188031
"UG","Uganda",2010,13362034649
"UG","Uganda",2011,14246652673
"UG","Uganda",2012,14732537011
"UG","Uganda",2013,15616912552
"GB","UK",2000,2.09e+12
"GB","UK",2001,2.14e+12
"GB","UK",2002,2.2e+12
"GB","UK",2003,2.29e+12
"GB","UK",2004,2.35e+12
"GB","UK",2005,2.41e+12
"GB","UK",2006,2.49e+12
"GB","UK",2007,2.55e+12
"GB","UK",2008,2.54e+12
"GB","UK",2009,2.43e+12
"GB","UK",2010,2.48e+12
"GB","UK",2011,2.52e+12
"GB","UK",2012,2.53e+12
"GB","UK",2013,2.58e+12
"UA","Ukraine",2000,59536498012
"UA","Ukraine",2001,65013855829
"UA","Ukraine",2002,68394576332
"UA","Ukraine",2003,74823666508
"UA","Ukraine",2004,83877330155
"UA","Ukraine",2005,86142018069
"UA","Ukraine",2006,92430385388
"UA","Ukraine",2007,99732386544
"UA","Ukraine",2008,1.02e+11
"UA","Ukraine",2009,86926349182
"UA","Ukraine",2010,90577255848
"UA","Ukraine",2011,95287273152
"UA","Ukraine",2012,95477847698
"UA","Ukraine",2013,97269311095
"UY","Uruguay",2000,17205113129
"UY","Uruguay",2001,16543726221
"UY","Uruguay",2002,15264564115
"UY","Uruguay",2003,15387487195
"UY","Uruguay",2004,16157501729
"UY","Uruguay",2005,17362872704
"UY","Uruguay",2006,18074503474
"UY","Uruguay",2007,19256849080
"UY","Uruguay",2008,20638748427
"UY","Uruguay",2009,21124018756
"UY","Uruguay",2010,22899299760
"UY","Uruguay",2011,24580379389
"UY","Uruguay",2012,25484044441
"UY","Uruguay",2013,26604475173
"US","USA",2000,1.16e+13
"US","USA",2001,1.17e+13
"US","USA",2002,1.19e+13
"US","USA",2003,1.22e+13
"US","USA",2004,1.27e+13
"US","USA",2005,1.31e+13
"US","USA",2006,1.34e+13
"US","USA",2007,1.37e+13
"US","USA",2008,1.36e+13
"US","USA",2009,1.33e+13
"US","USA",2010,1.36e+13
"US","USA",2011,1.38e+13
"US","USA",2012,1.41e+13
"US","USA",2013,1.45e+13
"UZ","Uzbekistan",2000,10995014210
"UZ","Uzbekistan",2001,11456804808
"UZ","Uzbekistan",2002,11915077000
"UZ","Uzbekistan",2003,12415510234
"UZ","Uzbekistan",2004,13371504522
"UZ","Uzbekistan",2005,14307509839
"UZ","Uzbekistan",2006,15351958057
"UZ","Uzbekistan",2007,16810394072
"UZ","Uzbekistan",2008,18323329538
"UZ","Uzbekistan",2009,19807519232
"UZ","Uzbekistan",2010,21491158366
"UZ","Uzbekistan",2011,23274924510
"UZ","Uzbekistan",2012,25183468320
"UZ","Uzbekistan",2013,27198142852
"VU","Vanuatu",2000,377655016.4
"VU","Vanuatu",2001,364480491.9
"VU","Vanuatu",2002,345851097.3
"VU","Vanuatu",2003,360699976.1
"VU","Vanuatu",2004,375072985.8
"VU","Vanuatu",2005,394962552.3
"VU","Vanuatu",2006,428387951.4
"VU","Vanuatu",2007,450559927.2
"VU","Vanuatu",2008,479623192.7
"VU","Vanuatu",2009,495485496.5
"VU","Vanuatu",2010,503575271.4
"VU","Vanuatu",2011,509655821.2
"VU","Vanuatu",2012,518679709.6
"VU","Vanuatu",2013,528893270.8
"VE","Venezuela",2000,1.28e+11
"VE","Venezuela",2001,1.33e+11
"VE","Venezuela",2002,1.21e+11
"VE","Venezuela",2003,1.12e+11
"VE","Venezuela",2004,1.32e+11
"VE","Venezuela",2005,1.46e+11
"VE","Venezuela",2006,1.6e+11
"VE","Venezuela",2007,1.74e+11
"VE","Venezuela",2008,1.83e+11
"VE","Venezuela",2009,1.77e+11
"VE","Venezuela",2010,1.75e+11
"VE","Venezuela",2011,1.82e+11
"VE","Venezuela",2012,1.92e+11
"VE","Venezuela",2013,1.95e+11
"VN","Viet Nam",2000,41288646006
"VN","Viet Nam",2001,43845607803
"VN","Viet Nam",2002,46617010183
"VN","Viet Nam",2003,49833147314
"VN","Viet Nam",2004,53588777916
"VN","Viet Nam",2005,57633255739
"VN","Viet Nam",2006,61654878281
"VN","Viet Nam",2007,66050565593
"VN","Viet Nam",2008,69790197499
"VN","Viet Nam",2009,73557400855
"VN","Viet Nam",2010,78282167938
"VN","Viet Nam",2011,83167212215
"VN","Viet Nam",2012,87531301194
"VN","Viet Nam",2013,92276674308
"VI","Virgin Islands (US)",2000,
"VI","Virgin Islands (US)",2001,
"VI","Virgin Islands (US)",2002,
"VI","Virgin Islands (US)",2003,
"VI","Virgin Islands (US)",2004,
"VI","Virgin Islands (US)",2005,
"VI","Virgin Islands (US)",2006,
"VI","Virgin Islands (US)",2007,
"VI","Virgin Islands (US)",2008,
"VI","Virgin Islands (US)",2009,
"VI","Virgin Islands (US)",2010,
"VI","Virgin Islands (US)",2011,
"VI","Virgin Islands (US)",2012,
"VI","Virgin Islands (US)",2013,
"YE","Yemen",2000,13633617158
"YE","Yemen",2001,14152191675
"YE","Yemen",2002,14709113179
"YE","Yemen",2003,15260322222
"YE","Yemen",2004,15866568492
"YE","Yemen",2005,16753787028
"YE","Yemen",2006,17284950663
"YE","Yemen",2007,17861996286
"YE","Yemen",2008,18579046277
"YE","Yemen",2009,19347259733
"YE","Yemen",2010,19989098341
"YE","Yemen",2011,16973064608
"YE","Yemen",2012,17392278684
"YE","Yemen",2013,18115050571
"ZM","Zambia",2000,6167204441
"ZM","Zambia",2001,6495106581
"ZM","Zambia",2002,6787777019
"ZM","Zambia",2003,7259186360
"ZM","Zambia",2004,7769681028
"ZM","Zambia",2005,8331863990
"ZM","Zambia",2006,8990389066
"ZM","Zambia",2007,9741305580
"ZM","Zambia",2008,10498584526
"ZM","Zambia",2009,11466590601
"ZM","Zambia",2010,12647443701
"ZM","Zambia",2011,13449095108
"ZM","Zambia",2012,14354296406
"ZM","Zambia",2013,15317964947
"ZW","Zimbabwe",2000,8447465997
"ZW","Zimbabwe",2001,8569076991
"ZW","Zimbabwe",2002,7806941277
"ZW","Zimbabwe",2003,6480145789
"ZW","Zimbabwe",2004,6103808840
"ZW","Zimbabwe",2005,5755215200
"ZW","Zimbabwe",2006,5555998711
"ZW","Zimbabwe",2007,5353019907
"ZW","Zimbabwe",2008,4407197679
"ZW","Zimbabwe",2009,4670941609
"ZW","Zimbabwe",2010,5202304247
"ZW","Zimbabwe",2011,5821659788
"ZW","Zimbabwe",2012,6436730036
"ZW","Zimbabwe",2013,6725359135
