"series","country-year","reference"
"id","largest-intl-flow","largest-intl-flow"
"type","simple","reference"
"parent",,
"name","Largest international resource flow to each country","Reference for the largest-intl-flow file"
"columns","id, year, value","id, flow-name, name"
"description","The largest international resource flow to each country in each year",
"default-scale","lin",
"themes","intlmix",
"map-theme","intlmix",
"theme-order"," 1",
"global-picture-color-ramp","categorical",
"uom",,
"uom_display",,
"source","Development Initiatives calculations based on numerous sources (see notes for International resource flows to and from developing countries data).",
"calculation","This indicator is calculated by identifying the largest international resource flow to each country in each year, based on available data on official development assistance, other official flows, foreign direct investment, remittances, long- and short- term debt disbursements and portfolio equity. Observations without data on at least two of three key resources (ODA, FDI and remittances) are excluded.",
"format",,
"highorlow",,
"range",,
"interpolated",,
"missing-donor","NR",
"missing-recipient","NA",
"laymans-decription","The largest international resource flow to each country in each year",
"laymans-heading","The largest resource flow for each year",
