"id","entity-name","year","value"
"AF","Afghanistan",2000,
"AF","Afghanistan",2001,
"AF","Afghanistan",2002,231.9725285
"AF","Afghanistan",2003,241.6213179
"AF","Afghanistan",2004,234.9966251
"AF","Afghanistan",2005,252.4078925
"AF","Afghanistan",2006,258.4186922
"AF","Afghanistan",2007,285.9170914
"AF","Afghanistan",2008,288.7581997
"AF","Afghanistan",2009,340.9314267
"AF","Afghanistan",2010,360.7056152
"AF","Afghanistan",2011,373.4516771
"AF","Afghanistan",2012,417.0550423
"AF","Afghanistan",2013,415.0034777
"AL","Albania",2000,2085.536671
"AL","Albania",2001,2249.670009
"AL","Albania",2002,2324.532928
"AL","Albania",2003,2471.422024
"AL","Albania",2004,2633.801043
"AL","Albania",2005,2798.949517
"AL","Albania",2006,2963.350891
"AL","Albania",2007,3167.161106
"AL","Albania",2008,3438.965454
"AL","Albania",2009,3589.136357
"AL","Albania",2010,3758.18354
"AL","Albania",2011,3891.077215
"AL","Albania",2012,3993.289904
"AL","Albania",2013,4090.864897
"DZ","Algeria",2000,2487.286033
"DZ","Algeria",2001,2567.150874
"DZ","Algeria",2002,2675.725212
"DZ","Algeria",2003,2830.965084
"DZ","Algeria",2004,2912.290298
"DZ","Algeria",2005,3032.899331
"DZ","Algeria",2006,3042.841998
"DZ","Algeria",2007,3105.674743
"DZ","Algeria",2008,3107.035092
"DZ","Algeria",2009,3078.335221
"DZ","Algeria",2010,3156.802424
"DZ","Algeria",2011,3177.716833
"DZ","Algeria",2012,3222.310446
"DZ","Algeria",2013,3239.118843
"AS","American Samoa",2000,
"AS","American Samoa",2001,
"AS","American Samoa",2002,
"AS","American Samoa",2003,
"AS","American Samoa",2004,
"AS","American Samoa",2005,
"AS","American Samoa",2006,
"AS","American Samoa",2007,
"AS","American Samoa",2008,
"AS","American Samoa",2009,
"AS","American Samoa",2010,
"AS","American Samoa",2011,
"AS","American Samoa",2012,
"AS","American Samoa",2013,
"AD","Andorra",2000,27255.99136
"AD","Andorra",2001,29298.84421
"AD","Andorra",2002,29444.2467
"AD","Andorra",2003,29769.18486
"AD","Andorra",2004,30329.58992
"AD","Andorra",2005,31268.96675
"AD","Andorra",2006,33125.38679
"AD","Andorra",2007,33840.22479
"AD","Andorra",2008,35628.4107
"AD","Andorra",2009,
"AD","Andorra",2010,
"AD","Andorra",2011,
"AD","Andorra",2012,
"AD","Andorra",2013,
"AO","Angola",2000,1238.476496
"AO","Angola",2001,1249.44594
"AO","Angola",2002,1374.252515
"AO","Angola",2003,1396.235666
"AO","Angola",2004,1494.297297
"AO","Angola",2005,1706.543621
"AO","Angola",2006,1990.8409
"AO","Angola",2007,2359.279962
"AO","Angola",2008,2597.055971
"AO","Angola",2009,2573.687194
"AO","Angola",2010,2576.646856
"AO","Angola",2011,2593.843498
"AO","Angola",2012,2643.720551
"AO","Angola",2013,2737.877052
"AG","Antigua and Barbuda",2000,10897.77797
"AG","Antigua and Barbuda",2001,10372.80666
"AG","Antigua and Barbuda",2002,10534.99467
"AG","Antigua and Barbuda",2003,11037.45641
"AG","Antigua and Barbuda",2004,11505.18553
"AG","Antigua and Barbuda",2005,12079.86548
"AG","Antigua and Barbuda",2006,13547.7116
"AG","Antigua and Barbuda",2007,14671.13355
"AG","Antigua and Barbuda",2008,14517.80518
"AG","Antigua and Barbuda",2009,12629.71356
"AG","Antigua and Barbuda",2010,11602.14202
"AG","Antigua and Barbuda",2011,11275.27996
"AG","Antigua and Barbuda",2012,11607.74514
"AG","Antigua and Barbuda",2013,11481.38499
"AR","Argentina",2000,5473.799779
"AR","Argentina",2001,5177.960743
"AR","Argentina",2002,4571.119375
"AR","Argentina",2003,4924.887434
"AR","Argentina",2004,5325.150144
"AR","Argentina",2005,5770.048707
"AR","Argentina",2006,6206.891121
"AR","Argentina",2007,6635.926648
"AR","Argentina",2008,6779.903147
"AR","Argentina",2009,6721.027705
"AR","Argentina",2010,7281.873702
"AR","Argentina",2011,7832.307497
"AR","Argentina",2012,7837.042668
"AR","Argentina",2013,7986.248019
"AM","Armenia",2000,895.5977147
"AM","Armenia",2001,986.3614832
"AM","Armenia",2002,1121.173903
"AM","Armenia",2003,1283.215543
"AM","Armenia",2004,1422.403624
"AM","Armenia",2005,1625.396904
"AM","Armenia",2006,1847.273054
"AM","Armenia",2007,2110.415004
"AM","Armenia",2008,2265.424536
"AM","Armenia",2009,1950.983276
"AM","Armenia",2010,1997.038912
"AM","Armenia",2011,2090.459569
"AM","Armenia",2012,2237.228245
"AM","Armenia",2013,2309.7085
"AW","Aruba",2000,23902.92089
"AW","Aruba",2001,22873.00011
"AW","Aruba",2002,22471.19097
"AW","Aruba",2003,23657.83912
"AW","Aruba",2004,23517.57361
"AW","Aruba",2005,23302.83199
"AW","Aruba",2006,23662.63564
"AW","Aruba",2007,22710.23913
"AW","Aruba",2008,21121.3952
"AW","Aruba",2009,19912.75666
"AW","Aruba",2010,
"AW","Aruba",2011,
"AW","Aruba",2012,
"AW","Aruba",2013,
"AU","Australia",2000,30856.78484
"AU","Australia",2001,31010.14784
"AU","Australia",2002,31855.23678
"AU","Australia",2003,32419.55427
"AU","Australia",2004,33387.32275
"AU","Australia",2005,33979.24961
"AU","Australia",2006,34496.25324
"AU","Australia",2007,35577.79101
"AU","Australia",2008,36142.53713
"AU","Australia",2009,36050.65532
"AU","Australia",2010,36174.98343
"AU","Australia",2011,36526.41003
"AU","Australia",2012,37229.52486
"AU","Australia",2013,37482.32883
"AT","Austria",2000,36072.84768
"AT","Austria",2001,36432.39559
"AT","Austria",2002,36872.25755
"AT","Austria",2003,36939.33933
"AT","Austria",2004,37689.82886
"AT","Austria",2005,38284.70426
"AT","Austria",2006,39305.12886
"AT","Austria",2007,40598.55522
"AT","Austria",2008,41022.31446
"AT","Austria",2009,39329.25098
"AT","Austria",2010,39929.57615
"AT","Austria",2011,41160.15977
"AT","Austria",2012,41399.80695
"AT","Austria",2013,41303.85167
"AZ","Azerbaijan",2000,874.0960829
"AZ","Azerbaijan",2001,953.2177059
"AZ","Azerbaijan",2002,1046.421451
"AZ","Azerbaijan",2003,1154.837787
"AZ","Azerbaijan",2004,1261.538908
"AZ","Azerbaijan",2005,1578.36733
"AZ","Azerbaijan",2006,2099.709751
"AZ","Azerbaijan",2007,2596.062924
"AZ","Azerbaijan",2008,2815.96538
"AZ","Azerbaijan",2009,3017.660145
"AZ","Azerbaijan",2010,3126.72404
"AZ","Azerbaijan",2011,3088.281619
"AZ","Azerbaijan",2012,3114.562464
"AZ","Azerbaijan",2013,3252.827787
"BS","Bahamas",2000,23841.86714
"BS","Bahamas",2001,24044.2475
"BS","Bahamas",2002,24212.39305
"BS","Bahamas",2003,23407.40338
"BS","Bahamas",2004,23117.75815
"BS","Bahamas",2005,23416.90369
"BS","Bahamas",2006,23538.91317
"BS","Bahamas",2007,23430.72172
"BS","Bahamas",2008,22472.8829
"BS","Bahamas",2009,21160.8618
"BS","Bahamas",2010,21128.50974
"BS","Bahamas",2011,21013.41191
"BS","Bahamas",2012,20909.27933
"BS","Bahamas",2013,20746.86052
"BH","Bahrain",2000,18581.88342
"BH","Bahrain",2001,18213.19873
"BH","Bahrain",2002,18000.91356
"BH","Bahrain",2003,18108.41947
"BH","Bahrain",2004,18228.69911
"BH","Bahrain",2005,18156.37747
"BH","Bahrain",2006,17879.07764
"BH","Bahrain",2007,17835.00273
"BH","Bahrain",2008,17527.96299
"BH","Bahrain",2009,16834.27888
"BH","Bahrain",2010,16722.2598
"BH","Bahrain",2011,16528.65851
"BH","Bahrain",2012,16796.19305
"BH","Bahrain",2013,17502.19222
"BD","Bangladesh",2000,349.5053669
"BD","Bangladesh",2001,361.5308916
"BD","Bangladesh",2002,371.2207558
"BD","Bangladesh",2003,384.6130799
"BD","Bangladesh",2004,402.8003635
"BD","Bangladesh",2005,421.1233114
"BD","Bangladesh",2006,443.667742
"BD","Bangladesh",2007,469.8331071
"BD","Bangladesh",2008,492.9951565
"BD","Bangladesh",2009,512.5567257
"BD","Bangladesh",2010,535.3063503
"BD","Bangladesh",2011,563.434793
"BD","Bangladesh",2012,593.0675879
"BD","Bangladesh",2013,621.1054497
"BB","Barbados",2000,13801.26057
"BB","Barbados",2001,13393.86075
"BB","Barbados",2002,13422.51552
"BB","Barbados",2003,13620.6432
"BB","Barbados",2004,13746.78323
"BB","Barbados",2005,14224.98245
"BB","Barbados",2006,14962.62333
"BB","Barbados",2007,15138.08615
"BB","Barbados",2008,15115.78713
"BB","Barbados",2009,14418.78944
"BB","Barbados",2010,14383.67817
"BB","Barbados",2011,14420.36665
"BB","Barbados",2012,14349.55272
"BB","Barbados",2013,
"BY","Belarus",2000,2103.058614
"BY","Belarus",2001,2219.516303
"BY","Belarus",2002,2346.386271
"BY","Belarus",2003,2529.079867
"BY","Belarus",2004,2838.062029
"BY","Belarus",2005,3126.367778
"BY","Belarus",2006,3460.131302
"BY","Belarus",2007,3774.997459
"BY","Belarus",2008,4174.018811
"BY","Belarus",2009,4191.605273
"BY","Belarus",2010,4524.158168
"BY","Belarus",2011,4783.53347
"BY","Belarus",2012,4870.982917
"BY","Belarus",2013,4913.517837
"BE","Belgium",2000,34629.92318
"BE","Belgium",2001,34802.66017
"BE","Belgium",2002,35227.67579
"BE","Belgium",2003,35369.63144
"BE","Belgium",2004,36464.35125
"BE","Belgium",2005,36932.35472
"BE","Belgium",2006,37637.61668
"BE","Belgium",2007,38491.58173
"BE","Belgium",2008,38562.18872
"BE","Belgium",2009,37234.31303
"BE","Belgium",2010,37727.99798
"BE","Belgium",2011,37926.29518
"BE","Belgium",2012,37651.93544
"BE","Belgium",2013,37516.28609
"BZ","Belize",2000,3604.656252
"BZ","Belize",2001,3683.375275
"BZ","Belize",2002,3770.901708
"BZ","Belize",2003,4017.694383
"BZ","Belize",2004,4098.250743
"BZ","Belize",2005,4097.538614
"BZ","Belize",2006,4176.751492
"BZ","Belize",2007,4116.528075
"BZ","Belize",2008,4143.082485
"BZ","Belize",2009,4069.057445
"BZ","Belize",2010,4101.051145
"BZ","Belize",2011,4085.590992
"BZ","Belize",2012,4140.016565
"BZ","Belize",2013,4103.894058
"BJ","Benin",2000,512.9552851
"BJ","Benin",2001,527.8744203
"BJ","Benin",2002,533.3831577
"BJ","Benin",2003,535.9535406
"BJ","Benin",2004,534.7388229
"BJ","Benin",2005,532.6109983
"BJ","Benin",2006,535.4940387
"BJ","Benin",2007,543.2931468
"BJ","Benin",2008,553.6371237
"BJ","Benin",2009,551.9289484
"BJ","Benin",2010,550.3216957
"BJ","Benin",2011,552.5937079
"BJ","Benin",2012,566.712725
"BJ","Benin",2013,582.8576466
"BM","Bermuda",2000,69275.61113
"BM","Bermuda",2001,73481.58953
"BM","Bermuda",2002,71926.18162
"BM","Bermuda",2003,73894.27672
"BM","Bermuda",2004,75117.27917
"BM","Bermuda",2005,75882.03386
"BM","Bermuda",2006,79630.81278
"BM","Bermuda",2007,81436.34117
"BM","Bermuda",2008,82192.92674
"BM","Bermuda",2009,77419.15897
"BM","Bermuda",2010,76393.83138
"BM","Bermuda",2011,74483.14274
"BM","Bermuda",2012,70600.97637
"BM","Bermuda",2013,
"BT","Bhutan",2000,991.5913043
"BT","Bhutan",2001,1042.392414
"BT","Bhutan",2002,1120.33777
"BT","Bhutan",2003,1171.120771
"BT","Bhutan",2004,1205.917534
"BT","Bhutan",2005,1258.990994
"BT","Bhutan",2006,1314.601197
"BT","Bhutan",2007,1518.770702
"BT","Bhutan",2008,1561.779188
"BT","Bhutan",2009,1636.473167
"BT","Bhutan",2010,1796.828761
"BT","Bhutan",2011,1905.420101
"BT","Bhutan",2012,1968.610779
"BT","Bhutan",2013,1976.553286
"BO","Bolivia ",2000,965.4074982
"BO","Bolivia ",2001,961.9829159
"BO","Bolivia ",2002,966.4637254
"BO","Bolivia ",2003,973.5739743
"BO","Bolivia ",2004,995.3472435
"BO","Bolivia ",2005,1020.790305
"BO","Bolivia ",2006,1051.471756
"BO","Bolivia ",2007,1081.392031
"BO","Bolivia ",2008,1129.480693
"BO","Bolivia ",2009,1148.787508
"BO","Bolivia ",2010,1176.974475
"BO","Bolivia ",2011,1217.746318
"BO","Bolivia ",2012,1259.813782
"BO","Bolivia ",2013,1323.124571
"BA","Bosnia and Herzegovina",2000,2232.630386
"BA","Bosnia and Herzegovina",2001,2303.834972
"BA","Bosnia and Herzegovina",2002,2414.593972
"BA","Bosnia and Herzegovina",2003,2512.337993
"BA","Bosnia and Herzegovina",2004,2671.801386
"BA","Bosnia and Herzegovina",2005,2810.377029
"BA","Bosnia and Herzegovina",2006,2988.21799
"BA","Bosnia and Herzegovina",2007,3197.909748
"BA","Bosnia and Herzegovina",2008,3377.753321
"BA","Bosnia and Herzegovina",2009,3286.060554
"BA","Bosnia and Herzegovina",2010,3315.530659
"BA","Bosnia and Herzegovina",2011,3353.045862
"BA","Bosnia and Herzegovina",2012,3317.17755
"BA","Bosnia and Herzegovina",2013,3403.535166
"BW","Botswana",2000,4735.539268
"BW","Botswana",2001,4672.93646
"BW","Botswana",2002,4886.344261
"BW","Botswana",2003,5046.472318
"BW","Botswana",2004,5121.159577
"BW","Botswana",2005,5294.379474
"BW","Botswana",2006,5655.073308
"BW","Botswana",2007,6084.31293
"BW","Botswana",2008,6261.105787
"BW","Botswana",2009,5716.967865
"BW","Botswana",2010,6152.726366
"BW","Botswana",2011,6476.051113
"BW","Botswana",2012,6697.424936
"BW","Botswana",2013,7027.250286
"BR","Brazil",2000,4406.753099
"BR","Brazil",2001,4401.920673
"BR","Brazil",2002,4459.46372
"BR","Brazil",2003,4451.096918
"BR","Brazil",2004,4646.479458
"BR","Brazil",2005,4738.3078
"BR","Brazil",2006,4874.17726
"BR","Brazil",2007,5121.134138
"BR","Brazil",2008,5318.99452
"BR","Brazil",2009,5271.565144
"BR","Brazil",2010,5634.95278
"BR","Brazil",2011,5737.929932
"BR","Brazil",2012,5738.562595
"BR","Brazil",2013,5839.432816
"BN","Brunei",2000,25925.49952
"BN","Brunei",2001,26062.48056
"BN","Brunei",2002,26501.69851
"BN","Brunei",2003,26712.83619
"BN","Brunei",2004,26315.65827
"BN","Brunei",2005,25913.57837
"BN","Brunei",2006,26556.30357
"BN","Brunei",2007,26127.17337
"BN","Brunei",2008,25186.10796
"BN","Brunei",2009,24341.26867
"BN","Brunei",2010,24589.27724
"BN","Brunei",2011,25060.8324
"BN","Brunei",2012,24947.10096
"BN","Brunei",2013,24184.67169
"BG","Bulgaria",2000,2779.960397
"BG","Bulgaria",2001,2939.495533
"BG","Bulgaria",2002,3130.446989
"BG","Bulgaria",2003,3317.083407
"BG","Bulgaria",2004,3553.933448
"BG","Bulgaria",2005,3785.65463
"BG","Bulgaria",2006,4052.003123
"BG","Bulgaria",2007,4420.121531
"BG","Bulgaria",2008,4707.41306
"BG","Bulgaria",2009,4500.382444
"BG","Bulgaria",2010,4559.791994
"BG","Bulgaria",2011,4680.081174
"BG","Bulgaria",2012,4730.436527
"BG","Bulgaria",2013,4807.687475
"BF","Burkina Faso",2000,343.1142999
"BF","Burkina Faso",2001,355.3581815
"BF","Burkina Faso",2002,362.992288
"BF","Burkina Faso",2003,380.1034424
"BF","Burkina Faso",2004,385.6954981
"BF","Burkina Faso",2005,406.9988043
"BF","Burkina Faso",2006,421.9582081
"BF","Burkina Faso",2007,424.4967954
"BF","Burkina Faso",2008,436.1103373
"BF","Burkina Faso",2009,436.093057
"BF","Burkina Faso",2010,457.2288132
"BF","Burkina Faso",2011,462.9238099
"BF","Burkina Faso",2012,492.7552028
"BF","Burkina Faso",2013,510.2144281
"BI","Burundi",2000,150.3041686
"BI","Burundi",2001,149.6914792
"BI","Burundi",2002,151.9410474
"BI","Burundi",2003,145.3998641
"BI","Burundi",2004,147.4267806
"BI","Burundi",2005,143.7835295
"BI","Burundi",2006,146.3976553
"BI","Burundi",2007,148.1409194
"BI","Burundi",2008,150.2787084
"BI","Burundi",2009,150.2234857
"BI","Burundi",2010,150.7423533
"BI","Burundi",2011,151.9968084
"BI","Burundi",2012,153.1426987
"BI","Burundi",2013,155.2453476
"CI","Côte d'Ivoire",2000,1059.155393
"CI","Côte d'Ivoire",2001,1040.303286
"CI","Côte d'Ivoire",2002,1009.748904
"CI","Côte d'Ivoire",2003,980.2400723
"CI","Côte d'Ivoire",2004,984.1745281
"CI","Côte d'Ivoire",2005,982.2314265
"CI","Côte d'Ivoire",2006,981.966857
"CI","Côte d'Ivoire",2007,983.3402687
"CI","Côte d'Ivoire",2008,991.1721387
"CI","Côte d'Ivoire",2009,1004.622274
"CI","Côte d'Ivoire",2010,1004.625548
"CI","Côte d'Ivoire",2011,940.0724669
"CI","Côte d'Ivoire",2012,1016.828846
"CI","Côte d'Ivoire",2013,1079.385703
"KH","Cambodia",2000,329.4326026
"KH","Cambodia",2001,348.7886736
"KH","Cambodia",2002,365.1834674
"KH","Cambodia",2003,389.3516966
"KH","Cambodia",2004,422.5877509
"KH","Cambodia",2005,471.1625029
"KH","Cambodia",2006,514.2639527
"KH","Cambodia",2007,558.8579603
"KH","Cambodia",2008,587.9896713
"KH","Cambodia",2009,580.0237936
"KH","Cambodia",2010,605.1680468
"KH","Cambodia",2011,637.2625522
"KH","Cambodia",2012,671.9620631
"KH","Cambodia",2013,708.8284924
"CM","Cameroon",2000,868.1177423
"CM","Cameroon",2001,883.849266
"CM","Cameroon",2002,895.6408665
"CM","Cameroon",2003,907.8742862
"CM","Cameroon",2004,917.422915
"CM","Cameroon",2005,914.5496074
"CM","Cameroon",2006,919.9821884
"CM","Cameroon",2007,925.7726743
"CM","Cameroon",2008,928.2972644
"CM","Cameroon",2009,922.2773356
"CM","Cameroon",2010,928.3915861
"CM","Cameroon",2011,942.5235669
"CM","Cameroon",2012,961.089731
"CM","Cameroon",2013,989.2711157
"CA","Canada",2000,33474.48951
"CA","Canada",2001,33459.98797
"CA","Canada",2002,34117.72208
"CA","Canada",2003,34410.91047
"CA","Canada",2004,35318.01844
"CA","Canada",2005,35899.97524
"CA","Canada",2006,36536.12371
"CA","Canada",2007,37095.67839
"CA","Canada",2008,36997.18457
"CA","Canada",2009,35683.94268
"CA","Canada",2010,36464.93188
"CA","Canada",2011,36980.11634
"CA","Canada",2012,37117.69636
"CA","Canada",2013,37544.47313
"CV","Cape Verde",2000,1663.554461
"CV","Cape Verde",2001,1669.043232
"CV","Cape Verde",2002,1724.819709
"CV","Cape Verde",2003,1766.840908
"CV","Cape Verde",2004,1919.716292
"CV","Cape Verde",2005,2030.658982
"CV","Cape Verde",2006,2177.817087
"CV","Cape Verde",2007,2499.013347
"CV","Cape Verde",2008,2660.052458
"CV","Cape Verde",2009,2620.511406
"CV","Cape Verde",2010,2648.661963
"CV","Cape Verde",2011,2737.193464
"CV","Cape Verde",2012,2749.481803
"CV","Cape Verde",2013,2739.324127
"CF","CAR",2000,338.8576649
"CF","CAR",2001,347.7053564
"CF","CAR",2002,354.2356715
"CF","CAR",2003,329.6565893
"CF","CAR",2004,343.6796583
"CF","CAR",2005,340.9078668
"CF","CAR",2006,360.3401866
"CF","CAR",2007,382.5143177
"CF","CAR",2008,389.9756541
"CF","CAR",2009,416.6335913
"CF","CAR",2010,435.7329214
"CF","CAR",2011,441.3560847
"CF","CAR",2012,450.4160712
"CF","CAR",2013,282.5710656
"KY","Cayman Islands",2000,
"KY","Cayman Islands",2001,
"KY","Cayman Islands",2002,
"KY","Cayman Islands",2003,
"KY","Cayman Islands",2004,
"KY","Cayman Islands",2005,
"KY","Cayman Islands",2006,
"KY","Cayman Islands",2007,
"KY","Cayman Islands",2008,
"KY","Cayman Islands",2009,
"KY","Cayman Islands",2010,
"KY","Cayman Islands",2011,
"KY","Cayman Islands",2012,
"KY","Cayman Islands",2013,
"TD","Chad",2000,367.4638336
"TD","Chad",2001,395.0843437
"TD","Chad",2002,412.4122637
"TD","Chad",2003,455.2773492
"TD","Chad",2004,586.114243
"TD","Chad",2005,663.7096973
"TD","Chad",2006,645.9269854
"TD","Chad",2007,646.004259
"TD","Chad",2008,645.4305604
"TD","Chad",2009,652.499461
"TD","Chad",2010,718.8233934
"TD","Chad",2011,698.0238136
"TD","Chad",2012,737.549556
"TD","Chad",2013,744.2488727
"CL","Chile",2000,6535.354781
"CL","Chile",2001,6713.860202
"CL","Chile",2002,6763.794759
"CL","Chile",2003,6939.383175
"CL","Chile",2004,7298.258357
"CL","Chile",2005,7589.78486
"CL","Chile",2006,7876.625387
"CL","Chile",2007,8218.902612
"CL","Chile",2008,8377.307265
"CL","Chile",2009,8239.302781
"CL","Chile",2010,8629.355201
"CL","Chile",2011,9012.939288
"CL","Chile",2012,9447.566977
"CL","Chile",2013,9705.04165
"CN","China",2000,1124.623311
"CN","China",2001,1202.972049
"CN","China",2002,1304.279913
"CN","China",2003,1428.127911
"CN","China",2004,1566.267384
"CN","China",2005,1733.501059
"CN","China",2006,1937.42277
"CN","China",2007,2200.495491
"CN","China",2008,2400.625068
"CN","China",2009,2614.064871
"CN","China",2010,2870.588059
"CN","China",2011,3124.69776
"CN","China",2012,3346.425359
"CN","China",2013,3580.426999
"CO","Colombia",2000,3082.862533
"CO","Colombia",2001,3081.956775
"CO","Colombia",2002,3105.567156
"CO","Colombia",2003,3176.343093
"CO","Colombia",2004,3291.978016
"CO","Colombia",2005,3404.036483
"CO","Colombia",2006,3558.282964
"CO","Colombia",2007,3752.944769
"CO","Colombia",2008,3831.414485
"CO","Colombia",2009,3842.579894
"CO","Colombia",2010,3940.161393
"CO","Colombia",2011,4141.992428
"CO","Colombia",2012,4255.370262
"CO","Colombia",2013,4387.289649
"KM","Comoros",2000,587.8371731
"KM","Comoros",2001,640.9094087
"KM","Comoros",2002,639.2354579
"KM","Comoros",2003,636.1388381
"KM","Comoros",2004,631.8498287
"KM","Comoros",2005,633.1812715
"KM","Comoros",2006,633.2962809
"KM","Comoros",2007,622.0068792
"KM","Comoros",2008,608.5721336
"KM","Comoros",2009,604.7852597
"KM","Comoros",2010,602.7224461
"KM","Comoros",2011,603.2605169
"KM","Comoros",2012,606.3877726
"KM","Comoros",2013,612.7399728
"CG","Congo",2000,1595.589193
"CG","Congo",2001,1615.222789
"CG","Congo",2002,1649.062279
"CG","Congo",2003,1623.079811
"CG","Congo",2004,1637.896407
"CG","Congo",2005,1718.100816
"CG","Congo",2006,1773.294028
"CG","Congo",2007,1693.139821
"CG","Congo",2008,1733.251528
"CG","Congo",2009,1807.376534
"CG","Congo",2010,1909.827612
"CG","Congo",2011,1922.032384
"CG","Congo",2012,1943.690543
"CG","Congo",2013,1960.578688
"CR","Costa Rica",2000,4158.436447
"CR","Costa Rica",2001,4115.331916
"CR","Costa Rica",2002,4151.648425
"CR","Costa Rica",2003,4335.669667
"CR","Costa Rica",2004,4440.30251
"CR","Costa Rica",2005,4621.364127
"CR","Costa Rica",2006,4944.28558
"CR","Costa Rica",2007,5252.056787
"CR","Costa Rica",2008,5312.811412
"CR","Costa Rica",2009,5180.317879
"CR","Costa Rica",2010,5357.490371
"CR","Costa Rica",2011,5518.76658
"CR","Costa Rica",2012,5720.450953
"CR","Costa Rica",2013,5839.251911
"HR","Croatia",2000,8236.478274
"HR","Croatia",2001,8492.489421
"HR","Croatia",2002,8938.045716
"HR","Croatia",2003,9434.813987
"HR","Croatia",2004,9822.231795
"HR","Croatia",2005,10224.30403
"HR","Croatia",2006,10718.3824
"HR","Croatia",2007,11280.55064
"HR","Croatia",2008,11516.02612
"HR","Croatia",2009,10678.79877
"HR","Croatia",2010,10523.98071
"HR","Croatia",2011,10830.62857
"HR","Croatia",2012,10626.12866
"HR","Croatia",2013,10563.1075
"CU","Cuba",2000,2996.625169
"CU","Cuba",2001,3081.734105
"CU","Cuba",2002,3115.539259
"CU","Cuba",2003,3223.94155
"CU","Cuba",2004,3401.692108
"CU","Cuba",2005,3776.470549
"CU","Cuba",2006,4228.753524
"CU","Cuba",2007,4535.621026
"CU","Cuba",2008,4724.568307
"CU","Cuba",2009,4796.229496
"CU","Cuba",2010,4913.847513
"CU","Cuba",2011,5049.587428
"CU","Cuba",2012,
"CU","Cuba",2013,
"CW","Curaçao",2000,
"CW","Curaçao",2001,
"CW","Curaçao",2002,
"CW","Curaçao",2003,
"CW","Curaçao",2004,
"CW","Curaçao",2005,
"CW","Curaçao",2006,
"CW","Curaçao",2007,
"CW","Curaçao",2008,
"CW","Curaçao",2009,
"CW","Curaçao",2010,
"CW","Curaçao",2011,
"CW","Curaçao",2012,
"CW","Curaçao",2013,
"CY","Cyprus",2000,15369.9773
"CY","Cyprus",2001,15686.15118
"CY","Cyprus",2002,15713.53878
"CY","Cyprus",2003,15724.34633
"CY","Cyprus",2004,16103.44522
"CY","Cyprus",2005,16461.39052
"CY","Cyprus",2006,16883.31347
"CY","Cyprus",2007,17502.73435
"CY","Cyprus",2008,17901.84132
"CY","Cyprus",2009,17386.23392
"CY","Cyprus",2010,17402.69867
"CY","Cyprus",2011,17271.56413
"CY","Cyprus",2012,16670.69236
"CY","Cyprus",2013,15602.26262
"CZ","Czech Republic",2000,10921.43461
"CZ","Czech Republic",2001,11354.06527
"CZ","Czech Republic",2002,11572.12632
"CZ","Czech Republic",2003,11967.82656
"CZ","Czech Republic",2004,12552.58725
"CZ","Czech Republic",2005,13318.688
"CZ","Czech Republic",2006,14161.67061
"CZ","Czech Republic",2007,14856.05935
"CZ","Czech Republic",2008,15214.83296
"CZ","Czech Republic",2009,14362.4013
"CZ","Czech Republic",2010,14607.02799
"CZ","Czech Republic",2011,14862.68027
"CZ","Czech Republic",2012,14746.75774
"CZ","Czech Republic",2013,14636.7408
"DK","Denmark",2000,46258.00807
"DK","Denmark",2001,46465.77404
"DK","Denmark",2002,46689.58735
"DK","Denmark",2003,46748.26837
"DK","Denmark",2004,47737.79296
"DK","Denmark",2005,48898.11331
"DK","Denmark",2006,50576.83338
"DK","Denmark",2007,50719.24281
"DK","Denmark",2008,50058.05825
"DK","Denmark",2009,47256.11274
"DK","Denmark",2010,47767.68968
"DK","Denmark",2011,48109.9607
"DK","Denmark",2012,47571.59525
"DK","Denmark",2013,47205.89215
"DJ","Djibouti",2000,846.8027596
"DJ","Djibouti",2001,851.3707276
"DJ","Djibouti",2002,861.1045823
"DJ","Djibouti",2003,876.1244162
"DJ","Djibouti",2004,896.9494948
"DJ","Djibouti",2005,912.4992045
"DJ","Djibouti",2006,942.9906509
"DJ","Djibouti",2007,977.2528304
"DJ","Djibouti",2008,1019.370511
"DJ","Djibouti",2009,1055.012138
"DJ","Djibouti",2010,1085.881394
"DJ","Djibouti",2011,1127.31343
"DJ","Djibouti",2012,1143.604435
"DJ","Djibouti",2013,1182.515958
"DM","Dominica",2000,4847.239942
"DM","Dominica",2001,4871.500736
"DM","Dominica",2002,4776.085352
"DM","Dominica",2003,5124.732897
"DM","Dominica",2004,5271.204872
"DM","Dominica",2005,5250.352562
"DM","Dominica",2006,5495.188302
"DM","Dominica",2007,5819.121394
"DM","Dominica",2008,6245.620717
"DM","Dominica",2009,6164.356807
"DM","Dominica",2010,6215.61459
"DM","Dominica",2011,6190.178761
"DM","Dominica",2012,6079.965221
"DM","Dominica",2013,5997.772855
"DO","Dominican Republic",2000,3297.213613
"DO","Dominican Republic",2001,3305.031693
"DO","Dominican Republic",2002,3443.131973
"DO","Dominican Republic",2003,3382.897202
"DO","Dominican Republic",2004,3376.6295
"DO","Dominican Republic",2005,3635.706812
"DO","Dominican Republic",2006,3965.990079
"DO","Dominican Republic",2007,4241.355365
"DO","Dominican Republic",2008,4314.03914
"DO","Dominican Republic",2009,4295.345981
"DO","Dominican Republic",2010,4590.402301
"DO","Dominican Republic",2011,4663.87638
"DO","Dominican Republic",2012,4727.748371
"DO","Dominican Republic",2013,4884.066527
"CD","DRC",2000,211.404396
"CD","DRC",2001,201.731881
"CD","DRC",2002,202.0168015
"CD","DRC",2003,207.195223
"CD","DRC",2004,214.7734395
"CD","DRC",2005,221.4496889
"CD","DRC",2006,226.6761377
"CD","DRC",2007,234.1350259
"CD","DRC",2008,241.819382
"CD","DRC",2009,241.8682115
"CD","DRC",2010,251.9566248
"CD","DRC",2011,261.9458575
"CD","DRC",2012,272.9395962
"CD","DRC",2013,288.1584286
"EC","Ecuador",2000,2613.347141
"EC","Ecuador",2001,2665.590163
"EC","Ecuador",2002,2721.731377
"EC","Ecuador",2003,2743.256945
"EC","Ecuador",2004,2913.809095
"EC","Ecuador",2005,3012.752437
"EC","Ecuador",2006,3090.15946
"EC","Ecuador",2007,3103.636773
"EC","Ecuador",2008,3245.438512
"EC","Ecuador",2009,3209.850899
"EC","Ecuador",2010,3268.81379
"EC","Ecuador",2011,3469.253651
"EC","Ecuador",2012,3592.448131
"EC","Ecuador",2013,3700.526148
"EG","Egypt",2000,1140.118415
"EG","Egypt",2001,1161.672074
"EG","Egypt",2002,1170.079687
"EG","Egypt",2003,1187.802309
"EG","Egypt",2004,1216.111429
"EG","Egypt",2005,1249.49326
"EG","Egypt",2006,1312.819303
"EG","Egypt",2007,1387.587053
"EG","Egypt",2008,1457.109543
"EG","Egypt",2009,1497.882977
"EG","Egypt",2010,1549.777873
"EG","Egypt",2011,1549.265393
"EG","Egypt",2012,1560.915199
"EG","Egypt",2013,1572.089862
"SV","El Salvador",2000,2554.049275
"SV","El Salvador",2001,2586.192843
"SV","El Salvador",2002,2636.595296
"SV","El Salvador",2003,2687.817697
"SV","El Salvador",2004,2728.086143
"SV","El Salvador",2005,2814.93504
"SV","El Salvador",2006,2913.465315
"SV","El Salvador",2007,3012.36054
"SV","El Salvador",2008,3036.450668
"SV","El Salvador",2009,2926.234619
"SV","El Salvador",2010,2949.613729
"SV","El Salvador",2011,2996.666245
"SV","El Salvador",2012,3033.081349
"SV","El Salvador",2013,3062.968615
"GQ","Equatorial Guinea",2000,4425.47714
"GQ","Equatorial Guinea",2001,7008.353758
"GQ","Equatorial Guinea",2002,8117.182494
"GQ","Equatorial Guinea",2003,8970.887947
"GQ","Equatorial Guinea",2004,12011.45688
"GQ","Equatorial Guinea",2005,13612.84793
"GQ","Equatorial Guinea",2006,12585.31308
"GQ","Equatorial Guinea",2007,13835.55143
"GQ","Equatorial Guinea",2008,15098.61796
"GQ","Equatorial Guinea",2009,13493.81223
"GQ","Equatorial Guinea",2010,12947.74457
"GQ","Equatorial Guinea",2011,13218.34698
"GQ","Equatorial Guinea",2012,13267.73614
"GQ","Equatorial Guinea",2013,12280.02387
"ER","Eritrea",2000,245.7114001
"ER","Eritrea",2001,256.6530159
"ER","Eritrea",2002,253.2544505
"ER","Eritrea",2003,236.0035521
"ER","Eritrea",2004,229.5257037
"ER","Eritrea",2005,226.2898568
"ER","Eritrea",2006,216.042105
"ER","Eritrea",2007,211.7721819
"ER","Eritrea",2008,184.9375879
"ER","Eritrea",2009,186.0327828
"ER","Eritrea",2010,184.0458298
"ER","Eritrea",2011,193.5578875
"ER","Eritrea",2012,200.4480388
"ER","Eritrea",2013,196.6330662
"EE","Estonia",2000,7102.136919
"EE","Estonia",2001,7587.669933
"EE","Estonia",2002,8103.328124
"EE","Estonia",2003,8764.332434
"EE","Estonia",2004,9387.984948
"EE","Estonia",2005,10336.10493
"EE","Estonia",2006,11479.86905
"EE","Estonia",2007,12443.51215
"EE","Estonia",2008,11812.12153
"EE","Estonia",2009,10090.73773
"EE","Estonia",2010,10364.28069
"EE","Estonia",2011,11256.1095
"EE","Estonia",2012,11801.08251
"EE","Estonia",2013,11997.11034
"ET","Ethiopia",2000,137.4970075
"ET","Ethiopia",2001,144.6760824
"ET","Ethiopia",2002,142.6861076
"ET","Ethiopia",2003,135.6436219
"ET","Ethiopia",2004,149.7350127
"ET","Ethiopia",2005,162.8131927
"ET","Ethiopia",2006,175.5592733
"ET","Ethiopia",2007,190.4416286
"ET","Ethiopia",2008,205.4192279
"ET","Ethiopia",2009,217.6612103
"ET","Ethiopia",2010,238.629745
"ET","Ethiopia",2011,258.4850309
"ET","Ethiopia",2012,273.6870529
"ET","Ethiopia",2013,294.775763
"FO","Faroe Islands",2000,
"FO","Faroe Islands",2001,
"FO","Faroe Islands",2002,
"FO","Faroe Islands",2003,
"FO","Faroe Islands",2004,
"FO","Faroe Islands",2005,35211.55268
"FO","Faroe Islands",2006,
"FO","Faroe Islands",2007,
"FO","Faroe Islands",2008,
"FO","Faroe Islands",2009,
"FO","Faroe Islands",2010,
"FO","Faroe Islands",2011,
"FO","Faroe Islands",2012,
"FO","Faroe Islands",2013,
"FJ","Fiji",2000,3285.999109
"FJ","Fiji",2001,3339.158849
"FJ","Fiji",2002,3439.523003
"FJ","Fiji",2003,3469.722583
"FJ","Fiji",2004,3645.717307
"FJ","Fiji",2005,3655.663837
"FJ","Fiji",2006,3698.3118
"FJ","Fiji",2007,3634.669051
"FJ","Fiji",2008,3635.396461
"FJ","Fiji",2009,3548.724379
"FJ","Fiji",2010,3619.273248
"FJ","Fiji",2011,3685.649332
"FJ","Fiji",2012,3723.845591
"FJ","Fiji",2013,3825.428223
"FI","Finland",2000,34774.48457
"FI","Finland",2001,35659.15858
"FI","Finland",2002,36149.68894
"FI","Finland",2003,36639.0729
"FI","Finland",2004,38063.01705
"FI","Finland",2005,38886.05927
"FI","Finland",2006,40446.09959
"FI","Finland",2007,42354.29367
"FI","Finland",2008,42345.77527
"FI","Finland",2009,38772.2423
"FI","Finland",2010,39713.96992
"FI","Finland",2011,40458.23967
"FI","Finland",2012,39712.07086
"FI","Finland",2013,39158.68035
"FR","France",2000,33327.28243
"FR","France",2001,33737.683
"FR","France",2002,33817.00332
"FR","France",2003,33899.68079
"FR","France",2004,34608.07969
"FR","France",2005,34823.21504
"FR","France",2006,35524.55104
"FR","France",2007,36086.66123
"FR","France",2008,35885.66975
"FR","France",2009,34774.31877
"FR","France",2010,35218.23046
"FR","France",2011,35810.70571
"FR","France",2012,35781.30333
"FR","France",2013,35590.70969
"PF","French Polynesia",2000,
"PF","French Polynesia",2001,
"PF","French Polynesia",2002,
"PF","French Polynesia",2003,
"PF","French Polynesia",2004,
"PF","French Polynesia",2005,
"PF","French Polynesia",2006,
"PF","French Polynesia",2007,
"PF","French Polynesia",2008,
"PF","French Polynesia",2009,
"PF","French Polynesia",2010,
"PF","French Polynesia",2011,
"PF","French Polynesia",2012,
"PF","French Polynesia",2013,
"GA","Gabon",2000,6488.289522
"GA","Gabon",2001,6469.43565
"GA","Gabon",2002,6301.460263
"GA","Gabon",2003,6307.743863
"GA","Gabon",2004,6244.09233
"GA","Gabon",2005,6281.954684
"GA","Gabon",2006,6205.712925
"GA","Gabon",2007,6394.289982
"GA","Gabon",2008,6303.803534
"GA","Gabon",2009,5974.684589
"GA","Gabon",2010,6223.145276
"GA","Gabon",2011,6506.888733
"GA","Gabon",2012,6709.073278
"GA","Gabon",2013,6937.712888
"GM","Gambia",2000,437.8568071
"GM","Gambia",2001,449.4180985
"GM","Gambia",2002,421.5094269
"GM","Gambia",2003,436.4772519
"GM","Gambia",2004,452.6849454
"GM","Gambia",2005,434.495444
"GM","Gambia",2006,425.8113163
"GM","Gambia",2007,427.6882762
"GM","Gambia",2008,438.293307
"GM","Gambia",2009,452.1358059
"GM","Gambia",2010,466.6456357
"GM","Gambia",2011,432.4667233
"GM","Gambia",2012,443.4396806
"GM","Gambia",2013,450.1436231
"GE","Georgia",2000,1018.759373
"GE","Georgia",2001,1075.480304
"GE","Georgia",2002,1142.004681
"GE","Georgia",2003,1276.521512
"GE","Georgia",2004,1354.608561
"GE","Georgia",2005,1469.974625
"GE","Georgia",2006,1594.525465
"GE","Georgia",2007,1795.272426
"GE","Georgia",2008,1838.743285
"GE","Georgia",2009,1758.446032
"GE","Georgia",2010,1850.820857
"GE","Georgia",2011,1970.560221
"GE","Georgia",2012,2088.957929
"GE","Georgia",2013,2164.962856
"DE","Germany",2000,33815.21721
"DE","Germany",2001,34244.11133
"DE","Germany",2002,34186.58566
"DE","Germany",2003,33925.34021
"DE","Germany",2004,34417.45906
"DE","Germany",2005,34679.52037
"DE","Germany",2006,35932.59923
"DE","Germany",2007,37196.24344
"DE","Germany",2008,37632.39983
"DE","Germany",2009,35652.23138
"DE","Germany",2010,37174.29842
"DE","Germany",2011,38509.65296
"DE","Germany",2012,39290.86309
"DE","Germany",2013,39195.35994
"GH","Ghana",2000,445.8768282
"GH","Ghana",2001,452.4550327
"GH","Ghana",2002,461.0367633
"GH","Ghana",2003,472.6981843
"GH","Ghana",2004,486.3800354
"GH","Ghana",2005,501.8642947
"GH","Ghana",2006,520.2674158
"GH","Ghana",2007,539.6653002
"GH","Ghana",2008,570.363145
"GH","Ghana",2009,578.5740979
"GH","Ghana",2010,610.193721
"GH","Ghana",2011,686.0057027
"GH","Ghana",2012,730.2156361
"GH","Ghana",2013,769.2825822
"GR","Greece",2000,18777.22354
"GR","Greece",2001,19448.92165
"GR","Greece",2002,19938.59459
"GR","Greece",2003,21237.34971
"GR","Greece",2004,22160.45636
"GR","Greece",2005,22356.61634
"GR","Greece",2006,23544.32493
"GR","Greece",2007,24276.6238
"GR","Greece",2008,24136.36726
"GR","Greece",2009,23062.30801
"GR","Greece",2010,21876.63122
"GR","Greece",2011,20048.16414
"GR","Greece",2012,18750.95051
"GR","Greece",2013,18219.18275
"GL","Greenland",2000,28962.04053
"GL","Greenland",2001,29251.50571
"GL","Greenland",2002,28834.88852
"GL","Greenland",2003,28646.48116
"GL","Greenland",2004,29335.17961
"GL","Greenland",2005,29903.28404
"GL","Greenland",2006,31328.24566
"GL","Greenland",2007,33183.39217
"GL","Greenland",2008,33432.3671
"GL","Greenland",2009,31625.81927
"GL","Greenland",2010,
"GL","Greenland",2011,
"GL","Greenland",2012,
"GL","Greenland",2013,
"GD","Grenada",2000,5481.035834
"GD","Grenada",2001,5358.03086
"GD","Grenada",2002,5528.633055
"GD","Grenada",2003,6035.89953
"GD","Grenada",2004,5980.112753
"GD","Grenada",2005,6754.381055
"GD","Grenada",2006,6465.295109
"GD","Grenada",2007,6839.601122
"GD","Grenada",2008,6881.469758
"GD","Grenada",2009,6403.927552
"GD","Grenada",2010,6347.996779
"GD","Grenada",2011,6372.379856
"GD","Grenada",2012,6274.337234
"GD","Grenada",2013,6401.253834
"GU","Guam",2000,
"GU","Guam",2001,
"GU","Guam",2002,
"GU","Guam",2003,
"GU","Guam",2004,
"GU","Guam",2005,
"GU","Guam",2006,
"GU","Guam",2007,
"GU","Guam",2008,
"GU","Guam",2009,
"GU","Guam",2010,
"GU","Guam",2011,
"GU","Guam",2012,
"GU","Guam",2013,
"GT","Guatemala",2000,2092.248443
"GT","Guatemala",2001,2089.795399
"GT","Guatemala",2002,2117.698465
"GT","Guatemala",2003,2117.816924
"GT","Guatemala",2004,2130.704041
"GT","Guatemala",2005,2146.180086
"GT","Guatemala",2006,2206.562376
"GT","Guatemala",2007,2288.858048
"GT","Guatemala",2008,2306.734784
"GT","Guatemala",2009,2262.399965
"GT","Guatemala",2010,2270.099508
"GT","Guatemala",2011,2305.893405
"GT","Guatemala",2012,2315.148286
"GT","Guatemala",2013,2340.776589
"GN","Guinea",2000,288.6451124
"GN","Guinea",2001,294.1854076
"GN","Guinea",2002,304.2351874
"GN","Guinea",2003,302.718481
"GN","Guinea",2004,304.0209975
"GN","Guinea",2005,306.7011791
"GN","Guinea",2006,307.21646
"GN","Guinea",2007,304.8995823
"GN","Guinea",2008,311.648109
"GN","Guinea",2009,302.6024665
"GN","Guinea",2010,300.4412781
"GN","Guinea",2011,304.1995413
"GN","Guinea",2012,308.1970026
"GN","Guinea",2013,307.3957083
"GW","Guinea-Bissau",2000,422.6811775
"GW","Guinea-Bissau",2001,422.4979196
"GW","Guinea-Bissau",2002,409.1880334
"GW","Guinea-Bissau",2003,402.5282304
"GW","Guinea-Bissau",2004,404.652169
"GW","Guinea-Bissau",2005,412.7932777
"GW","Guinea-Bissau",2006,413.2733568
"GW","Guinea-Bissau",2007,417.4148713
"GW","Guinea-Bissau",2008,421.5393437
"GW","Guinea-Bissau",2009,425.967521
"GW","Guinea-Bissau",2010,434.8318515
"GW","Guinea-Bissau",2011,463.1151965
"GW","Guinea-Bissau",2012,442.0678754
"GW","Guinea-Bissau",2013,432.9297894
"GY","Guyana",2000,1069.634596
"GY","Guyana",2001,1089.040764
"GY","Guyana",2002,1096.129383
"GY","Guyana",2003,1080.815325
"GY","Guyana",2004,1111.509544
"GY","Guyana",2005,1084.179401
"GY","Guyana",2006,1020.174872
"GY","Guyana",2007,1084.651831
"GY","Guyana",2008,1098.488909
"GY","Guyana",2009,1127.218998
"GY","Guyana",2010,1168.89919
"GY","Guyana",2011,1225.042304
"GY","Guyana",2012,1276.802137
"GY","Guyana",2013,1336.3414
"HT","Haiti",2000,497.7696663
"HT","Haiti",2001,484.5575659
"HT","Haiti",2002,475.6868825
"HT","Haiti",2003,470.1621615
"HT","Haiti",2004,447.0096431
"HT","Haiti",2005,448.58483
"HT","Haiti",2006,452.4494236
"HT","Haiti",2007,461.4290833
"HT","Haiti",2008,459.3105992
"HT","Haiti",2009,467.3195182
"HT","Haiti",2010,435.7703587
"HT","Haiti",2011,453.5865492
"HT","Haiti",2012,460.2093429
"HT","Haiti",2013,473.2978726
"HN","Honduras",2000,1235.615945
"HN","Honduras",2001,1243.444514
"HN","Honduras",2002,1264.157248
"HN","Honduras",2003,1295.244748
"HN","Honduras",2004,1348.651112
"HN","Honduras",2005,1401.978767
"HN","Honduras",2006,1464.621279
"HN","Honduras",2007,1524.705428
"HN","Honduras",2008,1557.99024
"HN","Honduras",2009,1490.090723
"HN","Honduras",2010,1514.992044
"HN","Honduras",2011,1541.652306
"HN","Honduras",2012,1569.09148
"HN","Honduras",2013,1577.154686
"HK","Hong Kong",2000,22205.55139
"HK","Hong Kong",2001,22042.50629
"HK","Hong Kong",2002,22389.94084
"HK","Hong Kong",2003,23177.0369
"HK","Hong Kong",2004,24913.39279
"HK","Hong Kong",2005,26712.85152
"HK","Hong Kong",2006,28291.84349
"HK","Hong Kong",2007,29929.29746
"HK","Hong Kong",2008,30325.67766
"HK","Hong Kong",2009,29543.36852
"HK","Hong Kong",2010,31320.2927
"HK","Hong Kong",2011,32665.87477
"HK","Hong Kong",2012,32706.23096
"HK","Hong Kong",2013,33530.43478
"HU","Hungary",2000,8916.184078
"HU","Hungary",2001,9270.45361
"HU","Hungary",2002,9714.425936
"HU","Hungary",2003,10069.547
"HU","Hungary",2004,10586.56915
"HU","Hungary",2005,11103.32887
"HU","Hungary",2006,11517.79748
"HU","Hungary",2007,11635.09942
"HU","Hungary",2008,11755.10959
"HU","Hungary",2009,10975.1413
"HU","Hungary",2010,11099.97447
"HU","Hungary",2011,11332.03907
"HU","Hungary",2012,11189.10782
"HU","Hungary",2013,11417.31635
"IS","Iceland",2000,48636.87502
"IS","Iceland",2001,49800.64479
"IS","Iceland",2002,49581.91938
"IS","Iceland",2003,50574.85731
"IS","Iceland",2004,54258.02261
"IS","Iceland",2005,56611.33373
"IS","Iceland",2006,57638.60784
"IS","Iceland",2007,61662.50484
"IS","Iceland",2008,61221.89557
"IS","Iceland",2009,57872.79529
"IS","Iceland",2010,56255.25123
"IS","Iceland",2011,57279.66784
"IS","Iceland",2012,57628.78602
"IS","Iceland",2013,59200.40828
"IN","India",2000,578.5494818
"IN","India",2001,596.5072867
"IN","India",2002,609.2658244
"IN","India",2003,646.3782746
"IN","India",2004,686.9998774
"IN","India",2005,739.9235009
"IN","India",2006,796.8236562
"IN","India",2007,862.741867
"IN","India",2008,885.3608138
"IN","India",2009,949.4696703
"IN","India",2010,1028.512483
"IN","India",2011,1089.131653
"IN","India",2012,1123.970982
"IN","India",2013,1166.004178
"ID","Indonesia",2000,1086.443068
"ID","Indonesia",2001,1108.64551
"ID","Indonesia",2002,1143.982338
"ID","Indonesia",2003,1182.696235
"ID","Indonesia",2004,1220.097462
"ID","Indonesia",2005,1274.050481
"ID","Indonesia",2006,1326.249341
"ID","Indonesia",2007,1389.773986
"ID","Indonesia",2008,1451.481112
"ID","Indonesia",2009,1499.03009
"ID","Indonesia",2010,1570.573045
"ID","Indonesia",2011,1648.88145
"ID","Indonesia",2012,1733.746795
"ID","Indonesia",2013,1808.972279
"IR","Iran",2000,2215.106504
"IR","Iran",2001,2273.487912
"IR","Iran",2002,2406.711364
"IR","Iran",2003,2553.135454
"IR","Iran",2004,2653.509643
"IR","Iran",2005,2736.899148
"IR","Iran",2006,2860.098198
"IR","Iran",2007,3049.747693
"IR","Iran",2008,3041.526317
"IR","Iran",2009,3113.826513
"IR","Iran",2010,3263.395763
"IR","Iran",2011,3314.582299
"IR","Iran",2012,3362.79847
"IR","Iran",2013,3137.622799
"IQ","Iraq",2000,2046.650744
"IQ","Iraq",2001,2032.710196
"IQ","Iraq",2002,1838.354674
"IQ","Iraq",2003,1195.673681
"IQ","Iraq",2004,1793.883981
"IQ","Iraq",2005,1824.699866
"IQ","Iraq",2006,1960.847404
"IQ","Iraq",2007,1941.067121
"IQ","Iraq",2008,2020.888802
"IQ","Iraq",2009,2086.307907
"IQ","Iraq",2010,2145.012736
"IQ","Iraq",2011,2304.732684
"IQ","Iraq",2012,2478.096077
"IQ","Iraq",2013,2517.609508
"IE","Ireland",2000,43624.8119
"IE","Ireland",2001,45263.58017
"IE","Ireland",2002,47050.48161
"IE","Ireland",2003,47541.34909
"IE","Ireland",2004,48891.2016
"IE","Ireland",2005,50481.81285
"IE","Ireland",2006,51940.30982
"IE","Ireland",2007,52967.28168
"IE","Ireland",2008,50561.92789
"IE","Ireland",2009,46743.65405
"IE","Ireland",2010,46489.64783
"IE","Ireland",2011,47631.59539
"IE","Ireland",2012,47308.67076
"IE","Ireland",2013,47222.35702
"IL","Israel",2000,20193.98951
"IL","Israel",2001,19878.86318
"IL","Israel",2002,19330.28919
"IL","Israel",2003,19283.37594
"IL","Israel",2004,19826.69996
"IL","Israel",2005,20346.02675
"IL","Israel",2006,21123.66559
"IL","Israel",2007,22144.53838
"IL","Israel",2008,22438.70403
"IL","Israel",2009,22309.50091
"IL","Israel",2010,23217.37762
"IL","Israel",2011,23693.63105
"IL","Israel",2012,24018.70931
"IL","Israel",2013,24319.42825
"IT","Italy",2000,31084.20222
"IT","Italy",2001,31593.30292
"IT","Italy",2002,31546.29032
"IT","Italy",2003,31580.85581
"IT","Italy",2004,31897.19285
"IT","Italy",2005,31913.34254
"IT","Italy",2006,32505.51532
"IT","Italy",2007,32855.15957
"IT","Italy",2008,32298.2421
"IT","Italy",2009,30290.02359
"IT","Italy",2010,30871.79052
"IT","Italy",2011,30987.1518
"IT","Italy",2012,30063.96554
"IT","Italy",2013,29416.14321
"JM","Jamaica",2000,
"JM","Jamaica",2001,
"JM","Jamaica",2002,
"JM","Jamaica",2003,
"JM","Jamaica",2004,
"JM","Jamaica",2005,4189.655883
"JM","Jamaica",2006,
"JM","Jamaica",2007,
"JM","Jamaica",2008,
"JM","Jamaica",2009,
"JM","Jamaica",2010,
"JM","Jamaica",2011,
"JM","Jamaica",2012,
"JM","Jamaica",2013,
"JP","Japan",2000,33971.78214
"JP","Japan",2001,33975.88656
"JP","Japan",2002,34053.90561
"JP","Japan",2003,34529.19714
"JP","Japan",2004,35300.28726
"JP","Japan",2005,35766.55475
"JP","Japan",2006,36397.50775
"JP","Japan",2007,37175.95772
"JP","Japan",2008,36803.8474
"JP","Japan",2009,34807.70678
"JP","Japan",2010,36484.76464
"JP","Japan",2011,36223.58502
"JP","Japan",2012,36923.36956
"JP","Japan",2013,37537.70822
"JO","Jordan",2000,1926.486775
"JO","Jordan",2001,1978.544477
"JO","Jordan",2002,2042.877252
"JO","Jordan",2003,2076.016559
"JO","Jordan",2004,2200.0987
"JO","Jordan",2005,2326.495187
"JO","Jordan",2006,2458.003584
"JO","Jordan",2007,2600.250741
"JO","Jordan",2008,2728.073173
"JO","Jordan",2009,2814.723502
"JO","Jordan",2010,2818.086418
"JO","Jordan",2011,2827.12586
"JO","Jordan",2012,2839.160643
"JO","Jordan",2013,2855.743188
"KZ","Kazakhstan",2000,2343.537035
"KZ","Kazakhstan",2001,2664.442087
"KZ","Kazakhstan",2002,2925.436719
"KZ","Kazakhstan",2003,3186.763938
"KZ","Kazakhstan",2004,3468.505892
"KZ","Kazakhstan",2005,3771.278957
"KZ","Kazakhstan",2006,4130.883043
"KZ","Kazakhstan",2007,4447.368007
"KZ","Kazakhstan",2008,4538.497437
"KZ","Kazakhstan",2009,4473.459473
"KZ","Kazakhstan",2010,4732.710579
"KZ","Kazakhstan",2011,5015.445079
"KZ","Kazakhstan",2012,5192.570249
"KZ","Kazakhstan",2013,5424.625076
"KE","Kenya",2000,500.9633721
"KE","Kenya",2001,506.2845822
"KE","Kenya",2002,495.5685951
"KE","Kenya",2003,496.4930125
"KE","Kenya",2004,507.9098213
"KE","Kenya",2005,523.6137892
"KE","Kenya",2006,542.0424087
"KE","Kenya",2007,564.6668207
"KE","Kenya",2008,551.0751718
"KE","Kenya",2009,554.2682041
"KE","Kenya",2010,584.9301958
"KE","Kenya",2011,604.2170839
"KE","Kenya",2012,614.3056955
"KE","Kenya",2013,632.3694992
"KI","Kiribati",2000,1181.490309
"KI","Kiribati",2001,1168.999903
"KI","Kiribati",2002,1154.676069
"KI","Kiribati",2003,1179.599761
"KI","Kiribati",2004,1195.606981
"KI","Kiribati",2005,1173.31415
"KI","Kiribati",2006,1102.327638
"KI","Kiribati",2007,1166.809521
"KI","Kiribati",2008,1180.854323
"KI","Kiribati",2009,1155.456082
"KI","Kiribati",2010,1132.372897
"KI","Kiribati",2011,1145.735077
"KI","Kiribati",2012,1159.978479
"KI","Kiribati",2013,1176.198293
"XK","Kosovo",2000,1514.466484
"XK","Kosovo",2001,1921.672951
"XK","Kosovo",2002,1906.907201
"XK","Kosovo",2003,2019.571582
"XK","Kosovo",2004,2070.919992
"XK","Kosovo",2005,2194.372651
"XK","Kosovo",2006,2313.957539
"XK","Kosovo",2007,2398.739866
"XK","Kosovo",2008,2465.213884
"XK","Kosovo",2009,2526.194502
"XK","Kosovo",2010,2616.247445
"XK","Kosovo",2011,2666.560757
"XK","Kosovo",2012,2732.584208
"XK","Kosovo",2013,2788.493065
"KW","Kuwait",2000,28561.22789
"KW","Kuwait",2001,27689.1349
"KW","Kuwait",2002,27578.1492
"KW","Kuwait",2003,31313.25465
"KW","Kuwait",2004,33418.22538
"KW","Kuwait",2005,35185.93067
"KW","Kuwait",2006,35936.35095
"KW","Kuwait",2007,36040.01569
"KW","Kuwait",2008,34920.45291
"KW","Kuwait",2009,30765.7669
"KW","Kuwait",2010,28615.94755
"KW","Kuwait",2011,30194.0094
"KW","Kuwait",2012,31379.82634
"KW","Kuwait",2013,
"KG","Kyrgyzstan",2000,417.0427142
"KG","Kyrgyzstan",2001,435.0879847
"KG","Kyrgyzstan",2002,431.0377769
"KG","Kyrgyzstan",2003,456.5293701
"KG","Kyrgyzstan",2004,482.7319946
"KG","Kyrgyzstan",2005,476.4800976
"KG","Kyrgyzstan",2006,486.011731
"KG","Kyrgyzstan",2007,522.5245462
"KG","Kyrgyzstan",2008,561.0682578
"KG","Kyrgyzstan",2009,570.3351502
"KG","Kyrgyzstan",2010,560.9146216
"KG","Kyrgyzstan",2011,587.1357856
"KG","Kyrgyzstan",2012,576.9305284
"KG","Kyrgyzstan",2013,625.1839741
"LA","Lao",2000,375.1164214
"LA","Lao",2001,390.7524837
"LA","Lao",2002,408.2766994
"LA","Lao",2003,427.3574131
"LA","Lao",2004,448.1437392
"LA","Lao",2005,472.4084631
"LA","Lao",2006,503.9636714
"LA","Lao",2007,531.6670418
"LA","Lao",2008,561.5177366
"LA","Lao",2009,591.2334005
"LA","Lao",2010,628.8313487
"LA","Lao",2011,666.295989
"LA","Lao",2012,706.2758916
"LA","Lao",2013,752.4120302
"LV","Latvia",2000,4571.313217
"LV","Latvia",2001,5003.207043
"LV","Latvia",2002,5389.293269
"LV","Latvia",2003,5833.20416
"LV","Latvia",2004,6408.959345
"LV","Latvia",2005,7165.377698
"LV","Latvia",2006,8116.040797
"LV","Latvia",2007,8998.97633
"LV","Latvia",2008,8708.138081
"LV","Latvia",2009,7263.530575
"LV","Latvia",2010,7390.815774
"LV","Latvia",2011,7925.528624
"LV","Latvia",2012,8425.668132
"LV","Latvia",2013,8863.159515
"LB","Lebanon",2000,5372.92116
"LB","Lebanon",2001,5382.028482
"LB","Lebanon",2002,5313.562592
"LB","Lebanon",2003,5226.169081
"LB","Lebanon",2004,5378.745332
"LB","Lebanon",2005,5339.42388
"LB","Lebanon",2006,5301.395066
"LB","Lebanon",2007,5715.89592
"LB","Lebanon",2008,6166.997561
"LB","Lebanon",2009,6704.814196
"LB","Lebanon",2010,7083.864798
"LB","Lebanon",2011,7157.119859
"LB","Lebanon",2012,7244.98625
"LB","Lebanon",2013,7240.658415
"LS","Lesotho",2000,639.6315872
"LS","Lesotho",2001,661.2415073
"LS","Lesotho",2002,659.8304348
"LS","Lesotho",2003,685.9563593
"LS","Lesotho",2004,696.8089447
"LS","Lesotho",2005,710.5178135
"LS","Lesotho",2006,735.5584749
"LS","Lesotho",2007,764.3213003
"LS","Lesotho",2008,801.4171252
"LS","Lesotho",2009,820.9709846
"LS","Lesotho",2010,870.8519997
"LS","Lesotho",2011,886.4696233
"LS","Lesotho",2012,934.0530493
"LS","Lesotho",2013,974.4404451
"LR","Liberia",2000,166.7867086
"LR","Liberia",2001,196.3869738
"LR","Liberia",2002,252.9546172
"LR","Liberia",2003,166.9921249
"LR","Liberia",2004,155.4527906
"LR","Liberia",2005,165.7600834
"LR","Liberia",2006,175.7875227
"LR","Liberia",2007,195.4261888
"LR","Liberia",2008,207.1600999
"LR","Liberia",2009,226.4966842
"LR","Liberia",2010,242.6119329
"LR","Liberia",2011,256.8678191
"LR","Liberia",2012,275.6845029
"LR","Liberia",2013,299.4491727
"LY","Libya",2000,6941.241606
"LY","Libya",2001,6538.564206
"LY","Libya",2002,6354.818467
"LY","Libya",2003,7072.060288
"LY","Libya",2004,7270.092009
"LY","Libya",2005,7864.937572
"LY","Libya",2006,8194.180057
"LY","Libya",2007,8542.171821
"LY","Libya",2008,8723.897903
"LY","Libya",2009,8776.397739
"LY","Libya",2010,9099.074595
"LY","Libya",2011,3415.28178
"LY","Libya",2012,6925.407801
"LY","Libya",2013,6125.321419
"LI","Liechtenstein",2000,106194.2138
"LI","Liechtenstein",2001,104212.7614
"LI","Liechtenstein",2002,102121.4363
"LI","Liechtenstein",2003,99204.13986
"LI","Liechtenstein",2004,101316.9724
"LI","Liechtenstein",2005,105306.7466
"LI","Liechtenstein",2006,113469.7999
"LI","Liechtenstein",2007,116313.9944
"LI","Liechtenstein",2008,117493.6402
"LI","Liechtenstein",2009,115262.2897
"LI","Liechtenstein",2010,
"LI","Liechtenstein",2011,
"LI","Liechtenstein",2012,
"LI","Liechtenstein",2013,
"LT","Lithuania",2000,5122.096312
"LT","Lithuania",2001,5512.341613
"LT","Lithuania",2002,5938.161104
"LT","Lithuania",2003,6600.019031
"LT","Lithuania",2004,7165.186417
"LT","Lithuania",2005,7851.042105
"LT","Lithuania",2006,8603.191944
"LT","Lithuania",2007,9562.656286
"LT","Lithuania",2008,9944.349907
"LT","Lithuania",2009,8573.046357
"LT","Lithuania",2010,8871.170998
"LT","Lithuania",2011,9618.230928
"LT","Lithuania",2012,10108.77948
"LT","Lithuania",2013,10549.1836
"LU","Luxembourg",2000,72865.06123
"LU","Luxembourg",2001,73442.90037
"LU","Luxembourg",2002,75058.34224
"LU","Luxembourg",2003,75034.27186
"LU","Luxembourg",2004,77619.55659
"LU","Luxembourg",2005,79593.55438
"LU","Luxembourg",2006,82157.70565
"LU","Luxembourg",2007,86127.23846
"LU","Luxembourg",2008,85013.67858
"LU","Luxembourg",2009,79002.73807
"LU","Luxembourg",2010,81564.6134
"LU","Luxembourg",2011,81852.97598
"LU","Luxembourg",2012,79780.43084
"LU","Luxembourg",2013,79532.35446
"MO","Macao",2000,15711.34608
"MO","Macao",2001,15939.16573
"MO","Macao",2002,17121.05666
"MO","Macao",2003,18995.28958
"MO","Macao",2004,23689.99377
"MO","Macao",2005,25189.77936
"MO","Macao",2006,28122.35486
"MO","Macao",2007,31278.5066
"MO","Macao",2008,31426.56783
"MO","Macao",2009,31101.35995
"MO","Macao",2010,38689.0172
"MO","Macao",2011,45925.46645
"MO","Macao",2012,49177.09776
"MO","Macao",2013,54091.53187
"MK","Macedonia",2000,2698.546538
"MK","Macedonia",2001,2560.247989
"MK","Macedonia",2002,2570.470029
"MK","Macedonia",2003,2634.70667
"MK","Macedonia",2004,2750.196454
"MK","Macedonia",2005,2863.96318
"MK","Macedonia",2006,3002.641362
"MK","Macedonia",2007,3182.984337
"MK","Macedonia",2008,3337.121956
"MK","Macedonia",2009,3303.5955
"MK","Macedonia",2010,3396.718691
"MK","Macedonia",2011,3489.048476
"MK","Macedonia",2012,3472.311317
"MK","Macedonia",2013,3577.263533
"MG","Madagascar",2000,286.0034935
"MG","Madagascar",2001,294.0457234
"MG","Madagascar",2002,249.1035283
"MG","Madagascar",2003,265.4023439
"MG","Madagascar",2004,271.2068111
"MG","Madagascar",2005,275.5158225
"MG","Madagascar",2006,281.1198027
"MG","Madagascar",2007,290.2620581
"MG","Madagascar",2008,302.2808752
"MG","Madagascar",2009,282.0939558
"MG","Madagascar",2010,275.0024996
"MG","Madagascar",2011,271.2879701
"MG","Madagascar",2012,271.7912376
"MG","Madagascar",2013,270.6922626
"MW","Malawi",2000,221.3448033
"MW","Malawi",2001,204.8739547
"MW","Malawi",2002,203.0528121
"MW","Malawi",2003,208.7603087
"MW","Malawi",2004,213.1355781
"MW","Malawi",2005,213.1566746
"MW","Malawi",2006,211.2941301
"MW","Malawi",2007,224.496022
"MW","Malawi",2008,235.9148414
"MW","Malawi",2009,249.5512884
"MW","Malawi",2010,258.0577631
"MW","Malawi",2011,261.5449813
"MW","Malawi",2012,258.9560186
"MW","Malawi",2013,264.2480444
"MY","Malaysia",2000,4867.478417
"MY","Malaysia",2001,4764.74251
"MY","Malaysia",2002,4956.214304
"MY","Malaysia",2003,5142.492439
"MY","Malaysia",2004,5361.700091
"MY","Malaysia",2005,5572.008027
"MY","Malaysia",2006,5773.51898
"MY","Malaysia",2007,6004.366629
"MY","Malaysia",2008,6189.94381
"MY","Malaysia",2009,5973.302074
"MY","Malaysia",2010,6330.493865
"MY","Malaysia",2011,6537.091317
"MY","Malaysia",2012,6805.762545
"MY","Malaysia",2013,6999.368879
"MV","Maldives",2000,
"MV","Maldives",2001,2871.328734
"MV","Maldives",2002,2993.431633
"MV","Maldives",2003,3359.465549
"MV","Maldives",2004,3715.319441
"MV","Maldives",2005,3335.195
"MV","Maldives",2006,3919.279217
"MV","Maldives",2007,4256.906177
"MV","Maldives",2008,4690.904181
"MV","Maldives",2009,4438.128277
"MV","Maldives",2010,4663.377652
"MV","Maldives",2011,4871.600948
"MV","Maldives",2012,4841.985345
"MV","Maldives",2013,4926.052878
"ML","Mali",2000,380.2482343
"ML","Mali",2001,414.0634167
"ML","Mali",2002,418.5839534
"ML","Mali",2003,436.2211094
"ML","Mali",2004,432.150643
"ML","Mali",2005,444.2846436
"ML","Mali",2006,467.3564468
"ML","Mali",2007,472.1193866
"ML","Mali",2008,480.0565882
"ML","Mali",2009,485.8852744
"ML","Mali",2010,498.4751481
"ML","Mali",2011,496.7828624
"ML","Mali",2012,480.2040358
"ML","Mali",2013,476.1611132
"MT","Malta",2000,15001.86255
"MT","Malta",2001,14330.99875
"MT","Malta",2002,14624.49342
"MT","Malta",2003,14547.80952
"MT","Malta",2004,14377.71157
"MT","Malta",2005,14810.0352
"MT","Malta",2006,15084.33847
"MT","Malta",2007,15675.06853
"MT","Malta",2008,16180.77187
"MT","Malta",2009,15609.5838
"MT","Malta",2010,16201.02351
"MT","Malta",2011,16358.3802
"MT","Malta",2012,16412.66496
"MT","Malta",2013,16735.93783
"MH","Marshall Islands",2000,2374.345584
"MH","Marshall Islands",2001,2500.588146
"MH","Marshall Islands",2002,2567.132557
"MH","Marshall Islands",2003,2573.768117
"MH","Marshall Islands",2004,2574.367239
"MH","Marshall Islands",2005,2645.981405
"MH","Marshall Islands",2006,2695.509249
"MH","Marshall Islands",2007,2793.723423
"MH","Marshall Islands",2008,2731.927344
"MH","Marshall Islands",2009,2681.748499
"MH","Marshall Islands",2010,2841.791676
"MH","Marshall Islands",2011,2838.834714
"MH","Marshall Islands",2012,2969.464645
"MH","Marshall Islands",2013,3053.619149
"MR","Mauritania",2000,563.1565554
"MR","Mauritania",2001,562.1517993
"MR","Mauritania",2002,551.3272513
"MR","Mauritania",2003,564.8485538
"MR","Mauritania",2004,576.6471964
"MR","Mauritania",2005,590.5081267
"MR","Mauritania",2006,639.4817332
"MR","Mauritania",2007,628.1127789
"MR","Mauritania",2008,632.5633756
"MR","Mauritania",2009,608.2865122
"MR","Mauritania",2010,618.2259499
"MR","Mauritania",2011,626.6646169
"MR","Mauritania",2012,653.8595007
"MR","Mauritania",2013,680.9513085
"MU","Mauritius",2000,4554.921338
"MU","Mauritius",2001,4621.494362
"MU","Mauritius",2002,4678.937659
"MU","Mauritius",2003,4800.004771
"MU","Mauritius",2004,5032.282171
"MU","Mauritius",2005,5054.318111
"MU","Mauritius",2006,5214.232501
"MU","Mauritius",2007,5488.116328
"MU","Mauritius",2008,5752.709865
"MU","Mauritius",2009,5895.237908
"MU","Mauritius",2010,6108.713926
"MU","Mauritius",2011,6321.650859
"MU","Mauritius",2012,6498.09382
"MU","Mauritius",2013,6679.463275
"MX","Mexico",2000,7692.040578
"MX","Mexico",2001,7537.506428
"MX","Mexico",2002,7449.144759
"MX","Mexico",2003,7459.073747
"MX","Mexico",2004,7688.682415
"MX","Mexico",2005,7820.696464
"MX","Mexico",2006,8116.543287
"MX","Mexico",2007,8262.146529
"MX","Mexico",2008,8271.864148
"MX","Mexico",2009,7790.573444
"MX","Mexico",2010,8084.053527
"MX","Mexico",2011,8310.906105
"MX","Mexico",2012,8523.140289
"MX","Mexico",2013,8501.427328
"FM","Micronesia",2000,2257.094416
"FM","Micronesia",2001,2302.101722
"FM","Micronesia",2002,2319.960097
"FM","Micronesia",2003,2366.012689
"FM","Micronesia",2004,2294.73804
"FM","Micronesia",2005,2352.639409
"FM","Micronesia",2006,2360.174065
"FM","Micronesia",2007,2324.516901
"FM","Micronesia",2008,2278.000999
"FM","Micronesia",2009,2311.305212
"FM","Micronesia",2010,2378.119391
"FM","Micronesia",2011,2431.460077
"FM","Micronesia",2012,2442.689847
"FM","Micronesia",2013,2341.494751
"MD","Moldova",2000,583.2570868
"MD","Moldova",2001,620.2211988
"MD","Moldova",2002,670.1485856
"MD","Moldova",2003,716.392882
"MD","Moldova",2004,771.3844723
"MD","Moldova",2005,831.1591091
"MD","Moldova",2006,873.5088049
"MD","Moldova",2007,901.7739295
"MD","Moldova",2008,973.9743562
"MD","Moldova",2009,916.6940114
"MD","Moldova",2010,982.7864109
"MD","Moldova",2011,1050.201409
"MD","Moldova",2012,1042.992451
"MD","Moldova",2013,1135.971921
"MC","Monaco",2000,122438.5437
"MC","Monaco",2001,124015.4439
"MC","Monaco",2002,124187.2492
"MC","Monaco",2003,124338.3508
"MC","Monaco",2004,125965.8308
"MC","Monaco",2005,126599.4033
"MC","Monaco",2006,130821.0396
"MC","Monaco",2007,147140.8442
"MC","Monaco",2008,158802.5168
"MC","Monaco",2009,
"MC","Monaco",2010,
"MC","Monaco",2011,
"MC","Monaco",2012,
"MC","Monaco",2013,
"MN","Mongolia",2000,768.8376286
"MN","Mongolia",2001,784.2782666
"MN","Mongolia",2002,813.4766005
"MN","Mongolia",2003,861.513998
"MN","Mongolia",2004,942.495599
"MN","Mongolia",2005,998.75636
"MN","Mongolia",2006,1070.235914
"MN","Mongolia",2007,1163.740149
"MN","Mongolia",2008,1249.138602
"MN","Mongolia",2009,1215.113118
"MN","Mongolia",2010,1273.154064
"MN","Mongolia",2011,1473.602073
"MN","Mongolia",2012,1631.305656
"MN","Mongolia",2013,1795.526752
"ME","Montenegro",2000,3215.114168
"ME","Montenegro",2001,3248.731668
"ME","Montenegro",2002,3306.132471
"ME","Montenegro",2003,3382.582149
"ME","Montenegro",2004,3524.395101
"ME","Montenegro",2005,3665.315321
"ME","Montenegro",2006,3972.631123
"ME","Montenegro",2007,4389.298781
"ME","Montenegro",2008,4686.711767
"ME","Montenegro",2009,4416.170419
"ME","Montenegro",2010,4520.083589
"ME","Montenegro",2011,4661.749262
"ME","Montenegro",2012,4539.873327
"ME","Montenegro",2013,4689.112926
"MA","Morocco",2000,1626.11695
"MA","Morocco",2001,1730.17654
"MA","Morocco",2002,1769.846747
"MA","Morocco",2003,1864.126727
"MA","Morocco",2004,1936.045026
"MA","Morocco",2005,1975.86651
"MA","Morocco",2006,2110.30158
"MA","Morocco",2007,2148.178711
"MA","Morocco",2008,2247.09107
"MA","Morocco",2009,2329.824467
"MA","Morocco",2010,2386.784672
"MA","Morocco",2011,2473.183392
"MA","Morocco",2012,2503.146522
"MA","Morocco",2013,2574.2709
"MZ","Mozambique",2000,235.8848607
"MZ","Mozambique",2001,256.7853441
"MZ","Mozambique",2002,271.7001623
"MZ","Mozambique",2003,280.0426842
"MZ","Mozambique",2004,296.1771855
"MZ","Mozambique",2005,313.1079297
"MZ","Mozambique",2006,324.0031036
"MZ","Mozambique",2007,338.4398601
"MZ","Mozambique",2008,348.6913332
"MZ","Mozambique",2009,361.7652753
"MZ","Mozambique",2010,377.7093415
"MZ","Mozambique",2011,395.6575233
"MZ","Mozambique",2012,413.206049
"MZ","Mozambique",2013,433.1327993
"MM","Myanmar",2000,
"MM","Myanmar",2001,
"MM","Myanmar",2002,
"MM","Myanmar",2003,
"MM","Myanmar",2004,
"MM","Myanmar",2005,
"MM","Myanmar",2006,
"MM","Myanmar",2007,
"MM","Myanmar",2008,
"MM","Myanmar",2009,
"MM","Myanmar",2010,
"MM","Myanmar",2011,
"MM","Myanmar",2012,
"MM","Myanmar",2013,
"NA","Namibia",2000,3007.360535
"NA","Namibia",2001,2990.274986
"NA","Namibia",2002,3090.23298
"NA","Namibia",2003,3183.964584
"NA","Namibia",2004,3535.218864
"NA","Namibia",2005,3582.24386
"NA","Namibia",2006,3787.222283
"NA","Namibia",2007,3983.896476
"NA","Namibia",2008,4031.067807
"NA","Namibia",2009,3981.314841
"NA","Namibia",2010,4153.07767
"NA","Namibia",2011,4289.624059
"NA","Namibia",2012,4427.307497
"NA","Namibia",2013,4565.444937
"NP","Nepal",2000,296.8240863
"NP","Nepal",2001,304.8779287
"NP","Nepal",2002,299.574268
"NP","Nepal",2003,306.0261469
"NP","Nepal",2004,315.2608726
"NP","Nepal",2005,321.4550186
"NP","Nepal",2006,327.8379018
"NP","Nepal",2007,334.8942034
"NP","Nepal",2008,351.2854436
"NP","Nepal",2009,363.121261
"NP","Nepal",2010,376.3422096
"NP","Nepal",2011,384.7718724
"NP","Nepal",2012,398.7730724
"NP","Nepal",2013,409.0438799
"NL","Netherlands",2000,39810.33452
"NL","Netherlands",2001,40134.16277
"NL","Netherlands",2002,39878.80559
"NL","Netherlands",2003,39814.35908
"NL","Netherlands",2004,40413.27425
"NL","Netherlands",2005,41176.80364
"NL","Netherlands",2006,42701.31452
"NL","Netherlands",2007,44378.79936
"NL","Netherlands",2008,45118.47034
"NL","Netherlands",2009,43435.15712
"NL","Netherlands",2010,43694.41977
"NL","Netherlands",2011,44209.95198
"NL","Netherlands",2012,43330.44742
"NL","Netherlands",2013,42905.8789
"NC","New Caledonia",2000,
"NC","New Caledonia",2001,
"NC","New Caledonia",2002,
"NC","New Caledonia",2003,
"NC","New Caledonia",2004,
"NC","New Caledonia",2005,
"NC","New Caledonia",2006,
"NC","New Caledonia",2007,
"NC","New Caledonia",2008,
"NC","New Caledonia",2009,
"NC","New Caledonia",2010,
"NC","New Caledonia",2011,
"NC","New Caledonia",2012,
"NC","New Caledonia",2013,
"NZ","New Zealand",2000,24361.90889
"NZ","New Zealand",2001,25095.02016
"NZ","New Zealand",2002,25832.59466
"NZ","New Zealand",2003,26321.01708
"NZ","New Zealand",2004,26911.31498
"NZ","New Zealand",2005,27576.86446
"NZ","New Zealand",2006,27720.69015
"NZ","New Zealand",2007,28380.20008
"NZ","New Zealand",2008,27641.78126
"NZ","New Zealand",2009,27804.81023
"NZ","New Zealand",2010,27702.73364
"NZ","New Zealand",2011,28148.55171
"NZ","New Zealand",2012,28648.77058
"NZ","New Zealand",2013,29077.57001
"NI","Nicaragua",2000,1061.232618
"NI","Nicaragua",2001,1076.662174
"NI","Nicaragua",2002,1069.92086
"NI","Nicaragua",2003,1082.596355
"NI","Nicaragua",2004,1125.623202
"NI","Nicaragua",2005,1158.997008
"NI","Nicaragua",2006,1191.889142
"NI","Nicaragua",2007,1239.078635
"NI","Nicaragua",2008,1258.123608
"NI","Nicaragua",2009,1207.359583
"NI","Nicaragua",2010,1230.333673
"NI","Nicaragua",2011,1282.093455
"NI","Nicaragua",2012,1326.156306
"NI","Nicaragua",2013,1366.996112
"NE","Niger",2000,254.99083
"NE","Niger",2001,263.3619543
"NE","Niger",2002,261.5997883
"NE","Niger",2003,265.6468169
"NE","Niger",2004,256.39534
"NE","Niger",2005,258.2817603
"NE","Niger",2006,263.3559978
"NE","Niger",2007,261.7395281
"NE","Niger",2008,276.3127886
"NE","Niger",2009,264.2135998
"NE","Niger",2010,275.6830275
"NE","Niger",2011,271.5031025
"NE","Niger",2012,290.1363594
"NE","Niger",2013,290.62548
"NG","Nigeria",2000,552.186874
"NG","Nigeria",2001,562.2306131
"NG","Nigeria",2002,568.9708584
"NG","Nigeria",2003,612.1304068
"NG","Nigeria",2004,801.4750081
"NG","Nigeria",2005,802.3733573
"NG","Nigeria",2006,844.2945737
"NG","Nigeria",2007,883.2280583
"NG","Nigeria",2008,912.6496415
"NG","Nigeria",2009,946.0614945
"NG","Nigeria",2010,995.568281
"NG","Nigeria",2011,1017.096199
"NG","Nigeria",2012,1030.59947
"NG","Nigeria",2013,1054.054295
"KP","North Korea",2000,
"KP","North Korea",2001,
"KP","North Korea",2002,
"KP","North Korea",2003,
"KP","North Korea",2004,
"KP","North Korea",2005,
"KP","North Korea",2006,
"KP","North Korea",2007,
"KP","North Korea",2008,
"KP","North Korea",2009,
"KP","North Korea",2010,
"KP","North Korea",2011,
"KP","North Korea",2012,
"KP","North Korea",2013,
"MP","Northern Mariana Islands",2000,
"MP","Northern Mariana Islands",2001,
"MP","Northern Mariana Islands",2002,
"MP","Northern Mariana Islands",2003,
"MP","Northern Mariana Islands",2004,
"MP","Northern Mariana Islands",2005,
"MP","Northern Mariana Islands",2006,
"MP","Northern Mariana Islands",2007,
"MP","Northern Mariana Islands",2008,
"MP","Northern Mariana Islands",2009,
"MP","Northern Mariana Islands",2010,
"MP","Northern Mariana Islands",2011,
"MP","Northern Mariana Islands",2012,
"MP","Northern Mariana Islands",2013,
"NO","Norway",2000,60788.68983
"NO","Norway",2001,61589.57373
"NO","Norway",2002,62139.73552
"NO","Norway",2003,62433.52746
"NO","Norway",2004,64461.19371
"NO","Norway",2005,65754.02673
"NO","Norway",2006,66728.50318
"NO","Norway",2007,67740.41956
"NO","Norway",2008,67111.10999
"NO","Norway",2009,65027.50415
"NO","Norway",2010,64631.56327
"NO","Norway",2011,64606.16084
"NO","Norway",2012,65556.48388
"NO","Norway",2013,65103.78251
"OM","Oman",2000,13577.31239
"OM","Oman",2001,13891.36004
"OM","Oman",2002,13325.53827
"OM","Oman",2003,12531.72037
"OM","Oman",2004,12307.88956
"OM","Oman",2005,12322.72797
"OM","Oman",2006,12819.13302
"OM","Oman",2007,13312.63551
"OM","Oman",2008,14272.13659
"OM","Oman",2009,14748.15722
"OM","Oman",2010,14686.94287
"OM","Oman",2011,13728.24632
"OM","Oman",2012,13252.2866
"OM","Oman",2013,
"PK","Pakistan",2000,596.6842953
"PK","Pakistan",2001,595.9788713
"PK","Pakistan",2002,603.5382118
"PK","Pakistan",2003,621.4691298
"PK","Pakistan",2004,657.4223884
"PK","Pakistan",2005,696.3285098
"PK","Pakistan",2006,720.9187259
"PK","Pakistan",2007,744.2276801
"PK","Pakistan",2008,742.4790332
"PK","Pakistan",2009,746.6459766
"PK","Pakistan",2010,750.7971184
"PK","Pakistan",2011,754.9682316
"PK","Pakistan",2012,770.2607418
"PK","Pakistan",2013,790.5893775
"PW","Palau",2000,9216.727266
"PW","Palau",2001,9295.393996
"PW","Palau",2002,9660.082585
"PW","Palau",2003,9612.970371
"PW","Palau",2004,10334.6277
"PW","Palau",2005,10359.80308
"PW","Palau",2006,10149.86523
"PW","Palau",2007,10283.10465
"PW","Palau",2008,9661.835599
"PW","Palau",2009,8573.900452
"PW","Palau",2010,8802.32659
"PW","Palau",2011,9210.201689
"PW","Palau",2012,9665.558712
"PW","Palau",2013,9558.055555
"PS","Palestine",2000,1358.873552
"PS","Palestine",2001,1239.538254
"PS","Palestine",2002,1190.475371
"PS","Palestine",2003,1267.260566
"PS","Palestine",2004,1345.041617
"PS","Palestine",2005,1455.933681
"PS","Palestine",2006,1354.73218
"PS","Palestine",2007,1297.125426
"PS","Palestine",2008,1151.478444
"PS","Palestine",2009,1352.911485
"PS","Palestine",2010,1344.978812
"PS","Palestine",2011,1408.291836
"PS","Palestine",2012,1562.007742
"PS","Palestine",2013,1448.931236
"PA","Panama",2000,4099.65797
"PA","Panama",2001,4041.704568
"PA","Panama",2002,4051.140118
"PA","Panama",2003,4140.296921
"PA","Panama",2004,4367.46494
"PA","Panama",2005,4594.481939
"PA","Panama",2006,4895.274499
"PA","Panama",2007,5389.927528
"PA","Panama",2008,5779.557006
"PA","Panama",2009,5905.59884
"PA","Panama",2010,6145.335242
"PA","Panama",2011,6694.081426
"PA","Panama",2012,7259.6941
"PA","Panama",2013,7740.061581
"PG","Papua New Guinea",2000,840.4902737
"PG","Papua New Guinea",2001,818.2147437
"PG","Papua New Guinea",2002,796.5221381
"PG","Papua New Guinea",2003,793.702813
"PG","Papua New Guinea",2004,795.4052497
"PG","Papua New Guinea",2005,804.0711094
"PG","Papua New Guinea",2006,805.0639483
"PG","Papua New Guinea",2007,842.5474813
"PG","Papua New Guinea",2008,877.9666174
"PG","Papua New Guinea",2009,904.9867109
"PG","Papua New Guinea",2010,955.4244328
"PG","Papua New Guinea",2011,1018.539197
"PG","Papua New Guinea",2012,1076.380711
"PG","Papua New Guinea",2013,1110.605163
"PY","Paraguay",2000,1485.216505
"PY","Paraguay",2001,1443.060679
"PY","Paraguay",2002,1414.072222
"PY","Paraguay",2003,1446.35996
"PY","Paraguay",2004,1476.213435
"PY","Paraguay",2005,1479.403778
"PY","Paraguay",2006,1522.006637
"PY","Paraguay",2007,1575.577466
"PY","Paraguay",2008,1646.017051
"PY","Paraguay",2009,1553.003641
"PY","Paraguay",2010,1725.7948
"PY","Paraguay",2011,1769.675861
"PY","Paraguay",2012,1717.887096
"PY","Paraguay",2013,1929.09484
"PE","Peru",2000,2338.456984
"PE","Peru",2001,2319.690578
"PE","Peru",2002,2413.479582
"PE","Peru",2003,2482.107366
"PE","Peru",2004,2573.756759
"PE","Peru",2005,2704.002294
"PE","Peru",2006,2875.694802
"PE","Peru",2007,3087.862122
"PE","Peru",2008,3335.197474
"PE","Peru",2009,3334.237794
"PE","Peru",2010,3588.169702
"PE","Peru",2011,3748.114926
"PE","Peru",2012,3934.93354
"PE","Peru",2013,4115.144644
"PH","Philippines",2000,1060.550031
"PH","Philippines",2001,1068.592392
"PH","Philippines",2002,1084.897352
"PH","Philippines",2003,1116.058959
"PH","Philippines",2004,1167.812024
"PH","Philippines",2005,1200.169459
"PH","Philippines",2006,1236.170726
"PH","Philippines",2007,1305.19589
"PH","Philippines",2008,1327.855384
"PH","Philippines",2009,1327.72641
"PH","Philippines",2010,1401.904334
"PH","Philippines",2011,1430.774144
"PH","Philippines",2012,1499.378058
"PH","Philippines",2013,1585.469393
"PL","Poland",2000,6874.266195
"PL","Poland",2001,6954.598187
"PL","Poland",2002,7062.449105
"PL","Poland",2003,7328.966142
"PL","Poland",2004,7699.918564
"PL","Poland",2005,7965.320462
"PL","Poland",2006,8468.517839
"PL","Poland",2007,9102.699436
"PL","Poland",2008,9442.434969
"PL","Poland",2009,9698.150822
"PL","Poland",2010,10030.46249
"PL","Poland",2011,10432.30296
"PL","Poland",2012,10613.48733
"PL","Poland",2013,10770.62526
"PT","Portugal",2000,18367.52901
"PT","Portugal",2001,18624.45022
"PT","Portugal",2002,18618.70156
"PT","Portugal",2003,18357.70973
"PT","Portugal",2004,18695.40239
"PT","Portugal",2005,18755.95644
"PT","Portugal",2006,19007.27294
"PT","Portugal",2007,19444.24737
"PT","Portugal",2008,19510.94398
"PT","Portugal",2009,18924.61446
"PT","Portugal",2010,19199.66708
"PT","Portugal",2011,18943.7711
"PT","Portugal",2012,18355.00365
"PT","Portugal",2013,18164.77285
"PR","Puerto Rico",2000,19020.33023
"PR","Puerto Rico",2001,20849.03334
"PR","Puerto Rico",2002,21191.40125
"PR","Puerto Rico",2003,21430.77906
"PR","Puerto Rico",2004,21803.69528
"PR","Puerto Rico",2005,21959.32271
"PR","Puerto Rico",2006,21856.33807
"PR","Puerto Rico",2007,21253.56298
"PR","Puerto Rico",2008,20994.05892
"PR","Puerto Rico",2009,20610.46926
"PR","Puerto Rico",2010,20175.58916
"PR","Puerto Rico",2011,19980.10357
"PR","Puerto Rico",2012,19612.54097
"PR","Puerto Rico",2013,19695.96456
"QA","Qatar",2000,50673.26349
"QA","Qatar",2001,51089.71216
"QA","Qatar",2002,53199.53746
"QA","Qatar",2003,52630.10529
"QA","Qatar",2004,57506.23901
"QA","Qatar",2005,54228.83171
"QA","Qatar",2006,58065.50753
"QA","Qatar",2007,57519.76381
"QA","Qatar",2008,57388.74624
"QA","Qatar",2009,55831.14005
"QA","Qatar",2010,58295.27471
"QA","Qatar",2011,60181.00353
"QA","Qatar",2012,59497.27727
"QA","Qatar",2013,59944.4914
"RO","Romania",2000,3326.623942
"RO","Romania",2001,3564.976412
"RO","Romania",2002,3813.589875
"RO","Romania",2003,4039.18144
"RO","Romania",2004,4432.940996
"RO","Romania",2005,4651.692261
"RO","Romania",2006,5095.83953
"RO","Romania",2007,5506.876365
"RO","Romania",2008,6037.625606
"RO","Romania",2009,5646.253757
"RO","Romania",2010,5630.499646
"RO","Romania",2011,5807.164035
"RO","Romania",2012,5827.643121
"RO","Romania",2013,6061.036845
"RU","Russian Federation",2000,3867.7497
"RU","Russian Federation",2001,4082.849707
"RU","Russian Federation",2002,4298.249465
"RU","Russian Federation",2003,4631.310752
"RU","Russian Federation",2004,4992.309479
"RU","Russian Federation",2005,5338.405844
"RU","Russian Federation",2006,5797.009501
"RU","Russian Federation",2007,6311.794056
"RU","Russian Federation",2008,6649.928712
"RU","Russian Federation",2009,6130.678844
"RU","Russian Federation",2010,6384.075999
"RU","Russian Federation",2011,6631.389725
"RU","Russian Federation",2012,6851.611281
"RU","Russian Federation",2013,6926.835978
"RW","Rwanda",2000,214.8937618
"RW","Rwanda",2001,223.8079917
"RW","Rwanda",2002,247.6144478
"RW","Rwanda",2003,247.3918296
"RW","Rwanda",2004,260.9111347
"RW","Rwanda",2005,273.7661007
"RW","Rwanda",2006,291.8835265
"RW","Rwanda",2007,305.6506787
"RW","Rwanda",2008,329.9702862
"RW","Rwanda",2009,340.4390103
"RW","Rwanda",2010,354.9822697
"RW","Rwanda",2011,372.288445
"RW","Rwanda",2012,393.9254655
"RW","Rwanda",2013,401.2182866
"KN","Saint Kitts and Nevis",2000,10015.97214
"KN","Saint Kitts and Nevis",2001,10362.34859
"KN","Saint Kitts and Nevis",2002,10390.87167
"KN","Saint Kitts and Nevis",2003,9967.804948
"KN","Saint Kitts and Nevis",2004,10267.05661
"KN","Saint Kitts and Nevis",2005,11053.74455
"KN","Saint Kitts and Nevis",2006,11543.59785
"KN","Saint Kitts and Nevis",2007,11716.52427
"KN","Saint Kitts and Nevis",2008,12049.40041
"KN","Saint Kitts and Nevis",2009,11238.28716
"KN","Saint Kitts and Nevis",2010,10746.61996
"KN","Saint Kitts and Nevis",2011,10801.07797
"KN","Saint Kitts and Nevis",2012,10546.63976
"KN","Saint Kitts and Nevis",2013,10867.67193
"LC","Saint Lucia",2000,5556.002508
"LC","Saint Lucia",2001,5292.956667
"LC","Saint Lucia",2002,5240.49896
"LC","Saint Lucia",2003,5439.775687
"LC","Saint Lucia",2004,5820.674962
"LC","Saint Lucia",2005,5655.523682
"LC","Saint Lucia",2006,6037.797027
"LC","Saint Lucia",2007,5921.603295
"LC","Saint Lucia",2008,6036.402115
"LC","Saint Lucia",2009,5989.929424
"LC","Saint Lucia",2010,5854.239604
"LC","Saint Lucia",2011,5864.968249
"LC","Saint Lucia",2012,5720.247537
"LC","Saint Lucia",2013,5651.698655
"MF","Saint Martin ",2000,
"MF","Saint Martin ",2001,
"MF","Saint Martin ",2002,
"MF","Saint Martin ",2003,
"MF","Saint Martin ",2004,
"MF","Saint Martin ",2005,
"MF","Saint Martin ",2006,
"MF","Saint Martin ",2007,
"MF","Saint Martin ",2008,
"MF","Saint Martin ",2009,
"MF","Saint Martin ",2010,
"MF","Saint Martin ",2011,
"MF","Saint Martin ",2012,
"MF","Saint Martin ",2013,
"VC","Saint Vincent and the Grenadines",2000,4105.944227
"VC","Saint Vincent and the Grenadines",2001,4172.567835
"VC","Saint Vincent and the Grenadines",2002,4429.738604
"VC","Saint Vincent and the Grenadines",2003,4761.438926
"VC","Saint Vincent and the Grenadines",2004,4949.79031
"VC","Saint Vincent and the Grenadines",2005,5064.218125
"VC","Saint Vincent and the Grenadines",2006,5444.258672
"VC","Saint Vincent and the Grenadines",2007,5617.306756
"VC","Saint Vincent and the Grenadines",2008,5703.709727
"VC","Saint Vincent and the Grenadines",2009,5579.334132
"VC","Saint Vincent and the Grenadines",2010,5388.281147
"VC","Saint Vincent and the Grenadines",2011,5360.370634
"VC","Saint Vincent and the Grenadines",2012,5422.055829
"VC","Saint Vincent and the Grenadines",2013,5512.278933
"WS","Samoa",2000,2084.775833
"WS","Samoa",2001,2217.352632
"WS","Samoa",2002,2300.244981
"WS","Samoa",2003,2389.431144
"WS","Samoa",2004,2484.324208
"WS","Samoa",2005,2571.276639
"WS","Samoa",2006,2605.320771
"WS","Samoa",2007,2752.307484
"WS","Samoa",2008,2761.834117
"WS","Samoa",2009,2611.103042
"WS","Samoa",2010,2604.927558
"WS","Samoa",2011,2718.649411
"WS","Samoa",2012,2737.342252
"WS","Samoa",2013,2685.081046
"SM","San Marino",2000,43309.44837
"SM","San Marino",2001,44908.74657
"SM","San Marino",2002,44064.54536
"SM","San Marino",2003,44772.46369
"SM","San Marino",2004,45893.75278
"SM","San Marino",2005,46193.67268
"SM","San Marino",2006,47409.13372
"SM","San Marino",2007,48666.3902
"SM","San Marino",2008,49311.22662
"SM","San Marino",2009,
"SM","San Marino",2010,
"SM","San Marino",2011,
"SM","San Marino",2012,
"SM","San Marino",2013,
"ST","Sao Tome and Principe",2000,740.6551589
"ST","Sao Tome and Principe",2001,751.5869321
"ST","Sao Tome and Principe",2002,752.4043781
"ST","Sao Tome and Principe",2003,786.6994385
"ST","Sao Tome and Principe",2004,804.0122048
"ST","Sao Tome and Principe",2005,797.1963076
"ST","Sao Tome and Principe",2006,874.2860125
"ST","Sao Tome and Principe",2007,866.7163278
"ST","Sao Tome and Principe",2008,918.0432242
"ST","Sao Tome and Principe",2009,927.4844822
"ST","Sao Tome and Principe",2010,942.1989244
"ST","Sao Tome and Principe",2011,962.0617108
"ST","Sao Tome and Principe",2012,974.3680486
"ST","Sao Tome and Principe",2013,987.6407352
"SA","Saudi Arabia",2000,12857.05379
"SA","Saudi Arabia",2001,12445.19686
"SA","Saudi Arabia",2002,11912.82543
"SA","Saudi Arabia",2003,12252.57833
"SA","Saudi Arabia",2004,12835.98452
"SA","Saudi Arabia",2005,13284.69461
"SA","Saudi Arabia",2006,13676.52827
"SA","Saudi Arabia",2007,14199.9282
"SA","Saudi Arabia",2008,15132.92052
"SA","Saudi Arabia",2009,15151.30311
"SA","Saudi Arabia",2010,15995.07704
"SA","Saudi Arabia",2011,17037.84433
"SA","Saudi Arabia",2012,17710.78083
"SA","Saudi Arabia",2013,18072.16169
"SN","Senegal",2000,703.0761616
"SN","Senegal",2001,716.5772532
"SN","Senegal",2002,702.4615326
"SN","Senegal",2003,729.5046331
"SN","Senegal",2004,751.6264904
"SN","Senegal",2005,772.526793
"SN","Senegal",2006,770.2151535
"SN","Senegal",2007,786.3875735
"SN","Senegal",2008,793.1076476
"SN","Senegal",2009,789.8645655
"SN","Senegal",2010,800.4311031
"SN","Senegal",2011,793.6743023
"SN","Senegal",2012,797.4335442
"SN","Senegal",2013,796.1692404
"RS","Serbia",2000,2584.329393
"RS","Serbia",2001,2718.027109
"RS","Serbia",2002,2912.756781
"RS","Serbia",2003,3049.27073
"RS","Serbia",2004,3332.890922
"RS","Serbia",2005,3528.131008
"RS","Serbia",2006,3715.744652
"RS","Serbia",2007,3950.541318
"RS","Serbia",2008,4180.31293
"RS","Serbia",2009,4066.328131
"RS","Serbia",2010,4106.570445
"RS","Serbia",2011,4197.127188
"RS","Serbia",2012,4174.725843
"RS","Serbia",2013,4304.255248
"SC","Seychelles",2000,11464.53864
"SC","Seychelles",2001,11194.36377
"SC","Seychelles",2002,10991.98843
"SC","Seychelles",2003,10457.32032
"SC","Seychelles",2004,10196.18191
"SC","Seychelles",2005,11060.7976
"SC","Seychelles",2006,11896.0496
"SC","Seychelles",2007,13026.67952
"SC","Seychelles",2008,12465.92763
"SC","Seychelles",2009,12279.61123
"SC","Seychelles",2010,12651.43874
"SC","Seychelles",2011,14016.45794
"SC","Seychelles",2012,14269.04104
"SC","Seychelles",2013,14875.29949
"SL","Sierra Leone",2000,276.1453597
"SL","Sierra Leone",2001,247.1207286
"SL","Sierra Leone",2002,298.3280616
"SL","Sierra Leone",2003,311.1049034
"SL","Sierra Leone",2004,316.5989986
"SL","Sierra Leone",2005,317.9465762
"SL","Sierra Leone",2006,325.6857465
"SL","Sierra Leone",2007,343.1013614
"SL","Sierra Leone",2008,353.784936
"SL","Sierra Leone",2009,357.8687951
"SL","Sierra Leone",2010,369.7422255
"SL","Sierra Leone",2011,383.5070934
"SL","Sierra Leone",2012,396.3362145
"SL","Sierra Leone",2013,410.4284796
"SG","Singapore",2000,24826.83284
"SG","Singapore",2001,24027.14972
"SG","Singapore",2002,24904.21456
"SG","Singapore",2003,26246.71916
"SG","Singapore",2004,28559.77152
"SG","Singapore",2005,29771.67237
"SG","Singapore",2006,31580.86064
"SG","Singapore",2007,32907.64067
"SG","Singapore",2008,31822.12671
"SG","Singapore",2009,30676.07667
"SG","Singapore",2010,34668.18997
"SG","Singapore",2011,36074.61852
"SG","Singapore",2012,36141.85679
"SG","Singapore",2013,36857.31219
"SX","Sint Maarten (Dutch part)",2000,
"SX","Sint Maarten (Dutch part)",2001,
"SX","Sint Maarten (Dutch part)",2002,
"SX","Sint Maarten (Dutch part)",2003,
"SX","Sint Maarten (Dutch part)",2004,
"SX","Sint Maarten (Dutch part)",2005,
"SX","Sint Maarten (Dutch part)",2006,
"SX","Sint Maarten (Dutch part)",2007,
"SX","Sint Maarten (Dutch part)",2008,
"SX","Sint Maarten (Dutch part)",2009,
"SX","Sint Maarten (Dutch part)",2010,
"SX","Sint Maarten (Dutch part)",2011,
"SX","Sint Maarten (Dutch part)",2012,
"SX","Sint Maarten (Dutch part)",2013,
"SK","Slovakia",2000,9095.647117
"SK","Slovakia",2001,9415.142728
"SK","Slovakia",2002,9862.59112
"SK","Slovakia",2003,10403.14353
"SK","Slovakia",2004,10950.65326
"SK","Slovakia",2005,11665.51421
"SK","Slovakia",2006,12628.40507
"SK","Slovakia",2007,13973.18895
"SK","Slovakia",2008,14721.63295
"SK","Slovakia",2009,13924.25311
"SK","Slovakia",2010,14582.82824
"SK","Slovakia",2011,14957.89723
"SK","Slovakia",2012,15171.68208
"SK","Slovakia",2013,15369.31265
"SI","Slovenia",2000,15315.6566
"SI","Slovenia",2001,15742.5574
"SI","Slovenia",2002,16326.24668
"SI","Slovenia",2003,16780.13126
"SI","Slovenia",2004,17499.15361
"SI","Slovenia",2005,18168.14997
"SI","Slovenia",2006,19134.58158
"SI","Slovenia",2007,20348.72598
"SI","Slovenia",2008,20987.0451
"SI","Slovenia",2009,19176.50965
"SI","Slovenia",2010,19326.32303
"SI","Slovenia",2011,19404.39558
"SI","Slovenia",2012,18852.57107
"SI","Slovenia",2013,18634.25347
"SB","Solomon Islands",2000,952.9124333
"SB","Solomon Islands",2001,853.7094633
"SB","Solomon Islands",2002,808.1464662
"SB","Solomon Islands",2003,838.5870994
"SB","Solomon Islands",2004,857.5835927
"SB","Solomon Islands",2005,881.9616184
"SB","Solomon Islands",2006,920.7849274
"SB","Solomon Islands",2007,965.2902558
"SB","Solomon Islands",2008,1010.382828
"SB","Solomon Islands",2009,941.2604021
"SB","Solomon Islands",2010,992.7194764
"SB","Solomon Islands",2011,1075.384486
"SB","Solomon Islands",2012,1103.83079
"SB","Solomon Islands",2013,1112.846251
"SO","Somalia",2000,
"SO","Somalia",2001,
"SO","Somalia",2002,
"SO","Somalia",2003,
"SO","Somalia",2004,
"SO","Somalia",2005,
"SO","Somalia",2006,
"SO","Somalia",2007,
"SO","Somalia",2008,
"SO","Somalia",2009,
"SO","Somalia",2010,
"SO","Somalia",2011,
"SO","Somalia",2012,
"SO","Somalia",2013,
"ZA","South Africa",2000,4659.090909
"ZA","South Africa",2001,4676.045984
"ZA","South Africa",2002,4758.9176
"ZA","South Africa",2003,4826.624731
"ZA","South Africa",2004,4997.931494
"ZA","South Africa",2005,5184.767045
"ZA","South Africa",2006,5407.112815
"ZA","South Africa",2007,5622.543562
"ZA","South Africa",2008,5750.459593
"ZA","South Africa",2009,5595.04654
"ZA","South Africa",2010,5697.927554
"ZA","South Africa",2011,5816.25305
"ZA","South Africa",2012,5891.923942
"ZA","South Africa",2013,5907.667758
"KR","South Korea",2000,15167.59523
"KR","South Korea",2001,15731.45058
"KR","South Korea",2002,16798.89532
"KR","South Korea",2003,17217.13043
"KR","South Korea",2004,17985.2315
"KR","South Korea",2005,18654.67123
"KR","South Korea",2006,19536.11707
"KR","South Korea",2007,20494.81732
"KR","South Korea",2008,20838.14364
"KR","South Korea",2009,20942.6051
"KR","South Korea",2010,22262.53495
"KR","South Korea",2011,22901.02098
"KR","South Korea",2012,23397.9218
"KR","South Korea",2013,23895.0201
"SS","South Sudan",2000,
"SS","South Sudan",2001,
"SS","South Sudan",2002,
"SS","South Sudan",2003,
"SS","South Sudan",2004,
"SS","South Sudan",2005,
"SS","South Sudan",2006,
"SS","South Sudan",2007,
"SS","South Sudan",2008,
"SS","South Sudan",2009,
"SS","South Sudan",2010,
"SS","South Sudan",2011,
"SS","South Sudan",2012,
"SS","South Sudan",2013,
"ES","Spain",2000,24339.83416
"ES","Spain",2001,25026.98928
"ES","Spain",2002,25343.00062
"ES","Spain",2003,25599.91201
"ES","Spain",2004,26093.90848
"ES","Spain",2005,26573.10795
"ES","Spain",2006,27253.89792
"ES","Spain",2007,27638.47801
"ES","Spain",2008,27418.65983
"ES","Spain",2009,26314.11731
"ES","Spain",2010,26193.2434
"ES","Spain",2011,25886.39676
"ES","Spain",2012,25448.41388
"ES","Spain",2013,25081.77247
"LK","Sri Lanka",2000,1051.743097
"LK","Sri Lanka",2001,1052.291594
"LK","Sri Lanka",2002,1086.841667
"LK","Sri Lanka",2003,1136.269541
"LK","Sri Lanka",2004,1181.988186
"LK","Sri Lanka",2005,1242.40435
"LK","Sri Lanka",2006,1323.260064
"LK","Sri Lanka",2007,1400.435182
"LK","Sri Lanka",2008,1470.698567
"LK","Sri Lanka",2009,1505.39568
"LK","Sri Lanka",2010,1610.084837
"LK","Sri Lanka",2011,1724.81198
"LK","Sri Lanka",2012,1883.00279
"LK","Sri Lanka",2013,2004.255223
"SD","Sudan",2000,701.5144182
"SD","Sudan",2001,728.5914228
"SD","Sudan",2002,755.4511575
"SD","Sudan",2003,792.4978531
"SD","Sudan",2004,801.7515242
"SD","Sudan",2005,839.7739687
"SD","Sudan",2006,901.1348907
"SD","Sudan",2007,980.0791947
"SD","Sudan",2008,985.1513345
"SD","Sudan",2009,993.2667074
"SD","Sudan",2010,1004.775619
"SD","Sudan",2011,950.8998413
"SD","Sudan",2012,837.2901905
"SD","Sudan",2013,771.0784179
"SR","Suriname",2000,2909.936404
"SR","Suriname",2001,2999.72073
"SR","Suriname",2002,3084.477562
"SR","Suriname",2003,3224.4047
"SR","Suriname",2004,3476.253538
"SR","Suriname",2005,3590.541042
"SR","Suriname",2006,3686.699137
"SR","Suriname",2007,3835.309737
"SR","Suriname",2008,3955.944106
"SR","Suriname",2009,4037.552114
"SR","Suriname",2010,4207.062877
"SR","Suriname",2011,4388.522626
"SR","Suriname",2012,4480.12574
"SR","Suriname",2013,4568.685094
"SZ","Swaziland",2000,2188.753261
"SZ","Swaziland",2001,2191.340678
"SZ","Swaziland",2002,2214.989189
"SZ","Swaziland",2003,2252.646292
"SZ","Swaziland",2004,2303.663369
"SZ","Swaziland",2005,2339.289952
"SZ","Swaziland",2006,2387.133053
"SZ","Swaziland",2007,2434.362846
"SZ","Swaziland",2008,2451.212225
"SZ","Swaziland",2009,2440.0997
"SZ","Swaziland",2010,2445.074748
"SZ","Swaziland",2011,2390.740177
"SZ","Swaziland",2012,2399.519101
"SZ","Swaziland",2013,2429.766687
"SE","Sweden",2000,38547.76807
"SE","Sweden",2001,39006.47035
"SE","Sweden",2002,39664.0522
"SE","Sweden",2003,40521.40217
"SE","Sweden",2004,42030.21038
"SE","Sweden",2005,43080.66872
"SE","Sweden",2006,44821.29573
"SE","Sweden",2007,46020.52537
"SE","Sweden",2008,45446.47474
"SE","Sweden",2009,42694.98947
"SE","Sweden",2010,44891.69798
"SE","Sweden",2011,45718.09314
"SE","Sweden",2012,45276.08643
"SE","Sweden",2013,45556.17733
"CH","Switzerland",2000,52615.09552
"CH","Switzerland",2001,53113.10574
"CH","Switzerland",2002,52712.83735
"CH","Switzerland",2003,52459.45599
"CH","Switzerland",2004,53588.64624
"CH","Switzerland",2005,54859.98267
"CH","Switzerland",2006,56654.69524
"CH","Switzerland",2007,58401.95563
"CH","Switzerland",2008,59102.92998
"CH","Switzerland",2009,57077.69191
"CH","Switzerland",2010,58147.64108
"CH","Switzerland",2011,58515.76223
"CH","Switzerland",2012,58522.96295
"CH","Switzerland",2013,59023.82756
"SY","Syria",2000,1385.428885
"SY","Syria",2001,1428.704908
"SY","Syria",2002,1486.851746
"SY","Syria",2003,1469.503734
"SY","Syria",2004,1537.347177
"SY","Syria",2005,1588.505672
"SY","Syria",2006,1611.382737
"SY","Syria",2007,1637.357081
"SY","Syria",2008,
"SY","Syria",2009,
"SY","Syria",2010,
"SY","Syria",2011,
"SY","Syria",2012,
"SY","Syria",2013,
"TJ","Tajikistan",2000,234.3381538
"TJ","Tajikistan",2001,254.0037406
"TJ","Tajikistan",2002,276.3920966
"TJ","Tajikistan",2003,300.8990028
"TJ","Tajikistan",2004,325.2019012
"TJ","Tajikistan",2005,339.7644428
"TJ","Tajikistan",2006,355.7659247
"TJ","Tajikistan",2007,375.0750619
"TJ","Tajikistan",2008,395.5704112
"TJ","Tajikistan",2009,401.1111606
"TJ","Tajikistan",2010,417.1060526
"TJ","Tajikistan",2011,437.2224323
"TJ","Tajikistan",2012,458.6208503
"TJ","Tajikistan",2013,480.626003
"TZ","Tanzania",2000,295.7238971
"TZ","Tanzania",2001,305.6019209
"TZ","Tanzania",2002,319.1607719
"TZ","Tanzania",2003,332.2827278
"TZ","Tanzania",2004,348.7664908
"TZ","Tanzania",2005,364.25347
"TZ","Tanzania",2006,377.9125049
"TZ","Tanzania",2007,393.3321409
"TZ","Tanzania",2008,410.2703807
"TZ","Tanzania",2009,422.1589158
"TZ","Tanzania",2010,438.4920863
"TZ","Tanzania",2011,452.8607282
"TZ","Tanzania",2012,469.7803859
"TZ","Tanzania",2013,487.4834876
"TH","Thailand",2000,2213.547007
"TH","Thailand",2001,2219.788559
"TH","Thailand",2002,2319.82772
"TH","Thailand",2003,2465.562068
"TH","Thailand",2004,2596.508694
"TH","Thailand",2005,2684.584765
"TH","Thailand",2006,2807.967177
"TH","Thailand",2007,2951.105762
"TH","Thailand",2008,3021.817218
"TH","Thailand",2009,2942.182271
"TH","Thailand",2010,3162.540295
"TH","Thailand",2011,3154.274104
"TH","Thailand",2012,3383.993361
"TH","Thailand",2013,3432.297821
"TL","Timor-Leste",2000,507.6553408
"TL","Timor-Leste",2001,578.6968155
"TL","Timor-Leste",2002,523.4086951
"TL","Timor-Leste",2003,492.6512417
"TL","Timor-Leste",2004,477.9417842
"TL","Timor-Leste",2005,499.5477618
"TL","Timor-Leste",2006,463.3816796
"TL","Timor-Leste",2007,508.0736857
"TL","Timor-Leste",2008,570.829563
"TL","Timor-Leste",2009,634.3935295
"TL","Timor-Leste",2010,682.5964373
"TL","Timor-Leste",2011,745.0071047
"TL","Timor-Leste",2012,783.4635093
"TL","Timor-Leste",2013,
"TG","Togo",2000,411.3618221
"TG","Togo",2001,394.3368817
"TG","Togo",2002,380.6769915
"TG","Togo",2003,389.2595007
"TG","Togo",2004,387.279668
"TG","Togo",2005,381.7820196
"TG","Togo",2006,387.078589
"TG","Togo",2007,385.8360922
"TG","Togo",2008,384.3647548
"TG","Togo",2009,387.6934598
"TG","Togo",2010,392.8550565
"TG","Togo",2011,401.4547813
"TG","Togo",2012,414.2697098
"TG","Togo",2013,424.3518576
"TO","Tonga",2000,2388.679236
"TO","Tonga",2001,2461.097472
"TO","Tonga",2002,2530.29829
"TO","Tonga",2003,2569.100626
"TO","Tonga",2004,2578.265976
"TO","Tonga",2005,2622.949225
"TO","Tonga",2006,2564.083672
"TO","Tonga",2007,2441.845699
"TO","Tonga",2008,2448.137823
"TO","Tonga",2009,2512.523142
"TO","Tonga",2010,2582.703251
"TO","Tonga",2011,2645.578797
"TO","Tonga",2012,2658.133626
"TO","Tonga",2013,2661.735203
"TT","Trinidad and Tobago",2000,8641.314266
"TT","Trinidad and Tobago",2001,8964.272171
"TT","Trinidad and Tobago",2002,9641.894634
"TT","Trinidad and Tobago",2003,10980.75147
"TT","Trinidad and Tobago",2004,11788.44698
"TT","Trinidad and Tobago",2005,12405.05615
"TT","Trinidad and Tobago",2006,14039.00078
"TT","Trinidad and Tobago",2007,14632.80011
"TT","Trinidad and Tobago",2008,15055.56675
"TT","Trinidad and Tobago",2009,14328.29981
"TT","Trinidad and Tobago",2010,14297.84295
"TT","Trinidad and Tobago",2011,14016.19479
"TT","Trinidad and Tobago",2012,14183.1197
"TT","Trinidad and Tobago",2013,14370.17479
"TN","Tunisia",2000,2756.206647
"TN","Tunisia",2001,2839.417205
"TN","Tunisia",2002,2856.194922
"TN","Tunisia",2003,2992.136024
"TN","Tunisia",2004,3130.700932
"TN","Tunisia",2005,3218.961081
"TN","Tunisia",2006,3367.691436
"TN","Tunisia",2007,3543.382772
"TN","Tunisia",2008,3673.930307
"TN","Tunisia",2009,3766.127555
"TN","Tunisia",2010,3848.141262
"TN","Tunisia",2011,3783.852456
"TN","Tunisia",2012,3922.125555
"TN","Tunisia",2013,3980.755699
"TR","Turkey",2000,6125.89105
"TR","Turkey",2001,5694.201386
"TR","Turkey",2002,5951.804227
"TR","Turkey",2003,6172.440236
"TR","Turkey",2004,6672.088611
"TR","Turkey",2005,7129.882486
"TR","Turkey",2006,7518.979193
"TR","Turkey",2007,7770.174023
"TR","Turkey",2008,7731.279924
"TR","Turkey",2009,7271.085728
"TR","Turkey",2010,7832.259778
"TR","Turkey",2011,8417.895773
"TR","Turkey",2012,8486.815867
"TR","Turkey",2013,8727.838646
"TM","Turkmenistan",2000,1404.083552
"TM","Turkmenistan",2001,1448.870881
"TM","Turkmenistan",2002,1437.31097
"TM","Turkmenistan",2003,1469.008776
"TM","Turkmenistan",2004,1526.426355
"TM","Turkmenistan",2005,1706.956726
"TM","Turkmenistan",2006,1872.954328
"TM","Turkmenistan",2007,2055.838692
"TM","Turkmenistan",2008,2329.524193
"TM","Turkmenistan",2009,2441.215397
"TM","Turkmenistan",2010,2632.427447
"TM","Turkmenistan",2011,2981.138427
"TM","Turkmenistan",2012,3269.673054
"TM","Turkmenistan",2013,3556.981369
"TC","Turks and Caicos Islands",2000,
"TC","Turks and Caicos Islands",2001,
"TC","Turks and Caicos Islands",2002,
"TC","Turks and Caicos Islands",2003,
"TC","Turks and Caicos Islands",2004,
"TC","Turks and Caicos Islands",2005,
"TC","Turks and Caicos Islands",2006,
"TC","Turks and Caicos Islands",2007,
"TC","Turks and Caicos Islands",2008,
"TC","Turks and Caicos Islands",2009,
"TC","Turks and Caicos Islands",2010,
"TC","Turks and Caicos Islands",2011,
"TC","Turks and Caicos Islands",2012,
"TC","Turks and Caicos Islands",2013,
"TV","Tuvalu",2000,2304.642685
"TV","Tuvalu",2001,2329.442742
"TV","Tuvalu",2002,2497.587828
"TV","Tuvalu",2003,2399.22453
"TV","Tuvalu",2004,2353.042276
"TV","Tuvalu",2005,2252.892885
"TV","Tuvalu",2006,2292.095972
"TV","Tuvalu",2007,2429.66797
"TV","Tuvalu",2008,2617.201598
"TV","Tuvalu",2009,2496.084645
"TV","Tuvalu",2010,2423.261487
"TV","Tuvalu",2011,2623.569044
"TV","Tuvalu",2012,2623.881334
"TV","Tuvalu",2013,2653.63813
"AE","UAE",2000,45929.88522
"AE","UAE",2001,45017.66225
"AE","UAE",2002,44665.44188
"AE","UAE",2003,46597.85222
"AE","UAE",2004,47011.77317
"AE","UAE",2005,43626.20011
"AE","UAE",2006,40610.06157
"AE","UAE",2007,35361.0022
"AE","UAE",2008,31035.64171
"AE","UAE",2009,25912.37807
"AE","UAE",2010,24047.75339
"AE","UAE",2011,23865.28952
"AE","UAE",2012,24224.25095
"AE","UAE",2013,25144.09977
"UG","Uganda",2000,268.4868206
"UG","Uganda",2001,273.2595503
"UG","Uganda",2002,287.3257169
"UG","Uganda",2003,295.7233033
"UG","Uganda",2004,305.2913838
"UG","Uganda",2005,313.7989764
"UG","Uganda",2006,336.098417
"UG","Uganda",2007,352.3090104
"UG","Uganda",2008,370.3357444
"UG","Uganda",2009,384.0695611
"UG","Uganda",2010,393.1488778
"UG","Uganda",2011,405.3325006
"UG","Uganda",2012,405.3429197
"UG","Uganda",2013,415.5768936
"UA","Ukraine",2000,1210.685742
"UA","Ukraine",2001,1335.429219
"UA","Ukraine",2002,1418.901018
"UA","Ukraine",2003,1564.924702
"UA","Ukraine",2004,1767.639661
"UA","Ukraine",2005,1828.717626
"UA","Ukraine",2006,1975.525333
"UA","Ukraine",2007,2144.35133
"UA","Ukraine",2008,2205.014462
"UA","Ukraine",2009,1887.516186
"UA","Ukraine",2010,1974.621182
"UA","Ukraine",2011,2084.782407
"UA","Ukraine",2012,2094.120138
"UA","Ukraine",2013,2138.275806
"GB","United Kingdom",2000,35488.38143
"GB","United Kingdom",2001,36197.76449
"GB","United Kingdom",2002,37055.4531
"GB","United Kingdom",2003,38392.1714
"GB","United Kingdom",2004,39174.56361
"GB","United Kingdom",2005,39899.86558
"GB","United Kingdom",2006,40922.4344
"GB","United Kingdom",2007,41583.45695
"GB","United Kingdom",2008,41095.6721
"GB","United Kingdom",2009,39019.67796
"GB","United Kingdom",2010,39511.60785
"GB","United Kingdom",2011,39836.28048
"GB","United Kingdom",2012,39720.1148
"GB","United Kingdom",2013,40251.44045
"UY","Uruguay",2000,5180.950587
"UY","Uruguay",2001,4972.921484
"UY","Uruguay",2002,4587.39718
"UY","Uruguay",2003,4627.243729
"UY","Uruguay",2004,4861.121242
"UY","Uruguay",2005,5221.673186
"UY","Uruguay",2006,5427.425142
"UY","Uruguay",2007,5768.314574
"UY","Uruguay",2008,6162.847727
"UY","Uruguay",2009,6286.104002
"UY","Uruguay",2010,6791.050415
"UY","Uruguay",2011,7264.808954
"UY","Uruguay",2012,7505.786591
"UY","Uruguay",2013,7808.626662
"US","USA",2000,41111.07486
"US","USA",2001,41057.10392
"US","USA",2002,41373.28819
"US","USA",2003,42053.314
"US","USA",2004,43373.53213
"US","USA",2005,44329.1512
"US","USA",2006,44909.18946
"US","USA",2007,45480.01562
"US","USA",2008,44723.01828
"US","USA",2009,43354.74039
"US","USA",2010,43966.51762
"US","USA",2011,44290.02645
"US","USA",2012,44922.5299
"US","USA",2013,45867.37498
"UZ","Uzbekistan",2000,446.0379633
"UZ","Uzbekistan",2001,458.9247834
"UZ","Uzbekistan",2002,471.4762473
"UZ","Uzbekistan",2003,485.5945006
"UZ","Uzbekistan",2004,516.98591
"UZ","Uzbekistan",2005,546.7768502
"UZ","Uzbekistan",2006,579.5761538
"UZ","Uzbekistan",2007,625.6659994
"UZ","Uzbekistan",2008,671.1153998
"UZ","Uzbekistan",2009,713.3371951
"UZ","Uzbekistan",2010,752.4283102
"UZ","Uzbekistan",2011,793.2992669
"UZ","Uzbekistan",2012,845.8065902
"UZ","Uzbekistan",2013,899.3767704
"VU","Vanuatu",2000,2040.738668
"VU","Vanuatu",2001,1925.564582
"VU","Vanuatu",2002,1783.197202
"VU","Vanuatu",2003,1813.000001
"VU","Vanuatu",2004,1837.377156
"VU","Vanuatu",2005,1886.388309
"VU","Vanuatu",2006,1995.713806
"VU","Vanuatu",2007,2047.99036
"VU","Vanuatu",2008,2127.894625
"VU","Vanuatu",2009,2146.510666
"VU","Vanuatu",2010,2131.093536
"VU","Vanuatu",2011,2107.949529
"VU","Vanuatu",2012,2097.69277
"VU","Vanuatu",2013,2092.447355
"VE","Venezuela",2000,5244.278277
"VE","Venezuela",2001,5347.713778
"VE","Venezuela",2002,4776.261365
"VE","Venezuela",2003,4341.55325
"VE","Venezuela",2004,5026.402703
"VE","Venezuela",2005,5462.866223
"VE","Venezuela",2006,5884.325488
"VE","Venezuela",2007,6291.596629
"VE","Venezuela",2008,6507.751408
"VE","Venezuela",2009,6192.483375
"VE","Venezuela",2010,6025.489611
"VE","Venezuela",2011,6169.360819
"VE","Venezuela",2012,6409.661068
"VE","Venezuela",2013,6413.375183
"VN","Viet Nam",2000,531.8583967
"VN","Viet Nam",2001,557.683161
"VN","Viet Nam",2002,586.0921813
"VN","Viet Nam",2003,619.2884078
"VN","Viet Nam",2004,658.0340299
"VN","Viet Nam",2005,699.4878933
"VN","Viet Nam",2006,740.0391089
"VN","Viet Nam",2007,784.2519938
"VN","Viet Nam",2008,819.8814823
"VN","Viet Nam",2009,855.0700477
"VN","Viet Nam",2010,900.4936927
"VN","Viet Nam",2011,946.8034177
"VN","Viet Nam",2012,986.0137631
"VN","Viet Nam",2013,1028.623406
"VI","Virgin Islands (US)",2000,
"VI","Virgin Islands (US)",2001,
"VI","Virgin Islands (US)",2002,
"VI","Virgin Islands (US)",2003,
"VI","Virgin Islands (US)",2004,
"VI","Virgin Islands (US)",2005,
"VI","Virgin Islands (US)",2006,
"VI","Virgin Islands (US)",2007,
"VI","Virgin Islands (US)",2008,
"VI","Virgin Islands (US)",2009,
"VI","Virgin Islands (US)",2010,
"VI","Virgin Islands (US)",2011,
"VI","Virgin Islands (US)",2012,
"VI","Virgin Islands (US)",2013,
"YE","Yemen",2000,778.0618273
"YE","Yemen",2001,784.9251419
"YE","Yemen",2002,792.8984563
"YE","Yemen",2003,799.7525024
"YE","Yemen",2004,808.9947701
"YE","Yemen",2005,831.8802897
"YE","Yemen",2006,836.5690602
"YE","Yemen",2007,843.2565234
"YE","Yemen",2008,856.0363765
"YE","Yemen",2009,870.3367571
"YE","Yemen",2010,878.1395825
"YE","Yemen",2011,728.3262347
"YE","Yemen",2012,729.1623535
"YE","Yemen",2013,742.1955912
"ZM","Zambia",2000,610.5549987
"ZM","Zambia",2001,626.8114947
"ZM","Zambia",2002,638.8241691
"ZM","Zambia",2003,666.3154528
"ZM","Zambia",2004,695.2952467
"ZM","Zambia",2005,726.4034882
"ZM","Zambia",2006,763.0865
"ZM","Zambia",2007,804.4270241
"ZM","Zambia",2008,842.8179481
"ZM","Zambia",2009,894.0789774
"ZM","Zambia",2010,956.9083797
"ZM","Zambia",2011,986.4527171
"ZM","Zambia",2012,1019.836266
"ZM","Zambia",2013,1053.603703
"ZW","Zimbabwe",2000,675.5998965
"ZW","Zimbabwe",2001,680.8006944
"ZW","Zimbabwe",2002,617.5927102
"ZW","Zimbabwe",2003,511.3306338
"ZW","Zimbabwe",2004,480.8781406
"ZW","Zimbabwe",2005,452.789025
"ZW","Zimbabwe",2006,436.6444691
"ZW","Zimbabwe",2007,420.1689702
"ZW","Zimbabwe",2008,344.7421421
"ZW","Zimbabwe",2009,362.3998236
"ZW","Zimbabwe",2010,397.8215951
"ZW","Zimbabwe",2011,435.7941437
"ZW","Zimbabwe",2012,469.001848
"ZW","Zimbabwe",2013,475.302222
