"id-to","entity-to-name","year","value"
"AF","Afghanistan",2008,4093352.38
"AF","Afghanistan",2009,2465109.51
"AF","Afghanistan",2010,10652789.71
"AF","Afghanistan",2011,1258557.08
"AF","Afghanistan",2012,8383050.51
"AF","Afghanistan",2013,4692752.38
"AF","Afghanistan",2014,2753282.74
"AF","Afghanistan",2015,2786071
"DZ","Algeria",2008,3715950.57
"DZ","Algeria",2009,2092296.32
"DZ","Algeria",2010,851089.87
"DZ","Algeria",2011,348136.31
"DZ","Algeria",2012,409242.07
"DZ","Algeria",2014,521959.62
"DZ","Algeria",2015,811232
"AO","Angola",2008,429580.76
"AO","Angola",2009,32483.07
"AO","Angola",2010,2.54
"AM","Armenia",2008,711913.62
"AM","Armenia",2009,272569.01
"AM","Armenia",2010,1014741.99
"AM","Armenia",2011,278572.93
"AM","Armenia",2012,1197.36
"asia","Asia, regional",2008,41202.55
"AZ","Azerbaijan",2008,954511.6
"AZ","Azerbaijan",2009,251009.69
"AZ","Azerbaijan",2010,0
"BD","Bangladesh",2008,8847378.42
"BD","Bangladesh",2009,20784349.91
"BD","Bangladesh",2010,18224346.7
"BD","Bangladesh",2011,9157436.02
"BD","Bangladesh",2012,9381443.49
"BD","Bangladesh",2013,5586628.97
"BD","Bangladesh",2014,5036719.28
"BD","Bangladesh",2015,3100735
"BB","Barbados",2008,19334.63
"BJ","Benin",2008,1867723.55
"BJ","Benin",2009,2074578.02
"BJ","Benin",2010,1195963.09
"BJ","Benin",2011,2997
"BJ","Benin",2012,746086.66
"BJ","Benin",2013,311855.67
"BJ","Benin",2014,207143.92
"BJ","Benin",2015,1496697
"BT","Bhutan",2008,1515698.79
"BT","Bhutan",2009,613731.16
"BT","Bhutan",2010,337590.56
"BT","Bhutan",2011,464209.89
"BT","Bhutan",2012,105817.2
"BT","Bhutan",2013,665799.76
"BT","Bhutan",2014,203968.13
"BT","Bhutan",2015,198385
"bilateral-unspecified","Bilateral, unspecified",2008,12858500.09
"bilateral-unspecified","Bilateral, unspecified",2009,12094798.21
"bilateral-unspecified","Bilateral, unspecified",2010,8664428.45
"bilateral-unspecified","Bilateral, unspecified",2011,12643907.85
"bilateral-unspecified","Bilateral, unspecified",2012,7694204.9
"bilateral-unspecified","Bilateral, unspecified",2013,15883890
"bilateral-unspecified","Bilateral, unspecified",2014,23956836.11
"bilateral-unspecified","Bilateral, unspecified",2015,23815246
"BO","Bolivia",2008,3818588.5
"BO","Bolivia",2009,1349728.31
"BO","Bolivia",2010,716015.2
"BO","Bolivia",2011,1854800.19
"BO","Bolivia",2012,353697.03
"BO","Bolivia",2013,509744.06
"BO","Bolivia",2014,1581040.12
"BO","Bolivia",2015,574921
"BF","Burkina Faso",2008,2698388.63
"BF","Burkina Faso",2009,9093988.29
"BF","Burkina Faso",2010,7280739.7
"BF","Burkina Faso",2011,2594002.17
"BF","Burkina Faso",2012,5065725.97
"BF","Burkina Faso",2013,5081471.66
"BF","Burkina Faso",2014,3072871.09
"BF","Burkina Faso",2015,3431879
"BI","Burundi",2008,877438.06
"BI","Burundi",2009,5708723.92
"BI","Burundi",2010,999283.94
"BI","Burundi",2011,2818182.18
"BI","Burundi",2012,2658950.02
"BI","Burundi",2013,4565821.73
"BI","Burundi",2014,4365040.09
"BI","Burundi",2015,3027491
"KH","Cambodia",2008,5159138.53
"KH","Cambodia",2009,2606712.76
"KH","Cambodia",2010,3847316.34
"KH","Cambodia",2011,3810286.75
"KH","Cambodia",2012,4764964.08
"KH","Cambodia",2013,3479709.59
"KH","Cambodia",2014,1977636.85
"KH","Cambodia",2015,3930205
"CM","Cameroon",2008,2991770.2
"CM","Cameroon",2009,1189183.93
"CM","Cameroon",2010,4853194.14
"CM","Cameroon",2011,8186145.38
"CM","Cameroon",2012,5269291.11
"CM","Cameroon",2013,4064229.18
"CM","Cameroon",2014,1949081.67
"CM","Cameroon",2015,4761170
"CV","Cape Verde",2008,181632.66
"CV","Cape Verde",2009,140598.7
"CV","Cape Verde",2010,36177.52
"CV","Cape Verde",2011,0
"CF","CAR",2008,4982574.83
"CF","CAR",2009,3852058.69
"CF","CAR",2010,3868905.53
"CF","CAR",2011,3896401.56
"CF","CAR",2012,1353677.23
"CF","CAR",2013,261201.55
"CF","CAR",2014,6157153.5
"CF","CAR",2015,2454223
"TD","Chad",2008,3441622.39
"TD","Chad",2009,2763066.05
"TD","Chad",2010,2888855.29
"TD","Chad",2011,1018894.53
"TD","Chad",2012,7840944.23
"TD","Chad",2013,7227578.29
"TD","Chad",2014,5460552.44
"TD","Chad",2015,2414538
"CO","Colombia",2008,1213720.38
"CO","Colombia",2009,1021509.45
"CO","Colombia",2010,45966.8
"CO","Colombia",2011,4806545.82
"CO","Colombia",2012,1232043.51
"CO","Colombia",2013,177978.26
"CO","Colombia",2014,1298780.73
"CO","Colombia",2015,868922
"CG","Congo",2008,254867.5
"CG","Congo",2010,505731.37
"CG","Congo",2011,3087123.44
"CG","Congo",2012,863448.83
"CG","Congo",2013,425462.79
"CG","Congo",2014,491906.26
"CG","Congo",2015,1217855
"CI","Côte d'Ivoire",2008,4637299.13
"CI","Côte d'Ivoire",2009,3104703.41
"CI","Côte d'Ivoire",2010,2770849.64
"CI","Côte d'Ivoire",2011,7762410.01
"CI","Côte d'Ivoire",2012,2004813.5
"CI","Côte d'Ivoire",2013,953783.45
"CI","Côte d'Ivoire",2014,1347287.76
"CI","Côte d'Ivoire",2015,151641
"CU","Cuba",2008,84432.31
"CU","Cuba",2009,252311.05
"CU","Cuba",2010,159210.34
"CU","Cuba",2011,23852.8
"CU","Cuba",2012,39071.24
"CU","Cuba",2014,1426.41
"DJ","Djibouti",2008,1847197.89
"DJ","Djibouti",2009,3217847.48
"DJ","Djibouti",2010,1079790.04
"DJ","Djibouti",2011,1458509.08
"DJ","Djibouti",2012,548760.37
"DJ","Djibouti",2013,623506.95
"DJ","Djibouti",2014,2762621.71
"DJ","Djibouti",2015,786576
"DO","Dominican Republic",2008,634026.03
"DO","Dominican Republic",2009,25682.62
"CD","DRC",2008,554636.22
"CD","DRC",2009,4531578.8
"CD","DRC",2010,1323707.17
"CD","DRC",2011,1343757.01
"CD","DRC",2012,17593724.09
"CD","DRC",2013,19634845.34
"CD","DRC",2014,9246423.86
"CD","DRC",2015,5731117
"EC","Ecuador",2008,90891.85
"EC","Ecuador",2009,526893.43
"EC","Ecuador",2010,365327.15
"EC","Ecuador",2011,153021.87
"EC","Ecuador",2012,129366
"EC","Ecuador",2013,617590.28
"EC","Ecuador",2014,363968.65
"EC","Ecuador",2015,208391
"EG","Egypt",2008,489212
"EG","Egypt",2009,2331576.07
"EG","Egypt",2010,1063210.73
"EG","Egypt",2011,1530314.6
"EG","Egypt",2012,689716.14
"EG","Egypt",2013,1235246.29
"EG","Egypt",2014,4033520.1
"EG","Egypt",2015,997209
"SV","El Salvador",2008,107231.87
"SV","El Salvador",2009,264995.12
"SV","El Salvador",2010,585258.99
"SV","El Salvador",2011,71641.77
"SV","El Salvador",2012,94061.77
"SV","El Salvador",2013,16041.91
"SV","El Salvador",2014,1199281.68
"SV","El Salvador",2015,219390
"ET","Ethiopia",2008,14633268.92
"ET","Ethiopia",2009,15734465.71
"ET","Ethiopia",2010,3492970.04
"ET","Ethiopia",2011,24833734.14
"ET","Ethiopia",2012,21224121.76
"ET","Ethiopia",2013,17025157.47
"ET","Ethiopia",2014,23765041.83
"ET","Ethiopia",2015,23967258
"GM","Gambia",2008,1431361.3
"GM","Gambia",2009,339324.15
"GM","Gambia",2010,346858.27
"GM","Gambia",2011,136175.5
"GM","Gambia",2012,873030.21
"GM","Gambia",2013,392233.62
"GM","Gambia",2015,25405
"GE","Georgia",2008,2561501.28
"GE","Georgia",2009,24446.68
"GE","Georgia",2010,433156.1
"GE","Georgia",2011,533012.84
"GE","Georgia",2012,400669.18
"GE","Georgia",2013,207741.71
"GH","Ghana",2008,3999903.26
"GH","Ghana",2009,4447456.38
"GH","Ghana",2010,744800.95
"GH","Ghana",2011,52645.48
"GH","Ghana",2012,2219545.41
"GH","Ghana",2013,405475.22
"GH","Ghana",2014,130682.79
"GH","Ghana",2015,100965
"GT","Guatemala",2008,2017674.47
"GT","Guatemala",2009,1503915.18
"GT","Guatemala",2010,2199394.6
"GT","Guatemala",2011,1697253.74
"GT","Guatemala",2012,496720.08
"GT","Guatemala",2013,136958.65
"GT","Guatemala",2014,2447294.65
"GT","Guatemala",2015,1044258
"GN","Guinea",2008,4577373.5
"GN","Guinea",2009,3156922.8
"GN","Guinea",2010,1938227.51
"GN","Guinea",2011,879355.49
"GN","Guinea",2012,701673.65
"GN","Guinea",2013,909306.22
"GN","Guinea",2014,1288688.19
"GN","Guinea",2015,2542243
"GW","Guinea-Bissau",2008,1815986.63
"GW","Guinea-Bissau",2009,304016.77
"GW","Guinea-Bissau",2010,4348.72
"GW","Guinea-Bissau",2011,568539.5
"GW","Guinea-Bissau",2012,1528206.82
"GW","Guinea-Bissau",2013,924134.36
"GW","Guinea-Bissau",2014,50525.53
"GW","Guinea-Bissau",2015,788012
"HT","Haiti",2008,4587808.83
"HT","Haiti",2009,542759.68
"HT","Haiti",2010,2584289.97
"HT","Haiti",2011,3530363.79
"HT","Haiti",2012,2885063.52
"HT","Haiti",2013,1927705.74
"HT","Haiti",2014,3321210.55
"HT","Haiti",2015,6280640
"HN","Honduras",2008,516996.28
"HN","Honduras",2009,606843.74
"HN","Honduras",2010,250256.65
"HN","Honduras",2011,119395.43
"HN","Honduras",2012,249384.76
"HN","Honduras",2013,12504.16
"HN","Honduras",2014,977057.24
"HN","Honduras",2015,60978
"IN","India",2008,4680734.24
"IN","India",2009,2669052.82
"IN","India",2010,2797445.23
"IN","India",2011,1402409.6
"IN","India",2012,445733.29
"IN","India",2013,0
"IN","India",2014,184079.09
"IN","India",2015,93816
"ID","Indonesia",2008,513966.94
"ID","Indonesia",2009,3105355.04
"ID","Indonesia",2010,430450.29
"ID","Indonesia",2011,3178695.95
"ID","Indonesia",2012,1066117.21
"ID","Indonesia",2013,509969.17
"ID","Indonesia",2014,878482.22
"ID","Indonesia",2015,528611
"IR","Iran",2008,901936.65
"IR","Iran",2009,1479770.33
"IR","Iran",2010,1217797.79
"IR","Iran",2011,1159192.41
"IR","Iran",2012,1027111.15
"IR","Iran",2013,1696944.75
"IR","Iran",2014,1316400.08
"IR","Iran",2015,238103
"IQ","Iraq",2008,1329947.2
"IQ","Iraq",2009,993571.72
"IQ","Iraq",2010,0
"IQ","Iraq",2011,110.64
"IQ","Iraq",2012,121881.64
"IQ","Iraq",2013,288032.31
"IQ","Iraq",2014,1320742.12
"IQ","Iraq",2015,9224290
"JO","Jordan",2008,58409.63
"JO","Jordan",2009,50612.3
"JO","Jordan",2012,977315.46
"JO","Jordan",2013,10504140.13
"JO","Jordan",2014,6651688.31
"JO","Jordan",2015,7062306
"KE","Kenya",2008,16584655.66
"KE","Kenya",2009,7596091
"KE","Kenya",2010,4198996.03
"KE","Kenya",2011,22375794.44
"KE","Kenya",2012,21843733.67
"KE","Kenya",2013,17775431.2
"KE","Kenya",2014,8017124.71
"KE","Kenya",2015,11711220
"KG","Kyrgyzstan",2009,1193417.84
"KG","Kyrgyzstan",2010,4577430.35
"KG","Kyrgyzstan",2011,3823766.83
"KG","Kyrgyzstan",2012,0
"KG","Kyrgyzstan",2013,383618.39
"KG","Kyrgyzstan",2014,698601.63
"KG","Kyrgyzstan",2015,4148
"LA","Lao",2008,4458038.14
"LA","Lao",2009,2331445.04
"LA","Lao",2010,2240496
"LA","Lao",2011,1603782.69
"LA","Lao",2012,382157.1
"LA","Lao",2013,753430.61
"LA","Lao",2014,646138.32
"LA","Lao",2015,118527
"LB","Lebanon",2013,11049525.59
"LB","Lebanon",2014,18793219.86
"LB","Lebanon",2015,9489760
"LS","Lesotho",2008,1446451.49
"LS","Lesotho",2009,1718633.07
"LS","Lesotho",2010,1388024.79
"LS","Lesotho",2011,1849886.86
"LS","Lesotho",2012,904950.3
"LS","Lesotho",2013,6582.98
"LS","Lesotho",2014,2242.79
"LS","Lesotho",2015,231841
"LR","Liberia",2008,12429844.56
"LR","Liberia",2009,5527799.28
"LR","Liberia",2010,2118122.82
"LR","Liberia",2011,2302155.65
"LR","Liberia",2012,3534950
"LR","Liberia",2013,1471645.72
"LR","Liberia",2014,698718.25
"LR","Liberia",2015,894216
"LY","Libya",2008,0
"LY","Libya",2011,6548959.57
"LY","Libya",2012,3376595.79
"LY","Libya",2013,46646.35
"LY","Libya",2014,182796.21
"LY","Libya",2015,1893270
"MG","Madagascar",2008,2516600.15
"MG","Madagascar",2009,4988295.36
"MG","Madagascar",2010,3276642.48
"MG","Madagascar",2011,3987818.1
"MG","Madagascar",2012,4266859.45
"MG","Madagascar",2013,5177796.98
"MG","Madagascar",2014,3230108.49
"MG","Madagascar",2015,680853
"MW","Malawi",2008,5764519.47
"MW","Malawi",2009,7312168.51
"MW","Malawi",2010,4145461.31
"MW","Malawi",2011,469626.96
"MW","Malawi",2012,2436176.34
"MW","Malawi",2013,4969707.71
"MW","Malawi",2014,3212040.59
"MW","Malawi",2015,3055059
"ML","Mali",2008,1238997.19
"ML","Mali",2009,1114388.9
"ML","Mali",2010,506296.65
"ML","Mali",2011,714254.88
"ML","Mali",2012,9192829.63
"ML","Mali",2013,10474293.85
"ML","Mali",2014,14641128.03
"ML","Mali",2015,4724987
"MR","Mauritania",2008,6023544.49
"MR","Mauritania",2009,4623742.82
"MR","Mauritania",2010,3168034.16
"MR","Mauritania",2011,4309627.29
"MR","Mauritania",2012,7766602.67
"MR","Mauritania",2013,5470800.52
"MR","Mauritania",2014,3001155.7
"MR","Mauritania",2015,1968703
"MZ","Mozambique",2008,9233976.48
"MZ","Mozambique",2009,8976668.71
"MZ","Mozambique",2010,1763047.22
"MZ","Mozambique",2011,4966877.72
"MZ","Mozambique",2012,4324529.65
"MZ","Mozambique",2013,2902128.65
"MZ","Mozambique",2014,2651953.57
"MZ","Mozambique",2015,4858725
"MM","Myanmar",2008,1183234.96
"MM","Myanmar",2009,1866350.86
"MM","Myanmar",2010,1635547.62
"MM","Myanmar",2011,3054810.99
"MM","Myanmar",2012,414417.78
"MM","Myanmar",2013,634269.69
"MM","Myanmar",2015,594923
"NA","Namibia",2008,1172926.15
"NA","Namibia",2009,312084.86
"NA","Namibia",2010,148011.53
"NA","Namibia",2011,293437.74
"NA","Namibia",2012,354444.74
"NA","Namibia",2013,29261.91
"NP","Nepal",2008,9255348.34
"NP","Nepal",2009,9313586.98
"NP","Nepal",2010,9232365.77
"NP","Nepal",2011,6313025.94
"NP","Nepal",2012,6072921.58
"NP","Nepal",2013,9849760.42
"NP","Nepal",2014,5675492.29
"NP","Nepal",2015,5672831
"NI","Nicaragua",2008,242257.03
"NI","Nicaragua",2009,473043.22
"NI","Nicaragua",2010,94186.83
"NI","Nicaragua",2011,454075.72
"NI","Nicaragua",2012,184236.06
"NI","Nicaragua",2013,190490.53
"NI","Nicaragua",2014,699525.66
"NI","Nicaragua",2015,99467
"NE","Niger",2008,6248645.97
"NE","Niger",2009,2586813.5
"NE","Niger",2010,34171208.44
"NE","Niger",2011,2573314.82
"NE","Niger",2012,25497992.99
"NE","Niger",2013,14092816.06
"NE","Niger",2014,22321870.38
"NE","Niger",2015,15900890
"north-central-america","North & Central America, regional",2008,880006.08
"KP","North Korea",2008,3570267.38
"KP","North Korea",2009,6947948.38
"KP","North Korea",2010,7601726.7
"KP","North Korea",2011,11801810.1
"KP","North Korea",2012,7668373.01
"KP","North Korea",2013,10337879.05
"KP","North Korea",2014,3488513.58
"KP","North Korea",2015,637252
"north-of-sahara","North of Sahara, regional",2009,1.52
"PK","Pakistan",2008,11965912.12
"PK","Pakistan",2009,15819522.03
"PK","Pakistan",2010,8529407.92
"PK","Pakistan",2011,26811102.99
"PK","Pakistan",2012,14746647.2
"PK","Pakistan",2013,3991414.78
"PK","Pakistan",2014,733930.03
"PK","Pakistan",2015,7041008
"PS","Palestine",2008,3187178.27
"PS","Palestine",2009,1863552.08
"PS","Palestine",2010,2860244.1
"PS","Palestine",2011,7734378.46
"PS","Palestine",2012,10396171.15
"PS","Palestine",2013,5515273.25
"PS","Palestine",2014,3769256.85
"PS","Palestine",2015,1682455
"PA","Panama",2010,336285.46
"PA","Panama",2011,224613.55
"PA","Panama",2012,105661.07
"PA","Panama",2013,164489.05
"PA","Panama",2014,901932.81
"PA","Panama",2015,366020
"PY","Paraguay",2012,41988.62
"PY","Paraguay",2013,617152.67
"PY","Paraguay",2014,55594.24
"PE","Peru",2008,2459235.46
"PE","Peru",2009,391403.3
"PE","Peru",2010,0
"PH","Philippines",2008,5139154.86
"PH","Philippines",2009,1992128.68
"PH","Philippines",2010,1988541.91
"PH","Philippines",2011,1093190.58
"PH","Philippines",2012,1629589.32
"PH","Philippines",2013,2495.07
"PH","Philippines",2014,523511.63
"PH","Philippines",2015,518829
"RW","Rwanda",2008,6580229.6
"RW","Rwanda",2009,1764389.46
"RW","Rwanda",2010,1123015.32
"RW","Rwanda",2011,2331555.28
"RW","Rwanda",2012,1335071.13
"RW","Rwanda",2013,2348959.05
"RW","Rwanda",2014,2034235.86
"RW","Rwanda",2015,2919708
"ST","Sao Tome & Principe",2008,132133.81
"ST","Sao Tome & Principe",2009,458851.56
"ST","Sao Tome & Principe",2010,91276.31
"ST","Sao Tome & Principe",2011,465306.84
"ST","Sao Tome & Principe",2012,170723.96
"ST","Sao Tome & Principe",2013,263781.25
"ST","Sao Tome & Principe",2014,317785.15
"ST","Sao Tome & Principe",2015,148660
"SN","Senegal",2008,4734189.39
"SN","Senegal",2009,984300.07
"SN","Senegal",2010,1026522.73
"SN","Senegal",2011,2351698.62
"SN","Senegal",2012,8423753.19
"SN","Senegal",2013,2739277.48
"SN","Senegal",2014,1627860.57
"SN","Senegal",2015,2136096
"SL","Sierra Leone",2008,5249780.93
"SL","Sierra Leone",2009,4537374.99
"SL","Sierra Leone",2010,1377981.44
"SL","Sierra Leone",2011,970580.23
"SL","Sierra Leone",2012,910288.21
"SL","Sierra Leone",2013,1263402.48
"SL","Sierra Leone",2014,205905.9
"SL","Sierra Leone",2015,346396
"SO","Somalia",2008,5996982.29
"SO","Somalia",2009,13899433.29
"SO","Somalia",2010,2165792.52
"SO","Somalia",2011,27421211.57
"SO","Somalia",2012,2888448.85
"SO","Somalia",2013,9359337.61
"SO","Somalia",2014,3168916.26
"SO","Somalia",2015,15682810
"ZA","South Africa",2011,530907.97
"ZA","South Africa",2013,80838.96
"ZA","South Africa",2014,457995.3
"ZA","South Africa",2015,39407
"south-america","South America, regional",2009,4900.16
"south-of-sahara","South of Sahara, regional",2009,63897.78
"SS","South Sudan",2012,14702478.59
"SS","South Sudan",2013,24406869.06
"SS","South Sudan",2014,6953352.3
"SS","South Sudan",2015,30050245
"LK","Sri Lanka",2008,5021528.5
"LK","Sri Lanka",2009,3342807.61
"LK","Sri Lanka",2010,2016746.11
"LK","Sri Lanka",2011,5173520.77
"LK","Sri Lanka",2012,2225423.36
"LK","Sri Lanka",2013,4122481.97
"LK","Sri Lanka",2014,469801.34
"LK","Sri Lanka",2015,826736
"SD","Sudan",2008,12707241.68
"SD","Sudan",2009,11361924.27
"SD","Sudan",2010,2173105.24
"SD","Sudan",2011,191978.46
"SD","Sudan",2012,254462.65
"SD","Sudan",2013,10905728.23
"SD","Sudan",2014,852519.7
"SD","Sudan",2015,395089
"SZ","Swaziland",2008,115774.77
"SZ","Swaziland",2009,1165802.37
"SZ","Swaziland",2010,589186.62
"SZ","Swaziland",2011,1295748.88
"SZ","Swaziland",2012,1901177.56
"SZ","Swaziland",2013,796772.41
"SZ","Swaziland",2014,515679.82
"SZ","Swaziland",2015,319404
"SY","Syria",2008,1103947.14
"SY","Syria",2009,2425943.83
"SY","Syria",2010,3646535.38
"SY","Syria",2011,10191167.03
"SY","Syria",2012,10527327.6
"SY","Syria",2013,8555609.44
"SY","Syria",2014,11393140.03
"SY","Syria",2015,21096312
"TJ","Tajikistan",2008,5865843.53
"TJ","Tajikistan",2009,2095070.13
"TJ","Tajikistan",2010,1972133.67
"TJ","Tajikistan",2011,1799423.07
"TJ","Tajikistan",2012,3124914.48
"TJ","Tajikistan",2013,643619.67
"TJ","Tajikistan",2014,1362493.86
"TJ","Tajikistan",2015,982238
"TZ","Tanzania",2008,5189378.63
"TZ","Tanzania",2009,2747396.81
"TZ","Tanzania",2010,2516704.75
"TZ","Tanzania",2011,1428887.9
"TZ","Tanzania",2012,4202987.27
"TZ","Tanzania",2013,3562042.36
"TZ","Tanzania",2014,3439306.81
"TZ","Tanzania",2015,1791795
"TH","Thailand",2011,418282.54
"TH","Thailand",2012,0
"TH","Thailand",2013,337733.79
"TH","Thailand",2014,661990.35
"TH","Thailand",2015,732460
"TL","Timor-Leste",2008,1359467.89
"TL","Timor-Leste",2009,725554.32
"TL","Timor-Leste",2010,231259.15
"TL","Timor-Leste",2011,1243698.39
"TL","Timor-Leste",2012,1107643.54
"TL","Timor-Leste",2013,1398979.88
"TL","Timor-Leste",2014,770675.87
"TL","Timor-Leste",2015,116487
"TG","Togo",2008,1717281.11
"TG","Togo",2009,164729.68
"TG","Togo",2010,954904.31
"TG","Togo",2011,0
"TG","Togo",2013,13899.81
"TN","Tunisia",2011,470907.76
"TN","Tunisia",2012,424735.96
"TN","Tunisia",2013,434633.58
"TN","Tunisia",2014,5804.34
"TR","Turkey",2013,2210211.26
"TR","Turkey",2014,2455763.42
"TR","Turkey",2015,91641
"UG","Uganda",2008,3560996.79
"UG","Uganda",2009,11665360.34
"UG","Uganda",2010,6636292.71
"UG","Uganda",2011,2831276.08
"UG","Uganda",2012,10720627
"UG","Uganda",2013,7362817.14
"UG","Uganda",2014,5163634.19
"UG","Uganda",2015,9112096
"UA","Ukraine",2015,1627890
"VU","Vanuatu",2015,387017
"YE","Yemen",2008,6178845.57
"YE","Yemen",2009,7288290.75
"YE","Yemen",2010,8034636.53
"YE","Yemen",2011,17121653.37
"YE","Yemen",2012,9155871.99
"YE","Yemen",2013,11770502.29
"YE","Yemen",2014,6815968.06
"YE","Yemen",2015,7087889
"ZM","Zambia",2008,7464453.84
"ZM","Zambia",2009,4908230.25
"ZM","Zambia",2010,7561898.64
"ZM","Zambia",2011,4792469.41
"ZM","Zambia",2012,1274752.71
"ZM","Zambia",2013,2325881.24
"ZM","Zambia",2014,1324222.92
"ZM","Zambia",2015,1256884
"ZW","Zimbabwe",2008,548023.69
"ZW","Zimbabwe",2009,3622747.51
"ZW","Zimbabwe",2010,3223354.77
"ZW","Zimbabwe",2011,4293446.01
"ZW","Zimbabwe",2012,11450058.46
"ZW","Zimbabwe",2013,17306936.35
"ZW","Zimbabwe",2014,12778187.37
"ZW","Zimbabwe",2015,2336224
