"id","entity-name","year","value"
"AE","UAE",2009,0.37
"AE","UAE",2010,0.14
"AE","UAE",2011,0.21
"AE","UAE",2012,0.2
"AE","UAE",2013,1.34
"AE","UAE",2014,1.26
"AE","UAE",2015,1.18
"AT","Austria",1960,0
"AT","Austria",1961,0.04
"AT","Austria",1962,0.03
"AT","Austria",1963,0.05
"AT","Austria",1964,0.08
"AT","Austria",1965,0.11
"AT","Austria",1966,0.12
"AT","Austria",1967,0.14
"AT","Austria",1968,0.14
"AT","Austria",1969,0.11
"AT","Austria",1970,0.07
"AT","Austria",1971,0.07
"AT","Austria",1972,0.09
"AT","Austria",1973,0.15
"AT","Austria",1974,0.18
"AT","Austria",1975,0.21
"AT","Austria",1976,0.12
"AT","Austria",1977,0.23
"AT","Austria",1978,0.27
"AT","Austria",1979,0.19
"AT","Austria",1980,0.23
"AT","Austria",1981,0.33
"AT","Austria",1982,0.36
"AT","Austria",1983,0.24
"AT","Austria",1984,0.28
"AT","Austria",1985,0.38
"AT","Austria",1986,0.21
"AT","Austria",1987,0.17
"AT","Austria",1988,0.24
"AT","Austria",1989,0.23
"AT","Austria",1990,0.11
"AT","Austria",1991,0.18
"AT","Austria",1992,0.11
"AT","Austria",1993,0.11
"AT","Austria",1994,0.17
"AT","Austria",1995,0.27
"AT","Austria",1996,0.23
"AT","Austria",1997,0.24
"AT","Austria",1998,0.22
"AT","Austria",1999,0.24
"AT","Austria",2000,0.23
"AT","Austria",2001,0.34
"AT","Austria",2002,0.26
"AT","Austria",2003,0.2
"AT","Austria",2004,0.23
"AT","Austria",2005,0.52
"AT","Austria",2006,0.47
"AT","Austria",2007,0.5
"AT","Austria",2008,0.43
"AT","Austria",2009,0.3
"AT","Austria",2010,0.32
"AT","Austria",2011,0.27
"AT","Austria",2012,0.28
"AT","Austria",2013,0.27
"AT","Austria",2014,0.28
"AT","Austria",2015,0.35
"AU","Australia",1960,0.37
"AU","Australia",1961,0.44
"AU","Australia",1962,0.43
"AU","Australia",1963,0.51
"AU","Australia",1964,0.48
"AU","Australia",1965,0.53
"AU","Australia",1966,0.56
"AU","Australia",1967,0.62
"AU","Australia",1968,0.56
"AU","Australia",1969,0.6
"AU","Australia",1970,0.62
"AU","Australia",1971,0.56
"AU","Australia",1972,0.62
"AU","Australia",1973,0.47
"AU","Australia",1974,0.55
"AU","Australia",1975,0.66
"AU","Australia",1976,0.41
"AU","Australia",1977,0.42
"AU","Australia",1978,0.55
"AU","Australia",1979,0.53
"AU","Australia",1980,0.48
"AU","Australia",1981,0.41
"AU","Australia",1982,0.56
"AU","Australia",1983,0.49
"AU","Australia",1984,0.45
"AU","Australia",1985,0.48
"AU","Australia",1986,0.47
"AU","Australia",1987,0.34
"AU","Australia",1988,0.46
"AU","Australia",1989,0.38
"AU","Australia",1990,0.34
"AU","Australia",1991,0.38
"AU","Australia",1992,0.37
"AU","Australia",1993,0.35
"AU","Australia",1994,0.34
"AU","Australia",1995,0.34
"AU","Australia",1996,0.27
"AU","Australia",1997,0.27
"AU","Australia",1998,0.27
"AU","Australia",1999,0.26
"AU","Australia",2000,0.27
"AU","Australia",2001,0.25
"AU","Australia",2002,0.26
"AU","Australia",2003,0.25
"AU","Australia",2004,0.25
"AU","Australia",2005,0.25
"AU","Australia",2006,0.3
"AU","Australia",2007,0.32
"AU","Australia",2008,0.32
"AU","Australia",2009,0.29
"AU","Australia",2010,0.32
"AU","Australia",2011,0.34
"AU","Australia",2012,0.36
"AU","Australia",2013,0.33
"AU","Australia",2014,0.31
"AU","Australia",2015,0.29
"BE","Belgium",1960,0.88
"BE","Belgium",1961,0.76
"BE","Belgium",1962,0.54
"BE","Belgium",1963,0.57
"BE","Belgium",1964,0.46
"BE","Belgium",1965,0.6
"BE","Belgium",1966,0.42
"BE","Belgium",1967,0.45
"BE","Belgium",1968,0.42
"BE","Belgium",1969,0.5
"BE","Belgium",1970,0.46
"BE","Belgium",1971,0.5
"BE","Belgium",1972,0.55
"BE","Belgium",1973,0.51
"BE","Belgium",1974,0.5
"BE","Belgium",1975,0.6
"BE","Belgium",1976,0.5
"BE","Belgium",1977,0.47
"BE","Belgium",1978,0.55
"BE","Belgium",1979,0.58
"BE","Belgium",1980,0.5
"BE","Belgium",1981,0.59
"BE","Belgium",1982,0.58
"BE","Belgium",1983,0.59
"BE","Belgium",1984,0.57
"BE","Belgium",1985,0.55
"BE","Belgium",1986,0.48
"BE","Belgium",1987,0.48
"BE","Belgium",1988,0.39
"BE","Belgium",1989,0.46
"BE","Belgium",1990,0.46
"BE","Belgium",1991,0.41
"BE","Belgium",1992,0.39
"BE","Belgium",1993,0.39
"BE","Belgium",1994,0.32
"BE","Belgium",1995,0.38
"BE","Belgium",1996,0.34
"BE","Belgium",1997,0.31
"BE","Belgium",1998,0.35
"BE","Belgium",1999,0.3
"BE","Belgium",2000,0.36
"BE","Belgium",2001,0.37
"BE","Belgium",2002,0.43
"BE","Belgium",2003,0.6
"BE","Belgium",2004,0.41
"BE","Belgium",2005,0.53
"BE","Belgium",2006,0.5
"BE","Belgium",2007,0.43
"BE","Belgium",2008,0.48
"BE","Belgium",2009,0.55
"BE","Belgium",2010,0.64
"BE","Belgium",2011,0.54
"BE","Belgium",2012,0.48
"BE","Belgium",2013,0.45
"BE","Belgium",2014,0.46
"BE","Belgium",2015,0.42
"BG","Bulgaria",2010,0.09
"BG","Bulgaria",2011,0.09
"BG","Bulgaria",2012,0.08
"BG","Bulgaria",2013,0.1
"BG","Bulgaria",2014,0.09
"BG","Bulgaria",2015,0.09
"CA","Canada",1960,0.16
"CA","Canada",1961,0.16
"CA","Canada",1962,0.1
"CA","Canada",1963,0.15
"CA","Canada",1964,0.17
"CA","Canada",1965,0.19
"CA","Canada",1966,0.34
"CA","Canada",1967,0.32
"CA","Canada",1968,0.29
"CA","Canada",1969,0.29
"CA","Canada",1970,0.41
"CA","Canada",1971,0.42
"CA","Canada",1972,0.44
"CA","Canada",1973,0.42
"CA","Canada",1974,0.47
"CA","Canada",1975,0.54
"CA","Canada",1976,0.46
"CA","Canada",1977,0.5
"CA","Canada",1978,0.53
"CA","Canada",1979,0.48
"CA","Canada",1980,0.43
"CA","Canada",1981,0.43
"CA","Canada",1982,0.41
"CA","Canada",1983,0.45
"CA","Canada",1984,0.5
"CA","Canada",1985,0.49
"CA","Canada",1986,0.48
"CA","Canada",1987,0.47
"CA","Canada",1988,0.5
"CA","Canada",1989,0.44
"CA","Canada",1990,0.44
"CA","Canada",1991,0.46
"CA","Canada",1992,0.46
"CA","Canada",1993,0.45
"CA","Canada",1994,0.43
"CA","Canada",1995,0.38
"CA","Canada",1996,0.32
"CA","Canada",1997,0.34
"CA","Canada",1998,0.3
"CA","Canada",1999,0.28
"CA","Canada",2000,0.26
"CA","Canada",2001,0.22
"CA","Canada",2002,0.28
"CA","Canada",2003,0.24
"CA","Canada",2004,0.27
"CA","Canada",2005,0.34
"CA","Canada",2006,0.29
"CA","Canada",2007,0.29
"CA","Canada",2008,0.33
"CA","Canada",2009,0.3
"CA","Canada",2010,0.34
"CA","Canada",2011,0.32
"CA","Canada",2012,0.32
"CA","Canada",2013,0.28
"CA","Canada",2014,0.24
"CA","Canada",2015,0.28
"CH","Switzerland",1960,0.04
"CH","Switzerland",1961,0.08
"CH","Switzerland",1962,0.05
"CH","Switzerland",1963,0.05
"CH","Switzerland",1964,0.07
"CH","Switzerland",1965,0.09
"CH","Switzerland",1966,0.09
"CH","Switzerland",1967,0.08
"CH","Switzerland",1968,0.14
"CH","Switzerland",1969,0.16
"CH","Switzerland",1970,0.14
"CH","Switzerland",1971,0.11
"CH","Switzerland",1972,0.21
"CH","Switzerland",1973,0.15
"CH","Switzerland",1974,0.14
"CH","Switzerland",1975,0.19
"CH","Switzerland",1976,0.19
"CH","Switzerland",1977,0.19
"CH","Switzerland",1978,0.2
"CH","Switzerland",1979,0.21
"CH","Switzerland",1980,0.24
"CH","Switzerland",1981,0.24
"CH","Switzerland",1982,0.25
"CH","Switzerland",1983,0.31
"CH","Switzerland",1984,0.3
"CH","Switzerland",1985,0.31
"CH","Switzerland",1986,0.3
"CH","Switzerland",1987,0.31
"CH","Switzerland",1988,0.32
"CH","Switzerland",1989,0.3
"CH","Switzerland",1990,0.3
"CH","Switzerland",1991,0.34
"CH","Switzerland",1992,0.43
"CH","Switzerland",1993,0.31
"CH","Switzerland",1994,0.35
"CH","Switzerland",1995,0.33
"CH","Switzerland",1996,0.32
"CH","Switzerland",1997,0.32
"CH","Switzerland",1998,0.31
"CH","Switzerland",1999,0.34
"CH","Switzerland",2000,0.32
"CH","Switzerland",2001,0.33
"CH","Switzerland",2002,0.32
"CH","Switzerland",2003,0.36
"CH","Switzerland",2004,0.39
"CH","Switzerland",2005,0.42
"CH","Switzerland",2006,0.38
"CH","Switzerland",2007,0.37
"CH","Switzerland",2008,0.42
"CH","Switzerland",2009,0.44
"CH","Switzerland",2010,0.39
"CH","Switzerland",2011,0.46
"CH","Switzerland",2012,0.47
"CH","Switzerland",2013,0.46
"CH","Switzerland",2014,0.51
"CH","Switzerland",2015,0.52
"CY","Cyprus",2005,0.09
"CY","Cyprus",2006,0.14
"CY","Cyprus",2007,0.17
"CY","Cyprus",2008,0.17
"CY","Cyprus",2009,0.2
"CY","Cyprus",2010,0.23
"CY","Cyprus",2011,0.16
"CY","Cyprus",2012,0.11
"CY","Cyprus",2013,0.1
"CY","Cyprus",2014,0.09
"CY","Cyprus",2015,0.09
"CZ","Czech Republic",1998,0.03
"CZ","Czech Republic",1999,0.03
"CZ","Czech Republic",2000,0.03
"CZ","Czech Republic",2001,0.05
"CZ","Czech Republic",2002,0.07
"CZ","Czech Republic",2003,0.11
"CZ","Czech Republic",2004,0.11
"CZ","Czech Republic",2005,0.11
"CZ","Czech Republic",2006,0.12
"CZ","Czech Republic",2007,0.11
"CZ","Czech Republic",2008,0.12
"CZ","Czech Republic",2009,0.12
"CZ","Czech Republic",2010,0.13
"CZ","Czech Republic",2011,0.13
"CZ","Czech Republic",2012,0.12
"CZ","Czech Republic",2013,0.11
"CZ","Czech Republic",2014,0.11
"CZ","Czech Republic",2015,0.12
"dac-countries-total","DAC Countries, Total",1960,0.51
"dac-countries-total","DAC Countries, Total",1961,0.54
"dac-countries-total","DAC Countries, Total",1962,0.53
"dac-countries-total","DAC Countries, Total",1963,0.51
"dac-countries-total","DAC Countries, Total",1964,0.48
"dac-countries-total","DAC Countries, Total",1965,0.48
"dac-countries-total","DAC Countries, Total",1966,0.44
"dac-countries-total","DAC Countries, Total",1967,0.41
"dac-countries-total","DAC Countries, Total",1968,0.41
"dac-countries-total","DAC Countries, Total",1969,0.37
"dac-countries-total","DAC Countries, Total",1970,0.33
"dac-countries-total","DAC Countries, Total",1971,0.32
"dac-countries-total","DAC Countries, Total",1972,0.34
"dac-countries-total","DAC Countries, Total",1973,0.27
"dac-countries-total","DAC Countries, Total",1974,0.32
"dac-countries-total","DAC Countries, Total",1975,0.34
"dac-countries-total","DAC Countries, Total",1976,0.31
"dac-countries-total","DAC Countries, Total",1977,0.31
"dac-countries-total","DAC Countries, Total",1978,0.33
"dac-countries-total","DAC Countries, Total",1979,0.33
"dac-countries-total","DAC Countries, Total",1980,0.35
"dac-countries-total","DAC Countries, Total",1981,0.32
"dac-countries-total","DAC Countries, Total",1982,0.36
"dac-countries-total","DAC Countries, Total",1983,0.34
"dac-countries-total","DAC Countries, Total",1984,0.34
"dac-countries-total","DAC Countries, Total",1985,0.33
"dac-countries-total","DAC Countries, Total",1986,0.34
"dac-countries-total","DAC Countries, Total",1987,0.32
"dac-countries-total","DAC Countries, Total",1988,0.34
"dac-countries-total","DAC Countries, Total",1989,0.31
"dac-countries-total","DAC Countries, Total",1990,0.32
"dac-countries-total","DAC Countries, Total",1991,0.32
"dac-countries-total","DAC Countries, Total",1992,0.32
"dac-countries-total","DAC Countries, Total",1993,0.29
"dac-countries-total","DAC Countries, Total",1994,0.29
"dac-countries-total","DAC Countries, Total",1995,0.26
"dac-countries-total","DAC Countries, Total",1996,0.24
"dac-countries-total","DAC Countries, Total",1997,0.21
"dac-countries-total","DAC Countries, Total",1998,0.22
"dac-countries-total","DAC Countries, Total",1999,0.22
"dac-countries-total","DAC Countries, Total",2000,0.22
"dac-countries-total","DAC Countries, Total",2001,0.21
"dac-countries-total","DAC Countries, Total",2002,0.23
"dac-countries-total","DAC Countries, Total",2003,0.24
"dac-countries-total","DAC Countries, Total",2004,0.25
"dac-countries-total","DAC Countries, Total",2005,0.32
"dac-countries-total","DAC Countries, Total",2006,0.3
"dac-countries-total","DAC Countries, Total",2007,0.27
"dac-countries-total","DAC Countries, Total",2008,0.3
"dac-countries-total","DAC Countries, Total",2009,0.31
"dac-countries-total","DAC Countries, Total",2010,0.31
"dac-countries-total","DAC Countries, Total",2011,0.31
"dac-countries-total","DAC Countries, Total",2012,0.28
"dac-countries-total","DAC Countries, Total",2013,0.3
"dac-countries-total","DAC Countries, Total",2014,0.3
"dac-countries-total","DAC Countries, Total",2015,0.3
"DE","Germany",1960,0.31
"DE","Germany",1961,0.45
"DE","Germany",1962,0.45
"DE","Germany",1963,0.41
"DE","Germany",1964,0.44
"DE","Germany",1965,0.4
"DE","Germany",1966,0.34
"DE","Germany",1967,0.41
"DE","Germany",1968,0.42
"DE","Germany",1969,0.38
"DE","Germany",1970,0.32
"DE","Germany",1971,0.34
"DE","Germany",1972,0.32
"DE","Germany",1973,0.32
"DE","Germany",1974,0.38
"DE","Germany",1975,0.4
"DE","Germany",1976,0.36
"DE","Germany",1977,0.33
"DE","Germany",1978,0.37
"DE","Germany",1979,0.45
"DE","Germany",1980,0.44
"DE","Germany",1981,0.47
"DE","Germany",1982,0.48
"DE","Germany",1983,0.48
"DE","Germany",1984,0.45
"DE","Germany",1985,0.47
"DE","Germany",1986,0.43
"DE","Germany",1987,0.39
"DE","Germany",1988,0.39
"DE","Germany",1989,0.41
"DE","Germany",1990,0.42
"DE","Germany",1991,0.39
"DE","Germany",1992,0.37
"DE","Germany",1993,0.35
"DE","Germany",1994,0.33
"DE","Germany",1995,0.31
"DE","Germany",1996,0.32
"DE","Germany",1997,0.28
"DE","Germany",1998,0.26
"DE","Germany",1999,0.26
"DE","Germany",2000,0.27
"DE","Germany",2001,0.27
"DE","Germany",2002,0.27
"DE","Germany",2003,0.28
"DE","Germany",2004,0.28
"DE","Germany",2005,0.36
"DE","Germany",2006,0.36
"DE","Germany",2007,0.37
"DE","Germany",2008,0.38
"DE","Germany",2009,0.36
"DE","Germany",2010,0.39
"DE","Germany",2011,0.39
"DE","Germany",2012,0.37
"DE","Germany",2013,0.38
"DE","Germany",2014,0.42
"DE","Germany",2015,0.52
"DK","Denmark",1960,0.09
"DK","Denmark",1961,0.12
"DK","Denmark",1962,0.1
"DK","Denmark",1963,0.11
"DK","Denmark",1964,0.11
"DK","Denmark",1965,0.13
"DK","Denmark",1966,0.19
"DK","Denmark",1967,0.22
"DK","Denmark",1968,0.23
"DK","Denmark",1969,0.38
"DK","Denmark",1970,0.38
"DK","Denmark",1971,0.42
"DK","Denmark",1972,0.44
"DK","Denmark",1973,0.46
"DK","Denmark",1974,0.53
"DK","Denmark",1975,0.55
"DK","Denmark",1976,0.52
"DK","Denmark",1977,0.56
"DK","Denmark",1978,0.7
"DK","Denmark",1979,0.71
"DK","Denmark",1980,0.74
"DK","Denmark",1981,0.73
"DK","Denmark",1982,0.77
"DK","Denmark",1983,0.73
"DK","Denmark",1984,0.85
"DK","Denmark",1985,0.8
"DK","Denmark",1986,0.89
"DK","Denmark",1987,0.88
"DK","Denmark",1988,0.89
"DK","Denmark",1989,0.93
"DK","Denmark",1990,0.94
"DK","Denmark",1991,0.96
"DK","Denmark",1992,1.02
"DK","Denmark",1993,1.03
"DK","Denmark",1994,1.03
"DK","Denmark",1995,0.96
"DK","Denmark",1996,1.04
"DK","Denmark",1997,0.97
"DK","Denmark",1998,1
"DK","Denmark",1999,1.01
"DK","Denmark",2000,1.06
"DK","Denmark",2001,1.03
"DK","Denmark",2002,0.96
"DK","Denmark",2003,0.84
"DK","Denmark",2004,0.85
"DK","Denmark",2005,0.81
"DK","Denmark",2006,0.8
"DK","Denmark",2007,0.81
"DK","Denmark",2008,0.82
"DK","Denmark",2009,0.88
"DK","Denmark",2010,0.91
"DK","Denmark",2011,0.85
"DK","Denmark",2012,0.83
"DK","Denmark",2013,0.85
"DK","Denmark",2014,0.86
"DK","Denmark",2015,0.85
"EE","Estonia",2004,0.05
"EE","Estonia",2005,0.08
"EE","Estonia",2006,0.09
"EE","Estonia",2007,0.08
"EE","Estonia",2008,0.1
"EE","Estonia",2009,0.1
"EE","Estonia",2010,0.1
"EE","Estonia",2011,0.12
"EE","Estonia",2012,0.11
"EE","Estonia",2013,0.13
"EE","Estonia",2014,0.14
"EE","Estonia",2015,0.15
"ES","Spain",1980,0.08
"ES","Spain",1981,0.13
"ES","Spain",1982,0.13
"ES","Spain",1983,0.04
"ES","Spain",1984,0.09
"ES","Spain",1985,0.1
"ES","Spain",1986,0.09
"ES","Spain",1987,0.08
"ES","Spain",1988,0.07
"ES","Spain",1989,0.14
"ES","Spain",1990,0.2
"ES","Spain",1991,0.24
"ES","Spain",1992,0.27
"ES","Spain",1993,0.28
"ES","Spain",1994,0.28
"ES","Spain",1995,0.24
"ES","Spain",1996,0.22
"ES","Spain",1997,0.24
"ES","Spain",1998,0.24
"ES","Spain",1999,0.23
"ES","Spain",2000,0.22
"ES","Spain",2001,0.3
"ES","Spain",2002,0.26
"ES","Spain",2003,0.23
"ES","Spain",2004,0.24
"ES","Spain",2005,0.27
"ES","Spain",2006,0.32
"ES","Spain",2007,0.37
"ES","Spain",2008,0.45
"ES","Spain",2009,0.46
"ES","Spain",2010,0.43
"ES","Spain",2011,0.29
"ES","Spain",2012,0.16
"ES","Spain",2013,0.17
"ES","Spain",2014,0.13
"ES","Spain",2015,0.12
"EU","European Union",1968,
"FI","Finland",1961,0.04
"FI","Finland",1962,0.04
"FI","Finland",1963,0.04
"FI","Finland",1964,0.04
"FI","Finland",1965,0.03
"FI","Finland",1966,0.04
"FI","Finland",1967,0.05
"FI","Finland",1968,0.06
"FI","Finland",1969,0.14
"FI","Finland",1970,0.06
"FI","Finland",1971,0.11
"FI","Finland",1972,0.15
"FI","Finland",1973,0.15
"FI","Finland",1974,0.16
"FI","Finland",1975,0.17
"FI","Finland",1976,0.17
"FI","Finland",1977,0.15
"FI","Finland",1978,0.16
"FI","Finland",1979,0.21
"FI","Finland",1980,0.22
"FI","Finland",1981,0.27
"FI","Finland",1982,0.29
"FI","Finland",1983,0.32
"FI","Finland",1984,0.36
"FI","Finland",1985,0.4
"FI","Finland",1986,0.46
"FI","Finland",1987,0.5
"FI","Finland",1988,0.6
"FI","Finland",1989,0.64
"FI","Finland",1990,0.65
"FI","Finland",1991,0.8
"FI","Finland",1992,0.64
"FI","Finland",1993,0.45
"FI","Finland",1994,0.31
"FI","Finland",1995,0.31
"FI","Finland",1996,0.33
"FI","Finland",1997,0.32
"FI","Finland",1998,0.32
"FI","Finland",1999,0.33
"FI","Finland",2000,0.31
"FI","Finland",2001,0.32
"FI","Finland",2002,0.35
"FI","Finland",2003,0.35
"FI","Finland",2004,0.37
"FI","Finland",2005,0.46
"FI","Finland",2006,0.4
"FI","Finland",2007,0.39
"FI","Finland",2008,0.44
"FI","Finland",2009,0.54
"FI","Finland",2010,0.55
"FI","Finland",2011,0.53
"FI","Finland",2012,0.53
"FI","Finland",2013,0.54
"FI","Finland",2014,0.59
"FI","Finland",2015,0.55
"FR","France",1960,1.35
"FR","France",1961,1.36
"FR","France",1962,1.27
"FR","France",1963,0.98
"FR","France",1964,0.9
"FR","France",1965,0.76
"FR","France",1966,0.69
"FR","France",1967,0.71
"FR","France",1968,0.67
"FR","France",1969,0.67
"FR","France",1970,0.52
"FR","France",1971,0.51
"FR","France",1972,0.49
"FR","France",1973,0.43
"FR","France",1974,0.44
"FR","France",1975,0.44
"FR","France",1976,0.41
"FR","France",1977,0.38
"FR","France",1978,0.39
"FR","France",1979,0.42
"FR","France",1980,0.44
"FR","France",1981,0.52
"FR","France",1982,0.56
"FR","France",1983,0.56
"FR","France",1984,0.62
"FR","France",1985,0.61
"FR","France",1986,0.56
"FR","France",1987,0.6
"FR","France",1988,0.57
"FR","France",1989,0.61
"FR","France",1990,0.6
"FR","France",1991,0.62
"FR","France",1992,0.63
"FR","France",1993,0.63
"FR","France",1994,0.62
"FR","France",1995,0.55
"FR","France",1996,0.48
"FR","France",1997,0.44
"FR","France",1998,0.38
"FR","France",1999,0.38
"FR","France",2000,0.31
"FR","France",2001,0.31
"FR","France",2002,0.38
"FR","France",2003,0.4
"FR","France",2004,0.41
"FR","France",2005,0.47
"FR","France",2006,0.47
"FR","France",2007,0.38
"FR","France",2008,0.39
"FR","France",2009,0.47
"FR","France",2010,0.5
"FR","France",2011,0.46
"FR","France",2012,0.45
"FR","France",2013,0.41
"FR","France",2014,0.37
"FR","France",2015,0.37
"GB","United Kingdom",1960,0.56
"GB","United Kingdom",1961,0.59
"GB","United Kingdom",1962,0.52
"GB","United Kingdom",1963,0.48
"GB","United Kingdom",1964,0.53
"GB","United Kingdom",1965,0.47
"GB","United Kingdom",1966,0.45
"GB","United Kingdom",1967,0.44
"GB","United Kingdom",1968,0.4
"GB","United Kingdom",1969,0.43
"GB","United Kingdom",1970,0.39
"GB","United Kingdom",1971,0.44
"GB","United Kingdom",1972,0.42
"GB","United Kingdom",1973,0.36
"GB","United Kingdom",1974,0.4
"GB","United Kingdom",1975,0.38
"GB","United Kingdom",1976,0.39
"GB","United Kingdom",1977,0.44
"GB","United Kingdom",1978,0.46
"GB","United Kingdom",1979,0.52
"GB","United Kingdom",1980,0.35
"GB","United Kingdom",1981,0.43
"GB","United Kingdom",1982,0.37
"GB","United Kingdom",1983,0.35
"GB","United Kingdom",1984,0.33
"GB","United Kingdom",1985,0.33
"GB","United Kingdom",1986,0.31
"GB","United Kingdom",1987,0.28
"GB","United Kingdom",1988,0.32
"GB","United Kingdom",1989,0.31
"GB","United Kingdom",1990,0.27
"GB","United Kingdom",1991,0.32
"GB","United Kingdom",1992,0.31
"GB","United Kingdom",1993,0.31
"GB","United Kingdom",1994,0.31
"GB","United Kingdom",1995,0.29
"GB","United Kingdom",1996,0.27
"GB","United Kingdom",1997,0.26
"GB","United Kingdom",1998,0.27
"GB","United Kingdom",1999,0.24
"GB","United Kingdom",2000,0.32
"GB","United Kingdom",2001,0.32
"GB","United Kingdom",2002,0.31
"GB","United Kingdom",2003,0.34
"GB","United Kingdom",2004,0.36
"GB","United Kingdom",2005,0.47
"GB","United Kingdom",2006,0.51
"GB","United Kingdom",2007,0.36
"GB","United Kingdom",2008,0.43
"GB","United Kingdom",2009,0.51
"GB","United Kingdom",2010,0.57
"GB","United Kingdom",2011,0.56
"GB","United Kingdom",2012,0.56
"GB","United Kingdom",2013,0.71
"GB","United Kingdom",2014,0.7
"GB","United Kingdom",2015,0.7
"GR","Greece",1996,0.15
"GR","Greece",1997,0.14
"GR","Greece",1998,0.15
"GR","Greece",1999,0.16
"GR","Greece",2000,0.2
"GR","Greece",2001,0.17
"GR","Greece",2002,0.21
"GR","Greece",2003,0.21
"GR","Greece",2004,0.16
"GR","Greece",2005,0.17
"GR","Greece",2006,0.17
"GR","Greece",2007,0.16
"GR","Greece",2008,0.21
"GR","Greece",2009,0.19
"GR","Greece",2010,0.17
"GR","Greece",2011,0.15
"GR","Greece",2012,0.13
"GR","Greece",2013,0.1
"GR","Greece",2014,0.11
"GR","Greece",2015,0.12
"HR","Croatia",2012,0.04
"HR","Croatia",2013,0.08
"HR","Croatia",2014,0.13
"HR","Croatia",2015,0.09
"HU","Hungary",2003,0.03
"HU","Hungary",2004,0.07
"HU","Hungary",2005,0.11
"HU","Hungary",2006,0.13
"HU","Hungary",2007,0.08
"HU","Hungary",2008,0.08
"HU","Hungary",2009,0.1
"HU","Hungary",2010,0.09
"HU","Hungary",2011,0.11
"HU","Hungary",2012,0.1
"HU","Hungary",2013,0.1
"HU","Hungary",2014,0.11
"HU","Hungary",2015,0.13
"IE","Ireland",1968,
"IE","Ireland",1974,0.09
"IE","Ireland",1975,0.09
"IE","Ireland",1976,0.1
"IE","Ireland",1977,0.09
"IE","Ireland",1978,0.2
"IE","Ireland",1979,0.19
"IE","Ireland",1980,0.16
"IE","Ireland",1981,0.16
"IE","Ireland",1982,0.27
"IE","Ireland",1983,0.2
"IE","Ireland",1984,0.22
"IE","Ireland",1985,0.24
"IE","Ireland",1986,0.28
"IE","Ireland",1987,0.19
"IE","Ireland",1988,0.2
"IE","Ireland",1989,0.17
"IE","Ireland",1990,0.16
"IE","Ireland",1991,0.19
"IE","Ireland",1992,0.16
"IE","Ireland",1993,0.2
"IE","Ireland",1994,0.25
"IE","Ireland",1995,0.28
"IE","Ireland",1996,0.31
"IE","Ireland",1997,0.32
"IE","Ireland",1998,0.3
"IE","Ireland",1999,0.31
"IE","Ireland",2000,0.3
"IE","Ireland",2001,0.33
"IE","Ireland",2002,0.4
"IE","Ireland",2003,0.4
"IE","Ireland",2004,0.39
"IE","Ireland",2005,0.42
"IE","Ireland",2006,0.54
"IE","Ireland",2007,0.55
"IE","Ireland",2008,0.59
"IE","Ireland",2009,0.55
"IE","Ireland",2010,0.52
"IE","Ireland",2011,0.51
"IE","Ireland",2012,0.47
"IE","Ireland",2013,0.46
"IE","Ireland",2014,0.38
"IE","Ireland",2015,0.32
"IL","Israel",2001,0.08
"IL","Israel",2002,0.12
"IL","Israel",2003,0.1
"IL","Israel",2004,0.07
"IL","Israel",2005,0.08
"IL","Israel",2006,0.06
"IL","Israel",2007,0.07
"IL","Israel",2008,0.07
"IL","Israel",2009,0.07
"IL","Israel",2010,0.07
"IL","Israel",2011,0.09
"IL","Israel",2012,0.07
"IL","Israel",2013,0.07
"IL","Israel",2014,0.07
"IL","Israel",2015,0.07
"IS","Iceland",1997,0
"IS","Iceland",1998,0
"IS","Iceland",1999,0.09
"IS","Iceland",2000,0.1
"IS","Iceland",2001,0.13
"IS","Iceland",2002,0.15
"IS","Iceland",2003,0.17
"IS","Iceland",2004,0.18
"IS","Iceland",2005,0.18
"IS","Iceland",2006,0.27
"IS","Iceland",2007,0.27
"IS","Iceland",2008,0.47
"IS","Iceland",2009,0.35
"IS","Iceland",2010,0.29
"IS","Iceland",2011,0.21
"IS","Iceland",2012,0.22
"IS","Iceland",2013,0.25
"IS","Iceland",2014,0.22
"IS","Iceland",2015,0.24
"IT","Italy",1960,0.22
"IT","Italy",1961,0.15
"IT","Italy",1962,0.18
"IT","Italy",1963,0.14
"IT","Italy",1964,0.09
"IT","Italy",1965,0.1
"IT","Italy",1966,0.12
"IT","Italy",1967,0.22
"IT","Italy",1968,0.19
"IT","Italy",1969,0.16
"IT","Italy",1970,0.15
"IT","Italy",1971,0.17
"IT","Italy",1972,0.08
"IT","Italy",1973,0.12
"IT","Italy",1974,0.13
"IT","Italy",1975,0.1
"IT","Italy",1976,0.12
"IT","Italy",1977,0.09
"IT","Italy",1978,0.14
"IT","Italy",1979,0.08
"IT","Italy",1980,0.15
"IT","Italy",1981,0.16
"IT","Italy",1982,0.2
"IT","Italy",1983,0.2
"IT","Italy",1984,0.28
"IT","Italy",1985,0.26
"IT","Italy",1986,0.4
"IT","Italy",1987,0.35
"IT","Italy",1988,0.39
"IT","Italy",1989,0.42
"IT","Italy",1990,0.31
"IT","Italy",1991,0.3
"IT","Italy",1992,0.34
"IT","Italy",1993,0.31
"IT","Italy",1994,0.27
"IT","Italy",1995,0.15
"IT","Italy",1996,0.2
"IT","Italy",1997,0.11
"IT","Italy",1998,0.2
"IT","Italy",1999,0.15
"IT","Italy",2000,0.13
"IT","Italy",2001,0.15
"IT","Italy",2002,0.2
"IT","Italy",2003,0.17
"IT","Italy",2004,0.15
"IT","Italy",2005,0.29
"IT","Italy",2006,0.2
"IT","Italy",2007,0.19
"IT","Italy",2008,0.22
"IT","Italy",2009,0.16
"IT","Italy",2010,0.15
"IT","Italy",2011,0.2
"IT","Italy",2012,0.14
"IT","Italy",2013,0.17
"IT","Italy",2014,0.19
"IT","Italy",2015,0.22
"JP","Japan",1960,0.24
"JP","Japan",1961,0.2
"JP","Japan",1962,0.14
"JP","Japan",1963,0.2
"JP","Japan",1964,0.14
"JP","Japan",1965,0.28
"JP","Japan",1966,0.28
"JP","Japan",1967,0.32
"JP","Japan",1968,0.25
"JP","Japan",1969,0.26
"JP","Japan",1970,0.23
"JP","Japan",1971,0.22
"JP","Japan",1972,0.2
"JP","Japan",1973,0.25
"JP","Japan",1974,0.25
"JP","Japan",1975,0.23
"JP","Japan",1976,0.2
"JP","Japan",1977,0.21
"JP","Japan",1978,0.23
"JP","Japan",1979,0.27
"JP","Japan",1980,0.32
"JP","Japan",1981,0.28
"JP","Japan",1982,0.28
"JP","Japan",1983,0.33
"JP","Japan",1984,0.34
"JP","Japan",1985,0.28
"JP","Japan",1986,0.29
"JP","Japan",1987,0.31
"JP","Japan",1988,0.32
"JP","Japan",1989,0.31
"JP","Japan",1990,0.31
"JP","Japan",1991,0.32
"JP","Japan",1992,0.3
"JP","Japan",1993,0.27
"JP","Japan",1994,0.29
"JP","Japan",1995,0.27
"JP","Japan",1996,0.2
"JP","Japan",1997,0.21
"JP","Japan",1998,0.27
"JP","Japan",1999,0.27
"JP","Japan",2000,0.28
"JP","Japan",2001,0.23
"JP","Japan",2002,0.23
"JP","Japan",2003,0.2
"JP","Japan",2004,0.19
"JP","Japan",2005,0.28
"JP","Japan",2006,0.25
"JP","Japan",2007,0.17
"JP","Japan",2008,0.19
"JP","Japan",2009,0.18
"JP","Japan",2010,0.2
"JP","Japan",2011,0.18
"JP","Japan",2012,0.17
"JP","Japan",2013,0.23
"JP","Japan",2014,0.2
"JP","Japan",2015,0.21
"KR","Korea",1987,0.02
"KR","Korea",1988,0.02
"KR","Korea",1989,0.02
"KR","Korea",1990,0.02
"KR","Korea",1991,0.02
"KR","Korea",1992,0.02
"KR","Korea",1993,0.03
"KR","Korea",1994,0.03
"KR","Korea",1995,0.02
"KR","Korea",1996,0.03
"KR","Korea",1997,0.04
"KR","Korea",1998,0.05
"KR","Korea",1999,0.07
"KR","Korea",2000,0.04
"KR","Korea",2001,0.06
"KR","Korea",2002,0.05
"KR","Korea",2003,0.06
"KR","Korea",2004,0.06
"KR","Korea",2005,0.1
"KR","Korea",2006,0.05
"KR","Korea",2007,0.07
"KR","Korea",2008,0.09
"KR","Korea",2009,0.1
"KR","Korea",2010,0.12
"KR","Korea",2011,0.12
"KR","Korea",2012,0.14
"KR","Korea",2013,0.13
"KR","Korea",2014,0.13
"KR","Korea",2015,0.14
"KW","Kuwait",2003,
"KZ","Kazakhstan",2013,0
"KZ","Kazakhstan",2014,0.02
"KZ","Kazakhstan",2015,0.03
"LI","Liechtenstein",2007,0.44
"LI","Liechtenstein",2008,0.53
"LI","Liechtenstein",2009,0.68
"LI","Liechtenstein",2010,0.62
"LI","Liechtenstein",2011,0.69
"LI","Liechtenstein",2012,0.75
"LI","Liechtenstein",2013,0.64
"LI","Liechtenstein",2014,0.5
"LT","Lithuania",2003,0.01
"LT","Lithuania",2004,0.04
"LT","Lithuania",2005,0.06
"LT","Lithuania",2006,0.08
"LT","Lithuania",2007,0.11
"LT","Lithuania",2008,0.11
"LT","Lithuania",2009,0.11
"LT","Lithuania",2010,0.11
"LT","Lithuania",2011,0.13
"LT","Lithuania",2012,0.13
"LT","Lithuania",2013,0.11
"LT","Lithuania",2014,0.1
"LT","Lithuania",2015,0.14
"LU","Luxembourg",1980,0.11
"LU","Luxembourg",1981,0.13
"LU","Luxembourg",1982,0.1
"LU","Luxembourg",1983,0.09
"LU","Luxembourg",1984,0.16
"LU","Luxembourg",1985,0.17
"LU","Luxembourg",1986,0.17
"LU","Luxembourg",1987,0.17
"LU","Luxembourg",1988,0.2
"LU","Luxembourg",1989,0.19
"LU","Luxembourg",1990,0.21
"LU","Luxembourg",1991,0.33
"LU","Luxembourg",1992,0.26
"LU","Luxembourg",1993,0.35
"LU","Luxembourg",1994,0.4
"LU","Luxembourg",1995,0.37
"LU","Luxembourg",1996,0.44
"LU","Luxembourg",1997,0.55
"LU","Luxembourg",1998,0.65
"LU","Luxembourg",1999,0.66
"LU","Luxembourg",2000,0.7
"LU","Luxembourg",2001,0.77
"LU","Luxembourg",2002,0.78
"LU","Luxembourg",2003,0.86
"LU","Luxembourg",2004,0.79
"LU","Luxembourg",2005,0.79
"LU","Luxembourg",2006,0.89
"LU","Luxembourg",2007,0.92
"LU","Luxembourg",2008,0.97
"LU","Luxembourg",2009,1.04
"LU","Luxembourg",2010,1.05
"LU","Luxembourg",2011,0.97
"LU","Luxembourg",2012,1
"LU","Luxembourg",2013,1
"LU","Luxembourg",2014,1.06
"LU","Luxembourg",2015,0.95
"LV","Latvia",2003,0.01
"LV","Latvia",2004,0.06
"LV","Latvia",2005,0.07
"LV","Latvia",2006,0.06
"LV","Latvia",2007,0.06
"LV","Latvia",2008,0.07
"LV","Latvia",2009,0.07
"LV","Latvia",2010,0.06
"LV","Latvia",2011,0.07
"LV","Latvia",2012,0.08
"LV","Latvia",2013,0.08
"LV","Latvia",2014,0.08
"LV","Latvia",2015,0.09
"MT","Malta",2009,0.18
"MT","Malta",2010,0.18
"MT","Malta",2011,0.25
"MT","Malta",2012,0.23
"MT","Malta",2013,0.2
"MT","Malta",2014,0.2
"MT","Malta",2015,0.17
"NL","Netherlands",1960,0.31
"NL","Netherlands",1961,0.45
"NL","Netherlands",1962,0.49
"NL","Netherlands",1963,0.26
"NL","Netherlands",1964,0.29
"NL","Netherlands",1965,0.36
"NL","Netherlands",1966,0.45
"NL","Netherlands",1967,0.5
"NL","Netherlands",1968,0.49
"NL","Netherlands",1969,0.5
"NL","Netherlands",1970,0.62
"NL","Netherlands",1971,0.58
"NL","Netherlands",1972,0.67
"NL","Netherlands",1973,0.53
"NL","Netherlands",1974,0.61
"NL","Netherlands",1975,0.74
"NL","Netherlands",1976,0.8
"NL","Netherlands",1977,0.81
"NL","Netherlands",1978,0.78
"NL","Netherlands",1979,0.94
"NL","Netherlands",1980,0.97
"NL","Netherlands",1981,1.07
"NL","Netherlands",1982,1.07
"NL","Netherlands",1983,0.91
"NL","Netherlands",1984,1.02
"NL","Netherlands",1985,0.91
"NL","Netherlands",1986,1.01
"NL","Netherlands",1987,0.98
"NL","Netherlands",1988,0.98
"NL","Netherlands",1989,0.94
"NL","Netherlands",1990,0.92
"NL","Netherlands",1991,0.88
"NL","Netherlands",1992,0.86
"NL","Netherlands",1993,0.82
"NL","Netherlands",1994,0.76
"NL","Netherlands",1995,0.81
"NL","Netherlands",1996,0.81
"NL","Netherlands",1997,0.81
"NL","Netherlands",1998,0.8
"NL","Netherlands",1999,0.79
"NL","Netherlands",2000,0.84
"NL","Netherlands",2001,0.82
"NL","Netherlands",2002,0.81
"NL","Netherlands",2003,0.8
"NL","Netherlands",2004,0.73
"NL","Netherlands",2005,0.82
"NL","Netherlands",2006,0.81
"NL","Netherlands",2007,0.81
"NL","Netherlands",2008,0.81
"NL","Netherlands",2009,0.82
"NL","Netherlands",2010,0.82
"NL","Netherlands",2011,0.75
"NL","Netherlands",2012,0.71
"NL","Netherlands",2013,0.67
"NL","Netherlands",2014,0.64
"NL","Netherlands",2015,0.75
"NO","Norway",1960,0.12
"NO","Norway",1961,0.14
"NO","Norway",1962,0.14
"NO","Norway",1963,0.17
"NO","Norway",1964,0.15
"NO","Norway",1965,0.16
"NO","Norway",1966,0.18
"NO","Norway",1967,0.17
"NO","Norway",1968,0.29
"NO","Norway",1969,0.3
"NO","Norway",1970,0.33
"NO","Norway",1971,0.34
"NO","Norway",1972,0.43
"NO","Norway",1973,0.45
"NO","Norway",1974,0.57
"NO","Norway",1975,0.65
"NO","Norway",1976,0.71
"NO","Norway",1977,0.84
"NO","Norway",1978,0.9
"NO","Norway",1979,0.95
"NO","Norway",1980,0.87
"NO","Norway",1981,0.85
"NO","Norway",1982,1.03
"NO","Norway",1983,1.1
"NO","Norway",1984,1.03
"NO","Norway",1985,1.01
"NO","Norway",1986,1.17
"NO","Norway",1987,1.09
"NO","Norway",1988,1.13
"NO","Norway",1989,1.05
"NO","Norway",1990,1.17
"NO","Norway",1991,1.13
"NO","Norway",1992,1.16
"NO","Norway",1993,1.01
"NO","Norway",1994,1.05
"NO","Norway",1995,0.86
"NO","Norway",1996,0.83
"NO","Norway",1997,0.84
"NO","Norway",1998,0.89
"NO","Norway",1999,0.88
"NO","Norway",2000,0.76
"NO","Norway",2001,0.8
"NO","Norway",2002,0.89
"NO","Norway",2003,0.92
"NO","Norway",2004,0.87
"NO","Norway",2005,0.94
"NO","Norway",2006,0.89
"NO","Norway",2007,0.95
"NO","Norway",2008,0.89
"NO","Norway",2009,1.06
"NO","Norway",2010,1.05
"NO","Norway",2011,0.96
"NO","Norway",2012,0.93
"NO","Norway",2013,1.07
"NO","Norway",2014,1
"NO","Norway",2015,1.05
"NZ","New Zealand",1961,0.23
"NZ","New Zealand",1962,0.18
"NZ","New Zealand",1963,0.18
"NZ","New Zealand",1964,0.19
"NZ","New Zealand",1965,0.18
"NZ","New Zealand",1966,0.17
"NZ","New Zealand",1967,0.17
"NZ","New Zealand",1968,0.21
"NZ","New Zealand",1969,0.22
"NZ","New Zealand",1970,0.23
"NZ","New Zealand",1971,0.23
"NZ","New Zealand",1972,0.25
"NZ","New Zealand",1973,0.22
"NZ","New Zealand",1974,0.32
"NZ","New Zealand",1975,0.52
"NZ","New Zealand",1976,0.41
"NZ","New Zealand",1977,0.39
"NZ","New Zealand",1978,0.34
"NZ","New Zealand",1979,0.34
"NZ","New Zealand",1980,0.33
"NZ","New Zealand",1981,0.29
"NZ","New Zealand",1982,0.28
"NZ","New Zealand",1983,0.28
"NZ","New Zealand",1984,0.25
"NZ","New Zealand",1985,0.25
"NZ","New Zealand",1986,0.3
"NZ","New Zealand",1987,0.26
"NZ","New Zealand",1988,0.27
"NZ","New Zealand",1989,0.22
"NZ","New Zealand",1990,0.23
"NZ","New Zealand",1991,0.25
"NZ","New Zealand",1992,0.26
"NZ","New Zealand",1993,0.25
"NZ","New Zealand",1994,0.24
"NZ","New Zealand",1995,0.23
"NZ","New Zealand",1996,0.21
"NZ","New Zealand",1997,0.26
"NZ","New Zealand",1998,0.27
"NZ","New Zealand",1999,0.27
"NZ","New Zealand",2000,0.25
"NZ","New Zealand",2001,0.25
"NZ","New Zealand",2002,0.22
"NZ","New Zealand",2003,0.23
"NZ","New Zealand",2004,0.23
"NZ","New Zealand",2005,0.27
"NZ","New Zealand",2006,0.27
"NZ","New Zealand",2007,0.27
"NZ","New Zealand",2008,0.3
"NZ","New Zealand",2009,0.28
"NZ","New Zealand",2010,0.26
"NZ","New Zealand",2011,0.28
"NZ","New Zealand",2012,0.28
"NZ","New Zealand",2013,0.26
"NZ","New Zealand",2014,0.27
"NZ","New Zealand",2015,0.27
"PL","Poland",1998,0.01
"PL","Poland",1999,0.01
"PL","Poland",2000,0.02
"PL","Poland",2001,0.02
"PL","Poland",2003,0.01
"PL","Poland",2004,0.05
"PL","Poland",2005,0.07
"PL","Poland",2006,0.09
"PL","Poland",2007,0.1
"PL","Poland",2008,0.08
"PL","Poland",2009,0.09
"PL","Poland",2010,0.08
"PL","Poland",2011,0.08
"PL","Poland",2012,0.09
"PL","Poland",2013,0.1
"PL","Poland",2014,0.09
"PL","Poland",2015,0.1
"PT","Portugal",1980,0.02
"PT","Portugal",1981,0.03
"PT","Portugal",1982,0.02
"PT","Portugal",1983,0.06
"PT","Portugal",1984,0.04
"PT","Portugal",1985,0.05
"PT","Portugal",1986,0.08
"PT","Portugal",1987,0.11
"PT","Portugal",1988,0.21
"PT","Portugal",1989,0.25
"PT","Portugal",1990,0.24
"PT","Portugal",1991,0.3
"PT","Portugal",1992,0.35
"PT","Portugal",1993,0.28
"PT","Portugal",1994,0.34
"PT","Portugal",1995,0.25
"PT","Portugal",1996,0.21
"PT","Portugal",1997,0.25
"PT","Portugal",1998,0.24
"PT","Portugal",1999,0.26
"PT","Portugal",2000,0.26
"PT","Portugal",2001,0.25
"PT","Portugal",2002,0.27
"PT","Portugal",2003,0.22
"PT","Portugal",2004,0.63
"PT","Portugal",2005,0.21
"PT","Portugal",2006,0.21
"PT","Portugal",2007,0.22
"PT","Portugal",2008,0.27
"PT","Portugal",2009,0.23
"PT","Portugal",2010,0.29
"PT","Portugal",2011,0.31
"PT","Portugal",2012,0.28
"PT","Portugal",2013,0.23
"PT","Portugal",2014,0.19
"PT","Portugal",2015,0.16
"RO","Romania",2008,0.09
"RO","Romania",2009,0.08
"RO","Romania",2010,0.07
"RO","Romania",2011,0.09
"RO","Romania",2012,0.09
"RO","Romania",2013,0.07
"RO","Romania",2014,0.11
"RO","Romania",2015,0.09
"RU","Russian Federation",2010,0.03
"RU","Russian Federation",2011,0.03
"RU","Russian Federation",2012,0.02
"RU","Russian Federation",2013,0.03
"RU","Russian Federation",2014,0.05
"RU","Russian Federation",2015,0.09
"SA","Saudi Arabia",2004,
"SE","Sweden",1960,0.05
"SE","Sweden",1961,0.06
"SE","Sweden",1962,0.12
"SE","Sweden",1963,0.14
"SE","Sweden",1964,0.18
"SE","Sweden",1965,0.19
"SE","Sweden",1966,0.25
"SE","Sweden",1967,0.25
"SE","Sweden",1968,0.28
"SE","Sweden",1969,0.43
"SE","Sweden",1970,0.35
"SE","Sweden",1971,0.44
"SE","Sweden",1972,0.46
"SE","Sweden",1973,0.53
"SE","Sweden",1974,0.69
"SE","Sweden",1975,0.78
"SE","Sweden",1976,0.78
"SE","Sweden",1977,0.95
"SE","Sweden",1978,0.86
"SE","Sweden",1979,0.92
"SE","Sweden",1980,0.78
"SE","Sweden",1981,0.83
"SE","Sweden",1982,1.02
"SE","Sweden",1983,0.84
"SE","Sweden",1984,0.8
"SE","Sweden",1985,0.86
"SE","Sweden",1986,0.85
"SE","Sweden",1987,0.88
"SE","Sweden",1988,0.86
"SE","Sweden",1989,0.96
"SE","Sweden",1990,0.91
"SE","Sweden",1991,0.9
"SE","Sweden",1992,1.03
"SE","Sweden",1993,0.99
"SE","Sweden",1994,0.97
"SE","Sweden",1995,0.77
"SE","Sweden",1996,0.84
"SE","Sweden",1997,0.79
"SE","Sweden",1998,0.72
"SE","Sweden",1999,0.7
"SE","Sweden",2000,0.8
"SE","Sweden",2001,0.77
"SE","Sweden",2002,0.84
"SE","Sweden",2003,0.8
"SE","Sweden",2004,0.78
"SE","Sweden",2005,0.94
"SE","Sweden",2006,1.02
"SE","Sweden",2007,0.94
"SE","Sweden",2008,0.98
"SE","Sweden",2009,1.12
"SE","Sweden",2010,0.97
"SE","Sweden",2011,1.02
"SE","Sweden",2012,0.97
"SE","Sweden",2013,1.01
"SE","Sweden",2014,1.09
"SE","Sweden",2015,1.41
"SI","Slovenia",2005,0.11
"SI","Slovenia",2006,0.12
"SI","Slovenia",2007,0.12
"SI","Slovenia",2008,0.13
"SI","Slovenia",2009,0.15
"SI","Slovenia",2010,0.13
"SI","Slovenia",2011,0.13
"SI","Slovenia",2012,0.13
"SI","Slovenia",2013,0.13
"SI","Slovenia",2014,0.13
"SI","Slovenia",2015,0.15
"SK","Slovak Republic",1999,0.04
"SK","Slovak Republic",2000,0.03
"SK","Slovak Republic",2001,0.04
"SK","Slovak Republic",2002,0.02
"SK","Slovak Republic",2003,0.05
"SK","Slovak Republic",2004,0.07
"SK","Slovak Republic",2006,0.1
"SK","Slovak Republic",2007,0.09
"SK","Slovak Republic",2008,0.1
"SK","Slovak Republic",2009,0.09
"SK","Slovak Republic",2010,0.09
"SK","Slovak Republic",2011,0.09
"SK","Slovak Republic",2012,0.09
"SK","Slovak Republic",2013,0.09
"SK","Slovak Republic",2014,0.09
"SK","Slovak Republic",2015,0.1
"TH","Thailand",2006,0.04
"TH","Thailand",2007,0.04
"TH","Thailand",2008,0.09
"TH","Thailand",2009,0.02
"TH","Thailand",2010,0
"TH","Thailand",2011,0.01
"TH","Thailand",2012,0
"TH","Thailand",2013,0.01
"TH","Thailand",2014,0.02
"TH","Thailand",2015,0.02
"TR","Turkey",1991,0.08
"TR","Turkey",1992,0.05
"TR","Turkey",1993,0.04
"TR","Turkey",1994,0.04
"TR","Turkey",1995,0.06
"TR","Turkey",1996,0.05
"TR","Turkey",1997,0.04
"TR","Turkey",1998,0.03
"TR","Turkey",1999,0.07
"TR","Turkey",2000,0.04
"TR","Turkey",2001,0.04
"TR","Turkey",2002,0.04
"TR","Turkey",2003,0.04
"TR","Turkey",2004,0.11
"TR","Turkey",2005,0.17
"TR","Turkey",2006,0.18
"TR","Turkey",2007,0.09
"TR","Turkey",2008,0.11
"TR","Turkey",2009,0.12
"TR","Turkey",2010,0.13
"TR","Turkey",2011,0.17
"TR","Turkey",2012,0.32
"TR","Turkey",2013,0.4
"TR","Turkey",2014,0.45
"TR","Turkey",2015,0.5
"TW","Taiwan",2005,0.14
"TW","Taiwan",2006,0.14
"TW","Taiwan",2007,0.13
"TW","Taiwan",2008,0.11
"TW","Taiwan",2009,0.13
"TW","Taiwan",2010,0.1
"TW","Taiwan",2011,0.09
"TW","Taiwan",2012,0.06
"TW","Taiwan",2013,0.05
"TW","Taiwan",2014,0.05
"TW","Taiwan",2015,0.05
"US","United States",1960,0.54
"US","United States",1961,0.57
"US","United States",1962,0.58
"US","United States",1963,0.6
"US","United States",1964,0.56
"US","United States",1965,0.58
"US","United States",1966,0.5
"US","United States",1967,0.41
"US","United States",1968,0.44
"US","United States",1969,0.36
"US","United States",1970,0.32
"US","United States",1971,0.29
"US","United States",1972,0.33
"US","United States",1973,0.2
"US","United States",1974,0.26
"US","United States",1975,0.27
"US","United States",1976,0.25
"US","United States",1977,0.24
"US","United States",1978,0.26
"US","United States",1979,0.19
"US","United States",1980,0.27
"US","United States",1981,0.19
"US","United States",1982,0.27
"US","United States",1983,0.24
"US","United States",1984,0.24
"US","United States",1985,0.24
"US","United States",1986,0.23
"US","United States",1987,0.2
"US","United States",1988,0.21
"US","United States",1989,0.15
"US","United States",1990,0.21
"US","United States",1991,0.2
"US","United States",1992,0.2
"US","United States",1993,0.15
"US","United States",1994,0.14
"US","United States",1995,0.1
"US","United States",1996,0.12
"US","United States",1997,0.09
"US","United States",1998,0.1
"US","United States",1999,0.1
"US","United States",2000,0.1
"US","United States",2001,0.11
"US","United States",2002,0.13
"US","United States",2003,0.15
"US","United States",2004,0.17
"US","United States",2005,0.23
"US","United States",2006,0.18
"US","United States",2007,0.16
"US","United States",2008,0.18
"US","United States",2009,0.21
"US","United States",2010,0.2
"US","United States",2011,0.2
"US","United States",2012,0.19
"US","United States",2013,0.18
"US","United States",2014,0.19
"US","United States",2015,0.17
