"series","country-year"
"id","population-rural"
"type","embedded"
"parent","population-rural-urban"
"name","Population: rural"
"columns","id, year, value"
"description","Rural population"
"default-scale","log"
"themes",
"map-theme",
"theme-order",
"global-picture-color-ramp",
"uom","unit"
"uom_display",
"source",
"calculation",
"format",
"highorlow",
"range",
"interpolated",
"missing-donor","NA"
"missing-recipient","NA"
"laymans-decription",
"laymans-heading",
"source-link",
