"id","entity-name","year","value"
"AE","UAE",2009,256126600000
"AE","UAE",2010,285910700000
"AE","UAE",2011,347516740000
"AE","UAE",2012,3.72561e+11
"AE","UAE",2013,4.02626e+11
"AE","UAE",2014,403246580000
"AE","UAE",2015,3.70569e+11
"AT","Austria",1960,6.28e+09
"AT","Austria",1961,6.95e+09
"AT","Austria",1962,7.4e+09
"AT","Austria",1963,7.97e+09
"AT","Austria",1964,8.74e+09
"AT","Austria",1965,9.52e+09
"AT","Austria",1966,1.029e+10
"AT","Austria",1967,1.089e+10
"AT","Austria",1968,1.164e+10
"AT","Austria",1969,1.277e+10
"AT","Austria",1970,1.4465e+10
"AT","Austria",1971,1.6722e+10
"AT","Austria",1972,2.0625e+10
"AT","Austria",1973,2.7569e+10
"AT","Austria",1974,3.2937e+10
"AT","Austria",1975,3.7457e+10
"AT","Austria",1976,4.0117e+10
"AT","Austria",1977,4.7751e+10
"AT","Austria",1978,5.7435e+10
"AT","Austria",1979,6.8117e+10
"AT","Austria",1980,7.6225e+10
"AT","Austria",1981,6.5797e+10
"AT","Austria",1982,6.6218e+10
"AT","Austria",1983,6.6649e+10
"AT","Austria",1984,6.4218e+10
"AT","Austria",1985,6.5926e+10
"AT","Austria",1986,9.363e+10
"AT","Austria",1987,1.16667e+11
"AT","Austria",1988,1.25786e+11
"AT","Austria",1989,125485600000
"AT","Austria",1990,157914190000
"AT","Austria",1991,162424090000
"AT","Austria",1992,183067950000
"AT","Austria",1993,181385950000
"AT","Austria",1994,195928550000
"AT","Austria",1995,231701540000
"AT","Austria",1996,229964930000
"AT","Austria",1997,203671770000
"AT","Austria",1998,209637840000
"AT","Austria",1999,206727790000
"AT","Austria",2000,187556710000
"AT","Austria",2001,185351920000
"AT","Austria",2002,203885440000
"AT","Austria",2003,250370580000
"AT","Austria",2004,290942970000
"AT","Austria",2005,301528720000
"AT","Austria",2006,319585850000
"AT","Austria",2007,363101890000
"AT","Austria",2008,400095360000
"AT","Austria",2009,378024480000
"AT","Austria",2010,374794700000
"AT","Austria",2011,416045610000
"AT","Austria",2012,394606400000
"AT","Austria",2013,428299260000
"AT","Austria",2014,434126350000
"AT","Austria",2015,374138660000
"AU","Australia",1960,1.591e+10
"AU","Australia",1961,1.612e+10
"AU","Australia",1962,1.732e+10
"AU","Australia",1963,1.889e+10
"AU","Australia",1964,2.076e+10
"AU","Australia",1965,2.243e+10
"AU","Australia",1966,2.375e+10
"AU","Australia",1967,2.609e+10
"AU","Australia",1968,2.825e+10
"AU","Australia",1969,3.134e+10
"AU","Australia",1970,3.44e+10
"AU","Australia",1971,3.8436e+10
"AU","Australia",1972,4.5424e+10
"AU","Australia",1973,6.4675e+10
"AU","Australia",1974,7.8489e+10
"AU","Australia",1975,8.4233e+10
"AU","Australia",1976,9.2516e+10
"AU","Australia",1977,9.5301e+10
"AU","Australia",1978,1.07583e+11
"AU","Australia",1979,1.19088e+11
"AU","Australia",1980,1.38023e+11
"AU","Australia",1981,1.58062e+11
"AU","Australia",1982,1.57293e+11
"AU","Australia",1983,1.53802e+11
"AU","Australia",1984,1.7256e+11
"AU","Australia",1985,1.5504e+11
"AU","Australia",1986,1.6154e+11
"AU","Australia",1987,1.87124e+11
"AU","Australia",1988,2.38884e+11
"AU","Australia",1989,2.7111e+11
"AU","Australia",1990,2.80813e+11
"AU","Australia",1991,2.79739e+11
"AU","Australia",1992,277231690000
"AU","Australia",1993,274709440000
"AU","Australia",1994,3.19533e+11
"AU","Australia",1995,348678870000
"AU","Australia",1996,392472390000
"AU","Australia",1997,392266760000
"AU","Australia",1998,353989200000
"AU","Australia",1999,382002320000
"AU","Australia",2000,370209090000
"AU","Australia",2001,346482380000
"AU","Australia",2002,386825070000
"AU","Australia",2003,492962050000
"AU","Australia",2004,595629780000
"AU","Australia",2005,678650980000
"AU","Australia",2006,719553430000
"AU","Australia",2007,827212180000
"AU","Australia",2008,934808310000
"AU","Australia",2009,940528910000
"AU","Australia",2010,1185552190000
"AU","Australia",2011,1450350800000
"AU","Australia",2012,1496885090000
"AU","Australia",2013,1464361920000
"AU","Australia",2014,1.394293e+12
"AU","Australia",2015,1200091670000
"BE","Belgium",1960,1.143e+10
"BE","Belgium",1961,1.213e+10
"BE","Belgium",1962,1.296e+10
"BE","Belgium",1963,1.392e+10
"BE","Belgium",1964,1.557e+10
"BE","Belgium",1965,1.698e+10
"BE","Belgium",1966,1.825e+10
"BE","Belgium",1967,1.956e+10
"BE","Belgium",1968,2.09e+10
"BE","Belgium",1969,2.32e+10
"BE","Belgium",1970,2.5836e+10
"BE","Belgium",1971,2.9081e+10
"BE","Belgium",1972,3.5271e+10
"BE","Belgium",1973,4.588e+10
"BE","Belgium",1974,5.3985e+10
"BE","Belgium",1975,6.3235e+10
"BE","Belgium",1976,6.8457e+10
"BE","Belgium",1977,7.9456e+10
"BE","Belgium",1978,9.7402e+10
"BE","Belgium",1979,1.1094e+11
"BE","Belgium",1980,1.19724e+11
"BE","Belgium",1981,9.7561e+10
"BE","Belgium",1982,8.6103e+10
"BE","Belgium",1983,8.1609e+10
"BE","Belgium",1984,7.759e+10
"BE","Belgium",1985,8.0447e+10
"BE","Belgium",1986,1.14911e+11
"BE","Belgium",1987,1.43408e+11
"BE","Belgium",1988,1.52415e+11
"BE","Belgium",1989,1.53512e+11
"BE","Belgium",1990,195097500000
"BE","Belgium",1991,200673300000
"BE","Belgium",1992,2.22609e+11
"BE","Belgium",1993,2.0746e+11
"BE","Belgium",1994,228925730000
"BE","Belgium",1995,269991720000
"BE","Belgium",1996,266662380000
"BE","Belgium",1997,246014920000
"BE","Belgium",1998,2.50628e+11
"BE","Belgium",1999,250384080000
"BE","Belgium",2000,229121480000
"BE","Belgium",2001,235472860000
"BE","Belgium",2002,2.47789e+11
"BE","Belgium",2003,307995710000
"BE","Belgium",2004,357207110000
"BE","Belgium",2005,373468800000
"BE","Belgium",2006,395970880000
"BE","Belgium",2007,457796030000
"BE","Belgium",2008,498460980000
"BE","Belgium",2009,474489630000
"BE","Belgium",2010,469576160000
"BE","Belgium",2011,523485400000
"BE","Belgium",2012,487750640000
"BE","Belgium",2013,507543160000
"BE","Belgium",2014,528308350000
"BE","Belgium",2015,457652800000
"BG","Bulgaria",2010,46501150000
"BG","Bulgaria",2011,52104700000
"BG","Bulgaria",2012,49757680000
"BG","Bulgaria",2013,5.1136e+10
"BG","Bulgaria",2014,5.4e+10
"BG","Bulgaria",2015,4.7651e+10
"CA","Canada",1960,3.963e+10
"CA","Canada",1961,3.9141e+10
"CA","Canada",1962,4.016e+10
"CA","Canada",1963,4.2533e+10
"CA","Canada",1964,4.6556e+10
"CA","Canada",1965,5.1212e+10
"CA","Canada",1966,5.7191e+10
"CA","Canada",1967,6.1428e+10
"CA","Canada",1968,6.7142e+10
"CA","Canada",1969,7.3834e+10
"CA","Canada",1970,8.2074e+10
"CA","Canada",1971,9.3533e+10
"CA","Canada",1972,1.06222e+11
"CA","Canada",1973,1.23498e+11
"CA","Canada",1974,1.50847e+11
"CA","Canada",1975,1.62631e+11
"CA","Canada",1976,1.94191e+11
"CA","Canada",1977,1.97604e+11
"CA","Canada",1978,2.01988e+11
"CA","Canada",1979,2.22217e+11
"CA","Canada",1980,2.47891e+11
"CA","Canada",1981,2.76368e+11
"CA","Canada",1982,2.89049e+11
"CA","Canada",1983,3.16732e+11
"CA","Canada",1984,3.24971e+11
"CA","Canada",1985,3.32277e+11
"CA","Canada",1986,3.51499e+11
"CA","Canada",1987,4.02025e+11
"CA","Canada",1988,4.71528e+11
"CA","Canada",1989,5.28864e+11
"CA","Canada",1990,5.60135e+11
"CA","Canada",1991,5.72541e+11
"CA","Canada",1992,5.48017e+11
"CA","Canada",1993,5.31735e+11
"CA","Canada",1994,527173250000
"CA","Canada",1995,547820500000
"CA","Canada",1996,565934190000
"CA","Canada",1997,597982670000
"CA","Canada",1998,577021910000
"CA","Canada",1999,615569840000
"CA","Canada",2000,684489930000
"CA","Canada",2001,7.05403e+11
"CA","Canada",2002,718191080000
"CA","Canada",2003,853583320000
"CA","Canada",2004,970535700000
"CA","Canada",2005,1113119580000
"CA","Canada",2006,1253806750000
"CA","Canada",2007,1409734710000
"CA","Canada",2008,1473432530000
"CA","Canada",2009,1319734440000
"CA","Canada",2010,1549596190000
"CA","Canada",2011,1707439090000
"CA","Canada",2012,1788787030000
"CA","Canada",2013,1799142880000
"CA","Canada",2014,1759416130000
"CA","Canada",2015,1529870140000
"CH","Switzerland",1960,8.58e+09
"CH","Switzerland",1961,9.61e+09
"CH","Switzerland",1962,1.065e+10
"CH","Switzerland",1963,1.166e+10
"CH","Switzerland",1964,1.286e+10
"CH","Switzerland",1965,1.386e+10
"CH","Switzerland",1966,1.494e+10
"CH","Switzerland",1967,1.59e+10
"CH","Switzerland",1968,1.72e+10
"CH","Switzerland",1969,1.877e+10
"CH","Switzerland",1970,2.1479e+10
"CH","Switzerland",1971,2.5757e+10
"CH","Switzerland",1972,3.1559e+10
"CH","Switzerland",1973,4.2488e+10
"CH","Switzerland",1974,4.917e+10
"CH","Switzerland",1975,5.6027e+10
"CH","Switzerland",1976,5.8881e+10
"CH","Switzerland",1977,6.3199e+10
"CH","Switzerland",1978,8.8084e+10
"CH","Switzerland",1979,9.935e+10
"CH","Switzerland",1980,1.05833e+11
"CH","Switzerland",1981,9.8755e+10
"CH","Switzerland",1982,1.01054e+11
"CH","Switzerland",1983,1.018e+11
"CH","Switzerland",1984,9.6051e+10
"CH","Switzerland",1985,9.7214e+10
"CH","Switzerland",1986,1.41481e+11
"CH","Switzerland",1987,1.78561e+11
"CH","Switzerland",1988,1.93217e+11
"CH","Switzerland",1989,186576200000
"CH","Switzerland",1990,250002210000
"CH","Switzerland",1991,253176210000
"CH","Switzerland",1992,262831400000
"CH","Switzerland",1993,256743020000
"CH","Switzerland",1994,281970240000
"CH","Switzerland",1995,332883600000
"CH","Switzerland",1996,321549130000
"CH","Switzerland",1997,285673700000
"CH","Switzerland",1998,293627290000
"CH","Switzerland",1999,290546850000
"CH","Switzerland",2000,274636100000
"CH","Switzerland",2001,274307270000
"CH","Switzerland",2002,295931960000
"CH","Switzerland",2003,359253710000
"CH","Switzerland",2004,400233650000
"CH","Switzerland",2005,419990940000
"CH","Switzerland",2006,438525670000
"CH","Switzerland",2007,454419110000
"CH","Switzerland",2008,483158170000
"CH","Switzerland",2009,522959310000
"CH","Switzerland",2010,585186940000
"CH","Switzerland",2011,665510940000
"CH","Switzerland",2012,652777350000
"CH","Switzerland",2013,697845700000
"CH","Switzerland",2014,697585630000
"CH","Switzerland",2015,686202930000
"CY","Cyprus",2005,16354410000
"CY","Cyprus",2006,17909620000
"CY","Cyprus",2007,20547410000
"CY","Cyprus",2008,22686930000
"CY","Cyprus",2009,23175460000
"CY","Cyprus",2010,22539470000
"CY","Cyprus",2011,23853870000
"CY","Cyprus",2012,22088430000
"CY","Cyprus",2013,20769790000
"CY","Cyprus",2014,1.9776e+10
"CY","Cyprus",2015,20342170000
"CZ","Czech Republic",1998,5.67e+10
"CZ","Czech Republic",1999,5.3e+10
"CZ","Czech Republic",2000,4.95e+10
"CZ","Czech Republic",2001,5.5151e+10
"CZ","Czech Republic",2002,69513690000
"CZ","Czech Republic",2003,81305690000
"CZ","Czech Republic",2004,101610830000
"CZ","Czech Republic",2005,118557650000
"CZ","Czech Republic",2006,133902430000
"CZ","Czech Republic",2007,163067700000
"CZ","Czech Republic",2008,200660410000
"CZ","Czech Republic",2009,179629580000
"CZ","Czech Republic",2010,179721690000
"CZ","Czech Republic",2011,200934290000
"CZ","Czech Republic",2012,182257160000
"CZ","Czech Republic",2013,185365030000
"CZ","Czech Republic",2014,189164650000
"CZ","Czech Republic",2015,169115910000
"dac-countries-total","DAC Countries, Total",1960,9.11453e+11
"dac-countries-total","DAC Countries, Total",1961,9.77937e+11
"dac-countries-total","DAC Countries, Total",1962,1.057381e+12
"dac-countries-total","DAC Countries, Total",1963,1.13385e+12
"dac-countries-total","DAC Countries, Total",1964,1.236914e+12
"dac-countries-total","DAC Countries, Total",1965,1.342567e+12
"dac-countries-total","DAC Countries, Total",1966,1.466325e+12
"dac-countries-total","DAC Countries, Total",1967,1.566033e+12
"dac-countries-total","DAC Countries, Total",1968,1.694027e+12
"dac-countries-total","DAC Countries, Total",1969,1.858606e+12
"dac-countries-total","DAC Countries, Total",1970,2.038247e+12
"dac-countries-total","DAC Countries, Total",1971,2.265002e+12
"dac-countries-total","DAC Countries, Total",1972,2.619417e+12
"dac-countries-total","DAC Countries, Total",1973,3.172147e+12
"dac-countries-total","DAC Countries, Total",1974,3.510243e+12
"dac-countries-total","DAC Countries, Total",1975,3.914825e+12
"dac-countries-total","DAC Countries, Total",1976,4.251305e+12
"dac-countries-total","DAC Countries, Total",1977,4.801686e+12
"dac-countries-total","DAC Countries, Total",1978,5.780182e+12
"dac-countries-total","DAC Countries, Total",1979,6.586236e+12
"dac-countries-total","DAC Countries, Total",1980,7.586096e+12
"dac-countries-total","DAC Countries, Total",1981,7.673349e+12
"dac-countries-total","DAC Countries, Total",1982,7.583042e+12
"dac-countries-total","DAC Countries, Total",1983,7.847062e+12
"dac-countries-total","DAC Countries, Total",1984,8.20936e+12
"dac-countries-total","DAC Countries, Total",1985,8676390700000
"dac-countries-total","DAC Countries, Total",1986,10651471720000
"dac-countries-total","DAC Countries, Total",1987,12506848480000
"dac-countries-total","DAC Countries, Total",1988,14038892790000
"dac-countries-total","DAC Countries, Total",1989,14567265100000
"dac-countries-total","DAC Countries, Total",1990,16341898990000
"dac-countries-total","DAC Countries, Total",1991,17477262250000
"dac-countries-total","DAC Countries, Total",1992,18742248550000
"dac-countries-total","DAC Countries, Total",1993,19186818780000
"dac-countries-total","DAC Countries, Total",1994,20562167800000
"dac-countries-total","DAC Countries, Total",1995,22854958800000
"dac-countries-total","DAC Countries, Total",1996,23041029890000
"dac-countries-total","DAC Countries, Total",1997,23095488120000
"dac-countries-total","DAC Countries, Total",1998,23744488790000
"dac-countries-total","DAC Countries, Total",1999,24522764460000
"dac-countries-total","DAC Countries, Total",2000,24877731840000
"dac-countries-total","DAC Countries, Total",2001,24598670900000
"dac-countries-total","DAC Countries, Total",2002,25502674680000
"dac-countries-total","DAC Countries, Total",2003,28803073840000
"dac-countries-total","DAC Countries, Total",2004,32007741920000
"dac-countries-total","DAC Countries, Total",2005,33676887960000
"dac-countries-total","DAC Countries, Total",2006,35651722990000
"dac-countries-total","DAC Countries, Total",2007,38899116670000
"dac-countries-total","DAC Countries, Total",2008,41309001240000
"dac-countries-total","DAC Countries, Total",2009,39234800720000
"dac-countries-total","DAC Countries, Total",2010,40958628170000
"dac-countries-total","DAC Countries, Total",2011,43990295510000
"dac-countries-total","DAC Countries, Total",2012,44538626250000
"dac-countries-total","DAC Countries, Total",2013,45212922580000
"dac-countries-total","DAC Countries, Total",2014,46339933900000
"dac-countries-total","DAC Countries, Total",2015,43778587760000
"dac-eu-members-total","DAC EU Members, Total",1960,2.88363e+11
"dac-eu-members-total","DAC EU Members, Total",1961,3.22556e+11
"dac-eu-members-total","DAC EU Members, Total",1962,3.51815e+11
"dac-eu-members-total","DAC EU Members, Total",1963,3.82875e+11
"dac-eu-members-total","DAC EU Members, Total",1964,4.2228e+11
"dac-eu-members-total","DAC EU Members, Total",1965,4.577e+11
"dac-eu-members-total","DAC EU Members, Total",1966,4.9224e+11
"dac-eu-members-total","DAC EU Members, Total",1967,5.19265e+11
"dac-eu-members-total","DAC EU Members, Total",1968,5.44495e+11
"dac-eu-members-total","DAC EU Members, Total",1969,6.05152e+11
"dac-eu-members-total","DAC EU Members, Total",1970,6.83153e+11
"dac-eu-members-total","DAC EU Members, Total",1971,7.74561e+11
"dac-eu-members-total","DAC EU Members, Total",1972,9.21356e+11
"dac-eu-members-total","DAC EU Members, Total",1973,1.165112e+12
"dac-eu-members-total","DAC EU Members, Total",1974,1.293592e+12
"dac-eu-members-total","DAC EU Members, Total",1975,1.513986e+12
"dac-eu-members-total","DAC EU Members, Total",1976,1.572927e+12
"dac-eu-members-total","DAC EU Members, Total",1977,1.779363e+12
"dac-eu-members-total","DAC EU Members, Total",1978,2.188563e+12
"dac-eu-members-total","DAC EU Members, Total",1979,2.650517e+12
"dac-eu-members-total","DAC EU Members, Total",1980,3.324309e+12
"dac-eu-members-total","DAC EU Members, Total",1981,2.933713e+12
"dac-eu-members-total","DAC EU Members, Total",1982,2.801405e+12
"dac-eu-members-total","DAC EU Members, Total",1983,2.716765e+12
"dac-eu-members-total","DAC EU Members, Total",1984,2.606001e+12
"dac-eu-members-total","DAC EU Members, Total",1985,2695582700000
"dac-eu-members-total","DAC EU Members, Total",1986,3721509720000
"dac-eu-members-total","DAC EU Members, Total",1987,4604433480000
"dac-eu-members-total","DAC EU Members, Total",1988,5118737790000
"dac-eu-members-total","DAC EU Members, Total",1989,5210820350000
"dac-eu-members-total","DAC EU Members, Total",1990,6435655440000
"dac-eu-members-total","DAC EU Members, Total",1991,6884919520000
"dac-eu-members-total","DAC EU Members, Total",1992,7504844530000
"dac-eu-members-total","DAC EU Members, Total",1993,6825748200000
"dac-eu-members-total","DAC EU Members, Total",1994,7300201060000
"dac-eu-members-total","DAC EU Members, Total",1995,8335185480000
"dac-eu-members-total","DAC EU Members, Total",1996,8607843700000
"dac-eu-members-total","DAC EU Members, Total",1997,8149071860000
"dac-eu-members-total","DAC EU Members, Total",1998,8662003360000
"dac-eu-members-total","DAC EU Members, Total",1999,8725096240000
"dac-eu-members-total","DAC EU Members, Total",2000,8084053930000
"dac-eu-members-total","DAC EU Members, Total",2001,8167339480000
"dac-eu-members-total","DAC EU Members, Total",2002,8744841820000
"dac-eu-members-total","DAC EU Members, Total",2003,10828476680000
"dac-eu-members-total","DAC EU Members, Total",2004,12589618730000
"dac-eu-members-total","DAC EU Members, Total",2005,13227858660000
"dac-eu-members-total","DAC EU Members, Total",2006,14161912700000
"dac-eu-members-total","DAC EU Members, Total",2007,16256436820000
"dac-eu-members-total","DAC EU Members, Total",2008,17455143880000
"dac-eu-members-total","DAC EU Members, Total",2009,15916068840000
"dac-eu-members-total","DAC EU Members, Total",2010,15798862860000
"dac-eu-members-total","DAC EU Members, Total",2011,17090415040000
"dac-eu-members-total","DAC EU Members, Total",2012,16139756360000
"dac-eu-members-total","DAC EU Members, Total",2013,16924676330000
"dac-eu-members-total","DAC EU Members, Total",2014,17745224630000
"dac-eu-members-total","DAC EU Members, Total",2015,15576640340000
"DE","Germany",1960,7.2143e+10
"DE","Germany",1961,8.2166e+10
"DE","Germany",1962,9.0125e+10
"DE","Germany",1963,9.5525e+10
"DE","Germany",1964,1.049e+11
"DE","Germany",1965,1.1455e+11
"DE","Germany",1966,1.2185e+11
"DE","Germany",1967,1.23425e+11
"DE","Germany",1968,1.33425e+11
"DE","Germany",1969,1.525e+11
"DE","Germany",1970,1.84617e+11
"DE","Germany",1971,2.15354e+11
"DE","Germany",1972,2.56043e+11
"DE","Germany",1973,3.44286e+11
"DE","Germany",1974,3.80585e+11
"DE","Germany",1975,4.17929e+11
"DE","Germany",1976,4.47384e+11
"DE","Germany",1977,5.16518e+11
"DE","Germany",1978,6.43099e+11
"DE","Germany",1979,7.6192e+11
"DE","Germany",1980,8.1368e+11
"DE","Germany",1981,6.83673e+11
"DE","Germany",1982,6.57595e+11
"DE","Germany",1983,6.55839e+11
"DE","Germany",1984,6.196e+11
"DE","Germany",1985,6.23471e+11
"DE","Germany",1986,8.97734e+11
"DE","Germany",1987,1.123401e+12
"DE","Germany",1988,1.206495e+12
"DE","Germany",1989,1.20151e+12
"DE","Germany",1990,1.501207e+12
"DE","Germany",1991,1.7792e+12
"DE","Germany",1992,2.0331e+12
"DE","Germany",1993,1.9638e+12
"DE","Germany",1994,2.0844e+12
"DE","Germany",1995,2.4447e+12
"DE","Germany",1996,2.3731e+12
"DE","Germany",1997,2.1098e+12
"DE","Germany",1998,2.14198e+12
"DE","Germany",1999,2090325220000
"DE","Germany",2000,1.862363e+12
"DE","Germany",2001,1841098840000
"DE","Germany",2002,1987399870000
"DE","Germany",2003,2388656650000
"DE","Germany",2004,2729146480000
"DE","Germany",2005,2797874720000
"DE","Germany",2006,2930802060000
"DE","Germany",2007,3350294320000
"DE","Germany",2008,3652012120000
"DE","Germany",2009,3403356080000
"DE","Germany",2010,3357986750000
"DE","Germany",2011,3643534480000
"DE","Germany",2012,3480604110000
"DE","Germany",2013,3735767390000
"DE","Germany",2014,3956253150000
"DE","Germany",2015,3429093730000
"DK","Denmark",1960,5.95e+09
"DK","Denmark",1961,6.6e+09
"DK","Denmark",1962,7.44e+09
"DK","Denmark",1963,7.91e+09
"DK","Denmark",1964,9.04e+09
"DK","Denmark",1965,1.016e+10
"DK","Denmark",1966,1.115e+10
"DK","Denmark",1967,1.21e+10
"DK","Denmark",1968,1.24e+10
"DK","Denmark",1969,1.418e+10
"DK","Denmark",1970,1.5789e+10
"DK","Denmark",1971,1.7623e+10
"DK","Denmark",1972,2.1583e+10
"DK","Denmark",1973,2.8437e+10
"DK","Denmark",1974,3.156e+10
"DK","Denmark",1975,3.7345e+10
"DK","Denmark",1976,4.1234e+10
"DK","Denmark",1977,4.6016e+10
"DK","Denmark",1978,5.563e+10
"DK","Denmark",1979,6.4685e+10
"DK","Denmark",1980,6.4675e+10
"DK","Denmark",1981,5.5466e+10
"DK","Denmark",1982,5.395e+10
"DK","Denmark",1983,5.4369e+10
"DK","Denmark",1984,5.2757e+10
"DK","Denmark",1985,5.4827e+10
"DK","Denmark",1986,7.85e+10
"DK","Denmark",1987,9.8107e+10
"DK","Denmark",1988,1.03353e+11
"DK","Denmark",1989,100279200000
"DK","Denmark",1990,124045870000
"DK","Denmark",1991,1.24851e+11
"DK","Denmark",1992,1.35881e+11
"DK","Denmark",1993,1.296e+11
"DK","Denmark",1994,1.407e+11
"DK","Denmark",1995,1.68564e+11
"DK","Denmark",1996,169707800000
"DK","Denmark",1997,168001500000
"DK","Denmark",1998,171367300000
"DK","Denmark",1999,171861200000
"DK","Denmark",2000,156876500000
"DK","Denmark",2001,158659300000
"DK","Denmark",2002,170436690000
"DK","Denmark",2003,208619650000
"DK","Denmark",2004,240473980000
"DK","Denmark",2005,259825640000
"DK","Denmark",2006,280147740000
"DK","Denmark",2007,317271160000
"DK","Denmark",2008,342964300000
"DK","Denmark",2009,319162070000
"DK","Denmark",2010,315791920000
"DK","Denmark",2011,343981610000
"DK","Denmark",2012,324409580000
"DK","Denmark",2013,343665190000
"DK","Denmark",2014,350846820000
"DK","Denmark",2015,302768760000
"EE","Estonia",2004,1.0509e+10
"EE","Estonia",2005,12416300000
"EE","Estonia",2006,15836400000
"EE","Estonia",2007,20052400000
"EE","Estonia",2008,21659640000
"EE","Estonia",2009,18544550000
"EE","Estonia",2010,18336470000
"EE","Estonia",2011,21075770000
"EE","Estonia",2012,21848590000
"EE","Estonia",2013,24251890000
"EE","Estonia",2014,25876500000
"EE","Estonia",2015,22000220000
"ES","Spain",1980,2.102e+11
"ES","Spain",1981,1.829e+11
"ES","Spain",1982,1.774e+11
"ES","Spain",1983,1.564e+11
"ES","Spain",1984,1.59e+11
"ES","Spain",1985,1.642e+11
"ES","Spain",1986,2.284e+11
"ES","Spain",1987,2.858e+11
"ES","Spain",1988,3.445e+11
"ES","Spain",1989,3.8e+11
"ES","Spain",1990,4.856e+11
"ES","Spain",1991,521983090000
"ES","Spain",1992,567153750000
"ES","Spain",1993,473575910000
"ES","Spain",1994,471404880000
"ES","Spain",1995,5.54742e+11
"ES","Spain",1996,573618880000
"ES","Spain",1997,524284620000
"ES","Spain",1998,564789590000
"ES","Spain",1999,592319520000
"ES","Spain",2000,5.5206e+11
"ES","Spain",2001,573663800000
"ES","Spain",2002,651732540000
"ES","Spain",2003,839493370000
"ES","Spain",2004,1018232080000
"ES","Spain",2005,1110073330000
"ES","Spain",2006,1210297480000
"ES","Spain",2007,1400260100000
"ES","Spain",2008,1537455650000
"ES","Spain",2009,1433701430000
"ES","Spain",2010,1388744370000
"ES","Spain",2011,1457356790000
"ES","Spain",2012,1307226220000
"ES","Spain",2013,1350268190000
"ES","Spain",2014,1396105880000
"ES","Spain",2015,1196294640000
"FI","Finland",1960,0
"FI","Finland",1961,5.5e+09
"FI","Finland",1962,5.88e+09
"FI","Finland",1963,6.4e+09
"FI","Finland",1964,7.33e+09
"FI","Finland",1965,8.03e+09
"FI","Finland",1966,8.63e+09
"FI","Finland",1967,8.67e+09
"FI","Finland",1968,8.06e+09
"FI","Finland",1969,9.314e+09
"FI","Finland",1970,1.079e+10
"FI","Finland",1971,1.1892e+10
"FI","Finland",1972,1.3983e+10
"FI","Finland",1973,1.8463e+10
"FI","Finland",1974,2.3587e+10
"FI","Finland",1975,2.7936e+10
"FI","Finland",1976,2.9995e+10
"FI","Finland",1977,3.1648e+10
"FI","Finland",1978,3.4244e+10
"FI","Finland",1979,4.2166e+10
"FI","Finland",1980,5.0781e+10
"FI","Finland",1981,4.9621e+10
"FI","Finland",1982,4.9763e+10
"FI","Finland",1983,4.8321e+10
"FI","Finland",1984,5.013e+10
"FI","Finland",1985,52377700000
"FI","Finland",1986,68562720000
"FI","Finland",1987,86030480000
"FI","Finland",1988,101900790000
"FI","Finland",1989,110623400000
"FI","Finland",1990,130855130000
"FI","Finland",1991,116571360000
"FI","Finland",1992,100701740000
"FI","Finland",1993,78665970000
"FI","Finland",1994,93827470000
"FI","Finland",1995,124548320000
"FI","Finland",1996,1.23893e+11
"FI","Finland",1997,1.20075e+11
"FI","Finland",1998,1.25852e+11
"FI","Finland",1999,1.26281e+11
"FI","Finland",2000,119307190000
"FI","Finland",2001,120204190000
"FI","Finland",2002,131348600000
"FI","Finland",2003,160403300000
"FI","Finland",2004,185360910000
"FI","Finland",2005,1.95558e+11
"FI","Finland",2006,210778210000
"FI","Finland",2007,249026690000
"FI","Finland",2008,265846420000
"FI","Finland",2009,237920270000
"FI","Finland",2010,242168210000
"FI","Finland",2011,2.64729e+11
"FI","Finland",2012,247176010000
"FI","Finland",2013,268120020000
"FI","Finland",2014,275149260000
"FI","Finland",2015,233972270000
"FR","France",1960,6.108e+10
"FR","France",1961,6.65e+10
"FR","France",1962,7.437e+10
"FR","France",1963,8.345e+10
"FR","France",1964,9.25e+10
"FR","France",1965,9.922e+10
"FR","France",1966,1.0786e+11
"FR","France",1967,1.1642e+11
"FR","France",1968,1.2761e+11
"FR","France",1969,1.4176e+11
"FR","France",1970,1.41677e+11
"FR","France",1971,1.58343e+11
"FR","France",1972,1.95297e+11
"FR","France",1973,2.50837e+11
"FR","France",1974,2.66788e+11
"FR","France",1975,3.39724e+11
"FR","France",1976,3.52378e+11
"FR","France",1977,3.85133e+11
"FR","France",1978,4.76592e+11
"FR","France",1979,5.77226e+11
"FR","France",1980,6.59566e+11
"FR","France",1981,5.75858e+11
"FR","France",1982,5.44904e+11
"FR","France",1983,5.18665e+11
"FR","France",1984,4.8937e+11
"FR","France",1985,5.103e+11
"FR","France",1986,7.242e+11
"FR","France",1987,8.798e+11
"FR","France",1988,9.49908e+11
"FR","France",1989,9.5814e+11
"FR","France",1990,1.19062e+12
"FR","France",1991,1.19957e+12
"FR","France",1992,1.31991e+12
"FR","France",1993,1.25187e+12
"FR","France",1994,1.371995e+12
"FR","France",1995,1.546842e+12
"FR","France",1996,1.545441e+12
"FR","France",1997,1.441994e+12
"FR","France",1998,1.496113e+12
"FR","France",1999,1.47813e+12
"FR","France",2000,1.346565e+12
"FR","France",2001,1.35672e+12
"FR","France",2002,1.463376e+12
"FR","France",2003,1.799115e+12
"FR","France",2004,2.058806e+12
"FR","France",2005,2117069350000
"FR","France",2006,2266599720000
"FR","France",2007,2603832990000
"FR","France",2008,2831457160000
"FR","France",2009,2677753950000
"FR","France",2010,2606748450000
"FR","France",2011,2828439930000
"FR","France",2012,2657069410000
"FR","France",2013,2793907040000
"FR","France",2014,2885067470000
"FR","France",2015,2458662560000
"g7-countries-total","G7 Countries, Total",1960,8.34493e+11
"g7-countries-total","G7 Countries, Total",1961,8.85607e+11
"g7-countries-total","G7 Countries, Total",1962,9.57485e+11
"g7-countries-total","G7 Countries, Total",1963,1.025498e+12
"g7-countries-total","G7 Countries, Total",1964,1.115526e+12
"g7-countries-total","G7 Countries, Total",1965,1.209492e+12
"g7-countries-total","G7 Countries, Total",1966,1.322851e+12
"g7-countries-total","G7 Countries, Total",1967,1.411593e+12
"g7-countries-total","G7 Countries, Total",1968,1.530777e+12
"g7-countries-total","G7 Countries, Total",1969,1.677382e+12
"g7-countries-total","G7 Countries, Total",1970,1.833222e+12
"g7-countries-total","G7 Countries, Total",1971,2.032094e+12
"g7-countries-total","G7 Countries, Total",1972,2.339208e+12
"g7-countries-total","G7 Countries, Total",1973,2.800802e+12
"g7-countries-total","G7 Countries, Total",1974,3.068768e+12
"g7-countries-total","G7 Countries, Total",1975,3.404255e+12
"g7-countries-total","G7 Countries, Total",1976,3.698983e+12
"g7-countries-total","G7 Countries, Total",1977,4.185369e+12
"g7-countries-total","G7 Countries, Total",1978,5.04365e+12
"g7-countries-total","G7 Countries, Total",1979,5.736046e+12
"g7-countries-total","G7 Countries, Total",1980,6.403633e+12
"g7-countries-total","G7 Countries, Total",1981,6.590394e+12
"g7-countries-total","G7 Countries, Total",1982,6.535597e+12
"g7-countries-total","G7 Countries, Total",1983,6.846948e+12
"g7-countries-total","G7 Countries, Total",1984,7.207302e+12
"g7-countries-total","G7 Countries, Total",1985,7.66413e+12
"g7-countries-total","G7 Countries, Total",1986,9.311119e+12
"g7-countries-total","G7 Countries, Total",1987,1.0722365e+13
"g7-countries-total","G7 Countries, Total",1988,1.1989871e+13
"g7-countries-total","G7 Countries, Total",1989,1.2397609e+13
"g7-countries-total","G7 Countries, Total",1990,13698260940000
"g7-countries-total","G7 Countries, Total",1991,1.4716301e+13
"g7-countries-total","G7 Countries, Total",1992,1.5807886e+13
"g7-countries-total","G7 Countries, Total",1993,16449563810000
"g7-countries-total","G7 Countries, Total",1994,17581953380000
"g7-countries-total","G7 Countries, Total",1995,19308452290000
"g7-countries-total","G7 Countries, Total",1996,19247113470000
"g7-countries-total","G7 Countries, Total",1997,19032130080000
"g7-countries-total","G7 Countries, Total",1998,19532857510000
"g7-countries-total","G7 Countries, Total",1999,20660947600000
"g7-countries-total","G7 Countries, Total",2000,21121561220000
"g7-countries-total","G7 Countries, Total",2001,20822005460000
"g7-countries-total","G7 Countries, Total",2002,21493826030000
"g7-countries-total","G7 Countries, Total",2003,23681318200000
"g7-countries-total","G7 Countries, Total",2004,26022478360000
"g7-countries-total","G7 Countries, Total",2005,27096232080000
"g7-countries-total","G7 Countries, Total",2006,28467542160000
"g7-countries-total","G7 Countries, Total",2007,30675954410000
"g7-countries-total","G7 Countries, Total",2008,32314440490000
"g7-countries-total","G7 Countries, Total",2009,30896561050000
"g7-countries-total","G7 Countries, Total",2010,32082730730000
"g7-countries-total","G7 Countries, Total",2011,34121137350000
"g7-countries-total","G7 Countries, Total",2012,35035739460000
"g7-countries-total","G7 Countries, Total",2013,35228610420000
"g7-countries-total","G7 Countries, Total",2014,36100907220000
"g7-countries-total","G7 Countries, Total",2015,34671613850000
"GB","United Kingdom",1960,7.228e+10
"GB","United Kingdom",1961,7.721e+10
"GB","United Kingdom",1962,8.114e+10
"GB","United Kingdom",1963,8.631e+10
"GB","United Kingdom",1964,9.367e+10
"GB","United Kingdom",1965,1.0058e+11
"GB","United Kingdom",1966,1.072e+11
"GB","United Kingdom",1967,1.1104e+11
"GB","United Kingdom",1968,1.0391e+11
"GB","United Kingdom",1969,1.11558e+11
"GB","United Kingdom",1970,1.23895e+11
"GB","United Kingdom",1971,1.41051e+11
"GB","United Kingdom",1972,1.60538e+11
"GB","United Kingdom",1973,1.8267e+11
"GB","United Kingdom",1974,1.97979e+11
"GB","United Kingdom",1975,2.35441e+11
"GB","United Kingdom",1976,2.28396e+11
"GB","United Kingdom",1977,2.53542e+11
"GB","United Kingdom",1978,3.21825e+11
"GB","United Kingdom",1979,4.19054e+11
"GB","United Kingdom",1980,5.34578e+11
"GB","United Kingdom",1981,5.14885e+11
"GB","United Kingdom",1982,4.84625e+11
"GB","United Kingdom",1983,4.57083e+11
"GB","United Kingdom",1984,4.2807e+11
"GB","United Kingdom",1985,4.58116e+11
"GB","United Kingdom",1986,5.5543e+11
"GB","United Kingdom",1987,6.7941e+11
"GB","United Kingdom",1988,8.2491e+11
"GB","United Kingdom",1989,8.2908e+11
"GB","United Kingdom",1990,963723060000
"GB","United Kingdom",1991,1.002665e+12
"GB","United Kingdom",1992,1.040323e+12
"GB","United Kingdom",1993,935292810000
"GB","United Kingdom",1994,1039805630000
"GB","United Kingdom",1995,1.120104e+12
"GB","United Kingdom",1996,1.166584e+12
"GB","United Kingdom",1997,1307901720000
"GB","United Kingdom",1998,1408051690000
"GB","United Kingdom",1999,1450791130000
"GB","United Kingdom",2000,1417780810000
"GB","United Kingdom",2001,1431326520000
"GB","United Kingdom",2002,1595033760000
"GB","United Kingdom",2003,1829444810000
"GB","United Kingdom",2004,2179558370000
"GB","United Kingdom",2005,2278787490000
"GB","United Kingdom",2006,2423548030000
"GB","United Kingdom",2007,2771820090000
"GB","United Kingdom",2008,2672096980000
"GB","United Kingdom",2009,2222955330000
"GB","United Kingdom",2010,2279589190000
"GB","United Kingdom",2011,2459148770000
"GB","United Kingdom",2012,2472134710000
"GB","United Kingdom",2013,2536128550000
"GB","United Kingdom",2014,2749132370000
"GB","United Kingdom",2015,2632539610000
"GR","Greece",1996,1.23251e+11
"GR","Greece",1997,1.19787e+11
"GR","Greece",1998,120722500000
"GR","Greece",1999,125353700000
"GR","Greece",2000,1.11916e+11
"GR","Greece",2001,1.17193e+11
"GR","Greece",2002,133356890000
"GR","Greece",2003,172892350000
"GR","Greece",2004,204299910000
"GR","Greece",2005,2.23956e+11
"GR","Greece",2006,245108570000
"GR","Greece",2007,308407940000
"GR","Greece",2008,333600170000
"GR","Greece",2009,321595880000
"GR","Greece",2010,296494040000
"GR","Greece",2011,289546720000
"GR","Greece",2012,250263500000
"GR","Greece",2013,241484330000
"GR","Greece",2014,234576090000
"GR","Greece",2015,195784800000
"HR","Croatia",2012,5.41e+10
"HR","Croatia",2013,5.602e+10
"HR","Croatia",2014,5.7118e+10
"HR","Croatia",2015,5.5035e+10
"HU","Hungary",2003,7.9108e+10
"HU","Hungary",2004,9.5114e+10
"HU","Hungary",2005,93448280000
"HU","Hungary",2006,114914940000
"HU","Hungary",2007,134285710000
"HU","Hungary",2008,142316650000
"HU","Hungary",2009,122778880000
"HU","Hungary",2010,123849060000
"HU","Hungary",2011,129699890000
"HU","Hungary",2012,119342770000
"HU","Hungary",2013,124410530000
"HU","Hungary",2014,132219580000
"HU","Hungary",2015,116104440000
"IE","Ireland",1974,7.029e+09
"IE","Ireland",1975,8.398e+09
"IE","Ireland",1976,8.297e+09
"IE","Ireland",1977,9.76e+09
"IE","Ireland",1978,1.2519e+10
"IE","Ireland",1979,1.5624e+10
"IE","Ireland",1980,1.8499e+10
"IE","Ireland",1981,1.7452e+10
"IE","Ireland",1982,1.7506e+10
"IE","Ireland",1983,1.6717e+10
"IE","Ireland",1984,1.5951e+10
"IE","Ireland",1985,1.6264e+10
"IE","Ireland",1986,2.2039e+10
"IE","Ireland",1987,2.6531e+10
"IE","Ireland",1988,2.8273e+10
"IE","Ireland",1989,2.8877e+10
"IE","Ireland",1990,3.58e+10
"IE","Ireland",1991,3.84e+10
"IE","Ireland",1992,4.28e+10
"IE","Ireland",1993,4.0246e+10
"IE","Ireland",1994,4.3e+10
"IE","Ireland",1995,5.3763e+10
"IE","Ireland",1996,5.8363e+10
"IE","Ireland",1997,5.9509e+10
"IE","Ireland",1998,66998580000
"IE","Ireland",1999,78733770000
"IE","Ireland",2000,79335360000
"IE","Ireland",2001,86643160000
"IE","Ireland",2002,9.8863e+10
"IE","Ireland",2003,1.27604e+11
"IE","Ireland",2004,1.56186e+11
"IE","Ireland",2005,171339790000
"IE","Ireland",2006,188887910000
"IE","Ireland",2007,2.16152e+11
"IE","Ireland",2008,224879560000
"IE","Ireland",2009,1.84655e+11
"IE","Ireland",2010,171259600000
"IE","Ireland",2011,178394050000
"IE","Ireland",2012,172061700000
"IE","Ireland",2013,183108070000
"IE","Ireland",2014,217483080000
"IE","Ireland",2015,226163060000
"IL","Israel",2001,113943300000
"IL","Israel",2002,1.05302e+11
"IL","Israel",2003,111338300000
"IL","Israel",2004,118897800000
"IL","Israel",2005,127144700000
"IL","Israel",2006,141489960000
"IL","Israel",2007,161885300000
"IL","Israel",2008,198822680000
"IL","Israel",2009,190797710000
"IL","Israel",2010,210375300000
"IL","Israel",2011,236749670000
"IL","Israel",2012,249595170000
"IL","Israel",2013,2.85839e+11
"IL","Israel",2014,299017640000
"IL","Israel",2015,292017800000
"IS","Iceland",1990,6031050000
"IS","Iceland",1991,6509510000
"IS","Iceland",1992,6716850000
"IS","Iceland",1993,5897930000
"IS","Iceland",1994,6028940000
"IS","Iceland",1995,6861080000
"IS","Iceland",1997,514338350000
"IS","Iceland",1998,575681650000
"IS","Iceland",1999,8.436e+09
"IS","Iceland",2000,8.275e+09
"IS","Iceland",2001,7.365e+09
"IS","Iceland",2002,8.331e+09
"IS","Iceland",2003,1.0589e+10
"IS","Iceland",2004,11996580000
"IS","Iceland",2005,15543360000
"IS","Iceland",2006,1.5423e+10
"IS","Iceland",2007,18190900000
"IS","Iceland",2008,1.0211e+10
"IS","Iceland",2009,9880620000
"IS","Iceland",2010,9974370000
"IS","Iceland",2011,12017900000
"IS","Iceland",2012,12074520000
"IS","Iceland",2013,13759240000
"IS","Iceland",2014,16635590000
"IS","Iceland",2015,16641470000
"IT","Italy",1960,3.492e+10
"IT","Italy",1961,3.886e+10
"IT","Italy",1962,4.368e+10
"IT","Italy",1963,5.002e+10
"IT","Italy",1964,5.469e+10
"IT","Italy",1965,5.891e+10
"IT","Italy",1966,6.373e+10
"IT","Italy",1967,7.009e+10
"IT","Italy",1968,7.565e+10
"IT","Italy",1969,8.335e+10
"IT","Italy",1970,1.01003e+11
"IT","Italy",1971,1.10937e+11
"IT","Italy",1972,1.29226e+11
"IT","Italy",1973,1.54276e+11
"IT","Italy",1974,1.69968e+11
"IT","Italy",1975,1.91217e+11
"IT","Italy",1976,1.87513e+11
"IT","Italy",1977,2.14942e+11
"IT","Italy",1978,2.61726e+11
"IT","Italy",1979,3.25914e+11
"IT","Italy",1980,4.55875e+11
"IT","Italy",1981,4.1174e+11
"IT","Italy",1982,4.03049e+11
"IT","Italy",1983,4.15838e+11
"IT","Italy",1984,4.10178e+11
"IT","Italy",1985,4.21993e+11
"IT","Italy",1986,6.0057e+11
"IT","Italy",1987,7.50879e+11
"IT","Italy",1988,8.2623e+11
"IT","Italy",1989,8.58115e+11
"IT","Italy",1990,1081275880000
"IT","Italy",1991,1.133655e+12
"IT","Italy",1992,1.200166e+12
"IT","Italy",1993,9.76312e+11
"IT","Italy",1994,1.007627e+12
"IT","Italy",1995,1.07955e+12
"IT","Italy",1996,1214068300000
"IT","Italy",1997,1145597970000
"IT","Italy",1998,1165693660000
"IT","Italy",1999,1171058710000
"IT","Italy",2000,1074281770000
"IT","Italy",2001,1083485500000
"IT","Italy",2002,1174488740000
"IT","Italy",2003,1453954360000
"IT","Italy",2004,1669300530000
"IT","Italy",2005,1755663680000
"IT","Italy",2006,1846854670000
"IT","Italy",2007,2090866530000
"IT","Italy",2008,2232998700000
"IT","Italy",2009,2081292300000
"IT","Italy",2010,2023915230000
"IT","Italy",2011,2182612630000
"IT","Italy",2012,1998100260000
"IT","Italy",2013,2058746680000
"IT","Italy",2014,2141436910000
"IT","Italy",2015,1811822370000
"JP","Japan",1960,4.305e+10
"JP","Japan",1961,5.313e+10
"JP","Japan",1962,5.889e+10
"JP","Japan",1963,6.796e+10
"JP","Japan",1964,8.037e+10
"JP","Japan",1965,8.877e+10
"JP","Japan",1966,1.023e+11
"JP","Japan",1967,1.2107e+11
"JP","Japan",1968,1.4355e+11
"JP","Japan",1969,1.6751e+11
"JP","Japan",1970,2.03134e+11
"JP","Japan",1971,2.29519e+11
"JP","Japan",1972,2.99717e+11
"JP","Japan",1973,4.12113e+11
"JP","Japan",1974,4.59438e+11
"JP","Japan",1975,4.97825e+11
"JP","Japan",1976,5.58741e+11
"JP","Japan",1977,6.86634e+11
"JP","Japan",1978,9.6312e+11
"JP","Japan",1979,9.98741e+11
"JP","Japan",1980,1.040108e+12
"JP","Japan",1981,1.142699e+12
"JP","Japan",1982,1.06314e+12
"JP","Japan",1983,1.158766e+12
"JP","Japan",1984,1.257113e+12
"JP","Japan",1985,1.329973e+12
"JP","Japan",1986,1.962686e+12
"JP","Japan",1987,2.38445e+12
"JP","Japan",1988,2.8597e+12
"JP","Japan",1989,2.8899e+12
"JP","Japan",1990,2.9604e+12
"JP","Japan",1991,3.39117e+12
"JP","Japan",1992,3.69557e+12
"JP","Japan",1993,4.230554e+12
"JP","Japan",1994,4628552500000
"JP","Japan",1995,5331935790000
"JP","Japan",1996,4744285980000
"JP","Japan",1997,4368753720000
"JP","Japan",1998,3993997250000
"JP","Japan",1999,4555872700000
"JP","Japan",2000,4807580710000
"JP","Japan",2001,4245071600000
"JP","Japan",2002,4065136580000
"JP","Japan",2003,4375704060000
"JP","Japan",2004,4759021280000
"JP","Japan",2005,4675017260000
"JP","Japan",2006,4486030930000
"JP","Japan",2007,4523905770000
"JP","Japan",2008,5.042143e+12
"JP","Japan",2009,5180468950000
"JP","Japan",2010,5629294920000
"JP","Japan",2011,6088662450000
"JP","Japan",2012,6124543940000
"JP","Japan",2013,5100617880000
"JP","Japan",2014,4786401190000
"JP","Japan",2015,4313625440000
"KR","Korea",1987,1.334e+11
"KR","Korea",1988,1.798e+11
"KR","Korea",1989,2.204e+11
"KR","Korea",1990,2.63503e+11
"KR","Korea",1991,3.07606e+11
"KR","Korea",1992,3.29288e+11
"KR","Korea",1993,3.6139e+11
"KR","Korea",1994,4.22278e+11
"KR","Korea",1995,5.15511e+11
"KR","Korea",1996,5.55239e+11
"KR","Korea",1997,5.13571e+11
"KR","Korea",1998,3.40442e+11
"KR","Korea",1999,4.39979e+11
"KR","Korea",2000,5.09606e+11
"KR","Korea",2001,4.81108e+11
"KR","Korea",2002,5.47512e+11
"KR","Korea",2003,6.06054e+11
"KR","Korea",2004,682444890000
"KR","Korea",2005,790092650000
"KR","Korea",2006,8.87339e+11
"KR","Korea",2007,971310100000
"KR","Korea",2008,934741200000
"KR","Korea",2009,837240760000
"KR","Korea",2010,1014584440000
"KR","Korea",2011,1117583360000
"KR","Korea",2012,1135477070000
"KR","Korea",2013,1314695720000
"KR","Korea",2014,1420969410000
"KR","Korea",2015,1383852700000
"KZ","Kazakhstan",2013,206591950000
"KZ","Kazakhstan",2014,189248150000
"KZ","Kazakhstan",2015,173349950000
"LI","Liechtenstein",2007,4122350000
"LI","Liechtenstein",2008,4513040000
"LI","Liechtenstein",2009,3.884e+09
"LI","Liechtenstein",2010,4.287e+09
"LI","Liechtenstein",2011,4.537e+09
"LI","Liechtenstein",2012,3.809e+09
"LI","Liechtenstein",2013,4.395e+09
"LI","Liechtenstein",2014,5.421e+09
"LT","Lithuania",2003,17726950000
"LT","Lithuania",2004,21723890000
"LT","Lithuania",2005,25209100000
"LT","Lithuania",2006,32561950000
"LT","Lithuania",2007,42424560000
"LT","Lithuania",2008,43491880000
"LT","Lithuania",2009,32650980000
"LT","Lithuania",2010,35098150000
"LT","Lithuania",2011,41297850000
"LT","Lithuania",2012,40820600000
"LT","Lithuania",2013,44280100000
"LT","Lithuania",2014,46706670000
"LT","Lithuania",2015,35712950000
"LU","Luxembourg",1980,4.5e+09
"LU","Luxembourg",1981,3.8e+09
"LU","Luxembourg",1982,4.1e+09
"LU","Luxembourg",1983,4.4e+09
"LU","Luxembourg",1984,4.7e+09
"LU","Luxembourg",1985,4.9e+09
"LU","Luxembourg",1986,6.8e+09
"LU","Luxembourg",1987,8.2e+09
"LU","Luxembourg",1988,9.1e+09
"LU","Luxembourg",1989,9.5e+09
"LU","Luxembourg",1990,1.19e+10
"LU","Luxembourg",1991,1.2678e+10
"LU","Luxembourg",1992,1.44e+10
"LU","Luxembourg",1993,1.4e+10
"LU","Luxembourg",1994,14788590000
"LU","Luxembourg",1995,17957640000
"LU","Luxembourg",1996,1.8816e+10
"LU","Luxembourg",1997,1.7316e+10
"LU","Luxembourg",1998,17263840000
"LU","Luxembourg",1999,17993370000
"LU","Luxembourg",2000,17666940000
"LU","Luxembourg",2001,17956560000
"LU","Luxembourg",2002,18752140000
"LU","Luxembourg",2003,22627950000
"LU","Luxembourg",2004,29801220000
"LU","Luxembourg",2005,32322890000
"LU","Luxembourg",2006,32676040000
"LU","Luxembourg",2007,40642030000
"LU","Luxembourg",2008,42863700000
"LU","Luxembourg",2009,39769420000
"LU","Luxembourg",2010,38477830000
"LU","Luxembourg",2011,42061600000
"LU","Luxembourg",2012,39752010000
"LU","Luxembourg",2013,42862450000
"LU","Luxembourg",2014,39763830000
"LU","Luxembourg",2015,38105770000
"LV","Latvia",2003,11013230000
"LV","Latvia",2004,13408200000
"LV","Latvia",2005,16024970000
"LV","Latvia",2006,1.9545e+10
"LV","Latvia",2007,2.6345e+10
"LV","Latvia",2008,33135200000
"LV","Latvia",2009,28162900000
"LV","Latvia",2010,24535400000
"LV","Latvia",2011,28243200000
"LV","Latvia",2012,28269710000
"LV","Latvia",2013,31040600000
"LV","Latvia",2014,31613460000
"LV","Latvia",2015,27038950000
"MT","Malta",2009,7519840000
"MT","Malta",2010,7682120000
"MT","Malta",2011,8064520000
"MT","Malta",2012,7928530000
"MT","Malta",2013,8946360000
"MT","Malta",2014,10121700000
"MT","Malta",2015,9503610000
"NL","Netherlands",1960,1.125e+10
"NL","Netherlands",1961,1.24e+10
"NL","Netherlands",1962,1.34e+10
"NL","Netherlands",1963,1.46e+10
"NL","Netherlands",1964,1.717e+10
"NL","Netherlands",1965,1.916e+10
"NL","Netherlands",1966,2.083e+10
"NL","Netherlands",1967,2.293e+10
"NL","Netherlands",1968,2.533e+10
"NL","Netherlands",1969,2.868e+10
"NL","Netherlands",1970,3.18e+10
"NL","Netherlands",1971,3.713e+10
"NL","Netherlands",1972,4.593e+10
"NL","Netherlands",1973,6.06e+10
"NL","Netherlands",1974,7.132e+10
"NL","Netherlands",1975,8.267e+10
"NL","Netherlands",1976,9.095e+10
"NL","Netherlands",1977,1.12189e+11
"NL","Netherlands",1978,1.37115e+11
"NL","Netherlands",1979,1.57329e+11
"NL","Netherlands",1980,1.68908e+11
"NL","Netherlands",1981,1.4093e+11
"NL","Netherlands",1982,1.37218e+11
"NL","Netherlands",1983,1.31731e+11
"NL","Netherlands",1984,1.23726e+11
"NL","Netherlands",1985,1.24631e+11
"NL","Netherlands",1986,1.73041e+11
"NL","Netherlands",1987,2.14518e+11
"NL","Netherlands",1988,2.26702e+11
"NL","Netherlands",1989,2.23571e+11
"NL","Netherlands",1990,276856310000
"NL","Netherlands",1991,287013280000
"NL","Netherlands",1992,321113690000
"NL","Netherlands",1993,309013560000
"NL","Netherlands",1994,331208440000
"NL","Netherlands",1995,3.9698e+11
"NL","Netherlands",1996,398997690000
"NL","Netherlands",1997,365421090000
"NL","Netherlands",1998,380372890000
"NL","Netherlands",1999,396074070000
"NL","Netherlands",2000,374644530000
"NL","Netherlands",2001,386058960000
"NL","Netherlands",2002,411827350000
"NL","Netherlands",2003,499435090000
"NL","Netherlands",2004,5.73127e+11
"NL","Netherlands",2005,6.24646e+11
"NL","Netherlands",2006,676088870000
"NL","Netherlands",2007,770431210000
"NL","Netherlands",2008,868983120000
"NL","Netherlands",2009,783177830000
"NL","Netherlands",2010,780172180000
"NL","Netherlands",2011,842102340000
"NL","Netherlands",2012,778192310000
"NL","Netherlands",2013,812758900000
"NL","Netherlands",2014,877561360000
"NL","Netherlands",2015,764747640000
"NO","Norway",1960,4.53e+09
"NO","Norway",1961,4.93e+09
"NO","Norway",1962,5.32e+09
"NO","Norway",1963,5.74e+09
"NO","Norway",1964,6.34e+09
"NO","Norway",1965,7.03e+09
"NO","Norway",1966,7.66e+09
"NO","Norway",1967,8.42e+09
"NO","Norway",1968,9.05e+09
"NO","Norway",1969,9.82e+09
"NO","Norway",1970,1.1095e+10
"NO","Norway",1971,1.2547e+10
"NO","Norway",1972,1.478e+10
"NO","Norway",1973,1.9193e+10
"NO","Norway",1974,2.3084e+10
"NO","Norway",1975,2.8082e+10
"NO","Norway",1976,3.0726e+10
"NO","Norway",1977,3.5089e+10
"NO","Norway",1978,3.9276e+10
"NO","Norway",1979,4.5288e+10
"NO","Norway",1980,5.5782e+10
"NO","Norway",1981,5.5247e+10
"NO","Norway",1982,5.4407e+10
"NO","Norway",1983,5.3224e+10
"NO","Norway",1984,5.2636e+10
"NO","Norway",1985,5.6858e+10
"NO","Norway",1986,6.8346e+10
"NO","Norway",1987,8.133e+10
"NO","Norway",1988,8.7367e+10
"NO","Norway",1989,87673550000
"NO","Norway",1990,103158260000
"NO","Norway",1991,1.0389e+11
"NO","Norway",1992,109326400000
"NO","Norway",1993,100402120000
"NO","Norway",1994,108008640000
"NO","Norway",1995,144681560000
"NO","Norway",1996,157144050000
"NO","Norway",1997,155468240000
"NO","Norway",1998,148805600000
"NO","Norway",1999,156243890000
"NO","Norway",2000,165364060000
"NO","Norway",2001,168783940000
"NO","Norway",2002,190915400000
"NO","Norway",2003,222292810000
"NO","Norway",2004,251528050000
"NO","Norway",2005,297053750000
"NO","Norway",2006,332680520000
"NO","Norway",2007,392350130000
"NO","Norway",2008,450578210000
"NO","Norway",2009,385553800000
"NO","Norway",2010,415947720000
"NO","Norway",2011,493406490000
"NO","Norway",2012,511407420000
"NO","Norway",2013,519298910000
"NO","Norway",2014,508376200000
"NO","Norway",2015,409057330000
"non-dac-countries-total","Non-DAC Countries, Total",1990,1.52292e+11
"non-dac-countries-total","Non-DAC Countries, Total",1991,1.52142e+11
"non-dac-countries-total","Non-DAC Countries, Total",1992,1.60256e+11
"non-dac-countries-total","Non-DAC Countries, Total",1993,1.7561e+11
"non-dac-countries-total","Non-DAC Countries, Total",1994,1.307e+11
"non-dac-countries-total","Non-DAC Countries, Total",1995,1.714e+11
"non-dac-countries-total","Non-DAC Countries, Total",1996,1.83601e+11
"non-dac-countries-total","Non-DAC Countries, Total",1997,1.92383e+11
"non-dac-countries-total","Non-DAC Countries, Total",1998,2.06552e+11
"non-dac-countries-total","Non-DAC Countries, Total",1999,1.85171e+11
"non-dac-countries-total","Non-DAC Countries, Total",2000,2.01217e+11
"non-dac-countries-total","Non-DAC Countries, Total",2001,262109300000
"non-dac-countries-total","Non-DAC Countries, Total",2002,2.852e+11
"non-dac-countries-total","Non-DAC Countries, Total",2003,392486480000
"non-dac-countries-total","Non-DAC Countries, Total",2004,560494890000
"non-dac-countries-total","Non-DAC Countries, Total",2005,1000244760000
"non-dac-countries-total","Non-DAC Countries, Total",2006,1299729280000
"non-dac-countries-total","Non-DAC Countries, Total",2007,1639674730000
"non-dac-countries-total","Non-DAC Countries, Total",2008,1934171490000
"non-dac-countries-total","Non-DAC Countries, Total",2009,2021947380000
"non-dac-countries-total","Non-DAC Countries, Total",2010,3826546900000
"non-dac-countries-total","Non-DAC Countries, Total",2011,4248349130000
"non-dac-countries-total","Non-DAC Countries, Total",2012,4743508960000
"non-dac-countries-total","Non-DAC Countries, Total",2013,5237026270000
"non-dac-countries-total","Non-DAC Countries, Total",2014,4979832300000
"non-dac-countries-total","Non-DAC Countries, Total",2015,4314283860000
"NZ","New Zealand",1960,0
"NZ","New Zealand",1961,3.85e+09
"NZ","New Zealand",1962,4.106e+09
"NZ","New Zealand",1963,4.492e+09
"NZ","New Zealand",1964,4.908e+09
"NZ","New Zealand",1965,5.315e+09
"NZ","New Zealand",1966,5.524e+09
"NZ","New Zealand",1967,5.74e+09
"NZ","New Zealand",1968,4.85e+09
"NZ","New Zealand",1969,5.31e+09
"NZ","New Zealand",1970,6.09e+09
"NZ","New Zealand",1971,7.292e+09
"NZ","New Zealand",1972,8.194e+09
"NZ","New Zealand",1973,1.1946e+10
"NZ","New Zealand",1974,1.246e+10
"NZ","New Zealand",1975,1.2553e+10
"NZ","New Zealand",1976,1.2943e+10
"NZ","New Zealand",1977,1.35e+10
"NZ","New Zealand",1978,1.6268e+10
"NZ","New Zealand",1979,2.0061e+10
"NZ","New Zealand",1980,2.2215e+10
"NZ","New Zealand",1981,2.3334e+10
"NZ","New Zealand",1982,2.3459e+10
"NZ","New Zealand",1983,2.1948e+10
"NZ","New Zealand",1984,2.2028e+10
"NZ","New Zealand",1985,2.1446e+10
"NZ","New Zealand",1986,2.541e+10
"NZ","New Zealand",1987,3.3125e+10
"NZ","New Zealand",1988,3.8559e+10
"NZ","New Zealand",1989,3.9921e+10
"NZ","New Zealand",1990,41301030000
"NZ","New Zealand",1991,4.0211e+10
"NZ","New Zealand",1992,37622680000
"NZ","New Zealand",1993,39639070000
"NZ","New Zealand",1994,46022170000
"NZ","New Zealand",1995,53900920000
"NZ","New Zealand",1996,58861450000
"NZ","New Zealand",1997,58261820000
"NZ","New Zealand",1998,48920520000
"NZ","New Zealand",1999,49817620000
"NZ","New Zealand",2000,45017010000
"NZ","New Zealand",2001,43910230000
"NZ","New Zealand",2002,54789770000
"NZ","New Zealand",2003,73298220000
"NZ","New Zealand",2004,90623260000
"NZ","New Zealand",2005,100860780000
"NZ","New Zealand",2006,96550990000
"NZ","New Zealand",2007,120056950000
"NZ","New Zealand",2008,114484940000
"NZ","New Zealand",2009,111365090000
"NZ","New Zealand",2010,134028540000
"NZ","New Zealand",2011,153609440000
"NZ","New Zealand",2012,162417470000
"NZ","New Zealand",2013,1.74224e+11
"NZ","New Zealand",2014,187832120000
"NZ","New Zealand",2015,166605740000
"PL","Poland",1998,1.593e+11
"PL","Poland",1999,1.551e+11
"PL","Poland",2000,1.578e+11
"PL","Poland",2001,1.73732e+11
"PL","Poland",2003,206452210000
"PL","Poland",2004,2.41857e+11
"PL","Poland",2005,299134460000
"PL","Poland",2006,337340850000
"PL","Poland",2007,3.57789e+11
"PL","Poland",2008,494156480000
"PL","Poland",2009,419077580000
"PL","Poland",2010,452364900000
"PL","Poland",2011,495985960000
"PL","Poland",2012,468274800000
"PL","Poland",2013,506874600000
"PL","Poland",2014,527653050000
"PL","Poland",2015,460044560000
"PT","Portugal",1980,2.39e+10
"PT","Portugal",1981,2.28e+10
"PT","Portugal",1982,2.19e+10
"PT","Portugal",1983,1.95e+10
"PT","Portugal",1984,1.85e+10
"PT","Portugal",1985,2.07e+10
"PT","Portugal",1986,2.9e+10
"PT","Portugal",1987,3.57e+10
"PT","Portugal",1988,4.08e+10
"PT","Portugal",1989,44620150000
"PT","Portugal",1990,59557300000
"PT","Portugal",1991,68861100000
"PT","Portugal",1992,84740400000
"PT","Portugal",1993,8.5e+10
"PT","Portugal",1994,88022770000
"PT","Portugal",1995,103174820000
"PT","Portugal",1996,105993130000
"PT","Portugal",1997,100881480000
"PT","Portugal",1998,106722730000
"PT","Portugal",1999,107825580000
"PT","Portugal",2000,103795030000
"PT","Portugal",2001,106962740000
"PT","Portugal",2002,118743940000
"PT","Portugal",2003,145496100000
"PT","Portugal",2004,164403650000
"PT","Portugal",2005,178673880000
"PT","Portugal",2006,187161790000
"PT","Portugal",2007,214267080000
"PT","Portugal",2008,229433430000
"PT","Portugal",2009,218909070000
"PT","Portugal",2010,220963840000
"PT","Portugal",2011,229143480000
"PT","Portugal",2012,207031610000
"PT","Portugal",2013,215399090000
"PT","Portugal",2014,227011810000
"PT","Portugal",2015,194726640000
"RO","Romania",2008,1.37e+11
"RO","Romania",2009,2e+11
"RO","Romania",2010,160036300000
"RO","Romania",2011,187306430000
"RO","Romania",2012,1.6664e+11
"RO","Romania",2013,1.80846e+11
"RO","Romania",2014,1.97814e+11
"RO","Romania",2015,173815460000
"RU","Russian Federation",2010,1431766820000
"RU","Russian Federation",2011,1640478300000
"RU","Russian Federation",2012,1949829560000
"RU","Russian Federation",2013,2096777030000
"RU","Russian Federation",2014,1.78444e+12
"RU","Russian Federation",2015,1.283796e+12
"SE","Sweden",1960,1.303e+10
"SE","Sweden",1961,1.424e+10
"SE","Sweden",1962,1.542e+10
"SE","Sweden",1963,1.677e+10
"SE","Sweden",1964,1.867e+10
"SE","Sweden",1965,2.059e+10
"SE","Sweden",1966,2.245e+10
"SE","Sweden",1967,2.414e+10
"SE","Sweden",1968,2.557e+10
"SE","Sweden",1969,2.784e+10
"SE","Sweden",1970,3.3281e+10
"SE","Sweden",1971,3.6428e+10
"SE","Sweden",1972,4.286e+10
"SE","Sweden",1973,5.2094e+10
"SE","Sweden",1974,5.7854e+10
"SE","Sweden",1975,7.2634e+10
"SE","Sweden",1976,7.8206e+10
"SE","Sweden",1977,8.2408e+10
"SE","Sweden",1978,9.0976e+10
"SE","Sweden",1979,1.07542e+11
"SE","Sweden",1980,1.23198e+11
"SE","Sweden",1981,1.1123e+11
"SE","Sweden",1982,9.7074e+10
"SE","Sweden",1983,8.9644e+10
"SE","Sweden",1984,9.2211e+10
"SE","Sweden",1985,9.743e+10
"SE","Sweden",1986,1.28692e+11
"SE","Sweden",1987,1.55982e+11
"SE","Sweden",1988,1.78365e+11
"SE","Sweden",1989,1.87507e+11
"SE","Sweden",1990,221203200000
"SE","Sweden",1991,236374300000
"SE","Sweden",1992,2.38878e+11
"SE","Sweden",1993,1.79526e+11
"SE","Sweden",1994,1.88567e+11
"SE","Sweden",1995,222566440000
"SE","Sweden",1996,239382590000
"SE","Sweden",1997,218815790000
"SE","Sweden",1998,219809740000
"SE","Sweden",1999,233572610000
"SE","Sweden",2000,224515640000
"SE","Sweden",2001,217369130000
"SE","Sweden",2002,2.40507e+11
"SE","Sweden",2003,302075980000
"SE","Sweden",2004,350191940000
"SE","Sweden",2005,356791260000
"SE","Sweden",2006,385922310000
"SE","Sweden",2007,464197850000
"SE","Sweden",2008,483039650000
"SE","Sweden",2009,405581350000
"SE","Sweden",2010,4.67598e+11
"SE","Sweden",2011,5.49972e+11
"SE","Sweden",2012,538021840000
"SE","Sweden",2013,574808540000
"SE","Sweden",2014,569509180000
"SE","Sweden",2015,504738470000
"SI","Slovenia",2005,3.2587e+10
"SI","Slovenia",2006,3.6855e+10
"SI","Slovenia",2007,44954690000
"SI","Slovenia",2008,52356840000
"SI","Slovenia",2009,47877590000
"SI","Slovenia",2010,46216800000
"SI","Slovenia",2011,48734560000
"SI","Slovenia",2012,44898530000
"SI","Slovenia",2013,47406270000
"SI","Slovenia",2014,49416230000
"SI","Slovenia",2015,42410600000
"SK","Slovak Republic",1999,19564490000
"SK","Slovak Republic",2000,18967970000
"SK","Slovak Republic",2001,2.029e+10
"SK","Slovak Republic",2002,27787170000
"SK","Slovak Republic",2003,32533880000
"SK","Slovak Republic",2004,39112750000
"SK","Slovak Republic",2006,53384290000
"SK","Slovak Republic",2007,72257520000
"SK","Slovak Republic",2008,91782850000
"SK","Slovak Republic",2009,8.714e+10
"SK","Slovak Republic",2010,8.6279e+10
"SK","Slovak Republic",2011,94205820000
"SK","Slovak Republic",2012,89925560000
"SK","Slovak Republic",2013,92163570000
"SK","Slovak Republic",2014,96658790000
"SK","Slovak Republic",2015,83857490000
"TH","Thailand",2006,202098410000
"TH","Thailand",2007,1.87923e+11
"TH","Thailand",2008,196703470000
"TH","Thailand",2009,205459460000
"TH","Thailand",2010,339769800000
"TH","Thailand",2011,347019190000
"TH","Thailand",2012,381575920000
"TH","Thailand",2013,375844020000
"TH","Thailand",2014,375844020000
"TH","Thailand",2015,365013310000
"TR","Turkey",1990,1.52292e+11
"TR","Turkey",1991,1.52142e+11
"TR","Turkey",1992,1.60256e+11
"TR","Turkey",1993,1.7561e+11
"TR","Turkey",1994,1.307e+11
"TR","Turkey",1995,1.714e+11
"TR","Turkey",1996,1.83601e+11
"TR","Turkey",1997,1.92383e+11
"TR","Turkey",1998,2.06552e+11
"TR","Turkey",1999,1.85171e+11
"TR","Turkey",2000,2.01217e+11
"TR","Turkey",2001,1.48166e+11
"TR","Turkey",2002,1.79898e+11
"TR","Turkey",2003,1.733e+11
"TR","Turkey",2004,3.00842e+11
"TR","Turkey",2005,3.6147e+11
"TR","Turkey",2006,3.99673e+11
"TR","Turkey",2007,6.58786e+11
"TR","Turkey",2008,7.41792e+11
"TR","Turkey",2009,6.17611e+11
"TR","Turkey",2010,737225480000
"TR","Turkey",2011,7.72298e+11
"TR","Turkey",2012,7.86293e+11
"TR","Turkey",2013,8.2e+11
"TR","Turkey",2014,8.00107e+11
"TR","Turkey",2015,7.82998e+11
"TW","Taiwan",2005,3.48177e+11
"TW","Taiwan",2006,3.557e+11
"TW","Taiwan",2007,3.83303e+11
"TW","Taiwan",2008,3.9205e+11
"TW","Taiwan",2009,3.15236e+11
"TW","Taiwan",2010,378633680000
"TW","Taiwan",2011,4.08104e+11
"TW","Taiwan",2012,4.89049e+11
"TW","Taiwan",2013,5.03252e+11
"TW","Taiwan",2014,5.47262e+11
"TW","Taiwan",2015,5.39336e+11
"US","United States",1960,5.1139e+11
"US","United States",1961,5.286e+11
"US","United States",1962,5.6912e+11
"US","United States",1963,5.997e+11
"US","United States",1964,6.4284e+11
"US","United States",1965,6.9625e+11
"US","United States",1966,7.6272e+11
"US","United States",1967,8.0812e+11
"US","United States",1968,8.7949e+11
"US","United States",1969,9.4687e+11
"US","United States",1970,9.96822e+11
"US","United States",1971,1.083357e+12
"US","United States",1972,1.192165e+12
"US","United States",1973,1.333122e+12
"US","United States",1974,1.443163e+12
"US","United States",1975,1.559488e+12
"US","United States",1976,1.73038e+12
"US","United States",1977,1.930996e+12
"US","United States",1978,2.1753e+12
"US","United States",1979,2.430974e+12
"US","United States",1980,2.651935e+12
"US","United States",1981,2.985171e+12
"US","United States",1982,3.093235e+12
"US","United States",1983,3.324025e+12
"US","United States",1984,3.678e+12
"US","United States",1985,3.988e+12
"US","United States",1986,4.219e+12
"US","United States",1987,4.5024e+12
"US","United States",1988,4.8511e+12
"US","United States",1989,5.132e+12
"US","United States",1990,5.4409e+12
"US","United States",1991,5.6375e+12
"US","United States",1992,5.9708e+12
"US","United States",1993,6.56e+12
"US","United States",1994,6.9224e+12
"US","United States",1995,7.2375e+12
"US","United States",1996,7.6377e+12
"US","United States",1997,8.0601e+12
"US","United States",1998,8.75e+12
"US","United States",1999,9.2992e+12
"US","United States",2000,9.9285e+12
"US","United States",2001,1.01589e+13
"US","United States",2002,1.04902e+13
"US","United States",2003,1.098086e+13
"US","United States",2004,1.165611e+13
"US","United States",2005,1.23587e+13
"US","United States",2006,1.32599e+13
"US","United States",2007,1.39255e+13
"US","United States",2008,1.44103e+13
"US","United States",2009,1.4011e+13
"US","United States",2010,1.46356e+13
"US","United States",2011,1.52113e+13
"US","United States",2012,1.65145e+13
"US","United States",2013,1.72043e+13
"US","United States",2014,1.78232e+13
"US","United States",2015,1.8496e+13
