"id","entity-name","year","value","original-value"
"AF","Afghanistan",2000,1100,1100
"AF","Afghanistan",2001,1026,
"AF","Afghanistan",2002,952,
"AF","Afghanistan",2003,878,
"AF","Afghanistan",2004,804,
"AF","Afghanistan",2005,730,730
"AF","Afghanistan",2006,684,
"AF","Afghanistan",2007,638,
"AF","Afghanistan",2008,592,
"AF","Afghanistan",2009,546,
"AF","Afghanistan",2010,500,500
"AF","Afghanistan",2011,466.6666666667,
"AF","Afghanistan",2012,433.3333333333,
"AF","Afghanistan",2013,400,400
"AL","Albania",2000,28,28
"AL","Albania",2001,27.2,
"AL","Albania",2002,26.4,
"AL","Albania",2003,25.6,
"AL","Albania",2004,24.8,
"AL","Albania",2005,24,24
"AL","Albania",2006,23.4,
"AL","Albania",2007,22.8,
"AL","Albania",2008,22.2,
"AL","Albania",2009,21.6,
"AL","Albania",2010,21,21
"AL","Albania",2011,21,
"AL","Albania",2012,21,
"AL","Albania",2013,21,21
"DZ","Algeria",2000,120,120
"DZ","Algeria",2001,116,
"DZ","Algeria",2002,112,
"DZ","Algeria",2003,108,
"DZ","Algeria",2004,104,
"DZ","Algeria",2005,100,100
"DZ","Algeria",2006,98.4,
"DZ","Algeria",2007,96.8,
"DZ","Algeria",2008,95.2,
"DZ","Algeria",2009,93.6,
"DZ","Algeria",2010,92,92
"DZ","Algeria",2011,91,
"DZ","Algeria",2012,90,
"DZ","Algeria",2013,89,89
"AS","American Samoa",2000,,
"AS","American Samoa",2001,,
"AS","American Samoa",2002,,
"AS","American Samoa",2003,,
"AS","American Samoa",2004,,
"AS","American Samoa",2005,,
"AS","American Samoa",2006,,
"AS","American Samoa",2007,,
"AS","American Samoa",2008,,
"AS","American Samoa",2009,,
"AS","American Samoa",2010,,
"AS","American Samoa",2011,,
"AS","American Samoa",2012,,
"AS","American Samoa",2013,,
"AD","Andorra",2000,,
"AD","Andorra",2001,,
"AD","Andorra",2002,,
"AD","Andorra",2003,,
"AD","Andorra",2004,,
"AD","Andorra",2005,,
"AD","Andorra",2006,,
"AD","Andorra",2007,,
"AD","Andorra",2008,,
"AD","Andorra",2009,,
"AD","Andorra",2010,,
"AD","Andorra",2011,,
"AD","Andorra",2012,,
"AD","Andorra",2013,,
"AO","Angola",2000,1100,1100
"AO","Angola",2001,1030,
"AO","Angola",2002,960,
"AO","Angola",2003,890,
"AO","Angola",2004,820,
"AO","Angola",2005,750,750
"AO","Angola",2006,706,
"AO","Angola",2007,662,
"AO","Angola",2008,618,
"AO","Angola",2009,574,
"AO","Angola",2010,530,530
"AO","Angola",2011,506.6666666667,
"AO","Angola",2012,483.3333333333,
"AO","Angola",2013,460,460
"AG","Antigua & Barbuda",2000,,
"AG","Antigua & Barbuda",2001,,
"AG","Antigua & Barbuda",2002,,
"AG","Antigua & Barbuda",2003,,
"AG","Antigua & Barbuda",2004,,
"AG","Antigua & Barbuda",2005,,
"AG","Antigua & Barbuda",2006,,
"AG","Antigua & Barbuda",2007,,
"AG","Antigua & Barbuda",2008,,
"AG","Antigua & Barbuda",2009,,
"AG","Antigua & Barbuda",2010,,
"AG","Antigua & Barbuda",2011,,
"AG","Antigua & Barbuda",2012,,
"AG","Antigua & Barbuda",2013,,
"AR","Argentina",2000,63,63
"AR","Argentina",2001,64.4,
"AR","Argentina",2002,65.8,
"AR","Argentina",2003,67.2,
"AR","Argentina",2004,68.6,
"AR","Argentina",2005,70,70
"AR","Argentina",2006,71.2,
"AR","Argentina",2007,72.4,
"AR","Argentina",2008,73.6,
"AR","Argentina",2009,74.8,
"AR","Argentina",2010,76,76
"AR","Argentina",2011,73.6666666667,
"AR","Argentina",2012,71.3333333333,
"AR","Argentina",2013,69,69
"AM","Armenia",2000,43,43
"AM","Armenia",2001,41.8,
"AM","Armenia",2002,40.6,
"AM","Armenia",2003,39.4,
"AM","Armenia",2004,38.2,
"AM","Armenia",2005,37,37
"AM","Armenia",2006,35.8,
"AM","Armenia",2007,34.6,
"AM","Armenia",2008,33.4,
"AM","Armenia",2009,32.2,
"AM","Armenia",2010,31,31
"AM","Armenia",2011,30.3333333333,
"AM","Armenia",2012,29.6666666667,
"AM","Armenia",2013,29,29
"AW","Aruba",2000,,
"AW","Aruba",2001,,
"AW","Aruba",2002,,
"AW","Aruba",2003,,
"AW","Aruba",2004,,
"AW","Aruba",2005,,
"AW","Aruba",2006,,
"AW","Aruba",2007,,
"AW","Aruba",2008,,
"AW","Aruba",2009,,
"AW","Aruba",2010,,
"AW","Aruba",2011,,
"AW","Aruba",2012,,
"AW","Aruba",2013,,
"AU","Australia",2000,9,9
"AU","Australia",2001,8.4,
"AU","Australia",2002,7.8,
"AU","Australia",2003,7.2,
"AU","Australia",2004,6.6,
"AU","Australia",2005,6,6
"AU","Australia",2006,5.8,
"AU","Australia",2007,5.6,
"AU","Australia",2008,5.4,
"AU","Australia",2009,5.2,
"AU","Australia",2010,5,5
"AU","Australia",2011,5.3333333333,
"AU","Australia",2012,5.6666666667,
"AU","Australia",2013,6,6
"AT","Austria",2000,5,5
"AT","Austria",2001,5,
"AT","Austria",2002,5,
"AT","Austria",2003,5,
"AT","Austria",2004,5,
"AT","Austria",2005,5,5
"AT","Austria",2006,4.6,
"AT","Austria",2007,4.2,
"AT","Austria",2008,3.8,
"AT","Austria",2009,3.4,
"AT","Austria",2010,3,3
"AT","Austria",2011,3.3333333333,
"AT","Austria",2012,3.6666666667,
"AT","Austria",2013,4,4
"AZ","Azerbaijan",2000,57,57
"AZ","Azerbaijan",2001,52.8,
"AZ","Azerbaijan",2002,48.6,
"AZ","Azerbaijan",2003,44.4,
"AZ","Azerbaijan",2004,40.2,
"AZ","Azerbaijan",2005,36,36
"AZ","Azerbaijan",2006,34.2,
"AZ","Azerbaijan",2007,32.4,
"AZ","Azerbaijan",2008,30.6,
"AZ","Azerbaijan",2009,28.8,
"AZ","Azerbaijan",2010,27,27
"AZ","Azerbaijan",2011,26.6666666667,
"AZ","Azerbaijan",2012,26.3333333333,
"AZ","Azerbaijan",2013,26,26
"BS","Bahamas",2000,44,44
"BS","Bahamas",2001,43.2,
"BS","Bahamas",2002,42.4,
"BS","Bahamas",2003,41.6,
"BS","Bahamas",2004,40.8,
"BS","Bahamas",2005,40,40
"BS","Bahamas",2006,39.6,
"BS","Bahamas",2007,39.2,
"BS","Bahamas",2008,38.8,
"BS","Bahamas",2009,38.4,
"BS","Bahamas",2010,38,38
"BS","Bahamas",2011,37.6666666667,
"BS","Bahamas",2012,37.3333333333,
"BS","Bahamas",2013,37,37
"BH","Bahrain",2000,27,27
"BH","Bahrain",2001,24.8,
"BH","Bahrain",2002,22.6,
"BH","Bahrain",2003,20.4,
"BH","Bahrain",2004,18.2,
"BH","Bahrain",2005,16,16
"BH","Bahrain",2006,17.6,
"BH","Bahrain",2007,19.2,
"BH","Bahrain",2008,20.8,
"BH","Bahrain",2009,22.4,
"BH","Bahrain",2010,24,24
"BH","Bahrain",2011,23.3333333333,
"BH","Bahrain",2012,22.6666666667,
"BH","Bahrain",2013,22,22
"BD","Bangladesh",2000,340,340
"BD","Bangladesh",2001,324,
"BD","Bangladesh",2002,308,
"BD","Bangladesh",2003,292,
"BD","Bangladesh",2004,276,
"BD","Bangladesh",2005,260,260
"BD","Bangladesh",2006,248,
"BD","Bangladesh",2007,236,
"BD","Bangladesh",2008,224,
"BD","Bangladesh",2009,212,
"BD","Bangladesh",2010,200,200
"BD","Bangladesh",2011,190,
"BD","Bangladesh",2012,180,
"BD","Bangladesh",2013,170,170
"BB","Barbados",2000,42,42
"BB","Barbados",2001,40.2,
"BB","Barbados",2002,38.4,
"BB","Barbados",2003,36.6,
"BB","Barbados",2004,34.8,
"BB","Barbados",2005,33,33
"BB","Barbados",2006,43,
"BB","Barbados",2007,53,
"BB","Barbados",2008,63,
"BB","Barbados",2009,73,
"BB","Barbados",2010,83,83
"BB","Barbados",2011,72.6666666667,
"BB","Barbados",2012,62.3333333333,
"BB","Barbados",2013,52,52
"BY","Belarus",2000,32,32
"BY","Belarus",2001,29.8,
"BY","Belarus",2002,27.6,
"BY","Belarus",2003,25.4,
"BY","Belarus",2004,23.2,
"BY","Belarus",2005,21,21
"BY","Belarus",2006,17.2,
"BY","Belarus",2007,13.4,
"BY","Belarus",2008,9.6,
"BY","Belarus",2009,5.8,
"BY","Belarus",2010,2,2
"BY","Belarus",2011,1.6666666667,
"BY","Belarus",2012,1.3333333333,
"BY","Belarus",2013,1,1
"BE","Belgium",2000,9,9
"BE","Belgium",2001,8.6,
"BE","Belgium",2002,8.2,
"BE","Belgium",2003,7.8,
"BE","Belgium",2004,7.4,
"BE","Belgium",2005,7,7
"BE","Belgium",2006,7,
"BE","Belgium",2007,7,
"BE","Belgium",2008,7,
"BE","Belgium",2009,7,
"BE","Belgium",2010,7,7
"BE","Belgium",2011,6.6666666667,
"BE","Belgium",2012,6.3333333333,
"BE","Belgium",2013,6,6
"BZ","Belize",2000,110,110
"BZ","Belize",2001,103.8,
"BZ","Belize",2002,97.6,
"BZ","Belize",2003,91.4,
"BZ","Belize",2004,85.2,
"BZ","Belize",2005,79,79
"BZ","Belize",2006,75.2,
"BZ","Belize",2007,71.4,
"BZ","Belize",2008,67.6,
"BZ","Belize",2009,63.8,
"BZ","Belize",2010,60,60
"BZ","Belize",2011,55,
"BZ","Belize",2012,50,
"BZ","Belize",2013,45,45
"BJ","Benin",2000,490,490
"BJ","Benin",2001,476,
"BJ","Benin",2002,462,
"BJ","Benin",2003,448,
"BJ","Benin",2004,434,
"BJ","Benin",2005,420,420
"BJ","Benin",2006,410,
"BJ","Benin",2007,400,
"BJ","Benin",2008,390,
"BJ","Benin",2009,380,
"BJ","Benin",2010,370,370
"BJ","Benin",2011,360,
"BJ","Benin",2012,350,
"BJ","Benin",2013,340,340
"BM","Bermuda",2000,,
"BM","Bermuda",2001,,
"BM","Bermuda",2002,,
"BM","Bermuda",2003,,
"BM","Bermuda",2004,,
"BM","Bermuda",2005,,
"BM","Bermuda",2006,,
"BM","Bermuda",2007,,
"BM","Bermuda",2008,,
"BM","Bermuda",2009,,
"BM","Bermuda",2010,,
"BM","Bermuda",2011,,
"BM","Bermuda",2012,,
"BM","Bermuda",2013,,
"BT","Bhutan",2000,390,390
"BT","Bhutan",2001,360,
"BT","Bhutan",2002,330,
"BT","Bhutan",2003,300,
"BT","Bhutan",2004,270,
"BT","Bhutan",2005,240,240
"BT","Bhutan",2006,220,
"BT","Bhutan",2007,200,
"BT","Bhutan",2008,180,
"BT","Bhutan",2009,160,
"BT","Bhutan",2010,140,140
"BT","Bhutan",2011,133.3333333333,
"BT","Bhutan",2012,126.6666666667,
"BT","Bhutan",2013,120,120
"BO","Bolivia ",2000,330,330
"BO","Bolivia ",2001,318,
"BO","Bolivia ",2002,306,
"BO","Bolivia ",2003,294,
"BO","Bolivia ",2004,282,
"BO","Bolivia ",2005,270,270
"BO","Bolivia ",2006,262,
"BO","Bolivia ",2007,254,
"BO","Bolivia ",2008,246,
"BO","Bolivia ",2009,238,
"BO","Bolivia ",2010,230,230
"BO","Bolivia ",2011,220,
"BO","Bolivia ",2012,210,
"BO","Bolivia ",2013,200,200
"BA","Bosnia & Herzegovina",2000,11,11
"BA","Bosnia & Herzegovina",2001,10.8,
"BA","Bosnia & Herzegovina",2002,10.6,
"BA","Bosnia & Herzegovina",2003,10.4,
"BA","Bosnia & Herzegovina",2004,10.2,
"BA","Bosnia & Herzegovina",2005,10,10
"BA","Bosnia & Herzegovina",2006,9.8,
"BA","Bosnia & Herzegovina",2007,9.6,
"BA","Bosnia & Herzegovina",2008,9.4,
"BA","Bosnia & Herzegovina",2009,9.2,
"BA","Bosnia & Herzegovina",2010,9,9
"BA","Bosnia & Herzegovina",2011,8.6666666667,
"BA","Bosnia & Herzegovina",2012,8.3333333333,
"BA","Bosnia & Herzegovina",2013,8,8
"BW","Botswana",2000,390,390
"BW","Botswana",2001,380,
"BW","Botswana",2002,370,
"BW","Botswana",2003,360,
"BW","Botswana",2004,350,
"BW","Botswana",2005,340,340
"BW","Botswana",2006,314,
"BW","Botswana",2007,288,
"BW","Botswana",2008,262,
"BW","Botswana",2009,236,
"BW","Botswana",2010,210,210
"BW","Botswana",2011,196.6666666667,
"BW","Botswana",2012,183.3333333333,
"BW","Botswana",2013,170,170
"BR","Brazil",2000,85,85
"BR","Brazil",2001,82.6,
"BR","Brazil",2002,80.2,
"BR","Brazil",2003,77.8,
"BR","Brazil",2004,75.4,
"BR","Brazil",2005,73,73
"BR","Brazil",2006,72,
"BR","Brazil",2007,71,
"BR","Brazil",2008,70,
"BR","Brazil",2009,69,
"BR","Brazil",2010,68,68
"BR","Brazil",2011,68.3333333333,
"BR","Brazil",2012,68.6666666667,
"BR","Brazil",2013,69,69
"BN","Brunei",2000,24,24
"BN","Brunei",2001,24.2,
"BN","Brunei",2002,24.4,
"BN","Brunei",2003,24.6,
"BN","Brunei",2004,24.8,
"BN","Brunei",2005,25,25
"BN","Brunei",2006,25.4,
"BN","Brunei",2007,25.8,
"BN","Brunei",2008,26.2,
"BN","Brunei",2009,26.6,
"BN","Brunei",2010,27,27
"BN","Brunei",2011,27,
"BN","Brunei",2012,27,
"BN","Brunei",2013,27,27
"BG","Bulgaria",2000,29,29
"BG","Bulgaria",2001,26,
"BG","Bulgaria",2002,23,
"BG","Bulgaria",2003,20,
"BG","Bulgaria",2004,17,
"BG","Bulgaria",2005,14,14
"BG","Bulgaria",2006,12.8,
"BG","Bulgaria",2007,11.6,
"BG","Bulgaria",2008,10.4,
"BG","Bulgaria",2009,9.2,
"BG","Bulgaria",2010,8,8
"BG","Bulgaria",2011,7,
"BG","Bulgaria",2012,6,
"BG","Bulgaria",2013,5,5
"BF","Burkina Faso",2000,580,580
"BF","Burkina Faso",2001,564,
"BF","Burkina Faso",2002,548,
"BF","Burkina Faso",2003,532,
"BF","Burkina Faso",2004,516,
"BF","Burkina Faso",2005,500,500
"BF","Burkina Faso",2006,488,
"BF","Burkina Faso",2007,476,
"BF","Burkina Faso",2008,464,
"BF","Burkina Faso",2009,452,
"BF","Burkina Faso",2010,440,440
"BF","Burkina Faso",2011,426.6666666667,
"BF","Burkina Faso",2012,413.3333333333,
"BF","Burkina Faso",2013,400,400
"BI","Burundi",2000,1000,1000
"BI","Burundi",2001,982,
"BI","Burundi",2002,964,
"BI","Burundi",2003,946,
"BI","Burundi",2004,928,
"BI","Burundi",2005,910,910
"BI","Burundi",2006,892,
"BI","Burundi",2007,874,
"BI","Burundi",2008,856,
"BI","Burundi",2009,838,
"BI","Burundi",2010,820,820
"BI","Burundi",2011,793.3333333333,
"BI","Burundi",2012,766.6666666667,
"BI","Burundi",2013,740,740
"KH","Cambodia",2000,540,540
"KH","Cambodia",2001,496,
"KH","Cambodia",2002,452,
"KH","Cambodia",2003,408,
"KH","Cambodia",2004,364,
"KH","Cambodia",2005,320,320
"KH","Cambodia",2006,296,
"KH","Cambodia",2007,272,
"KH","Cambodia",2008,248,
"KH","Cambodia",2009,224,
"KH","Cambodia",2010,200,200
"KH","Cambodia",2011,190,
"KH","Cambodia",2012,180,
"KH","Cambodia",2013,170,170
"CM","Cameroon",2000,740,740
"CM","Cameroon",2001,730,
"CM","Cameroon",2002,720,
"CM","Cameroon",2003,710,
"CM","Cameroon",2004,700,
"CM","Cameroon",2005,690,690
"CM","Cameroon",2006,680,
"CM","Cameroon",2007,670,
"CM","Cameroon",2008,660,
"CM","Cameroon",2009,650,
"CM","Cameroon",2010,640,640
"CM","Cameroon",2011,623.3333333333,
"CM","Cameroon",2012,606.6666666667,
"CM","Cameroon",2013,590,590
"CA","Canada",2000,7,7
"CA","Canada",2001,7.8,
"CA","Canada",2002,8.6,
"CA","Canada",2003,9.4,
"CA","Canada",2004,10.2,
"CA","Canada",2005,11,11
"CA","Canada",2006,11.4,
"CA","Canada",2007,11.8,
"CA","Canada",2008,12.2,
"CA","Canada",2009,12.6,
"CA","Canada",2010,13,13
"CA","Canada",2011,12.3333333333,
"CA","Canada",2012,11.6666666667,
"CA","Canada",2013,11,11
"CV","Cape Verde",2000,84,84
"CV","Cape Verde",2001,79.8,
"CV","Cape Verde",2002,75.6,
"CV","Cape Verde",2003,71.4,
"CV","Cape Verde",2004,67.2,
"CV","Cape Verde",2005,63,63
"CV","Cape Verde",2006,62,
"CV","Cape Verde",2007,61,
"CV","Cape Verde",2008,60,
"CV","Cape Verde",2009,59,
"CV","Cape Verde",2010,58,58
"CV","Cape Verde",2011,56.3333333333,
"CV","Cape Verde",2012,54.6666666667,
"CV","Cape Verde",2013,53,53
"CF","CAR",2000,1200,1200
"CF","CAR",2001,1180,
"CF","CAR",2002,1160,
"CF","CAR",2003,1140,
"CF","CAR",2004,1120,
"CF","CAR",2005,1100,1100
"CF","CAR",2006,1072,
"CF","CAR",2007,1044,
"CF","CAR",2008,1016,
"CF","CAR",2009,988,
"CF","CAR",2010,960,960
"CF","CAR",2011,933.3333333333,
"CF","CAR",2012,906.6666666667,
"CF","CAR",2013,880,880
"KY","Cayman Islands",2000,,
"KY","Cayman Islands",2001,,
"KY","Cayman Islands",2002,,
"KY","Cayman Islands",2003,,
"KY","Cayman Islands",2004,,
"KY","Cayman Islands",2005,,
"KY","Cayman Islands",2006,,
"KY","Cayman Islands",2007,,
"KY","Cayman Islands",2008,,
"KY","Cayman Islands",2009,,
"KY","Cayman Islands",2010,,
"KY","Cayman Islands",2011,,
"KY","Cayman Islands",2012,,
"KY","Cayman Islands",2013,,
"TD","Chad",2000,1500,1500
"TD","Chad",2001,1440,
"TD","Chad",2002,1380,
"TD","Chad",2003,1320,
"TD","Chad",2004,1260,
"TD","Chad",2005,1200,1200
"TD","Chad",2006,1180,
"TD","Chad",2007,1160,
"TD","Chad",2008,1140,
"TD","Chad",2009,1120,
"TD","Chad",2010,1100,1100
"TD","Chad",2011,1060,
"TD","Chad",2012,1020,
"TD","Chad",2013,980,980
"CL","Chile",2000,29,29
"CL","Chile",2001,28.4,
"CL","Chile",2002,27.8,
"CL","Chile",2003,27.2,
"CL","Chile",2004,26.6,
"CL","Chile",2005,26,26
"CL","Chile",2006,25.6,
"CL","Chile",2007,25.2,
"CL","Chile",2008,24.8,
"CL","Chile",2009,24.4,
"CL","Chile",2010,24,24
"CL","Chile",2011,23.3333333333,
"CL","Chile",2012,22.6666666667,
"CL","Chile",2013,22,22
"CN","China",2000,63,63
"CN","China",2001,60.4,
"CN","China",2002,57.8,
"CN","China",2003,55.2,
"CN","China",2004,52.6,
"CN","China",2005,50,50
"CN","China",2006,47.2,
"CN","China",2007,44.4,
"CN","China",2008,41.6,
"CN","China",2009,38.8,
"CN","China",2010,36,36
"CN","China",2011,34.6666666667,
"CN","China",2012,33.3333333333,
"CN","China",2013,32,32
"CO","Colombia",2000,130,130
"CO","Colombia",2001,123.4,
"CO","Colombia",2002,116.8,
"CO","Colombia",2003,110.2,
"CO","Colombia",2004,103.6,
"CO","Colombia",2005,97,97
"CO","Colombia",2006,94.6,
"CO","Colombia",2007,92.2,
"CO","Colombia",2008,89.8,
"CO","Colombia",2009,87.4,
"CO","Colombia",2010,85,85
"CO","Colombia",2011,84.3333333333,
"CO","Colombia",2012,83.6666666667,
"CO","Colombia",2013,83,83
"KM","Comoros",2000,480,480
"KM","Comoros",2001,470,
"KM","Comoros",2002,460,
"KM","Comoros",2003,450,
"KM","Comoros",2004,440,
"KM","Comoros",2005,430,430
"KM","Comoros",2006,420,
"KM","Comoros",2007,410,
"KM","Comoros",2008,400,
"KM","Comoros",2009,390,
"KM","Comoros",2010,380,380
"KM","Comoros",2011,370,
"KM","Comoros",2012,360,
"KM","Comoros",2013,350,350
"CG","Congo",2000,610,610
"CG","Congo",2001,594,
"CG","Congo",2002,578,
"CG","Congo",2003,562,
"CG","Congo",2004,546,
"CG","Congo",2005,530,530
"CG","Congo",2006,514,
"CG","Congo",2007,498,
"CG","Congo",2008,482,
"CG","Congo",2009,466,
"CG","Congo",2010,450,450
"CG","Congo",2011,436.6666666667,
"CG","Congo",2012,423.3333333333,
"CG","Congo",2013,410,410
"CR","Costa Rica",2000,44,44
"CR","Costa Rica",2001,44.4,
"CR","Costa Rica",2002,44.8,
"CR","Costa Rica",2003,45.2,
"CR","Costa Rica",2004,45.6,
"CR","Costa Rica",2005,46,46
"CR","Costa Rica",2006,43.4,
"CR","Costa Rica",2007,40.8,
"CR","Costa Rica",2008,38.2,
"CR","Costa Rica",2009,35.6,
"CR","Costa Rica",2010,33,33
"CR","Costa Rica",2011,34.6666666667,
"CR","Costa Rica",2012,36.3333333333,
"CR","Costa Rica",2013,38,38
"CI","Cote d'Ivoire",2000,670,670
"CI","Cote d'Ivoire",2001,686,
"CI","Cote d'Ivoire",2002,702,
"CI","Cote d'Ivoire",2003,718,
"CI","Cote d'Ivoire",2004,734,
"CI","Cote d'Ivoire",2005,750,750
"CI","Cote d'Ivoire",2006,750,
"CI","Cote d'Ivoire",2007,750,
"CI","Cote d'Ivoire",2008,750,
"CI","Cote d'Ivoire",2009,750,
"CI","Cote d'Ivoire",2010,750,750
"CI","Cote d'Ivoire",2011,740,
"CI","Cote d'Ivoire",2012,730,
"CI","Cote d'Ivoire",2013,720,720
"HR","Croatia",2000,11,11
"HR","Croatia",2001,11.6,
"HR","Croatia",2002,12.2,
"HR","Croatia",2003,12.8,
"HR","Croatia",2004,13.4,
"HR","Croatia",2005,14,14
"HR","Croatia",2006,14.2,
"HR","Croatia",2007,14.4,
"HR","Croatia",2008,14.6,
"HR","Croatia",2009,14.8,
"HR","Croatia",2010,15,15
"HR","Croatia",2011,14.3333333333,
"HR","Croatia",2012,13.6666666667,
"HR","Croatia",2013,13,13
"CU","Cuba",2000,63,63
"CU","Cuba",2001,63.8,
"CU","Cuba",2002,64.6,
"CU","Cuba",2003,65.4,
"CU","Cuba",2004,66.2,
"CU","Cuba",2005,67,67
"CU","Cuba",2006,69.6,
"CU","Cuba",2007,72.2,
"CU","Cuba",2008,74.8,
"CU","Cuba",2009,77.4,
"CU","Cuba",2010,80,80
"CU","Cuba",2011,80,
"CU","Cuba",2012,80,
"CU","Cuba",2013,80,80
"CW","Curacao",2000,,
"CW","Curacao",2001,,
"CW","Curacao",2002,,
"CW","Curacao",2003,,
"CW","Curacao",2004,,
"CW","Curacao",2005,,
"CW","Curacao",2006,,
"CW","Curacao",2007,,
"CW","Curacao",2008,,
"CW","Curacao",2009,,
"CW","Curacao",2010,,
"CW","Curacao",2011,,
"CW","Curacao",2012,,
"CW","Curacao",2013,,
"CY","Cyprus",2000,16,16
"CY","Cyprus",2001,15.4,
"CY","Cyprus",2002,14.8,
"CY","Cyprus",2003,14.2,
"CY","Cyprus",2004,13.6,
"CY","Cyprus",2005,13,13
"CY","Cyprus",2006,12.4,
"CY","Cyprus",2007,11.8,
"CY","Cyprus",2008,11.2,
"CY","Cyprus",2009,10.6,
"CY","Cyprus",2010,10,10
"CY","Cyprus",2011,10,
"CY","Cyprus",2012,10,
"CY","Cyprus",2013,10,10
"CZ","Czech Republic",2000,7,7
"CZ","Czech Republic",2001,7,
"CZ","Czech Republic",2002,7,
"CZ","Czech Republic",2003,7,
"CZ","Czech Republic",2004,7,
"CZ","Czech Republic",2005,7,7
"CZ","Czech Republic",2006,6.6,
"CZ","Czech Republic",2007,6.2,
"CZ","Czech Republic",2008,5.8,
"CZ","Czech Republic",2009,5.4,
"CZ","Czech Republic",2010,5,5
"CZ","Czech Republic",2011,5,
"CZ","Czech Republic",2012,5,
"CZ","Czech Republic",2013,5,5
"DK","Denmark",2000,9,9
"DK","Denmark",2001,8.8,
"DK","Denmark",2002,8.6,
"DK","Denmark",2003,8.4,
"DK","Denmark",2004,8.2,
"DK","Denmark",2005,8,8
"DK","Denmark",2006,8.2,
"DK","Denmark",2007,8.4,
"DK","Denmark",2008,8.6,
"DK","Denmark",2009,8.8,
"DK","Denmark",2010,9,9
"DK","Denmark",2011,7.6666666667,
"DK","Denmark",2012,6.3333333333,
"DK","Denmark",2013,5,5
"DJ","Djibouti",2000,360,360
"DJ","Djibouti",2001,350,
"DJ","Djibouti",2002,340,
"DJ","Djibouti",2003,330,
"DJ","Djibouti",2004,320,
"DJ","Djibouti",2005,310,310
"DJ","Djibouti",2006,298,
"DJ","Djibouti",2007,286,
"DJ","Djibouti",2008,274,
"DJ","Djibouti",2009,262,
"DJ","Djibouti",2010,250,250
"DJ","Djibouti",2011,243.3333333333,
"DJ","Djibouti",2012,236.6666666667,
"DJ","Djibouti",2013,230,230
"DM","Dominica",2000,,
"DM","Dominica",2001,,
"DM","Dominica",2002,,
"DM","Dominica",2003,,
"DM","Dominica",2004,,
"DM","Dominica",2005,,
"DM","Dominica",2006,,
"DM","Dominica",2007,,
"DM","Dominica",2008,,
"DM","Dominica",2009,,
"DM","Dominica",2010,,
"DM","Dominica",2011,,
"DM","Dominica",2012,,
"DM","Dominica",2013,,
"DO","Dominican Republic",2000,120,120
"DO","Dominican Republic",2001,122,
"DO","Dominican Republic",2002,124,
"DO","Dominican Republic",2003,126,
"DO","Dominican Republic",2004,128,
"DO","Dominican Republic",2005,130,130
"DO","Dominican Republic",2006,130,
"DO","Dominican Republic",2007,130,
"DO","Dominican Republic",2008,130,
"DO","Dominican Republic",2009,130,
"DO","Dominican Republic",2010,130,130
"DO","Dominican Republic",2011,120,
"DO","Dominican Republic",2012,110,
"DO","Dominican Republic",2013,100,100
"CD","DRC",2000,1100,1100
"CD","DRC",2001,1066,
"CD","DRC",2002,1032,
"CD","DRC",2003,998,
"CD","DRC",2004,964,
"CD","DRC",2005,930,930
"CD","DRC",2006,906,
"CD","DRC",2007,882,
"CD","DRC",2008,858,
"CD","DRC",2009,834,
"CD","DRC",2010,810,810
"CD","DRC",2011,783.3333333333,
"CD","DRC",2012,756.6666666667,
"CD","DRC",2013,730,730
"EC","Ecuador",2000,120,120
"EC","Ecuador",2001,115.6,
"EC","Ecuador",2002,111.2,
"EC","Ecuador",2003,106.8,
"EC","Ecuador",2004,102.4,
"EC","Ecuador",2005,98,98
"EC","Ecuador",2006,96.4,
"EC","Ecuador",2007,94.8,
"EC","Ecuador",2008,93.2,
"EC","Ecuador",2009,91.6,
"EC","Ecuador",2010,90,90
"EC","Ecuador",2011,89,
"EC","Ecuador",2012,88,
"EC","Ecuador",2013,87,87
"EG","Egypt",2000,75,75
"EG","Egypt",2001,72.4,
"EG","Egypt",2002,69.8,
"EG","Egypt",2003,67.2,
"EG","Egypt",2004,64.6,
"EG","Egypt",2005,62,62
"EG","Egypt",2006,59.6,
"EG","Egypt",2007,57.2,
"EG","Egypt",2008,54.8,
"EG","Egypt",2009,52.4,
"EG","Egypt",2010,50,50
"EG","Egypt",2011,48.3333333333,
"EG","Egypt",2012,46.6666666667,
"EG","Egypt",2013,45,45
"SV","El Salvador",2000,80,80
"SV","El Salvador",2001,78.4,
"SV","El Salvador",2002,76.8,
"SV","El Salvador",2003,75.2,
"SV","El Salvador",2004,73.6,
"SV","El Salvador",2005,72,72
"SV","El Salvador",2006,71.8,
"SV","El Salvador",2007,71.6,
"SV","El Salvador",2008,71.4,
"SV","El Salvador",2009,71.2,
"SV","El Salvador",2010,71,71
"SV","El Salvador",2011,70.3333333333,
"SV","El Salvador",2012,69.6666666667,
"SV","El Salvador",2013,69,69
"GQ","Equatorial Guinea",2000,790,790
"GQ","Equatorial Guinea",2001,728,
"GQ","Equatorial Guinea",2002,666,
"GQ","Equatorial Guinea",2003,604,
"GQ","Equatorial Guinea",2004,542,
"GQ","Equatorial Guinea",2005,480,480
"GQ","Equatorial Guinea",2006,450,
"GQ","Equatorial Guinea",2007,420,
"GQ","Equatorial Guinea",2008,390,
"GQ","Equatorial Guinea",2009,360,
"GQ","Equatorial Guinea",2010,330,330
"GQ","Equatorial Guinea",2011,316.6666666667,
"GQ","Equatorial Guinea",2012,303.3333333333,
"GQ","Equatorial Guinea",2013,290,290
"ER","Eritrea",2000,670,670
"ER","Eritrea",2001,642,
"ER","Eritrea",2002,614,
"ER","Eritrea",2003,586,
"ER","Eritrea",2004,558,
"ER","Eritrea",2005,530,530
"ER","Eritrea",2006,514,
"ER","Eritrea",2007,498,
"ER","Eritrea",2008,482,
"ER","Eritrea",2009,466,
"ER","Eritrea",2010,450,450
"ER","Eritrea",2011,426.6666666667,
"ER","Eritrea",2012,403.3333333333,
"ER","Eritrea",2013,380,380
"EE","Estonia",2000,26,26
"EE","Estonia",2001,25.6,
"EE","Estonia",2002,25.2,
"EE","Estonia",2003,24.8,
"EE","Estonia",2004,24.4,
"EE","Estonia",2005,24,24
"EE","Estonia",2006,20.4,
"EE","Estonia",2007,16.8,
"EE","Estonia",2008,13.2,
"EE","Estonia",2009,9.6,
"EE","Estonia",2010,6,6
"EE","Estonia",2011,7.6666666667,
"EE","Estonia",2012,9.3333333333,
"EE","Estonia",2013,11,11
"ET","Ethiopia",2000,990,990
"ET","Ethiopia",2001,940,
"ET","Ethiopia",2002,890,
"ET","Ethiopia",2003,840,
"ET","Ethiopia",2004,790,
"ET","Ethiopia",2005,740,740
"ET","Ethiopia",2006,692,
"ET","Ethiopia",2007,644,
"ET","Ethiopia",2008,596,
"ET","Ethiopia",2009,548,
"ET","Ethiopia",2010,500,500
"ET","Ethiopia",2011,473.3333333333,
"ET","Ethiopia",2012,446.6666666667,
"ET","Ethiopia",2013,420,420
"FO","Faroe Islands",2000,,
"FO","Faroe Islands",2001,,
"FO","Faroe Islands",2002,,
"FO","Faroe Islands",2003,,
"FO","Faroe Islands",2004,,
"FO","Faroe Islands",2005,,
"FO","Faroe Islands",2006,,
"FO","Faroe Islands",2007,,
"FO","Faroe Islands",2008,,
"FO","Faroe Islands",2009,,
"FO","Faroe Islands",2010,,
"FO","Faroe Islands",2011,,
"FO","Faroe Islands",2012,,
"FO","Faroe Islands",2013,,
"FJ","Fiji",2000,72,72
"FJ","Fiji",2001,71.4,
"FJ","Fiji",2002,70.8,
"FJ","Fiji",2003,70.2,
"FJ","Fiji",2004,69.6,
"FJ","Fiji",2005,69,69
"FJ","Fiji",2006,67.6,
"FJ","Fiji",2007,66.2,
"FJ","Fiji",2008,64.8,
"FJ","Fiji",2009,63.4,
"FJ","Fiji",2010,62,62
"FJ","Fiji",2011,61,
"FJ","Fiji",2012,60,
"FJ","Fiji",2013,59,59
"FI","Finland",2000,7,7
"FI","Finland",2001,7.4,
"FI","Finland",2002,7.8,
"FI","Finland",2003,8.2,
"FI","Finland",2004,8.6,
"FI","Finland",2005,9,9
"FI","Finland",2006,8.4,
"FI","Finland",2007,7.8,
"FI","Finland",2008,7.2,
"FI","Finland",2009,6.6,
"FI","Finland",2010,6,6
"FI","Finland",2011,5.3333333333,
"FI","Finland",2012,4.6666666667,
"FI","Finland",2013,4,4
"FR","France",2000,10,10
"FR","France",2001,9.8,
"FR","France",2002,9.6,
"FR","France",2003,9.4,
"FR","France",2004,9.2,
"FR","France",2005,9,9
"FR","France",2006,9.6,
"FR","France",2007,10.2,
"FR","France",2008,10.8,
"FR","France",2009,11.4,
"FR","France",2010,12,12
"FR","France",2011,12,
"FR","France",2012,12,
"FR","France",2013,12,12
"PF","French Polynesia",2000,,
"PF","French Polynesia",2001,,
"PF","French Polynesia",2002,,
"PF","French Polynesia",2003,,
"PF","French Polynesia",2004,,
"PF","French Polynesia",2005,,
"PF","French Polynesia",2006,,
"PF","French Polynesia",2007,,
"PF","French Polynesia",2008,,
"PF","French Polynesia",2009,,
"PF","French Polynesia",2010,,
"PF","French Polynesia",2011,,
"PF","French Polynesia",2012,,
"PF","French Polynesia",2013,,
"GA","Gabon",2000,330,330
"GA","Gabon",2001,324,
"GA","Gabon",2002,318,
"GA","Gabon",2003,312,
"GA","Gabon",2004,306,
"GA","Gabon",2005,300,300
"GA","Gabon",2006,292,
"GA","Gabon",2007,284,
"GA","Gabon",2008,276,
"GA","Gabon",2009,268,
"GA","Gabon",2010,260,260
"GA","Gabon",2011,253.3333333333,
"GA","Gabon",2012,246.6666666667,
"GA","Gabon",2013,240,240
"GM","Gambia",2000,580,580
"GM","Gambia",2001,566,
"GM","Gambia",2002,552,
"GM","Gambia",2003,538,
"GM","Gambia",2004,524,
"GM","Gambia",2005,510,510
"GM","Gambia",2006,500,
"GM","Gambia",2007,490,
"GM","Gambia",2008,480,
"GM","Gambia",2009,470,
"GM","Gambia",2010,460,460
"GM","Gambia",2011,450,
"GM","Gambia",2012,440,
"GM","Gambia",2013,430,430
"GE","Georgia",2000,60,60
"GE","Georgia",2001,57.6,
"GE","Georgia",2002,55.2,
"GE","Georgia",2003,52.8,
"GE","Georgia",2004,50.4,
"GE","Georgia",2005,48,48
"GE","Georgia",2006,46.8,
"GE","Georgia",2007,45.6,
"GE","Georgia",2008,44.4,
"GE","Georgia",2009,43.2,
"GE","Georgia",2010,42,42
"GE","Georgia",2011,41.6666666667,
"GE","Georgia",2012,41.3333333333,
"GE","Georgia",2013,41,41
"DE","Germany",2000,7,7
"DE","Germany",2001,7,
"DE","Germany",2002,7,
"DE","Germany",2003,7,
"DE","Germany",2004,7,
"DE","Germany",2005,7,7
"DE","Germany",2006,7,
"DE","Germany",2007,7,
"DE","Germany",2008,7,
"DE","Germany",2009,7,
"DE","Germany",2010,7,7
"DE","Germany",2011,7,
"DE","Germany",2012,7,
"DE","Germany",2013,7,7
"GH","Ghana",2000,570,570
"GH","Ghana",2001,550,
"GH","Ghana",2002,530,
"GH","Ghana",2003,510,
"GH","Ghana",2004,490,
"GH","Ghana",2005,470,470
"GH","Ghana",2006,458,
"GH","Ghana",2007,446,
"GH","Ghana",2008,434,
"GH","Ghana",2009,422,
"GH","Ghana",2010,410,410
"GH","Ghana",2011,400,
"GH","Ghana",2012,390,
"GH","Ghana",2013,380,380
"GR","Greece",2000,5,5
"GR","Greece",2001,4.6,
"GR","Greece",2002,4.2,
"GR","Greece",2003,3.8,
"GR","Greece",2004,3.4,
"GR","Greece",2005,3,3
"GR","Greece",2006,3.4,
"GR","Greece",2007,3.8,
"GR","Greece",2008,4.2,
"GR","Greece",2009,4.6,
"GR","Greece",2010,5,5
"GR","Greece",2011,5,
"GR","Greece",2012,5,
"GR","Greece",2013,5,5
"GL","Greenland",2000,,
"GL","Greenland",2001,,
"GL","Greenland",2002,,
"GL","Greenland",2003,,
"GL","Greenland",2004,,
"GL","Greenland",2005,,
"GL","Greenland",2006,,
"GL","Greenland",2007,,
"GL","Greenland",2008,,
"GL","Greenland",2009,,
"GL","Greenland",2010,,
"GL","Greenland",2011,,
"GL","Greenland",2012,,
"GL","Greenland",2013,,
"GD","Grenada",2000,29,29
"GD","Grenada",2001,28.2,
"GD","Grenada",2002,27.4,
"GD","Grenada",2003,26.6,
"GD","Grenada",2004,25.8,
"GD","Grenada",2005,25,25
"GD","Grenada",2006,24.6,
"GD","Grenada",2007,24.2,
"GD","Grenada",2008,23.8,
"GD","Grenada",2009,23.4,
"GD","Grenada",2010,23,23
"GD","Grenada",2011,23,
"GD","Grenada",2012,23,
"GD","Grenada",2013,23,23
"GU","Guam",2000,,
"GU","Guam",2001,,
"GU","Guam",2002,,
"GU","Guam",2003,,
"GU","Guam",2004,,
"GU","Guam",2005,,
"GU","Guam",2006,,
"GU","Guam",2007,,
"GU","Guam",2008,,
"GU","Guam",2009,,
"GU","Guam",2010,,
"GU","Guam",2011,,
"GU","Guam",2012,,
"GU","Guam",2013,,
"GT","Guatemala",2000,160,160
"GT","Guatemala",2001,156,
"GT","Guatemala",2002,152,
"GT","Guatemala",2003,148,
"GT","Guatemala",2004,144,
"GT","Guatemala",2005,140,140
"GT","Guatemala",2006,140,
"GT","Guatemala",2007,140,
"GT","Guatemala",2008,140,
"GT","Guatemala",2009,140,
"GT","Guatemala",2010,140,140
"GT","Guatemala",2011,140,
"GT","Guatemala",2012,140,
"GT","Guatemala",2013,140,140
"GN","Guinea",2000,950,950
"GN","Guinea",2001,920,
"GN","Guinea",2002,890,
"GN","Guinea",2003,860,
"GN","Guinea",2004,830,
"GN","Guinea",2005,800,800
"GN","Guinea",2006,778,
"GN","Guinea",2007,756,
"GN","Guinea",2008,734,
"GN","Guinea",2009,712,
"GN","Guinea",2010,690,690
"GN","Guinea",2011,676.6666666667,
"GN","Guinea",2012,663.3333333333,
"GN","Guinea",2013,650,650
"GW","Guinea-Bissau",2000,840,840
"GW","Guinea-Bissau",2001,824,
"GW","Guinea-Bissau",2002,808,
"GW","Guinea-Bissau",2003,792,
"GW","Guinea-Bissau",2004,776,
"GW","Guinea-Bissau",2005,760,760
"GW","Guinea-Bissau",2006,728,
"GW","Guinea-Bissau",2007,696,
"GW","Guinea-Bissau",2008,664,
"GW","Guinea-Bissau",2009,632,
"GW","Guinea-Bissau",2010,600,600
"GW","Guinea-Bissau",2011,586.6666666667,
"GW","Guinea-Bissau",2012,573.3333333333,
"GW","Guinea-Bissau",2013,560,560
"GY","Guyana",2000,240,240
"GY","Guyana",2001,240,
"GY","Guyana",2002,240,
"GY","Guyana",2003,240,
"GY","Guyana",2004,240,
"GY","Guyana",2005,240,240
"GY","Guyana",2006,238,
"GY","Guyana",2007,236,
"GY","Guyana",2008,234,
"GY","Guyana",2009,232,
"GY","Guyana",2010,230,230
"GY","Guyana",2011,236.6666666667,
"GY","Guyana",2012,243.3333333333,
"GY","Guyana",2013,250,250
"HT","Haiti",2000,510,510
"HT","Haiti",2001,502,
"HT","Haiti",2002,494,
"HT","Haiti",2003,486,
"HT","Haiti",2004,478,
"HT","Haiti",2005,470,470
"HT","Haiti",2006,460,
"HT","Haiti",2007,450,
"HT","Haiti",2008,440,
"HT","Haiti",2009,430,
"HT","Haiti",2010,420,420
"HT","Haiti",2011,406.6666666667,
"HT","Haiti",2012,393.3333333333,
"HT","Haiti",2013,380,380
"HN","Honduras",2000,150,150
"HN","Honduras",2001,146,
"HN","Honduras",2002,142,
"HN","Honduras",2003,138,
"HN","Honduras",2004,134,
"HN","Honduras",2005,130,130
"HN","Honduras",2006,128,
"HN","Honduras",2007,126,
"HN","Honduras",2008,124,
"HN","Honduras",2009,122,
"HN","Honduras",2010,120,120
"HN","Honduras",2011,120,
"HN","Honduras",2012,120,
"HN","Honduras",2013,120,120
"HK","Hong Kong",2000,,
"HK","Hong Kong",2001,,
"HK","Hong Kong",2002,,
"HK","Hong Kong",2003,,
"HK","Hong Kong",2004,,
"HK","Hong Kong",2005,,
"HK","Hong Kong",2006,,
"HK","Hong Kong",2007,,
"HK","Hong Kong",2008,,
"HK","Hong Kong",2009,,
"HK","Hong Kong",2010,,
"HK","Hong Kong",2011,,
"HK","Hong Kong",2012,,
"HK","Hong Kong",2013,,
"HU","Hungary",2000,10,10
"HU","Hungary",2001,10.6,
"HU","Hungary",2002,11.2,
"HU","Hungary",2003,11.8,
"HU","Hungary",2004,12.4,
"HU","Hungary",2005,13,13
"HU","Hungary",2006,14.6,
"HU","Hungary",2007,16.2,
"HU","Hungary",2008,17.8,
"HU","Hungary",2009,19.4,
"HU","Hungary",2010,21,21
"HU","Hungary",2011,18.6666666667,
"HU","Hungary",2012,16.3333333333,
"HU","Hungary",2013,14,14
"IS","Iceland",2000,6,6
"IS","Iceland",2001,6,
"IS","Iceland",2002,6,
"IS","Iceland",2003,6,
"IS","Iceland",2004,6,
"IS","Iceland",2005,6,6
"IS","Iceland",2006,5.8,
"IS","Iceland",2007,5.6,
"IS","Iceland",2008,5.4,
"IS","Iceland",2009,5.2,
"IS","Iceland",2010,5,5
"IS","Iceland",2011,4.6666666667,
"IS","Iceland",2012,4.3333333333,
"IS","Iceland",2013,4,4
"IN","India",2000,370,370
"IN","India",2001,352,
"IN","India",2002,334,
"IN","India",2003,316,
"IN","India",2004,298,
"IN","India",2005,280,280
"IN","India",2006,268,
"IN","India",2007,256,
"IN","India",2008,244,
"IN","India",2009,232,
"IN","India",2010,220,220
"IN","India",2011,210,
"IN","India",2012,200,
"IN","India",2013,190,190
"ID","Indonesia",2000,310,310
"ID","Indonesia",2001,298,
"ID","Indonesia",2002,286,
"ID","Indonesia",2003,274,
"ID","Indonesia",2004,262,
"ID","Indonesia",2005,250,250
"ID","Indonesia",2006,242,
"ID","Indonesia",2007,234,
"ID","Indonesia",2008,226,
"ID","Indonesia",2009,218,
"ID","Indonesia",2010,210,210
"ID","Indonesia",2011,203.3333333333,
"ID","Indonesia",2012,196.6666666667,
"ID","Indonesia",2013,190,190
"IR","Iran",2000,44,44
"IR","Iran",2001,41.4,
"IR","Iran",2002,38.8,
"IR","Iran",2003,36.2,
"IR","Iran",2004,33.6,
"IR","Iran",2005,31,31
"IR","Iran",2006,29.8,
"IR","Iran",2007,28.6,
"IR","Iran",2008,27.4,
"IR","Iran",2009,26.2,
"IR","Iran",2010,25,25
"IR","Iran",2011,24.3333333333,
"IR","Iran",2012,23.6666666667,
"IR","Iran",2013,23,23
"IQ","Iraq",2000,71,71
"IQ","Iraq",2001,72.2,
"IQ","Iraq",2002,73.4,
"IQ","Iraq",2003,74.6,
"IQ","Iraq",2004,75.8,
"IQ","Iraq",2005,77,77
"IQ","Iraq",2006,76.2,
"IQ","Iraq",2007,75.4,
"IQ","Iraq",2008,74.6,
"IQ","Iraq",2009,73.8,
"IQ","Iraq",2010,73,73
"IQ","Iraq",2011,71,
"IQ","Iraq",2012,69,
"IQ","Iraq",2013,67,67
"IE","Ireland",2000,6,6
"IE","Ireland",2001,5.2,
"IE","Ireland",2002,4.4,
"IE","Ireland",2003,3.6,
"IE","Ireland",2004,2.8,
"IE","Ireland",2005,2,2
"IE","Ireland",2006,3.6,
"IE","Ireland",2007,5.2,
"IE","Ireland",2008,6.8,
"IE","Ireland",2009,8.4,
"IE","Ireland",2010,10,10
"IE","Ireland",2011,9.6666666667,
"IE","Ireland",2012,9.3333333333,
"IE","Ireland",2013,9,9
"IL","Israel",2000,9,9
"IL","Israel",2001,8.6,
"IL","Israel",2002,8.2,
"IL","Israel",2003,7.8,
"IL","Israel",2004,7.4,
"IL","Israel",2005,7,7
"IL","Israel",2006,6.6,
"IL","Israel",2007,6.2,
"IL","Israel",2008,5.8,
"IL","Israel",2009,5.4,
"IL","Israel",2010,5,5
"IL","Israel",2011,4,
"IL","Israel",2012,3,
"IL","Israel",2013,2,2
"IT","Italy",2000,4,4
"IT","Italy",2001,4.2,
"IT","Italy",2002,4.4,
"IT","Italy",2003,4.6,
"IT","Italy",2004,4.8,
"IT","Italy",2005,5,5
"IT","Italy",2006,4.8,
"IT","Italy",2007,4.6,
"IT","Italy",2008,4.4,
"IT","Italy",2009,4.2,
"IT","Italy",2010,4,4
"IT","Italy",2011,4,
"IT","Italy",2012,4,
"IT","Italy",2013,4,4
"JM","Jamaica",2000,88,88
"JM","Jamaica",2001,87.4,
"JM","Jamaica",2002,86.8,
"JM","Jamaica",2003,86.2,
"JM","Jamaica",2004,85.6,
"JM","Jamaica",2005,85,85
"JM","Jamaica",2006,84.4,
"JM","Jamaica",2007,83.8,
"JM","Jamaica",2008,83.2,
"JM","Jamaica",2009,82.6,
"JM","Jamaica",2010,82,82
"JM","Jamaica",2011,81.3333333333,
"JM","Jamaica",2012,80.6666666667,
"JM","Jamaica",2013,80,80
"JP","Japan",2000,10,10
"JP","Japan",2001,9.4,
"JP","Japan",2002,8.8,
"JP","Japan",2003,8.2,
"JP","Japan",2004,7.6,
"JP","Japan",2005,7,7
"JP","Japan",2006,6.8,
"JP","Japan",2007,6.6,
"JP","Japan",2008,6.4,
"JP","Japan",2009,6.2,
"JP","Japan",2010,6,6
"JP","Japan",2011,6,
"JP","Japan",2012,6,
"JP","Japan",2013,6,6
"JO","Jordan",2000,65,65
"JO","Jordan",2001,63.6,
"JO","Jordan",2002,62.2,
"JO","Jordan",2003,60.8,
"JO","Jordan",2004,59.4,
"JO","Jordan",2005,58,58
"JO","Jordan",2006,57,
"JO","Jordan",2007,56,
"JO","Jordan",2008,55,
"JO","Jordan",2009,54,
"JO","Jordan",2010,53,53
"JO","Jordan",2011,52,
"JO","Jordan",2012,51,
"JO","Jordan",2013,50,50
"KZ","Kazakhstan",2000,71,71
"KZ","Kazakhstan",2001,66.8,
"KZ","Kazakhstan",2002,62.6,
"KZ","Kazakhstan",2003,58.4,
"KZ","Kazakhstan",2004,54.2,
"KZ","Kazakhstan",2005,50,50
"KZ","Kazakhstan",2006,48,
"KZ","Kazakhstan",2007,46,
"KZ","Kazakhstan",2008,44,
"KZ","Kazakhstan",2009,42,
"KZ","Kazakhstan",2010,40,40
"KZ","Kazakhstan",2011,35.3333333333,
"KZ","Kazakhstan",2012,30.6666666667,
"KZ","Kazakhstan",2013,26,26
"KE","Kenya",2000,570,570
"KE","Kenya",2001,566,
"KE","Kenya",2002,562,
"KE","Kenya",2003,558,
"KE","Kenya",2004,554,
"KE","Kenya",2005,550,550
"KE","Kenya",2006,532,
"KE","Kenya",2007,514,
"KE","Kenya",2008,496,
"KE","Kenya",2009,478,
"KE","Kenya",2010,460,460
"KE","Kenya",2011,440,
"KE","Kenya",2012,420,
"KE","Kenya",2013,400,400
"KI","Kiribati",2000,200,200
"KI","Kiribati",2001,194,
"KI","Kiribati",2002,188,
"KI","Kiribati",2003,182,
"KI","Kiribati",2004,176,
"KI","Kiribati",2005,170,170
"KI","Kiribati",2006,164,
"KI","Kiribati",2007,158,
"KI","Kiribati",2008,152,
"KI","Kiribati",2009,146,
"KI","Kiribati",2010,140,140
"KI","Kiribati",2011,136.6666666667,
"KI","Kiribati",2012,133.3333333333,
"KI","Kiribati",2013,130,130
"XK","Kosovo",2000,,
"XK","Kosovo",2001,,
"XK","Kosovo",2002,,
"XK","Kosovo",2003,,
"XK","Kosovo",2004,,
"XK","Kosovo",2005,,
"XK","Kosovo",2006,,
"XK","Kosovo",2007,,
"XK","Kosovo",2008,,
"XK","Kosovo",2009,,
"XK","Kosovo",2010,,
"XK","Kosovo",2011,,
"XK","Kosovo",2012,,
"XK","Kosovo",2013,,
"KW","Kuwait",2000,8,8
"KW","Kuwait",2001,7.6,
"KW","Kuwait",2002,7.2,
"KW","Kuwait",2003,6.8,
"KW","Kuwait",2004,6.4,
"KW","Kuwait",2005,6,6
"KW","Kuwait",2006,7.4,
"KW","Kuwait",2007,8.8,
"KW","Kuwait",2008,10.2,
"KW","Kuwait",2009,11.6,
"KW","Kuwait",2010,13,13
"KW","Kuwait",2011,13.3333333333,
"KW","Kuwait",2012,13.6666666667,
"KW","Kuwait",2013,14,14
"KG","Kyrgyzstan",2000,100,100
"KG","Kyrgyzstan",2001,98.4,
"KG","Kyrgyzstan",2002,96.8,
"KG","Kyrgyzstan",2003,95.2,
"KG","Kyrgyzstan",2004,93.6,
"KG","Kyrgyzstan",2005,92,92
"KG","Kyrgyzstan",2006,89.4,
"KG","Kyrgyzstan",2007,86.8,
"KG","Kyrgyzstan",2008,84.2,
"KG","Kyrgyzstan",2009,81.6,
"KG","Kyrgyzstan",2010,79,79
"KG","Kyrgyzstan",2011,77.6666666667,
"KG","Kyrgyzstan",2012,76.3333333333,
"KG","Kyrgyzstan",2013,75,75
"LA","Lao",2000,600,600
"LA","Lao",2001,562,
"LA","Lao",2002,524,
"LA","Lao",2003,486,
"LA","Lao",2004,448,
"LA","Lao",2005,410,410
"LA","Lao",2006,382,
"LA","Lao",2007,354,
"LA","Lao",2008,326,
"LA","Lao",2009,298,
"LA","Lao",2010,270,270
"LA","Lao",2011,253.3333333333,
"LA","Lao",2012,236.6666666667,
"LA","Lao",2013,220,220
"LV","Latvia",2000,42,42
"LV","Latvia",2001,37.8,
"LV","Latvia",2002,33.6,
"LV","Latvia",2003,29.4,
"LV","Latvia",2004,25.2,
"LV","Latvia",2005,21,21
"LV","Latvia",2006,22.6,
"LV","Latvia",2007,24.2,
"LV","Latvia",2008,25.8,
"LV","Latvia",2009,27.4,
"LV","Latvia",2010,29,29
"LV","Latvia",2011,23.6666666667,
"LV","Latvia",2012,18.3333333333,
"LV","Latvia",2013,13,13
"LB","Lebanon",2000,37,37
"LB","Lebanon",2001,34.8,
"LB","Lebanon",2002,32.6,
"LB","Lebanon",2003,30.4,
"LB","Lebanon",2004,28.2,
"LB","Lebanon",2005,26,26
"LB","Lebanon",2006,24.4,
"LB","Lebanon",2007,22.8,
"LB","Lebanon",2008,21.2,
"LB","Lebanon",2009,19.6,
"LB","Lebanon",2010,18,18
"LB","Lebanon",2011,17.3333333333,
"LB","Lebanon",2012,16.6666666667,
"LB","Lebanon",2013,16,16
"LS","Lesotho",2000,680,680
"LS","Lesotho",2001,678,
"LS","Lesotho",2002,676,
"LS","Lesotho",2003,674,
"LS","Lesotho",2004,672,
"LS","Lesotho",2005,670,670
"LS","Lesotho",2006,644,
"LS","Lesotho",2007,618,
"LS","Lesotho",2008,592,
"LS","Lesotho",2009,566,
"LS","Lesotho",2010,540,540
"LS","Lesotho",2011,523.3333333333,
"LS","Lesotho",2012,506.6666666667,
"LS","Lesotho",2013,490,490
"LR","Liberia",2000,1100,1100
"LR","Liberia",2001,1056,
"LR","Liberia",2002,1012,
"LR","Liberia",2003,968,
"LR","Liberia",2004,924,
"LR","Liberia",2005,880,880
"LR","Liberia",2006,840,
"LR","Liberia",2007,800,
"LR","Liberia",2008,760,
"LR","Liberia",2009,720,
"LR","Liberia",2010,680,680
"LR","Liberia",2011,666.6666666667,
"LR","Liberia",2012,653.3333333333,
"LR","Liberia",2013,640,640
"LY","Libya",2000,21,21
"LY","Libya",2001,20.2,
"LY","Libya",2002,19.4,
"LY","Libya",2003,18.6,
"LY","Libya",2004,17.8,
"LY","Libya",2005,17,17
"LY","Libya",2006,16.6,
"LY","Libya",2007,16.2,
"LY","Libya",2008,15.8,
"LY","Libya",2009,15.4,
"LY","Libya",2010,15,15
"LY","Libya",2011,15,
"LY","Libya",2012,15,
"LY","Libya",2013,15,15
"LI","Liechtenstein",2000,,
"LI","Liechtenstein",2001,,
"LI","Liechtenstein",2002,,
"LI","Liechtenstein",2003,,
"LI","Liechtenstein",2004,,
"LI","Liechtenstein",2005,,
"LI","Liechtenstein",2006,,
"LI","Liechtenstein",2007,,
"LI","Liechtenstein",2008,,
"LI","Liechtenstein",2009,,
"LI","Liechtenstein",2010,,
"LI","Liechtenstein",2011,,
"LI","Liechtenstein",2012,,
"LI","Liechtenstein",2013,,
"LT","Lithuania",2000,20,20
"LT","Lithuania",2001,18.2,
"LT","Lithuania",2002,16.4,
"LT","Lithuania",2003,14.6,
"LT","Lithuania",2004,12.8,
"LT","Lithuania",2005,11,11
"LT","Lithuania",2006,10.6,
"LT","Lithuania",2007,10.2,
"LT","Lithuania",2008,9.8,
"LT","Lithuania",2009,9.4,
"LT","Lithuania",2010,9,9
"LT","Lithuania",2011,9.6666666667,
"LT","Lithuania",2012,10.3333333333,
"LT","Lithuania",2013,11,11
"LU","Luxembourg",2000,11,11
"LU","Luxembourg",2001,12.2,
"LU","Luxembourg",2002,13.4,
"LU","Luxembourg",2003,14.6,
"LU","Luxembourg",2004,15.8,
"LU","Luxembourg",2005,17,17
"LU","Luxembourg",2006,16.2,
"LU","Luxembourg",2007,15.4,
"LU","Luxembourg",2008,14.6,
"LU","Luxembourg",2009,13.8,
"LU","Luxembourg",2010,13,13
"LU","Luxembourg",2011,12.3333333333,
"LU","Luxembourg",2012,11.6666666667,
"LU","Luxembourg",2013,11,11
"MO","Macao",2000,,
"MO","Macao",2001,,
"MO","Macao",2002,,
"MO","Macao",2003,,
"MO","Macao",2004,,
"MO","Macao",2005,,
"MO","Macao",2006,,
"MO","Macao",2007,,
"MO","Macao",2008,,
"MO","Macao",2009,,
"MO","Macao",2010,,
"MO","Macao",2011,,
"MO","Macao",2012,,
"MO","Macao",2013,,
"MK","Macedonia",2000,15,15
"MK","Macedonia",2001,14.8,
"MK","Macedonia",2002,14.6,
"MK","Macedonia",2003,14.4,
"MK","Macedonia",2004,14.2,
"MK","Macedonia",2005,14,14
"MK","Macedonia",2006,12.6,
"MK","Macedonia",2007,11.2,
"MK","Macedonia",2008,9.8,
"MK","Macedonia",2009,8.4,
"MK","Macedonia",2010,7,7
"MK","Macedonia",2011,7,
"MK","Macedonia",2012,7,
"MK","Macedonia",2013,7,7
"MG","Madagascar",2000,550,550
"MG","Madagascar",2001,546,
"MG","Madagascar",2002,542,
"MG","Madagascar",2003,538,
"MG","Madagascar",2004,534,
"MG","Madagascar",2005,530,530
"MG","Madagascar",2006,520,
"MG","Madagascar",2007,510,
"MG","Madagascar",2008,500,
"MG","Madagascar",2009,490,
"MG","Madagascar",2010,480,480
"MG","Madagascar",2011,466.6666666667,
"MG","Madagascar",2012,453.3333333333,
"MG","Madagascar",2013,440,440
"MW","Malawi",2000,750,750
"MW","Malawi",2001,714,
"MW","Malawi",2002,678,
"MW","Malawi",2003,642,
"MW","Malawi",2004,606,
"MW","Malawi",2005,570,570
"MW","Malawi",2006,564,
"MW","Malawi",2007,558,
"MW","Malawi",2008,552,
"MW","Malawi",2009,546,
"MW","Malawi",2010,540,540
"MW","Malawi",2011,530,
"MW","Malawi",2012,520,
"MW","Malawi",2013,510,510
"MY","Malaysia",2000,40,40
"MY","Malaysia",2001,39.2,
"MY","Malaysia",2002,38.4,
"MY","Malaysia",2003,37.6,
"MY","Malaysia",2004,36.8,
"MY","Malaysia",2005,36,36
"MY","Malaysia",2006,35,
"MY","Malaysia",2007,34,
"MY","Malaysia",2008,33,
"MY","Malaysia",2009,32,
"MY","Malaysia",2010,31,31
"MY","Malaysia",2011,30.3333333333,
"MY","Malaysia",2012,29.6666666667,
"MY","Malaysia",2013,29,29
"MV","Maldives",2000,110,110
"MV","Maldives",2001,99.4,
"MV","Maldives",2002,88.8,
"MV","Maldives",2003,78.2,
"MV","Maldives",2004,67.6,
"MV","Maldives",2005,57,57
"MV","Maldives",2006,53.2,
"MV","Maldives",2007,49.4,
"MV","Maldives",2008,45.6,
"MV","Maldives",2009,41.8,
"MV","Maldives",2010,38,38
"MV","Maldives",2011,35.6666666667,
"MV","Maldives",2012,33.3333333333,
"MV","Maldives",2013,31,31
"ML","Mali",2000,860,860
"ML","Mali",2001,830,
"ML","Mali",2002,800,
"ML","Mali",2003,770,
"ML","Mali",2004,740,
"ML","Mali",2005,710,710
"ML","Mali",2006,688,
"ML","Mali",2007,666,
"ML","Mali",2008,644,
"ML","Mali",2009,622,
"ML","Mali",2010,600,600
"ML","Mali",2011,583.3333333333,
"ML","Mali",2012,566.6666666667,
"ML","Mali",2013,550,550
"MT","Malta",2000,11,11
"MT","Malta",2001,10.6,
"MT","Malta",2002,10.2,
"MT","Malta",2003,9.8,
"MT","Malta",2004,9.4,
"MT","Malta",2005,9,9
"MT","Malta",2006,8.8,
"MT","Malta",2007,8.6,
"MT","Malta",2008,8.4,
"MT","Malta",2009,8.2,
"MT","Malta",2010,8,8
"MT","Malta",2011,8.3333333333,
"MT","Malta",2012,8.6666666667,
"MT","Malta",2013,9,9
"MH","Marshall Islands",2000,,
"MH","Marshall Islands",2001,,
"MH","Marshall Islands",2002,,
"MH","Marshall Islands",2003,,
"MH","Marshall Islands",2004,,
"MH","Marshall Islands",2005,,
"MH","Marshall Islands",2006,,
"MH","Marshall Islands",2007,,
"MH","Marshall Islands",2008,,
"MH","Marshall Islands",2009,,
"MH","Marshall Islands",2010,,
"MH","Marshall Islands",2011,,
"MH","Marshall Islands",2012,,
"MH","Marshall Islands",2013,,
"MR","Mauritania",2000,480,480
"MR","Mauritania",2001,464,
"MR","Mauritania",2002,448,
"MR","Mauritania",2003,432,
"MR","Mauritania",2004,416,
"MR","Mauritania",2005,400,400
"MR","Mauritania",2006,392,
"MR","Mauritania",2007,384,
"MR","Mauritania",2008,376,
"MR","Mauritania",2009,368,
"MR","Mauritania",2010,360,360
"MR","Mauritania",2011,346.6666666667,
"MR","Mauritania",2012,333.3333333333,
"MR","Mauritania",2013,320,320
"MU","Mauritius",2000,28,28
"MU","Mauritius",2001,29.4,
"MU","Mauritius",2002,30.8,
"MU","Mauritius",2003,32.2,
"MU","Mauritius",2004,33.6,
"MU","Mauritius",2005,35,35
"MU","Mauritius",2006,42.4,
"MU","Mauritius",2007,49.8,
"MU","Mauritius",2008,57.2,
"MU","Mauritius",2009,64.6,
"MU","Mauritius",2010,72,72
"MU","Mauritius",2011,72.3333333333,
"MU","Mauritius",2012,72.6666666667,
"MU","Mauritius",2013,73,73
"MX","Mexico",2000,67,67
"MX","Mexico",2001,63.6,
"MX","Mexico",2002,60.2,
"MX","Mexico",2003,56.8,
"MX","Mexico",2004,53.4,
"MX","Mexico",2005,50,50
"MX","Mexico",2006,49.4,
"MX","Mexico",2007,48.8,
"MX","Mexico",2008,48.2,
"MX","Mexico",2009,47.6,
"MX","Mexico",2010,47,47
"MX","Mexico",2011,47.6666666667,
"MX","Mexico",2012,48.3333333333,
"MX","Mexico",2013,49,49
"FM","Micronesia",2000,130,130
"FM","Micronesia",2001,128,
"FM","Micronesia",2002,126,
"FM","Micronesia",2003,124,
"FM","Micronesia",2004,122,
"FM","Micronesia",2005,120,120
"FM","Micronesia",2006,116,
"FM","Micronesia",2007,112,
"FM","Micronesia",2008,108,
"FM","Micronesia",2009,104,
"FM","Micronesia",2010,100,100
"FM","Micronesia",2011,98.6666666667,
"FM","Micronesia",2012,97.3333333333,
"FM","Micronesia",2013,96,96
"MD","Moldova",2000,39,39
"MD","Moldova",2001,36.2,
"MD","Moldova",2002,33.4,
"MD","Moldova",2003,30.6,
"MD","Moldova",2004,27.8,
"MD","Moldova",2005,25,25
"MD","Moldova",2006,28.2,
"MD","Moldova",2007,31.4,
"MD","Moldova",2008,34.6,
"MD","Moldova",2009,37.8,
"MD","Moldova",2010,41,41
"MD","Moldova",2011,34.3333333333,
"MD","Moldova",2012,27.6666666667,
"MD","Moldova",2013,21,21
"MC","Monaco",2000,,
"MC","Monaco",2001,,
"MC","Monaco",2002,,
"MC","Monaco",2003,,
"MC","Monaco",2004,,
"MC","Monaco",2005,,
"MC","Monaco",2006,,
"MC","Monaco",2007,,
"MC","Monaco",2008,,
"MC","Monaco",2009,,
"MC","Monaco",2010,,
"MC","Monaco",2011,,
"MC","Monaco",2012,,
"MC","Monaco",2013,,
"MN","Mongolia",2000,120,120
"MN","Mongolia",2001,113.8,
"MN","Mongolia",2002,107.6,
"MN","Mongolia",2003,101.4,
"MN","Mongolia",2004,95.2,
"MN","Mongolia",2005,89,89
"MN","Mongolia",2006,86,
"MN","Mongolia",2007,83,
"MN","Mongolia",2008,80,
"MN","Mongolia",2009,77,
"MN","Mongolia",2010,74,74
"MN","Mongolia",2011,72,
"MN","Mongolia",2012,70,
"MN","Mongolia",2013,68,68
"ME","Montenegro",2000,10,10
"ME","Montenegro",2001,9.6,
"ME","Montenegro",2002,9.2,
"ME","Montenegro",2003,8.8,
"ME","Montenegro",2004,8.4,
"ME","Montenegro",2005,8,8
"ME","Montenegro",2006,7.8,
"ME","Montenegro",2007,7.6,
"ME","Montenegro",2008,7.4,
"ME","Montenegro",2009,7.2,
"ME","Montenegro",2010,7,7
"ME","Montenegro",2011,7,
"ME","Montenegro",2012,7,
"ME","Montenegro",2013,7,7
"MA","Morocco",2000,200,200
"MA","Morocco",2001,192,
"MA","Morocco",2002,184,
"MA","Morocco",2003,176,
"MA","Morocco",2004,168,
"MA","Morocco",2005,160,160
"MA","Morocco",2006,154,
"MA","Morocco",2007,148,
"MA","Morocco",2008,142,
"MA","Morocco",2009,136,
"MA","Morocco",2010,130,130
"MA","Morocco",2011,126.6666666667,
"MA","Morocco",2012,123.3333333333,
"MA","Morocco",2013,120,120
"MZ","Mozambique",2000,870,870
"MZ","Mozambique",2001,832,
"MZ","Mozambique",2002,794,
"MZ","Mozambique",2003,756,
"MZ","Mozambique",2004,718,
"MZ","Mozambique",2005,680,680
"MZ","Mozambique",2006,652,
"MZ","Mozambique",2007,624,
"MZ","Mozambique",2008,596,
"MZ","Mozambique",2009,568,
"MZ","Mozambique",2010,540,540
"MZ","Mozambique",2011,520,
"MZ","Mozambique",2012,500,
"MZ","Mozambique",2013,480,480
"MM","Myanmar",2000,360,360
"MM","Myanmar",2001,340,
"MM","Myanmar",2002,320,
"MM","Myanmar",2003,300,
"MM","Myanmar",2004,280,
"MM","Myanmar",2005,260,260
"MM","Myanmar",2006,252,
"MM","Myanmar",2007,244,
"MM","Myanmar",2008,236,
"MM","Myanmar",2009,228,
"MM","Myanmar",2010,220,220
"MM","Myanmar",2011,213.3333333333,
"MM","Myanmar",2012,206.6666666667,
"MM","Myanmar",2013,200,200
"NA","Namibia",2000,270,270
"NA","Namibia",2001,266,
"NA","Namibia",2002,262,
"NA","Namibia",2003,258,
"NA","Namibia",2004,254,
"NA","Namibia",2005,250,250
"NA","Namibia",2006,232,
"NA","Namibia",2007,214,
"NA","Namibia",2008,196,
"NA","Namibia",2009,178,
"NA","Namibia",2010,160,160
"NA","Namibia",2011,150,
"NA","Namibia",2012,140,
"NA","Namibia",2013,130,130
"NP","Nepal",2000,430,430
"NP","Nepal",2001,406,
"NP","Nepal",2002,382,
"NP","Nepal",2003,358,
"NP","Nepal",2004,334,
"NP","Nepal",2005,310,310
"NP","Nepal",2006,292,
"NP","Nepal",2007,274,
"NP","Nepal",2008,256,
"NP","Nepal",2009,238,
"NP","Nepal",2010,220,220
"NP","Nepal",2011,210,
"NP","Nepal",2012,200,
"NP","Nepal",2013,190,190
"NL","Netherlands",2000,15,15
"NL","Netherlands",2001,14,
"NL","Netherlands",2002,13,
"NL","Netherlands",2003,12,
"NL","Netherlands",2004,11,
"NL","Netherlands",2005,10,10
"NL","Netherlands",2006,9.4,
"NL","Netherlands",2007,8.8,
"NL","Netherlands",2008,8.2,
"NL","Netherlands",2009,7.6,
"NL","Netherlands",2010,7,7
"NL","Netherlands",2011,6.6666666667,
"NL","Netherlands",2012,6.3333333333,
"NL","Netherlands",2013,6,6
"NC","New Caledonia",2000,,
"NC","New Caledonia",2001,,
"NC","New Caledonia",2002,,
"NC","New Caledonia",2003,,
"NC","New Caledonia",2004,,
"NC","New Caledonia",2005,,
"NC","New Caledonia",2006,,
"NC","New Caledonia",2007,,
"NC","New Caledonia",2008,,
"NC","New Caledonia",2009,,
"NC","New Caledonia",2010,,
"NC","New Caledonia",2011,,
"NC","New Caledonia",2012,,
"NC","New Caledonia",2013,,
"NZ","New Zealand",2000,12,12
"NZ","New Zealand",2001,12,
"NZ","New Zealand",2002,12,
"NZ","New Zealand",2003,12,
"NZ","New Zealand",2004,12,
"NZ","New Zealand",2005,12,12
"NZ","New Zealand",2006,12,
"NZ","New Zealand",2007,12,
"NZ","New Zealand",2008,12,
"NZ","New Zealand",2009,12,
"NZ","New Zealand",2010,12,12
"NZ","New Zealand",2011,10.6666666667,
"NZ","New Zealand",2012,9.3333333333,
"NZ","New Zealand",2013,8,8
"NI","Nicaragua",2000,140,140
"NI","Nicaragua",2001,136,
"NI","Nicaragua",2002,132,
"NI","Nicaragua",2003,128,
"NI","Nicaragua",2004,124,
"NI","Nicaragua",2005,120,120
"NI","Nicaragua",2006,118,
"NI","Nicaragua",2007,116,
"NI","Nicaragua",2008,114,
"NI","Nicaragua",2009,112,
"NI","Nicaragua",2010,110,110
"NI","Nicaragua",2011,106.6666666667,
"NI","Nicaragua",2012,103.3333333333,
"NI","Nicaragua",2013,100,100
"NE","Niger",2000,850,850
"NE","Niger",2001,832,
"NE","Niger",2002,814,
"NE","Niger",2003,796,
"NE","Niger",2004,778,
"NE","Niger",2005,760,760
"NE","Niger",2006,746,
"NE","Niger",2007,732,
"NE","Niger",2008,718,
"NE","Niger",2009,704,
"NE","Niger",2010,690,690
"NE","Niger",2011,670,
"NE","Niger",2012,650,
"NE","Niger",2013,630,630
"NG","Nigeria",2000,950,950
"NG","Nigeria",2001,908,
"NG","Nigeria",2002,866,
"NG","Nigeria",2003,824,
"NG","Nigeria",2004,782,
"NG","Nigeria",2005,740,740
"NG","Nigeria",2006,714,
"NG","Nigeria",2007,688,
"NG","Nigeria",2008,662,
"NG","Nigeria",2009,636,
"NG","Nigeria",2010,610,610
"NG","Nigeria",2011,593.3333333333,
"NG","Nigeria",2012,576.6666666667,
"NG","Nigeria",2013,560,560
"KP","North Korea",2000,120,120
"KP","North Korea",2001,118,
"KP","North Korea",2002,116,
"KP","North Korea",2003,114,
"KP","North Korea",2004,112,
"KP","North Korea",2005,110,110
"KP","North Korea",2006,107.6,
"KP","North Korea",2007,105.2,
"KP","North Korea",2008,102.8,
"KP","North Korea",2009,100.4,
"KP","North Korea",2010,98,98
"KP","North Korea",2011,94.3333333333,
"KP","North Korea",2012,90.6666666667,
"KP","North Korea",2013,87,87
"MP","Northern Mariana Islands",2000,,
"MP","Northern Mariana Islands",2001,,
"MP","Northern Mariana Islands",2002,,
"MP","Northern Mariana Islands",2003,,
"MP","Northern Mariana Islands",2004,,
"MP","Northern Mariana Islands",2005,,
"MP","Northern Mariana Islands",2006,,
"MP","Northern Mariana Islands",2007,,
"MP","Northern Mariana Islands",2008,,
"MP","Northern Mariana Islands",2009,,
"MP","Northern Mariana Islands",2010,,
"MP","Northern Mariana Islands",2011,,
"MP","Northern Mariana Islands",2012,,
"MP","Northern Mariana Islands",2013,,
"NO","Norway",2000,8,8
"NO","Norway",2001,8.2,
"NO","Norway",2002,8.4,
"NO","Norway",2003,8.6,
"NO","Norway",2004,8.8,
"NO","Norway",2005,9,9
"NO","Norway",2006,8.2,
"NO","Norway",2007,7.4,
"NO","Norway",2008,6.6,
"NO","Norway",2009,5.8,
"NO","Norway",2010,5,5
"NO","Norway",2011,4.6666666667,
"NO","Norway",2012,4.3333333333,
"NO","Norway",2013,4,4
"OM","Oman",2000,22,22
"OM","Oman",2001,20.8,
"OM","Oman",2002,19.6,
"OM","Oman",2003,18.4,
"OM","Oman",2004,17.2,
"OM","Oman",2005,16,16
"OM","Oman",2006,15.2,
"OM","Oman",2007,14.4,
"OM","Oman",2008,13.6,
"OM","Oman",2009,12.8,
"OM","Oman",2010,12,12
"OM","Oman",2011,11.6666666667,
"OM","Oman",2012,11.3333333333,
"OM","Oman",2013,11,11
"PK","Pakistan",2000,280,280
"PK","Pakistan",2001,270,
"PK","Pakistan",2002,260,
"PK","Pakistan",2003,250,
"PK","Pakistan",2004,240,
"PK","Pakistan",2005,230,230
"PK","Pakistan",2006,222,
"PK","Pakistan",2007,214,
"PK","Pakistan",2008,206,
"PK","Pakistan",2009,198,
"PK","Pakistan",2010,190,190
"PK","Pakistan",2011,183.3333333333,
"PK","Pakistan",2012,176.6666666667,
"PK","Pakistan",2013,170,170
"PW","Palau",2000,,
"PW","Palau",2001,,
"PW","Palau",2002,,
"PW","Palau",2003,,
"PW","Palau",2004,,
"PW","Palau",2005,,
"PW","Palau",2006,,
"PW","Palau",2007,,
"PW","Palau",2008,,
"PW","Palau",2009,,
"PW","Palau",2010,,
"PW","Palau",2011,,
"PW","Palau",2012,,
"PW","Palau",2013,,
"PS","Palestine",2000,59,59
"PS","Palestine",2001,59,
"PS","Palestine",2002,59,
"PS","Palestine",2003,59,
"PS","Palestine",2004,59,
"PS","Palestine",2005,59,59
"PS","Palestine",2006,57.8,
"PS","Palestine",2007,56.6,
"PS","Palestine",2008,55.4,
"PS","Palestine",2009,54.2,
"PS","Palestine",2010,53,53
"PS","Palestine",2011,51,
"PS","Palestine",2012,49,
"PS","Palestine",2013,47,47
"PA","Panama",2000,79,79
"PA","Panama",2001,79.8,
"PA","Panama",2002,80.6,
"PA","Panama",2003,81.4,
"PA","Panama",2004,82.2,
"PA","Panama",2005,83,83
"PA","Panama",2006,82.8,
"PA","Panama",2007,82.6,
"PA","Panama",2008,82.4,
"PA","Panama",2009,82.2,
"PA","Panama",2010,82,82
"PA","Panama",2011,83,
"PA","Panama",2012,84,
"PA","Panama",2013,85,85
"PG","Papua New Guinea",2000,340,340
"PG","Papua New Guinea",2001,328,
"PG","Papua New Guinea",2002,316,
"PG","Papua New Guinea",2003,304,
"PG","Papua New Guinea",2004,292,
"PG","Papua New Guinea",2005,280,280
"PG","Papua New Guinea",2006,272,
"PG","Papua New Guinea",2007,264,
"PG","Papua New Guinea",2008,256,
"PG","Papua New Guinea",2009,248,
"PG","Papua New Guinea",2010,240,240
"PG","Papua New Guinea",2011,233.3333333333,
"PG","Papua New Guinea",2012,226.6666666667,
"PG","Papua New Guinea",2013,220,220
"PY","Paraguay",2000,120,120
"PY","Paraguay",2001,122,
"PY","Paraguay",2002,124,
"PY","Paraguay",2003,126,
"PY","Paraguay",2004,128,
"PY","Paraguay",2005,130,130
"PY","Paraguay",2006,126,
"PY","Paraguay",2007,122,
"PY","Paraguay",2008,118,
"PY","Paraguay",2009,114,
"PY","Paraguay",2010,110,110
"PY","Paraguay",2011,110,
"PY","Paraguay",2012,110,
"PY","Paraguay",2013,110,110
"PE","Peru",2000,160,160
"PE","Peru",2001,152,
"PE","Peru",2002,144,
"PE","Peru",2003,136,
"PE","Peru",2004,128,
"PE","Peru",2005,120,120
"PE","Peru",2006,116,
"PE","Peru",2007,112,
"PE","Peru",2008,108,
"PE","Peru",2009,104,
"PE","Peru",2010,100,100
"PE","Peru",2011,96.3333333333,
"PE","Peru",2012,92.6666666667,
"PE","Peru",2013,89,89
"PH","Philippines",2000,120,120
"PH","Philippines",2001,122,
"PH","Philippines",2002,124,
"PH","Philippines",2003,126,
"PH","Philippines",2004,128,
"PH","Philippines",2005,130,130
"PH","Philippines",2006,128,
"PH","Philippines",2007,126,
"PH","Philippines",2008,124,
"PH","Philippines",2009,122,
"PH","Philippines",2010,120,120
"PH","Philippines",2011,120,
"PH","Philippines",2012,120,
"PH","Philippines",2013,120,120
"PL","Poland",2000,8,8
"PL","Poland",2001,7.4,
"PL","Poland",2002,6.8,
"PL","Poland",2003,6.2,
"PL","Poland",2004,5.6,
"PL","Poland",2005,5,5
"PL","Poland",2006,4.8,
"PL","Poland",2007,4.6,
"PL","Poland",2008,4.4,
"PL","Poland",2009,4.2,
"PL","Poland",2010,4,4
"PL","Poland",2011,3.6666666667,
"PL","Poland",2012,3.3333333333,
"PL","Poland",2013,3,3
"PT","Portugal",2000,11,11
"PT","Portugal",2001,11,
"PT","Portugal",2002,11,
"PT","Portugal",2003,11,
"PT","Portugal",2004,11,
"PT","Portugal",2005,11,11
"PT","Portugal",2006,11,
"PT","Portugal",2007,11,
"PT","Portugal",2008,11,
"PT","Portugal",2009,11,
"PT","Portugal",2010,11,11
"PT","Portugal",2011,10,
"PT","Portugal",2012,9,
"PT","Portugal",2013,8,8
"PR","Puerto Rico",2000,24,24
"PR","Puerto Rico",2001,23.4,
"PR","Puerto Rico",2002,22.8,
"PR","Puerto Rico",2003,22.2,
"PR","Puerto Rico",2004,21.6,
"PR","Puerto Rico",2005,21,21
"PR","Puerto Rico",2006,20.8,
"PR","Puerto Rico",2007,20.6,
"PR","Puerto Rico",2008,20.4,
"PR","Puerto Rico",2009,20.2,
"PR","Puerto Rico",2010,20,20
"PR","Puerto Rico",2011,20,
"PR","Puerto Rico",2012,20,
"PR","Puerto Rico",2013,20,20
"QA","Qatar",2000,9,9
"QA","Qatar",2001,8.8,
"QA","Qatar",2002,8.6,
"QA","Qatar",2003,8.4,
"QA","Qatar",2004,8.2,
"QA","Qatar",2005,8,8
"QA","Qatar",2006,7.8,
"QA","Qatar",2007,7.6,
"QA","Qatar",2008,7.4,
"QA","Qatar",2009,7.2,
"QA","Qatar",2010,7,7
"QA","Qatar",2011,6.6666666667,
"QA","Qatar",2012,6.3333333333,
"QA","Qatar",2013,6,6
"RO","Romania",2000,53,53
"RO","Romania",2001,48.4,
"RO","Romania",2002,43.8,
"RO","Romania",2003,39.2,
"RO","Romania",2004,34.6,
"RO","Romania",2005,30,30
"RO","Romania",2006,30,
"RO","Romania",2007,30,
"RO","Romania",2008,30,
"RO","Romania",2009,30,
"RO","Romania",2010,30,30
"RO","Romania",2011,31,
"RO","Romania",2012,32,
"RO","Romania",2013,33,33
"RU","Russian Federation",2000,57,57
"RU","Russian Federation",2001,53,
"RU","Russian Federation",2002,49,
"RU","Russian Federation",2003,45,
"RU","Russian Federation",2004,41,
"RU","Russian Federation",2005,37,37
"RU","Russian Federation",2006,35.8,
"RU","Russian Federation",2007,34.6,
"RU","Russian Federation",2008,33.4,
"RU","Russian Federation",2009,32.2,
"RU","Russian Federation",2010,31,31
"RU","Russian Federation",2011,28.6666666667,
"RU","Russian Federation",2012,26.3333333333,
"RU","Russian Federation",2013,24,24
"RW","Rwanda",2000,1000,1000
"RW","Rwanda",2001,922,
"RW","Rwanda",2002,844,
"RW","Rwanda",2003,766,
"RW","Rwanda",2004,688,
"RW","Rwanda",2005,610,610
"RW","Rwanda",2006,566,
"RW","Rwanda",2007,522,
"RW","Rwanda",2008,478,
"RW","Rwanda",2009,434,
"RW","Rwanda",2010,390,390
"RW","Rwanda",2011,366.6666666667,
"RW","Rwanda",2012,343.3333333333,
"RW","Rwanda",2013,320,320
"KN","Saint Kitts and Nevis",2000,,
"KN","Saint Kitts and Nevis",2001,,
"KN","Saint Kitts and Nevis",2002,,
"KN","Saint Kitts and Nevis",2003,,
"KN","Saint Kitts and Nevis",2004,,
"KN","Saint Kitts and Nevis",2005,,
"KN","Saint Kitts and Nevis",2006,,
"KN","Saint Kitts and Nevis",2007,,
"KN","Saint Kitts and Nevis",2008,,
"KN","Saint Kitts and Nevis",2009,,
"KN","Saint Kitts and Nevis",2010,,
"KN","Saint Kitts and Nevis",2011,,
"KN","Saint Kitts and Nevis",2012,,
"KN","Saint Kitts and Nevis",2013,,
"LC","Saint Lucia",2000,44,44
"LC","Saint Lucia",2001,43,
"LC","Saint Lucia",2002,42,
"LC","Saint Lucia",2003,41,
"LC","Saint Lucia",2004,40,
"LC","Saint Lucia",2005,39,39
"LC","Saint Lucia",2006,38.2,
"LC","Saint Lucia",2007,37.4,
"LC","Saint Lucia",2008,36.6,
"LC","Saint Lucia",2009,35.8,
"LC","Saint Lucia",2010,35,35
"LC","Saint Lucia",2011,34.6666666667,
"LC","Saint Lucia",2012,34.3333333333,
"LC","Saint Lucia",2013,34,34
"MF","Saint Martin ",2000,,
"MF","Saint Martin ",2001,,
"MF","Saint Martin ",2002,,
"MF","Saint Martin ",2003,,
"MF","Saint Martin ",2004,,
"MF","Saint Martin ",2005,,
"MF","Saint Martin ",2006,,
"MF","Saint Martin ",2007,,
"MF","Saint Martin ",2008,,
"MF","Saint Martin ",2009,,
"MF","Saint Martin ",2010,,
"MF","Saint Martin ",2011,,
"MF","Saint Martin ",2012,,
"MF","Saint Martin ",2013,,
"VC","Saint Vincent & the Grenadines",2000,75,75
"VC","Saint Vincent & the Grenadines",2001,71,
"VC","Saint Vincent & the Grenadines",2002,67,
"VC","Saint Vincent & the Grenadines",2003,63,
"VC","Saint Vincent & the Grenadines",2004,59,
"VC","Saint Vincent & the Grenadines",2005,55,55
"VC","Saint Vincent & the Grenadines",2006,53.4,
"VC","Saint Vincent & the Grenadines",2007,51.8,
"VC","Saint Vincent & the Grenadines",2008,50.2,
"VC","Saint Vincent & the Grenadines",2009,48.6,
"VC","Saint Vincent & the Grenadines",2010,47,47
"VC","Saint Vincent & the Grenadines",2011,46.3333333333,
"VC","Saint Vincent & the Grenadines",2012,45.6666666667,
"VC","Saint Vincent & the Grenadines",2013,45,45
"WS","Samoa",2000,89,89
"WS","Samoa",2001,85.8,
"WS","Samoa",2002,82.6,
"WS","Samoa",2003,79.4,
"WS","Samoa",2004,76.2,
"WS","Samoa",2005,73,73
"WS","Samoa",2006,70.8,
"WS","Samoa",2007,68.6,
"WS","Samoa",2008,66.4,
"WS","Samoa",2009,64.2,
"WS","Samoa",2010,62,62
"WS","Samoa",2011,60.6666666667,
"WS","Samoa",2012,59.3333333333,
"WS","Samoa",2013,58,58
"SM","San Marino",2000,,
"SM","San Marino",2001,,
"SM","San Marino",2002,,
"SM","San Marino",2003,,
"SM","San Marino",2004,,
"SM","San Marino",2005,,
"SM","San Marino",2006,,
"SM","San Marino",2007,,
"SM","San Marino",2008,,
"SM","San Marino",2009,,
"SM","San Marino",2010,,
"SM","San Marino",2011,,
"SM","San Marino",2012,,
"SM","San Marino",2013,,
"ST","Sao Tome & Principe",2000,300,300
"ST","Sao Tome & Principe",2001,292,
"ST","Sao Tome & Principe",2002,284,
"ST","Sao Tome & Principe",2003,276,
"ST","Sao Tome & Principe",2004,268,
"ST","Sao Tome & Principe",2005,260,260
"ST","Sao Tome & Principe",2006,254,
"ST","Sao Tome & Principe",2007,248,
"ST","Sao Tome & Principe",2008,242,
"ST","Sao Tome & Principe",2009,236,
"ST","Sao Tome & Principe",2010,230,230
"ST","Sao Tome & Principe",2011,223.3333333333,
"ST","Sao Tome & Principe",2012,216.6666666667,
"ST","Sao Tome & Principe",2013,210,210
"SA","Saudi Arabia",2000,24,24
"SA","Saudi Arabia",2001,23,
"SA","Saudi Arabia",2002,22,
"SA","Saudi Arabia",2003,21,
"SA","Saudi Arabia",2004,20,
"SA","Saudi Arabia",2005,19,19
"SA","Saudi Arabia",2006,18.4,
"SA","Saudi Arabia",2007,17.8,
"SA","Saudi Arabia",2008,17.2,
"SA","Saudi Arabia",2009,16.6,
"SA","Saudi Arabia",2010,16,16
"SA","Saudi Arabia",2011,16,
"SA","Saudi Arabia",2012,16,
"SA","Saudi Arabia",2013,16,16
"SN","Senegal",2000,480,480
"SN","Senegal",2001,468,
"SN","Senegal",2002,456,
"SN","Senegal",2003,444,
"SN","Senegal",2004,432,
"SN","Senegal",2005,420,420
"SN","Senegal",2006,408,
"SN","Senegal",2007,396,
"SN","Senegal",2008,384,
"SN","Senegal",2009,372,
"SN","Senegal",2010,360,360
"SN","Senegal",2011,346.6666666667,
"SN","Senegal",2012,333.3333333333,
"SN","Senegal",2013,320,320
"RS","Serbia",2000,7,7
"RS","Serbia",2001,7.2,
"RS","Serbia",2002,7.4,
"RS","Serbia",2003,7.6,
"RS","Serbia",2004,7.8,
"RS","Serbia",2005,8,8
"RS","Serbia",2006,9.2,
"RS","Serbia",2007,10.4,
"RS","Serbia",2008,11.6,
"RS","Serbia",2009,12.8,
"RS","Serbia",2010,14,14
"RS","Serbia",2011,14.6666666667,
"RS","Serbia",2012,15.3333333333,
"RS","Serbia",2013,16,16
"SC","Seychelles",2000,,
"SC","Seychelles",2001,,
"SC","Seychelles",2002,,
"SC","Seychelles",2003,,
"SC","Seychelles",2004,,
"SC","Seychelles",2005,,
"SC","Seychelles",2006,,
"SC","Seychelles",2007,,
"SC","Seychelles",2008,,
"SC","Seychelles",2009,,
"SC","Seychelles",2010,,
"SC","Seychelles",2011,,
"SC","Seychelles",2012,,
"SC","Seychelles",2013,,
"SL","Sierra Leone",2000,2200,2200
"SL","Sierra Leone",2001,2080,
"SL","Sierra Leone",2002,1960,
"SL","Sierra Leone",2003,1840,
"SL","Sierra Leone",2004,1720,
"SL","Sierra Leone",2005,1600,1600
"SL","Sierra Leone",2006,1520,
"SL","Sierra Leone",2007,1440,
"SL","Sierra Leone",2008,1360,
"SL","Sierra Leone",2009,1280,
"SL","Sierra Leone",2010,1200,1200
"SL","Sierra Leone",2011,1166.6666666667,
"SL","Sierra Leone",2012,1133.3333333333,
"SL","Sierra Leone",2013,1100,1100
"SG","Singapore",2000,19,19
"SG","Singapore",2001,17.2,
"SG","Singapore",2002,15.4,
"SG","Singapore",2003,13.6,
"SG","Singapore",2004,11.8,
"SG","Singapore",2005,10,10
"SG","Singapore",2006,8.8,
"SG","Singapore",2007,7.6,
"SG","Singapore",2008,6.4,
"SG","Singapore",2009,5.2,
"SG","Singapore",2010,4,4
"SG","Singapore",2011,4.6666666667,
"SG","Singapore",2012,5.3333333333,
"SG","Singapore",2013,6,6
"SX","Sint Maarten (Dutch part)",2000,,
"SX","Sint Maarten (Dutch part)",2001,,
"SX","Sint Maarten (Dutch part)",2002,,
"SX","Sint Maarten (Dutch part)",2003,,
"SX","Sint Maarten (Dutch part)",2004,,
"SX","Sint Maarten (Dutch part)",2005,,
"SX","Sint Maarten (Dutch part)",2006,,
"SX","Sint Maarten (Dutch part)",2007,,
"SX","Sint Maarten (Dutch part)",2008,,
"SX","Sint Maarten (Dutch part)",2009,,
"SX","Sint Maarten (Dutch part)",2010,,
"SX","Sint Maarten (Dutch part)",2011,,
"SX","Sint Maarten (Dutch part)",2012,,
"SX","Sint Maarten (Dutch part)",2013,,
"SK","Slovakia",2000,12,12
"SK","Slovakia",2001,10.8,
"SK","Slovakia",2002,9.6,
"SK","Slovakia",2003,8.4,
"SK","Slovakia",2004,7.2,
"SK","Slovakia",2005,6,6
"SK","Slovakia",2006,6.2,
"SK","Slovakia",2007,6.4,
"SK","Slovakia",2008,6.6,
"SK","Slovakia",2009,6.8,
"SK","Slovakia",2010,7,7
"SK","Slovakia",2011,7,
"SK","Slovakia",2012,7,
"SK","Slovakia",2013,7,7
"SI","Slovenia",2000,12,12
"SI","Slovenia",2001,12.6,
"SI","Slovenia",2002,13.2,
"SI","Slovenia",2003,13.8,
"SI","Slovenia",2004,14.4,
"SI","Slovenia",2005,15,15
"SI","Slovenia",2006,13.6,
"SI","Slovenia",2007,12.2,
"SI","Slovenia",2008,10.8,
"SI","Slovenia",2009,9.4,
"SI","Slovenia",2010,8,8
"SI","Slovenia",2011,7.6666666667,
"SI","Slovenia",2012,7.3333333333,
"SI","Slovenia",2013,7,7
"SB","Solomon Islands",2000,210,210
"SB","Solomon Islands",2001,202,
"SB","Solomon Islands",2002,194,
"SB","Solomon Islands",2003,186,
"SB","Solomon Islands",2004,178,
"SB","Solomon Islands",2005,170,170
"SB","Solomon Islands",2006,164,
"SB","Solomon Islands",2007,158,
"SB","Solomon Islands",2008,152,
"SB","Solomon Islands",2009,146,
"SB","Solomon Islands",2010,140,140
"SB","Solomon Islands",2011,136.6666666667,
"SB","Solomon Islands",2012,133.3333333333,
"SB","Solomon Islands",2013,130,130
"SO","Somalia",2000,1200,1200
"SO","Somalia",2001,1180,
"SO","Somalia",2002,1160,
"SO","Somalia",2003,1140,
"SO","Somalia",2004,1120,
"SO","Somalia",2005,1100,1100
"SO","Somalia",2006,1066,
"SO","Somalia",2007,1032,
"SO","Somalia",2008,998,
"SO","Somalia",2009,964,
"SO","Somalia",2010,930,930
"SO","Somalia",2011,903.3333333333,
"SO","Somalia",2012,876.6666666667,
"SO","Somalia",2013,850,850
"ZA","South Africa",2000,150,150
"ZA","South Africa",2001,152,
"ZA","South Africa",2002,154,
"ZA","South Africa",2003,156,
"ZA","South Africa",2004,158,
"ZA","South Africa",2005,160,160
"ZA","South Africa",2006,156,
"ZA","South Africa",2007,152,
"ZA","South Africa",2008,148,
"ZA","South Africa",2009,144,
"ZA","South Africa",2010,140,140
"ZA","South Africa",2011,140,
"ZA","South Africa",2012,140,
"ZA","South Africa",2013,140,140
"KR","South Korea",2000,19,19
"KR","South Korea",2001,18.8,
"KR","South Korea",2002,18.6,
"KR","South Korea",2003,18.4,
"KR","South Korea",2004,18.2,
"KR","South Korea",2005,18,18
"KR","South Korea",2006,18.6,
"KR","South Korea",2007,19.2,
"KR","South Korea",2008,19.8,
"KR","South Korea",2009,20.4,
"KR","South Korea",2010,21,21
"KR","South Korea",2011,23,
"KR","South Korea",2012,25,
"KR","South Korea",2013,27,27
"SS","South Sudan",2000,1200,1200
"SS","South Sudan",2001,1160,
"SS","South Sudan",2002,1120,
"SS","South Sudan",2003,1080,
"SS","South Sudan",2004,1040,
"SS","South Sudan",2005,1000,1000
"SS","South Sudan",2006,966,
"SS","South Sudan",2007,932,
"SS","South Sudan",2008,898,
"SS","South Sudan",2009,864,
"SS","South Sudan",2010,830,830
"SS","South Sudan",2011,796.6666666667,
"SS","South Sudan",2012,763.3333333333,
"SS","South Sudan",2013,730,730
"ES","Spain",2000,5,5
"ES","Spain",2001,5.2,
"ES","Spain",2002,5.4,
"ES","Spain",2003,5.6,
"ES","Spain",2004,5.8,
"ES","Spain",2005,6,6
"ES","Spain",2006,6,
"ES","Spain",2007,6,
"ES","Spain",2008,6,
"ES","Spain",2009,6,
"ES","Spain",2010,6,6
"ES","Spain",2011,5.3333333333,
"ES","Spain",2012,4.6666666667,
"ES","Spain",2013,4,4
"LK","Sri Lanka",2000,55,55
"LK","Sri Lanka",2001,52.2,
"LK","Sri Lanka",2002,49.4,
"LK","Sri Lanka",2003,46.6,
"LK","Sri Lanka",2004,43.8,
"LK","Sri Lanka",2005,41,41
"LK","Sri Lanka",2006,39.2,
"LK","Sri Lanka",2007,37.4,
"LK","Sri Lanka",2008,35.6,
"LK","Sri Lanka",2009,33.8,
"LK","Sri Lanka",2010,32,32
"LK","Sri Lanka",2011,31,
"LK","Sri Lanka",2012,30,
"LK","Sri Lanka",2013,29,29
"SD","Sudan",2000,540,540
"SD","Sudan",2001,524,
"SD","Sudan",2002,508,
"SD","Sudan",2003,492,
"SD","Sudan",2004,476,
"SD","Sudan",2005,460,460
"SD","Sudan",2006,446,
"SD","Sudan",2007,432,
"SD","Sudan",2008,418,
"SD","Sudan",2009,404,
"SD","Sudan",2010,390,390
"SD","Sudan",2011,380,
"SD","Sudan",2012,370,
"SD","Sudan",2013,360,360
"SR","Suriname",2000,120,120
"SR","Suriname",2001,118,
"SR","Suriname",2002,116,
"SR","Suriname",2003,114,
"SR","Suriname",2004,112,
"SR","Suriname",2005,110,110
"SR","Suriname",2006,118,
"SR","Suriname",2007,126,
"SR","Suriname",2008,134,
"SR","Suriname",2009,142,
"SR","Suriname",2010,150,150
"SR","Suriname",2011,143.3333333333,
"SR","Suriname",2012,136.6666666667,
"SR","Suriname",2013,130,130
"SZ","Swaziland",2000,520,520
"SZ","Swaziland",2001,512,
"SZ","Swaziland",2002,504,
"SZ","Swaziland",2003,496,
"SZ","Swaziland",2004,488,
"SZ","Swaziland",2005,480,480
"SZ","Swaziland",2006,454,
"SZ","Swaziland",2007,428,
"SZ","Swaziland",2008,402,
"SZ","Swaziland",2009,376,
"SZ","Swaziland",2010,350,350
"SZ","Swaziland",2011,336.6666666667,
"SZ","Swaziland",2012,323.3333333333,
"SZ","Swaziland",2013,310,310
"SE","Sweden",2000,5,5
"SE","Sweden",2001,4.8,
"SE","Sweden",2002,4.6,
"SE","Sweden",2003,4.4,
"SE","Sweden",2004,4.2,
"SE","Sweden",2005,4,4
"SE","Sweden",2006,4.2,
"SE","Sweden",2007,4.4,
"SE","Sweden",2008,4.6,
"SE","Sweden",2009,4.8,
"SE","Sweden",2010,5,5
"SE","Sweden",2011,4.6666666667,
"SE","Sweden",2012,4.3333333333,
"SE","Sweden",2013,4,4
"CH","Switzerland",2000,7,7
"CH","Switzerland",2001,7.2,
"CH","Switzerland",2002,7.4,
"CH","Switzerland",2003,7.6,
"CH","Switzerland",2004,7.8,
"CH","Switzerland",2005,8,8
"CH","Switzerland",2006,8,
"CH","Switzerland",2007,8,
"CH","Switzerland",2008,8,
"CH","Switzerland",2009,8,
"CH","Switzerland",2010,8,8
"CH","Switzerland",2011,7.3333333333,
"CH","Switzerland",2012,6.6666666667,
"CH","Switzerland",2013,6,6
"SY","Syria",2000,75,75
"SY","Syria",2001,71.6,
"SY","Syria",2002,68.2,
"SY","Syria",2003,64.8,
"SY","Syria",2004,61.4,
"SY","Syria",2005,58,58
"SY","Syria",2006,56.4,
"SY","Syria",2007,54.8,
"SY","Syria",2008,53.2,
"SY","Syria",2009,51.6,
"SY","Syria",2010,50,50
"SY","Syria",2011,49.6666666667,
"SY","Syria",2012,49.3333333333,
"SY","Syria",2013,49,49
"TJ","Tajikistan",2000,89,89
"TJ","Tajikistan",2001,83,
"TJ","Tajikistan",2002,77,
"TJ","Tajikistan",2003,71,
"TJ","Tajikistan",2004,65,
"TJ","Tajikistan",2005,59,59
"TJ","Tajikistan",2006,56.8,
"TJ","Tajikistan",2007,54.6,
"TJ","Tajikistan",2008,52.4,
"TJ","Tajikistan",2009,50.2,
"TJ","Tajikistan",2010,48,48
"TJ","Tajikistan",2011,46.6666666667,
"TJ","Tajikistan",2012,45.3333333333,
"TJ","Tajikistan",2013,44,44
"TZ","Tanzania",2000,770,770
"TZ","Tanzania",2001,738,
"TZ","Tanzania",2002,706,
"TZ","Tanzania",2003,674,
"TZ","Tanzania",2004,642,
"TZ","Tanzania",2005,610,610
"TZ","Tanzania",2006,580,
"TZ","Tanzania",2007,550,
"TZ","Tanzania",2008,520,
"TZ","Tanzania",2009,490,
"TZ","Tanzania",2010,460,460
"TZ","Tanzania",2011,443.3333333333,
"TZ","Tanzania",2012,426.6666666667,
"TZ","Tanzania",2013,410,410
"TH","Thailand",2000,40,40
"TH","Thailand",2001,38.8,
"TH","Thailand",2002,37.6,
"TH","Thailand",2003,36.4,
"TH","Thailand",2004,35.2,
"TH","Thailand",2005,34,34
"TH","Thailand",2006,32.8,
"TH","Thailand",2007,31.6,
"TH","Thailand",2008,30.4,
"TH","Thailand",2009,29.2,
"TH","Thailand",2010,28,28
"TH","Thailand",2011,27.3333333333,
"TH","Thailand",2012,26.6666666667,
"TH","Thailand",2013,26,26
"TL","Timor-Leste",2000,680,680
"TL","Timor-Leste",2001,644,
"TL","Timor-Leste",2002,608,
"TL","Timor-Leste",2003,572,
"TL","Timor-Leste",2004,536,
"TL","Timor-Leste",2005,500,500
"TL","Timor-Leste",2006,466,
"TL","Timor-Leste",2007,432,
"TL","Timor-Leste",2008,398,
"TL","Timor-Leste",2009,364,
"TL","Timor-Leste",2010,330,330
"TL","Timor-Leste",2011,310,
"TL","Timor-Leste",2012,290,
"TL","Timor-Leste",2013,270,270
"TG","Togo",2000,580,580
"TG","Togo",2001,566,
"TG","Togo",2002,552,
"TG","Togo",2003,538,
"TG","Togo",2004,524,
"TG","Togo",2005,510,510
"TG","Togo",2006,504,
"TG","Togo",2007,498,
"TG","Togo",2008,492,
"TG","Togo",2009,486,
"TG","Togo",2010,480,480
"TG","Togo",2011,470,
"TG","Togo",2012,460,
"TG","Togo",2013,450,450
"TO","Tonga",2000,91,91
"TO","Tonga",2001,92.8,
"TO","Tonga",2002,94.6,
"TO","Tonga",2003,96.4,
"TO","Tonga",2004,98.2,
"TO","Tonga",2005,100,100
"TO","Tonga",2006,104,
"TO","Tonga",2007,108,
"TO","Tonga",2008,112,
"TO","Tonga",2009,116,
"TO","Tonga",2010,120,120
"TO","Tonga",2011,120,
"TO","Tonga",2012,120,
"TO","Tonga",2013,120,120
"TT","Trinidad & Tobago",2000,59,59
"TT","Trinidad & Tobago",2001,58.8,
"TT","Trinidad & Tobago",2002,58.6,
"TT","Trinidad & Tobago",2003,58.4,
"TT","Trinidad & Tobago",2004,58.2,
"TT","Trinidad & Tobago",2005,58,58
"TT","Trinidad & Tobago",2006,62.8,
"TT","Trinidad & Tobago",2007,67.6,
"TT","Trinidad & Tobago",2008,72.4,
"TT","Trinidad & Tobago",2009,77.2,
"TT","Trinidad & Tobago",2010,82,82
"TT","Trinidad & Tobago",2011,82.6666666667,
"TT","Trinidad & Tobago",2012,83.3333333333,
"TT","Trinidad & Tobago",2013,84,84
"TN","Tunisia",2000,65,65
"TN","Tunisia",2001,63,
"TN","Tunisia",2002,61,
"TN","Tunisia",2003,59,
"TN","Tunisia",2004,57,
"TN","Tunisia",2005,55,55
"TN","Tunisia",2006,53.6,
"TN","Tunisia",2007,52.2,
"TN","Tunisia",2008,50.8,
"TN","Tunisia",2009,49.4,
"TN","Tunisia",2010,48,48
"TN","Tunisia",2011,47.3333333333,
"TN","Tunisia",2012,46.6666666667,
"TN","Tunisia",2013,46,46
"TR","Turkey",2000,33,33
"TR","Turkey",2001,31.8,
"TR","Turkey",2002,30.6,
"TR","Turkey",2003,29.4,
"TR","Turkey",2004,28.2,
"TR","Turkey",2005,27,27
"TR","Turkey",2006,26,
"TR","Turkey",2007,25,
"TR","Turkey",2008,24,
"TR","Turkey",2009,23,
"TR","Turkey",2010,22,22
"TR","Turkey",2011,21.3333333333,
"TR","Turkey",2012,20.6666666667,
"TR","Turkey",2013,20,20
"TM","Turkmenistan",2000,81,81
"TM","Turkmenistan",2001,80,
"TM","Turkmenistan",2002,79,
"TM","Turkmenistan",2003,78,
"TM","Turkmenistan",2004,77,
"TM","Turkmenistan",2005,76,76
"TM","Turkmenistan",2006,73.8,
"TM","Turkmenistan",2007,71.6,
"TM","Turkmenistan",2008,69.4,
"TM","Turkmenistan",2009,67.2,
"TM","Turkmenistan",2010,65,65
"TM","Turkmenistan",2011,63.6666666667,
"TM","Turkmenistan",2012,62.3333333333,
"TM","Turkmenistan",2013,61,61
"TC","Turks & Caicos Islands",2000,,
"TC","Turks & Caicos Islands",2001,,
"TC","Turks & Caicos Islands",2002,,
"TC","Turks & Caicos Islands",2003,,
"TC","Turks & Caicos Islands",2004,,
"TC","Turks & Caicos Islands",2005,,
"TC","Turks & Caicos Islands",2006,,
"TC","Turks & Caicos Islands",2007,,
"TC","Turks & Caicos Islands",2008,,
"TC","Turks & Caicos Islands",2009,,
"TC","Turks & Caicos Islands",2010,,
"TC","Turks & Caicos Islands",2011,,
"TC","Turks & Caicos Islands",2012,,
"TC","Turks & Caicos Islands",2013,,
"TV","Tuvalu",2000,,
"TV","Tuvalu",2001,,
"TV","Tuvalu",2002,,
"TV","Tuvalu",2003,,
"TV","Tuvalu",2004,,
"TV","Tuvalu",2005,,
"TV","Tuvalu",2006,,
"TV","Tuvalu",2007,,
"TV","Tuvalu",2008,,
"TV","Tuvalu",2009,,
"TV","Tuvalu",2010,,
"TV","Tuvalu",2011,,
"TV","Tuvalu",2012,,
"TV","Tuvalu",2013,,
"AE","UAE",2000,11,11
"AE","UAE",2001,10.4,
"AE","UAE",2002,9.8,
"AE","UAE",2003,9.2,
"AE","UAE",2004,8.6,
"AE","UAE",2005,8,8
"AE","UAE",2006,8,
"AE","UAE",2007,8,
"AE","UAE",2008,8,
"AE","UAE",2009,8,
"AE","UAE",2010,8,8
"AE","UAE",2011,8,
"AE","UAE",2012,8,
"AE","UAE",2013,8,8
"UG","Uganda",2000,650,650
"UG","Uganda",2001,622,
"UG","Uganda",2002,594,
"UG","Uganda",2003,566,
"UG","Uganda",2004,538,
"UG","Uganda",2005,510,510
"UG","Uganda",2006,490,
"UG","Uganda",2007,470,
"UG","Uganda",2008,450,
"UG","Uganda",2009,430,
"UG","Uganda",2010,410,410
"UG","Uganda",2011,393.3333333333,
"UG","Uganda",2012,376.6666666667,
"UG","Uganda",2013,360,360
"GB","UK",2000,11,11
"GB","UK",2001,11.2,
"GB","UK",2002,11.4,
"GB","UK",2003,11.6,
"GB","UK",2004,11.8,
"GB","UK",2005,12,12
"GB","UK",2006,11.8,
"GB","UK",2007,11.6,
"GB","UK",2008,11.4,
"GB","UK",2009,11.2,
"GB","UK",2010,11,11
"GB","UK",2011,10,
"GB","UK",2012,9,
"GB","UK",2013,8,8
"UA","Ukraine",2000,35,35
"UA","Ukraine",2001,33,
"UA","Ukraine",2002,31,
"UA","Ukraine",2003,29,
"UA","Ukraine",2004,27,
"UA","Ukraine",2005,25,25
"UA","Ukraine",2006,25.8,
"UA","Ukraine",2007,26.6,
"UA","Ukraine",2008,27.4,
"UA","Ukraine",2009,28.2,
"UA","Ukraine",2010,29,29
"UA","Ukraine",2011,27,
"UA","Ukraine",2012,25,
"UA","Ukraine",2013,23,23
"UY","Uruguay",2000,35,35
"UY","Uruguay",2001,34.4,
"UY","Uruguay",2002,33.8,
"UY","Uruguay",2003,33.2,
"UY","Uruguay",2004,32.6,
"UY","Uruguay",2005,32,32
"UY","Uruguay",2006,30.2,
"UY","Uruguay",2007,28.4,
"UY","Uruguay",2008,26.6,
"UY","Uruguay",2009,24.8,
"UY","Uruguay",2010,23,23
"UY","Uruguay",2011,20,
"UY","Uruguay",2012,17,
"UY","Uruguay",2013,14,14
"US","USA",2000,13,13
"US","USA",2001,13.8,
"US","USA",2002,14.6,
"US","USA",2003,15.4,
"US","USA",2004,16.2,
"US","USA",2005,17,17
"US","USA",2006,19,
"US","USA",2007,21,
"US","USA",2008,23,
"US","USA",2009,25,
"US","USA",2010,27,27
"US","USA",2011,27.3333333333,
"US","USA",2012,27.6666666667,
"US","USA",2013,28,28
"UZ","Uzbekistan",2000,48,48
"UZ","Uzbekistan",2001,47.2,
"UZ","Uzbekistan",2002,46.4,
"UZ","Uzbekistan",2003,45.6,
"UZ","Uzbekistan",2004,44.8,
"UZ","Uzbekistan",2005,44,44
"UZ","Uzbekistan",2006,43.2,
"UZ","Uzbekistan",2007,42.4,
"UZ","Uzbekistan",2008,41.6,
"UZ","Uzbekistan",2009,40.8,
"UZ","Uzbekistan",2010,40,40
"UZ","Uzbekistan",2011,38.6666666667,
"UZ","Uzbekistan",2012,37.3333333333,
"UZ","Uzbekistan",2013,36,36
"VU","Vanuatu",2000,120,120
"VU","Vanuatu",2001,116,
"VU","Vanuatu",2002,112,
"VU","Vanuatu",2003,108,
"VU","Vanuatu",2004,104,
"VU","Vanuatu",2005,100,100
"VU","Vanuatu",2006,98,
"VU","Vanuatu",2007,96,
"VU","Vanuatu",2008,94,
"VU","Vanuatu",2009,92,
"VU","Vanuatu",2010,90,90
"VU","Vanuatu",2011,88.6666666667,
"VU","Vanuatu",2012,87.3333333333,
"VU","Vanuatu",2013,86,86
"VE","Venezuela",2000,91,91
"VE","Venezuela",2001,91.6,
"VE","Venezuela",2002,92.2,
"VE","Venezuela",2003,92.8,
"VE","Venezuela",2004,93.4,
"VE","Venezuela",2005,94,94
"VE","Venezuela",2006,97.2,
"VE","Venezuela",2007,100.4,
"VE","Venezuela",2008,103.6,
"VE","Venezuela",2009,106.8,
"VE","Venezuela",2010,110,110
"VE","Venezuela",2011,110,
"VE","Venezuela",2012,110,
"VE","Venezuela",2013,110,110
"VN","Viet Nam",2000,82,82
"VN","Viet Nam",2001,77.6,
"VN","Viet Nam",2002,73.2,
"VN","Viet Nam",2003,68.8,
"VN","Viet Nam",2004,64.4,
"VN","Viet Nam",2005,60,60
"VN","Viet Nam",2006,58.2,
"VN","Viet Nam",2007,56.4,
"VN","Viet Nam",2008,54.6,
"VN","Viet Nam",2009,52.8,
"VN","Viet Nam",2010,51,51
"VN","Viet Nam",2011,50.3333333333,
"VN","Viet Nam",2012,49.6666666667,
"VN","Viet Nam",2013,49,49
"VI","Virgin Islands (US)",2000,,
"VI","Virgin Islands (US)",2001,,
"VI","Virgin Islands (US)",2002,,
"VI","Virgin Islands (US)",2003,,
"VI","Virgin Islands (US)",2004,,
"VI","Virgin Islands (US)",2005,,
"VI","Virgin Islands (US)",2006,,
"VI","Virgin Islands (US)",2007,,
"VI","Virgin Islands (US)",2008,,
"VI","Virgin Islands (US)",2009,,
"VI","Virgin Islands (US)",2010,,
"VI","Virgin Islands (US)",2011,,
"VI","Virgin Islands (US)",2012,,
"VI","Virgin Islands (US)",2013,,
"YE","Yemen",2000,370,370
"YE","Yemen",2001,362,
"YE","Yemen",2002,354,
"YE","Yemen",2003,346,
"YE","Yemen",2004,338,
"YE","Yemen",2005,330,330
"YE","Yemen",2006,322,
"YE","Yemen",2007,314,
"YE","Yemen",2008,306,
"YE","Yemen",2009,298,
"YE","Yemen",2010,290,290
"YE","Yemen",2011,283.3333333333,
"YE","Yemen",2012,276.6666666667,
"YE","Yemen",2013,270,270
"ZM","Zambia",2000,610,610
"ZM","Zambia",2001,574,
"ZM","Zambia",2002,538,
"ZM","Zambia",2003,502,
"ZM","Zambia",2004,466,
"ZM","Zambia",2005,430,430
"ZM","Zambia",2006,408,
"ZM","Zambia",2007,386,
"ZM","Zambia",2008,364,
"ZM","Zambia",2009,342,
"ZM","Zambia",2010,320,320
"ZM","Zambia",2011,306.6666666667,
"ZM","Zambia",2012,293.3333333333,
"ZM","Zambia",2013,280,280
"ZW","Zimbabwe",2000,680,680
"ZW","Zimbabwe",2001,692,
"ZW","Zimbabwe",2002,704,
"ZW","Zimbabwe",2003,716,
"ZW","Zimbabwe",2004,728,
"ZW","Zimbabwe",2005,740,740
"ZW","Zimbabwe",2006,714,
"ZW","Zimbabwe",2007,688,
"ZW","Zimbabwe",2008,662,
"ZW","Zimbabwe",2009,636,
"ZW","Zimbabwe",2010,610,610
"ZW","Zimbabwe",2011,563.3333333333,
"ZW","Zimbabwe",2012,516.6666666667,
"ZW","Zimbabwe",2013,470,470
