"district_id","district_name","year","value"
"d314","Abim",2013,
"d314","Abim",2014,76
"d314","Abim",2015,82
"d314","Abim",2016,83
"d301","Adjumani",2013,
"d301","Adjumani",2014,61
"d301","Adjumani",2015,66
"d301","Adjumani",2016,94
"d322","Agago",2013,75.81120944
"d322","Agago",2014,99
"d322","Agago",2015,99
"d322","Agago",2016,94
"d323","Alebtong",2013,
"d323","Alebtong",2014,52
"d323","Alebtong",2015,71
"d323","Alebtong",2016,84
"d315","Amolatar",2013,
"d315","Amolatar",2014,88
"d315","Amolatar",2015,81
"d315","Amolatar",2016,81
"d324","Amudat",2013,88.73239437
"d324","Amudat",2014,96
"d324","Amudat",2015,97
"d324","Amudat",2016,93
"d216","Amuria",2013,
"d216","Amuria",2014,72
"d216","Amuria",2015,73
"d216","Amuria",2016,75
"d316","Amuru",2013,
"d316","Amuru",2014,43
"d316","Amuru",2015,55
"d316","Amuru",2016,87
"d302","Apac",2013,77.08779443
"d302","Apac",2014,90
"d302","Apac",2015,90
"d302","Apac",2016,90
"d303","Arua",2013,
"d303","Arua",2014,2
"d303","Arua",2015,2
"d303","Arua",2016,79
"d217","Budaka",2013,77.62803235
"d217","Budaka",2014,79
"d217","Budaka",2015,88
"d217","Budaka",2016,89
"d218","Bududa",2013,
"d218","Bududa",2014,10
"d218","Bududa",2015,46
"d218","Bududa",2016,71
"d201","Bugiri",2013,90.32921811
"d201","Bugiri",2014,81
"d201","Bugiri",2015,86
"d201","Bugiri",2016,92
"d420","Buhweju",2013,40
"d420","Buhweju",2014,49
"d420","Buhweju",2015,73
"d420","Buhweju",2016,81
"d117","Buikwe",2013,62.51572327
"d117","Buikwe",2014,60
"d117","Buikwe",2015,75
"d117","Buikwe",2016,85
"d219","Bukedea",2013,
"d219","Bukedea",2014,75
"d219","Bukedea",2015,94
"d219","Bukedea",2016,94
"d118","Bukomansimbi",2013,59.64912281
"d118","Bukomansimbi",2014,70
"d118","Bukomansimbi",2015,78
"d118","Bukomansimbi",2016,78
"d220","Bukwo",2013,63.41463415
"d220","Bukwo",2014,95
"d220","Bukwo",2015,96
"d220","Bukwo",2016,89
"d225","Bulambuli",2013,59.46969697
"d225","Bulambuli",2014,53
"d225","Bulambuli",2015,77
"d225","Bulambuli",2016,84
"d416","Buliisa",2013,
"d416","Buliisa",2014,85
"d416","Buliisa",2015,89
"d416","Buliisa",2016,91
"d401","Bundibugyo",2013,
"d401","Bundibugyo",2014,49
"d401","Bundibugyo",2015,73
"d401","Bundibugyo",2016,75
"d402","Bushenyi",2013,88.73720137
"d402","Bushenyi",2014,93
"d402","Bushenyi",2015,97
"d402","Bushenyi",2016,98
"d202","Busia",2013,71.26436782
"d202","Busia",2014,73
"d202","Busia",2015,85
"d202","Busia",2016,86
"d221","Butaleja",2013,
"d221","Butaleja",2014,78
"d221","Butaleja",2015,96
"d221","Butaleja",2016,96
"d119","Butambala",2013,36
"d119","Butambala",2014,36
"d119","Butambala",2015,59
"d119","Butambala",2016,64
"d120","Buvuma",2013,75.75757576
"d120","Buvuma",2014,80
"d120","Buvuma",2015,86
"d120","Buvuma",2016,90
"d226","Buyende",2013,91.2568306
"d226","Buyende",2014,90
"d226","Buyende",2015,93
"d226","Buyende",2016,97
"d317","Dokolo",2013,64.03269755
"d317","Dokolo",2014,66
"d317","Dokolo",2015,85
"d317","Dokolo",2016,86
"d121","Gomba",2013,
"d121","Gomba",2014,62
"d121","Gomba",2015,84
"d121","Gomba",2016,92
"d304","Gulu",2013,
"d304","Gulu",2014,45
"d304","Gulu",2015,66
"d304","Gulu",2016,67
"d403","Hoima",2013,54.55519829
"d403","Hoima",2014,93
"d403","Hoima",2015,98
"d403","Hoima",2016,93
"d417","Ibanda",2013,52.63157895
"d417","Ibanda",2014,60
"d417","Ibanda",2015,77
"d417","Ibanda",2016,77
"d203","Iganga",2013,
"d203","Iganga",2014,94
"d203","Iganga",2015,95
"d203","Iganga",2016,96
"d418","Isingiro",2013,75.90361446
"d418","Isingiro",2014,44
"d418","Isingiro",2015,46
"d418","Isingiro",2016,85
"d204","Jinja",2013,63.08900524
"d204","Jinja",2014,8
"d204","Jinja",2015,12
"d204","Jinja",2016,82
"d318","Kaabong",2013,
"d318","Kaabong",2014,78
"d318","Kaabong",2015,90
"d318","Kaabong",2016,97
"d404","Kabale",2013,52.65700483
"d404","Kabale",2014,53
"d404","Kabale",2015,66
"d404","Kabale",2016,85
"d405","Kabarole",2013,
"d405","Kabarole",2014,56
"d405","Kabarole",2015,64
"d405","Kabarole",2016,67
"d213","Kaberamaido",2013,79.79274611
"d213","Kaberamaido",2014,77
"d213","Kaberamaido",2015,81
"d213","Kaberamaido",2016,96
"d101","Kalangala",2013,
"d101","Kalangala",2014,78
"d101","Kalangala",2015,82
"d101","Kalangala",2016,68
"d222","Kaliro",2013,
"d222","Kaliro",2014,96
"d222","Kaliro",2015,95
"d222","Kaliro",2016,97
"d122","Kalungu",2013,67.17557252
"d122","Kalungu",2014,62
"d122","Kalungu",2015,92
"d122","Kalungu",2016,91
"d102","Kampala",2013,
"d102","Kampala",2014,
"d102","Kampala",2015,
"d102","Kampala",2016,
"d205","Kamuli",2013,
"d205","Kamuli",2014,19
"d205","Kamuli",2015,25
"d205","Kamuli",2016,88
"d413","Kamwenge",2013,
"d413","Kamwenge",2014,50
"d413","Kamwenge",2015,59
"d413","Kamwenge",2016,99
"d414","Kanungu",2013,68.43220339
"d414","Kanungu",2014,69
"d414","Kanungu",2015,73
"d414","Kanungu",2016,90
"d206","Kapchorwa",2013,34.90566038
"d206","Kapchorwa",2014,15
"d206","Kapchorwa",2015,95
"d206","Kapchorwa",2016,91
"d406","Kasese",2013,
"d406","Kasese",2014,4
"d406","Kasese",2015,21
"d406","Kasese",2016,95
"d207","Katakwi",2013,
"d207","Katakwi",2014,68
"d207","Katakwi",2015,69
"d207","Katakwi",2016,93
"d112","Kayunga",2013,83.53174603
"d112","Kayunga",2014,84
"d112","Kayunga",2015,87
"d112","Kayunga",2016,91
"d407","Kibaale",2013,
"d407","Kibaale",2014,54
"d407","Kibaale",2015,62
"d407","Kibaale",2016,65
"d103","Kiboga",2013,62.77777778
"d103","Kiboga",2014,58
"d103","Kiboga",2015,68
"d103","Kiboga",2016,81
"d227","Kibuku",2013,84.27672956
"d227","Kibuku",2014,88
"d227","Kibuku",2015,92
"d227","Kibuku",2016,94
"d419","Kiruhura",2013,59.375
"d419","Kiruhura",2014,58
"d419","Kiruhura",2015,65
"d419","Kiruhura",2016,65
"d421","Kiryandongo",2013,82.01438849
"d421","Kiryandongo",2014,72
"d421","Kiryandongo",2015,84
"d421","Kiryandongo",2016,87
"d408","Kisoro",2013,
"d408","Kisoro",2014,50
"d408","Kisoro",2015,72
"d408","Kisoro",2016,84
"d305","Kitgum",2013,89.03803132
"d305","Kitgum",2014,85
"d305","Kitgum",2015,85
"d305","Kitgum",2016,93
"d319","Koboko",2013,
"d319","Koboko",2014,51
"d319","Koboko",2015,60
"d319","Koboko",2016,64
"d325","Kole",2013,99.54545455
"d325","Kole",2014,97
"d325","Kole",2015,97
"d325","Kole",2016,97
"d306","Kotido",2013,
"d306","Kotido",2014,67
"d306","Kotido",2015,73
"d306","Kotido",2016,83
"d208","Kumi",2013,
"d208","Kumi",2014,81
"d208","Kumi",2015,96
"d208","Kumi",2016,97
"d228","Kween",2013,61.66666667
"d228","Kween",2014,65
"d228","Kween",2015,88
"d228","Kween",2016,84
"d123","Kyankwanzi",2013,78.99159664
"d123","Kyankwanzi",2014,78
"d123","Kyankwanzi",2015,83
"d123","Kyankwanzi",2016,84
"d422","Kyegegwa",2013,78.14569536
"d422","Kyegegwa",2014,77
"d422","Kyegegwa",2015,95
"d422","Kyegegwa",2016,81
"d415","Kyenjojo",2013,
"d415","Kyenjojo",2014,73
"d415","Kyenjojo",2015,88
"d415","Kyenjojo",2016,81
"d326","Lamwo",2013,40.35087719
"d326","Lamwo",2014,95
"d326","Lamwo",2015,95
"d326","Lamwo",2016,98
"d307","Lira",2013,
"d307","Lira",2014,83
"d307","Lira",2015,93
"d307","Lira",2016,83
"d229","Luuka",2013,75.59912854
"d229","Luuka",2014,77
"d229","Luuka",2015,79
"d229","Luuka",2016,80
"d104","Luwero",2013,
"d104","Luwero",2014,89
"d104","Luwero",2015,90
"d104","Luwero",2016,87
"d124","Lwengo",2013,77.47747748
"d124","Lwengo",2014,89
"d124","Lwengo",2015,97
"d124","Lwengo",2016,90
"d114","Lyantonde",2013,68.42105263
"d114","Lyantonde",2014,94
"d114","Lyantonde",2015,95
"d114","Lyantonde",2016,91
"d223","Manafwa",2013,
"d223","Manafwa",2014,58
"d223","Manafwa",2015,71
"d223","Manafwa",2016,88
"d320","Maracha",2013,
"d320","Maracha",2014,86
"d320","Maracha",2015,90
"d320","Maracha",2016,94
"d105","Masaka",2013,
"d105","Masaka",2014,78
"d105","Masaka",2015,84
"d105","Masaka",2016,78
"d409","Masindi",2013,
"d409","Masindi",2014,57
"d409","Masindi",2015,73
"d409","Masindi",2016,77
"d214","Mayuge",2013,66.60550459
"d214","Mayuge",2014,96
"d214","Mayuge",2015,93
"d214","Mayuge",2016,87
"d209","Mbale",2013,71.24463519
"d209","Mbale",2014,67
"d209","Mbale",2015,84
"d209","Mbale",2016,87
"d410","Mbarara",2013,71.28953771
"d410","Mbarara",2014,75
"d410","Mbarara",2015,88
"d410","Mbarara",2016,92
"d423","Mitooma",2013,91.44851658
"d423","Mitooma",2014,94
"d423","Mitooma",2015,96
"d423","Mitooma",2016,93
"d115","Mityana",2013,
"d115","Mityana",2014,50
"d115","Mityana",2015,53
"d115","Mityana",2016,75
"d308","Moroto",2013,
"d308","Moroto",2014,51
"d308","Moroto",2015,32
"d308","Moroto",2016,60
"d309","Moyo",2013,82.59493671
"d309","Moyo",2014,91
"d309","Moyo",2015,92
"d309","Moyo",2016,95
"d106","Mpigi",2013,81.47321429
"d106","Mpigi",2014,92
"d106","Mpigi",2015,97
"d106","Mpigi",2016,91
"d107","Mubende",2013,
"d107","Mubende",2014,94
"d107","Mubende",2015,97
"d107","Mubende",2016,97
"d108","Mukono",2013,85.98726115
"d108","Mukono",2014,90
"d108","Mukono",2015,96
"d108","Mukono",2016,95
"d311","Nakapiripirit",2013,
"d311","Nakapiripirit",2014,78
"d311","Nakapiripirit",2015,85
"d311","Nakapiripirit",2016,94
"d116","Nakaseke",2013,
"d116","Nakaseke",2014,96
"d116","Nakaseke",2015,99
"d116","Nakaseke",2016,100
"d109","Nakasongola",2013,63.76811594
"d109","Nakasongola",2014,75
"d109","Nakasongola",2015,83
"d109","Nakasongola",2016,81
"d230","Namayingo",2013,73.51351351
"d230","Namayingo",2014,81
"d230","Namayingo",2015,90
"d230","Namayingo",2016,89
"d224","Namutumba",2013,80.88235294
"d224","Namutumba",2014,92
"d224","Namutumba",2015,94
"d224","Namutumba",2016,99
"d327","Napak",2013,51.63398693
"d327","Napak",2014,67
"d327","Napak",2015,98
"d327","Napak",2016,77
"d310","Nebbi",2013,75.04655493
"d310","Nebbi",2014,77
"d310","Nebbi",2015,78
"d310","Nebbi",2016,87
"d231","Ngora",2013,91.70506912
"d231","Ngora",2014,91
"d231","Ngora",2015,93
"d231","Ngora",2016,94
"d424","Ntoroko",2013,21.73913043
"d424","Ntoroko",2014,18
"d424","Ntoroko",2015,35
"d424","Ntoroko",2016,58
"d411","Ntungamo",2013,
"d411","Ntungamo",2014,52
"d411","Ntungamo",2015,70
"d411","Ntungamo",2016,76
"d328","Nwoya",2013,
"d328","Nwoya",2014,66
"d328","Nwoya",2015,91
"d328","Nwoya",2016,95
"d329","Otuke",2013,
"d329","Otuke",2014,55
"d329","Otuke",2015,60
"d329","Otuke",2016,93
"d321","Oyam",2013,
"d321","Oyam",2014,43
"d321","Oyam",2015,96
"d321","Oyam",2016,95
"d312","Pader",2013,69.66019417
"d312","Pader",2014,89
"d312","Pader",2015,90
"d312","Pader",2016,88
"d210","Pallisa",2013,
"d210","Pallisa",2014,62
"d210","Pallisa",2015,66
"d210","Pallisa",2016,85
"d110","Rakai",2013,46.82080925
"d110","Rakai",2014,18
"d110","Rakai",2015,28
"d110","Rakai",2016,89
"d425","Rubirizi",2013,72.13114754
"d425","Rubirizi",2014,75
"d425","Rubirizi",2015,91
"d425","Rubirizi",2016,89
"d412","Rukungiri",2013,47.07379135
"d412","Rukungiri",2014,59
"d412","Rukungiri",2015,79
"d412","Rukungiri",2016,89
"d111","Sembabule",2013,
"d111","Sembabule",2014,62
"d111","Sembabule",2015,57
"d111","Sembabule",2016,53
"d232","Serere",2013,96.48829431
"d232","Serere",2014,98
"d232","Serere",2015,96
"d232","Serere",2016,99
"d426","Sheema",2013,66.56534954
"d426","Sheema",2014,60
"d426","Sheema",2015,82
"d426","Sheema",2016,93
"d215","Sironko",2013,42.1641791
"d215","Sironko",2014,48
"d215","Sironko",2015,79
"d215","Sironko",2016,80
"d211","Soroti",2013,81.66351607
"d211","Soroti",2014,81
"d211","Soroti",2015,83
"d211","Soroti",2016,84
"d212","Tororo",2013,52.16138329
"d212","Tororo",2014,50
"d212","Tororo",2015,79
"d212","Tororo",2016,77
"d113","Wakiso",2013,59.169279
"d113","Wakiso",2014,64
"d113","Wakiso",2015,91
"d113","Wakiso",2016,90
"d313","Yumbe",2013,99.58932238
"d313","Yumbe",2014,19
"d313","Yumbe",2015,88
"d313","Yumbe",2016,96
"d330","Zombo",2013,
"d330","Zombo",2014,8
"d330","Zombo",2015,13
"d330","Zombo",2016,51
