"id","entity-name","year","value"
"AF","Afghanistan",2000,
"AF","Afghanistan",2001,
"AF","Afghanistan",2002,
"AF","Afghanistan",2003,
"AF","Afghanistan",2004,
"AF","Afghanistan",2005,
"AF","Afghanistan",2006,
"AF","Afghanistan",2007,
"AF","Afghanistan",2008,
"AF","Afghanistan",2009,
"AF","Afghanistan",2010,
"AF","Afghanistan",2011,
"AF","Afghanistan",2012,
"AF","Afghanistan",2013,
"AL","Albania",2000,30807.1429
"AL","Albania",2001,23255.68534
"AL","Albania",2002,22015.74947
"AL","Albania",2003,26124.70141
"AL","Albania",2004,24603.07829
"AL","Albania",2005,31051.82524
"AL","Albania",2006,37634.91847
"AL","Albania",2007,42970.04032
"AL","Albania",2008,67318.80796
"AL","Albania",2009,52513.76449
"AL","Albania",2010,42591.05147
"AL","Albania",2011,34890.05889
"AL","Albania",2012,30540.66995
"AL","Albania",2013,
"DZ","Algeria",2000,
"DZ","Algeria",2001,
"DZ","Algeria",2002,
"DZ","Algeria",2003,
"DZ","Algeria",2004,
"DZ","Algeria",2005,
"DZ","Algeria",2006,
"DZ","Algeria",2007,
"DZ","Algeria",2008,
"DZ","Algeria",2009,
"DZ","Algeria",2010,
"DZ","Algeria",2011,
"DZ","Algeria",2012,
"DZ","Algeria",2013,
"AO","Angola",2000,66.40944147
"AO","Angola",2001,63.21656372
"AO","Angola",2002,82.78708567
"AO","Angola",2003,85.01763536
"AO","Angola",2004,173.8517226
"AO","Angola",2005,63.51749314
"AO","Angola",2006,57.76783896
"AO","Angola",2007,49.85639138
"AO","Angola",2008,49.19669143
"AO","Angola",2009,37.99603484
"AO","Angola",2010,
"AO","Angola",2011,
"AO","Angola",2012,
"AO","Angola",2013,
"AG","Antigua and Barbuda",2000,
"AG","Antigua and Barbuda",2001,
"AG","Antigua and Barbuda",2002,
"AG","Antigua and Barbuda",2003,
"AG","Antigua and Barbuda",2004,
"AG","Antigua and Barbuda",2005,
"AG","Antigua and Barbuda",2006,
"AG","Antigua and Barbuda",2007,
"AG","Antigua and Barbuda",2008,
"AG","Antigua and Barbuda",2009,
"AG","Antigua and Barbuda",2010,
"AG","Antigua and Barbuda",2011,
"AG","Antigua and Barbuda",2012,
"AG","Antigua and Barbuda",2013,
"AR","Argentina",2000,109.0507816
"AR","Argentina",2001,118.098805
"AR","Argentina",2002,38.18491085
"AR","Argentina",2003,55.31792754
"AR","Argentina",2004,60.32065942
"AR","Argentina",2005,74.59406239
"AR","Argentina",2006,110.2604493
"AR","Argentina",2007,146.6710331
"AR","Argentina",2008,152.5583992
"AR","Argentina",2009,152.9133557
"AR","Argentina",2010,228.4551506
"AR","Argentina",2011,206.3992991
"AR","Argentina",2012,
"AR","Argentina",2013,
"AM","Armenia",2000,563.0873505
"AM","Armenia",2001,553.3760409
"AM","Armenia",2002,1009.041584
"AM","Armenia",2003,1089.905759
"AM","Armenia",2004,1470.670402
"AM","Armenia",2005,1901.917446
"AM","Armenia",2006,3059.28173
"AM","Armenia",2007,4291.030095
"AM","Armenia",2008,8588.562004
"AM","Armenia",2009,12901.26761
"AM","Armenia",2010,5428.588397
"AM","Armenia",2011,6023.469264
"AM","Armenia",2012,6251.669829
"AM","Armenia",2013,
"AZ","Azerbaijan",2000,269.4371867
"AZ","Azerbaijan",2001,658.7068142
"AZ","Azerbaijan",2002,310348.2033
"AZ","Azerbaijan",2003,127151.1155
"AZ","Azerbaijan",2004,
"AZ","Azerbaijan",2005,
"AZ","Azerbaijan",2006,30595.72548
"AZ","Azerbaijan",2007,15696.5149
"AZ","Azerbaijan",2008,10124.58708
"AZ","Azerbaijan",2009,
"AZ","Azerbaijan",2010,
"AZ","Azerbaijan",2011,
"AZ","Azerbaijan",2012,
"AZ","Azerbaijan",2013,
"BD","Bangladesh",2000,31.52210217
"BD","Bangladesh",2001,30.40990904
"BD","Bangladesh",2002,27.11928466
"BD","Bangladesh",2003,31.79433528
"BD","Bangladesh",2004,34.46262013
"BD","Bangladesh",2005,29.48560918
"BD","Bangladesh",2006,32.29707854
"BD","Bangladesh",2007,33.43094969
"BD","Bangladesh",2008,53.57024024
"BD","Bangladesh",2009,30.10302483
"BD","Bangladesh",2010,33.65009958
"BD","Bangladesh",2011,
"BD","Bangladesh",2012,
"BD","Bangladesh",2013,
"BY","Belarus",2000,0
"BY","Belarus",2001,0
"BY","Belarus",2002,0
"BY","Belarus",2003,0
"BY","Belarus",2004,0
"BY","Belarus",2005,12627.20342
"BY","Belarus",2006,19212.82799
"BY","Belarus",2007,
"BY","Belarus",2008,
"BY","Belarus",2009,110970.8636
"BY","Belarus",2010,
"BY","Belarus",2011,
"BY","Belarus",2012,
"BY","Belarus",2013,
"BZ","Belize",2000,
"BZ","Belize",2001,
"BZ","Belize",2002,
"BZ","Belize",2003,
"BZ","Belize",2004,
"BZ","Belize",2005,
"BZ","Belize",2006,
"BZ","Belize",2007,
"BZ","Belize",2008,
"BZ","Belize",2009,
"BZ","Belize",2010,
"BZ","Belize",2011,
"BZ","Belize",2012,
"BZ","Belize",2013,
"BJ","Benin",2000,
"BJ","Benin",2001,
"BJ","Benin",2002,
"BJ","Benin",2003,127.0807058
"BJ","Benin",2004,152.6257865
"BJ","Benin",2005,121.9767054
"BJ","Benin",2006,430.0220675
"BJ","Benin",2007,120.3640984
"BJ","Benin",2008,145.1801538
"BJ","Benin",2009,151.215839
"BJ","Benin",2010,150.2316984
"BJ","Benin",2011,140.0115072
"BJ","Benin",2012,104.8202166
"BJ","Benin",2013,
"BT","Bhutan",2000,
"BT","Bhutan",2001,
"BT","Bhutan",2002,
"BT","Bhutan",2003,732.1646159
"BT","Bhutan",2004,783.7073723
"BT","Bhutan",2005,1044.69274
"BT","Bhutan",2006,1445.929306
"BT","Bhutan",2007,1554.058561
"BT","Bhutan",2008,1646.693645
"BT","Bhutan",2009,2883.778153
"BT","Bhutan",2010,3801.055463
"BT","Bhutan",2011,5214.470947
"BT","Bhutan",2012,9689.406574
"BT","Bhutan",2013,
"BO","Bolivia ",2000,389.0603437
"BO","Bolivia ",2001,730.442592
"BO","Bolivia ",2002,824.6970461
"BO","Bolivia ",2003,950.4341103
"BO","Bolivia ",2004,1532.6737
"BO","Bolivia ",2005,523.9171308
"BO","Bolivia ",2006,1922.973923
"BO","Bolivia ",2007,1611.906154
"BO","Bolivia ",2008,629.9160829
"BO","Bolivia ",2009,710.5716439
"BO","Bolivia ",2010,1000.666194
"BO","Bolivia ",2011,998.0492078
"BO","Bolivia ",2012,822.4057858
"BO","Bolivia ",2013,
"BA","Bosnia and Herzegovina",2000,
"BA","Bosnia and Herzegovina",2001,96607.60797
"BA","Bosnia and Herzegovina",2002,103418.8342
"BA","Bosnia and Herzegovina",2003,117795.2948
"BA","Bosnia and Herzegovina",2004,215852.7891
"BA","Bosnia and Herzegovina",2005,211141.3561
"BA","Bosnia and Herzegovina",2006,270232.4879
"BA","Bosnia and Herzegovina",2007,416842.761
"BA","Bosnia and Herzegovina",2008,
"BA","Bosnia and Herzegovina",2009,
"BA","Bosnia and Herzegovina",2010,
"BA","Bosnia and Herzegovina",2011,
"BA","Bosnia and Herzegovina",2012,
"BA","Bosnia and Herzegovina",2013,
"BW","Botswana",2000,149.6395308
"BW","Botswana",2001,160.0464324
"BW","Botswana",2002,165.4876963
"BW","Botswana",2003,123.8514655
"BW","Botswana",2004,195.4580608
"BW","Botswana",2005,211.0658336
"BW","Botswana",2006,283.1898581
"BW","Botswana",2007,402.9192266
"BW","Botswana",2008,2532.103479
"BW","Botswana",2009,1166.03313
"BW","Botswana",2010,
"BW","Botswana",2011,
"BW","Botswana",2012,
"BW","Botswana",2013,
"BR","Brazil",2000,32.60211872
"BR","Brazil",2001,37.37904196
"BR","Brazil",2002,38.59359168
"BR","Brazil",2003,33.94866623
"BR","Brazil",2004,32.76109508
"BR","Brazil",2005,41.52555039
"BR","Brazil",2006,41.87385452
"BR","Brazil",2007,46.8969252
"BR","Brazil",2008,69.6328489
"BR","Brazil",2009,66.10041638
"BR","Brazil",2010,69.76540756
"BR","Brazil",2011,107.3570961
"BR","Brazil",2012,222.437425
"BR","Brazil",2013,
"BF","Burkina Faso",2000,88.26631568
"BF","Burkina Faso",2001,112.4602621
"BF","Burkina Faso",2002,120.8096391
"BF","Burkina Faso",2003,130.6044791
"BF","Burkina Faso",2004,137.588694
"BF","Burkina Faso",2005,142.413434
"BF","Burkina Faso",2006,409.6200984
"BF","Burkina Faso",2007,158.3919617
"BF","Burkina Faso",2008,156.1212907
"BF","Burkina Faso",2009,171.2072621
"BF","Burkina Faso",2010,
"BF","Burkina Faso",2011,
"BF","Burkina Faso",2012,
"BF","Burkina Faso",2013,
"BI","Burundi",2000,32.67809466
"BI","Burundi",2001,46.08513652
"BI","Burundi",2002,49.79960224
"BI","Burundi",2003,53.66648802
"BI","Burundi",2004,81.61185513
"BI","Burundi",2005,73.33212659
"BI","Burundi",2006,82.72497963
"BI","Burundi",2007,
"BI","Burundi",2008,
"BI","Burundi",2009,
"BI","Burundi",2010,
"BI","Burundi",2011,
"BI","Burundi",2012,
"BI","Burundi",2013,
"CI","Côte d'Ivoire",2000,163.4549699
"CI","Côte d'Ivoire",2001,108.4198934
"CI","Côte d'Ivoire",2002,441.1499647
"CI","Côte d'Ivoire",2003,111.2109693
"CI","Côte d'Ivoire",2004,77.63757388
"CI","Côte d'Ivoire",2005,48.09716161
"CI","Côte d'Ivoire",2006,67.9743035
"CI","Côte d'Ivoire",2007,52.91547574
"CI","Côte d'Ivoire",2008,129.9200533
"CI","Côte d'Ivoire",2009,
"CI","Côte d'Ivoire",2010,
"CI","Côte d'Ivoire",2011,
"CI","Côte d'Ivoire",2012,
"CI","Côte d'Ivoire",2013,
"KH","Cambodia",2000,140.8323247
"KH","Cambodia",2001,156.6148108
"KH","Cambodia",2002,175.3636228
"KH","Cambodia",2003,165.7763795
"KH","Cambodia",2004,144.8693913
"KH","Cambodia",2005,156.8305398
"KH","Cambodia",2006,176.2466382
"KH","Cambodia",2007,182.137275
"KH","Cambodia",2008,277.1915215
"KH","Cambodia",2009,440.4356573
"KH","Cambodia",2010,498.8506769
"KH","Cambodia",2011,581.8559331
"KH","Cambodia",2012,
"KH","Cambodia",2013,
"CM","Cameroon",2000,183.6359652
"CM","Cameroon",2001,240.4569437
"CM","Cameroon",2002,290.2127276
"CM","Cameroon",2003,310.8248427
"CM","Cameroon",2004,251.2875989
"CM","Cameroon",2005,157.4427238
"CM","Cameroon",2006,778.0818448
"CM","Cameroon",2007,408.809752
"CM","Cameroon",2008,
"CM","Cameroon",2009,
"CM","Cameroon",2010,
"CM","Cameroon",2011,
"CM","Cameroon",2012,
"CM","Cameroon",2013,
"CV","Cape Verde",2000,
"CV","Cape Verde",2001,
"CV","Cape Verde",2002,1611.107881
"CV","Cape Verde",2003,2233.238186
"CV","Cape Verde",2004,2157.781268
"CV","Cape Verde",2005,2555.008242
"CV","Cape Verde",2006,2266.149103
"CV","Cape Verde",2007,2606.404202
"CV","Cape Verde",2008,3460.606899
"CV","Cape Verde",2009,
"CV","Cape Verde",2010,
"CV","Cape Verde",2011,
"CV","Cape Verde",2012,
"CV","Cape Verde",2013,
"CF","CAR",2000,57.15802674
"CF","CAR",2001,60.64449255
"CF","CAR",2002,43.13872526
"CF","CAR",2003,32.18531709
"CF","CAR",2004,57.69355786
"CF","CAR",2005,46.85666407
"CF","CAR",2006,87.18890692
"CF","CAR",2007,93.9975277
"CF","CAR",2008,110.7814289
"CF","CAR",2009,
"CF","CAR",2010,
"CF","CAR",2011,
"CF","CAR",2012,
"CF","CAR",2013,
"TD","Chad",2000,
"TD","Chad",2001,
"TD","Chad",2002,
"TD","Chad",2003,68.04824946
"TD","Chad",2004,80.51755409
"TD","Chad",2005,95.01622793
"TD","Chad",2006,73.92698817
"TD","Chad",2007,84.00622265
"TD","Chad",2008,103.9057581
"TD","Chad",2009,131.7737519
"TD","Chad",2010,121.3071595
"TD","Chad",2011,114.9484558
"TD","Chad",2012,
"TD","Chad",2013,
"CL","Chile",2000,371.4931
"CL","Chile",2001,589.0051635
"CL","Chile",2002,449.5951806
"CL","Chile",2003,481.92269
"CL","Chile",2004,550.8951048
"CL","Chile",2005,1030.127826
"CL","Chile",2006,777.5831762
"CL","Chile",2007,715.0803987
"CL","Chile",2008,651.1259622
"CL","Chile",2009,496.6111017
"CL","Chile",2010,1255.253095
"CL","Chile",2011,1213.906765
"CL","Chile",2012,
"CL","Chile",2013,
"CN","China",2000,7.880899436
"CN","China",2001,8.791649143
"CN","China",2002,9.849330985
"CN","China",2003,10.6581876
"CN","China",2004,13.97588575
"CN","China",2005,18.60030361
"CN","China",2006,17.21904045
"CN","China",2007,19.63982682
"CN","China",2008,20.64749718
"CN","China",2009,21.56673729
"CN","China",2010,22.30640585
"CN","China",2011,30.54055726
"CN","China",2012,
"CN","China",2013,
"CO","Colombia",2000,58.20025466
"CO","Colombia",2001,93.12410221
"CO","Colombia",2002,160.8233912
"CO","Colombia",2003,251.7894344
"CO","Colombia",2004,193.523106
"CO","Colombia",2005,248.7066046
"CO","Colombia",2006,246.164984
"CO","Colombia",2007,210.981755
"CO","Colombia",2008,273.3058296
"CO","Colombia",2009,346.1587809
"CO","Colombia",2010,348.7941932
"CO","Colombia",2011,446.7515915
"CO","Colombia",2012,300.7529446
"CO","Colombia",2013,
"KM","Comoros",2000,
"KM","Comoros",2001,
"KM","Comoros",2002,
"KM","Comoros",2003,
"KM","Comoros",2004,135.6313389
"KM","Comoros",2005,
"KM","Comoros",2006,
"KM","Comoros",2007,
"KM","Comoros",2008,
"KM","Comoros",2009,
"KM","Comoros",2010,
"KM","Comoros",2011,
"KM","Comoros",2012,
"KM","Comoros",2013,
"CG","Congo",2000,
"CG","Congo",2001,
"CG","Congo",2002,
"CG","Congo",2003,
"CG","Congo",2004,
"CG","Congo",2005,936.3533068
"CG","Congo",2006,263.7869169
"CG","Congo",2007,91.2101115
"CG","Congo",2008,301.2180702
"CG","Congo",2009,205.6791962
"CG","Congo",2010,1102.981109
"CG","Congo",2011,240.2934332
"CG","Congo",2012,
"CG","Congo",2013,
"CR","Costa Rica",2000,550.1061805
"CR","Costa Rica",2001,476.2072957
"CR","Costa Rica",2002,388.6992963
"CR","Costa Rica",2003,472.2035867
"CR","Costa Rica",2004,456.9615714
"CR","Costa Rica",2005,540.2368812
"CR","Costa Rica",2006,524.6610266
"CR","Costa Rica",2007,1620.1438
"CR","Costa Rica",2008,1147.119548
"CR","Costa Rica",2009,1142.090964
"CR","Costa Rica",2010,2917.797825
"CR","Costa Rica",2011,1160.284955
"CR","Costa Rica",2012,996.2775169
"CR","Costa Rica",2013,
"HR","Croatia",2000,41733.91001
"HR","Croatia",2001,85900.9009
"HR","Croatia",2002,129780.4054
"HR","Croatia",2003,213502.2523
"HR","Croatia",2004,
"HR","Croatia",2005,
"HR","Croatia",2006,
"HR","Croatia",2007,
"HR","Croatia",2008,
"HR","Croatia",2009,
"HR","Croatia",2010,
"HR","Croatia",2011,
"HR","Croatia",2012,
"HR","Croatia",2013,
"CU","Cuba",2000,
"CU","Cuba",2001,
"CU","Cuba",2002,
"CU","Cuba",2003,
"CU","Cuba",2004,
"CU","Cuba",2005,
"CU","Cuba",2006,
"CU","Cuba",2007,
"CU","Cuba",2008,
"CU","Cuba",2009,
"CU","Cuba",2010,
"CU","Cuba",2011,
"CU","Cuba",2012,
"CU","Cuba",2013,
"DJ","Djibouti",2000,
"DJ","Djibouti",2001,
"DJ","Djibouti",2002,894.5124362
"DJ","Djibouti",2003,
"DJ","Djibouti",2004,
"DJ","Djibouti",2005,
"DJ","Djibouti",2006,
"DJ","Djibouti",2007,
"DJ","Djibouti",2008,
"DJ","Djibouti",2009,
"DJ","Djibouti",2010,
"DJ","Djibouti",2011,
"DJ","Djibouti",2012,
"DJ","Djibouti",2013,
"DM","Dominica",2000,
"DM","Dominica",2001,
"DM","Dominica",2002,
"DM","Dominica",2003,
"DM","Dominica",2004,
"DM","Dominica",2005,
"DM","Dominica",2006,
"DM","Dominica",2007,
"DM","Dominica",2008,
"DM","Dominica",2009,
"DM","Dominica",2010,
"DM","Dominica",2011,
"DM","Dominica",2012,
"DM","Dominica",2013,
"DO","Dominican Republic",2000,441.5115003
"DO","Dominican Republic",2001,767.5698783
"DO","Dominican Republic",2002,641.3198817
"DO","Dominican Republic",2003,337.7418375
"DO","Dominican Republic",2004,260.2302203
"DO","Dominican Republic",2005,349.6309596
"DO","Dominican Republic",2006,621.7624401
"DO","Dominican Republic",2007,717.5437114
"DO","Dominican Republic",2008,724.3330055
"DO","Dominican Republic",2009,707.1473797
"DO","Dominican Republic",2010,1120.751401
"DO","Dominican Republic",2011,1177.890168
"DO","Dominican Republic",2012,1498.330798
"DO","Dominican Republic",2013,
"CD","DRC",2000,
"CD","DRC",2001,
"CD","DRC",2002,
"CD","DRC",2003,
"CD","DRC",2004,
"CD","DRC",2005,
"CD","DRC",2006,52.24089925
"CD","DRC",2007,
"CD","DRC",2008,
"CD","DRC",2009,
"CD","DRC",2010,
"CD","DRC",2011,
"CD","DRC",2012,
"CD","DRC",2013,
"EG","Egypt",2000,2096.013786
"EG","Egypt",2001,1927.43439
"EG","Egypt",2002,1745.399973
"EG","Egypt",2003,1281.355378
"EG","Egypt",2004,1550.130075
"EG","Egypt",2005,1168.128833
"EG","Egypt",2006,1099.743637
"EG","Egypt",2007,1353.017637
"EG","Egypt",2008,1947.51206
"EG","Egypt",2009,
"EG","Egypt",2010,
"EG","Egypt",2011,
"EG","Egypt",2012,
"EG","Egypt",2013,
"SV","El Salvador",2000,386.7207312
"SV","El Salvador",2001,505.6950557
"SV","El Salvador",2002,472.687901
"SV","El Salvador",2003,395.1802838
"SV","El Salvador",2004,669.8832342
"SV","El Salvador",2005,716.1891441
"SV","El Salvador",2006,1043.449877
"SV","El Salvador",2007,1508.674878
"SV","El Salvador",2008,1027.46701
"SV","El Salvador",2009,1314.708847
"SV","El Salvador",2010,1266.794625
"SV","El Salvador",2011,2005.146361
"SV","El Salvador",2012,1913.96067
"SV","El Salvador",2013,
"GQ","Equatorial Guinea",2000,
"GQ","Equatorial Guinea",2001,
"GQ","Equatorial Guinea",2002,
"GQ","Equatorial Guinea",2003,
"GQ","Equatorial Guinea",2004,
"GQ","Equatorial Guinea",2005,
"GQ","Equatorial Guinea",2006,
"GQ","Equatorial Guinea",2007,
"GQ","Equatorial Guinea",2008,
"GQ","Equatorial Guinea",2009,
"GQ","Equatorial Guinea",2010,
"GQ","Equatorial Guinea",2011,
"GQ","Equatorial Guinea",2012,
"GQ","Equatorial Guinea",2013,
"ER","Eritrea",2000,
"ER","Eritrea",2001,
"ER","Eritrea",2002,
"ER","Eritrea",2003,
"ER","Eritrea",2004,
"ER","Eritrea",2005,
"ER","Eritrea",2006,
"ER","Eritrea",2007,
"ER","Eritrea",2008,
"ER","Eritrea",2009,
"ER","Eritrea",2010,
"ER","Eritrea",2011,
"ER","Eritrea",2012,
"ER","Eritrea",2013,
"ET","Ethiopia",2000,31.77876481
"ET","Ethiopia",2001,52.49223292
"ET","Ethiopia",2002,63.10943195
"ET","Ethiopia",2003,69.83818498
"ET","Ethiopia",2004,74.84629577
"ET","Ethiopia",2005,82.59141009
"ET","Ethiopia",2006,238.0092962
"ET","Ethiopia",2007,87.25924186
"ET","Ethiopia",2008,108.0820592
"ET","Ethiopia",2009,126.3181584
"ET","Ethiopia",2010,113.8432062
"ET","Ethiopia",2011,107.3607809
"ET","Ethiopia",2012,
"ET","Ethiopia",2013,
"FJ","Fiji",2000,
"FJ","Fiji",2001,
"FJ","Fiji",2002,
"FJ","Fiji",2003,334.1970562
"FJ","Fiji",2004,434.9575686
"FJ","Fiji",2005,523.3033638
"FJ","Fiji",2006,551.8182834
"FJ","Fiji",2007,568.1810663
"FJ","Fiji",2008,685.8631683
"FJ","Fiji",2009,1746.207764
"FJ","Fiji",2010,
"FJ","Fiji",2011,
"FJ","Fiji",2012,
"FJ","Fiji",2013,
"GA","Gabon",2000,
"GA","Gabon",2001,
"GA","Gabon",2002,
"GA","Gabon",2003,
"GA","Gabon",2004,
"GA","Gabon",2005,1640.7684
"GA","Gabon",2006,
"GA","Gabon",2007,
"GA","Gabon",2008,
"GA","Gabon",2009,
"GA","Gabon",2010,
"GA","Gabon",2011,
"GA","Gabon",2012,
"GA","Gabon",2013,
"GM","Gambia",2000,139.4400106
"GM","Gambia",2001,166.0625489
"GM","Gambia",2002,221.4657508
"GM","Gambia",2003,212.2523861
"GM","Gambia",2004,
"GM","Gambia",2005,
"GM","Gambia",2006,
"GM","Gambia",2007,
"GM","Gambia",2008,
"GM","Gambia",2009,
"GM","Gambia",2010,
"GM","Gambia",2011,
"GM","Gambia",2012,
"GM","Gambia",2013,
"GE","Georgia",2000,310.5266732
"GE","Georgia",2001,576.0813143
"GE","Georgia",2002,763.7422741
"GE","Georgia",2003,503.6276304
"GE","Georgia",2004,653.9359152
"GE","Georgia",2005,633.3242422
"GE","Georgia",2006,771.6524487
"GE","Georgia",2007,705.8052894
"GE","Georgia",2008,1555.56555
"GE","Georgia",2009,1594.59417
"GE","Georgia",2010,858.0141507
"GE","Georgia",2011,869.871345
"GE","Georgia",2012,1151.649288
"GE","Georgia",2013,
"GH","Ghana",2000,154.4986392
"GH","Ghana",2001,181.6272346
"GH","Ghana",2002,182.6871258
"GH","Ghana",2003,216.7259481
"GH","Ghana",2004,460.394232
"GH","Ghana",2005,302.7278026
"GH","Ghana",2006,1103.283412
"GH","Ghana",2007,
"GH","Ghana",2008,
"GH","Ghana",2009,
"GH","Ghana",2010,
"GH","Ghana",2011,
"GH","Ghana",2012,
"GH","Ghana",2013,
"GD","Grenada",2000,
"GD","Grenada",2001,
"GD","Grenada",2002,
"GD","Grenada",2003,
"GD","Grenada",2004,
"GD","Grenada",2005,
"GD","Grenada",2006,
"GD","Grenada",2007,
"GD","Grenada",2008,
"GD","Grenada",2009,
"GD","Grenada",2010,
"GD","Grenada",2011,
"GD","Grenada",2012,
"GD","Grenada",2013,
"GT","Guatemala",2000,340.2037287
"GT","Guatemala",2001,236.9462289
"GT","Guatemala",2002,194.8894819
"GT","Guatemala",2003,182.1154021
"GT","Guatemala",2004,166.0843772
"GT","Guatemala",2005,198.8715834
"GT","Guatemala",2006,355.9745418
"GT","Guatemala",2007,318.4488693
"GT","Guatemala",2008,306.4679975
"GT","Guatemala",2009,229.3357964
"GT","Guatemala",2010,234.9781384
"GT","Guatemala",2011,214.0906026
"GT","Guatemala",2012,
"GT","Guatemala",2013,
"GN","Guinea",2000,66.51033073
"GN","Guinea",2001,113.3789231
"GN","Guinea",2002,94.98393343
"GN","Guinea",2003,82.20068565
"GN","Guinea",2004,88.25478299
"GN","Guinea",2005,73.67309716
"GN","Guinea",2006,73.22268147
"GN","Guinea",2007,84.18634621
"GN","Guinea",2008,122.4224881
"GN","Guinea",2009,66.91354936
"GN","Guinea",2010,62.13955462
"GN","Guinea",2011,79.23645697
"GN","Guinea",2012,378.3993188
"GN","Guinea",2013,
"GW","Guinea-Bissau",2000,213.9247688
"GW","Guinea-Bissau",2001,175.6389553
"GW","Guinea-Bissau",2002,169.5644071
"GW","Guinea-Bissau",2003,
"GW","Guinea-Bissau",2004,
"GW","Guinea-Bissau",2005,
"GW","Guinea-Bissau",2006,
"GW","Guinea-Bissau",2007,
"GW","Guinea-Bissau",2008,
"GW","Guinea-Bissau",2009,
"GW","Guinea-Bissau",2010,
"GW","Guinea-Bissau",2011,
"GW","Guinea-Bissau",2012,
"GW","Guinea-Bissau",2013,
"GY","Guyana",2000,
"GY","Guyana",2001,
"GY","Guyana",2002,
"GY","Guyana",2003,
"GY","Guyana",2004,
"GY","Guyana",2005,
"GY","Guyana",2006,
"GY","Guyana",2007,
"GY","Guyana",2008,
"GY","Guyana",2009,
"GY","Guyana",2010,
"GY","Guyana",2011,
"GY","Guyana",2012,
"GY","Guyana",2013,
"HT","Haiti",2000,
"HT","Haiti",2001,51.70717848
"HT","Haiti",2002,
"HT","Haiti",2003,
"HT","Haiti",2004,
"HT","Haiti",2005,
"HT","Haiti",2006,
"HT","Haiti",2007,
"HT","Haiti",2008,
"HT","Haiti",2009,
"HT","Haiti",2010,
"HT","Haiti",2011,
"HT","Haiti",2012,
"HT","Haiti",2013,
"HN","Honduras",2000,604.7866209
"HN","Honduras",2001,983.6214846
"HN","Honduras",2002,404.0119714
"HN","Honduras",2003,341.5914604
"HN","Honduras",2004,519.8870108
"HN","Honduras",2005,900.7841233
"HN","Honduras",2006,1394.273336
"HN","Honduras",2007,1574.785047
"HN","Honduras",2008,655.3106502
"HN","Honduras",2009,519.9184451
"HN","Honduras",2010,648.9997623
"HN","Honduras",2011,511.1208876
"HN","Honduras",2012,
"HN","Honduras",2013,
"IN","India",2000,7.471188482
"IN","India",2001,9.114060854
"IN","India",2002,9.953734059
"IN","India",2003,7.05412448
"IN","India",2004,7.983552453
"IN","India",2005,8.55411426
"IN","India",2006,7.605789436
"IN","India",2007,7.693813945
"IN","India",2008,10.00233627
"IN","India",2009,11.19085565
"IN","India",2010,12.49046522
"IN","India",2011,15.37741702
"IN","India",2012,13.04708138
"IN","India",2013,
"ID","Indonesia",2000,32.6940385
"ID","Indonesia",2001,33.93153889
"ID","Indonesia",2002,36.14855959
"ID","Indonesia",2003,48.75994106
"ID","Indonesia",2004,36.86344083
"ID","Indonesia",2005,74.01161023
"ID","Indonesia",2006,74.34853856
"ID","Indonesia",2007,67.96420799
"ID","Indonesia",2008,74.06230594
"ID","Indonesia",2009,83.50900164
"ID","Indonesia",2010,85.99098857
"ID","Indonesia",2011,66.33884245
"ID","Indonesia",2012,
"ID","Indonesia",2013,
"IR","Iran",2000,249.8576827
"IR","Iran",2001,228.2148035
"IR","Iran",2002,217.3530203
"IR","Iran",2003,209.0598184
"IR","Iran",2004,263.5270522
"IR","Iran",2005,148.4748126
"IR","Iran",2006,
"IR","Iran",2007,
"IR","Iran",2008,
"IR","Iran",2009,
"IR","Iran",2010,
"IR","Iran",2011,
"IR","Iran",2012,
"IR","Iran",2013,
"IQ","Iraq",2000,
"IQ","Iraq",2001,
"IQ","Iraq",2002,
"IQ","Iraq",2003,
"IQ","Iraq",2004,
"IQ","Iraq",2005,
"IQ","Iraq",2006,
"IQ","Iraq",2007,10361.4004
"IQ","Iraq",2008,10204.35934
"IQ","Iraq",2009,2705.089985
"IQ","Iraq",2010,1981.603894
"IQ","Iraq",2011,1588.247321
"IQ","Iraq",2012,1032.337706
"IQ","Iraq",2013,
"JM","Jamaica",2000,331.6939326
"JM","Jamaica",2001,251.7544637
"JM","Jamaica",2002,23850.15746
"JM","Jamaica",2003,15737.49732
"JM","Jamaica",2004,32815.83461
"JM","Jamaica",2005,
"JM","Jamaica",2006,
"JM","Jamaica",2007,
"JM","Jamaica",2008,
"JM","Jamaica",2009,
"JM","Jamaica",2010,
"JM","Jamaica",2011,
"JM","Jamaica",2012,
"JM","Jamaica",2013,
"JO","Jordan",2000,13617.5366
"JO","Jordan",2001,14131.30846
"JO","Jordan",2002,15290.89542
"JO","Jordan",2003,30245.19886
"JO","Jordan",2004,19133.40437
"JO","Jordan",2005,33118.64027
"JO","Jordan",2006,58804.19075
"JO","Jordan",2007,101656.773
"JO","Jordan",2008,237398.1532
"JO","Jordan",2009,226861.7081
"JO","Jordan",2010,252695.9974
"JO","Jordan",2011,
"JO","Jordan",2012,
"JO","Jordan",2013,
"KZ","Kazakhstan",2000,278.5797129
"KZ","Kazakhstan",2001,246.6650994
"KZ","Kazakhstan",2002,476.7526308
"KZ","Kazakhstan",2003,1076.320919
"KZ","Kazakhstan",2004,1604.220472
"KZ","Kazakhstan",2005,93368.13884
"KZ","Kazakhstan",2006,3421.594049
"KZ","Kazakhstan",2007,12583.8017
"KZ","Kazakhstan",2008,241629.45
"KZ","Kazakhstan",2009,61605.50173
"KZ","Kazakhstan",2010,27498.35622
"KZ","Kazakhstan",2011,
"KZ","Kazakhstan",2012,
"KZ","Kazakhstan",2013,
"KE","Kenya",2000,85.19290757
"KE","Kenya",2001,78.08020685
"KE","Kenya",2002,62.53386437
"KE","Kenya",2003,66.88330391
"KE","Kenya",2004,65.38156696
"KE","Kenya",2005,68.48400709
"KE","Kenya",2006,
"KE","Kenya",2007,
"KE","Kenya",2008,
"KE","Kenya",2009,
"KE","Kenya",2010,
"KE","Kenya",2011,
"KE","Kenya",2012,
"KE","Kenya",2013,
"KI","Kiribati",2000,
"KI","Kiribati",2001,
"KI","Kiribati",2002,
"KI","Kiribati",2003,
"KI","Kiribati",2004,
"KI","Kiribati",2005,
"KI","Kiribati",2006,
"KI","Kiribati",2007,
"KI","Kiribati",2008,
"KI","Kiribati",2009,
"KI","Kiribati",2010,
"KI","Kiribati",2011,
"KI","Kiribati",2012,
"KI","Kiribati",2013,
"XK","Kosovo",2000,
"XK","Kosovo",2001,
"XK","Kosovo",2002,
"XK","Kosovo",2003,
"XK","Kosovo",2004,
"XK","Kosovo",2005,
"XK","Kosovo",2006,
"XK","Kosovo",2007,
"XK","Kosovo",2008,
"XK","Kosovo",2009,
"XK","Kosovo",2010,
"XK","Kosovo",2011,
"XK","Kosovo",2012,
"XK","Kosovo",2013,
"KG","Kyrgyzstan",2000,175.9413327
"KG","Kyrgyzstan",2001,188.912814
"KG","Kyrgyzstan",2002,201.5989148
"KG","Kyrgyzstan",2003,238.7659574
"KG","Kyrgyzstan",2004,658.9228115
"KG","Kyrgyzstan",2005,356.0067878
"KG","Kyrgyzstan",2006,602.0578672
"KG","Kyrgyzstan",2007,3375.138362
"KG","Kyrgyzstan",2008,1404.27343
"KG","Kyrgyzstan",2009,1282.170613
"KG","Kyrgyzstan",2010,1370.579014
"KG","Kyrgyzstan",2011,2055.564581
"KG","Kyrgyzstan",2012,
"KG","Kyrgyzstan",2013,
"LA","Lao",2000,190.716344
"LA","Lao",2001,186.2310364
"LA","Lao",2002,204.4886808
"LA","Lao",2003,197.4379797
"LA","Lao",2004,168.6769872
"LA","Lao",2005,187.4813985
"LA","Lao",2006,222.5636361
"LA","Lao",2007,231.8042063
"LA","Lao",2008,273.7938083
"LA","Lao",2009,248.9029343
"LA","Lao",2010,244.1536599
"LA","Lao",2011,224.0129609
"LA","Lao",2012,241.8067682
"LA","Lao",2013,
"LB","Lebanon",2000,
"LB","Lebanon",2001,
"LB","Lebanon",2002,
"LB","Lebanon",2003,
"LB","Lebanon",2004,
"LB","Lebanon",2005,
"LB","Lebanon",2006,
"LB","Lebanon",2007,
"LB","Lebanon",2008,
"LB","Lebanon",2009,
"LB","Lebanon",2010,
"LB","Lebanon",2011,
"LB","Lebanon",2012,
"LB","Lebanon",2013,
"LS","Lesotho",2000,80.18176406
"LS","Lesotho",2001,113.2269553
"LS","Lesotho",2002,134.6843964
"LS","Lesotho",2003,114.1542962
"LS","Lesotho",2004,124.1269093
"LS","Lesotho",2005,88.13033952
"LS","Lesotho",2006,90.12276552
"LS","Lesotho",2007,140.2426396
"LS","Lesotho",2008,145.8449059
"LS","Lesotho",2009,135.0192614
"LS","Lesotho",2010,256.2918866
"LS","Lesotho",2011,
"LS","Lesotho",2012,
"LS","Lesotho",2013,
"LR","Liberia",2000,
"LR","Liberia",2001,
"LR","Liberia",2002,
"LR","Liberia",2003,
"LR","Liberia",2004,
"LR","Liberia",2005,
"LR","Liberia",2006,
"LR","Liberia",2007,270.4156114
"LR","Liberia",2008,
"LR","Liberia",2009,
"LR","Liberia",2010,
"LR","Liberia",2011,
"LR","Liberia",2012,
"LR","Liberia",2013,
"LY","Libya",2000,
"LY","Libya",2001,
"LY","Libya",2002,
"LY","Libya",2003,
"LY","Libya",2004,
"LY","Libya",2005,
"LY","Libya",2006,
"LY","Libya",2007,
"LY","Libya",2008,
"LY","Libya",2009,
"LY","Libya",2010,
"LY","Libya",2011,
"LY","Libya",2012,
"LY","Libya",2013,
"MK","Macedonia",2000,4708.919072
"MK","Macedonia",2001,8456.811031
"MK","Macedonia",2002,39527.81277
"MK","Macedonia",2003,39169.58933
"MK","Macedonia",2004,31777.31886
"MK","Macedonia",2005,50130.52528
"MK","Macedonia",2006,13633.41238
"MK","Macedonia",2007,19425.9859
"MK","Macedonia",2008,36244.03626
"MK","Macedonia",2009,
"MK","Macedonia",2010,
"MK","Macedonia",2011,
"MK","Macedonia",2012,
"MK","Macedonia",2013,
"MG","Madagascar",2000,47.11698763
"MG","Madagascar",2001,55.07816853
"MG","Madagascar",2002,49.53164365
"MG","Madagascar",2003,62.17648727
"MG","Madagascar",2004,110.6393616
"MG","Madagascar",2005,91.91755511
"MG","Madagascar",2006,244.2836348
"MG","Madagascar",2007,60.44931833
"MG","Madagascar",2008,50.56555955
"MG","Madagascar",2009,26.32123765
"MG","Madagascar",2010,27.7131062
"MG","Madagascar",2011,
"MG","Madagascar",2012,
"MG","Madagascar",2013,
"MW","Malawi",2000,80.48354676
"MW","Malawi",2001,80.45304331
"MW","Malawi",2002,69.9155545
"MW","Malawi",2003,81.81960616
"MW","Malawi",2004,75.19106902
"MW","Malawi",2005,80.29956894
"MW","Malawi",2006,364.1839452
"MW","Malawi",2007,193.1944192
"MW","Malawi",2008,91.27100177
"MW","Malawi",2009,77.90005575
"MW","Malawi",2010,99.45188999
"MW","Malawi",2011,
"MW","Malawi",2012,
"MW","Malawi",2013,
"MY","Malaysia",2000,1738.331331
"MY","Malaysia",2001,1681.447102
"MY","Malaysia",2002,2319.51521
"MY","Malaysia",2003,2362.214039
"MY","Malaysia",2004,4181.892434
"MY","Malaysia",2005,3060.308591
"MY","Malaysia",2006,10089.7646
"MY","Malaysia",2007,
"MY","Malaysia",2008,
"MY","Malaysia",2009,
"MY","Malaysia",2010,
"MY","Malaysia",2011,
"MY","Malaysia",2012,
"MY","Malaysia",2013,
"MV","Maldives",2000,735.8739512
"MV","Maldives",2001,1517.207335
"MV","Maldives",2002,1965.33447
"MV","Maldives",2003,2535.060872
"MV","Maldives",2004,9678.74423
"MV","Maldives",2005,
"MV","Maldives",2006,
"MV","Maldives",2007,
"MV","Maldives",2008,
"MV","Maldives",2009,
"MV","Maldives",2010,
"MV","Maldives",2011,
"MV","Maldives",2012,
"MV","Maldives",2013,
"ML","Mali",2000,104.737111
"ML","Mali",2001,112.0808127
"ML","Mali",2002,125.7866475
"ML","Mali",2003,135.3970192
"ML","Mali",2004,147.492213
"ML","Mali",2005,153.6610281
"ML","Mali",2006,527.8790548
"ML","Mali",2007,170.2968226
"ML","Mali",2008,150.9690161
"ML","Mali",2009,155.3932551
"ML","Mali",2010,164.9888883
"ML","Mali",2011,
"ML","Mali",2012,
"ML","Mali",2013,
"MH","Marshall Islands",2000,
"MH","Marshall Islands",2001,
"MH","Marshall Islands",2002,
"MH","Marshall Islands",2003,
"MH","Marshall Islands",2004,
"MH","Marshall Islands",2005,
"MH","Marshall Islands",2006,
"MH","Marshall Islands",2007,
"MH","Marshall Islands",2008,
"MH","Marshall Islands",2009,
"MH","Marshall Islands",2010,
"MH","Marshall Islands",2011,
"MH","Marshall Islands",2012,
"MH","Marshall Islands",2013,
"MR","Mauritania",2000,720.7963078
"MR","Mauritania",2001,850.1924
"MR","Mauritania",2002,962.1789129
"MR","Mauritania",2003,560.8329269
"MR","Mauritania",2004,502.0328272
"MR","Mauritania",2005,356.7650638
"MR","Mauritania",2006,1775.313409
"MR","Mauritania",2007,480.6022327
"MR","Mauritania",2008,616.9810728
"MR","Mauritania",2009,
"MR","Mauritania",2010,
"MR","Mauritania",2011,
"MR","Mauritania",2012,
"MR","Mauritania",2013,
"MU","Mauritius",2000,
"MU","Mauritius",2001,
"MU","Mauritius",2002,
"MU","Mauritius",2003,
"MU","Mauritius",2004,
"MU","Mauritius",2005,
"MU","Mauritius",2006,28973.65154
"MU","Mauritius",2007,32015.44286
"MU","Mauritius",2008,41132.48901
"MU","Mauritius",2009,41749.13757
"MU","Mauritius",2010,31769.89206
"MU","Mauritius",2011,39732.47655
"MU","Mauritius",2012,36087.77925
"MU","Mauritius",2013,
"MX","Mexico",2000,34.28147369
"MX","Mexico",2001,62.47253523
"MX","Mexico",2002,76.20687715
"MX","Mexico",2003,103.0186491
"MX","Mexico",2004,141.9343573
"MX","Mexico",2005,61.65692027
"MX","Mexico",2006,556.8121835
"MX","Mexico",2007,268.3583743
"MX","Mexico",2008,231.2022523
"MX","Mexico",2009,281.3929262
"MX","Mexico",2010,775.9117364
"MX","Mexico",2011,1031.835932
"MX","Mexico",2012,426.1409467
"MX","Mexico",2013,
"FM","Micronesia",2000,
"FM","Micronesia",2001,
"FM","Micronesia",2002,
"FM","Micronesia",2003,
"FM","Micronesia",2004,
"FM","Micronesia",2005,
"FM","Micronesia",2006,
"FM","Micronesia",2007,
"FM","Micronesia",2008,
"FM","Micronesia",2009,
"FM","Micronesia",2010,
"FM","Micronesia",2011,
"FM","Micronesia",2012,
"FM","Micronesia",2013,
"MD","Moldova",2000,165.5958072
"MD","Moldova",2001,207.6239291
"MD","Moldova",2002,381.3397749
"MD","Moldova",2003,708.0014415
"MD","Moldova",2004,597.2132853
"MD","Moldova",2005,445.1285169
"MD","Moldova",2006,3490.917336
"MD","Moldova",2007,8094.82359
"MD","Moldova",2008,8104.417165
"MD","Moldova",2009,9499.235772
"MD","Moldova",2010,33546.80755
"MD","Moldova",2011,56471.88655
"MD","Moldova",2012,
"MD","Moldova",2013,
"MN","Mongolia",2000,
"MN","Mongolia",2001,
"MN","Mongolia",2002,
"MN","Mongolia",2003,
"MN","Mongolia",2004,
"MN","Mongolia",2005,
"MN","Mongolia",2006,
"MN","Mongolia",2007,
"MN","Mongolia",2008,
"MN","Mongolia",2009,
"MN","Mongolia",2010,
"MN","Mongolia",2011,
"MN","Mongolia",2012,
"MN","Mongolia",2013,
"ME","Montenegro",2000,
"ME","Montenegro",2001,
"ME","Montenegro",2002,
"ME","Montenegro",2003,
"ME","Montenegro",2004,
"ME","Montenegro",2005,2974.895262
"ME","Montenegro",2006,126089.0509
"ME","Montenegro",2007,49530.59242
"ME","Montenegro",2008,198137.8775
"ME","Montenegro",2009,
"ME","Montenegro",2010,
"ME","Montenegro",2011,97594.51016
"ME","Montenegro",2012,
"ME","Montenegro",2013,
"MA","Morocco",2000,571.2622969
"MA","Morocco",2001,614.3348713
"MA","Morocco",2002,550.3325738
"MA","Morocco",2003,734.5715659
"MA","Morocco",2004,995.2332498
"MA","Morocco",2005,1194.63248
"MA","Morocco",2006,1628.297731
"MA","Morocco",2007,2256.795397
"MA","Morocco",2008,
"MA","Morocco",2009,
"MA","Morocco",2010,
"MA","Morocco",2011,
"MA","Morocco",2012,
"MA","Morocco",2013,
"MZ","Mozambique",2000,130.6451596
"MZ","Mozambique",2001,115.5001685
"MZ","Mozambique",2002,252.904562
"MZ","Mozambique",2003,100.3335653
"MZ","Mozambique",2004,108.5281591
"MZ","Mozambique",2005,112.0798114
"MZ","Mozambique",2006,283.7114922
"MZ","Mozambique",2007,131.3937623
"MZ","Mozambique",2008,141.5797982
"MZ","Mozambique",2009,149.2954869
"MZ","Mozambique",2010,
"MZ","Mozambique",2011,
"MZ","Mozambique",2012,
"MZ","Mozambique",2013,
"MM","Myanmar",2000,
"MM","Myanmar",2001,
"MM","Myanmar",2002,
"MM","Myanmar",2003,
"MM","Myanmar",2004,
"MM","Myanmar",2005,
"MM","Myanmar",2006,
"MM","Myanmar",2007,
"MM","Myanmar",2008,
"MM","Myanmar",2009,
"MM","Myanmar",2010,
"MM","Myanmar",2011,
"MM","Myanmar",2012,
"MM","Myanmar",2013,
"NA","Namibia",2000,379.4351141
"NA","Namibia",2001,290.8380335
"NA","Namibia",2002,351.710532
"NA","Namibia",2003,310.5201895
"NA","Namibia",2004,343.444298
"NA","Namibia",2005,263.2301263
"NA","Namibia",2006,322.2812556
"NA","Namibia",2007,406.1315522
"NA","Namibia",2008,399.7016243
"NA","Namibia",2009,634.457297
"NA","Namibia",2010,537.8134018
"NA","Namibia",2011,
"NA","Namibia",2012,
"NA","Namibia",2013,
"NP","Nepal",2000,48.73562999
"NP","Nepal",2001,52.96008168
"NP","Nepal",2002,46.60865784
"NP","Nepal",2003,53.93152366
"NP","Nepal",2004,49.65483163
"NP","Nepal",2005,56.60041104
"NP","Nepal",2006,73.32957068
"NP","Nepal",2007,83.89913943
"NP","Nepal",2008,116.1107024
"NP","Nepal",2009,141.2168378
"NP","Nepal",2010,158.3071303
"NP","Nepal",2011,
"NP","Nepal",2012,
"NP","Nepal",2013,
"NI","Nicaragua",2000,1291.997198
"NI","Nicaragua",2001,2250.427915
"NI","Nicaragua",2002,1407.057758
"NI","Nicaragua",2003,2656.600541
"NI","Nicaragua",2004,6265.178329
"NI","Nicaragua",2005,6572.140311
"NI","Nicaragua",2006,9425.322194
"NI","Nicaragua",2007,6731.798366
"NI","Nicaragua",2008,1973.180613
"NI","Nicaragua",2009,1640.392091
"NI","Nicaragua",2010,
"NI","Nicaragua",2011,
"NI","Nicaragua",2012,
"NI","Nicaragua",2013,
"NE","Niger",2000,56.02969905
"NE","Niger",2001,70.73932069
"NE","Niger",2002,77.28629461
"NE","Niger",2003,101.5460136
"NE","Niger",2004,109.262514
"NE","Niger",2005,101.2921037
"NE","Niger",2006,335.8476608
"NE","Niger",2007,93.94590786
"NE","Niger",2008,100.4701161
"NE","Niger",2009,77.79275002
"NE","Niger",2010,119.8114565
"NE","Niger",2011,97.86998125
"NE","Niger",2012,
"NE","Niger",2013,
"NG","Nigeria",2000,3.556967662
"NG","Nigeria",2001,4.028106637
"NG","Nigeria",2002,5.787693473
"NG","Nigeria",2003,5.46971507
"NG","Nigeria",2004,8.621680222
"NG","Nigeria",2005,83.30308803
"NG","Nigeria",2006,154.1267117
"NG","Nigeria",2007,22.84233407
"NG","Nigeria",2008,15.78745924
"NG","Nigeria",2009,18.58622374
"NG","Nigeria",2010,22.08147851
"NG","Nigeria",2011,
"NG","Nigeria",2012,
"NG","Nigeria",2013,
"PK","Pakistan",2000,31.68594217
"PK","Pakistan",2001,65.79427488
"PK","Pakistan",2002,65.38433491
"PK","Pakistan",2003,78.73794812
"PK","Pakistan",2004,53.06548257
"PK","Pakistan",2005,69.24053744
"PK","Pakistan",2006,86.41072196
"PK","Pakistan",2007,90.72001716
"PK","Pakistan",2008,76.12557296
"PK","Pakistan",2009,138.0576153
"PK","Pakistan",2010,160.9453176
"PK","Pakistan",2011,192.8412233
"PK","Pakistan",2012,
"PK","Pakistan",2013,
"PW","Palau",2000,
"PW","Palau",2001,
"PW","Palau",2002,
"PW","Palau",2003,
"PW","Palau",2004,
"PW","Palau",2005,
"PW","Palau",2006,
"PW","Palau",2007,
"PW","Palau",2008,
"PW","Palau",2009,
"PW","Palau",2010,
"PW","Palau",2011,
"PW","Palau",2012,
"PW","Palau",2013,
"PS","Palestine",2000,
"PS","Palestine",2001,
"PS","Palestine",2002,
"PS","Palestine",2003,
"PS","Palestine",2004,191272.7155
"PS","Palestine",2005,77805.22589
"PS","Palestine",2006,66386.99604
"PS","Palestine",2007,56560.6852
"PS","Palestine",2008,140116.2258
"PS","Palestine",2009,989683.8854
"PS","Palestine",2010,
"PS","Palestine",2011,
"PS","Palestine",2012,
"PS","Palestine",2013,
"PA","Panama",2000,179.2858335
"PA","Panama",2001,206.529614
"PA","Panama",2002,177.8860726
"PA","Panama",2003,215.880041
"PA","Panama",2004,164.7894745
"PA","Panama",2005,173.7488025
"PA","Panama",2006,276.2288347
"PA","Panama",2007,196.7739198
"PA","Panama",2008,306.5214266
"PA","Panama",2009,843.3706355
"PA","Panama",2010,1126.725559
"PA","Panama",2011,970.3267761
"PA","Panama",2012,436.0263578
"PA","Panama",2013,
"PG","Papua New Guinea",2000,
"PG","Papua New Guinea",2001,
"PG","Papua New Guinea",2002,
"PG","Papua New Guinea",2003,
"PG","Papua New Guinea",2004,
"PG","Papua New Guinea",2005,
"PG","Papua New Guinea",2006,
"PG","Papua New Guinea",2007,
"PG","Papua New Guinea",2008,
"PG","Papua New Guinea",2009,
"PG","Papua New Guinea",2010,
"PG","Papua New Guinea",2011,
"PG","Papua New Guinea",2012,
"PG","Papua New Guinea",2013,
"PY","Paraguay",2000,375.0640259
"PY","Paraguay",2001,346.8365849
"PY","Paraguay",2002,204.1616084
"PY","Paraguay",2003,286.7337251
"PY","Paraguay",2004,382.4383209
"PY","Paraguay",2005,390.8324089
"PY","Paraguay",2006,277.7066742
"PY","Paraguay",2007,429.3065
"PY","Paraguay",2008,803.0945857
"PY","Paraguay",2009,624.2937568
"PY","Paraguay",2010,582.4700459
"PY","Paraguay",2011,546.5537465
"PY","Paraguay",2012,847.5176941
"PY","Paraguay",2013,
"PE","Peru",2000,206.062208
"PE","Peru",2001,251.0238038
"PE","Peru",2002,285.3192315
"PE","Peru",2003,358.6327962
"PE","Peru",2004,426.6013954
"PE","Peru",2005,382.714059
"PE","Peru",2006,439.4650249
"PE","Peru",2007,498.9587066
"PE","Peru",2008,514.0022209
"PE","Peru",2009,703.4556872
"PE","Peru",2010,993.4592304
"PE","Peru",2011,886.7821396
"PE","Peru",2012,656.2761128
"PE","Peru",2013,
"PH","Philippines",2000,73.22912105
"PH","Philippines",2001,74.96330757
"PH","Philippines",2002,77.56568146
"PH","Philippines",2003,90.55367387
"PH","Philippines",2004,66.25865823
"PH","Philippines",2005,73.91898754
"PH","Philippines",2006,77.10859744
"PH","Philippines",2007,84.4421882
"PH","Philippines",2008,61.40091928
"PH","Philippines",2009,80.98698186
"PH","Philippines",2010,89.92067339
"PH","Philippines",2011,53.1694082
"PH","Philippines",2012,55.57875738
"PH","Philippines",2013,
"RW","Rwanda",2000,81.36480048
"RW","Rwanda",2001,79.84588317
"RW","Rwanda",2002,87.05273175
"RW","Rwanda",2003,70.78443784
"RW","Rwanda",2004,92.17223371
"RW","Rwanda",2005,106.3427771
"RW","Rwanda",2006,320.2424129
"RW","Rwanda",2007,109.375381
"RW","Rwanda",2008,134.4969861
"RW","Rwanda",2009,138.3686519
"RW","Rwanda",2010,154.3732825
"RW","Rwanda",2011,178.7062045
"RW","Rwanda",2012,
"RW","Rwanda",2013,
"KN","Saint Kitts and Nevis",2000,
"KN","Saint Kitts and Nevis",2001,
"KN","Saint Kitts and Nevis",2002,
"KN","Saint Kitts and Nevis",2003,
"KN","Saint Kitts and Nevis",2004,
"KN","Saint Kitts and Nevis",2005,
"KN","Saint Kitts and Nevis",2006,
"KN","Saint Kitts and Nevis",2007,
"KN","Saint Kitts and Nevis",2008,
"KN","Saint Kitts and Nevis",2009,
"KN","Saint Kitts and Nevis",2010,
"KN","Saint Kitts and Nevis",2011,
"KN","Saint Kitts and Nevis",2012,
"KN","Saint Kitts and Nevis",2013,
"LC","Saint Lucia",2000,
"LC","Saint Lucia",2001,
"LC","Saint Lucia",2002,
"LC","Saint Lucia",2003,
"LC","Saint Lucia",2004,
"LC","Saint Lucia",2005,
"LC","Saint Lucia",2006,
"LC","Saint Lucia",2007,
"LC","Saint Lucia",2008,
"LC","Saint Lucia",2009,
"LC","Saint Lucia",2010,
"LC","Saint Lucia",2011,
"LC","Saint Lucia",2012,
"LC","Saint Lucia",2013,
"VC","Saint Vincent and the Grenadines",2000,
"VC","Saint Vincent and the Grenadines",2001,
"VC","Saint Vincent and the Grenadines",2002,
"VC","Saint Vincent and the Grenadines",2003,
"VC","Saint Vincent and the Grenadines",2004,
"VC","Saint Vincent and the Grenadines",2005,
"VC","Saint Vincent and the Grenadines",2006,
"VC","Saint Vincent and the Grenadines",2007,
"VC","Saint Vincent and the Grenadines",2008,
"VC","Saint Vincent and the Grenadines",2009,
"VC","Saint Vincent and the Grenadines",2010,
"VC","Saint Vincent and the Grenadines",2011,
"VC","Saint Vincent and the Grenadines",2012,
"VC","Saint Vincent and the Grenadines",2013,
"WS","Samoa",2000,
"WS","Samoa",2001,
"WS","Samoa",2002,
"WS","Samoa",2003,
"WS","Samoa",2004,
"WS","Samoa",2005,
"WS","Samoa",2006,
"WS","Samoa",2007,
"WS","Samoa",2008,
"WS","Samoa",2009,
"WS","Samoa",2010,
"WS","Samoa",2011,
"WS","Samoa",2012,
"WS","Samoa",2013,
"ST","Sao Tome and Principe",2000,
"ST","Sao Tome and Principe",2001,1742.984868
"ST","Sao Tome and Principe",2002,1079.406625
"ST","Sao Tome and Principe",2003,1165.652871
"ST","Sao Tome and Principe",2004,896.6195557
"ST","Sao Tome and Principe",2005,788.4880672
"ST","Sao Tome and Principe",2006,635.238789
"ST","Sao Tome and Principe",2007,4000.927738
"ST","Sao Tome and Principe",2008,928.3333314
"ST","Sao Tome and Principe",2009,418.9274158
"ST","Sao Tome and Principe",2010,653.2388531
"ST","Sao Tome and Principe",2011,
"ST","Sao Tome and Principe",2012,
"ST","Sao Tome and Principe",2013,
"SN","Senegal",2000,192.7000053
"SN","Senegal",2001,202.0101917
"SN","Senegal",2002,202.8717312
"SN","Senegal",2003,188.2374415
"SN","Senegal",2004,395.7892847
"SN","Senegal",2005,269.0316535
"SN","Senegal",2006,994.9142939
"SN","Senegal",2007,239.9374304
"SN","Senegal",2008,282.1513248
"SN","Senegal",2009,254.2269112
"SN","Senegal",2010,227.4056352
"SN","Senegal",2011,241.6787403
"SN","Senegal",2012,
"SN","Senegal",2013,
"RS","Serbia",2000,
"RS","Serbia",2001,
"RS","Serbia",2002,154397.8202
"RS","Serbia",2003,76026.85522
"RS","Serbia",2004,46372.84215
"RS","Serbia",2005,29155.6798
"RS","Serbia",2006,97294.37593
"RS","Serbia",2007,101860.5436
"RS","Serbia",2008,328612.613
"RS","Serbia",2009,124956.9476
"RS","Serbia",2010,189806.233
"RS","Serbia",2011,
"RS","Serbia",2012,
"RS","Serbia",2013,
"SC","Seychelles",2000,
"SC","Seychelles",2001,718166.5514
"SC","Seychelles",2002,1473212.816
"SC","Seychelles",2003,157726.6291
"SC","Seychelles",2004,114672.8572
"SC","Seychelles",2005,140406.3354
"SC","Seychelles",2006,97248.29047
"SC","Seychelles",2007,76770.01454
"SC","Seychelles",2008,
"SC","Seychelles",2009,
"SC","Seychelles",2010,
"SC","Seychelles",2011,
"SC","Seychelles",2012,
"SC","Seychelles",2013,
"SL","Sierra Leone",2000,119.6827312
"SL","Sierra Leone",2001,215.4897872
"SL","Sierra Leone",2002,227.8162867
"SL","Sierra Leone",2003,183.7133424
"SL","Sierra Leone",2004,175.9090048
"SL","Sierra Leone",2005,144.2710843
"SL","Sierra Leone",2006,301.6751639
"SL","Sierra Leone",2007,386.846489
"SL","Sierra Leone",2008,121.4939903
"SL","Sierra Leone",2009,147.427388
"SL","Sierra Leone",2010,151.3734153
"SL","Sierra Leone",2011,128.6568085
"SL","Sierra Leone",2012,
"SL","Sierra Leone",2013,
"SI","Slovenia",2000,171154.9515
"SI","Slovenia",2001,285609.6344
"SI","Slovenia",2002,105097.4415
"SI","Slovenia",2003,
"SI","Slovenia",2004,0
"SI","Slovenia",2005,0
"SI","Slovenia",2006,0
"SI","Slovenia",2007,0
"SI","Slovenia",2008,0
"SI","Slovenia",2009,0
"SI","Slovenia",2010,0
"SI","Slovenia",2011,
"SI","Slovenia",2012,
"SI","Slovenia",2013,
"SB","Solomon Islands",2000,
"SB","Solomon Islands",2001,
"SB","Solomon Islands",2002,
"SB","Solomon Islands",2003,
"SB","Solomon Islands",2004,
"SB","Solomon Islands",2005,
"SB","Solomon Islands",2006,
"SB","Solomon Islands",2007,
"SB","Solomon Islands",2008,
"SB","Solomon Islands",2009,
"SB","Solomon Islands",2010,
"SB","Solomon Islands",2011,
"SB","Solomon Islands",2012,
"SB","Solomon Islands",2013,
"SO","Somalia",2000,
"SO","Somalia",2001,
"SO","Somalia",2002,
"SO","Somalia",2003,
"SO","Somalia",2004,
"SO","Somalia",2005,
"SO","Somalia",2006,
"SO","Somalia",2007,
"SO","Somalia",2008,
"SO","Somalia",2009,
"SO","Somalia",2010,
"SO","Somalia",2011,
"SO","Somalia",2012,
"SO","Somalia",2013,
"ZA","South Africa",2000,68.66065232
"ZA","South Africa",2001,68.45003652
"ZA","South Africa",2002,80.64619064
"ZA","South Africa",2003,90.38965624
"ZA","South Africa",2004,85.31806035
"ZA","South Africa",2005,100.8393866
"ZA","South Africa",2006,114.6827029
"ZA","South Africa",2007,136.3235162
"ZA","South Africa",2008,159.1983564
"ZA","South Africa",2009,167.9765149
"ZA","South Africa",2010,199.7137261
"ZA","South Africa",2011,295.4537178
"ZA","South Africa",2012,
"ZA","South Africa",2013,
"SS","South Sudan",2000,
"SS","South Sudan",2001,
"SS","South Sudan",2002,
"SS","South Sudan",2003,
"SS","South Sudan",2004,
"SS","South Sudan",2005,
"SS","South Sudan",2006,
"SS","South Sudan",2007,
"SS","South Sudan",2008,
"SS","South Sudan",2009,
"SS","South Sudan",2010,
"SS","South Sudan",2011,
"SS","South Sudan",2012,
"SS","South Sudan",2013,
"LK","Sri Lanka",2000,273.4291155
"LK","Sri Lanka",2001,334.3579949
"LK","Sri Lanka",2002,345.9242627
"LK","Sri Lanka",2003,530.2722352
"LK","Sri Lanka",2004,457.2655629
"LK","Sri Lanka",2005,830.9785821
"LK","Sri Lanka",2006,851.2625938
"LK","Sri Lanka",2007,834.3814788
"LK","Sri Lanka",2008,1063.800948
"LK","Sri Lanka",2009,1285.028141
"LK","Sri Lanka",2010,1337.510336
"LK","Sri Lanka",2011,
"LK","Sri Lanka",2012,
"LK","Sri Lanka",2013,
"SD","Sudan",2000,
"SD","Sudan",2001,
"SD","Sudan",2002,
"SD","Sudan",2003,
"SD","Sudan",2004,
"SD","Sudan",2005,
"SD","Sudan",2006,
"SD","Sudan",2007,
"SD","Sudan",2008,
"SD","Sudan",2009,372.5527257
"SD","Sudan",2010,
"SD","Sudan",2011,
"SD","Sudan",2012,
"SD","Sudan",2013,
"SR","Suriname",2000,
"SR","Suriname",2001,
"SR","Suriname",2002,
"SR","Suriname",2003,
"SR","Suriname",2004,
"SR","Suriname",2005,
"SR","Suriname",2006,
"SR","Suriname",2007,
"SR","Suriname",2008,
"SR","Suriname",2009,
"SR","Suriname",2010,
"SR","Suriname",2011,
"SR","Suriname",2012,
"SR","Suriname",2013,
"SZ","Swaziland",2000,79.62934849
"SZ","Swaziland",2001,154.1216016
"SZ","Swaziland",2002,111.7494802
"SZ","Swaziland",2003,135.5276999
"SZ","Swaziland",2004,92.39171001
"SZ","Swaziland",2005,177.5524132
"SZ","Swaziland",2006,125.5369432
"SZ","Swaziland",2007,152.230807
"SZ","Swaziland",2008,169.6214312
"SZ","Swaziland",2009,154.51324
"SZ","Swaziland",2010,217.7403287
"SZ","Swaziland",2011,
"SZ","Swaziland",2012,
"SZ","Swaziland",2013,
"SY","Syria",2000,
"SY","Syria",2001,
"SY","Syria",2002,
"SY","Syria",2003,
"SY","Syria",2004,1009.297283
"SY","Syria",2005,
"SY","Syria",2006,
"SY","Syria",2007,
"SY","Syria",2008,
"SY","Syria",2009,
"SY","Syria",2010,
"SY","Syria",2011,
"SY","Syria",2012,
"SY","Syria",2013,
"TJ","Tajikistan",2000,66.22836327
"TJ","Tajikistan",2001,96.29461381
"TJ","Tajikistan",2002,109.5993659
"TJ","Tajikistan",2003,92.10530551
"TJ","Tajikistan",2004,239.2794195
"TJ","Tajikistan",2005,264.0669753
"TJ","Tajikistan",2006,389.1821755
"TJ","Tajikistan",2007,287.0955332
"TJ","Tajikistan",2008,499.670109
"TJ","Tajikistan",2009,949.3271821
"TJ","Tajikistan",2010,
"TJ","Tajikistan",2011,
"TJ","Tajikistan",2012,
"TJ","Tajikistan",2013,
"TZ","Tanzania",2000,62.58733658
"TZ","Tanzania",2001,75.8875568
"TZ","Tanzania",2002,76.48295168
"TZ","Tanzania",2003,87.58994323
"TZ","Tanzania",2004,86.41041375
"TZ","Tanzania",2005,69.21745595
"TZ","Tanzania",2006,258.9984162
"TZ","Tanzania",2007,115.1840839
"TZ","Tanzania",2008,89.32703853
"TZ","Tanzania",2009,124.7557426
"TZ","Tanzania",2010,131.2235875
"TZ","Tanzania",2011,111.4930354
"TZ","Tanzania",2012,138.2863339
"TZ","Tanzania",2013,
"TH","Thailand",2000,711.4329704
"TH","Thailand",2001,884.4716896
"TH","Thailand",2002,1139.689917
"TH","Thailand",2003,1023.478339
"TH","Thailand",2004,1476.147341
"TH","Thailand",2005,1461.462524
"TH","Thailand",2006,1083.558241
"TH","Thailand",2007,991.9962093
"TH","Thailand",2008,1678.808328
"TH","Thailand",2009,1499.089163
"TH","Thailand",2010,2256.771261
"TH","Thailand",2011,
"TH","Thailand",2012,
"TH","Thailand",2013,
"TL","Timor-Leste",2000,
"TL","Timor-Leste",2001,
"TL","Timor-Leste",2002,
"TL","Timor-Leste",2003,
"TL","Timor-Leste",2004,
"TL","Timor-Leste",2005,
"TL","Timor-Leste",2006,
"TL","Timor-Leste",2007,915.4795436
"TL","Timor-Leste",2008,
"TL","Timor-Leste",2009,
"TL","Timor-Leste",2010,
"TL","Timor-Leste",2011,
"TL","Timor-Leste",2012,
"TL","Timor-Leste",2013,
"TG","Togo",2000,
"TG","Togo",2001,
"TG","Togo",2002,
"TG","Togo",2003,
"TG","Togo",2004,
"TG","Togo",2005,
"TG","Togo",2006,37.96128046
"TG","Togo",2007,45.95221042
"TG","Togo",2008,143.7204828
"TG","Togo",2009,176.1195867
"TG","Togo",2010,169.4641744
"TG","Togo",2011,357.6899594
"TG","Togo",2012,
"TG","Togo",2013,
"TO","Tonga",2000,
"TO","Tonga",2001,
"TO","Tonga",2002,
"TO","Tonga",2003,
"TO","Tonga",2004,
"TO","Tonga",2005,
"TO","Tonga",2006,
"TO","Tonga",2007,
"TO","Tonga",2008,
"TO","Tonga",2009,
"TO","Tonga",2010,
"TO","Tonga",2011,
"TO","Tonga",2012,
"TO","Tonga",2013,
"TT","Trinidad and Tobago",2000,
"TT","Trinidad and Tobago",2001,
"TT","Trinidad and Tobago",2002,
"TT","Trinidad and Tobago",2003,
"TT","Trinidad and Tobago",2004,
"TT","Trinidad and Tobago",2005,
"TT","Trinidad and Tobago",2006,
"TT","Trinidad and Tobago",2007,
"TT","Trinidad and Tobago",2008,
"TT","Trinidad and Tobago",2009,
"TT","Trinidad and Tobago",2010,
"TT","Trinidad and Tobago",2011,
"TT","Trinidad and Tobago",2012,
"TT","Trinidad and Tobago",2013,
"TN","Tunisia",2000,2617.427166
"TN","Tunisia",2001,3990.341126
"TN","Tunisia",2002,3228.30592
"TN","Tunisia",2003,3602.513171
"TN","Tunisia",2004,4208.371211
"TN","Tunisia",2005,4640.961502
"TN","Tunisia",2006,5931.237445
"TN","Tunisia",2007,5402.68268
"TN","Tunisia",2008,6526.149747
"TN","Tunisia",2009,8917.382124
"TN","Tunisia",2010,11249.45461
"TN","Tunisia",2011,
"TN","Tunisia",2012,
"TN","Tunisia",2013,
"TR","Turkey",2000,1224.403058
"TR","Turkey",2001,946.4312082
"TR","Turkey",2002,1309.985357
"TR","Turkey",2003,372.9547033
"TR","Turkey",2004,901.0173661
"TR","Turkey",2005,951.3941714
"TR","Turkey",2006,1235.364179
"TR","Turkey",2007,1975.790155
"TR","Turkey",2008,22610.01444
"TR","Turkey",2009,6901.409817
"TR","Turkey",2010,3527.183654
"TR","Turkey",2011,59386.20194
"TR","Turkey",2012,
"TR","Turkey",2013,
"TM","Turkmenistan",2000,
"TM","Turkmenistan",2001,
"TM","Turkmenistan",2002,
"TM","Turkmenistan",2003,
"TM","Turkmenistan",2004,
"TM","Turkmenistan",2005,
"TM","Turkmenistan",2006,
"TM","Turkmenistan",2007,
"TM","Turkmenistan",2008,
"TM","Turkmenistan",2009,
"TM","Turkmenistan",2010,
"TM","Turkmenistan",2011,
"TM","Turkmenistan",2012,
"TM","Turkmenistan",2013,
"TV","Tuvalu",2000,
"TV","Tuvalu",2001,
"TV","Tuvalu",2002,
"TV","Tuvalu",2003,
"TV","Tuvalu",2004,
"TV","Tuvalu",2005,
"TV","Tuvalu",2006,
"TV","Tuvalu",2007,
"TV","Tuvalu",2008,
"TV","Tuvalu",2009,
"TV","Tuvalu",2010,
"TV","Tuvalu",2011,
"TV","Tuvalu",2012,
"TV","Tuvalu",2013,
"UG","Uganda",2000,103.0905661
"UG","Uganda",2001,102.5536156
"UG","Uganda",2002,86.57415437
"UG","Uganda",2003,97.67566269
"UG","Uganda",2004,111.907826
"UG","Uganda",2005,102.0882969
"UG","Uganda",2006,390.8618313
"UG","Uganda",2007,128.954128
"UG","Uganda",2008,125.3567504
"UG","Uganda",2009,151.3026858
"UG","Uganda",2010,140.4090065
"UG","Uganda",2011,119.2332007
"UG","Uganda",2012,123.8914668
"UG","Uganda",2013,129.5316774
"UA","Ukraine",2000,0
"UA","Ukraine",2001,0
"UA","Ukraine",2002,0
"UA","Ukraine",2003,0
"UA","Ukraine",2004,0
"UA","Ukraine",2005,21331.85013
"UA","Ukraine",2006,8562.37553
"UA","Ukraine",2007,16196.38488
"UA","Ukraine",2008,
"UA","Ukraine",2009,24969.98044
"UA","Ukraine",2010,
"UA","Ukraine",2011,
"UA","Ukraine",2012,
"UA","Ukraine",2013,
"UY","Uruguay",2000,2410.282987
"UY","Uruguay",2001,2089.364896
"UY","Uruguay",2002,1549.420346
"UY","Uruguay",2003,1812.834852
"UY","Uruguay",2004,1237.564875
"UY","Uruguay",2005,1129.488745
"UY","Uruguay",2006,1684.862856
"UY","Uruguay",2007,3497.201085
"UY","Uruguay",2008,5709.110976
"UY","Uruguay",2009,7303.957032
"UY","Uruguay",2010,9246.787201
"UY","Uruguay",2011,5058.687992
"UY","Uruguay",2012,2792.323704
"UY","Uruguay",2013,
"UZ","Uzbekistan",2000,
"UZ","Uzbekistan",2001,
"UZ","Uzbekistan",2002,
"UZ","Uzbekistan",2003,
"UZ","Uzbekistan",2004,
"UZ","Uzbekistan",2005,
"UZ","Uzbekistan",2006,
"UZ","Uzbekistan",2007,
"UZ","Uzbekistan",2008,
"UZ","Uzbekistan",2009,
"UZ","Uzbekistan",2010,
"UZ","Uzbekistan",2011,
"UZ","Uzbekistan",2012,
"UZ","Uzbekistan",2013,
"VU","Vanuatu",2000,
"VU","Vanuatu",2001,
"VU","Vanuatu",2002,
"VU","Vanuatu",2003,
"VU","Vanuatu",2004,
"VU","Vanuatu",2005,
"VU","Vanuatu",2006,
"VU","Vanuatu",2007,
"VU","Vanuatu",2008,
"VU","Vanuatu",2009,
"VU","Vanuatu",2010,
"VU","Vanuatu",2011,
"VU","Vanuatu",2012,
"VU","Vanuatu",2013,
"VE","Venezuela",2000,54.10558995
"VE","Venezuela",2001,32.96078329
"VE","Venezuela",2002,23.40999392
"VE","Venezuela",2003,23.11799009
"VE","Venezuela",2004,14.28914477
"VE","Venezuela",2005,22.12341211
"VE","Venezuela",2006,42.11330986
"VE","Venezuela",2007,
"VE","Venezuela",2008,
"VE","Venezuela",2009,
"VE","Venezuela",2010,
"VE","Venezuela",2011,
"VE","Venezuela",2012,
"VE","Venezuela",2013,
"VN","Viet Nam",2000,69.07739573
"VN","Viet Nam",2001,71.33322795
"VN","Viet Nam",2002,66.6207378
"VN","Viet Nam",2003,88.95907314
"VN","Viet Nam",2004,97.84432223
"VN","Viet Nam",2005,117.9732487
"VN","Viet Nam",2006,143.2788033
"VN","Viet Nam",2007,197.1567446
"VN","Viet Nam",2008,217.3092091
"VN","Viet Nam",2009,504.1091051
"VN","Viet Nam",2010,1072.01421
"VN","Viet Nam",2011,1475.62761
"VN","Viet Nam",2012,2211.325052
"VN","Viet Nam",2013,
"YE","Yemen",2000,284.4085977
"YE","Yemen",2001,366.6449746
"YE","Yemen",2002,216.4299439
"YE","Yemen",2003,208.5779321
"YE","Yemen",2004,222.0881978
"YE","Yemen",2005,271.4683312
"YE","Yemen",2006,
"YE","Yemen",2007,
"YE","Yemen",2008,
"YE","Yemen",2009,
"YE","Yemen",2010,
"YE","Yemen",2011,
"YE","Yemen",2012,
"YE","Yemen",2013,
"ZM","Zambia",2000,216.5386656
"ZM","Zambia",2001,208.7490711
"ZM","Zambia",2002,249.0351744
"ZM","Zambia",2003,198.5717454
"ZM","Zambia",2004,236.1897131
"ZM","Zambia",2005,332.0292391
"ZM","Zambia",2006,695.4658622
"ZM","Zambia",2007,130.8822784
"ZM","Zambia",2008,128.6645056
"ZM","Zambia",2009,141.0584901
"ZM","Zambia",2010,98.35625064
"ZM","Zambia",2011,
"ZM","Zambia",2012,
"ZM","Zambia",2013,
"ZW","Zimbabwe",2000,
"ZW","Zimbabwe",2001,
"ZW","Zimbabwe",2002,
"ZW","Zimbabwe",2003,
"ZW","Zimbabwe",2004,
"ZW","Zimbabwe",2005,
"ZW","Zimbabwe",2006,
"ZW","Zimbabwe",2007,
"ZW","Zimbabwe",2008,
"ZW","Zimbabwe",2009,
"ZW","Zimbabwe",2010,
"ZW","Zimbabwe",2011,
"ZW","Zimbabwe",2012,
"ZW","Zimbabwe",2013,
