"id","entity-name","year","value"
"AF","Afghanistan",2005,5440052
"AF","Afghanistan",2006,5678200
"AF","Afghanistan",2007,5908765
"AF","Afghanistan",2008,6135281
"AF","Afghanistan",2009,6363906
"AF","Afghanistan",2010,6599368
"AF","Afghanistan",2011,6853526
"AF","Afghanistan",2012,7114762
"AL","Albania",2005,1495917
"AL","Albania",2006,1523257
"AL","Albania",2007,1551803
"AL","Albania",2008,1581928
"AL","Albania",2009,1613987
"AL","Albania",2010,1648218
"AL","Albania",2011,1683688
"AL","Albania",2012,1721666
"DZ","Algeria",2005,22648187
"DZ","Algeria",2006,23380708
"DZ","Algeria",2007,24154838
"DZ","Algeria",2008,24968466
"DZ","Algeria",2009,25816500
"DZ","Algeria",2010,26694125
"DZ","Algeria",2011,27515982
"DZ","Algeria",2012,28363325
"AS","American Samoa",2005,53964
"AS","American Samoa",2006,53738
"AS","American Samoa",2007,53263
"AS","American Samoa",2008,52660
"AS","American Samoa",2009,52105
"AS","American Samoa",2010,51729
"AS","American Samoa",2011,51517
"AS","American Samoa",2012,51506
"AD","Andorra",2005,73340
"AD","Andorra",2006,73525
"AD","Andorra",2007,72597
"AD","Andorra",2008,71019
"AD","Andorra",2009,69466
"AD","Andorra",2010,68416
"AD","Andorra",2011,67963
"AD","Andorra",2012,67977
"AO","Angola",2005,8924533
"AO","Angola",2006,9388251
"AO","Angola",2007,9869125
"AO","Angola",2008,10366816
"AO","Angola",2009,10881272
"AO","Angola",2010,11412583
"AO","Angola",2011,11935266
"AO","Angola",2012,12472785
"AG","Antigua and Barbuda",2005,25292
"AG","Antigua and Barbuda",2006,25443
"AG","Antigua and Barbuda",2007,25600
"AG","Antigua and Barbuda",2008,25760
"AG","Antigua and Barbuda",2009,25918
"AG","Antigua and Barbuda",2010,26067
"AG","Antigua and Barbuda",2011,26335
"AG","Antigua and Barbuda",2012,26602
"AR","Argentina",2005,35317182
"AR","Argentina",2006,35704262
"AR","Argentina",2007,36093914
"AR","Argentina",2008,36486999
"AR","Argentina",2009,36884027
"AR","Argentina",2010,37285192
"AR","Argentina",2011,37671965
"AR","Argentina",2012,38063176
"AM","Armenia",2005,1935094
"AM","Armenia",2006,1926680
"AM","Armenia",2007,1917615
"AM","Armenia",2008,1908963
"AM","Armenia",2009,1902278
"AM","Armenia",2010,1898593
"AM","Armenia",2011,1900440
"AM","Armenia",2012,1905069
"AW","Aruba",2005,46614
"AW","Aruba",2006,47022
"AW","Aruba",2007,47240
"AW","Aruba",2008,47334
"AW","Aruba",2009,47404
"AW","Aruba",2010,47524
"AW","Aruba",2011,47777
"AW","Aruba",2012,48085
"AU","Australia",2005,17984543
"AU","Australia",2006,18287588
"AU","Australia",2007,18438174
"AU","Australia",2008,18848125
"AU","Australia",2009,19278108
"AU","Australia",2010,19618437
"AU","Australia",2011,19925403
"AU","Australia",2012,20299199
"AT","Austria",2005,5474304
"AT","Austria",2006,5516672
"AT","Austria",2007,5553393
"AT","Austria",2008,5592910
"AT","Austria",2009,5627320
"AT","Austria",2010,5659236
"AT","Austria",2011,5688248
"AT","Austria",2012,5722345
"AZ","Azerbaijan",2005,4396406
"AZ","Azerbaijan",2006,4462144
"AZ","Azerbaijan",2007,4530394
"AZ","Azerbaijan",2008,4644269
"AZ","Azerbaijan",2009,4759808
"AZ","Azerbaijan",2010,4835104
"AZ","Azerbaijan",2011,4920881
"AZ","Azerbaijan",2012,5009368
"BS","Bahamas",2005,273367
"BS","Bahamas",2006,279463
"BS","Bahamas",2007,285496
"BS","Bahamas",2008,291441
"BS","Bahamas",2009,297294
"BS","Bahamas",2010,303049
"BS","Bahamas",2011,308655
"BS","Bahamas",2012,314111
"BH","Bahrain",2005,777675
"BH","Bahrain",2006,841200
"BH","Bahrain",2007,913618
"BH","Bahrain",2008,988122
"BH","Bahrain",2009,1055444
"BH","Bahrain",2010,1109066
"BH","Bahrain",2011,1146516
"BH","Bahrain",2012,1169656
"BD","Bangladesh",2005,36694135
"BD","Bangladesh",2006,37792768
"BD","Bangladesh",2007,38868534
"BD","Bangladesh",2008,39938278
"BD","Bangladesh",2009,41027239
"BD","Bangladesh",2010,42154940
"BD","Bangladesh",2011,43397950
"BD","Bangladesh",2012,44685923
"BB","Barbados",2005,112661
"BB","Barbados",2006,114707
"BB","Barbados",2007,116768
"BB","Barbados",2008,118845
"BB","Barbados",2009,120942
"BB","Barbados",2010,123063
"BB","Barbados",2011,125120
"BB","Barbados",2012,127195
"BY","Belarus",2005,6991567
"BY","Belarus",2006,6992307
"BY","Belarus",2007,7003503
"BY","Belarus",2008,7023146
"BY","Belarus",2009,7050657
"BY","Belarus",2010,7080964
"BY","Belarus",2011,7106796
"BY","Belarus",2012,7138525
"BE","Belgium",2005,10194856
"BE","Belgium",2006,10265779
"BE","Belgium",2007,10344927
"BE","Belgium",2008,10430486
"BE","Belgium",2009,10518289
"BE","Belgium",2010,10618402
"BE","Belgium",2011,10769937
"BE","Belgium",2012,10851687
"BZ","Belize",2005,125929
"BZ","Belize",2006,128449
"BZ","Belize",2007,130997
"BZ","Belize",2008,133569
"BZ","Belize",2009,136157
"BZ","Belize",2010,138754
"BZ","Belize",2011,141619
"BZ","Belize",2012,144498
"BJ","Benin",2005,3355014
"BJ","Benin",2006,3517127
"BJ","Benin",2007,3683704
"BJ","Benin",2008,3854568
"BJ","Benin",2009,4029628
"BJ","Benin",2010,4208846
"BJ","Benin",2011,4391969
"BJ","Benin",2012,4579019
"BM","Bermuda",2005,64154
"BM","Bermuda",2006,64523
"BM","Bermuda",2007,64888
"BM","Bermuda",2008,65273
"BM","Bermuda",2009,65636
"BM","Bermuda",2010,65124
"BM","Bermuda",2011,64564
"BM","Bermuda",2012,64806
"BT","Bhutan",2005,201402
"BT","Bhutan",2006,211189
"BT","Bhutan",2007,220768
"BT","Bhutan",2008,230225
"BT","Bhutan",2009,239737
"BT","Bhutan",2010,249445
"BT","Bhutan",2011,259435
"BT","Bhutan",2012,269583
"BO","Bolivia ",2005,6004694
"BO","Bolivia ",2006,6151188
"BO","Bolivia ",2007,6296760
"BO","Bolivia ",2008,6442809
"BO","Bolivia ",2009,6591351
"BO","Bolivia ",2010,6743881
"BO","Bolivia ",2011,6897906
"BO","Bolivia ",2012,7056002
"BA","Bosnia and Herzegovina",2005,1756010
"BA","Bosnia and Herzegovina",2006,1773063
"BA","Bosnia and Herzegovina",2007,1789227
"BA","Bosnia and Herzegovina",2008,1804872
"BA","Bosnia and Herzegovina",2009,1820306
"BA","Bosnia and Herzegovina",2010,1835777
"BA","Bosnia and Herzegovina",2011,1853356
"BA","Bosnia and Herzegovina",2012,1871449
"BW","Botswana",2005,1075211
"BW","Botswana",2006,1100622
"BW","Botswana",2007,1125801
"BW","Botswana",2008,1150837
"BW","Botswana",2009,1175822
"BW","Botswana",2010,1200845
"BW","Botswana",2011,1224102
"BW","Botswana",2012,1247486
"BR","Brazil",2005,154189198
"BR","Brazil",2006,156403958
"BR","Brazil",2007,158522837
"BR","Brazil",2008,160574130
"BR","Brazil",2009,162599709
"BR","Brazil",2010,164630483
"BR","Brazil",2011,166613425
"BR","Brazil",2012,168602145
"BN","Brunei",2005,270410
"BN","Brunei",2006,277028
"BN","Brunei",2007,283599
"BN","Brunei",2008,290102
"BN","Brunei",2009,296515
"BN","Brunei",2010,302818
"BN","Brunei",2011,308789
"BN","Brunei",2012,314637
"BG","Bulgaria",2005,5431784
"BG","Bulgaria",2006,5439204
"BG","Bulgaria",2007,5366018
"BG","Bulgaria",2008,5363625
"BG","Bulgaria",2009,5364093
"BG","Bulgaria",2010,5363584
"BG","Bulgaria",2011,5370276
"BG","Bulgaria",2012,5379997
"BF","Burkina Faso",2005,2890681
"BF","Burkina Faso",2006,3091071
"BF","Burkina Faso",2007,3300972
"BF","Burkina Faso",2008,3520514
"BF","Burkina Faso",2009,3749741
"BF","Burkina Faso",2010,3988725
"BF","Burkina Faso",2011,4240198
"BF","Burkina Faso",2012,4502013
"BI","Burundi",2005,728474
"BI","Burundi",2006,774372
"BI","Burundi",2007,822987
"BI","Burundi",2008,874088
"BI","Burundi",2009,927358
"BI","Burundi",2010,982550
"BI","Burundi",2011,1042571
"BI","Burundi",2012,1104531
"CI","Côte d'Ivoire",2005,8146651
"CI","Côte d'Ivoire",2006,8403813
"CI","Côte d'Ivoire",2007,8673776
"CI","Côte d'Ivoire",2008,8959948
"CI","Côte d'Ivoire",2009,9265849
"CI","Côte d'Ivoire",2010,9593994
"CI","Côte d'Ivoire",2011,9943130
"CI","Côte d'Ivoire",2012,10317186
"KH","Cambodia",2005,2560961
"KH","Cambodia",2006,2616397
"KH","Cambodia",2007,2671098
"KH","Cambodia",2008,2726487
"KH","Cambodia",2009,2784432
"KH","Cambodia",2010,2846267
"KH","Cambodia",2011,2921611
"KH","Cambodia",2012,3001469
"CM","Cameroon",2005,8804237
"CM","Cameroon",2006,9145012
"CM","Cameroon",2007,9497160
"CM","Cameroon",2008,9860923
"CM","Cameroon",2009,10236487
"CM","Cameroon",2010,10624012
"CM","Cameroon",2011,11019244
"CM","Cameroon",2012,11426592
"CA","Canada",2005,25889021
"CA","Canada",2006,26124281
"CA","Canada",2007,26407296
"CA","Canada",2008,26723351
"CA","Canada",2009,27060104
"CA","Canada",2010,27392608
"CA","Canada",2011,27701505
"CA","Canada",2012,28070919
"CV","Cape Verde",2005,276129
"CV","Cape Verde",2006,282021
"CV","Cape Verde",2007,287067
"CV","Cape Verde",2008,291641
"CV","Cape Verde",2009,296306
"CV","Cape Verde",2010,301498
"CV","Cape Verde",2011,306983
"CV","Cape Verde",2012,313075
"CF","CAR",2005,1507795
"CF","CAR",2006,1541206
"CF","CAR",2007,1576219
"CF","CAR",2008,1612781
"CF","CAR",2009,1650722
"CF","CAR",2010,1689901
"CF","CAR",2011,1734587
"CF","CAR",2012,1780769
"KY","Cayman Islands",2005,48623
"KY","Cayman Islands",2006,50026
"KY","Cayman Islands",2007,51472
"KY","Cayman Islands",2008,52912
"KY","Cayman Islands",2009,54275
"KY","Cayman Islands",2010,55509
"KY","Cayman Islands",2011,56601
"KY","Cayman Islands",2012,57570
"TD","Chad",2005,2165817
"TD","Chad",2006,2242190
"TD","Chad",2007,2317662
"TD","Chad",2008,2393006
"TD","Chad",2009,2469465
"TD","Chad",2010,2547981
"TD","Chad",2011,2637000
"TD","Chad",2012,2728615
"CL","Chile",2005,14315626
"CL","Chile",2006,14505303
"CL","Chile",2007,14693728
"CL","Chile",2008,14881190
"CL","Chile",2009,15067959
"CL","Chile",2010,15254229
"CL","Chile",2011,15429721
"CL","Chile",2012,15604672
"CN","China",2005,554367818
"CN","China",2006,575050081
"CN","China",2007,595731464
"CN","China",2008,616552722
"CN","China",2009,637476514
"CN","China",2010,658498663
"CN","China",2011,678796403
"CN","China",2012,699330440
"CO","Colombia",2005,31775238
"CO","Colombia",2006,32385094
"CO","Colombia",2007,32998493
"CO","Colombia",2008,33613907
"CO","Colombia",2009,34229261
"CO","Colombia",2010,34842887
"CO","Colombia",2011,35446941
"CO","Colombia",2012,36048136
"KM","Comoros",2005,167454
"KM","Comoros",2006,171974
"KM","Comoros",2007,176616
"KM","Comoros",2008,181360
"KM","Comoros",2009,186181
"KM","Comoros",2010,191058
"KM","Comoros",2011,196541
"KM","Comoros",2012,202101
"CG","Congo",2005,2160724
"CG","Congo",2006,2240321
"CG","Congo",2007,2326057
"CG","Congo",2008,2416168
"CG","Congo",2009,2507993
"CG","Congo",2010,2599550
"CG","Congo",2011,2689416
"CG","Congo",2012,2779000
"CR","Costa Rica",2005,2665779
"CR","Costa Rica",2006,2732218
"CR","Costa Rica",2007,2798353
"CR","Costa Rica",2008,2864401
"CR","Costa Rica",2009,2930647
"CR","Costa Rica",2010,2997284
"CR","Costa Rica",2011,3062616
"CR","Costa Rica",2012,3128324
"HR","Croatia",2005,2505555
"HR","Croatia",2006,2514470
"HR","Croatia",2007,2522239
"HR","Croatia",2008,2531131
"HR","Croatia",2009,2538295
"HR","Croatia",2010,2541870
"HR","Croatia",2011,2475223
"HR","Croatia",2012,2479962
"CU","Cuba",2005,8536811
"CU","Cuba",2006,8534930
"CU","Cuba",2007,8526661
"CU","Cuba",2008,8513950
"CU","Cuba",2009,8499583
"CU","Cuba",2010,8485582
"CU","Cuba",2011,8478803
"CU","Cuba",2012,8472491
"CW","Curaçao",2005,
"CW","Curaçao",2006,
"CW","Curaçao",2007,
"CW","Curaçao",2008,
"CW","Curaçao",2009,
"CW","Curaçao",2010,
"CW","Curaçao",2011,
"CW","Curaçao",2012,
"CY","Cyprus",2005,717069
"CY","Cyprus",2006,729809
"CY","Cyprus",2007,741943
"CY","Cyprus",2008,753577
"CY","Cyprus",2009,764888
"CY","Cyprus",2010,776012
"CY","Cyprus",2011,787238
"CY","Cyprus",2012,798269
"CZ","Czech Republic",2005,7525462
"CZ","Czech Republic",2006,7541076
"CZ","Czech Republic",2007,7580391
"CZ","Czech Republic",2008,7638665
"CZ","Czech Republic",2009,7677421
"CZ","Czech Republic",2010,7694921
"CZ","Czech Republic",2011,7708579
"CZ","Czech Republic",2012,7717102
"DK","Denmark",2005,4652908
"DK","Denmark",2006,4678435
"DK","Denmark",2007,4709485
"DK","Denmark",2008,4747554
"DK","Denmark",2009,4783398
"DK","Denmark",2010,4815111
"DK","Denmark",2011,4842543
"DK","Denmark",2012,4868392
"DJ","Djibouti",2005,596114
"DJ","Djibouti",2006,604902
"DJ","Djibouti",2007,613843
"DJ","Djibouti",2008,622998
"DJ","Djibouti",2009,632437
"DJ","Djibouti",2010,642199
"DJ","Djibouti",2011,652595
"DJ","Djibouti",2012,663316
"DM","Dominica",2005,47193
"DM","Dominica",2006,47314
"DM","Dominica",2007,47407
"DM","Dominica",2008,47489
"DM","Dominica",2009,47587
"DM","Dominica",2010,47725
"DM","Dominica",2011,47966
"DM","Dominica",2012,48242
"DO","Dominican Republic",2005,6136814
"DO","Dominican Republic",2006,6290386
"DO","Dominican Republic",2007,6445695
"DO","Dominican Republic",2008,6602462
"DO","Dominican Republic",2009,6760304
"DO","Dominican Republic",2010,6918902
"DO","Dominican Republic",2011,7066747
"DO","Dominican Republic",2012,7214825
"CD","DRC",2005,16834585
"CD","DRC",2006,17607064
"CD","DRC",2007,18406625
"CD","DRC",2008,19233708
"CD","DRC",2009,20089549
"CD","DRC",2010,20975213
"CD","DRC",2011,21915083
"CD","DRC",2012,22885741
"EC","Ecuador",2005,8763220
"EC","Ecuador",2006,9011251
"EC","Ecuador",2007,9261531
"EC","Ecuador",2008,9514418
"EC","Ecuador",2009,9770494
"EC","Ecuador",2010,10030167
"EC","Ecuador",2011,10279665
"EC","Ecuador",2012,10532168
"EG","Egypt",2005,30883782
"EG","Egypt",2006,31456533
"EG","Egypt",2007,32042088
"EG","Egypt",2008,32639536
"EG","Egypt",2009,33247731
"EG","Egypt",2010,33865337
"EG","Egypt",2011,34566368
"EG","Egypt",2012,35277235
"SV","El Salvador",2005,3743598
"SV","El Salvador",2006,3790582
"SV","El Salvador",2007,3839140
"SV","El Salvador",2008,3889596
"SV","El Salvador",2009,3942194
"SV","El Salvador",2010,3997056
"SV","El Salvador",2011,4051755
"SV","El Salvador",2012,4108848
"GQ","Equatorial Guinea",2005,234668
"GQ","Equatorial Guinea",2006,242189
"GQ","Equatorial Guinea",2007,249834
"GQ","Equatorial Guinea",2008,257631
"GQ","Equatorial Guinea",2009,265627
"GQ","Equatorial Guinea",2010,273851
"GQ","Equatorial Guinea",2011,282906
"GQ","Equatorial Guinea",2012,292217
"ER","Eritrea",2005,924942
"ER","Eritrea",2006,978005
"ER","Eritrea",2007,1031185
"ER","Eritrea",2008,1085152
"ER","Eritrea",2009,1141090
"ER","Eritrea",2010,1199902
"ER","Eritrea",2011,1267435
"ER","Eritrea",2012,1338135
"EE","Estonia",2005,938092
"EE","Estonia",2006,934582
"EE","Estonia",2007,932106
"EE","Estonia",2008,930768
"EE","Estonia",2009,929638
"EE","Estonia",2010,928615
"EE","Estonia",2011,928026
"EE","Estonia",2012,924856
"ET","Ethiopia",2005,11958257
"ET","Ethiopia",2006,12457138
"ET","Ethiopia",2007,12969294
"ET","Ethiopia",2008,13495510
"ET","Ethiopia",2009,14036961
"ET","Ethiopia",2010,14594556
"ET","Ethiopia",2011,15213269
"ET","Ethiopia",2012,15850562
"FO","Faroe Islands",2005,19555
"FO","Faroe Islands",2006,19771
"FO","Faroe Islands",2007,19940
"FO","Faroe Islands",2008,20073
"FO","Faroe Islands",2009,20186
"FO","Faroe Islands",2010,20292
"FO","Faroe Islands",2011,20385
"FO","Faroe Islands",2012,20472
"FJ","Fiji",2005,410181
"FJ","Fiji",2006,416218
"FJ","Fiji",2007,423188
"FJ","Fiji",2008,430791
"FJ","Fiji",2009,438548
"FJ","Fiji",2010,446088
"FJ","Fiji",2011,453334
"FJ","Fiji",2012,460354
"FI","Finland",2005,4349276
"FI","Finland",2006,4372877
"FI","Finland",2007,4398427
"FI","Finland",2008,4425891
"FI","Finland",2009,4454081
"FI","Finland",2010,4481510
"FI","Finland",2011,4509326
"FI","Finland",2012,4537861
"FR","France",2005,51523387
"FR","France",2006,52351104
"FR","France",2007,53146182
"FR","France",2008,53916846
"FR","France",2009,54670215
"FR","France",2010,55425471
"FR","France",2011,56051844
"FR","France",2012,56668519
"PF","French Polynesia",2005,131976
"PF","French Polynesia",2006,133265
"PF","French Polynesia",2007,134438
"PF","French Polynesia",2008,135549
"PF","French Polynesia",2009,136665
"PF","French Polynesia",2010,137839
"PF","French Polynesia",2011,139324
"PF","French Polynesia",2012,140876
"GA","Gabon",2005,1151771
"GA","Gabon",2006,1186316
"GA","Gabon",2007,1222053
"GA","Gabon",2008,1258940
"GA","Gabon",2009,1296890
"GA","Gabon",2010,1335830
"GA","Gabon",2011,1373225
"GA","Gabon",2012,1411483
"GM","Gambia",2005,763109
"GM","Gambia",2006,797905
"GM","Gambia",2007,834062
"GM","Gambia",2008,871710
"GM","Gambia",2009,911035
"GM","Gambia",2010,952183
"GM","Gambia",2011,992546
"GM","Gambia",2012,1034626
"GE","Georgia",2005,2288427
"GE","Georgia",2006,2310023
"GE","Georgia",2007,2307368
"GE","Georgia",2008,2307334
"GE","Georgia",2009,2323997
"GE","Georgia",2010,2348496
"GE","Georgia",2011,2369961
"GE","Georgia",2012,2379155
"DE","Germany",2005,60495445
"DE","Germany",2006,60503032
"DE","Germany",2007,60497867
"DE","Germany",2008,60458486
"DE","Germany",2009,60380838
"DE","Germany",2010,60363641
"DE","Germany",2011,60484799
"DE","Germany",2012,59574463
"GH","Ghana",2005,10198901
"GH","Ghana",2006,10622330
"GH","Ghana",2007,11060639
"GH","Ghana",2008,11510374
"GH","Ghana",2009,11966783
"GH","Ghana",2010,12426245
"GH","Ghana",2011,12874103
"GH","Ghana",2012,13322922
"GR","Greece",2005,6697468
"GR","Greece",2006,6744439
"GR","Greece",2007,6791455
"GR","Greece",2008,6838648
"GR","Greece",2009,6886816
"GR","Greece",2010,6922340
"GR","Greece",2011,6836638
"GR","Greece",2012,6844972
"GL","Greenland",2005,47175
"GL","Greenland",2006,47215
"GL","Greenland",2007,47205
"GL","Greenland",2008,47188
"GL","Greenland",2009,47355
"GL","Greenland",2010,48018
"GL","Greenland",2011,48162
"GL","Greenland",2012,48251
"GD","Grenada",2005,38366
"GD","Grenada",2006,38800
"GD","Grenada",2007,39243
"GD","Grenada",2008,39696
"GD","Grenada",2009,40158
"GD","Grenada",2010,40628
"GD","Grenada",2011,41140
"GD","Grenada",2012,41658
"GU","Guam",2005,147476
"GU","Guam",2006,147525
"GU","Guam",2007,147456
"GU","Guam",2008,147459
"GU","Guam",2009,147771
"GU","Guam",2010,148557
"GU","Guam",2011,149930
"GU","Guam",2012,151803
"GT","Guatemala",2005,5980900
"GT","Guatemala",2006,6186214
"GT","Guatemala",2007,6397188
"GT","Guatemala",2008,6614734
"GT","Guatemala",2009,6840167
"GT","Guatemala",2010,7074413
"GT","Guatemala",2011,7321287
"GT","Guatemala",2012,7577132
"GN","Guinea",2005,3145346
"GN","Guinea",2006,3260076
"GN","Guinea",2007,3385245
"GN","Guinea",2008,3519244
"GN","Guinea",2009,3659268
"GN","Guinea",2010,3803131
"GN","Guinea",2011,3957432
"GN","Guinea",2012,4116046
"GW","Guinea-Bissau",2005,562138
"GW","Guinea-Bissau",2006,585131
"GW","Guinea-Bissau",2007,608801
"GW","Guinea-Bissau",2008,633314
"GW","Guinea-Bissau",2009,658902
"GW","Guinea-Bissau",2010,685739
"GW","Guinea-Bissau",2011,712994
"GW","Guinea-Bissau",2012,741528
"GY","Guyana",2005,215377
"GY","Guyana",2006,216665
"GY","Guyana",2007,218096
"GY","Guyana",2008,219610
"GY","Guyana",2009,221120
"GY","Guyana",2010,222560
"GY","Guyana",2011,224610
"GY","Guyana",2012,226593
"HT","Haiti",2005,4082381
"HT","Haiti",2006,4287192
"HT","Haiti",2007,4494773
"HT","Haiti",2008,4706051
"HT","Haiti",2009,4922457
"HT","Haiti",2010,5145138
"HT","Haiti",2011,5348781
"HT","Haiti",2012,5558462
"HN","Honduras",2005,3356209
"HN","Honduras",2006,3464850
"HN","Honduras",2007,3576311
"HN","Honduras",2008,3690898
"HN","Honduras",2009,3808978
"HN","Honduras",2010,3930788
"HN","Honduras",2011,4055611
"HN","Honduras",2012,4184175
"HK","Hong Kong",2005,6813200
"HK","Hong Kong",2006,6857100
"HK","Hong Kong",2007,6916300
"HK","Hong Kong",2008,6957800
"HK","Hong Kong",2009,6972800
"HK","Hong Kong",2010,7024200
"HK","Hong Kong",2011,7071600
"HK","Hong Kong",2012,7154600
"HU","Hungary",2005,6694281
"HU","Hungary",2006,6736236
"HU","Hungary",2007,6778099
"HU","Hungary",2008,6818439
"HU","Hungary",2009,6860003
"HU","Hungary",2010,6896516
"HU","Hungary",2011,6923948
"HU","Hungary",2012,6934988
"IS","Iceland",2005,276072
"IS","Iceland",2006,282986
"IS","Iceland",2007,290603
"IS","Iceland",2008,296430
"IS","Iceland",2009,297818
"IS","Iceland",2010,297763
"IS","Iceland",2011,299009
"IS","Iceland",2012,300942
"IN","India",2005,329520416
"IN","India",2006,338116392
"IN","India",2007,346720162
"IN","India",2008,355358849
"IN","India",2009,364075137
"IN","India",2010,372899704
"IN","India",2011,382160870
"IN","India",2012,391535019
"ID","Indonesia",2005,103119791
"ID","Indonesia",2006,106418819
"ID","Indonesia",2007,109785533
"ID","Indonesia",2008,113208004
"ID","Indonesia",2009,116669236
"ID","Indonesia",2010,120155328
"ID","Indonesia",2011,123572811
"ID","Indonesia",2012,127005702
"IR","Iran",2005,47393548
"IR","Iran",2006,48146256
"IR","Iran",2007,48909259
"IR","Iran",2008,49689874
"IR","Iran",2009,50496063
"IR","Iran",2010,51332830
"IR","Iran",2011,52104755
"IR","Iran",2012,52905891
"IQ","Iraq",2005,18354119
"IQ","Iraq",2006,18786330
"IQ","Iraq",2007,19210122
"IQ","Iraq",2008,19640997
"IQ","Iraq",2009,20099911
"IQ","Iraq",2010,20601129
"IQ","Iraq",2011,21121620
"IQ","Iraq",2012,21655257
"IE","Ireland",2005,2515791
"IE","Ireland",2006,2597017
"IE","Ireland",2007,2685352
"IE","Ireland",2008,2753419
"IE","Ireland",2009,2794417
"IE","Ireland",2010,2822645
"IE","Ireland",2011,2846995
"IE","Ireland",2012,2867361
"IL","Israel",2005,6342289
"IL","Israel",2006,6459708
"IL","Israel",2007,6579844
"IL","Israel",2008,6702243
"IL","Israel",2009,6868936
"IL","Israel",2010,7000218
"IL","Israel",2011,7135497
"IL","Israel",2012,7273246
"IT","Italy",2005,39611328
"IT","Italy",2006,39911882
"IT","Italy",2007,40280671
"IT","Italy",2008,40666257
"IT","Italy",2009,40987375
"IT","Italy",2010,41261765
"IT","Italy",2011,41534921
"IT","Italy",2012,40832338
"JM","Jamaica",2005,1375386
"JM","Jamaica",2006,1380112
"JM","Jamaica",2007,1384836
"JM","Jamaica",2008,1389566
"JM","Jamaica",2009,1394294
"JM","Jamaica",2010,1399013
"JM","Jamaica",2011,1405914
"JM","Jamaica",2012,1412283
"JP","Japan",2005,109856670
"JP","Japan",2006,111007955
"JP","Japan",2007,112186807
"JP","Japan",2008,113293661
"JP","Japan",2009,114328157
"JP","Japan",2010,115394920
"JP","Japan",2011,116486531
"JP","Japan",2012,117011388
"JO","Jordan",2005,4392487
"JO","Jordan",2006,4508308
"JO","Jordan",2007,4624777
"JO","Jordan",2008,4741893
"JO","Jordan",2009,4862946
"JO","Jordan",2010,4986318
"JO","Jordan",2011,5112416
"JO","Jordan",2012,5240819
"KZ","Kazakhstan",2005,8288303
"KZ","Kazakhstan",2006,8346212
"KZ","Kazakhstan",2007,8411663
"KZ","Kazakhstan",2008,8483835
"KZ","Kazakhstan",2009,8678697
"KZ","Kazakhstan",2010,8769912
"KZ","Kazakhstan",2011,8880430
"KZ","Kazakhstan",2012,8990398
"KE","Kenya",2005,7756554
"KE","Kenya",2006,8106572
"KE","Kenya",2007,8469125
"KE","Kenya",2008,8845193
"KE","Kenya",2009,9236073
"KE","Kenya",2010,9642706
"KE","Kenya",2011,10080053
"KE","Kenya",2012,10534344
"KI","Kiribati",2005,39400
"KI","Kiribati",2006,40094
"KI","Kiribati",2007,40773
"KI","Kiribati",2008,41446
"KI","Kiribati",2009,42125
"KI","Kiribati",2010,42818
"KI","Kiribati",2011,43607
"KI","Kiribati",2012,44413
"XK","Kosovo",2005,
"XK","Kosovo",2006,
"XK","Kosovo",2007,
"XK","Kosovo",2008,
"XK","Kosovo",2009,
"XK","Kosovo",2010,
"XK","Kosovo",2011,
"XK","Kosovo",2012,
"KW","Kuwait",2005,2254452
"KW","Kuwait",2006,2373689
"KW","Kuwait",2007,2509008
"KW","Kuwait",2008,2654013
"KW","Kuwait",2009,2799627
"KW","Kuwait",2010,2938988
"KW","Kuwait",2011,3070173
"KW","Kuwait",2012,3194184
"KG","Kyrgyzstan",2005,1821882
"KG","Kyrgyzstan",2006,1841719
"KG","Kyrgyzstan",2007,1859513
"KG","Kyrgyzstan",2008,1877416
"KG","Kyrgyzstan",2009,1900369
"KG","Kyrgyzstan",2010,1923327
"KG","Kyrgyzstan",2011,1951595
"KG","Kyrgyzstan",2012,1989165
"LA","Lao",2005,1585826
"LA","Lao",2006,1682286
"LA","Lao",2007,1784741
"LA","Lao",2008,1892509
"LA","Lao",2009,2004120
"LA","Lao",2010,2118324
"LA","Lao",2011,2231750
"LA","Lao",2012,2347559
"LV","Latvia",2005,1522383
"LV","Latvia",2006,1507223
"LV","Latvia",2007,1493721
"LV","Latvia",2008,1476869
"LV","Latvia",2009,1451469
"LV","Latvia",2010,1420380
"LV","Latvia",2011,1394711
"LV","Latvia",2012,1377478
"LB","Lebanon",2005,3451429
"LB","Lebanon",2006,3536521
"LB","Lebanon",2007,3593209
"LB","Lebanon",2008,3638112
"LB","Lebanon",2009,3695792
"LB","Lebanon",2010,3782654
"LB","Lebanon",2011,3823888
"LB","Lebanon",2012,3865564
"LS","Lesotho",2005,448259
"LS","Lesotho",2006,465509
"LS","Lesotho",2007,483165
"LS","Lesotho",2008,501305
"LS","Lesotho",2009,520010
"LS","Lesotho",2010,539335
"LS","Lesotho",2011,559615
"LS","Lesotho",2012,580600
"LR","Liberia",2005,1505769
"LR","Liberia",2006,1570577
"LR","Liberia",2007,1646708
"LR","Liberia",2008,1729885
"LR","Liberia",2009,1813311
"LR","Liberia",2010,1891959
"LR","Liberia",2011,1965688
"LR","Liberia",2012,2035018
"LY","Libya",2005,4300118
"LY","Libya",2006,4378802
"LY","Libya",2007,4460526
"LY","Libya",2008,4541795
"LY","Libya",2009,4617771
"LY","Libya",2010,4685280
"LY","Libya",2011,4744348
"LY","Libya",2012,4794882
"LI","Liechtenstein",2005,5118
"LI","Liechtenstein",2006,5140
"LI","Liechtenstein",2007,5161
"LI","Liechtenstein",2008,5181
"LI","Liechtenstein",2009,5200
"LI","Liechtenstein",2010,5219
"LI","Liechtenstein",2011,5245
"LI","Liechtenstein",2012,5271
"LT","Lithuania",2005,2213967
"LT","Lithuania",2006,2181297
"LT","Lithuania",2007,2157903
"LT","Lithuania",2008,2138165
"LT","Lithuania",2009,2116870
"LT","Lithuania",2010,2075210
"LT","Lithuania",2011,2032325
"LT","Lithuania",2012,2008662
"LU","Luxembourg",2005,390398
"LU","Luxembourg",2006,397864
"LU","Luxembourg",2007,405264
"LU","Luxembourg",2008,413803
"LU","Luxembourg",2009,422789
"LU","Luxembourg",2010,431853
"LU","Luxembourg",2011,442738
"LU","Luxembourg",2012,454706
"MO","Macao",2005,468149
"MO","Macao",2006,479808
"MO","Macao",2007,493206
"MO","Macao",2008,507528
"MO","Macao",2009,521617
"MO","Macao",2010,534626
"MO","Macao",2011,546278
"MO","Macao",2012,556783
"MK","Macedonia",2005,1234275
"MK","Macedonia",2006,1237055
"MK","Macedonia",2007,1239283
"MK","Macedonia",2008,1241115
"MK","Macedonia",2009,1242736
"MK","Macedonia",2010,1244281
"MK","Macedonia",2011,1247935
"MK","Macedonia",2012,1251600
"MG","Madagascar",2005,5270194
"MG","Madagascar",2006,5541884
"MG","Madagascar",2007,5823007
"MG","Madagascar",2008,6114255
"MG","Madagascar",2009,6416546
"MG","Madagascar",2010,6730695
"MG","Madagascar",2011,7060482
"MG","Madagascar",2012,7403095
"MW","Malawi",2005,1945691
"MW","Malawi",2006,2016331
"MW","Malawi",2007,2091293
"MW","Malawi",2008,2169847
"MW","Malawi",2009,2250881
"MW","Malawi",2010,2333578
"MW","Malawi",2011,2426152
"MW","Malawi",2012,2520891
"MY","Malaysia",2005,17463722
"MY","Malaysia",2006,18023847
"MY","Malaysia",2007,18594686
"MY","Malaysia",2008,19175422
"MY","Malaysia",2009,19764423
"MY","Malaysia",2010,20360298
"MY","Malaysia",2011,20903168
"MY","Malaysia",2012,21450995
"MV","Maldives",2005,100432
"MV","Maldives",2006,105985
"MV","Maldives",2007,111729
"MV","Maldives",2008,117680
"MV","Maldives",2009,123853
"MV","Maldives",2010,130258
"MV","Maldives",2011,136482
"MV","Maldives",2012,142935
"ML","Mali",2005,3713015
"ML","Mali",2006,3910969
"ML","Mali",2007,4118930
"ML","Mali",2008,4336138
"ML","Mali",2009,4561401
"ML","Mali",2010,4793968
"ML","Mali",2011,5035161
"ML","Mali",2012,5284099
"MT","Malta",2005,378170
"MT","Malta",2006,380382
"MT","Malta",2007,382546
"MT","Malta",2008,385883
"MT","Malta",2009,389650
"MT","Malta",2010,392419
"MT","Malta",2011,394719
"MT","Malta",2012,398379
"MH","Marshall Islands",2005,36421
"MH","Marshall Islands",2006,36603
"MH","Marshall Islands",2007,36813
"MH","Marshall Islands",2008,37044
"MH","Marshall Islands",2009,37276
"MH","Marshall Islands",2010,37503
"MH","Marshall Islands",2011,37712
"MH","Marshall Islands",2012,37916
"MR","Mauritania",2005,1269572
"MR","Mauritania",2006,1312193
"MR","Mauritania",2007,1355452
"MR","Mauritania",2008,1399255
"MR","Mauritania",2009,1443511
"MR","Mauritania",2010,1488164
"MR","Mauritania",2011,1537017
"MR","Mauritania",2012,1586407
"MU","Mauritius",2005,524404
"MU","Mauritius",2006,527383
"MU","Mauritius",2007,529616
"MU","Mauritius",2008,532029
"MU","Mauritius",2009,533718
"MU","Mauritius",2010,535157
"MU","Mauritius",2011,537536
"MU","Mauritius",2012,540033
"MX","Mexico",2005,84497242
"MX","Mexico",2006,85894169
"MX","Mexico",2007,87321233
"MX","Mexico",2008,88776250
"MX","Mexico",2009,90252780
"MX","Mexico",2010,91745094
"MX","Mexico",2011,93228046
"MX","Mexico",2012,94728228
"FM","Micronesia",2005,23714
"FM","Micronesia",2006,23639
"FM","Micronesia",2007,23546
"FM","Micronesia",2008,23450
"FM","Micronesia",2009,23372
"FM","Micronesia",2010,23329
"FM","Micronesia",2011,23387
"FM","Micronesia",2012,23483
"MD","Moldova",2005,1551791
"MD","Moldova",2006,1574538
"MD","Moldova",2007,1597884
"MD","Moldova",2008,1621786
"MD","Moldova",2009,1646646
"MD","Moldova",2010,1671881
"MD","Moldova",2011,1696533
"MD","Moldova",2012,1721924
"MC","Monaco",2005,33808
"MC","Monaco",2006,34369
"MC","Monaco",2007,35013
"MC","Monaco",2008,35686
"MC","Monaco",2009,36314
"MC","Monaco",2010,36845
"MC","Monaco",2011,37261
"MC","Monaco",2012,37579
"MN","Mongolia",2005,1578912
"MN","Mongolia",2006,1625500
"MN","Mongolia",2007,1674421
"MN","Mongolia",2008,1725501
"MN","Mongolia",2009,1778429
"MN","Mongolia",2010,1832916
"MN","Mongolia",2011,1885482
"MN","Mongolia",2012,1939345
"ME","Montenegro",2005,383040
"ME","Montenegro",2006,384789
"ME","Montenegro",2007,386486
"ME","Montenegro",2008,388126
"ME","Montenegro",2009,389712
"ME","Montenegro",2010,391244
"ME","Montenegro",2011,392797
"ME","Montenegro",2012,394270
"MA","Morocco",2005,16559957
"MA","Morocco",2006,16811893
"MA","Morocco",2007,17066969
"MA","Morocco",2008,17332903
"MA","Morocco",2009,17619590
"MA","Morocco",2010,17933624
"MA","Morocco",2011,18287016
"MA","Morocco",2012,18669087
"MZ","Mozambique",2005,6302903
"MZ","Mozambique",2006,6517384
"MZ","Mozambique",2007,6736249
"MZ","Mozambique",2008,6959505
"MZ","Mozambique",2009,7187300
"MZ","Mozambique",2010,7419786
"MZ","Mozambique",2011,7673221
"MZ","Mozambique",2012,7932315
"MM","Myanmar",2005,14745693
"MM","Myanmar",2006,15111944
"MM","Myanmar",2007,15484636
"MM","Myanmar",2008,15865890
"MM","Myanmar",2009,16257623
"MM","Myanmar",2010,16661097
"MM","Myanmar",2011,17093781
"MM","Myanmar",2012,17540220
"NA","Namibia",2005,710331
"NA","Namibia",2006,730802
"NA","Namibia",2007,752235
"NA","Namibia",2008,774829
"NA","Namibia",2009,798732
"NA","Namibia",2010,824042
"NA","Namibia",2011,851361
"NA","Namibia",2012,880341
"NP","Nepal",2005,3822642
"NP","Nepal",2006,3953385
"NP","Nepal",2007,4082146
"NP","Nepal",2008,4210196
"NP","Nepal",2009,4339461
"NP","Nepal",2010,4471472
"NP","Nepal",2011,4615442
"NP","Nepal",2012,4762848
"NL","Netherlands",2005,13083965
"NL","Netherlands",2006,13189179
"NL","Netherlands",2007,13302265
"NL","Netherlands",2008,13438845
"NL","Netherlands",2009,13593269
"NL","Netherlands",2010,13748740
"NL","Netherlands",2011,13877286
"NL","Netherlands",2012,13993242
"NC","New Caledonia",2005,148080
"NC","New Caledonia",2006,150040
"NC","New Caledonia",2007,151900
"NC","New Caledonia",2008,152271
"NC","New Caledonia",2009,152639
"NC","New Caledonia",2010,154743
"NC","New Caledonia",2011,156873
"NC","New Caledonia",2012,159032
"NZ","New Zealand",2005,3557304
"NZ","New Zealand",2006,3602120
"NZ","New Zealand",2007,3640938
"NZ","New Zealand",2008,3677111
"NZ","New Zealand",2009,3718735
"NZ","New Zealand",2010,3764782
"NZ","New Zealand",2011,3799044
"NZ","New Zealand",2012,3825145
"NI","Nicaragua",2005,3051268
"NI","Nicaragua",2006,3104832
"NI","Nicaragua",2007,3159272
"NI","Nicaragua",2008,3215129
"NI","Nicaragua",2009,3273020
"NI","Nicaragua",2010,3333331
"NI","Nicaragua",2011,3398789
"NI","Nicaragua",2012,3466865
"NE","Niger",2005,2205913
"NE","Niger",2006,2313074
"NE","Niger",2007,2425692
"NE","Niger",2008,2544114
"NE","Niger",2009,2668712
"NE","Niger",2010,2799842
"NE","Niger",2011,2950334
"NE","Niger",2012,3108993
"NG","Nigeria",2005,63860545
"NG","Nigeria",2006,66498404
"NG","Nigeria",2007,69252238
"NG","Nigeria",2008,72127161
"NG","Nigeria",2009,75127966
"NG","Nigeria",2010,78258409
"NG","Nigeria",2011,81464648
"NG","Nigeria",2012,84804193
"KP","North Korea",2005,14241564
"KP","North Korea",2006,14354624
"KP","North Korea",2007,14459236
"KP","North Korea",2008,14557973
"KP","North Korea",2009,14654559
"KP","North Korea",2010,14751763
"KP","North Korea",2011,14863014
"KP","North Korea",2012,14975290
"MP","Northern Mariana Islands",2005,58430
"MP","Northern Mariana Islands",2006,56562
"MP","Northern Mariana Islands",2007,54411
"MP","Northern Mariana Islands",2008,52250
"MP","Northern Mariana Islands",2009,50431
"MP","Northern Mariana Islands",2010,49199
"MP","Northern Mariana Islands",2011,48683
"MP","Northern Mariana Islands",2012,48810
"NO","Norway",2005,3582588
"NO","Norway",2006,3626585
"NO","Norway",2007,3679487
"NO","Norway",2008,3741006
"NO","Norway",2009,3804051
"NO","Norway",2010,3867496
"NO","Norway",2011,3931464
"NO","Norway",2012,3997093
"OM","Oman",2005,1813728
"OM","Oman",2006,1843701
"OM","Oman",2007,1860990
"OM","Oman",2008,1884858
"OM","Oman",2009,1942337
"OM","Oman",2010,2051290
"OM","Oman",2011,2221406
"OM","Oman",2012,2442180
"PK","Pakistan",2005,54470124
"PK","Pakistan",2006,55932785
"PK","Pakistan",2007,57442781
"PK","Pakistan",2008,58989927
"PK","Pakistan",2009,60556525
"PK","Pakistan",2010,62129434
"PK","Pakistan",2011,63799702
"PK","Pakistan",2012,65481587
"PW","Palau",2005,15468
"PW","Palau",2006,15776
"PW","Palau",2007,16088
"PW","Palau",2008,16405
"PW","Palau",2009,16730
"PW","Palau",2010,17065
"PW","Palau",2011,17333
"PW","Palau",2012,17612
"PS","Palestine",2005,2425915
"PS","Palestine",2006,2496005
"PS","Palestine",2007,2568098
"PS","Palestine",2008,2650910
"PS","Palestine",2009,2736628
"PS","Palestine",2010,2825284
"PS","Palestine",2011,2919825
"PS","Palestine",2012,3017782
"PA","Panama",2005,2381092
"PA","Panama",2006,2451898
"PA","Panama",2007,2523634
"PA","Panama",2008,2596279
"PA","Panama",2009,2669832
"PA","Panama",2010,2744288
"PA","Panama",2011,2812587
"PA","Panama",2012,2881498
"PG","Papua New Guinea",2005,766079
"PG","Papua New Guinea",2006,783223
"PG","Papua New Guinea",2007,800535
"PG","Papua New Guinea",2008,817943
"PG","Papua New Guinea",2009,835355
"PG","Papua New Guinea",2010,852704
"PG","Papua New Guinea",2011,876776
"PG","Papua New Guinea",2012,901065
"PY","Paraguay",2005,3451873
"PY","Paraguay",2006,3551536
"PY","Paraguay",2007,3652422
"PY","Paraguay",2008,3754724
"PY","Paraguay",2009,3858714
"PY","Paraguay",2010,3964589
"PY","Paraguay",2011,4069063
"PY","Paraguay",2012,4175294
"PE","Peru",2005,20801887
"PE","Peru",2006,21137774
"PE","Peru",2007,21468629
"PE","Peru",2008,21801336
"PE","Peru",2009,22145042
"PE","Peru",2010,22506335
"PE","Peru",2011,22875723
"PE","Peru",2012,23263636
"PH","Philippines",2005,41222504
"PH","Philippines",2006,42072247
"PH","Philippines",2007,42908226
"PH","Philippines",2008,43741510
"PH","Philippines",2009,44587876
"PH","Philippines",2010,45458794
"PH","Philippines",2011,46467443
"PH","Philippines",2012,47505457
"PL","Poland",2005,23454956
"PL","Poland",2006,23401117
"PL","Poland",2007,23349453
"PL","Poland",2008,23313673
"PL","Poland",2009,23290485
"PL","Poland",2010,23271046
"PL","Poland",2011,23465298
"PL","Poland",2012,23446998
"PT","Portugal",2005,6047292
"PT","Portugal",2006,6119889
"PT","Portugal",2007,6193717
"PT","Portugal",2008,6264547
"PT","Portugal",2009,6332472
"PT","Portugal",2010,6397360
"PT","Portugal",2011,6444504
"PT","Portugal",2012,6474747
"PR","Puerto Rico",2005,3731101
"PR","Puerto Rico",2006,3723973
"PR","Puerto Rico",2007,3710815
"PR","Puerto Rico",2008,3697646
"PR","Puerto Rico",2009,3686024
"PR","Puerto Rico",2010,3675549
"PR","Puerto Rico",2011,3652209
"PR","Puerto Rico",2012,3628924
"QA","Qatar",2005,800211
"QA","Qatar",2006,945252
"QA","Qatar",2007,1128619
"QA","Qatar",2008,1334278
"QA","Qatar",2009,1539273
"QA","Qatar",2010,1726179
"QA","Qatar",2011,1887451
"QA","Qatar",2012,2027766
"RO","Romania",2005,11248692
"RO","Romania",2006,11183523
"RO","Romania",2007,11020785
"RO","Romania",2008,10839890
"RO","Romania",2009,10751182
"RO","Romania",2010,10688728
"RO","Romania",2011,10642085
"RO","Romania",2012,10610470
"RU","Russian Federation",2005,104399295
"RU","Russian Federation",2006,104131020
"RU","Russian Federation",2007,104043915
"RU","Russian Federation",2008,104139062
"RU","Russian Federation",2009,104314635
"RU","Russian Federation",2010,104872346
"RU","Russian Federation",2011,105539362
"RU","Russian Federation",2012,106209827
"RW","Rwanda",2005,1653832
"RW","Rwanda",2006,1718991
"RW","Rwanda",2007,1791772
"RW","Rwanda",2008,1870965
"RW","Rwanda",2009,1953864
"RW","Rwanda",2010,2038389
"RW","Rwanda",2011,2130704
"RW","Rwanda",2012,2226067
"KN","Saint Kitts and Nevis",2005,15763
"KN","Saint Kitts and Nevis",2006,15968
"KN","Saint Kitts and Nevis",2007,16164
"KN","Saint Kitts and Nevis",2008,16353
"KN","Saint Kitts and Nevis",2009,16537
"KN","Saint Kitts and Nevis",2010,16721
"KN","Saint Kitts and Nevis",2011,16964
"KN","Saint Kitts and Nevis",2012,17205
"LC","Saint Lucia",2005,38184
"LC","Saint Lucia",2006,37108
"LC","Saint Lucia",2007,36040
"LC","Saint Lucia",2008,34943
"LC","Saint Lucia",2009,33775
"LC","Saint Lucia",2010,32510
"LC","Saint Lucia",2011,31637
"LC","Saint Lucia",2012,30692
"MF","Saint Martin ",2005,
"MF","Saint Martin ",2006,
"MF","Saint Martin ",2007,
"MF","Saint Martin ",2008,
"MF","Saint Martin ",2009,
"MF","Saint Martin ",2010,
"MF","Saint Martin ",2011,
"MF","Saint Martin ",2012,
"VC","Saint Vincent and the Grenadines",2005,51137
"VC","Saint Vincent and the Grenadines",2006,51625
"VC","Saint Vincent and the Grenadines",2007,52103
"VC","Saint Vincent and the Grenadines",2008,52570
"VC","Saint Vincent and the Grenadines",2009,53028
"VC","Saint Vincent and the Grenadines",2010,53475
"VC","Saint Vincent and the Grenadines",2011,53922
"VC","Saint Vincent and the Grenadines",2012,54356
"WS","Samoa",2005,38177
"WS","Samoa",2006,38007
"WS","Samoa",2007,37837
"WS","Samoa",2008,37668
"WS","Samoa",2009,37506
"WS","Samoa",2010,37351
"WS","Samoa",2011,37270
"WS","Samoa",2012,37195
"SM","San Marino",2005,27994
"SM","San Marino",2006,28332
"SM","San Marino",2007,28569
"SM","San Marino",2008,28735
"SM","San Marino",2009,28879
"SM","San Marino",2010,29037
"SM","San Marino",2011,29221
"SM","San Marino",2012,29416
"ST","Sao Tome and Principe",2005,89712
"ST","Sao Tome and Principe",2006,93403
"ST","Sao Tome and Principe",2007,97395
"ST","Sao Tome and Principe",2008,101628
"ST","Sao Tome and Principe",2009,106014
"ST","Sao Tome and Principe",2010,110480
"ST","Sao Tome and Principe",2011,114760
"ST","Sao Tome and Principe",2012,119089
"SA","Saudi Arabia",2005,19993769
"SA","Saudi Arabia",2006,20602012
"SA","Saudi Arabia",2007,21100760
"SA","Saudi Arabia",2008,21526022
"SA","Saudi Arabia",2009,21936316
"SA","Saudi Arabia",2010,22374774
"SA","Saudi Arabia",2011,22845126
"SA","Saudi Arabia",2012,23336349
"SN","Senegal",2005,4634676
"SN","Senegal",2006,4789215
"SN","Senegal",2007,4949302
"SN","Senegal",2008,5115766
"SN","Senegal",2009,5289715
"SN","Senegal",2010,5471872
"SN","Senegal",2011,5673535
"SN","Senegal",2012,5884016
"RS","Serbia",2005,4050234
"RS","Serbia",2006,4058056
"RS","Serbia",2007,4065257
"RS","Serbia",2008,4071508
"RS","Serbia",2009,4078641
"RS","Serbia",2010,4085610
"RS","Serbia",2011,4092408
"RS","Serbia",2012,4097750
"SC","Seychelles",2005,42781
"SC","Seychelles",2006,43934
"SC","Seychelles",2007,44436
"SC","Seychelles",2008,45724
"SC","Seychelles",2009,46188
"SC","Seychelles",2010,47789
"SC","Seychelles",2011,46889
"SC","Seychelles",2012,47694
"SL","Sierra Leone",2005,1907826
"SL","Sierra Leone",2006,1984861
"SL","Sierra Leone",2007,2053114
"SL","Sierra Leone",2008,2114981
"SL","Sierra Leone",2009,2174867
"SL","Sierra Leone",2010,2236138
"SL","Sierra Leone",2011,2302545
"SL","Sierra Leone",2012,2369704
"SG","Singapore",2005,4265800
"SG","Singapore",2006,4401400
"SG","Singapore",2007,4588600
"SG","Singapore",2008,4839400
"SG","Singapore",2009,4987600
"SG","Singapore",2010,5076700
"SG","Singapore",2011,5183700
"SG","Singapore",2012,5312400
"SX","Sint Maarten (Dutch part)",2005,
"SX","Sint Maarten (Dutch part)",2006,
"SX","Sint Maarten (Dutch part)",2007,
"SX","Sint Maarten (Dutch part)",2008,
"SX","Sint Maarten (Dutch part)",2009,
"SX","Sint Maarten (Dutch part)",2010,
"SX","Sint Maarten (Dutch part)",2011,
"SX","Sint Maarten (Dutch part)",2012,
"SK","Slovakia",2005,2985293
"SK","Slovakia",2006,2977596
"SK","Slovakia",2007,2970629
"SK","Slovakia",2008,2965334
"SK","Slovakia",2009,2961435
"SK","Slovakia",2010,2956336
"SK","Slovakia",2011,2957310
"SK","Slovakia",2012,2959503
"SI","Slovenia",2005,1009619
"SI","Slovenia",2006,1010799
"SI","Slovenia",2007,1014409
"SI","Slovenia",2008,1013953
"SI","Slovenia",2009,1021079
"SI","Slovenia",2010,1023452
"SI","Slovenia",2011,1024972
"SI","Slovenia",2012,1026518
"SB","Solomon Islands",2005,83588
"SB","Solomon Islands",2006,87735
"SB","Solomon Islands",2007,91976
"SB","Solomon Islands",2008,96314
"SB","Solomon Islands",2009,100759
"SB","Solomon Islands",2010,105316
"SB","Solomon Islands",2011,110075
"SB","Solomon Islands",2012,114951
"SO","Somalia",2005,2976975
"SO","Somalia",2006,3091577
"SO","Somalia",2007,3208940
"SO","Somalia",2008,3330473
"SO","Somalia",2009,3458083
"SO","Somalia",2010,3593233
"SO","Somalia",2011,3741264
"SO","Somalia",2012,3897783
"ZA","South Africa",2005,28229295
"ZA","South Africa",2006,28823800
"ZA","South Africa",2007,29430274
"ZA","South Africa",2008,30048990
"ZA","South Africa",2009,30680224
"ZA","South Africa",2010,31324266
"ZA","South Africa",2011,31972543
"ZA","South Africa",2012,32633994
"KR","South Korea",2005,39157919
"KR","South Korea",2006,39501789
"KR","South Korea",2007,39840452
"KR","South Korea",2008,40283702
"KR","South Korea",2009,40631937
"KR","South Korea",2010,40977499
"KR","South Korea",2011,41416892
"KR","South Korea",2012,41738007
"SS","South Sudan",2005,1379070
"SS","South Sudan",2006,1448767
"SS","South Sudan",2007,1523302
"SS","South Sudan",2008,1602684
"SS","South Sudan",2009,1686779
"SS","South Sudan",2010,1775251
"SS","South Sudan",2011,1874226
"SS","South Sudan",2012,1977892
"ES","Spain",2005,33482406
"ES","Spain",2006,34104955
"ES","Spain",2007,34794879
"ES","Spain",2008,35408006
"ES","Spain",2009,35777080
"ES","Spain",2010,35996489
"ES","Spain",2011,36192216
"ES","Spain",2012,36274209
"LK","Sri Lanka",2005,2971548
"LK","Sri Lanka",2006,3000504
"LK","Sri Lanka",2007,3024406
"LK","Sri Lanka",2008,3047794
"LK","Sri Lanka",2009,3079402
"LK","Sri Lanka",2010,3106418
"LK","Sri Lanka",2011,3156728
"LK","Sri Lanka",2012,3092255
"SD","Sudan",2005,10347531
"SD","Sudan",2006,10634426
"SD","Sudan",2007,10925350
"SD","Sudan",2008,11217699
"SD","Sudan",2009,11508241
"SD","Sudan",2010,11795108
"SD","Sudan",2011,12107890
"SD","Sudan",2012,12418188
"SR","Suriname",2005,335475
"SR","Suriname",2006,341467
"SR","Suriname",2007,347226
"SR","Suriname",2008,352820
"SR","Suriname",2009,358361
"SR","Suriname",2010,363934
"SR","Suriname",2011,369365
"SR","Suriname",2012,374820
"SZ","Swaziland",2005,242093
"SZ","Swaziland",2006,243734
"SZ","Swaziland",2007,246018
"SZ","Swaziland",2008,248741
"SZ","Swaziland",2009,251590
"SZ","Swaziland",2010,254331
"SZ","Swaziland",2011,257957
"SZ","Swaziland",2012,261530
"SE","Sweden",2005,7613645
"SE","Sweden",2006,7669976
"SE","Sweden",2007,7740548
"SE","Sweden",2008,7814675
"SE","Sweden",2009,7895239
"SE","Sweden",2010,7976659
"SE","Sweden",2011,8051278
"SE","Sweden",2012,8125319
"CH","Switzerland",2005,5463082
"CH","Switzerland",2006,5500183
"CH","Switzerland",2007,5552291
"CH","Switzerland",2008,5626058
"CH","Switzerland",2009,5699599
"CH","Switzerland",2010,5762106
"CH","Switzerland",2011,5832213
"CH","Switzerland",2012,5900212
"SY","Syria",2005,9770955
"SY","Syria",2006,10184929
"SY","Syria",2007,10668634
"SY","Syria",2008,11173444
"SY","Syria",2009,11629393
"SY","Syria",2010,11987871
"SY","Syria",2011,12313604
"SY","Syria",2012,12647560
"TJ","Tajikistan",2005,1798667
"TJ","Tajikistan",2006,1838998
"TJ","Tajikistan",2007,1881392
"TJ","Tajikistan",2008,1925876
"TJ","Tajikistan",2009,1972502
"TJ","Tajikistan",2010,2021241
"TJ","Tajikistan",2011,2075155
"TJ","Tajikistan",2012,2131032
"TZ","Tanzania",2005,9392395
"TZ","Tanzania",2006,9829572
"TZ","Tanzania",2007,10290943
"TZ","Tanzania",2008,10776583
"TZ","Tanzania",2009,11285938
"TZ","Tanzania",2010,11818541
"TZ","Tanzania",2011,12396334
"TZ","Tanzania",2012,12999777
"TH","Thailand",2005,21137034
"TH","Thailand",2006,21437850
"TH","Thailand",2007,21697416
"TH","Thailand",2008,21930115
"TH","Thailand",2009,22157971
"TH","Thailand",2010,22397501
"TH","Thailand",2011,22709453
"TH","Thailand",2012,23034681
"TL","Timor-Leste",2005,256399
"TL","Timor-Leste",2006,268380
"TL","Timor-Leste",2007,280671
"TL","Timor-Leste",2008,293278
"TL","Timor-Leste",2009,306202
"TL","Timor-Leste",2010,319444
"TL","Timor-Leste",2011,333298
"TL","Timor-Leste",2012,347690
"TG","Togo",2005,1949324
"TG","Togo",2006,2027265
"TG","Togo",2007,2107777
"TG","Togo",2008,2191050
"TG","Togo",2009,2277345
"TG","Togo",2010,2366836
"TG","Togo",2011,2460770
"TG","Togo",2012,2557992
"TO","Tonga",2005,23377
"TO","Tonga",2006,23573
"TO","Tonga",2007,23772
"TO","Tonga",2008,23969
"TO","Tonga",2009,24155
"TO","Tonga",2010,24326
"TO","Tonga",2011,24535
"TO","Tonga",2012,24729
"TT","Trinidad and Tobago",2005,157214
"TT","Trinidad and Tobago",2006,161454
"TT","Trinidad and Tobago",2007,165731
"TT","Trinidad and Tobago",2008,170022
"TT","Trinidad and Tobago",2009,174303
"TT","Trinidad and Tobago",2010,178549
"TT","Trinidad and Tobago",2011,182787
"TT","Trinidad and Tobago",2012,186963
"TN","Tunisia",2005,6531687
"TN","Tunisia",2006,6615747
"TN","Tunisia",2007,6699077
"TN","Tunisia",2008,6787120
"TN","Tunisia",2009,6880114
"TN","Tunisia",2010,6972744
"TN","Tunisia",2011,7078245
"TN","Tunisia",2012,7170314
"TR","Turkey",2005,45280133
"TR","Turkey",2006,46370953
"TR","Turkey",2007,47465701
"TR","Turkey",2008,48570947
"TR","Turkey",2009,49696210
"TR","Turkey",2010,50847592
"TR","Turkey",2011,52170735
"TR","Turkey",2012,53523455
"TM","Turkmenistan",2005,2233763
"TM","Turkmenistan",2006,2272134
"TM","Turkmenistan",2007,2312171
"TM","Turkmenistan",2008,2353792
"TM","Turkmenistan",2009,2396753
"TM","Turkmenistan",2010,2440830
"TM","Turkmenistan",2011,2489072
"TM","Turkmenistan",2012,2538523
"TC","Turks and Caicos Islands",2005,23714
"TC","Turks and Caicos Islands",2006,24982
"TC","Turks and Caicos Islands",2007,26088
"TC","Turks and Caicos Islands",2008,27069
"TC","Turks and Caicos Islands",2009,27990
"TC","Turks and Caicos Islands",2010,28903
"TC","Turks and Caicos Islands",2011,29716
"TC","Turks and Caicos Islands",2012,30505
"TV","Tuvalu",2005,4661
"TV","Tuvalu",2006,4719
"TV","Tuvalu",2007,4775
"TV","Tuvalu",2008,4828
"TV","Tuvalu",2009,4878
"TV","Tuvalu",2010,4928
"TV","Tuvalu",2011,4977
"TV","Tuvalu",2012,5026
"AE","UAE",2005,3412954
"AE","UAE",2006,4028155
"AE","UAE",2007,4810291
"AE","UAE",2008,5665303
"AE","UAE",2009,6459152
"AE","UAE",2010,7094437
"AE","UAE",2011,7526676
"AE","UAE",2012,7789932
"UG","Uganda",2005,3805471
"UG","Uganda",2006,4049663
"UG","Uganda",2007,4305712
"UG","Uganda",2008,4574240
"UG","Uganda",2009,4856033
"UG","Uganda",2010,5151782
"UG","Uganda",2011,5475717
"UG","Uganda",2012,5815338
"UA","Ukraine",2005,31932581
"UA","Ukraine",2006,31801166
"UA","Ukraine",2007,31695192
"UA","Ukraine",2008,31606840
"UA","Ukraine",2009,31549274
"UA","Ukraine",2010,31506290
"UA","Ukraine",2011,31484190
"UA","Ukraine",2012,31497219
"GB","United Kingdom",2005,47710745
"GB","United Kingdom",2006,48119641
"GB","United Kingdom",2007,48551677
"GB","United Kingdom",2008,48991362
"GB","United Kingdom",2009,49422401
"GB","United Kingdom",2010,49889575
"GB","United Kingdom",2011,50377410
"GB","United Kingdom",2012,50739548
"UY","Uruguay",2005,3056649
"UY","Uruguay",2006,3064819
"UY","Uruguay",2007,3075860
"UY","Uruguay",2008,3089084
"UY","Uruguay",2009,3103271
"UY","Uruguay",2010,3117499
"UY","Uruguay",2011,3131213
"UY","Uruguay",2012,3145193
"US","USA",2005,238573506
"US","USA",2006,241727712
"US","USA",2007,244888320
"US","USA",2008,248074384
"US","USA",2009,251125014
"US","USA",2010,254089841
"US","USA",2011,256698506
"US","USA",2012,259371476
"UZ","Uzbekistan",2005,9597009
"UZ","Uzbekistan",2006,9689826
"UZ","Uzbekistan",2007,9803381
"UZ","Uzbekistan",2008,9936253
"UZ","Uzbekistan",2009,10079122
"UZ","Uzbekistan",2010,10340731
"UZ","Uzbekistan",2011,10634946
"UZ","Uzbekistan",2012,10805762
"VU","Vanuatu",2005,48364
"VU","Vanuatu",2006,50223
"VU","Vanuatu",2007,52129
"VU","Vanuatu",2008,54080
"VU","Vanuatu",2009,56072
"VU","Vanuatu",2010,58104
"VU","Vanuatu",2011,60208
"VU","Vanuatu",2012,62348
"VE","Venezuela",2005,24564039
"VE","Venezuela",2006,25067709
"VE","Venezuela",2007,25574053
"VE","Venezuela",2008,26082377
"VE","Venezuela",2009,26591774
"VE","Venezuela",2010,27101449
"VE","Venezuela",2011,27584500
"VE","Venezuela",2012,28066313
"VN","Viet Nam",2005,22477771
"VN","Viet Nam",2006,23247160
"VN","Viet Nam",2007,24024743
"VN","Viet Nam",2008,24811618
"VN","Viet Nam",2009,25610159
"VN","Viet Nam",2010,26421395
"VN","Viet Nam",2011,27261671
"VN","Viet Nam",2012,28121657
"VI","Virgin Islands (US)",2005,101614
"VI","Virgin Islands (US)",2006,101692
"VI","Virgin Islands (US)",2007,101661
"VI","Virgin Islands (US)",2008,101577
"VI","Virgin Islands (US)",2009,101442
"VI","Virgin Islands (US)",2010,101252
"VI","Virgin Islands (US)",2011,100945
"VI","Virgin Islands (US)",2012,100612
"YE","Yemen",2005,5827612
"YE","Yemen",2006,6094627
"YE","Yemen",2007,6367019
"YE","Yemen",2008,6645547
"YE","Yemen",2009,6931375
"YE","Yemen",2010,7225434
"YE","Yemen",2011,7533038
"YE","Yemen",2012,7849255
"ZM","Zambia",2005,4199404
"ZM","Zambia",2006,4363273
"ZM","Zambia",2007,4535925
"ZM","Zambia",2008,4718508
"ZM","Zambia",2009,4912295
"ZM","Zambia",2010,5118277
"ZM","Zambia",2011,5339731
"ZM","Zambia",2012,5574556
"ZW","Zimbabwe",2005,4558017
"ZW","Zimbabwe",2006,4620705
"ZW","Zimbabwe",2007,4684302
"ZW","Zimbabwe",2008,4758476
"ZW","Zimbabwe",2009,4856029
"ZW","Zimbabwe",2010,4986252
"ZW","Zimbabwe",2011,5159225
"ZW","Zimbabwe",2012,5367745
