"series","country-year"
"id","domestic"
"type","multi"
"parent",
"name","Government finance by economic type"
"columns","id, year,budget-type,l1,l2,l3,l4,l5,l6,value, value-ncu"
"description","Government finance by economic type"
"default-scale","lin"
"themes","dpf"
"map-theme",
"theme-order",
"global-picture-color-ramp",
"uom","constant 2012 US$, NCU"
"uom_display","constant 2012 US$, NCU"
"source","Development Initiatives based on IMF Staff reports"
"calculation",
"format",
"highorlow",
"range",
"interpolated",
"missing-donor","NR"
"missing-recipient","NA"
"laymans-decription",
"laymans-heading",
