"district_id","district_name","year","value"
"d314","Abim",2011,4.4
"d314","Abim",2012,3.1
"d314","Abim",2013,3.5
"d314","Abim",2014,8.2
"d314","Abim",2015,9.1
"d314","Abim",2016,8.8
"d301","Adjumani",2011,3.3
"d301","Adjumani",2012,1.8
"d301","Adjumani",2013,3.1
"d301","Adjumani",2014,7.2
"d301","Adjumani",2015,9.3
"d301","Adjumani",2016,9.5
"d322","Agago",2011,4.8
"d322","Agago",2012,4.1
"d322","Agago",2013,4.1
"d322","Agago",2014,8.6
"d322","Agago",2015,9.8
"d322","Agago",2016,9.5
"d323","Alebtong",2011,
"d323","Alebtong",2012,2.8
"d323","Alebtong",2013,2.4
"d323","Alebtong",2014,7.8
"d323","Alebtong",2015,8.1
"d323","Alebtong",2016,9.2
"d315","Amolatar",2011,2.8
"d315","Amolatar",2012,2.9
"d315","Amolatar",2013,3.7
"d315","Amolatar",2014,9.1
"d315","Amolatar",2015,9.9
"d315","Amolatar",2016,9.5
"d324","Amudat",2011,3.1
"d324","Amudat",2012,2.6
"d324","Amudat",2013,3.7
"d324","Amudat",2014,4.4
"d324","Amudat",2015,9.8
"d324","Amudat",2016,9.6
"d216","Amuria",2011,3.4
"d216","Amuria",2012,2.3
"d216","Amuria",2013,3.3
"d216","Amuria",2014,7.7
"d216","Amuria",2015,7.8
"d216","Amuria",2016,9.8
"d316","Amuru",2011,4.9
"d316","Amuru",2012,4.5
"d316","Amuru",2013,1.9
"d316","Amuru",2014,6.1
"d316","Amuru",2015,8.8
"d316","Amuru",2016,9.5
"d302","Apac",2011,3.8
"d302","Apac",2012,3.5
"d302","Apac",2013,2.5
"d302","Apac",2014,8
"d302","Apac",2015,9
"d302","Apac",2016,9.2
"d303","Arua",2011,3.2
"d303","Arua",2012,1.2
"d303","Arua",2013,2.1
"d303","Arua",2014,3.7
"d303","Arua",2015,8.2
"d303","Arua",2016,9.7
"d217","Budaka",2011,3.3
"d217","Budaka",2012,3.7
"d217","Budaka",2013,4.7
"d217","Budaka",2014,8.5
"d217","Budaka",2015,9
"d217","Budaka",2016,9.6
"d218","Bududa",2011,4.9
"d218","Bududa",2012,3.4
"d218","Bududa",2013,4
"d218","Bududa",2014,8.6
"d218","Bududa",2015,9.6
"d218","Bududa",2016,9.9
"d201","Bugiri",2011,4.5
"d201","Bugiri",2012,4.6
"d201","Bugiri",2013,3.7
"d201","Bugiri",2014,6.5
"d201","Bugiri",2015,9.7
"d201","Bugiri",2016,9.4
"d420","Buhweju",2011,1.9
"d420","Buhweju",2012,3.8
"d420","Buhweju",2013,4.3
"d420","Buhweju",2014,7.7
"d420","Buhweju",2015,7.6
"d420","Buhweju",2016,9.5
"d117","Buikwe",2011,4.9
"d117","Buikwe",2012,4.9
"d117","Buikwe",2013,4.3
"d117","Buikwe",2014,7.8
"d117","Buikwe",2015,8.1
"d117","Buikwe",2016,9.2
"d219","Bukedea",2011,2.7
"d219","Bukedea",2012,4.4
"d219","Bukedea",2013,3.6
"d219","Bukedea",2014,6.8
"d219","Bukedea",2015,8
"d219","Bukedea",2016,9.8
"d118","Bukomansimbi",2011,2.9
"d118","Bukomansimbi",2012,3
"d118","Bukomansimbi",2013,2.4
"d118","Bukomansimbi",2014,9
"d118","Bukomansimbi",2015,10
"d118","Bukomansimbi",2016,10
"d220","Bukwo",2011,4.4
"d220","Bukwo",2012,3.3
"d220","Bukwo",2013,4.8
"d220","Bukwo",2014,9
"d220","Bukwo",2015,10
"d220","Bukwo",2016,10
"d225","Bulambuli",2011,1.8
"d225","Bulambuli",2012,1.4
"d225","Bulambuli",2013,3.1
"d225","Bulambuli",2014,7.5
"d225","Bulambuli",2015,8.1
"d225","Bulambuli",2016,9.4
"d416","Buliisa",2011,4.6
"d416","Buliisa",2012,5
"d416","Buliisa",2013,4.7
"d416","Buliisa",2014,8.5
"d416","Buliisa",2015,10
"d416","Buliisa",2016,9.4
"d401","Bundibugyo",2011,4
"d401","Bundibugyo",2012,4.7
"d401","Bundibugyo",2013,4.6
"d401","Bundibugyo",2014,6.4
"d401","Bundibugyo",2015,9.1
"d401","Bundibugyo",2016,9.9
"d402","Bushenyi",2011,4.3
"d402","Bushenyi",2012,4.2
"d402","Bushenyi",2013,4.1
"d402","Bushenyi",2014,6.9
"d402","Bushenyi",2015,76
"d402","Bushenyi",2016,9.8
"d202","Busia",2011,2.2
"d202","Busia",2012,3.3
"d202","Busia",2013,3.7
"d202","Busia",2014,6.5
"d202","Busia",2015,76
"d202","Busia",2016,10
"d221","Butaleja",2011,5
"d221","Butaleja",2012,4.8
"d221","Butaleja",2013,5
"d221","Butaleja",2014,7.1
"d221","Butaleja",2015,8.1
"d221","Butaleja",2016,9.7
"d119","Butambala",2011,3.5
"d119","Butambala",2012,3.9
"d119","Butambala",2013,3.7
"d119","Butambala",2014,9
"d119","Butambala",2015,7.9
"d119","Butambala",2016,10
"d120","Buvuma",2011,3.4
"d120","Buvuma",2012,3.4
"d120","Buvuma",2013,4.3
"d120","Buvuma",2014,6.7
"d120","Buvuma",2015,7.9
"d120","Buvuma",2016,9.7
"d226","Buyende",2011,2.3
"d226","Buyende",2012,2.5
"d226","Buyende",2013,2.9
"d226","Buyende",2014,4
"d226","Buyende",2015,6.4
"d226","Buyende",2016,9.8
"d317","Dokolo",2011,4.9
"d317","Dokolo",2012,5
"d317","Dokolo",2013,4.9
"d317","Dokolo",2014,8.2
"d317","Dokolo",2015,9.2
"d317","Dokolo",2016,9.5
"d121","Gomba",2011,3.7
"d121","Gomba",2012,4.7
"d121","Gomba",2013,4.3
"d121","Gomba",2014,7.9
"d121","Gomba",2015,9.8
"d121","Gomba",2016,9.9
"d304","Gulu",2011,5
"d304","Gulu",2012,4.6
"d304","Gulu",2013,4.6
"d304","Gulu",2014,7.7
"d304","Gulu",2015,8.8
"d304","Gulu",2016,9.4
"d403","Hoima",2011,4.7
"d403","Hoima",2012,3.5
"d403","Hoima",2013,3.5
"d403","Hoima",2014,7.9
"d403","Hoima",2015,9.2
"d403","Hoima",2016,8.7
"d417","Ibanda",2011,3.3
"d417","Ibanda",2012,4.9
"d417","Ibanda",2013,4.3
"d417","Ibanda",2014,6.9
"d417","Ibanda",2015,5.8
"d417","Ibanda",2016,9.9
"d203","Iganga",2011,4
"d203","Iganga",2012,4.8
"d203","Iganga",2013,4.9
"d203","Iganga",2014,6.4
"d203","Iganga",2015,10
"d203","Iganga",2016,9.1
"d418","Isingiro",2011,4.5
"d418","Isingiro",2012,3.6
"d418","Isingiro",2013,4.6
"d418","Isingiro",2014,8
"d418","Isingiro",2015,78
"d418","Isingiro",2016,9.4
"d204","Jinja",2011,3.8
"d204","Jinja",2012,3.5
"d204","Jinja",2013,4.7
"d204","Jinja",2014,6.1
"d204","Jinja",2015,8.3
"d204","Jinja",2016,9.2
"d318","Kaabong",2011,4.3
"d318","Kaabong",2012,3.3
"d318","Kaabong",2013,2.8
"d318","Kaabong",2014,8.6
"d318","Kaabong",2015,9.5
"d318","Kaabong",2016,9
"d404","Kabale",2011,5
"d404","Kabale",2012,4.5
"d404","Kabale",2013,4.9
"d404","Kabale",2014,8.3
"d404","Kabale",2015,9.8
"d404","Kabale",2016,9.6
"d405","Kabarole",2011,4.8
"d405","Kabarole",2012,4.8
"d405","Kabarole",2013,4.2
"d405","Kabarole",2014,5.3
"d405","Kabarole",2015,9.8
"d405","Kabarole",2016,9.3
"d213","Kaberamaido",2011,4.6
"d213","Kaberamaido",2012,4.6
"d213","Kaberamaido",2013,2.9
"d213","Kaberamaido",2014,5.4
"d213","Kaberamaido",2015,8.2
"d213","Kaberamaido",2016,9.6
"d101","Kalangala",2011,3.9
"d101","Kalangala",2012,4.6
"d101","Kalangala",2013,3.7
"d101","Kalangala",2014,6
"d101","Kalangala",2015,9.7
"d101","Kalangala",2016,9.7
"d222","Kaliro",2011,2.6
"d222","Kaliro",2012,4.5
"d222","Kaliro",2013,2.2
"d222","Kaliro",2014,5.3
"d222","Kaliro",2015,7.9
"d222","Kaliro",2016,9.9
"d122","Kalungu",2011,2.4
"d122","Kalungu",2012,4.7
"d122","Kalungu",2013,4.6
"d122","Kalungu",2014,6.9
"d122","Kalungu",2015,8.5
"d122","Kalungu",2016,9.9
"d102","Kampala",2011,3.8
"d102","Kampala",2012,3.2
"d102","Kampala",2013,
"d102","Kampala",2014,1.8
"d102","Kampala",2015,2.8
"d102","Kampala",2016,7.6
"d205","Kamuli",2011,3.6
"d205","Kamuli",2012,4.5
"d205","Kamuli",2013,4.5
"d205","Kamuli",2014,4.9
"d205","Kamuli",2015,10
"d205","Kamuli",2016,9.5
"d413","Kamwenge",2011,5
"d413","Kamwenge",2012,4.4
"d413","Kamwenge",2013,3.9
"d413","Kamwenge",2014,8.2
"d413","Kamwenge",2015,8.9
"d413","Kamwenge",2016,9.5
"d414","Kanungu",2011,4.5
"d414","Kanungu",2012,3.6
"d414","Kanungu",2013,3.5
"d414","Kanungu",2014,9.6
"d414","Kanungu",2015,9.7
"d414","Kanungu",2016,8.6
"d206","Kapchorwa",2011,4
"d206","Kapchorwa",2012,4.7
"d206","Kapchorwa",2013,4.5
"d206","Kapchorwa",2014,6.6
"d206","Kapchorwa",2015,78
"d206","Kapchorwa",2016,9.5
"d406","Kasese",2011,3
"d406","Kasese",2012,2.5
"d406","Kasese",2013,1.7
"d406","Kasese",2014,4.8
"d406","Kasese",2015,5.7
"d406","Kasese",2016,9.2
"d207","Katakwi",2011,4.8
"d207","Katakwi",2012,4.8
"d207","Katakwi",2013,3.5
"d207","Katakwi",2014,6.2
"d207","Katakwi",2015,9.7
"d207","Katakwi",2016,9.6
"d112","Kayunga",2011,5
"d112","Kayunga",2012,4
"d112","Kayunga",2013,4.9
"d112","Kayunga",2014,9
"d112","Kayunga",2015,10
"d112","Kayunga",2016,8.6
"d407","Kibaale",2011,5
"d407","Kibaale",2012,5
"d407","Kibaale",2013,4.7
"d407","Kibaale",2014,6.9
"d407","Kibaale",2015,9.9
"d407","Kibaale",2016,9.6
"d103","Kiboga",2011,5
"d103","Kiboga",2012,3.6
"d103","Kiboga",2013,5
"d103","Kiboga",2014,8.5
"d103","Kiboga",2015,78
"d103","Kiboga",2016,9.4
"d227","Kibuku",2011,3.2
"d227","Kibuku",2012,4.5
"d227","Kibuku",2013,3
"d227","Kibuku",2014,5
"d227","Kibuku",2015,6.5
"d227","Kibuku",2016,9.9
"d419","Kiruhura",2011,3.8
"d419","Kiruhura",2012,4.8
"d419","Kiruhura",2013,4.3
"d419","Kiruhura",2014,8.1
"d419","Kiruhura",2015,75
"d419","Kiruhura",2016,9.3
"d421","Kiryandongo",2011,3.2
"d421","Kiryandongo",2012,4.7
"d421","Kiryandongo",2013,4.4
"d421","Kiryandongo",2014,6.8
"d421","Kiryandongo",2015,9.9
"d421","Kiryandongo",2016,9.7
"d408","Kisoro",2011,4.9
"d408","Kisoro",2012,4.9
"d408","Kisoro",2013,3.9
"d408","Kisoro",2014,8.7
"d408","Kisoro",2015,10
"d408","Kisoro",2016,9.8
"d305","Kitgum",2011,4
"d305","Kitgum",2012,2.3
"d305","Kitgum",2013,3.8
"d305","Kitgum",2014,5.2
"d305","Kitgum",2015,4.8
"d305","Kitgum",2016,9.2
"d319","Koboko",2011,4.4
"d319","Koboko",2012,4.6
"d319","Koboko",2013,4.5
"d319","Koboko",2014,9
"d319","Koboko",2015,9.9
"d319","Koboko",2016,10
"d325","Kole",2011,1.8
"d325","Kole",2012,4.3
"d325","Kole",2013,2.8
"d325","Kole",2014,7.7
"d325","Kole",2015,10
"d325","Kole",2016,9.6
"d306","Kotido",2011,4.6
"d306","Kotido",2012,4.8
"d306","Kotido",2013,4
"d306","Kotido",2014,8.2
"d306","Kotido",2015,5.3
"d306","Kotido",2016,9.5
"d208","Kumi",2011,3.8
"d208","Kumi",2012,4.4
"d208","Kumi",2013,4.8
"d208","Kumi",2014,8.9
"d208","Kumi",2015,9.1
"d208","Kumi",2016,8.7
"d228","Kween",2011,3.2
"d228","Kween",2012,3.7
"d228","Kween",2013,1.6
"d228","Kween",2014,5.4
"d228","Kween",2015,9
"d228","Kween",2016,9.7
"d123","Kyankwanzi",2011,4.4
"d123","Kyankwanzi",2012,4.4
"d123","Kyankwanzi",2013,4.8
"d123","Kyankwanzi",2014,8.6
"d123","Kyankwanzi",2015,9.9
"d123","Kyankwanzi",2016,9.7
"d422","Kyegegwa",2011,4.1
"d422","Kyegegwa",2012,5
"d422","Kyegegwa",2013,4.6
"d422","Kyegegwa",2014,7.9
"d422","Kyegegwa",2015,9.6
"d422","Kyegegwa",2016,9.7
"d415","Kyenjojo",2011,3.7
"d415","Kyenjojo",2012,4.8
"d415","Kyenjojo",2013,4
"d415","Kyenjojo",2014,4.3
"d415","Kyenjojo",2015,8.2
"d415","Kyenjojo",2016,9.8
"d326","Lamwo",2011,3.6
"d326","Lamwo",2012,3.5
"d326","Lamwo",2013,4.8
"d326","Lamwo",2014,9
"d326","Lamwo",2015,8.3
"d326","Lamwo",2016,9.8
"d307","Lira",2011,3.8
"d307","Lira",2012,4.3
"d307","Lira",2013,4.5
"d307","Lira",2014,9.3
"d307","Lira",2015,9.3
"d307","Lira",2016,9.5
"d229","Luuka",2011,3.2
"d229","Luuka",2012,3.4
"d229","Luuka",2013,4.7
"d229","Luuka",2014,5.8
"d229","Luuka",2015,8
"d229","Luuka",2016,9.9
"d104","Luwero",2011,3.6
"d104","Luwero",2012,3.4
"d104","Luwero",2013,4.3
"d104","Luwero",2014,7.9
"d104","Luwero",2015,8.6
"d104","Luwero",2016,8
"d124","Lwengo",2011,2
"d124","Lwengo",2012,3.5
"d124","Lwengo",2013,4.1
"d124","Lwengo",2014,6.9
"d124","Lwengo",2015,8.8
"d124","Lwengo",2016,10
"d114","Lyantonde",2011,4.3
"d114","Lyantonde",2012,3.2
"d114","Lyantonde",2013,3.9
"d114","Lyantonde",2014,8.2
"d114","Lyantonde",2015,9.7
"d114","Lyantonde",2016,9.5
"d223","Manafwa",2011,4
"d223","Manafwa",2012,3.7
"d223","Manafwa",2013,4.7
"d223","Manafwa",2014,6.6
"d223","Manafwa",2015,9.1
"d223","Manafwa",2016,9.2
"d320","Maracha",2011,5
"d320","Maracha",2012,3.6
"d320","Maracha",2013,5
"d320","Maracha",2014,8.3
"d320","Maracha",2015,7.7
"d320","Maracha",2016,9.4
"d105","Masaka",2011,3.4
"d105","Masaka",2012,4.4
"d105","Masaka",2013,4.9
"d105","Masaka",2014,8.9
"d105","Masaka",2015,6.3
"d105","Masaka",2016,10
"d409","Masindi",2011,5
"d409","Masindi",2012,3.9
"d409","Masindi",2013,4.7
"d409","Masindi",2014,7.7
"d409","Masindi",2015,78
"d409","Masindi",2016,9.8
"d214","Mayuge",2011,4.2
"d214","Mayuge",2012,4.7
"d214","Mayuge",2013,4.8
"d214","Mayuge",2014,6.7
"d214","Mayuge",2015,6.6
"d214","Mayuge",2016,9.8
"d209","Mbale",2011,4.6
"d209","Mbale",2012,4.1
"d209","Mbale",2013,4.5
"d209","Mbale",2014,8
"d209","Mbale",2015,9
"d209","Mbale",2016,9.7
"d410","Mbarara",2011,3.2
"d410","Mbarara",2012,3.2
"d410","Mbarara",2013,3.7
"d410","Mbarara",2014,8
"d410","Mbarara",2015,6.7
"d410","Mbarara",2016,9.5
"d423","Mitooma",2011,0.6
"d423","Mitooma",2012,4.4
"d423","Mitooma",2013,3.9
"d423","Mitooma",2014,7.5
"d423","Mitooma",2015,7.8
"d423","Mitooma",2016,8.9
"d115","Mityana",2011,3.9
"d115","Mityana",2012,4.1
"d115","Mityana",2013,4.4
"d115","Mityana",2014,8.9
"d115","Mityana",2015,9.9
"d115","Mityana",2016,10
"d308","Moroto",2011,3.4
"d308","Moroto",2012,4.6
"d308","Moroto",2013,4.8
"d308","Moroto",2014,8.6
"d308","Moroto",2015,7.4
"d308","Moroto",2016,9.1
"d309","Moyo",2011,4
"d309","Moyo",2012,4
"d309","Moyo",2013,4.9
"d309","Moyo",2014,9.9
"d309","Moyo",2015,9.9
"d309","Moyo",2016,9.9
"d106","Mpigi",2011,4.6
"d106","Mpigi",2012,4.3
"d106","Mpigi",2013,3.5
"d106","Mpigi",2014,6.5
"d106","Mpigi",2015,8.9
"d106","Mpigi",2016,9.8
"d107","Mubende",2011,3.6
"d107","Mubende",2012,4.7
"d107","Mubende",2013,2.9
"d107","Mubende",2014,6.3
"d107","Mubende",2015,8.5
"d107","Mubende",2016,9.5
"d108","Mukono",2011,4.9
"d108","Mukono",2012,3.8
"d108","Mukono",2013,5
"d108","Mukono",2014,9
"d108","Mukono",2015,9.8
"d108","Mukono",2016,9.9
"d311","Nakapiripirit",2011,5
"d311","Nakapiripirit",2012,4
"d311","Nakapiripirit",2013,3.9
"d311","Nakapiripirit",2014,8.9
"d311","Nakapiripirit",2015,9.3
"d311","Nakapiripirit",2016,9.7
"d116","Nakaseke",2011,3.9
"d116","Nakaseke",2012,4.9
"d116","Nakaseke",2013,4.5
"d116","Nakaseke",2014,6.8
"d116","Nakaseke",2015,7.6
"d116","Nakaseke",2016,10
"d109","Nakasongola",2011,3.9
"d109","Nakasongola",2012,4.4
"d109","Nakasongola",2013,4.6
"d109","Nakasongola",2014,6.4
"d109","Nakasongola",2015,6
"d109","Nakasongola",2016,8.8
"d230","Namayingo",2011,2.8
"d230","Namayingo",2012,3.9
"d230","Namayingo",2013,3.4
"d230","Namayingo",2014,6.5
"d230","Namayingo",2015,9.2
"d230","Namayingo",2016,9.4
"d224","Namutumba",2011,5
"d224","Namutumba",2012,4.9
"d224","Namutumba",2013,4
"d224","Namutumba",2014,6.4
"d224","Namutumba",2015,8.7
"d224","Namutumba",2016,9.9
"d327","Napak",2011,4
"d327","Napak",2012,2.5
"d327","Napak",2013,3.7
"d327","Napak",2014,8.8
"d327","Napak",2015,8.7
"d327","Napak",2016,9.1
"d310","Nebbi",2011,4.3
"d310","Nebbi",2012,3.9
"d310","Nebbi",2013,4.4
"d310","Nebbi",2014,6.9
"d310","Nebbi",2015,9.9
"d310","Nebbi",2016,9.8
"d231","Ngora",2011,1.7
"d231","Ngora",2012,4
"d231","Ngora",2013,4.2
"d231","Ngora",2014,8
"d231","Ngora",2015,8.8
"d231","Ngora",2016,9.5
"d424","Ntoroko",2011,2.9
"d424","Ntoroko",2012,3.2
"d424","Ntoroko",2013,3.5
"d424","Ntoroko",2014,3.9
"d424","Ntoroko",2015,9.5
"d424","Ntoroko",2016,10
"d411","Ntungamo",2011,3.7
"d411","Ntungamo",2012,4.8
"d411","Ntungamo",2013,4.7
"d411","Ntungamo",2014,7.3
"d411","Ntungamo",2015,6.5
"d411","Ntungamo",2016,9.1
"d328","Nwoya",2011,1.8
"d328","Nwoya",2012,3.6
"d328","Nwoya",2013,4.9
"d328","Nwoya",2014,9
"d328","Nwoya",2015,10
"d328","Nwoya",2016,9.5
"d329","Otuke",2011,3.3
"d329","Otuke",2012,4.3
"d329","Otuke",2013,3.7
"d329","Otuke",2014,6.4
"d329","Otuke",2015,8.1
"d329","Otuke",2016,9.8
"d321","Oyam",2011,5
"d321","Oyam",2012,3.1
"d321","Oyam",2013,3.1
"d321","Oyam",2014,6
"d321","Oyam",2015,7.8
"d321","Oyam",2016,9.6
"d312","Pader",2011,4.4
"d312","Pader",2012,4.4
"d312","Pader",2013,3.2
"d312","Pader",2014,6.4
"d312","Pader",2015,6.8
"d312","Pader",2016,9
"d210","Pallisa",2011,3.5
"d210","Pallisa",2012,3.2
"d210","Pallisa",2013,4.4
"d210","Pallisa",2014,6.6
"d210","Pallisa",2015,78
"d210","Pallisa",2016,9.6
"d110","Rakai",2011,4.4
"d110","Rakai",2012,2.6
"d110","Rakai",2013,4.2
"d110","Rakai",2014,7
"d110","Rakai",2015,6.7
"d110","Rakai",2016,9.4
"d425","Rubirizi",2011,4.1
"d425","Rubirizi",2012,5
"d425","Rubirizi",2013,3.8
"d425","Rubirizi",2014,8.8
"d425","Rubirizi",2015,6.3
"d425","Rubirizi",2016,9.6
"d412","Rukungiri",2011,3.9
"d412","Rukungiri",2012,3.2
"d412","Rukungiri",2013,3.3
"d412","Rukungiri",2014,8.8
"d412","Rukungiri",2015,9.9
"d412","Rukungiri",2016,9.4
"d111","Sembabule",2011,3.7
"d111","Sembabule",2012,2
"d111","Sembabule",2013,3.5
"d111","Sembabule",2014,7
"d111","Sembabule",2015,9.9
"d111","Sembabule",2016,9.7
"d232","Serere",2011,2.5
"d232","Serere",2012,4.8
"d232","Serere",2013,3.7
"d232","Serere",2014,6.8
"d232","Serere",2015,9.4
"d232","Serere",2016,9.5
"d426","Sheema",2011,2.5
"d426","Sheema",2012,4.9
"d426","Sheema",2013,2.8
"d426","Sheema",2014,6.8
"d426","Sheema",2015,9.7
"d426","Sheema",2016,9.8
"d215","Sironko",2011,4.6
"d215","Sironko",2012,3.5
"d215","Sironko",2013,4.9
"d215","Sironko",2014,5.8
"d215","Sironko",2015,71
"d215","Sironko",2016,9.5
"d211","Soroti",2011,2.7
"d211","Soroti",2012,3.9
"d211","Soroti",2013,3.1
"d211","Soroti",2014,7.2
"d211","Soroti",2015,8.6
"d211","Soroti",2016,9.6
"d212","Tororo",2011,4.9
"d212","Tororo",2012,4.8
"d212","Tororo",2013,4.2
"d212","Tororo",2014,6.9
"d212","Tororo",2015,9.2
"d212","Tororo",2016,9.8
"d113","Wakiso",2011,4.9
"d113","Wakiso",2012,3.6
"d113","Wakiso",2013,4.2
"d113","Wakiso",2014,5.8
"d113","Wakiso",2015,5.7
"d113","Wakiso",2016,9.4
"d313","Yumbe",2011,5
"d313","Yumbe",2012,4.7
"d313","Yumbe",2013,4.9
"d313","Yumbe",2014,10
"d313","Yumbe",2015,10
"d313","Yumbe",2016,9.6
"d330","Zombo",2011,5
"d330","Zombo",2012,4
"d330","Zombo",2013,4.9
"d330","Zombo",2014,8.9
"d330","Zombo",2015,9.5
"d330","Zombo",2016,10
