"id","entity-name","year","value","original-value"
"AF","Afghanistan",2000,,
"AF","Afghanistan",2001,,
"AF","Afghanistan",2002,,
"AF","Afghanistan",2003,,
"AF","Afghanistan",2004,,
"AF","Afghanistan",2005,,
"AF","Afghanistan",2006,,
"AF","Afghanistan",2007,,
"AF","Afghanistan",2008,,
"AF","Afghanistan",2009,,
"AF","Afghanistan",2010,,
"AF","Afghanistan",2011,31.74111748,31.74111748
"AF","Afghanistan",2012,,
"AF","Afghanistan",2013,,
"AL","Albania",2000,,
"AL","Albania",2001,98.71297455,98.71297455
"AL","Albania",2002,98.3166405829,
"AL","Albania",2003,97.9203066157,
"AL","Albania",2004,97.5239726486,
"AL","Albania",2005,97.1276386814,
"AL","Albania",2006,96.7313047143,
"AL","Albania",2007,96.3349707471,
"AL","Albania",2008,95.93863678,95.93863678
"AL","Albania",2009,96.2408574433,
"AL","Albania",2010,96.5430781067,
"AL","Albania",2011,96.84529877,96.84529877
"AL","Albania",2012,,
"AL","Albania",2013,,
"DZ","Algeria",2000,,
"DZ","Algeria",2001,,
"DZ","Algeria",2002,69.87349701,69.87349701
"DZ","Algeria",2003,70.5672931675,
"DZ","Algeria",2004,71.261089325,
"DZ","Algeria",2005,71.9548854825,
"DZ","Algeria",2006,72.64868164,72.64868164
"DZ","Algeria",2007,,
"DZ","Algeria",2008,,
"DZ","Algeria",2009,,
"DZ","Algeria",2010,,
"DZ","Algeria",2011,,
"DZ","Algeria",2012,,
"DZ","Algeria",2013,,
"AS","American Samoa",2000,,
"AS","American Samoa",2001,,
"AS","American Samoa",2002,,
"AS","American Samoa",2003,,
"AS","American Samoa",2004,,
"AS","American Samoa",2005,,
"AS","American Samoa",2006,,
"AS","American Samoa",2007,,
"AS","American Samoa",2008,,
"AS","American Samoa",2009,,
"AS","American Samoa",2010,,
"AS","American Samoa",2011,,
"AS","American Samoa",2012,,
"AS","American Samoa",2013,,
"AD","Andorra",2000,,
"AD","Andorra",2001,,
"AD","Andorra",2002,,
"AD","Andorra",2003,,
"AD","Andorra",2004,,
"AD","Andorra",2005,,
"AD","Andorra",2006,,
"AD","Andorra",2007,,
"AD","Andorra",2008,,
"AD","Andorra",2009,,
"AD","Andorra",2010,,
"AD","Andorra",2011,,
"AD","Andorra",2012,,
"AD","Andorra",2013,,
"AO","Angola",2000,,
"AO","Angola",2001,67.4054184,67.4054184
"AO","Angola",2002,67.6940501855,
"AO","Angola",2003,67.9826819709,
"AO","Angola",2004,68.2713137564,
"AO","Angola",2005,68.5599455418,
"AO","Angola",2006,68.8485773273,
"AO","Angola",2007,69.1372091127,
"AO","Angola",2008,69.4258408982,
"AO","Angola",2009,69.7144726836,
"AO","Angola",2010,70.0031044691,
"AO","Angola",2011,70.2917362545,
"AO","Angola",2012,70.58036804,70.58036804
"AO","Angola",2013,,
"AG","Antigua and Barbuda",2000,,
"AG","Antigua and Barbuda",2001,98.94999695,98.94999695
"AG","Antigua and Barbuda",2002,98.94999695,
"AG","Antigua and Barbuda",2003,98.94999695,
"AG","Antigua and Barbuda",2004,98.94999695,
"AG","Antigua and Barbuda",2005,98.94999695,
"AG","Antigua and Barbuda",2006,98.94999695,
"AG","Antigua and Barbuda",2007,98.94999695,
"AG","Antigua and Barbuda",2008,98.94999695,
"AG","Antigua and Barbuda",2009,98.94999695,
"AG","Antigua and Barbuda",2010,98.94999695,
"AG","Antigua and Barbuda",2011,98.94999695,
"AG","Antigua and Barbuda",2012,98.94999695,98.94999695
"AG","Antigua and Barbuda",2013,,
"AR","Argentina",2000,,
"AR","Argentina",2001,97.1933136,97.1933136
"AR","Argentina",2002,97.25902072,
"AR","Argentina",2003,97.32472784,
"AR","Argentina",2004,97.39043496,
"AR","Argentina",2005,97.45614208,
"AR","Argentina",2006,97.5218492,
"AR","Argentina",2007,97.58755632,
"AR","Argentina",2008,97.65326344,
"AR","Argentina",2009,97.71897056,
"AR","Argentina",2010,97.78467768,
"AR","Argentina",2011,97.8503848,
"AR","Argentina",2012,97.91609192,97.91609192
"AR","Argentina",2013,,
"AM","Armenia",2000,,
"AM","Armenia",2001,99.40015411,99.40015411
"AM","Armenia",2002,99.4192262091,
"AM","Armenia",2003,99.4382983082,
"AM","Armenia",2004,99.4573704073,
"AM","Armenia",2005,99.4764425064,
"AM","Armenia",2006,99.4955146055,
"AM","Armenia",2007,99.5145867045,
"AM","Armenia",2008,99.5336588036,
"AM","Armenia",2009,99.5527309027,
"AM","Armenia",2010,99.5718030018,
"AM","Armenia",2011,99.5908751009,
"AM","Armenia",2012,99.6099472,99.6099472
"AM","Armenia",2013,,
"AW","Aruba",2000,97.29125214,97.29125214
"AW","Aruba",2001,97.244390873,
"AW","Aruba",2002,97.197529606,
"AW","Aruba",2003,97.150668339,
"AW","Aruba",2004,97.103807072,
"AW","Aruba",2005,97.056945805,
"AW","Aruba",2006,97.010084538,
"AW","Aruba",2007,96.963223271,
"AW","Aruba",2008,96.916362004,
"AW","Aruba",2009,96.869500737,
"AW","Aruba",2010,96.82263947,96.82263947
"AW","Aruba",2011,,
"AW","Aruba",2012,,
"AW","Aruba",2013,,
"AU","Australia",2000,,
"AU","Australia",2001,,
"AU","Australia",2002,,
"AU","Australia",2003,,
"AU","Australia",2004,,
"AU","Australia",2005,,
"AU","Australia",2006,,
"AU","Australia",2007,,
"AU","Australia",2008,,
"AU","Australia",2009,,
"AU","Australia",2010,,
"AU","Australia",2011,,
"AU","Australia",2012,,
"AU","Australia",2013,,
"AT","Austria",2000,,
"AT","Austria",2001,,
"AT","Austria",2002,,
"AT","Austria",2003,,
"AT","Austria",2004,,
"AT","Austria",2005,,
"AT","Austria",2006,,
"AT","Austria",2007,,
"AT","Austria",2008,,
"AT","Austria",2009,,
"AT","Austria",2010,,
"AT","Austria",2011,,
"AT","Austria",2012,,
"AT","Austria",2013,,
"AZ","Azerbaijan",2000,,
"AZ","Azerbaijan",2001,,
"AZ","Azerbaijan",2002,,
"AZ","Azerbaijan",2003,,
"AZ","Azerbaijan",2004,,
"AZ","Azerbaijan",2005,,
"AZ","Azerbaijan",2006,,
"AZ","Azerbaijan",2007,99.60190582,99.60190582
"AZ","Azerbaijan",2008,99.68087387,
"AZ","Azerbaijan",2009,99.75984192,99.75984192
"AZ","Azerbaijan",2010,99.77114105,99.77114105
"AZ","Azerbaijan",2011,99.77863312,99.77863312
"AZ","Azerbaijan",2012,99.77577209,99.77577209
"AZ","Azerbaijan",2013,,
"BS","Bahamas",2000,,
"BS","Bahamas",2001,,
"BS","Bahamas",2002,,
"BS","Bahamas",2003,,
"BS","Bahamas",2004,,
"BS","Bahamas",2005,,
"BS","Bahamas",2006,,
"BS","Bahamas",2007,,
"BS","Bahamas",2008,,
"BS","Bahamas",2009,,
"BS","Bahamas",2010,,
"BS","Bahamas",2011,,
"BS","Bahamas",2012,,
"BS","Bahamas",2013,,
"BH","Bahrain",2000,,
"BH","Bahrain",2001,86.5487442,86.5487442
"BH","Bahrain",2002,87.4385274233,
"BH","Bahrain",2003,88.3283106467,
"BH","Bahrain",2004,89.21809387,
"BH","Bahrain",2005,90.1078770933,
"BH","Bahrain",2006,90.9976603167,
"BH","Bahrain",2007,91.88744354,
"BH","Bahrain",2008,92.7772267633,
"BH","Bahrain",2009,93.6670099867,
"BH","Bahrain",2010,94.55679321,94.55679321
"BH","Bahrain",2011,,
"BH","Bahrain",2012,,
"BH","Bahrain",2013,,
"BD","Bangladesh",2000,,
"BD","Bangladesh",2001,47.48550034,47.48550034
"BD","Bangladesh",2002,48.51297483,
"BD","Bangladesh",2003,49.54044932,
"BD","Bangladesh",2004,50.56792381,
"BD","Bangladesh",2005,51.5953983,
"BD","Bangladesh",2006,52.62287279,
"BD","Bangladesh",2007,53.65034728,
"BD","Bangladesh",2008,54.67782177,
"BD","Bangladesh",2009,55.70529626,
"BD","Bangladesh",2010,56.73277075,
"BD","Bangladesh",2011,57.76024524,
"BD","Bangladesh",2012,58.78771973,58.78771973
"BD","Bangladesh",2013,,
"BB","Barbados",2000,,
"BB","Barbados",2001,,
"BB","Barbados",2002,,
"BB","Barbados",2003,,
"BB","Barbados",2004,,
"BB","Barbados",2005,,
"BB","Barbados",2006,,
"BB","Barbados",2007,,
"BB","Barbados",2008,,
"BB","Barbados",2009,,
"BB","Barbados",2010,,
"BB","Barbados",2011,,
"BB","Barbados",2012,,
"BB","Barbados",2013,,
"BY","Belarus",2000,,
"BY","Belarus",2001,,
"BY","Belarus",2002,,
"BY","Belarus",2003,,
"BY","Belarus",2004,,
"BY","Belarus",2005,,
"BY","Belarus",2006,,
"BY","Belarus",2007,,
"BY","Belarus",2008,,
"BY","Belarus",2009,99.6170578,99.6170578
"BY","Belarus",2010,,
"BY","Belarus",2011,,
"BY","Belarus",2012,,
"BY","Belarus",2013,,
"BE","Belgium",2000,,
"BE","Belgium",2001,,
"BE","Belgium",2002,,
"BE","Belgium",2003,,
"BE","Belgium",2004,,
"BE","Belgium",2005,,
"BE","Belgium",2006,,
"BE","Belgium",2007,,
"BE","Belgium",2008,,
"BE","Belgium",2009,,
"BE","Belgium",2010,,
"BE","Belgium",2011,,
"BE","Belgium",2012,,
"BE","Belgium",2013,,
"BZ","Belize",2000,,
"BZ","Belize",2001,,
"BZ","Belize",2002,,
"BZ","Belize",2003,,
"BZ","Belize",2004,,
"BZ","Belize",2005,,
"BZ","Belize",2006,,
"BZ","Belize",2007,,
"BZ","Belize",2008,,
"BZ","Belize",2009,,
"BZ","Belize",2010,,
"BZ","Belize",2011,,
"BZ","Belize",2012,,
"BZ","Belize",2013,,
"BJ","Benin",2000,,
"BJ","Benin",2001,,
"BJ","Benin",2002,34.65784836,34.65784836
"BJ","Benin",2003,33.16891432,
"BJ","Benin",2004,31.67998028,
"BJ","Benin",2005,30.19104624,
"BJ","Benin",2006,28.7021122,28.7021122
"BJ","Benin",2007,,
"BJ","Benin",2008,,
"BJ","Benin",2009,,
"BJ","Benin",2010,,
"BJ","Benin",2011,,
"BJ","Benin",2012,,
"BJ","Benin",2013,,
"BM","Bermuda",2000,,
"BM","Bermuda",2001,,
"BM","Bermuda",2002,,
"BM","Bermuda",2003,,
"BM","Bermuda",2004,,
"BM","Bermuda",2005,,
"BM","Bermuda",2006,,
"BM","Bermuda",2007,,
"BM","Bermuda",2008,,
"BM","Bermuda",2009,,
"BM","Bermuda",2010,,
"BM","Bermuda",2011,,
"BM","Bermuda",2012,,
"BM","Bermuda",2013,,
"BT","Bhutan",2000,,
"BT","Bhutan",2001,,
"BT","Bhutan",2002,,
"BT","Bhutan",2003,,
"BT","Bhutan",2004,,
"BT","Bhutan",2005,52.81468964,52.81468964
"BT","Bhutan",2006,,
"BT","Bhutan",2007,,
"BT","Bhutan",2008,,
"BT","Bhutan",2009,,
"BT","Bhutan",2010,,
"BT","Bhutan",2011,,
"BT","Bhutan",2012,,
"BT","Bhutan",2013,,
"BO","Bolivia ",2000,,
"BO","Bolivia ",2001,86.72366333,86.72366333
"BO","Bolivia ",2002,87.3936309817,
"BO","Bolivia ",2003,88.0635986333,
"BO","Bolivia ",2004,88.733566285,
"BO","Bolivia ",2005,89.4035339367,
"BO","Bolivia ",2006,90.0735015883,
"BO","Bolivia ",2007,90.74346924,90.74346924
"BO","Bolivia ",2008,90.69810486,90.69810486
"BO","Bolivia ",2009,91.16782379,91.16782379
"BO","Bolivia ",2010,91.696983335,
"BO","Bolivia ",2011,92.22614288,92.22614288
"BO","Bolivia ",2012,94.46056366,94.46056366
"BO","Bolivia ",2013,,
"BA","Bosnia and Herzegovina",2000,96.6631012,96.6631012
"BA","Bosnia and Herzegovina",2001,96.7872912125,
"BA","Bosnia and Herzegovina",2002,96.911481225,
"BA","Bosnia and Herzegovina",2003,97.0356712375,
"BA","Bosnia and Herzegovina",2004,97.15986125,
"BA","Bosnia and Herzegovina",2005,97.2840512625,
"BA","Bosnia and Herzegovina",2006,97.408241275,
"BA","Bosnia and Herzegovina",2007,97.5324312875,
"BA","Bosnia and Herzegovina",2008,97.6566213,
"BA","Bosnia and Herzegovina",2009,97.7808113125,
"BA","Bosnia and Herzegovina",2010,97.905001325,
"BA","Bosnia and Herzegovina",2011,98.0291913375,
"BA","Bosnia and Herzegovina",2012,98.15338135,98.15338135
"BA","Bosnia and Herzegovina",2013,,
"BW","Botswana",2000,,
"BW","Botswana",2001,,
"BW","Botswana",2002,,
"BW","Botswana",2003,81.18871307,81.18871307
"BW","Botswana",2004,81.8042797478,
"BW","Botswana",2005,82.4198464256,
"BW","Botswana",2006,83.0354131033,
"BW","Botswana",2007,83.6509797811,
"BW","Botswana",2008,84.2665464589,
"BW","Botswana",2009,84.8821131367,
"BW","Botswana",2010,85.4976798144,
"BW","Botswana",2011,86.1132464922,
"BW","Botswana",2012,86.72881317,86.72881317
"BW","Botswana",2013,,
"BR","Brazil",2000,86.36788177,86.36788177
"BR","Brazil",2001,86.9299716925,
"BR","Brazil",2002,87.492061615,
"BR","Brazil",2003,88.0541515375,
"BR","Brazil",2004,88.61624146,88.61624146
"BR","Brazil",2005,89.115734105,
"BR","Brazil",2006,89.61522675,89.61522675
"BR","Brazil",2007,90.0093689,90.0093689
"BR","Brazil",2008,90.03662109,90.03662109
"BR","Brazil",2009,90.29821014,90.29821014
"BR","Brazil",2010,90.37918091,90.37918091
"BR","Brazil",2011,91.41124725,91.41124725
"BR","Brazil",2012,91.33374023,91.33374023
"BR","Brazil",2013,,
"BN","Brunei",2000,,
"BN","Brunei",2001,92.67112732,92.67112732
"BN","Brunei",2002,92.9187386255,
"BN","Brunei",2003,93.1663499309,
"BN","Brunei",2004,93.4139612364,
"BN","Brunei",2005,93.6615725418,
"BN","Brunei",2006,93.9091838473,
"BN","Brunei",2007,94.1567951527,
"BN","Brunei",2008,94.4044064582,
"BN","Brunei",2009,94.6520177636,
"BN","Brunei",2010,94.8996290691,
"BN","Brunei",2011,95.1472403745,
"BN","Brunei",2012,95.39485168,95.39485168
"BN","Brunei",2013,,
"BG","Bulgaria",2000,,
"BG","Bulgaria",2001,98.20355225,98.20355225
"BG","Bulgaria",2002,98.218441776,
"BG","Bulgaria",2003,98.233331302,
"BG","Bulgaria",2004,98.248220828,
"BG","Bulgaria",2005,98.263110354,
"BG","Bulgaria",2006,98.27799988,
"BG","Bulgaria",2007,98.292889406,
"BG","Bulgaria",2008,98.307778932,
"BG","Bulgaria",2009,98.322668458,
"BG","Bulgaria",2010,98.337557984,
"BG","Bulgaria",2011,98.35244751,98.35244751
"BG","Bulgaria",2012,,
"BG","Bulgaria",2013,,
"BF","Burkina Faso",2000,,
"BF","Burkina Faso",2001,,
"BF","Burkina Faso",2002,,
"BF","Burkina Faso",2003,21.82291603,21.82291603
"BF","Burkina Faso",2004,22.6883173,
"BF","Burkina Faso",2005,23.55371857,23.55371857
"BF","Burkina Faso",2006,26.14146614,
"BF","Burkina Faso",2007,28.72921371,28.72921371
"BF","Burkina Faso",2008,,
"BF","Burkina Faso",2009,,
"BF","Burkina Faso",2010,,
"BF","Burkina Faso",2011,,
"BF","Burkina Faso",2012,,
"BF","Burkina Faso",2013,,
"BI","Burundi",2000,59.30361938,59.30361938
"BI","Burundi",2001,62.7591505013,
"BI","Burundi",2002,66.2146816225,
"BI","Burundi",2003,69.6702127438,
"BI","Burundi",2004,73.125743865,
"BI","Burundi",2005,76.5812749863,
"BI","Burundi",2006,80.0368061075,
"BI","Burundi",2007,83.4923372288,
"BI","Burundi",2008,86.94786835,86.94786835
"BI","Burundi",2009,,
"BI","Burundi",2010,,
"BI","Burundi",2011,,
"BI","Burundi",2012,,
"BI","Burundi",2013,,
"CI","Côte d'Ivoire",2000,48.7407608,48.7407608
"CI","Côte d'Ivoire",2001,48.0941667525,
"CI","Côte d'Ivoire",2002,47.447572705,
"CI","Côte d'Ivoire",2003,46.8009786575,
"CI","Côte d'Ivoire",2004,46.15438461,
"CI","Côte d'Ivoire",2005,45.5077905625,
"CI","Côte d'Ivoire",2006,44.861196515,
"CI","Côte d'Ivoire",2007,44.2146024675,
"CI","Côte d'Ivoire",2008,43.56800842,
"CI","Côte d'Ivoire",2009,42.9214143725,
"CI","Côte d'Ivoire",2010,42.274820325,
"CI","Côte d'Ivoire",2011,41.6282262775,
"CI","Côte d'Ivoire",2012,40.98163223,40.98163223
"CI","Côte d'Ivoire",2013,,
"KH","Cambodia",2000,,
"KH","Cambodia",2001,,
"KH","Cambodia",2002,,
"KH","Cambodia",2003,,
"KH","Cambodia",2004,73.60995483,73.60995483
"KH","Cambodia",2005,74.6041011775,
"KH","Cambodia",2006,75.598247525,
"KH","Cambodia",2007,76.5923938725,
"KH","Cambodia",2008,77.58654022,77.58654022
"KH","Cambodia",2009,73.90002441,73.90002441
"KH","Cambodia",2010,,
"KH","Cambodia",2011,,
"KH","Cambodia",2012,,
"KH","Cambodia",2013,,
"CM","Cameroon",2000,68.4091568,68.4091568
"CM","Cameroon",2001,68.7335542957,
"CM","Cameroon",2002,69.0579517914,
"CM","Cameroon",2003,69.3823492871,
"CM","Cameroon",2004,69.7067467829,
"CM","Cameroon",2005,70.0311442786,
"CM","Cameroon",2006,70.3555417743,
"CM","Cameroon",2007,70.67993927,70.67993927
"CM","Cameroon",2008,70.883461,
"CM","Cameroon",2009,71.08698273,
"CM","Cameroon",2010,71.29050446,71.29050446
"CM","Cameroon",2011,,
"CM","Cameroon",2012,,
"CM","Cameroon",2013,,
"CA","Canada",2000,,
"CA","Canada",2001,,
"CA","Canada",2002,,
"CA","Canada",2003,,
"CA","Canada",2004,,
"CA","Canada",2005,,
"CA","Canada",2006,,
"CA","Canada",2007,,
"CA","Canada",2008,,
"CA","Canada",2009,,
"CA","Canada",2010,,
"CA","Canada",2011,,
"CA","Canada",2012,,
"CA","Canada",2013,,
"CV","Cape Verde",2000,,
"CV","Cape Verde",2001,,
"CV","Cape Verde",2002,,
"CV","Cape Verde",2003,,
"CV","Cape Verde",2004,80.01972198,80.01972198
"CV","Cape Verde",2005,80.6832303963,
"CV","Cape Verde",2006,81.3467388125,
"CV","Cape Verde",2007,82.0102472288,
"CV","Cape Verde",2008,82.673755645,
"CV","Cape Verde",2009,83.3372640613,
"CV","Cape Verde",2010,84.0007724775,
"CV","Cape Verde",2011,84.6642808938,
"CV","Cape Verde",2012,85.32778931,85.32778931
"CV","Cape Verde",2013,,
"CF","CAR",2000,50.6451683,50.6451683
"CF","CAR",2001,49.255912395,
"CF","CAR",2002,47.86665649,
"CF","CAR",2003,46.477400585,
"CF","CAR",2004,45.08814468,
"CF","CAR",2005,43.698888775,
"CF","CAR",2006,42.30963287,
"CF","CAR",2007,40.920376965,
"CF","CAR",2008,39.53112106,
"CF","CAR",2009,38.141865155,
"CF","CAR",2010,36.75260925,36.75260925
"CF","CAR",2011,,
"CF","CAR",2012,,
"CF","CAR",2013,,
"KY","Cayman Islands",2000,,
"KY","Cayman Islands",2001,,
"KY","Cayman Islands",2002,,
"KY","Cayman Islands",2003,,
"KY","Cayman Islands",2004,,
"KY","Cayman Islands",2005,,
"KY","Cayman Islands",2006,,
"KY","Cayman Islands",2007,98.86782074,98.86782074
"KY","Cayman Islands",2008,,
"KY","Cayman Islands",2009,,
"KY","Cayman Islands",2010,,
"KY","Cayman Islands",2011,,
"KY","Cayman Islands",2012,,
"KY","Cayman Islands",2013,,
"TD","Chad",2000,25.65421486,25.65421486
"TD","Chad",2001,26.3360195175,
"TD","Chad",2002,27.017824175,
"TD","Chad",2003,27.6996288325,
"TD","Chad",2004,28.38143349,28.38143349
"TD","Chad",2005,29.4921357663,
"TD","Chad",2006,30.6028380425,
"TD","Chad",2007,31.7135403188,
"TD","Chad",2008,32.824242595,
"TD","Chad",2009,33.9349448713,
"TD","Chad",2010,35.0456471475,
"TD","Chad",2011,36.1563494238,
"TD","Chad",2012,37.2670517,37.2670517
"TD","Chad",2013,,
"CL","Chile",2000,,
"CL","Chile",2001,,
"CL","Chile",2002,95.7166214,95.7166214
"CL","Chile",2003,96.2053527833,
"CL","Chile",2004,96.6940841667,
"CL","Chile",2005,97.18281555,
"CL","Chile",2006,97.6715469333,
"CL","Chile",2007,98.1602783167,
"CL","Chile",2008,98.6490097,98.6490097
"CL","Chile",2009,98.55367279,98.55367279
"CL","Chile",2010,,
"CL","Chile",2011,,
"CL","Chile",2012,,
"CL","Chile",2013,,
"CN","China",2000,90.92021179,90.92021179
"CN","China",2001,91.340637968,
"CN","China",2002,91.761064146,
"CN","China",2003,92.181490324,
"CN","China",2004,92.601916502,
"CN","China",2005,93.02234268,
"CN","China",2006,93.442768858,
"CN","China",2007,93.863195036,
"CN","China",2008,94.283621214,
"CN","China",2009,94.704047392,
"CN","China",2010,95.12447357,95.12447357
"CN","China",2011,,
"CN","China",2012,,
"CN","China",2013,,
"CO","Colombia",2000,,
"CO","Colombia",2001,,
"CO","Colombia",2002,,
"CO","Colombia",2003,,
"CO","Colombia",2004,92.8037796,92.8037796
"CO","Colombia",2005,92.84866333,92.84866333
"CO","Colombia",2006,92.29967499,92.29967499
"CO","Colombia",2007,92.65179443,92.65179443
"CO","Colombia",2008,93.37817383,93.37817383
"CO","Colombia",2009,93.24468994,93.24468994
"CO","Colombia",2010,93.37232971,93.37232971
"CO","Colombia",2011,93.58053589,93.58053589
"CO","Colombia",2012,,
"CO","Colombia",2013,,
"KM","Comoros",2000,68.48923492,68.48923492
"KM","Comoros",2001,69.1101112325,
"KM","Comoros",2002,69.730987545,
"KM","Comoros",2003,70.3518638575,
"KM","Comoros",2004,70.97274017,
"KM","Comoros",2005,71.5936164825,
"KM","Comoros",2006,72.214492795,
"KM","Comoros",2007,72.8353691075,
"KM","Comoros",2008,73.45624542,
"KM","Comoros",2009,74.0771217325,
"KM","Comoros",2010,74.697998045,
"KM","Comoros",2011,75.3188743575,
"KM","Comoros",2012,75.93975067,75.93975067
"KM","Comoros",2013,,
"CG","Congo",2000,,
"CG","Congo",2001,,
"CG","Congo",2002,,
"CG","Congo",2003,,
"CG","Congo",2004,,
"CG","Congo",2005,,
"CG","Congo",2006,,
"CG","Congo",2007,,
"CG","Congo",2008,,
"CG","Congo",2009,,
"CG","Congo",2010,,
"CG","Congo",2011,79.31117249,79.31117249
"CG","Congo",2012,,
"CG","Congo",2013,,
"CR","Costa Rica",2000,94.86818695,94.86818695
"CR","Costa Rica",2001,95.0989504718,
"CR","Costa Rica",2002,95.3297139936,
"CR","Costa Rica",2003,95.5604775155,
"CR","Costa Rica",2004,95.7912410373,
"CR","Costa Rica",2005,96.0220045591,
"CR","Costa Rica",2006,96.2527680809,
"CR","Costa Rica",2007,96.4835316027,
"CR","Costa Rica",2008,96.7142951245,
"CR","Costa Rica",2009,96.9450586464,
"CR","Costa Rica",2010,97.1758221682,
"CR","Costa Rica",2011,97.40658569,97.40658569
"CR","Costa Rica",2012,,
"CR","Costa Rica",2013,,
"HR","Croatia",2000,,
"HR","Croatia",2001,98.14667511,98.14667511
"HR","Croatia",2002,98.244543457,
"HR","Croatia",2003,98.342411804,
"HR","Croatia",2004,98.440280151,
"HR","Croatia",2005,98.538148498,
"HR","Croatia",2006,98.636016845,
"HR","Croatia",2007,98.733885192,
"HR","Croatia",2008,98.831753539,
"HR","Croatia",2009,98.929621886,
"HR","Croatia",2010,99.027490233,
"HR","Croatia",2011,99.12535858,99.12535858
"HR","Croatia",2012,,
"HR","Croatia",2013,,
"CU","Cuba",2000,,
"CU","Cuba",2001,,
"CU","Cuba",2002,99.79907227,99.79907227
"CU","Cuba",2003,99.80290604,
"CU","Cuba",2004,99.80673981,
"CU","Cuba",2005,99.81057358,
"CU","Cuba",2006,99.81440735,
"CU","Cuba",2007,99.81824112,
"CU","Cuba",2008,99.82207489,
"CU","Cuba",2009,99.82590866,
"CU","Cuba",2010,99.82974243,
"CU","Cuba",2011,99.8335762,
"CU","Cuba",2012,99.83740997,99.83740997
"CU","Cuba",2013,,
"CW","Curaçao",2000,,
"CW","Curaçao",2001,,
"CW","Curaçao",2002,,
"CW","Curaçao",2003,,
"CW","Curaçao",2004,,
"CW","Curaçao",2005,,
"CW","Curaçao",2006,,
"CW","Curaçao",2007,,
"CW","Curaçao",2008,,
"CW","Curaçao",2009,,
"CW","Curaçao",2010,,
"CW","Curaçao",2011,,
"CW","Curaçao",2012,,
"CW","Curaçao",2013,,
"CY","Cyprus",2000,,
"CY","Cyprus",2001,96.80363464,96.80363464
"CY","Cyprus",2002,96.991114041,
"CY","Cyprus",2003,97.178593442,
"CY","Cyprus",2004,97.366072843,
"CY","Cyprus",2005,97.553552244,
"CY","Cyprus",2006,97.741031645,
"CY","Cyprus",2007,97.928511046,
"CY","Cyprus",2008,98.115990447,
"CY","Cyprus",2009,98.303469848,
"CY","Cyprus",2010,98.490949249,
"CY","Cyprus",2011,98.67842865,98.67842865
"CY","Cyprus",2012,,
"CY","Cyprus",2013,,
"CZ","Czech Republic",2000,,
"CZ","Czech Republic",2001,,
"CZ","Czech Republic",2002,,
"CZ","Czech Republic",2003,,
"CZ","Czech Republic",2004,,
"CZ","Czech Republic",2005,,
"CZ","Czech Republic",2006,,
"CZ","Czech Republic",2007,,
"CZ","Czech Republic",2008,,
"CZ","Czech Republic",2009,,
"CZ","Czech Republic",2010,,
"CZ","Czech Republic",2011,,
"CZ","Czech Republic",2012,,
"CZ","Czech Republic",2013,,
"DK","Denmark",2000,,
"DK","Denmark",2001,,
"DK","Denmark",2002,,
"DK","Denmark",2003,,
"DK","Denmark",2004,,
"DK","Denmark",2005,,
"DK","Denmark",2006,,
"DK","Denmark",2007,,
"DK","Denmark",2008,,
"DK","Denmark",2009,,
"DK","Denmark",2010,,
"DK","Denmark",2011,,
"DK","Denmark",2012,,
"DK","Denmark",2013,,
"DJ","Djibouti",2000,,
"DJ","Djibouti",2001,,
"DJ","Djibouti",2002,,
"DJ","Djibouti",2003,,
"DJ","Djibouti",2004,,
"DJ","Djibouti",2005,,
"DJ","Djibouti",2006,,
"DJ","Djibouti",2007,,
"DJ","Djibouti",2008,,
"DJ","Djibouti",2009,,
"DJ","Djibouti",2010,,
"DJ","Djibouti",2011,,
"DJ","Djibouti",2012,,
"DJ","Djibouti",2013,,
"DM","Dominica",2000,,
"DM","Dominica",2001,,
"DM","Dominica",2002,,
"DM","Dominica",2003,,
"DM","Dominica",2004,,
"DM","Dominica",2005,,
"DM","Dominica",2006,,
"DM","Dominica",2007,,
"DM","Dominica",2008,,
"DM","Dominica",2009,,
"DM","Dominica",2010,,
"DM","Dominica",2011,,
"DM","Dominica",2012,,
"DM","Dominica",2013,,
"DO","Dominican Republic",2000,,
"DO","Dominican Republic",2001,,
"DO","Dominican Republic",2002,86.99646759,86.99646759
"DO","Dominican Republic",2003,87.246066284,
"DO","Dominican Republic",2004,87.495664978,
"DO","Dominican Republic",2005,87.745263672,
"DO","Dominican Republic",2006,87.994862366,
"DO","Dominican Republic",2007,88.24446106,88.24446106
"DO","Dominican Republic",2008,88.67588552,
"DO","Dominican Republic",2009,89.10730998,
"DO","Dominican Republic",2010,89.53873444,89.53873444
"DO","Dominican Republic",2011,90.10626984,90.10626984
"DO","Dominican Republic",2012,90.15518188,90.15518188
"DO","Dominican Republic",2013,90.85814667,90.85814667
"CD","DRC",2000,,
"CD","DRC",2001,67.17298889,67.17298889
"CD","DRC",2002,66.1784146617,
"CD","DRC",2003,65.1838404333,
"CD","DRC",2004,64.189266205,
"CD","DRC",2005,63.1946919767,
"CD","DRC",2006,62.2001177483,
"CD","DRC",2007,61.20554352,61.20554352
"CD","DRC",2008,,
"CD","DRC",2009,,
"CD","DRC",2010,,
"CD","DRC",2011,,
"CD","DRC",2012,,
"CD","DRC",2013,,
"EC","Ecuador",2000,,
"EC","Ecuador",2001,90.98402405,90.98402405
"EC","Ecuador",2002,89.852141065,
"EC","Ecuador",2003,88.72025808,
"EC","Ecuador",2004,87.588375095,
"EC","Ecuador",2005,86.45649211,
"EC","Ecuador",2006,85.324609125,
"EC","Ecuador",2007,84.19272614,84.19272614
"EC","Ecuador",2008,84.199844365,
"EC","Ecuador",2009,84.20696259,84.20696259
"EC","Ecuador",2010,91.85404205,91.85404205
"EC","Ecuador",2011,91.5868988,91.5868988
"EC","Ecuador",2012,92.440761565,
"EC","Ecuador",2013,93.29462433,93.29462433
"EG","Egypt",2000,,
"EG","Egypt",2001,,
"EG","Egypt",2002,,
"EG","Egypt",2003,,
"EG","Egypt",2004,,
"EG","Egypt",2005,71.40886688,71.40886688
"EG","Egypt",2006,66.36990356,66.36990356
"EG","Egypt",2007,67.78939056,
"EG","Egypt",2008,69.20887756,
"EG","Egypt",2009,70.62836456,
"EG","Egypt",2010,72.04785156,72.04785156
"EG","Egypt",2011,72.956718445,
"EG","Egypt",2012,73.86558533,73.86558533
"EG","Egypt",2013,,
"SV","El Salvador",2000,,
"SV","El Salvador",2001,,
"SV","El Salvador",2002,,
"SV","El Salvador",2003,,
"SV","El Salvador",2004,80.77835846,80.77835846
"SV","El Salvador",2005,82.168907165,
"SV","El Salvador",2006,83.55945587,83.55945587
"SV","El Salvador",2007,82.02863312,82.02863312
"SV","El Salvador",2008,83.95130157,83.95130157
"SV","El Salvador",2009,84.10289001,84.10289001
"SV","El Salvador",2010,84.49272156,84.49272156
"SV","El Salvador",2011,85.49398804,85.49398804
"SV","El Salvador",2012,,
"SV","El Salvador",2013,,
"GQ","Equatorial Guinea",2000,88.30830383,88.30830383
"GQ","Equatorial Guinea",2001,88.8254292775,
"GQ","Equatorial Guinea",2002,89.342554725,
"GQ","Equatorial Guinea",2003,89.8596801725,
"GQ","Equatorial Guinea",2004,90.37680562,
"GQ","Equatorial Guinea",2005,90.8939310675,
"GQ","Equatorial Guinea",2006,91.411056515,
"GQ","Equatorial Guinea",2007,91.9281819625,
"GQ","Equatorial Guinea",2008,92.44530741,
"GQ","Equatorial Guinea",2009,92.9624328575,
"GQ","Equatorial Guinea",2010,93.479558305,
"GQ","Equatorial Guinea",2011,93.9966837525,
"GQ","Equatorial Guinea",2012,94.5138092,94.5138092
"GQ","Equatorial Guinea",2013,,
"ER","Eritrea",2000,,
"ER","Eritrea",2001,,
"ER","Eritrea",2002,52.51395035,52.51395035
"ER","Eritrea",2003,54.31173134,
"ER","Eritrea",2004,56.10951233,
"ER","Eritrea",2005,57.90729332,
"ER","Eritrea",2006,59.70507431,
"ER","Eritrea",2007,61.5028553,
"ER","Eritrea",2008,63.30063629,
"ER","Eritrea",2009,65.09841728,
"ER","Eritrea",2010,66.89619827,
"ER","Eritrea",2011,68.69397926,
"ER","Eritrea",2012,70.49176025,70.49176025
"ER","Eritrea",2013,,
"EE","Estonia",2000,99.76719666,99.76719666
"EE","Estonia",2001,99.7758858464,
"EE","Estonia",2002,99.7845750327,
"EE","Estonia",2003,99.7932642191,
"EE","Estonia",2004,99.8019534055,
"EE","Estonia",2005,99.8106425918,
"EE","Estonia",2006,99.8193317782,
"EE","Estonia",2007,99.8280209645,
"EE","Estonia",2008,99.8367101509,
"EE","Estonia",2009,99.8453993373,
"EE","Estonia",2010,99.8540885236,
"EE","Estonia",2011,99.86277771,99.86277771
"EE","Estonia",2012,,
"EE","Estonia",2013,,
"ET","Ethiopia",2000,,
"ET","Ethiopia",2001,,
"ET","Ethiopia",2002,,
"ET","Ethiopia",2003,,
"ET","Ethiopia",2004,35.90000153,35.90000153
"ET","Ethiopia",2005,29.8203373,29.8203373
"ET","Ethiopia",2006,34.40816021,
"ET","Ethiopia",2007,38.99598312,38.99598312
"ET","Ethiopia",2008,,
"ET","Ethiopia",2009,,
"ET","Ethiopia",2010,,
"ET","Ethiopia",2011,,
"ET","Ethiopia",2012,,
"ET","Ethiopia",2013,,
"FO","Faroe Islands",2000,,
"FO","Faroe Islands",2001,,
"FO","Faroe Islands",2002,,
"FO","Faroe Islands",2003,,
"FO","Faroe Islands",2004,,
"FO","Faroe Islands",2005,,
"FO","Faroe Islands",2006,,
"FO","Faroe Islands",2007,,
"FO","Faroe Islands",2008,,
"FO","Faroe Islands",2009,,
"FO","Faroe Islands",2010,,
"FO","Faroe Islands",2011,,
"FO","Faroe Islands",2012,,
"FO","Faroe Islands",2013,,
"FJ","Fiji",2000,,
"FJ","Fiji",2001,,
"FJ","Fiji",2002,,
"FJ","Fiji",2003,,
"FJ","Fiji",2004,,
"FJ","Fiji",2005,,
"FJ","Fiji",2006,,
"FJ","Fiji",2007,,
"FJ","Fiji",2008,,
"FJ","Fiji",2009,,
"FJ","Fiji",2010,,
"FJ","Fiji",2011,,
"FJ","Fiji",2012,,
"FJ","Fiji",2013,,
"FI","Finland",2000,,
"FI","Finland",2001,,
"FI","Finland",2002,,
"FI","Finland",2003,,
"FI","Finland",2004,,
"FI","Finland",2005,,
"FI","Finland",2006,,
"FI","Finland",2007,,
"FI","Finland",2008,,
"FI","Finland",2009,,
"FI","Finland",2010,,
"FI","Finland",2011,,
"FI","Finland",2012,,
"FI","Finland",2013,,
"FR","France",2000,,
"FR","France",2001,,
"FR","France",2002,,
"FR","France",2003,,
"FR","France",2004,,
"FR","France",2005,,
"FR","France",2006,,
"FR","France",2007,,
"FR","France",2008,,
"FR","France",2009,,
"FR","France",2010,,
"FR","France",2011,,
"FR","France",2012,,
"FR","France",2013,,
"PF","French Polynesia",2000,,
"PF","French Polynesia",2001,,
"PF","French Polynesia",2002,,
"PF","French Polynesia",2003,,
"PF","French Polynesia",2004,,
"PF","French Polynesia",2005,,
"PF","French Polynesia",2006,,
"PF","French Polynesia",2007,,
"PF","French Polynesia",2008,,
"PF","French Polynesia",2009,,
"PF","French Polynesia",2010,,
"PF","French Polynesia",2011,,
"PF","French Polynesia",2012,,
"PF","French Polynesia",2013,,
"GA","Gabon",2000,,
"GA","Gabon",2001,,
"GA","Gabon",2002,,
"GA","Gabon",2003,,
"GA","Gabon",2004,83.8006897,83.8006897
"GA","Gabon",2005,83.611078265,
"GA","Gabon",2006,83.42146683,
"GA","Gabon",2007,83.231855395,
"GA","Gabon",2008,83.04224396,
"GA","Gabon",2009,82.852632525,
"GA","Gabon",2010,82.66302109,
"GA","Gabon",2011,82.473409655,
"GA","Gabon",2012,82.28379822,82.28379822
"GA","Gabon",2013,,
"GM","Gambia",2000,36.81772614,36.81772614
"GM","Gambia",2001,38.0832789783,
"GM","Gambia",2002,39.3488318167,
"GM","Gambia",2003,40.614384655,
"GM","Gambia",2004,41.8799374933,
"GM","Gambia",2005,43.1454903317,
"GM","Gambia",2006,44.41104317,
"GM","Gambia",2007,45.6765960083,
"GM","Gambia",2008,46.9421488467,
"GM","Gambia",2009,48.207701685,
"GM","Gambia",2010,49.4732545233,
"GM","Gambia",2011,50.7388073617,
"GM","Gambia",2012,52.0043602,52.0043602
"GM","Gambia",2013,,
"GE","Georgia",2000,,
"GE","Georgia",2001,,
"GE","Georgia",2002,99.65235138,99.65235138
"GE","Georgia",2003,99.661032105,
"GE","Georgia",2004,99.66971283,
"GE","Georgia",2005,99.678393555,
"GE","Georgia",2006,99.68707428,
"GE","Georgia",2007,99.695755005,
"GE","Georgia",2008,99.70443573,
"GE","Georgia",2009,99.713116455,
"GE","Georgia",2010,99.72179718,
"GE","Georgia",2011,99.730477905,
"GE","Georgia",2012,99.73915863,99.73915863
"GE","Georgia",2013,,
"DE","Germany",2000,,
"DE","Germany",2001,,
"DE","Germany",2002,,
"DE","Germany",2003,,
"DE","Germany",2004,,
"DE","Germany",2005,,
"DE","Germany",2006,,
"DE","Germany",2007,,
"DE","Germany",2008,,
"DE","Germany",2009,,
"DE","Germany",2010,,
"DE","Germany",2011,,
"DE","Germany",2012,,
"DE","Germany",2013,,
"GH","Ghana",2000,57.89747238,57.89747238
"GH","Ghana",2001,59.257432936,
"GH","Ghana",2002,60.617393492,
"GH","Ghana",2003,61.977354048,
"GH","Ghana",2004,63.337314604,
"GH","Ghana",2005,64.69727516,
"GH","Ghana",2006,66.057235716,
"GH","Ghana",2007,67.417196272,
"GH","Ghana",2008,68.777156828,
"GH","Ghana",2009,70.137117384,
"GH","Ghana",2010,71.49707794,71.49707794
"GH","Ghana",2011,,
"GH","Ghana",2012,,
"GH","Ghana",2013,,
"GR","Greece",2000,,
"GR","Greece",2001,95.99436188,95.99436188
"GR","Greece",2002,96.1188534845,
"GR","Greece",2003,96.2433450891,
"GR","Greece",2004,96.3678366936,
"GR","Greece",2005,96.4923282982,
"GR","Greece",2006,96.6168199027,
"GR","Greece",2007,96.7413115073,
"GR","Greece",2008,96.8658031118,
"GR","Greece",2009,96.9902947164,
"GR","Greece",2010,97.1147863209,
"GR","Greece",2011,97.2392779255,
"GR","Greece",2012,97.36376953,97.36376953
"GR","Greece",2013,,
"GL","Greenland",2000,,
"GL","Greenland",2001,,
"GL","Greenland",2002,,
"GL","Greenland",2003,,
"GL","Greenland",2004,,
"GL","Greenland",2005,,
"GL","Greenland",2006,,
"GL","Greenland",2007,,
"GL","Greenland",2008,,
"GL","Greenland",2009,,
"GL","Greenland",2010,,
"GL","Greenland",2011,,
"GL","Greenland",2012,,
"GL","Greenland",2013,,
"GD","Grenada",2000,,
"GD","Grenada",2001,,
"GD","Grenada",2002,,
"GD","Grenada",2003,,
"GD","Grenada",2004,,
"GD","Grenada",2005,,
"GD","Grenada",2006,,
"GD","Grenada",2007,,
"GD","Grenada",2008,,
"GD","Grenada",2009,,
"GD","Grenada",2010,,
"GD","Grenada",2011,,
"GD","Grenada",2012,,
"GD","Grenada",2013,,
"GU","Guam",2000,,
"GU","Guam",2001,,
"GU","Guam",2002,,
"GU","Guam",2003,,
"GU","Guam",2004,,
"GU","Guam",2005,,
"GU","Guam",2006,,
"GU","Guam",2007,,
"GU","Guam",2008,,
"GU","Guam",2009,,
"GU","Guam",2010,,
"GU","Guam",2011,,
"GU","Guam",2012,,
"GU","Guam",2013,,
"GT","Guatemala",2000,,
"GT","Guatemala",2001,,
"GT","Guatemala",2002,69.10173035,69.10173035
"GT","Guatemala",2003,70.018042758,
"GT","Guatemala",2004,70.934355166,
"GT","Guatemala",2005,71.850667574,
"GT","Guatemala",2006,72.766979982,
"GT","Guatemala",2007,73.68329239,
"GT","Guatemala",2008,74.599604798,
"GT","Guatemala",2009,75.515917206,
"GT","Guatemala",2010,76.432229614,
"GT","Guatemala",2011,77.348542022,
"GT","Guatemala",2012,78.26485443,78.26485443
"GT","Guatemala",2013,,
"GN","Guinea",2000,,
"GN","Guinea",2001,,
"GN","Guinea",2002,,
"GN","Guinea",2003,29.70401764,29.70401764
"GN","Guinea",2004,29.0759786886,
"GN","Guinea",2005,28.4479397371,
"GN","Guinea",2006,27.8199007857,
"GN","Guinea",2007,27.1918618343,
"GN","Guinea",2008,26.5638228829,
"GN","Guinea",2009,25.9357839314,
"GN","Guinea",2010,25.30774498,25.30774498
"GN","Guinea",2011,,
"GN","Guinea",2012,,
"GN","Guinea",2013,,
"GW","Guinea-Bissau",2000,41.35776901,41.35776901
"GW","Guinea-Bissau",2001,42.639215785,
"GW","Guinea-Bissau",2002,43.92066256,
"GW","Guinea-Bissau",2003,45.202109335,
"GW","Guinea-Bissau",2004,46.48355611,
"GW","Guinea-Bissau",2005,47.765002885,
"GW","Guinea-Bissau",2006,49.04644966,
"GW","Guinea-Bissau",2007,50.327896435,
"GW","Guinea-Bissau",2008,51.60934321,
"GW","Guinea-Bissau",2009,52.890789985,
"GW","Guinea-Bissau",2010,54.17223676,
"GW","Guinea-Bissau",2011,55.453683535,
"GW","Guinea-Bissau",2012,56.73513031,56.73513031
"GW","Guinea-Bissau",2013,,
"GY","Guyana",2000,,
"GY","Guyana",2001,,
"GY","Guyana",2002,,
"GY","Guyana",2003,,
"GY","Guyana",2004,,
"GY","Guyana",2005,,
"GY","Guyana",2006,,
"GY","Guyana",2007,,
"GY","Guyana",2008,,
"GY","Guyana",2009,84.99401093,84.99401093
"GY","Guyana",2010,,
"GY","Guyana",2011,,
"GY","Guyana",2012,,
"GY","Guyana",2013,,
"HT","Haiti",2000,,
"HT","Haiti",2001,,
"HT","Haiti",2002,,
"HT","Haiti",2003,58.74390411,58.74390411
"HT","Haiti",2004,55.39094289,
"HT","Haiti",2005,52.03798167,
"HT","Haiti",2006,48.68502045,48.68502045
"HT","Haiti",2007,,
"HT","Haiti",2008,,
"HT","Haiti",2009,,
"HT","Haiti",2010,,
"HT","Haiti",2011,,
"HT","Haiti",2012,,
"HT","Haiti",2013,,
"HN","Honduras",2000,,
"HN","Honduras",2001,80.0110321,80.0110321
"HN","Honduras",2002,80.607359565,
"HN","Honduras",2003,81.20368703,
"HN","Honduras",2004,81.800014495,
"HN","Honduras",2005,82.39634196,
"HN","Honduras",2006,82.992669425,
"HN","Honduras",2007,83.58899689,83.58899689
"HN","Honduras",2008,83.9777857467,
"HN","Honduras",2009,84.3665746033,
"HN","Honduras",2010,84.75536346,84.75536346
"HN","Honduras",2011,85.1233139,85.1233139
"HN","Honduras",2012,85.35555267,85.35555267
"HN","Honduras",2013,,
"HK","Hong Kong",2000,,
"HK","Hong Kong",2001,,
"HK","Hong Kong",2002,,
"HK","Hong Kong",2003,,
"HK","Hong Kong",2004,,
"HK","Hong Kong",2005,,
"HK","Hong Kong",2006,,
"HK","Hong Kong",2007,,
"HK","Hong Kong",2008,,
"HK","Hong Kong",2009,,
"HK","Hong Kong",2010,,
"HK","Hong Kong",2011,,
"HK","Hong Kong",2012,,
"HK","Hong Kong",2013,,
"HU","Hungary",2000,,
"HU","Hungary",2001,,
"HU","Hungary",2002,,
"HU","Hungary",2003,,
"HU","Hungary",2004,99.02996826,99.02996826
"HU","Hungary",2005,99.0729169825,
"HU","Hungary",2006,99.115865705,
"HU","Hungary",2007,99.1588144275,
"HU","Hungary",2008,99.20176315,
"HU","Hungary",2009,99.2447118725,
"HU","Hungary",2010,99.287660595,
"HU","Hungary",2011,99.3306093175,
"HU","Hungary",2012,99.37355804,99.37355804
"HU","Hungary",2013,,
"IS","Iceland",2000,,
"IS","Iceland",2001,,
"IS","Iceland",2002,,
"IS","Iceland",2003,,
"IS","Iceland",2004,,
"IS","Iceland",2005,,
"IS","Iceland",2006,,
"IS","Iceland",2007,,
"IS","Iceland",2008,,
"IS","Iceland",2009,,
"IS","Iceland",2010,,
"IS","Iceland",2011,,
"IS","Iceland",2012,,
"IS","Iceland",2013,,
"IN","India",2000,,
"IN","India",2001,61.01455688,61.01455688
"IN","India",2002,61.362540432,
"IN","India",2003,61.710523984,
"IN","India",2004,62.058507536,
"IN","India",2005,62.406491088,
"IN","India",2006,62.75447464,62.75447464
"IN","India",2007,,
"IN","India",2008,,
"IN","India",2009,,
"IN","India",2010,,
"IN","India",2011,,
"IN","India",2012,,
"IN","India",2013,,
"ID","Indonesia",2000,,
"ID","Indonesia",2001,,
"ID","Indonesia",2002,,
"ID","Indonesia",2003,,
"ID","Indonesia",2004,90.38478851,90.38478851
"ID","Indonesia",2005,91.1835289,
"ID","Indonesia",2006,91.98226929,91.98226929
"ID","Indonesia",2007,92.08728409,
"ID","Indonesia",2008,92.19229889,92.19229889
"ID","Indonesia",2009,92.58169556,92.58169556
"ID","Indonesia",2010,92.696800235,
"ID","Indonesia",2011,92.81190491,92.81190491
"ID","Indonesia",2012,,
"ID","Indonesia",2013,,
"IR","Iran",2000,,
"IR","Iran",2001,,
"IR","Iran",2002,77,77
"IR","Iran",2003,78.81373342,
"IR","Iran",2004,80.62746684,
"IR","Iran",2005,82.44120026,82.44120026
"IR","Iran",2006,82.33131409,82.33131409
"IR","Iran",2007,83.6750412,
"IR","Iran",2008,85.01876831,85.01876831
"IR","Iran",2009,84.8339538575,
"IR","Iran",2010,84.649139405,
"IR","Iran",2011,84.4643249525,
"IR","Iran",2012,84.2795105,84.2795105
"IR","Iran",2013,,
"IQ","Iraq",2000,74.05220032,74.05220032
"IQ","Iraq",2001,74.464683535,
"IQ","Iraq",2002,74.87716675,
"IQ","Iraq",2003,75.289649965,
"IQ","Iraq",2004,75.70213318,
"IQ","Iraq",2005,76.114616395,
"IQ","Iraq",2006,76.52709961,
"IQ","Iraq",2007,76.939582825,
"IQ","Iraq",2008,77.35206604,
"IQ","Iraq",2009,77.764549255,
"IQ","Iraq",2010,78.17703247,
"IQ","Iraq",2011,78.589515685,
"IQ","Iraq",2012,79.0019989,79.0019989
"IQ","Iraq",2013,,
"IE","Ireland",2000,,
"IE","Ireland",2001,,
"IE","Ireland",2002,,
"IE","Ireland",2003,,
"IE","Ireland",2004,,
"IE","Ireland",2005,,
"IE","Ireland",2006,,
"IE","Ireland",2007,,
"IE","Ireland",2008,,
"IE","Ireland",2009,,
"IE","Ireland",2010,,
"IE","Ireland",2011,,
"IE","Ireland",2012,,
"IE","Ireland",2013,,
"IL","Israel",2000,,
"IL","Israel",2001,,
"IL","Israel",2002,,
"IL","Israel",2003,,
"IL","Israel",2004,,
"IL","Israel",2005,,
"IL","Israel",2006,,
"IL","Israel",2007,,
"IL","Israel",2008,,
"IL","Israel",2009,,
"IL","Israel",2010,,
"IL","Israel",2011,97.76419067,97.76419067
"IL","Israel",2012,,
"IL","Israel",2013,,
"IT","Italy",2000,,
"IT","Italy",2001,98.41661835,98.41661835
"IT","Italy",2002,98.4719813982,
"IT","Italy",2003,98.5273444464,
"IT","Italy",2004,98.5827074945,
"IT","Italy",2005,98.6380705427,
"IT","Italy",2006,98.6934335909,
"IT","Italy",2007,98.7487966391,
"IT","Italy",2008,98.8041596873,
"IT","Italy",2009,98.8595227355,
"IT","Italy",2010,98.9148857836,
"IT","Italy",2011,98.9702488318,
"IT","Italy",2012,99.02561188,99.02561188
"IT","Italy",2013,,
"JM","Jamaica",2000,,
"JM","Jamaica",2001,,
"JM","Jamaica",2002,,
"JM","Jamaica",2003,,
"JM","Jamaica",2004,,
"JM","Jamaica",2005,,
"JM","Jamaica",2006,,
"JM","Jamaica",2007,,
"JM","Jamaica",2008,,
"JM","Jamaica",2009,,
"JM","Jamaica",2010,,
"JM","Jamaica",2011,,
"JM","Jamaica",2012,87.48201752,87.48201752
"JM","Jamaica",2013,,
"JP","Japan",2000,,
"JP","Japan",2001,,
"JP","Japan",2002,,
"JP","Japan",2003,,
"JP","Japan",2004,,
"JP","Japan",2005,,
"JP","Japan",2006,,
"JP","Japan",2007,,
"JP","Japan",2008,,
"JP","Japan",2009,,
"JP","Japan",2010,,
"JP","Japan",2011,,
"JP","Japan",2012,,
"JP","Japan",2013,,
"JO","Jordan",2000,,
"JO","Jordan",2001,,
"JO","Jordan",2002,,
"JO","Jordan",2003,89.89232635,89.89232635
"JO","Jordan",2004,90.511539455,
"JO","Jordan",2005,91.13075256,91.13075256
"JO","Jordan",2006,91.665164945,
"JO","Jordan",2007,92.19957733,92.19957733
"JO","Jordan",2008,92.31673177,
"JO","Jordan",2009,92.43388621,
"JO","Jordan",2010,92.55104065,92.55104065
"JO","Jordan",2011,95.90444946,95.90444946
"JO","Jordan",2012,97.89031982,97.89031982
"JO","Jordan",2013,,
"KZ","Kazakhstan",2000,,
"KZ","Kazakhstan",2001,,
"KZ","Kazakhstan",2002,,
"KZ","Kazakhstan",2003,,
"KZ","Kazakhstan",2004,,
"KZ","Kazakhstan",2005,,
"KZ","Kazakhstan",2006,,
"KZ","Kazakhstan",2007,,
"KZ","Kazakhstan",2008,,
"KZ","Kazakhstan",2009,99.73241425,99.73241425
"KZ","Kazakhstan",2010,,
"KZ","Kazakhstan",2011,,
"KZ","Kazakhstan",2012,,
"KZ","Kazakhstan",2013,,
"KE","Kenya",2000,82.22907257,82.22907257
"KE","Kenya",2001,80.7902090886,
"KE","Kenya",2002,79.3513456071,
"KE","Kenya",2003,77.9124821257,
"KE","Kenya",2004,76.4736186443,
"KE","Kenya",2005,75.0347551629,
"KE","Kenya",2006,73.5958916814,
"KE","Kenya",2007,72.1570282,72.1570282
"KE","Kenya",2008,,
"KE","Kenya",2009,,
"KE","Kenya",2010,,
"KE","Kenya",2011,,
"KE","Kenya",2012,,
"KE","Kenya",2013,,
"KI","Kiribati",2000,,
"KI","Kiribati",2001,,
"KI","Kiribati",2002,,
"KI","Kiribati",2003,,
"KI","Kiribati",2004,,
"KI","Kiribati",2005,,
"KI","Kiribati",2006,,
"KI","Kiribati",2007,,
"KI","Kiribati",2008,,
"KI","Kiribati",2009,,
"KI","Kiribati",2010,,
"KI","Kiribati",2011,,
"KI","Kiribati",2012,,
"KI","Kiribati",2013,,
"XK","Kosovo",2000,,
"XK","Kosovo",2001,,
"XK","Kosovo",2002,,
"XK","Kosovo",2003,,
"XK","Kosovo",2004,,
"XK","Kosovo",2005,,
"XK","Kosovo",2006,,
"XK","Kosovo",2007,,
"XK","Kosovo",2008,,
"XK","Kosovo",2009,,
"XK","Kosovo",2010,,
"XK","Kosovo",2011,,
"XK","Kosovo",2012,,
"XK","Kosovo",2013,,
"KW","Kuwait",2000,,
"KW","Kuwait",2001,,
"KW","Kuwait",2002,,
"KW","Kuwait",2003,,
"KW","Kuwait",2004,,
"KW","Kuwait",2005,93.27446747,93.27446747
"KW","Kuwait",2006,93.28211975,93.28211975
"KW","Kuwait",2007,93.66418457,93.66418457
"KW","Kuwait",2008,93.90620422,93.90620422
"KW","Kuwait",2009,94.307947155,
"KW","Kuwait",2010,94.70969009,
"KW","Kuwait",2011,95.111433025,
"KW","Kuwait",2012,95.51317596,95.51317596
"KW","Kuwait",2013,,
"KG","Kyrgyzstan",2000,,
"KG","Kyrgyzstan",2001,,
"KG","Kyrgyzstan",2002,,
"KG","Kyrgyzstan",2003,,
"KG","Kyrgyzstan",2004,,
"KG","Kyrgyzstan",2005,,
"KG","Kyrgyzstan",2006,,
"KG","Kyrgyzstan",2007,,
"KG","Kyrgyzstan",2008,,
"KG","Kyrgyzstan",2009,99.24140167,99.24140167
"KG","Kyrgyzstan",2010,,
"KG","Kyrgyzstan",2011,,
"KG","Kyrgyzstan",2012,,
"KG","Kyrgyzstan",2013,,
"LA","Lao",2000,69.58312225,69.58312225
"LA","Lao",2001,68.73439789,68.73439789
"LA","Lao",2002,69.7263641375,
"LA","Lao",2003,70.718330385,
"LA","Lao",2004,71.7102966325,
"LA","Lao",2005,72.70226288,72.70226288
"LA","Lao",2006,,
"LA","Lao",2007,,
"LA","Lao",2008,,
"LA","Lao",2009,,
"LA","Lao",2010,,
"LA","Lao",2011,,
"LA","Lao",2012,,
"LA","Lao",2013,,
"LV","Latvia",2000,99.74656677,99.74656677
"LV","Latvia",2001,99.7601429309,
"LV","Latvia",2002,99.7737190918,
"LV","Latvia",2003,99.7872952527,
"LV","Latvia",2004,99.8008714136,
"LV","Latvia",2005,99.8144475745,
"LV","Latvia",2006,99.8280237355,
"LV","Latvia",2007,99.8415998964,
"LV","Latvia",2008,99.8551760573,
"LV","Latvia",2009,99.8687522182,
"LV","Latvia",2010,99.8823283791,
"LV","Latvia",2011,99.89590454,99.89590454
"LV","Latvia",2012,,
"LV","Latvia",2013,,
"LB","Lebanon",2000,,
"LB","Lebanon",2001,,
"LB","Lebanon",2002,,
"LB","Lebanon",2003,,
"LB","Lebanon",2004,,
"LB","Lebanon",2005,,
"LB","Lebanon",2006,,
"LB","Lebanon",2007,89.61244202,89.61244202
"LB","Lebanon",2008,,
"LB","Lebanon",2009,,
"LB","Lebanon",2010,,
"LB","Lebanon",2011,,
"LB","Lebanon",2012,,
"LB","Lebanon",2013,,
"LS","Lesotho",2000,86.25443268,86.25443268
"LS","Lesotho",2001,85.0928514289,
"LS","Lesotho",2002,83.9312701778,
"LS","Lesotho",2003,82.7696889267,
"LS","Lesotho",2004,81.6081076756,
"LS","Lesotho",2005,80.4465264244,
"LS","Lesotho",2006,79.2849451733,
"LS","Lesotho",2007,78.1233639222,
"LS","Lesotho",2008,76.9617826711,
"LS","Lesotho",2009,75.80020142,75.80020142
"LS","Lesotho",2010,,
"LS","Lesotho",2011,,
"LS","Lesotho",2012,,
"LS","Lesotho",2013,,
"LR","Liberia",2000,,
"LR","Liberia",2001,,
"LR","Liberia",2002,,
"LR","Liberia",2003,,
"LR","Liberia",2004,43.10837173,43.10837173
"LR","Liberia",2005,43.05260976,
"LR","Liberia",2006,42.99684779,
"LR","Liberia",2007,42.94108582,42.94108582
"LR","Liberia",2008,,
"LR","Liberia",2009,,
"LR","Liberia",2010,,
"LR","Liberia",2011,,
"LR","Liberia",2012,,
"LR","Liberia",2013,,
"LY","Libya",2000,,
"LY","Libya",2001,,
"LY","Libya",2002,,
"LY","Libya",2003,,
"LY","Libya",2004,85.41681671,85.41681671
"LY","Libya",2005,85.97464466,
"LY","Libya",2006,86.53247261,
"LY","Libya",2007,87.09030056,
"LY","Libya",2008,87.64812851,
"LY","Libya",2009,88.20595646,
"LY","Libya",2010,88.76378441,
"LY","Libya",2011,89.32161236,
"LY","Libya",2012,89.87944031,89.87944031
"LY","Libya",2013,,
"LI","Liechtenstein",2000,,
"LI","Liechtenstein",2001,,
"LI","Liechtenstein",2002,,
"LI","Liechtenstein",2003,,
"LI","Liechtenstein",2004,,
"LI","Liechtenstein",2005,,
"LI","Liechtenstein",2006,,
"LI","Liechtenstein",2007,,
"LI","Liechtenstein",2008,,
"LI","Liechtenstein",2009,,
"LI","Liechtenstein",2010,,
"LI","Liechtenstein",2011,,
"LI","Liechtenstein",2012,,
"LI","Liechtenstein",2013,,
"LT","Lithuania",2000,,
"LT","Lithuania",2001,99.64575195,99.64575195
"LT","Lithuania",2002,99.662736508,
"LT","Lithuania",2003,99.679721066,
"LT","Lithuania",2004,99.696705624,
"LT","Lithuania",2005,99.713690182,
"LT","Lithuania",2006,99.73067474,
"LT","Lithuania",2007,99.747659298,
"LT","Lithuania",2008,99.764643856,
"LT","Lithuania",2009,99.781628414,
"LT","Lithuania",2010,99.798612972,
"LT","Lithuania",2011,99.81559753,99.81559753
"LT","Lithuania",2012,,
"LT","Lithuania",2013,,
"LU","Luxembourg",2000,,
"LU","Luxembourg",2001,,
"LU","Luxembourg",2002,,
"LU","Luxembourg",2003,,
"LU","Luxembourg",2004,,
"LU","Luxembourg",2005,,
"LU","Luxembourg",2006,,
"LU","Luxembourg",2007,,
"LU","Luxembourg",2008,,
"LU","Luxembourg",2009,,
"LU","Luxembourg",2010,,
"LU","Luxembourg",2011,,
"LU","Luxembourg",2012,,
"LU","Luxembourg",2013,,
"MO","Macao",2000,,
"MO","Macao",2001,91.29537201,91.29537201
"MO","Macao",2002,91.73624878,
"MO","Macao",2003,92.17712555,
"MO","Macao",2004,92.61800232,
"MO","Macao",2005,93.05887909,
"MO","Macao",2006,93.49975586,93.49975586
"MO","Macao",2007,93.927812196,
"MO","Macao",2008,94.355868532,
"MO","Macao",2009,94.783924868,
"MO","Macao",2010,95.211981204,
"MO","Macao",2011,95.64003754,95.64003754
"MO","Macao",2012,,
"MO","Macao",2013,,
"MK","Macedonia",2000,,
"MK","Macedonia",2001,,
"MK","Macedonia",2002,96.12892914,96.12892914
"MK","Macedonia",2003,96.269742586,
"MK","Macedonia",2004,96.410556032,
"MK","Macedonia",2005,96.551369478,
"MK","Macedonia",2006,96.692182924,
"MK","Macedonia",2007,96.83299637,
"MK","Macedonia",2008,96.973809816,
"MK","Macedonia",2009,97.114623262,
"MK","Macedonia",2010,97.255436708,
"MK","Macedonia",2011,97.396250154,
"MK","Macedonia",2012,97.5370636,97.5370636
"MK","Macedonia",2013,,
"MG","Madagascar",2000,70.68617249,70.68617249
"MG","Madagascar",2001,69.9966981722,
"MG","Madagascar",2002,69.3072238544,
"MG","Madagascar",2003,68.6177495367,
"MG","Madagascar",2004,67.9282752189,
"MG","Madagascar",2005,67.2388009011,
"MG","Madagascar",2006,66.5493265833,
"MG","Madagascar",2007,65.8598522656,
"MG","Madagascar",2008,65.1703779478,
"MG","Madagascar",2009,64.48090363,64.48090363
"MG","Madagascar",2010,,
"MG","Madagascar",2011,,
"MG","Madagascar",2012,,
"MG","Madagascar",2013,,
"MW","Malawi",2000,,
"MW","Malawi",2001,,
"MW","Malawi",2002,,
"MW","Malawi",2003,,
"MW","Malawi",2004,,
"MW","Malawi",2005,,
"MW","Malawi",2006,,
"MW","Malawi",2007,,
"MW","Malawi",2008,,
"MW","Malawi",2009,,
"MW","Malawi",2010,61.3097229,61.3097229
"MW","Malawi",2011,,
"MW","Malawi",2012,,
"MW","Malawi",2013,,
"MY","Malaysia",2000,88.6877594,88.6877594
"MY","Malaysia",2001,89.130771637,
"MY","Malaysia",2002,89.573783874,
"MY","Malaysia",2003,90.016796111,
"MY","Malaysia",2004,90.459808348,
"MY","Malaysia",2005,90.902820585,
"MY","Malaysia",2006,91.345832822,
"MY","Malaysia",2007,91.788845059,
"MY","Malaysia",2008,92.231857296,
"MY","Malaysia",2009,92.674869533,
"MY","Malaysia",2010,93.11788177,93.11788177
"MY","Malaysia",2011,,
"MY","Malaysia",2012,,
"MY","Malaysia",2013,,
"MV","Maldives",2000,96.32649231,96.32649231
"MV","Maldives",2001,96.6717262267,
"MV","Maldives",2002,97.0169601433,
"MV","Maldives",2003,97.36219406,
"MV","Maldives",2004,97.7074279767,
"MV","Maldives",2005,98.0526618933,
"MV","Maldives",2006,98.39789581,98.39789581
"MV","Maldives",2007,,
"MV","Maldives",2008,,
"MV","Maldives",2009,,
"MV","Maldives",2010,,
"MV","Maldives",2011,,
"MV","Maldives",2012,,
"MV","Maldives",2013,,
"ML","Mali",2000,,
"ML","Mali",2001,,
"ML","Mali",2002,,
"ML","Mali",2003,24,24
"ML","Mali",2004,24.72551791,
"ML","Mali",2005,25.45103582,
"ML","Mali",2006,26.17655373,26.17655373
"ML","Mali",2007,27.40735388,
"ML","Mali",2008,28.63815403,
"ML","Mali",2009,29.86895418,
"ML","Mali",2010,31.09975433,31.09975433
"ML","Mali",2011,33.56093979,33.56093979
"ML","Mali",2012,,
"ML","Mali",2013,,
"MT","Malta",2000,,
"MT","Malta",2001,,
"MT","Malta",2002,,
"MT","Malta",2003,,
"MT","Malta",2004,,
"MT","Malta",2005,92.36309052,92.36309052
"MT","Malta",2006,,
"MT","Malta",2007,,
"MT","Malta",2008,,
"MT","Malta",2009,,
"MT","Malta",2010,,
"MT","Malta",2011,,
"MT","Malta",2012,,
"MT","Malta",2013,,
"MH","Marshall Islands",2000,,
"MH","Marshall Islands",2001,,
"MH","Marshall Islands",2002,,
"MH","Marshall Islands",2003,,
"MH","Marshall Islands",2004,,
"MH","Marshall Islands",2005,,
"MH","Marshall Islands",2006,,
"MH","Marshall Islands",2007,,
"MH","Marshall Islands",2008,,
"MH","Marshall Islands",2009,,
"MH","Marshall Islands",2010,,
"MH","Marshall Islands",2011,,
"MH","Marshall Islands",2012,,
"MH","Marshall Islands",2013,,
"MR","Mauritania",2000,51.20767975,51.20767975
"MR","Mauritania",2001,50.3928375257,
"MR","Mauritania",2002,49.5779953014,
"MR","Mauritania",2003,48.7631530771,
"MR","Mauritania",2004,47.9483108529,
"MR","Mauritania",2005,47.1334686286,
"MR","Mauritania",2006,46.3186264043,
"MR","Mauritania",2007,45.50378418,45.50378418
"MR","Mauritania",2008,,
"MR","Mauritania",2009,,
"MR","Mauritania",2010,,
"MR","Mauritania",2011,,
"MR","Mauritania",2012,,
"MR","Mauritania",2013,,
"MU","Mauritius",2000,84.30308533,84.30308533
"MU","Mauritius",2001,84.7527895864,
"MU","Mauritius",2002,85.2024938427,
"MU","Mauritius",2003,85.6521980991,
"MU","Mauritius",2004,86.1019023555,
"MU","Mauritius",2005,86.5516066118,
"MU","Mauritius",2006,87.0013108682,
"MU","Mauritius",2007,87.4510151245,
"MU","Mauritius",2008,87.9007193809,
"MU","Mauritius",2009,88.3504236373,
"MU","Mauritius",2010,88.8001278936,
"MU","Mauritius",2011,89.24983215,89.24983215
"MU","Mauritius",2012,,
"MU","Mauritius",2013,,
"MX","Mexico",2000,90.53562164,90.53562164
"MX","Mexico",2001,90.40513992,
"MX","Mexico",2002,90.2746582,90.2746582
"MX","Mexico",2003,90.61420059,
"MX","Mexico",2004,90.95374298,90.95374298
"MX","Mexico",2005,91.63026428,91.63026428
"MX","Mexico",2006,91.73451996,91.73451996
"MX","Mexico",2007,92.79517365,92.79517365
"MX","Mexico",2008,92.92559814,92.92559814
"MX","Mexico",2009,93.44187927,93.44187927
"MX","Mexico",2010,93.06893921,93.06893921
"MX","Mexico",2011,93.51998138,93.51998138
"MX","Mexico",2012,94.22840118,94.22840118
"MX","Mexico",2013,,
"FM","Micronesia",2000,,
"FM","Micronesia",2001,,
"FM","Micronesia",2002,,
"FM","Micronesia",2003,,
"FM","Micronesia",2004,,
"FM","Micronesia",2005,,
"FM","Micronesia",2006,,
"FM","Micronesia",2007,,
"FM","Micronesia",2008,,
"FM","Micronesia",2009,,
"FM","Micronesia",2010,,
"FM","Micronesia",2011,,
"FM","Micronesia",2012,,
"FM","Micronesia",2013,,
"MD","Moldova",2000,96.65379333,96.65379333
"MD","Moldova",2001,96.8549855508,
"MD","Moldova",2002,97.0561777717,
"MD","Moldova",2003,97.2573699925,
"MD","Moldova",2004,97.4585622133,
"MD","Moldova",2005,97.6597544342,
"MD","Moldova",2006,97.860946655,
"MD","Moldova",2007,98.0621388758,
"MD","Moldova",2008,98.2633310967,
"MD","Moldova",2009,98.4645233175,
"MD","Moldova",2010,98.6657155383,
"MD","Moldova",2011,98.8669077592,
"MD","Moldova",2012,99.06809998,99.06809998
"MD","Moldova",2013,,
"MC","Monaco",2000,,
"MC","Monaco",2001,,
"MC","Monaco",2002,,
"MC","Monaco",2003,,
"MC","Monaco",2004,,
"MC","Monaco",2005,,
"MC","Monaco",2006,,
"MC","Monaco",2007,,
"MC","Monaco",2008,,
"MC","Monaco",2009,,
"MC","Monaco",2010,,
"MC","Monaco",2011,,
"MC","Monaco",2012,,
"MC","Monaco",2013,,
"MN","Mongolia",2000,97.76885223,97.76885223
"MN","Mongolia",2001,97.817667385,
"MN","Mongolia",2002,97.86648254,
"MN","Mongolia",2003,97.915297695,
"MN","Mongolia",2004,97.96411285,
"MN","Mongolia",2005,98.012928005,
"MN","Mongolia",2006,98.06174316,
"MN","Mongolia",2007,98.110558315,
"MN","Mongolia",2008,98.15937347,
"MN","Mongolia",2009,98.208188625,
"MN","Mongolia",2010,98.25700378,98.25700378
"MN","Mongolia",2011,,
"MN","Mongolia",2012,,
"MN","Mongolia",2013,,
"ME","Montenegro",2000,,
"ME","Montenegro",2001,,
"ME","Montenegro",2002,,
"ME","Montenegro",2003,,
"ME","Montenegro",2004,,
"ME","Montenegro",2005,,
"ME","Montenegro",2006,,
"ME","Montenegro",2007,,
"ME","Montenegro",2008,,
"ME","Montenegro",2009,,
"ME","Montenegro",2010,,
"ME","Montenegro",2011,98.44220734,98.44220734
"ME","Montenegro",2012,,
"ME","Montenegro",2013,,
"MA","Morocco",2000,,
"MA","Morocco",2001,,
"MA","Morocco",2002,,
"MA","Morocco",2003,,
"MA","Morocco",2004,52.30625916,52.30625916
"MA","Morocco",2005,53.016674045,
"MA","Morocco",2006,53.72708893,
"MA","Morocco",2007,54.437503815,
"MA","Morocco",2008,55.1479187,55.1479187
"MA","Morocco",2009,56.08367157,56.08367157
"MA","Morocco",2010,61.58391571,
"MA","Morocco",2011,67.08415985,67.08415985
"MA","Morocco",2012,,
"MA","Morocco",2013,,
"MZ","Mozambique",2000,,
"MZ","Mozambique",2001,,
"MZ","Mozambique",2002,,
"MZ","Mozambique",2003,48.15884018,48.15884018
"MZ","Mozambique",2004,48.5630022683,
"MZ","Mozambique",2005,48.9671643567,
"MZ","Mozambique",2006,49.371326445,
"MZ","Mozambique",2007,49.7754885333,
"MZ","Mozambique",2008,50.1796506217,
"MZ","Mozambique",2009,50.58381271,50.58381271
"MZ","Mozambique",2010,,
"MZ","Mozambique",2011,,
"MZ","Mozambique",2012,,
"MZ","Mozambique",2013,,
"MM","Myanmar",2000,89.94176483,89.94176483
"MM","Myanmar",2001,90.16538302,
"MM","Myanmar",2002,90.38900121,
"MM","Myanmar",2003,90.6126194,
"MM","Myanmar",2004,90.83623759,
"MM","Myanmar",2005,91.05985578,
"MM","Myanmar",2006,91.28347397,
"MM","Myanmar",2007,91.50709216,
"MM","Myanmar",2008,91.73071035,
"MM","Myanmar",2009,91.95432854,
"MM","Myanmar",2010,92.17794673,
"MM","Myanmar",2011,92.40156492,
"MM","Myanmar",2012,92.62518311,92.62518311
"MM","Myanmar",2013,,
"NA","Namibia",2000,,
"NA","Namibia",2001,85.04128265,85.04128265
"NA","Namibia",2002,83.6155014,
"NA","Namibia",2003,82.18972015,
"NA","Namibia",2004,80.7639389,
"NA","Namibia",2005,79.33815765,
"NA","Namibia",2006,77.9123764,
"NA","Namibia",2007,76.48659515,76.48659515
"NA","Namibia",2008,,
"NA","Namibia",2009,,
"NA","Namibia",2010,,
"NA","Namibia",2011,,
"NA","Namibia",2012,,
"NA","Namibia",2013,,
"NP","Nepal",2000,,
"NP","Nepal",2001,48.60897064,48.60897064
"NP","Nepal",2002,49.484983824,
"NP","Nepal",2003,50.360997008,
"NP","Nepal",2004,51.237010192,
"NP","Nepal",2005,52.113023376,
"NP","Nepal",2006,52.98903656,
"NP","Nepal",2007,53.865049744,
"NP","Nepal",2008,54.741062928,
"NP","Nepal",2009,55.617076112,
"NP","Nepal",2010,56.493089296,
"NP","Nepal",2011,57.36910248,57.36910248
"NP","Nepal",2012,,
"NP","Nepal",2013,,
"NL","Netherlands",2000,,
"NL","Netherlands",2001,,
"NL","Netherlands",2002,,
"NL","Netherlands",2003,,
"NL","Netherlands",2004,,
"NL","Netherlands",2005,,
"NL","Netherlands",2006,,
"NL","Netherlands",2007,,
"NL","Netherlands",2008,,
"NL","Netherlands",2009,,
"NL","Netherlands",2010,,
"NL","Netherlands",2011,,
"NL","Netherlands",2012,,
"NL","Netherlands",2013,,
"NC","New Caledonia",2000,,
"NC","New Caledonia",2001,,
"NC","New Caledonia",2002,,
"NC","New Caledonia",2003,,
"NC","New Caledonia",2004,,
"NC","New Caledonia",2005,,
"NC","New Caledonia",2006,,
"NC","New Caledonia",2007,,
"NC","New Caledonia",2008,,
"NC","New Caledonia",2009,,
"NC","New Caledonia",2010,,
"NC","New Caledonia",2011,,
"NC","New Caledonia",2012,96.53191376,96.53191376
"NC","New Caledonia",2013,,
"NZ","New Zealand",2000,,
"NZ","New Zealand",2001,,
"NZ","New Zealand",2002,,
"NZ","New Zealand",2003,,
"NZ","New Zealand",2004,,
"NZ","New Zealand",2005,,
"NZ","New Zealand",2006,,
"NZ","New Zealand",2007,,
"NZ","New Zealand",2008,,
"NZ","New Zealand",2009,,
"NZ","New Zealand",2010,,
"NZ","New Zealand",2011,,
"NZ","New Zealand",2012,,
"NZ","New Zealand",2013,,
"NI","Nicaragua",2000,,
"NI","Nicaragua",2001,76.67712402,76.67712402
"NI","Nicaragua",2002,77.0085887875,
"NI","Nicaragua",2003,77.340053555,
"NI","Nicaragua",2004,77.6715183225,
"NI","Nicaragua",2005,78.00298309,78.00298309
"NI","Nicaragua",2006,,
"NI","Nicaragua",2007,,
"NI","Nicaragua",2008,,
"NI","Nicaragua",2009,,
"NI","Nicaragua",2010,,
"NI","Nicaragua",2011,,
"NI","Nicaragua",2012,,
"NI","Nicaragua",2013,,
"NE","Niger",2000,,
"NE","Niger",2001,14.3760376,14.3760376
"NE","Niger",2002,17.9501338025,
"NE","Niger",2003,21.524230005,
"NE","Niger",2004,25.0983262075,
"NE","Niger",2005,28.67242241,28.67242241
"NE","Niger",2006,26.7844617029,
"NE","Niger",2007,24.8965009957,
"NE","Niger",2008,23.0085402886,
"NE","Niger",2009,21.1205795814,
"NE","Niger",2010,19.2326188743,
"NE","Niger",2011,17.3446581671,
"NE","Niger",2012,15.45669746,15.45669746
"NE","Niger",2013,,
"NG","Nigeria",2000,,
"NG","Nigeria",2001,,
"NG","Nigeria",2002,,
"NG","Nigeria",2003,54.7731781,54.7731781
"NG","Nigeria",2004,54.034074402,
"NG","Nigeria",2005,53.294970704,
"NG","Nigeria",2006,52.555867006,
"NG","Nigeria",2007,51.816763308,
"NG","Nigeria",2008,51.07765961,51.07765961
"NG","Nigeria",2009,,
"NG","Nigeria",2010,,
"NG","Nigeria",2011,,
"NG","Nigeria",2012,,
"NG","Nigeria",2013,,
"KP","North Korea",2000,,
"KP","North Korea",2001,,
"KP","North Korea",2002,,
"KP","North Korea",2003,,
"KP","North Korea",2004,,
"KP","North Korea",2005,,
"KP","North Korea",2006,,
"KP","North Korea",2007,,
"KP","North Korea",2008,99.9982605,99.9982605
"KP","North Korea",2009,,
"KP","North Korea",2010,,
"KP","North Korea",2011,,
"KP","North Korea",2012,,
"KP","North Korea",2013,,
"MP","Northern Mariana Islands",2000,,
"MP","Northern Mariana Islands",2001,,
"MP","Northern Mariana Islands",2002,,
"MP","Northern Mariana Islands",2003,,
"MP","Northern Mariana Islands",2004,,
"MP","Northern Mariana Islands",2005,,
"MP","Northern Mariana Islands",2006,,
"MP","Northern Mariana Islands",2007,,
"MP","Northern Mariana Islands",2008,,
"MP","Northern Mariana Islands",2009,,
"MP","Northern Mariana Islands",2010,,
"MP","Northern Mariana Islands",2011,,
"MP","Northern Mariana Islands",2012,,
"MP","Northern Mariana Islands",2013,,
"NO","Norway",2000,,
"NO","Norway",2001,,
"NO","Norway",2002,,
"NO","Norway",2003,,
"NO","Norway",2004,,
"NO","Norway",2005,,
"NO","Norway",2006,,
"NO","Norway",2007,,
"NO","Norway",2008,,
"NO","Norway",2009,,
"NO","Norway",2010,,
"NO","Norway",2011,,
"NO","Norway",2012,,
"NO","Norway",2013,,
"OM","Oman",2000,,
"OM","Oman",2001,,
"OM","Oman",2002,,
"OM","Oman",2003,81.36331177,81.36331177
"OM","Oman",2004,82.414877322,
"OM","Oman",2005,83.466442874,
"OM","Oman",2006,84.518008426,
"OM","Oman",2007,85.569573978,
"OM","Oman",2008,86.62113953,86.62113953
"OM","Oman",2009,86.780067445,
"OM","Oman",2010,86.93899536,86.93899536
"OM","Oman",2011,,
"OM","Oman",2012,,
"OM","Oman",2013,,
"PK","Pakistan",2000,,
"PK","Pakistan",2001,,
"PK","Pakistan",2002,,
"PK","Pakistan",2003,,
"PK","Pakistan",2004,,
"PK","Pakistan",2005,49.87364578,49.87364578
"PK","Pakistan",2006,54.15121078,54.15121078
"PK","Pakistan",2007,54.838788985,
"PK","Pakistan",2008,55.52636719,55.52636719
"PK","Pakistan",2009,54.89263535,54.89263535
"PK","Pakistan",2010,55.37519073,55.37519073
"PK","Pakistan",2011,54.73801804,54.73801804
"PK","Pakistan",2012,,
"PK","Pakistan",2013,,
"PW","Palau",2000,,
"PW","Palau",2001,,
"PW","Palau",2002,,
"PW","Palau",2003,,
"PW","Palau",2004,,
"PW","Palau",2005,,
"PW","Palau",2006,,
"PW","Palau",2007,,
"PW","Palau",2008,,
"PW","Palau",2009,,
"PW","Palau",2010,,
"PW","Palau",2011,,
"PW","Palau",2012,,
"PW","Palau",2013,99.52396393,99.52396393
"PS","Palestine",2000,,
"PS","Palestine",2001,,
"PS","Palestine",2002,,
"PS","Palestine",2003,,
"PS","Palestine",2004,92.27997589,92.27997589
"PS","Palestine",2005,92.86497116,
"PS","Palestine",2006,93.44996643,93.44996643
"PS","Palestine",2007,93.88213348,93.88213348
"PS","Palestine",2008,94.05865479,94.05865479
"PS","Palestine",2009,94.59916687,94.59916687
"PS","Palestine",2010,94.93201447,94.93201447
"PS","Palestine",2011,95.26724243,95.26724243
"PS","Palestine",2012,95.91376495,95.91376495
"PS","Palestine",2013,,
"PA","Panama",2000,91.89961243,91.89961243
"PA","Panama",2001,92.119063571,
"PA","Panama",2002,92.338514712,
"PA","Panama",2003,92.557965853,
"PA","Panama",2004,92.777416994,
"PA","Panama",2005,92.996868135,
"PA","Panama",2006,93.216319276,
"PA","Panama",2007,93.435770417,
"PA","Panama",2008,93.655221558,
"PA","Panama",2009,93.874672699,
"PA","Panama",2010,94.09412384,94.09412384
"PA","Panama",2011,,
"PA","Panama",2012,,
"PA","Panama",2013,,
"PG","Papua New Guinea",2000,57.34325409,57.34325409
"PG","Papua New Guinea",2001,57.804802895,
"PG","Papua New Guinea",2002,58.2663517,
"PG","Papua New Guinea",2003,58.727900505,
"PG","Papua New Guinea",2004,59.18944931,
"PG","Papua New Guinea",2005,59.650998115,
"PG","Papua New Guinea",2006,60.11254692,
"PG","Papua New Guinea",2007,60.574095725,
"PG","Papua New Guinea",2008,61.03564453,
"PG","Papua New Guinea",2009,61.497193335,
"PG","Papua New Guinea",2010,61.95874214,
"PG","Papua New Guinea",2011,62.420290945,
"PG","Papua New Guinea",2012,62.88183975,62.88183975
"PG","Papua New Guinea",2013,,
"PY","Paraguay",2000,,
"PY","Paraguay",2001,,
"PY","Paraguay",2002,,
"PY","Paraguay",2003,,
"PY","Paraguay",2004,,
"PY","Paraguay",2005,,
"PY","Paraguay",2006,,
"PY","Paraguay",2007,94.55821991,94.55821991
"PY","Paraguay",2008,93.29208374,93.29208374
"PY","Paraguay",2009,93.75423431,93.75423431
"PY","Paraguay",2010,93.87091827,93.87091827
"PY","Paraguay",2011,,
"PY","Paraguay",2012,,
"PY","Paraguay",2013,,
"PE","Peru",2000,,
"PE","Peru",2001,,
"PE","Peru",2002,,
"PE","Peru",2003,,
"PE","Peru",2004,87.66984558,87.66984558
"PE","Peru",2005,87.90867615,87.90867615
"PE","Peru",2006,88.69934082,88.69934082
"PE","Peru",2007,89.59081268,89.59081268
"PE","Peru",2008,90.440995786,
"PE","Peru",2009,91.291178892,
"PE","Peru",2010,92.141361998,
"PE","Peru",2011,92.991545104,
"PE","Peru",2012,93.84172821,93.84172821
"PE","Peru",2013,,
"PH","Philippines",2000,92.60006714,92.60006714
"PH","Philippines",2001,92.59694163,
"PH","Philippines",2002,92.59381612,
"PH","Philippines",2003,92.59069061,92.59069061
"PH","Philippines",2004,93.156571958,
"PH","Philippines",2005,93.722453306,
"PH","Philippines",2006,94.288334654,
"PH","Philippines",2007,94.854216002,
"PH","Philippines",2008,95.42009735,95.42009735
"PH","Philippines",2009,,
"PH","Philippines",2010,,
"PH","Philippines",2011,,
"PH","Philippines",2012,,
"PH","Philippines",2013,,
"PL","Poland",2000,,
"PL","Poland",2001,,
"PL","Poland",2002,,
"PL","Poland",2003,,
"PL","Poland",2004,99.61794281,99.61794281
"PL","Poland",2005,99.6341533663,
"PL","Poland",2006,99.6503639225,
"PL","Poland",2007,99.6665744788,
"PL","Poland",2008,99.682785035,
"PL","Poland",2009,99.6989955913,
"PL","Poland",2010,99.7152061475,
"PL","Poland",2011,99.7314167038,
"PL","Poland",2012,99.74762726,99.74762726
"PL","Poland",2013,,
"PT","Portugal",2000,,
"PT","Portugal",2001,,
"PT","Portugal",2002,,
"PT","Portugal",2003,,
"PT","Portugal",2004,,
"PT","Portugal",2005,,
"PT","Portugal",2006,,
"PT","Portugal",2007,,
"PT","Portugal",2008,,
"PT","Portugal",2009,,
"PT","Portugal",2010,,
"PT","Portugal",2011,94.47705078,94.47705078
"PT","Portugal",2012,,
"PT","Portugal",2013,,
"PR","Puerto Rico",2000,,
"PR","Puerto Rico",2001,,
"PR","Puerto Rico",2002,,
"PR","Puerto Rico",2003,,
"PR","Puerto Rico",2004,90.52934265,90.52934265
"PR","Puerto Rico",2005,90.7686576833,
"PR","Puerto Rico",2006,91.0079727167,
"PR","Puerto Rico",2007,91.24728775,
"PR","Puerto Rico",2008,91.4866027833,
"PR","Puerto Rico",2009,91.7259178167,
"PR","Puerto Rico",2010,91.96523285,91.96523285
"PR","Puerto Rico",2011,,
"PR","Puerto Rico",2012,,
"PR","Puerto Rico",2013,,
"QA","Qatar",2000,,
"QA","Qatar",2001,,
"QA","Qatar",2002,,
"QA","Qatar",2003,,
"QA","Qatar",2004,88.96238708,88.96238708
"QA","Qatar",2005,90.3358383133,
"QA","Qatar",2006,91.7092895467,
"QA","Qatar",2007,93.08274078,93.08274078
"QA","Qatar",2008,93.98973083,93.98973083
"QA","Qatar",2009,94.72428894,94.72428894
"QA","Qatar",2010,96.28373718,96.28373718
"QA","Qatar",2011,96.40686798,96.40686798
"QA","Qatar",2012,96.6785965,96.6785965
"QA","Qatar",2013,,
"RO","Romania",2000,,
"RO","Romania",2001,,
"RO","Romania",2002,97.29758453,97.29758453
"RO","Romania",2003,97.4427736033,
"RO","Romania",2004,97.5879626767,
"RO","Romania",2005,97.73315175,
"RO","Romania",2006,97.8783408233,
"RO","Romania",2007,98.0235298967,
"RO","Romania",2008,98.16871897,
"RO","Romania",2009,98.3139080433,
"RO","Romania",2010,98.4590971167,
"RO","Romania",2011,98.60428619,98.60428619
"RO","Romania",2012,,
"RO","Romania",2013,,
"RU","Russian Federation",2000,,
"RU","Russian Federation",2001,,
"RU","Russian Federation",2002,99.44097137,99.44097137
"RU","Russian Federation",2003,99.4713830913,
"RU","Russian Federation",2004,99.5017948125,
"RU","Russian Federation",2005,99.5322065338,
"RU","Russian Federation",2006,99.562618255,
"RU","Russian Federation",2007,99.5930299763,
"RU","Russian Federation",2008,99.6234416975,
"RU","Russian Federation",2009,99.6538534188,
"RU","Russian Federation",2010,99.68426514,99.68426514
"RU","Russian Federation",2011,,
"RU","Russian Federation",2012,,
"RU","Russian Federation",2013,,
"RW","Rwanda",2000,64.88859558,64.88859558
"RW","Rwanda",2001,64.984963225,
"RW","Rwanda",2002,65.08133087,
"RW","Rwanda",2003,65.177698515,
"RW","Rwanda",2004,65.27406616,
"RW","Rwanda",2005,65.370433805,
"RW","Rwanda",2006,65.46680145,
"RW","Rwanda",2007,65.563169095,
"RW","Rwanda",2008,65.65953674,
"RW","Rwanda",2009,65.755904385,
"RW","Rwanda",2010,65.85227203,65.85227203
"RW","Rwanda",2011,,
"RW","Rwanda",2012,,
"RW","Rwanda",2013,,
"KN","Saint Kitts and Nevis",2000,,
"KN","Saint Kitts and Nevis",2001,,
"KN","Saint Kitts and Nevis",2002,,
"KN","Saint Kitts and Nevis",2003,,
"KN","Saint Kitts and Nevis",2004,,
"KN","Saint Kitts and Nevis",2005,,
"KN","Saint Kitts and Nevis",2006,,
"KN","Saint Kitts and Nevis",2007,,
"KN","Saint Kitts and Nevis",2008,,
"KN","Saint Kitts and Nevis",2009,,
"KN","Saint Kitts and Nevis",2010,,
"KN","Saint Kitts and Nevis",2011,,
"KN","Saint Kitts and Nevis",2012,,
"KN","Saint Kitts and Nevis",2013,,
"LC","Saint Lucia",2000,,
"LC","Saint Lucia",2001,,
"LC","Saint Lucia",2002,,
"LC","Saint Lucia",2003,,
"LC","Saint Lucia",2004,,
"LC","Saint Lucia",2005,,
"LC","Saint Lucia",2006,,
"LC","Saint Lucia",2007,,
"LC","Saint Lucia",2008,,
"LC","Saint Lucia",2009,,
"LC","Saint Lucia",2010,,
"LC","Saint Lucia",2011,,
"LC","Saint Lucia",2012,,
"LC","Saint Lucia",2013,,
"MF","Saint Martin ",2000,,
"MF","Saint Martin ",2001,,
"MF","Saint Martin ",2002,,
"MF","Saint Martin ",2003,,
"MF","Saint Martin ",2004,,
"MF","Saint Martin ",2005,,
"MF","Saint Martin ",2006,,
"MF","Saint Martin ",2007,,
"MF","Saint Martin ",2008,,
"MF","Saint Martin ",2009,,
"MF","Saint Martin ",2010,,
"MF","Saint Martin ",2011,,
"MF","Saint Martin ",2012,,
"MF","Saint Martin ",2013,,
"VC","Saint Vincent and the Grenadines",2000,,
"VC","Saint Vincent and the Grenadines",2001,,
"VC","Saint Vincent and the Grenadines",2002,,
"VC","Saint Vincent and the Grenadines",2003,,
"VC","Saint Vincent and the Grenadines",2004,,
"VC","Saint Vincent and the Grenadines",2005,,
"VC","Saint Vincent and the Grenadines",2006,,
"VC","Saint Vincent and the Grenadines",2007,,
"VC","Saint Vincent and the Grenadines",2008,,
"VC","Saint Vincent and the Grenadines",2009,,
"VC","Saint Vincent and the Grenadines",2010,,
"VC","Saint Vincent and the Grenadines",2011,,
"VC","Saint Vincent and the Grenadines",2012,,
"VC","Saint Vincent and the Grenadines",2013,,
"WS","Samoa",2000,,
"WS","Samoa",2001,,
"WS","Samoa",2002,,
"WS","Samoa",2003,,
"WS","Samoa",2004,98.54048157,98.54048157
"WS","Samoa",2005,98.5810318013,
"WS","Samoa",2006,98.6215820325,
"WS","Samoa",2007,98.6621322638,
"WS","Samoa",2008,98.702682495,
"WS","Samoa",2009,98.7432327263,
"WS","Samoa",2010,98.7837829575,
"WS","Samoa",2011,98.8243331888,
"WS","Samoa",2012,98.86488342,98.86488342
"WS","Samoa",2013,,
"SM","San Marino",2000,,
"SM","San Marino",2001,,
"SM","San Marino",2002,,
"SM","San Marino",2003,,
"SM","San Marino",2004,,
"SM","San Marino",2005,,
"SM","San Marino",2006,,
"SM","San Marino",2007,,
"SM","San Marino",2008,,
"SM","San Marino",2009,,
"SM","San Marino",2010,,
"SM","San Marino",2011,,
"SM","San Marino",2012,,
"SM","San Marino",2013,,
"ST","Sao Tome and Principe",2000,,
"ST","Sao Tome and Principe",2001,84.90851593,84.90851593
"ST","Sao Tome and Principe",2002,82.7124971657,
"ST","Sao Tome and Principe",2003,80.5164784014,
"ST","Sao Tome and Principe",2004,78.3204596371,
"ST","Sao Tome and Principe",2005,76.1244408729,
"ST","Sao Tome and Principe",2006,73.9284221086,
"ST","Sao Tome and Principe",2007,71.7324033443,
"ST","Sao Tome and Principe",2008,69.53638458,69.53638458
"ST","Sao Tome and Principe",2009,,
"ST","Sao Tome and Principe",2010,,
"ST","Sao Tome and Principe",2011,,
"ST","Sao Tome and Principe",2012,,
"ST","Sao Tome and Principe",2013,,
"SA","Saudi Arabia",2000,79.35094452,79.35094452
"SA","Saudi Arabia",2001,80.2276439675,
"SA","Saudi Arabia",2002,81.104343415,
"SA","Saudi Arabia",2003,81.9810428625,
"SA","Saudi Arabia",2004,82.85774231,82.85774231
"SA","Saudi Arabia",2005,84.1431427011,
"SA","Saudi Arabia",2006,85.4285430922,
"SA","Saudi Arabia",2007,86.7139434833,
"SA","Saudi Arabia",2008,87.9993438744,
"SA","Saudi Arabia",2009,89.2847442656,
"SA","Saudi Arabia",2010,90.5701446567,
"SA","Saudi Arabia",2011,91.8555450478,
"SA","Saudi Arabia",2012,93.1409454389,
"SA","Saudi Arabia",2013,94.42634583,94.42634583
"SN","Senegal",2000,,
"SN","Senegal",2001,,
"SN","Senegal",2002,39.27524567,39.27524567
"SN","Senegal",2003,39.92922211,
"SN","Senegal",2004,40.58319855,
"SN","Senegal",2005,41.23717499,
"SN","Senegal",2006,41.89115143,41.89115143
"SN","Senegal",2007,44.4924761467,
"SN","Senegal",2008,47.0938008633,
"SN","Senegal",2009,49.69512558,49.69512558
"SN","Senegal",2010,50.873542785,
"SN","Senegal",2011,52.05195999,52.05195999
"SN","Senegal",2012,,
"SN","Senegal",2013,,
"RS","Serbia",2000,,
"RS","Serbia",2001,,
"RS","Serbia",2002,,
"RS","Serbia",2003,,
"RS","Serbia",2004,,
"RS","Serbia",2005,,
"RS","Serbia",2006,,
"RS","Serbia",2007,,
"RS","Serbia",2008,,
"RS","Serbia",2009,,
"RS","Serbia",2010,,
"RS","Serbia",2011,,
"RS","Serbia",2012,98.15666962,98.15666962
"RS","Serbia",2013,,
"SC","Seychelles",2000,,
"SC","Seychelles",2001,,
"SC","Seychelles",2002,91.83646393,91.83646393
"SC","Seychelles",2003,91.83646393,
"SC","Seychelles",2004,91.83646393,
"SC","Seychelles",2005,91.83646393,
"SC","Seychelles",2006,91.83646393,
"SC","Seychelles",2007,91.83646393,
"SC","Seychelles",2008,91.83646393,
"SC","Seychelles",2009,91.83646393,
"SC","Seychelles",2010,91.83646393,
"SC","Seychelles",2011,91.83646393,
"SC","Seychelles",2012,91.83646393,91.83646393
"SC","Seychelles",2013,,
"SL","Sierra Leone",2000,,
"SL","Sierra Leone",2001,,
"SL","Sierra Leone",2002,,
"SL","Sierra Leone",2003,,
"SL","Sierra Leone",2004,34.82678986,34.82678986
"SL","Sierra Leone",2005,36.0315322913,
"SL","Sierra Leone",2006,37.2362747225,
"SL","Sierra Leone",2007,38.4410171538,
"SL","Sierra Leone",2008,39.645759585,
"SL","Sierra Leone",2009,40.8505020163,
"SL","Sierra Leone",2010,42.0552444475,
"SL","Sierra Leone",2011,43.2599868788,
"SL","Sierra Leone",2012,44.46472931,44.46472931
"SL","Sierra Leone",2013,,
"SG","Singapore",2000,92.54940033,92.54940033
"SG","Singapore",2001,92.880193329,
"SG","Singapore",2002,93.210986328,
"SG","Singapore",2003,93.541779327,
"SG","Singapore",2004,93.872572326,
"SG","Singapore",2005,94.203365325,
"SG","Singapore",2006,94.534158324,
"SG","Singapore",2007,94.864951323,
"SG","Singapore",2008,95.195744322,
"SG","Singapore",2009,95.526537321,
"SG","Singapore",2010,95.85733032,95.85733032
"SG","Singapore",2011,96.17615509,96.17615509
"SG","Singapore",2012,96.36598206,96.36598206
"SG","Singapore",2013,,
"SX","Sint Maarten (Dutch part)",2000,,
"SX","Sint Maarten (Dutch part)",2001,,
"SX","Sint Maarten (Dutch part)",2002,,
"SX","Sint Maarten (Dutch part)",2003,,
"SX","Sint Maarten (Dutch part)",2004,,
"SX","Sint Maarten (Dutch part)",2005,,
"SX","Sint Maarten (Dutch part)",2006,,
"SX","Sint Maarten (Dutch part)",2007,,
"SX","Sint Maarten (Dutch part)",2008,,
"SX","Sint Maarten (Dutch part)",2009,,
"SX","Sint Maarten (Dutch part)",2010,,
"SX","Sint Maarten (Dutch part)",2011,,
"SX","Sint Maarten (Dutch part)",2012,,
"SX","Sint Maarten (Dutch part)",2013,,
"SK","Slovakia",2000,,
"SK","Slovakia",2001,,
"SK","Slovakia",2002,,
"SK","Slovakia",2003,,
"SK","Slovakia",2004,,
"SK","Slovakia",2005,,
"SK","Slovakia",2006,,
"SK","Slovakia",2007,,
"SK","Slovakia",2008,,
"SK","Slovakia",2009,,
"SK","Slovakia",2010,,
"SK","Slovakia",2011,,
"SK","Slovakia",2012,,
"SK","Slovakia",2013,,
"SI","Slovenia",2000,,
"SI","Slovenia",2001,,
"SI","Slovenia",2002,,
"SI","Slovenia",2003,,
"SI","Slovenia",2004,99.6517868,99.6517868
"SI","Slovenia",2005,99.6578922238,
"SI","Slovenia",2006,99.6639976475,
"SI","Slovenia",2007,99.6701030713,
"SI","Slovenia",2008,99.676208495,
"SI","Slovenia",2009,99.6823139188,
"SI","Slovenia",2010,99.6884193425,
"SI","Slovenia",2011,99.6945247663,
"SI","Slovenia",2012,99.70063019,99.70063019
"SI","Slovenia",2013,,
"SB","Solomon Islands",2000,,
"SB","Solomon Islands",2001,,
"SB","Solomon Islands",2002,,
"SB","Solomon Islands",2003,,
"SB","Solomon Islands",2004,,
"SB","Solomon Islands",2005,,
"SB","Solomon Islands",2006,,
"SB","Solomon Islands",2007,,
"SB","Solomon Islands",2008,,
"SB","Solomon Islands",2009,,
"SB","Solomon Islands",2010,,
"SB","Solomon Islands",2011,,
"SB","Solomon Islands",2012,,
"SB","Solomon Islands",2013,,
"SO","Somalia",2000,,
"SO","Somalia",2001,,
"SO","Somalia",2002,,
"SO","Somalia",2003,,
"SO","Somalia",2004,,
"SO","Somalia",2005,,
"SO","Somalia",2006,,
"SO","Somalia",2007,,
"SO","Somalia",2008,,
"SO","Somalia",2009,,
"SO","Somalia",2010,,
"SO","Somalia",2011,,
"SO","Somalia",2012,,
"SO","Somalia",2013,,
"ZA","South Africa",2000,,
"ZA","South Africa",2001,,
"ZA","South Africa",2002,,
"ZA","South Africa",2003,,
"ZA","South Africa",2004,,
"ZA","South Africa",2005,,
"ZA","South Africa",2006,,
"ZA","South Africa",2007,88.71724701,88.71724701
"ZA","South Africa",2008,90.80605316,
"ZA","South Africa",2009,92.89485931,92.89485931
"ZA","South Africa",2010,92.87731934,92.87731934
"ZA","South Africa",2011,93.10214233,93.10214233
"ZA","South Africa",2012,93.7294693,93.7294693
"ZA","South Africa",2013,,
"KR","South Korea",2000,,
"KR","South Korea",2001,,
"KR","South Korea",2002,,
"KR","South Korea",2003,,
"KR","South Korea",2004,,
"KR","South Korea",2005,,
"KR","South Korea",2006,,
"KR","South Korea",2007,,
"KR","South Korea",2008,,
"KR","South Korea",2009,,
"KR","South Korea",2010,,
"KR","South Korea",2011,,
"KR","South Korea",2012,,
"KR","South Korea",2013,,
"SS","South Sudan",2000,,
"SS","South Sudan",2001,,
"SS","South Sudan",2002,,
"SS","South Sudan",2003,,
"SS","South Sudan",2004,,
"SS","South Sudan",2005,,
"SS","South Sudan",2006,,
"SS","South Sudan",2007,,
"SS","South Sudan",2008,,
"SS","South Sudan",2009,,
"SS","South Sudan",2010,,
"SS","South Sudan",2011,,
"SS","South Sudan",2012,,
"SS","South Sudan",2013,,
"ES","Spain",2000,,
"ES","Spain",2001,,
"ES","Spain",2002,,
"ES","Spain",2003,,
"ES","Spain",2004,,
"ES","Spain",2005,97.75069427,97.75069427
"ES","Spain",2006,97.84476852,
"ES","Spain",2007,97.93884277,97.93884277
"ES","Spain",2008,97.6306076,97.6306076
"ES","Spain",2009,97.67926788,97.67926788
"ES","Spain",2010,97.74889374,97.74889374
"ES","Spain",2011,97.78375244,97.78375244
"ES","Spain",2012,97.89453888,97.89453888
"ES","Spain",2013,,
"LK","Sri Lanka",2000,,
"LK","Sri Lanka",2001,90.68275452,90.68275452
"LK","Sri Lanka",2002,90.707968142,
"LK","Sri Lanka",2003,90.733181764,
"LK","Sri Lanka",2004,90.758395386,
"LK","Sri Lanka",2005,90.783609008,
"LK","Sri Lanka",2006,90.80882263,90.80882263
"LK","Sri Lanka",2007,90.683387755,
"LK","Sri Lanka",2008,90.55795288,90.55795288
"LK","Sri Lanka",2009,90.86965561,
"LK","Sri Lanka",2010,91.18135834,91.18135834
"LK","Sri Lanka",2011,,
"LK","Sri Lanka",2012,,
"LK","Sri Lanka",2013,,
"SD","Sudan",2000,61.34587479,61.34587479
"SD","Sudan",2001,,
"SD","Sudan",2002,,
"SD","Sudan",2003,,
"SD","Sudan",2004,,
"SD","Sudan",2005,,
"SD","Sudan",2006,,
"SD","Sudan",2007,,
"SD","Sudan",2008,,
"SD","Sudan",2009,,
"SD","Sudan",2010,,
"SD","Sudan",2011,,
"SD","Sudan",2012,,
"SD","Sudan",2013,,
"SR","Suriname",2000,,
"SR","Suriname",2001,,
"SR","Suriname",2002,,
"SR","Suriname",2003,,
"SR","Suriname",2004,89.59806061,89.59806061
"SR","Suriname",2005,90.8537807475,
"SR","Suriname",2006,92.109500885,
"SR","Suriname",2007,93.3652210225,
"SR","Suriname",2008,94.62094116,94.62094116
"SR","Suriname",2009,94.648345945,
"SR","Suriname",2010,94.67575073,94.67575073
"SR","Suriname",2011,,
"SR","Suriname",2012,,
"SR","Suriname",2013,,
"SZ","Swaziland",2000,81.66070557,81.66070557
"SZ","Swaziland",2001,81.804463962,
"SZ","Swaziland",2002,81.948222354,
"SZ","Swaziland",2003,82.091980746,
"SZ","Swaziland",2004,82.235739138,
"SZ","Swaziland",2005,82.37949753,
"SZ","Swaziland",2006,82.523255922,
"SZ","Swaziland",2007,82.667014314,
"SZ","Swaziland",2008,82.810772706,
"SZ","Swaziland",2009,82.954531098,
"SZ","Swaziland",2010,83.09828949,83.09828949
"SZ","Swaziland",2011,,
"SZ","Swaziland",2012,,
"SZ","Swaziland",2013,,
"SE","Sweden",2000,,
"SE","Sweden",2001,,
"SE","Sweden",2002,,
"SE","Sweden",2003,,
"SE","Sweden",2004,,
"SE","Sweden",2005,,
"SE","Sweden",2006,,
"SE","Sweden",2007,,
"SE","Sweden",2008,,
"SE","Sweden",2009,,
"SE","Sweden",2010,,
"SE","Sweden",2011,,
"SE","Sweden",2012,,
"SE","Sweden",2013,,
"CH","Switzerland",2000,,
"CH","Switzerland",2001,,
"CH","Switzerland",2002,,
"CH","Switzerland",2003,,
"CH","Switzerland",2004,,
"CH","Switzerland",2005,,
"CH","Switzerland",2006,,
"CH","Switzerland",2007,,
"CH","Switzerland",2008,,
"CH","Switzerland",2009,,
"CH","Switzerland",2010,,
"CH","Switzerland",2011,,
"CH","Switzerland",2012,,
"CH","Switzerland",2013,,
"SY","Syria",2000,,
"SY","Syria",2001,,
"SY","Syria",2002,82.88825226,82.88825226
"SY","Syria",2003,81.866386415,
"SY","Syria",2004,80.84452057,80.84452057
"SY","Syria",2005,81.3740263,
"SY","Syria",2006,81.90353203,
"SY","Syria",2007,82.43303776,
"SY","Syria",2008,82.96254349,
"SY","Syria",2009,83.49204922,
"SY","Syria",2010,84.02155495,
"SY","Syria",2011,84.55106068,
"SY","Syria",2012,85.08056641,85.08056641
"SY","Syria",2013,,
"TJ","Tajikistan",2000,99.45124817,99.45124817
"TJ","Tajikistan",2001,99.4750976575,
"TJ","Tajikistan",2002,99.498947145,
"TJ","Tajikistan",2003,99.5227966325,
"TJ","Tajikistan",2004,99.54664612,
"TJ","Tajikistan",2005,99.5704956075,
"TJ","Tajikistan",2006,99.594345095,
"TJ","Tajikistan",2007,99.6181945825,
"TJ","Tajikistan",2008,99.64204407,
"TJ","Tajikistan",2009,99.6658935575,
"TJ","Tajikistan",2010,99.689743045,
"TJ","Tajikistan",2011,99.7135925325,
"TJ","Tajikistan",2012,99.73744202,99.73744202
"TJ","Tajikistan",2013,,
"TZ","Tanzania",2000,,
"TZ","Tanzania",2001,,
"TZ","Tanzania",2002,69.43090057,69.43090057
"TZ","Tanzania",2003,69.227125165,
"TZ","Tanzania",2004,69.02334976,
"TZ","Tanzania",2005,68.819574355,
"TZ","Tanzania",2006,68.61579895,
"TZ","Tanzania",2007,68.412023545,
"TZ","Tanzania",2008,68.20824814,
"TZ","Tanzania",2009,68.004472735,
"TZ","Tanzania",2010,67.80069733,67.80069733
"TZ","Tanzania",2011,,
"TZ","Tanzania",2012,,
"TZ","Tanzania",2013,,
"TH","Thailand",2000,92.64654541,92.64654541
"TH","Thailand",2001,92.8185318,
"TH","Thailand",2002,92.99051819,
"TH","Thailand",2003,93.16250458,
"TH","Thailand",2004,93.33449097,
"TH","Thailand",2005,93.50647736,93.50647736
"TH","Thailand",2006,94.091363528,
"TH","Thailand",2007,94.676249696,
"TH","Thailand",2008,95.261135864,
"TH","Thailand",2009,95.846022032,
"TH","Thailand",2010,96.4309082,96.4309082
"TH","Thailand",2011,,
"TH","Thailand",2012,,
"TH","Thailand",2013,,
"TL","Timor-Leste",2000,,
"TL","Timor-Leste",2001,37.59999847,37.59999847
"TL","Timor-Leste",2002,39.7666651367,
"TL","Timor-Leste",2003,41.9333318033,
"TL","Timor-Leste",2004,44.09999847,
"TL","Timor-Leste",2005,46.2666651367,
"TL","Timor-Leste",2006,48.4333318033,
"TL","Timor-Leste",2007,50.59999847,50.59999847
"TL","Timor-Leste",2008,53.16965993,
"TL","Timor-Leste",2009,55.73932139,
"TL","Timor-Leste",2010,58.30898285,58.30898285
"TL","Timor-Leste",2011,,
"TL","Timor-Leste",2012,,
"TL","Timor-Leste",2013,,
"TG","Togo",2000,53.17760086,53.17760086
"TG","Togo",2001,53.7960618333,
"TG","Togo",2002,54.4145228067,
"TG","Togo",2003,55.03298378,
"TG","Togo",2004,55.6514447533,
"TG","Togo",2005,56.2699057267,
"TG","Togo",2006,56.8883667,56.8883667
"TG","Togo",2007,56.9567044567,
"TG","Togo",2008,57.0250422133,
"TG","Togo",2009,57.09337997,57.09337997
"TG","Togo",2010,58.751663205,
"TG","Togo",2011,60.40994644,60.40994644
"TG","Togo",2012,,
"TG","Togo",2013,,
"TO","Tonga",2000,,
"TO","Tonga",2001,,
"TO","Tonga",2002,,
"TO","Tonga",2003,,
"TO","Tonga",2004,,
"TO","Tonga",2005,,
"TO","Tonga",2006,99.01845551,99.01845551
"TO","Tonga",2007,99.09187012,
"TO","Tonga",2008,99.16528473,
"TO","Tonga",2009,99.23869934,
"TO","Tonga",2010,99.31211395,
"TO","Tonga",2011,99.38552856,99.38552856
"TO","Tonga",2012,,
"TO","Tonga",2013,,
"TT","Trinidad and Tobago",2000,,
"TT","Trinidad and Tobago",2001,,
"TT","Trinidad and Tobago",2002,,
"TT","Trinidad and Tobago",2003,,
"TT","Trinidad and Tobago",2004,98.28851318,98.28851318
"TT","Trinidad and Tobago",2005,98.3542280163,
"TT","Trinidad and Tobago",2006,98.4199428525,
"TT","Trinidad and Tobago",2007,98.4856576888,
"TT","Trinidad and Tobago",2008,98.551372525,
"TT","Trinidad and Tobago",2009,98.6170873613,
"TT","Trinidad and Tobago",2010,98.6828021975,
"TT","Trinidad and Tobago",2011,98.7485170338,
"TT","Trinidad and Tobago",2012,98.81423187,98.81423187
"TT","Trinidad and Tobago",2013,,
"TN","Tunisia",2000,,
"TN","Tunisia",2001,,
"TN","Tunisia",2002,,
"TN","Tunisia",2003,,
"TN","Tunisia",2004,74.29699707,74.29699707
"TN","Tunisia",2005,75.2614644367,
"TN","Tunisia",2006,76.2259318033,
"TN","Tunisia",2007,77.19039917,77.19039917
"TN","Tunisia",2008,77.56113434,77.56113434
"TN","Tunisia",2009,78.345855715,
"TN","Tunisia",2010,79.13057709,79.13057709
"TN","Tunisia",2011,79.65390778,79.65390778
"TN","Tunisia",2012,,
"TN","Tunisia",2013,,
"TR","Turkey",2000,,
"TR","Turkey",2001,,
"TR","Turkey",2002,,
"TR","Turkey",2003,,
"TR","Turkey",2004,87.36548615,87.36548615
"TR","Turkey",2005,88.22905731,88.22905731
"TR","Turkey",2006,88.11938477,88.11938477
"TR","Turkey",2007,88.65589905,88.65589905
"TR","Turkey",2008,89.736309055,
"TR","Turkey",2009,90.81671906,90.81671906
"TR","Turkey",2010,92.66059875,92.66059875
"TR","Turkey",2011,94.10609436,94.10609436
"TR","Turkey",2012,94.9197464,94.9197464
"TR","Turkey",2013,,
"TM","Turkmenistan",2000,,
"TM","Turkmenistan",2001,,
"TM","Turkmenistan",2002,,
"TM","Turkmenistan",2003,,
"TM","Turkmenistan",2004,,
"TM","Turkmenistan",2005,,
"TM","Turkmenistan",2006,,
"TM","Turkmenistan",2007,,
"TM","Turkmenistan",2008,,
"TM","Turkmenistan",2009,,
"TM","Turkmenistan",2010,,
"TM","Turkmenistan",2011,,
"TM","Turkmenistan",2012,99.63047791,99.63047791
"TM","Turkmenistan",2013,,
"TC","Turks and Caicos Islands",2000,,
"TC","Turks and Caicos Islands",2001,,
"TC","Turks and Caicos Islands",2002,,
"TC","Turks and Caicos Islands",2003,,
"TC","Turks and Caicos Islands",2004,,
"TC","Turks and Caicos Islands",2005,,
"TC","Turks and Caicos Islands",2006,,
"TC","Turks and Caicos Islands",2007,,
"TC","Turks and Caicos Islands",2008,,
"TC","Turks and Caicos Islands",2009,,
"TC","Turks and Caicos Islands",2010,,
"TC","Turks and Caicos Islands",2011,,
"TC","Turks and Caicos Islands",2012,,
"TC","Turks and Caicos Islands",2013,,
"TV","Tuvalu",2000,,
"TV","Tuvalu",2001,,
"TV","Tuvalu",2002,,
"TV","Tuvalu",2003,,
"TV","Tuvalu",2004,,
"TV","Tuvalu",2005,,
"TV","Tuvalu",2006,,
"TV","Tuvalu",2007,,
"TV","Tuvalu",2008,,
"TV","Tuvalu",2009,,
"TV","Tuvalu",2010,,
"TV","Tuvalu",2011,,
"TV","Tuvalu",2012,,
"TV","Tuvalu",2013,,
"AE","UAE",2000,,
"AE","UAE",2001,,
"AE","UAE",2002,,
"AE","UAE",2003,,
"AE","UAE",2004,,
"AE","UAE",2005,90.03384399,90.03384399
"AE","UAE",2006,,
"AE","UAE",2007,,
"AE","UAE",2008,,
"AE","UAE",2009,,
"AE","UAE",2010,,
"AE","UAE",2011,,
"AE","UAE",2012,,
"AE","UAE",2013,,
"UG","Uganda",2000,,
"UG","Uganda",2001,,
"UG","Uganda",2002,68.14250946,68.14250946
"UG","Uganda",2003,68.95016861,
"UG","Uganda",2004,69.75782776,
"UG","Uganda",2005,70.56548691,
"UG","Uganda",2006,71.37314606,71.37314606
"UG","Uganda",2007,71.83283043,
"UG","Uganda",2008,72.2925148,
"UG","Uganda",2009,72.75219917,
"UG","Uganda",2010,73.21188354,73.21188354
"UG","Uganda",2011,,
"UG","Uganda",2012,,
"UG","Uganda",2013,,
"UA","Ukraine",2000,,
"UA","Ukraine",2001,99.43041229,99.43041229
"UA","Ukraine",2002,99.4576672618,
"UA","Ukraine",2003,99.4849222336,
"UA","Ukraine",2004,99.5121772055,
"UA","Ukraine",2005,99.5394321773,
"UA","Ukraine",2006,99.5666871491,
"UA","Ukraine",2007,99.5939421209,
"UA","Ukraine",2008,99.6211970927,
"UA","Ukraine",2009,99.6484520645,
"UA","Ukraine",2010,99.6757070364,
"UA","Ukraine",2011,99.7029620082,
"UA","Ukraine",2012,99.73021698,99.73021698
"UA","Ukraine",2013,,
"GB","United Kingdom",2000,,
"GB","United Kingdom",2001,,
"GB","United Kingdom",2002,,
"GB","United Kingdom",2003,,
"GB","United Kingdom",2004,,
"GB","United Kingdom",2005,,
"GB","United Kingdom",2006,,
"GB","United Kingdom",2007,,
"GB","United Kingdom",2008,,
"GB","United Kingdom",2009,,
"GB","United Kingdom",2010,,
"GB","United Kingdom",2011,,
"GB","United Kingdom",2012,,
"GB","United Kingdom",2013,,
"UY","Uruguay",2000,,
"UY","Uruguay",2001,,
"UY","Uruguay",2002,,
"UY","Uruguay",2003,,
"UY","Uruguay",2004,,
"UY","Uruguay",2005,,
"UY","Uruguay",2006,97.7896347,97.7896347
"UY","Uruguay",2007,97.8638916,97.8638916
"UY","Uruguay",2008,98.16355896,98.16355896
"UY","Uruguay",2009,98.26789856,98.26789856
"UY","Uruguay",2010,98.07270813,98.07270813
"UY","Uruguay",2011,98.33589935,98.33589935
"UY","Uruguay",2012,98.39594269,98.39594269
"UY","Uruguay",2013,,
"US","USA",2000,,
"US","USA",2001,,
"US","USA",2002,,
"US","USA",2003,,
"US","USA",2004,,
"US","USA",2005,,
"US","USA",2006,,
"US","USA",2007,,
"US","USA",2008,,
"US","USA",2009,,
"US","USA",2010,,
"US","USA",2011,,
"US","USA",2012,,
"US","USA",2013,,
"UZ","Uzbekistan",2000,98.64258575,98.64258575
"UZ","Uzbekistan",2001,98.7121130583,
"UZ","Uzbekistan",2002,98.7816403667,
"UZ","Uzbekistan",2003,98.851167675,
"UZ","Uzbekistan",2004,98.9206949833,
"UZ","Uzbekistan",2005,98.9902222917,
"UZ","Uzbekistan",2006,99.0597496,
"UZ","Uzbekistan",2007,99.1292769083,
"UZ","Uzbekistan",2008,99.1988042167,
"UZ","Uzbekistan",2009,99.268331525,
"UZ","Uzbekistan",2010,99.3378588333,
"UZ","Uzbekistan",2011,99.4073861417,
"UZ","Uzbekistan",2012,99.47691345,99.47691345
"UZ","Uzbekistan",2013,,
"VU","Vanuatu",2000,,
"VU","Vanuatu",2001,,
"VU","Vanuatu",2002,,
"VU","Vanuatu",2003,,
"VU","Vanuatu",2004,78.08097839,78.08097839
"VU","Vanuatu",2005,78.74082565,
"VU","Vanuatu",2006,79.40067291,
"VU","Vanuatu",2007,80.06052017,
"VU","Vanuatu",2008,80.72036743,
"VU","Vanuatu",2009,81.38021469,
"VU","Vanuatu",2010,82.04006195,
"VU","Vanuatu",2011,82.69990921,
"VU","Vanuatu",2012,83.35975647,83.35975647
"VU","Vanuatu",2013,,
"VE","Venezuela",2000,,
"VE","Venezuela",2001,92.97983551,92.97983551
"VE","Venezuela",2002,93.3423029583,
"VE","Venezuela",2003,93.7047704067,
"VE","Venezuela",2004,94.067237855,
"VE","Venezuela",2005,94.4297053033,
"VE","Venezuela",2006,94.7921727517,
"VE","Venezuela",2007,95.1546402,95.1546402
"VE","Venezuela",2008,95.333316805,
"VE","Venezuela",2009,95.51199341,95.51199341
"VE","Venezuela",2010,,
"VE","Venezuela",2011,,
"VE","Venezuela",2012,,
"VE","Venezuela",2013,,
"VN","Viet Nam",2000,90.15612793,90.15612793
"VN","Viet Nam",2001,90.5299419833,
"VN","Viet Nam",2002,90.9037560367,
"VN","Viet Nam",2003,91.27757009,
"VN","Viet Nam",2004,91.6513841433,
"VN","Viet Nam",2005,92.0251981967,
"VN","Viet Nam",2006,92.39901225,
"VN","Viet Nam",2007,92.7728263033,
"VN","Viet Nam",2008,93.1466403567,
"VN","Viet Nam",2009,93.52045441,93.52045441
"VN","Viet Nam",2010,,
"VN","Viet Nam",2011,,
"VN","Viet Nam",2012,,
"VN","Viet Nam",2013,,
"VI","Virgin Islands (US)",2000,,
"VI","Virgin Islands (US)",2001,,
"VI","Virgin Islands (US)",2002,,
"VI","Virgin Islands (US)",2003,,
"VI","Virgin Islands (US)",2004,,
"VI","Virgin Islands (US)",2005,,
"VI","Virgin Islands (US)",2006,,
"VI","Virgin Islands (US)",2007,,
"VI","Virgin Islands (US)",2008,,
"VI","Virgin Islands (US)",2009,,
"VI","Virgin Islands (US)",2010,,
"VI","Virgin Islands (US)",2011,,
"VI","Virgin Islands (US)",2012,,
"VI","Virgin Islands (US)",2013,,
"YE","Yemen",2000,,
"YE","Yemen",2001,,
"YE","Yemen",2002,,
"YE","Yemen",2003,,
"YE","Yemen",2004,54.74552155,54.74552155
"YE","Yemen",2005,56.199052815,
"YE","Yemen",2006,57.65258408,
"YE","Yemen",2007,59.106115345,
"YE","Yemen",2008,60.55964661,
"YE","Yemen",2009,62.013177875,
"YE","Yemen",2010,63.46670914,
"YE","Yemen",2011,64.920240405,
"YE","Yemen",2012,66.37377167,66.37377167
"YE","Yemen",2013,,
"ZM","Zambia",2000,,
"ZM","Zambia",2001,,
"ZM","Zambia",2002,69.1492157,69.1492157
"ZM","Zambia",2003,67.605030062,
"ZM","Zambia",2004,66.060844424,
"ZM","Zambia",2005,64.516658786,
"ZM","Zambia",2006,62.972473148,
"ZM","Zambia",2007,61.42828751,61.42828751
"ZM","Zambia",2008,,
"ZM","Zambia",2009,,
"ZM","Zambia",2010,,
"ZM","Zambia",2011,,
"ZM","Zambia",2012,,
"ZM","Zambia",2013,,
"ZW","Zimbabwe",2000,,
"ZW","Zimbabwe",2001,,
"ZW","Zimbabwe",2002,,
"ZW","Zimbabwe",2003,,
"ZW","Zimbabwe",2004,,
"ZW","Zimbabwe",2005,,
"ZW","Zimbabwe",2006,,
"ZW","Zimbabwe",2007,,
"ZW","Zimbabwe",2008,,
"ZW","Zimbabwe",2009,,
"ZW","Zimbabwe",2010,,
"ZW","Zimbabwe",2011,83.5827179,83.5827179
"ZW","Zimbabwe",2012,,
"ZW","Zimbabwe",2013,,
