"Name: fdi-out"
"Description: Foreign direct investment in developing countries by investors from OECD countries"
"Units of measure: constant 2012 US$"
"Source: Development Initiatives based on numerous sources. Bilateral FDI data source:<a href=\"https://stats.oecd.org/Index.aspx?DataSetCode=FDI_FLOW_PARTNER\">OECD FDI by partner database</a>. 
Financing-type data sources: Denmark - Denmark NationalBank ((data cover Danish investment in Africa, Turkey, Mexico, Argentina, Brazil, India, China, Malaysia and Thailand); France - Banque de France (data cover French investment in 43 developing countries that account for around 97% of French investment in all developing countries); Germany - Deutche Bundesbank (data cover German investment in 22 developing countries that represent around 60% of German FDI to developing countries); UK - Office of National Statistics (data cover UK investment in Africa, Brazil, Chile, Colombia, Mexico, Panama, China, India, Indonesia, Malaysia and Thailand); US - Bureau of Economic Analysis."
""
"Notes:"
""
"Note that negative values, which occur when disinvestments exceed new investments, are excluded here."
""
"The following tabs have been included for reference purposes:"
"financing-type"
""
""
""
"The following is data downloaded from Development Initiative's Datahub: http://devinit.org/data"
"It is licensed under a Creative Commons Attribution 4.0 International license."
"More information on licensing is available here: https://creativecommons.org/licenses/by/4.0/"
"For concerns, questions, or corrections: please email info@devinit.org"
"Copyright Development Initiatives Poverty Research Ltd. 2015"
