"id","entity-name","year","value"
"AF","Afghanistan",2000,234980000
"AF","Afghanistan",2001,733340000
"AF","Afghanistan",2002,1975950000
"AF","Afghanistan",2003,2115720000
"AF","Afghanistan",2004,2799450000
"AF","Afghanistan",2005,3314540000
"AF","Afghanistan",2006,3370330000
"AF","Afghanistan",2007,5322590000
"AF","Afghanistan",2008,5049150000
"AF","Afghanistan",2009,6578860000
"AF","Afghanistan",2010,6685030000
"AF","Afghanistan",2011,6831570000
"AF","Afghanistan",2012,6725930000
"AF","Afghanistan",2013,5369730000
"africa","Africa, regional",2000,979990000
"africa","Africa, regional",2001,615390000
"africa","Africa, regional",2002,766450000
"africa","Africa, regional",2003,7.21e+08
"africa","Africa, regional",2004,776210000
"africa","Africa, regional",2005,980830000
"africa","Africa, regional",2006,1015270000
"africa","Africa, regional",2007,1561070000
"africa","Africa, regional",2008,1324850000
"africa","Africa, regional",2009,2486400000
"africa","Africa, regional",2010,1642290000
"africa","Africa, regional",2011,1937850000
"africa","Africa, regional",2012,1970310000
"africa","Africa, regional",2013,1854940000
"AL","Albania",2000,508790000
"AL","Albania",2001,437800000
"AL","Albania",2002,468100000
"AL","Albania",2003,474080000
"AL","Albania",2004,364050000
"AL","Albania",2005,377460000
"AL","Albania",2006,365780000
"AL","Albania",2007,316650000
"AL","Albania",2008,349620000
"AL","Albania",2009,351800000
"AL","Albania",2010,343960000
"AL","Albania",2011,331580000
"AL","Albania",2012,341620000
"AL","Albania",2013,288400000
"DZ","Algeria",2000,331310000
"DZ","Algeria",2001,341570000
"DZ","Algeria",2002,308220000
"DZ","Algeria",2003,318070000
"DZ","Algeria",2004,376180000
"DZ","Algeria",2005,404630000
"DZ","Algeria",2006,268550000
"DZ","Algeria",2007,398650000
"DZ","Algeria",2008,303930000
"DZ","Algeria",2009,309170000
"DZ","Algeria",2010,199900000
"DZ","Algeria",2011,179910000
"DZ","Algeria",2012,144460000
"DZ","Algeria",2013,201500000
"america","America, regional",2000,580300000
"america","America, regional",2001,654400000
"america","America, regional",2002,508210000
"america","America, regional",2003,499390000
"america","America, regional",2004,550980000
"america","America, regional",2005,700100000
"america","America, regional",2006,601360000
"america","America, regional",2007,593660000
"america","America, regional",2008,1143240000
"america","America, regional",2009,909930000
"america","America, regional",2010,1372580000
"america","America, regional",2011,1289140000
"america","America, regional",2012,1098830000
"america","America, regional",2013,1643280000
"AO","Angola",2000,489290000
"AO","Angola",2001,472760000
"AO","Angola",2002,627430000
"AO","Angola",2003,650170000
"AO","Angola",2004,1350300000
"AO","Angola",2005,491270000
"AO","Angola",2006,195270000
"AO","Angola",2007,268450000
"AO","Angola",2008,369220000
"AO","Angola",2009,252520000
"AO","Angola",2010,249500000
"AO","Angola",2011,191670000
"AO","Angola",2012,242340000
"AO","Angola",2013,286210000
"AI","Anguilla",2000,4860000
"AI","Anguilla",2001,5140000
"AI","Anguilla",2002,720000
"AI","Anguilla",2003,5010000
"AI","Anguilla",2004,3e+06
"AI","Anguilla",2005,4700000
"AI","Anguilla",2006,4890000
"AI","Anguilla",2007,5860000
"AI","Anguilla",2008,3100000
"AI","Anguilla",2009,1710000
"AI","Anguilla",2010,8230000
"AI","Anguilla",2011,3e+05
"AI","Anguilla",2012,5040000
"AI","Anguilla",2013,7380000
"AG","Antigua & Barbuda",2000,14410000
"AG","Antigua & Barbuda",2001,12580000
"AG","Antigua & Barbuda",2002,19030000
"AG","Antigua & Barbuda",2003,8080000
"AG","Antigua & Barbuda",2004,1980000
"AG","Antigua & Barbuda",2005,9980000
"AG","Antigua & Barbuda",2006,4150000
"AG","Antigua & Barbuda",2007,7970000
"AG","Antigua & Barbuda",2008,8760000
"AG","Antigua & Barbuda",2009,6270000
"AG","Antigua & Barbuda",2010,19490000
"AG","Antigua & Barbuda",2011,14960000
"AG","Antigua & Barbuda",2012,2360000
"AG","Antigua & Barbuda",2013,1610000
"AR","Argentina",2000,64830000
"AR","Argentina",2001,240570000
"AR","Argentina",2002,123670000
"AR","Argentina",2003,142010000
"AR","Argentina",2004,109680000
"AR","Argentina",2005,113540000
"AR","Argentina",2006,131360000
"AR","Argentina",2007,109640000
"AR","Argentina",2008,126240000
"AR","Argentina",2009,125750000
"AR","Argentina",2010,123670000
"AR","Argentina",2011,83330000
"AR","Argentina",2012,178920000
"AR","Argentina",2013,29490000
"AM","Armenia",2000,308210000
"AM","Armenia",2001,315450000
"AM","Armenia",2002,428490000
"AM","Armenia",2003,329300000
"AM","Armenia",2004,303360000
"AM","Armenia",2005,1.98e+08
"AM","Armenia",2006,245630000
"AM","Armenia",2007,397240000
"AM","Armenia",2008,318970000
"AM","Armenia",2009,551510000
"AM","Armenia",2010,356130000
"AM","Armenia",2011,389440000
"AM","Armenia",2012,272760000
"AM","Armenia",2013,285850000
"asia","Asia, regional",2000,385520000
"asia","Asia, regional",2001,505160000
"asia","Asia, regional",2002,1745240000
"asia","Asia, regional",2003,343250000
"asia","Asia, regional",2004,348780000
"asia","Asia, regional",2005,1.324e+09
"asia","Asia, regional",2006,1.089e+09
"asia","Asia, regional",2007,1080240000
"asia","Asia, regional",2008,1.336e+09
"asia","Asia, regional",2009,1168830000
"asia","Asia, regional",2010,1162970000
"asia","Asia, regional",2011,1117240000
"asia","Asia, regional",2012,928120000
"asia","Asia, regional",2013,1156660000
"AZ","Azerbaijan",2000,201260000
"AZ","Azerbaijan",2001,333590000
"AZ","Azerbaijan",2002,502150000
"AZ","Azerbaijan",2003,395230000
"AZ","Azerbaijan",2004,218740000
"AZ","Azerbaijan",2005,258720000
"AZ","Azerbaijan",2006,239860000
"AZ","Azerbaijan",2007,243430000
"AZ","Azerbaijan",2008,233800000
"AZ","Azerbaijan",2009,237390000
"AZ","Azerbaijan",2010,162210000
"AZ","Azerbaijan",2011,281440000
"AZ","Azerbaijan",2012,284900000
"AZ","Azerbaijan",2013,-55250000
"BH","Bahrain",2000,91350000
"BH","Bahrain",2001,111710000
"BH","Bahrain",2002,93570000
"BH","Bahrain",2003,175290000
"BH","Bahrain",2004,70830000
"BH","Bahrain",2005,0
"BH","Bahrain",2006,0
"BH","Bahrain",2007,0
"BH","Bahrain",2008,0
"BH","Bahrain",2009,0
"BH","Bahrain",2010,0
"BH","Bahrain",2011,0
"BH","Bahrain",2012,0
"BH","Bahrain",2013,0
"BD","Bangladesh",2000,1785570000
"BD","Bangladesh",2001,1665930000
"BD","Bangladesh",2002,1394110000
"BD","Bangladesh",2003,1846420000
"BD","Bangladesh",2004,1716530000
"BD","Bangladesh",2005,1553730000
"BD","Bangladesh",2006,1397590000
"BD","Bangladesh",2007,1584940000
"BD","Bangladesh",2008,2100270000
"BD","Bangladesh",2009,1306490000
"BD","Bangladesh",2010,1474430000
"BD","Bangladesh",2011,1460290000
"BD","Bangladesh",2012,2152090000
"BD","Bangladesh",2013,2722160000
"BB","Barbados",2000,690000
"BB","Barbados",2001,-2760000
"BB","Barbados",2002,4890000
"BB","Barbados",2003,26040000
"BB","Barbados",2004,33690000
"BB","Barbados",2005,-1970000
"BB","Barbados",2006,-2250000
"BB","Barbados",2007,18310000
"BB","Barbados",2008,6770000
"BB","Barbados",2009,12180000
"BB","Barbados",2010,16380000
"BB","Barbados",2011,0
"BB","Barbados",2012,0
"BB","Barbados",2013,0
"BY","Belarus",2000,0
"BY","Belarus",2001,0
"BY","Belarus",2002,0
"BY","Belarus",2003,0
"BY","Belarus",2004,0
"BY","Belarus",2005,69060000
"BY","Belarus",2006,88160000
"BY","Belarus",2007,87630000
"BY","Belarus",2008,106490000
"BY","Belarus",2009,100510000
"BY","Belarus",2010,141640000
"BY","Belarus",2011,121110000
"BY","Belarus",2012,103270000
"BY","Belarus",2013,101770000
"BZ","Belize",2000,23650000
"BZ","Belize",2001,34800000
"BZ","Belize",2002,33550000
"BZ","Belize",2003,15600000
"BZ","Belize",2004,9290000
"BZ","Belize",2005,14270000
"BZ","Belize",2006,9940000
"BZ","Belize",2007,23600000
"BZ","Belize",2008,23660000
"BZ","Belize",2009,28320000
"BZ","Belize",2010,25730000
"BZ","Belize",2011,21830000
"BZ","Belize",2012,25180000
"BZ","Belize",2013,48870000
"BJ","Benin",2000,396830000
"BJ","Benin",2001,453740000
"BJ","Benin",2002,341630000
"BJ","Benin",2003,393750000
"BJ","Benin",2004,474420000
"BJ","Benin",2005,412080000
"BJ","Benin",2006,460410000
"BJ","Benin",2007,497430000
"BJ","Benin",2008,634020000
"BJ","Benin",2009,688330000
"BJ","Benin",2010,705260000
"BJ","Benin",2011,673250000
"BJ","Benin",2012,511370000
"BJ","Benin",2013,647520000
"BT","Bhutan",2000,87390000
"BT","Bhutan",2001,1.01e+08
"BT","Bhutan",2002,115760000
"BT","Bhutan",2003,105910000
"BT","Bhutan",2004,97180000
"BT","Bhutan",2005,110290000
"BT","Bhutan",2006,124070000
"BT","Bhutan",2007,103310000
"BT","Bhutan",2008,91870000
"BT","Bhutan",2009,133670000
"BT","Bhutan",2010,137910000
"BT","Bhutan",2011,139030000
"BT","Bhutan",2012,161290000
"BT","Bhutan",2013,138370000
"bilateral-unspecified","Bilateral, unspecified",2000,13799560000
"bilateral-unspecified","Bilateral, unspecified",2001,13463670000
"bilateral-unspecified","Bilateral, unspecified",2002,16223820000
"bilateral-unspecified","Bilateral, unspecified",2003,17507060000
"bilateral-unspecified","Bilateral, unspecified",2004,18988410000
"bilateral-unspecified","Bilateral, unspecified",2005,17006700000
"bilateral-unspecified","Bilateral, unspecified",2006,18612750000
"bilateral-unspecified","Bilateral, unspecified",2007,20796460000
"bilateral-unspecified","Bilateral, unspecified",2008,22837650000
"bilateral-unspecified","Bilateral, unspecified",2009,26065850000
"bilateral-unspecified","Bilateral, unspecified",2010,28989260000
"bilateral-unspecified","Bilateral, unspecified",2011,28019140000
"bilateral-unspecified","Bilateral, unspecified",2012,27612540000
"bilateral-unspecified","Bilateral, unspecified",2013,29896820000
"BO","Bolivia ",2000,740040000
"BO","Bolivia ",2001,1171940000
"BO","Bolivia ",2002,1043030000
"BO","Bolivia ",2003,1224460000
"BO","Bolivia ",2004,940720000
"BO","Bolivia ",2005,762830000
"BO","Bolivia ",2006,987770000
"BO","Bolivia ",2007,526020000
"BO","Bolivia ",2008,628390000
"BO","Bolivia ",2009,740940000
"BO","Bolivia ",2010,761360000
"BO","Bolivia ",2011,696180000
"BO","Bolivia ",2012,658660000
"BO","Bolivia ",2013,689680000
"BA","Bosnia & Herzegovina",2000,1222670000
"BA","Bosnia & Herzegovina",2001,1044590000
"BA","Bosnia & Herzegovina",2002,874710000
"BA","Bosnia & Herzegovina",2003,726730000
"BA","Bosnia & Herzegovina",2004,834120000
"BA","Bosnia & Herzegovina",2005,654120000
"BA","Bosnia & Herzegovina",2006,619270000
"BA","Bosnia & Herzegovina",2007,632240000
"BA","Bosnia & Herzegovina",2008,454220000
"BA","Bosnia & Herzegovina",2009,425970000
"BA","Bosnia & Herzegovina",2010,523880000
"BA","Bosnia & Herzegovina",2011,594580000
"BA","Bosnia & Herzegovina",2012,571110000
"BA","Bosnia & Herzegovina",2013,531140000
"BW","Botswana",2000,48430000
"BW","Botswana",2001,48230000
"BW","Botswana",2002,52600000
"BW","Botswana",2003,36470000
"BW","Botswana",2004,60830000
"BW","Botswana",2005,56500000
"BW","Botswana",2006,77790000
"BW","Botswana",2007,112200000
"BW","Botswana",2008,703370000
"BW","Botswana",2009,290650000
"BW","Botswana",2010,160750000
"BW","Botswana",2011,119920000
"BW","Botswana",2012,73870000
"BW","Botswana",2013,1.07e+08
"BR","Brazil",2000,323650000
"BR","Brazil",2001,366760000
"BR","Brazil",2002,319180000
"BR","Brazil",2003,268060000
"BR","Brazil",2004,186820000
"BR","Brazil",2005,287140000
"BR","Brazil",2006,128110000
"BR","Brazil",2007,324050000
"BR","Brazil",2008,464990000
"BR","Brazil",2009,322720000
"BR","Brazil",2010,457360000
"BR","Brazil",2011,783210000
"BR","Brazil",2012,1288230000
"BR","Brazil",2013,1118200000
"BF","Burkina Faso",2000,321830000
"BF","Burkina Faso",2001,673070000
"BF","Burkina Faso",2002,697030000
"BF","Burkina Faso",2003,725790000
"BF","Burkina Faso",2004,779190000
"BF","Burkina Faso",2005,824500000
"BF","Burkina Faso",2006,1040800000
"BF","Burkina Faso",2007,999440000
"BF","Burkina Faso",2008,989420000
"BF","Burkina Faso",2009,1109460000
"BF","Burkina Faso",2010,1092730000
"BF","Burkina Faso",2011,959160000
"BF","Burkina Faso",2012,1158540000
"BF","Burkina Faso",2013,1021330000
"BI","Burundi",2000,155990000
"BI","Burundi",2001,241160000
"BI","Burundi",2002,272140000
"BI","Burundi",2003,305380000
"BI","Burundi",2004,441100000
"BI","Burundi",2005,427330000
"BI","Burundi",2006,495230000
"BI","Burundi",2007,502150000
"BI","Burundi",2008,521300000
"BI","Burundi",2009,575030000
"BI","Burundi",2010,648910000
"BI","Burundi",2011,555430000
"BI","Burundi",2012,522730000
"BI","Burundi",2013,542190000
"KH","Cambodia",2000,614280000
"KH","Cambodia",2001,670770000
"KH","Cambodia",2002,746870000
"KH","Cambodia",2003,699250000
"KH","Cambodia",2004,604880000
"KH","Cambodia",2005,651690000
"KH","Cambodia",2006,641180000
"KH","Cambodia",2007,752470000
"KH","Cambodia",2008,787350000
"KH","Cambodia",2009,778450000
"KH","Cambodia",2010,770570000
"KH","Cambodia",2011,774610000
"KH","Cambodia",2012,807410000
"KH","Cambodia",2013,830580000
"CM","Cameroon",2000,608900000
"CM","Cameroon",2001,761050000
"CM","Cameroon",2002,980860000
"CM","Cameroon",2003,1153390000
"CM","Cameroon",2004,946370000
"CM","Cameroon",2005,485310000
"CM","Cameroon",2006,1959090000
"CM","Cameroon",2007,1962790000
"CM","Cameroon",2008,536490000
"CM","Cameroon",2009,657930000
"CM","Cameroon",2010,551920000
"CM","Cameroon",2011,586680000
"CM","Cameroon",2012,596240000
"CM","Cameroon",2013,729100000
"CV","Cape Verde",2000,154370000
"CV","Cape Verde",2001,129120000
"CV","Cape Verde",2002,144220000
"CV","Cape Verde",2003,195700000
"CV","Cape Verde",2004,172890000
"CV","Cape Verde",2005,190390000
"CV","Cape Verde",2006,156350000
"CV","Cape Verde",2007,168510000
"CV","Cape Verde",2008,213600000
"CV","Cape Verde",2009,194210000
"CV","Cape Verde",2010,327950000
"CV","Cape Verde",2011,236430000
"CV","Cape Verde",2012,246140000
"CV","Cape Verde",2013,237290000
"CF","CAR",2000,112380000
"CF","CAR",2001,122450000
"CF","CAR",2002,91720000
"CF","CAR",2003,67850000
"CF","CAR",2004,130450000
"CF","CAR",2005,103930000
"CF","CAR",2006,153040000
"CF","CAR",2007,183310000
"CF","CAR",2008,259360000
"CF","CAR",2009,246190000
"CF","CAR",2010,267800000
"CF","CAR",2011,259380000
"CF","CAR",2012,227270000
"CF","CAR",2013,185900000
"central-asia","Central Asia, regional",2000,0
"central-asia","Central Asia, regional",2001,0
"central-asia","Central Asia, regional",2002,0
"central-asia","Central Asia, regional",2003,0
"central-asia","Central Asia, regional",2004,0
"central-asia","Central Asia, regional",2005,8780000
"central-asia","Central Asia, regional",2006,172060000
"central-asia","Central Asia, regional",2007,265480000
"central-asia","Central Asia, regional",2008,292030000
"central-asia","Central Asia, regional",2009,364850000
"central-asia","Central Asia, regional",2010,206400000
"central-asia","Central Asia, regional",2011,172830000
"central-asia","Central Asia, regional",2012,202660000
"central-asia","Central Asia, regional",2013,227500000
"TD","Chad",2000,211900000
"TD","Chad",2001,313110000
"TD","Chad",2002,357020000
"TD","Chad",2003,336240000
"TD","Chad",2004,403950000
"TD","Chad",2005,454940000
"TD","Chad",2006,332160000
"TD","Chad",2007,378350000
"TD","Chad",2008,413200000
"TD","Chad",2009,571760000
"TD","Chad",2010,499350000
"TD","Chad",2011,446660000
"TD","Chad",2012,478600000
"TD","Chad",2013,390100000
"CL","Chile",2000,78010000
"CL","Chile",2001,124870000
"CL","Chile",2002,4830000
"CL","Chile",2003,113570000
"CL","Chile",2004,63800000
"CL","Chile",2005,201850000
"CL","Chile",2006,119650000
"CL","Chile",2007,114810000
"CL","Chile",2008,109970000
"CL","Chile",2009,82360000
"CL","Chile",2010,202880000
"CL","Chile",2011,154230000
"CL","Chile",2012,124840000
"CL","Chile",2013,77180000
"CN","China",2000,2411820000
"CN","China",2001,2341240000
"CN","China",2002,2210060000
"CN","China",2003,1805230000
"CN","China",2004,2098590000
"CN","China",2005,2229750000
"CN","China",2006,1545090000
"CN","China",2007,1669820000
"CN","China",2008,1509040000
"CN","China",2009,1143080000
"CN","China",2010,644560000
"CN","China",2011,-723400000
"CN","China",2012,-194110000
"CN","China",2013,-864500000
"CO","Colombia",2000,276630000
"CO","Colombia",2001,540880000
"CO","Colombia",2002,599230000
"CO","Colombia",2003,993860000
"CO","Colombia",2004,615600000
"CO","Colombia",2005,717850000
"CO","Colombia",2006,1121400000
"CO","Colombia",2007,764700000
"CO","Colombia",2008,991820000
"CO","Colombia",2009,1091460000
"CO","Colombia",2010,923360000
"CO","Colombia",2011,1000300000
"CO","Colombia",2012,764580000
"CO","Colombia",2013,830580000
"KM","Comoros",2000,31400000
"KM","Comoros",2001,45630000
"KM","Comoros",2002,43180000
"KM","Comoros",2003,32530000
"KM","Comoros",2004,31400000
"KM","Comoros",2005,26780000
"KM","Comoros",2006,36190000
"KM","Comoros",2007,46170000
"KM","Comoros",2008,39850000
"KM","Comoros",2009,49910000
"KM","Comoros",2010,68530000
"KM","Comoros",2011,49530000
"KM","Comoros",2012,68650000
"KM","Comoros",2013,80120000
"CG","Congo",2000,53810000
"CG","Congo",2001,116880000
"CG","Congo",2002,90550000
"CG","Congo",2003,91050000
"CG","Congo",2004,139010000
"CG","Congo",2005,1662160000
"CG","Congo",2006,292550000
"CG","Congo",2007,124520000
"CG","Congo",2008,460170000
"CG","Congo",2009,2.77e+08
"CG","Congo",2010,1322250000
"CG","Congo",2011,246540000
"CG","Congo",2012,138610000
"CG","Congo",2013,147940000
"CK","Cook Islands",2000,9410000
"CK","Cook Islands",2001,11410000
"CK","Cook Islands",2002,8450000
"CK","Cook Islands",2003,10230000
"CK","Cook Islands",2004,13190000
"CK","Cook Islands",2005,11180000
"CK","Cook Islands",2006,38980000
"CK","Cook Islands",2007,11890000
"CK","Cook Islands",2008,6810000
"CK","Cook Islands",2009,9840000
"CK","Cook Islands",2010,15400000
"CK","Cook Islands",2011,25750000
"CK","Cook Islands",2012,21210000
"CK","Cook Islands",2013,15810000
"CR","Costa Rica",2000,35630000
"CR","Costa Rica",2001,18070000
"CR","Costa Rica",2002,12200000
"CR","Costa Rica",2003,39550000
"CR","Costa Rica",2004,20100000
"CR","Costa Rica",2005,32420000
"CR","Costa Rica",2006,37990000
"CR","Costa Rica",2007,66300000
"CR","Costa Rica",2008,61500000
"CR","Costa Rica",2009,114400000
"CR","Costa Rica",2010,99510000
"CR","Costa Rica",2011,39020000
"CR","Costa Rica",2012,32700000
"CR","Costa Rica",2013,34680000
"CI","Cote d'Ivoire",2000,568450000
"CI","Cote d'Ivoire",2001,325960000
"CI","Cote d'Ivoire",2002,1714430000
"CI","Cote d'Ivoire",2003,330530000
"CI","Cote d'Ivoire",2004,190830000
"CI","Cote d'Ivoire",2005,107120000
"CI","Cote d'Ivoire",2006,280540000
"CI","Cote d'Ivoire",2007,182210000
"CI","Cote d'Ivoire",2008,626170000
"CI","Cote d'Ivoire",2009,2391950000
"CI","Cote d'Ivoire",2010,869010000
"CI","Cote d'Ivoire",2011,1379350000
"CI","Cote d'Ivoire",2012,2635620000
"CI","Cote d'Ivoire",2013,1240870000
"HR","Croatia",2000,107340000
"HR","Croatia",2001,206960000
"HR","Croatia",2002,213260000
"HR","Croatia",2003,164080000
"HR","Croatia",2004,150020000
"HR","Croatia",2005,148370000
"HR","Croatia",2006,232330000
"HR","Croatia",2007,167530000
"HR","Croatia",2008,227230000
"HR","Croatia",2009,162770000
"HR","Croatia",2010,150780000
"HR","Croatia",2011,0
"HR","Croatia",2012,0
"HR","Croatia",2013,0
"CU","Cuba",2000,75860000
"CU","Cuba",2001,91830000
"CU","Cuba",2002,103530000
"CU","Cuba",2003,103640000
"CU","Cuba",2004,129830000
"CU","Cuba",2005,106260000
"CU","Cuba",2006,109560000
"CU","Cuba",2007,99820000
"CU","Cuba",2008,126010000
"CU","Cuba",2009,115840000
"CU","Cuba",2010,130630000
"CU","Cuba",2011,83860000
"CU","Cuba",2012,87850000
"CU","Cuba",2013,100450000
"DJ","Djibouti",2000,110810000
"DJ","Djibouti",2001,97550000
"DJ","Djibouti",2002,114150000
"DJ","Djibouti",2003,104810000
"DJ","Djibouti",2004,76920000
"DJ","Djibouti",2005,87400000
"DJ","Djibouti",2006,131600000
"DJ","Djibouti",2007,117360000
"DJ","Djibouti",2008,139040000
"DJ","Djibouti",2009,170780000
"DJ","Djibouti",2010,136210000
"DJ","Djibouti",2011,137010000
"DJ","Djibouti",2012,146590000
"DJ","Djibouti",2013,150670000
"DM","Dominica",2000,21790000
"DM","Dominica",2001,30820000
"DM","Dominica",2002,44050000
"DM","Dominica",2003,14850000
"DM","Dominica",2004,36490000
"DM","Dominica",2005,25240000
"DM","Dominica",2006,22140000
"DM","Dominica",2007,20360000
"DM","Dominica",2008,21380000
"DM","Dominica",2009,36450000
"DM","Dominica",2010,32710000
"DM","Dominica",2011,23300000
"DM","Dominica",2012,25660000
"DM","Dominica",2013,19170000
"DO","Dominican Republic",2000,87550000
"DO","Dominican Republic",2001,156570000
"DO","Dominican Republic",2002,215050000
"DO","Dominican Republic",2003,91870000
"DO","Dominican Republic",2004,101090000
"DO","Dominican Republic",2005,9.3e+07
"DO","Dominican Republic",2006,68920000
"DO","Dominican Republic",2007,127440000
"DO","Dominican Republic",2008,150400000
"DO","Dominican Republic",2009,116700000
"DO","Dominican Republic",2010,174910000
"DO","Dominican Republic",2011,212970000
"DO","Dominican Republic",2012,261420000
"DO","Dominican Republic",2013,143600000
"CD","DRC",2000,294360000
"CD","DRC",2001,408480000
"CD","DRC",2002,1799140000
"CD","DRC",2003,7058630000
"CD","DRC",2004,2268830000
"CD","DRC",2005,2241700000
"CD","DRC",2006,2476590000
"CD","DRC",2007,1413040000
"CD","DRC",2008,1760410000
"CD","DRC",2009,2453190000
"CD","DRC",2010,3555870000
"CD","DRC",2011,5380510000
"CD","DRC",2012,2859370000
"CD","DRC",2013,2553970000
"EC","Ecuador",2000,226500000
"EC","Ecuador",2001,287170000
"EC","Ecuador",2002,332690000
"EC","Ecuador",2003,229370000
"EC","Ecuador",2004,188110000
"EC","Ecuador",2005,263550000
"EC","Ecuador",2006,213030000
"EC","Ecuador",2007,223460000
"EC","Ecuador",2008,219840000
"EC","Ecuador",2009,204130000
"EC","Ecuador",2010,157250000
"EC","Ecuador",2011,152050000
"EC","Ecuador",2012,149420000
"EC","Ecuador",2013,139260000
"EG","Egypt",2000,2007630000
"EG","Egypt",2001,1920500000
"EG","Egypt",2002,1781720000
"EG","Egypt",2003,1301510000
"EG","Egypt",2004,1833780000
"EG","Egypt",2005,1195520000
"EG","Egypt",2006,1012360000
"EG","Egypt",2007,1182990000
"EG","Egypt",2008,1742970000
"EG","Egypt",2009,998800000
"EG","Egypt",2010,597980000
"EG","Egypt",2011,383270000
"EG","Egypt",2012,1806630000
"EG","Egypt",2013,5466750000
"SV","El Salvador",2000,260250000
"SV","El Salvador",2001,373780000
"SV","El Salvador",2002,351370000
"SV","El Salvador",2003,249340000
"SV","El Salvador",2004,259180000
"SV","El Salvador",2005,241040000
"SV","El Salvador",2006,188360000
"SV","El Salvador",2007,110970000
"SV","El Salvador",2008,231220000
"SV","El Salvador",2009,270680000
"SV","El Salvador",2010,284360000
"SV","El Salvador",2011,281060000
"SV","El Salvador",2012,230400000
"SV","El Salvador",2013,166420000
"GQ","Equatorial Guinea",2000,38150000
"GQ","Equatorial Guinea",2001,24140000
"GQ","Equatorial Guinea",2002,32960000
"GQ","Equatorial Guinea",2003,28250000
"GQ","Equatorial Guinea",2004,34750000
"GQ","Equatorial Guinea",2005,44200000
"GQ","Equatorial Guinea",2006,28970000
"GQ","Equatorial Guinea",2007,31140000
"GQ","Equatorial Guinea",2008,30100000
"GQ","Equatorial Guinea",2009,29880000
"GQ","Equatorial Guinea",2010,84450000
"GQ","Equatorial Guinea",2011,22850000
"GQ","Equatorial Guinea",2012,14200000
"GQ","Equatorial Guinea",2013,5440000
"ER","Eritrea",2000,283420000
"ER","Eritrea",2001,467870000
"ER","Eritrea",2002,348300000
"ER","Eritrea",2003,425400000
"ER","Eritrea",2004,327620000
"ER","Eritrea",2005,413040000
"ER","Eritrea",2006,148870000
"ER","Eritrea",2007,169380000
"ER","Eritrea",2008,147580000
"ER","Eritrea",2009,149730000
"ER","Eritrea",2010,166110000
"ER","Eritrea",2011,125610000
"ER","Eritrea",2012,133780000
"ER","Eritrea",2013,82900000
"ET","Ethiopia",2000,1070120000
"ET","Ethiopia",2001,1749240000
"ET","Ethiopia",2002,2000480000
"ET","Ethiopia",2003,2116540000
"ET","Ethiopia",2004,2202320000
"ET","Ethiopia",2005,2265260000
"ET","Ethiopia",2006,2320880000
"ET","Ethiopia",2007,2662560000
"ET","Ethiopia",2008,3353630000
"ET","Ethiopia",2009,3992350000
"ET","Ethiopia",2010,3662060000
"ET","Ethiopia",2011,3483570000
"ET","Ethiopia",2012,3261320000
"ET","Ethiopia",2013,3827070000
"europe","Europe, regional",2000,553660000
"europe","Europe, regional",2001,366980000
"europe","Europe, regional",2002,582640000
"europe","Europe, regional",2003,743610000
"europe","Europe, regional",2004,697450000
"europe","Europe, regional",2005,797980000
"europe","Europe, regional",2006,737800000
"europe","Europe, regional",2007,520800000
"europe","Europe, regional",2008,801240000
"europe","Europe, regional",2009,792390000
"europe","Europe, regional",2010,1018260000
"europe","Europe, regional",2011,878500000
"europe","Europe, regional",2012,796040000
"europe","Europe, regional",2013,765330000
"east-asia","Far East Asia, regional",2000,134590000
"east-asia","Far East Asia, regional",2001,58190000
"east-asia","Far East Asia, regional",2002,79800000
"east-asia","Far East Asia, regional",2003,142990000
"east-asia","Far East Asia, regional",2004,215500000
"east-asia","Far East Asia, regional",2005,446510000
"east-asia","Far East Asia, regional",2006,211130000
"east-asia","Far East Asia, regional",2007,217960000
"east-asia","Far East Asia, regional",2008,221680000
"east-asia","Far East Asia, regional",2009,193470000
"east-asia","Far East Asia, regional",2010,187230000
"east-asia","Far East Asia, regional",2011,231820000
"east-asia","Far East Asia, regional",2012,232180000
"east-asia","Far East Asia, regional",2013,236890000
"FJ","Fiji",2000,52700000
"FJ","Fiji",2001,50540000
"FJ","Fiji",2002,61670000
"FJ","Fiji",2003,79380000
"FJ","Fiji",2004,89750000
"FJ","Fiji",2005,90280000
"FJ","Fiji",2006,77910000
"FJ","Fiji",2007,62490000
"FJ","Fiji",2008,54240000
"FJ","Fiji",2009,84110000
"FJ","Fiji",2010,84280000
"FJ","Fiji",2011,78090000
"FJ","Fiji",2012,107350000
"FJ","Fiji",2013,94400000
"GA","Gabon",2000,19600000
"GA","Gabon",2001,12640000
"GA","Gabon",2002,113770000
"GA","Gabon",2003,-14400000
"GA","Gabon",2004,48030000
"GA","Gabon",2005,71490000
"GA","Gabon",2006,32660000
"GA","Gabon",2007,52370000
"GA","Gabon",2008,59330000
"GA","Gabon",2009,75760000
"GA","Gabon",2010,105880000
"GA","Gabon",2011,69220000
"GA","Gabon",2012,73200000
"GA","Gabon",2013,88330000
"GM","Gambia",2000,75670000
"GM","Gambia",2001,83220000
"GM","Gambia",2002,98760000
"GM","Gambia",2003,8.3e+07
"GM","Gambia",2004,73840000
"GM","Gambia",2005,72120000
"GM","Gambia",2006,88040000
"GM","Gambia",2007,103130000
"GM","Gambia",2008,94440000
"GM","Gambia",2009,133310000
"GM","Gambia",2010,124180000
"GM","Gambia",2011,130690000
"GM","Gambia",2012,138800000
"GM","Gambia",2013,111360000
"GE","Georgia",2000,243530000
"GE","Georgia",2001,434620000
"GE","Georgia",2002,444890000
"GE","Georgia",2003,299180000
"GE","Georgia",2004,376230000
"GE","Georgia",2005,343460000
"GE","Georgia",2006,407270000
"GE","Georgia",2007,401550000
"GE","Georgia",2008,902130000
"GE","Georgia",2009,932960000
"GE","Georgia",2010,640260000
"GE","Georgia",2011,567580000
"GE","Georgia",2012,662210000
"GE","Georgia",2013,646010000
"GH","Ghana",2000,882900000
"GH","Ghana",2001,1008630000
"GH","Ghana",2002,1026650000
"GH","Ghana",2003,1287740000
"GH","Ghana",2004,1677240000
"GH","Ghana",2005,1349610000
"GH","Ghana",2006,1417500000
"GH","Ghana",2007,1220040000
"GH","Ghana",2008,1306560000
"GH","Ghana",2009,1645870000
"GH","Ghana",2010,1753570000
"GH","Ghana",2011,1772050000
"GH","Ghana",2012,1807910000
"GH","Ghana",2013,1330850000
"GD","Grenada",2000,23460000
"GD","Grenada",2001,16640000
"GD","Grenada",2002,15160000
"GD","Grenada",2003,14220000
"GD","Grenada",2004,19860000
"GD","Grenada",2005,61310000
"GD","Grenada",2006,30680000
"GD","Grenada",2007,24920000
"GD","Grenada",2008,32910000
"GD","Grenada",2009,49170000
"GD","Grenada",2010,34880000
"GD","Grenada",2011,12020000
"GD","Grenada",2012,7650000
"GD","Grenada",2013,9980000
"GT","Guatemala",2000,386470000
"GT","Guatemala",2001,364450000
"GT","Guatemala",2002,380270000
"GT","Guatemala",2003,329460000
"GT","Guatemala",2004,267210000
"GT","Guatemala",2005,310250000
"GT","Guatemala",2006,552840000
"GT","Guatemala",2007,467740000
"GT","Guatemala",2008,512280000
"GT","Guatemala",2009,379620000
"GT","Guatemala",2010,402870000
"GT","Guatemala",2011,376860000
"GT","Guatemala",2012,299460000
"GT","Guatemala",2013,488820000
"GN","Guinea",2000,231540000
"GN","Guinea",2001,456280000
"GN","Guinea",2002,379360000
"GN","Guinea",2003,334940000
"GN","Guinea",2004,334410000
"GN","Guinea",2005,234540000
"GN","Guinea",2006,196870000
"GN","Guinea",2007,241050000
"GN","Guinea",2008,325700000
"GN","Guinea",2009,213500000
"GN","Guinea",2010,221300000
"GN","Guinea",2011,197480000
"GN","Guinea",2012,339640000
"GN","Guinea",2013,505560000
"GW","Guinea-Bissau",2000,136580000
"GW","Guinea-Bissau",2001,103790000
"GW","Guinea-Bissau",2002,94450000
"GW","Guinea-Bissau",2003,200110000
"GW","Guinea-Bissau",2004,91500000
"GW","Guinea-Bissau",2005,76990000
"GW","Guinea-Bissau",2006,97520000
"GW","Guinea-Bissau",2007,125010000
"GW","Guinea-Bissau",2008,128360000
"GW","Guinea-Bissau",2009,144650000
"GW","Guinea-Bissau",2010,128240000
"GW","Guinea-Bissau",2011,114480000
"GW","Guinea-Bissau",2012,78880000
"GW","Guinea-Bissau",2013,102710000
"GY","Guyana",2000,175060000
"GY","Guyana",2001,171560000
"GY","Guyana",2002,105610000
"GY","Guyana",2003,128290000
"GY","Guyana",2004,173890000
"GY","Guyana",2005,176250000
"GY","Guyana",2006,200720000
"GY","Guyana",2007,136680000
"GY","Guyana",2008,167030000
"GY","Guyana",2009,178120000
"GY","Guyana",2010,175490000
"GY","Guyana",2011,155060000
"GY","Guyana",2012,114450000
"GY","Guyana",2013,100450000
"HT","Haiti",2000,308110000
"HT","Haiti",2001,255520000
"HT","Haiti",2002,226540000
"HT","Haiti",2003,279070000
"HT","Haiti",2004,372760000
"HT","Haiti",2005,515650000
"HT","Haiti",2006,673820000
"HT","Haiti",2007,756930000
"HT","Haiti",2008,938630000
"HT","Haiti",2009,1165520000
"HT","Haiti",2010,3180780000
"HT","Haiti",2011,1.686e+09
"HT","Haiti",2012,1275220000
"HT","Haiti",2013,1158700000
"HN","Honduras",2000,677360000
"HN","Honduras",2001,1000270000
"HN","Honduras",2002,617140000
"HN","Honduras",2003,520780000
"HN","Honduras",2004,792630000
"HN","Honduras",2005,817800000
"HN","Honduras",2006,706460000
"HN","Honduras",2007,488830000
"HN","Honduras",2008,568390000
"HN","Honduras",2009,473910000
"HN","Honduras",2010,650250000
"HN","Honduras",2011,604740000
"HN","Honduras",2012,571530000
"HN","Honduras",2013,623090000
"IN","India",2000,1966200000
"IN","India",2001,2.649e+09
"IN","India",2002,2569090000
"IN","India",2003,810320000
"IN","India",2004,925510000
"IN","India",2005,2165780000
"IN","India",2006,1546860000
"IN","India",2007,1427280000
"IN","India",2008,2229570000
"IN","India",2009,2654540000
"IN","India",2010,2946730000
"IN","India",2011,3152660000
"IN","India",2012,1667630000
"IN","India",2013,2546730000
"ID","Indonesia",2000,2288600000
"ID","Indonesia",2001,2169940000
"ID","Indonesia",2002,1946810000
"ID","Indonesia",2003,2379700000
"ID","Indonesia",2004,227530000
"ID","Indonesia",2005,3207130000
"ID","Indonesia",2006,1603220000
"ID","Indonesia",2007,1009890000
"ID","Indonesia",2008,1296410000
"ID","Indonesia",2009,1185520000
"ID","Indonesia",2010,1484860000
"ID","Indonesia",2011,411620000
"ID","Indonesia",2012,67810000
"ID","Indonesia",2013,-107640000
"IR","Iran",2000,192940000
"IR","Iran",2001,180750000
"IR","Iran",2002,177720000
"IR","Iran",2003,176170000
"IR","Iran",2004,236340000
"IR","Iran",2005,127060000
"IR","Iran",2006,129050000
"IR","Iran",2007,98970000
"IR","Iran",2008,89510000
"IR","Iran",2009,89210000
"IR","Iran",2010,122250000
"IR","Iran",2011,95640000
"IR","Iran",2012,148890000
"IR","Iran",2013,127730000
"IQ","Iraq",2000,175520000
"IQ","Iraq",2001,210810000
"IQ","Iraq",2002,188580000
"IQ","Iraq",2003,2932670000
"IQ","Iraq",2004,5542500000
"IQ","Iraq",2005,25661690000
"IQ","Iraq",2006,10239490000
"IQ","Iraq",2007,9977890000
"IQ","Iraq",2008,10304250000
"IQ","Iraq",2009,2950270000
"IQ","Iraq",2010,2.28e+09
"IQ","Iraq",2011,1918820000
"IQ","Iraq",2012,1300840000
"IQ","Iraq",2013,1687040000
"JM","Jamaica",2000,32500000
"JM","Jamaica",2001,105720000
"JM","Jamaica",2002,44230000
"JM","Jamaica",2003,12070000
"JM","Jamaica",2004,98990000
"JM","Jamaica",2005,43810000
"JM","Jamaica",2006,37020000
"JM","Jamaica",2007,26130000
"JM","Jamaica",2008,80380000
"JM","Jamaica",2009,148080000
"JM","Jamaica",2010,142550000
"JM","Jamaica",2011,38870000
"JM","Jamaica",2012,21060000
"JM","Jamaica",2013,64310000
"JO","Jordan",2000,788970000
"JO","Jordan",2001,662160000
"JO","Jordan",2002,782800000
"JO","Jordan",2003,1647630000
"JO","Jordan",2004,719440000
"JO","Jordan",2005,828130000
"JO","Jordan",2006,644650000
"JO","Jordan",2007,677110000
"JO","Jordan",2008,744260000
"JO","Jordan",2009,757700000
"JO","Jordan",2010,981060000
"JO","Jordan",2011,964830000
"JO","Jordan",2012,1416960000
"JO","Jordan",2013,1366550000
"KZ","Kazakhstan",2000,245880000
"KZ","Kazakhstan",2001,223170000
"KZ","Kazakhstan",2002,264080000
"KZ","Kazakhstan",2003,382330000
"KZ","Kazakhstan",2004,331100000
"KZ","Kazakhstan",2005,277030000
"KZ","Kazakhstan",2006,206190000
"KZ","Kazakhstan",2007,233890000
"KZ","Kazakhstan",2008,347860000
"KZ","Kazakhstan",2009,313450000
"KZ","Kazakhstan",2010,227510000
"KZ","Kazakhstan",2011,211640000
"KZ","Kazakhstan",2012,129640000
"KZ","Kazakhstan",2013,89710000
"KE","Kenya",2000,759900000
"KE","Kenya",2001,745310000
"KE","Kenya",2002,574750000
"KE","Kenya",2003,681030000
"KE","Kenya",2004,792880000
"KE","Kenya",2005,886210000
"KE","Kenya",2006,1083460000
"KE","Kenya",2007,1399680000
"KE","Kenya",2008,1378790000
"KE","Kenya",2009,1855770000
"KE","Kenya",2010,1682900000
"KE","Kenya",2011,2437390000
"KE","Kenya",2012,2654040000
"KE","Kenya",2013,3251850000
"KI","Kiribati",2000,31590000
"KI","Kiribati",2001,27350000
"KI","Kiribati",2002,39750000
"KI","Kiribati",2003,31050000
"KI","Kiribati",2004,24180000
"KI","Kiribati",2005,37970000
"KI","Kiribati",2006,36700000
"KI","Kiribati",2007,35090000
"KI","Kiribati",2008,32340000
"KI","Kiribati",2009,34460000
"KI","Kiribati",2010,25910000
"KI","Kiribati",2011,63740000
"KI","Kiribati",2012,64670000
"KI","Kiribati",2013,68850000
"XK","Kosovo",2000,0
"XK","Kosovo",2001,0
"XK","Kosovo",2002,0
"XK","Kosovo",2003,0
"XK","Kosovo",2004,0
"XK","Kosovo",2005,0
"XK","Kosovo",2006,0
"XK","Kosovo",2007,0
"XK","Kosovo",2008,0
"XK","Kosovo",2009,790290000
"XK","Kosovo",2010,635250000
"XK","Kosovo",2011,629780000
"XK","Kosovo",2012,567690000
"XK","Kosovo",2013,515670000
"KG","Kyrgyzstan",2000,310610000
"KG","Kyrgyzstan",2001,287560000
"KG","Kyrgyzstan",2002,273720000
"KG","Kyrgyzstan",2003,262810000
"KG","Kyrgyzstan",2004,3.25e+08
"KG","Kyrgyzstan",2005,321030000
"KG","Kyrgyzstan",2006,369740000
"KG","Kyrgyzstan",2007,294870000
"KG","Kyrgyzstan",2008,362700000
"KG","Kyrgyzstan",2009,329240000
"KG","Kyrgyzstan",2010,390400000
"KG","Kyrgyzstan",2011,515630000
"KG","Kyrgyzstan",2012,472900000
"KG","Kyrgyzstan",2013,533300000
"LA","Lao",2000,417280000
"LA","Lao",2001,396890000
"LA","Lao",2002,432060000
"LA","Lao",2003,410920000
"LA","Lao",2004,339510000
"LA","Lao",2005,369140000
"LA","Lao",2006,441470000
"LA","Lao",2007,451610000
"LA","Lao",2008,524610000
"LA","Lao",2009,457940000
"LA","Lao",2010,437570000
"LA","Lao",2011,382250000
"LA","Lao",2012,408910000
"LA","Lao",2013,435520000
"LB","Lebanon",2000,318320000
"LB","Lebanon",2001,309240000
"LB","Lebanon",2002,308300000
"LB","Lebanon",2003,710150000
"LB","Lebanon",2004,320720000
"LB","Lebanon",2005,271480000
"LB","Lebanon",2006,947670000
"LB","Lebanon",2007,1034350000
"LB","Lebanon",2008,1048020000
"LB","Lebanon",2009,588550000
"LB","Lebanon",2010,456570000
"LB","Lebanon",2011,457100000
"LB","Lebanon",2012,710260000
"LB","Lebanon",2013,612210000
"LS","Lesotho",2000,59570000
"LS","Lesotho",2001,87570000
"LS","Lesotho",2002,115390000
"LS","Lesotho",2003,101970000
"LS","Lesotho",2004,115220000
"LS","Lesotho",2005,77750000
"LS","Lesotho",2006,78910000
"LS","Lesotho",2007,133030000
"LS","Lesotho",2008,143310000
"LS","Lesotho",2009,124340000
"LS","Lesotho",2010,262600000
"LS","Lesotho",2011,260300000
"LS","Lesotho",2012,282670000
"LS","Lesotho",2013,315490000
"LR","Liberia",2000,102170000
"LR","Liberia",2001,59680000
"LR","Liberia",2002,82490000
"LR","Liberia",2003,143840000
"LR","Liberia",2004,257920000
"LR","Liberia",2005,260380000
"LR","Liberia",2006,298530000
"LR","Liberia",2007,753550000
"LR","Liberia",2008,1247330000
"LR","Liberia",2009,531080000
"LR","Liberia",2010,1.462e+09
"LR","Liberia",2011,744060000
"LR","Liberia",2012,570970000
"LR","Liberia",2013,531310000
"LY","Libya",2000,0
"LY","Libya",2001,0
"LY","Libya",2002,0
"LY","Libya",2003,0
"LY","Libya",2004,0
"LY","Libya",2005,2.8e+07
"LY","Libya",2006,41900000
"LY","Libya",2007,20170000
"LY","Libya",2008,72550000
"LY","Libya",2009,40760000
"LY","Libya",2010,8440000
"LY","Libya",2011,6.38e+08
"LY","Libya",2012,87080000
"LY","Libya",2013,126290000
"MK","Macedonia",2000,400390000
"MK","Macedonia",2001,404790000
"MK","Macedonia",2002,428480000
"MK","Macedonia",2003,349630000
"MK","Macedonia",2004,3.21e+08
"MK","Macedonia",2005,270190000
"MK","Macedonia",2006,238140000
"MK","Macedonia",2007,216040000
"MK","Macedonia",2008,205590000
"MK","Macedonia",2009,197550000
"MK","Macedonia",2010,191540000
"MK","Macedonia",2011,185820000
"MK","Macedonia",2012,148940000
"MK","Macedonia",2013,243540000
"MG","Madagascar",2000,492120000
"MG","Madagascar",2001,590490000
"MG","Madagascar",2002,571570000
"MG","Madagascar",2003,722390000
"MG","Madagascar",2004,1520050000
"MG","Madagascar",2005,1069760000
"MG","Madagascar",2006,904360000
"MG","Madagascar",2007,972650000
"MG","Madagascar",2008,843440000
"MG","Madagascar",2009,453470000
"MG","Madagascar",2010,484530000
"MG","Madagascar",2011,428710000
"MG","Madagascar",2012,378690000
"MG","Madagascar",2013,502250000
"MW","Malawi",2000,668710000
"MW","Malawi",2001,655270000
"MW","Malawi",2002,571190000
"MW","Malawi",2003,687820000
"MW","Malawi",2004,606230000
"MW","Malawi",2005,677700000
"MW","Malawi",2006,818200000
"MW","Malawi",2007,785640000
"MW","Malawi",2008,928040000
"MW","Malawi",2009,818980000
"MW","Malawi",2010,1063730000
"MW","Malawi",2011,785620000
"MW","Malawi",2012,1174620000
"MW","Malawi",2013,1121670000
"MY","Malaysia",2000,68940000
"MY","Malaysia",2001,48740000
"MY","Malaysia",2002,129890000
"MY","Malaysia",2003,141640000
"MY","Malaysia",2004,375050000
"MY","Malaysia",2005,31480000
"MY","Malaysia",2006,313890000
"MY","Malaysia",2007,287070000
"MY","Malaysia",2008,180440000
"MY","Malaysia",2009,155710000
"MY","Malaysia",2010,180000
"MY","Malaysia",2011,31200000
"MY","Malaysia",2012,15370000
"MY","Malaysia",2013,-156980000
"MV","Maldives",2000,29150000
"MV","Maldives",2001,39120000
"MV","Maldives",2002,43260000
"MV","Maldives",2003,32010000
"MV","Maldives",2004,35520000
"MV","Maldives",2005,94110000
"MV","Maldives",2006,46060000
"MV","Maldives",2007,41180000
"MV","Maldives",2008,57580000
"MV","Maldives",2009,36730000
"MV","Maldives",2010,116200000
"MV","Maldives",2011,43640000
"MV","Maldives",2012,5.8e+07
"MV","Maldives",2013,23410000
"ML","Mali",2000,466390000
"ML","Mali",2001,579590000
"ML","Mali",2002,660550000
"ML","Mali",2003,748930000
"ML","Mali",2004,722070000
"ML","Mali",2005,860250000
"ML","Mali",2006,1001100000
"ML","Mali",2007,1068150000
"ML","Mali",2008,968050000
"ML","Mali",2009,1025120000
"ML","Mali",2010,1123890000
"ML","Mali",2011,1249380000
"ML","Mali",2012,1001300000
"ML","Mali",2013,1368480000
"MT","Malta",2000,38180000
"MT","Malta",2001,3170000
"MT","Malta",2002,17860000
"MT","Malta",2003,0
"MT","Malta",2004,0
"MT","Malta",2005,0
"MT","Malta",2006,0
"MT","Malta",2007,0
"MT","Malta",2008,0
"MT","Malta",2009,0
"MT","Malta",2010,0
"MT","Malta",2011,0
"MT","Malta",2012,0
"MT","Malta",2013,0
"MH","Marshall Islands",2000,76220000
"MH","Marshall Islands",2001,96250000
"MH","Marshall Islands",2002,81290000
"MH","Marshall Islands",2003,70450000
"MH","Marshall Islands",2004,61190000
"MH","Marshall Islands",2005,66690000
"MH","Marshall Islands",2006,62180000
"MH","Marshall Islands",2007,57010000
"MH","Marshall Islands",2008,56610000
"MH","Marshall Islands",2009,62690000
"MH","Marshall Islands",2010,94640000
"MH","Marshall Islands",2011,83830000
"MH","Marshall Islands",2012,76010000
"MH","Marshall Islands",2013,95570000
"MR","Mauritania",2000,351100000
"MR","Mauritania",2001,461540000
"MR","Mauritania",2002,565560000
"MR","Mauritania",2003,342470000
"MR","Mauritania",2004,232730000
"MR","Mauritania",2005,222260000
"MR","Mauritania",2006,259300000
"MR","Mauritania",2007,365740000
"MR","Mauritania",2008,450960000
"MR","Mauritania",2009,379080000
"MR","Mauritania",2010,384250000
"MR","Mauritania",2011,365990000
"MR","Mauritania",2012,408280000
"MR","Mauritania",2013,288910000
"MU","Mauritius",2000,34520000
"MU","Mauritius",2001,35080000
"MU","Mauritius",2002,37730000
"MU","Mauritius",2003,-18350000
"MU","Mauritius",2004,39930000
"MU","Mauritius",2005,42630000
"MU","Mauritius",2006,22410000
"MU","Mauritius",2007,70050000
"MU","Mauritius",2008,101830000
"MU","Mauritius",2009,150600000
"MU","Mauritius",2010,125050000
"MU","Mauritius",2011,174750000
"MU","Mauritius",2012,177910000
"MU","Mauritius",2013,141790000
"YT","Mayotte",2000,178210000
"YT","Mayotte",2001,209350000
"YT","Mayotte",2002,202260000
"YT","Mayotte",2003,219920000
"YT","Mayotte",2004,246940000
"YT","Mayotte",2005,233940000
"YT","Mayotte",2006,380360000
"YT","Mayotte",2007,410040000
"YT","Mayotte",2008,443150000
"YT","Mayotte",2009,521590000
"YT","Mayotte",2010,602600000
"YT","Mayotte",2011,0
"YT","Mayotte",2012,0
"YT","Mayotte",2013,0
"MX","Mexico",2000,-63630000
"MX","Mexico",2001,177920000
"MX","Mexico",2002,167770000
"MX","Mexico",2003,156440000
"MX","Mexico",2004,129260000
"MX","Mexico",2005,211040000
"MX","Mexico",2006,308730000
"MX","Mexico",2007,106340000
"MX","Mexico",2008,140150000
"MX","Mexico",2009,189300000
"MX","Mexico",2010,477340000
"MX","Mexico",2011,941120000
"MX","Mexico",2012,417930000
"MX","Mexico",2013,533340000
"FM","Micronesia",2000,131410000
"FM","Micronesia",2001,175350000
"FM","Micronesia",2002,141880000
"FM","Micronesia",2003,141620000
"FM","Micronesia",2004,103180000
"FM","Micronesia",2005,123890000
"FM","Micronesia",2006,122650000
"FM","Micronesia",2007,127130000
"FM","Micronesia",2008,100220000
"FM","Micronesia",2009,128320000
"FM","Micronesia",2010,130600000
"FM","Micronesia",2011,135360000
"FM","Micronesia",2012,115030000
"FM","Micronesia",2013,146620000
"middle-east","Middle East, regional",2000,234660000
"middle-east","Middle East, regional",2001,68910000
"middle-east","Middle East, regional",2002,362810000
"middle-east","Middle East, regional",2003,229470000
"middle-east","Middle East, regional",2004,237050000
"middle-east","Middle East, regional",2005,1154640000
"middle-east","Middle East, regional",2006,2383040000
"middle-east","Middle East, regional",2007,1566500000
"middle-east","Middle East, regional",2008,5085780000
"middle-east","Middle East, regional",2009,2557910000
"middle-east","Middle East, regional",2010,2584870000
"middle-east","Middle East, regional",2011,4545150000
"middle-east","Middle East, regional",2012,1033130000
"middle-east","Middle East, regional",2013,5853640000
"MD","Moldova",2000,181860000
"MD","Moldova",2001,186190000
"MD","Moldova",2002,203850000
"MD","Moldova",2003,159390000
"MD","Moldova",2004,143560000
"MD","Moldova",2005,199880000
"MD","Moldova",2006,266860000
"MD","Moldova",2007,280560000
"MD","Moldova",2008,296330000
"MD","Moldova",2009,247260000
"MD","Moldova",2010,482670000
"MD","Moldova",2011,446160000
"MD","Moldova",2012,473080000
"MD","Moldova",2013,364510000
"MN","Mongolia",2000,296600000
"MN","Mongolia",2001,323830000
"MN","Mongolia",2002,303860000
"MN","Mongolia",2003,334920000
"MN","Mongolia",2004,314330000
"MN","Mongolia",2005,264510000
"MN","Mongolia",2006,245840000
"MN","Mongolia",2007,267410000
"MN","Mongolia",2008,262300000
"MN","Mongolia",2009,399900000
"MN","Mongolia",2010,315690000
"MN","Mongolia",2011,344080000
"MN","Mongolia",2012,448780000
"MN","Mongolia",2013,461900000
"ME","Montenegro",2000,0
"ME","Montenegro",2001,0
"ME","Montenegro",2002,0
"ME","Montenegro",2003,10830000
"ME","Montenegro",2004,24500000
"ME","Montenegro",2005,4580000
"ME","Montenegro",2006,108890000
"ME","Montenegro",2007,110820000
"ME","Montenegro",2008,102900000
"ME","Montenegro",2009,76170000
"ME","Montenegro",2010,81370000
"ME","Montenegro",2011,119660000
"ME","Montenegro",2012,103220000
"ME","Montenegro",2013,122800000
"MS","Montserrat",2000,43120000
"MS","Montserrat",2001,47340000
"MS","Montserrat",2002,58100000
"MS","Montserrat",2003,44210000
"MS","Montserrat",2004,47520000
"MS","Montserrat",2005,29550000
"MS","Montserrat",2006,33170000
"MS","Montserrat",2007,33660000
"MS","Montserrat",2008,33370000
"MS","Montserrat",2009,47390000
"MS","Montserrat",2010,27070000
"MS","Montserrat",2011,46730000
"MS","Montserrat",2012,40260000
"MS","Montserrat",2013,54230000
"MA","Morocco",2000,680140000
"MA","Morocco",2001,802180000
"MA","Morocco",2002,564660000
"MA","Morocco",2003,759360000
"MA","Morocco",2004,917440000
"MA","Morocco",2005,843490000
"MA","Morocco",2006,1254610000
"MA","Morocco",2007,1.267e+09
"MA","Morocco",2008,1423570000
"MA","Morocco",2009,1023180000
"MA","Morocco",2010,1006070000
"MA","Morocco",2011,1386530000
"MA","Morocco",2012,1480370000
"MA","Morocco",2013,1915910000
"MZ","Mozambique",2000,1479550000
"MZ","Mozambique",2001,1570470000
"MZ","Mozambique",2002,3498320000
"MZ","Mozambique",2003,1415010000
"MZ","Mozambique",2004,1522330000
"MZ","Mozambique",2005,1547740000
"MZ","Mozambique",2006,1901640000
"MZ","Mozambique",2007,1858890000
"MZ","Mozambique",2008,1987740000
"MZ","Mozambique",2009,2084440000
"MZ","Mozambique",2010,2014400000
"MZ","Mozambique",2011,2024690000
"MZ","Mozambique",2012,2096930000
"MZ","Mozambique",2013,2293100000
"MM","Myanmar",2000,147400000
"MM","Myanmar",2001,187170000
"MM","Myanmar",2002,178520000
"MM","Myanmar",2003,170930000
"MM","Myanmar",2004,158190000
"MM","Myanmar",2005,178730000
"MM","Myanmar",2006,175470000
"MM","Myanmar",2007,220400000
"MM","Myanmar",2008,561140000
"MM","Myanmar",2009,383150000
"MM","Myanmar",2010,376130000
"MM","Myanmar",2011,367030000
"MM","Myanmar",2012,504050000
"MM","Myanmar",2013,4479750000
"NA","Namibia",2000,253790000
"NA","Namibia",2001,187030000
"NA","Namibia",2002,222530000
"NA","Namibia",2003,191890000
"NA","Namibia",2004,207500000
"NA","Namibia",2005,146410000
"NA","Namibia",2006,172430000
"NA","Namibia",2007,2.28e+08
"NA","Namibia",2008,212510000
"NA","Namibia",2009,330430000
"NA","Namibia",2010,265280000
"NA","Namibia",2011,285400000
"NA","Namibia",2012,264880000
"NA","Namibia",2013,254970000
"NR","Nauru",2000,7190000
"NR","Nauru",2001,20830000
"NR","Nauru",2002,31090000
"NR","Nauru",2003,35150000
"NR","Nauru",2004,25600000
"NR","Nauru",2005,15070000
"NR","Nauru",2006,28680000
"NR","Nauru",2007,3.6e+07
"NR","Nauru",2008,41540000
"NR","Nauru",2009,32950000
"NR","Nauru",2010,31980000
"NR","Nauru",2011,37670000
"NR","Nauru",2012,35730000
"NR","Nauru",2013,30300000
"NP","Nepal",2000,579340000
"NP","Nepal",2001,621370000
"NP","Nepal",2002,517670000
"NP","Nepal",2003,625690000
"NP","Nepal",2004,520500000
"NP","Nepal",2005,508270000
"NP","Nepal",2006,616780000
"NP","Nepal",2007,651350000
"NP","Nepal",2008,709670000
"NP","Nepal",2009,902940000
"NP","Nepal",2010,861120000
"NP","Nepal",2011,8.66e+08
"NP","Nepal",2012,769720000
"NP","Nepal",2013,871220000
"NI","Nicaragua",2000,865660000
"NI","Nicaragua",2001,1581450000
"NI","Nicaragua",2002,796540000
"NI","Nicaragua",2003,1121150000
"NI","Nicaragua",2004,1484680000
"NI","Nicaragua",2005,909070000
"NI","Nicaragua",2006,862280000
"NI","Nicaragua",2007,890320000
"NI","Nicaragua",2008,744460000
"NI","Nicaragua",2009,7.93e+08
"NI","Nicaragua",2010,680880000
"NI","Nicaragua",2011,682590000
"NI","Nicaragua",2012,532390000
"NI","Nicaragua",2013,491720000
"NE","Niger",2000,334530000
"NE","Niger",2001,428750000
"NE","Niger",2002,467780000
"NE","Niger",2003,639930000
"NE","Niger",2004,658660000
"NE","Niger",2005,620820000
"NE","Niger",2006,626640000
"NE","Niger",2007,579430000
"NE","Niger",2008,604750000
"NE","Niger",2009,479310000
"NE","Niger",2010,765290000
"NE","Niger",2011,626820000
"NE","Niger",2012,901860000
"NE","Niger",2013,763850000
"NG","Nigeria",2000,255610000
"NG","Nigeria",2001,271790000
"NG","Nigeria",2002,434450000
"NG","Nigeria",2003,398680000
"NG","Nigeria",2004,678730000
"NG","Nigeria",2005,7149600000
"NG","Nigeria",2006,12803280000
"NG","Nigeria",2007,2004520000
"NG","Nigeria",2008,1313920000
"NG","Nigeria",2009,1738550000
"NG","Nigeria",2010,2145310000
"NG","Nigeria",2011,1748730000
"NG","Nigeria",2012,1915820000
"NG","Nigeria",2013,2515400000
"NU","Niue",2000,7520000
"NU","Niue",2001,8410000
"NU","Niue",2002,10230000
"NU","Niue",2003,16080000
"NU","Niue",2004,22430000
"NU","Niue",2005,28940000
"NU","Niue",2006,12930000
"NU","Niue",2007,17980000
"NU","Niue",2008,22030000
"NU","Niue",2009,11670000
"NU","Niue",2010,17200000
"NU","Niue",2011,21120000
"NU","Niue",2012,20130000
"NU","Niue",2013,18010000
"north-central-america","North & Central America, regional",2000,348640000
"north-central-america","North & Central America, regional",2001,212100000
"north-central-america","North & Central America, regional",2002,206740000
"north-central-america","North & Central America, regional",2003,256790000
"north-central-america","North & Central America, regional",2004,290890000
"north-central-america","North & Central America, regional",2005,337140000
"north-central-america","North & Central America, regional",2006,267960000
"north-central-america","North & Central America, regional",2007,344980000
"north-central-america","North & Central America, regional",2008,393110000
"north-central-america","North & Central America, regional",2009,298430000
"north-central-america","North & Central America, regional",2010,331910000
"north-central-america","North & Central America, regional",2011,412230000
"north-central-america","North & Central America, regional",2012,528190000
"north-central-america","North & Central America, regional",2013,384920000
"KP","North Korea",2000,131250000
"KP","North Korea",2001,206430000
"KP","North Korea",2002,377210000
"KP","North Korea",2003,175620000
"KP","North Korea",2004,198680000
"KP","North Korea",2005,108460000
"KP","North Korea",2006,66520000
"KP","North Korea",2007,109070000
"KP","North Korea",2008,216130000
"KP","North Korea",2009,71290000
"KP","North Korea",2010,82250000
"KP","North Korea",2011,118190000
"KP","North Korea",2012,98140000
"KP","North Korea",2013,106400000
"north-of-sahara","North of Sahara, regional",2000,63230000
"north-of-sahara","North of Sahara, regional",2001,34700000
"north-of-sahara","North of Sahara, regional",2002,48130000
"north-of-sahara","North of Sahara, regional",2003,148080000
"north-of-sahara","North of Sahara, regional",2004,213450000
"north-of-sahara","North of Sahara, regional",2005,191020000
"north-of-sahara","North of Sahara, regional",2006,161850000
"north-of-sahara","North of Sahara, regional",2007,280030000
"north-of-sahara","North of Sahara, regional",2008,243290000
"north-of-sahara","North of Sahara, regional",2009,255620000
"north-of-sahara","North of Sahara, regional",2010,321730000
"north-of-sahara","North of Sahara, regional",2011,424230000
"north-of-sahara","North of Sahara, regional",2012,219080000
"north-of-sahara","North of Sahara, regional",2013,194820000
"oceania","Oceania, regional",2000,120970000
"oceania","Oceania, regional",2001,124280000
"oceania","Oceania, regional",2002,86380000
"oceania","Oceania, regional",2003,130850000
"oceania","Oceania, regional",2004,128830000
"oceania","Oceania, regional",2005,207940000
"oceania","Oceania, regional",2006,186940000
"oceania","Oceania, regional",2007,193860000
"oceania","Oceania, regional",2008,428630000
"oceania","Oceania, regional",2009,285590000
"oceania","Oceania, regional",2010,316270000
"oceania","Oceania, regional",2011,337630000
"oceania","Oceania, regional",2012,249790000
"oceania","Oceania, regional",2013,270080000
"OM","Oman",2000,117650000
"OM","Oman",2001,11460000
"OM","Oman",2002,118600000
"OM","Oman",2003,86750000
"OM","Oman",2004,123120000
"OM","Oman",2005,22980000
"OM","Oman",2006,63730000
"OM","Oman",2007,229050000
"OM","Oman",2008,75970000
"OM","Oman",2009,151430000
"OM","Oman",2010,-22580000
"OM","Oman",2011,0
"OM","Oman",2012,0
"OM","Oman",2013,0
"PK","Pakistan",2000,9.77e+08
"PK","Pakistan",2001,2788700000
"PK","Pakistan",2002,3105740000
"PK","Pakistan",2003,1406720000
"PK","Pakistan",2004,1745960000
"PK","Pakistan",2005,1951110000
"PK","Pakistan",2006,2536230000
"PK","Pakistan",2007,2412890000
"PK","Pakistan",2008,1577980000
"PK","Pakistan",2009,2932480000
"PK","Pakistan",2010,3144500000
"PK","Pakistan",2011,3482260000
"PK","Pakistan",2012,2019060000
"PK","Pakistan",2013,2187620000
"PW","Palau",2000,47460000
"PW","Palau",2001,44930000
"PW","Palau",2002,41990000
"PW","Palau",2003,32780000
"PW","Palau",2004,23770000
"PW","Palau",2005,28690000
"PW","Palau",2006,43890000
"PW","Palau",2007,26320000
"PW","Palau",2008,47440000
"PW","Palau",2009,37840000
"PW","Palau",2010,27660000
"PW","Palau",2011,28450000
"PW","Palau",2012,1.5e+07
"PW","Palau",2013,39040000
"PS","Palestine",2000,1073920000
"PS","Palestine",2001,1615880000
"PS","Palestine",2002,1510120000
"PS","Palestine",2003,1395120000
"PS","Palestine",2004,1423490000
"PS","Palestine",2005,1217540000
"PS","Palestine",2006,1585600000
"PS","Palestine",2007,1817950000
"PS","Palestine",2008,2458160000
"PS","Palestine",2009,2930920000
"PS","Palestine",2010,2602680000
"PS","Palestine",2011,2385580000
"PS","Palestine",2012,2011440000
"PS","Palestine",2013,2569590000
"PA","Panama",2000,28970000
"PA","Panama",2001,42200000
"PA","Panama",2002,30470000
"PA","Panama",2003,35370000
"PA","Panama",2004,26940000
"PA","Panama",2005,31080000
"PA","Panama",2006,36050000
"PA","Panama",2007,-117100000
"PA","Panama",2008,29270000
"PA","Panama",2009,69390000
"PA","Panama",2010,136690000
"PA","Panama",2011,109610000
"PA","Panama",2012,50710000
"PA","Panama",2013,7680000
"PG","Papua New Guinea",2000,635840000
"PG","Papua New Guinea",2001,531410000
"PG","Papua New Guinea",2002,528340000
"PG","Papua New Guinea",2003,477590000
"PG","Papua New Guinea",2004,486410000
"PG","Papua New Guinea",2005,443890000
"PG","Papua New Guinea",2006,447200000
"PG","Papua New Guinea",2007,448080000
"PG","Papua New Guinea",2008,405200000
"PG","Papua New Guinea",2009,553040000
"PG","Papua New Guinea",2010,581400000
"PG","Papua New Guinea",2011,607580000
"PG","Papua New Guinea",2012,664830000
"PG","Papua New Guinea",2013,683230000
"PY","Paraguay",2000,110050000
"PY","Paraguay",2001,90730000
"PY","Paraguay",2002,82290000
"PY","Paraguay",2003,67050000
"PY","Paraguay",2004,27340000
"PY","Paraguay",2005,61990000
"PY","Paraguay",2006,68110000
"PY","Paraguay",2007,120930000
"PY","Paraguay",2008,138940000
"PY","Paraguay",2009,150430000
"PY","Paraguay",2010,122600000
"PY","Paraguay",2011,91170000
"PY","Paraguay",2012,104400000
"PY","Paraguay",2013,124520000
"PE","Peru",2000,532620000
"PE","Peru",2001,642210000
"PE","Peru",2002,688590000
"PE","Peru",2003,671060000
"PE","Peru",2004,561270000
"PE","Peru",2005,530550000
"PE","Peru",2006,519890000
"PE","Peru",2007,394530000
"PE","Peru",2008,444710000
"PE","Peru",2009,435830000
"PE","Peru",2010,-297180000
"PE","Peru",2011,581860000
"PE","Peru",2012,393330000
"PE","Peru",2013,347150000
"PH","Philippines",2000,808060000
"PH","Philippines",2001,857310000
"PH","Philippines",2002,849520000
"PH","Philippines",2003,972720000
"PH","Philippines",2004,571250000
"PH","Philippines",2005,711510000
"PH","Philippines",2006,725370000
"PH","Philippines",2007,745640000
"PH","Philippines",2008,15040000
"PH","Philippines",2009,367010000
"PH","Philippines",2010,553450000
"PH","Philippines",2011,-178980000
"PH","Philippines",2012,5100000
"PH","Philippines",2013,97210000
"RW","Rwanda",2000,510160000
"RW","Rwanda",2001,489480000
"RW","Rwanda",2002,550410000
"RW","Rwanda",2003,443710000
"RW","Rwanda",2004,585280000
"RW","Rwanda",2005,670010000
"RW","Rwanda",2006,678860000
"RW","Rwanda",2007,753880000
"RW","Rwanda",2008,932120000
"RW","Rwanda",2009,961130000
"RW","Rwanda",2010,1069490000
"RW","Rwanda",2011,1234980000
"RW","Rwanda",2012,878970000
"RW","Rwanda",2013,1075030000
"SH","Saint Helena, Ascension & Tristan da Cunha",2000,26030000
"SH","Saint Helena, Ascension & Tristan da Cunha",2001,21840000
"SH","Saint Helena, Ascension & Tristan da Cunha",2002,18770000
"SH","Saint Helena, Ascension & Tristan da Cunha",2003,21730000
"SH","Saint Helena, Ascension & Tristan da Cunha",2004,27570000
"SH","Saint Helena, Ascension & Tristan da Cunha",2005,23410000
"SH","Saint Helena, Ascension & Tristan da Cunha",2006,28620000
"SH","Saint Helena, Ascension & Tristan da Cunha",2007,39870000
"SH","Saint Helena, Ascension & Tristan da Cunha",2008,63020000
"SH","Saint Helena, Ascension & Tristan da Cunha",2009,37630000
"SH","Saint Helena, Ascension & Tristan da Cunha",2010,57280000
"SH","Saint Helena, Ascension & Tristan da Cunha",2011,84050000
"SH","Saint Helena, Ascension & Tristan da Cunha",2012,168230000
"SH","Saint Helena, Ascension & Tristan da Cunha",2013,137540000
"KN","Saint Kitts and Nevis",2000,6160000
"KN","Saint Kitts and Nevis",2001,16280000
"KN","Saint Kitts and Nevis",2002,42020000
"KN","Saint Kitts and Nevis",2003,310000
"KN","Saint Kitts and Nevis",2004,1e+05
"KN","Saint Kitts and Nevis",2005,3390000
"KN","Saint Kitts and Nevis",2006,6740000
"KN","Saint Kitts and Nevis",2007,4220000
"KN","Saint Kitts and Nevis",2008,44130000
"KN","Saint Kitts and Nevis",2009,5580000
"KN","Saint Kitts and Nevis",2010,11550000
"KN","Saint Kitts and Nevis",2011,15020000
"KN","Saint Kitts and Nevis",2012,21920000
"KN","Saint Kitts and Nevis",2013,28710000
"LC","Saint Lucia",2000,14280000
"LC","Saint Lucia",2001,27900000
"LC","Saint Lucia",2002,50250000
"LC","Saint Lucia",2003,20510000
"LC","Saint Lucia",2004,-21190000
"LC","Saint Lucia",2005,12890000
"LC","Saint Lucia",2006,21810000
"LC","Saint Lucia",2007,21340000
"LC","Saint Lucia",2008,18700000
"LC","Saint Lucia",2009,42520000
"LC","Saint Lucia",2010,41980000
"LC","Saint Lucia",2011,33920000
"LC","Saint Lucia",2012,26830000
"LC","Saint Lucia",2013,24010000
"VC","Saint Vincent & the Grenadines",2000,8690000
"VC","Saint Vincent & the Grenadines",2001,13420000
"VC","Saint Vincent & the Grenadines",2002,6870000
"VC","Saint Vincent & the Grenadines",2003,8610000
"VC","Saint Vincent & the Grenadines",2004,12870000
"VC","Saint Vincent & the Grenadines",2005,9760000
"VC","Saint Vincent & the Grenadines",2006,5730000
"VC","Saint Vincent & the Grenadines",2007,68430000
"VC","Saint Vincent & the Grenadines",2008,28180000
"VC","Saint Vincent & the Grenadines",2009,31820000
"VC","Saint Vincent & the Grenadines",2010,17180000
"VC","Saint Vincent & the Grenadines",2011,17020000
"VC","Saint Vincent & the Grenadines",2012,8550000
"VC","Saint Vincent & the Grenadines",2013,7500000
"WS","Samoa",2000,51770000
"WS","Samoa",2001,79470000
"WS","Samoa",2002,69420000
"WS","Samoa",2003,53450000
"WS","Samoa",2004,47360000
"WS","Samoa",2005,59790000
"WS","Samoa",2006,66350000
"WS","Samoa",2007,48280000
"WS","Samoa",2008,47220000
"WS","Samoa",2009,91750000
"WS","Samoa",2010,160800000
"WS","Samoa",2011,96020000
"WS","Samoa",2012,120650000
"WS","Samoa",2013,121050000
"ST","Sao Tome & Principe",2000,57940000
"ST","Sao Tome & Principe",2001,64990000
"ST","Sao Tome & Principe",2002,41150000
"ST","Sao Tome & Principe",2003,49530000
"ST","Sao Tome & Principe",2004,39900000
"ST","Sao Tome & Principe",2005,37900000
"ST","Sao Tome & Principe",2006,25350000
"ST","Sao Tome & Principe",2007,53440000
"ST","Sao Tome & Principe",2008,47450000
"ST","Sao Tome & Principe",2009,29560000
"ST","Sao Tome & Principe",2010,49100000
"ST","Sao Tome & Principe",2011,68790000
"ST","Sao Tome & Principe",2012,48810000
"ST","Sao Tome & Principe",2013,51160000
"SA","Saudi Arabia",2000,29510000
"SA","Saudi Arabia",2001,19270000
"SA","Saudi Arabia",2002,25080000
"SA","Saudi Arabia",2003,18110000
"SA","Saudi Arabia",2004,26360000
"SA","Saudi Arabia",2005,30620000
"SA","Saudi Arabia",2006,29520000
"SA","Saudi Arabia",2007,-1.89e+08
"SA","Saudi Arabia",2008,0
"SA","Saudi Arabia",2009,0
"SA","Saudi Arabia",2010,0
"SA","Saudi Arabia",2011,0
"SA","Saudi Arabia",2012,0
"SA","Saudi Arabia",2013,0
"SN","Senegal",2000,689540000
"SN","Senegal",2001,702990000
"SN","Senegal",2002,684940000
"SN","Senegal",2003,608560000
"SN","Senegal",2004,1285890000
"SN","Senegal",2005,822090000
"SN","Senegal",2006,993930000
"SN","Senegal",2007,916960000
"SN","Senegal",2008,1060930000
"SN","Senegal",2009,1038450000
"SN","Senegal",2010,951620000
"SN","Senegal",2011,1026500000
"SN","Senegal",2012,1080160000
"SN","Senegal",2013,972610000
"RS","Serbia",2000,1943440000
"RS","Serbia",2001,2186610000
"RS","Serbia",2002,3009730000
"RS","Serbia",2003,1762880000
"RS","Serbia",2004,1411920000
"RS","Serbia",2005,1268760000
"RS","Serbia",2006,1.798e+09
"RS","Serbia",2007,885740000
"RS","Serbia",2008,953280000
"RS","Serbia",2009,621990000
"RS","Serbia",2010,667840000
"RS","Serbia",2011,1302780000
"RS","Serbia",2012,1089850000
"RS","Serbia",2013,751470000
"SC","Seychelles",2000,36460000
"SC","Seychelles",2001,20620000
"SC","Seychelles",2002,88160000
"SC","Seychelles",2003,13510000
"SC","Seychelles",2004,12760000
"SC","Seychelles",2005,19960000
"SC","Seychelles",2006,15930000
"SC","Seychelles",2007,12140000
"SC","Seychelles",2008,12780000
"SC","Seychelles",2009,23150000
"SC","Seychelles",2010,57580000
"SC","Seychelles",2011,21200000
"SC","Seychelles",2012,35580000
"SC","Seychelles",2013,24970000
"SL","Sierra Leone",2000,282840000
"SL","Sierra Leone",2001,539630000
"SL","Sierra Leone",2002,571560000
"SL","Sierra Leone",2003,437920000
"SL","Sierra Leone",2004,444800000
"SL","Sierra Leone",2005,391140000
"SL","Sierra Leone",2006,433240000
"SL","Sierra Leone",2007,568480000
"SL","Sierra Leone",2008,375330000
"SL","Sierra Leone",2009,463290000
"SL","Sierra Leone",2010,484310000
"SL","Sierra Leone",2011,414480000
"SL","Sierra Leone",2012,442810000
"SL","Sierra Leone",2013,447900000
"SI","Slovenia",2000,104340000
"SI","Slovenia",2001,217650000
"SI","Slovenia",2002,84580000
"SI","Slovenia",2003,0
"SI","Slovenia",2004,0
"SI","Slovenia",2005,0
"SI","Slovenia",2006,0
"SI","Slovenia",2007,0
"SI","Slovenia",2008,0
"SI","Slovenia",2009,0
"SI","Slovenia",2010,0
"SI","Slovenia",2011,0
"SI","Slovenia",2012,0
"SI","Slovenia",2013,0
"SB","Solomon Islands",2000,131500000
"SB","Solomon Islands",2001,130220000
"SB","Solomon Islands",2002,66050000
"SB","Solomon Islands",2003,143130000
"SB","Solomon Islands",2004,217250000
"SB","Solomon Islands",2005,314670000
"SB","Solomon Islands",2006,317670000
"SB","Solomon Islands",2007,345030000
"SB","Solomon Islands",2008,300120000
"SB","Solomon Islands",2009,291640000
"SB","Solomon Islands",2010,387920000
"SB","Solomon Islands",2011,332240000
"SB","Solomon Islands",2012,304990000
"SB","Solomon Islands",2013,304310000
"SO","Somalia",2000,182010000
"SO","Somalia",2001,254580000
"SO","Somalia",2002,246080000
"SO","Somalia",2003,253090000
"SO","Somalia",2004,256480000
"SO","Somalia",2005,290600000
"SO","Somalia",2006,450480000
"SO","Somalia",2007,417660000
"SO","Somalia",2008,773390000
"SO","Somalia",2009,689610000
"SO","Somalia",2010,516110000
"SO","Somalia",2011,1071290000
"SO","Somalia",2012,998620000
"SO","Somalia",2013,988230000
"south-central-asia","South & Central Asia, regional",2000,202820000
"south-central-asia","South & Central Asia, regional",2001,76980000
"south-central-asia","South & Central Asia, regional",2002,175590000
"south-central-asia","South & Central Asia, regional",2003,403820000
"south-central-asia","South & Central Asia, regional",2004,501290000
"south-central-asia","South & Central Asia, regional",2005,558820000
"south-central-asia","South & Central Asia, regional",2006,181030000
"south-central-asia","South & Central Asia, regional",2007,204940000
"south-central-asia","South & Central Asia, regional",2008,212330000
"south-central-asia","South & Central Asia, regional",2009,256360000
"south-central-asia","South & Central Asia, regional",2010,236450000
"south-central-asia","South & Central Asia, regional",2011,204410000
"south-central-asia","South & Central Asia, regional",2012,318670000
"south-central-asia","South & Central Asia, regional",2013,133590000
"ZA","South Africa",2000,779320000
"ZA","South Africa",2001,697700000
"ZA","South Africa",2002,792990000
"ZA","South Africa",2003,861870000
"ZA","South Africa",2004,749330000
"ZA","South Africa",2005,803330000
"ZA","South Africa",2006,814610000
"ZA","South Africa",2007,845400000
"ZA","South Africa",2008,1117590000
"ZA","South Africa",2009,1111630000
"ZA","South Africa",2010,1062210000
"ZA","South Africa",2011,1369630000
"ZA","South Africa",2012,1067160000
"ZA","South Africa",2013,1260390000
"south-america","South America, regional",2000,504640000
"south-america","South America, regional",2001,149440000
"south-america","South America, regional",2002,68850000
"south-america","South America, regional",2003,113760000
"south-america","South America, regional",2004,544290000
"south-america","South America, regional",2005,117740000
"south-america","South America, regional",2006,125200000
"south-america","South America, regional",2007,195840000
"south-america","South America, regional",2008,262680000
"south-america","South America, regional",2009,207750000
"south-america","South America, regional",2010,281440000
"south-america","South America, regional",2011,270050000
"south-america","South America, regional",2012,395590000
"south-america","South America, regional",2013,258990000
"south-asia","South Asia, regional",2000,0
"south-asia","South Asia, regional",2001,0
"south-asia","South Asia, regional",2002,0
"south-asia","South Asia, regional",2003,0
"south-asia","South Asia, regional",2004,0
"south-asia","South Asia, regional",2005,540000
"south-asia","South Asia, regional",2006,96210000
"south-asia","South Asia, regional",2007,110300000
"south-asia","South Asia, regional",2008,157060000
"south-asia","South Asia, regional",2009,151300000
"south-asia","South Asia, regional",2010,102760000
"south-asia","South Asia, regional",2011,100250000
"south-asia","South Asia, regional",2012,130210000
"south-asia","South Asia, regional",2013,67300000
"south-of-sahara","South of Sahara, regional",2000,564800000
"south-of-sahara","South of Sahara, regional",2001,1046880000
"south-of-sahara","South of Sahara, regional",2002,1343030000
"south-of-sahara","South of Sahara, regional",2003,1772330000
"south-of-sahara","South of Sahara, regional",2004,1735520000
"south-of-sahara","South of Sahara, regional",2005,1548270000
"south-of-sahara","South of Sahara, regional",2006,1821370000
"south-of-sahara","South of Sahara, regional",2007,1815250000
"south-of-sahara","South of Sahara, regional",2008,2830900000
"south-of-sahara","South of Sahara, regional",2009,2615050000
"south-of-sahara","South of Sahara, regional",2010,2515120000
"south-of-sahara","South of Sahara, regional",2011,2488390000
"south-of-sahara","South of Sahara, regional",2012,2987800000
"south-of-sahara","South of Sahara, regional",2013,2215300000
"SS","South Sudan",2000,0
"SS","South Sudan",2001,0
"SS","South Sudan",2002,0
"SS","South Sudan",2003,0
"SS","South Sudan",2004,0
"SS","South Sudan",2005,0
"SS","South Sudan",2006,0
"SS","South Sudan",2007,0
"SS","South Sudan",2008,0
"SS","South Sudan",2009,0
"SS","South Sudan",2010,0
"SS","South Sudan",2011,1092600000
"SS","South Sudan",2012,1.578e+09
"SS","South Sudan",2013,1442810000
"LK","Sri Lanka",2000,385480000
"LK","Sri Lanka",2001,519490000
"LK","Sri Lanka",2002,532380000
"LK","Sri Lanka",2003,910320000
"LK","Sri Lanka",2004,642980000
"LK","Sri Lanka",2005,1445120000
"LK","Sri Lanka",2006,963360000
"LK","Sri Lanka",2007,672960000
"LK","Sri Lanka",2008,763580000
"LK","Sri Lanka",2009,766430000
"LK","Sri Lanka",2010,615920000
"LK","Sri Lanka",2011,596670000
"LK","Sri Lanka",2012,487510000
"LK","Sri Lanka",2013,442550000
"ex-yugoslavia","States Ex-Yugoslavia unspecified",2000,521210000
"ex-yugoslavia","States Ex-Yugoslavia unspecified",2001,252640000
"ex-yugoslavia","States Ex-Yugoslavia unspecified",2002,1419850000
"ex-yugoslavia","States Ex-Yugoslavia unspecified",2003,167170000
"ex-yugoslavia","States Ex-Yugoslavia unspecified",2004,129090000
"ex-yugoslavia","States Ex-Yugoslavia unspecified",2005,81930000
"ex-yugoslavia","States Ex-Yugoslavia unspecified",2006,163980000
"ex-yugoslavia","States Ex-Yugoslavia unspecified",2007,55830000
"ex-yugoslavia","States Ex-Yugoslavia unspecified",2008,47050000
"ex-yugoslavia","States Ex-Yugoslavia unspecified",2009,16770000
"ex-yugoslavia","States Ex-Yugoslavia unspecified",2010,17580000
"ex-yugoslavia","States Ex-Yugoslavia unspecified",2011,15500000
"ex-yugoslavia","States Ex-Yugoslavia unspecified",2012,3750000
"ex-yugoslavia","States Ex-Yugoslavia unspecified",2013,4010000
"SD","Sudan",2000,369960000
"SD","Sudan",2001,323280000
"SD","Sudan",2002,453280000
"SD","Sudan",2003,817140000
"SD","Sudan",2004,1210020000
"SD","Sudan",2005,2136600000
"SD","Sudan",2006,2331950000
"SD","Sudan",2007,2245930000
"SD","Sudan",2008,2621040000
"SD","Sudan",2009,2489720000
"SD","Sudan",2010,2142410000
"SD","Sudan",2011,1068150000
"SD","Sudan",2012,975100000
"SD","Sudan",2013,1163530000
"SR","Suriname",2000,53370000
"SR","Suriname",2001,38910000
"SR","Suriname",2002,18660000
"SR","Suriname",2003,14470000
"SR","Suriname",2004,28360000
"SR","Suriname",2005,50660000
"SR","Suriname",2006,71920000
"SR","Suriname",2007,150800000
"SR","Suriname",2008,95330000
"SR","Suriname",2009,150930000
"SR","Suriname",2010,104370000
"SR","Suriname",2011,85670000
"SR","Suriname",2012,39600000
"SR","Suriname",2013,28720000
"SZ","Swaziland",2000,19770000
"SZ","Swaziland",2001,48210000
"SZ","Swaziland",2002,34880000
"SZ","Swaziland",2003,53310000
"SZ","Swaziland",2004,30070000
"SZ","Swaziland",2005,59570000
"SZ","Swaziland",2006,42370000
"SZ","Swaziland",2007,55760000
"SZ","Swaziland",2008,71040000
"SZ","Swaziland",2009,58280000
"SZ","Swaziland",2010,94430000
"SZ","Swaziland",2011,122990000
"SZ","Swaziland",2012,88150000
"SZ","Swaziland",2013,113720000
"SY","Syria",2000,224940000
"SY","Syria",2001,256140000
"SY","Syria",2002,97010000
"SY","Syria",2003,162850000
"SY","Syria",2004,124920000
"SY","Syria",2005,78060000
"SY","Syria",2006,12890000
"SY","Syria",2007,69550000
"SY","Syria",2008,136190000
"SY","Syria",2009,202160000
"SY","Syria",2010,132260000
"SY","Syria",2011,326390000
"SY","Syria",2012,1671520000
"SY","Syria",2013,3581480000
"TJ","Tajikistan",2000,188520000
"TJ","Tajikistan",2001,255920000
"TJ","Tajikistan",2002,234760000
"TJ","Tajikistan",2003,195850000
"TJ","Tajikistan",2004,313220000
"TJ","Tajikistan",2005,299090000
"TJ","Tajikistan",2006,2.8e+08
"TJ","Tajikistan",2007,241210000
"TJ","Tajikistan",2008,294180000
"TJ","Tajikistan",2009,426230000
"TJ","Tajikistan",2010,453360000
"TJ","Tajikistan",2011,339850000
"TJ","Tajikistan",2012,393900000
"TJ","Tajikistan",2013,3.84e+08
"TZ","Tanzania",2000,1631190000
"TZ","Tanzania",2001,2002890000
"TZ","Tanzania",2002,1991510000
"TZ","Tanzania",2003,2297860000
"TZ","Tanzania",2004,2141570000
"TZ","Tanzania",2005,1765130000
"TZ","Tanzania",2006,2160580000
"TZ","Tanzania",2007,3192870000
"TZ","Tanzania",2008,2347700000
"TZ","Tanzania",2009,3099760000
"TZ","Tanzania",2010,3079490000
"TZ","Tanzania",2011,2397830000
"TZ","Tanzania",2012,2831880000
"TZ","Tanzania",2013,3437760000
"TH","Thailand",2000,842850000
"TH","Thailand",2001,403230000
"TH","Thailand",2002,418150000
"TH","Thailand",2003,-1210020000
"TH","Thailand",2004,65700000
"TH","Thailand",2005,-215500000
"TH","Thailand",2006,-341300000
"TH","Thailand",2007,-480200000
"TH","Thailand",2008,-784340000
"TH","Thailand",2009,-89480000
"TH","Thailand",2010,-14260000
"TH","Thailand",2011,-150740000
"TH","Thailand",2012,-134790000
"TH","Thailand",2013,-70500000
"TL","Timor-Leste",2000,461400000
"TL","Timor-Leste",2001,377150000
"TL","Timor-Leste",2002,384010000
"TL","Timor-Leste",2003,259430000
"TL","Timor-Leste",2004,219690000
"TL","Timor-Leste",2005,241720000
"TL","Timor-Leste",2006,267110000
"TL","Timor-Leste",2007,324170000
"TL","Timor-Leste",2008,306670000
"TL","Timor-Leste",2009,248490000
"TL","Timor-Leste",2010,316950000
"TL","Timor-Leste",2011,274070000
"TL","Timor-Leste",2012,283060000
"TL","Timor-Leste",2013,266670000
"TG","Togo",2000,110280000
"TG","Togo",2001,74990000
"TG","Togo",2002,79360000
"TG","Togo",2003,65620000
"TG","Togo",2004,79100000
"TG","Togo",2005,96990000
"TG","Togo",2006,90890000
"TG","Togo",2007,125930000
"TG","Togo",2008,318690000
"TG","Togo",2009,527950000
"TG","Togo",2010,410140000
"TG","Togo",2011,517880000
"TG","Togo",2012,241460000
"TG","Togo",2013,222020000
"TK","Tokelau",2000,8320000
"TK","Tokelau",2001,9580000
"TK","Tokelau",2002,10520000
"TK","Tokelau",2003,11190000
"TK","Tokelau",2004,12650000
"TK","Tokelau",2005,21890000
"TK","Tokelau",2006,16540000
"TK","Tokelau",2007,15680000
"TK","Tokelau",2008,26690000
"TK","Tokelau",2009,13480000
"TK","Tokelau",2010,16690000
"TK","Tokelau",2011,20330000
"TK","Tokelau",2012,18740000
"TK","Tokelau",2013,23270000
"TO","Tonga",2000,35220000
"TO","Tonga",2001,39040000
"TO","Tonga",2002,44660000
"TO","Tonga",2003,43700000
"TO","Tonga",2004,29630000
"TO","Tonga",2005,44360000
"TO","Tonga",2006,31250000
"TO","Tonga",2007,40200000
"TO","Tonga",2008,32430000
"TO","Tonga",2009,49880000
"TO","Tonga",2010,77660000
"TO","Tonga",2011,92780000
"TO","Tonga",2012,78260000
"TO","Tonga",2013,82830000
"TT","Trinidad & Tobago",2000,-4270000
"TT","Trinidad & Tobago",2001,-4670000
"TT","Trinidad & Tobago",2002,-14190000
"TT","Trinidad & Tobago",2003,-3420000
"TT","Trinidad & Tobago",2004,-1570000
"TT","Trinidad & Tobago",2005,-1530000
"TT","Trinidad & Tobago",2006,16020000
"TT","Trinidad & Tobago",2007,21330000
"TT","Trinidad & Tobago",2008,8920000
"TT","Trinidad & Tobago",2009,7290000
"TT","Trinidad & Tobago",2010,4550000
"TT","Trinidad & Tobago",2011,0
"TT","Trinidad & Tobago",2012,0
"TT","Trinidad & Tobago",2013,0
"TN","Tunisia",2000,348480000
"TN","Tunisia",2001,607740000
"TN","Tunisia",2002,351900000
"TN","Tunisia",2003,396580000
"TN","Tunisia",2004,419650000
"TN","Tunisia",2005,421760000
"TN","Tunisia",2006,485960000
"TN","Tunisia",2007,328080000
"TN","Tunisia",2008,368640000
"TN","Tunisia",2009,485080000
"TN","Tunisia",2010,551510000
"TN","Tunisia",2011,864820000
"TN","Tunisia",2012,1.017e+09
"TN","Tunisia",2013,675090000
"TR","Turkey",2000,506930000
"TR","Turkey",2001,276280000
"TR","Turkey",2002,407420000
"TR","Turkey",2003,227180000
"TR","Turkey",2004,336450000
"TR","Turkey",2005,450170000
"TR","Turkey",2006,647290000
"TR","Turkey",2007,823970000
"TR","Turkey",2008,1123600000
"TR","Turkey",2009,1338040000
"TR","Turkey",2010,1084290000
"TR","Turkey",2011,2990610000
"TR","Turkey",2012,3033120000
"TR","Turkey",2013,2609830000
"TM","Turkmenistan",2000,52720000
"TM","Turkmenistan",2001,111680000
"TM","Turkmenistan",2002,62980000
"TM","Turkmenistan",2003,38320000
"TM","Turkmenistan",2004,69860000
"TM","Turkmenistan",2005,36530000
"TM","Turkmenistan",2006,48180000
"TM","Turkmenistan",2007,29620000
"TM","Turkmenistan",2008,16700000
"TM","Turkmenistan",2009,41400000
"TM","Turkmenistan",2010,44880000
"TM","Turkmenistan",2011,38210000
"TM","Turkmenistan",2012,38020000
"TM","Turkmenistan",2013,36600000
"TC","Turks & Caicos Islands",2000,9500000
"TC","Turks & Caicos Islands",2001,9910000
"TC","Turks & Caicos Islands",2002,5860000
"TC","Turks & Caicos Islands",2003,2810000
"TC","Turks & Caicos Islands",2004,3620000
"TC","Turks & Caicos Islands",2005,6090000
"TC","Turks & Caicos Islands",2006,-480000
"TC","Turks & Caicos Islands",2007,15740000
"TC","Turks & Caicos Islands",2008,0
"TC","Turks & Caicos Islands",2009,0
"TC","Turks & Caicos Islands",2010,0
"TC","Turks & Caicos Islands",2011,0
"TC","Turks & Caicos Islands",2012,0
"TC","Turks & Caicos Islands",2013,0
"TV","Tuvalu",2000,8860000
"TV","Tuvalu",2001,16650000
"TV","Tuvalu",2002,19830000
"TV","Tuvalu",2003,10360000
"TV","Tuvalu",2004,11970000
"TV","Tuvalu",2005,12780000
"TV","Tuvalu",2006,21210000
"TV","Tuvalu",2007,15040000
"TV","Tuvalu",2008,20070000
"TV","Tuvalu",2009,21130000
"TV","Tuvalu",2010,14990000
"TV","Tuvalu",2011,38720000
"TV","Tuvalu",2012,24490000
"TV","Tuvalu",2013,28750000
"UG","Uganda",2000,1337260000
"UG","Uganda",2001,1322560000
"UG","Uganda",2002,1102560000
"UG","Uganda",2003,1311280000
"UG","Uganda",2004,1459940000
"UG","Uganda",2005,1400380000
"UG","Uganda",2006,1788690000
"UG","Uganda",2007,1821950000
"UG","Uganda",2008,1644380000
"UG","Uganda",2009,1863780000
"UG","Uganda",2010,1789570000
"UG","Uganda",2011,1546400000
"UG","Uganda",2012,1655180000
"UG","Uganda",2013,1682210000
"UA","Ukraine",2000,0
"UA","Ukraine",2001,0
"UA","Ukraine",2002,0
"UA","Ukraine",2003,0
"UA","Ukraine",2004,0
"UA","Ukraine",2005,484840000
"UA","Ukraine",2006,550430000
"UA","Ukraine",2007,440530000
"UA","Ukraine",2008,603700000
"UA","Ukraine",2009,681020000
"UA","Ukraine",2010,642670000
"UA","Ukraine",2011,778840000
"UA","Ukraine",2012,769230000
"UA","Ukraine",2013,773560000
"UY","Uruguay",2000,26130000
"UY","Uruguay",2001,23950000
"UY","Uruguay",2002,21380000
"UY","Uruguay",2003,32220000
"UY","Uruguay",2004,35310000
"UY","Uruguay",2005,17450000
"UY","Uruguay",2006,24360000
"UY","Uruguay",2007,39090000
"UY","Uruguay",2008,32140000
"UY","Uruguay",2009,48970000
"UY","Uruguay",2010,47590000
"UY","Uruguay",2011,18620000
"UY","Uruguay",2012,19290000
"UY","Uruguay",2013,34660000
"UZ","Uzbekistan",2000,242110000
"UZ","Uzbekistan",2001,219270000
"UZ","Uzbekistan",2002,264650000
"UZ","Uzbekistan",2003,249740000
"UZ","Uzbekistan",2004,300300000
"UZ","Uzbekistan",2005,205120000
"UZ","Uzbekistan",2006,173160000
"UZ","Uzbekistan",2007,197640000
"UZ","Uzbekistan",2008,197900000
"UZ","Uzbekistan",2009,197910000
"UZ","Uzbekistan",2010,238030000
"UZ","Uzbekistan",2011,198040000
"UZ","Uzbekistan",2012,255250000
"UZ","Uzbekistan",2013,296070000
"VU","Vanuatu",2000,83940000
"VU","Vanuatu",2001,67410000
"VU","Vanuatu",2002,55930000
"VU","Vanuatu",2003,58830000
"VU","Vanuatu",2004,60420000
"VU","Vanuatu",2005,57990000
"VU","Vanuatu",2006,69470000
"VU","Vanuatu",2007,71700000
"VU","Vanuatu",2008,108490000
"VU","Vanuatu",2009,129260000
"VU","Vanuatu",2010,121180000
"VU","Vanuatu",2011,91990000
"VU","Vanuatu",2012,101420000
"VU","Vanuatu",2013,96030000
"VE","Venezuela",2000,128800000
"VE","Venezuela",2001,71560000
"VE","Venezuela",2002,87290000
"VE","Venezuela",2003,107950000
"VE","Venezuela",2004,53760000
"VE","Venezuela",2005,59230000
"VE","Venezuela",2006,71070000
"VE","Venezuela",2007,80340000
"VE","Venezuela",2008,57330000
"VE","Venezuela",2009,66430000
"VE","Venezuela",2010,53500000
"VE","Venezuela",2011,43250000
"VE","Venezuela",2012,48120000
"VE","Venezuela",2013,34780000
"VN","Viet Nam",2000,2324120000
"VN","Viet Nam",2001,2249220000
"VN","Viet Nam",2002,1971210000
"VN","Viet Nam",2003,2387640000
"VN","Viet Nam",2004,2280140000
"VN","Viet Nam",2005,2335550000
"VN","Viet Nam",2006,2252420000
"VN","Viet Nam",2007,2865310000
"VN","Viet Nam",2008,2712020000
"VN","Viet Nam",2009,3998190000
"VN","Viet Nam",2010,3080850000
"VN","Viet Nam",2011,3509660000
"VN","Viet Nam",2012,4115770000
"VN","Viet Nam",2013,4355190000
"WF","Wallis & Futuna",2000,90060000
"WF","Wallis & Futuna",2001,87710000
"WF","Wallis & Futuna",2002,85410000
"WF","Wallis & Futuna",2003,73500000
"WF","Wallis & Futuna",2004,86230000
"WF","Wallis & Futuna",2005,83680000
"WF","Wallis & Futuna",2006,115340000
"WF","Wallis & Futuna",2007,117920000
"WF","Wallis & Futuna",2008,121630000
"WF","Wallis & Futuna",2009,112790000
"WF","Wallis & Futuna",2010,127180000
"WF","Wallis & Futuna",2011,122110000
"WF","Wallis & Futuna",2012,120010000
"WF","Wallis & Futuna",2013,100730000
"west-indies","West Indies, regional",2000,158360000
"west-indies","West Indies, regional",2001,163690000
"west-indies","West Indies, regional",2002,62170000
"west-indies","West Indies, regional",2003,66380000
"west-indies","West Indies, regional",2004,49950000
"west-indies","West Indies, regional",2005,66510000
"west-indies","West Indies, regional",2006,59590000
"west-indies","West Indies, regional",2007,69090000
"west-indies","West Indies, regional",2008,97070000
"west-indies","West Indies, regional",2009,63330000
"west-indies","West Indies, regional",2010,144650000
"west-indies","West Indies, regional",2011,161660000
"west-indies","West Indies, regional",2012,238470000
"west-indies","West Indies, regional",2013,134660000
"YE","Yemen",2000,468020000
"YE","Yemen",2001,584020000
"YE","Yemen",2002,325930000
"YE","Yemen",2003,316560000
"YE","Yemen",2004,314550000
"YE","Yemen",2005,339460000
"YE","Yemen",2006,323650000
"YE","Yemen",2007,249160000
"YE","Yemen",2008,426040000
"YE","Yemen",2009,576010000
"YE","Yemen",2010,6.86e+08
"YE","Yemen",2011,462940000
"YE","Yemen",2012,709380000
"YE","Yemen",2013,995710000
"ZM","Zambia",2000,1246390000
"ZM","Zambia",2001,919540000
"ZM","Zambia",2002,1252700000
"ZM","Zambia",2003,1020770000
"ZM","Zambia",2004,1335560000
"ZM","Zambia",2005,1380480000
"ZM","Zambia",2006,1664190000
"ZM","Zambia",2007,1089910000
"ZM","Zambia",2008,1122710000
"ZM","Zambia",2009,1316350000
"ZM","Zambia",2010,950090000
"ZM","Zambia",2011,1017350000
"ZM","Zambia",2012,957740000
"ZM","Zambia",2013,1139770000
"ZW","Zimbabwe",2000,271460000
"ZW","Zimbabwe",2001,265830000
"ZW","Zimbabwe",2002,298230000
"ZW","Zimbabwe",2003,244170000
"ZW","Zimbabwe",2004,223030000
"ZW","Zimbabwe",2005,439200000
"ZW","Zimbabwe",2006,311870000
"ZW","Zimbabwe",2007,495360000
"ZW","Zimbabwe",2008,626640000
"ZW","Zimbabwe",2009,787150000
"ZW","Zimbabwe",2010,766470000
"ZW","Zimbabwe",2011,701390000
"ZW","Zimbabwe",2012,1001230000
"ZW","Zimbabwe",2013,802800000
