"id-to","entity-to-name","year","value"
"AF","Afghanistan",1994,0
"AF","Afghanistan",1995,0
"AF","Afghanistan",1997,0
"AF","Afghanistan",2001,5724937.53
"AF","Afghanistan",2002,10204497.54
"AF","Afghanistan",2003,3684804.07
"AF","Afghanistan",2004,7407641.11
"AF","Afghanistan",2005,4250440.6
"AF","Afghanistan",2006,7685773.13
"AF","Afghanistan",2007,9631133.58
"AF","Afghanistan",2008,8548816.97
"AF","Afghanistan",2009,16180763
"AF","Afghanistan",2010,13558385.01
"AF","Afghanistan",2011,14054897.44
"AF","Afghanistan",2012,10426501.12
"AF","Afghanistan",2013,4856852.26
"AF","Afghanistan",2014,4486166.47
"AF","Afghanistan",2015,459027.25
"africa","Africa, regional",1994,0
"africa","Africa, regional",1995,0
"africa","Africa, regional",1996,0
"africa","Africa, regional",1997,0
"africa","Africa, regional",1998,0
"africa","Africa, regional",1999,3966784.05
"africa","Africa, regional",2000,14340565.14
"africa","Africa, regional",2001,2882045.54
"africa","Africa, regional",2002,4698879.57
"africa","Africa, regional",2003,17297824.9
"africa","Africa, regional",2004,5772146.76
"africa","Africa, regional",2005,8786741.68
"africa","Africa, regional",2006,7506916.91
"africa","Africa, regional",2007,5830968.88
"africa","Africa, regional",2008,7743518.86
"africa","Africa, regional",2009,8862222.21
"africa","Africa, regional",2010,6092212.69
"africa","Africa, regional",2011,7761955.58
"africa","Africa, regional",2012,4241042.39
"africa","Africa, regional",2013,3036359
"africa","Africa, regional",2014,2555944.49
"africa","Africa, regional",2015,4085442.8
"AL","Albania",1994,0
"AL","Albania",1995,0
"AL","Albania",1996,0
"AL","Albania",1997,0
"AL","Albania",1999,4140443.85
"AL","Albania",2000,1372691.68
"AL","Albania",2003,9057.99
"AL","Albania",2004,391706.19
"AL","Albania",2005,526454.8
"AL","Albania",2006,50940.07
"AL","Albania",2007,1734.87
"AL","Albania",2008,689057.49
"AL","Albania",2009,7686.25
"AL","Albania",2010,47285.64
"AL","Albania",2011,15901.12
"AL","Albania",2012,10226.1
"AL","Albania",2013,363.35
"AL","Albania",2014,3858.86
"AL","Albania",2015,21063.78
"DZ","Algeria",1990,0
"DZ","Algeria",1991,16646996.68
"DZ","Algeria",1992,8046418.64
"DZ","Algeria",1993,0
"DZ","Algeria",1994,0
"DZ","Algeria",1995,0
"DZ","Algeria",1996,8220867.98
"DZ","Algeria",1997,0
"DZ","Algeria",1998,0
"DZ","Algeria",1999,7502859.3
"DZ","Algeria",2000,1708348.29
"DZ","Algeria",2001,18123912.32
"DZ","Algeria",2002,1983175.99
"DZ","Algeria",2003,5627175.15
"DZ","Algeria",2004,9335335.5
"DZ","Algeria",2005,11989455.66
"DZ","Algeria",2006,16125234.9
"DZ","Algeria",2007,14485747.25
"DZ","Algeria",2008,9927659.08
"DZ","Algeria",2009,10582178.51
"DZ","Algeria",2010,11516203.68
"DZ","Algeria",2011,8838012.99
"DZ","Algeria",2012,6432799.54
"DZ","Algeria",2013,8739319.91
"DZ","Algeria",2014,7650717.96
"DZ","Algeria",2015,3000663.8
"america","America, regional",1994,0
"america","America, regional",1995,0
"america","America, regional",1996,0
"america","America, regional",1997,0
"america","America, regional",1998,0
"america","America, regional",1999,1290732.07
"america","America, regional",2000,2162493.62
"america","America, regional",2001,981656.45
"america","America, regional",2002,2906743.04
"america","America, regional",2003,439339.33
"america","America, regional",2004,280366.32
"america","America, regional",2005,204373.21
"america","America, regional",2006,7586.01
"america","America, regional",2007,1812.93
"america","America, regional",2008,305939.43
"america","America, regional",2009,607681.67
"america","America, regional",2010,428151.46
"america","America, regional",2011,572037.46
"america","America, regional",2012,540386.38
"america","America, regional",2013,1636390.72
"america","America, regional",2014,66205.38
"AO","Angola",1979,0
"AO","Angola",1982,0
"AO","Angola",1985,0
"AO","Angola",1989,0
"AO","Angola",1990,0
"AO","Angola",1991,1997636.76
"AO","Angola",1992,0
"AO","Angola",1993,0
"AO","Angola",1994,0
"AO","Angola",1995,0
"AO","Angola",1996,0
"AO","Angola",1997,0
"AO","Angola",1998,0
"AO","Angola",1999,2720464.72
"AO","Angola",2000,1914551.84
"AO","Angola",2001,3830141.12
"AO","Angola",2002,1957064.24
"AO","Angola",2003,3294086.02
"AO","Angola",2004,2612800.57
"AO","Angola",2005,852415.23
"AO","Angola",2006,1224101.06
"AO","Angola",2007,473687.14
"AO","Angola",2008,757871.7
"AO","Angola",2009,619346.22
"AO","Angola",2010,726013.25
"AO","Angola",2011,1318160.3
"AO","Angola",2012,126361.92
"AO","Angola",2013,608564.78
"AO","Angola",2014,278417.17
"AO","Angola",2015,0
"AR","Argentina",1994,0
"AR","Argentina",1995,0
"AR","Argentina",1996,0
"AR","Argentina",1997,0
"AR","Argentina",1998,0
"AR","Argentina",1999,1072299.15
"AR","Argentina",2000,837903.62
"AR","Argentina",2001,699186.37
"AR","Argentina",2002,437041
"AR","Argentina",2003,460500.73
"AR","Argentina",2004,516323.43
"AR","Argentina",2005,363473.45
"AR","Argentina",2006,281895.4
"AR","Argentina",2007,220315.65
"AR","Argentina",2008,265851.4
"AR","Argentina",2009,15538.94
"AR","Argentina",2010,51298.38
"AR","Argentina",2011,32915.31
"AR","Argentina",2012,117913.95
"AR","Argentina",2013,30534.46
"AR","Argentina",2014,20330.05
"AR","Argentina",2015,6915.14
"AM","Armenia",2004,140037.86
"AM","Armenia",2005,305265.46
"AM","Armenia",2006,956797.16
"AM","Armenia",2007,334633.33
"AM","Armenia",2008,546256.5
"AM","Armenia",2009,88009.6
"AM","Armenia",2010,138677.04
"AM","Armenia",2011,309433.98
"AM","Armenia",2012,175511.91
"AM","Armenia",2013,174086.5
"AM","Armenia",2014,199729.05
"AM","Armenia",2015,228637.3
"AW","Aruba",1999,18774.32
"asia","Asia, regional",1994,0
"asia","Asia, regional",1995,0
"asia","Asia, regional",1996,0
"asia","Asia, regional",1997,0
"asia","Asia, regional",1998,0
"asia","Asia, regional",1999,1056775.32
"asia","Asia, regional",2000,1085844.64
"asia","Asia, regional",2001,247511.96
"asia","Asia, regional",2002,265248.83
"asia","Asia, regional",2003,5701723.49
"asia","Asia, regional",2004,1250987.91
"asia","Asia, regional",2005,1275390.98
"asia","Asia, regional",2006,1671919.7
"asia","Asia, regional",2007,1681523.19
"asia","Asia, regional",2008,1350468.76
"asia","Asia, regional",2009,2744081.05
"asia","Asia, regional",2010,2604477.51
"asia","Asia, regional",2011,2499780.59
"asia","Asia, regional",2012,2482650.57
"asia","Asia, regional",2013,2449999.85
"asia","Asia, regional",2014,2246270.85
"asia","Asia, regional",2015,2773.16
"AZ","Azerbaijan",2005,76316.52
"AZ","Azerbaijan",2006,1079994.36
"AZ","Azerbaijan",2007,14414.19
"AZ","Azerbaijan",2008,1441930
"AZ","Azerbaijan",2009,160.38
"AZ","Azerbaijan",2010,77653.1
"AZ","Azerbaijan",2011,380826.05
"AZ","Azerbaijan",2013,2137.51
"BD","Bangladesh",1974,0
"BD","Bangladesh",1975,0
"BD","Bangladesh",1976,0
"BD","Bangladesh",1977,0
"BD","Bangladesh",1978,0
"BD","Bangladesh",1979,0
"BD","Bangladesh",1980,0
"BD","Bangladesh",1982,0
"BD","Bangladesh",1985,0
"BD","Bangladesh",1991,0
"BD","Bangladesh",1992,4023209.32
"BD","Bangladesh",1993,0
"BD","Bangladesh",1994,0
"BD","Bangladesh",1995,0
"BD","Bangladesh",1996,0
"BD","Bangladesh",1997,0
"BD","Bangladesh",1998,0
"BD","Bangladesh",1999,1953968.45
"BD","Bangladesh",2000,1730631.43
"BD","Bangladesh",2001,1819281.42
"BD","Bangladesh",2002,3103262.09
"BD","Bangladesh",2003,4387891.61
"BD","Bangladesh",2004,2930806.02
"BD","Bangladesh",2005,2130392.95
"BD","Bangladesh",2006,1943307.39
"BD","Bangladesh",2007,1760621.4
"BD","Bangladesh",2008,3189659.31
"BD","Bangladesh",2009,1518834.78
"BD","Bangladesh",2010,1455659.44
"BD","Bangladesh",2011,1521981.73
"BD","Bangladesh",2012,1503158.21
"BD","Bangladesh",2013,1609406.52
"BD","Bangladesh",2014,1403129.46
"BD","Bangladesh",2015,1376352.6
"BY","Belarus",2005,10348
"BY","Belarus",2006,12643.34
"BY","Belarus",2007,134291
"BY","Belarus",2008,72056.63
"BY","Belarus",2009,22936.09
"BY","Belarus",2010,103464.51
"BY","Belarus",2011,123384.12
"BY","Belarus",2012,50961.31
"BY","Belarus",2013,4561
"BY","Belarus",2014,3359.94
"BY","Belarus",2015,2218.52
"BZ","Belize",2013,224.29
"BJ","Benin",1983,0
"BJ","Benin",1986,0
"BJ","Benin",1989,0
"BJ","Benin",1991,0
"BJ","Benin",1992,0
"BJ","Benin",1993,5614936.82
"BJ","Benin",1994,0
"BJ","Benin",1995,0
"BJ","Benin",1996,0
"BJ","Benin",1997,0
"BJ","Benin",1998,0
"BJ","Benin",1999,5825438.61
"BJ","Benin",2000,6994674.2
"BJ","Benin",2001,5326397.74
"BJ","Benin",2002,14456711.7
"BJ","Benin",2003,12602874.96
"BJ","Benin",2004,14532447.06
"BJ","Benin",2005,12975099.07
"BJ","Benin",2006,14589598.5
"BJ","Benin",2007,13721122.99
"BJ","Benin",2008,18707984.16
"BJ","Benin",2009,22393190.99
"BJ","Benin",2010,26140683.33
"BJ","Benin",2011,24444780.1
"BJ","Benin",2012,22847361.91
"BJ","Benin",2013,20614219.67
"BJ","Benin",2014,17833396.86
"BJ","Benin",2015,19642537.98
"BT","Bhutan",1995,0
"BT","Bhutan",2005,5173.99
"BT","Bhutan",2006,5057.34
"bilateral-unspecified","Bilateral, unspecified",1994,0
"bilateral-unspecified","Bilateral, unspecified",1995,0
"bilateral-unspecified","Bilateral, unspecified",1996,0
"bilateral-unspecified","Bilateral, unspecified",1997,0
"bilateral-unspecified","Bilateral, unspecified",1998,0
"bilateral-unspecified","Bilateral, unspecified",1999,214721739.12
"bilateral-unspecified","Bilateral, unspecified",2000,220828594.28
"bilateral-unspecified","Bilateral, unspecified",2001,249118550.55
"bilateral-unspecified","Bilateral, unspecified",2002,295812207.67
"bilateral-unspecified","Bilateral, unspecified",2003,374284025.08
"bilateral-unspecified","Bilateral, unspecified",2004,244323584.44
"bilateral-unspecified","Bilateral, unspecified",2005,257877250.86
"bilateral-unspecified","Bilateral, unspecified",2006,318042254.46
"bilateral-unspecified","Bilateral, unspecified",2007,382246835.71
"bilateral-unspecified","Bilateral, unspecified",2008,379738165.7
"bilateral-unspecified","Bilateral, unspecified",2009,523844624.91
"bilateral-unspecified","Bilateral, unspecified",2010,499699037.96
"bilateral-unspecified","Bilateral, unspecified",2011,540583140.21
"bilateral-unspecified","Bilateral, unspecified",2012,427342452.96
"bilateral-unspecified","Bilateral, unspecified",2013,472841793.89
"bilateral-unspecified","Bilateral, unspecified",2014,520936748.74
"bilateral-unspecified","Bilateral, unspecified",2015,556712254.65
"BO","Bolivia",1977,0
"BO","Bolivia",1978,0
"BO","Bolivia",1979,0
"BO","Bolivia",1981,0
"BO","Bolivia",1982,0
"BO","Bolivia",1983,0
"BO","Bolivia",1991,0
"BO","Bolivia",1992,16816443.06
"BO","Bolivia",1993,0
"BO","Bolivia",1994,0
"BO","Bolivia",1995,0
"BO","Bolivia",1996,0
"BO","Bolivia",1997,0
"BO","Bolivia",1998,0
"BO","Bolivia",1999,17186398.7
"BO","Bolivia",2000,13460938.74
"BO","Bolivia",2001,9598421.9
"BO","Bolivia",2002,27967904.36
"BO","Bolivia",2003,16991370
"BO","Bolivia",2004,18430079.39
"BO","Bolivia",2005,10789085.76
"BO","Bolivia",2006,10555226.99
"BO","Bolivia",2007,13479639.2
"BO","Bolivia",2008,15004952.77
"BO","Bolivia",2009,21479274.2
"BO","Bolivia",2010,21056059.41
"BO","Bolivia",2011,20350029.29
"BO","Bolivia",2012,14971762.71
"BO","Bolivia",2013,11170008.56
"BO","Bolivia",2014,15654141.81
"BO","Bolivia",2015,14293474.29
"BA","Bosnia & Herzegovina",1995,0
"BA","Bosnia & Herzegovina",1996,0
"BA","Bosnia & Herzegovina",1997,3691955.84
"BA","Bosnia & Herzegovina",1998,3629287.32
"BA","Bosnia & Herzegovina",1999,7837542.41
"BA","Bosnia & Herzegovina",2000,1982108.67
"BA","Bosnia & Herzegovina",2001,5951471.87
"BA","Bosnia & Herzegovina",2002,2745938.15
"BA","Bosnia & Herzegovina",2003,787410.66
"BA","Bosnia & Herzegovina",2004,963612.83
"BA","Bosnia & Herzegovina",2005,1601352.2
"BA","Bosnia & Herzegovina",2006,286156.06
"BA","Bosnia & Herzegovina",2007,425367.6
"BA","Bosnia & Herzegovina",2008,1452444.02
"BA","Bosnia & Herzegovina",2009,188289.4
"BA","Bosnia & Herzegovina",2010,212148.23
"BA","Bosnia & Herzegovina",2011,209998.77
"BA","Bosnia & Herzegovina",2012,340.87
"BA","Bosnia & Herzegovina",2013,16939.71
"BA","Bosnia & Herzegovina",2014,131151.12
"BA","Bosnia & Herzegovina",2015,20439.25
"BW","Botswana",1986,0
"BW","Botswana",1991,0
"BW","Botswana",1992,0
"BW","Botswana",1993,0
"BW","Botswana",1994,0
"BW","Botswana",1995,0
"BW","Botswana",1996,0
"BW","Botswana",1997,0
"BW","Botswana",1998,0
"BW","Botswana",1999,406896.43
"BW","Botswana",2000,408518.01
"BW","Botswana",2001,636258.93
"BW","Botswana",2002,581347.67
"BW","Botswana",2003,379330.15
"BW","Botswana",2004,153526.76
"BW","Botswana",2005,0
"BW","Botswana",2006,16183.5
"BW","Botswana",2007,152839.1
"BW","Botswana",2008,247760.71
"BW","Botswana",2009,314231.5
"BW","Botswana",2010,251097.12
"BW","Botswana",2011,100466.4
"BW","Botswana",2012,0
"BW","Botswana",2013,0
"BW","Botswana",2014,0
"BW","Botswana",2015,0
"BR","Brazil",1994,0
"BR","Brazil",1995,0
"BR","Brazil",1996,0
"BR","Brazil",1997,0
"BR","Brazil",1998,0
"BR","Brazil",1999,5026090.51
"BR","Brazil",2000,7241199.49
"BR","Brazil",2001,4111214.07
"BR","Brazil",2002,3915504.25
"BR","Brazil",2003,4543844.19
"BR","Brazil",2004,5087175.27
"BR","Brazil",2005,4657891.13
"BR","Brazil",2006,4417531.01
"BR","Brazil",2007,4469983.34
"BR","Brazil",2008,3396346.64
"BR","Brazil",2009,3616274.66
"BR","Brazil",2010,3539041.9
"BR","Brazil",2011,3719144.87
"BR","Brazil",2012,3297510.65
"BR","Brazil",2013,4015144.43
"BR","Brazil",2014,2414170.11
"BR","Brazil",2015,2420044.81
"BF","Burkina Faso",1994,0
"BF","Burkina Faso",1995,0
"BF","Burkina Faso",1996,0
"BF","Burkina Faso",1997,0
"BF","Burkina Faso",1998,0
"BF","Burkina Faso",1999,10803874.77
"BF","Burkina Faso",2000,13867691.77
"BF","Burkina Faso",2001,12502852.5
"BF","Burkina Faso",2002,15960251.01
"BF","Burkina Faso",2003,23340951.1
"BF","Burkina Faso",2004,18885228.83
"BF","Burkina Faso",2005,13354089.97
"BF","Burkina Faso",2006,16950499.88
"BF","Burkina Faso",2007,13027546.77
"BF","Burkina Faso",2008,10933058.47
"BF","Burkina Faso",2009,12147260.13
"BF","Burkina Faso",2010,14370272.1
"BF","Burkina Faso",2011,9736440.62
"BF","Burkina Faso",2012,8663378.48
"BF","Burkina Faso",2013,12113144.84
"BF","Burkina Faso",2014,8868125.55
"BF","Burkina Faso",2015,10652613.5
"BI","Burundi",1973,0
"BI","Burundi",1982,0
"BI","Burundi",1984,0
"BI","Burundi",1985,0
"BI","Burundi",1986,0
"BI","Burundi",1987,0
"BI","Burundi",1991,0
"BI","Burundi",1994,0
"BI","Burundi",1995,0
"BI","Burundi",1996,0
"BI","Burundi",1997,0
"BI","Burundi",1998,0
"BI","Burundi",1999,4876616.49
"BI","Burundi",2000,8599397.39
"BI","Burundi",2001,11589698.63
"BI","Burundi",2002,24332769.45
"BI","Burundi",2003,18940997.74
"BI","Burundi",2004,27516850.35
"BI","Burundi",2005,22456458.6
"BI","Burundi",2006,34352355.75
"BI","Burundi",2007,24609710.85
"BI","Burundi",2008,49746241.15
"BI","Burundi",2009,45944693.48
"BI","Burundi",2010,53249623.32
"BI","Burundi",2011,53988816.42
"BI","Burundi",2012,50373176.21
"BI","Burundi",2013,55623860.44
"BI","Burundi",2014,52384607.51
"BI","Burundi",2015,49135282.59
"CI","Côte d'Ivoire",1976,0
"CI","Côte d'Ivoire",1977,0
"CI","Côte d'Ivoire",1979,0
"CI","Côte d'Ivoire",1980,0
"CI","Côte d'Ivoire",1982,0
"CI","Côte d'Ivoire",1991,0
"CI","Côte d'Ivoire",1992,0
"CI","Côte d'Ivoire",1993,0
"CI","Côte d'Ivoire",1994,0
"CI","Côte d'Ivoire",1995,0
"CI","Côte d'Ivoire",1996,0
"CI","Côte d'Ivoire",1997,0
"CI","Côte d'Ivoire",1998,0
"CI","Côte d'Ivoire",1999,5777422.03
"CI","Côte d'Ivoire",2000,21315096.65
"CI","Côte d'Ivoire",2001,3005101.91
"CI","Côte d'Ivoire",2002,64616128.59
"CI","Côte d'Ivoire",2003,5486751.73
"CI","Côte d'Ivoire",2004,8986816.57
"CI","Côte d'Ivoire",2005,4731626.33
"CI","Côte d'Ivoire",2006,5049067.97
"CI","Côte d'Ivoire",2007,5931784.67
"CI","Côte d'Ivoire",2008,4373578.24
"CI","Côte d'Ivoire",2009,32930026.03
"CI","Côte d'Ivoire",2010,9039251.73
"CI","Côte d'Ivoire",2011,2492681.23
"CI","Côte d'Ivoire",2012,241892892.41
"CI","Côte d'Ivoire",2013,1645484.2
"CI","Côte d'Ivoire",2014,499133.5
"CI","Côte d'Ivoire",2015,400128.76
"KH","Cambodia",1994,0
"KH","Cambodia",1995,0
"KH","Cambodia",1996,0
"KH","Cambodia",1997,0
"KH","Cambodia",1998,0
"KH","Cambodia",1999,4519547.21
"KH","Cambodia",2000,4607233.66
"KH","Cambodia",2001,5042526.5
"KH","Cambodia",2002,4575187.32
"KH","Cambodia",2003,6360132.21
"KH","Cambodia",2004,6067676.33
"KH","Cambodia",2005,11869144.66
"KH","Cambodia",2006,12044380.46
"KH","Cambodia",2007,9389275.12
"KH","Cambodia",2008,13812239.11
"KH","Cambodia",2009,8003093.21
"KH","Cambodia",2010,12287758.15
"KH","Cambodia",2011,6391960.2
"KH","Cambodia",2012,4747361.19
"KH","Cambodia",2013,3399873.67
"KH","Cambodia",2014,4070297.34
"KH","Cambodia",2015,3847487.88
"CM","Cameroon",1982,0
"CM","Cameroon",1984,0
"CM","Cameroon",1986,0
"CM","Cameroon",1988,0
"CM","Cameroon",1989,0
"CM","Cameroon",1991,0
"CM","Cameroon",1992,0
"CM","Cameroon",1993,0
"CM","Cameroon",1994,0
"CM","Cameroon",1995,0
"CM","Cameroon",1996,0
"CM","Cameroon",1997,0
"CM","Cameroon",1998,0
"CM","Cameroon",1999,17944602.16
"CM","Cameroon",2000,13146495.72
"CM","Cameroon",2001,47417983.9
"CM","Cameroon",2002,80841629.42
"CM","Cameroon",2003,32304950.72
"CM","Cameroon",2004,24024162.84
"CM","Cameroon",2005,3883086.16
"CM","Cameroon",2006,70090204.36
"CM","Cameroon",2007,79442539.88
"CM","Cameroon",2008,3092370.85
"CM","Cameroon",2009,20749032.74
"CM","Cameroon",2010,3950625.24
"CM","Cameroon",2011,3860565.79
"CM","Cameroon",2012,2083583.03
"CM","Cameroon",2013,4090436.92
"CM","Cameroon",2014,8027371.58
"CM","Cameroon",2015,3403080.26
"CV","Cape Verde",1994,0
"CV","Cape Verde",1995,0
"CV","Cape Verde",1996,0
"CV","Cape Verde",1997,0
"CV","Cape Verde",1998,0
"CV","Cape Verde",1999,384150.07
"CV","Cape Verde",2000,2052846.83
"CV","Cape Verde",2001,218146.14
"CV","Cape Verde",2002,854840.95
"CV","Cape Verde",2003,777624.61
"CV","Cape Verde",2004,758918.93
"CV","Cape Verde",2005,1161562.39
"CV","Cape Verde",2006,167827.75
"CV","Cape Verde",2007,65382.76
"CV","Cape Verde",2008,363465.82
"CV","Cape Verde",2009,332668.63
"CV","Cape Verde",2010,348277.83
"CV","Cape Verde",2011,265476.26
"CV","Cape Verde",2012,218072.24
"CV","Cape Verde",2013,262134.23
"CV","Cape Verde",2014,1796.35
"CV","Cape Verde",2015,1870.22
"CF","CAR",1994,0
"CF","CAR",1995,0
"CF","CAR",1996,0
"CF","CAR",1997,0
"CF","CAR",1998,0
"CF","CAR",1999,1209857.59
"CF","CAR",2000,261027.09
"CF","CAR",2001,11186.98
"CF","CAR",2002,574475.07
"CF","CAR",2003,51598.1
"CF","CAR",2004,26621.51
"CF","CAR",2005,102186.48
"CF","CAR",2006,219324.14
"CF","CAR",2007,17968.21
"CF","CAR",2008,1975961.55
"CF","CAR",2009,898501.74
"CF","CAR",2010,2309506.34
"CF","CAR",2011,3253962.98
"CF","CAR",2012,1323836.71
"CF","CAR",2013,76098.07
"CF","CAR",2014,5412844.61
"CF","CAR",2015,7254075
"central-asia","Central Asia, regional",2008,30375.5
"central-asia","Central Asia, regional",2009,44617.43
"central-asia","Central Asia, regional",2010,82309.33
"central-asia","Central Asia, regional",2011,63033.98
"central-asia","Central Asia, regional",2012,797949.99
"central-asia","Central Asia, regional",2014,60305.18
"TD","Chad",1994,0
"TD","Chad",1995,0
"TD","Chad",1996,0
"TD","Chad",1997,0
"TD","Chad",1998,0
"TD","Chad",1999,2919764.75
"TD","Chad",2000,3507244.21
"TD","Chad",2001,1980093.87
"TD","Chad",2002,926307.64
"TD","Chad",2003,740733.1
"TD","Chad",2004,1294246.24
"TD","Chad",2005,593716.35
"TD","Chad",2006,46211.36
"TD","Chad",2007,153575.86
"TD","Chad",2008,315905.22
"TD","Chad",2009,1493119.05
"TD","Chad",2010,6559856.46
"TD","Chad",2011,1430002.19
"TD","Chad",2012,1538929.07
"TD","Chad",2013,1690256.07
"TD","Chad",2015,332779
"CL","Chile",1994,0
"CL","Chile",1995,0
"CL","Chile",1996,0
"CL","Chile",1997,0
"CL","Chile",1998,0
"CL","Chile",1999,4318806.02
"CL","Chile",2000,3658624.6
"CL","Chile",2001,2574402.88
"CL","Chile",2002,3310792.4
"CL","Chile",2003,4187420.37
"CL","Chile",2004,2296674.76
"CL","Chile",2005,1967413.15
"CL","Chile",2006,831907.39
"CL","Chile",2007,825657.77
"CL","Chile",2008,846680.28
"CL","Chile",2009,1067142.45
"CL","Chile",2010,931329.97
"CL","Chile",2011,349547.83
"CL","Chile",2012,464338.72
"CL","Chile",2013,188217.85
"CL","Chile",2014,356688.42
"CL","Chile",2015,273782.31
"CN","China",1980,0
"CN","China",1981,0
"CN","China",1982,0
"CN","China",1983,0
"CN","China",1984,0
"CN","China",1985,0
"CN","China",1986,0
"CN","China",1988,0
"CN","China",1990,0
"CN","China",1991,0
"CN","China",1992,18104390.22
"CN","China",1993,9666326.2
"CN","China",1994,0
"CN","China",1995,7483266.42
"CN","China",1996,7453191.72
"CN","China",1997,7383898.49
"CN","China",1998,7258587.8
"CN","China",1999,4678405.62
"CN","China",2000,7018728.69
"CN","China",2001,3456775.74
"CN","China",2002,7010522.95
"CN","China",2003,3377441.53
"CN","China",2004,3590113.19
"CN","China",2005,2342529.28
"CN","China",2006,2618497.4
"CN","China",2007,3128021.6
"CN","China",2008,4104569.09
"CN","China",2009,7183694.52
"CN","China",2010,2670172.51
"CN","China",2011,2094884.48
"CN","China",2012,1782141.25
"CN","China",2013,2463568.2
"CN","China",2014,1224967.65
"CN","China",2015,1407611.23
"CO","Colombia",1973,0
"CO","Colombia",1974,0
"CO","Colombia",1975,0
"CO","Colombia",1977,0
"CO","Colombia",1978,0
"CO","Colombia",1979,0
"CO","Colombia",1991,0
"CO","Colombia",1992,0
"CO","Colombia",1993,0
"CO","Colombia",1994,0
"CO","Colombia",1995,0
"CO","Colombia",1996,0
"CO","Colombia",1997,0
"CO","Colombia",1998,0
"CO","Colombia",1999,2127993.42
"CO","Colombia",2000,2108378.49
"CO","Colombia",2001,1994077.89
"CO","Colombia",2002,2560401.86
"CO","Colombia",2003,2295671.48
"CO","Colombia",2004,3489156.62
"CO","Colombia",2005,2495159.4
"CO","Colombia",2006,4619878.17
"CO","Colombia",2007,2950228.8
"CO","Colombia",2008,6962968.85
"CO","Colombia",2009,3974168.71
"CO","Colombia",2010,5010323.25
"CO","Colombia",2011,4309093.38
"CO","Colombia",2012,2972823.79
"CO","Colombia",2013,2834433.43
"CO","Colombia",2014,2479971.67
"CO","Colombia",2015,2235092.27
"KM","Comoros",1987,0
"KM","Comoros",1989,0
"KM","Comoros",1991,0
"KM","Comoros",1992,0
"KM","Comoros",1993,0
"KM","Comoros",1994,0
"KM","Comoros",1995,0
"KM","Comoros",1996,0
"KM","Comoros",1997,0
"KM","Comoros",1998,0
"KM","Comoros",1999,101453.22
"KM","Comoros",2000,126976.63
"KM","Comoros",2001,78308.85
"KM","Comoros",2003,183181.61
"KM","Comoros",2004,311827.86
"KM","Comoros",2005,301385.13
"KM","Comoros",2006,339423.32
"KM","Comoros",2007,323649.56
"KM","Comoros",2008,137948
"KM","Comoros",2009,136909.32
"KM","Comoros",2010,134783.19
"KM","Comoros",2011,131670.65
"KM","Comoros",2012,197176.68
"KM","Comoros",2013,228257.19
"KM","Comoros",2014,126440.48
"KM","Comoros",2015,126004.34
"CG","Congo",1984,0
"CG","Congo",1986,0
"CG","Congo",1991,0
"CG","Congo",1992,0
"CG","Congo",1993,0
"CG","Congo",1994,0
"CG","Congo",1995,0
"CG","Congo",1996,0
"CG","Congo",1997,218416.24
"CG","Congo",1998,0
"CG","Congo",1999,80512.68
"CG","Congo",2000,15916.29
"CG","Congo",2001,310438.78
"CG","Congo",2002,1881476.75
"CG","Congo",2003,1027905.3
"CG","Congo",2004,1520628.35
"CG","Congo",2005,22148554.89
"CG","Congo",2006,1873196.35
"CG","Congo",2007,283724.02
"CG","Congo",2008,934384.25
"CG","Congo",2009,8673681.76
"CG","Congo",2010,54104993.79
"CG","Congo",2011,172902.76
"CG","Congo",2012,194371.62
"CG","Congo",2013,159716.68
"CG","Congo",2014,8067.41
"CG","Congo",2015,77486.45
"CR","Costa Rica",1994,0
"CR","Costa Rica",1995,0
"CR","Costa Rica",1996,0
"CR","Costa Rica",1997,0
"CR","Costa Rica",1998,0
"CR","Costa Rica",1999,934741.22
"CR","Costa Rica",2000,1022887.05
"CR","Costa Rica",2001,819446.75
"CR","Costa Rica",2002,908440.91
"CR","Costa Rica",2003,530080.03
"CR","Costa Rica",2004,624395.81
"CR","Costa Rica",2005,4241383.75
"CR","Costa Rica",2006,823511.8
"CR","Costa Rica",2007,441705.8
"CR","Costa Rica",2008,170901.06
"CR","Costa Rica",2009,385380.18
"CR","Costa Rica",2010,861528.27
"CR","Costa Rica",2011,77114.28
"CR","Costa Rica",2013,11095.81
"CR","Costa Rica",2014,3661.74
"HR","Croatia",1995,0
"HR","Croatia",1997,0
"HR","Croatia",1998,0
"HR","Croatia",1999,1261848.9
"HR","Croatia",2000,1152692.62
"HR","Croatia",2001,1620712.8
"HR","Croatia",2002,175916.15
"HR","Croatia",2003,195622.92
"HR","Croatia",2004,131031.47
"HR","Croatia",2005,23283.04
"HR","Croatia",2006,1753378.23
"HR","Croatia",2007,454741.69
"HR","Croatia",2008,266922.85
"HR","Croatia",2009,122582.1
"HR","Croatia",2010,56582.42
"CU","Cuba",1979,0
"CU","Cuba",1991,0
"CU","Cuba",1992,0
"CU","Cuba",1993,0
"CU","Cuba",1994,0
"CU","Cuba",1995,0
"CU","Cuba",1996,0
"CU","Cuba",1997,0
"CU","Cuba",1998,0
"CU","Cuba",1999,1166171
"CU","Cuba",2000,2098828.45
"CU","Cuba",2001,3581230.48
"CU","Cuba",2002,6089723.22
"CU","Cuba",2003,3090555.74
"CU","Cuba",2004,3358719.2
"CU","Cuba",2005,3285488.86
"CU","Cuba",2006,3104231.08
"CU","Cuba",2007,2740635.14
"CU","Cuba",2008,5000986.17
"CU","Cuba",2009,3799060.47
"CU","Cuba",2010,3599389.09
"CU","Cuba",2011,3112065.07
"CU","Cuba",2012,2512550.73
"CU","Cuba",2013,2687437.96
"CU","Cuba",2014,2921100.54
"CU","Cuba",2015,3039923.99
"CY","Cyprus",1995,0
"DJ","Djibouti",1993,0
"DJ","Djibouti",1994,401476.32
"DJ","Djibouti",1995,0
"DJ","Djibouti",1996,0
"DJ","Djibouti",1997,0
"DJ","Djibouti",1998,0
"DJ","Djibouti",1999,42603.13
"DJ","Djibouti",2000,0
"DJ","Djibouti",2002,60471.11
"DJ","Djibouti",2003,39305.14
"DJ","Djibouti",2004,10302.13
"DJ","Djibouti",2005,18109.05
"DJ","Djibouti",2006,18130.5
"DJ","Djibouti",2007,2158.67
"DJ","Djibouti",2008,0
"DJ","Djibouti",2009,0
"DJ","Djibouti",2010,0
"DJ","Djibouti",2011,98804.66
"DJ","Djibouti",2012,1136.24
"DJ","Djibouti",2013,0
"DJ","Djibouti",2014,0
"DM","Dominica",1994,0
"DM","Dominica",1995,0
"DM","Dominica",2002,2748.69
"DM","Dominica",2005,258700.21
"DM","Dominica",2008,1657.59
"DM","Dominica",2010,591.49
"DO","Dominican Republic",1991,1789540.41
"DO","Dominican Republic",1992,0
"DO","Dominican Republic",1993,0
"DO","Dominican Republic",1994,0
"DO","Dominican Republic",1995,0
"DO","Dominican Republic",1996,0
"DO","Dominican Republic",1997,0
"DO","Dominican Republic",1998,0
"DO","Dominican Republic",1999,828955.7
"DO","Dominican Republic",2000,602697.48
"DO","Dominican Republic",2001,137040.42
"DO","Dominican Republic",2002,115444.78
"DO","Dominican Republic",2003,253583.47
"DO","Dominican Republic",2004,511165.69
"DO","Dominican Republic",2005,522574.31
"DO","Dominican Republic",2006,1000506.2
"DO","Dominican Republic",2007,974294.87
"DO","Dominican Republic",2008,753257.97
"DO","Dominican Republic",2009,683938.77
"DO","Dominican Republic",2010,964813.07
"DO","Dominican Republic",2011,808614.22
"DO","Dominican Republic",2012,626670.54
"DO","Dominican Republic",2013,799289.77
"DO","Dominican Republic",2014,421661.44
"DO","Dominican Republic",2015,346198.26
"CD","DRC",1973,0
"CD","DRC",1974,0
"CD","DRC",1975,0
"CD","DRC",1976,0
"CD","DRC",1977,0
"CD","DRC",1978,0
"CD","DRC",1979,0
"CD","DRC",1980,0
"CD","DRC",1981,0
"CD","DRC",1982,0
"CD","DRC",1983,0
"CD","DRC",1984,0
"CD","DRC",1986,0
"CD","DRC",1988,0
"CD","DRC",1989,0
"CD","DRC",1991,0
"CD","DRC",1992,0
"CD","DRC",1993,0
"CD","DRC",1994,0
"CD","DRC",1995,0
"CD","DRC",1996,0
"CD","DRC",1997,0
"CD","DRC",1998,0
"CD","DRC",1999,31073589.72
"CD","DRC",2000,39881277.13
"CD","DRC",2001,75214245.04
"CD","DRC",2002,60160501.15
"CD","DRC",2003,936855763.6
"CD","DRC",2004,285260101.68
"CD","DRC",2005,177243038.47
"CD","DRC",2006,231090254.68
"CD","DRC",2007,189889756.86
"CD","DRC",2008,146889425.9
"CD","DRC",2009,153005979.14
"CD","DRC",2010,583060784.73
"CD","DRC",2011,285077854.93
"CD","DRC",2012,115918999.42
"CD","DRC",2013,122355082.92
"CD","DRC",2014,126413707.75
"CD","DRC",2015,89448466.86
"EC","Ecuador",1983,0
"EC","Ecuador",1991,0
"EC","Ecuador",1992,0
"EC","Ecuador",1993,3054558.76
"EC","Ecuador",1994,7575037.86
"EC","Ecuador",1995,0
"EC","Ecuador",1996,2030999.13
"EC","Ecuador",1997,1532163.99
"EC","Ecuador",1998,1772910.15
"EC","Ecuador",1999,8912002.37
"EC","Ecuador",2000,9570996.28
"EC","Ecuador",2001,9609607.12
"EC","Ecuador",2002,11955412.32
"EC","Ecuador",2003,14462061.94
"EC","Ecuador",2004,20933062.24
"EC","Ecuador",2005,16615004.39
"EC","Ecuador",2006,22690106.56
"EC","Ecuador",2007,18125547.39
"EC","Ecuador",2008,15747335.37
"EC","Ecuador",2009,11706181.4
"EC","Ecuador",2010,11524483.29
"EC","Ecuador",2011,11223263.9
"EC","Ecuador",2012,14069162.25
"EC","Ecuador",2013,13512291.81
"EC","Ecuador",2014,16324984.73
"EC","Ecuador",2015,13385541
"EG","Egypt",1977,0
"EG","Egypt",1979,0
"EG","Egypt",1981,0
"EG","Egypt",1983,0
"EG","Egypt",1985,0
"EG","Egypt",1991,0
"EG","Egypt",1992,29412486.15
"EG","Egypt",1993,18523026.42
"EG","Egypt",1994,12955408.62
"EG","Egypt",1995,0
"EG","Egypt",1996,0
"EG","Egypt",1997,0
"EG","Egypt",1998,0
"EG","Egypt",1999,22023.67
"EG","Egypt",2000,10610.86
"EG","Egypt",2001,6991.86
"EG","Egypt",2002,127813.92
"EG","Egypt",2003,22577.57
"EG","Egypt",2004,53137.26
"EG","Egypt",2005,14228.5
"EG","Egypt",2006,76176.15
"EG","Egypt",2007,41542.3
"EG","Egypt",2008,36648.72
"EG","Egypt",2009,17476.11
"EG","Egypt",2010,158558.68
"EG","Egypt",2011,1352337.85
"EG","Egypt",2012,2831458.87
"EG","Egypt",2013,169657.43
"EG","Egypt",2014,800894.84
"EG","Egypt",2015,505598.38
"SV","El Salvador",1987,0
"SV","El Salvador",1991,0
"SV","El Salvador",1992,0
"SV","El Salvador",1993,0
"SV","El Salvador",1994,0
"SV","El Salvador",1995,0
"SV","El Salvador",1996,0
"SV","El Salvador",1997,0
"SV","El Salvador",1998,0
"SV","El Salvador",1999,1204803.9
"SV","El Salvador",2000,1108835.1
"SV","El Salvador",2001,4778237.39
"SV","El Salvador",2002,2123361.48
"SV","El Salvador",2003,1477341.64
"SV","El Salvador",2004,2617759.04
"SV","El Salvador",2005,3601099.88
"SV","El Salvador",2006,1702349.91
"SV","El Salvador",2007,1364584.77
"SV","El Salvador",2008,1499192.42
"SV","El Salvador",2009,1115835.8
"SV","El Salvador",2010,892588.73
"SV","El Salvador",2011,1237089.76
"SV","El Salvador",2012,1077996.14
"SV","El Salvador",2013,1220657.34
"SV","El Salvador",2014,2014707.49
"SV","El Salvador",2015,1821253.64
"GQ","Equatorial Guinea",1994,0
"GQ","Equatorial Guinea",1995,0
"GQ","Equatorial Guinea",1996,0
"GQ","Equatorial Guinea",2011,150858.7
"GQ","Equatorial Guinea",2012,98807.22
"ER","Eritrea",1994,0
"ER","Eritrea",1995,0
"ER","Eritrea",1996,0
"ER","Eritrea",1997,0
"ER","Eritrea",1998,0
"ER","Eritrea",1999,270060.92
"ER","Eritrea",2000,1718960.52
"ER","Eritrea",2001,6329035.93
"ER","Eritrea",2002,8707833.79
"ER","Eritrea",2003,4016096.68
"ER","Eritrea",2004,396744.3
"ER","Eritrea",2005,305265.46
"ER","Eritrea",2006,959908.09
"ER","Eritrea",2007,759745.4
"ER","Eritrea",2008,1673844.19
"ER","Eritrea",2010,1689.97
"ER","Eritrea",2011,90648.82
"ER","Eritrea",2012,87413.99
"ER","Eritrea",2014,1364.25
"ET","Ethiopia",1985,0
"ET","Ethiopia",1988,0
"ET","Ethiopia",1989,0
"ET","Ethiopia",1991,0
"ET","Ethiopia",1992,0
"ET","Ethiopia",1993,0
"ET","Ethiopia",1994,0
"ET","Ethiopia",1995,0
"ET","Ethiopia",1996,0
"ET","Ethiopia",1997,0
"ET","Ethiopia",1998,0
"ET","Ethiopia",1999,3905770.96
"ET","Ethiopia",2000,5892921.95
"ET","Ethiopia",2001,20841346.13
"ET","Ethiopia",2002,6493770.04
"ET","Ethiopia",2003,9521361.67
"ET","Ethiopia",2004,10044359.23
"ET","Ethiopia",2005,4745850.97
"ET","Ethiopia",2006,6643303.41
"ET","Ethiopia",2007,11885279.24
"ET","Ethiopia",2008,7390371.94
"ET","Ethiopia",2009,5456487.06
"ET","Ethiopia",2010,3735529.94
"ET","Ethiopia",2011,7083998.78
"ET","Ethiopia",2012,2880024.69
"ET","Ethiopia",2013,2127557.59
"ET","Ethiopia",2014,2818795.86
"ET","Ethiopia",2015,1781959.92
"europe","Europe, regional",1998,0
"europe","Europe, regional",2003,102791.92
"europe","Europe, regional",2004,2535457.4
"europe","Europe, regional",2005,800676.07
"europe","Europe, regional",2006,65795.98
"europe","Europe, regional",2007,61959.38
"europe","Europe, regional",2008,1456826.29
"europe","Europe, regional",2009,536160.54
"europe","Europe, regional",2010,637013.89
"europe","Europe, regional",2011,2210959.79
"europe","Europe, regional",2012,376257.79
"europe","Europe, regional",2013,739557.13
"europe","Europe, regional",2014,1015653.68
"europe","Europe, regional",2015,321121.9
"east-asia","Far East Asia, regional",1994,0
"east-asia","Far East Asia, regional",1995,0
"east-asia","Far East Asia, regional",1996,0
"east-asia","Far East Asia, regional",1997,0
"east-asia","Far East Asia, regional",1998,0
"east-asia","Far East Asia, regional",1999,276198.73
"east-asia","Far East Asia, regional",2000,169773.75
"east-asia","Far East Asia, regional",2001,47544.68
"east-asia","Far East Asia, regional",2002,38481.54
"east-asia","Far East Asia, regional",2003,122350.1
"east-asia","Far East Asia, regional",2004,693761.31
"east-asia","Far East Asia, regional",2007,8674.31
"east-asia","Far East Asia, regional",2009,13508.39
"east-asia","Far East Asia, regional",2010,9596.17
"east-asia","Far East Asia, regional",2011,50039.45
"east-asia","Far East Asia, regional",2012,123050.67
"east-asia","Far East Asia, regional",2013,156594.81
"GA","Gabon",1982,0
"GA","Gabon",1983,0
"GA","Gabon",1984,0
"GA","Gabon",1985,0
"GA","Gabon",1991,0
"GA","Gabon",1992,0
"GA","Gabon",1993,0
"GA","Gabon",1994,0
"GA","Gabon",1995,0
"GA","Gabon",1996,503611.62
"GA","Gabon",1997,0
"GA","Gabon",1998,0
"GA","Gabon",1999,183049.11
"GA","Gabon",2000,141831.74
"GA","Gabon",2001,332812.5
"GA","Gabon",2002,54973.69
"GA","Gabon",2003,86023.75
"GA","Gabon",2004,70673.5
"GA","Gabon",2005,40098.44
"GA","Gabon",2006,375014.19
"GA","Gabon",2007,45501.39
"GA","Gabon",2008,150773.66
"GA","Gabon",2009,201932.43
"GA","Gabon",2010,164716.88
"GA","Gabon",2011,191926.06
"GA","Gabon",2012,151629.48
"GA","Gabon",2013,161407.65
"GA","Gabon",2014,0
"GA","Gabon",2015,0
"GM","Gambia",1994,0
"GM","Gambia",1995,0
"GM","Gambia",1997,0
"GM","Gambia",1998,0
"GM","Gambia",1999,142251.25
"GM","Gambia",2000,276236.12
"GM","Gambia",2001,328617.4
"GM","Gambia",2002,274868.67
"GM","Gambia",2003,339472.14
"GM","Gambia",2004,285577.05
"GM","Gambia",2005,421681.01
"GM","Gambia",2006,521512.81
"GM","Gambia",2007,1170304.63
"GM","Gambia",2008,448531.46
"GM","Gambia",2009,468579.13
"GM","Gambia",2010,368585.88
"GM","Gambia",2011,276618.21
"GM","Gambia",2012,255348.23
"GM","Gambia",2013,249311.67
"GM","Gambia",2014,230517.34
"GM","Gambia",2015,176154.16
"GE","Georgia",1994,0
"GE","Georgia",1995,0
"GE","Georgia",1999,391371.89
"GE","Georgia",2000,487039.01
"GE","Georgia",2001,437690.53
"GE","Georgia",2002,327094.4
"GE","Georgia",2003,469087.21
"GE","Georgia",2004,601371.79
"GE","Georgia",2005,2510683.75
"GE","Georgia",2006,1541160.13
"GE","Georgia",2007,1371056.8
"GE","Georgia",2008,1676934.38
"GE","Georgia",2009,13218.77
"GE","Georgia",2010,167758.24
"GE","Georgia",2011,87555.4
"GE","Georgia",2012,24997.23
"GE","Georgia",2013,1640.7
"GE","Georgia",2014,334.1
"GH","Ghana",1991,2330573.85
"GH","Ghana",1992,0
"GH","Ghana",1993,0
"GH","Ghana",1994,0
"GH","Ghana",1995,0
"GH","Ghana",1996,0
"GH","Ghana",1997,0
"GH","Ghana",1998,0
"GH","Ghana",1999,522791.99
"GH","Ghana",2000,351926.48
"GH","Ghana",2001,165007.55
"GH","Ghana",2002,254253.04
"GH","Ghana",2003,229455.93
"GH","Ghana",2004,2856809.76
"GH","Ghana",2005,2241640.12
"GH","Ghana",2006,18586873.54
"GH","Ghana",2007,11892794.6
"GH","Ghana",2008,16940313.65
"GH","Ghana",2009,4431554.56
"GH","Ghana",2010,26974250.92
"GH","Ghana",2011,12296995.7
"GH","Ghana",2012,12673060
"GH","Ghana",2013,6381583.86
"GH","Ghana",2014,2282298.77
"GH","Ghana",2015,4075255.6
"GT","Guatemala",1994,0
"GT","Guatemala",1995,0
"GT","Guatemala",1996,0
"GT","Guatemala",1997,0
"GT","Guatemala",1998,0
"GT","Guatemala",1999,2827695.36
"GT","Guatemala",2000,2120403.73
"GT","Guatemala",2001,4662175.96
"GT","Guatemala",2002,3903135.62
"GT","Guatemala",2003,3629189.31
"GT","Guatemala",2004,4330849.1
"GT","Guatemala",2005,3526080.35
"GT","Guatemala",2006,3402512.56
"GT","Guatemala",2007,3014568.15
"GT","Guatemala",2008,3740209.79
"GT","Guatemala",2009,4504505.63
"GT","Guatemala",2010,3348653.68
"GT","Guatemala",2011,3774404.07
"GT","Guatemala",2012,3485586.93
"GT","Guatemala",2013,3603737.86
"GT","Guatemala",2014,3288799.54
"GT","Guatemala",2015,3428262.9
"GN","Guinea",1993,1928859.64
"GN","Guinea",1994,3787518.93
"GN","Guinea",1995,0
"GN","Guinea",1996,0
"GN","Guinea",1997,0
"GN","Guinea",1998,0
"GN","Guinea",1999,1239463.21
"GN","Guinea",2000,3783480.98
"GN","Guinea",2001,1584355.91
"GN","Guinea",2002,875455.57
"GN","Guinea",2003,1440717
"GN","Guinea",2004,1884680.42
"GN","Guinea",2005,1276684.17
"GN","Guinea",2006,1539122.86
"GN","Guinea",2007,835159.33
"GN","Guinea",2008,1887277.48
"GN","Guinea",2009,998546.93
"GN","Guinea",2010,934830.34
"GN","Guinea",2011,1221804.09
"GN","Guinea",2012,1208118.67
"GN","Guinea",2013,4320294.59
"GN","Guinea",2014,3136569.71
"GN","Guinea",2015,6836543.05
"GW","Guinea-Bissau",1994,0
"GW","Guinea-Bissau",1995,0
"GW","Guinea-Bissau",1996,0
"GW","Guinea-Bissau",1997,0
"GW","Guinea-Bissau",1998,0
"GW","Guinea-Bissau",1999,225652.3
"GW","Guinea-Bissau",2000,1809504.44
"GW","Guinea-Bissau",2001,367772.07
"GW","Guinea-Bissau",2002,3986966.7
"GW","Guinea-Bissau",2003,2002999.34
"GW","Guinea-Bissau",2004,282785.95
"GW","Guinea-Bissau",2005,296211.47
"GW","Guinea-Bissau",2006,666569.47
"GW","Guinea-Bissau",2007,243000.61
"GW","Guinea-Bissau",2008,428818.2
"GW","Guinea-Bissau",2009,643881.31
"GW","Guinea-Bissau",2010,655302.41
"GW","Guinea-Bissau",2011,655923.55
"GW","Guinea-Bissau",2012,416906.59
"GW","Guinea-Bissau",2013,9212127.75
"GW","Guinea-Bissau",2014,398465.41
"GW","Guinea-Bissau",2015,356485
"GY","Guyana",1994,0
"GY","Guyana",1995,0
"GY","Guyana",2004,40031.56
"GY","Guyana",2008,88360.81
"GY","Guyana",2009,110388.2
"GY","Guyana",2010,74967.02
"GY","Guyana",2011,68015.53
"GY","Guyana",2012,18378.62
"HT","Haiti",1994,0
"HT","Haiti",1995,0
"HT","Haiti",1996,0
"HT","Haiti",1997,0
"HT","Haiti",1998,0
"HT","Haiti",1999,3464215.39
"HT","Haiti",2000,5152630.47
"HT","Haiti",2001,5365559.63
"HT","Haiti",2002,1950191.95
"HT","Haiti",2003,2889724.38
"HT","Haiti",2004,6377892.37
"HT","Haiti",2005,3052659.3
"HT","Haiti",2006,3638602.04
"HT","Haiti",2007,3298229.16
"HT","Haiti",2008,5572942.15
"HT","Haiti",2009,4592047.54
"HT","Haiti",2010,22489829.84
"HT","Haiti",2011,10942578.24
"HT","Haiti",2012,7450179.54
"HT","Haiti",2013,5382052.87
"HT","Haiti",2014,6671945.33
"HT","Haiti",2015,5228638.92
"HN","Honduras",1994,0
"HN","Honduras",1995,0
"HN","Honduras",1996,0
"HN","Honduras",1997,0
"HN","Honduras",1998,0
"HN","Honduras",1999,2980421.81
"HN","Honduras",2000,1926578.21
"HN","Honduras",2001,743933.89
"HN","Honduras",2002,575849.55
"HN","Honduras",2003,679442.42
"HN","Honduras",2004,1380459.33
"HN","Honduras",2005,1835475.65
"HN","Honduras",2006,1903606.5
"HN","Honduras",2007,1648856.45
"HN","Honduras",2008,4346105.46
"HN","Honduras",2009,2573007.14
"HN","Honduras",2010,4466958.06
"HN","Honduras",2011,2304430.38
"HN","Honduras",2012,2509014.82
"HN","Honduras",2013,2546180.05
"HN","Honduras",2014,1937024.2
"HN","Honduras",2015,1271245.25
"HK","Hong Kong",1994,0
"HK","Hong Kong",1995,0
"IN","India",1973,0
"IN","India",1974,0
"IN","India",1975,0
"IN","India",1976,0
"IN","India",1977,0
"IN","India",1978,0
"IN","India",1979,0
"IN","India",1981,0
"IN","India",1983,0
"IN","India",1990,0
"IN","India",1991,0
"IN","India",1992,0
"IN","India",1993,9666326.2
"IN","India",1994,0
"IN","India",1995,0
"IN","India",1996,0
"IN","India",1997,0
"IN","India",1998,0
"IN","India",1999,5075547.54
"IN","India",2000,5704396.29
"IN","India",2001,8461548.28
"IN","India",2002,6433300.57
"IN","India",2003,11153354.48
"IN","India",2004,13435678.05
"IN","India",2005,10384210.97
"IN","India",2006,5791332.45
"IN","India",2007,4805902.9
"IN","India",2008,14762170.68
"IN","India",2009,10446721.52
"IN","India",2010,11233866.09
"IN","India",2011,14555146.32
"IN","India",2012,6294308.82
"IN","India",2013,3463042.15
"IN","India",2014,2513270.4
"IN","India",2015,2910113.91
"ID","Indonesia",1973,0
"ID","Indonesia",1974,0
"ID","Indonesia",1975,0
"ID","Indonesia",1976,0
"ID","Indonesia",1977,0
"ID","Indonesia",1978,0
"ID","Indonesia",1979,0
"ID","Indonesia",1980,0
"ID","Indonesia",1981,0
"ID","Indonesia",1983,0
"ID","Indonesia",1985,0
"ID","Indonesia",1988,0
"ID","Indonesia",1989,0
"ID","Indonesia",1990,0
"ID","Indonesia",1991,43698241.87
"ID","Indonesia",1992,0
"ID","Indonesia",1993,9666326.2
"ID","Indonesia",1994,7575037.86
"ID","Indonesia",1995,0
"ID","Indonesia",1996,9316478.11
"ID","Indonesia",1997,0
"ID","Indonesia",1998,0
"ID","Indonesia",1999,1443813.08
"ID","Indonesia",2000,1511340.78
"ID","Indonesia",2001,1304680.4
"ID","Indonesia",2002,1974930.92
"ID","Indonesia",2003,1530596.74
"ID","Indonesia",2004,1476180.75
"ID","Indonesia",2005,16136400.42
"ID","Indonesia",2006,10418436.92
"ID","Indonesia",2007,6813082.68
"ID","Indonesia",2008,2681458.48
"ID","Indonesia",2009,2296074.74
"ID","Indonesia",2010,6724360.11
"ID","Indonesia",2011,3229376.3
"ID","Indonesia",2012,2174822.9
"ID","Indonesia",2013,2486125.17
"ID","Indonesia",2014,2341304.34
"ID","Indonesia",2015,2377719.34
"IR","Iran",1994,0
"IR","Iran",1995,0
"IR","Iran",1998,0
"IR","Iran",2002,16492.09
"IR","Iran",2003,18601.22
"IR","Iran",2004,3121508.02
"IR","Iran",2005,465659.4
"IR","Iran",2006,1264.34
"IR","Iran",2008,243233.19
"IR","Iran",2009,301468.94
"IR","Iran",2010,79007.04
"IR","Iran",2012,14654.05
"IR","Iran",2013,26150.3
"IR","Iran",2015,166389
"IQ","Iraq",1994,0
"IQ","Iraq",1995,0
"IQ","Iraq",1996,0
"IQ","Iraq",1997,0
"IQ","Iraq",1998,0
"IQ","Iraq",2001,30764.23
"IQ","Iraq",2003,5196626.19
"IQ","Iraq",2004,5541566.99
"IQ","Iraq",2005,258125636.75
"IQ","Iraq",2006,458245.32
"IQ","Iraq",2007,2014710.11
"IQ","Iraq",2008,87407956.62
"IQ","Iraq",2009,174852.18
"IQ","Iraq",2010,384512.52
"IQ","Iraq",2011,289933.74
"IQ","Iraq",2012,26819.76
"IQ","Iraq",2014,409162.15
"IQ","Iraq",2015,7409529.75
"IL","Israel",1994,0
"IL","Israel",1995,0
"IL","Israel",1996,0
"JM","Jamaica",1983,0
"JM","Jamaica",1984,0
"JM","Jamaica",1987,0
"JM","Jamaica",1991,0
"JM","Jamaica",1992,0
"JM","Jamaica",1993,0
"JM","Jamaica",1994,0
"JM","Jamaica",1995,0
"JM","Jamaica",1996,0
"JM","Jamaica",1997,9599071.99
"JM","Jamaica",1998,0
"JM","Jamaica",1999,101814.35
"JM","Jamaica",2000,108584.42
"JM","Jamaica",2001,5298436.39
"JM","Jamaica",2002,1635472
"JM","Jamaica",2003,2551368.56
"JM","Jamaica",2004,2324349.45
"JM","Jamaica",2005,2493867.57
"JM","Jamaica",2006,3170056.01
"JM","Jamaica",2007,4174927.63
"JM","Jamaica",2008,3494889.61
"JM","Jamaica",2009,8192617.13
"JM","Jamaica",2010,4316940.42
"JM","Jamaica",2011,3614040.43
"JM","Jamaica",2012,3858952.46
"JM","Jamaica",2013,2415177.64
"JM","Jamaica",2014,1865396.28
"JM","Jamaica",2015,1302969.4
"JO","Jordan",1991,8323469.9
"JO","Jordan",1992,0
"JO","Jordan",1993,0
"JO","Jordan",1994,0
"JO","Jordan",1995,0
"JO","Jordan",1996,0
"JO","Jordan",1997,0
"JO","Jordan",1998,0
"JO","Jordan",1999,5415.66
"JO","Jordan",2000,210095.75
"JO","Jordan",2001,0
"JO","Jordan",2002,24738.14
"JO","Jordan",2003,110164.97
"JO","Jordan",2004,130806.53
"JO","Jordan",2005,249645.71
"JO","Jordan",2006,260743.41
"JO","Jordan",2007,474015.49
"JO","Jordan",2008,152956.74
"JO","Jordan",2009,173677.88
"JO","Jordan",2010,111083.74
"JO","Jordan",2011,170317.41
"JO","Jordan",2012,172333.08
"JO","Jordan",2013,133096.66
"JO","Jordan",2014,74737.61
"JO","Jordan",2015,5932897.11
"KZ","Kazakhstan",1993,0
"KZ","Kazakhstan",1999,16969.1
"KZ","Kazakhstan",2005,219895.04
"KZ","Kazakhstan",2006,0
"KZ","Kazakhstan",2007,51281.87
"KZ","Kazakhstan",2008,0
"KZ","Kazakhstan",2009,42259.89
"KZ","Kazakhstan",2011,562259.52
"KZ","Kazakhstan",2013,6374.4
"KZ","Kazakhstan",2015,9407.65
"KE","Kenya",1976,0
"KE","Kenya",1977,0
"KE","Kenya",1978,0
"KE","Kenya",1980,0
"KE","Kenya",1989,0
"KE","Kenya",1990,0
"KE","Kenya",1991,0
"KE","Kenya",1992,2550105.74
"KE","Kenya",1993,0
"KE","Kenya",1994,0
"KE","Kenya",1995,0
"KE","Kenya",1996,0
"KE","Kenya",1997,0
"KE","Kenya",1998,0
"KE","Kenya",1999,8296785.31
"KE","Kenya",2000,12784315.87
"KE","Kenya",2001,9227864.06
"KE","Kenya",2002,11514239.77
"KE","Kenya",2003,7579480.06
"KE","Kenya",2004,10664670.27
"KE","Kenya",2005,10450172.83
"KE","Kenya",2006,6104213.46
"KE","Kenya",2007,3763494.95
"KE","Kenya",2008,8242484.96
"KE","Kenya",2009,24865020.19
"KE","Kenya",2010,6769848.23
"KE","Kenya",2011,18046087.44
"KE","Kenya",2012,6287995.81
"KE","Kenya",2013,15186877.21
"KE","Kenya",2014,9864913.77
"KE","Kenya",2015,12715206.52
"KR","Korea",1994,0
"KR","Korea",1995,0
"KR","Korea",1999,11553.4
"XK","Kosovo",1999,2349670.75
"XK","Kosovo",2011,321059.94
"XK","Kosovo",2012,91069.64
"XK","Kosovo",2013,807.45
"XK","Kosovo",2014,1336.41
"XK","Kosovo",2015,3401
"KG","Kyrgyzstan",1994,0
"KG","Kyrgyzstan",1995,0
"KG","Kyrgyzstan",1999,17330.12
"KG","Kyrgyzstan",2000,16977.31
"KG","Kyrgyzstan",2004,0
"KG","Kyrgyzstan",2005,103479.99
"KG","Kyrgyzstan",2006,189650.15
"KG","Kyrgyzstan",2007,141290.77
"KG","Kyrgyzstan",2008,533608.85
"KG","Kyrgyzstan",2009,328800.75
"KG","Kyrgyzstan",2010,844437.69
"KG","Kyrgyzstan",2011,370121.28
"KG","Kyrgyzstan",2013,496.81
"LA","Lao",1994,0
"LA","Lao",1995,0
"LA","Lao",1996,0
"LA","Lao",1997,0
"LA","Lao",1998,0
"LA","Lao",1999,2166623.58
"LA","Lao",2000,2641395.81
"LA","Lao",2001,2153493.02
"LA","Lao",2002,4700257.02
"LA","Lao",2003,4886175.42
"LA","Lao",2004,5822507.11
"LA","Lao",2005,6739138.52
"LA","Lao",2006,6770716.38
"LA","Lao",2007,4092772.59
"LA","Lao",2008,2337888.34
"LA","Lao",2009,2765310.15
"LA","Lao",2010,1015086.57
"LA","Lao",2011,2281376.23
"LA","Lao",2012,2107610.84
"LA","Lao",2013,790750.09
"LA","Lao",2014,1518545.49
"LA","Lao",2015,1204401.73
"LB","Lebanon",1979,0
"LB","Lebanon",1991,0
"LB","Lebanon",1992,0
"LB","Lebanon",1993,0
"LB","Lebanon",1994,0
"LB","Lebanon",1995,1870822.12
"LB","Lebanon",1996,0
"LB","Lebanon",1997,0
"LB","Lebanon",1998,0
"LB","Lebanon",1999,3726692.7
"LB","Lebanon",2000,3194933.21
"LB","Lebanon",2001,5078889.4
"LB","Lebanon",2002,2175586.01
"LB","Lebanon",2003,1112108.84
"LB","Lebanon",2004,356488.41
"LB","Lebanon",2005,390637.21
"LB","Lebanon",2006,2594642.83
"LB","Lebanon",2007,4945166.48
"LB","Lebanon",2008,3950468.06
"LB","Lebanon",2009,4363824.5
"LB","Lebanon",2010,3675930.49
"LB","Lebanon",2011,1312065.99
"LB","Lebanon",2012,413027.67
"LB","Lebanon",2013,515656.24
"LB","Lebanon",2014,483951.25
"LB","Lebanon",2015,9712899.15
"LS","Lesotho",1994,0
"LS","Lesotho",1995,0
"LS","Lesotho",1996,0
"LS","Lesotho",1997,0
"LS","Lesotho",2000,134050.59
"LS","Lesotho",2007,111526.57
"LS","Lesotho",2008,7935.3
"LS","Lesotho",2011,5798.68
"LR","Liberia",1984,0
"LR","Liberia",1991,0
"LR","Liberia",1992,0
"LR","Liberia",1993,0
"LR","Liberia",1994,0
"LR","Liberia",1995,0
"LR","Liberia",1996,0
"LR","Liberia",1997,0
"LR","Liberia",1998,0
"LR","Liberia",1999,63543.68
"LR","Liberia",2000,0
"LR","Liberia",2001,0
"LR","Liberia",2002,0
"LR","Liberia",2003,277602.98
"LR","Liberia",2004,0
"LR","Liberia",2005,11091745.64
"LR","Liberia",2006,1239047.22
"LR","Liberia",2007,261468.22
"LR","Liberia",2008,0
"LR","Liberia",2009,11455.82
"LR","Liberia",2010,112933.07
"LR","Liberia",2011,41976169.33
"LR","Liberia",2012,22741.73
"LR","Liberia",2013,7401.66
"LR","Liberia",2014,5874122.6
"LR","Liberia",2015,1479485.41
"LY","Libya",1994,0
"LY","Libya",1995,0
"LY","Libya",2005,0
"LY","Libya",2011,4061234.03
"LY","Libya",2012,142029.6
"LY","Libya",2013,89716.72
"LY","Libya",2014,81297.79
"LY","Libya",2015,77648.4
"MK","Macedonia",1997,0
"MK","Macedonia",1998,0
"MK","Macedonia",1999,2055419.33
"MK","Macedonia",2000,590670.66
"MK","Macedonia",2002,116819.26
"MK","Macedonia",2004,590884.99
"MK","Macedonia",2005,248351.44
"MK","Macedonia",2006,108618.85
"MK","Macedonia",2007,130153.41
"MK","Macedonia",2008,171162.05
"MK","Macedonia",2009,5919.64
"MK","Macedonia",2010,42707.86
"MK","Macedonia",2011,70616.32
"MK","Macedonia",2012,3322.35
"MK","Macedonia",2013,2875.43
"MG","Madagascar",1981,0
"MG","Madagascar",1991,0
"MG","Madagascar",1994,0
"MG","Madagascar",1995,0
"MG","Madagascar",1996,0
"MG","Madagascar",1997,0
"MG","Madagascar",1998,0
"MG","Madagascar",1999,3063819.79
"MG","Madagascar",2000,4634108.83
"MG","Madagascar",2001,538373.13
"MG","Madagascar",2002,988154.36
"MG","Madagascar",2003,1535529.98
"MG","Madagascar",2004,1910852.7
"MG","Madagascar",2005,553617.32
"MG","Madagascar",2006,1216327.62
"MG","Madagascar",2007,1830974.81
"MG","Madagascar",2008,1602125.07
"MG","Madagascar",2009,1862667.74
"MG","Madagascar",2010,2015247.47
"MG","Madagascar",2011,1561767.65
"MG","Madagascar",2012,1501494.15
"MG","Madagascar",2013,1757385.09
"MG","Madagascar",2014,2677505.12
"MG","Madagascar",2015,2082606.1
"MW","Malawi",1994,0
"MW","Malawi",1995,0
"MW","Malawi",1996,0
"MW","Malawi",1999,76541.34
"MW","Malawi",2000,61896.64
"MW","Malawi",2001,952871.95
"MW","Malawi",2002,92080.96
"MW","Malawi",2003,331088.24
"MW","Malawi",2004,137022.28
"MW","Malawi",2005,844655.2
"MW","Malawi",2006,2560452.39
"MW","Malawi",2007,2967173.44
"MW","Malawi",2008,2638338.79
"MW","Malawi",2009,8130196.28
"MW","Malawi",2010,10754057.72
"MW","Malawi",2011,6986404.09
"MW","Malawi",2012,12623302.32
"MW","Malawi",2013,10296517.62
"MW","Malawi",2014,7000471.58
"MW","Malawi",2015,9493044.26
"MY","Malaysia",1994,0
"MY","Malaysia",1995,0
"MY","Malaysia",1997,0
"MY","Malaysia",1998,0
"MY","Malaysia",1999,23828.95
"MY","Malaysia",2000,1061.09
"MY","Malaysia",2003,109005.89
"MY","Malaysia",2004,67578.86
"MY","Malaysia",2005,134523.9
"MY","Malaysia",2006,95659.58
"MY","Malaysia",2012,2840.59
"MY","Malaysia",2014,5477.02
"MY","Malaysia",2015,9943.43
"MV","Maldives",1999,26356.2
"MV","Maldives",2000,19453.23
"MV","Maldives",2001,1108373.98
"MV","Maldives",2002,3856414.04
"MV","Maldives",2003,0
"MV","Maldives",2004,0
"MV","Maldives",2005,426855.22
"MV","Maldives",2006,1011467.08
"MV","Maldives",2007,619593.77
"MV","Maldives",2008,0
"MV","Maldives",2009,0
"MV","Maldives",2010,0
"MV","Maldives",2011,0
"MV","Maldives",2012,0
"MV","Maldives",2013,0
"MV","Maldives",2014,0
"MV","Maldives",2015,0
"ML","Mali",1994,0
"ML","Mali",1995,0
"ML","Mali",1996,0
"ML","Mali",1997,0
"ML","Mali",1998,0
"ML","Mali",1999,7584443.6
"ML","Mali",2000,5068418.78
"ML","Mali",2001,17016389.86
"ML","Mali",2002,13869887.95
"ML","Mali",2003,6797151.16
"ML","Mali",2004,9769218.13
"ML","Mali",2005,9264048.43
"ML","Mali",2006,13358049.85
"ML","Mali",2007,17529477.99
"ML","Mali",2008,19710402.03
"ML","Mali",2009,16978919.7
"ML","Mali",2010,16885783.69
"ML","Mali",2011,16581189.24
"ML","Mali",2012,13805884.44
"ML","Mali",2013,26137670.99
"ML","Mali",2014,16233888.76
"ML","Mali",2015,22094422.89
"MT","Malta",1994,0
"MH","Marshall Islands",2004,40031.56
"MR","Mauritania",1994,0
"MR","Mauritania",1995,0
"MR","Mauritania",1998,0
"MR","Mauritania",1999,1179168.25
"MR","Mauritania",2000,3429429.66
"MR","Mauritania",2001,1869626.64
"MR","Mauritania",2002,2733575.33
"MR","Mauritania",2003,1691371.2
"MR","Mauritania",2004,670815.16
"MR","Mauritania",2005,4318998.29
"MR","Mauritania",2006,2561530.79
"MR","Mauritania",2007,1429956.24
"MR","Mauritania",2008,1786327.47
"MR","Mauritania",2009,974272.27
"MR","Mauritania",2010,483382.96
"MR","Mauritania",2011,305292.5
"MR","Mauritania",2012,565168.89
"MR","Mauritania",2013,248714.84
"MR","Mauritania",2014,483874.44
"MR","Mauritania",2015,650522.86
"MU","Mauritius",1992,0
"MU","Mauritius",1994,0
"MU","Mauritius",1995,0
"MU","Mauritius",1996,0
"MU","Mauritius",1997,0
"MU","Mauritius",1998,0
"MU","Mauritius",2000,967357.2
"MU","Mauritius",2002,645942.02
"MU","Mauritius",2003,514902.51
"MU","Mauritius",2004,530566.22
"MU","Mauritius",2005,221188.38
"MU","Mauritius",2006,95533.05
"MU","Mauritius",2008,3796.94
"MX","Mexico",1994,0
"MX","Mexico",1995,0
"MX","Mexico",1996,0
"MX","Mexico",1997,0
"MX","Mexico",1998,0
"MX","Mexico",1999,472606.2
"MX","Mexico",2000,831537.49
"MX","Mexico",2001,468454.14
"MX","Mexico",2002,604711.26
"MX","Mexico",2003,490735.08
"MX","Mexico",2004,415483.9
"MX","Mexico",2005,567846.43
"MX","Mexico",2006,291454.26
"MX","Mexico",2007,818058.65
"MX","Mexico",2008,1145527.34
"MX","Mexico",2009,847838.47
"MX","Mexico",2010,979121.34
"MX","Mexico",2011,586025.24
"MX","Mexico",2012,387460.56
"MX","Mexico",2013,476781.42
"MX","Mexico",2014,63951.27
"MX","Mexico",2015,54896.29
"middle-east","Middle East, regional",1994,0
"middle-east","Middle East, regional",1995,0
"middle-east","Middle East, regional",1996,0
"middle-east","Middle East, regional",1997,0
"middle-east","Middle East, regional",1998,0
"middle-east","Middle East, regional",1999,319523.19
"middle-east","Middle East, regional",2000,329643.26
"middle-east","Middle East, regional",2001,250309.37
"middle-east","Middle East, regional",2002,437040.49
"middle-east","Middle East, regional",2003,129480.58
"middle-east","Middle East, regional",2004,131586.81
"middle-east","Middle East, regional",2005,319494.71
"middle-east","Middle East, regional",2006,11315.75
"middle-east","Middle East, regional",2007,715.01
"middle-east","Middle East, regional",2008,32805.57
"middle-east","Middle East, regional",2009,362124.25
"middle-east","Middle East, regional",2010,2365.96
"middle-east","Middle East, regional",2011,3363234.54
"middle-east","Middle East, regional",2012,145580.07
"middle-east","Middle East, regional",2013,8971.67
"middle-east","Middle East, regional",2014,8909.35
"middle-east","Middle East, regional",2015,2218.52
"MD","Moldova",2001,155219.26
"MD","Moldova",2002,31609.95
"MD","Moldova",2003,37027.2
"MD","Moldova",2004,75778.24
"MD","Moldova",2005,248351.96
"MD","Moldova",2006,111640.7
"MD","Moldova",2007,73866.66
"MD","Moldova",2008,121113.32
"MD","Moldova",2009,30742.59
"MD","Moldova",2010,184638.96
"MD","Moldova",2011,8928.8
"MD","Moldova",2012,65106.24
"MD","Moldova",2013,28758.83
"MD","Moldova",2014,11136.7
"MD","Moldova",2015,10361.66
"MN","Mongolia",1994,0
"MN","Mongolia",1995,0
"MN","Mongolia",1996,0
"MN","Mongolia",1998,0
"MN","Mongolia",1999,20218.52
"MN","Mongolia",2000,30064.11
"MN","Mongolia",2003,9368.01
"MN","Mongolia",2005,115121.93
"MN","Mongolia",2006,52646.82
"MN","Mongolia",2007,5823602.93
"MN","Mongolia",2008,3948.82
"MN","Mongolia",2009,62524.67
"MN","Mongolia",2010,10021.05
"MN","Mongolia",2011,980642.1
"MN","Mongolia",2012,97716.1
"MN","Mongolia",2013,0
"MN","Mongolia",2014,34024.77
"MN","Mongolia",2015,2970.6
"ME","Montenegro",2007,30979.64
"ME","Montenegro",2009,39093.26
"ME","Montenegro",2011,130159.71
"ME","Montenegro",2015,4863.01
"MA","Morocco",1973,0
"MA","Morocco",1974,0
"MA","Morocco",1977,0
"MA","Morocco",1981,0
"MA","Morocco",1982,0
"MA","Morocco",1985,0
"MA","Morocco",1986,0
"MA","Morocco",1988,0
"MA","Morocco",1991,6242605.98
"MA","Morocco",1992,0
"MA","Morocco",1993,0
"MA","Morocco",1994,0
"MA","Morocco",1995,0
"MA","Morocco",1996,0
"MA","Morocco",1997,0
"MA","Morocco",1998,0
"MA","Morocco",1999,9808842.63
"MA","Morocco",2000,8479484.39
"MA","Morocco",2001,8500709.55
"MA","Morocco",2002,8641869.56
"MA","Morocco",2003,13290546.97
"MA","Morocco",2004,15365607.69
"MA","Morocco",2005,12395601.33
"MA","Morocco",2006,11445345.25
"MA","Morocco",2007,12592597.57
"MA","Morocco",2008,14754109.75
"MA","Morocco",2009,20353075.54
"MA","Morocco",2010,20261028.84
"MA","Morocco",2011,24177748.93
"MA","Morocco",2012,15400047.46
"MA","Morocco",2013,12120187.67
"MA","Morocco",2014,16424339.82
"MA","Morocco",2015,15844298.4
"MZ","Mozambique",1986,0
"MZ","Mozambique",1989,0
"MZ","Mozambique",1991,0
"MZ","Mozambique",1992,0
"MZ","Mozambique",1993,0
"MZ","Mozambique",1994,0
"MZ","Mozambique",1995,0
"MZ","Mozambique",1996,0
"MZ","Mozambique",1997,0
"MZ","Mozambique",1998,0
"MZ","Mozambique",1999,1312754.85
"MZ","Mozambique",2000,3927786.1
"MZ","Mozambique",2001,14755615.08
"MZ","Mozambique",2002,1675324.98
"MZ","Mozambique",2003,10852268.63
"MZ","Mozambique",2004,13058543.47
"MZ","Mozambique",2005,11125386.65
"MZ","Mozambique",2006,12909982.79
"MZ","Mozambique",2007,21194561.39
"MZ","Mozambique",2008,21804099.91
"MZ","Mozambique",2009,20044995.44
"MZ","Mozambique",2010,30445256.82
"MZ","Mozambique",2011,27941526.44
"MZ","Mozambique",2012,10499758.71
"MZ","Mozambique",2013,26103813.18
"MZ","Mozambique",2014,17701837.45
"MZ","Mozambique",2015,19234540.55
"MM","Myanmar",1994,0
"MM","Myanmar",1995,0
"MM","Myanmar",2002,0
"MM","Myanmar",2003,2183.62
"MM","Myanmar",2004,0
"MM","Myanmar",2006,80917.41
"MM","Myanmar",2007,181936.23
"MM","Myanmar",2008,1856702.97
"MM","Myanmar",2009,54868.49
"MM","Myanmar",2010,122134.87
"MM","Myanmar",2011,702041.62
"MM","Myanmar",2012,390852.13
"MM","Myanmar",2013,2215495.72
"MM","Myanmar",2014,6498257.63
"MM","Myanmar",2015,245460.26
"NA","Namibia",1994,0
"NA","Namibia",1995,0
"NA","Namibia",1996,0
"NA","Namibia",1997,0
"NA","Namibia",1998,0
"NA","Namibia",1999,426392.6
"NA","Namibia",2000,746650.56
"NA","Namibia",2001,392942.83
"NA","Namibia",2002,827355.3
"NA","Namibia",2003,2081948.28
"NA","Namibia",2004,1178476.96
"NA","Namibia",2005,416507.33
"NA","Namibia",2006,510360.86
"NA","Namibia",2007,530804.72
"NA","Namibia",2008,376033.97
"NA","Namibia",2009,626221.84
"NA","Namibia",2010,507432.86
"NA","Namibia",2011,666597.89
"NA","Namibia",2012,750260.83
"NA","Namibia",2013,616873.79
"NA","Namibia",2014,168003.26
"NA","Namibia",2015,84289.54
"NP","Nepal",1985,0
"NP","Nepal",1986,0
"NP","Nepal",1991,0
"NP","Nepal",1992,0
"NP","Nepal",1993,0
"NP","Nepal",1994,3787518.93
"NP","Nepal",1995,0
"NP","Nepal",1996,0
"NP","Nepal",1997,0
"NP","Nepal",1998,0
"NP","Nepal",1999,136835.47
"NP","Nepal",2000,3105204.22
"NP","Nepal",2001,2423491.41
"NP","Nepal",2002,4304442.77
"NP","Nepal",2003,814813.44
"NP","Nepal",2004,641998.01
"NP","Nepal",2005,746348.6
"NP","Nepal",2006,1159773.1
"NP","Nepal",2007,1261503.79
"NP","Nepal",2008,2339614.54
"NP","Nepal",2009,1164271.91
"NP","Nepal",2010,1519824.62
"NP","Nepal",2011,1198071.03
"NP","Nepal",2012,1287545.73
"NP","Nepal",2013,590186.1
"NP","Nepal",2014,1126820.77
"NP","Nepal",2015,1918949.31
"ANHH","Netherlands Antilles",1994,0
"NC","New Caledonia",1994,0
"NC","New Caledonia",1995,0
"NC","New Caledonia",1999,5776.7
"NI","Nicaragua",1994,0
"NI","Nicaragua",1995,0
"NI","Nicaragua",1996,0
"NI","Nicaragua",1997,0
"NI","Nicaragua",1998,0
"NI","Nicaragua",1999,6134501.39
"NI","Nicaragua",2000,4876752
"NI","Nicaragua",2001,2566012.69
"NI","Nicaragua",2002,2903987.68
"NI","Nicaragua",2003,2309178.47
"NI","Nicaragua",2004,3454017.65
"NI","Nicaragua",2005,5122254.32
"NI","Nicaragua",2006,5674196.22
"NI","Nicaragua",2007,2623759.85
"NI","Nicaragua",2008,8353628.62
"NI","Nicaragua",2009,3165112.86
"NI","Nicaragua",2010,14906745.07
"NI","Nicaragua",2011,7704220.03
"NI","Nicaragua",2012,3108089.4
"NI","Nicaragua",2013,3189484.12
"NI","Nicaragua",2014,2346782.17
"NI","Nicaragua",2015,2146623.17
"NE","Niger",1980,0
"NE","Niger",1981,0
"NE","Niger",1983,0
"NE","Niger",1991,0
"NE","Niger",1994,0
"NE","Niger",1995,0
"NE","Niger",1996,0
"NE","Niger",1997,0
"NE","Niger",1998,0
"NE","Niger",1999,13057144.17
"NE","Niger",2000,14674816.6
"NE","Niger",2001,17963491.24
"NE","Niger",2002,6085589.83
"NE","Niger",2003,12590861.57
"NE","Niger",2004,9642721.93
"NE","Niger",2005,15710853.38
"NE","Niger",2006,19454552.28
"NE","Niger",2007,14758271.02
"NE","Niger",2008,18808713.86
"NE","Niger",2009,23169335.81
"NE","Niger",2010,31381931.87
"NE","Niger",2011,20354219.49
"NE","Niger",2012,15727038.84
"NE","Niger",2013,21116621.46
"NE","Niger",2014,14584305.24
"NE","Niger",2015,17126484.04
"NG","Nigeria",1994,0
"NG","Nigeria",1995,0
"NG","Nigeria",1996,0
"NG","Nigeria",1997,0
"NG","Nigeria",1998,0
"NG","Nigeria",1999,511599.99
"NG","Nigeria",2000,407457.14
"NG","Nigeria",2001,689397.58
"NG","Nigeria",2002,619828.5
"NG","Nigeria",2003,801834
"NG","Nigeria",2004,1229867.32
"NG","Nigeria",2005,154503292.64
"NG","Nigeria",2006,198809623.35
"NG","Nigeria",2007,818041.05
"NG","Nigeria",2008,3117461.77
"NG","Nigeria",2009,245065.92
"NG","Nigeria",2010,2898862.57
"NG","Nigeria",2011,5145924.01
"NG","Nigeria",2012,15452.79
"NG","Nigeria",2013,17729.24
"NG","Nigeria",2014,122039.23
"NG","Nigeria",2015,339093.68
"north-central-america","North & Central America, regional",1994,0
"north-central-america","North & Central America, regional",1995,0
"north-central-america","North & Central America, regional",1996,0
"north-central-america","North & Central America, regional",1997,0
"north-central-america","North & Central America, regional",1998,0
"north-central-america","North & Central America, regional",1999,168246.02
"north-central-america","North & Central America, regional",2000,10964.56
"north-central-america","North & Central America, regional",2001,113268.06
"north-central-america","North & Central America, regional",2002,173167.21
"north-central-america","North & Central America, regional",2003,132675.18
"north-central-america","North & Central America, regional",2004,9839.26
"north-central-america","North & Central America, regional",2005,2281729.35
"north-central-america","North & Central America, regional",2006,112234.91
"north-central-america","North & Central America, regional",2007,207414.54
"north-central-america","North & Central America, regional",2008,199747.33
"north-central-america","North & Central America, regional",2009,884682.54
"north-central-america","North & Central America, regional",2010,930633.92
"north-central-america","North & Central America, regional",2011,12313653.65
"north-central-america","North & Central America, regional",2013,616805.54
"KP","North Korea",1994,0
"KP","North Korea",1995,0
"KP","North Korea",1999,11553.4
"KP","North Korea",2000,11318.25
"KP","North Korea",2007,929.39
"KP","North Korea",2008,357645.02
"KP","North Korea",2009,368967.59
"KP","North Korea",2010,334875.23
"KP","North Korea",2011,279456.95
"KP","North Korea",2012,282935.48
"KP","North Korea",2013,318576.18
"KP","North Korea",2015,999.45
"north-of-sahara","North of Sahara, regional",1994,0
"north-of-sahara","North of Sahara, regional",1995,0
"north-of-sahara","North of Sahara, regional",1996,0
"north-of-sahara","North of Sahara, regional",1997,0
"north-of-sahara","North of Sahara, regional",1998,0
"north-of-sahara","North of Sahara, regional",1999,604748.83
"north-of-sahara","North of Sahara, regional",2000,432923.29
"north-of-sahara","North of Sahara, regional",2001,488032.44
"north-of-sahara","North of Sahara, regional",2002,629449.35
"north-of-sahara","North of Sahara, regional",2003,91873.83
"north-of-sahara","North of Sahara, regional",2004,1217395.62
"north-of-sahara","North of Sahara, regional",2005,54326.94
"north-of-sahara","North of Sahara, regional",2006,56680.08
"north-of-sahara","North of Sahara, regional",2007,32045.37
"north-of-sahara","North of Sahara, regional",2008,422017.89
"north-of-sahara","North of Sahara, regional",2009,740102.63
"north-of-sahara","North of Sahara, regional",2010,982901.84
"north-of-sahara","North of Sahara, regional",2011,224240.38
"north-of-sahara","North of Sahara, regional",2012,40522.68
"north-of-sahara","North of Sahara, regional",2013,63516.31
"north-of-sahara","North of Sahara, regional",2014,50059.39
"MP","Northern Mariana Islands",1999,4693.57
"oceania","Oceania, regional",1994,0
"oceania","Oceania, regional",1995,0
"oceania","Oceania, regional",1999,1444.17
"oceania","Oceania, regional",2000,6720.22
"oceania","Oceania, regional",2001,8390.24
"oceania","Oceania, regional",2002,15117.78
"oceania","Oceania, regional",2003,6321.72
"oceania","Oceania, regional",2004,23817.94
"oceania","Oceania, regional",2005,20696.04
"oceania","Oceania, regional",2006,56313.42
"oceania","Oceania, regional",2007,53902.14
"oceania","Oceania, regional",2008,15075.97
"OM","Oman",1995,0
"PK","Pakistan",1973,0
"PK","Pakistan",1974,0
"PK","Pakistan",1975,0
"PK","Pakistan",1976,0
"PK","Pakistan",1977,0
"PK","Pakistan",1978,0
"PK","Pakistan",1980,0
"PK","Pakistan",1984,0
"PK","Pakistan",1991,8323469.9
"PK","Pakistan",1992,0
"PK","Pakistan",1993,0
"PK","Pakistan",1994,7700021.59
"PK","Pakistan",1995,0
"PK","Pakistan",1996,0
"PK","Pakistan",1997,0
"PK","Pakistan",1998,0
"PK","Pakistan",1999,105063.76
"PK","Pakistan",2000,463340.49
"PK","Pakistan",2001,88097.47
"PK","Pakistan",2002,960665.61
"PK","Pakistan",2003,74647.41
"PK","Pakistan",2004,65515.73
"PK","Pakistan",2005,1250814.34
"PK","Pakistan",2006,5028121.7
"PK","Pakistan",2007,1075126.37
"PK","Pakistan",2008,449908.28
"PK","Pakistan",2009,2319447.36
"PK","Pakistan",2010,13140732.88
"PK","Pakistan",2011,11827447.18
"PK","Pakistan",2012,896089.44
"PK","Pakistan",2013,2272301.9
"PK","Pakistan",2014,355599.07
"PK","Pakistan",2015,12261.76
"PS","Palestine",1995,0
"PS","Palestine",1996,0
"PS","Palestine",1997,0
"PS","Palestine",1998,0
"PS","Palestine",1999,7983409.84
"PS","Palestine",2000,22362488.96
"PS","Palestine",2001,19242991.67
"PS","Palestine",2002,13795672.9
"PS","Palestine",2003,14916780.82
"PS","Palestine",2004,14056449.09
"PS","Palestine",2005,16232123.62
"PS","Palestine",2006,15866582.31
"PS","Palestine",2007,17871725.19
"PS","Palestine",2008,25551097.42
"PS","Palestine",2009,19673193.67
"PS","Palestine",2010,21734915.34
"PS","Palestine",2011,25037972.52
"PS","Palestine",2012,29567480.42
"PS","Palestine",2013,28327495.6
"PS","Palestine",2014,17342387.72
"PS","Palestine",2015,24234565.25
"PA","Panama",1994,0
"PA","Panama",1995,0
"PA","Panama",1996,0
"PA","Panama",1998,0
"PA","Panama",1999,229624.15
"PA","Panama",2000,189934.38
"PA","Panama",2001,184585.24
"PA","Panama",2002,65968.43
"PA","Panama",2003,113844.74
"PA","Panama",2004,119168.7
"PA","Panama",2005,106066.98
"PA","Panama",2006,162277.22
"PA","Panama",2007,61586.88
"PA","Panama",2010,26652.54
"PA","Panama",2011,62008.7
"PG","Papua New Guinea",1990,0
"PG","Papua New Guinea",1994,0
"PG","Papua New Guinea",1995,0
"PG","Papua New Guinea",1999,15163.89
"PG","Papua New Guinea",2000,21221.73
"PG","Papua New Guinea",2002,2748.69
"PG","Papua New Guinea",2003,2021.87
"PG","Papua New Guinea",2004,6612.41
"PG","Papua New Guinea",2005,7761
"PG","Papua New Guinea",2006,2528.67
"PG","Papua New Guinea",2008,1328.42
"PG","Papua New Guinea",2009,4160.27
"PG","Papua New Guinea",2011,4392.5
"PG","Papua New Guinea",2015,1109.26
"PY","Paraguay",1994,0
"PY","Paraguay",1995,0
"PY","Paraguay",1996,0
"PY","Paraguay",1997,0
"PY","Paraguay",1998,0
"PY","Paraguay",1999,269339.02
"PY","Paraguay",2000,35369.61
"PY","Paraguay",2001,120260.11
"PY","Paraguay",2002,85209.25
"PY","Paraguay",2003,31622.08
"PY","Paraguay",2004,149254.85
"PY","Paraguay",2005,34924.49
"PY","Paraguay",2006,21468.35
"PY","Paraguay",2007,35826.44
"PY","Paraguay",2008,242836.24
"PY","Paraguay",2009,4481.08
"PY","Paraguay",2010,18511.97
"PY","Paraguay",2011,35110.43
"PY","Paraguay",2013,2387.6
"PY","Paraguay",2014,4149.53
"PY","Paraguay",2015,2732.11
"PE","Peru",1975,0
"PE","Peru",1976,0
"PE","Peru",1977,0
"PE","Peru",1979,0
"PE","Peru",1980,0
"PE","Peru",1981,0
"PE","Peru",1983,0
"PE","Peru",1991,0
"PE","Peru",1992,0
"PE","Peru",1993,0
"PE","Peru",1994,0
"PE","Peru",1995,0
"PE","Peru",1996,0
"PE","Peru",1997,1806397.54
"PE","Peru",1998,0
"PE","Peru",1999,4675877.88
"PE","Peru",2000,4081643.88
"PE","Peru",2001,7939959.42
"PE","Peru",2002,10340559.33
"PE","Peru",2003,8766085.54
"PE","Peru",2004,11242092.6
"PE","Peru",2005,17771380.38
"PE","Peru",2006,18021077.99
"PE","Peru",2007,15030456.83
"PE","Peru",2008,26405603.51
"PE","Peru",2009,20038033.25
"PE","Peru",2010,25804168.33
"PE","Peru",2011,20430369.72
"PE","Peru",2012,14308002.09
"PE","Peru",2013,15763599.31
"PE","Peru",2014,20068761.12
"PE","Peru",2015,15485009.94
"PH","Philippines",1973,0
"PH","Philippines",1974,0
"PH","Philippines",1975,0
"PH","Philippines",1976,0
"PH","Philippines",1977,0
"PH","Philippines",1980,0
"PH","Philippines",1981,0
"PH","Philippines",1982,0
"PH","Philippines",1983,0
"PH","Philippines",1985,0
"PH","Philippines",1991,0
"PH","Philippines",1992,0
"PH","Philippines",1993,0
"PH","Philippines",1994,0
"PH","Philippines",1995,0
"PH","Philippines",1996,4906806.91
"PH","Philippines",1997,0
"PH","Philippines",1998,0
"PH","Philippines",1999,10641769.21
"PH","Philippines",2000,10586804.45
"PH","Philippines",2001,17984467.26
"PH","Philippines",2002,8797173.55
"PH","Philippines",2003,7817842.06
"PH","Philippines",2004,10022954.39
"PH","Philippines",2005,8538391
"PH","Philippines",2006,7906325.3
"PH","Philippines",2007,6597722.72
"PH","Philippines",2008,5562519.49
"PH","Philippines",2009,7489732.28
"PH","Philippines",2010,6543953.94
"PH","Philippines",2011,5515275.9
"PH","Philippines",2012,5245260.24
"PH","Philippines",2013,5697506.54
"PH","Philippines",2014,7289344.57
"PH","Philippines",2015,5344732.18
"RW","Rwanda",1973,0
"RW","Rwanda",1981,0
"RW","Rwanda",1994,0
"RW","Rwanda",1995,0
"RW","Rwanda",1996,0
"RW","Rwanda",1997,0
"RW","Rwanda",1998,0
"RW","Rwanda",1999,28762917.64
"RW","Rwanda",2000,23829166.91
"RW","Rwanda",2001,13049613.49
"RW","Rwanda",2002,31538440.39
"RW","Rwanda",2003,24660430.55
"RW","Rwanda",2004,20184483.81
"RW","Rwanda",2005,24989122.2
"RW","Rwanda",2006,36502657.54
"RW","Rwanda",2007,38640389.7
"RW","Rwanda",2008,55111148.3
"RW","Rwanda",2009,71316899.74
"RW","Rwanda",2010,63006647.16
"RW","Rwanda",2011,66849449.88
"RW","Rwanda",2012,47289872.9
"RW","Rwanda",2013,40182759.42
"RW","Rwanda",2014,35413379.87
"RW","Rwanda",2015,35881653.15
"WS","Samoa",1994,0
"WS","Samoa",1995,0
"WS","Samoa",2009,1205.87
"ST","Sao Tome & Principe",1989,0
"ST","Sao Tome & Principe",1991,0
"ST","Sao Tome & Principe",1992,0
"ST","Sao Tome & Principe",1993,0
"ST","Sao Tome & Principe",1994,0
"ST","Sao Tome & Principe",1995,0
"ST","Sao Tome & Principe",1996,0
"ST","Sao Tome & Principe",1997,0
"ST","Sao Tome & Principe",1998,0
"ST","Sao Tome & Principe",1999,0
"ST","Sao Tome & Principe",2000,0
"ST","Sao Tome & Principe",2001,0
"ST","Sao Tome & Principe",2002,0
"ST","Sao Tome & Principe",2003,6982.2
"ST","Sao Tome & Principe",2004,0
"ST","Sao Tome & Principe",2005,0
"ST","Sao Tome & Principe",2006,0
"ST","Sao Tome & Principe",2007,0
"ST","Sao Tome & Principe",2008,2050018.07
"ST","Sao Tome & Principe",2009,0
"ST","Sao Tome & Principe",2010,0
"ST","Sao Tome & Principe",2011,0
"ST","Sao Tome & Principe",2012,0
"ST","Sao Tome & Principe",2013,0
"ST","Sao Tome & Principe",2014,0
"SA","Saudi Arabia",1995,0
"SN","Senegal",1982,0
"SN","Senegal",1990,0
"SN","Senegal",1991,0
"SN","Senegal",1992,0
"SN","Senegal",1993,0
"SN","Senegal",1994,33065.05
"SN","Senegal",1995,0
"SN","Senegal",1996,0
"SN","Senegal",1997,0
"SN","Senegal",1998,0
"SN","Senegal",1999,12705851.16
"SN","Senegal",2000,8559428.24
"SN","Senegal",2001,20279174.25
"SN","Senegal",2002,10950776.92
"SN","Senegal",2003,16861316.26
"SN","Senegal",2004,14360702.71
"SN","Senegal",2005,17221658.73
"SN","Senegal",2006,23280169.51
"SN","Senegal",2007,20901826.39
"SN","Senegal",2008,17916287.54
"SN","Senegal",2009,17007278.95
"SN","Senegal",2010,16535960.57
"SN","Senegal",2011,20938662.75
"SN","Senegal",2012,15761352.34
"SN","Senegal",2013,20293723.52
"SN","Senegal",2014,16341712.22
"SN","Senegal",2015,17975661.37
"RS","Serbia",1994,0
"RS","Serbia",1995,0
"RS","Serbia",1996,0
"RS","Serbia",1997,0
"RS","Serbia",1998,0
"RS","Serbia",1999,2217886.94
"RS","Serbia",2000,10447100.91
"RS","Serbia",2001,7574984.95
"RS","Serbia",2002,75693365.91
"RS","Serbia",2003,4803129.84
"RS","Serbia",2004,816341.6
"RS","Serbia",2005,1518571.95
"RS","Serbia",2006,21770491.41
"RS","Serbia",2007,505894.25
"RS","Serbia",2008,4375049.37
"RS","Serbia",2009,435758.71
"RS","Serbia",2010,849752.11
"RS","Serbia",2011,1008221.18
"RS","Serbia",2012,579926.1
"RS","Serbia",2013,192663.97
"RS","Serbia",2014,221368.6
"RS","Serbia",2015,18991.7
"SC","Seychelles",1984,0
"SC","Seychelles",1986,0
"SC","Seychelles",1990,0
"SC","Seychelles",1991,0
"SC","Seychelles",1992,0
"SC","Seychelles",1993,0
"SC","Seychelles",1994,0
"SC","Seychelles",1995,0
"SC","Seychelles",1996,0
"SC","Seychelles",1997,0
"SC","Seychelles",1998,0
"SC","Seychelles",1999,0
"SC","Seychelles",2000,0
"SC","Seychelles",2001,0
"SC","Seychelles",2002,0
"SC","Seychelles",2003,0
"SC","Seychelles",2004,0
"SC","Seychelles",2005,569140.3
"SC","Seychelles",2006,2032565.91
"SC","Seychelles",2007,0
"SC","Seychelles",2008,0
"SC","Seychelles",2009,0
"SC","Seychelles",2010,910893.44
"SC","Seychelles",2011,0
"SC","Seychelles",2012,6817.41
"SC","Seychelles",2013,0
"SC","Seychelles",2014,6682.01
"SC","Seychelles",2015,6655.57
"SL","Sierra Leone",1993,11391764.11
"SL","Sierra Leone",1994,566953.66
"SL","Sierra Leone",1995,0
"SL","Sierra Leone",1996,0
"SL","Sierra Leone",1997,0
"SL","Sierra Leone",1998,0
"SL","Sierra Leone",1999,59933.25
"SL","Sierra Leone",2000,8514156.6
"SL","Sierra Leone",2001,10844373.81
"SL","Sierra Leone",2002,14349529.92
"SL","Sierra Leone",2003,9479176.42
"SL","Sierra Leone",2004,39674.43
"SL","Sierra Leone",2005,0
"SL","Sierra Leone",2006,1563044.92
"SL","Sierra Leone",2007,12393644.99
"SL","Sierra Leone",2008,88724.72
"SL","Sierra Leone",2009,543674.34
"SL","Sierra Leone",2010,95433.54
"SL","Sierra Leone",2011,8027.98
"SL","Sierra Leone",2012,5539.15
"SL","Sierra Leone",2013,5037.62
"SL","Sierra Leone",2014,1153771.38
"SL","Sierra Leone",2015,1443038.34
"SG","Singapore",1995,0
"SI","Slovenia",1995,0
"SI","Slovenia",1996,0
"SI","Slovenia",1997,0
"SI","Slovenia",2000,29356.73
"SI","Slovenia",2001,5593.48
"SI","Slovenia",2002,21989.43
"SO","Somalia",1994,0
"SO","Somalia",1995,0
"SO","Somalia",1996,0
"SO","Somalia",1997,0
"SO","Somalia",1998,0
"SO","Somalia",2000,4951.73
"SO","Somalia",2002,1374.34
"SO","Somalia",2003,1644.46
"SO","Somalia",2004,0
"SO","Somalia",2006,1390767.99
"SO","Somalia",2007,2520351.31
"SO","Somalia",2008,2157268.43
"SO","Somalia",2009,3014682.47
"SO","Somalia",2010,5083184.41
"SO","Somalia",2011,6216691.35
"SO","Somalia",2012,988862.98
"SO","Somalia",2013,21868.59
"SO","Somalia",2014,17918.13
"SO","Somalia",2015,292944.33
"south-central-asia","South & Central Asia, regional",1995,0
"south-central-asia","South & Central Asia, regional",1996,0
"south-central-asia","South & Central Asia, regional",2000,55176.45
"south-central-asia","South & Central Asia, regional",2002,4123.03
"south-central-asia","South & Central Asia, regional",2005,3527373.81
"south-central-asia","South & Central Asia, regional",2006,484126.28
"south-central-asia","South & Central Asia, regional",2007,517312.27
"south-central-asia","South & Central Asia, regional",2008,9659.42
"ZA","South Africa",1994,0
"ZA","South Africa",1995,0
"ZA","South Africa",1996,0
"ZA","South Africa",1997,0
"ZA","South Africa",1998,0
"ZA","South Africa",1999,6118250.89
"ZA","South Africa",2000,6243076.56
"ZA","South Africa",2001,8570622.17
"ZA","South Africa",2002,14440223.37
"ZA","South Africa",2003,15807587.44
"ZA","South Africa",2004,15611469.73
"ZA","South Africa",2005,18138743.45
"ZA","South Africa",2006,24950265.74
"ZA","South Africa",2007,13350538.59
"ZA","South Africa",2008,17547621.75
"ZA","South Africa",2009,15695408.41
"ZA","South Africa",2010,13689474.62
"ZA","South Africa",2011,14332176.51
"ZA","South Africa",2012,15694397.55
"ZA","South Africa",2013,16891318.47
"ZA","South Africa",2014,16158647.77
"ZA","South Africa",2015,13322974.64
"south-america","South America, regional",1994,0
"south-america","South America, regional",1995,0
"south-america","South America, regional",1996,0
"south-america","South America, regional",1997,0
"south-america","South America, regional",1998,0
"south-america","South America, regional",1999,969041.13
"south-america","South America, regional",2000,836489.12
"south-america","South America, regional",2001,48943.07
"south-america","South America, regional",2002,795745.18
"south-america","South America, regional",2003,9951431.47
"south-america","South America, regional",2004,1427750.67
"south-america","South America, regional",2005,986940.43
"south-america","South America, regional",2006,1306474.38
"south-america","South America, regional",2007,1557067.09
"south-america","South America, regional",2008,553582.71
"south-america","South America, regional",2009,905611.45
"south-america","South America, regional",2010,2169769.19
"south-america","South America, regional",2011,2770893.04
"south-america","South America, regional",2012,2128859.42
"south-america","South America, regional",2013,1983649.31
"south-america","South America, regional",2014,1622189.26
"south-america","South America, regional",2015,752379
"south-asia","South Asia, regional",2006,18965.05
"south-asia","South Asia, regional",2007,216357.64
"south-asia","South Asia, regional",2008,184888.45
"south-asia","South Asia, regional",2009,165636.24
"south-asia","South Asia, regional",2010,106923.36
"south-asia","South Asia, regional",2011,567911.68
"south-asia","South Asia, regional",2012,590294.75
"south-asia","South Asia, regional",2013,630750.48
"south-of-sahara","South of Sahara, regional",1994,0
"south-of-sahara","South of Sahara, regional",1995,0
"south-of-sahara","South of Sahara, regional",1996,0
"south-of-sahara","South of Sahara, regional",1997,0
"south-of-sahara","South of Sahara, regional",1998,0
"south-of-sahara","South of Sahara, regional",1999,7930327.89
"south-of-sahara","South of Sahara, regional",2000,19687397.11
"south-of-sahara","South of Sahara, regional",2001,30677497.7
"south-of-sahara","South of Sahara, regional",2002,35917094.25
"south-of-sahara","South of Sahara, regional",2003,34956667.69
"south-of-sahara","South of Sahara, regional",2004,20134409.44
"south-of-sahara","South of Sahara, regional",2005,28301767.68
"south-of-sahara","South of Sahara, regional",2006,34592126.76
"south-of-sahara","South of Sahara, regional",2007,36024276.54
"south-of-sahara","South of Sahara, regional",2008,21495881.49
"south-of-sahara","South of Sahara, regional",2009,38690793.73
"south-of-sahara","South of Sahara, regional",2010,19560547.33
"south-of-sahara","South of Sahara, regional",2011,30385311.12
"south-of-sahara","South of Sahara, regional",2012,17053389.93
"south-of-sahara","South of Sahara, regional",2013,24221509.31
"south-of-sahara","South of Sahara, regional",2014,12075177.38
"south-of-sahara","South of Sahara, regional",2015,6922572.6
"SS","South Sudan",2011,5690720.28
"SS","South Sudan",2012,2072069.69
"SS","South Sudan",2013,5235862.4
"SS","South Sudan",2014,4810467.25
"SS","South Sudan",2015,4359704
"LK","Sri Lanka",1994,0
"LK","Sri Lanka",1995,0
"LK","Sri Lanka",1996,0
"LK","Sri Lanka",1997,0
"LK","Sri Lanka",1998,0
"LK","Sri Lanka",1999,197130.14
"LK","Sri Lanka",2000,180030.93
"LK","Sri Lanka",2001,4195.12
"LK","Sri Lanka",2002,23363.88
"LK","Sri Lanka",2003,105137.16
"LK","Sri Lanka",2004,94001.97
"LK","Sri Lanka",2005,5587920.67
"LK","Sri Lanka",2006,778779.4
"LK","Sri Lanka",2007,1383739.2
"LK","Sri Lanka",2008,1872713.36
"LK","Sri Lanka",2009,4786147.63
"LK","Sri Lanka",2010,196593.22
"LK","Sri Lanka",2011,611902.9
"LK","Sri Lanka",2012,1150305.9
"LK","Sri Lanka",2013,356648.11
"LK","Sri Lanka",2014,3215823.42
"LK","Sri Lanka",2015,1715067.53
"ex-yugoslavia","States Ex-Yugoslavia unspecified",1994,0
"ex-yugoslavia","States Ex-Yugoslavia unspecified",1995,0
"ex-yugoslavia","States Ex-Yugoslavia unspecified",1996,0
"ex-yugoslavia","States Ex-Yugoslavia unspecified",1997,0
"ex-yugoslavia","States Ex-Yugoslavia unspecified",2010,57315.35
"SD","Sudan",1994,0
"SD","Sudan",1995,0
"SD","Sudan",1997,0
"SD","Sudan",1998,0
"SD","Sudan",1999,1581009.46
"SD","Sudan",2000,591732.1
"SD","Sudan",2002,2850387.49
"SD","Sudan",2003,242624.42
"SD","Sudan",2004,1182522.99
"SD","Sudan",2005,2894851.64
"SD","Sudan",2006,2280087.01
"SD","Sudan",2007,7003905.65
"SD","Sudan",2008,2276212.18
"SD","Sudan",2009,2751957.62
"SD","Sudan",2010,12040215.98
"SD","Sudan",2011,6529517.87
"SD","Sudan",2012,9829.56
"SD","Sudan",2013,5995.34
"SD","Sudan",2014,764654.95
"SD","Sudan",2015,3958922.98
"SR","Suriname",1994,0
"SR","Suriname",1995,0
"SR","Suriname",1996,0
"SR","Suriname",1997,0
"SR","Suriname",1998,0
"SR","Suriname",1999,6787621.49
"SR","Suriname",2000,2773678.4
"SR","Suriname",2001,1308875.71
"SR","Suriname",2002,1118715.3
"SR","Suriname",2003,1571880.5
"SR","Suriname",2004,1058156.46
"SR","Suriname",2005,1223650.7
"SR","Suriname",2006,1303413.83
"SR","Suriname",2007,490641.6
"SR","Suriname",2008,1367640.34
"SR","Suriname",2009,1741345.87
"SR","Suriname",2010,2004315.05
"SR","Suriname",2011,1840788.85
"SR","Suriname",2012,2126820.95
"SR","Suriname",2013,1418372.83
"SR","Suriname",2014,1603186.95
"SR","Suriname",2015,1321092.55
"SZ","Swaziland",1994,0
"SZ","Swaziland",1995,0
"SZ","Swaziland",1996,0
"SZ","Swaziland",1999,156331.96
"SZ","Swaziland",2000,41735.98
"SZ","Swaziland",2007,167290.31
"SZ","Swaziland",2008,20288.45
"SZ","Swaziland",2010,1547.34
"SZ","Swaziland",2011,2394.74
"SZ","Swaziland",2012,2346.32
"SZ","Swaziland",2013,2283.3
"SZ","Swaziland",2014,1857.6
"SZ","Swaziland",2015,2495.84
"SY","Syria",1979,0
"SY","Syria",1991,0
"SY","Syria",1992,0
"SY","Syria",1993,0
"SY","Syria",1994,0
"SY","Syria",1995,0
"SY","Syria",1996,0
"SY","Syria",1997,0
"SY","Syria",1998,0
"SY","Syria",1999,26717.21
"SY","Syria",2000,62957.74
"SY","Syria",2001,181788.27
"SY","Syria",2002,120942.21
"SY","Syria",2003,0
"SY","Syria",2004,0
"SY","Syria",2005,0
"SY","Syria",2006,0
"SY","Syria",2007,141696.85
"SY","Syria",2008,60751.08
"SY","Syria",2009,1423783.82
"SY","Syria",2010,154970.33
"SY","Syria",2011,18580.09
"SY","Syria",2012,2380415.96
"SY","Syria",2013,9861158.63
"SY","Syria",2014,8849276.94
"SY","Syria",2015,29591715.39
"TW","Taiwan",1994,0
"TW","Taiwan",1995,0
"TJ","Tajikistan",1995,0
"TJ","Tajikistan",1999,246592.44
"TJ","Tajikistan",2005,95719.01
"TJ","Tajikistan",2006,5980.3
"TJ","Tajikistan",2008,251752.38
"TJ","Tajikistan",2009,277351.58
"TJ","Tajikistan",2010,35394.76
"TJ","Tajikistan",2011,175310.64
"TZ","Tanzania",1976,0
"TZ","Tanzania",1977,0
"TZ","Tanzania",1978,0
"TZ","Tanzania",1979,0
"TZ","Tanzania",1980,0
"TZ","Tanzania",1981,0
"TZ","Tanzania",1983,0
"TZ","Tanzania",1984,0
"TZ","Tanzania",1985,0
"TZ","Tanzania",1988,0
"TZ","Tanzania",1990,0
"TZ","Tanzania",1991,4369824.19
"TZ","Tanzania",1992,4224370.43
"TZ","Tanzania",1993,869969.89
"TZ","Tanzania",1994,4829083.78
"TZ","Tanzania",1995,1926944.14
"TZ","Tanzania",1996,5552620.44
"TZ","Tanzania",1997,0
"TZ","Tanzania",1998,3154581.8
"TZ","Tanzania",1999,27438967.71
"TZ","Tanzania",2000,11327436.31
"TZ","Tanzania",2001,21978225.95
"TZ","Tanzania",2002,122076016.17
"TZ","Tanzania",2003,11283975.99
"TZ","Tanzania",2004,19656771.48
"TZ","Tanzania",2005,8450429.95
"TZ","Tanzania",2006,16404570.29
"TZ","Tanzania",2007,14020786.83
"TZ","Tanzania",2008,17025186.6
"TZ","Tanzania",2009,19663366.25
"TZ","Tanzania",2010,22803313.82
"TZ","Tanzania",2011,24318395.81
"TZ","Tanzania",2012,20909412.94
"TZ","Tanzania",2013,12019160.5
"TZ","Tanzania",2014,14236061.08
"TZ","Tanzania",2015,12427926.34
"TH","Thailand",1981,0
"TH","Thailand",1985,0
"TH","Thailand",1991,0
"TH","Thailand",1992,0
"TH","Thailand",1993,0
"TH","Thailand",1994,0
"TH","Thailand",1995,0
"TH","Thailand",1996,0
"TH","Thailand",1997,0
"TH","Thailand",1998,0
"TH","Thailand",1999,2358699.52
"TH","Thailand",2000,1533976.28
"TH","Thailand",2001,236324.73
"TH","Thailand",2002,138808.62
"TH","Thailand",2003,53983.9
"TH","Thailand",2004,68107.8
"TH","Thailand",2005,226362.26
"TH","Thailand",2006,436928.28
"TH","Thailand",2007,342094.66
"TH","Thailand",2008,498437.4
"TH","Thailand",2009,308664.01
"TH","Thailand",2010,152212.69
"TH","Thailand",2011,614447.99
"TH","Thailand",2012,701546.77
"TH","Thailand",2013,124831.3
"TH","Thailand",2014,40785.91
"TH","Thailand",2015,32642.2
"TL","Timor-Leste",1995,0
"TL","Timor-Leste",1996,0
"TL","Timor-Leste",1997,0
"TL","Timor-Leste",2000,11174654.81
"TL","Timor-Leste",2001,11331011.33
"TL","Timor-Leste",2002,4205486.71
"TL","Timor-Leste",2003,2606617.43
"TL","Timor-Leste",2004,413275.34
"TL","Timor-Leste",2005,16815.5
"TG","Togo",1992,3932199.24
"TG","Togo",1993,0
"TG","Togo",1994,0
"TG","Togo",1995,0
"TG","Togo",1996,0
"TG","Togo",1997,0
"TG","Togo",1998,0
"TG","Togo",1999,1997654.26
"TG","Togo",2000,1577833.93
"TG","Togo",2001,1791315.65
"TG","Togo",2002,1981803.46
"TG","Togo",2003,1339434.69
"TG","Togo",2004,1009224.49
"TG","Togo",2005,1098181.07
"TG","Togo",2006,1874982.41
"TG","Togo",2007,1432871.66
"TG","Togo",2008,2177095.54
"TG","Togo",2009,54032155.08
"TG","Togo",2010,4495416.13
"TG","Togo",2011,79186885.69
"TG","Togo",2012,632522.61
"TG","Togo",2013,621076.57
"TG","Togo",2014,666829.95
"TG","Togo",2015,10589643.8
"TT","Trinidad & Tobago",1994,0
"TT","Trinidad & Tobago",1995,0
"TT","Trinidad & Tobago",1999,17330.12
"TT","Trinidad & Tobago",2000,16977.31
"TN","Tunisia",1974,0
"TN","Tunisia",1976,0
"TN","Tunisia",1978,0
"TN","Tunisia",1979,0
"TN","Tunisia",1982,0
"TN","Tunisia",1983,0
"TN","Tunisia",1985,0
"TN","Tunisia",1986,0
"TN","Tunisia",1990,0
"TN","Tunisia",1991,10404333.82
"TN","Tunisia",1992,0
"TN","Tunisia",1993,0
"TN","Tunisia",1994,0
"TN","Tunisia",1995,0
"TN","Tunisia",1996,0
"TN","Tunisia",1997,0
"TN","Tunisia",1998,0
"TN","Tunisia",1999,6097668.28
"TN","Tunisia",2000,15170065.11
"TN","Tunisia",2001,2486305.39
"TN","Tunisia",2002,3215963.58
"TN","Tunisia",2003,2932723.55
"TN","Tunisia",2004,3044881.32
"TN","Tunisia",2005,2553368.28
"TN","Tunisia",2006,3424283.37
"TN","Tunisia",2007,8781802.25
"TN","Tunisia",2008,8325120.49
"TN","Tunisia",2009,2084634.66
"TN","Tunisia",2010,1611447.57
"TN","Tunisia",2011,5838654.78
"TN","Tunisia",2012,572528.45
"TN","Tunisia",2013,965465.41
"TN","Tunisia",2014,556868.82
"TN","Tunisia",2015,948311.22
"TR","Turkey",1973,0
"TR","Turkey",1974,0
"TR","Turkey",1975,0
"TR","Turkey",1976,0
"TR","Turkey",1977,0
"TR","Turkey",1978,0
"TR","Turkey",1979,0
"TR","Turkey",1980,0
"TR","Turkey",1981,0
"TR","Turkey",1982,0
"TR","Turkey",1983,0
"TR","Turkey",1984,0
"TR","Turkey",1985,0
"TR","Turkey",1986,0
"TR","Turkey",1989,0
"TR","Turkey",1990,0
"TR","Turkey",1991,12485197.75
"TR","Turkey",1992,0
"TR","Turkey",1993,0
"TR","Turkey",1994,0
"TR","Turkey",1995,5612455.34
"TR","Turkey",1996,0
"TR","Turkey",1997,0
"TR","Turkey",1998,0
"TR","Turkey",1999,1316004.58
"TR","Turkey",2000,986952.09
"TR","Turkey",2001,0
"TR","Turkey",2002,1109094.88
"TR","Turkey",2003,16875.89
"TR","Turkey",2004,9615394.36
"TR","Turkey",2005,12601309.83
"TR","Turkey",2006,15466226.13
"TR","Turkey",2007,81475.26
"TR","Turkey",2008,152318.62
"TR","Turkey",2009,1976.43
"TR","Turkey",2010,112836.1
"TR","Turkey",2011,199903.8
"TR","Turkey",2012,198470.75
"TR","Turkey",2013,266764.63
"TR","Turkey",2014,177524.21
"TR","Turkey",2015,5726566.2
"TM","Turkmenistan",2009,96469.96
"TM","Turkmenistan",2010,12311.26
"UG","Uganda",1994,0
"UG","Uganda",1995,0
"UG","Uganda",1996,0
"UG","Uganda",1997,0
"UG","Uganda",1998,0
"UG","Uganda",1999,2892682.84
"UG","Uganda",2000,10208005.44
"UG","Uganda",2001,11407913.39
"UG","Uganda",2002,3165112.86
"UG","Uganda",2003,7924132.76
"UG","Uganda",2004,8662213.21
"UG","Uganda",2005,13523531.49
"UG","Uganda",2006,14953423.04
"UG","Uganda",2007,13575447.81
"UG","Uganda",2008,14349651.58
"UG","Uganda",2009,19187052.4
"UG","Uganda",2010,26102161.12
"UG","Uganda",2011,12450064.68
"UG","Uganda",2012,19057541.79
"UG","Uganda",2013,13243881.07
"UG","Uganda",2014,20284776.47
"UG","Uganda",2015,16795267.61
"UA","Ukraine",2005,1543147.94
"UA","Ukraine",2006,1479358.36
"UA","Ukraine",2007,114485.04
"UA","Ukraine",2008,38497.59
"UA","Ukraine",2009,782577.67
"UA","Ukraine",2010,812447.68
"UA","Ukraine",2011,86279.7
"UA","Ukraine",2012,103767.89
"UA","Ukraine",2013,47941.49
"UA","Ukraine",2014,108038.07
"UA","Ukraine",2015,2445838.91
"UY","Uruguay",1994,0
"UY","Uruguay",1995,0
"UY","Uruguay",1996,0
"UY","Uruguay",1997,0
"UY","Uruguay",1998,0
"UY","Uruguay",1999,862172.51
"UY","Uruguay",2000,764335.71
"UY","Uruguay",2001,513202
"UY","Uruguay",2002,474148.63
"UY","Uruguay",2003,162127
"UY","Uruguay",2004,104872.72
"UY","Uruguay",2005,62088.01
"UY","Uruguay",2006,105217.89
"UY","Uruguay",2007,70489.09
"UY","Uruguay",2008,15187.75
"UY","Uruguay",2009,1354.19
"UY","Uruguay",2010,1182.98
"UY","Uruguay",2011,39806.33
"UY","Uruguay",2012,40326.13
"UY","Uruguay",2013,45955.36
"UY","Uruguay",2014,20470.37
"UZ","Uzbekistan",2003,0
"UZ","Uzbekistan",2004,4020.35
"UZ","Uzbekistan",2005,2587
"UZ","Uzbekistan",2006,18547.82
"UZ","Uzbekistan",2007,2551.49
"UZ","Uzbekistan",2008,0
"UZ","Uzbekistan",2009,0
"UZ","Uzbekistan",2010,16378.3
"UZ","Uzbekistan",2012,4800.59
"UZ","Uzbekistan",2013,178.31
"UZ","Uzbekistan",2015,4565.72
"VU","Vanuatu",2015,1386.58
"VE","Venezuela",1994,0
"VE","Venezuela",1995,0
"VE","Venezuela",1996,0
"VE","Venezuela",1997,0
"VE","Venezuela",1998,0
"VE","Venezuela",1999,712700.98
"VE","Venezuela",2000,561315.28
"VE","Venezuela",2001,303446.27
"VE","Venezuela",2002,311976.48
"VE","Venezuela",2003,598231.15
"VE","Venezuela",2004,590540.65
"VE","Venezuela",2005,483769.46
"VE","Venezuela",2006,534598.28
"VE","Venezuela",2007,495860.97
"VE","Venezuela",2008,157792.48
"VE","Venezuela",2009,195849.29
"VE","Venezuela",2010,159743.05
"VE","Venezuela",2011,149994.76
"VE","Venezuela",2012,164780.38
"VE","Venezuela",2013,124572.59
"VE","Venezuela",2014,18219.59
"VE","Venezuela",2015,19325.55
"VN","Viet Nam",1978,0
"VN","Viet Nam",1979,0
"VN","Viet Nam",1991,0
"VN","Viet Nam",1992,0
"VN","Viet Nam",1993,0
"VN","Viet Nam",1994,0
"VN","Viet Nam",1995,3741633.21
"VN","Viet Nam",1996,7453191.72
"VN","Viet Nam",1997,0
"VN","Viet Nam",1998,0
"VN","Viet Nam",1999,12477677.88
"VN","Viet Nam",2000,65458242.5
"VN","Viet Nam",2001,26143981.64
"VN","Viet Nam",2002,17286478.75
"VN","Viet Nam",2003,14373107.08
"VN","Viet Nam",2004,15728768.63
"VN","Viet Nam",2005,17212613.38
"VN","Viet Nam",2006,20777038.79
"VN","Viet Nam",2007,17640888.43
"VN","Viet Nam",2008,25080889.21
"VN","Viet Nam",2009,21674133.18
"VN","Viet Nam",2010,21479026.94
"VN","Viet Nam",2011,31479595.3
"VN","Viet Nam",2012,23802800.2
"VN","Viet Nam",2013,25655112.51
"VN","Viet Nam",2014,19761486.77
"VN","Viet Nam",2015,14523461.68
"west-indies","West Indies, regional",2009,88330.99
"west-indies","West Indies, regional",2010,202209.7
"west-indies","West Indies, regional",2014,266018.8
"west-indies","West Indies, regional",2015,306730
"YE","Yemen",1994,0
"YE","Yemen",1995,0
"YE","Yemen",1996,0
"YE","Yemen",2002,6871.72
"YE","Yemen",2003,181968.19
"YE","Yemen",2004,89928.69
"YE","Yemen",2005,488942.62
"YE","Yemen",2006,74937.03
"YE","Yemen",2007,5748.59
"YE","Yemen",2008,304453.63
"YE","Yemen",2009,1205872.3
"YE","Yemen",2010,307574.7
"YE","Yemen",2015,4032170
"ZM","Zambia",1988,0
"ZM","Zambia",1991,0
"ZM","Zambia",1992,1800426.88
"ZM","Zambia",1993,0
"ZM","Zambia",1994,0
"ZM","Zambia",1995,0
"ZM","Zambia",1996,0
"ZM","Zambia",1997,0
"ZM","Zambia",1998,0
"ZM","Zambia",1999,2973195.26
"ZM","Zambia",2000,4755788.48
"ZM","Zambia",2001,3907431.93
"ZM","Zambia",2002,8562158.13
"ZM","Zambia",2003,4534411.32
"ZM","Zambia",2004,3764057.96
"ZM","Zambia",2005,2605105.23
"ZM","Zambia",2006,4333521.11
"ZM","Zambia",2007,1014288.54
"ZM","Zambia",2008,1966199.13
"ZM","Zambia",2009,1770606.19
"ZM","Zambia",2010,3191826.84
"ZM","Zambia",2011,2045712.43
"ZM","Zambia",2012,1315951.36
"ZM","Zambia",2013,1215448.67
"ZM","Zambia",2014,962999.03
"ZM","Zambia",2015,1286214.92
"ZW","Zimbabwe",1981,0
"ZW","Zimbabwe",1991,0
"ZW","Zimbabwe",1992,0
"ZW","Zimbabwe",1993,0
"ZW","Zimbabwe",1994,0
"ZW","Zimbabwe",1995,0
"ZW","Zimbabwe",1996,0
"ZW","Zimbabwe",1997,0
"ZW","Zimbabwe",1998,0
"ZW","Zimbabwe",1999,5942925.36
"ZW","Zimbabwe",2000,6136966.25
"ZW","Zimbabwe",2001,3434402.14
"ZW","Zimbabwe",2002,4899533
"ZW","Zimbabwe",2003,3286166.31
"ZW","Zimbabwe",2004,3884918.36
"ZW","Zimbabwe",2005,3837816.91
"ZW","Zimbabwe",2006,2908648.56
"ZW","Zimbabwe",2007,1494740.85
"ZW","Zimbabwe",2008,2687327.38
"ZW","Zimbabwe",2009,4893027.12
"ZW","Zimbabwe",2010,1499017.1
"ZW","Zimbabwe",2011,1247711.71
"ZW","Zimbabwe",2012,1342570.95
"ZW","Zimbabwe",2013,1332904.29
"ZW","Zimbabwe",2014,3243449.21
"ZW","Zimbabwe",2015,2192882.4
