"id-to","entity-to-name","year","value"
"AF","Afghanistan",1977,0
"AF","Afghanistan",1978,0
"AF","Afghanistan",1979,0
"AF","Afghanistan",2003,0
"AF","Afghanistan",2004,0
"AF","Afghanistan",2005,0
"AF","Afghanistan",2006,0
"AF","Afghanistan",2007,0
"AF","Afghanistan",2010,222484618.12
"AF","Afghanistan",2011,107905738.55
"AF","Afghanistan",2012,212192988.93
"AF","Afghanistan",2013,153249081.73
"AF","Afghanistan",2014,95392165.75
"AF","Afghanistan",2015,125932170
"AM","Armenia",2007,0
"AM","Armenia",2008,0
"AM","Armenia",2009,0
"AM","Armenia",2010,20927105.24
"AM","Armenia",2011,17289463.22
"AM","Armenia",2012,18798895.06
"AM","Armenia",2013,19512139.47
"AM","Armenia",2014,71430630.04
"AM","Armenia",2015,88718340
"asia","Asia, regional",2010,1493015.94
"asia","Asia, regional",2011,4520791.99
"asia","Asia, regional",2012,406182.78
"asia","Asia, regional",2013,49308851.22
"asia","Asia, regional",2014,42808094.88
"asia","Asia, regional",2015,55073260
"AZ","Azerbaijan",2004,0
"AZ","Azerbaijan",2005,0
"AZ","Azerbaijan",2006,0
"AZ","Azerbaijan",2008,0
"AZ","Azerbaijan",2010,4778801.68
"AZ","Azerbaijan",2011,616400.26
"AZ","Azerbaijan",2012,2047858.66
"AZ","Azerbaijan",2013,1728809.77
"AZ","Azerbaijan",2014,1596785.39
"AZ","Azerbaijan",2015,2571300
"BD","Bangladesh",1977,0
"BD","Bangladesh",1978,0
"BD","Bangladesh",1979,0
"BD","Bangladesh",1980,0
"BD","Bangladesh",1981,0
"BD","Bangladesh",1982,0
"BD","Bangladesh",1983,0
"BD","Bangladesh",1984,0
"BD","Bangladesh",1985,0
"BD","Bangladesh",1986,0
"BD","Bangladesh",1987,0
"BD","Bangladesh",1988,0
"BD","Bangladesh",1989,0
"BD","Bangladesh",1990,0
"BD","Bangladesh",1991,0
"BD","Bangladesh",1992,0
"BD","Bangladesh",1993,0
"BD","Bangladesh",1994,0
"BD","Bangladesh",1995,0
"BD","Bangladesh",1997,0
"BD","Bangladesh",1998,0
"BD","Bangladesh",1999,0
"BD","Bangladesh",2000,0
"BD","Bangladesh",2001,0
"BD","Bangladesh",2002,0
"BD","Bangladesh",2003,0
"BD","Bangladesh",2004,0
"BD","Bangladesh",2005,0
"BD","Bangladesh",2006,0
"BD","Bangladesh",2007,0
"BD","Bangladesh",2008,0
"BD","Bangladesh",2009,0
"BD","Bangladesh",2010,268861959.6
"BD","Bangladesh",2011,255186024.83
"BD","Bangladesh",2012,323159532.09
"BD","Bangladesh",2013,314085918.56
"BD","Bangladesh",2014,407610782.1
"BD","Bangladesh",2015,353053240
"BT","Bhutan",1983,0
"BT","Bhutan",1985,0
"BT","Bhutan",1987,0
"BT","Bhutan",1988,0
"BT","Bhutan",1989,0
"BT","Bhutan",1991,0
"BT","Bhutan",1994,0
"BT","Bhutan",1995,0
"BT","Bhutan",1998,0
"BT","Bhutan",2000,0
"BT","Bhutan",2001,0
"BT","Bhutan",2003,0
"BT","Bhutan",2006,0
"BT","Bhutan",2007,0
"BT","Bhutan",2009,0
"BT","Bhutan",2010,35819733.52
"BT","Bhutan",2011,23757632.37
"BT","Bhutan",2012,30367643.65
"BT","Bhutan",2013,54098239.57
"BT","Bhutan",2014,68615880.22
"BT","Bhutan",2015,31023640
"bilateral-unspecified","Bilateral, unspecified",2014,4040643.2
"KH","Cambodia",1993,0
"KH","Cambodia",1995,0
"KH","Cambodia",1996,0
"KH","Cambodia",1997,0
"KH","Cambodia",1999,0
"KH","Cambodia",2000,0
"KH","Cambodia",2001,0
"KH","Cambodia",2002,0
"KH","Cambodia",2003,0
"KH","Cambodia",2004,0
"KH","Cambodia",2005,0
"KH","Cambodia",2006,0
"KH","Cambodia",2007,0
"KH","Cambodia",2008,0
"KH","Cambodia",2009,0
"KH","Cambodia",2010,67106227.35
"KH","Cambodia",2011,112222497.69
"KH","Cambodia",2012,68095820.66
"KH","Cambodia",2013,153237376.25
"KH","Cambodia",2014,91099572.88
"KH","Cambodia",2015,117005560
"CN","China",2011,591012.63
"CN","China",2012,391284.82
"CN","China",2013,15356386.92
"CN","China",2014,21222230.7
"CN","China",2015,17362730
"CK","Cook Islands",1980,0
"CK","Cook Islands",1982,0
"CK","Cook Islands",1987,0
"CK","Cook Islands",1990,0
"CK","Cook Islands",1992,0
"CK","Cook Islands",1994,0
"CK","Cook Islands",1995,0
"CK","Cook Islands",1996,0
"CK","Cook Islands",1997,0
"CK","Cook Islands",2001,0
"CK","Cook Islands",2009,0
"CK","Cook Islands",2010,559043.58
"CK","Cook Islands",2011,3151325.6
"CK","Cook Islands",2012,2593132.27
"CK","Cook Islands",2013,649204.09
"CK","Cook Islands",2014,401284.16
"CK","Cook Islands",2015,26830
"FJ","Fiji",2012,1811302.54
"FJ","Fiji",2013,252118.09
"FJ","Fiji",2014,213727.36
"FJ","Fiji",2015,867400
"GE","Georgia",2008,0
"GE","Georgia",2009,0
"GE","Georgia",2010,35983197.75
"GE","Georgia",2011,37496858.77
"GE","Georgia",2012,51157457.26
"GE","Georgia",2013,42532430.15
"GE","Georgia",2014,105633372.66
"GE","Georgia",2015,115826480
"IN","India",2013,6223715.18
"IN","India",2014,4724505.74
"IN","India",2015,6454150
"ID","Indonesia",1978,0
"ID","Indonesia",1979,0
"ID","Indonesia",1987,0
"ID","Indonesia",1988,0
"ID","Indonesia",1989,0
"ID","Indonesia",1990,0
"ID","Indonesia",1992,0
"ID","Indonesia",1993,0
"ID","Indonesia",1994,0
"ID","Indonesia",1995,0
"ID","Indonesia",1996,0
"ID","Indonesia",1998,0
"ID","Indonesia",2001,0
"ID","Indonesia",2002,0
"ID","Indonesia",2003,0
"ID","Indonesia",2004,0
"ID","Indonesia",2005,0
"ID","Indonesia",2006,0
"ID","Indonesia",2007,0
"ID","Indonesia",2008,0
"ID","Indonesia",2009,0
"ID","Indonesia",2010,108370371.27
"ID","Indonesia",2011,92099016.41
"ID","Indonesia",2012,56817447.15
"ID","Indonesia",2013,29147552.69
"ID","Indonesia",2014,7136064.47
"ID","Indonesia",2015,10186040
"KZ","Kazakhstan",1994,0
"KZ","Kazakhstan",1996,0
"KZ","Kazakhstan",1998,0
"KZ","Kazakhstan",2005,0
"KZ","Kazakhstan",2010,0
"KZ","Kazakhstan",2011,0
"KZ","Kazakhstan",2012,0
"KZ","Kazakhstan",2013,582572.88
"KZ","Kazakhstan",2014,246586.58
"KZ","Kazakhstan",2015,905390
"KI","Kiribati",1985,0
"KI","Kiribati",1986,0
"KI","Kiribati",1989,0
"KI","Kiribati",1990,0
"KI","Kiribati",1999,0
"KI","Kiribati",2010,0
"KI","Kiribati",2011,673181.21
"KI","Kiribati",2012,132175.27
"KI","Kiribati",2013,2811116.72
"KI","Kiribati",2014,6628126.22
"KI","Kiribati",2015,3239720
"KG","Kyrgyzstan",1994,0
"KG","Kyrgyzstan",1995,0
"KG","Kyrgyzstan",1996,0
"KG","Kyrgyzstan",1997,0
"KG","Kyrgyzstan",1998,0
"KG","Kyrgyzstan",1999,0
"KG","Kyrgyzstan",2000,0
"KG","Kyrgyzstan",2001,0
"KG","Kyrgyzstan",2002,0
"KG","Kyrgyzstan",2004,0
"KG","Kyrgyzstan",2005,0
"KG","Kyrgyzstan",2006,0
"KG","Kyrgyzstan",2007,0
"KG","Kyrgyzstan",2009,0
"KG","Kyrgyzstan",2010,26495976.3
"KG","Kyrgyzstan",2011,92973466.26
"KG","Kyrgyzstan",2012,74294212.53
"KG","Kyrgyzstan",2013,41272632.06
"KG","Kyrgyzstan",2014,58726027.37
"KG","Kyrgyzstan",2015,72757140
"LA","Lao",1978,0
"LA","Lao",1979,0
"LA","Lao",1980,0
"LA","Lao",1983,0
"LA","Lao",1984,0
"LA","Lao",1985,0
"LA","Lao",1986,0
"LA","Lao",1987,0
"LA","Lao",1989,0
"LA","Lao",1990,0
"LA","Lao",1991,0
"LA","Lao",1992,0
"LA","Lao",1993,0
"LA","Lao",1994,0
"LA","Lao",1995,0
"LA","Lao",1996,0
"LA","Lao",1997,0
"LA","Lao",1998,0
"LA","Lao",1999,0
"LA","Lao",2000,0
"LA","Lao",2001,0
"LA","Lao",2003,0
"LA","Lao",2004,0
"LA","Lao",2005,0
"LA","Lao",2007,0
"LA","Lao",2010,53886794.5
"LA","Lao",2011,63098121.9
"LA","Lao",2012,60194989.53
"LA","Lao",2013,67350646.98
"LA","Lao",2014,72142473.54
"LA","Lao",2015,67909380
"MY","Malaysia",1994,0
"MY","Malaysia",2013,7203.37
"MY","Malaysia",2014,0
"MV","Maldives",1981,0
"MV","Maldives",1984,0
"MV","Maldives",1987,0
"MV","Maldives",1989,0
"MV","Maldives",1992,0
"MV","Maldives",1993,0
"MV","Maldives",1998,0
"MV","Maldives",1999,0
"MV","Maldives",2002,0
"MV","Maldives",2004,0
"MV","Maldives",2005,0
"MV","Maldives",2007,0
"MV","Maldives",2009,0
"MV","Maldives",2010,24362155.64
"MV","Maldives",2011,6249135.73
"MV","Maldives",2012,18118496.74
"MV","Maldives",2013,2107887.33
"MV","Maldives",2014,2041389.36
"MV","Maldives",2015,2826550
"MH","Marshall Islands",1993,0
"MH","Marshall Islands",1995,0
"MH","Marshall Islands",1996,0
"MH","Marshall Islands",1997,0
"MH","Marshall Islands",1999,0
"MH","Marshall Islands",2001,0
"MH","Marshall Islands",2003,0
"MH","Marshall Islands",2010,9380455.59
"MH","Marshall Islands",2011,0
"MH","Marshall Islands",2012,0
"MH","Marshall Islands",2013,4817256.4
"MH","Marshall Islands",2014,136655.15
"MH","Marshall Islands",2015,78890
"FM","Micronesia",1993,0
"FM","Micronesia",1997,0
"FM","Micronesia",2002,0
"FM","Micronesia",2010,972029.07
"FM","Micronesia",2011,3753921.19
"FM","Micronesia",2012,1442430.78
"FM","Micronesia",2013,2504973.33
"FM","Micronesia",2014,2371547.71
"FM","Micronesia",2015,2263820
"MN","Mongolia",1991,0
"MN","Mongolia",1992,0
"MN","Mongolia",1993,0
"MN","Mongolia",1994,0
"MN","Mongolia",1995,0
"MN","Mongolia",1997,0
"MN","Mongolia",1998,0
"MN","Mongolia",2000,0
"MN","Mongolia",2001,0
"MN","Mongolia",2002,0
"MN","Mongolia",2003,0
"MN","Mongolia",2006,0
"MN","Mongolia",2007,0
"MN","Mongolia",2009,0
"MN","Mongolia",2010,29038391.5
"MN","Mongolia",2011,26292592.93
"MN","Mongolia",2012,50049366.58
"MN","Mongolia",2013,51442895.81
"MN","Mongolia",2014,55164331.77
"MN","Mongolia",2015,32404010
"MM","Myanmar",1977,0
"MM","Myanmar",1978,0
"MM","Myanmar",1979,0
"MM","Myanmar",1980,0
"MM","Myanmar",1981,0
"MM","Myanmar",1982,0
"MM","Myanmar",1983,0
"MM","Myanmar",1984,0
"MM","Myanmar",1986,0
"MM","Myanmar",2013,462032515.61
"MM","Myanmar",2014,1894544.79
"MM","Myanmar",2015,12014380
"NR","Nauru",2012,1811302.54
"NR","Nauru",2013,30614.34
"NR","Nauru",2014,2027122.63
"NR","Nauru",2015,370210
"NP","Nepal",1977,0
"NP","Nepal",1978,0
"NP","Nepal",1979,0
"NP","Nepal",1980,0
"NP","Nepal",1981,0
"NP","Nepal",1982,0
"NP","Nepal",1983,0
"NP","Nepal",1985,0
"NP","Nepal",1986,0
"NP","Nepal",1987,0
"NP","Nepal",1988,0
"NP","Nepal",1989,0
"NP","Nepal",1990,0
"NP","Nepal",1992,0
"NP","Nepal",1993,0
"NP","Nepal",1995,0
"NP","Nepal",1996,0
"NP","Nepal",1997,0
"NP","Nepal",1998,0
"NP","Nepal",1999,0
"NP","Nepal",2000,0
"NP","Nepal",2001,0
"NP","Nepal",2002,0
"NP","Nepal",2003,0
"NP","Nepal",2004,0
"NP","Nepal",2005,0
"NP","Nepal",2006,0
"NP","Nepal",2009,0
"NP","Nepal",2010,104709936.63
"NP","Nepal",2011,184818137.92
"NP","Nepal",2012,81609422.3
"NP","Nepal",2013,145606301.86
"NP","Nepal",2014,137548426.89
"NP","Nepal",2015,163823680
"MP","Northern Mariana Islands",1991,0
"oceania","Oceania, regional",2010,140792.6
"oceania","Oceania, regional",2011,0
"oceania","Oceania, regional",2012,0
"oceania","Oceania, regional",2013,175582.24
"oceania","Oceania, regional",2014,604506.79
"PK","Pakistan",1977,0
"PK","Pakistan",1978,0
"PK","Pakistan",1979,0
"PK","Pakistan",1980,0
"PK","Pakistan",1981,0
"PK","Pakistan",1982,0
"PK","Pakistan",1983,0
"PK","Pakistan",1984,0
"PK","Pakistan",1985,0
"PK","Pakistan",1986,0
"PK","Pakistan",1987,0
"PK","Pakistan",1988,0
"PK","Pakistan",1989,0
"PK","Pakistan",1990,0
"PK","Pakistan",1991,0
"PK","Pakistan",1992,0
"PK","Pakistan",1993,0
"PK","Pakistan",1994,0
"PK","Pakistan",1995,0
"PK","Pakistan",1996,0
"PK","Pakistan",1997,0
"PK","Pakistan",1998,0
"PK","Pakistan",1999,0
"PK","Pakistan",2000,0
"PK","Pakistan",2001,0
"PK","Pakistan",2002,0
"PK","Pakistan",2003,0
"PK","Pakistan",2004,0
"PK","Pakistan",2005,0
"PK","Pakistan",2006,0
"PK","Pakistan",2007,0
"PK","Pakistan",2008,0
"PK","Pakistan",2009,0
"PK","Pakistan",2010,329626462.57
"PK","Pakistan",2011,83591545.22
"PK","Pakistan",2012,43133628.81
"PK","Pakistan",2013,78632850.56
"PK","Pakistan",2014,473056535.6
"PK","Pakistan",2015,397192330
"PW","Palau",2011,3073858
"PW","Palau",2012,0
"PW","Palau",2013,402488.53
"PW","Palau",2014,162916.14
"PW","Palau",2015,449410
"PG","Papua New Guinea",1978,0
"PG","Papua New Guinea",1979,0
"PG","Papua New Guinea",1980,0
"PG","Papua New Guinea",1981,0
"PG","Papua New Guinea",1983,0
"PG","Papua New Guinea",1984,0
"PG","Papua New Guinea",1986,0
"PG","Papua New Guinea",1987,0
"PG","Papua New Guinea",1988,0
"PG","Papua New Guinea",1989,0
"PG","Papua New Guinea",1990,0
"PG","Papua New Guinea",1991,0
"PG","Papua New Guinea",1992,0
"PG","Papua New Guinea",1993,0
"PG","Papua New Guinea",1997,0
"PG","Papua New Guinea",1999,0
"PG","Papua New Guinea",2001,0
"PG","Papua New Guinea",2002,0
"PG","Papua New Guinea",2004,0
"PG","Papua New Guinea",2005,0
"PG","Papua New Guinea",2006,0
"PG","Papua New Guinea",2008,0
"PG","Papua New Guinea",2009,0
"PG","Papua New Guinea",2010,13074279.8
"PG","Papua New Guinea",2011,11595446.25
"PG","Papua New Guinea",2012,54512305.92
"PG","Papua New Guinea",2013,79011108.73
"PG","Papua New Guinea",2014,51208512.56
"PG","Papua New Guinea",2015,68863200
"PH","Philippines",1978,0
"PH","Philippines",1979,0
"PH","Philippines",1980,0
"PH","Philippines",1981,0
"PH","Philippines",1986,0
"PH","Philippines",1988,0
"PH","Philippines",1989,0
"PH","Philippines",1990,0
"PH","Philippines",1991,0
"PH","Philippines",1992,0
"PH","Philippines",1993,0
"PH","Philippines",1995,0
"PH","Philippines",1996,0
"PH","Philippines",1997,0
"PH","Philippines",1998,0
"PH","Philippines",2010,0
"PH","Philippines",2011,2655424.98
"PH","Philippines",2012,0
"PH","Philippines",2013,6177253.42
"PH","Philippines",2014,3081118.09
"PH","Philippines",2015,3865690
"WS","Samoa",1977,0
"WS","Samoa",1978,0
"WS","Samoa",1979,0
"WS","Samoa",1980,0
"WS","Samoa",1981,0
"WS","Samoa",1983,0
"WS","Samoa",1985,0
"WS","Samoa",1986,0
"WS","Samoa",1989,0
"WS","Samoa",1990,0
"WS","Samoa",1992,0
"WS","Samoa",1993,0
"WS","Samoa",2000,0
"WS","Samoa",2001,0
"WS","Samoa",2002,0
"WS","Samoa",2004,0
"WS","Samoa",2005,0
"WS","Samoa",2006,0
"WS","Samoa",2008,0
"WS","Samoa",2010,26363159.08
"WS","Samoa",2011,11844011.63
"WS","Samoa",2012,20190448.17
"WS","Samoa",2013,15942867.62
"WS","Samoa",2014,7106853.93
"WS","Samoa",2015,7299540
"SB","Solomon Islands",1977,0
"SB","Solomon Islands",1979,0
"SB","Solomon Islands",1980,0
"SB","Solomon Islands",1983,0
"SB","Solomon Islands",1984,0
"SB","Solomon Islands",1987,0
"SB","Solomon Islands",1991,0
"SB","Solomon Islands",1993,0
"SB","Solomon Islands",1998,0
"SB","Solomon Islands",2001,0
"SB","Solomon Islands",2010,9753576.81
"SB","Solomon Islands",2011,12846144.31
"SB","Solomon Islands",2012,9216184.2
"SB","Solomon Islands",2013,13301030.19
"SB","Solomon Islands",2014,6581886.59
"SB","Solomon Islands",2015,4084190
"LK","Sri Lanka",1977,0
"LK","Sri Lanka",1978,0
"LK","Sri Lanka",1979,0
"LK","Sri Lanka",1980,0
"LK","Sri Lanka",1981,0
"LK","Sri Lanka",1982,0
"LK","Sri Lanka",1983,0
"LK","Sri Lanka",1984,0
"LK","Sri Lanka",1985,0
"LK","Sri Lanka",1986,0
"LK","Sri Lanka",1987,0
"LK","Sri Lanka",1988,0
"LK","Sri Lanka",1989,0
"LK","Sri Lanka",1990,0
"LK","Sri Lanka",1991,0
"LK","Sri Lanka",1992,0
"LK","Sri Lanka",1993,0
"LK","Sri Lanka",1994,0
"LK","Sri Lanka",1995,0
"LK","Sri Lanka",1996,0
"LK","Sri Lanka",1998,0
"LK","Sri Lanka",1999,0
"LK","Sri Lanka",2000,0
"LK","Sri Lanka",2001,0
"LK","Sri Lanka",2002,0
"LK","Sri Lanka",2003,0
"LK","Sri Lanka",2004,0
"LK","Sri Lanka",2005,0
"LK","Sri Lanka",2006,0
"LK","Sri Lanka",2007,0
"LK","Sri Lanka",2009,0
"LK","Sri Lanka",2010,105439468.01
"LK","Sri Lanka",2011,99135285.14
"LK","Sri Lanka",2012,67324400.9
"LK","Sri Lanka",2013,74079498.77
"LK","Sri Lanka",2014,121521667
"LK","Sri Lanka",2015,151376410
"TJ","Tajikistan",1999,0
"TJ","Tajikistan",2001,0
"TJ","Tajikistan",2002,0
"TJ","Tajikistan",2003,0
"TJ","Tajikistan",2004,0
"TJ","Tajikistan",2005,0
"TJ","Tajikistan",2006,0
"TJ","Tajikistan",2007,0
"TJ","Tajikistan",2010,47018496.51
"TJ","Tajikistan",2011,66169777.49
"TJ","Tajikistan",2012,54524565.45
"TJ","Tajikistan",2013,90719292.84
"TJ","Tajikistan",2014,77216798.43
"TJ","Tajikistan",2015,188418430
"TH","Thailand",1978,0
"TH","Thailand",1979,0
"TH","Thailand",1980,0
"TH","Thailand",1982,0
"TH","Thailand",2011,0
"TH","Thailand",2012,2716953.81
"TH","Thailand",2013,335064.94
"TH","Thailand",2014,393765.18
"TH","Thailand",2015,374580
"TL","Timor-Leste",2010,1415191.45
"TL","Timor-Leste",2011,2644423.56
"TL","Timor-Leste",2012,8650496.44
"TL","Timor-Leste",2013,17136826.87
"TL","Timor-Leste",2014,16375278.55
"TL","Timor-Leste",2015,25235320
"TO","Tonga",1977,0
"TO","Tonga",1978,0
"TO","Tonga",1979,0
"TO","Tonga",1981,0
"TO","Tonga",1983,0
"TO","Tonga",1986,0
"TO","Tonga",1988,0
"TO","Tonga",1990,0
"TO","Tonga",1991,0
"TO","Tonga",1995,0
"TO","Tonga",1996,0
"TO","Tonga",1997,0
"TO","Tonga",2010,5312057.02
"TO","Tonga",2011,6269759.33
"TO","Tonga",2012,3487015.05
"TO","Tonga",2013,13216390.55
"TO","Tonga",2014,2228330.52
"TO","Tonga",2015,4386380
"TM","Turkmenistan",2014,0
"TV","Tuvalu",1999,0
"TV","Tuvalu",2004,0
"TV","Tuvalu",2005,0
"TV","Tuvalu",2010,313979.28
"TV","Tuvalu",2011,1770283.32
"TV","Tuvalu",2012,0
"TV","Tuvalu",2013,2311382.65
"TV","Tuvalu",2014,51880
"TV","Tuvalu",2015,2200410
"UZ","Uzbekistan",1998,0
"UZ","Uzbekistan",2007,0
"UZ","Uzbekistan",2008,0
"UZ","Uzbekistan",2009,0
"UZ","Uzbekistan",2010,34664839.49
"UZ","Uzbekistan",2011,53970834.86
"UZ","Uzbekistan",2012,52544811.13
"UZ","Uzbekistan",2013,68256471.27
"UZ","Uzbekistan",2014,86468410.7
"UZ","Uzbekistan",2015,119084110
"VU","Vanuatu",1982,0
"VU","Vanuatu",1983,0
"VU","Vanuatu",1986,0
"VU","Vanuatu",1988,0
"VU","Vanuatu",1991,0
"VU","Vanuatu",1992,0
"VU","Vanuatu",1996,0
"VU","Vanuatu",1998,0
"VU","Vanuatu",1999,0
"VU","Vanuatu",2010,0
"VU","Vanuatu",2011,0
"VU","Vanuatu",2012,0
"VU","Vanuatu",2013,23410.97
"VU","Vanuatu",2014,516600.12
"VU","Vanuatu",2015,3604420
"VN","Viet Nam",1993,0
"VN","Viet Nam",1994,0
"VN","Viet Nam",1995,0
"VN","Viet Nam",1996,0
"VN","Viet Nam",1997,0
"VN","Viet Nam",1998,0
"VN","Viet Nam",1999,0
"VN","Viet Nam",2000,0
"VN","Viet Nam",2001,0
"VN","Viet Nam",2002,0
"VN","Viet Nam",2003,0
"VN","Viet Nam",2004,0
"VN","Viet Nam",2005,0
"VN","Viet Nam",2006,0
"VN","Viet Nam",2007,0
"VN","Viet Nam",2008,0
"VN","Viet Nam",2009,0
"VN","Viet Nam",2010,225439799.72
"VN","Viet Nam",2011,328799626.32
"VN","Viet Nam",2012,289868521.77
"VN","Viet Nam",2013,347804111.13
"VN","Viet Nam",2014,402324309.45
"VN","Viet Nam",2015,440404280
