"id","entity-name","year","value"
"AF","Afghanistan",2000,7.800000191
"AF","Afghanistan",2001,7.800000191
"AF","Afghanistan",2002,7.800000191
"AF","Afghanistan",2003,7.800000191
"AF","Afghanistan",2004,7.800000191
"AF","Afghanistan",2005,19.70000076
"AF","Afghanistan",2006,19.60000038
"AF","Afghanistan",2007,19.70000076
"AF","Afghanistan",2008,19.70000076
"AF","Afghanistan",2009,19.79999924
"AF","Afghanistan",2010,19.79999924
"AF","Afghanistan",2011,19.79999924
"AF","Afghanistan",2012,19.5
"AF","Afghanistan",2013,17.5
"AL","Albania",2000,24.60000038
"AL","Albania",2001,35.5
"AL","Albania",2002,23.89999962
"AL","Albania",2003,20.5
"AL","Albania",2004,20.70000076
"AL","Albania",2005,20.70000076
"AL","Albania",2006,21.39999962
"AL","Albania",2007,22.29999924
"AL","Albania",2008,26.5
"AL","Albania",2009,25.20000076
"AL","Albania",2010,25.79999924
"AL","Albania",2011,27
"AL","Albania",2012,28.29999924
"AL","Albania",2013,28.70000076
"DZ","Algeria",2000,51.29999924
"DZ","Algeria",2001,47
"DZ","Algeria",2002,45.40000153
"DZ","Algeria",2003,42.5
"DZ","Algeria",2004,40.79999924
"DZ","Algeria",2005,30.60000038
"DZ","Algeria",2006,23.89999962
"DZ","Algeria",2007,27.5
"DZ","Algeria",2008,23.89999962
"DZ","Algeria",2009,21.70000076
"DZ","Algeria",2010,22.20000076
"DZ","Algeria",2011,22.5
"DZ","Algeria",2012,26.29999924
"DZ","Algeria",2013,24
"AS","American Samoa",2000,
"AS","American Samoa",2001,
"AS","American Samoa",2002,
"AS","American Samoa",2003,
"AS","American Samoa",2004,
"AS","American Samoa",2005,
"AS","American Samoa",2006,
"AS","American Samoa",2007,
"AS","American Samoa",2008,
"AS","American Samoa",2009,
"AS","American Samoa",2010,
"AS","American Samoa",2011,
"AS","American Samoa",2012,
"AS","American Samoa",2013,
"AD","Andorra",2000,
"AD","Andorra",2001,
"AD","Andorra",2002,
"AD","Andorra",2003,
"AD","Andorra",2004,
"AD","Andorra",2005,
"AD","Andorra",2006,
"AD","Andorra",2007,
"AD","Andorra",2008,
"AD","Andorra",2009,
"AD","Andorra",2010,
"AD","Andorra",2011,
"AD","Andorra",2012,
"AD","Andorra",2013,
"AO","Angola",2000,10.80000019
"AO","Angola",2001,10.80000019
"AO","Angola",2002,10.39999962
"AO","Angola",2003,10.80000019
"AO","Angola",2004,10.5
"AO","Angola",2005,10.19999981
"AO","Angola",2006,10.10000038
"AO","Angola",2007,10.10000038
"AO","Angola",2008,10.39999962
"AO","Angola",2009,10.80000019
"AO","Angola",2010,10.80000019
"AO","Angola",2011,10.80000019
"AO","Angola",2012,10.69999981
"AO","Angola",2013,10.60000038
"AG","Antigua and Barbuda",2000,
"AG","Antigua and Barbuda",2001,
"AG","Antigua and Barbuda",2002,
"AG","Antigua and Barbuda",2003,
"AG","Antigua and Barbuda",2004,
"AG","Antigua and Barbuda",2005,
"AG","Antigua and Barbuda",2006,
"AG","Antigua and Barbuda",2007,
"AG","Antigua and Barbuda",2008,
"AG","Antigua and Barbuda",2009,
"AG","Antigua and Barbuda",2010,
"AG","Antigua and Barbuda",2011,
"AG","Antigua and Barbuda",2012,
"AG","Antigua and Barbuda",2013,
"AR","Argentina",2000,26.20000076
"AR","Argentina",2001,30.39999962
"AR","Argentina",2002,34.29999924
"AR","Argentina",2003,35.79999924
"AR","Argentina",2004,27.89999962
"AR","Argentina",2005,24.39999962
"AR","Argentina",2006,25.20000076
"AR","Argentina",2007,20.39999962
"AR","Argentina",2008,18.79999924
"AR","Argentina",2009,21.20000076
"AR","Argentina",2010,19.5
"AR","Argentina",2011,18.79999924
"AR","Argentina",2012,18.39999962
"AR","Argentina",2013,19.89999962
"AM","Armenia",2000,35.5
"AM","Armenia",2001,48.20000076
"AM","Armenia",2002,53.90000153
"AM","Armenia",2003,55.90000153
"AM","Armenia",2004,50.09999847
"AM","Armenia",2005,55.5
"AM","Armenia",2006,55.29999924
"AM","Armenia",2007,58.29999924
"AM","Armenia",2008,36.20000076
"AM","Armenia",2009,40.20000076
"AM","Armenia",2010,38.29999924
"AM","Armenia",2011,38.70000076
"AM","Armenia",2012,35
"AM","Armenia",2013,33.09999847
"AW","Aruba",2000,
"AW","Aruba",2001,
"AW","Aruba",2002,
"AW","Aruba",2003,
"AW","Aruba",2004,
"AW","Aruba",2005,
"AW","Aruba",2006,
"AW","Aruba",2007,
"AW","Aruba",2008,
"AW","Aruba",2009,
"AW","Aruba",2010,
"AW","Aruba",2011,
"AW","Aruba",2012,
"AW","Aruba",2013,
"AU","Australia",2000,12.10000038
"AU","Australia",2001,13.60000038
"AU","Australia",2002,12.89999962
"AU","Australia",2003,11.89999962
"AU","Australia",2004,11.39999962
"AU","Australia",2005,10.60000038
"AU","Australia",2006,10
"AU","Australia",2007,9.300000191
"AU","Australia",2008,8.699999809
"AU","Australia",2009,11.5
"AU","Australia",2010,11.39999962
"AU","Australia",2011,11.39999962
"AU","Australia",2012,11.69999981
"AU","Australia",2013,12.19999981
"AT","Austria",2000,5.099999905
"AT","Austria",2001,5.699999809
"AT","Austria",2002,6.199999809
"AT","Austria",2003,7
"AT","Austria",2004,9.600000381
"AT","Austria",2005,10.39999962
"AT","Austria",2006,8.899999619
"AT","Austria",2007,8.600000381
"AT","Austria",2008,7.900000095
"AT","Austria",2009,10
"AT","Austria",2010,8.800000191
"AT","Austria",2011,8.199999809
"AT","Austria",2012,8.699999809
"AT","Austria",2013,9.100000381
"AZ","Azerbaijan",2000,27.89999962
"AZ","Azerbaijan",2001,25.89999962
"AZ","Azerbaijan",2002,23.89999962
"AZ","Azerbaijan",2003,22.10000038
"AZ","Azerbaijan",2004,19.29999924
"AZ","Azerbaijan",2005,17.79999924
"AZ","Azerbaijan",2006,16.20000076
"AZ","Azerbaijan",2007,13.39999962
"AZ","Azerbaijan",2008,13.89999962
"AZ","Azerbaijan",2009,13.69999981
"AZ","Azerbaijan",2010,14.60000038
"AZ","Azerbaijan",2011,14.5
"AZ","Azerbaijan",2012,14.30000019
"AZ","Azerbaijan",2013,14.80000019
"BS","Bahamas",2000,15.30000019
"BS","Bahamas",2001,15.10000038
"BS","Bahamas",2002,19.20000076
"BS","Bahamas",2003,24.20000076
"BS","Bahamas",2004,23.20000076
"BS","Bahamas",2005,20.20000076
"BS","Bahamas",2006,15.69999981
"BS","Bahamas",2007,18.89999962
"BS","Bahamas",2008,18
"BS","Bahamas",2009,35.90000153
"BS","Bahamas",2010,36
"BS","Bahamas",2011,27.20000076
"BS","Bahamas",2012,30.39999962
"BS","Bahamas",2013,28.89999962
"BH","Bahrain",2000,21.20000076
"BH","Bahrain",2001,19.29999924
"BH","Bahrain",2002,21.20000076
"BH","Bahrain",2003,23.10000038
"BH","Bahrain",2004,26.60000038
"BH","Bahrain",2005,26.60000038
"BH","Bahrain",2006,26.60000038
"BH","Bahrain",2007,26.70000076
"BH","Bahrain",2008,26.70000076
"BH","Bahrain",2009,26.70000076
"BH","Bahrain",2010,26.79999924
"BH","Bahrain",2011,26.79999924
"BH","Bahrain",2012,27.60000038
"BH","Bahrain",2013,27.89999962
"BD","Bangladesh",2000,9.399999619
"BD","Bangladesh",2001,9
"BD","Bangladesh",2002,8.5
"BD","Bangladesh",2003,6.300000191
"BD","Bangladesh",2004,7.199999809
"BD","Bangladesh",2005,8.600000381
"BD","Bangladesh",2006,9
"BD","Bangladesh",2007,9.199999809
"BD","Bangladesh",2008,9.399999619
"BD","Bangladesh",2009,10.89999962
"BD","Bangladesh",2010,8.199999809
"BD","Bangladesh",2011,8.199999809
"BD","Bangladesh",2012,8.899999619
"BD","Bangladesh",2013,9.199999809
"BB","Barbados",2000,19.79999924
"BB","Barbados",2001,23
"BB","Barbados",2002,23.5
"BB","Barbados",2003,26
"BB","Barbados",2004,22.20000076
"BB","Barbados",2005,20.60000038
"BB","Barbados",2006,19.79999924
"BB","Barbados",2007,16.89999962
"BB","Barbados",2008,18.5
"BB","Barbados",2009,22.79999924
"BB","Barbados",2010,24.70000076
"BB","Barbados",2011,25.70000076
"BB","Barbados",2012,26.10000038
"BB","Barbados",2013,27
"BY","Belarus",2000,13.80000019
"BY","Belarus",2001,14
"BY","Belarus",2002,15
"BY","Belarus",2003,14.30000019
"BY","Belarus",2004,14
"BY","Belarus",2005,13.30000019
"BY","Belarus",2006,13.19999981
"BY","Belarus",2007,12.89999962
"BY","Belarus",2008,12
"BY","Belarus",2009,12.80000019
"BY","Belarus",2010,13
"BY","Belarus",2011,12.39999962
"BY","Belarus",2012,12.19999981
"BY","Belarus",2013,12.19999981
"BE","Belgium",2000,15.30000019
"BE","Belgium",2001,15.5
"BE","Belgium",2002,17.70000076
"BE","Belgium",2003,21.89999962
"BE","Belgium",2004,21.20000076
"BE","Belgium",2005,21.5
"BE","Belgium",2006,20.39999962
"BE","Belgium",2007,19
"BE","Belgium",2008,17.89999962
"BE","Belgium",2009,21.89999962
"BE","Belgium",2010,22.5
"BE","Belgium",2011,18.60000038
"BE","Belgium",2012,19.70000076
"BE","Belgium",2013,23.10000038
"BZ","Belize",2000,19.20000076
"BZ","Belize",2001,16.10000038
"BZ","Belize",2002,17.70000076
"BZ","Belize",2003,18.20000076
"BZ","Belize",2004,18.79999924
"BZ","Belize",2005,19.20000076
"BZ","Belize",2006,16.89999962
"BZ","Belize",2007,15.39999962
"BZ","Belize",2008,14.89999962
"BZ","Belize",2009,21.20000076
"BZ","Belize",2010,20.79999924
"BZ","Belize",2011,24.29999924
"BZ","Belize",2012,29.70000076
"BZ","Belize",2013,29.70000076
"BJ","Benin",2000,1.100000024
"BJ","Benin",2001,0.899999976
"BJ","Benin",2002,0.800000012
"BJ","Benin",2003,1.5
"BJ","Benin",2004,1.600000024
"BJ","Benin",2005,1.600000024
"BJ","Benin",2006,2
"BJ","Benin",2007,2
"BJ","Benin",2008,1.899999976
"BJ","Benin",2009,1.899999976
"BJ","Benin",2010,2
"BJ","Benin",2011,2
"BJ","Benin",2012,1.799999952
"BJ","Benin",2013,1.700000048
"BM","Bermuda",2000,
"BM","Bermuda",2001,
"BM","Bermuda",2002,
"BM","Bermuda",2003,
"BM","Bermuda",2004,
"BM","Bermuda",2005,
"BM","Bermuda",2006,
"BM","Bermuda",2007,
"BM","Bermuda",2008,
"BM","Bermuda",2009,
"BM","Bermuda",2010,
"BM","Bermuda",2011,
"BM","Bermuda",2012,
"BM","Bermuda",2013,
"BT","Bhutan",2000,4.5
"BT","Bhutan",2001,5.099999905
"BT","Bhutan",2002,4.900000095
"BT","Bhutan",2003,4.800000191
"BT","Bhutan",2004,6.599999905
"BT","Bhutan",2005,6.400000095
"BT","Bhutan",2006,8.399999619
"BT","Bhutan",2007,10.60000038
"BT","Bhutan",2008,11.39999962
"BT","Bhutan",2009,13.10000038
"BT","Bhutan",2010,8.399999619
"BT","Bhutan",2011,8.399999619
"BT","Bhutan",2012,6.400000095
"BT","Bhutan",2013,6.699999809
"BO","Bolivia ",2000,8.800000191
"BO","Bolivia ",2001,8.800000191
"BO","Bolivia ",2002,9.300000191
"BO","Bolivia ",2003,9.399999619
"BO","Bolivia ",2004,7.5
"BO","Bolivia ",2005,9.800000191
"BO","Bolivia ",2006,9.699999809
"BO","Bolivia ",2007,9.699999809
"BO","Bolivia ",2008,6.300000191
"BO","Bolivia ",2009,6
"BO","Bolivia ",2010,6
"BO","Bolivia ",2011,5.5
"BO","Bolivia ",2012,5.300000191
"BO","Bolivia ",2013,4.900000095
"BA","Bosnia and Herzegovina",2000,51.20000076
"BA","Bosnia and Herzegovina",2001,56
"BA","Bosnia and Herzegovina",2002,49.79999924
"BA","Bosnia and Herzegovina",2003,52.59999847
"BA","Bosnia and Herzegovina",2004,59.59999847
"BA","Bosnia and Herzegovina",2005,52.5
"BA","Bosnia and Herzegovina",2006,62.5
"BA","Bosnia and Herzegovina",2007,58.5
"BA","Bosnia and Herzegovina",2008,47.70000076
"BA","Bosnia and Herzegovina",2009,48.70000076
"BA","Bosnia and Herzegovina",2010,57.20000076
"BA","Bosnia and Herzegovina",2011,57.09999847
"BA","Bosnia and Herzegovina",2012,61.70000076
"BA","Bosnia and Herzegovina",2013,60.40000153
"BW","Botswana",2000,40.29999924
"BW","Botswana",2001,38.70000076
"BW","Botswana",2002,22
"BW","Botswana",2003,40.09999847
"BW","Botswana",2004,38.70000076
"BW","Botswana",2005,37.29999924
"BW","Botswana",2006,29.79999924
"BW","Botswana",2007,31.60000038
"BW","Botswana",2008,37.29999924
"BW","Botswana",2009,33.59999847
"BW","Botswana",2010,33
"BW","Botswana",2011,33.20000076
"BW","Botswana",2012,32.79999924
"BW","Botswana",2013,34.09999847
"BR","Brazil",2000,18
"BR","Brazil",2001,17.70000076
"BR","Brazil",2002,17.89999962
"BR","Brazil",2003,19
"BR","Brazil",2004,18
"BR","Brazil",2005,19.39999962
"BR","Brazil",2006,17.70000076
"BR","Brazil",2007,16.70000076
"BR","Brazil",2008,15.5
"BR","Brazil",2009,17.79999924
"BR","Brazil",2010,17.20000076
"BR","Brazil",2011,15.19999981
"BR","Brazil",2012,14.39999962
"BR","Brazil",2013,13.60000038
"BN","Brunei",2000,11.39999962
"BN","Brunei",2001,10.89999962
"BN","Brunei",2002,11.30000019
"BN","Brunei",2003,11.60000038
"BN","Brunei",2004,10
"BN","Brunei",2005,9.899999619
"BN","Brunei",2006,9.899999619
"BN","Brunei",2007,9.899999619
"BN","Brunei",2008,9.800000191
"BN","Brunei",2009,10.69999981
"BN","Brunei",2010,11.30000019
"BN","Brunei",2011,11.19999981
"BN","Brunei",2012,11.5
"BN","Brunei",2013,11.69999981
"BG","Bulgaria",2000,33.29999924
"BG","Bulgaria",2001,39.09999847
"BG","Bulgaria",2002,35.5
"BG","Bulgaria",2003,26.89999962
"BG","Bulgaria",2004,24.29999924
"BG","Bulgaria",2005,22.20000076
"BG","Bulgaria",2006,19.29999924
"BG","Bulgaria",2007,15.19999981
"BG","Bulgaria",2008,12.69999981
"BG","Bulgaria",2009,16
"BG","Bulgaria",2010,22.89999962
"BG","Bulgaria",2011,25.20000076
"BG","Bulgaria",2012,28.20000076
"BG","Bulgaria",2013,29.70000076
"BF","Burkina Faso",2000,4.800000191
"BF","Burkina Faso",2001,3.700000048
"BF","Burkina Faso",2002,4.699999809
"BF","Burkina Faso",2003,4.5
"BF","Burkina Faso",2004,4.400000095
"BF","Burkina Faso",2005,4.300000191
"BF","Burkina Faso",2006,3.700000048
"BF","Burkina Faso",2007,5.300000191
"BF","Burkina Faso",2008,5.300000191
"BF","Burkina Faso",2009,5.300000191
"BF","Burkina Faso",2010,5.199999809
"BF","Burkina Faso",2011,5.300000191
"BF","Burkina Faso",2012,5.199999809
"BF","Burkina Faso",2013,4.900000095
"BI","Burundi",2000,11
"BI","Burundi",2001,10.89999962
"BI","Burundi",2002,10.89999962
"BI","Burundi",2003,10.89999962
"BI","Burundi",2004,10.80000019
"BI","Burundi",2005,10.80000019
"BI","Burundi",2006,10.80000019
"BI","Burundi",2007,10.80000019
"BI","Burundi",2008,10.80000019
"BI","Burundi",2009,10.80000019
"BI","Burundi",2010,10.80000019
"BI","Burundi",2011,10.80000019
"BI","Burundi",2012,10.80000019
"BI","Burundi",2013,10.69999981
"CI","Côte d'Ivoire",2000,5.900000095
"CI","Côte d'Ivoire",2001,5.800000191
"CI","Côte d'Ivoire",2002,5.800000191
"CI","Côte d'Ivoire",2003,5.800000191
"CI","Côte d'Ivoire",2004,5.800000191
"CI","Côte d'Ivoire",2005,5.699999809
"CI","Côte d'Ivoire",2006,5.800000191
"CI","Côte d'Ivoire",2007,5.800000191
"CI","Côte d'Ivoire",2008,5.699999809
"CI","Côte d'Ivoire",2009,5.699999809
"CI","Côte d'Ivoire",2010,5.699999809
"CI","Côte d'Ivoire",2011,5.900000095
"CI","Côte d'Ivoire",2012,5.900000095
"CI","Côte d'Ivoire",2013,5.699999809
"KH","Cambodia",2000,5.900000095
"KH","Cambodia",2001,3.799999952
"KH","Cambodia",2002,4.5
"KH","Cambodia",2003,5.199999809
"KH","Cambodia",2004,3.799999952
"KH","Cambodia",2005,2.700000048
"KH","Cambodia",2006,1.799999952
"KH","Cambodia",2007,1.100000024
"KH","Cambodia",2008,0.5
"KH","Cambodia",2009,0.100000001
"KH","Cambodia",2010,1
"KH","Cambodia",2011,0.800000012
"KH","Cambodia",2012,0.5
"KH","Cambodia",2013,0.699999988
"CM","Cameroon",2000,10.89999962
"CM","Cameroon",2001,13.69999981
"CM","Cameroon",2002,9.899999619
"CM","Cameroon",2003,10.10000038
"CM","Cameroon",2004,8.100000381
"CM","Cameroon",2005,8
"CM","Cameroon",2006,6.900000095
"CM","Cameroon",2007,7.400000095
"CM","Cameroon",2008,8.199999809
"CM","Cameroon",2009,8.600000381
"CM","Cameroon",2010,7
"CM","Cameroon",2011,6.900000095
"CM","Cameroon",2012,7
"CM","Cameroon",2013,7.400000095
"CA","Canada",2000,12.60000038
"CA","Canada",2001,12.80000019
"CA","Canada",2002,13.80000019
"CA","Canada",2003,13.69999981
"CA","Canada",2004,13.5
"CA","Canada",2005,12.30000019
"CA","Canada",2006,11.69999981
"CA","Canada",2007,11.10000038
"CA","Canada",2008,11.5
"CA","Canada",2009,15.30000019
"CA","Canada",2010,14.80000019
"CA","Canada",2011,14.10000038
"CA","Canada",2012,14.30000019
"CA","Canada",2013,13.80000019
"CV","Cape Verde",2000,10.60000038
"CV","Cape Verde",2001,10.60000038
"CV","Cape Verde",2002,10.60000038
"CV","Cape Verde",2003,10.5
"CV","Cape Verde",2004,10.60000038
"CV","Cape Verde",2005,10.60000038
"CV","Cape Verde",2006,10.5
"CV","Cape Verde",2007,10.5
"CV","Cape Verde",2008,10.60000038
"CV","Cape Verde",2009,10.80000019
"CV","Cape Verde",2010,10.69999981
"CV","Cape Verde",2011,10.69999981
"CV","Cape Verde",2012,10.69999981
"CV","Cape Verde",2013,10.80000019
"CF","CAR",2000,10.80000019
"CF","CAR",2001,10.89999962
"CF","CAR",2002,10.89999962
"CF","CAR",2003,11.10000038
"CF","CAR",2004,10.80000019
"CF","CAR",2005,10.80000019
"CF","CAR",2006,10.69999981
"CF","CAR",2007,10.69999981
"CF","CAR",2008,10.80000019
"CF","CAR",2009,10.80000019
"CF","CAR",2010,10.80000019
"CF","CAR",2011,10.80000019
"CF","CAR",2012,10.69999981
"CF","CAR",2013,12.5
"KY","Cayman Islands",2000,
"KY","Cayman Islands",2001,
"KY","Cayman Islands",2002,
"KY","Cayman Islands",2003,
"KY","Cayman Islands",2004,
"KY","Cayman Islands",2005,
"KY","Cayman Islands",2006,
"KY","Cayman Islands",2007,
"KY","Cayman Islands",2008,
"KY","Cayman Islands",2009,
"KY","Cayman Islands",2010,
"KY","Cayman Islands",2011,
"KY","Cayman Islands",2012,
"KY","Cayman Islands",2013,
"TD","Chad",2000,11
"TD","Chad",2001,10.5
"TD","Chad",2002,10.60000038
"TD","Chad",2003,10.39999962
"TD","Chad",2004,9.699999809
"TD","Chad",2005,10.60000038
"TD","Chad",2006,10.89999962
"TD","Chad",2007,10.80000019
"TD","Chad",2008,10.80000019
"TD","Chad",2009,10.80000019
"TD","Chad",2010,10.39999962
"TD","Chad",2011,10.89999962
"TD","Chad",2012,10.80000019
"TD","Chad",2013,10.80000019
"CL","Chile",2000,21.5
"CL","Chile",2001,21
"CL","Chile",2002,21.60000038
"CL","Chile",2003,21.20000076
"CL","Chile",2004,21
"CL","Chile",2005,19.79999924
"CL","Chile",2006,18.39999962
"CL","Chile",2007,17.79999924
"CL","Chile",2008,19.79999924
"CL","Chile",2009,22.70000076
"CL","Chile",2010,18.60000038
"CL","Chile",2011,17.60000038
"CL","Chile",2012,16.20000076
"CL","Chile",2013,16.10000038
"CN","China",2000,9.300000191
"CN","China",2001,9.399999619
"CN","China",2002,9.199999809
"CN","China",2003,8.899999619
"CN","China",2004,8.899999619
"CN","China",2005,8.600000381
"CN","China",2006,8.300000191
"CN","China",2007,8
"CN","China",2008,9.100000381
"CN","China",2009,9.300000191
"CN","China",2010,9
"CN","China",2011,9.300000191
"CN","China",2012,9.699999809
"CN","China",2013,10.10000038
"CO","Colombia",2000,31
"CO","Colombia",2001,25.5
"CO","Colombia",2002,27.10000038
"CO","Colombia",2003,24.79999924
"CO","Colombia",2004,27.10000038
"CO","Colombia",2005,24.39999962
"CO","Colombia",2006,23.20000076
"CO","Colombia",2007,22.79999924
"CO","Colombia",2008,22.70000076
"CO","Colombia",2009,23.60000038
"CO","Colombia",2010,24.29999924
"CO","Colombia",2011,23.20000076
"CO","Colombia",2012,20.60000038
"CO","Colombia",2013,20.5
"KM","Comoros",2000,10.60000038
"KM","Comoros",2001,10.60000038
"KM","Comoros",2002,10.60000038
"KM","Comoros",2003,10.60000038
"KM","Comoros",2004,10.69999981
"KM","Comoros",2005,10.60000038
"KM","Comoros",2006,10.69999981
"KM","Comoros",2007,10.69999981
"KM","Comoros",2008,10.69999981
"KM","Comoros",2009,10.60000038
"KM","Comoros",2010,10.60000038
"KM","Comoros",2011,10.60000038
"KM","Comoros",2012,10.60000038
"KM","Comoros",2013,10.69999981
"CG","Congo",2000,10.60000038
"CG","Congo",2001,10.80000019
"CG","Congo",2002,10.80000019
"CG","Congo",2003,10.89999962
"CG","Congo",2004,10.80000019
"CG","Congo",2005,10.60000038
"CG","Congo",2006,10.69999981
"CG","Congo",2007,11
"CG","Congo",2008,10.69999981
"CG","Congo",2009,10.60000038
"CG","Congo",2010,10.60000038
"CG","Congo",2011,10.80000019
"CG","Congo",2012,10.80000019
"CG","Congo",2013,10.69999981
"CR","Costa Rica",2000,11.10000038
"CR","Costa Rica",2001,13.69999981
"CR","Costa Rica",2002,14.30000019
"CR","Costa Rica",2003,15
"CR","Costa Rica",2004,14.30000019
"CR","Costa Rica",2005,15.10000038
"CR","Costa Rica",2006,14.10000038
"CR","Costa Rica",2007,11.10000038
"CR","Costa Rica",2008,11.19999981
"CR","Costa Rica",2009,18
"CR","Costa Rica",2010,17
"CR","Costa Rica",2011,17
"CR","Costa Rica",2012,18.79999924
"CR","Costa Rica",2013,18.20000076
"HR","Croatia",2000,38.70000076
"HR","Croatia",2001,45.5
"HR","Croatia",2002,36.40000153
"HR","Croatia",2003,35.70000076
"HR","Croatia",2004,32.90000153
"HR","Croatia",2005,32.29999924
"HR","Croatia",2006,28.89999962
"HR","Croatia",2007,24.29999924
"HR","Croatia",2008,22.29999924
"HR","Croatia",2009,25.70000076
"HR","Croatia",2010,33.5
"HR","Croatia",2011,36.59999847
"HR","Croatia",2012,44.09999847
"HR","Croatia",2013,51.5
"CU","Cuba",2000,11.39999962
"CU","Cuba",2001,8.699999809
"CU","Cuba",2002,7
"CU","Cuba",2003,4.900000095
"CU","Cuba",2004,4.400000095
"CU","Cuba",2005,4
"CU","Cuba",2006,3.599999905
"CU","Cuba",2007,3.900000095
"CU","Cuba",2008,3.5
"CU","Cuba",2009,3.5
"CU","Cuba",2010,5.199999809
"CU","Cuba",2011,6.699999809
"CU","Cuba",2012,6.699999809
"CU","Cuba",2013,6.900000095
"CW","Curaçao",2000,
"CW","Curaçao",2001,
"CW","Curaçao",2002,
"CW","Curaçao",2003,
"CW","Curaçao",2004,
"CW","Curaçao",2005,
"CW","Curaçao",2006,
"CW","Curaçao",2007,
"CW","Curaçao",2008,
"CW","Curaçao",2009,
"CW","Curaçao",2010,
"CW","Curaçao",2011,
"CW","Curaçao",2012,
"CW","Curaçao",2013,
"CY","Cyprus",2000,9.5
"CY","Cyprus",2001,7.699999809
"CY","Cyprus",2002,7.199999809
"CY","Cyprus",2003,8.199999809
"CY","Cyprus",2004,8.199999809
"CY","Cyprus",2005,12.89999962
"CY","Cyprus",2006,9.300000191
"CY","Cyprus",2007,9.600000381
"CY","Cyprus",2008,8.399999619
"CY","Cyprus",2009,13.19999981
"CY","Cyprus",2010,16
"CY","Cyprus",2011,21.39999962
"CY","Cyprus",2012,26.79999924
"CY","Cyprus",2013,36.90000153
"CZ","Czech Republic",2000,17
"CZ","Czech Republic",2001,16.39999962
"CZ","Czech Republic",2002,16
"CZ","Czech Republic",2003,17.70000076
"CZ","Czech Republic",2004,20.39999962
"CZ","Czech Republic",2005,19.29999924
"CZ","Czech Republic",2006,17.5
"CZ","Czech Republic",2007,10.80000019
"CZ","Czech Republic",2008,9.800000191
"CZ","Czech Republic",2009,16.79999924
"CZ","Czech Republic",2010,18.5
"CZ","Czech Republic",2011,17.89999962
"CZ","Czech Republic",2012,19.60000038
"CZ","Czech Republic",2013,18.79999924
"DK","Denmark",2000,6.800000191
"DK","Denmark",2001,8.399999619
"DK","Denmark",2002,7.300000191
"DK","Denmark",2003,9.100000381
"DK","Denmark",2004,8.100000381
"DK","Denmark",2005,8.5
"DK","Denmark",2006,7.699999809
"DK","Denmark",2007,7.5
"DK","Denmark",2008,7.900000095
"DK","Denmark",2009,11.89999962
"DK","Denmark",2010,14.10000038
"DK","Denmark",2011,14.30000019
"DK","Denmark",2012,14.10000038
"DK","Denmark",2013,13
"DJ","Djibouti",2000,
"DJ","Djibouti",2001,
"DJ","Djibouti",2002,
"DJ","Djibouti",2003,
"DJ","Djibouti",2004,
"DJ","Djibouti",2005,
"DJ","Djibouti",2006,
"DJ","Djibouti",2007,
"DJ","Djibouti",2008,
"DJ","Djibouti",2009,
"DJ","Djibouti",2010,
"DJ","Djibouti",2011,
"DJ","Djibouti",2012,
"DJ","Djibouti",2013,
"DM","Dominica",2000,
"DM","Dominica",2001,
"DM","Dominica",2002,
"DM","Dominica",2003,
"DM","Dominica",2004,
"DM","Dominica",2005,
"DM","Dominica",2006,
"DM","Dominica",2007,
"DM","Dominica",2008,
"DM","Dominica",2009,
"DM","Dominica",2010,
"DM","Dominica",2011,
"DM","Dominica",2012,
"DM","Dominica",2013,
"DO","Dominican Republic",2000,23.20000076
"DO","Dominican Republic",2001,23
"DO","Dominican Republic",2002,20.70000076
"DO","Dominican Republic",2003,31.89999962
"DO","Dominican Republic",2004,35.09999847
"DO","Dominican Republic",2005,34.40000153
"DO","Dominican Republic",2006,31.29999924
"DO","Dominican Republic",2007,30.29999924
"DO","Dominican Republic",2008,27.89999962
"DO","Dominican Republic",2009,29.70000076
"DO","Dominican Republic",2010,25.29999924
"DO","Dominican Republic",2011,30
"DO","Dominican Republic",2012,29.79999924
"DO","Dominican Republic",2013,29.89999962
"CD","DRC",2000,15.39999962
"CD","DRC",2001,15.10000038
"CD","DRC",2002,14.89999962
"CD","DRC",2003,14.69999981
"CD","DRC",2004,14.69999981
"CD","DRC",2005,14.69999981
"CD","DRC",2006,14.69999981
"CD","DRC",2007,14.69999981
"CD","DRC",2008,14.69999981
"CD","DRC",2009,14.89999962
"CD","DRC",2010,14.60000038
"CD","DRC",2011,14.69999981
"CD","DRC",2012,14.69999981
"CD","DRC",2013,14.30000019
"EC","Ecuador",2000,15.60000038
"EC","Ecuador",2001,17.60000038
"EC","Ecuador",2002,18
"EC","Ecuador",2003,20.20000076
"EC","Ecuador",2004,14.60000038
"EC","Ecuador",2005,14.5
"EC","Ecuador",2006,13.80000019
"EC","Ecuador",2007,10.69999981
"EC","Ecuador",2008,13.69999981
"EC","Ecuador",2009,14.39999962
"EC","Ecuador",2010,11.30000019
"EC","Ecuador",2011,10.69999981
"EC","Ecuador",2012,10.19999981
"EC","Ecuador",2013,10.10000038
"EG","Egypt",2000,25.5
"EG","Egypt",2001,29
"EG","Egypt",2002,28
"EG","Egypt",2003,29.10000038
"EG","Egypt",2004,30.39999962
"EG","Egypt",2005,33.70000076
"EG","Egypt",2006,31.39999962
"EG","Egypt",2007,26.10000038
"EG","Egypt",2008,25.79999924
"EG","Egypt",2009,27
"EG","Egypt",2010,26.29999924
"EG","Egypt",2011,35.5
"EG","Egypt",2012,38.20000076
"EG","Egypt",2013,38.90000153
"SV","El Salvador",2000,13
"SV","El Salvador",2001,13
"SV","El Salvador",2002,11.39999962
"SV","El Salvador",2003,11.30000019
"SV","El Salvador",2004,11.39999962
"SV","El Salvador",2005,12.69999981
"SV","El Salvador",2006,12.19999981
"SV","El Salvador",2007,10.89999962
"SV","El Salvador",2008,10.80000019
"SV","El Salvador",2009,13.39999962
"SV","El Salvador",2010,13
"SV","El Salvador",2011,12
"SV","El Salvador",2012,11.89999962
"SV","El Salvador",2013,12.10000038
"GQ","Equatorial Guinea",2000,10.19999981
"GQ","Equatorial Guinea",2001,8.899999619
"GQ","Equatorial Guinea",2002,10.19999981
"GQ","Equatorial Guinea",2003,10.39999962
"GQ","Equatorial Guinea",2004,9.600000381
"GQ","Equatorial Guinea",2005,10.5
"GQ","Equatorial Guinea",2006,10.80000019
"GQ","Equatorial Guinea",2007,10.39999962
"GQ","Equatorial Guinea",2008,10.39999962
"GQ","Equatorial Guinea",2009,11.10000038
"GQ","Equatorial Guinea",2010,10.89999962
"GQ","Equatorial Guinea",2011,10.69999981
"GQ","Equatorial Guinea",2012,10.69999981
"GQ","Equatorial Guinea",2013,12.5
"ER","Eritrea",2000,11.39999962
"ER","Eritrea",2001,10.60000038
"ER","Eritrea",2002,10.80000019
"ER","Eritrea",2003,11
"ER","Eritrea",2004,10.89999962
"ER","Eritrea",2005,10.80000019
"ER","Eritrea",2006,10.89999962
"ER","Eritrea",2007,10.89999962
"ER","Eritrea",2008,11.30000019
"ER","Eritrea",2009,10.80000019
"ER","Eritrea",2010,10.80000019
"ER","Eritrea",2011,10.60000038
"ER","Eritrea",2012,10.60000038
"ER","Eritrea",2013,10.80000019
"EE","Estonia",2000,23.60000038
"EE","Estonia",2001,24.60000038
"EE","Estonia",2002,17.29999924
"EE","Estonia",2003,24.20000076
"EE","Estonia",2004,23.60000038
"EE","Estonia",2005,15.80000019
"EE","Estonia",2006,12
"EE","Estonia",2007,10.19999981
"EE","Estonia",2008,12.10000038
"EE","Estonia",2009,27.89999962
"EE","Estonia",2010,33.29999924
"EE","Estonia",2011,22.60000038
"EE","Estonia",2012,21
"EE","Estonia",2013,18.29999924
"ET","Ethiopia",2000,11.19999981
"ET","Ethiopia",2001,10.80000019
"ET","Ethiopia",2002,9.899999619
"ET","Ethiopia",2003,9.100000381
"ET","Ethiopia",2004,8.300000191
"ET","Ethiopia",2005,7.599999905
"ET","Ethiopia",2006,7.699999809
"ET","Ethiopia",2007,7.699999809
"ET","Ethiopia",2008,7.699999809
"ET","Ethiopia",2009,7.699999809
"ET","Ethiopia",2010,7.699999809
"ET","Ethiopia",2011,7.699999809
"ET","Ethiopia",2012,7.699999809
"ET","Ethiopia",2013,8
"FO","Faroe Islands",2000,
"FO","Faroe Islands",2001,
"FO","Faroe Islands",2002,
"FO","Faroe Islands",2003,
"FO","Faroe Islands",2004,
"FO","Faroe Islands",2005,
"FO","Faroe Islands",2006,
"FO","Faroe Islands",2007,
"FO","Faroe Islands",2008,
"FO","Faroe Islands",2009,
"FO","Faroe Islands",2010,
"FO","Faroe Islands",2011,
"FO","Faroe Islands",2012,
"FO","Faroe Islands",2013,
"FJ","Fiji",2000,16.89999962
"FJ","Fiji",2001,13.5
"FJ","Fiji",2002,12.89999962
"FJ","Fiji",2003,19.20000076
"FJ","Fiji",2004,10.69999981
"FJ","Fiji",2005,10.60000038
"FJ","Fiji",2006,15.10000038
"FJ","Fiji",2007,19.79999924
"FJ","Fiji",2008,21.10000038
"FJ","Fiji",2009,20.5
"FJ","Fiji",2010,20
"FJ","Fiji",2011,20
"FJ","Fiji",2012,20
"FJ","Fiji",2013,19.20000076
"FI","Finland",2000,20.20000076
"FI","Finland",2001,18.79999924
"FI","Finland",2002,19.5
"FI","Finland",2003,20.39999962
"FI","Finland",2004,19.5
"FI","Finland",2005,19
"FI","Finland",2006,17.60000038
"FI","Finland",2007,15.69999981
"FI","Finland",2008,15.69999981
"FI","Finland",2009,20.39999962
"FI","Finland",2010,20.39999962
"FI","Finland",2011,18.89999962
"FI","Finland",2012,17.79999924
"FI","Finland",2013,19.60000038
"FR","France",2000,20.5
"FR","France",2001,18
"FR","France",2002,19
"FR","France",2003,17.5
"FR","France",2004,19.89999962
"FR","France",2005,20.5
"FR","France",2006,21.29999924
"FR","France",2007,18.89999962
"FR","France",2008,18.39999962
"FR","France",2009,22.89999962
"FR","France",2010,22.60000038
"FR","France",2011,21.89999962
"FR","France",2012,23.79999924
"FR","France",2013,23.70000076
"PF","French Polynesia",2000,
"PF","French Polynesia",2001,
"PF","French Polynesia",2002,
"PF","French Polynesia",2003,
"PF","French Polynesia",2004,
"PF","French Polynesia",2005,
"PF","French Polynesia",2006,
"PF","French Polynesia",2007,
"PF","French Polynesia",2008,
"PF","French Polynesia",2009,
"PF","French Polynesia",2010,
"PF","French Polynesia",2011,
"PF","French Polynesia",2012,
"PF","French Polynesia",2013,
"GA","Gabon",2000,37.09999847
"GA","Gabon",2001,37
"GA","Gabon",2002,36.90000153
"GA","Gabon",2003,36.79999924
"GA","Gabon",2004,36.70000076
"GA","Gabon",2005,36.70000076
"GA","Gabon",2006,36.59999847
"GA","Gabon",2007,36.5
"GA","Gabon",2008,36.40000153
"GA","Gabon",2009,36.40000153
"GA","Gabon",2010,34.5
"GA","Gabon",2011,34.5
"GA","Gabon",2012,35.70000076
"GA","Gabon",2013,35.20000076
"GM","Gambia",2000,10.69999981
"GM","Gambia",2001,10.69999981
"GM","Gambia",2002,11.10000038
"GM","Gambia",2003,10.69999981
"GM","Gambia",2004,10.69999981
"GM","Gambia",2005,11
"GM","Gambia",2006,10.89999962
"GM","Gambia",2007,10.80000019
"GM","Gambia",2008,10.69999981
"GM","Gambia",2009,10.69999981
"GM","Gambia",2010,10.69999981
"GM","Gambia",2011,11.10000038
"GM","Gambia",2012,10.80000019
"GM","Gambia",2013,10.69999981
"GE","Georgia",2000,20.89999962
"GE","Georgia",2001,20
"GE","Georgia",2002,27.5
"GE","Georgia",2003,24.39999962
"GE","Georgia",2004,27.79999924
"GE","Georgia",2005,27.89999962
"GE","Georgia",2006,29.29999924
"GE","Georgia",2007,31
"GE","Georgia",2008,35.79999924
"GE","Georgia",2009,38.90000153
"GE","Georgia",2010,36.79999924
"GE","Georgia",2011,36.59999847
"GE","Georgia",2012,33.79999924
"GE","Georgia",2013,31
"DE","Germany",2000,8.300000191
"DE","Germany",2001,8.300000191
"DE","Germany",2002,9.899999619
"DE","Germany",2003,10.60000038
"DE","Germany",2004,12.60000038
"DE","Germany",2005,15.10000038
"DE","Germany",2006,13.5
"DE","Germany",2007,11.60000038
"DE","Germany",2008,10.39999962
"DE","Germany",2009,10.89999962
"DE","Germany",2010,9.699999809
"DE","Germany",2011,8.399999619
"DE","Germany",2012,8.100000381
"DE","Germany",2013,7.800000191
"GH","Ghana",2000,16.29999924
"GH","Ghana",2001,15.89999962
"GH","Ghana",2002,15.80000019
"GH","Ghana",2003,15.39999962
"GH","Ghana",2004,15.69999981
"GH","Ghana",2005,6.900000095
"GH","Ghana",2006,6.599999905
"GH","Ghana",2007,6.800000191
"GH","Ghana",2008,9.899999619
"GH","Ghana",2009,8.699999809
"GH","Ghana",2010,7.800000191
"GH","Ghana",2011,7.400000095
"GH","Ghana",2012,7.699999809
"GH","Ghana",2013,8.699999809
"GR","Greece",2000,28.60000038
"GR","Greece",2001,27.20000076
"GR","Greece",2002,26.29999924
"GR","Greece",2003,26.10000038
"GR","Greece",2004,26.20000076
"GR","Greece",2005,25.29999924
"GR","Greece",2006,24.79999924
"GR","Greece",2007,22.5
"GR","Greece",2008,22
"GR","Greece",2009,25.5
"GR","Greece",2010,32.40000153
"GR","Greece",2011,44.09999847
"GR","Greece",2012,54.70000076
"GR","Greece",2013,58.40000153
"GL","Greenland",2000,
"GL","Greenland",2001,
"GL","Greenland",2002,
"GL","Greenland",2003,
"GL","Greenland",2004,
"GL","Greenland",2005,
"GL","Greenland",2006,
"GL","Greenland",2007,
"GL","Greenland",2008,
"GL","Greenland",2009,
"GL","Greenland",2010,
"GL","Greenland",2011,
"GL","Greenland",2012,
"GL","Greenland",2013,
"GD","Grenada",2000,
"GD","Grenada",2001,
"GD","Grenada",2002,
"GD","Grenada",2003,
"GD","Grenada",2004,
"GD","Grenada",2005,
"GD","Grenada",2006,
"GD","Grenada",2007,
"GD","Grenada",2008,
"GD","Grenada",2009,
"GD","Grenada",2010,
"GD","Grenada",2011,
"GD","Grenada",2012,
"GD","Grenada",2013,
"GU","Guam",2000,
"GU","Guam",2001,
"GU","Guam",2002,
"GU","Guam",2003,
"GU","Guam",2004,
"GU","Guam",2005,
"GU","Guam",2006,
"GU","Guam",2007,
"GU","Guam",2008,
"GU","Guam",2009,
"GU","Guam",2010,
"GU","Guam",2011,
"GU","Guam",2012,
"GU","Guam",2013,
"GT","Guatemala",2000,2.299999952
"GT","Guatemala",2001,2.099999905
"GT","Guatemala",2002,5.099999905
"GT","Guatemala",2003,4.599999905
"GT","Guatemala",2004,5.099999905
"GT","Guatemala",2005,4
"GT","Guatemala",2006,3
"GT","Guatemala",2007,4.099999905
"GT","Guatemala",2008,4.699999809
"GT","Guatemala",2009,5.199999809
"GT","Guatemala",2010,5.699999809
"GT","Guatemala",2011,7.400000095
"GT","Guatemala",2012,5
"GT","Guatemala",2013,4.800000191
"GN","Guinea",2000,1.799999952
"GN","Guinea",2001,1.5
"GN","Guinea",2002,1.799999952
"GN","Guinea",2003,2.200000048
"GN","Guinea",2004,2.099999905
"GN","Guinea",2005,1.799999952
"GN","Guinea",2006,2
"GN","Guinea",2007,2.200000048
"GN","Guinea",2008,2.200000048
"GN","Guinea",2009,1.799999952
"GN","Guinea",2010,1.799999952
"GN","Guinea",2011,1.299999952
"GN","Guinea",2012,1.299999952
"GN","Guinea",2013,1.5
"GW","Guinea-Bissau",2000,10.60000038
"GW","Guinea-Bissau",2001,10.80000019
"GW","Guinea-Bissau",2002,11
"GW","Guinea-Bissau",2003,10.89999962
"GW","Guinea-Bissau",2004,10.80000019
"GW","Guinea-Bissau",2005,10.69999981
"GW","Guinea-Bissau",2006,10.80000019
"GW","Guinea-Bissau",2007,10.80000019
"GW","Guinea-Bissau",2008,10.80000019
"GW","Guinea-Bissau",2009,10.80000019
"GW","Guinea-Bissau",2010,10.80000019
"GW","Guinea-Bissau",2011,10.69999981
"GW","Guinea-Bissau",2012,11
"GW","Guinea-Bissau",2013,11.30000019
"GY","Guyana",2000,24.89999962
"GY","Guyana",2001,24.60000038
"GY","Guyana",2002,24.39999962
"GY","Guyana",2003,25.10000038
"GY","Guyana",2004,24.29999924
"GY","Guyana",2005,25.60000038
"GY","Guyana",2006,23.20000076
"GY","Guyana",2007,22.5
"GY","Guyana",2008,24.29999924
"GY","Guyana",2009,23.79999924
"GY","Guyana",2010,23.39999962
"GY","Guyana",2011,23.10000038
"GY","Guyana",2012,23.89999962
"GY","Guyana",2013,23.89999962
"HT","Haiti",2000,17.60000038
"HT","Haiti",2001,17.89999962
"HT","Haiti",2002,17.79999924
"HT","Haiti",2003,17.70000076
"HT","Haiti",2004,18.39999962
"HT","Haiti",2005,17.5
"HT","Haiti",2006,17.39999962
"HT","Haiti",2007,17.29999924
"HT","Haiti",2008,17.70000076
"HT","Haiti",2009,17.29999924
"HT","Haiti",2010,18.70000076
"HT","Haiti",2011,16.89999962
"HT","Haiti",2012,17.29999924
"HT","Haiti",2013,17.39999962
"HN","Honduras",2000,7.099999905
"HN","Honduras",2001,6.699999809
"HN","Honduras",2002,5.900000095
"HN","Honduras",2003,7.900000095
"HN","Honduras",2004,10.19999981
"HN","Honduras",2005,7.199999809
"HN","Honduras",2006,5.300000191
"HN","Honduras",2007,4.900000095
"HN","Honduras",2008,5.300000191
"HN","Honduras",2009,5.699999809
"HN","Honduras",2010,8.300000191
"HN","Honduras",2011,8.300000191
"HN","Honduras",2012,8.100000381
"HN","Honduras",2013,7.699999809
"HK","Hong Kong",2000,11.10000038
"HK","Hong Kong",2001,11.5
"HK","Hong Kong",2002,15
"HK","Hong Kong",2003,14.89999962
"HK","Hong Kong",2004,12
"HK","Hong Kong",2005,10.69999981
"HK","Hong Kong",2006,10.39999962
"HK","Hong Kong",2007,9
"HK","Hong Kong",2008,8.699999809
"HK","Hong Kong",2009,12.5
"HK","Hong Kong",2010,12.10000038
"HK","Hong Kong",2011,9.199999809
"HK","Hong Kong",2012,9.300000191
"HK","Hong Kong",2013,9.100000381
"HU","Hungary",2000,12.69999981
"HU","Hungary",2001,11.19999981
"HU","Hungary",2002,12.39999962
"HU","Hungary",2003,13.5
"HU","Hungary",2004,15.30000019
"HU","Hungary",2005,19.39999962
"HU","Hungary",2006,19.20000076
"HU","Hungary",2007,18.20000076
"HU","Hungary",2008,19.70000076
"HU","Hungary",2009,26.39999962
"HU","Hungary",2010,26.60000038
"HU","Hungary",2011,26
"HU","Hungary",2012,27.89999962
"HU","Hungary",2013,27
"IS","Iceland",2000,4.599999905
"IS","Iceland",2001,4.900000095
"IS","Iceland",2002,7.300000191
"IS","Iceland",2003,8.300000191
"IS","Iceland",2004,8
"IS","Iceland",2005,7.099999905
"IS","Iceland",2006,8.199999809
"IS","Iceland",2007,6.900000095
"IS","Iceland",2008,8.100000381
"IS","Iceland",2009,15.60000038
"IS","Iceland",2010,16.10000038
"IS","Iceland",2011,14.60000038
"IS","Iceland",2012,13.39999962
"IS","Iceland",2013,11.10000038
"IN","India",2000,10
"IN","India",2001,10.5
"IN","India",2002,9.899999619
"IN","India",2003,9
"IN","India",2004,9.100000381
"IN","India",2005,9.899999619
"IN","India",2006,10
"IN","India",2007,8.899999619
"IN","India",2008,10
"IN","India",2009,9.699999809
"IN","India",2010,10.19999981
"IN","India",2011,10.30000019
"IN","India",2012,10.69999981
"IN","India",2013,10.5
"ID","Indonesia",2000,18.10000038
"ID","Indonesia",2001,22.5
"ID","Indonesia",2002,26.29999924
"ID","Indonesia",2003,26.39999962
"ID","Indonesia",2004,28.60000038
"ID","Indonesia",2005,32.70000076
"ID","Indonesia",2006,30.89999962
"ID","Indonesia",2007,25.60000038
"ID","Indonesia",2008,23.5
"ID","Indonesia",2009,22.5
"ID","Indonesia",2010,25
"ID","Indonesia",2011,21.39999962
"ID","Indonesia",2012,20.29999924
"ID","Indonesia",2013,21.60000038
"IR","Iran",2000,25.79999924
"IR","Iran",2001,23.5
"IR","Iran",2002,25.29999924
"IR","Iran",2003,24.10000038
"IR","Iran",2004,20.39999962
"IR","Iran",2005,23.89999962
"IR","Iran",2006,23.39999962
"IR","Iran",2007,22
"IR","Iran",2008,22.89999962
"IR","Iran",2009,24.39999962
"IR","Iran",2010,28.39999962
"IR","Iran",2011,28.39999962
"IR","Iran",2012,28.60000038
"IR","Iran",2013,29.70000076
"IQ","Iraq",2000,37
"IQ","Iraq",2001,37.5
"IQ","Iraq",2002,38.20000076
"IQ","Iraq",2003,53.09999847
"IQ","Iraq",2004,52.79999924
"IQ","Iraq",2005,37.70000076
"IQ","Iraq",2006,36.90000153
"IQ","Iraq",2007,35.70000076
"IQ","Iraq",2008,32.59999847
"IQ","Iraq",2009,32.59999847
"IQ","Iraq",2010,32.59999847
"IQ","Iraq",2011,32.59999847
"IQ","Iraq",2012,32.5
"IQ","Iraq",2013,34.09999847
"IE","Ireland",2000,6.400000095
"IE","Ireland",2001,6.199999809
"IE","Ireland",2002,7.800000191
"IE","Ireland",2003,8.199999809
"IE","Ireland",2004,8.300000191
"IE","Ireland",2005,8.5
"IE","Ireland",2006,8.5
"IE","Ireland",2007,9.100000381
"IE","Ireland",2008,12.80000019
"IE","Ireland",2009,24.39999962
"IE","Ireland",2010,28
"IE","Ireland",2011,29.10000038
"IE","Ireland",2012,30.39999962
"IE","Ireland",2013,26.70000076
"IL","Israel",2000,17
"IL","Israel",2001,18.39999962
"IL","Israel",2002,20.79999924
"IL","Israel",2003,22.10000038
"IL","Israel",2004,20.5
"IL","Israel",2005,17.79999924
"IL","Israel",2006,18.29999924
"IL","Israel",2007,16.10000038
"IL","Israel",2008,12.69999981
"IL","Israel",2009,14.5
"IL","Israel",2010,13.60000038
"IL","Israel",2011,11.60000038
"IL","Israel",2012,12.30000019
"IL","Israel",2013,10.69999981
"IT","Italy",2000,31.29999924
"IT","Italy",2001,27.70000076
"IT","Italy",2002,27.10000038
"IT","Italy",2003,27
"IT","Italy",2004,24.60000038
"IT","Italy",2005,23.89999962
"IT","Italy",2006,21.60000038
"IT","Italy",2007,20.29999924
"IT","Italy",2008,21.20000076
"IT","Italy",2009,25.5
"IT","Italy",2010,27.79999924
"IT","Italy",2011,29.10000038
"IT","Italy",2012,35.20000076
"IT","Italy",2013,39.70000076
"JM","Jamaica",2000,34.09999847
"JM","Jamaica",2001,35.59999847
"JM","Jamaica",2002,31.5
"JM","Jamaica",2003,22.5
"JM","Jamaica",2004,28.60000038
"JM","Jamaica",2005,25.70000076
"JM","Jamaica",2006,22.70000076
"JM","Jamaica",2007,22.20000076
"JM","Jamaica",2008,25.5
"JM","Jamaica",2009,26.5
"JM","Jamaica",2010,30
"JM","Jamaica",2011,29.5
"JM","Jamaica",2012,32.90000153
"JM","Jamaica",2013,35.5
"JP","Japan",2000,9.199999809
"JP","Japan",2001,9.699999809
"JP","Japan",2002,10.10000038
"JP","Japan",2003,10.10000038
"JP","Japan",2004,9.600000381
"JP","Japan",2005,8.600000381
"JP","Japan",2006,8
"JP","Japan",2007,7.800000191
"JP","Japan",2008,7.199999809
"JP","Japan",2009,9
"JP","Japan",2010,9.100000381
"JP","Japan",2011,8
"JP","Japan",2012,7.800000191
"JP","Japan",2013,6.800000191
"JO","Jordan",2000,27.89999962
"JO","Jordan",2001,33.59999847
"JO","Jordan",2002,34.70000076
"JO","Jordan",2003,34.29999924
"JO","Jordan",2004,27.29999924
"JO","Jordan",2005,32.5
"JO","Jordan",2006,30.10000038
"JO","Jordan",2007,29.39999962
"JO","Jordan",2008,28.89999962
"JO","Jordan",2009,28.60000038
"JO","Jordan",2010,30.10000038
"JO","Jordan",2011,31.60000038
"JO","Jordan",2012,31.29999924
"JO","Jordan",2013,33.70000076
"KZ","Kazakhstan",2000,14.60000038
"KZ","Kazakhstan",2001,11.80000019
"KZ","Kazakhstan",2002,16.60000038
"KZ","Kazakhstan",2003,14.39999962
"KZ","Kazakhstan",2004,14.10000038
"KZ","Kazakhstan",2005,9.199999809
"KZ","Kazakhstan",2006,8.899999619
"KZ","Kazakhstan",2007,8.300000191
"KZ","Kazakhstan",2008,7.400000095
"KZ","Kazakhstan",2009,6.800000191
"KZ","Kazakhstan",2010,6
"KZ","Kazakhstan",2011,5.300000191
"KZ","Kazakhstan",2012,4.599999905
"KZ","Kazakhstan",2013,4.5
"KE","Kenya",2000,17.29999924
"KE","Kenya",2001,17
"KE","Kenya",2002,17.20000076
"KE","Kenya",2003,17.10000038
"KE","Kenya",2004,17
"KE","Kenya",2005,16.89999962
"KE","Kenya",2006,16.89999962
"KE","Kenya",2007,16.89999962
"KE","Kenya",2008,17.20000076
"KE","Kenya",2009,17.10000038
"KE","Kenya",2010,16.89999962
"KE","Kenya",2011,17
"KE","Kenya",2012,17
"KE","Kenya",2013,17.10000038
"KI","Kiribati",2000,
"KI","Kiribati",2001,
"KI","Kiribati",2002,
"KI","Kiribati",2003,
"KI","Kiribati",2004,
"KI","Kiribati",2005,
"KI","Kiribati",2006,
"KI","Kiribati",2007,
"KI","Kiribati",2008,
"KI","Kiribati",2009,
"KI","Kiribati",2010,
"KI","Kiribati",2011,
"KI","Kiribati",2012,
"KI","Kiribati",2013,
"XK","Kosovo",2000,
"XK","Kosovo",2001,
"XK","Kosovo",2002,
"XK","Kosovo",2003,
"XK","Kosovo",2004,
"XK","Kosovo",2005,
"XK","Kosovo",2006,
"XK","Kosovo",2007,
"XK","Kosovo",2008,
"XK","Kosovo",2009,
"XK","Kosovo",2010,
"XK","Kosovo",2011,
"XK","Kosovo",2012,
"XK","Kosovo",2013,
"KW","Kuwait",2000,4.599999905
"KW","Kuwait",2001,4.699999809
"KW","Kuwait",2002,6.5
"KW","Kuwait",2003,7.800000191
"KW","Kuwait",2004,10.39999962
"KW","Kuwait",2005,12.10000038
"KW","Kuwait",2006,8
"KW","Kuwait",2007,9.100000381
"KW","Kuwait",2008,10.80000019
"KW","Kuwait",2009,9.399999619
"KW","Kuwait",2010,10.60000038
"KW","Kuwait",2011,21.60000038
"KW","Kuwait",2012,20.79999924
"KW","Kuwait",2013,19.60000038
"KG","Kyrgyzstan",2000,13.69999981
"KG","Kyrgyzstan",2001,14.19999981
"KG","Kyrgyzstan",2002,20
"KG","Kyrgyzstan",2003,16.60000038
"KG","Kyrgyzstan",2004,15.19999981
"KG","Kyrgyzstan",2005,14.39999962
"KG","Kyrgyzstan",2006,14.60000038
"KG","Kyrgyzstan",2007,14.89999962
"KG","Kyrgyzstan",2008,15.39999962
"KG","Kyrgyzstan",2009,16.79999924
"KG","Kyrgyzstan",2010,16.60000038
"KG","Kyrgyzstan",2011,15.89999962
"KG","Kyrgyzstan",2012,16.5
"KG","Kyrgyzstan",2013,15.60000038
"LA","Lao",2000,4.300000191
"LA","Lao",2001,4.300000191
"LA","Lao",2002,4.199999809
"LA","Lao",2003,4.900000095
"LA","Lao",2004,5.599999905
"LA","Lao",2005,3.299999952
"LA","Lao",2006,3.200000048
"LA","Lao",2007,3.200000048
"LA","Lao",2008,3.200000048
"LA","Lao",2009,3.200000048
"LA","Lao",2010,3.200000048
"LA","Lao",2011,3.200000048
"LA","Lao",2012,3.299999952
"LA","Lao",2013,3.400000095
"LV","Latvia",2000,21.29999924
"LV","Latvia",2001,22.89999962
"LV","Latvia",2002,25.5
"LV","Latvia",2003,17.60000038
"LV","Latvia",2004,19.39999962
"LV","Latvia",2005,13.60000038
"LV","Latvia",2006,12.19999981
"LV","Latvia",2007,10.80000019
"LV","Latvia",2008,13.10000038
"LV","Latvia",2009,33.90000153
"LV","Latvia",2010,34.90000153
"LV","Latvia",2011,31
"LV","Latvia",2012,28.29999924
"LV","Latvia",2013,20.29999924
"LB","Lebanon",2000,22.10000038
"LB","Lebanon",2001,21
"LB","Lebanon",2002,21.10000038
"LB","Lebanon",2003,21.79999924
"LB","Lebanon",2004,20.79999924
"LB","Lebanon",2005,21.29999924
"LB","Lebanon",2006,21.79999924
"LB","Lebanon",2007,22.79999924
"LB","Lebanon",2008,20.39999962
"LB","Lebanon",2009,20.89999962
"LB","Lebanon",2010,20.89999962
"LB","Lebanon",2011,20.79999924
"LB","Lebanon",2012,19.89999962
"LB","Lebanon",2013,20.60000038
"LS","Lesotho",2000,44.90000153
"LS","Lesotho",2001,44.90000153
"LS","Lesotho",2002,40.59999847
"LS","Lesotho",2003,47
"LS","Lesotho",2004,44.09999847
"LS","Lesotho",2005,44.70000076
"LS","Lesotho",2006,40.20000076
"LS","Lesotho",2007,33.59999847
"LS","Lesotho",2008,34.29999924
"LS","Lesotho",2009,35.29999924
"LS","Lesotho",2010,33.5
"LS","Lesotho",2011,35.59999847
"LS","Lesotho",2012,32.40000153
"LS","Lesotho",2013,33.20000076
"LR","Liberia",2000,4.800000191
"LR","Liberia",2001,4.900000095
"LR","Liberia",2002,4.800000191
"LR","Liberia",2003,4.800000191
"LR","Liberia",2004,4.800000191
"LR","Liberia",2005,4.800000191
"LR","Liberia",2006,4.800000191
"LR","Liberia",2007,4.699999809
"LR","Liberia",2008,4.699999809
"LR","Liberia",2009,4.800000191
"LR","Liberia",2010,5
"LR","Liberia",2011,5
"LR","Liberia",2012,4.699999809
"LR","Liberia",2013,4.5
"LY","Libya",2000,44
"LY","Libya",2001,44
"LY","Libya",2002,44.09999847
"LY","Libya",2003,44.40000153
"LY","Libya",2004,44.29999924
"LY","Libya",2005,44.40000153
"LY","Libya",2006,44.29999924
"LY","Libya",2007,44.29999924
"LY","Libya",2008,44.20000076
"LY","Libya",2009,44.09999847
"LY","Libya",2010,44.09999847
"LY","Libya",2011,43.20000076
"LY","Libya",2012,52.70000076
"LY","Libya",2013,51.20000076
"LI","Liechtenstein",2000,
"LI","Liechtenstein",2001,
"LI","Liechtenstein",2002,
"LI","Liechtenstein",2003,
"LI","Liechtenstein",2004,
"LI","Liechtenstein",2005,
"LI","Liechtenstein",2006,
"LI","Liechtenstein",2007,
"LI","Liechtenstein",2008,
"LI","Liechtenstein",2009,
"LI","Liechtenstein",2010,
"LI","Liechtenstein",2011,
"LI","Liechtenstein",2012,
"LI","Liechtenstein",2013,
"LT","Lithuania",2000,28.5
"LT","Lithuania",2001,31.5
"LT","Lithuania",2002,20.29999924
"LT","Lithuania",2003,26.79999924
"LT","Lithuania",2004,21.20000076
"LT","Lithuania",2005,15.80000019
"LT","Lithuania",2006,9.800000191
"LT","Lithuania",2007,8.199999809
"LT","Lithuania",2008,13.30000019
"LT","Lithuania",2009,29.20000076
"LT","Lithuania",2010,35.20000076
"LT","Lithuania",2011,32
"LT","Lithuania",2012,26.20000076
"LT","Lithuania",2013,21.89999962
"LU","Luxembourg",2000,6.199999809
"LU","Luxembourg",2001,6.199999809
"LU","Luxembourg",2002,6.900000095
"LU","Luxembourg",2003,10.89999962
"LU","Luxembourg",2004,16.70000076
"LU","Luxembourg",2005,13.5
"LU","Luxembourg",2006,16.20000076
"LU","Luxembourg",2007,15.30000019
"LU","Luxembourg",2008,17.79999924
"LU","Luxembourg",2009,17.10000038
"LU","Luxembourg",2010,14.5
"LU","Luxembourg",2011,16.79999924
"LU","Luxembourg",2012,18.5
"LU","Luxembourg",2013,19.20000076
"MO","Macao",2000,10
"MO","Macao",2001,10.5
"MO","Macao",2002,11.39999962
"MO","Macao",2003,12.69999981
"MO","Macao",2004,10.80000019
"MO","Macao",2005,8.199999809
"MO","Macao",2006,7
"MO","Macao",2007,6.199999809
"MO","Macao",2008,5.900000095
"MO","Macao",2009,7.699999809
"MO","Macao",2010,5.300000191
"MO","Macao",2011,5.800000191
"MO","Macao",2012,5
"MO","Macao",2013,3.700000048
"MK","Macedonia",2000,59.90000153
"MK","Macedonia",2001,56.29999924
"MK","Macedonia",2002,58.5
"MK","Macedonia",2003,65.90000153
"MK","Macedonia",2004,65
"MK","Macedonia",2005,62.79999924
"MK","Macedonia",2006,59.70000076
"MK","Macedonia",2007,57.70000076
"MK","Macedonia",2008,56.5
"MK","Macedonia",2009,55.20000076
"MK","Macedonia",2010,53.70000076
"MK","Macedonia",2011,55.40000153
"MK","Macedonia",2012,53.79999924
"MK","Macedonia",2013,52.20000076
"MG","Madagascar",2000,2.299999952
"MG","Madagascar",2001,4.900000095
"MG","Madagascar",2002,5.800000191
"MG","Madagascar",2003,6.900000095
"MG","Madagascar",2004,4.5
"MG","Madagascar",2005,2.200000048
"MG","Madagascar",2006,4.599999905
"MG","Madagascar",2007,5.099999905
"MG","Madagascar",2008,5.5
"MG","Madagascar",2009,6.300000191
"MG","Madagascar",2010,6.199999809
"MG","Madagascar",2011,6.199999809
"MG","Madagascar",2012,5.599999905
"MG","Madagascar",2013,5.199999809
"MW","Malawi",2000,13.60000038
"MW","Malawi",2001,13.89999962
"MW","Malawi",2002,13.60000038
"MW","Malawi",2003,13.39999962
"MW","Malawi",2004,13.39999962
"MW","Malawi",2005,13.60000038
"MW","Malawi",2006,13.60000038
"MW","Malawi",2007,13.19999981
"MW","Malawi",2008,13.30000019
"MW","Malawi",2009,13.30000019
"MW","Malawi",2010,13.39999962
"MW","Malawi",2011,13.5
"MW","Malawi",2012,13.60000038
"MW","Malawi",2013,13.5
"MY","Malaysia",2000,8.5
"MY","Malaysia",2001,10.5
"MY","Malaysia",2002,10.60000038
"MY","Malaysia",2003,11
"MY","Malaysia",2004,10.80000019
"MY","Malaysia",2005,10.89999962
"MY","Malaysia",2006,10.39999962
"MY","Malaysia",2007,10.69999981
"MY","Malaysia",2008,10.60000038
"MY","Malaysia",2009,11.60000038
"MY","Malaysia",2010,11
"MY","Malaysia",2011,10
"MY","Malaysia",2012,10.19999981
"MY","Malaysia",2013,11.10000038
"MV","Maldives",2000,24
"MV","Maldives",2001,23.79999924
"MV","Maldives",2002,23.5
"MV","Maldives",2003,23.20000076
"MV","Maldives",2004,23.79999924
"MV","Maldives",2005,23
"MV","Maldives",2006,22.20000076
"MV","Maldives",2007,24.5
"MV","Maldives",2008,24.10000038
"MV","Maldives",2009,24.79999924
"MV","Maldives",2010,25.39999962
"MV","Maldives",2011,25.39999962
"MV","Maldives",2012,25.20000076
"MV","Maldives",2013,26.5
"ML","Mali",2000,10.60000038
"ML","Mali",2001,10.80000019
"ML","Mali",2002,10.89999962
"ML","Mali",2003,11.10000038
"ML","Mali",2004,11.39999962
"ML","Mali",2005,11
"ML","Mali",2006,10.69999981
"ML","Mali",2007,10.89999962
"ML","Mali",2008,10.80000019
"ML","Mali",2009,10.89999962
"ML","Mali",2010,10.30000019
"ML","Mali",2011,10.39999962
"ML","Mali",2012,10.5
"ML","Mali",2013,10.69999981
"MT","Malta",2000,11.69999981
"MT","Malta",2001,17.60000038
"MT","Malta",2002,15.19999981
"MT","Malta",2003,17.20000076
"MT","Malta",2004,18.39999962
"MT","Malta",2005,16.89999962
"MT","Malta",2006,15.89999962
"MT","Malta",2007,13.80000019
"MT","Malta",2008,11.89999962
"MT","Malta",2009,14.30000019
"MT","Malta",2010,13.19999981
"MT","Malta",2011,14
"MT","Malta",2012,14.30000019
"MT","Malta",2013,14.10000038
"MH","Marshall Islands",2000,
"MH","Marshall Islands",2001,
"MH","Marshall Islands",2002,
"MH","Marshall Islands",2003,
"MH","Marshall Islands",2004,
"MH","Marshall Islands",2005,
"MH","Marshall Islands",2006,
"MH","Marshall Islands",2007,
"MH","Marshall Islands",2008,
"MH","Marshall Islands",2009,
"MH","Marshall Islands",2010,
"MH","Marshall Islands",2011,
"MH","Marshall Islands",2012,
"MH","Marshall Islands",2013,
"MR","Mauritania",2000,44.29999924
"MR","Mauritania",2001,44.40000153
"MR","Mauritania",2002,44.40000153
"MR","Mauritania",2003,44.5
"MR","Mauritania",2004,44.59999847
"MR","Mauritania",2005,44.20000076
"MR","Mauritania",2006,43.79999924
"MR","Mauritania",2007,43.20000076
"MR","Mauritania",2008,43
"MR","Mauritania",2009,43.29999924
"MR","Mauritania",2010,42.90000153
"MR","Mauritania",2011,42.90000153
"MR","Mauritania",2012,43
"MR","Mauritania",2013,42.90000153
"MU","Mauritius",2000,19.79999924
"MU","Mauritius",2001,17.39999962
"MU","Mauritius",2002,18.79999924
"MU","Mauritius",2003,20.5
"MU","Mauritius",2004,25.39999962
"MU","Mauritius",2005,26.10000038
"MU","Mauritius",2006,23
"MU","Mauritius",2007,24.10000038
"MU","Mauritius",2008,18.79999924
"MU","Mauritius",2009,20.89999962
"MU","Mauritius",2010,23.10000038
"MU","Mauritius",2011,21.70000076
"MU","Mauritius",2012,23.70000076
"MU","Mauritius",2013,23.60000038
"MX","Mexico",2000,5.099999905
"MX","Mexico",2001,4.699999809
"MX","Mexico",2002,5.900000095
"MX","Mexico",2003,6.199999809
"MX","Mexico",2004,7.699999809
"MX","Mexico",2005,6.5
"MX","Mexico",2006,6.199999809
"MX","Mexico",2007,6.699999809
"MX","Mexico",2008,7
"MX","Mexico",2009,10
"MX","Mexico",2010,9.399999619
"MX","Mexico",2011,10
"MX","Mexico",2012,9.5
"MX","Mexico",2013,9.399999619
"FM","Micronesia",2000,
"FM","Micronesia",2001,
"FM","Micronesia",2002,
"FM","Micronesia",2003,
"FM","Micronesia",2004,
"FM","Micronesia",2005,
"FM","Micronesia",2006,
"FM","Micronesia",2007,
"FM","Micronesia",2008,
"FM","Micronesia",2009,
"FM","Micronesia",2010,
"FM","Micronesia",2011,
"FM","Micronesia",2012,
"FM","Micronesia",2013,
"MD","Moldova",2000,15.89999962
"MD","Moldova",2001,16.5
"MD","Moldova",2002,15.19999981
"MD","Moldova",2003,18.20000076
"MD","Moldova",2004,19.79999924
"MD","Moldova",2005,18.79999924
"MD","Moldova",2006,17.10000038
"MD","Moldova",2007,14.39999962
"MD","Moldova",2008,11.30000019
"MD","Moldova",2009,15.30000019
"MD","Moldova",2010,17.70000076
"MD","Moldova",2011,15.10000038
"MD","Moldova",2012,13.10000038
"MD","Moldova",2013,14.80000019
"MC","Monaco",2000,
"MC","Monaco",2001,
"MC","Monaco",2002,
"MC","Monaco",2003,
"MC","Monaco",2004,
"MC","Monaco",2005,
"MC","Monaco",2006,
"MC","Monaco",2007,
"MC","Monaco",2008,
"MC","Monaco",2009,
"MC","Monaco",2010,
"MC","Monaco",2011,
"MC","Monaco",2012,
"MC","Monaco",2013,
"MN","Mongolia",2000,10.60000038
"MN","Mongolia",2001,11.30000019
"MN","Mongolia",2002,12.10000038
"MN","Mongolia",2003,10.69999981
"MN","Mongolia",2004,11.19999981
"MN","Mongolia",2005,12.69999981
"MN","Mongolia",2006,9.800000191
"MN","Mongolia",2007,11.60000038
"MN","Mongolia",2008,9.600000381
"MN","Mongolia",2009,9.899999619
"MN","Mongolia",2010,14.10000038
"MN","Mongolia",2011,9
"MN","Mongolia",2012,9.699999809
"MN","Mongolia",2013,9.199999809
"ME","Montenegro",2000,35.5
"ME","Montenegro",2001,41.79999924
"ME","Montenegro",2002,41.79999924
"ME","Montenegro",2003,41.79999924
"ME","Montenegro",2004,35.09999847
"ME","Montenegro",2005,35.5
"ME","Montenegro",2006,33.40000153
"ME","Montenegro",2007,38.59999847
"ME","Montenegro",2008,30.79999924
"ME","Montenegro",2009,35.79999924
"ME","Montenegro",2010,46
"ME","Montenegro",2011,37.20000076
"ME","Montenegro",2012,41.29999924
"ME","Montenegro",2013,41.29999924
"MA","Morocco",2000,19.79999924
"MA","Morocco",2001,18.89999962
"MA","Morocco",2002,17.60000038
"MA","Morocco",2003,16.89999962
"MA","Morocco",2004,15.39999962
"MA","Morocco",2005,15.69999981
"MA","Morocco",2006,16.60000038
"MA","Morocco",2007,17.20000076
"MA","Morocco",2008,18.39999962
"MA","Morocco",2009,18.10000038
"MA","Morocco",2010,17.70000076
"MA","Morocco",2011,17.79999924
"MA","Morocco",2012,18.5
"MA","Morocco",2013,18.5
"MZ","Mozambique",2000,14.60000038
"MZ","Mozambique",2001,14
"MZ","Mozambique",2002,14.10000038
"MZ","Mozambique",2003,14.30000019
"MZ","Mozambique",2004,14.19999981
"MZ","Mozambique",2005,14.19999981
"MZ","Mozambique",2006,14.19999981
"MZ","Mozambique",2007,14.19999981
"MZ","Mozambique",2008,14.19999981
"MZ","Mozambique",2009,14.30000019
"MZ","Mozambique",2010,14.19999981
"MZ","Mozambique",2011,14.19999981
"MZ","Mozambique",2012,14.19999981
"MZ","Mozambique",2013,14.30000019
"MM","Myanmar",2000,9.100000381
"MM","Myanmar",2001,9.300000191
"MM","Myanmar",2002,9.199999809
"MM","Myanmar",2003,9.100000381
"MM","Myanmar",2004,9.100000381
"MM","Myanmar",2005,9.100000381
"MM","Myanmar",2006,9.199999809
"MM","Myanmar",2007,9.199999809
"MM","Myanmar",2008,9.800000191
"MM","Myanmar",2009,9.699999809
"MM","Myanmar",2010,9.699999809
"MM","Myanmar",2011,9.699999809
"MM","Myanmar",2012,9.600000381
"MM","Myanmar",2013,9.899999619
"NA","Namibia",2000,43.90000153
"NA","Namibia",2001,43.09999847
"NA","Namibia",2002,35.79999924
"NA","Namibia",2003,42
"NA","Namibia",2004,42.29999924
"NA","Namibia",2005,39.09999847
"NA","Namibia",2006,43.20000076
"NA","Namibia",2007,36.79999924
"NA","Namibia",2008,59.90000153
"NA","Namibia",2009,51.59999847
"NA","Namibia",2010,44.09999847
"NA","Namibia",2011,40.09999847
"NA","Namibia",2012,34.20000076
"NA","Namibia",2013,34.09999847
"NP","Nepal",2000,4.400000095
"NP","Nepal",2001,6.199999809
"NP","Nepal",2002,4.699999809
"NP","Nepal",2003,3.599999905
"NP","Nepal",2004,3.599999905
"NP","Nepal",2005,4.199999809
"NP","Nepal",2006,4.400000095
"NP","Nepal",2007,4.300000191
"NP","Nepal",2008,4.5
"NP","Nepal",2009,4.5
"NP","Nepal",2010,4.5
"NP","Nepal",2011,4.5
"NP","Nepal",2012,4.5
"NP","Nepal",2013,4.599999905
"NL","Netherlands",2000,5.199999809
"NL","Netherlands",2001,4.300000191
"NL","Netherlands",2002,4.699999809
"NL","Netherlands",2003,6.599999905
"NL","Netherlands",2004,7.900000095
"NL","Netherlands",2005,8.100000381
"NL","Netherlands",2006,6.599999905
"NL","Netherlands",2007,5.900000095
"NL","Netherlands",2008,5.400000095
"NL","Netherlands",2009,6.599999905
"NL","Netherlands",2010,8.800000191
"NL","Netherlands",2011,7.5
"NL","Netherlands",2012,9.5
"NL","Netherlands",2013,11
"NC","New Caledonia",2000,
"NC","New Caledonia",2001,
"NC","New Caledonia",2002,
"NC","New Caledonia",2003,
"NC","New Caledonia",2004,
"NC","New Caledonia",2005,
"NC","New Caledonia",2006,
"NC","New Caledonia",2007,
"NC","New Caledonia",2008,
"NC","New Caledonia",2009,
"NC","New Caledonia",2010,
"NC","New Caledonia",2011,
"NC","New Caledonia",2012,
"NC","New Caledonia",2013,
"NZ","New Zealand",2000,13.69999981
"NZ","New Zealand",2001,12.10000038
"NZ","New Zealand",2002,11.80000019
"NZ","New Zealand",2003,10.60000038
"NZ","New Zealand",2004,9.600000381
"NZ","New Zealand",2005,9.699999809
"NZ","New Zealand",2006,10.10000038
"NZ","New Zealand",2007,10.19999981
"NZ","New Zealand",2008,11.5
"NZ","New Zealand",2009,16.39999962
"NZ","New Zealand",2010,17
"NZ","New Zealand",2011,17.20000076
"NZ","New Zealand",2012,17.70000076
"NZ","New Zealand",2013,15.80000019
"NI","Nicaragua",2000,3.700000048
"NI","Nicaragua",2001,4.300000191
"NI","Nicaragua",2002,4.800000191
"NI","Nicaragua",2003,12.5
"NI","Nicaragua",2004,10.60000038
"NI","Nicaragua",2005,8.899999619
"NI","Nicaragua",2006,8.600000381
"NI","Nicaragua",2007,8.100000381
"NI","Nicaragua",2008,9.800000191
"NI","Nicaragua",2009,10.30000019
"NI","Nicaragua",2010,12.30000019
"NI","Nicaragua",2011,12.19999981
"NI","Nicaragua",2012,11.69999981
"NI","Nicaragua",2013,10.39999962
"NE","Niger",2000,6.900000095
"NE","Niger",2001,6.699999809
"NE","Niger",2002,6.699999809
"NE","Niger",2003,6.699999809
"NE","Niger",2004,6.800000191
"NE","Niger",2005,6.699999809
"NE","Niger",2006,6.699999809
"NE","Niger",2007,6.800000191
"NE","Niger",2008,6.699999809
"NE","Niger",2009,6.800000191
"NE","Niger",2010,6.699999809
"NE","Niger",2011,6.800000191
"NE","Niger",2012,6.699999809
"NE","Niger",2013,6.699999809
"NG","Nigeria",2000,13.69999981
"NG","Nigeria",2001,13.80000019
"NG","Nigeria",2002,14.19999981
"NG","Nigeria",2003,13.80000019
"NG","Nigeria",2004,13.80000019
"NG","Nigeria",2005,13.69999981
"NG","Nigeria",2006,13.69999981
"NG","Nigeria",2007,13.80000019
"NG","Nigeria",2008,13.69999981
"NG","Nigeria",2009,13.80000019
"NG","Nigeria",2010,13.80000019
"NG","Nigeria",2011,13.80000019
"NG","Nigeria",2012,13.69999981
"NG","Nigeria",2013,13.60000038
"KP","North Korea",2000,9.699999809
"KP","North Korea",2001,10.19999981
"KP","North Korea",2002,9.800000191
"KP","North Korea",2003,9.899999619
"KP","North Korea",2004,9.5
"KP","North Korea",2005,9.699999809
"KP","North Korea",2006,9.5
"KP","North Korea",2007,9.5
"KP","North Korea",2008,9.899999619
"KP","North Korea",2009,10.39999962
"KP","North Korea",2010,9.5
"KP","North Korea",2011,9.5
"KP","North Korea",2012,9.899999619
"KP","North Korea",2013,9.899999619
"MP","Northern Mariana Islands",2000,
"MP","Northern Mariana Islands",2001,
"MP","Northern Mariana Islands",2002,
"MP","Northern Mariana Islands",2003,
"MP","Northern Mariana Islands",2004,
"MP","Northern Mariana Islands",2005,
"MP","Northern Mariana Islands",2006,
"MP","Northern Mariana Islands",2007,
"MP","Northern Mariana Islands",2008,
"MP","Northern Mariana Islands",2009,
"MP","Northern Mariana Islands",2010,
"MP","Northern Mariana Islands",2011,
"MP","Northern Mariana Islands",2012,
"MP","Northern Mariana Islands",2013,
"NO","Norway",2000,9.800000191
"NO","Norway",2001,10
"NO","Norway",2002,11.10000038
"NO","Norway",2003,11.5
"NO","Norway",2004,11.5
"NO","Norway",2005,11.80000019
"NO","Norway",2006,8.5
"NO","Norway",2007,7.199999809
"NO","Norway",2008,7.599999905
"NO","Norway",2009,9.300000191
"NO","Norway",2010,9.199999809
"NO","Norway",2011,8.699999809
"NO","Norway",2012,8.600000381
"NO","Norway",2013,9.100000381
"OM","Oman",2000,21.60000038
"OM","Oman",2001,21.79999924
"OM","Oman",2002,21.89999962
"OM","Oman",2003,22
"OM","Oman",2004,22.10000038
"OM","Oman",2005,22.10000038
"OM","Oman",2006,22
"OM","Oman",2007,21.79999924
"OM","Oman",2008,21.60000038
"OM","Oman",2009,21.20000076
"OM","Oman",2010,20.89999962
"OM","Oman",2011,20.60000038
"OM","Oman",2012,20.39999962
"OM","Oman",2013,20.5
"PK","Pakistan",2000,13.39999962
"PK","Pakistan",2001,13.60000038
"PK","Pakistan",2002,13.5
"PK","Pakistan",2003,13.10000038
"PK","Pakistan",2004,11.80000019
"PK","Pakistan",2005,11.10000038
"PK","Pakistan",2006,8.800000191
"PK","Pakistan",2007,7.599999905
"PK","Pakistan",2008,7.900000095
"PK","Pakistan",2009,7.900000095
"PK","Pakistan",2010,8
"PK","Pakistan",2011,8
"PK","Pakistan",2012,8.199999809
"PK","Pakistan",2013,8.5
"PW","Palau",2000,
"PW","Palau",2001,
"PW","Palau",2002,
"PW","Palau",2003,
"PW","Palau",2004,
"PW","Palau",2005,
"PW","Palau",2006,
"PW","Palau",2007,
"PW","Palau",2008,
"PW","Palau",2009,
"PW","Palau",2010,
"PW","Palau",2011,
"PW","Palau",2012,
"PW","Palau",2013,
"PS","Palestine",2000,20.79999924
"PS","Palestine",2001,34.59999847
"PS","Palestine",2002,41.70000076
"PS","Palestine",2003,41.09999847
"PS","Palestine",2004,39.79999924
"PS","Palestine",2005,38.70000076
"PS","Palestine",2006,35.70000076
"PS","Palestine",2007,35.20000076
"PS","Palestine",2008,40.20000076
"PS","Palestine",2009,38.09999847
"PS","Palestine",2010,37.70000076
"PS","Palestine",2011,34.09999847
"PS","Palestine",2012,38.59999847
"PS","Palestine",2013,38.29999924
"PA","Panama",2000,29
"PA","Panama",2001,29.60000038
"PA","Panama",2002,28.10000038
"PA","Panama",2003,27.70000076
"PA","Panama",2004,25.10000038
"PA","Panama",2005,21.20000076
"PA","Panama",2006,19.5
"PA","Panama",2007,15.60000038
"PA","Panama",2008,14.30000019
"PA","Panama",2009,15.39999962
"PA","Panama",2010,14.89999962
"PA","Panama",2011,11.89999962
"PA","Panama",2012,10
"PA","Panama",2013,10.19999981
"PG","Papua New Guinea",2000,6
"PG","Papua New Guinea",2001,5.800000191
"PG","Papua New Guinea",2002,5.699999809
"PG","Papua New Guinea",2003,5.599999905
"PG","Papua New Guinea",2004,5.800000191
"PG","Papua New Guinea",2005,5.599999905
"PG","Papua New Guinea",2006,5.699999809
"PG","Papua New Guinea",2007,5.400000095
"PG","Papua New Guinea",2008,5.400000095
"PG","Papua New Guinea",2009,5.400000095
"PG","Papua New Guinea",2010,5.300000191
"PG","Papua New Guinea",2011,5.199999809
"PG","Papua New Guinea",2012,5.300000191
"PG","Papua New Guinea",2013,4.699999809
"PY","Paraguay",2000,13.69999981
"PY","Paraguay",2001,13.80000019
"PY","Paraguay",2002,18.60000038
"PY","Paraguay",2003,15
"PY","Paraguay",2004,14.30000019
"PY","Paraguay",2005,11.19999981
"PY","Paraguay",2006,13
"PY","Paraguay",2007,12
"PY","Paraguay",2008,11.60000038
"PY","Paraguay",2009,12.80000019
"PY","Paraguay",2010,11.89999962
"PY","Paraguay",2011,10.19999981
"PY","Paraguay",2012,10.80000019
"PY","Paraguay",2013,11.30000019
"PE","Peru",2000,12.19999981
"PE","Peru",2001,10.89999962
"PE","Peru",2002,12.60000038
"PE","Peru",2003,11.69999981
"PE","Peru",2004,11.5
"PE","Peru",2005,10.89999962
"PE","Peru",2006,9.899999619
"PE","Peru",2007,9.800000191
"PE","Peru",2008,9.600000381
"PE","Peru",2009,9.199999809
"PE","Peru",2010,9
"PE","Peru",2011,9.5
"PE","Peru",2012,8.5
"PE","Peru",2013,8.899999619
"PH","Philippines",2000,23
"PH","Philippines",2001,21
"PH","Philippines",2002,23.89999962
"PH","Philippines",2003,21.89999962
"PH","Philippines",2004,23.29999924
"PH","Philippines",2005,16.89999962
"PH","Philippines",2006,18.10000038
"PH","Philippines",2007,17.5
"PH","Philippines",2008,17.20000076
"PH","Philippines",2009,17.39999962
"PH","Philippines",2010,16.79999924
"PH","Philippines",2011,16.10000038
"PH","Philippines",2012,16.39999962
"PH","Philippines",2013,16.70000076
"PL","Poland",2000,34.70000076
"PL","Poland",2001,40.29999924
"PL","Poland",2002,43.09999847
"PL","Poland",2003,42.40000153
"PL","Poland",2004,40.5
"PL","Poland",2005,37.40000153
"PL","Poland",2006,29.39999962
"PL","Poland",2007,21.5
"PL","Poland",2008,17
"PL","Poland",2009,20.5
"PL","Poland",2010,23.39999962
"PL","Poland",2011,25.5
"PL","Poland",2012,26.39999962
"PL","Poland",2013,27.20000076
"PT","Portugal",2000,8.5
"PT","Portugal",2001,9.399999619
"PT","Portugal",2002,11.5
"PT","Portugal",2003,14.5
"PT","Portugal",2004,15.39999962
"PT","Portugal",2005,16
"PT","Portugal",2006,16.39999962
"PT","Portugal",2007,16.60000038
"PT","Portugal",2008,16.60000038
"PT","Portugal",2009,20
"PT","Portugal",2010,22.29999924
"PT","Portugal",2011,30
"PT","Portugal",2012,37.59999847
"PT","Portugal",2013,37.79999924
"PR","Puerto Rico",2000,21.20000076
"PR","Puerto Rico",2001,23.29999924
"PR","Puerto Rico",2002,23.89999962
"PR","Puerto Rico",2003,24.29999924
"PR","Puerto Rico",2004,21.20000076
"PR","Puerto Rico",2005,23.70000076
"PR","Puerto Rico",2006,22.5
"PR","Puerto Rico",2007,22.60000038
"PR","Puerto Rico",2008,25.39999962
"PR","Puerto Rico",2009,29.29999924
"PR","Puerto Rico",2010,30.60000038
"PR","Puerto Rico",2011,30.10000038
"PR","Puerto Rico",2012,27.39999962
"PR","Puerto Rico",2013,27.29999924
"QA","Qatar",2000,3.799999952
"QA","Qatar",2001,3.799999952
"QA","Qatar",2002,3.700000048
"QA","Qatar",2003,4.800000191
"QA","Qatar",2004,5.5
"QA","Qatar",2005,3.900000095
"QA","Qatar",2006,3
"QA","Qatar",2007,1.799999952
"QA","Qatar",2008,0.899999976
"QA","Qatar",2009,0.899999976
"QA","Qatar",2010,1.299999952
"QA","Qatar",2011,1.700000048
"QA","Qatar",2012,1.399999976
"QA","Qatar",2013,1.5
"RO","Romania",2000,17.79999924
"RO","Romania",2001,17.70000076
"RO","Romania",2002,22
"RO","Romania",2003,19.60000038
"RO","Romania",2004,22.29999924
"RO","Romania",2005,20.39999962
"RO","Romania",2006,21.5
"RO","Romania",2007,20.20000076
"RO","Romania",2008,18.60000038
"RO","Romania",2009,21
"RO","Romania",2010,22.29999924
"RO","Romania",2011,23.89999962
"RO","Romania",2012,22.79999924
"RO","Romania",2013,23.79999924
"RU","Russian Federation",2000,20.79999924
"RU","Russian Federation",2001,18
"RU","Russian Federation",2002,15.60000038
"RU","Russian Federation",2003,17.5
"RU","Russian Federation",2004,17.29999924
"RU","Russian Federation",2005,15.39999962
"RU","Russian Federation",2006,16.5
"RU","Russian Federation",2007,14.5
"RU","Russian Federation",2008,14
"RU","Russian Federation",2009,18.39999962
"RU","Russian Federation",2010,16.79999924
"RU","Russian Federation",2011,15.30000019
"RU","Russian Federation",2012,15
"RU","Russian Federation",2013,14.5
"RW","Rwanda",2000,0.699999988
"RW","Rwanda",2001,0.699999988
"RW","Rwanda",2002,0.699999988
"RW","Rwanda",2003,0.699999988
"RW","Rwanda",2004,0.699999988
"RW","Rwanda",2005,0.699999988
"RW","Rwanda",2006,0.699999988
"RW","Rwanda",2007,0.699999988
"RW","Rwanda",2008,0.699999988
"RW","Rwanda",2009,0.699999988
"RW","Rwanda",2010,0.699999988
"RW","Rwanda",2011,0.699999988
"RW","Rwanda",2012,0.699999988
"RW","Rwanda",2013,0.699999988
"KN","Saint Kitts and Nevis",2000,
"KN","Saint Kitts and Nevis",2001,
"KN","Saint Kitts and Nevis",2002,
"KN","Saint Kitts and Nevis",2003,
"KN","Saint Kitts and Nevis",2004,
"KN","Saint Kitts and Nevis",2005,
"KN","Saint Kitts and Nevis",2006,
"KN","Saint Kitts and Nevis",2007,
"KN","Saint Kitts and Nevis",2008,
"KN","Saint Kitts and Nevis",2009,
"KN","Saint Kitts and Nevis",2010,
"KN","Saint Kitts and Nevis",2011,
"KN","Saint Kitts and Nevis",2012,
"KN","Saint Kitts and Nevis",2013,
"LC","Saint Lucia",2000,
"LC","Saint Lucia",2001,
"LC","Saint Lucia",2002,
"LC","Saint Lucia",2003,
"LC","Saint Lucia",2004,
"LC","Saint Lucia",2005,
"LC","Saint Lucia",2006,
"LC","Saint Lucia",2007,
"LC","Saint Lucia",2008,
"LC","Saint Lucia",2009,
"LC","Saint Lucia",2010,
"LC","Saint Lucia",2011,
"LC","Saint Lucia",2012,
"LC","Saint Lucia",2013,
"MF","Saint Martin ",2000,
"MF","Saint Martin ",2001,
"MF","Saint Martin ",2002,
"MF","Saint Martin ",2003,
"MF","Saint Martin ",2004,
"MF","Saint Martin ",2005,
"MF","Saint Martin ",2006,
"MF","Saint Martin ",2007,
"MF","Saint Martin ",2008,
"MF","Saint Martin ",2009,
"MF","Saint Martin ",2010,
"MF","Saint Martin ",2011,
"MF","Saint Martin ",2012,
"MF","Saint Martin ",2013,
"VC","Saint Vincent and the Grenadines",2000,
"VC","Saint Vincent and the Grenadines",2001,
"VC","Saint Vincent and the Grenadines",2002,
"VC","Saint Vincent and the Grenadines",2003,
"VC","Saint Vincent and the Grenadines",2004,
"VC","Saint Vincent and the Grenadines",2005,
"VC","Saint Vincent and the Grenadines",2006,
"VC","Saint Vincent and the Grenadines",2007,
"VC","Saint Vincent and the Grenadines",2008,
"VC","Saint Vincent and the Grenadines",2009,
"VC","Saint Vincent and the Grenadines",2010,
"VC","Saint Vincent and the Grenadines",2011,
"VC","Saint Vincent and the Grenadines",2012,
"VC","Saint Vincent and the Grenadines",2013,
"WS","Samoa",2000,
"WS","Samoa",2001,
"WS","Samoa",2002,
"WS","Samoa",2003,
"WS","Samoa",2004,
"WS","Samoa",2005,
"WS","Samoa",2006,
"WS","Samoa",2007,
"WS","Samoa",2008,
"WS","Samoa",2009,
"WS","Samoa",2010,
"WS","Samoa",2011,
"WS","Samoa",2012,
"WS","Samoa",2013,
"SM","San Marino",2000,
"SM","San Marino",2001,
"SM","San Marino",2002,
"SM","San Marino",2003,
"SM","San Marino",2004,
"SM","San Marino",2005,
"SM","San Marino",2006,
"SM","San Marino",2007,
"SM","San Marino",2008,
"SM","San Marino",2009,
"SM","San Marino",2010,
"SM","San Marino",2011,
"SM","San Marino",2012,
"SM","San Marino",2013,
"ST","Sao Tome and Principe",2000,
"ST","Sao Tome and Principe",2001,
"ST","Sao Tome and Principe",2002,
"ST","Sao Tome and Principe",2003,
"ST","Sao Tome and Principe",2004,
"ST","Sao Tome and Principe",2005,
"ST","Sao Tome and Principe",2006,
"ST","Sao Tome and Principe",2007,
"ST","Sao Tome and Principe",2008,
"ST","Sao Tome and Principe",2009,
"ST","Sao Tome and Principe",2010,
"ST","Sao Tome and Principe",2011,
"ST","Sao Tome and Principe",2012,
"ST","Sao Tome and Principe",2013,
"SA","Saudi Arabia",2000,23.70000076
"SA","Saudi Arabia",2001,24.29999924
"SA","Saudi Arabia",2002,26.89999962
"SA","Saudi Arabia",2003,28.89999962
"SA","Saudi Arabia",2004,28.60000038
"SA","Saudi Arabia",2005,28.70000076
"SA","Saudi Arabia",2006,34.90000153
"SA","Saudi Arabia",2007,30.20000076
"SA","Saudi Arabia",2008,29.5
"SA","Saudi Arabia",2009,29.89999962
"SA","Saudi Arabia",2010,29.79999924
"SA","Saudi Arabia",2011,30.10000038
"SA","Saudi Arabia",2012,28
"SA","Saudi Arabia",2013,28.70000076
"SN","Senegal",2000,14.30000019
"SN","Senegal",2001,14.19999981
"SN","Senegal",2002,14.39999962
"SN","Senegal",2003,14.10000038
"SN","Senegal",2004,14.19999981
"SN","Senegal",2005,14.19999981
"SN","Senegal",2006,14.10000038
"SN","Senegal",2007,14.10000038
"SN","Senegal",2008,14.19999981
"SN","Senegal",2009,14.19999981
"SN","Senegal",2010,14.39999962
"SN","Senegal",2011,14.69999981
"SN","Senegal",2012,14.69999981
"SN","Senegal",2013,14.60000038
"RS","Serbia",2000,28
"RS","Serbia",2001,28.5
"RS","Serbia",2002,30.79999924
"RS","Serbia",2003,34
"RS","Serbia",2004,41.5
"RS","Serbia",2005,46.90000153
"RS","Serbia",2006,46.79999924
"RS","Serbia",2007,42.79999924
"RS","Serbia",2008,34.20000076
"RS","Serbia",2009,41.70000076
"RS","Serbia",2010,45.5
"RS","Serbia",2011,50.40000153
"RS","Serbia",2012,50.59999847
"RS","Serbia",2013,48.90000153
"SC","Seychelles",2000,
"SC","Seychelles",2001,
"SC","Seychelles",2002,
"SC","Seychelles",2003,
"SC","Seychelles",2004,
"SC","Seychelles",2005,
"SC","Seychelles",2006,
"SC","Seychelles",2007,
"SC","Seychelles",2008,
"SC","Seychelles",2009,
"SC","Seychelles",2010,
"SC","Seychelles",2011,
"SC","Seychelles",2012,
"SC","Seychelles",2013,
"SL","Sierra Leone",2000,5.099999905
"SL","Sierra Leone",2001,4.900000095
"SL","Sierra Leone",2002,4.699999809
"SL","Sierra Leone",2003,5
"SL","Sierra Leone",2004,5.099999905
"SL","Sierra Leone",2005,5.099999905
"SL","Sierra Leone",2006,5.099999905
"SL","Sierra Leone",2007,5.099999905
"SL","Sierra Leone",2008,5.099999905
"SL","Sierra Leone",2009,5.199999809
"SL","Sierra Leone",2010,5.099999905
"SL","Sierra Leone",2011,5.099999905
"SL","Sierra Leone",2012,5
"SL","Sierra Leone",2013,4.699999809
"SG","Singapore",2000,12.5
"SG","Singapore",2001,13
"SG","Singapore",2002,17.29999924
"SG","Singapore",2003,18.70000076
"SG","Singapore",2004,15.80000019
"SG","Singapore",2005,14.69999981
"SG","Singapore",2006,12.89999962
"SG","Singapore",2007,10.89999962
"SG","Singapore",2008,11.69999981
"SG","Singapore",2009,15.89999962
"SG","Singapore",2010,11.19999981
"SG","Singapore",2011,10.69999981
"SG","Singapore",2012,10.39999962
"SG","Singapore",2013,10.30000019
"SX","Sint Maarten (Dutch part)",2000,
"SX","Sint Maarten (Dutch part)",2001,
"SX","Sint Maarten (Dutch part)",2002,
"SX","Sint Maarten (Dutch part)",2003,
"SX","Sint Maarten (Dutch part)",2004,
"SX","Sint Maarten (Dutch part)",2005,
"SX","Sint Maarten (Dutch part)",2006,
"SX","Sint Maarten (Dutch part)",2007,
"SX","Sint Maarten (Dutch part)",2008,
"SX","Sint Maarten (Dutch part)",2009,
"SX","Sint Maarten (Dutch part)",2010,
"SX","Sint Maarten (Dutch part)",2011,
"SX","Sint Maarten (Dutch part)",2012,
"SX","Sint Maarten (Dutch part)",2013,
"SK","Slovakia",2000,36.90000153
"SK","Slovakia",2001,38.90000153
"SK","Slovakia",2002,37.29999924
"SK","Slovakia",2003,33.20000076
"SK","Slovakia",2004,32.70000076
"SK","Slovakia",2005,30
"SK","Slovakia",2006,26.70000076
"SK","Slovakia",2007,20.20000076
"SK","Slovakia",2008,18.89999962
"SK","Slovakia",2009,27.5
"SK","Slovakia",2010,33.70000076
"SK","Slovakia",2011,33.09999847
"SK","Slovakia",2012,33.90000153
"SK","Slovakia",2013,33.5
"SI","Slovenia",2000,16.29999924
"SI","Slovenia",2001,15.80000019
"SI","Slovenia",2002,16.60000038
"SI","Slovenia",2003,17.60000038
"SI","Slovenia",2004,16.29999924
"SI","Slovenia",2005,16
"SI","Slovenia",2006,14.10000038
"SI","Slovenia",2007,10.10000038
"SI","Slovenia",2008,10.60000038
"SI","Slovenia",2009,13.80000019
"SI","Slovenia",2010,14.60000038
"SI","Slovenia",2011,15.80000019
"SI","Slovenia",2012,20.60000038
"SI","Slovenia",2013,22.79999924
"SB","Solomon Islands",2000,11.10000038
"SB","Solomon Islands",2001,10.60000038
"SB","Solomon Islands",2002,10.19999981
"SB","Solomon Islands",2003,9.5
"SB","Solomon Islands",2004,9.300000191
"SB","Solomon Islands",2005,9
"SB","Solomon Islands",2006,9.699999809
"SB","Solomon Islands",2007,9.5
"SB","Solomon Islands",2008,9.399999619
"SB","Solomon Islands",2009,10.30000019
"SB","Solomon Islands",2010,9.399999619
"SB","Solomon Islands",2011,9.199999809
"SB","Solomon Islands",2012,9.699999809
"SB","Solomon Islands",2013,9.699999809
"SO","Somalia",2000,10.69999981
"SO","Somalia",2001,10.60000038
"SO","Somalia",2002,10.69999981
"SO","Somalia",2003,10.69999981
"SO","Somalia",2004,10.60000038
"SO","Somalia",2005,10.60000038
"SO","Somalia",2006,10.60000038
"SO","Somalia",2007,10.60000038
"SO","Somalia",2008,10.60000038
"SO","Somalia",2009,10.60000038
"SO","Somalia",2010,10.60000038
"SO","Somalia",2011,10.60000038
"SO","Somalia",2012,10.60000038
"SO","Somalia",2013,10.60000038
"ZA","South Africa",2000,45.29999924
"ZA","South Africa",2001,50.29999924
"ZA","South Africa",2002,53
"ZA","South Africa",2003,55.40000153
"ZA","South Africa",2004,51.29999924
"ZA","South Africa",2005,48.40000153
"ZA","South Africa",2006,46.79999924
"ZA","South Africa",2007,46.5
"ZA","South Africa",2008,45.59999847
"ZA","South Africa",2009,48.20000076
"ZA","South Africa",2010,50.79999924
"ZA","South Africa",2011,50.09999847
"ZA","South Africa",2012,52.20000076
"ZA","South Africa",2013,53.59999847
"KR","South Korea",2000,10.80000019
"KR","South Korea",2001,10.30000019
"KR","South Korea",2002,8.600000381
"KR","South Korea",2003,10.19999981
"KR","South Korea",2004,10.60000038
"KR","South Korea",2005,10
"KR","South Korea",2006,9.699999809
"KR","South Korea",2007,8.800000191
"KR","South Korea",2008,9.399999619
"KR","South Korea",2009,9.600000381
"KR","South Korea",2010,9.699999809
"KR","South Korea",2011,9.699999809
"KR","South Korea",2012,8.899999619
"KR","South Korea",2013,9.199999809
"SS","South Sudan",2000,
"SS","South Sudan",2001,
"SS","South Sudan",2002,
"SS","South Sudan",2003,
"SS","South Sudan",2004,
"SS","South Sudan",2005,
"SS","South Sudan",2006,
"SS","South Sudan",2007,
"SS","South Sudan",2008,
"SS","South Sudan",2009,
"SS","South Sudan",2010,
"SS","South Sudan",2011,
"SS","South Sudan",2012,
"SS","South Sudan",2013,
"ES","Spain",2000,26.29999924
"ES","Spain",2001,21.29999924
"ES","Spain",2002,23
"ES","Spain",2003,23.39999962
"ES","Spain",2004,22.79999924
"ES","Spain",2005,20.39999962
"ES","Spain",2006,18.5
"ES","Spain",2007,18.89999962
"ES","Spain",2008,25.39999962
"ES","Spain",2009,38.5
"ES","Spain",2010,42.5
"ES","Spain",2011,47.09999847
"ES","Spain",2012,54.29999924
"ES","Spain",2013,57.29999924
"LK","Sri Lanka",2000,24
"LK","Sri Lanka",2001,24.89999962
"LK","Sri Lanka",2002,27.89999962
"LK","Sri Lanka",2003,26.39999962
"LK","Sri Lanka",2004,26.70000076
"LK","Sri Lanka",2005,26.29999924
"LK","Sri Lanka",2006,21
"LK","Sri Lanka",2007,20.5
"LK","Sri Lanka",2008,17.89999962
"LK","Sri Lanka",2009,20.70000076
"LK","Sri Lanka",2010,18.79999924
"LK","Sri Lanka",2011,16.89999962
"LK","Sri Lanka",2012,16.60000038
"LK","Sri Lanka",2013,17.60000038
"SD","Sudan",2000,23.79999924
"SD","Sudan",2001,23.70000076
"SD","Sudan",2002,23.60000038
"SD","Sudan",2003,23.70000076
"SD","Sudan",2004,23.70000076
"SD","Sudan",2005,23.60000038
"SD","Sudan",2006,23.70000076
"SD","Sudan",2007,23.70000076
"SD","Sudan",2008,23.60000038
"SD","Sudan",2009,23.70000076
"SD","Sudan",2010,23.60000038
"SD","Sudan",2011,23.60000038
"SD","Sudan",2012,23.70000076
"SD","Sudan",2013,24.5
"SR","Suriname",2000,38.59999847
"SR","Suriname",2001,24.10000038
"SR","Suriname",2002,24.20000076
"SR","Suriname",2003,28.70000076
"SR","Suriname",2004,35.90000153
"SR","Suriname",2005,24
"SR","Suriname",2006,26.39999962
"SR","Suriname",2007,23.10000038
"SR","Suriname",2008,21.70000076
"SR","Suriname",2009,24.60000038
"SR","Suriname",2010,20.79999924
"SR","Suriname",2011,20.39999962
"SR","Suriname",2012,21.10000038
"SR","Suriname",2013,22.5
"SZ","Swaziland",2000,42.09999847
"SZ","Swaziland",2001,42.20000076
"SZ","Swaziland",2002,42.09999847
"SZ","Swaziland",2003,42.09999847
"SZ","Swaziland",2004,42
"SZ","Swaziland",2005,42
"SZ","Swaziland",2006,42
"SZ","Swaziland",2007,41.90000153
"SZ","Swaziland",2008,42
"SZ","Swaziland",2009,42.09999847
"SZ","Swaziland",2010,42
"SZ","Swaziland",2011,42.20000076
"SZ","Swaziland",2012,42
"SZ","Swaziland",2013,42.40000153
"SE","Sweden",2000,12.10000038
"SE","Sweden",2001,12
"SE","Sweden",2002,13
"SE","Sweden",2003,14
"SE","Sweden",2004,17.10000038
"SE","Sweden",2005,22.60000038
"SE","Sweden",2006,21.5
"SE","Sweden",2007,19.70000076
"SE","Sweden",2008,20.60000038
"SE","Sweden",2009,25.29999924
"SE","Sweden",2010,25.20000076
"SE","Sweden",2011,23.20000076
"SE","Sweden",2012,24.20000076
"SE","Sweden",2013,23.79999924
"CH","Switzerland",2000,5
"CH","Switzerland",2001,5.599999905
"CH","Switzerland",2002,5.5
"CH","Switzerland",2003,8.5
"CH","Switzerland",2004,7.699999809
"CH","Switzerland",2005,8.699999809
"CH","Switzerland",2006,7.699999809
"CH","Switzerland",2007,7
"CH","Switzerland",2008,7.199999809
"CH","Switzerland",2009,8.5
"CH","Switzerland",2010,7.699999809
"CH","Switzerland",2011,7.599999905
"CH","Switzerland",2012,8.5
"CH","Switzerland",2013,8.800000191
"SY","Syria",2000,18.79999924
"SY","Syria",2001,23
"SY","Syria",2002,28.10000038
"SY","Syria",2003,19.29999924
"SY","Syria",2004,19.20000076
"SY","Syria",2005,18.89999962
"SY","Syria",2006,18.39999962
"SY","Syria",2007,19
"SY","Syria",2008,21.89999962
"SY","Syria",2009,16.10000038
"SY","Syria",2010,19.29999924
"SY","Syria",2011,33.70000076
"SY","Syria",2012,32.29999924
"SY","Syria",2013,29.79999924
"TJ","Tajikistan",2000,18.29999924
"TJ","Tajikistan",2001,18.39999962
"TJ","Tajikistan",2002,19.89999962
"TJ","Tajikistan",2003,19
"TJ","Tajikistan",2004,18.60000038
"TJ","Tajikistan",2005,17.70000076
"TJ","Tajikistan",2006,17.5
"TJ","Tajikistan",2007,17
"TJ","Tajikistan",2008,15.80000019
"TJ","Tajikistan",2009,16.89999962
"TJ","Tajikistan",2010,17.20000076
"TJ","Tajikistan",2011,16.20000076
"TJ","Tajikistan",2012,15.89999962
"TJ","Tajikistan",2013,15.60000038
"TZ","Tanzania",2000,8.899999619
"TZ","Tanzania",2001,8.800000191
"TZ","Tanzania",2002,6.599999905
"TZ","Tanzania",2003,6.5
"TZ","Tanzania",2004,5.5
"TZ","Tanzania",2005,4.699999809
"TZ","Tanzania",2006,7.699999809
"TZ","Tanzania",2007,3.299999952
"TZ","Tanzania",2008,4.400000095
"TZ","Tanzania",2009,4.699999809
"TZ","Tanzania",2010,5.599999905
"TZ","Tanzania",2011,6.599999905
"TZ","Tanzania",2012,6.5
"TZ","Tanzania",2013,6.5
"TH","Thailand",2000,6.900000095
"TH","Thailand",2001,7.900000095
"TH","Thailand",2002,5.699999809
"TH","Thailand",2003,5.099999905
"TH","Thailand",2004,4.699999809
"TH","Thailand",2005,4.599999905
"TH","Thailand",2006,4.900000095
"TH","Thailand",2007,4.599999905
"TH","Thailand",2008,5.099999905
"TH","Thailand",2009,5.900000095
"TH","Thailand",2010,4
"TH","Thailand",2011,2.900000095
"TH","Thailand",2012,3.099999905
"TH","Thailand",2013,3.099999905
"TL","Timor-Leste",2000,15.5
"TL","Timor-Leste",2001,20.89999962
"TL","Timor-Leste",2002,19.79999924
"TL","Timor-Leste",2003,18.70000076
"TL","Timor-Leste",2004,17.70000076
"TL","Timor-Leste",2005,16.70000076
"TL","Timor-Leste",2006,15.69999981
"TL","Timor-Leste",2007,16.70000076
"TL","Timor-Leste",2008,15.89999962
"TL","Timor-Leste",2009,15.10000038
"TL","Timor-Leste",2010,13.10000038
"TL","Timor-Leste",2011,12.80000019
"TL","Timor-Leste",2012,12.80000019
"TL","Timor-Leste",2013,13.30000019
"TG","Togo",2000,11
"TG","Togo",2001,11
"TG","Togo",2002,11
"TG","Togo",2003,10.80000019
"TG","Togo",2004,10.89999962
"TG","Togo",2005,10.89999962
"TG","Togo",2006,10.80000019
"TG","Togo",2007,10.89999962
"TG","Togo",2008,10.89999962
"TG","Togo",2009,10.80000019
"TG","Togo",2010,10.80000019
"TG","Togo",2011,10.80000019
"TG","Togo",2012,10.69999981
"TG","Togo",2013,10.69999981
"TO","Tonga",2000,
"TO","Tonga",2001,
"TO","Tonga",2002,
"TO","Tonga",2003,
"TO","Tonga",2004,
"TO","Tonga",2005,
"TO","Tonga",2006,
"TO","Tonga",2007,
"TO","Tonga",2008,
"TO","Tonga",2009,
"TO","Tonga",2010,
"TO","Tonga",2011,
"TO","Tonga",2012,
"TO","Tonga",2013,
"TT","Trinidad and Tobago",2000,23.20000076
"TT","Trinidad and Tobago",2001,21.10000038
"TT","Trinidad and Tobago",2002,20.70000076
"TT","Trinidad and Tobago",2003,21
"TT","Trinidad and Tobago",2004,16.70000076
"TT","Trinidad and Tobago",2005,16.39999962
"TT","Trinidad and Tobago",2006,13
"TT","Trinidad and Tobago",2007,11.19999981
"TT","Trinidad and Tobago",2008,10.39999962
"TT","Trinidad and Tobago",2009,11.69999981
"TT","Trinidad and Tobago",2010,14
"TT","Trinidad and Tobago",2011,10.19999981
"TT","Trinidad and Tobago",2012,11.39999962
"TT","Trinidad and Tobago",2013,13.19999981
"TN","Tunisia",2000,33
"TN","Tunisia",2001,32
"TN","Tunisia",2002,32.59999847
"TN","Tunisia",2003,31.10000038
"TN","Tunisia",2004,30.10000038
"TN","Tunisia",2005,30.5
"TN","Tunisia",2006,27.5
"TN","Tunisia",2007,27.79999924
"TN","Tunisia",2008,28.29999924
"TN","Tunisia",2009,30.5
"TN","Tunisia",2010,29.39999962
"TN","Tunisia",2011,42.70000076
"TN","Tunisia",2012,32.40000153
"TN","Tunisia",2013,31.20000076
"TR","Turkey",2000,12.80000019
"TR","Turkey",2001,15.89999962
"TR","Turkey",2002,18.79999924
"TR","Turkey",2003,19.89999962
"TR","Turkey",2004,20
"TR","Turkey",2005,19.20000076
"TR","Turkey",2006,18.39999962
"TR","Turkey",2007,19.29999924
"TR","Turkey",2008,19.89999962
"TR","Turkey",2009,24.5
"TR","Turkey",2010,21.20000076
"TR","Turkey",2011,17.89999962
"TR","Turkey",2012,17.10000038
"TR","Turkey",2013,20.39999962
"TM","Turkmenistan",2000,20.89999962
"TM","Turkmenistan",2001,21
"TM","Turkmenistan",2002,20.79999924
"TM","Turkmenistan",2003,20.89999962
"TM","Turkmenistan",2004,20.79999924
"TM","Turkmenistan",2005,20.79999924
"TM","Turkmenistan",2006,20.70000076
"TM","Turkmenistan",2007,20.70000076
"TM","Turkmenistan",2008,20.79999924
"TM","Turkmenistan",2009,20.60000038
"TM","Turkmenistan",2010,20.60000038
"TM","Turkmenistan",2011,20.79999924
"TM","Turkmenistan",2012,20.5
"TM","Turkmenistan",2013,20.20000076
"TC","Turks and Caicos Islands",2000,
"TC","Turks and Caicos Islands",2001,
"TC","Turks and Caicos Islands",2002,
"TC","Turks and Caicos Islands",2003,
"TC","Turks and Caicos Islands",2004,
"TC","Turks and Caicos Islands",2005,
"TC","Turks and Caicos Islands",2006,
"TC","Turks and Caicos Islands",2007,
"TC","Turks and Caicos Islands",2008,
"TC","Turks and Caicos Islands",2009,
"TC","Turks and Caicos Islands",2010,
"TC","Turks and Caicos Islands",2011,
"TC","Turks and Caicos Islands",2012,
"TC","Turks and Caicos Islands",2013,
"TV","Tuvalu",2000,
"TV","Tuvalu",2001,
"TV","Tuvalu",2002,
"TV","Tuvalu",2003,
"TV","Tuvalu",2004,
"TV","Tuvalu",2005,
"TV","Tuvalu",2006,
"TV","Tuvalu",2007,
"TV","Tuvalu",2008,
"TV","Tuvalu",2009,
"TV","Tuvalu",2010,
"TV","Tuvalu",2011,
"TV","Tuvalu",2012,
"TV","Tuvalu",2013,
"AE","UAE",2000,6
"AE","UAE",2001,9.199999809
"AE","UAE",2002,9.199999809
"AE","UAE",2003,7.199999809
"AE","UAE",2004,8.199999809
"AE","UAE",2005,7.800000191
"AE","UAE",2006,8.100000381
"AE","UAE",2007,8.399999619
"AE","UAE",2008,11
"AE","UAE",2009,9.699999809
"AE","UAE",2010,9.800000191
"AE","UAE",2011,9.800000191
"AE","UAE",2012,9.899999619
"AE","UAE",2013,9.899999619
"UG","Uganda",2000,4.800000191
"UG","Uganda",2001,4.099999905
"UG","Uganda",2002,6
"UG","Uganda",2003,5.5
"UG","Uganda",2004,4.300000191
"UG","Uganda",2005,3.400000095
"UG","Uganda",2006,6.300000191
"UG","Uganda",2007,5.099999905
"UG","Uganda",2008,6.300000191
"UG","Uganda",2009,7.199999809
"UG","Uganda",2010,7.199999809
"UG","Uganda",2011,7.199999809
"UG","Uganda",2012,7.199999809
"UG","Uganda",2013,6.599999905
"UA","Ukraine",2000,24.79999924
"UA","Ukraine",2001,23.39999962
"UA","Ukraine",2002,20.60000038
"UA","Ukraine",2003,19.5
"UA","Ukraine",2004,15.69999981
"UA","Ukraine",2005,15
"UA","Ukraine",2006,14.60000038
"UA","Ukraine",2007,13.69999981
"UA","Ukraine",2008,13.80000019
"UA","Ukraine",2009,17.79999924
"UA","Ukraine",2010,17.39999962
"UA","Ukraine",2011,19
"UA","Ukraine",2012,17.29999924
"UA","Ukraine",2013,17.79999924
"GB","United Kingdom",2000,12.19999981
"GB","United Kingdom",2001,10.60000038
"GB","United Kingdom",2002,11.30000019
"GB","United Kingdom",2003,11.60000038
"GB","United Kingdom",2004,10.89999962
"GB","United Kingdom",2005,12.5
"GB","United Kingdom",2006,14
"GB","United Kingdom",2007,14.5
"GB","United Kingdom",2008,14.5
"GB","United Kingdom",2009,19.10000038
"GB","United Kingdom",2010,19.60000038
"GB","United Kingdom",2011,20.10000038
"GB","United Kingdom",2012,21.39999962
"GB","United Kingdom",2013,20.29999924
"UY","Uruguay",2000,25.89999962
"UY","Uruguay",2001,24.10000038
"UY","Uruguay",2002,22.5
"UY","Uruguay",2003,20.89999962
"UY","Uruguay",2004,19.5
"UY","Uruguay",2005,23.5
"UY","Uruguay",2006,28.10000038
"UY","Uruguay",2007,24.60000038
"UY","Uruguay",2008,19.39999962
"UY","Uruguay",2009,19
"UY","Uruguay",2010,20.79999924
"UY","Uruguay",2011,17.89999962
"UY","Uruguay",2012,18.5
"UY","Uruguay",2013,18.5
"US","USA",2000,9.600000381
"US","USA",2001,10.69999981
"US","USA",2002,12.30000019
"US","USA",2003,12.69999981
"US","USA",2004,12.10000038
"US","USA",2005,11.60000038
"US","USA",2006,10.69999981
"US","USA",2007,10.80000019
"US","USA",2008,13.19999981
"US","USA",2009,17.89999962
"US","USA",2010,18.70000076
"US","USA",2011,17.39999962
"US","USA",2012,16.5
"US","USA",2013,15.80000019
"UZ","Uzbekistan",2000,20.5
"UZ","Uzbekistan",2001,20.5
"UZ","Uzbekistan",2002,20.5
"UZ","Uzbekistan",2003,20.5
"UZ","Uzbekistan",2004,20.60000038
"UZ","Uzbekistan",2005,20.60000038
"UZ","Uzbekistan",2006,20.60000038
"UZ","Uzbekistan",2007,20.70000076
"UZ","Uzbekistan",2008,20.70000076
"UZ","Uzbekistan",2009,20.60000038
"UZ","Uzbekistan",2010,20.60000038
"UZ","Uzbekistan",2011,20.60000038
"UZ","Uzbekistan",2012,20.60000038
"UZ","Uzbekistan",2013,20.29999924
"VU","Vanuatu",2000,
"VU","Vanuatu",2001,
"VU","Vanuatu",2002,
"VU","Vanuatu",2003,
"VU","Vanuatu",2004,
"VU","Vanuatu",2005,
"VU","Vanuatu",2006,
"VU","Vanuatu",2007,
"VU","Vanuatu",2008,
"VU","Vanuatu",2009,
"VU","Vanuatu",2010,
"VU","Vanuatu",2011,
"VU","Vanuatu",2012,
"VU","Vanuatu",2013,
"VE","Venezuela",2000,24.29999924
"VE","Venezuela",2001,22.60000038
"VE","Venezuela",2002,28.20000076
"VE","Venezuela",2003,28
"VE","Venezuela",2004,25.5
"VE","Venezuela",2005,19.79999924
"VE","Venezuela",2006,17
"VE","Venezuela",2007,14.39999962
"VE","Venezuela",2008,13.60000038
"VE","Venezuela",2009,15.39999962
"VE","Venezuela",2010,17.5
"VE","Venezuela",2011,17.39999962
"VE","Venezuela",2012,17.10000038
"VE","Venezuela",2013,16.10000038
"VN","Viet Nam",2000,4.599999905
"VN","Viet Nam",2001,5.699999809
"VN","Viet Nam",2002,4.099999905
"VN","Viet Nam",2003,4.599999905
"VN","Viet Nam",2004,4.400000095
"VN","Viet Nam",2005,4.599999905
"VN","Viet Nam",2006,5
"VN","Viet Nam",2007,5.099999905
"VN","Viet Nam",2008,5.300000191
"VN","Viet Nam",2009,6
"VN","Viet Nam",2010,6
"VN","Viet Nam",2011,5.199999809
"VN","Viet Nam",2012,5
"VN","Viet Nam",2013,5.400000095
"VI","Virgin Islands (US)",2000,
"VI","Virgin Islands (US)",2001,
"VI","Virgin Islands (US)",2002,
"VI","Virgin Islands (US)",2003,
"VI","Virgin Islands (US)",2004,
"VI","Virgin Islands (US)",2005,
"VI","Virgin Islands (US)",2006,
"VI","Virgin Islands (US)",2007,
"VI","Virgin Islands (US)",2008,
"VI","Virgin Islands (US)",2009,
"VI","Virgin Islands (US)",2010,
"VI","Virgin Islands (US)",2011,
"VI","Virgin Islands (US)",2012,
"VI","Virgin Islands (US)",2013,
"YE","Yemen",2000,27.79999924
"YE","Yemen",2001,23.89999962
"YE","Yemen",2002,23.89999962
"YE","Yemen",2003,24.29999924
"YE","Yemen",2004,24.10000038
"YE","Yemen",2005,27.29999924
"YE","Yemen",2006,26.60000038
"YE","Yemen",2007,25.89999962
"YE","Yemen",2008,25.39999962
"YE","Yemen",2009,24.79999924
"YE","Yemen",2010,30.29999924
"YE","Yemen",2011,30.10000038
"YE","Yemen",2012,30.20000076
"YE","Yemen",2013,29.79999924
"ZM","Zambia",2000,21.70000076
"ZM","Zambia",2001,25.39999962
"ZM","Zambia",2002,24.70000076
"ZM","Zambia",2003,25
"ZM","Zambia",2004,23.79999924
"ZM","Zambia",2005,24.39999962
"ZM","Zambia",2006,25.5
"ZM","Zambia",2007,25.5
"ZM","Zambia",2008,24.79999924
"ZM","Zambia",2009,25.70000076
"ZM","Zambia",2010,26.39999962
"ZM","Zambia",2011,26.39999962
"ZM","Zambia",2012,25.10000038
"ZM","Zambia",2013,24.60000038
"ZW","Zimbabwe",2000,13.69999981
"ZW","Zimbabwe",2001,8.199999809
"ZW","Zimbabwe",2002,7.800000191
"ZW","Zimbabwe",2003,7.400000095
"ZW","Zimbabwe",2004,7
"ZW","Zimbabwe",2005,8.100000381
"ZW","Zimbabwe",2006,9.399999619
"ZW","Zimbabwe",2007,9.699999809
"ZW","Zimbabwe",2008,11
"ZW","Zimbabwe",2009,12.60000038
"ZW","Zimbabwe",2010,9.600000381
"ZW","Zimbabwe",2011,8.300000191
"ZW","Zimbabwe",2012,8.699999809
"ZW","Zimbabwe",2013,9.300000191
