"id-to","entity-to-name","year","value"
"AF","Afghanistan",2002,2199335.22
"AF","Afghanistan",2003,1200011.81
"AF","Afghanistan",2004,12543271.26
"AF","Afghanistan",2005,11445690.21
"AF","Afghanistan",2006,4367412.4
"AF","Afghanistan",2007,4146206.78
"AF","Afghanistan",2008,6515690.12
"AF","Afghanistan",2009,5200390.43
"AF","Afghanistan",2010,3680217.58
"AF","Afghanistan",2011,5539688.19
"AF","Afghanistan",2012,14517689.67
"AF","Afghanistan",2013,6528617.01
"AF","Afghanistan",2014,3160941.17
"AF","Afghanistan",2015,3580361.7
"africa","Africa, regional",2012,13757.99
"africa","Africa, regional",2013,242345.25
"africa","Africa, regional",2014,448951.67
"africa","Africa, regional",2015,699683.53
"america","America, regional",2002,295307.14
"america","America, regional",2003,170442.91
"america","America, regional",2004,205616.23
"america","America, regional",2005,288259.91
"america","America, regional",2006,191741.61
"america","America, regional",2007,104262.16
"america","America, regional",2008,403467.56
"america","America, regional",2009,159189.59
"america","America, regional",2010,142470.64
"america","America, regional",2011,21594.5
"america","America, regional",2012,3883.87
"AO","Angola",1995,0
"AO","Angola",2003,599515.88
"AO","Angola",2006,106567.04
"AO","Angola",2007,122874.89
"AG","Antigua & Barbuda",1995,0
"AG","Antigua & Barbuda",2015,20210.5
"AR","Argentina",2002,297181.87
"AR","Argentina",2003,384466.22
"AR","Argentina",2004,456084.45
"AR","Argentina",2005,362508.62
"AR","Argentina",2006,263477.82
"AR","Argentina",2007,178671.93
"AR","Argentina",2008,487924.96
"AR","Argentina",2009,241247.07
"AR","Argentina",2010,124994.93
"AR","Argentina",2011,126556.92
"AR","Argentina",2012,170512.01
"AR","Argentina",2013,125158.27
"AR","Argentina",2014,108883.62
"AR","Argentina",2015,115013
"asia","Asia, regional",1981,0
"asia","Asia, regional",1982,0
"asia","Asia, regional",1983,0
"asia","Asia, regional",1985,0
"asia","Asia, regional",1995,0
"asia","Asia, regional",2002,545614.69
"asia","Asia, regional",2003,256177.77
"asia","Asia, regional",2004,2034209.41
"asia","Asia, regional",2005,28756142.96
"asia","Asia, regional",2006,1725318.33
"asia","Asia, regional",2007,28208.72
"asia","Asia, regional",2008,396752.06
"asia","Asia, regional",2009,489046.21
"asia","Asia, regional",2010,55897.84
"asia","Asia, regional",2011,19949.99
"asia","Asia, regional",2013,24838.95
"asia","Asia, regional",2014,40002.74
"asia","Asia, regional",2015,778844.2
"BD","Bangladesh",1982,0
"BD","Bangladesh",1995,0
"BD","Bangladesh",2002,1227164.31
"BD","Bangladesh",2003,1184634.99
"BD","Bangladesh",2004,1349771.44
"BD","Bangladesh",2005,1136443.72
"BD","Bangladesh",2006,876118.33
"BD","Bangladesh",2007,1881597.77
"BD","Bangladesh",2008,1226990.76
"BD","Bangladesh",2009,1641099.47
"BD","Bangladesh",2010,118394.3
"BD","Bangladesh",2011,1088822.98
"BD","Bangladesh",2012,493844.11
"BD","Bangladesh",2013,365146.34
"BD","Bangladesh",2014,595288.71
"BD","Bangladesh",2015,360061.3
"BB","Barbados",2002,16874.69
"BB","Barbados",2003,39721.61
"BB","Barbados",2004,20350.5
"BB","Barbados",2005,24458.43
"BB","Barbados",2006,30421.14
"BB","Barbados",2007,18632.1
"BB","Barbados",2008,21564.76
"BB","Barbados",2009,20948.2
"BB","Barbados",2010,6255.01
"BZ","Belize",2005,20964.39
"BZ","Belize",2006,18447.22
"BZ","Belize",2007,17423.78
"BZ","Belize",2008,6516.08
"BZ","Belize",2009,21669.42
"BZ","Belize",2010,19818.77
"BZ","Belize",2011,19683.6
"BZ","Belize",2012,23150.64
"BZ","Belize",2013,1368.99
"BZ","Belize",2014,3675.28
"BT","Bhutan",1995,0
"BT","Bhutan",2002,401242.63
"BT","Bhutan",2003,407680.47
"BT","Bhutan",2004,483949.13
"BT","Bhutan",2005,434137.21
"BT","Bhutan",2006,238375.54
"BT","Bhutan",2007,249289.41
"BT","Bhutan",2008,43323.17
"BT","Bhutan",2009,112531.48
"BT","Bhutan",2010,39166.14
"bilateral-unspecified","Bilateral, unspecified",1974,0
"bilateral-unspecified","Bilateral, unspecified",1982,0
"bilateral-unspecified","Bilateral, unspecified",1983,0
"bilateral-unspecified","Bilateral, unspecified",1995,0
"bilateral-unspecified","Bilateral, unspecified",2002,7115492.98
"bilateral-unspecified","Bilateral, unspecified",2003,9048346.73
"bilateral-unspecified","Bilateral, unspecified",2004,15568010.35
"bilateral-unspecified","Bilateral, unspecified",2005,18458270.88
"bilateral-unspecified","Bilateral, unspecified",2006,32495095.73
"bilateral-unspecified","Bilateral, unspecified",2007,44873307.9
"bilateral-unspecified","Bilateral, unspecified",2008,44379037.3
"bilateral-unspecified","Bilateral, unspecified",2009,40178424.08
"bilateral-unspecified","Bilateral, unspecified",2010,40429181.5
"bilateral-unspecified","Bilateral, unspecified",2011,40007462.5
"bilateral-unspecified","Bilateral, unspecified",2012,44202826.86
"bilateral-unspecified","Bilateral, unspecified",2013,46829358.65
"bilateral-unspecified","Bilateral, unspecified",2014,42382598.92
"bilateral-unspecified","Bilateral, unspecified",2015,42181364.55
"BO","Bolivia",2002,18749.65
"BO","Bolivia",2003,37667.53
"BO","Bolivia",2004,43035.7
"BO","Bolivia",2008,394007.57
"BO","Bolivia",2010,14758.06
"BO","Bolivia",2015,41687.2
"BA","Bosnia & Herzegovina",1995,0
"BW","Botswana",1995,0
"BW","Botswana",2002,127497.68
"BW","Botswana",2003,83597.65
"BW","Botswana",2004,47427.95
"BW","Botswana",2005,39308.22
"BW","Botswana",2006,21798.22
"BW","Botswana",2007,20093.59
"BW","Botswana",2008,5542.68
"BW","Botswana",2009,47.93
"BW","Botswana",2013,38208.29
"BW","Botswana",2014,144133.6
"BW","Botswana",2015,608990.9
"BR","Brazil",2002,362805.93
"BR","Brazil",2003,323204.05
"BR","Brazil",2004,325518.93
"BR","Brazil",2005,363382.87
"BR","Brazil",2006,309078.46
"BR","Brazil",2007,161694.08
"BR","Brazil",2008,382156.16
"BR","Brazil",2009,353650.29
"BR","Brazil",2010,208808.71
"BR","Brazil",2011,250043.3
"BR","Brazil",2012,93366.99
"BR","Brazil",2013,111789.48
"BR","Brazil",2014,25613.64
"BR","Brazil",2015,220609.3
"BF","Burkina Faso",2012,740913.66
"BI","Burundi",1995,0
"BI","Burundi",2004,159717.49
"BI","Burundi",2005,1553114.06
"KH","Cambodia",1995,0
"KH","Cambodia",2002,2802135.8
"KH","Cambodia",2003,2961068.55
"KH","Cambodia",2004,3473416.68
"KH","Cambodia",2005,4485504.39
"KH","Cambodia",2006,4122187.66
"KH","Cambodia",2007,6889175.43
"KH","Cambodia",2008,4692665.89
"KH","Cambodia",2009,4747438.96
"KH","Cambodia",2010,4287067.15
"KH","Cambodia",2011,2687997
"KH","Cambodia",2012,3387345.91
"KH","Cambodia",2013,3024409.26
"KH","Cambodia",2014,5014681.49
"KH","Cambodia",2015,5753844.1
"CM","Cameroon",2002,48749.21
"CM","Cameroon",2003,21706.72
"CM","Cameroon",2014,26324.76
"CM","Cameroon",2015,211090
"CF","CAR",2014,352720.09
"TD","Chad",2004,161014.69
"CL","Chile",1995,0
"CL","Chile",2002,626237.79
"CL","Chile",2003,733502.51
"CL","Chile",2004,737780.59
"CL","Chile",2005,519741.86
"CL","Chile",2006,293791.86
"CL","Chile",2007,508682.88
"CL","Chile",2008,681094.73
"CL","Chile",2009,297091.36
"CL","Chile",2010,738907.27
"CL","Chile",2011,916875.46
"CL","Chile",2012,315664.69
"CL","Chile",2013,380843.56
"CL","Chile",2014,381577.91
"CL","Chile",2015,295187.47
"CN","China",1995,0
"CN","China",2002,1818717.11
"CN","China",2003,1640650.38
"CN","China",2004,3113191.37
"CN","China",2005,2071106.18
"CN","China",2006,2229229.55
"CN","China",2007,1569830.72
"CN","China",2008,2262900.51
"CN","China",2009,1470870.22
"CN","China",2010,1580908.81
"CN","China",2011,983775.22
"CN","China",2012,940302.1
"CN","China",2013,1018351.74
"CN","China",2014,725410.04
"CN","China",2015,622769.7
"CO","Colombia",2002,346868.75
"CO","Colombia",2003,307733.76
"CO","Colombia",2004,290444.39
"CO","Colombia",2005,110062.95
"CO","Colombia",2006,80400.61
"CO","Colombia",2007,18913.99
"CO","Colombia",2008,98.5
"CO","Colombia",2010,0
"CO","Colombia",2011,98907.33
"CO","Colombia",2012,10459.49
"CO","Colombia",2013,43633.72
"CO","Colombia",2014,128413.96
"CO","Colombia",2015,955947.3
"KM","Comoros",2012,2994.77
"KM","Comoros",2013,19021.06
"KM","Comoros",2014,122439.2
"KM","Comoros",2015,952257
"CK","Cook Islands",1974,0
"CK","Cook Islands",1981,0
"CK","Cook Islands",1982,0
"CK","Cook Islands",1983,0
"CK","Cook Islands",1985,0
"CK","Cook Islands",1995,0
"CK","Cook Islands",2002,5440213.08
"CK","Cook Islands",2003,5446198.73
"CK","Cook Islands",2004,5135065.33
"CK","Cook Islands",2005,7758566.73
"CK","Cook Islands",2006,9491611.41
"CK","Cook Islands",2007,6384013.86
"CK","Cook Islands",2008,4301425.99
"CK","Cook Islands",2009,3600924.03
"CK","Cook Islands",2010,10335876.58
"CK","Cook Islands",2011,14159131.31
"CK","Cook Islands",2012,17042865.77
"CK","Cook Islands",2013,10553598.08
"CK","Cook Islands",2014,19662875.69
"CK","Cook Islands",2015,17313925.66
"CR","Costa Rica",2003,94747.15
"CR","Costa Rica",2004,89452.89
"CR","Costa Rica",2006,75307.4
"CR","Costa Rica",2007,21689.17
"CI","Côte d'Ivoire",2003,50889.62
"CI","Côte d'Ivoire",2011,1057715.39
"DJ","Djibouti",2005,571279.29
"DM","Dominica",2005,18343.83
"DM","Dominica",2006,50343.24
"DM","Dominica",2007,51435.39
"DM","Dominica",2008,51856.55
"DM","Dominica",2009,26846.74
"DM","Dominica",2010,21769.79
"DM","Dominica",2011,6447.33
"DM","Dominica",2014,23637.39
"DM","Dominica",2015,12849.84
"CD","DRC",2002,93748.33
"CD","DRC",2003,746921.67
"CD","DRC",2004,88728.29
"CD","DRC",2005,271663.22
"CD","DRC",2006,70530.68
"CD","DRC",2008,878016.84
"CD","DRC",2009,93898.46
"EC","Ecuador",2002,9374.83
"EC","Ecuador",2003,5838.41
"EC","Ecuador",2004,39529.21
"EC","Ecuador",2005,36687.65
"EC","Ecuador",2006,47879.24
"EC","Ecuador",2007,22465.82
"EC","Ecuador",2008,42134.68
"EC","Ecuador",2009,117523.18
"EC","Ecuador",2010,381254.01
"EC","Ecuador",2011,315779.58
"EC","Ecuador",2012,327707.05
"EC","Ecuador",2013,125961.87
"EC","Ecuador",2014,352.72
"EC","Ecuador",2015,103886.2
"EG","Egypt",2002,18749.65
"EG","Egypt",2003,19661.89
"EG","Egypt",2004,17872.73
"EG","Egypt",2005,17470.35
"EG","Egypt",2006,15507.73
"EG","Egypt",2008,157602.57
"EG","Egypt",2011,442867.62
"EG","Egypt",2014,355.15
"EG","Egypt",2015,28894
"SV","El Salvador",2002,65623.79
"SV","El Salvador",2003,61354.3
"SV","El Salvador",2004,44726.38
"SV","El Salvador",2005,129280.38
"SV","El Salvador",2006,107581.39
"SV","El Salvador",2007,44727.55
"SV","El Salvador",2008,67319.97
"SV","El Salvador",2009,61285.81
"SV","El Salvador",2010,32677.24
"SV","El Salvador",2011,215347.21
"SV","El Salvador",2012,14845.69
"SV","El Salvador",2013,29914.26
"ER","Eritrea",2002,47811.64
"ER","Eritrea",2003,564401.71
"ER","Eritrea",2004,218363.15
"ER","Eritrea",2005,35814.17
"ET","Ethiopia",1995,0
"ET","Ethiopia",2002,364679.79
"ET","Ethiopia",2003,1302559.74
"ET","Ethiopia",2004,1085259.02
"ET","Ethiopia",2005,1498079.48
"ET","Ethiopia",2006,206030.19
"ET","Ethiopia",2007,71844.58
"ET","Ethiopia",2008,387142.36
"ET","Ethiopia",2009,495461.93
"ET","Ethiopia",2012,13988.42
"ET","Ethiopia",2013,38617.14
"ET","Ethiopia",2014,179340.62
"ET","Ethiopia",2015,241447.6
"europe","Europe, regional",2014,211631.89
"east-asia","Far East Asia, regional",1995,0
"east-asia","Far East Asia, regional",2002,2263082.5
"east-asia","Far East Asia, regional",2003,2910039.44
"east-asia","Far East Asia, regional",2004,3641933.68
"east-asia","Far East Asia, regional",2005,2845046.37
"east-asia","Far East Asia, regional",2006,4628247.19
"east-asia","Far East Asia, regional",2007,3880715.59
"east-asia","Far East Asia, regional",2008,5926333.74
"east-asia","Far East Asia, regional",2009,4200539.12
"east-asia","Far East Asia, regional",2010,4713416.9
"east-asia","Far East Asia, regional",2011,6611502.63
"east-asia","Far East Asia, regional",2012,8139316.41
"east-asia","Far East Asia, regional",2013,6621208.46
"east-asia","Far East Asia, regional",2014,6387481.39
"east-asia","Far East Asia, regional",2015,8754012.6
"FJ","Fiji",1976,0
"FJ","Fiji",1981,0
"FJ","Fiji",1982,0
"FJ","Fiji",1983,0
"FJ","Fiji",1984,0
"FJ","Fiji",1985,0
"FJ","Fiji",1995,0
"FJ","Fiji",2002,5678338.42
"FJ","Fiji",2003,4313793.73
"FJ","Fiji",2004,3717597.55
"FJ","Fiji",2005,4314293.97
"FJ","Fiji",2006,7779003.98
"FJ","Fiji",2007,4051016.89
"FJ","Fiji",2008,4390133.34
"FJ","Fiji",2009,4160650.39
"FJ","Fiji",2010,3821113.28
"FJ","Fiji",2011,3686765.5
"FJ","Fiji",2012,4944497.32
"FJ","Fiji",2013,5510412.08
"FJ","Fiji",2014,6823994.91
"FJ","Fiji",2015,7753810.91
"PF","French Polynesia",1983,0
"PF","French Polynesia",1995,0
"GM","Gambia",2003,37676.78
"GM","Gambia",2004,64137.66
"GM","Gambia",2005,64640.13
"GM","Gambia",2008,34329.59
"GM","Gambia",2009,42707.95
"GM","Gambia",2010,39451.48
"GM","Gambia",2011,7201.38
"GM","Gambia",2015,283.37
"GH","Ghana",2002,152809.6
"GH","Ghana",2003,99678.74
"GH","Ghana",2004,96349.64
"GH","Ghana",2005,145003.52
"GH","Ghana",2006,224595.96
"GH","Ghana",2007,128511.76
"GH","Ghana",2008,211004.74
"GH","Ghana",2009,212486.36
"GH","Ghana",2010,171486.71
"GH","Ghana",2011,377761.64
"GH","Ghana",2012,182018.48
"GH","Ghana",2013,157046.05
"GH","Ghana",2014,96073.78
"GH","Ghana",2015,316177.9
"GD","Grenada",2005,87351.6
"GD","Grenada",2006,127880.42
"GD","Grenada",2008,78801.51
"GD","Grenada",2014,85985.76
"GD","Grenada",2015,83395.2
"GT","Guatemala",2002,75936.11
"GT","Guatemala",2003,95265.1
"GT","Guatemala",2004,123105.02
"GT","Guatemala",2005,214010.98
"GT","Guatemala",2006,1084749.3
"GT","Guatemala",2007,503010.64
"GT","Guatemala",2008,79801.65
"GT","Guatemala",2009,103742.03
"GT","Guatemala",2010,281400.92
"GT","Guatemala",2011,137432.43
"GT","Guatemala",2012,100953.33
"GT","Guatemala",2013,149425.79
"GT","Guatemala",2014,188814.84
"GT","Guatemala",2015,215763
"GW","Guinea-Bissau",2014,40774.93
"GY","Guyana",2002,16874.69
"GY","Guyana",2004,4213.22
"GY","Guyana",2005,139762.57
"GY","Guyana",2006,112172.01
"GY","Guyana",2007,68635.05
"GY","Guyana",2008,57262.38
"GY","Guyana",2009,73307.68
"GY","Guyana",2010,51243.64
"GY","Guyana",2015,97142.66
"HT","Haiti",2002,20624.52
"HT","Haiti",2004,89452.89
"HT","Haiti",2005,165094.56
"HT","Haiti",2006,93246.13
"HT","Haiti",2007,26167.11
"HT","Haiti",2008,63986.92
"HT","Haiti",2009,80195.55
"HT","Haiti",2010,1521433.39
"HN","Honduras",2002,82498.5
"HN","Honduras",2006,158073.8
"HN","Honduras",2007,211451.19
"HN","Honduras",2008,143480.53
"HN","Honduras",2009,240752.9
"HN","Honduras",2010,126142.42
"HN","Honduras",2011,32206.67
"HN","Honduras",2012,16041.53
"IN","India",1981,0
"IN","India",1995,0
"IN","India",2002,1370599.82
"IN","India",2003,1632314.63
"IN","India",2004,1294194.24
"IN","India",2005,2106047.17
"IN","India",2006,1228979.78
"IN","India",2007,1401543.54
"IN","India",2008,1910714.07
"IN","India",2009,2383872.59
"IN","India",2010,380693.32
"IN","India",2011,825958.05
"IN","India",2012,347038.3
"IN","India",2013,429023.49
"IN","India",2014,181232.15
"IN","India",2015,665647.5
"ID","Indonesia",1974,0
"ID","Indonesia",1976,0
"ID","Indonesia",1981,0
"ID","Indonesia",1982,0
"ID","Indonesia",1983,0
"ID","Indonesia",1985,0
"ID","Indonesia",1995,0
"ID","Indonesia",2002,9139523.62
"ID","Indonesia",2003,7721765.26
"ID","Indonesia",2004,8814679.62
"ID","Indonesia",2005,16190618.43
"ID","Indonesia",2006,11509277
"ID","Indonesia",2007,14646093.73
"ID","Indonesia",2008,13791793.45
"ID","Indonesia",2009,6429089.07
"ID","Indonesia",2010,6898666.07
"ID","Indonesia",2011,14281259.24
"ID","Indonesia",2012,10999473.34
"ID","Indonesia",2013,5563604.72
"ID","Indonesia",2014,11545606.33
"ID","Indonesia",2015,9072746
"IR","Iran",2002,18749.65
"IR","Iran",2003,11676.84
"IR","Iran",2004,587069.72
"IR","Iran",2005,428022.6
"IQ","Iraq",1995,0
"IQ","Iraq",2003,9882651.52
"IQ","Iraq",2004,3287525.64
"IQ","Iraq",2005,2873870.31
"IQ","Iraq",2006,3414405.11
"IQ","Iraq",2007,2616700.2
"IQ","Iraq",2008,1576030.27
"IQ","Iraq",2010,379826.03
"IQ","Iraq",2014,705441.04
"JM","Jamaica",2002,66561.22
"JM","Jamaica",2003,87520.78
"JM","Jamaica",2004,42624.27
"JM","Jamaica",2005,30573.04
"JM","Jamaica",2006,81777.28
"JM","Jamaica",2007,61722
"JM","Jamaica",2008,84332.98
"JM","Jamaica",2009,142552.49
"JM","Jamaica",2010,102455.55
"JM","Jamaica",2011,69289.72
"JM","Jamaica",2012,97877.25
"JM","Jamaica",2013,57474.77
"JM","Jamaica",2014,170925.86
"JM","Jamaica",2015,230628
"JO","Jordan",2014,13443.55
"JO","Jordan",2015,95270.2
"KZ","Kazakhstan",1995,0
"KZ","Kazakhstan",2002,40311.84
"KZ","Kazakhstan",2003,29812.03
"KZ","Kazakhstan",2004,19053.44
"KE","Kenya",1995,0
"KE","Kenya",2002,736862.6
"KE","Kenya",2003,583333.34
"KE","Kenya",2004,734666.74
"KE","Kenya",2005,1177499.39
"KE","Kenya",2006,1721049.2
"KE","Kenya",2007,863266.32
"KE","Kenya",2008,855791.75
"KE","Kenya",2009,1106718.57
"KE","Kenya",2010,431661.23
"KE","Kenya",2011,1371678.48
"KE","Kenya",2012,913121.63
"KE","Kenya",2013,1340344
"KE","Kenya",2014,877853.01
"KE","Kenya",2015,1245601.2
"KI","Kiribati",1982,0
"KI","Kiribati",1983,0
"KI","Kiribati",1985,0
"KI","Kiribati",1995,0
"KI","Kiribati",2002,3165879.27
"KI","Kiribati",2003,3404686.12
"KI","Kiribati",2004,2773001.29
"KI","Kiribati",2005,2083335.42
"KI","Kiribati",2006,2736738.43
"KI","Kiribati",2007,2678970.36
"KI","Kiribati",2008,4136975.77
"KI","Kiribati",2009,6666605.88
"KI","Kiribati",2010,3035259.87
"KI","Kiribati",2011,12060117.51
"KI","Kiribati",2012,11508643.64
"KI","Kiribati",2013,5944683.28
"KI","Kiribati",2014,13513034.63
"KI","Kiribati",2015,13609319.29
"KG","Kyrgyzstan",1995,0
"KG","Kyrgyzstan",2002,12187.28
"KG","Kyrgyzstan",2003,48927.9
"KG","Kyrgyzstan",2004,92682.12
"KG","Kyrgyzstan",2005,255939.83
"KG","Kyrgyzstan",2006,249792.62
"KG","Kyrgyzstan",2007,21158.02
"KG","Kyrgyzstan",2008,68980.51
"KG","Kyrgyzstan",2009,3912.45
"KG","Kyrgyzstan",2010,75406.96
"LA","Lao",1995,0
"LA","Lao",2002,1662156.69
"LA","Lao",2003,1246331.11
"LA","Lao",2004,2059695.74
"LA","Lao",2005,1493710.83
"LA","Lao",2006,3313963.41
"LA","Lao",2007,2235828.09
"LA","Lao",2008,2995239.83
"LA","Lao",2009,1742720.61
"LA","Lao",2010,2766939.88
"LA","Lao",2011,2286354.66
"LA","Lao",2012,4516412.91
"LA","Lao",2013,3999550.74
"LA","Lao",2014,4468867.68
"LA","Lao",2015,3832818.6
"LB","Lebanon",1982,0
"LB","Lebanon",1983,0
"LB","Lebanon",2006,1065670.41
"LB","Lebanon",2009,684676.54
"LB","Lebanon",2010,664696.08
"LB","Lebanon",2011,645848.61
"LB","Lebanon",2012,370456.83
"LS","Lesotho",2002,59998.84
"LS","Lesotho",2003,235498.28
"LS","Lesotho",2004,112111.15
"LS","Lesotho",2005,67260.69
"LS","Lesotho",2006,16367
"LS","Lesotho",2007,31533.21
"LS","Lesotho",2008,17850.59
"LS","Lesotho",2009,553.1
"LS","Lesotho",2014,1153.64
"LR","Liberia",2003,283565.75
"LR","Liberia",2004,71526.43
"LR","Liberia",2005,109189.47
"LY","Libya",2011,738112.7
"LY","Libya",2012,740913.66
"MG","Madagascar",2004,72277.89
"MW","Malawi",2002,278432.27
"MW","Malawi",2003,121450.22
"MW","Malawi",2004,127264.56
"MW","Malawi",2005,379978.84
"MW","Malawi",2006,427463.36
"MW","Malawi",2007,154051.66
"MW","Malawi",2008,168559.23
"MW","Malawi",2009,248081.26
"MW","Malawi",2010,106649.05
"MW","Malawi",2011,142152.41
"MW","Malawi",2012,92071.87
"MW","Malawi",2013,37966.07
"MW","Malawi",2014,54301.76
"MW","Malawi",2015,69369
"MY","Malaysia",1983,0
"MY","Malaysia",1995,0
"MY","Malaysia",2002,131247.58
"MY","Malaysia",2003,139604.04
"MY","Malaysia",2004,118247.61
"MY","Malaysia",2005,44549.33
"MY","Malaysia",2006,22449.17
"MY","Malaysia",2007,27415.49
"MY","Malaysia",2008,34869.85
"MY","Malaysia",2009,24241.32
"MY","Malaysia",2012,26855.93
"MY","Malaysia",2013,50947.34
"MY","Malaysia",2014,193509.84
"MY","Malaysia",2015,261640.5
"MV","Maldives",1995,0
"MV","Maldives",2002,584051.66
"MV","Maldives",2003,554437.66
"MV","Maldives",2004,330322.13
"MV","Maldives",2005,1665794.73
"MV","Maldives",2006,419980.44
"MV","Maldives",2007,526790.83
"MV","Maldives",2008,570625.53
"MV","Maldives",2009,619477.77
"MV","Maldives",2010,631653.28
"MV","Maldives",2011,452937.26
"MV","Maldives",2012,391935.39
"MV","Maldives",2013,188782.98
"MV","Maldives",2014,87571.91
"MV","Maldives",2015,48244.4
"ML","Mali",2003,69357.85
"ML","Mali",2004,62616.93
"ML","Mali",2005,497903.49
"MH","Marshall Islands",1995,0
"MH","Marshall Islands",2002,366556.15
"MH","Marshall Islands",2003,277320.71
"MH","Marshall Islands",2004,129429.36
"MH","Marshall Islands",2005,167715.02
"MH","Marshall Islands",2006,111112.01
"MH","Marshall Islands",2007,82790.71
"MH","Marshall Islands",2008,184053.4
"MH","Marshall Islands",2009,3342.26
"MH","Marshall Islands",2010,93762.85
"MH","Marshall Islands",2011,33252.74
"MH","Marshall Islands",2012,14442.65
"MH","Marshall Islands",2013,44783.25
"MH","Marshall Islands",2014,41730.6
"MH","Marshall Islands",2015,45722.5
"MR","Mauritania",2005,436757.4
"MU","Mauritius",2002,16874.69
"MU","Mauritius",2003,39721.61
"MU","Mauritius",2004,40701.01
"MU","Mauritius",2005,873.52
"MU","Mauritius",2006,41469.94
"MU","Mauritius",2007,41170.03
"MU","Mauritius",2008,35754.46
"MU","Mauritius",2009,50994.1
"MU","Mauritius",2010,41215.83
"MU","Mauritius",2011,12649.82
"MU","Mauritius",2014,22541.06
"MU","Mauritius",2015,95585.2
"MX","Mexico",1995,0
"MX","Mexico",2002,465929.5
"MX","Mexico",2003,513846.17
"MX","Mexico",2004,524676.33
"MX","Mexico",2005,483054.45
"MX","Mexico",2006,293741.13
"MX","Mexico",2007,154521.8
"MX","Mexico",2008,75523.59
"MX","Mexico",2009,30423.26
"MX","Mexico",2010,34731.04
"MX","Mexico",2011,115441.11
"MX","Mexico",2012,64984.82
"MX","Mexico",2013,38891.43
"MX","Mexico",2014,113423.21
"MX","Mexico",2015,142600
"FM","Micronesia",1995,0
"FM","Micronesia",2002,74998.44
"FM","Micronesia",2003,691496.71
"FM","Micronesia",2004,389880.18
"FM","Micronesia",2005,430644.07
"FM","Micronesia",2006,256714.09
"FM","Micronesia",2007,183894.58
"FM","Micronesia",2008,147190.73
"FM","Micronesia",2009,128624.38
"FM","Micronesia",2010,67956.76
"FM","Micronesia",2011,44154.22
"FM","Micronesia",2012,216851.26
"FM","Micronesia",2013,61838.96
"FM","Micronesia",2014,35445.11
"FM","Micronesia",2015,455034.1
"middle-east","Middle East, regional",2004,101251.6
"middle-east","Middle East, regional",2005,93466.21
"middle-east","Middle East, regional",2006,90436.22
"middle-east","Middle East, regional",2007,88472.46
"middle-east","Middle East, regional",2008,82348.37
"middle-east","Middle East, regional",2009,98199.17
"middle-east","Middle East, regional",2010,212310.1
"middle-east","Middle East, regional",2011,31202.19
"middle-east","Middle East, regional",2012,11508.57
"MN","Mongolia",1995,0
"MN","Mongolia",2002,811860.51
"MN","Mongolia",2003,400241.51
"MN","Mongolia",2004,332281.36
"MN","Mongolia",2005,407058.45
"MN","Mongolia",2006,434946.97
"MN","Mongolia",2007,303696.59
"MN","Mongolia",2008,327528.57
"MN","Mongolia",2009,481314.65
"MN","Mongolia",2010,204404.7
"MN","Mongolia",2011,522037.79
"MN","Mongolia",2012,356439.73
"MN","Mongolia",2013,243852.4
"MN","Mongolia",2014,227250.98
"MN","Mongolia",2015,224413.7
"MS","Montserrat",2003,19865.43
"MA","Morocco",2013,17140.37
"MA","Morocco",2014,40207.91
"MZ","Mozambique",1995,0
"MZ","Mozambique",2002,273744.98
"MZ","Mozambique",2003,860671.04
"MZ","Mozambique",2004,446941.97
"MZ","Mozambique",2005,387841.03
"MZ","Mozambique",2006,215638.82
"MZ","Mozambique",2007,155105.85
"MZ","Mozambique",2008,224584.01
"MZ","Mozambique",2009,278976.12
"MZ","Mozambique",2012,93514.75
"MZ","Mozambique",2013,144081.65
"MM","Myanmar",1995,0
"MM","Myanmar",2002,63748.91
"MM","Myanmar",2003,282854.04
"MM","Myanmar",2004,794600.13
"MM","Myanmar",2005,929421.63
"MM","Myanmar",2006,858677.85
"MM","Myanmar",2007,973603.31
"MM","Myanmar",2008,3470461.33
"MM","Myanmar",2009,531422.05
"MM","Myanmar",2010,941410.21
"MM","Myanmar",2011,1188759.75
"MM","Myanmar",2012,1638758.47
"MM","Myanmar",2013,1068569.41
"MM","Myanmar",2014,2536604.52
"MM","Myanmar",2015,4528695.3
"NA","Namibia",1995,0
"NA","Namibia",2002,196871.15
"NA","Namibia",2003,145701.38
"NA","Namibia",2004,425213.41
"NA","Namibia",2005,105695.31
"NA","Namibia",2006,4262.68
"NA","Namibia",2007,49052.7
"NA","Namibia",2008,34685.89
"NA","Namibia",2009,43.47
"NA","Namibia",2010,230.02
"NA","Namibia",2012,100659.81
"NA","Namibia",2013,24577.5
"NA","Namibia",2014,19748.95
"NA","Namibia",2015,27137.9
"NR","Nauru",2002,31874.36
"NR","Nauru",2005,436757.4
"NR","Nauru",2006,257698.08
"NR","Nauru",2007,1476796.74
"NR","Nauru",2008,879701.42
"NR","Nauru",2009,1388469.49
"NR","Nauru",2010,1791309.79
"NR","Nauru",2011,1500615.54
"NR","Nauru",2012,2251628.85
"NR","Nauru",2013,1842990.51
"NR","Nauru",2014,1360788.34
"NR","Nauru",2015,1733910.58
"NP","Nepal",1982,0
"NP","Nepal",1995,0
"NP","Nepal",2002,1051856.32
"NP","Nepal",2003,1241500.38
"NP","Nepal",2004,2123654.12
"NP","Nepal",2005,1735675.33
"NP","Nepal",2006,1623545.75
"NP","Nepal",2007,1871943.99
"NP","Nepal",2008,2155581.73
"NP","Nepal",2009,2214685.55
"NP","Nepal",2010,593311.02
"NP","Nepal",2011,1514126.54
"NP","Nepal",2012,1171183.81
"NP","Nepal",2013,647863.71
"NP","Nepal",2014,1008542.72
"NP","Nepal",2015,2898142.5
"NC","New Caledonia",1995,0
"NI","Nicaragua",2002,208121.19
"NI","Nicaragua",2003,107145.66
"NI","Nicaragua",2004,223632.15
"NI","Nicaragua",2005,714536.6
"NI","Nicaragua",2006,652919.79
"NI","Nicaragua",2007,773612.28
"NI","Nicaragua",2008,368831.02
"NI","Nicaragua",2009,495546.63
"NI","Nicaragua",2010,50241.51
"NI","Nicaragua",2011,59833.08
"NE","Niger",2004,71562.2
"NE","Niger",2005,615828.14
"NE","Niger",2012,370456.83
"NG","Nigeria",2002,165934.45
"NG","Nigeria",2003,117480.84
"NG","Nigeria",2004,127479.18
"NG","Nigeria",2005,70754.74
"NG","Nigeria",2006,107990.93
"NG","Nigeria",2007,81094.09
"NG","Nigeria",2013,217.19
"NG","Nigeria",2014,94646.44
"NG","Nigeria",2015,172674.1
"NU","Niue",1981,0
"NU","Niue",1982,0
"NU","Niue",1983,0
"NU","Niue",1995,0
"NU","Niue",2002,7487667.34
"NU","Niue",2003,13029663.03
"NU","Niue",2004,11923093.87
"NU","Niue",2005,23135943.17
"NU","Niue",2006,10088382.66
"NU","Niue",2007,14415087.95
"NU","Niue",2008,17559218.43
"NU","Niue",2009,6942873.72
"NU","Niue",2010,13235603.82
"NU","Niue",2011,15329206.32
"NU","Niue",2012,11835249.56
"NU","Niue",2013,11005336.72
"NU","Niue",2014,9020435.77
"NU","Niue",2015,16717542.4
"north-central-america","North & Central America, regional",2004,119285.37
"north-central-america","North & Central America, regional",2005,718030.02
"north-central-america","North & Central America, regional",2006,101491.86
"north-central-america","North & Central America, regional",2007,100622.96
"north-central-america","North & Central America, regional",2008,97072.41
"north-central-america","North & Central America, regional",2009,623061.46
"north-central-america","North & Central America, regional",2010,347619.23
"north-central-america","North & Central America, regional",2011,287615.69
"north-central-america","North & Central America, regional",2012,93874.33
"north-central-america","North & Central America, regional",2013,135479.87
"north-central-america","North & Central America, regional",2014,214337.8
"north-central-america","North & Central America, regional",2015,76970.5
"KP","North Korea",1995,0
"KP","North Korea",2002,567176.43
"KP","North Korea",2003,328468.48
"KP","North Korea",2004,1493603.25
"KP","North Korea",2005,371244.79
"KP","North Korea",2006,277074.23
"KP","North Korea",2007,449319.42
"KP","North Korea",2008,394007.57
"north-of-sahara","North of Sahara, regional",2002,366555.6
"oceania","Oceania, regional",1981,0
"oceania","Oceania, regional",1982,0
"oceania","Oceania, regional",1983,0
"oceania","Oceania, regional",1985,0
"oceania","Oceania, regional",1995,0
"oceania","Oceania, regional",2002,8875150.26
"oceania","Oceania, regional",2003,8801014.61
"oceania","Oceania, regional",2004,16236263.75
"oceania","Oceania, regional",2005,21041256.16
"oceania","Oceania, regional",2006,33711796.3
"oceania","Oceania, regional",2007,32506057.12
"oceania","Oceania, regional",2008,41534472.63
"oceania","Oceania, regional",2009,39161113.75
"oceania","Oceania, regional",2010,35820487.56
"oceania","Oceania, regional",2011,43659958.06
"oceania","Oceania, regional",2012,48649700.31
"oceania","Oceania, regional",2013,48512646.88
"oceania","Oceania, regional",2014,58454176.05
"oceania","Oceania, regional",2015,53970893.29
"PK","Pakistan",1995,0
"PK","Pakistan",2002,756548.98
"PK","Pakistan",2003,619288.47
"PK","Pakistan",2004,295927.46
"PK","Pakistan",2005,2184663.23
"PK","Pakistan",2006,782329.72
"PK","Pakistan",2007,660135.24
"PK","Pakistan",2008,234892.92
"PK","Pakistan",2009,966373.67
"PK","Pakistan",2010,3038613.52
"PK","Pakistan",2011,1107169.05
"PW","Palau",2002,488428.37
"PW","Palau",2003,91591.93
"PW","Palau",2004,44144.96
"PW","Palau",2005,41928.71
"PW","Palau",2006,2726.18
"PW","Palau",2007,35712.35
"PW","Palau",2008,47334.65
"PW","Palau",2009,14313.32
"PW","Palau",2010,10679.56
"PW","Palau",2011,0
"PW","Palau",2013,35793.07
"PW","Palau",2014,21369.72
"PW","Palau",2015,39787.4
"PS","Palestine",2002,1169042.27
"PS","Palestine",2003,562209.49
"PS","Palestine",2004,522145.78
"PS","Palestine",2005,915443.59
"PS","Palestine",2006,820230
"PS","Palestine",2007,507722.39
"PS","Palestine",2008,829584.92
"PS","Palestine",2009,1166585.93
"PS","Palestine",2011,1943101.97
"PS","Palestine",2012,303980.81
"PS","Palestine",2013,1066447.12
"PS","Palestine",2014,1110457.29
"PS","Palestine",2015,756829
"PG","Papua New Guinea",1981,0
"PG","Papua New Guinea",1982,0
"PG","Papua New Guinea",1983,0
"PG","Papua New Guinea",1985,0
"PG","Papua New Guinea",1995,0
"PG","Papua New Guinea",2002,10550431.91
"PG","Papua New Guinea",2003,10818007.73
"PG","Papua New Guinea",2004,10836726.25
"PG","Papua New Guinea",2005,11833515.09
"PG","Papua New Guinea",2006,17939872.04
"PG","Papua New Guinea",2007,14162749.49
"PG","Papua New Guinea",2008,19610396.82
"PG","Papua New Guinea",2009,18379523.01
"PG","Papua New Guinea",2010,25144532.65
"PG","Papua New Guinea",2011,24049600.38
"PG","Papua New Guinea",2012,22216661.28
"PG","Papua New Guinea",2013,16767579.53
"PG","Papua New Guinea",2014,19364273.57
"PG","Papua New Guinea",2015,19639411.8
"PY","Paraguay",2002,209996.13
"PY","Paraguay",2003,147959
"PY","Paraguay",2004,83656.3
"PY","Paraguay",2005,67260.76
"PY","Paraguay",2006,907.93
"PY","Paraguay",2007,83823.27
"PY","Paraguay",2008,156035.37
"PY","Paraguay",2009,95735.99
"PY","Paraguay",2010,28881.62
"PY","Paraguay",2011,31234.44
"PY","Paraguay",2012,5339.77
"PY","Paraguay",2013,82329.99
"PY","Paraguay",2014,447179.06
"PY","Paraguay",2015,474993.3
"PE","Peru",2002,223120.9
"PE","Peru",2003,439157.35
"PE","Peru",2004,230788.41
"PE","Peru",2005,262054.67
"PE","Peru",2006,1577982.9
"PE","Peru",2007,1293469.27
"PE","Peru",2008,8068.16
"PE","Peru",2009,62195.68
"PE","Peru",2010,256142.36
"PE","Peru",2011,94523.37
"PE","Peru",2012,111690.32
"PE","Peru",2013,159635.57
"PE","Peru",2014,170496.51
"PE","Peru",2015,728255.7
"PH","Philippines",1981,0
"PH","Philippines",1982,0
"PH","Philippines",1983,0
"PH","Philippines",1985,0
"PH","Philippines",1995,0
"PH","Philippines",2002,3941178.96
"PH","Philippines",2003,3545391.38
"PH","Philippines",2004,4540607.68
"PH","Philippines",2005,4892560.99
"PH","Philippines",2006,5921072.9
"PH","Philippines",2007,4026100.01
"PH","Philippines",2008,3069366.64
"PH","Philippines",2009,5227750.25
"PH","Philippines",2010,2372780.37
"PH","Philippines",2011,4482658.35
"PH","Philippines",2012,3531300.37
"PH","Philippines",2013,8935371.67
"PH","Philippines",2014,6061572.83
"PH","Philippines",2015,6427849
"RW","Rwanda",1995,0
"RW","Rwanda",2002,112497.92
"RW","Rwanda",2003,115658.05
"RW","Rwanda",2004,138070.46
"RW","Rwanda",2005,142383.08
"RW","Rwanda",2006,75307.4
"RW","Rwanda",2007,29876.2
"RW","Rwanda",2014,168849.44
"RW","Rwanda",2015,213635
"LC","Saint Lucia",2002,29062.05
"LC","Saint Lucia",2003,112873.07
"LC","Saint Lucia",2004,114114.93
"LC","Saint Lucia",2005,94339.69
"LC","Saint Lucia",2006,140507.27
"LC","Saint Lucia",2007,110883.64
"LC","Saint Lucia",2008,75110.34
"LC","Saint Lucia",2009,66102.93
"LC","Saint Lucia",2010,105375.49
"LC","Saint Lucia",2011,64148.99
"LC","Saint Lucia",2012,62088.54
"LC","Saint Lucia",2014,85619.4
"LC","Saint Lucia",2015,95259.52
"VC","Saint Vincent & the Grenadines",2007,20206.1
"VC","Saint Vincent & the Grenadines",2008,62728.12
"VC","Saint Vincent & the Grenadines",2009,56625.67
"VC","Saint Vincent & the Grenadines",2010,65333.51
"VC","Saint Vincent & the Grenadines",2011,43819.2
"VC","Saint Vincent & the Grenadines",2012,36112.16
"VC","Saint Vincent & the Grenadines",2014,60638.11
"VC","Saint Vincent & the Grenadines",2015,65803.46
"WS","Samoa",1981,0
"WS","Samoa",1982,0
"WS","Samoa",1983,0
"WS","Samoa",1985,0
"WS","Samoa",1995,0
"WS","Samoa",2002,9386078.06
"WS","Samoa",2003,7549296.58
"WS","Samoa",2004,7971413.64
"WS","Samoa",2005,5333685.73
"WS","Samoa",2006,9652927.96
"WS","Samoa",2007,7002867.72
"WS","Samoa",2008,8679629.74
"WS","Samoa",2009,12931087.2
"WS","Samoa",2010,18723453.36
"WS","Samoa",2011,10947288.91
"WS","Samoa",2012,16263470.45
"WS","Samoa",2013,19374054.82
"WS","Samoa",2014,17979010.58
"WS","Samoa",2015,13795126
"SC","Seychelles",2002,49686.57
"SC","Seychelles",2003,42136.55
"SC","Seychelles",2004,40701.01
"SC","Seychelles",2005,6114.61
"SC","Seychelles",2007,36801.71
"SC","Seychelles",2008,37455.56
"SC","Seychelles",2009,68802.68
"SC","Seychelles",2010,63182.31
"SC","Seychelles",2011,49348.69
"SC","Seychelles",2012,40891.05
"SC","Seychelles",2013,21852.2
"SC","Seychelles",2014,42306
"SC","Seychelles",2015,60537.1
"SL","Sierra Leone",2002,3749.94
"SL","Sierra Leone",2003,29118.13
"SL","Sierra Leone",2004,40817.37
"SL","Sierra Leone",2005,72501.82
"SL","Sierra Leone",2006,23564.07
"SL","Sierra Leone",2007,138096.58
"SL","Sierra Leone",2008,34277.53
"SL","Sierra Leone",2009,33387.18
"SL","Sierra Leone",2010,23068.22
"SL","Sierra Leone",2013,36191.05
"SL","Sierra Leone",2014,1442126.6
"SL","Sierra Leone",2015,8777.94
"SB","Solomon Islands",1981,0
"SB","Solomon Islands",1982,0
"SB","Solomon Islands",1983,0
"SB","Solomon Islands",1985,0
"SB","Solomon Islands",1995,0
"SB","Solomon Islands",2002,6756441
"SB","Solomon Islands",2003,9822910.7
"SB","Solomon Islands",2004,15136349.44
"SB","Solomon Islands",2005,12939391.66
"SB","Solomon Islands",2006,23198905.69
"SB","Solomon Islands",2007,19574891.23
"SB","Solomon Islands",2008,25122698.99
"SB","Solomon Islands",2009,33559892.65
"SB","Solomon Islands",2010,26861408.28
"SB","Solomon Islands",2011,19781905.9
"SB","Solomon Islands",2012,26880752.73
"SB","Solomon Islands",2013,29767051.39
"SB","Solomon Islands",2014,22829009.64
"SB","Solomon Islands",2015,20276884.43
"SO","Somalia",2004,745338.83
"SO","Somalia",2005,1231657.76
"SO","Somalia",2006,217396.65
"SO","Somalia",2007,572403.86
"SO","Somalia",2008,914097.19
"SO","Somalia",2009,133022.91
"SO","Somalia",2010,41021.24
"SO","Somalia",2011,2379733.9
"SO","Somalia",2012,96222.1
"SO","Somalia",2014,60936
"SO","Somalia",2015,40714.7
"south-central-asia","South & Central Asia, regional",2002,160309.55
"south-central-asia","South & Central Asia, regional",2003,163068
"south-central-asia","South & Central Asia, regional",2004,130135.99
"south-central-asia","South & Central Asia, regional",2005,157232.86
"ZA","South Africa",1995,0
"ZA","South Africa",2002,1392161.69
"ZA","South Africa",2003,2335793.48
"ZA","South Africa",2004,1776854.5
"ZA","South Africa",2005,1849232.86
"ZA","South Africa",2006,1856751.49
"ZA","South Africa",2007,1539457.21
"ZA","South Africa",2008,1269759.44
"ZA","South Africa",2009,1109934.44
"ZA","South Africa",2010,1081080.63
"ZA","South Africa",2011,534141.69
"ZA","South Africa",2012,398072.54
"ZA","South Africa",2013,435686.61
"ZA","South Africa",2014,241891.96
"ZA","South Africa",2015,105819.2
"south-america","South America, regional",2002,7499.85
"south-america","South America, regional",2004,310624.55
"south-america","South America, regional",2005,464710.5
"south-america","South America, regional",2006,865433.43
"south-america","South America, regional",2007,719436.13
"south-america","South America, regional",2008,1603956.09
"south-america","South America, regional",2009,1552382.02
"south-america","South America, regional",2010,818983.87
"south-america","South America, regional",2011,699231.01
"south-america","South America, regional",2012,108736.85
"south-america","South America, regional",2014,86525.14
"south-america","South America, regional",2015,291742.4
"south-asia","South Asia, regional",2006,107451.94
"south-asia","South Asia, regional",2007,213923.9
"south-asia","South Asia, regional",2008,497725.35
"south-asia","South Asia, regional",2009,117892.07
"south-asia","South Asia, regional",2010,238688.07
"south-asia","South Asia, regional",2011,509447.7
"south-asia","South Asia, regional",2012,445874.7
"south-asia","South Asia, regional",2013,208268.47
"south-asia","South Asia, regional",2014,188250.02
"south-asia","South Asia, regional",2015,215369
"south-of-sahara","South of Sahara, regional",1995,0
"south-of-sahara","South of Sahara, regional",2003,1466459.79
"south-of-sahara","South of Sahara, regional",2004,2203367.55
"south-of-sahara","South of Sahara, regional",2005,1926976.18
"south-of-sahara","South of Sahara, regional",2006,1035917.97
"south-of-sahara","South of Sahara, regional",2007,1525208.44
"south-of-sahara","South of Sahara, regional",2008,2370214.42
"south-of-sahara","South of Sahara, regional",2009,2215912.47
"south-of-sahara","South of Sahara, regional",2010,2539080.32
"south-of-sahara","South of Sahara, regional",2011,3023395.21
"south-of-sahara","South of Sahara, regional",2012,1156565.04
"south-of-sahara","South of Sahara, regional",2013,192686.86
"south-of-sahara","South of Sahara, regional",2014,4150419.52
"south-of-sahara","South of Sahara, regional",2015,1933116
"SS","South Sudan",2011,738112.7
"SS","South Sudan",2014,493808.3
"LK","Sri Lanka",1983,0
"LK","Sri Lanka",1995,0
"LK","Sri Lanka",2002,1057479.65
"LK","Sri Lanka",2003,606195.91
"LK","Sri Lanka",2004,1224966.93
"LK","Sri Lanka",2005,4212961.73
"LK","Sri Lanka",2006,1932942.86
"LK","Sri Lanka",2007,1903981.75
"LK","Sri Lanka",2008,1147653.3
"LK","Sri Lanka",2009,1841242.13
"LK","Sri Lanka",2010,202648.9
"LK","Sri Lanka",2011,1041825.83
"LK","Sri Lanka",2012,1029850.34
"LK","Sri Lanka",2013,1056530.11
"LK","Sri Lanka",2014,566207.18
"LK","Sri Lanka",2015,577026.43
"ex-yugoslavia","States Ex-Yugoslavia unspecified",1995,0
"SD","Sudan",1995,0
"SD","Sudan",2002,451866.61
"SD","Sudan",2003,359039.27
"SD","Sudan",2004,5978173.32
"SD","Sudan",2005,4579844.58
"SD","Sudan",2006,2447873.38
"SD","Sudan",2007,2485815.11
"SD","Sudan",2008,2145942.52
"SD","Sudan",2009,693835.04
"SR","Suriname",2014,43426.57
"SZ","Swaziland",2002,205308.84
"SZ","Swaziland",2003,25463.28
"SZ","Swaziland",2004,26147.1
"SZ","Swaziland",2007,15634.57
"SZ","Swaziland",2009,139935.31
"SZ","Swaziland",2011,178466.35
"SZ","Swaziland",2013,44260.97
"SZ","Swaziland",2014,39450.85
"SZ","Swaziland",2015,40882.43
"SY","Syria",2004,53242.27
"SY","Syria",2012,1667058.03
"SY","Syria",2013,2316400.9
"SY","Syria",2014,4232641.97
"SY","Syria",2015,3772063
"TJ","Tajikistan",2002,74061.03
"TJ","Tajikistan",2003,106553.38
"TJ","Tajikistan",2004,141362.32
"TJ","Tajikistan",2005,75122.39
"TJ","Tajikistan",2006,72202.43
"TJ","Tajikistan",2007,5518.42
"TZ","Tanzania",1995,0
"TZ","Tanzania",2002,1236539.73
"TZ","Tanzania",2003,1705973.54
"TZ","Tanzania",2004,1345808.84
"TZ","Tanzania",2005,1478863.42
"TZ","Tanzania",2006,2124918.52
"TZ","Tanzania",2007,1200339.02
"TZ","Tanzania",2008,1339501.57
"TZ","Tanzania",2009,1524299.41
"TZ","Tanzania",2010,989579.54
"TZ","Tanzania",2011,676731.68
"TZ","Tanzania",2012,191862.57
"TZ","Tanzania",2013,519730.13
"TZ","Tanzania",2014,704257.74
"TZ","Tanzania",2015,747012.2
"TH","Thailand",1982,0
"TH","Thailand",1983,0
"TH","Thailand",1985,0
"TH","Thailand",1995,0
"TH","Thailand",2002,1317162.72
"TH","Thailand",2003,995954.77
"TH","Thailand",2004,330072.51
"TH","Thailand",2005,525857.08
"TH","Thailand",2006,130136.97
"TH","Thailand",2007,98217.61
"TH","Thailand",2008,301564.71
"TH","Thailand",2009,90231.03
"TH","Thailand",2010,3572.65
"TH","Thailand",2011,111366.46
"TH","Thailand",2012,15399.87
"TH","Thailand",2013,50243.44
"TH","Thailand",2014,141311.92
"TH","Thailand",2015,209008
"TL","Timor-Leste",2002,2318393.63
"TL","Timor-Leste",2003,4668151.59
"TL","Timor-Leste",2004,4325849.76
"TL","Timor-Leste",2005,3135047.93
"TL","Timor-Leste",2006,6833148.38
"TL","Timor-Leste",2007,3507232.67
"TL","Timor-Leste",2008,5812084.25
"TL","Timor-Leste",2009,6377579.26
"TL","Timor-Leste",2010,6937824.18
"TL","Timor-Leste",2011,7411502.43
"TL","Timor-Leste",2012,7614047
"TL","Timor-Leste",2013,8080020.32
"TL","Timor-Leste",2014,9185855.95
"TL","Timor-Leste",2015,14908504.03
"TK","Tokelau",1981,0
"TK","Tokelau",1982,0
"TK","Tokelau",1983,0
"TK","Tokelau",1985,0
"TK","Tokelau",1995,0
"TK","Tokelau",2002,9216402.66
"TK","Tokelau",2003,9827639.78
"TK","Tokelau",2004,10692951.94
"TK","Tokelau",2005,19219969.08
"TK","Tokelau",2006,8883557.9
"TK","Tokelau",2007,13682548.03
"TK","Tokelau",2008,23906361.95
"TK","Tokelau",2009,11061557.5
"TK","Tokelau",2010,13833540.1
"TK","Tokelau",2011,16613347.02
"TK","Tokelau",2012,15968009.99
"TK","Tokelau",2013,20329831.13
"TK","Tokelau",2014,15314242.43
"TK","Tokelau",2015,8412493.19
"TO","Tonga",1981,0
"TO","Tonga",1982,0
"TO","Tonga",1983,0
"TO","Tonga",1984,0
"TO","Tonga",1985,0
"TO","Tonga",1995,0
"TO","Tonga",2002,7450172.74
"TO","Tonga",2003,6103699.91
"TO","Tonga",2004,5225717.79
"TO","Tonga",2005,5997558.87
"TO","Tonga",2006,7993320.97
"TO","Tonga",2007,13234925.16
"TO","Tonga",2008,7252543.59
"TO","Tonga",2009,8983764.48
"TO","Tonga",2010,12037651.25
"TO","Tonga",2011,13742729.37
"TO","Tonga",2012,17562300.04
"TO","Tonga",2013,11610708.25
"TO","Tonga",2014,12990820.63
"TO","Tonga",2015,14111310.5
"TT","Trinidad & Tobago",2002,68436.16
"TT","Trinidad & Tobago",2003,39721.61
"TT","Trinidad & Tobago",2004,20350.5
"TT","Trinidad & Tobago",2005,34940.69
"TT","Trinidad & Tobago",2006,89960.59
"TT","Trinidad & Tobago",2007,96822.74
"TT","Trinidad & Tobago",2008,85147.88
"TT","Trinidad & Tobago",2009,36712.2
"TT","Trinidad & Tobago",2010,43046.79
"TN","Tunisia",2013,17373.86
"TR","Turkey",2002,9374.83
"TR","Turkey",2003,5838.41
"TR","Turkey",2011,184528.18
"TM","Turkmenistan",2002,10312.3
"TM","Turkmenistan",2003,38648.23
"TM","Turkmenistan",2005,3494.07
"TV","Tuvalu",1981,0
"TV","Tuvalu",1982,0
"TV","Tuvalu",1983,0
"TV","Tuvalu",1985,0
"TV","Tuvalu",1995,0
"TV","Tuvalu",2002,1985589.65
"TV","Tuvalu",2003,2000430.3
"TV","Tuvalu",2004,1588414.53
"TV","Tuvalu",2005,2021315.41
"TV","Tuvalu",2006,1851641.38
"TV","Tuvalu",2007,2408831.78
"TV","Tuvalu",2008,5114605.8
"TV","Tuvalu",2009,1656444.36
"TV","Tuvalu",2010,1988911.64
"TV","Tuvalu",2011,3647209.06
"TV","Tuvalu",2012,3926272.01
"TV","Tuvalu",2013,3012503.72
"TV","Tuvalu",2014,8668564.51
"TV","Tuvalu",2015,14216180.01
"UG","Uganda",2002,447179.36
"UG","Uganda",2003,689145.13
"UG","Uganda",2004,283324.24
"UG","Uganda",2005,690951.02
"UG","Uganda",2006,190996.13
"UG","Uganda",2007,814386.85
"UG","Uganda",2008,176971.23
"UG","Uganda",2009,248597.06
"UG","Uganda",2014,25530.11
"UG","Uganda",2015,123779.7
"UY","Uruguay",2002,365617.83
"UY","Uruguay",2003,407653.3
"UY","Uruguay",2004,282044.62
"UY","Uruguay",2005,80363.5
"UY","Uruguay",2006,25365.3
"UY","Uruguay",2007,38773.76
"UY","Uruguay",2008,50185.42
"UY","Uruguay",2009,66008.23
"UY","Uruguay",2010,62600.62
"UY","Uruguay",2011,73977.09
"UY","Uruguay",2012,133786.41
"UY","Uruguay",2013,228783.41
"UY","Uruguay",2014,656814.54
"UY","Uruguay",2015,730314.6
"UZ","Uzbekistan",2002,32811.93
"UZ","Uzbekistan",2003,34928.81
"UZ","Uzbekistan",2004,175533.33
"UZ","Uzbekistan",2005,204402.35
"UZ","Uzbekistan",2006,44481.2
"VU","Vanuatu",1981,0
"VU","Vanuatu",1982,0
"VU","Vanuatu",1983,0
"VU","Vanuatu",1985,0
"VU","Vanuatu",1995,0
"VU","Vanuatu",2002,6709565.74
"VU","Vanuatu",2003,7559753.12
"VU","Vanuatu",2004,6301180.33
"VU","Vanuatu",2005,6194102.19
"VU","Vanuatu",2006,9197415.47
"VU","Vanuatu",2007,8229068.46
"VU","Vanuatu",2008,11996486.14
"VU","Vanuatu",2009,19389810.91
"VU","Vanuatu",2010,13552061.36
"VU","Vanuatu",2011,12686688.49
"VU","Vanuatu",2012,13962071.64
"VU","Vanuatu",2013,13113878.28
"VU","Vanuatu",2014,21495912.95
"VU","Vanuatu",2015,26884351.24
"VE","Venezuela",2002,70311.38
"VE","Venezuela",2004,13400.03
"VE","Venezuela",2005,13102.7
"VE","Venezuela",2006,10432.54
"VE","Venezuela",2014,1645.09
"VN","Viet Nam",1995,0
"VN","Viet Nam",2002,3518372.7
"VN","Viet Nam",2003,3112719.11
"VN","Viet Nam",2004,5480671.39
"VN","Viet Nam",2005,4041757.89
"VN","Viet Nam",2006,3715045.21
"VN","Viet Nam",2007,7722115.07
"VN","Viet Nam",2008,8196685.34
"VN","Viet Nam",2009,6329901.18
"VN","Viet Nam",2010,6817376.77
"VN","Viet Nam",2011,6280158.98
"VN","Viet Nam",2012,7538630.59
"VN","Viet Nam",2013,8693319.17
"VN","Viet Nam",2014,6759158.56
"VN","Viet Nam",2015,4780432.1
"WF","Wallis & Futuna",1995,0
"WF","Wallis & Futuna",2002,60936.41
"WF","Wallis & Futuna",2003,41239.09
"WF","Wallis & Futuna",2004,39457.67
"WF","Wallis & Futuna",2005,51537.43
"WF","Wallis & Futuna",2006,41573.25
"WF","Wallis & Futuna",2007,14453.29
"WF","Wallis & Futuna",2008,16278.88
"WF","Wallis & Futuna",2009,43010.7
"WF","Wallis & Futuna",2010,41510.55
"WF","Wallis & Futuna",2011,60449.36
"WF","Wallis & Futuna",2012,17870.8
"WF","Wallis & Futuna",2013,6931.86
"WF","Wallis & Futuna",2014,36205.88
"WF","Wallis & Futuna",2015,17217.5
"west-indies","West Indies, regional",2004,0
"west-indies","West Indies, regional",2005,87351.6
"west-indies","West Indies, regional",2012,85221.42
"west-indies","West Indies, regional",2014,492915.18
"west-indies","West Indies, regional",2015,1693216.1
"YE","Yemen",2005,107442.39
"YE","Yemen",2010,379826.03
"ZM","Zambia",1995,0
"ZM","Zambia",2002,574677.01
"ZM","Zambia",2003,397049.95
"ZM","Zambia",2004,767683.86
"ZM","Zambia",2005,856045.2
"ZM","Zambia",2006,881530.04
"ZM","Zambia",2007,739077.2
"ZM","Zambia",2008,1337888.07
"ZM","Zambia",2009,2345475.32
"ZM","Zambia",2010,1391666.05
"ZM","Zambia",2011,1718500.59
"ZM","Zambia",2012,806912.81
"ZM","Zambia",2013,367223.86
"ZM","Zambia",2014,273881.59
"ZM","Zambia",2015,170451.4
"ZW","Zimbabwe",1995,0
"ZW","Zimbabwe",2002,707799.33
"ZW","Zimbabwe",2003,1209319.93
"ZW","Zimbabwe",2004,1128411.21
"ZW","Zimbabwe",2005,1478861.8
"ZW","Zimbabwe",2006,983493.46
"ZW","Zimbabwe",2007,625287.83
"ZW","Zimbabwe",2008,3619108.75
"ZW","Zimbabwe",2009,1139202.71
"ZW","Zimbabwe",2010,4351387.56
"ZW","Zimbabwe",2011,625236.91
"ZW","Zimbabwe",2012,434021.46
"ZW","Zimbabwe",2013,329328.92
"ZW","Zimbabwe",2014,341941.03
"ZW","Zimbabwe",2015,260602
