"id","entity-name","year","budget-type","value"
"d314","Abim",2013,"budget",
"d314","Abim",2014,"budget",15.3356906174
"d314","Abim",2015,"budget",15.6942959309
"d314","Abim",2016,"budget",15.9420633867
"d301","Adjumani",2013,"budget",5.1921654451
"d301","Adjumani",2014,"budget",5.3533117337
"d301","Adjumani",2015,"budget",10.355925536
"d301","Adjumani",2016,"budget",10.9663195326
"d322","Agago",2013,"budget",4.6104045244
"d322","Agago",2014,"budget",3.9598413881
"d322","Agago",2015,"budget",3.5020813704
"d322","Agago",2016,"budget",2.4543012316
"d323","Alebtong",2013,"budget",2.258439741
"d323","Alebtong",2014,"budget",3.2472851451
"d323","Alebtong",2015,"budget",1.724081553
"d323","Alebtong",2016,"budget",1.9971744946
"d315","Amolatar",2013,"budget",
"d315","Amolatar",2014,"budget",1.6882747765
"d315","Amolatar",2015,"budget",8.9623462328
"d315","Amolatar",2016,"budget",1.4749878184
"d324","Amudat",2013,"budget",9.4977613655
"d324","Amudat",2014,"budget",10.1591450106
"d324","Amudat",2015,"budget",6.9183544789
"d324","Amudat",2016,"budget",6.9679206405
"d216","Amuria",2013,"budget",
"d216","Amuria",2014,"budget",0.1909475137
"d216","Amuria",2015,"budget",0
"d216","Amuria",2016,"budget",0.0657212087
"d316","Amuru",2013,"budget",33.3179494354
"d316","Amuru",2014,"budget",37.3742474973
"d316","Amuru",2015,"budget",19.1421522229
"d316","Amuru",2016,"budget",5.4685869516
"d302","Apac",2013,"budget",
"d302","Apac",2014,"budget",8.6172524626
"d302","Apac",2015,"budget",9.1797321026
"d302","Apac",2016,"budget",9.9376744107
"d303","Arua",2013,"budget",0.1542534712
"d303","Arua",2014,"budget",0.3140737294
"d303","Arua",2015,"budget",0.6196162536
"d303","Arua",2016,"budget",0.6484240565
"d217","Budaka",2013,"budget",2.7215835182
"d217","Budaka",2014,"budget",2.2389043927
"d217","Budaka",2015,"budget",1.3957685253
"d217","Budaka",2016,"budget",1.4575155432
"d218","Bududa",2013,"budget",1.1332398839
"d218","Bududa",2014,"budget",4.7317743678
"d218","Bududa",2015,"budget",2.9633220331
"d218","Bududa",2016,"budget",2.6404637216
"d201","Bugiri",2013,"budget",2.2563841637
"d201","Bugiri",2014,"budget",3.7434200306
"d201","Bugiri",2015,"budget",3.4327806993
"d201","Bugiri",2016,"budget",3.4327806993
"d420","Buhweju",2013,"budget",2.2646577111
"d420","Buhweju",2014,"budget",1.2125001826
"d420","Buhweju",2015,"budget",1.2612934174
"d420","Buhweju",2016,"budget",1.3130512361
"d117","Buikwe",2013,"budget",
"d117","Buikwe",2014,"budget",2.6480961239
"d117","Buikwe",2015,"budget",2.2947686553
"d117","Buikwe",2016,"budget",2.3000006726
"d219","Bukedea",2013,"budget",3.1932647006
"d219","Bukedea",2014,"budget",1.4697861811
"d219","Bukedea",2015,"budget",2.4883718309
"d219","Bukedea",2016,"budget",2.8690077445
"d118","Bukomansimbi",2013,"budget",2.1972048478
"d118","Bukomansimbi",2014,"budget",5.5233904738
"d118","Bukomansimbi",2015,"budget",5.8591887382
"d118","Bukomansimbi",2016,"budget",5.5766627816
"d220","Bukwo",2013,"budget",1.922930825
"d220","Bukwo",2014,"budget",4.0541997699
"d220","Bukwo",2015,"budget",3.2665910717
"d220","Bukwo",2016,"budget",3.2797929703
"d225","Bulambuli",2013,"budget",
"d225","Bulambuli",2014,"budget",0.0488750135
"d225","Bulambuli",2015,"budget",
"d225","Bulambuli",2016,"budget",
"d416","Buliisa",2013,"budget",1.3892384966
"d416","Buliisa",2014,"budget",1.3801349378
"d416","Buliisa",2015,"budget",1.6023444354
"d416","Buliisa",2016,"budget",1.9980345674
"d401","Bundibugyo",2013,"budget",
"d401","Bundibugyo",2014,"budget",11.1769117626
"d401","Bundibugyo",2015,"budget",3.3310224944
"d401","Bundibugyo",2016,"budget",2.6908902394
"d402","Bushenyi",2013,"budget",0
"d402","Bushenyi",2014,"budget",1.3596027046
"d402","Bushenyi",2015,"budget",1.7702649913
"d402","Bushenyi",2016,"budget",0.3632492289
"d202","Busia",2013,"budget",0.4560833761
"d202","Busia",2014,"budget",4.8330376371
"d202","Busia",2015,"budget",3.4300252744
"d202","Busia",2016,"budget",0.2021870438
"d221","Butaleja",2013,"budget",3.2242680217
"d221","Butaleja",2014,"budget",2.6381720171
"d221","Butaleja",2015,"budget",2.1062072041
"d221","Butaleja",2016,"budget",2.1154685115
"d119","Butambala",2013,"budget",1.5034191081
"d119","Butambala",2014,"budget",0.7213017656
"d119","Butambala",2015,"budget",0.1535286716
"d119","Butambala",2016,"budget",0.1592786473
"d120","Buvuma",2013,"budget",5.7748258892
"d120","Buvuma",2014,"budget",5.8709446376
"d120","Buvuma",2015,"budget",6.4999668118
"d120","Buvuma",2016,"budget",9.2968887814
"d226","Buyende",2013,"budget",
"d226","Buyende",2014,"budget",0
"d226","Buyende",2015,"budget",1.0575835247
"d226","Buyende",2016,"budget",1.0575835247
"d317","Dokolo",2013,"budget",0.1669130749
"d317","Dokolo",2014,"budget",4.1224896971
"d317","Dokolo",2015,"budget",3.9534331796
"d317","Dokolo",2016,"budget",4.0853449939
"d121","Gomba",2013,"budget",
"d121","Gomba",2014,"budget",
"d121","Gomba",2015,"budget",2.1392917374
"d121","Gomba",2016,"budget",2.1420994032
"d304","Gulu",2014,"budget",
"d304","Gulu",2015,"budget",20.1847094447
"d304","Gulu",2016,"budget",3.0733058658
"d403","Hoima",2013,"budget",17.6324308368
"d403","Hoima",2014,"budget",1.1461503649
"d403","Hoima",2015,"budget",0.5783264142
"d403","Hoima",2016,"budget",0.6545997495
"d417","Ibanda",2013,"budget",4.1809672128
"d417","Ibanda",2014,"budget",4.1738870163
"d417","Ibanda",2015,"budget",4.5840163134
"d417","Ibanda",2016,"budget",4.1793043547
"d203","Iganga",2013,"budget",
"d203","Iganga",2014,"budget",2.6661453106
"d203","Iganga",2015,"budget",2.115626383
"d203","Iganga",2016,"budget",2.1411130513
"d418","Isingiro",2013,"budget",7.3330285353
"d418","Isingiro",2014,"budget",2.3829688765
"d418","Isingiro",2015,"budget",0.6465372783
"d418","Isingiro",2016,"budget",0.2486571448
"d204","Jinja",2013,"budget",0
"d204","Jinja",2014,"budget",0
"d204","Jinja",2015,"budget",12.0419358471
"d204","Jinja",2016,"budget",1.5770638831
"d318","Kaabong",2013,"budget",
"d318","Kaabong",2014,"budget",5.9484014711
"d318","Kaabong",2015,"budget",7.0226472619
"d318","Kaabong",2016,"budget",6.6895201649
"d404","Kabale",2013,"budget",0.9432710228
"d404","Kabale",2014,"budget",2.6144303858
"d404","Kabale",2015,"budget",2.5233256192
"d404","Kabale",2016,"budget",1.3592782892
"d405","Kabarole",2013,"budget",2.9797613973
"d405","Kabarole",2014,"budget",3.2983127636
"d405","Kabarole",2015,"budget",3.0776801937
"d405","Kabarole",2016,"budget",1.6008309674
"d213","Kaberamaido",2013,"budget",
"d213","Kaberamaido",2014,"budget",2.9805275252
"d213","Kaberamaido",2015,"budget",3.2168499633
"d213","Kaberamaido",2016,"budget",3.3821516992
"d101","Kalangala",2013,"budget",
"d101","Kalangala",2014,"budget",43.8331829453
"d101","Kalangala",2015,"budget",30.2804212558
"d101","Kalangala",2016,"budget",38.1588848577
"d222","Kaliro",2013,"budget",2.1064502448
"d222","Kaliro",2014,"budget",6.9206376823
"d222","Kaliro",2015,"budget",3.8365656984
"d222","Kaliro",2016,"budget",4.2539052258
"d122","Kalungu",2013,"budget",6.3883086172
"d122","Kalungu",2014,"budget",3.7836617997
"d122","Kalungu",2015,"budget",2.845969801
"d122","Kalungu",2016,"budget",3.1036972441
"d205","Kamuli",2013,"budget",0
"d205","Kamuli",2014,"budget",3.5992415482
"d205","Kamuli",2015,"budget",3.42462639
"d205","Kamuli",2016,"budget",0.0308291132
"d413","Kamwenge",2014,"budget",10.1193328097
"d413","Kamwenge",2015,"budget",8.2299400494
"d413","Kamwenge",2016,"budget",2.6204697457
"d414","Kanungu",2013,"budget",8.3561073557
"d414","Kanungu",2014,"budget",7.6742443379
"d414","Kanungu",2015,"budget",3.223702827
"d414","Kanungu",2016,"budget",3.3364379828
"d206","Kapchorwa",2013,"budget",
"d206","Kapchorwa",2014,"budget",3.4179349663
"d206","Kapchorwa",2015,"budget",1.8640537489
"d206","Kapchorwa",2016,"budget",1.4086260078
"d406","Kasese",2013,"budget",9.3936643293
"d406","Kasese",2014,"budget",3.7113102917
"d406","Kasese",2015,"budget",2.7441268852
"d406","Kasese",2016,"budget",1.4656781434
"d207","Katakwi",2013,"budget",
"d207","Katakwi",2014,"budget",9.8265420521
"d207","Katakwi",2015,"budget",7.1383746683
"d207","Katakwi",2016,"budget",7.8175897203
"d112","Kayunga",2013,"budget",2.4052204564
"d112","Kayunga",2014,"budget",2.0102456371
"d112","Kayunga",2015,"budget",1.0135092991
"d112","Kayunga",2016,"budget",3.0918668012
"d407","Kibaale",2013,"budget",
"d407","Kibaale",2014,"budget",1.8352991027
"d407","Kibaale",2015,"budget",1.6336033781
"d407","Kibaale",2016,"budget",1.6444876778
"d103","Kiboga",2013,"budget",0.1727264961
"d103","Kiboga",2014,"budget",0.4130528862
"d103","Kiboga",2015,"budget",0.6176662434
"d103","Kiboga",2016,"budget",0.38602919
"d227","Kibuku",2013,"budget",
"d227","Kibuku",2014,"budget",
"d227","Kibuku",2015,"budget",
"d227","Kibuku",2016,"budget",
"d419","Kiruhura",2013,"budget",2.3462996494
"d419","Kiruhura",2014,"budget",3.5325329304
"d419","Kiruhura",2015,"budget",5.1246851537
"d419","Kiruhura",2016,"budget",4.6605607172
"d421","Kiryandongo",2013,"budget",1.5508438637
"d421","Kiryandongo",2014,"budget",0
"d421","Kiryandongo",2015,"budget",1.3403812107
"d421","Kiryandongo",2016,"budget",1.4119564311
"d408","Kisoro",2013,"budget",
"d408","Kisoro",2014,"budget",4.2651764095
"d408","Kisoro",2015,"budget",3.5637464109
"d408","Kisoro",2016,"budget",3.5819770022
"d305","Kitgum",2013,"budget",
"d305","Kitgum",2014,"budget",11.7153635372
"d305","Kitgum",2015,"budget",5.2105394741
"d305","Kitgum",2016,"budget",3.9856542238
"d319","Koboko",2013,"budget",1.8607873643
"d319","Koboko",2014,"budget",1.6188926936
"d319","Koboko",2015,"budget",4.1235904127
"d319","Koboko",2016,"budget",4.5559518769
"d325","Kole",2013,"budget",0.1868318645
"d325","Kole",2014,"budget",0.1668289217
"d325","Kole",2015,"budget",0.3908833184
"d325","Kole",2016,"budget",0.1150078204
"d306","Kotido",2013,"budget",11.8102009602
"d306","Kotido",2014,"budget",13.7921625924
"d306","Kotido",2015,"budget",9.5046953922
"d306","Kotido",2016,"budget",7.5623310275
"d208","Kumi",2013,"budget",
"d208","Kumi",2014,"budget",4.0890974267
"d208","Kumi",2015,"budget",5.6149429226
"d208","Kumi",2016,"budget",3.5200690986
"d228","Kween",2013,"budget",0.4766813838
"d228","Kween",2014,"budget",0.8091371896
"d228","Kween",2015,"budget",
"d228","Kween",2016,"budget",
"d123","Kyankwanzi",2013,"budget",3.487396612
"d123","Kyankwanzi",2014,"budget",0
"d123","Kyankwanzi",2015,"budget",0.058662098
"d123","Kyankwanzi",2016,"budget",0
"d422","Kyegegwa",2013,"budget",14.5165521089
"d422","Kyegegwa",2014,"budget",8.4059312053
"d422","Kyegegwa",2015,"budget",6.648022727
"d422","Kyegegwa",2016,"budget",6.8051627627
"d415","Kyenjojo",2013,"budget",16.5865318891
"d415","Kyenjojo",2014,"budget",17.4865924334
"d415","Kyenjojo",2015,"budget",14.1026723885
"d415","Kyenjojo",2016,"budget",5.0213415905
"d326","Lamwo",2013,"budget",0
"d326","Lamwo",2014,"budget",26.0666758053
"d326","Lamwo",2015,"budget",21.7328503008
"d326","Lamwo",2016,"budget",5.2658891765
"d307","Lira",2013,"budget",
"d307","Lira",2014,"budget",0
"d307","Lira",2015,"budget",2.6298236176
"d307","Lira",2016,"budget",1.6553486907
"d229","Luuka",2013,"budget",0.8248023341
"d229","Luuka",2014,"budget",0.6958257789
"d229","Luuka",2015,"budget",
"d229","Luuka",2016,"budget",
"d104","Luwero",2013,"budget",
"d104","Luwero",2014,"budget",8.9590633998
"d104","Luwero",2015,"budget",2.1716371996
"d104","Luwero",2016,"budget",1.5223937997
"d124","Lwengo",2013,"budget",2.7077419228
"d124","Lwengo",2014,"budget",2.2642701611
"d124","Lwengo",2015,"budget",3.0005811309
"d124","Lwengo",2016,"budget",2.6171960355
"d114","Lyantonde",2013,"budget",3.9386341868
"d114","Lyantonde",2014,"budget",2.8657663272
"d114","Lyantonde",2015,"budget",2.5043575148
"d114","Lyantonde",2016,"budget",2.4951546146
"d223","Manafwa",2013,"budget",2.4959371687
"d223","Manafwa",2014,"budget",1.4945449463
"d223","Manafwa",2015,"budget",1.2198137047
"d223","Manafwa",2016,"budget",1.6917530957
"d320","Maracha",2013,"budget",13.0825860602
"d320","Maracha",2014,"budget",14.2057147487
"d320","Maracha",2015,"budget",5.2874961694
"d320","Maracha",2016,"budget",5.3930485144
"d105","Masaka",2013,"budget",0
"d105","Masaka",2014,"budget",0.1031789344
"d105","Masaka",2015,"budget",4.2509395029
"d105","Masaka",2016,"budget",4.5669624759
"d409","Masindi",2013,"budget",
"d409","Masindi",2014,"budget",
"d409","Masindi",2015,"budget",10.7439049105
"d409","Masindi",2016,"budget",0.8240855561
"d214","Mayuge",2013,"budget",2.3895459438
"d214","Mayuge",2014,"budget",4.0493415073
"d214","Mayuge",2015,"budget",3.6726982515
"d214","Mayuge",2016,"budget",4.3344032873
"d209","Mbale",2013,"budget",0.6770633363
"d209","Mbale",2014,"budget",4.2003970467
"d209","Mbale",2015,"budget",2.3955671676
"d209","Mbale",2016,"budget",2.4191111916
"d410","Mbarara",2013,"budget",0.4648575259
"d410","Mbarara",2014,"budget",0.3902408796
"d410","Mbarara",2015,"budget",0.6534410903
"d410","Mbarara",2016,"budget",0.2401803883
"d423","Mitooma",2013,"budget",0.2208374894
"d423","Mitooma",2014,"budget",0.5505464328
"d423","Mitooma",2015,"budget",0.4565576275
"d423","Mitooma",2016,"budget",0.483606672
"d115","Mityana",2013,"budget",1.7631028769
"d115","Mityana",2014,"budget",3.5732363873
"d115","Mityana",2015,"budget",3.0436800011
"d115","Mityana",2016,"budget",0.8030678589
"d308","Moroto",2013,"budget",0.1989233633
"d308","Moroto",2014,"budget",3.6890606406
"d308","Moroto",2015,"budget",
"d308","Moroto",2016,"budget",
"d309","Moyo",2013,"budget",
"d309","Moyo",2014,"budget",
"d309","Moyo",2015,"budget",3.1174714997
"d309","Moyo",2016,"budget",2.9509814737
"d106","Mpigi",2013,"budget",
"d106","Mpigi",2014,"budget",3.3436936683
"d106","Mpigi",2015,"budget",2.4439900607
"d106","Mpigi",2016,"budget",2.5340156961
"d107","Mubende",2013,"budget",
"d107","Mubende",2014,"budget",5.0828898402
"d107","Mubende",2015,"budget",4.2498595268
"d107","Mubende",2016,"budget",4.3580355567
"d108","Mukono",2013,"budget",1.0522390894
"d108","Mukono",2014,"budget",0.5341328192
"d108","Mukono",2015,"budget",1.1690929692
"d108","Mukono",2016,"budget",0
"d311","Nakapiripirit",2013,"budget",14.9489769841
"d311","Nakapiripirit",2014,"budget",10.5528565499
"d311","Nakapiripirit",2015,"budget",10.187230677
"d311","Nakapiripirit",2016,"budget",10.5147840324
"d116","Nakaseke",2013,"budget",4.2036104473
"d116","Nakaseke",2014,"budget",0.9117046342
"d116","Nakaseke",2015,"budget",
"d116","Nakaseke",2016,"budget",
"d109","Nakasongola",2015,"budget",1.2478865055
"d109","Nakasongola",2016,"budget",0.6461619677
"d230","Namayingo",2013,"budget",8.8713262086
"d230","Namayingo",2014,"budget",8.5224912006
"d230","Namayingo",2015,"budget",6.7580834216
"d230","Namayingo",2016,"budget",7.1021841861
"d224","Namutumba",2013,"budget",2.545178496
"d224","Namutumba",2014,"budget",2.6056398324
"d224","Namutumba",2015,"budget",1.9928685338
"d224","Namutumba",2016,"budget",2.0457343765
"d327","Napak",2013,"budget",15.8561596618
"d327","Napak",2014,"budget",6.4051859445
"d327","Napak",2015,"budget",4.8948369844
"d327","Napak",2016,"budget",4.860103146
"d310","Nebbi",2013,"budget",
"d310","Nebbi",2014,"budget",1.115545441
"d310","Nebbi",2015,"budget",1.115545441
"d310","Nebbi",2016,"budget",1.5271878053
"d231","Ngora",2013,"budget",1.5569427108
"d231","Ngora",2014,"budget",1.5020111303
"d231","Ngora",2015,"budget",1.3292250433
"d231","Ngora",2016,"budget",1.37779521
"d424","Ntoroko",2013,"budget",11.9925121207
"d424","Ntoroko",2014,"budget",9.8853601627
"d424","Ntoroko",2015,"budget",8.474715079
"d424","Ntoroko",2016,"budget",7.4791741333
"d411","Ntungamo",2013,"budget",
"d411","Ntungamo",2014,"budget",3.0758306654
"d411","Ntungamo",2015,"budget",1.6877862983
"d411","Ntungamo",2016,"budget",1.6879008207
"d328","Nwoya",2013,"budget",47.3293096991
"d328","Nwoya",2014,"budget",57.0428419158
"d328","Nwoya",2015,"budget",28.8207620112
"d328","Nwoya",2016,"budget",0
"d329","Otuke",2013,"budget",1.5694585354
"d329","Otuke",2014,"budget",4.0986663817
"d329","Otuke",2015,"budget",4.5881034502
"d329","Otuke",2016,"budget",4.0985171509
"d321","Oyam",2013,"budget",
"d321","Oyam",2014,"budget",
"d321","Oyam",2015,"budget",3.0146791859
"d321","Oyam",2016,"budget",3.0327038778
"d312","Pader",2013,"budget",
"d312","Pader",2014,"budget",6.8572222821
"d312","Pader",2015,"budget",4.133872429
"d312","Pader",2016,"budget",3.9387396809
"d210","Pallisa",2013,"budget",
"d210","Pallisa",2014,"budget",
"d210","Pallisa",2015,"budget",2.8393417351
"d210","Pallisa",2016,"budget",1.8834064766
"d110","Rakai",2013,"budget",
"d110","Rakai",2014,"budget",3.5487488651
"d110","Rakai",2015,"budget",2.8561508728
"d110","Rakai",2016,"budget",2.9284611825
"d425","Rubirizi",2013,"budget",0.5499858271
"d425","Rubirizi",2014,"budget",1.5766393654
"d425","Rubirizi",2015,"budget",1.5375404395
"d425","Rubirizi",2016,"budget",1.5081988707
"d412","Rukungiri",2013,"budget",
"d412","Rukungiri",2014,"budget",
"d412","Rukungiri",2015,"budget",1.961467728
"d412","Rukungiri",2016,"budget",0
"d232","Serere",2013,"budget",1.5614487908
"d232","Serere",2014,"budget",1.1223884426
"d232","Serere",2015,"budget",0.894558797
"d232","Serere",2016,"budget",0.9128895694
"d426","Sheema",2013,"budget",0.211919337
"d426","Sheema",2014,"budget",1.0054675609
"d426","Sheema",2015,"budget",0.8809128223
"d426","Sheema",2016,"budget",0.8834572943
"d215","Sironko",2013,"budget",0.9006487284
"d215","Sironko",2014,"budget",2.4788255018
"d215","Sironko",2015,"budget",2.4540920404
"d215","Sironko",2016,"budget",2.6038853638
"d211","Soroti",2013,"budget",0
"d211","Soroti",2014,"budget",1.0180424697
"d211","Soroti",2015,"budget",0.9618665628
"d211","Soroti",2016,"budget",0.5636966337
"d111","Ssembabule",2013,"budget",0.3842103664
"d111","Ssembabule",2014,"budget",0
"d111","Ssembabule",2015,"budget",1.4326313421
"d111","Ssembabule",2016,"budget",1.4794258716
"d212","Tororo",2013,"budget",
"d212","Tororo",2014,"budget",1.049861892
"d212","Tororo",2015,"budget",1.4396540959
"d212","Tororo",2016,"budget",1.229870838
"d113","Wakiso",2013,"budget",0
"d113","Wakiso",2014,"budget",1.1406157915
"d113","Wakiso",2015,"budget",0.6402341232
"d113","Wakiso",2016,"budget",0.6533120496
"d313","Yumbe",2013,"budget",
"d313","Yumbe",2014,"budget",6.3026535893
"d313","Yumbe",2015,"budget",5.2731345334
"d313","Yumbe",2016,"budget",9.9435707078
"d330","Zombo",2013,"budget",6.3956489071
"d330","Zombo",2014,"budget",1.7004637742
"d330","Zombo",2015,"budget",5.0665866891
"d330","Zombo",2016,"budget",5.0058576609
