"district_id","district_name","year","budget_type","value"
"d314","Abim",2013,"actual",
"d314","Abim",2014,"actual",15.33569062
"d314","Abim",2015,"approved",15.69429593
"d314","Abim",2015,"actual",15.69429593
"d314","Abim",2016,"actual",15.94206339
"d314","Abim",2016,"proposed",15.1433065
"d314","Abim",2019,"proposed",20
"d301","Adjumani",2013,"actual",5.192165445
"d301","Adjumani",2014,"actual",5.353311734
"d301","Adjumani",2015,"approved",10.35592554
"d301","Adjumani",2015,"actual",10.35592554
"d301","Adjumani",2016,"actual",10.96631953
"d301","Adjumani",2016,"proposed",14.82374376
"d301","Adjumani",2017,"actual",14.97864358
"d301","Adjumani",2018,"approved",15
"d301","Adjumani",2019,"proposed",17
"d322","Agago",2013,"actual",4.610404524
"d322","Agago",2014,"actual",3.959841388
"d322","Agago",2015,"approved",3.50208137
"d322","Agago",2015,"actual",3.50208137
"d322","Agago",2016,"actual",2.454301232
"d322","Agago",2016,"proposed",2.607541633
"d322","Agago",2019,"proposed",2
"d323","Alebtong",2013,"actual",2.258439741
"d323","Alebtong",2014,"actual",3.247285145
"d323","Alebtong",2015,"actual",1.724081553
"d323","Alebtong",2015,"approved",1.724081553
"d323","Alebtong",2016,"approved",1.551494727
"d323","Alebtong",2016,"proposed",1.097985813
"d323","Alebtong",2016,"actual",1.997174495
"d323","Alebtong",2017,"actual",0.957801758
"d323","Alebtong",2017,"approved",1.074203585
"d323","Alebtong",2019,"proposed",1
"d315","Amolatar",2013,"actual",
"d315","Amolatar",2014,"actual",1.688274777
"d315","Amolatar",2015,"approved",8.962346233
"d315","Amolatar",2015,"actual",1.444352249
"d315","Amolatar",2016,"actual",1.474987818
"d315","Amolatar",2016,"approved",1.535261598
"d315","Amolatar",2016,"proposed",1.472085284
"d315","Amolatar",2017,"actual",49.44722943
"d315","Amolatar",2017,"approved",0.248270534
"d315","Amolatar",2019,"proposed",1
"d324","Amudat",2013,"actual",9.497761366
"d324","Amudat",2014,"actual",10.15914501
"d324","Amudat",2015,"actual",6.918354479
"d324","Amudat",2015,"approved",6.918354479
"d324","Amudat",2016,"approved",6.434495062
"d324","Amudat",2016,"proposed",6.293070118
"d324","Amudat",2016,"actual",6.96792064
"d324","Amudat",2017,"approved",9.599377925
"d324","Amudat",2017,"actual",8.242166581
"d324","Amudat",2019,"proposed",6
"d216","Amuria",2013,"actual",
"d216","Amuria",2014,"actual",0.190947514
"d216","Amuria",2015,"approved",
"d216","Amuria",2015,"actual",
"d216","Amuria",2016,"proposed",0.062933236
"d216","Amuria",2016,"approved",
"d216","Amuria",2016,"actual",0.065721209
"d216","Amuria",2017,"actual",1.86650182
"d216","Amuria",2017,"approved",
"d216","Amuria",2019,"proposed",2
"d316","Amuru",2013,"actual",33.31794944
"d316","Amuru",2014,"actual",37.3742475
"d316","Amuru",2015,"actual",19.14215222
"d316","Amuru",2015,"approved",19.14215222
"d316","Amuru",2016,"approved",2.657395605
"d316","Amuru",2016,"proposed",2.485258887
"d316","Amuru",2016,"actual",5.468586952
"d316","Amuru",2017,"actual",2.355256429
"d316","Amuru",2017,"approved",2.008233821
"d302","Apac",2013,"actual",
"d302","Apac",2014,"actual",8.617252463
"d302","Apac",2015,"actual",9.179732103
"d302","Apac",2015,"approved",9.180263186
"d302","Apac",2016,"actual",9.938296818
"d302","Apac",2016,"approved",8.563461752
"d302","Apac",2016,"proposed",8.196930692
"d302","Apac",2017,"approved",5.018782833
"d302","Apac",2019,"proposed",6
"d303","Arua",2013,"actual",0.154253471
"d303","Arua",2014,"actual",0.314073729
"d303","Arua",2015,"approved",0.619616254
"d303","Arua",2016,"actual",0.648424056
"d303","Arua",2016,"approved",
"d303","Arua",2017,"actual",1.555069352
"d303","Arua",2017,"approved",
"d303","Arua",2018,"approved",5
"d303","Arua",2019,"proposed",5
"d217","Budaka",2013,"actual",2.721583518
"d217","Budaka",2014,"actual",2.238904393
"d217","Budaka",2015,"approved",1.395768525
"d217","Budaka",2015,"actual",1.395768525
"d217","Budaka",2016,"actual",1.457515543
"d217","Budaka",2016,"proposed",1.329183451
"d217","Budaka",2017,"actual",0.546306064
"d217","Budaka",2018,"approved",1
"d217","Budaka",2019,"proposed",1
"d218","Bududa",2013,"actual",1.133239884
"d218","Bududa",2014,"actual",4.731774368
"d218","Bududa",2015,"actual",2.963322033
"d218","Bududa",2015,"approved",2.963322033
"d218","Bududa",2016,"actual",2.640463722
"d218","Bududa",2016,"approved",2.930587691
"d218","Bududa",2016,"proposed",2.87748686
"d218","Bududa",2017,"actual",3.125688367
"d218","Bududa",2017,"approved",2.809945778
"d218","Bududa",2018,"approved",2
"d218","Bududa",2019,"proposed",2
"d201","Bugiri",2013,"actual",2.256384164
"d201","Bugiri",2014,"actual",3.743420031
"d201","Bugiri",2015,"actual",3.432780699
"d201","Bugiri",2015,"approved",3.432780699
"d201","Bugiri",2016,"actual",3.432780699
"d201","Bugiri",2016,"proposed",2.054125329
"d201","Bugiri",2017,"approved",
"d201","Bugiri",2019,"proposed",1
"d420","Buhweju",2013,"actual",2.264657711
"d420","Buhweju",2014,"actual",1.212500183
"d420","Buhweju",2015,"approved",1.261293417
"d420","Buhweju",2015,"actual",1.261293417
"d420","Buhweju",2016,"actual",1.313051236
"d420","Buhweju",2016,"proposed",1.209225542
"d420","Buhweju",2019,"proposed",1
"d117","Buikwe",2013,"actual",
"d117","Buikwe",2014,"actual",2.648096124
"d117","Buikwe",2015,"approved",2.294768655
"d117","Buikwe",2015,"actual",2.294768655
"d117","Buikwe",2016,"actual",2.300000673
"d117","Buikwe",2016,"approved",17.13677966
"d117","Buikwe",2016,"proposed",14.215894
"d117","Buikwe",2017,"actual",
"d117","Buikwe",2017,"approved",23.31983373
"d117","Buikwe",2018,"approved",50
"d117","Buikwe",2019,"proposed",46
"d219","Bukedea",2013,"actual",3.193264701
"d219","Bukedea",2014,"actual",1.469786181
"d219","Bukedea",2015,"approved",2.488371831
"d219","Bukedea",2015,"actual",2.488371831
"d219","Bukedea",2016,"actual",2.869007744
"d219","Bukedea",2016,"approved",2.845726089
"d219","Bukedea",2016,"proposed",2.653692677
"d219","Bukedea",2017,"approved",1.587318649
"d219","Bukedea",2019,"proposed",1
"d118","Bukomansimbi",2013,"actual",2.197204848
"d118","Bukomansimbi",2014,"actual",5.523390474
"d118","Bukomansimbi",2015,"actual",5.859188738
"d118","Bukomansimbi",2015,"approved",5.859188738
"d118","Bukomansimbi",2016,"actual",5.576662782
"d118","Bukomansimbi",2016,"proposed",6.090716403
"d118","Bukomansimbi",2019,"proposed",9
"d220","Bukwo",2013,"actual",1.922930825
"d220","Bukwo",2014,"actual",4.05419977
"d220","Bukwo",2015,"approved",3.266591072
"d220","Bukwo",2016,"actual",3.27979297
"d220","Bukwo",2019,"proposed",0
"d225","Bulambuli",2013,"actual",
"d225","Bulambuli",2014,"actual",0.048875013
"d225","Bulambuli",2015,"actual",
"d225","Bulambuli",2015,"approved",
"d225","Bulambuli",2016,"proposed",
"d225","Bulambuli",2016,"approved",
"d225","Bulambuli",2016,"actual",
"d225","Bulambuli",2017,"approved",
"d416","Buliisa",2013,"actual",1.389238497
"d416","Buliisa",2014,"actual",1.380134938
"d416","Buliisa",2015,"approved",1.602344435
"d416","Buliisa",2015,"actual",1.602344435
"d416","Buliisa",2016,"proposed",2.261290004
"d416","Buliisa",2016,"actual",1.998034567
"d416","Buliisa",2016,"approved",2.367479376
"d416","Buliisa",2017,"approved",3.198719552
"d416","Buliisa",2019,"proposed",8
"d401","Bundibugyo",2013,"actual",
"d401","Bundibugyo",2014,"actual",11.17691176
"d401","Bundibugyo",2015,"approved",3.331022494
"d401","Bundibugyo",2015,"actual",3.331022494
"d401","Bundibugyo",2016,"approved",4.386574852
"d401","Bundibugyo",2016,"proposed",4.132008555
"d401","Bundibugyo",2016,"actual",2.690890239
"d401","Bundibugyo",2017,"approved",2.443941183
"d401","Bundibugyo",2019,"proposed",1
"d402","Bushenyi",2013,"actual",
"d402","Bushenyi",2014,"actual",1.359602705
"d402","Bushenyi",2015,"approved",1.770264991
"d402","Bushenyi",2015,"actual",1.770264991
"d402","Bushenyi",2016,"proposed",0.107296506
"d402","Bushenyi",2016,"approved",0.15542061
"d402","Bushenyi",2016,"actual",0.363249229
"d402","Bushenyi",2017,"actual",
"d402","Bushenyi",2017,"approved",1.387377755
"d402","Bushenyi",2018,"approved",1
"d402","Bushenyi",2019,"proposed",1
"d202","Busia",2013,"actual",0.456083376
"d202","Busia",2014,"actual",4.833037637
"d202","Busia",2015,"actual",3.430025274
"d202","Busia",2015,"approved",3.430025274
"d202","Busia",2016,"actual",0.202187044
"d202","Busia",2016,"proposed",4.36582585
"d202","Busia",2016,"approved",15.73046292
"d202","Busia",2017,"approved",
"d202","Busia",2017,"actual",1.625933957
"d202","Busia",2018,"approved",2
"d202","Busia",2019,"proposed",1
"d221","Butaleja",2013,"actual",3.224268022
"d221","Butaleja",2014,"actual",2.638172017
"d221","Butaleja",2015,"approved",2.106207204
"d221","Butaleja",2015,"actual",2.106207204
"d221","Butaleja",2016,"proposed",2.278064381
"d221","Butaleja",2016,"approved",2.434044878
"d221","Butaleja",2016,"actual",2.115468512
"d221","Butaleja",2017,"approved",5.765178725
"d221","Butaleja",2017,"actual",1.625933957
"d221","Butaleja",2018,"approved",3
"d221","Butaleja",2019,"proposed",3
"d119","Butambala",2013,"actual",1.503419108
"d119","Butambala",2014,"actual",0.721301766
"d119","Butambala",2015,"actual",0.153528672
"d119","Butambala",2015,"approved",0.153528672
"d119","Butambala",2016,"actual",0.159278647
"d119","Butambala",2016,"approved",0.170917674
"d119","Butambala",2016,"proposed",0.167475472
"d119","Butambala",2017,"actual",
"d119","Butambala",2017,"approved",0.367763805
"d119","Butambala",2019,"proposed",0
"d120","Buvuma",2013,"actual",5.774825889
"d120","Buvuma",2014,"actual",5.870944638
"d120","Buvuma",2015,"actual",6.499966812
"d120","Buvuma",2015,"approved",6.499966812
"d120","Buvuma",2016,"proposed",5.403208234
"d120","Buvuma",2016,"actual",9.296888781
"d120","Buvuma",2016,"approved",5.795388802
"d120","Buvuma",2017,"approved",7.105630219
"d120","Buvuma",2017,"actual",6.696821022
"d120","Buvuma",2018,"approved",6
"d120","Buvuma",2019,"proposed",7
"d226","Buyende",2013,"actual",
"d226","Buyende",2014,"actual",
"d226","Buyende",2015,"actual",1.057583525
"d226","Buyende",2015,"approved",1.057583525
"d226","Buyende",2016,"actual",1.057583525
"d226","Buyende",2016,"proposed",1.120497995
"d226","Buyende",2017,"actual",1.163413673
"d226","Buyende",2018,"proposed",1.144917185
"d317","Dokolo",2013,"actual",0.166913075
"d317","Dokolo",2014,"actual",4.122489697
"d317","Dokolo",2015,"approved",3.95343318
"d317","Dokolo",2015,"actual",3.95343318
"d317","Dokolo",2016,"proposed",3.311907545
"d317","Dokolo",2016,"actual",4.085344994
"d317","Dokolo",2017,"actual",1.812884594
"d317","Dokolo",2018,"approved",4
"d317","Dokolo",2019,"proposed",4
"d121","Gomba",2013,"actual",
"d121","Gomba",2014,"actual",
"d121","Gomba",2015,"approved",2.139291737
"d121","Gomba",2015,"actual",2.139291737
"d121","Gomba",2016,"actual",2.142099403
"d121","Gomba",2016,"approved",2.183312562
"d121","Gomba",2016,"proposed",2.205744779
"d121","Gomba",2017,"actual",2.176079603
"d121","Gomba",2017,"approved",2.219552029
"d121","Gomba",2018,"approved",1
"d121","Gomba",2019,"proposed",1
"d304","Gulu",2014,"actual",
"d304","Gulu",2015,"actual",15.67819557
"d304","Gulu",2015,"approved",20.19014469
"d304","Gulu",2016,"actual",3.073305866
"d304","Gulu",2016,"proposed",5.094639497
"d304","Gulu",2016,"approved",5.239140023
"d304","Gulu",2017,"actual",1.789579143
"d304","Gulu",2017,"approved",1.853718227
"d304","Gulu",2018,"approved",4
"d304","Gulu",2019,"proposed",4
"d403","Hoima",2013,"actual",17.63243084
"d403","Hoima",2014,"actual",1.146150365
"d403","Hoima",2015,"actual",
"d403","Hoima",2015,"approved",0.578326414
"d403","Hoima",2016,"proposed",
"d403","Hoima",2016,"approved",2.92758008
"d403","Hoima",2016,"actual",0.654599749
"d403","Hoima",2017,"actual",3.440094174
"d403","Hoima",2017,"approved",3.235477969
"d403","Hoima",2018,"approved",2
"d403","Hoima",2019,"proposed",5
"d417","Ibanda",2013,"actual",4.180967213
"d417","Ibanda",2014,"actual",4.173887016
"d417","Ibanda",2015,"approved",4.584016313
"d417","Ibanda",2015,"actual",4.584016313
"d417","Ibanda",2016,"actual",4.179304355
"d417","Ibanda",2016,"approved",5.426633545
"d417","Ibanda",2016,"proposed",4.991265971
"d417","Ibanda",2017,"approved",6.128560727
"d417","Ibanda",2017,"actual",4.07684759
"d417","Ibanda",2018,"proposed",
"d203","Iganga",2013,"actual",
"d203","Iganga",2014,"actual",2.666145311
"d203","Iganga",2015,"approved",2.115626383
"d203","Iganga",2015,"actual",2.115626383
"d203","Iganga",2016,"proposed",2.244835706
"d203","Iganga",2016,"actual",2.141113051
"d203","Iganga",2016,"approved",
"d203","Iganga",2017,"approved",
"d418","Isingiro",2013,"actual",7.333028535
"d418","Isingiro",2014,"actual",2.382968877
"d418","Isingiro",2015,"actual",0.646537278
"d418","Isingiro",2015,"approved",0.646537278
"d418","Isingiro",2016,"actual",0.248657145
"d418","Isingiro",2016,"proposed",0.242354778
"d418","Isingiro",2016,"approved",2.97695614
"d418","Isingiro",2017,"actual",2.644795613
"d418","Isingiro",2017,"approved",3.249984332
"d418","Isingiro",2018,"proposed",2.244488473
"d204","Jinja",2013,"actual",
"d204","Jinja",2014,"actual",
"d204","Jinja",2015,"actual",17.96143271
"d204","Jinja",2015,"approved",12.04193585
"d204","Jinja",2016,"actual",1.577063883
"d204","Jinja",2016,"approved",
"d204","Jinja",2016,"proposed",2.072977779
"d204","Jinja",2017,"approved",
"d204","Jinja",2017,"actual",
"d204","Jinja",2018,"proposed",
"d318","Kaabong",2013,"actual",
"d318","Kaabong",2014,"actual",5.948401471
"d318","Kaabong",2015,"actual",7.022647262
"d318","Kaabong",2015,"approved",7.022647262
"d318","Kaabong",2016,"proposed",7.558071318
"d318","Kaabong",2016,"actual",6.689520165
"d318","Kaabong",2016,"approved",7.909166778
"d318","Kaabong",2017,"approved",21.58902952
"d404","Kabale",2013,"actual",0.943271023
"d404","Kabale",2014,"actual",2.614430386
"d404","Kabale",2015,"actual",2.523325619
"d404","Kabale",2015,"approved",2.523325619
"d404","Kabale",2016,"proposed",1.293214271
"d404","Kabale",2016,"actual",1.359278289
"d404","Kabale",2016,"approved",1.800583164
"d404","Kabale",2017,"actual",
"d404","Kabale",2017,"approved",6.073522015
"d404","Kabale",2018,"proposed",
"d405","Kabarole",2013,"actual",2.979761397
"d405","Kabarole",2014,"actual",3.298312764
"d405","Kabarole",2015,"actual",3.077680194
"d405","Kabarole",2015,"approved",3.077680194
"d405","Kabarole",2016,"approved",1.935632257
"d405","Kabarole",2016,"actual",1.600830967
"d405","Kabarole",2016,"proposed",1.799783776
"d405","Kabarole",2017,"approved",0.825533664
"d405","Kabarole",2017,"actual",1.106719661
"d405","Kabarole",2018,"approved",0
"d405","Kabarole",2019,"proposed",0
"d213","Kaberamaido",2013,"actual",
"d213","Kaberamaido",2014,"actual",2.980527525
"d213","Kaberamaido",2015,"actual",3.216849963
"d213","Kaberamaido",2015,"approved",3.216849963
"d213","Kaberamaido",2016,"actual",3.382151699
"d213","Kaberamaido",2016,"proposed",3.294426598
"d213","Kaberamaido",2016,"approved",3.466880879
"d213","Kaberamaido",2017,"approved",2.612949239
"d101","Kalangala",2013,"actual",
"d101","Kalangala",2014,"actual",43.83318295
"d101","Kalangala",2015,"actual",30.28042126
"d101","Kalangala",2015,"approved",30.28042126
"d101","Kalangala",2016,"actual",38.17819434
"d101","Kalangala",2016,"approved",47.57750967
"d101","Kalangala",2016,"proposed",45.65710104
"d101","Kalangala",2017,"actual",53.31404308
"d101","Kalangala",2017,"approved",55.04513981
"d101","Kalangala",2018,"approved",48
"d101","Kalangala",2019,"proposed",51
"d222","Kaliro",2013,"actual",2.106450245
"d222","Kaliro",2014,"actual",6.920637682
"d222","Kaliro",2015,"approved",3.836565698
"d222","Kaliro",2015,"actual",3.836565698
"d222","Kaliro",2016,"actual",4.253905226
"d222","Kaliro",2016,"approved",2.728412578
"d222","Kaliro",2016,"proposed",2.623966285
"d222","Kaliro",2017,"approved",2.818145213
"d222","Kaliro",2017,"actual",2.675016686
"d222","Kaliro",2018,"proposed",2.664072595
"d122","Kalungu",2013,"actual",6.388308617
"d122","Kalungu",2014,"actual",3.7836618
"d122","Kalungu",2015,"actual",2.845969801
"d122","Kalungu",2015,"approved",2.845969801
"d122","Kalungu",2016,"approved",3.60380507
"d122","Kalungu",2016,"actual",3.103697244
"d122","Kalungu",2016,"proposed",3.324684635
"d122","Kalungu",2017,"approved",3.550519667
"d122","Kalungu",2017,"actual",3.256363829
"d122","Kalungu",2018,"approved",3
"d122","Kalungu",2019,"proposed",2
"d205","Kamuli",2013,"actual",
"d205","Kamuli",2014,"actual",3.599241548
"d205","Kamuli",2015,"actual",3.42462639
"d205","Kamuli",2015,"approved",3.42462639
"d205","Kamuli",2016,"proposed",1.319259967
"d205","Kamuli",2016,"actual",0.030829113
"d205","Kamuli",2016,"approved",1.411714705
"d205","Kamuli",2017,"actual",1.43976639
"d205","Kamuli",2017,"approved",1.485021632
"d205","Kamuli",2018,"approved",5
"d205","Kamuli",2019,"proposed",4
"d413","Kamwenge",2014,"actual",10.11933281
"d413","Kamwenge",2015,"actual",8.229940049
"d413","Kamwenge",2015,"approved",8.229940049
"d413","Kamwenge",2016,"proposed",2.387816978
"d413","Kamwenge",2016,"actual",2.620469746
"d413","Kamwenge",2017,"actual",1.056106401
"d413","Kamwenge",2018,"proposed",1.85387212
"d414","Kanungu",2013,"actual",8.356107356
"d414","Kanungu",2014,"actual",7.674244338
"d414","Kanungu",2015,"approved",3.223702827
"d414","Kanungu",2015,"actual",3.223702827
"d414","Kanungu",2016,"actual",3.336437983
"d414","Kanungu",2016,"proposed",3.134488636
"d414","Kanungu",2017,"actual",4.949204454
"d414","Kanungu",2018,"proposed",3.354074749
"d206","Kapchorwa",2013,"actual",
"d206","Kapchorwa",2014,"actual",3.417934966
"d206","Kapchorwa",2015,"actual",1.864053749
"d206","Kapchorwa",2015,"approved",1.864053749
"d206","Kapchorwa",2016,"proposed",1.987327617
"d206","Kapchorwa",2016,"actual",1.408626008
"d206","Kapchorwa",2016,"approved",1.978992067
"d206","Kapchorwa",2017,"approved",3.312470265
"d206","Kapchorwa",2017,"actual",0.496146093
"d206","Kapchorwa",2018,"approved",0
"d206","Kapchorwa",2019,"proposed",0
"d406","Kasese",2013,"actual",9.393664329
"d406","Kasese",2014,"actual",3.711310292
"d406","Kasese",2015,"actual",2.744126885
"d406","Kasese",2015,"approved",2.744126885
"d406","Kasese",2016,"proposed",1.420571627
"d406","Kasese",2016,"actual",1.465678143
"d406","Kasese",2016,"approved",1.826796351
"d406","Kasese",2017,"actual",1.883875474
"d406","Kasese",2017,"approved",4.008915986
"d406","Kasese",2018,"proposed",3.428983976
"d207","Katakwi",2013,"actual",
"d207","Katakwi",2014,"actual",9.826542052
"d207","Katakwi",2015,"approved",7.138374668
"d207","Katakwi",2015,"actual",7.138374668
"d207","Katakwi",2016,"proposed",7.139912485
"d207","Katakwi",2016,"actual",7.81758972
"d207","Katakwi",2016,"approved",7.427931093
"d207","Katakwi",2017,"approved",3.791119635
"d112","Kayunga",2013,"actual",2.405220456
"d112","Kayunga",2014,"actual",2.010245637
"d112","Kayunga",2015,"approved",1.013509299
"d112","Kayunga",2015,"actual",1.013509299
"d112","Kayunga",2016,"actual",3.091866801
"d112","Kayunga",2016,"approved",3.407653472
"d112","Kayunga",2016,"proposed",3.248593193
"d112","Kayunga",2017,"approved",3.785351416
"d112","Kayunga",2017,"actual",3.627060691
"d112","Kayunga",2018,"approved",3
"d112","Kayunga",2019,"proposed",4
"d407","Kibaale",2013,"actual",
"d407","Kibaale",2014,"actual",1.835299103
"d407","Kibaale",2015,"approved",1.633603378
"d407","Kibaale",2015,"actual",1.633603378
"d407","Kibaale",2016,"proposed",1.782647886
"d407","Kibaale",2016,"actual",1.644487678
"d407","Kibaale",2017,"actual",4.388483053
"d407","Kibaale",2018,"approved",5
"d407","Kibaale",2019,"proposed",6
"d103","Kiboga",2013,"actual",0.172726496
"d103","Kiboga",2014,"actual",0.413052886
"d103","Kiboga",2015,"actual",0.617666243
"d103","Kiboga",2015,"approved",0.617666243
"d103","Kiboga",2016,"approved",0.523034168
"d103","Kiboga",2016,"actual",0.38602919
"d103","Kiboga",2016,"proposed",0.461458322
"d103","Kiboga",2017,"approved",1.557934727
"d103","Kiboga",2017,"actual",1.408770599
"d103","Kiboga",2018,"approved",1
"d103","Kiboga",2019,"proposed",1
"d227","Kibuku",2013,"actual",
"d227","Kibuku",2014,"actual",
"d227","Kibuku",2015,"approved",
"d227","Kibuku",2015,"actual",
"d227","Kibuku",2016,"proposed",
"d227","Kibuku",2016,"actual",
"d227","Kibuku",2017,"actual",
"d227","Kibuku",2018,"approved",0
"d227","Kibuku",2019,"proposed",1
"d419","Kiruhura",2013,"actual",2.346299649
"d419","Kiruhura",2014,"actual",3.53253293
"d419","Kiruhura",2015,"approved",5.124685154
"d419","Kiruhura",2016,"actual",4.660560717
"d419","Kiruhura",2017,"actual",5.558078944
"d419","Kiruhura",2018,"approved",5
"d419","Kiruhura",2019,"proposed",4
"d421","Kiryandongo",2013,"actual",1.550843864
"d421","Kiryandongo",2014,"actual",
"d421","Kiryandongo",2015,"actual",1.340381211
"d421","Kiryandongo",2015,"approved",1.340381211
"d421","Kiryandongo",2016,"actual",1.411956431
"d421","Kiryandongo",2016,"proposed",2.042977334
"d421","Kiryandongo",2016,"approved",1.232834647
"d421","Kiryandongo",2017,"actual",0.794105668
"d421","Kiryandongo",2017,"approved",0.32879249
"d421","Kiryandongo",2018,"proposed",11.19340549
"d408","Kisoro",2013,"actual",
"d408","Kisoro",2014,"actual",4.26517641
"d408","Kisoro",2015,"actual",3.563746411
"d408","Kisoro",2015,"approved",3.563746411
"d408","Kisoro",2016,"approved",3.934988777
"d408","Kisoro",2016,"proposed",3.761543985
"d408","Kisoro",2016,"actual",3.581977002
"d408","Kisoro",2017,"actual",
"d408","Kisoro",2017,"approved",4.98606837
"d408","Kisoro",2018,"approved",4
"d408","Kisoro",2019,"proposed",4
"d305","Kitgum",2013,"actual",
"d305","Kitgum",2014,"actual",11.71536354
"d305","Kitgum",2015,"actual",5.210539474
"d305","Kitgum",2015,"approved",5.210539474
"d305","Kitgum",2016,"actual",3.985654224
"d305","Kitgum",2016,"proposed",3.483679755
"d305","Kitgum",2017,"approved",
"d319","Koboko",2013,"actual",1.861220281
"d319","Koboko",2014,"actual",1.619220362
"d319","Koboko",2015,"actual",4.123590413
"d319","Koboko",2015,"approved",4.123590413
"d319","Koboko",2016,"proposed",4.851193814
"d319","Koboko",2016,"approved",5.39387539
"d319","Koboko",2016,"actual",4.555951877
"d319","Koboko",2017,"approved",10.05934529
"d319","Koboko",2017,"actual",13.72285981
"d319","Koboko",2018,"approved",9
"d319","Koboko",2019,"proposed",6
"d325","Kole",2013,"actual",0.186831864
"d325","Kole",2014,"actual",0.166828922
"d325","Kole",2015,"approved",0.390883318
"d325","Kole",2015,"actual",0.390883318
"d325","Kole",2016,"actual",0.11500782
"d325","Kole",2016,"proposed",1.523212145
"d325","Kole",2016,"approved",1.619554523
"d325","Kole",2017,"actual",0.596423192
"d325","Kole",2017,"approved",0.646722747
"d325","Kole",2018,"proposed",0.111214368
"d306","Kotido",2013,"actual",11.81020096
"d306","Kotido",2014,"actual",13.79216259
"d306","Kotido",2015,"approved",9.504695392
"d306","Kotido",2015,"actual",9.504695392
"d306","Kotido",2016,"proposed",7.399355246
"d306","Kotido",2016,"actual",7.562331028
"d306","Kotido",2017,"actual",17.88763843
"d306","Kotido",2018,"approved",20
"d306","Kotido",2019,"proposed",0
"d208","Kumi",2013,"actual",
"d208","Kumi",2014,"actual",4.089097427
"d208","Kumi",2015,"approved",5.614942923
"d208","Kumi",2015,"actual",5.614942923
"d208","Kumi",2016,"proposed",3.409688592
"d208","Kumi",2016,"actual",3.520069099
"d208","Kumi",2017,"actual",
"d208","Kumi",2017,"approved",
"d208","Kumi",2018,"proposed",
"d228","Kween",2013,"actual",0.476681384
"d228","Kween",2014,"actual",0.80913719
"d228","Kween",2015,"approved",
"d228","Kween",2015,"actual",
"d228","Kween",2016,"approved",0.306246041
"d228","Kween",2016,"proposed",0.303630203
"d228","Kween",2016,"actual",
"d228","Kween",2017,"approved",1.293625145
"d228","Kween",2017,"actual",1.182252391
"d228","Kween",2018,"approved",0
"d228","Kween",2019,"proposed",0
"d123","Kyankwanzi",2013,"actual",3.487396612
"d123","Kyankwanzi",2014,"actual",
"d123","Kyankwanzi",2015,"actual",0.058662098
"d123","Kyankwanzi",2015,"approved",0.058662098
"d123","Kyankwanzi",2016,"approved",
"d123","Kyankwanzi",2016,"actual",
"d123","Kyankwanzi",2016,"proposed",
"d123","Kyankwanzi",2017,"approved",
"d123","Kyankwanzi",2019,"proposed",1
"d422","Kyegegwa",2013,"actual",14.51655211
"d422","Kyegegwa",2014,"actual",8.405931205
"d422","Kyegegwa",2015,"actual",6.648022727
"d422","Kyegegwa",2015,"approved",6.648022727
"d422","Kyegegwa",2016,"proposed",7.115249886
"d422","Kyegegwa",2016,"actual",6.805162763
"d422","Kyegegwa",2016,"approved",7.420619462
"d422","Kyegegwa",2017,"actual",5.124140376
"d422","Kyegegwa",2017,"approved",5.586097108
"d422","Kyegegwa",2018,"proposed",5.078697437
"d415","Kyenjojo",2013,"actual",16.58653189
"d415","Kyenjojo",2014,"actual",17.48659243
"d415","Kyenjojo",2015,"approved",14.10267239
"d415","Kyenjojo",2015,"actual",14.10267239
"d415","Kyenjojo",2016,"actual",5.02134159
"d415","Kyenjojo",2016,"proposed",3.550819532
"d415","Kyenjojo",2016,"approved",3.873712005
"d415","Kyenjojo",2017,"approved",3.194172166
"d415","Kyenjojo",2017,"actual",2.894125184
"d415","Kyenjojo",2018,"approved",9
"d415","Kyenjojo",2019,"proposed",3
"d326","Lamwo",2013,"actual",
"d326","Lamwo",2014,"actual",26.06667581
"d326","Lamwo",2015,"approved",21.7328503
"d326","Lamwo",2015,"actual",21.7328503
"d326","Lamwo",2016,"proposed",4.392632054
"d326","Lamwo",2016,"actual",5.265889176
"d307","Lira",2013,"actual",
"d307","Lira",2014,"actual",
"d307","Lira",2015,"approved",2.629823618
"d307","Lira",2015,"actual",2.629823618
"d307","Lira",2016,"approved",2.012315608
"d307","Lira",2016,"proposed",1.198183388
"d307","Lira",2016,"actual",1.655348691
"d307","Lira",2017,"approved",2.989903724
"d307","Lira",2017,"actual",1.580202818
"d307","Lira",2018,"approved",2
"d307","Lira",2019,"proposed",2
"d229","Luuka",2013,"actual",0.824802334
"d229","Luuka",2014,"actual",0.695825779
"d229","Luuka",2015,"approved",
"d229","Luuka",2015,"actual",0.456101618
"d229","Luuka",2016,"proposed",0.669705822
"d229","Luuka",2016,"actual",
"d229","Luuka",2017,"actual",6.527998504
"d229","Luuka",2018,"proposed",
"d104","Luwero",2013,"actual",
"d104","Luwero",2014,"actual",8.9590634
"d104","Luwero",2015,"actual",2.1716372
"d104","Luwero",2015,"approved",2.1716372
"d104","Luwero",2016,"approved",1.602674898
"d104","Luwero",2016,"actual",1.5223938
"d104","Luwero",2016,"proposed",1.680447349
"d104","Luwero",2017,"approved",1.86367372
"d104","Luwero",2017,"actual",1.774007196
"d104","Luwero",2018,"approved",2
"d104","Luwero",2019,"proposed",0
"d124","Lwengo",2013,"actual",2.707741923
"d124","Lwengo",2014,"actual",2.264270161
"d124","Lwengo",2015,"approved",3.000581131
"d124","Lwengo",2015,"actual",3.000581131
"d124","Lwengo",2016,"approved",3.369798337
"d124","Lwengo",2016,"proposed",2.956587548
"d124","Lwengo",2016,"actual",2.617196036
"d124","Lwengo",2017,"approved",2.517885186
"d124","Lwengo",2017,"actual",2.27902315
"d124","Lwengo",2018,"proposed",2.463750576
"d114","Lyantonde",2013,"actual",3.938634187
"d114","Lyantonde",2014,"actual",2.865766327
"d114","Lyantonde",2015,"approved",2.504357515
"d114","Lyantonde",2015,"actual",2.504357515
"d114","Lyantonde",2016,"actual",2.495154615
"d114","Lyantonde",2016,"proposed",2.391062348
"d114","Lyantonde",2016,"approved",2.583033715
"d114","Lyantonde",2017,"actual",2.87234637
"d114","Lyantonde",2017,"approved",3.108791566
"d114","Lyantonde",2018,"proposed",3.547695618
"d223","Manafwa",2013,"actual",2.495937169
"d223","Manafwa",2014,"actual",1.494544946
"d223","Manafwa",2015,"actual",1.219813705
"d223","Manafwa",2015,"approved",1.219813705
"d223","Manafwa",2016,"proposed",1.276686576
"d223","Manafwa",2016,"actual",1.691753096
"d223","Manafwa",2019,"proposed",0
"d320","Maracha",2013,"actual",13.08258606
"d320","Maracha",2014,"actual",14.20571475
"d320","Maracha",2015,"actual",5.287496169
"d320","Maracha",2015,"approved",5.287496169
"d320","Maracha",2016,"approved",7.062710076
"d320","Maracha",2016,"proposed",6.806225647
"d320","Maracha",2016,"actual",5.393048514
"d320","Maracha",2017,"actual",2.320414688
"d320","Maracha",2017,"approved",15.08227614
"d320","Maracha",2018,"approved",3
"d320","Maracha",2019,"proposed",1
"d105","Masaka",2013,"actual",
"d105","Masaka",2014,"actual",0.103178934
"d105","Masaka",2015,"approved",4.250939503
"d105","Masaka",2015,"actual",4.250939503
"d105","Masaka",2016,"approved",4.367348731
"d105","Masaka",2016,"actual",4.566962476
"d105","Masaka",2016,"proposed",4.214895318
"d105","Masaka",2017,"approved",3.990627697
"d105","Masaka",2017,"actual",
"d105","Masaka",2018,"approved",12
"d105","Masaka",2019,"proposed",9
"d409","Masindi",2013,"actual",
"d409","Masindi",2014,"actual",
"d409","Masindi",2015,"approved",10.74390491
"d409","Masindi",2015,"actual",10.74390491
"d409","Masindi",2016,"proposed",1.037489302
"d409","Masindi",2016,"approved",1.092901046
"d409","Masindi",2016,"actual",0.824085556
"d409","Masindi",2017,"approved",1.006734213
"d409","Masindi",2017,"actual",
"d409","Masindi",2018,"proposed",
"d214","Mayuge",2013,"actual",2.389545944
"d214","Mayuge",2014,"actual",4.049341507
"d214","Mayuge",2015,"approved",3.672698251
"d214","Mayuge",2015,"actual",3.672698251
"d214","Mayuge",2016,"actual",4.334403287
"d214","Mayuge",2016,"proposed",5.233670873
"d214","Mayuge",2017,"actual",14.38747837
"d214","Mayuge",2018,"approved",4
"d214","Mayuge",2019,"proposed",4
"d209","Mbale",2013,"actual",0.677063336
"d209","Mbale",2014,"actual",4.200397047
"d209","Mbale",2015,"approved",2.395567168
"d209","Mbale",2015,"actual",2.395567168
"d209","Mbale",2016,"actual",2.419111192
"d209","Mbale",2016,"proposed",2.401000432
"d209","Mbale",2016,"approved",2.551016794
"d209","Mbale",2017,"approved",3.901148914
"d209","Mbale",2017,"actual",5.820147339
"d209","Mbale",2018,"proposed",2.581967396
"d410","Mbarara",2013,"actual",0.464857526
"d410","Mbarara",2014,"actual",0.39024088
"d410","Mbarara",2015,"approved",0.65344109
"d410","Mbarara",2015,"actual",0.65344109
"d410","Mbarara",2016,"proposed",0.908205336
"d410","Mbarara",2016,"actual",0.240180388
"d410","Mbarara",2016,"approved",1.371329508
"d410","Mbarara",2017,"actual",
"d410","Mbarara",2017,"approved",1.373068373
"d410","Mbarara",2018,"approved",0
"d410","Mbarara",2019,"proposed",2
"d423","Mitooma",2013,"actual",0.220837489
"d423","Mitooma",2014,"actual",0.550546433
"d423","Mitooma",2015,"actual",0.456557627
"d423","Mitooma",2015,"approved",0.456557627
"d423","Mitooma",2016,"proposed",0.49478485
"d423","Mitooma",2016,"actual",0.483606672
"d423","Mitooma",2017,"actual",0.230206164
"d423","Mitooma",2018,"approved",0
"d423","Mitooma",2019,"proposed",0
"d115","Mityana",2013,"actual",1.763102877
"d115","Mityana",2014,"actual",3.573236387
"d115","Mityana",2015,"actual",3.043680001
"d115","Mityana",2015,"approved",3.043680001
"d115","Mityana",2016,"actual",0.803067859
"d115","Mityana",2016,"proposed",0.887777717
"d115","Mityana",2016,"approved",0.943611539
"d115","Mityana",2017,"actual",0.533288975
"d115","Mityana",2017,"approved",0.593611101
"d115","Mityana",2018,"approved",3
"d115","Mityana",2019,"proposed",1
"d308","Moroto",2013,"actual",0.198923363
"d308","Moroto",2014,"actual",3.689060641
"d308","Moroto",2015,"actual",
"d308","Moroto",2015,"approved",
"d308","Moroto",2016,"approved",
"d308","Moroto",2016,"proposed",
"d308","Moroto",2016,"actual",
"d308","Moroto",2017,"approved",
"d309","Moyo",2013,"actual",
"d309","Moyo",2014,"actual",
"d309","Moyo",2015,"approved",3.1174715
"d309","Moyo",2015,"actual",3.1174715
"d309","Moyo",2016,"proposed",2.92230578
"d309","Moyo",2016,"actual",2.950981474
"d309","Moyo",2017,"actual",23.81550264
"d309","Moyo",2018,"proposed",16.49142967
"d106","Mpigi",2013,"actual",
"d106","Mpigi",2014,"actual",3.343693668
"d106","Mpigi",2015,"approved",2.443990061
"d106","Mpigi",2015,"actual",2.443990061
"d106","Mpigi",2016,"approved",2.9239201
"d106","Mpigi",2016,"proposed",2.696615307
"d106","Mpigi",2016,"actual",2.534015696
"d106","Mpigi",2017,"approved",10.7568615
"d106","Mpigi",2017,"actual",10.09650351
"d106","Mpigi",2018,"approved",2
"d106","Mpigi",2019,"proposed",2
"d107","Mubende",2013,"actual",
"d107","Mubende",2014,"actual",5.08288984
"d107","Mubende",2015,"approved",4.249859527
"d107","Mubende",2015,"actual",4.249859527
"d107","Mubende",2016,"proposed",5.140204301
"d107","Mubende",2016,"approved",5.858799983
"d107","Mubende",2016,"actual",4.358035557
"d107","Mubende",2017,"approved",4.098493126
"d107","Mubende",2017,"actual",3.610177056
"d107","Mubende",2018,"approved",2
"d107","Mubende",2019,"proposed",5
"d108","Mukono",2013,"actual",1.052239089
"d108","Mukono",2014,"actual",0.534132819
"d108","Mukono",2015,"approved",1.169092969
"d108","Mukono",2015,"actual",1.169092969
"d108","Mukono",2016,"proposed",1.467692525
"d108","Mukono",2016,"actual",
"d108","Mukono",2016,"approved",1.156392298
"d108","Mukono",2017,"approved",1.051721667
"d108","Mukono",2017,"actual",2.841294712
"d108","Mukono",2018,"approved",3
"d108","Mukono",2019,"proposed",3
"d311","Nakapiripirit",2013,"actual",14.94897698
"d311","Nakapiripirit",2014,"actual",10.55285655
"d311","Nakapiripirit",2015,"approved",10.18723068
"d311","Nakapiripirit",2015,"actual",10.18723068
"d311","Nakapiripirit",2016,"proposed",10.1029439
"d311","Nakapiripirit",2016,"approved",10.37708977
"d311","Nakapiripirit",2016,"actual",10.51478403
"d311","Nakapiripirit",2017,"actual",16.35479354
"d311","Nakapiripirit",2017,"approved",18.08147735
"d311","Nakapiripirit",2018,"proposed",14.65724002
"d116","Nakaseke",2013,"actual",4.203610447
"d116","Nakaseke",2014,"actual",0.911704634
"d116","Nakaseke",2015,"actual",
"d116","Nakaseke",2015,"approved",
"d116","Nakaseke",2016,"actual",
"d116","Nakaseke",2016,"proposed",
"d109","Nakasongola",2015,"approved",1.247886506
"d109","Nakasongola",2015,"actual",1.247886506
"d109","Nakasongola",2016,"proposed",0.791533191
"d109","Nakasongola",2016,"actual",0.646161968
"d109","Nakasongola",2019,"proposed",1
"d230","Namayingo",2013,"actual",8.871326209
"d230","Namayingo",2014,"actual",8.522491201
"d230","Namayingo",2015,"approved",6.758083422
"d230","Namayingo",2015,"actual",6.758083422
"d230","Namayingo",2016,"proposed",8.139062871
"d230","Namayingo",2016,"approved",8.29562683
"d230","Namayingo",2016,"actual",7.102184186
"d230","Namayingo",2017,"approved",10.40043783
"d224","Namutumba",2013,"actual",2.545178496
"d224","Namutumba",2014,"actual",2.605639832
"d224","Namutumba",2015,"actual",1.992868534
"d224","Namutumba",2015,"approved",1.992868534
"d224","Namutumba",2016,"actual",2.045734377
"d224","Namutumba",2016,"proposed",1.9017894
"d224","Namutumba",2017,"actual",1.63010458
"d224","Namutumba",2018,"approved",1
"d224","Namutumba",2019,"proposed",0
"d327","Napak",2013,"actual",15.85615966
"d327","Napak",2014,"actual",6.405185944
"d327","Napak",2015,"approved",4.894836984
"d327","Napak",2015,"actual",4.894836984
"d327","Napak",2016,"approved",5.387462728
"d327","Napak",2016,"proposed",5.338788389
"d327","Napak",2016,"actual",4.860103146
"d327","Napak",2017,"approved",24.34863715
"d310","Nebbi",2013,"actual",
"d310","Nebbi",2014,"actual",1.115545441
"d310","Nebbi",2015,"approved",1.115545441
"d310","Nebbi",2015,"actual",1.115545441
"d310","Nebbi",2016,"proposed",1.515791542
"d310","Nebbi",2016,"actual",1.527187805
"d310","Nebbi",2017,"approved",
"d310","Nebbi",2017,"actual",
"d310","Nebbi",2018,"proposed",
"d231","Ngora",2013,"actual",1.556942711
"d231","Ngora",2014,"actual",1.50201113
"d231","Ngora",2015,"actual",1.329225043
"d231","Ngora",2015,"approved",1.329225043
"d231","Ngora",2016,"actual",1.37779521
"d231","Ngora",2016,"proposed",1.390216263
"d231","Ngora",2017,"actual",
"d231","Ngora",2018,"approved",0
"d231","Ngora",2019,"proposed",2
"d424","Ntoroko",2013,"actual",11.99251212
"d424","Ntoroko",2014,"actual",9.885360163
"d424","Ntoroko",2015,"approved",8.474715079
"d424","Ntoroko",2015,"actual",8.474715079
"d424","Ntoroko",2016,"proposed",7.75728898
"d424","Ntoroko",2016,"actual",7.479174133
"d424","Ntoroko",2019,"proposed",0
"d411","Ntungamo",2013,"actual",
"d411","Ntungamo",2014,"actual",3.075830665
"d411","Ntungamo",2015,"approved",1.687786298
"d411","Ntungamo",2015,"actual",1.687786298
"d411","Ntungamo",2016,"proposed",7.062190321
"d411","Ntungamo",2016,"actual",1.687900821
"d411","Ntungamo",2017,"actual",10.14051046
"d411","Ntungamo",2018,"proposed",11.04040808
"d328","Nwoya",2013,"actual",47.31847628
"d328","Nwoya",2014,"actual",57.04284192
"d328","Nwoya",2015,"approved",28.82076201
"d328","Nwoya",2016,"actual",
"d328","Nwoya",2019,"proposed",0
"d329","Otuke",2013,"actual",1.569458535
"d329","Otuke",2014,"actual",4.098666382
"d329","Otuke",2015,"approved",4.58810345
"d329","Otuke",2015,"actual",4.58810345
"d329","Otuke",2016,"proposed",4.14248711
"d329","Otuke",2016,"actual",4.098517151
"d329","Otuke",2016,"approved",4.657267358
"d329","Otuke",2017,"approved",4.555590434
"d329","Otuke",2019,"proposed",3
"d321","Oyam",2013,"actual",
"d321","Oyam",2014,"actual",
"d321","Oyam",2015,"approved",3.014679186
"d321","Oyam",2015,"actual",3.014679186
"d321","Oyam",2016,"proposed",3.114033299
"d321","Oyam",2016,"approved",3.267970717
"d321","Oyam",2016,"actual",3.032703878
"d321","Oyam",2017,"actual",12.9731581
"d321","Oyam",2017,"approved",13.78760164
"d321","Oyam",2018,"proposed",0.238908914
"d312","Pader",2013,"actual",
"d312","Pader",2014,"actual",6.857222282
"d312","Pader",2015,"actual",4.133872429
"d312","Pader",2015,"approved",4.133872429
"d312","Pader",2016,"proposed",6.000952436
"d312","Pader",2016,"actual",3.938739681
"d210","Pallisa",2013,"actual",
"d210","Pallisa",2014,"actual",
"d210","Pallisa",2015,"actual",2.839341735
"d210","Pallisa",2015,"approved",2.839341735
"d210","Pallisa",2016,"proposed",1.69765235
"d210","Pallisa",2016,"approved",1.75814825
"d210","Pallisa",2016,"actual",1.883406477
"d210","Pallisa",2017,"approved",1.367607759
"d110","Rakai",2013,"actual",
"d110","Rakai",2014,"actual",3.548748865
"d110","Rakai",2015,"approved",2.856150873
"d110","Rakai",2015,"actual",2.856150873
"d110","Rakai",2016,"actual",2.928461183
"d110","Rakai",2016,"proposed",3.379880951
"d110","Rakai",2016,"approved",3.57151935
"d110","Rakai",2017,"actual",3.113850986
"d110","Rakai",2017,"approved",3.172405386
"d110","Rakai",2018,"approved",5
"d110","Rakai",2019,"proposed",2
"d425","Rubirizi",2013,"actual",0.549985827
"d425","Rubirizi",2014,"actual",1.576639365
"d425","Rubirizi",2015,"actual",1.53754044
"d425","Rubirizi",2015,"approved",1.53754044
"d425","Rubirizi",2016,"proposed",2.761307288
"d425","Rubirizi",2016,"approved",1.941039086
"d425","Rubirizi",2016,"actual",1.508198871
"d425","Rubirizi",2017,"actual",3.415749762
"d425","Rubirizi",2017,"approved",2.528872238
"d425","Rubirizi",2018,"approved",4
"d425","Rubirizi",2019,"proposed",4
"d412","Rukungiri",2013,"actual",
"d412","Rukungiri",2014,"actual",
"d412","Rukungiri",2015,"approved",1.961467728
"d412","Rukungiri",2015,"actual",1.961467728
"d412","Rukungiri",2016,"proposed",
"d412","Rukungiri",2016,"approved",
"d412","Rukungiri",2016,"actual",
"d412","Rukungiri",2017,"actual",0.882331804
"d412","Rukungiri",2017,"approved",0.775733803
"d412","Rukungiri",2018,"approved",0
"d412","Rukungiri",2019,"proposed",0
"d111","Sembabule",2013,"actual",0.384210366
"d111","Sembabule",2014,"actual",
"d111","Sembabule",2015,"approved",1.432631342
"d111","Sembabule",2015,"actual",1.399094549
"d111","Sembabule",2016,"proposed",0.482284564
"d111","Sembabule",2016,"approved",0.505506249
"d111","Sembabule",2016,"actual",1.479425872
"d111","Sembabule",2017,"approved",0.448458205
"d111","Sembabule",2019,"proposed",0
"d232","Serere",2013,"actual",1.561448791
"d232","Serere",2014,"actual",1.122388443
"d232","Serere",2015,"approved",0.894558797
"d232","Serere",2015,"actual",0.894558797
"d232","Serere",2016,"actual",0.912889569
"d232","Serere",2016,"approved",1.078373841
"d232","Serere",2016,"proposed",1.002569277
"d232","Serere",2017,"approved",0.924435084
"d232","Serere",2017,"actual",0.823012001
"d232","Serere",2018,"approved",1
"d232","Serere",2019,"proposed",1
"d426","Sheema",2013,"actual",0.211919337
"d426","Sheema",2014,"actual",1.005467561
"d426","Sheema",2015,"approved",0.880912822
"d426","Sheema",2015,"actual",0.880912822
"d426","Sheema",2016,"proposed",0.615128737
"d426","Sheema",2016,"actual",0.883457294
"d426","Sheema",2017,"actual",1.157516618
"d426","Sheema",2018,"proposed",0.876144867
"d215","Sironko",2013,"actual",0.900648728
"d215","Sironko",2014,"actual",2.478825502
"d215","Sironko",2015,"actual",2.45409204
"d215","Sironko",2015,"approved",2.45409204
"d215","Sironko",2016,"actual",2.603885364
"d215","Sironko",2016,"proposed",4.438657676
"d215","Sironko",2017,"actual",1.89660106
"d215","Sironko",2018,"proposed",1.380575059
"d211","Soroti",2013,"actual",
"d211","Soroti",2014,"actual",1.017891528
"d211","Soroti",2015,"actual",1.509268168
"d211","Soroti",2015,"approved",0.961844256
"d211","Soroti",2016,"actual",0.563753712
"d211","Soroti",2016,"proposed",0.620705729
"d211","Soroti",2016,"approved",0.59212058
"d211","Soroti",2017,"actual",3.243644532
"d211","Soroti",2017,"approved",0.739096202
"d211","Soroti",2018,"proposed",3.133821935
"d212","Tororo",2013,"actual",
"d212","Tororo",2014,"actual",1.049861892
"d212","Tororo",2015,"approved",1.439654096
"d212","Tororo",2015,"actual",1.439654096
"d212","Tororo",2016,"proposed",1.112778553
"d212","Tororo",2016,"actual",1.229870838
"d212","Tororo",2016,"approved",1.446090507
"d212","Tororo",2017,"actual",1.438782402
"d212","Tororo",2017,"approved",1.475387364
"d212","Tororo",2018,"approved",2
"d212","Tororo",2019,"proposed",3
"d113","Wakiso",2013,"actual",
"d113","Wakiso",2014,"actual",1.140615791
"d113","Wakiso",2015,"actual",0.640234123
"d113","Wakiso",2015,"approved",0.640234123
"d113","Wakiso",2016,"actual",0.65331205
"d113","Wakiso",2016,"proposed",0.546687656
"d113","Wakiso",2016,"approved",0.638953487
"d113","Wakiso",2017,"approved",2.215284477
"d113","Wakiso",2017,"actual",1.880065746
"d113","Wakiso",2018,"proposed",
"d313","Yumbe",2013,"actual",
"d313","Yumbe",2014,"actual",6.302653589
"d313","Yumbe",2015,"approved",5.273134533
"d313","Yumbe",2015,"actual",5.273134533
"d313","Yumbe",2016,"approved",11.08463256
"d313","Yumbe",2016,"actual",9.943570708
"d313","Yumbe",2016,"proposed",10.59877939
"d313","Yumbe",2017,"actual",8.789180489
"d313","Yumbe",2017,"approved",9.785851745
"d313","Yumbe",2018,"proposed",13.09964677
"d330","Zombo",2013,"actual",6.395648907
"d330","Zombo",2014,"actual",1.700463774
"d330","Zombo",2015,"approved",5.066586689
"d330","Zombo",2015,"actual",5.066586689
"d330","Zombo",2016,"approved",5.661197495
"d330","Zombo",2016,"proposed",5.130505532
"d330","Zombo",2016,"actual",5.005857661
"d330","Zombo",2017,"approved",3.627130994
"d330","Zombo",2017,"actual",3.011438326
"d330","Zombo",2018,"proposed",5.391117784
